time_ms,ch1_v,ch2_v
4,4.57,3.96
75,4.57,3.96
76,4.57,3.96
77,4.57,3.96
78,4.56,3.96
79,4.56,3.96
80,4.56,3.96
81,4.56,3.96
82,4.55,3.95
83,4.55,3.95
84,4.55,3.95
86,4.55,3.95
87,4.54,3.95
88,4.54,3.95
89,4.54,3.95
90,4.54,3.95
91,4.54,3.95
92,4.54,3.95
93,4.53,3.95
94,4.53,3.95
95,4.53,3.95
96,4.53,3.95
98,4.53,3.95
99,4.53,3.94
100,4.52,3.95
101,4.52,3.94
102,4.52,3.94
103,4.52,3.94
104,4.52,3.94
105,4.52,3.94
106,4.52,3.94
107,4.52,3.94
108,4.52,3.94
109,4.52,3.94
110,4.52,3.94
111,4.51,3.94
113,4.51,3.94
114,4.51,3.94
115,4.51,3.94
116,4.51,3.94
117,4.51,3.94
118,4.51,3.94
119,4.51,3.94
120,4.51,3.94
121,4.51,3.94
122,4.51,3.94
123,4.51,3.95
124,4.51,3.94
125,4.51,3.94
128,4.51,3.95
129,4.51,3.94
130,4.51,3.95
131,4.51,3.95
132,4.51,3.95
133,4.51,3.95
134,4.51,3.95
135,4.51,3.95
136,4.51,3.95
137,4.51,3.95
138,4.51,3.95
139,4.51,3.95
140,4.51,3.95
142,4.51,3.95
143,4.51,3.95
144,4.51,3.95
145,4.51,3.95
146,4.51,3.95
147,4.51,3.95
148,4.51,3.95
149,4.51,3.95
150,4.51,3.95
151,4.51,3.95
152,4.51,3.95
153,4.51,3.95
154,4.51,3.95
156,4.51,3.95
157,4.51,3.95
158,4.51,3.95
159,4.51,3.95
160,4.51,3.95
161,4.51,3.95
162,4.51,3.95
163,4.51,3.96
164,4.51,3.95
165,4.51,3.96
166,4.51,3.96
167,4.52,3.96
168,4.51,3.96
171,4.51,3.96
172,4.52,3.96
173,4.51,3.96
174,4.51,3.96
175,4.52,3.96
176,4.52,3.96
177,4.52,3.96
178,4.51,3.96
179,4.51,3.96
180,4.51,3.96
181,4.51,3.96
182,4.52,3.96
183,4.52,3.96
185,4.51,3.96
186,4.51,3.96
187,4.51,3.96
188,4.51,3.96
189,4.51,3.96
190,4.51,3.96
191,4.51,3.96
192,4.51,3.96
193,4.51,3.96
194,4.51,3.96
195,4.51,3.96
196,4.51,3.96
197,4.51,3.96
199,4.51,3.96
200,4.51,3.96
201,4.51,3.96
202,4.51,3.96
203,4.51,3.96
204,4.51,3.96
205,4.51,3.96
206,4.51,3.96
207,4.51,3.96
208,4.51,3.96
209,4.51,3.96
210,4.51,3.96
211,4.51,3.96
214,4.51,3.96
215,4.51,3.96
216,4.51,3.96
217,4.51,3.96
218,4.51,3.96
219,4.51,3.96
220,4.51,3.96
221,4.51,3.96
222,4.51,3.97
223,4.51,3.96
224,4.51,3.96
225,4.51,3.96
226,4.51,3.96
228,4.51,3.96
229,4.51,3.96
230,4.51,3.97
231,4.51,3.96
232,4.51,3.96
233,4.51,3.97
234,4.51,3.96
235,4.51,3.97
236,4.51,3.96
237,4.51,3.96
238,4.51,3.96
239,4.51,3.96
240,4.51,3.96
242,4.51,3.96
243,4.51,3.96
244,4.51,3.96
245,4.51,3.96
246,4.51,3.97
247,4.51,3.96
248,4.51,3.97
249,4.51,3.97
250,4.51,3.97
251,4.51,3.97
252,4.51,3.97
253,4.51,3.97
254,4.51,3.97
257,4.51,3.97
258,4.51,3.97
259,4.51,3.97
260,4.51,3.97
261,4.51,3.96
262,4.51,3.97
263,4.51,3.97
264,4.51,3.97
265,4.51,3.97
266,4.51,3.97
267,4.51,3.97
268,4.51,3.97
269,4.51,3.97
271,4.51,3.97
272,4.51,3.97
273,4.51,3.97
274,4.51,3.97
275,4.51,3.97
276,4.51,3.97
277,4.51,3.97
278,4.51,3.97
279,4.51,3.97
280,4.51,3.97
281,4.51,3.97
282,4.51,3.97
283,4.51,3.97
285,4.51,3.97
286,4.51,3.97
287,4.51,3.97
288,4.51,3.97
289,4.51,3.97
290,4.51,3.97
291,4.51,3.97
292,4.51,3.97
293,4.51,3.97
294,4.51,3.97
295,4.51,3.97
296,4.51,3.97
297,4.51,3.98
300,4.51,3.98
301,4.51,3.97
302,4.51,3.98
303,4.51,3.98
304,4.51,3.98
305,4.51,3.98
306,4.51,3.98
307,4.51,3.98
308,4.51,3.98
309,4.51,3.98
310,4.51,3.98
311,4.51,3.98
313,4.51,3.98
314,4.51,3.98
315,4.51,3.98
316,4.51,3.98
317,4.51,3.98
318,4.51,3.98
319,4.51,3.98
320,4.51,3.98
321,4.51,3.98
322,4.51,3.99
323,4.51,3.99
324,4.51,3.99
325,4.51,3.99
327,4.51,3.99
328,4.51,3.98
329,4.51,3.99
330,4.51,3.99
331,4.51,3.99
332,4.51,3.99
333,4.51,3.99
334,4.51,3.99
335,4.51,3.99
336,4.51,3.99
337,4.51,3.99
338,4.51,3.99
340,4.51,3.99
342,4.51,3.99
343,4.51,3.99
344,4.51,3.99
345,4.51,3.99
346,4.51,3.99
347,4.51,3.99
348,4.51,3.99
349,4.51,3.99
350,4.51,3.99
351,4.51,3.99
352,4.51,3.99
353,4.51,3.99
355,4.51,4.00
356,4.51,4.00
357,4.51,4.00
358,4.51,4.00
359,4.51,4.00
360,4.51,4.00
361,4.51,4.00
362,4.51,4.00
363,4.51,4.00
364,4.51,4.00
365,4.51,4.00
366,4.51,4.00
367,4.50,4.01
368,4.50,4.00
369,4.50,4.01
371,4.50,4.00
372,4.50,4.01
373,4.50,4.01
374,4.50,4.01
375,4.50,4.01
376,4.50,4.01
377,4.50,4.01
378,4.51,4.01
379,4.50,4.01
380,4.50,4.01
381,4.50,4.01
382,4.50,4.02
384,4.50,4.02
385,4.50,4.02
386,4.50,4.02
388,4.50,4.02
389,4.50,4.02
390,4.50,4.02
391,4.50,4.02
392,4.50,4.02
393,4.50,4.03
394,4.50,4.03
395,4.50,4.03
396,4.50,4.03
397,4.50,4.03
398,4.50,4.03
399,4.50,4.03
400,4.50,4.04
401,4.50,4.03
402,4.50,4.03
404,4.50,4.04
405,4.50,4.04
406,4.50,4.04
407,4.50,4.04
408,4.50,4.04
409,4.50,4.04
410,4.50,4.04
411,4.50,4.04
412,4.51,4.04
413,4.51,4.05
414,4.51,4.05
415,4.50,4.05
416,4.51,4.05
417,4.50,4.05
418,4.50,4.05
420,4.50,4.05
421,4.50,4.06
422,4.51,4.06
423,4.51,4.06
424,4.51,4.06
425,4.51,4.06
427,4.51,4.06
428,4.50,4.06
429,4.50,4.06
430,4.50,4.06
431,4.50,4.06
432,4.50,4.06
433,4.51,4.07
434,4.50,4.07
436,4.51,4.07
437,4.51,4.07
438,4.50,4.07
439,4.50,4.07
440,4.51,4.07
441,4.51,4.08
442,4.50,4.08
443,4.51,4.08
444,4.51,4.08
445,4.51,4.08
446,4.51,4.09
447,4.51,4.09
448,4.50,4.09
449,4.51,4.09
451,4.51,4.09
452,4.51,4.10
453,4.51,4.10
454,4.51,4.10
455,4.51,4.10
456,4.51,4.10
457,4.51,4.10
458,4.51,4.11
459,4.51,4.11
460,4.50,4.11
461,4.51,4.11
462,4.50,4.11
463,4.50,4.11
465,4.50,4.11
466,4.50,4.11
467,4.50,4.12
468,4.50,4.12
470,4.50,4.12
471,4.50,4.12
472,4.50,4.12
473,4.50,4.12
474,4.50,4.12
475,4.50,4.12
476,4.50,4.13
477,4.50,4.12
478,4.50,4.12
480,4.50,4.12
481,4.50,4.13
482,4.50,4.13
483,4.50,4.13
484,4.50,4.13
485,4.50,4.13
486,4.50,4.13
487,4.50,4.13
488,4.50,4.13
489,4.50,4.13
490,4.50,4.13
491,4.50,4.13
492,4.50,4.13
493,4.50,4.13
495,4.50,4.13
496,4.50,4.13
497,4.50,4.13
498,4.50,4.13
499,4.50,4.13
500,4.50,4.13
501,4.50,4.13
502,4.50,4.13
503,4.50,4.13
504,4.50,4.13
505,4.50,4.13
506,4.50,4.14
507,4.50,4.14
508,4.50,4.14
510,4.50,4.14
512,4.50,4.14
513,4.50,4.14
514,4.50,4.14
515,4.50,4.14
516,4.50,4.14
517,4.50,4.14
518,4.50,4.14
519,4.50,4.14
520,4.50,4.14
521,4.50,4.14
522,4.50,4.14
523,4.50,4.14
524,4.50,4.14
526,4.50,4.14
527,4.50,4.14
528,4.50,4.14
529,4.50,4.14
530,4.50,4.14
531,4.50,4.14
532,4.50,4.14
533,4.50,4.14
534,4.50,4.14
535,4.50,4.14
536,4.50,4.14
537,4.50,4.14
538,4.50,4.14
539,4.50,4.14
540,4.50,4.14
542,4.50,4.14
543,4.50,4.14
544,4.50,4.14
545,4.50,4.14
546,4.50,4.14
547,4.50,4.14
548,4.50,4.14
549,4.50,4.14
550,4.50,4.14
551,4.50,4.14
552,4.50,4.14
553,4.50,4.14
555,4.50,4.14
556,4.50,4.14
558,4.50,4.14
559,4.50,4.14
560,4.50,4.14
561,4.50,4.13
562,4.50,4.13
563,4.50,4.13
564,4.50,4.13
565,4.50,4.13
566,4.50,4.13
567,4.50,4.13
568,4.50,4.13
569,4.50,4.13
570,4.50,4.13
571,4.50,4.13
573,4.50,4.12
574,4.50,4.12
575,4.50,4.12
576,4.50,4.12
577,4.50,4.12
578,4.50,4.11
579,4.50,4.11
580,4.50,4.11
581,4.50,4.11
582,4.50,4.11
583,4.50,4.11
584,4.50,4.10
585,4.50,4.10
587,4.50,4.10
588,4.50,4.10
589,4.50,4.09
590,4.50,4.09
591,4.50,4.09
592,4.50,4.09
593,4.50,4.09
594,4.50,4.08
595,4.49,4.08
596,4.49,4.08
598,4.49,4.08
599,4.50,4.08
600,4.49,4.07
601,4.50,4.07
603,4.49,4.07
604,4.49,4.07
605,4.49,4.07
606,4.49,4.06
607,4.49,4.06
608,4.49,4.06
609,4.49,4.06
610,4.49,4.05
611,4.49,4.05
612,4.49,4.05
613,4.49,4.05
614,4.49,4.04
615,4.49,4.04
616,4.50,4.04
618,4.49,4.04
619,4.49,4.04
620,4.49,4.03
621,4.49,4.03
622,4.50,4.03
623,4.49,4.03
624,4.50,4.02
625,4.49,4.02
626,4.49,4.02
627,4.49,4.02
628,4.49,4.01
629,4.49,4.01
630,4.49,4.01
631,4.49,4.00
633,4.49,4.00
634,4.49,4.00
635,4.49,4.00
636,4.49,4.00
637,4.49,3.99
638,4.49,3.99
640,4.49,3.99
641,4.49,3.99
642,4.49,3.98
643,4.49,3.98
644,4.49,3.98
645,4.49,3.98
646,4.49,3.97
647,4.49,3.97
648,4.49,3.97
650,4.49,3.97
651,4.49,3.97
652,4.49,3.96
653,4.49,3.96
654,4.49,3.96
655,4.49,3.96
656,4.49,3.95
657,4.49,3.95
658,4.49,3.95
659,4.49,3.95
660,4.49,3.94
661,4.49,3.94
662,4.49,3.94
663,4.49,3.93
665,4.49,3.93
666,4.49,3.93
667,4.49,3.93
668,4.49,3.92
669,4.49,3.92
670,4.49,3.92
671,4.49,3.92
672,4.49,3.92
673,4.49,3.91
674,4.49,3.91
675,4.49,3.91
676,4.49,3.91
677,4.49,3.91
679,4.49,3.91
680,4.49,3.90
681,4.49,3.90
683,4.49,3.90
684,4.49,3.90
685,4.49,3.89
686,4.49,3.89
687,4.49,3.89
688,4.49,3.89
689,4.49,3.88
690,4.49,3.88
691,4.49,3.88
692,4.49,3.88
694,4.49,3.87
695,4.49,3.87
696,4.49,3.87
697,4.49,3.87
698,4.49,3.86
699,4.49,3.86
700,4.49,3.86
701,4.49,3.86
702,4.49,3.86
703,4.49,3.85
704,4.49,3.85
705,4.49,3.85
706,4.49,3.85
708,4.48,3.84
709,4.48,3.84
710,4.49,3.84
711,4.48,3.84
712,4.48,3.84
713,4.48,3.83
714,4.48,3.83
715,4.48,3.83
716,4.48,3.83
717,4.48,3.83
718,4.49,3.82
719,4.48,3.82
721,4.48,3.82
722,4.48,3.82
723,4.48,3.82
724,4.48,3.81
726,4.48,3.81
727,4.48,3.81
728,4.48,3.81
729,4.48,3.81
730,4.48,3.80
731,4.48,3.80
732,4.48,3.80
733,4.48,3.80
734,4.48,3.80
735,4.48,3.79
737,4.48,3.79
738,4.48,3.79
739,4.48,3.79
740,4.48,3.79
741,4.48,3.78
742,4.48,3.78
743,4.48,3.78
744,4.48,3.78
745,4.48,3.78
746,4.48,3.78
747,4.48,3.77
748,4.48,3.77
749,4.48,3.77
750,4.48,3.77
752,4.48,3.77
753,4.48,3.77
754,4.48,3.77
755,4.48,3.76
756,4.48,3.76
757,4.48,3.76
758,4.48,3.76
759,4.48,3.76
760,4.48,3.76
761,4.48,3.75
762,4.48,3.75
763,4.48,3.75
764,4.48,3.75
766,4.48,3.75
768,4.48,3.75
769,4.48,3.75
770,4.48,3.74
771,4.48,3.74
772,4.48,3.74
773,4.48,3.74
774,4.48,3.74
775,4.48,3.74
776,4.48,3.74
777,4.48,3.74
778,4.48,3.74
779,4.48,3.73
781,4.48,3.73
782,4.48,3.73
783,4.48,3.73
784,4.48,3.73
785,4.48,3.73
786,4.48,3.73
787,4.48,3.73
788,4.48,3.73
789,4.48,3.73
790,4.48,3.73
791,4.48,3.72
792,4.48,3.72
793,4.48,3.72
795,4.48,3.72
796,4.48,3.72
797,4.48,3.72
798,4.49,3.72
799,4.49,3.72
800,4.49,3.71
801,4.48,3.71
802,4.48,3.71
803,4.48,3.71
804,4.48,3.71
805,4.48,3.71
806,4.48,3.71
807,4.49,3.71
809,4.48,3.71
811,4.48,3.71
812,4.48,3.71
813,4.48,3.71
814,4.48,3.70
815,4.48,3.70
816,4.48,3.70
817,4.48,3.70
818,4.48,3.70
819,4.48,3.70
820,4.48,3.70
821,4.48,3.70
822,4.48,3.70
823,4.48,3.70
825,4.48,3.70
826,4.48,3.70
827,4.48,3.70
828,4.48,3.70
829,4.48,3.70
830,4.48,3.70
831,4.48,3.70
832,4.48,3.70
833,4.48,3.70
834,4.49,3.70
835,4.48,3.70
836,4.48,3.70
837,4.48,3.70
838,4.48,3.70
840,4.49,3.69
841,4.48,3.69
842,4.48,3.69
843,4.48,3.69
844,4.48,3.69
845,4.48,3.69
846,4.48,3.69
847,4.48,3.69
848,4.48,3.69
849,4.48,3.69
850,4.48,3.69
851,4.48,3.69
854,4.48,3.69
855,4.48,3.69
856,4.48,3.68
857,4.48,3.68
858,4.48,3.68
859,4.48,3.68
860,4.48,3.68
861,4.48,3.68
862,4.48,3.68
863,4.48,3.68
864,4.48,3.68
865,4.48,3.68
866,4.48,3.68
867,4.48,3.68
869,4.48,3.68
870,4.48,3.68
871,4.48,3.68
872,4.48,3.68
873,4.48,3.68
874,4.48,3.68
875,4.48,3.68
876,4.48,3.68
877,4.48,3.68
878,4.48,3.68
879,4.48,3.68
880,4.48,3.68
881,4.48,3.68
883,4.48,3.68
884,4.48,3.68
885,4.48,3.68
886,4.48,3.68
887,4.48,3.68
888,4.48,3.68
889,4.48,3.67
890,4.48,3.68
891,4.48,3.67
892,4.48,3.67
893,4.48,3.67
894,4.48,3.67
897,4.48,3.67
898,4.48,3.67
899,4.48,3.67
900,4.48,3.67
901,4.48,3.67
902,4.48,3.67
903,4.48,3.67
904,4.48,3.67
905,4.48,3.67
906,4.48,3.67
907,4.48,3.67
908,4.48,3.67
909,4.48,3.67
911,4.48,3.67
912,4.48,3.67
913,4.48,3.67
914,4.48,3.67
915,4.48,3.67
916,4.48,3.67
917,4.48,3.67
918,4.48,3.67
919,4.48,3.67
920,4.48,3.67
921,4.48,3.67
922,4.48,3.67
924,4.48,3.67
925,4.48,3.67
926,4.48,3.67
927,4.48,3.67
928,4.48,3.67
929,4.48,3.67
930,4.48,3.67
931,4.48,3.67
932,4.48,3.67
933,4.48,3.67
934,4.48,3.67
935,4.48,3.67
937,4.48,3.67
939,4.48,3.66
940,4.48,3.66
941,4.48,3.66
942,4.48,3.66
943,4.48,3.66
944,4.48,3.66
945,4.48,3.66
946,4.48,3.66
947,4.48,3.66
948,4.48,3.66
949,4.48,3.66
951,4.48,3.66
952,4.48,3.66
953,4.48,3.66
954,4.48,3.66
955,4.48,3.66
956,4.48,3.66
957,4.48,3.67
958,4.48,3.66
959,4.48,3.66
960,4.48,3.66
961,4.48,3.66
962,4.48,3.66
963,4.48,3.66
965,4.48,3.66
966,4.48,3.66
967,4.48,3.66
968,4.48,3.66
969,4.48,3.66
970,4.48,3.66
971,4.48,3.66
972,4.48,3.66
973,4.48,3.66
974,4.48,3.66
975,4.48,3.66
976,4.48,3.66
977,4.48,3.66
979,4.48,3.66
980,4.48,3.66
982,4.48,3.66
983,4.48,3.66
984,4.48,3.66
985,4.48,3.66
986,4.48,3.66
987,4.48,3.66
988,4.48,3.66
989,4.48,3.66
990,4.48,3.66
991,4.48,3.66
993,4.48,3.66
994,4.48,3.66
995,4.48,3.66
996,4.48,3.66
997,4.48,3.66
998,4.48,3.66
999,4.48,3.66
1000,4.48,3.66
1001,4.48,3.66
1002,4.48,3.66
1004,4.48,3.66
1005,4.48,3.66
1006,4.48,3.66
1007,4.48,3.66
1008,4.48,3.66
1009,4.48,3.66
1010,4.48,3.66
1011,4.48,3.66
1013,4.48,3.66
1014,4.48,3.66
1015,4.48,3.66
1016,4.48,3.66
1017,4.48,3.66
1018,4.48,3.66
1019,4.48,3.66
1021,4.48,3.66
1022,4.48,3.66
1024,4.48,3.66
1025,4.48,3.66
1026,4.48,3.66
1027,4.48,3.66
1028,4.48,3.66
1029,4.48,3.66
1031,4.48,3.66
1032,4.48,3.66
1033,4.48,3.66
1034,4.48,3.66
1035,4.48,3.66
1036,4.48,3.66
1037,4.48,3.66
1038,4.48,3.66
1040,4.48,3.66
1041,4.48,3.66
1042,4.48,3.66
1043,4.48,3.66
1044,4.48,3.66
1045,4.48,3.66
1046,4.48,3.66
1047,4.48,3.66
1049,4.48,3.66
1050,4.48,3.66
1051,4.48,3.66
1052,4.48,3.66
1053,4.48,3.66
1054,4.48,3.66
1055,4.48,3.66
1056,4.48,3.66
1058,4.48,3.66
1059,4.48,3.66
1060,4.48,3.66
1061,4.48,3.66
1062,4.48,3.67
1063,4.48,3.66
1064,4.48,3.66
1065,4.48,3.66
1068,4.48,3.66
1069,4.48,3.66
1070,4.48,3.66
1071,4.48,3.66
1072,4.48,3.67
1073,4.48,3.67
1074,4.48,3.66
1075,4.48,3.67
1077,4.48,3.67
1078,4.48,3.67
1079,4.48,3.67
1080,4.48,3.67
1081,4.48,3.67
1082,4.48,3.67
1083,4.48,3.66
1084,4.48,3.67
1086,4.48,3.67
1087,4.48,3.67
1088,4.48,3.67
1089,4.48,3.67
1090,4.48,3.67
1091,4.48,3.66
1092,4.48,3.67
1094,4.48,3.67
1095,4.48,3.67
1096,4.48,3.67
1097,4.48,3.67
1098,4.48,3.66
1099,4.48,3.66
1100,4.48,3.66
1101,4.48,3.66
1103,4.48,3.66
1104,4.48,3.66
1105,4.48,3.66
1106,4.48,3.66
1107,4.48,3.66
1108,4.48,3.66
1110,4.48,3.67
1111,4.48,3.66
1113,4.48,3.66
1114,4.48,3.66
1115,4.48,3.67
1116,4.48,3.67
1117,4.48,3.67
1118,4.48,3.67
1119,4.48,3.67
1120,4.48,3.67
1122,4.48,3.67
1123,4.48,3.67
1124,4.48,3.67
1125,4.48,3.67
1126,4.48,3.67
1127,4.48,3.67
1128,4.48,3.67
1129,4.48,3.67
1131,4.48,3.67
1132,4.48,3.68
1133,4.48,3.68
1134,4.48,3.68
1135,4.48,3.68
1136,4.48,3.68
1137,4.48,3.68
1139,4.48,3.68
1140,4.48,3.68
1141,4.48,3.68
1142,4.48,3.69
1143,4.48,3.69
1144,4.48,3.69
1145,4.48,3.69
1146,4.48,3.69
1148,4.48,3.69
1149,4.48,3.69
1150,4.48,3.69
1152,4.48,3.69
1153,4.48,3.69
1154,4.48,3.70
1155,4.48,3.70
1156,4.48,3.70
1158,4.48,3.70
1159,4.48,3.70
1160,4.48,3.70
1161,4.48,3.70
1162,4.48,3.70
1163,4.48,3.70
1164,4.48,3.70
1165,4.48,3.70
1167,4.48,3.70
1168,4.48,3.70
1169,4.48,3.71
1170,4.48,3.71
1171,4.48,3.71
1172,4.48,3.71
1173,4.48,3.71
1174,4.48,3.71
1176,4.48,3.71
1177,4.48,3.71
1178,4.48,3.72
1179,4.48,3.72
1180,4.48,3.72
1181,4.48,3.72
1182,4.48,3.72
1183,4.48,3.72
1185,4.48,3.72
1186,4.48,3.72
1187,4.48,3.72
1188,4.48,3.73
1189,4.48,3.73
1190,4.48,3.73
1191,4.48,3.73
1192,4.48,3.73
1195,4.48,3.73
1196,4.48,3.73
1197,4.48,3.74
1198,4.48,3.74
1199,4.48,3.74
1200,4.48,3.74
1201,4.48,3.74
1202,4.48,3.74
1204,4.48,3.74
1205,4.48,3.74
1206,4.48,3.75
1207,4.48,3.75
1208,4.48,3.75
1209,4.48,3.75
1210,4.48,3.75
1211,4.48,3.75
1213,4.48,3.76
1214,4.48,3.76
1215,4.48,3.76
1216,4.48,3.76
1217,4.48,3.76
1218,4.48,3.76
1219,4.48,3.77
1220,4.48,3.77
1222,4.48,3.77
1223,4.48,3.77
1224,4.48,3.77
1225,4.48,3.77
1226,4.48,3.78
1227,4.48,3.78
1228,4.48,3.78
1229,4.48,3.78
1231,4.48,3.78
1232,4.48,3.79
1233,4.48,3.79
1234,4.48,3.79
1235,4.48,3.79
1236,4.48,3.79
1238,4.48,3.80
1239,4.48,3.80
1241,4.48,3.80
1242,4.48,3.80
1243,4.48,3.81
1244,4.48,3.81
1245,4.49,3.81
1246,4.48,3.81
1247,4.48,3.82
1248,4.48,3.82
1250,4.48,3.82
1251,4.48,3.83
1252,4.49,3.83
1253,4.48,3.83
1254,4.49,3.84
1255,4.49,3.84
1256,4.48,3.84
1257,4.49,3.84
1259,4.49,3.85
1260,4.49,3.85
1261,4.49,3.86
1262,4.49,3.86
1263,4.49,3.86
1264,4.49,3.87
1265,4.49,3.87
1266,4.48,3.87
1268,4.49,3.88
1269,4.49,3.88
1270,4.49,3.88
1271,4.49,3.89
1272,4.49,3.89
1273,4.49,3.89
1274,4.49,3.90
1275,4.49,3.90
1277,4.49,3.90
1278,4.49,3.90
1280,4.49,3.91
1281,4.49,3.91
1282,4.49,3.91
1283,4.49,3.91
1284,4.49,3.91
1285,4.49,3.91
1287,4.49,3.92
1288,4.49,3.92
1289,4.49,3.92
1290,4.49,3.92
1291,4.49,3.93
1292,4.49,3.93
1293,4.49,3.93
1294,4.48,3.93
1296,4.49,3.93
1297,4.49,3.94
1298,4.49,3.94
1299,4.49,3.94
1300,4.49,3.94
1301,4.49,3.94
1302,4.49,3.95
1303,4.48,3.95
1305,4.49,3.95
1306,4.49,3.95
1307,4.49,3.96
1308,4.49,3.96
1309,4.48,3.96
1310,4.48,3.96
1311,4.49,3.96
1312,4.48,3.97
1314,4.49,3.97
1315,4.49,3.97
1316,4.49,3.97
1317,4.48,3.98
1318,4.49,3.98
1319,4.49,3.98
1320,4.49,3.98
1321,4.49,3.98
1324,4.49,3.98
1325,4.49,3.98
1326,4.49,3.99
1327,4.49,3.99
1328,4.49,3.99
1329,4.49,3.99
1330,4.49,3.99
1331,4.48,3.99
1333,4.48,3.99
1334,4.48,3.99
1335,4.48,3.99
1336,4.48,3.99
1337,4.48,3.99
1338,4.48,3.99
1339,4.48,3.99
1340,4.48,3.99
1342,4.49,3.99
1343,4.49,3.99
1344,4.49,3.99
1345,4.49,3.99
1346,4.49,3.98
1347,4.49,3.98
1348,4.48,3.98
1349,4.49,3.98
1351,4.49,3.98
1352,4.49,3.97
1353,4.49,3.97
1354,4.49,3.97
1355,4.49,3.97
1356,4.49,3.97
1357,4.49,3.96
1358,4.49,3.96
1360,4.49,3.96
1361,4.49,3.96
1362,4.49,3.95
1363,4.49,3.95
1364,4.49,3.95
1366,4.49,3.94
1367,4.49,3.94
1368,4.49,3.94
1370,4.49,3.94
1371,4.49,3.93
1372,4.49,3.93
1373,4.49,3.93
1374,4.49,3.93
1375,4.49,3.92
1376,4.49,3.92
1377,4.49,3.92
1379,4.48,3.91
1380,4.48,3.91
1381,4.48,3.91
1382,4.48,3.91
1383,4.48,3.91
1384,4.48,3.91
1385,4.48,3.91
1386,4.48,3.91
1388,4.48,3.90
1389,4.48,3.90
1390,4.48,3.90
1391,4.48,3.90
1392,4.48,3.90
1393,4.48,3.90
1394,4.48,3.89
1395,4.48,3.89
1397,4.48,3.89
1398,4.48,3.89
1399,4.48,3.89
1400,4.48,3.89
1401,4.48,3.89
1402,4.48,3.88
1403,4.48,3.88
1404,4.48,3.88
1406,4.48,3.88
1408,4.48,3.88
1409,4.48,3.88
1410,4.48,3.88
1411,4.48,3.88
1412,4.48,3.88
1413,4.48,3.88
1415,4.48,3.88
1416,4.48,3.87
1417,4.48,3.87
1418,4.48,3.87
1419,4.48,3.87
1420,4.48,3.87
1421,4.48,3.87
1422,4.48,3.87
1424,4.48,3.87
1425,4.48,3.87
1426,4.48,3.87
1427,4.48,3.87
1428,4.48,3.87
1429,4.48,3.87
1430,4.48,3.87
1431,4.48,3.87
1433,4.48,3.87
1434,4.49,3.87
1435,4.49,3.87
1436,4.49,3.87
1437,4.49,3.87
1438,4.49,3.87
1439,4.49,3.87
1440,4.49,3.87
1442,4.49,3.87
1443,4.49,3.87
1444,4.49,3.87
1445,4.49,3.87
1446,4.49,3.87
1447,4.49,3.87
1448,4.49,3.87
1449,4.49,3.87
1452,4.49,3.87
1453,4.49,3.87
1454,4.49,3.87
1455,4.49,3.87
1456,4.49,3.88
1457,4.49,3.88
1458,4.49,3.88
1459,4.49,3.88
1461,4.49,3.88
1462,4.49,3.88
1463,4.49,3.88
1464,4.49,3.88
1465,4.49,3.88
1466,4.49,3.88
1467,4.49,3.88
1468,4.49,3.88
1470,4.49,3.88
1471,4.49,3.88
1472,4.49,3.88
1473,4.49,3.88
1474,4.49,3.88
1475,4.49,3.88
1476,4.49,3.88
1478,4.49,3.88
1479,4.49,3.88
1480,4.49,3.88
1481,4.49,3.88
1482,4.49,3.88
1483,4.49,3.88
1484,4.49,3.88
1485,4.49,3.89
1487,4.49,3.88
1488,4.49,3.88
1489,4.49,3.88
1490,4.49,3.89
1491,4.49,3.89
1492,4.49,3.89
1494,4.49,3.89
1495,4.49,3.89
1497,4.49,3.89
1498,4.49,3.89
1499,4.49,3.89
1500,4.49,3.89
1501,4.49,3.89
1502,4.49,3.89
1503,4.49,3.89
1504,4.49,3.89
1506,4.49,3.89
1507,4.49,3.89
1508,4.49,3.89
1509,4.50,3.89
1510,4.49,3.89
1511,4.49,3.89
1512,4.49,3.89
1513,4.49,3.89
1515,4.49,3.89
1516,4.49,3.90
1517,4.50,3.90
1518,4.49,3.89
1519,4.49,3.90
1520,4.49,3.90
1521,4.50,3.90
1522,4.49,3.90
1524,4.49,3.90
1525,4.49,3.90
1526,4.49,3.90
1527,4.49,3.90
1528,4.49,3.90
1529,4.49,3.90
1530,4.49,3.90
1531,4.50,3.90
1533,4.49,3.90
1534,4.49,3.90
1536,4.49,3.90
1537,4.49,3.90
1538,4.49,3.90
1539,4.50,3.90
1540,4.49,3.90
1541,4.50,3.90
1542,4.49,3.90
1544,4.49,3.90
1545,4.50,3.90
1546,4.50,3.90
1547,4.49,3.90
1548,4.50,3.90
1549,4.50,3.90
1550,4.49,3.91
1551,4.50,3.91
1553,4.50,3.91
1554,4.49,3.91
1555,4.50,3.91
1556,4.50,3.91
1557,4.50,3.91
1558,4.50,3.91
1559,4.50,3.91
1560,4.50,3.91
1562,4.50,3.91
1563,4.50,3.91
1564,4.50,3.91
1565,4.50,3.91
1566,4.50,3.91
1567,4.50,3.91
1568,4.50,3.91
1569,4.50,3.91
1571,4.50,3.91
1572,4.49,3.91
1573,4.50,3.91
1574,4.50,3.91
1575,4.49,3.91
1576,4.49,3.91
1577,4.49,3.91
1579,4.49,3.91
1581,4.49,3.91
1582,4.49,3.91
1583,4.49,3.91
1584,4.49,3.91
1585,4.49,3.91
1586,4.49,3.92
1587,4.49,3.92
1588,4.49,3.92
1590,4.49,3.92
1591,4.50,3.92
1592,4.50,3.92
1593,4.50,3.92
1594,4.49,3.92
1595,4.49,3.92
1596,4.50,3.92
1597,4.49,3.92
1599,4.49,3.92
1600,4.50,3.92
1601,4.50,3.92
1602,4.50,3.92
1603,4.49,3.92
1604,4.50,3.92
1605,4.49,3.92
1606,4.49,3.92
1608,4.50,3.92
1609,4.50,3.92
1610,4.49,3.92
1611,4.50,3.92
1612,4.50,3.92
1613,4.50,3.92
1614,4.50,3.93
1615,4.50,3.93
1617,4.50,3.92
1618,4.50,3.93
1619,4.50,3.93
1620,4.50,3.93
1622,4.50,3.93
1623,4.50,3.93
1624,4.50,3.93
1625,4.50,3.93
1627,4.50,3.93
1628,4.50,3.93
1629,4.50,3.93
1630,4.50,3.93
1631,4.50,3.93
1632,4.50,3.93
1633,4.50,3.93
1634,4.50,3.93
1636,4.50,3.93
1637,4.50,3.93
1638,4.50,3.93
1639,4.50,3.93
1640,4.50,3.93
1641,4.50,3.93
1642,4.50,3.93
1643,4.50,3.93
1645,4.50,3.93
1646,4.50,3.93
1647,4.50,3.93
1648,4.50,3.93
1649,4.50,3.93
1650,4.50,3.93
1651,4.50,3.93
1652,4.50,3.93
1654,4.50,3.93
1655,4.50,3.93
1656,4.50,3.94
1657,4.50,3.94
1658,4.50,3.94
1659,4.50,3.94
1660,4.50,3.94
1661,4.50,3.94
1664,4.50,3.94
1665,4.50,3.94
1666,4.50,3.94
1667,4.50,3.94
1668,4.50,3.94
1669,4.50,3.94
1670,4.50,3.94
1671,4.50,3.94
1673,4.50,3.94
1674,4.50,3.94
1675,4.50,3.94
1676,4.50,3.94
1677,4.50,3.94
1678,4.50,3.94
1679,4.50,3.94
1680,4.50,3.94
1682,4.50,3.94
1683,4.50,3.94
1684,4.50,3.94
1685,4.50,3.94
1686,4.50,3.94
1687,4.50,3.94
1688,4.50,3.94
1689,4.50,3.94
1690,4.50,3.94
1692,4.50,3.94
1693,4.50,3.94
1694,4.50,3.95
1695,4.50,3.95
1696,4.50,3.95
1697,4.50,3.94
1698,4.50,3.95
1699,4.50,3.95
1701,4.50,3.95
1702,4.50,3.95
1703,4.50,3.95
1704,4.50,3.95
1705,4.50,3.95
1707,4.50,3.95
1708,4.50,3.95
1709,4.50,3.95
1711,4.50,3.95
1712,4.50,3.95
1713,4.50,3.95
1714,4.49,3.94
1715,4.46,3.92
1716,4.43,3.90
1717,4.39,3.89
1718,4.37,3.88
1720,4.35,3.87
1721,4.35,3.87
1722,4.34,3.86
1723,4.34,3.87
1724,4.34,3.87
1725,4.33,3.87
1726,4.31,3.85
1727,4.28,3.83
1729,4.23,3.80
1730,4.18,3.77
1731,4.13,3.74
1732,4.08,3.72
1733,4.03,3.70
1734,4.00,3.68
1735,3.98,3.68
1736,3.98,3.67
1738,3.98,3.68
1739,3.99,3.69
1740,4.00,3.70
1741,4.01,3.70
1742,4.01,3.69
1743,3.99,3.68
1744,3.96,3.66
1745,3.93,3.64
1747,3.90,3.61
1748,3.86,3.59
1750,3.82,3.57
1751,3.80,3.57
1752,3.79,3.57
1753,3.80,3.58
1754,3.81,3.59
1755,3.83,3.60
1757,3.86,3.62
1758,3.88,3.63
1759,3.90,3.63
1760,3.89,3.62
1761,3.88,3.61
1762,3.86,3.59
1763,3.83,3.58
1765,3.80,3.56
1766,3.77,3.54
1767,3.75,3.53
1768,3.74,3.54
1769,3.75,3.54
1770,3.77,3.56
1771,3.79,3.57
1772,3.82,3.59
1774,3.85,3.61
1775,3.88,3.62
1776,3.88,3.61
1777,3.87,3.60
1778,3.85,3.59
1779,3.84,3.58
1780,3.81,3.56
1781,3.79,3.55
1783,3.76,3.54
1784,3.74,3.53
1785,3.75,3.54
1786,3.76,3.55
1787,3.79,3.56
1788,3.81,3.58
1789,3.84,3.61
1790,3.87,3.62
1793,3.88,3.62
1794,3.88,3.61
1795,3.87,3.60
1796,3.85,3.59
1797,3.83,3.57
1798,3.80,3.56
1799,3.78,3.54
1800,3.75,3.54
1802,3.75,3.54
1803,3.75,3.55
1804,3.77,3.56
1805,3.80,3.57
1806,3.83,3.59
1807,3.86,3.61
1808,3.87,3.61
1809,3.88,3.61
1811,3.86,3.60
1812,3.85,3.58
1813,3.83,3.57
1814,3.80,3.56
1815,3.78,3.55
1816,3.76,3.53
1817,3.74,3.53
1818,3.74,3.53
1820,3.75,3.54
1821,3.77,3.56
1822,3.80,3.57
1823,3.83,3.60
1824,3.86,3.61
1825,3.87,3.60
1826,3.86,3.60
1827,3.84,3.58
1829,3.83,3.57
1830,3.80,3.56
1831,3.78,3.55
1832,3.76,3.53
1833,3.73,3.52
1835,3.73,3.52
1836,3.73,3.53
1837,3.75,3.55
1839,3.78,3.56
1840,3.81,3.58
1841,3.84,3.60
1842,3.86,3.61
1843,3.86,3.60
1844,3.85,3.59
1845,3.83,3.58
1846,3.82,3.57
1848,3.79,3.56
1849,3.77,3.54
1850,3.74,3.53
1851,3.73,3.53
1852,3.73,3.54
1853,3.75,3.54
1854,3.77,3.56
1855,3.80,3.58
1857,3.83,3.60
1858,3.86,3.61
1859,3.86,3.60
1860,3.86,3.59
1861,3.84,3.59
1862,3.82,3.57
1863,3.80,3.56
1864,3.78,3.55
1866,3.76,3.53
1867,3.73,3.53
1868,3.73,3.53
1869,3.74,3.54
1870,3.76,3.55
1871,3.79,3.57
1872,3.82,3.59
1873,3.84,3.60
1875,3.86,3.60
1876,3.86,3.60
1878,3.84,3.59
1879,3.82,3.58
1880,3.81,3.56
1881,3.78,3.55
1882,3.76,3.54
1883,3.74,3.52
1885,3.72,3.52
1886,3.73,3.53
1887,3.74,3.54
1888,3.77,3.55
1889,3.80,3.57
1890,3.83,3.59
1891,3.85,3.60
1892,3.85,3.60
1894,3.85,3.59
1895,3.83,3.58
1896,3.81,3.56
1897,3.79,3.55
1898,3.77,3.54
1899,3.74,3.53
1900,3.72,3.52
1901,3.72,3.52
1903,3.73,3.53
1904,3.75,3.55
1905,3.78,3.56
1906,3.81,3.58
1907,3.84,3.59
1908,3.85,3.59
1909,3.84,3.58
1910,3.83,3.57
1912,3.81,3.56
1913,3.79,3.55
1914,3.77,3.54
1915,3.74,3.52
1916,3.72,3.51
1917,3.71,3.51
1918,3.71,3.52
1920,3.73,3.53
1922,3.76,3.55
1923,3.79,3.57
1924,3.82,3.59
1925,3.84,3.59
1926,3.84,3.59
1927,3.83,3.58
1928,3.82,3.57
1929,3.80,3.56
1931,3.78,3.55
1932,3.76,3.53
1933,3.73,3.52
1934,3.71,3.52
1935,3.71,3.52
1936,3.72,3.53
1937,3.75,3.54
1938,3.78,3.56
1940,3.81,3.58
1941,3.84,3.59
1942,3.84,3.59
1943,3.84,3.59
1944,3.83,3.57
1945,3.81,3.56
1946,3.79,3.55
1947,3.77,3.54
1949,3.75,3.52
1950,3.72,3.52
1951,3.71,3.52
1952,3.72,3.52
1953,3.74,3.54
1954,3.77,3.55
1955,3.80,3.57
1956,3.83,3.59
1958,3.84,3.59
1959,3.84,3.59
1960,3.83,3.58
1961,3.81,3.57
1963,3.80,3.56
1964,3.78,3.54
1965,3.75,3.53
1966,3.73,3.52
1968,3.71,3.51
1969,3.71,3.52
1970,3.72,3.53
1971,3.75,3.54
1972,3.78,3.56
1973,3.81,3.58
1974,3.83,3.59
1975,3.84,3.59
1977,3.84,3.58
1978,3.82,3.57
1979,3.81,3.56
1980,3.79,3.55
1981,3.77,3.54
1982,3.74,3.53
1983,3.72,3.52
1984,3.71,3.52
1986,3.72,3.53
1987,3.74,3.53
1988,3.77,3.55
1989,3.80,3.58
1990,3.83,3.59
1991,3.84,3.60
1992,3.85,3.59
1993,3.83,3.58
1995,3.82,3.57
1996,3.80,3.56
1997,3.78,3.55
1998,3.76,3.53
1999,3.73,3.52
2000,3.71,3.52
2001,3.72,3.52
2002,3.73,3.53
2004,3.75,3.55
2006,3.78,3.57
2007,3.82,3.59
2008,3.84,3.59
2009,3.84,3.59
2010,3.84,3.58
2011,3.82,3.57
2012,3.80,3.56
2014,3.78,3.55
2015,3.76,3.54
2016,3.74,3.52
2017,3.71,3.51
2018,3.71,3.51
2019,3.72,3.52
2020,3.74,3.54
2021,3.76,3.55
2023,3.80,3.58
2024,3.83,3.59
2025,3.84,3.59
2026,3.84,3.59
2027,3.83,3.58
2028,3.81,3.57
2029,3.80,3.56
2030,3.77,3.55
2032,3.75,3.53
2033,3.73,3.52
2034,3.71,3.52
2035,3.72,3.52
2036,3.73,3.53
2037,3.76,3.55
2038,3.79,3.57
2039,3.82,3.59
2041,3.84,3.60
2042,3.85,3.59
2043,3.84,3.58
2044,3.83,3.58
2045,3.81,3.57
2046,3.79,3.55
2048,3.77,3.54
2049,3.74,3.53
2051,3.72,3.52
2052,3.71,3.52
2053,3.72,3.53
2054,3.74,3.54
2055,3.77,3.56
2056,3.80,3.58
2057,3.83,3.59
2058,3.84,3.59
2060,3.84,3.59
2061,3.83,3.58
2062,3.81,3.57
2063,3.79,3.55
2064,3.77,3.54
2065,3.75,3.53
2066,3.72,3.52
2067,3.71,3.51
2069,3.71,3.52
2070,3.73,3.53
2071,3.75,3.55
2072,3.78,3.57
2073,3.82,3.59
2074,3.84,3.60
2075,3.84,3.59
2076,3.83,3.58
2078,3.82,3.57
2079,3.80,3.56
2080,3.78,3.55
2081,3.76,3.54
2082,3.74,3.52
2083,3.72,3.52
2084,3.71,3.52
2085,3.72,3.53
2087,3.75,3.54
2088,3.77,3.56
2089,3.81,3.58
2091,3.83,3.60
2092,3.85,3.60
2093,3.85,3.60
2094,3.83,3.58
2095,3.82,3.57
2097,3.80,3.56
2098,3.78,3.55
2099,3.75,3.53
2100,3.73,3.52
2101,3.72,3.52
2102,3.72,3.53
2103,3.74,3.54
2104,3.76,3.55
2106,3.79,3.58
2107,3.83,3.59
2108,3.84,3.59
2109,3.85,3.59
2110,3.83,3.58
2111,3.82,3.57
2112,3.80,3.56
2113,3.78,3.55
2115,3.76,3.53
2116,3.73,3.52
2117,3.71,3.51
2118,3.71,3.52
2119,3.72,3.53
2120,3.74,3.54
2121,3.77,3.56
2122,3.80,3.58
2124,3.83,3.59
2125,3.84,3.59
2126,3.84,3.59
2127,3.83,3.58
2128,3.81,3.57
2129,3.79,3.56
2130,3.77,3.54
2131,3.75,3.53
2134,3.72,3.52
2135,3.71,3.52
2136,3.72,3.53
2137,3.74,3.54
2138,3.76,3.56
2139,3.79,3.57
2140,3.83,3.60
2141,3.85,3.60
2143,3.85,3.60
2144,3.84,3.59
2145,3.82,3.58
2146,3.81,3.56
2147,3.79,3.55
2148,3.76,3.54
2149,3.74,3.53
2150,3.72,3.52
2152,3.72,3.53
2153,3.73,3.54
2154,3.75,3.55
2155,3.78,3.57
2156,3.82,3.59
2157,3.84,3.60
2158,3.85,3.59
2159,3.84,3.59
2161,3.82,3.57
2162,3.81,3.57
2163,3.79,3.55
2164,3.77,3.54
2165,3.74,3.53
2166,3.72,3.52
2167,3.71,3.52
2168,3.72,3.52
2170,3.73,3.53
2171,3.76,3.55
2172,3.79,3.57
2173,3.83,3.59
2174,3.84,3.60
2176,3.84,3.59
2177,3.84,3.59
2178,3.82,3.57
2180,3.80,3.56
2181,3.78,3.55
2182,3.76,3.53
2183,3.73,3.52
2184,3.71,3.52
2185,3.72,3.53
2186,3.73,3.53
2187,3.75,3.55
2189,3.78,3.57
2190,3.82,3.59
2191,3.84,3.60
2192,3.85,3.60
2193,3.84,3.59
2194,3.83,3.58
2195,3.81,3.57
2196,3.79,3.56
2198,3.77,3.54
2199,3.74,3.53
2200,3.72,3.52
2201,3.72,3.52
2202,3.72,3.53
2203,3.74,3.54
2204,3.77,3.56
2205,3.80,3.58
2207,3.83,3.59
2208,3.84,3.60
2209,3.84,3.59
2210,3.83,3.58
2211,3.81,3.57
2212,3.79,3.55
2213,3.77,3.54
2214,3.75,3.53
2216,3.72,3.52
2217,3.71,3.51
2219,3.71,3.52
2220,3.73,3.53
2221,3.75,3.55
2222,3.78,3.56
2223,3.81,3.59
2224,3.84,3.60
2226,3.84,3.59
2227,3.84,3.59
2228,3.82,3.57
2229,3.81,3.56
2230,3.79,3.55
2231,3.76,3.54
2232,3.74,3.53
2234,3.72,3.52
2235,3.71,3.52
2236,3.72,3.53
2237,3.74,3.54
2238,3.77,3.56
2239,3.81,3.58
2240,3.83,3.60
2241,3.85,3.60
2243,3.85,3.60
2244,3.83,3.58
2245,3.82,3.57
2246,3.80,3.56
2247,3.78,3.55
2248,3.76,3.54
2249,3.73,3.52
2250,3.72,3.53
2252,3.72,3.53
2253,3.74,3.54
2254,3.76,3.55
2255,3.79,3.58
2256,3.83,3.60
2257,3.85,3.61
2258,3.85,3.60
2259,3.85,3.59
2262,3.83,3.58
2263,3.82,3.57
2264,3.79,3.56
2265,3.77,3.55
2266,3.75,3.53
2267,3.73,3.53
2268,3.72,3.53
2269,3.74,3.54
2271,3.75,3.55
2272,3.78,3.57
2273,3.82,3.59
2274,3.84,3.60
2275,3.85,3.60
2276,3.85,3.60
2277,3.84,3.59
2278,3.82,3.58
2280,3.80,3.56
2281,3.78,3.55
2282,3.76,3.54
2283,3.73,3.53
2284,3.72,3.53
2285,3.73,3.53
2286,3.74,3.54
2287,3.77,3.56
2289,3.80,3.58
2290,3.83,3.60
2291,3.85,3.60
2292,3.85,3.60
2293,3.85,3.59
2294,3.83,3.58
2295,3.82,3.57
2296,3.79,3.56
2298,3.77,3.54
2299,3.74,3.53
2300,3.72,3.52
2301,3.72,3.53
2302,3.73,3.54
2304,3.75,3.55
2305,3.78,3.57
2306,3.81,3.59
2308,3.84,3.60
2309,3.85,3.60
2310,3.85,3.59
2311,3.83,3.58
2312,3.81,3.56
2313,3.79,3.55
2314,3.77,3.54
2315,3.75,3.53
2317,3.72,3.51
2318,3.71,3.52
2319,3.72,3.52
2320,3.74,3.53
2321,3.76,3.55
2322,3.80,3.57
2323,3.83,3.59
2324,3.85,3.60
2326,3.85,3.60
2327,3.84,3.59
2328,3.82,3.57
2329,3.81,3.56
2330,3.78,3.55
2331,3.76,3.54
2332,3.74,3.52
2333,3.72,3.52
2335,3.72,3.53
2336,3.73,3.53
2337,3.75,3.55
2338,3.79,3.57
2339,3.82,3.59
2340,3.84,3.61
2341,3.85,3.60
2342,3.85,3.59
2344,3.83,3.58
2345,3.82,3.57
2347,3.80,3.56
2348,3.78,3.55
2349,3.75,3.53
2350,3.73,3.52
2351,3.72,3.53
2352,3.73,3.53
2354,3.75,3.54
2355,3.77,3.56
2356,3.80,3.58
2357,3.83,3.60
2358,3.85,3.60
2359,3.85,3.59
2360,3.84,3.58
2361,3.82,3.57
2363,3.80,3.56
2364,3.78,3.55
2365,3.75,3.53
2366,3.73,3.52
2367,3.71,3.52
2368,3.71,3.52
2369,3.73,3.53
2370,3.75,3.54
2372,3.78,3.56
2373,3.82,3.59
2374,3.84,3.60
2375,3.85,3.60
2376,3.84,3.59
2377,3.83,3.58
2378,3.81,3.57
2379,3.79,3.56
2381,3.77,3.54
2382,3.74,3.53
2383,3.72,3.52
2384,3.72,3.52
2385,3.72,3.53
2386,3.74,3.54
2387,3.77,3.56
2388,3.80,3.58
2391,3.83,3.60
2392,3.85,3.60
2393,3.85,3.60
2394,3.84,3.59
2395,3.82,3.58
2396,3.81,3.57
2397,3.78,3.55
2398,3.76,3.54
2400,3.74,3.53
2401,3.72,3.52
2402,3.72,3.53
2403,3.74,3.54
2404,3.76,3.55
2405,3.79,3.57
2406,3.83,3.60
2407,3.85,3.60
2409,3.86,3.60
2410,3.85,3.59
2411,3.83,3.58
2412,3.82,3.57
2413,3.80,3.56
2414,3.78,3.55
2415,3.75,3.53
2416,3.73,3.52
2418,3.72,3.53
2419,3.73,3.53
2420,3.75,3.55
2421,3.78,3.56
2422,3.81,3.59
2423,3.84,3.61
2424,3.85,3.61
2425,3.85,3.60
2427,3.84,3.59
2428,3.83,3.58
2429,3.81,3.57
2430,3.79,3.56
2432,3.76,3.54
2433,3.74,3.53
2434,3.72,3.53
2435,3.73,3.53
2437,3.74,3.54
2438,3.77,3.56
2439,3.80,3.58
2440,3.83,3.60
2441,3.85,3.61
2442,3.86,3.60
2443,3.85,3.60
2444,3.83,3.58
2446,3.82,3.57
2447,3.80,3.56
2448,3.77,3.55
2449,3.75,3.53
2450,3.73,3.53
2451,3.72,3.53
2452,3.73,3.54
2453,3.75,3.55
2455,3.78,3.57
2456,3.82,3.59
2457,3.84,3.61
2458,3.86,3.61
2459,3.85,3.60
2460,3.84,3.59
2461,3.82,3.58
2462,3.81,3.57
2464,3.78,3.55
2465,3.76,3.54
2466,3.73,3.53
2467,3.72,3.53
2468,3.73,3.53
2469,3.74,3.54
2470,3.77,3.56
2471,3.80,3.58
2473,3.83,3.60
2475,3.85,3.61
2476,3.86,3.60
2477,3.85,3.59
2478,3.83,3.58
2479,3.82,3.57
2480,3.79,3.56
2481,3.77,3.55
2483,3.75,3.53
2484,3.73,3.52
2485,3.72,3.53
2486,3.73,3.53
2487,3.75,3.55
2488,3.78,3.57
2489,3.82,3.59
2490,3.84,3.60
2492,3.85,3.61
2493,3.85,3.60
2494,3.84,3.59
2495,3.82,3.58
2496,3.80,3.55
2497,3.78,3.55
2498,3.76,3.54
2499,3.73,3.53
2501,3.72,3.52
2502,3.73,3.53
2503,3.74,3.54
2504,3.77,3.56
2505,3.80,3.58
2506,3.83,3.59
2507,3.84,3.60
2508,3.84,3.59
2510,3.83,3.58
2511,3.82,3.57
2512,3.80,3.56
2513,3.78,3.55
2514,3.75,3.53
2515,3.73,3.52
2516,3.71,3.51
2518,3.71,3.52
2520,3.72,3.53
2521,3.74,3.54
2522,3.77,3.55
2523,3.80,3.58
2524,3.83,3.59
2525,3.84,3.59
2526,3.84,3.59
2527,3.82,3.58
2529,3.81,3.56
2530,3.79,3.56
2531,3.77,3.54
2532,3.74,3.53
2533,3.72,3.52
2534,3.71,3.52
2535,3.72,3.52
2536,3.74,3.53
2538,3.76,3.55
2539,3.79,3.57
2540,3.83,3.59
2541,3.84,3.60
2542,3.85,3.59
2543,3.84,3.58
2544,3.82,3.57
2545,3.80,3.56
2547,3.78,3.55
2548,3.76,3.54
2549,3.73,3.52
2550,3.72,3.52
2551,3.72,3.52
2552,3.73,3.53
2553,3.75,3.55
2554,3.78,3.56
2556,3.82,3.59
2557,3.84,3.60
2558,3.85,3.59
2560,3.84,3.59
2561,3.83,3.58
2562,3.81,3.57
2563,3.79,3.55
2564,3.77,3.54
2566,3.74,3.53
2567,3.72,3.52
2568,3.71,3.52
2569,3.72,3.53
2570,3.74,3.54
2571,3.76,3.55
2572,3.80,3.58
2573,3.83,3.59
2575,3.84,3.60
2576,3.84,3.59
2577,3.83,3.58
2578,3.82,3.57
2579,3.80,3.56
2580,3.78,3.55
2581,3.75,3.53
2582,3.73,3.52
2584,3.71,3.52
2585,3.71,3.52
2586,3.73,3.53
2587,3.75,3.55
2588,3.78,3.57
2589,3.81,3.59
2590,3.84,3.60
2591,3.84,3.60
2593,3.84,3.59
2594,3.82,3.58
2595,3.81,3.57
2596,3.79,3.55
2597,3.77,3.54
2598,3.74,3.53
2599,3.72,3.52
2600,3.71,3.52
2603,3.72,3.53
2604,3.74,3.54
2605,3.77,3.55
2606,3.80,3.58
2607,3.83,3.59
2608,3.84,3.59
2609,3.83,3.59
2610,3.82,3.58
2612,3.81,3.56
2613,3.79,3.56
2614,3.77,3.54
2615,3.74,3.53
2616,3.72,3.51
2617,3.70,3.51
2618,3.71,3.52
2619,3.72,3.52
2621,3.74,3.54
2622,3.78,3.56
2623,3.81,3.59
2624,3.83,3.60
2625,3.84,3.59
2626,3.83,3.59
2627,3.82,3.58
2628,3.80,3.57
2630,3.79,3.55
2631,3.76,3.54
2632,3.74,3.53
2633,3.72,3.52
2634,3.71,3.52
2635,3.72,3.53
2636,3.74,3.54
2637,3.77,3.56
2639,3.80,3.58
2640,3.83,3.60
2641,3.85,3.60
2642,3.84,3.59
2643,3.83,3.59
2644,3.82,3.57
2646,3.80,3.56
2647,3.78,3.55
2649,3.75,3.53
2650,3.73,3.52
2651,3.71,3.52
2652,3.72,3.53
2653,3.73,3.53
2654,3.76,3.55
2655,3.79,3.57
2656,3.82,3.60
2658,3.85,3.61
2659,3.87,3.61
2660,3.87,3.61
2661,3.86,3.60
2662,3.84,3.59
2663,3.82,3.58
2664,3.80,3.57
2665,3.78,3.55
2667,3.76,3.55
2668,3.76,3.56
2669,3.78,3.56
2670,3.80,3.58
2671,3.83,3.59
2672,3.86,3.61
2673,3.89,3.64
2674,3.91,3.65
2676,3.92,3.65
2677,3.91,3.64
2678,3.91,3.63
2679,3.89,3.62
2680,3.87,3.61
2681,3.84,3.59
2682,3.82,3.58
2684,3.81,3.58
2685,3.82,3.59
2686,3.84,3.60
2688,3.86,3.61
2689,3.89,3.63
2690,3.92,3.65
2691,3.95,3.67
2692,3.98,3.68
2694,3.98,3.68
2695,3.98,3.67
2696,3.97,3.68
2697,3.97,3.69
2698,3.97,3.69
2699,3.96,3.69
2700,3.96,3.69
2701,3.97,3.70
2703,3.99,3.71
2704,4.01,3.72
2705,4.04,3.73
2706,4.07,3.74
2707,4.09,3.76
2708,4.12,3.77
2709,4.15,3.79
2710,4.18,3.80
2712,4.20,3.81
2713,4.23,3.83
2714,4.25,3.84
2715,4.28,3.85
2716,4.30,3.86
2717,4.32,3.87
2718,4.35,3.88
2719,4.36,3.89
2721,4.38,3.91
2722,4.40,3.91
2723,4.42,3.92
2724,4.43,3.93
2725,4.45,3.94
2726,4.46,3.95
2727,4.48,3.95
2728,4.49,3.96
2731,4.50,3.97
2732,4.51,3.97
2733,4.52,3.98
2734,4.53,3.99
2735,4.53,3.99
2736,4.54,3.99
2737,4.55,4.00
2738,4.55,4.00
2740,4.56,4.01
2741,4.56,4.01
2742,4.56,4.01
2743,4.56,4.01
2744,4.57,4.01
2745,4.57,4.02
2746,4.57,4.02
2747,4.57,4.02
2749,4.57,4.02
2750,4.57,4.02
2751,4.57,4.02
2752,4.57,4.02
2753,4.56,4.02
2754,4.56,4.02
2755,4.56,4.01
2756,4.56,4.02
2758,4.56,4.02
2759,4.56,4.01
2760,4.56,4.01
2761,4.55,4.01
2762,4.55,4.01
2763,4.55,4.01
2764,4.55,4.01
2765,4.54,4.01
2767,4.54,4.01
2768,4.54,4.01
2769,4.54,4.01
2770,4.54,4.01
2771,4.53,4.01
2772,4.53,4.01
2774,4.53,4.00
2775,4.53,4.00
2777,4.53,4.00
2778,4.53,4.00
2779,4.53,4.00
2780,4.52,4.00
2781,4.52,4.00
2782,4.52,4.00
2783,4.52,4.00
2784,4.52,4.00
2785,4.52,4.00
2787,4.52,4.00
2788,4.52,4.00
2789,4.52,4.00
2790,4.51,4.00
2791,4.51,4.00
2792,4.51,4.00
2793,4.51,4.00
2794,4.51,4.00
2796,4.51,4.00
2797,4.51,4.00
2798,4.51,4.00
2799,4.51,4.00
2800,4.51,4.00
2801,4.51,4.00
2802,4.51,4.00
2803,4.51,4.00
2804,4.51,4.00
2806,4.51,4.00
2807,4.51,4.00
2808,4.51,4.00
2809,4.51,4.00
2810,4.51,4.00
2811,4.51,4.00
2812,4.51,4.00
2813,4.51,4.00
2816,4.51,4.00
2817,4.51,4.00
2818,4.51,4.00
2819,4.51,4.01
2820,4.51,4.00
2821,4.51,4.00
2822,4.51,4.00
2823,4.51,4.00
2824,4.51,4.01
2826,4.51,4.01
2827,4.51,4.01
2828,4.51,4.01
2829,4.51,4.01
2830,4.51,4.01
2831,4.51,4.01
2832,4.51,4.01
2833,4.51,4.01
2835,4.51,4.01
2836,4.51,4.01
2837,4.51,4.01
2838,4.51,4.01
2839,4.51,4.01
2840,4.51,4.01
2841,4.51,4.01
2842,4.52,4.01
2844,4.51,4.01
2845,4.51,4.01
2846,4.51,4.01
2847,4.51,4.01
2848,4.51,4.01
2849,4.51,4.01
2850,4.51,4.01
2851,4.52,4.01
2853,4.52,4.01
2854,4.52,4.01
2855,4.52,4.01
2856,4.52,4.01
2857,4.52,4.01
2859,4.52,4.01
2860,4.52,4.01
2861,4.51,4.01
2863,4.52,4.01
2864,4.51,4.01
2865,4.51,4.01
2866,4.51,4.01
2867,4.51,4.01
2868,4.51,4.01
2869,4.51,4.01
2870,4.51,4.01
2872,4.51,4.01
2873,4.51,4.01
2874,4.51,4.01
2875,4.51,4.01
2876,4.51,4.01
2877,4.51,4.01
2878,4.51,4.01
2879,4.51,4.01
2881,4.51,4.01
2882,4.51,4.01
2883,4.51,4.01
2884,4.51,4.01
2885,4.51,4.01
2886,4.51,4.01
2887,4.51,4.01
2888,4.51,4.01
2890,4.51,4.01
2891,4.51,4.01
2892,4.51,4.01
2893,4.51,4.01
2894,4.51,4.01
2895,4.51,4.01
2896,4.51,4.01
2897,4.51,4.01
2899,4.51,4.01
2900,4.51,4.01
2902,4.51,4.01
2903,4.51,4.01
2904,4.51,4.01
2905,4.51,4.01
2906,4.51,4.01
2907,4.51,4.01
2909,4.51,4.01
2910,4.51,4.01
2911,4.51,4.01
2912,4.51,4.01
2913,4.51,4.01
2914,4.51,4.01
2915,4.51,4.01
2916,4.51,4.01
2918,4.51,4.01
2919,4.51,4.01
2920,4.51,4.01
2921,4.51,4.01
2922,4.51,4.01
2923,4.51,4.01
2924,4.51,4.01
2925,4.51,4.01
2927,4.51,4.01
2928,4.51,4.01
2929,4.51,4.01
2930,4.51,4.01
2931,4.51,4.01
2932,4.51,4.01
2933,4.51,4.01
2934,4.51,4.01
2936,4.51,4.01
2937,4.51,4.01
2938,4.51,4.01
2939,4.51,4.01
2940,4.51,4.01
2941,4.51,4.01
2942,4.51,4.01
2944,4.51,4.01
2946,4.51,4.01
2947,4.51,4.01
2948,4.51,4.01
2949,4.51,4.01
2950,4.51,4.01
2951,4.51,4.01
2952,4.51,4.01
2953,4.51,4.01
2955,4.51,4.01
2956,4.51,4.01
2957,4.51,4.01
2958,4.51,4.01
2959,4.51,4.01
2960,4.51,4.01
2961,4.51,4.01
2962,4.51,4.01
2964,4.51,4.01
2965,4.51,4.01
2966,4.51,4.01
2967,4.51,4.01
2968,4.51,4.01
2969,4.51,4.01
2970,4.51,4.01
2971,4.51,4.01
2973,4.51,4.01
2974,4.51,4.01
2975,4.51,4.01
2976,4.51,4.01
2977,4.51,4.01
2978,4.51,4.01
2979,4.51,4.00
2980,4.51,4.01
2982,4.51,4.01
2983,4.51,4.01
2984,4.51,4.01
2985,4.51,4.01
2987,4.51,4.01
2988,4.51,4.01
2989,4.51,4.01
2990,4.51,4.01
2992,4.51,4.01
2993,4.51,4.01
2994,4.51,4.01
2995,4.51,4.01
2996,4.51,4.01
2997,4.51,4.01
2998,4.51,4.01
2999,4.51,4.01
3001,4.51,4.01
3002,4.51,4.01
3003,4.51,4.01
3004,4.51,4.01
3005,4.51,4.01
3006,4.51,4.01
3007,4.51,4.01
3008,4.51,4.01
3010,4.51,4.01
3011,4.51,4.01
3012,4.51,4.01
3013,4.51,4.01
3014,4.51,4.01
3015,4.51,4.01
3016,4.51,4.01
3017,4.51,4.01
3019,4.51,4.01
3020,4.51,4.01
3021,4.51,4.01
3022,4.51,4.01
3023,4.51,4.01
3024,4.51,4.01
3025,4.51,4.01
3026,4.51,4.01
3028,4.51,4.01
3030,4.51,4.01
3031,4.51,4.01
3032,4.51,4.01
3033,4.51,4.01
3034,4.51,4.01
3035,4.51,4.01
3036,4.51,4.01
3038,4.51,4.01
3039,4.51,4.01
3040,4.51,4.02
3041,4.51,4.02
3042,4.51,4.02
3043,4.51,4.02
3044,4.51,4.02
3045,4.51,4.02
3047,4.51,4.02
3048,4.51,4.02
3049,4.51,4.02
3050,4.51,4.02
3051,4.51,4.02
3052,4.51,4.02
3053,4.51,4.02
3054,4.51,4.02
3056,4.51,4.02
3057,4.51,4.02
3058,4.51,4.02
3059,4.51,4.02
3060,4.51,4.02
3061,4.51,4.02
3062,4.51,4.02
3063,4.51,4.02
3065,4.51,4.02
3066,4.51,4.02
3067,4.51,4.02
3068,4.51,4.02
3069,4.51,4.02
3070,4.51,4.02
3072,4.51,4.02
3073,4.51,4.02
3075,4.51,4.02
3076,4.51,4.02
3077,4.51,4.02
3078,4.51,4.02
3079,4.51,4.02
3080,4.51,4.02
3081,4.51,4.02
3082,4.51,4.02
3084,4.51,4.02
3085,4.51,4.02
3086,4.51,4.02
3087,4.51,4.02
3088,4.51,4.03
3089,4.51,4.03
3090,4.51,4.03
3091,4.51,4.03
3093,4.51,4.03
3094,4.51,4.03
3095,4.51,4.03
3096,4.51,4.03
3097,4.51,4.03
3098,4.51,4.03
3099,4.51,4.03
3100,4.51,4.03
3102,4.51,4.03
3103,4.51,4.03
3104,4.51,4.03
3105,4.51,4.03
3106,4.51,4.03
3107,4.51,4.03
3108,4.51,4.03
3109,4.51,4.03
3111,4.51,4.03
3112,4.51,4.04
3113,4.51,4.03
3115,4.51,4.04
3116,4.51,4.04
3117,4.51,4.04
3118,4.51,4.04
3119,4.51,4.04
3121,4.51,4.04
3122,4.51,4.04
3123,4.51,4.04
3124,4.51,4.04
3125,4.51,4.04
3126,4.51,4.04
3127,4.51,4.04
3129,4.51,4.04
3130,4.51,4.04
3131,4.51,4.04
3132,4.51,4.04
3133,4.51,4.04
3134,4.51,4.04
3135,4.51,4.05
3136,4.51,4.05
3138,4.51,4.05
3139,4.51,4.05
3140,4.51,4.05
3141,4.51,4.05
3142,4.51,4.05
3143,4.51,4.05
3144,4.51,4.05
3145,4.51,4.05
3147,4.51,4.05
3148,4.51,4.05
3149,4.51,4.05
3150,4.51,4.05
3151,4.51,4.06
3152,4.51,4.06
3153,4.51,4.06
3154,4.51,4.06
3156,4.51,4.06
3158,4.51,4.06
3159,4.51,4.06
3160,4.51,4.06
3161,4.51,4.06
3162,4.51,4.06
3163,4.51,4.06
3164,4.51,4.06
3166,4.51,4.07
3167,4.51,4.07
3168,4.51,4.07
3169,4.51,4.07
3170,4.51,4.07
3171,4.51,4.07
3172,4.51,4.07
3173,4.51,4.07
3175,4.51,4.07
3176,4.51,4.07
3177,4.51,4.07
3178,4.51,4.07
3179,4.51,4.07
3180,4.51,4.07
3181,4.51,4.07
3183,4.51,4.07
3184,4.51,4.07
3185,4.51,4.07
3186,4.51,4.07
3187,4.51,4.07
3188,4.51,4.08
3189,4.51,4.08
3190,4.51,4.08
3192,4.51,4.08
3193,4.51,4.08
3194,4.51,4.08
3195,4.51,4.08
3196,4.51,4.08
3197,4.51,4.08
3198,4.51,4.08
3200,4.51,4.08
3202,4.51,4.08
3203,4.51,4.08
3204,4.51,4.09
3205,4.51,4.09
3206,4.51,4.09
3207,4.51,4.09
3208,4.51,4.09
3209,4.51,4.09
3211,4.51,4.09
3212,4.51,4.09
3213,4.51,4.09
3214,4.51,4.09
3215,4.51,4.09
3216,4.51,4.09
3217,4.51,4.09
3219,4.51,4.09
3220,4.51,4.09
3221,4.51,4.09
3222,4.51,4.09
3223,4.51,4.09
3224,4.51,4.09
3225,4.51,4.09
3226,4.51,4.09
3228,4.51,4.09
3229,4.51,4.09
3230,4.51,4.09
3231,4.51,4.09
3232,4.51,4.09
3233,4.51,4.09
3234,4.51,4.09
3235,4.51,4.09
3237,4.51,4.09
3238,4.51,4.09
3239,4.51,4.09
3240,4.51,4.10
3241,4.51,4.09
3243,4.51,4.10
3244,4.51,4.10
3245,4.51,4.10
3247,4.51,4.09
3248,4.51,4.09
3249,4.51,4.10
3250,4.51,4.10
3251,4.51,4.10
3252,4.51,4.10
3253,4.51,4.10
3254,4.51,4.10
3256,4.51,4.10
3257,4.51,4.10
3258,4.51,4.10
3259,4.51,4.10
3260,4.51,4.10
3261,4.51,4.10
3262,4.51,4.10
3263,4.51,4.10
3265,4.51,4.10
3266,4.51,4.10
3267,4.51,4.09
3268,4.51,4.09
3269,4.51,4.09
3270,4.51,4.09
3271,4.51,4.09
3272,4.51,4.09
3274,4.51,4.10
3275,4.51,4.10
3276,4.51,4.10
3277,4.51,4.10
3278,4.51,4.10
3279,4.51,4.10
3280,4.51,4.10
3281,4.51,4.10
3283,4.51,4.09
3284,4.51,4.09
3286,4.51,4.09
3287,4.51,4.09
3288,4.51,4.09
3289,4.51,4.09
3290,4.51,4.09
3291,4.51,4.09
3293,4.51,4.09
3294,4.51,4.09
3295,4.51,4.09
3296,4.51,4.09
3297,4.51,4.09
3298,4.51,4.09
3299,4.51,4.09
3300,4.51,4.09
3302,4.51,4.09
3303,4.51,4.09
3304,4.51,4.09
3305,4.51,4.08
3306,4.51,4.08
3307,4.51,4.08
3308,4.51,4.08
3309,4.51,4.08
3311,4.51,4.08
3312,4.51,4.08
3313,4.51,4.08
3314,4.51,4.08
3315,4.51,4.08
3316,4.51,4.08
3317,4.51,4.07
3318,4.51,4.07
3320,4.51,4.07
3321,4.51,4.07
3322,4.51,4.07
3323,4.51,4.07
3324,4.51,4.07
3325,4.51,4.07
3326,4.51,4.07
3328,4.51,4.07
3330,4.51,4.07
3331,4.51,4.07
3332,4.51,4.06
3333,4.51,4.06
3334,4.51,4.06
3335,4.51,4.06
3336,4.51,4.06
3337,4.51,4.06
3339,4.51,4.06
3340,4.51,4.06
3341,4.51,4.06
3342,4.51,4.06
3343,4.51,4.06
3344,4.51,4.06
3345,4.51,4.06
3347,4.51,4.05
3348,4.51,4.05
3349,4.51,4.05
3350,4.51,4.05
3351,4.51,4.05
3352,4.51,4.05
3353,4.51,4.05
3354,4.51,4.05
3356,4.51,4.04
3357,4.51,4.04
3358,4.51,4.04
3359,4.51,4.04
3360,4.51,4.04
3361,4.51,4.04
3362,4.51,4.03
3363,4.51,4.03
3365,4.51,4.03
3366,4.51,4.03
3367,4.51,4.03
3368,4.51,4.03
3369,4.51,4.02
3371,4.51,4.02
3372,4.51,4.02
3373,4.51,4.02
3375,4.51,4.02
3376,4.51,4.02
3377,4.51,4.02
3378,4.51,4.01
3379,4.51,4.01
3380,4.51,4.01
3381,4.50,4.01
3382,4.51,4.01
3384,4.51,4.00
3385,4.51,4.00
3386,4.51,4.00
3387,4.51,4.00
3388,4.51,3.99
3389,4.50,3.99
3390,4.50,3.99
3391,4.51,3.99
3393,4.51,3.99
3394,4.50,3.98
3395,4.50,3.98
3396,4.50,3.98
3397,4.51,3.98
3398,4.51,3.97
3399,4.51,3.97
3400,4.50,3.97
3402,4.50,3.97
3403,4.50,3.96
3404,4.50,3.96
3405,4.50,3.96
3406,4.50,3.96
3407,4.50,3.95
3408,4.50,3.95
3409,4.50,3.95
3410,4.51,3.95
3412,4.50,3.94
3414,4.50,3.94
3415,4.50,3.94
3416,4.50,3.94
3417,4.50,3.93
3418,4.50,3.93
3419,4.50,3.93
3420,4.50,3.93
3422,4.50,3.93
3423,4.50,3.92
3424,4.50,3.92
3425,4.50,3.92
3426,4.50,3.92
3427,4.50,3.91
3428,4.50,3.91
3429,4.50,3.91
3431,4.50,3.91
3432,4.50,3.91
3433,4.50,3.91
3434,4.50,3.90
3435,4.50,3.90
3436,4.50,3.90
3437,4.50,3.89
3438,4.50,3.89
3440,4.50,3.89
3441,4.50,3.89
3442,4.50,3.88
3443,4.50,3.88
3444,4.50,3.88
3445,4.50,3.88
3446,4.50,3.88
3447,4.50,3.87
3449,4.50,3.87
3450,4.50,3.87
3451,4.50,3.86
3452,4.50,3.86
3453,4.50,3.86
3454,4.50,3.86
3456,4.50,3.85
3457,4.50,3.85
3459,4.50,3.85
3460,4.50,3.85
3461,4.50,3.84
3462,4.50,3.84
3463,4.50,3.84
3464,4.50,3.84
3465,4.50,3.83
3466,4.50,3.83
3468,4.50,3.83
3469,4.50,3.83
3470,4.50,3.83
3471,4.50,3.82
3472,4.50,3.82
3473,4.50,3.82
3474,4.50,3.82
3475,4.50,3.82
3477,4.50,3.81
3478,4.50,3.81
3479,4.50,3.81
3480,4.50,3.81
3481,4.50,3.80
3482,4.50,3.80
3483,4.50,3.80
3484,4.50,3.80
3486,4.50,3.80
3487,4.50,3.79
3488,4.50,3.79
3489,4.50,3.79
3490,4.50,3.79
3491,4.50,3.79
3492,4.50,3.78
3493,4.50,3.78
3495,4.50,3.78
3496,4.50,3.78
3497,4.50,3.78
3499,4.50,3.78
3500,4.50,3.77
3501,4.50,3.77
3502,4.50,3.77
3503,4.50,3.77
3505,4.50,3.77
3506,4.50,3.77
3507,4.50,3.76
3508,4.50,3.76
3509,4.50,3.76
3510,4.50,3.76
3511,4.50,3.76
3512,4.50,3.76
3514,4.50,3.76
3515,4.50,3.75
3516,4.50,3.75
3517,4.50,3.75
3518,4.50,3.75
3519,4.50,3.75
3520,4.50,3.75
3521,4.50,3.75
3523,4.50,3.75
3524,4.50,3.74
3525,4.50,3.74
3526,4.50,3.74
3527,4.50,3.74
3528,4.50,3.74
3529,4.50,3.74
3530,4.50,3.74
3532,4.50,3.74
3533,4.50,3.74
3534,4.50,3.74
3535,4.50,3.73
3536,4.50,3.73
3537,4.50,3.73
3538,4.50,3.73
3539,4.50,3.73
3542,4.50,3.73
3543,4.50,3.73
3544,4.50,3.73
3545,4.50,3.73
3546,4.50,3.73
3547,4.50,3.73
3548,4.50,3.73
3549,4.50,3.73
3551,4.50,3.72
3552,4.50,3.72
3553,4.50,3.72
3554,4.50,3.72
3555,4.50,3.72
3556,4.50,3.72
3557,4.50,3.72
3558,4.50,3.72
3560,4.50,3.72
3561,4.50,3.72
3562,4.50,3.72
3563,4.50,3.72
3564,4.50,3.72
3565,4.50,3.72
3566,4.50,3.72
3567,4.50,3.71
3569,4.50,3.71
3570,4.50,3.71
3571,4.50,3.71
3572,4.50,3.71
3573,4.50,3.71
3574,4.50,3.71
3575,4.50,3.71
3576,4.50,3.71
3578,4.50,3.71
3579,4.50,3.71
3580,4.50,3.71
3581,4.50,3.71
3582,4.50,3.71
3584,4.50,3.71
3585,4.50,3.71
3586,4.50,3.71
3588,4.50,3.71
3589,4.50,3.71
3590,4.50,3.71
3591,4.50,3.71
3592,4.50,3.71
3593,4.50,3.71
3594,4.50,3.71
3595,4.50,3.71
3597,4.50,3.71
3598,4.50,3.71
3599,4.50,3.71
3600,4.50,3.71
3601,4.50,3.71
3602,4.50,3.71
3603,4.50,3.71
3604,4.50,3.71
3606,4.50,3.71
3607,4.50,3.71
3608,4.50,3.71
3609,4.50,3.71
3610,4.50,3.71
3611,4.50,3.71
3612,4.50,3.71
3613,4.50,3.71
3615,4.50,3.70
3616,4.50,3.71
3617,4.50,3.71
3618,4.50,3.71
3619,4.50,3.71
3620,4.50,3.71
3621,4.50,3.71
3622,4.50,3.71
3624,4.50,3.71
3625,4.50,3.71
3627,4.50,3.71
3628,4.50,3.71
3629,4.50,3.71
3630,4.50,3.71
3631,4.50,3.71
3632,4.50,3.71
3634,4.50,3.71
3635,4.50,3.71
3636,4.50,3.71
3637,4.50,3.71
3638,4.50,3.71
3639,4.50,3.71
3640,4.50,3.71
3641,4.50,3.71
3643,4.50,3.71
3644,4.50,3.71
3645,4.50,3.71
3646,4.50,3.71
3647,4.50,3.71
3648,4.50,3.71
3649,4.50,3.71
3650,4.50,3.71
3652,4.50,3.71
3653,4.50,3.71
3654,4.50,3.71
3655,4.50,3.70
3656,4.50,3.71
3657,4.50,3.71
3658,4.50,3.71
3659,4.50,3.70
3661,4.50,3.70
3662,4.50,3.70
3663,4.50,3.70
3664,4.50,3.70
3665,4.50,3.70
3666,4.50,3.70
3667,4.50,3.70
3668,4.50,3.70
3670,4.50,3.70
3672,4.50,3.70
3673,4.50,3.70
3674,4.50,3.70
3675,4.50,3.70
3676,4.50,3.70
3677,4.50,3.70
3678,4.50,3.70
3679,4.50,3.70
3681,4.50,3.70
3682,4.50,3.70
3683,4.50,3.70
3684,4.50,3.70
3685,4.50,3.70
3686,4.50,3.70
3687,4.50,3.70
3688,4.50,3.70
3689,4.50,3.70
3691,4.50,3.70
3692,4.50,3.70
3693,4.50,3.70
3694,4.50,3.70
3695,4.50,3.70
3696,4.50,3.70
3697,4.50,3.70
3698,4.50,3.70
3700,4.50,3.70
3701,4.50,3.70
3702,4.50,3.70
3703,4.50,3.70
3704,4.50,3.70
3705,4.50,3.70
3706,4.50,3.70
3707,4.50,3.69
3709,4.50,3.69
3710,4.50,3.70
3712,4.50,3.70
3713,4.50,3.70
3714,4.50,3.70
3715,4.50,3.70
3716,4.50,3.70
3717,4.50,3.70
3719,4.50,3.70
3720,4.50,3.70
3721,4.50,3.70
3722,4.50,3.70
3723,4.50,3.70
3724,4.50,3.70
3725,4.50,3.70
3726,4.50,3.70
3727,4.50,3.70
3729,4.50,3.71
3730,4.50,3.71
3731,4.50,3.71
3732,4.50,3.71
3733,4.50,3.71
3734,4.50,3.71
3735,4.50,3.71
3736,4.50,3.71
3738,4.50,3.72
3739,4.50,3.72
3740,4.50,3.72
3741,4.50,3.72
3742,4.50,3.72
3743,4.50,3.72
3744,4.50,3.73
3745,4.50,3.73
3747,4.50,3.73
3748,4.50,3.73
3749,4.50,3.73
3750,4.50,3.73
3751,4.50,3.73
3752,4.50,3.73
3753,4.50,3.74
3755,4.50,3.74
3757,4.50,3.74
3758,4.50,3.74
3759,4.50,3.74
3760,4.50,3.74
3761,4.50,3.75
3762,4.50,3.75
3763,4.50,3.75
3764,4.50,3.75
3766,4.50,3.75
3767,4.50,3.75
3768,4.50,3.75
3769,4.50,3.76
3770,4.50,3.76
3771,4.50,3.76
3772,4.50,3.76
3773,4.50,3.76
3775,4.50,3.76
3776,4.50,3.76
3777,4.50,3.76
3778,4.50,3.77
3779,4.50,3.77
3780,4.50,3.77
3781,4.50,3.77
3782,4.50,3.77
3784,4.50,3.77
3785,4.50,3.78
3786,4.50,3.78
3787,4.50,3.78
3788,4.50,3.78
3789,4.50,3.78
3790,4.50,3.78
3791,4.50,3.78
3793,4.50,3.78
3794,4.50,3.79
3795,4.50,3.79
3796,4.50,3.79
3798,4.50,3.79
3799,4.50,3.79
3800,4.50,3.79
3801,4.50,3.79
3803,4.50,3.79
3804,4.50,3.80
3805,4.50,3.80
3806,4.50,3.80
3807,4.50,3.80
3808,4.50,3.80
3809,4.50,3.80
3810,4.50,3.80
3811,4.50,3.80
3813,4.50,3.80
3814,4.50,3.81
3815,4.50,3.81
3816,4.50,3.81
3817,4.50,3.81
3818,4.50,3.81
3819,4.50,3.81
3820,4.50,3.81
3822,4.50,3.81
3823,4.50,3.81
3824,4.50,3.82
3825,4.50,3.82
3826,4.50,3.82
3827,4.50,3.82
3828,4.50,3.82
3829,4.50,3.82
3831,4.50,3.82
3832,4.50,3.82
3833,4.50,3.82
3834,4.50,3.83
3835,4.50,3.83
3836,4.50,3.83
3837,4.50,3.83
3838,4.50,3.83
3841,4.50,3.83
3842,4.50,3.83
3843,4.50,3.83
3844,4.50,3.83
3845,4.50,3.83
3846,4.50,3.84
3847,4.50,3.84
3849,4.50,3.84
3850,4.50,3.84
3851,4.50,3.84
3852,4.50,3.84
3853,4.50,3.84
3854,4.50,3.84
3855,4.50,3.85
3856,4.50,3.85
3858,4.50,3.85
3859,4.50,3.85
3860,4.50,3.85
3861,4.50,3.85
3862,4.50,3.85
3863,4.50,3.85
3864,4.50,3.85
3865,4.50,3.85
3867,4.50,3.85
3868,4.50,3.86
3869,4.50,3.86
3870,4.50,3.86
3871,4.50,3.86
3872,4.50,3.86
3873,4.50,3.87
3874,4.50,3.87
3876,4.50,3.87
3877,4.50,3.87
3878,4.50,3.87
3879,4.50,3.87
3880,4.50,3.88
3881,4.50,3.88
3883,4.50,3.88
3884,4.50,3.88
3886,4.50,3.88
3887,4.50,3.88
3888,4.50,3.88
3889,4.50,3.89
3890,4.50,3.89
3891,4.50,3.89
3892,4.50,3.89
3893,4.50,3.89
3895,4.50,3.89
3896,4.50,3.89
3897,4.50,3.89
3898,4.50,3.89
3899,4.50,3.89
3900,4.50,3.89
3901,4.50,3.89
3902,4.50,3.89
3904,4.50,3.89
3905,4.50,3.89
3906,4.50,3.89
3907,4.50,3.89
3908,4.50,3.89
3909,4.50,3.89
3910,4.50,3.89
3911,4.50,3.89
3913,4.50,3.89
3914,4.50,3.89
3915,4.50,3.89
3916,4.50,3.89
3917,4.50,3.89
3918,4.50,3.89
3919,4.50,3.89
3920,4.50,3.89
3921,4.50,3.90
3923,4.50,3.89
3924,4.50,3.90
3926,4.50,3.90
3927,4.50,3.90
3928,4.50,3.90
3929,4.50,3.90
3930,4.50,3.90
3931,4.50,3.90
3933,4.50,3.90
3934,4.50,3.90
3935,4.50,3.90
3936,4.50,3.90
3937,4.50,3.90
3938,4.50,3.90
3939,4.50,3.90
3940,4.50,3.90
3941,4.50,3.91
3943,4.50,3.91
3944,4.50,3.91
3945,4.50,3.91
3946,4.50,3.91
3947,4.50,3.91
3948,4.50,3.91
3949,4.50,3.91
3951,4.50,3.91
3952,4.50,3.91
3953,4.51,3.91
3954,4.51,3.91
3955,4.50,3.91
3956,4.50,3.91
3957,4.51,3.91
3958,4.50,3.91
3960,4.50,3.91
3961,4.50,3.91
3962,4.50,3.91
3963,4.50,3.91
3964,4.50,3.91
3965,4.50,3.91
3966,4.50,3.91
3968,4.50,3.91
3970,4.50,3.91
3971,4.50,3.91
3972,4.50,3.91
3973,4.50,3.91
3974,4.50,3.91
3975,4.50,3.91
3976,4.50,3.91
3977,4.51,3.91
3979,4.50,3.92
3980,4.50,3.92
3981,4.50,3.91
3982,4.50,3.92
3983,4.50,3.92
3984,4.50,3.92
3985,4.50,3.92
3986,4.50,3.92
3988,4.50,3.92
3989,4.50,3.92
3990,4.50,3.92
3991,4.50,3.92
3992,4.50,3.91
3993,4.50,3.91
3994,4.50,3.91
3995,4.50,3.91
3997,4.50,3.91
3998,4.50,3.91
3999,4.50,3.91
4000,4.50,3.91
4001,4.50,3.91
4002,4.50,3.91
4003,4.50,3.91
4004,4.50,3.91
4006,4.50,3.91
4007,4.50,3.91
4008,4.50,3.91
4009,4.50,3.91
4011,4.50,3.91
4012,4.50,3.91
4013,4.50,3.91
4014,4.50,3.91
4016,4.50,3.91
4017,4.50,3.91
4018,4.50,3.91
4019,4.50,3.91
4020,4.50,3.91
4021,4.50,3.91
4022,4.50,3.91
4023,4.51,3.91
4025,4.50,3.91
4026,4.50,3.91
4027,4.50,3.91
4028,4.50,3.91
4029,4.50,3.91
4030,4.50,3.91
4031,4.50,3.91
4032,4.50,3.91
4034,4.50,3.91
4035,4.50,3.91
4036,4.50,3.91
4037,4.50,3.91
4038,4.50,3.91
4039,4.50,3.91
4040,4.50,3.91
4041,4.50,3.91
4043,4.50,3.91
4044,4.50,3.91
4045,4.50,3.91
4046,4.50,3.91
4047,4.50,3.91
4048,4.50,3.91
4049,4.50,3.91
4050,4.50,3.91
4052,4.50,3.91
4054,4.50,3.91
4055,4.50,3.91
4056,4.50,3.91
4057,4.50,3.91
4058,4.50,3.91
4059,4.50,3.91
4061,4.50,3.91
4062,4.50,3.91
4063,4.50,3.91
4064,4.50,3.91
4065,4.50,3.91
4066,4.50,3.91
4067,4.50,3.91
4068,4.50,3.91
4070,4.50,3.91
4071,4.50,3.91
4072,4.50,3.91
4073,4.50,3.91
4074,4.50,3.91
4075,4.50,3.91
4076,4.50,3.91
4078,4.50,3.91
4079,4.50,3.91
4080,4.50,3.91
4081,4.50,3.91
4082,4.50,3.91
4083,4.50,3.91
4084,4.50,3.91
4085,4.50,3.91
4087,4.50,3.90
4088,4.50,3.91
4089,4.50,3.91
4090,4.50,3.91
4091,4.50,3.91
4092,4.50,3.91
4093,4.50,3.91
4094,4.50,3.91
4097,4.50,3.91
4098,4.50,3.91
4099,4.50,3.91
4100,4.50,3.91
4101,4.50,3.91
4102,4.50,3.91
4103,4.50,3.91
4105,4.51,3.91
4106,4.51,3.91
4107,4.50,3.91
4108,4.51,3.91
4109,4.51,3.91
4110,4.51,3.91
4111,4.51,3.91
4113,4.51,3.91
4114,4.50,3.91
4115,4.51,3.91
4116,4.50,3.91
4117,4.50,3.91
4118,4.50,3.91
4119,4.50,3.91
4120,4.50,3.91
4122,4.50,3.91
4123,4.50,3.91
4124,4.50,3.91
4125,4.50,3.91
4126,4.50,3.91
4127,4.50,3.91
4128,4.50,3.91
4129,4.50,3.91
4131,4.50,3.91
4132,4.50,3.91
4133,4.50,3.91
4134,4.50,3.91
4135,4.50,3.91
4136,4.50,3.91
4137,4.50,3.91
4139,4.50,3.91
4141,4.50,3.91
4142,4.50,3.91
4143,4.50,3.91
4144,4.50,3.91
4145,4.50,3.91
4146,4.50,3.91
4147,4.50,3.91
4148,4.51,3.91
4150,4.50,3.91
4151,4.50,3.91
4152,4.50,3.91
4153,4.50,3.91
4154,4.50,3.91
4155,4.50,3.91
4156,4.50,3.91
4157,4.50,3.91
4159,4.50,3.91
4160,4.50,3.91
4161,4.50,3.91
4162,4.50,3.91
4163,4.50,3.91
4164,4.50,3.91
4165,4.50,3.91
4166,4.50,3.91
4168,4.50,3.91
4169,4.50,3.91
4170,4.50,3.92
4171,4.50,3.91
4172,4.50,3.92
4173,4.50,3.91
4174,4.50,3.92
4175,4.51,3.92
4177,4.51,3.92
4178,4.51,3.92
4179,4.51,3.92
4180,4.51,3.92
4182,4.51,3.92
4183,4.51,3.92
4184,4.51,3.92
4185,4.51,3.92
4187,4.51,3.92
4188,4.51,3.92
4189,4.51,3.92
4190,4.51,3.92
4191,4.51,3.92
4192,4.51,3.92
4193,4.51,3.92
4194,4.51,3.92
4196,4.51,3.92
4197,4.51,3.92
4198,4.51,3.92
4199,4.51,3.92
4200,4.51,3.92
4201,4.51,3.92
4202,4.51,3.92
4203,4.51,3.92
4205,4.51,3.92
4206,4.51,3.92
4207,4.51,3.93
4208,4.51,3.93
4209,4.51,3.93
4210,4.51,3.93
4211,4.51,3.93
4212,4.51,3.93
4214,4.51,3.93
4215,4.51,3.93
4216,4.51,3.93
4217,4.51,3.93
4218,4.51,3.93
4219,4.51,3.93
4220,4.51,3.93
4221,4.51,3.93
4224,4.51,3.93
4225,4.51,3.93
4226,4.51,3.93
4227,4.50,3.93
4228,4.51,3.93
4229,4.50,3.93
4230,4.51,3.93
4231,4.51,3.93
4233,4.50,3.93
4234,4.50,3.94
4235,4.50,3.94
4236,4.51,3.94
4237,4.51,3.94
4238,4.51,3.94
4239,4.50,3.94
4240,4.51,3.94
4242,4.51,3.94
4243,4.50,3.94
4244,4.50,3.94
4245,4.50,3.94
4246,4.51,3.94
4247,4.50,3.94
4248,4.51,3.94
4249,4.51,3.94
4251,4.51,3.94
4252,4.51,3.94
4253,4.51,3.94
4254,4.51,3.94
4255,4.51,3.94
4256,4.51,3.94
4257,4.51,3.94
4258,4.51,3.94
4260,4.51,3.94
4261,4.51,3.95
4262,4.51,3.95
4263,4.51,3.95
4264,4.51,3.95
4265,4.51,3.95
4267,4.51,3.95
4268,4.51,3.95
4270,4.51,3.95
4271,4.51,3.95
4272,4.51,3.95
4273,4.51,3.95
4274,4.51,3.95
4275,4.51,3.95
4276,4.51,3.95
4277,4.51,3.95
4279,4.51,3.95
4280,4.51,3.95
4281,4.51,3.95
4282,4.51,3.95
4283,4.51,3.95
4284,4.51,3.95
4285,4.51,3.95
4286,4.51,3.95
4288,4.51,3.95
4289,4.51,3.95
4290,4.51,3.95
4291,4.51,3.95
4292,4.51,3.95
4293,4.51,3.95
4294,4.51,3.95
4295,4.51,3.95
4297,4.51,3.96
4298,4.51,3.96
4299,4.51,3.96
4300,4.51,3.96
4301,4.51,3.96
4302,4.51,3.96
4303,4.51,3.96
4304,4.51,3.96
4306,4.51,3.96
4307,4.51,3.96
4308,4.51,3.96
4310,4.51,3.96
4311,4.51,3.96
4312,4.51,3.96
4313,4.51,3.96
4314,4.51,3.96
4316,4.51,3.96
4317,4.51,3.96
4318,4.51,3.96
4319,4.51,3.96
4320,4.51,3.96
4321,4.51,3.96
4322,4.51,3.96
4323,4.51,3.96
4325,4.51,3.96
4326,4.51,3.96
4327,4.51,3.96
4328,4.51,3.96
4329,4.51,3.96
4330,4.51,3.96
4331,4.51,3.96
4332,4.51,3.96
4334,4.51,3.96
4335,4.51,3.96
4336,4.51,3.96
4337,4.51,3.96
4338,4.51,3.96
4339,4.51,3.96
4340,4.51,3.96
4341,4.51,3.96
4343,4.51,3.96
4344,4.51,3.96
4345,4.51,3.97
4346,4.51,3.97
4347,4.51,3.97
4348,4.51,3.97
4349,4.51,3.97
4350,4.51,3.97
4353,4.51,3.97
4354,4.51,3.97
4355,4.51,3.97
4356,4.51,3.97
4357,4.51,3.97
4358,4.51,3.97
4359,4.51,3.97
4360,4.51,3.97
4362,4.51,3.97
4363,4.51,3.97
4364,4.51,3.97
4365,4.51,3.97
4366,4.51,3.97
4367,4.51,3.97
4368,4.51,3.97
4369,4.51,3.97
4371,4.51,3.97
4372,4.51,3.97
4373,4.51,3.97
4374,4.51,3.97
4375,4.51,3.97
4376,4.51,3.97
4377,4.51,3.97
4378,4.51,3.97
4380,4.51,3.97
4381,4.51,3.97
4382,4.51,3.97
4383,4.51,3.97
4384,4.51,3.97
4385,4.51,3.97
4386,4.51,3.97
4387,4.51,3.97
4389,4.51,3.97
4390,4.51,3.98
4391,4.51,3.98
4392,4.51,3.97
4393,4.51,3.98
4395,4.51,3.97
4396,4.51,3.98
4397,4.51,3.98
4399,4.51,3.98
4400,4.51,3.98
4401,4.51,3.98
4402,4.51,3.98
4403,4.51,3.98
4404,4.51,3.98
4405,4.51,3.98
4406,4.51,3.98
4408,4.51,3.98
4409,4.51,3.98
4410,4.51,3.98
4411,4.51,3.98
4412,4.51,3.98
4413,4.51,3.98
4414,4.51,3.98
4415,4.51,3.98
4417,4.51,3.98
4418,4.51,3.98
4419,4.51,3.98
4420,4.51,3.98
4421,4.51,3.98
4422,4.51,3.98
4423,4.51,3.98
4424,4.51,3.98
4426,4.51,3.98
4427,4.51,3.98
4428,4.51,3.98
4429,4.51,3.98
4430,4.51,3.98
4431,4.51,3.98
4432,4.51,3.98
4433,4.51,3.98
4435,4.51,3.98
4436,4.51,3.98
4438,4.51,3.98
4439,4.51,3.98
4440,4.51,3.98
4441,4.51,3.98
4442,4.51,3.98
4443,4.51,3.98
4445,4.51,3.98
4446,4.51,3.98
4447,4.51,3.98
4448,4.51,3.99
4449,4.51,3.99
4450,4.51,3.98
4451,4.51,3.99
4452,4.51,3.99
4454,4.51,3.99
4455,4.51,3.99
4456,4.51,3.99
4457,4.51,3.99
4458,4.51,3.99
4459,4.51,3.99
4460,4.51,3.99
4461,4.51,3.99
4463,4.51,3.99
4464,4.51,3.99
4465,4.51,3.99
4466,4.51,3.99
4467,4.51,3.99
4468,4.51,3.99
4469,4.51,3.99
4470,4.51,3.99
4472,4.51,3.99
4473,4.51,3.99
4474,4.51,3.99
4475,4.51,3.99
4476,4.51,3.99
4477,4.51,3.99
4478,4.51,3.99
4480,4.51,3.99
4482,4.51,3.99
4483,4.51,3.99
4484,4.51,3.99
4485,4.51,3.99
4486,4.51,3.99
4487,4.51,3.99
4488,4.51,3.99
4489,4.51,3.99
4491,4.51,3.99
4492,4.51,3.99
4493,4.51,3.99
4494,4.51,3.99
4495,4.51,3.99
4496,4.51,3.99
4497,4.51,3.99
4498,4.51,3.99
4500,4.51,4.00
4501,4.51,3.99
4502,4.51,4.00
4503,4.51,4.00
4504,4.51,4.00
4505,4.51,4.00
4506,4.51,4.00
4507,4.51,4.00
4509,4.51,4.00
4510,4.51,4.00
4511,4.51,4.00
4512,4.51,4.00
4513,4.51,4.00
4514,4.51,4.00
4515,4.51,4.00
4516,4.51,4.00
4517,4.51,4.00
4519,4.51,4.00
4520,4.51,4.00
4521,4.51,4.00
4523,4.51,4.00
4524,4.51,4.00
4525,4.51,4.00
4526,4.51,4.00
4527,4.51,4.00
4529,4.51,4.00
4530,4.51,4.00
4531,4.51,4.00
4532,4.51,4.00
4533,4.51,4.00
4534,4.51,4.00
4535,4.51,4.00
4536,4.51,4.00
4537,4.51,4.00
4539,4.51,4.00
4540,4.51,4.00
4541,4.51,4.00
4542,4.51,4.00
4543,4.51,4.00
4544,4.51,4.00
4545,4.50,3.99
4546,4.48,3.98
4548,4.45,3.95
4549,4.40,3.93
4550,4.37,3.92
4551,4.35,3.91
4552,4.35,3.91
4553,4.34,3.91
4554,4.34,3.91
4555,4.34,3.91
4557,4.34,3.91
4558,4.32,3.90
4559,4.29,3.88
4560,4.24,3.85
4561,4.20,3.82
4562,4.15,3.79
4563,4.10,3.76
4564,4.05,3.73
4567,4.01,3.72
4568,3.98,3.71
4569,3.97,3.70
4570,3.98,3.71
4571,3.98,3.71
4572,3.99,3.72
4573,4.01,3.73
4574,4.01,3.73
4576,4.00,3.71
4577,3.97,3.70
4578,3.94,3.68
4579,3.91,3.65
4580,3.87,3.63
4581,3.84,3.61
4582,3.81,3.59
4583,3.79,3.59
4585,3.79,3.60
4586,3.81,3.61
4587,3.82,3.62
4588,3.85,3.63
4589,3.87,3.65
4590,3.89,3.66
4591,3.90,3.65
4592,3.88,3.64
4594,3.86,3.63
4595,3.84,3.61
4596,3.81,3.59
4597,3.78,3.57
4598,3.76,3.56
4599,3.74,3.56
4600,3.75,3.56
4601,3.76,3.57
4603,3.78,3.59
4604,3.81,3.61
4605,3.84,3.63
4606,3.87,3.64
4608,3.88,3.64
4609,3.88,3.63
4610,3.86,3.62
4611,3.84,3.60
4613,3.82,3.59
4614,3.79,3.57
4615,3.77,3.55
4616,3.75,3.55
4617,3.74,3.55
4618,3.75,3.56
4619,3.77,3.58
4620,3.80,3.59
4622,3.83,3.62
4623,3.86,3.63
4624,3.88,3.64
4625,3.88,3.63
4626,3.86,3.62
4627,3.85,3.60
4628,3.83,3.59
4630,3.80,3.58
4631,3.78,3.56
4632,3.75,3.55
4633,3.74,3.55
4634,3.74,3.55
4635,3.76,3.56
4636,3.78,3.58
4637,3.81,3.60
4639,3.84,3.62
4640,3.86,3.63
4641,3.87,3.63
4642,3.86,3.62
4643,3.84,3.60
4644,3.83,3.59
4645,3.80,3.58
4646,3.78,3.56
4648,3.75,3.55
4649,3.73,3.54
4651,3.73,3.54
4652,3.74,3.55
4653,3.76,3.57
4654,3.79,3.58
4655,3.82,3.61
4656,3.85,3.62
4658,3.86,3.62
4659,3.86,3.62
4660,3.85,3.61
4661,3.83,3.59
4662,3.81,3.58
4663,3.79,3.57
4664,3.76,3.55
4665,3.74,3.54
4667,3.72,3.54
4668,3.73,3.55
4669,3.75,3.56
4670,3.77,3.58
4671,3.80,3.60
4672,3.83,3.62
4673,3.86,3.63
4674,3.86,3.62
4676,3.85,3.61
4677,3.84,3.60
4678,3.82,3.59
4679,3.80,3.58
4680,3.78,3.56
4681,3.75,3.55
4682,3.73,3.54
4683,3.73,3.55
4685,3.74,3.55
4686,3.76,3.57
4687,3.79,3.58
4688,3.82,3.61
4689,3.85,3.62
4690,3.86,3.62
4691,3.86,3.62
4692,3.84,3.60
4695,3.83,3.59
4696,3.81,3.59
4697,3.78,3.57
4698,3.76,3.55
4699,3.73,3.54
4700,3.72,3.54
4701,3.73,3.55
4702,3.75,3.56
4704,3.77,3.58
4705,3.81,3.60
4706,3.84,3.62
4707,3.86,3.62
4708,3.86,3.62
4709,3.85,3.61
4710,3.84,3.60
4711,3.82,3.59
4713,3.80,3.57
4714,3.77,3.56
4715,3.75,3.55
4716,3.73,3.54
4717,3.73,3.54
4718,3.74,3.55
4719,3.76,3.57
4720,3.79,3.59
4722,3.83,3.61
4723,3.85,3.62
4724,3.86,3.63
4725,3.86,3.62
4726,3.85,3.61
4727,3.83,3.60
4728,3.81,3.58
4729,3.79,3.57
4731,3.76,3.56
4732,3.74,3.54
4733,3.73,3.54
4734,3.74,3.55
4736,3.75,3.57
4737,3.78,3.58
4738,3.81,3.60
4739,3.84,3.62
4741,3.86,3.63
4742,3.86,3.62
4743,3.85,3.61
4744,3.83,3.60
4745,3.82,3.59
4746,3.79,3.57
4747,3.77,3.56
4748,3.74,3.54
4750,3.73,3.54
4751,3.73,3.55
4752,3.74,3.56
4753,3.76,3.57
4754,3.79,3.59
4755,3.83,3.62
4756,3.85,3.63
4757,3.86,3.62
4759,3.85,3.62
4760,3.84,3.60
4761,3.83,3.59
4762,3.80,3.58
4763,3.78,3.57
4764,3.76,3.55
4765,3.73,3.54
4767,3.73,3.54
4768,3.73,3.56
4769,3.75,3.57
4770,3.78,3.58
4771,3.81,3.61
4772,3.85,3.63
4773,3.86,3.63
4774,3.86,3.62
4776,3.85,3.61
4777,3.83,3.60
4779,3.81,3.59
4780,3.79,3.57
4781,3.77,3.56
4782,3.74,3.55
4783,3.73,3.55
4784,3.73,3.55
4786,3.75,3.56
4787,3.77,3.58
4788,3.80,3.60
4789,3.83,3.62
4790,3.86,3.63
4791,3.86,3.62
4792,3.85,3.61
4793,3.84,3.60
4795,3.82,3.59
4796,3.80,3.58
4797,3.78,3.56
4798,3.75,3.55
4799,3.73,3.54
4800,3.72,3.55
4801,3.74,3.55
4802,3.76,3.57
4804,3.78,3.59
4805,3.81,3.61
4806,3.85,3.62
4807,3.86,3.63
4808,3.86,3.62
4809,3.84,3.61
4810,3.83,3.60
4811,3.81,3.58
4813,3.79,3.58
4814,3.76,3.55
4815,3.74,3.54
4816,3.72,3.54
4817,3.73,3.55
4818,3.75,3.56
4819,3.77,3.58
4820,3.80,3.60
4823,3.83,3.62
4824,3.86,3.63
4825,3.86,3.62
4826,3.85,3.61
4827,3.84,3.60
4828,3.82,3.59
4829,3.80,3.58
4830,3.77,3.57
4832,3.75,3.55
4833,3.73,3.54
4834,3.73,3.55
4835,3.74,3.56
4836,3.76,3.57
4837,3.79,3.59
4838,3.82,3.61
4839,3.85,3.62
4841,3.86,3.62
4842,3.85,3.61
4843,3.84,3.61
4844,3.82,3.59
4845,3.80,3.58
4846,3.78,3.57
4847,3.76,3.55
4848,3.73,3.54
4850,3.72,3.55
4851,3.72,3.55
4852,3.74,3.56
4853,3.77,3.58
4854,3.80,3.60
4855,3.83,3.62
4856,3.85,3.62
4857,3.85,3.62
4859,3.84,3.61
4860,3.83,3.60
4861,3.81,3.59
4862,3.79,3.57
4864,3.77,3.56
4865,3.74,3.54
4866,3.72,3.54
4867,3.72,3.54
4869,3.73,3.55
4870,3.76,3.57
4871,3.79,3.59
4872,3.82,3.61
4873,3.84,3.62
4874,3.85,3.62
4875,3.85,3.61
4876,3.83,3.60
4878,3.82,3.59
4879,3.80,3.58
4880,3.77,3.56
4881,3.75,3.55
4882,3.72,3.53
4883,3.71,3.53
4884,3.72,3.54
4885,3.74,3.56
4887,3.77,3.58
4888,3.80,3.60
4889,3.83,3.61
4890,3.85,3.62
4891,3.85,3.61
4892,3.84,3.60
4893,3.82,3.59
4894,3.80,3.58
4896,3.78,3.57
4897,3.76,3.55
4898,3.73,3.54
4899,3.72,3.54
4900,3.72,3.54
4901,3.73,3.55
4902,3.75,3.57
4903,3.78,3.59
4905,3.82,3.61
4907,3.84,3.62
4908,3.85,3.62
4909,3.85,3.61
4910,3.83,3.60
4911,3.82,3.59
4912,3.80,3.58
4913,3.77,3.57
4915,3.75,3.55
4916,3.73,3.54
4917,3.72,3.54
4918,3.73,3.55
4919,3.75,3.56
4920,3.77,3.58
4921,3.81,3.60
4922,3.84,3.62
4924,3.85,3.63
4925,3.85,3.62
4926,3.84,3.61
4927,3.83,3.60
4928,3.81,3.59
4929,3.79,3.57
4930,3.77,3.56
4931,3.74,3.55
4933,3.72,3.54
4934,3.72,3.55
4935,3.74,3.56
4936,3.76,3.57
4937,3.79,3.59
4938,3.83,3.62
4939,3.85,3.62
4941,3.85,3.62
4942,3.85,3.61
4943,3.83,3.60
4944,3.82,3.59
4945,3.79,3.58
4946,3.77,3.56
4947,3.75,3.55
4948,3.73,3.54
4951,3.72,3.54
4952,3.73,3.55
4953,3.75,3.56
4954,3.78,3.58
4955,3.81,3.60
4956,3.84,3.62
4957,3.85,3.62
4958,3.85,3.62
4960,3.84,3.61
4961,3.83,3.60
4962,3.81,3.59
4963,3.79,3.57
4964,3.76,3.55
4965,3.73,3.54
4966,3.72,3.54
4967,3.73,3.55
4969,3.74,3.55
4970,3.77,3.57
4971,3.79,3.59
4972,3.83,3.62
4973,3.85,3.63
4974,3.86,3.62
4975,3.85,3.61
4976,3.84,3.60
4978,3.82,3.59
4979,3.80,3.58
4980,3.77,3.56
4981,3.75,3.55
4982,3.73,3.54
4983,3.72,3.55
4984,3.73,3.56
4985,3.76,3.57
4987,3.78,3.59
4988,3.81,3.61
4989,3.84,3.62
4990,3.85,3.62
4992,3.85,3.62
4993,3.84,3.61
4994,3.82,3.59
4995,3.80,3.58
4997,3.78,3.57
4998,3.76,3.55
4999,3.73,3.54
5000,3.72,3.54
5001,3.72,3.55
5002,3.74,3.56
5003,3.76,3.57
5004,3.79,3.60
5006,3.83,3.62
5007,3.85,3.63
5008,3.86,3.62
5009,3.85,3.61
5010,3.83,3.61
5011,3.82,3.59
5012,3.80,3.58
5013,3.77,3.57
5015,3.75,3.55
5016,3.73,3.55
5017,3.73,3.55
5018,3.74,3.55
5019,3.76,3.57
5020,3.79,3.59
5021,3.82,3.61
5022,3.85,3.63
5024,3.86,3.63
5025,3.85,3.62
5026,3.84,3.61
5027,3.83,3.60
5028,3.81,3.59
5029,3.79,3.57
5030,3.76,3.56
5031,3.74,3.54
5033,3.72,3.55
5035,3.73,3.55
5036,3.75,3.57
5037,3.77,3.58
5038,3.80,3.60
5039,3.83,3.62
5040,3.85,3.62
5041,3.85,3.62
5043,3.84,3.61
5044,3.83,3.60
5045,3.81,3.59
5046,3.79,3.57
5047,3.77,3.55
5048,3.74,3.54
5049,3.72,3.54
5051,3.72,3.55
5052,3.73,3.55
5053,3.75,3.57
5054,3.78,3.59
5055,3.81,3.61
5056,3.84,3.62
5057,3.85,3.62
5058,3.85,3.61
5060,3.83,3.60
5061,3.82,3.59
5062,3.79,3.58
5063,3.77,3.56
5064,3.75,3.55
5065,3.72,3.54
5066,3.72,3.54
5067,3.72,3.55
5069,3.74,3.56
5070,3.77,3.58
5071,3.80,3.60
5072,3.83,3.62
5073,3.85,3.62
5074,3.85,3.62
5075,3.84,3.61
5076,3.82,3.59
5079,3.80,3.58
5080,3.78,3.57
5081,3.76,3.56
5082,3.73,3.54
5083,3.72,3.54
5084,3.72,3.54
5085,3.73,3.56
5086,3.75,3.57
5088,3.79,3.59
5089,3.82,3.61
5090,3.84,3.62
5091,3.85,3.62
5092,3.84,3.61
5093,3.82,3.60
5094,3.81,3.58
5095,3.79,3.57
5097,3.76,3.56
5098,3.74,3.54
5099,3.72,3.53
5100,3.71,3.53
5101,3.72,3.55
5102,3.74,3.56
5103,3.77,3.58
5104,3.80,3.60
5106,3.83,3.62
5107,3.84,3.62
5108,3.84,3.61
5109,3.83,3.60
5110,3.82,3.59
5111,3.80,3.58
5112,3.78,3.57
5114,3.75,3.55
5115,3.73,3.54
5116,3.71,3.54
5117,3.72,3.54
5118,3.73,3.55
5120,3.76,3.57
5121,3.79,3.59
5122,3.82,3.61
5124,3.84,3.62
5125,3.85,3.62
5126,3.84,3.61
5127,3.83,3.60
5128,3.81,3.59
5129,3.79,3.57
5130,3.77,3.56
5131,3.74,3.55
5133,3.72,3.54
5134,3.72,3.54
5135,3.73,3.55
5136,3.75,3.57
5137,3.78,3.58
5138,3.81,3.61
5139,3.84,3.62
5140,3.85,3.62
5142,3.84,3.61
5143,3.83,3.60
5144,3.81,3.59
5145,3.79,3.58
5146,3.77,3.56
5147,3.75,3.55
5148,3.72,3.54
5149,3.71,3.54
5151,3.72,3.54
5152,3.73,3.55
5153,3.76,3.57
5154,3.79,3.59
5155,3.82,3.62
5156,3.84,3.62
5157,3.85,3.62
5158,3.84,3.61
5160,3.82,3.59
5161,3.81,3.59
5163,3.79,3.57
5164,3.76,3.56
5165,3.74,3.55
5166,3.72,3.54
5167,3.72,3.55
5168,3.73,3.55
5170,3.75,3.57
5171,3.78,3.59
5172,3.81,3.61
5173,3.84,3.62
5174,3.85,3.62
5175,3.85,3.61
5176,3.83,3.61
5177,3.82,3.59
5179,3.80,3.58
5180,3.78,3.57
5181,3.75,3.55
5182,3.73,3.55
5183,3.72,3.54
5184,3.72,3.55
5185,3.74,3.56
5186,3.77,3.58
5188,3.80,3.60
5189,3.83,3.62
5190,3.85,3.62
5191,3.85,3.62
5192,3.84,3.61
5193,3.82,3.59
5194,3.80,3.58
5195,3.78,3.57
5197,3.76,3.55
5198,3.73,3.54
5199,3.71,3.54
5200,3.71,3.54
5201,3.73,3.55
5202,3.75,3.57
5203,3.78,3.59
5204,3.81,3.61
5207,3.84,3.62
5208,3.85,3.62
5209,3.84,3.61
5210,3.83,3.60
5211,3.81,3.59
5212,3.79,3.58
5213,3.77,3.56
5214,3.75,3.55
5216,3.72,3.54
5217,3.71,3.54
5218,3.72,3.55
5219,3.74,3.56
5220,3.77,3.58
5221,3.80,3.60
5222,3.83,3.62
5223,3.84,3.61
5225,3.84,3.60
5226,3.84,3.59
5227,3.82,3.58
5228,3.80,3.57
5229,3.77,3.55
5230,3.75,3.54
5231,3.73,3.52
5232,3.71,3.52
5234,3.71,3.53
5235,3.73,3.54
5236,3.75,3.56
5237,3.78,3.58
5238,3.81,3.60
5239,3.84,3.61
5240,3.84,3.61
5241,3.83,3.60
5243,3.82,3.59
5244,3.80,3.58
5245,3.78,3.56
5246,3.76,3.55
5248,3.74,3.53
5249,3.71,3.53
5250,3.71,3.53
5252,3.72,3.54
5253,3.74,3.55
5254,3.76,3.57
5255,3.80,3.60
5256,3.83,3.61
5257,3.84,3.61
5258,3.84,3.61
5259,3.83,3.60
5261,3.81,3.59
5262,3.80,3.58
5263,3.77,3.56
5264,3.75,3.55
5265,3.73,3.54
5266,3.71,3.53
5267,3.72,3.54
5268,3.73,3.55
5270,3.76,3.57
5271,3.79,3.59
5272,3.82,3.61
5273,3.84,3.62
5274,3.85,3.61
5275,3.84,3.61
5276,3.83,3.60
5277,3.81,3.58
5279,3.79,3.57
5280,3.76,3.56
5281,3.74,3.54
5282,3.72,3.54
5283,3.72,3.54
5284,3.72,3.55
5285,3.75,3.56
5286,3.77,3.58
5288,3.81,3.60
5289,3.83,3.62
5291,3.84,3.62
5292,3.84,3.61
5293,3.83,3.60
5294,3.81,3.59
5295,3.79,3.57
5296,3.77,3.56
5298,3.74,3.55
5299,3.72,3.53
5300,3.71,3.53
5301,3.71,3.54
5302,3.73,3.55
5303,3.75,3.57
5304,3.79,3.59
5305,3.82,3.61
5307,3.84,3.62
5308,3.84,3.61
5309,3.83,3.60
5310,3.82,3.59
5311,3.80,3.58
5312,3.78,3.57
5313,3.76,3.55
5314,3.73,3.54
5316,3.71,3.53
5317,3.71,3.54
5318,3.72,3.55
5319,3.74,3.56
5320,3.77,3.58
5321,3.81,3.61
5322,3.83,3.62
5323,3.84,3.62
5325,3.84,3.61
5326,3.83,3.60
5327,3.81,3.59
5328,3.79,3.57
5329,3.77,3.56
5330,3.75,3.54
5331,3.72,3.53
5332,3.71,3.54
5335,3.72,3.54
5336,3.73,3.56
5337,3.76,3.57
5338,3.79,3.60
5339,3.82,3.61
5340,3.84,3.62
5341,3.84,3.61
5342,3.83,3.60
5344,3.81,3.59
5345,3.80,3.58
5346,3.77,3.57
5347,3.75,3.55
5348,3.73,3.54
5349,3.71,3.53
5350,3.71,3.54
5352,3.72,3.55
5353,3.75,3.56
5354,3.77,3.58
5355,3.81,3.61
5356,3.83,3.62
5357,3.85,3.62
5358,3.84,3.61
5359,3.83,3.60
5361,3.81,3.59
5362,3.79,3.57
5363,3.77,3.56
5364,3.75,3.55
5365,3.72,3.54
5366,3.72,3.54
5367,3.72,3.55
5368,3.74,3.56
5370,3.77,3.58
5371,3.80,3.60
5372,3.83,3.62
5373,3.85,3.62
5374,3.84,3.62
5376,3.83,3.60
5377,3.82,3.60
5378,3.80,3.58
5380,3.78,3.57
5381,3.75,3.55
5382,3.73,3.54
5383,3.71,3.54
5384,3.71,3.54
5385,3.73,3.55
5386,3.75,3.57
5387,3.78,3.59
5389,3.82,3.61
5390,3.84,3.62
5391,3.84,3.62
5392,3.83,3.61
5393,3.82,3.60
5394,3.80,3.58
5395,3.78,3.57
5396,3.76,3.56
5398,3.73,3.54
5399,3.71,3.53
5400,3.71,3.54
5401,3.72,3.55
5402,3.74,3.56
5403,3.77,3.58
5404,3.80,3.60
5405,3.83,3.62
5407,3.84,3.62
5408,3.84,3.62
5409,3.83,3.60
5410,3.81,3.59
5411,3.79,3.58
5412,3.77,3.57
5413,3.75,3.55
5414,3.73,3.54
5416,3.71,3.54
5417,3.71,3.54
5419,3.73,3.56
5420,3.76,3.57
5421,3.79,3.59
5422,3.82,3.62
5423,3.84,3.62
5424,3.84,3.62
5426,3.83,3.61
5427,3.82,3.60
5428,3.80,3.58
5429,3.78,3.57
5430,3.76,3.56
5431,3.73,3.54
5432,3.71,3.53
5433,3.71,3.54
5435,3.72,3.55
5436,3.74,3.56
5437,3.77,3.58
5438,3.80,3.61
5439,3.83,3.62
5440,3.84,3.62
5441,3.84,3.61
5442,3.83,3.60
5444,3.81,3.59
5445,3.79,3.58
5446,3.77,3.56
5447,3.74,3.55
5448,3.72,3.54
5449,3.71,3.54
5450,3.72,3.54
5452,3.73,3.55
5453,3.76,3.58
5454,3.79,3.60
5455,3.83,3.62
5456,3.86,3.64
5457,3.88,3.64
5458,3.88,3.64
5459,3.87,3.63
5462,3.85,3.62
5463,3.83,3.61
5464,3.81,3.59
5465,3.79,3.58
5466,3.78,3.58
5467,3.78,3.58
5468,3.80,3.59
5469,3.82,3.61
5471,3.85,3.63
5472,3.89,3.65
5473,3.92,3.67
5474,3.95,3.69
5475,3.96,3.69
5476,3.96,3.69
5477,3.97,3.70
5478,4.00,3.72
5480,4.03,3.74
5481,4.06,3.76
5482,4.09,3.78
5483,4.13,3.81
5484,4.16,3.83
5485,4.19,3.84
5486,4.22,3.86
5487,4.25,3.87
5489,4.28,3.89
5490,4.30,3.90
5491,4.33,3.91
5492,4.35,3.92
5493,4.37,3.94
5494,4.39,3.95
5495,4.42,3.96
5496,4.43,3.97
5498,4.45,3.98
5499,4.47,3.99
5500,4.48,4.00
5501,4.50,4.01
5502,4.51,4.02
5504,4.52,4.03
5505,4.53,4.03
5506,4.54,4.04
5508,4.55,4.05
5509,4.56,4.05
5510,4.57,4.05
5511,4.57,4.06
5512,4.57,4.06
5513,4.57,4.07
5514,4.58,4.07
5515,4.58,4.07
5517,4.58,4.07
5518,4.58,4.07
5519,4.58,4.07
5520,4.58,4.07
5521,4.58,4.07
5522,4.58,4.07
5523,4.58,4.07
5524,4.58,4.07
5526,4.58,4.07
5527,4.57,4.07
5528,4.57,4.07
5529,4.57,4.07
5530,4.57,4.07
5531,4.57,4.07
5532,4.57,4.07
5533,4.56,4.07
5535,4.56,4.06
5536,4.56,4.06
5537,4.56,4.06
5538,4.55,4.06
5539,4.55,4.06
5540,4.55,4.06
5541,4.55,4.06
5542,4.54,4.06
5544,4.54,4.06
5545,4.54,4.06
5547,4.54,4.06
5548,4.53,4.05
5549,4.53,4.05
5550,4.53,4.05
5551,4.53,4.05
5552,4.53,4.05
5554,4.53,4.05
5555,4.52,4.05
5556,4.52,4.05
5557,4.52,4.05
5558,4.52,4.05
5559,4.52,4.05
5560,4.52,4.05
5561,4.52,4.05
5563,4.52,4.05
5564,4.52,4.05
5565,4.51,4.05
5566,4.51,4.05
5567,4.51,4.05
5568,4.51,4.05
5569,4.51,4.05
5570,4.52,4.05
5572,4.51,4.05
5573,4.51,4.05
5574,4.51,4.05
5575,4.51,4.05
5576,4.51,4.05
5577,4.51,4.05
5578,4.51,4.05
5579,4.51,4.05
5581,4.51,4.05
5582,4.51,4.05
5583,4.51,4.06
5584,4.51,4.06
5585,4.51,4.06
5586,4.51,4.06
5587,4.51,4.06
5588,4.51,4.06
5591,4.51,4.06
5592,4.51,4.06
5593,4.51,4.06
5594,4.51,4.06
5595,4.51,4.06
5596,4.51,4.06
5597,4.51,4.06
5599,4.52,4.06
5600,4.52,4.06
5601,4.52,4.06
5602,4.51,4.06
5603,4.52,4.06
5604,4.52,4.06
5605,4.52,4.06
5606,4.52,4.06
5608,4.52,4.06
5609,4.52,4.06
5610,4.51,4.06
5611,4.52,4.06
5612,4.52,4.06
5613,4.52,4.06
5614,4.52,4.06
5615,4.52,4.06
5617,4.52,4.06
5618,4.52,4.06
5619,4.52,4.06
5620,4.52,4.06
5621,4.52,4.06
5622,4.52,4.06
5623,4.52,4.06
5624,4.52,4.06
5626,4.52,4.06
5627,4.52,4.06
5628,4.52,4.06
5629,4.52,4.06
5630,4.52,4.06
5632,4.52,4.06
5633,4.52,4.06
5634,4.52,4.06
5636,4.52,4.06
5637,4.51,4.06
5638,4.51,4.06
5639,4.51,4.06
5640,4.51,4.06
5641,4.51,4.06
5642,4.51,4.06
5643,4.51,4.06
5645,4.51,4.06
5646,4.51,4.06
5647,4.51,4.06
5648,4.51,4.06
5649,4.51,4.06
5650,4.51,4.06
5651,4.51,4.06
5652,4.51,4.06
5654,4.51,4.06
5655,4.51,4.06
5656,4.51,4.06
5657,4.51,4.06
5658,4.51,4.06
5659,4.51,4.06
5660,4.51,4.06
5661,4.51,4.06
5663,4.51,4.06
5664,4.51,4.06
5665,4.51,4.06
5666,4.51,4.06
5667,4.51,4.06
5668,4.52,4.06
5669,4.51,4.06
5670,4.52,4.06
5672,4.52,4.06
5673,4.51,4.06
5675,4.52,4.06
5676,4.51,4.06
5677,4.51,4.06
5678,4.51,4.06
5679,4.51,4.06
5680,4.52,4.06
5682,4.52,4.06
5683,4.52,4.06
5684,4.52,4.06
5685,4.52,4.07
5686,4.52,4.07
5687,4.52,4.07
5688,4.52,4.07
5689,4.52,4.07
5691,4.52,4.07
5692,4.52,4.07
5693,4.52,4.07
5694,4.52,4.07
5695,4.52,4.07
5696,4.52,4.07
5697,4.52,4.07
5698,4.52,4.07
5700,4.52,4.07
5701,4.52,4.07
5702,4.52,4.07
5703,4.52,4.07
5704,4.52,4.07
5705,4.52,4.07
5706,4.52,4.07
5708,4.52,4.07
5709,4.52,4.07
5710,4.52,4.07
5711,4.52,4.07
5712,4.52,4.07
5713,4.52,4.07
5714,4.51,4.07
5715,4.52,4.07
5718,4.52,4.07
5719,4.52,4.07
5720,4.52,4.07
5721,4.52,4.07
5722,4.52,4.08
5723,4.52,4.08
5724,4.51,4.08
5725,4.51,4.07
5727,4.52,4.07
5728,4.52,4.07
5729,4.52,4.07
5730,4.52,4.07
5731,4.52,4.08
5732,4.51,4.07
5733,4.52,4.08
5734,4.51,4.08
5736,4.52,4.07
5737,4.51,4.07
5738,4.52,4.08
5739,4.51,4.08
5740,4.52,4.07
5741,4.52,4.08
5742,4.52,4.08
5743,4.52,4.07
5745,4.52,4.08
5746,4.52,4.08
5747,4.51,4.08
5748,4.52,4.08
5749,4.52,4.08
5750,4.52,4.08
5751,4.51,4.08
5753,4.52,4.08
5754,4.52,4.08
5755,4.52,4.08
5756,4.52,4.08
5757,4.52,4.08
5758,4.52,4.08
5760,4.52,4.08
5761,4.52,4.08
5763,4.52,4.08
5764,4.52,4.08
5765,4.52,4.08
5766,4.52,4.08
5767,4.52,4.08
5768,4.52,4.08
5769,4.52,4.09
5770,4.51,4.09
5772,4.52,4.09
5773,4.51,4.08
5774,4.52,4.08
5775,4.52,4.09
5776,4.52,4.09
5777,4.52,4.09
5778,4.52,4.09
5779,4.52,4.09
5781,4.52,4.09
5782,4.51,4.09
5783,4.52,4.09
5784,4.52,4.09
5785,4.52,4.09
5786,4.52,4.09
5787,4.52,4.09
5788,4.52,4.09
5790,4.52,4.09
5791,4.52,4.09
5792,4.52,4.09
5793,4.52,4.10
5794,4.52,4.10
5795,4.51,4.09
5796,4.52,4.10
5797,4.52,4.10
5799,4.52,4.10
5800,4.52,4.10
5801,4.52,4.10
5803,4.52,4.10
5804,4.52,4.10
5805,4.52,4.10
5806,4.52,4.10
5807,4.52,4.10
5809,4.52,4.10
5810,4.52,4.10
5811,4.52,4.10
5812,4.51,4.10
5813,4.51,4.10
5814,4.52,4.10
5815,4.52,4.10
5816,4.52,4.10
5818,4.52,4.10
5819,4.51,4.10
5820,4.52,4.10
5821,4.51,4.10
5822,4.52,4.10
5823,4.52,4.10
5824,4.52,4.10
5825,4.52,4.10
5827,4.52,4.10
5828,4.52,4.10
5829,4.52,4.10
5830,4.52,4.10
5831,4.52,4.10
5832,4.52,4.10
5833,4.52,4.10
5834,4.52,4.10
5836,4.52,4.10
5837,4.51,4.10
5838,4.52,4.10
5839,4.52,4.10
5840,4.52,4.10
5841,4.51,4.10
5842,4.52,4.11
5843,4.52,4.10
5846,4.52,4.11
5847,4.52,4.10
5848,4.52,4.10
5849,4.52,4.10
5850,4.52,4.11
5851,4.52,4.11
5852,4.52,4.11
5853,4.52,4.11
5855,4.52,4.11
5856,4.52,4.10
5857,4.52,4.11
5858,4.52,4.11
5859,4.52,4.11
5860,4.52,4.11
5861,4.52,4.11
5863,4.52,4.11
5864,4.51,4.11
5865,4.52,4.11
5866,4.52,4.11
5867,4.52,4.11
5868,4.52,4.11
5869,4.52,4.11
5871,4.52,4.11
5872,4.52,4.12
5873,4.52,4.12
5874,4.52,4.12
5875,4.52,4.12
5876,4.52,4.11
5877,4.52,4.12
5879,4.52,4.11
5880,4.52,4.12
5881,4.51,4.11
5882,4.52,4.12
5883,4.52,4.11
5884,4.52,4.11
5885,4.52,4.11
5886,4.52,4.12
5889,4.52,4.12
5890,4.51,4.11
5891,4.52,4.11
5892,4.51,4.11
5893,4.52,4.11
5894,4.52,4.11
5895,4.52,4.11
5897,4.52,4.11
5898,4.52,4.11
5899,4.51,4.11
5900,4.51,4.11
5901,4.52,4.11
5902,4.52,4.11
5903,4.52,4.11
5904,4.52,4.11
5906,4.52,4.11
5907,4.52,4.11
5908,4.51,4.11
5909,4.51,4.11
5910,4.52,4.11
5911,4.52,4.11
5912,4.51,4.11
5914,4.51,4.11
5915,4.52,4.11
5916,4.52,4.11
5917,4.52,4.11
5918,4.52,4.11
5919,4.51,4.11
5920,4.51,4.11
5921,4.51,4.11
5923,4.51,4.11
5924,4.51,4.11
5925,4.51,4.11
5926,4.52,4.10
5927,4.52,4.10
5928,4.52,4.10
5929,4.52,4.10
5932,4.52,4.10
5933,4.52,4.10
5934,4.52,4.10
5935,4.52,4.10
5936,4.51,4.10
5937,4.52,4.10
5938,4.52,4.10
5939,4.52,4.10
5941,4.52,4.10
5942,4.52,4.10
5943,4.52,4.09
5944,4.52,4.09
5945,4.52,4.09
5946,4.52,4.09
5947,4.52,4.09
5948,4.52,4.09
5950,4.52,4.09
5951,4.51,4.09
5952,4.52,4.09
5953,4.52,4.09
5954,4.51,4.09
5955,4.51,4.08
5956,4.51,4.08
5957,4.51,4.08
5959,4.52,4.08
5960,4.51,4.08
5961,4.51,4.08
5962,4.51,4.08
5963,4.51,4.08
5964,4.51,4.08
5965,4.51,4.08
5966,4.51,4.08
5968,4.51,4.08
5969,4.51,4.08
5970,4.51,4.08
5971,4.51,4.08
5972,4.51,4.08
5974,4.51,4.08
5975,4.51,4.08
5976,4.51,4.08
5978,4.51,4.08
5979,4.51,4.07
5980,4.51,4.07
5981,4.51,4.07
5982,4.51,4.07
5983,4.51,4.07
5984,4.51,4.07
5986,4.51,4.07
5987,4.51,4.07
5988,4.51,4.07
5989,4.51,4.07
5990,4.51,4.07
5991,4.51,4.07
5992,4.51,4.07
5993,4.51,4.07
5995,4.51,4.07
5996,4.51,4.07
5997,4.51,4.07
5998,4.51,4.06
5999,4.51,4.06
6000,4.51,4.06
6001,4.51,4.06
6002,4.51,4.06
6004,4.51,4.06
6005,4.51,4.06
6006,4.51,4.06
6007,4.51,4.06
6008,4.51,4.06
6009,4.51,4.06
6010,4.51,4.06
6011,4.51,4.06
6013,4.51,4.06
6014,4.51,4.06
6016,4.51,4.06
6017,4.51,4.06
6018,4.51,4.06
6019,4.51,4.06
6020,4.51,4.06
6022,4.51,4.06
6023,4.51,4.05
6024,4.51,4.05
6025,4.51,4.05
6026,4.51,4.05
6027,4.51,4.05
6028,4.51,4.05
6029,4.51,4.05
6031,4.51,4.04
6032,4.51,4.05
6033,4.51,4.04
6034,4.51,4.04
6035,4.51,4.04
6036,4.51,4.04
6037,4.51,4.04
6038,4.51,4.04
6040,4.51,4.03
6041,4.51,4.03
6042,4.51,4.03
6043,4.51,4.03
6044,4.51,4.03
6045,4.51,4.02
6046,4.51,4.02
6047,4.51,4.02
6049,4.51,4.02
6050,4.51,4.02
6051,4.51,4.02
6052,4.51,4.01
6053,4.51,4.01
6054,4.51,4.01
6055,4.51,4.01
6056,4.51,4.01
6059,4.51,4.01
6060,4.51,4.01
6061,4.51,4.00
6062,4.51,4.00
6063,4.51,4.00
6064,4.51,4.00
6065,4.51,3.99
6066,4.51,3.99
6068,4.51,3.99
6069,4.51,3.99
6070,4.51,3.99
6071,4.51,3.98
6072,4.51,3.98
6073,4.51,3.98
6074,4.51,3.98
6075,4.51,3.97
6077,4.51,3.97
6078,4.51,3.97
6079,4.51,3.97
6080,4.51,3.97
6081,4.51,3.96
6082,4.51,3.96
6083,4.51,3.96
6084,4.51,3.96
6086,4.51,3.95
6087,4.51,3.95
6088,4.51,3.95
6089,4.51,3.95
6090,4.51,3.94
6091,4.51,3.94
6092,4.51,3.94
6093,4.51,3.94
6095,4.51,3.94
6096,4.51,3.93
6097,4.51,3.93
6098,4.51,3.93
6099,4.51,3.92
6100,4.51,3.92
6102,4.51,3.92
6103,4.51,3.92
6105,4.51,3.91
6106,4.51,3.91
6107,4.51,3.91
6108,4.51,3.91
6109,4.51,3.91
6110,4.51,3.91
6111,4.51,3.91
6113,4.51,3.90
6114,4.51,3.90
6115,4.51,3.90
6116,4.51,3.90
6117,4.51,3.89
6118,4.51,3.89
6119,4.51,3.89
6120,4.51,3.89
6122,4.51,3.89
6123,4.51,3.89
6124,4.51,3.88
6125,4.50,3.88
6126,4.51,3.88
6127,4.51,3.88
6128,4.50,3.88
6129,4.51,3.87
6131,4.50,3.87
6132,4.51,3.87
6133,4.51,3.87
6134,4.51,3.87
6135,4.51,3.87
6136,4.51,3.87
6137,4.50,3.86
6139,4.51,3.86
6140,4.50,3.86
6141,4.51,3.86
6142,4.50,3.86
6144,4.50,3.85
6145,4.51,3.85
6146,4.51,3.85
6147,4.51,3.85
6149,4.51,3.85
6150,4.51,3.85
6151,4.51,3.85
6152,4.51,3.85
6153,4.50,3.85
6154,4.51,3.84
6155,4.51,3.84
6157,4.51,3.84
6158,4.51,3.84
6159,4.51,3.84
6160,4.51,3.84
6161,4.51,3.84
6162,4.51,3.84
6163,4.51,3.83
6164,4.51,3.83
6166,4.51,3.83
6167,4.51,3.83
6168,4.51,3.83
6169,4.51,3.83
6170,4.51,3.83
6171,4.51,3.83
6172,4.51,3.83
6173,4.51,3.83
6175,4.51,3.83
6176,4.51,3.83
6177,4.51,3.83
6178,4.51,3.83
6179,4.51,3.83
6180,4.51,3.83
6181,4.51,3.83
6183,4.51,3.83
6184,4.51,3.83
6185,4.51,3.83
6187,4.51,3.83
6188,4.51,3.83
6189,4.51,3.83
6190,4.51,3.83
6192,4.51,3.83
6193,4.51,3.83
6194,4.51,3.83
6195,4.50,3.83
6196,4.51,3.83
6197,4.51,3.83
6198,4.51,3.83
6199,4.51,3.83
6201,4.51,3.83
6202,4.51,3.83
6203,4.51,3.83
6204,4.51,3.83
6205,4.51,3.83
6206,4.51,3.83
6207,4.51,3.83
6209,4.51,3.83
6210,4.51,3.83
6211,4.51,3.83
6212,4.51,3.83
6213,4.51,3.83
6214,4.51,3.83
6215,4.51,3.83
6217,4.51,3.83
6218,4.51,3.83
6219,4.51,3.83
6220,4.51,3.83
6221,4.51,3.83
6222,4.51,3.83
6223,4.51,3.83
6224,4.51,3.83
6226,4.51,3.83
6227,4.51,3.83
6228,4.51,3.83
6230,4.51,3.83
6231,4.51,3.83
6232,4.51,3.83
6233,4.51,3.83
6235,4.51,3.83
6236,4.51,3.84
6237,4.51,3.84
6238,4.51,3.84
6239,4.51,3.84
6240,4.51,3.84
6241,4.51,3.84
6243,4.51,3.84
6244,4.51,3.84
6245,4.51,3.84
6246,4.51,3.84
6247,4.51,3.84
6248,4.51,3.84
6249,4.51,3.84
6251,4.51,3.84
6252,4.51,3.84
6253,4.51,3.84
6254,4.51,3.84
6255,4.51,3.84
6256,4.51,3.84
6257,4.51,3.84
6258,4.51,3.84
6260,4.51,3.84
6261,4.51,3.84
6262,4.51,3.84
6263,4.51,3.84
6264,4.51,3.84
6265,4.51,3.84
6266,4.51,3.84
6267,4.51,3.84
6269,4.51,3.84
6270,4.51,3.84
6272,4.51,3.84
6273,4.51,3.84
6274,4.51,3.84
6275,4.51,3.84
6276,4.51,3.84
6277,4.51,3.84
6279,4.51,3.84
6280,4.51,3.84
6281,4.51,3.84
6282,4.51,3.84
6283,4.51,3.84
6284,4.51,3.84
6285,4.51,3.84
6286,4.51,3.84
6288,4.51,3.85
6289,4.51,3.84
6290,4.51,3.85
6291,4.51,3.84
6292,4.51,3.85
6293,4.51,3.85
6294,4.51,3.85
6296,4.51,3.85
6297,4.51,3.85
6298,4.51,3.85
6299,4.51,3.85
6300,4.51,3.85
6301,4.51,3.85
6302,4.51,3.85
6304,4.51,3.85
6305,4.51,3.85
6306,4.51,3.85
6307,4.51,3.85
6308,4.50,3.85
6309,4.51,3.85
6310,4.51,3.85
6312,4.51,3.85
6313,4.50,3.85
6315,4.50,3.85
6316,4.50,3.85
6317,4.50,3.85
6318,4.51,3.85
6319,4.50,3.85
6320,4.50,3.85
6322,4.50,3.85
6323,4.50,3.85
6324,4.51,3.85
6325,4.50,3.85
6326,4.50,3.85
6327,4.50,3.85
6328,4.50,3.85
6330,4.50,3.85
6331,4.50,3.85
6332,4.51,3.85
6333,4.50,3.85
6334,4.50,3.85
6335,4.50,3.85
6336,4.50,3.85
6337,4.50,3.85
6339,4.50,3.85
6340,4.50,3.85
6341,4.50,3.85
6342,4.50,3.85
6343,4.50,3.85
6344,4.50,3.85
6345,4.50,3.85
6347,4.50,3.85
6348,4.50,3.85
6349,4.50,3.85
6350,4.50,3.85
6351,4.50,3.85
6352,4.50,3.85
6353,4.50,3.85
6354,4.51,3.86
6356,4.50,3.86
6358,4.50,3.86
6359,4.50,3.86
6360,4.50,3.86
6361,4.50,3.86
6362,4.50,3.86
6363,4.50,3.87
6364,4.50,3.87
6366,4.50,3.87
6367,4.50,3.87
6368,4.51,3.87
6369,4.50,3.87
6370,4.50,3.87
6371,4.50,3.87
6372,4.50,3.87
6373,4.50,3.88
6375,4.50,3.88
6376,4.50,3.88
6377,4.50,3.88
6378,4.50,3.88
6379,4.50,3.88
6380,4.50,3.88
6381,4.50,3.89
6382,4.50,3.89
6384,4.50,3.89
6385,4.50,3.89
6386,4.50,3.89
6387,4.50,3.89
6388,4.50,3.89
6389,4.50,3.89
6390,4.50,3.89
6391,4.50,3.90
6393,4.50,3.90
6394,4.50,3.90
6395,4.50,3.90
6396,4.50,3.90
6397,4.50,3.90
6398,4.50,3.90
6400,4.50,3.90
6401,4.50,3.90
6402,4.50,3.90
6404,4.50,3.90
6405,4.50,3.90
6406,4.50,3.91
6407,4.50,3.91
6408,4.50,3.91
6409,4.50,3.91
6410,4.50,3.91
6411,4.50,3.91
6413,4.50,3.91
6414,4.50,3.91
6415,4.50,3.91
6416,4.50,3.91
6417,4.50,3.91
6418,4.50,3.91
6419,4.50,3.91
6421,4.50,3.91
6422,4.50,3.91
6423,4.50,3.91
6424,4.50,3.91
6425,4.50,3.91
6426,4.50,3.91
6427,4.50,3.91
6428,4.50,3.91
6430,4.50,3.91
6431,4.50,3.91
6432,4.50,3.91
6433,4.50,3.91
6434,4.50,3.91
6435,4.50,3.91
6436,4.50,3.92
6437,4.50,3.92
6439,4.50,3.92
6440,4.50,3.92
6441,4.50,3.92
6443,4.50,3.92
6444,4.50,3.92
6445,4.50,3.92
6446,4.50,3.92
6447,4.50,3.92
6449,4.50,3.92
6450,4.50,3.92
6451,4.50,3.92
6452,4.50,3.92
6453,4.50,3.92
6454,4.50,3.92
6455,4.50,3.92
6456,4.50,3.92
6458,4.50,3.93
6459,4.50,3.93
6460,4.50,3.93
6461,4.50,3.93
6462,4.50,3.93
6463,4.50,3.93
6464,4.50,3.93
6465,4.50,3.93
6467,4.50,3.93
6468,4.50,3.93
6469,4.50,3.93
6470,4.50,3.93
6471,4.50,3.93
6472,4.50,3.93
6473,4.50,3.94
6474,4.50,3.94
6475,4.50,3.94
6477,4.50,3.94
6478,4.50,3.94
6479,4.50,3.94
6480,4.50,3.94
6481,4.50,3.94
6482,4.50,3.94
6483,4.50,3.94
6484,4.50,3.94
6487,4.50,3.94
6488,4.50,3.95
6489,4.50,3.95
6490,4.50,3.95
6491,4.50,3.95
6492,4.50,3.95
6493,4.50,3.95
6494,4.50,3.95
6496,4.50,3.95
6497,4.50,3.95
6498,4.50,3.95
6499,4.50,3.95
6500,4.50,3.95
6501,4.50,3.95
6502,4.50,3.96
6503,4.50,3.96
6504,4.50,3.96
6506,4.50,3.96
6507,4.50,3.96
6508,4.50,3.96
6509,4.50,3.96
6510,4.50,3.96
6511,4.50,3.96
6512,4.50,3.96
6513,4.50,3.96
6515,4.50,3.97
6516,4.50,3.97
6517,4.50,3.97
6518,4.50,3.97
6519,4.50,3.97
6520,4.50,3.97
6521,4.50,3.97
6522,4.50,3.97
6524,4.50,3.97
6525,4.50,3.97
6526,4.50,3.97
6528,4.50,3.97
6529,4.50,3.97
6530,4.50,3.97
6531,4.50,3.97
6532,4.50,3.97
6534,4.50,3.97
6535,4.50,3.97
6536,4.50,3.97
6537,4.50,3.97
6538,4.50,3.97
6539,4.50,3.97
6540,4.50,3.97
6541,4.50,3.97
6543,4.50,3.97
6544,4.50,3.97
6545,4.50,3.97
6546,4.50,3.97
6547,4.50,3.96
6548,4.50,3.96
6549,4.50,3.96
6550,4.50,3.97
6552,4.50,3.96
6553,4.50,3.96
6554,4.50,3.96
6555,4.50,3.96
6556,4.50,3.96
6557,4.50,3.96
6558,4.50,3.96
6559,4.50,3.96
6561,4.50,3.96
6562,4.50,3.96
6563,4.50,3.96
6564,4.50,3.96
6565,4.50,3.96
6566,4.50,3.96
6567,4.50,3.96
6568,4.50,3.96
6571,4.50,3.96
6572,4.50,3.96
6573,4.50,3.96
6574,4.50,3.96
6575,4.50,3.96
6576,4.50,3.96
6577,4.50,3.96
6578,4.50,3.96
6579,4.50,3.96
6581,4.50,3.96
6582,4.50,3.96
6583,4.50,3.96
6584,4.50,3.96
6585,4.50,3.96
6586,4.50,3.96
6587,4.50,3.96
6588,4.50,3.96
6590,4.50,3.96
6591,4.50,3.96
6592,4.50,3.96
6593,4.50,3.96
6594,4.50,3.96
6595,4.50,3.96
6596,4.50,3.96
6597,4.50,3.96
6599,4.50,3.96
6600,4.50,3.96
6601,4.50,3.96
6602,4.50,3.96
6603,4.50,3.96
6604,4.50,3.96
6605,4.50,3.96
6606,4.50,3.96
6608,4.50,3.96
6609,4.50,3.96
6610,4.50,3.96
6611,4.50,3.96
6612,4.50,3.96
6614,4.50,3.95
6615,4.50,3.95
6616,4.50,3.95
6618,4.50,3.95
6619,4.50,3.95
6620,4.50,3.95
6621,4.50,3.95
6622,4.50,3.95
6623,4.50,3.95
6624,4.50,3.95
6625,4.50,3.95
6627,4.50,3.95
6628,4.50,3.95
6629,4.50,3.95
6630,4.50,3.95
6631,4.50,3.95
6632,4.50,3.94
6633,4.50,3.94
6634,4.50,3.94
6636,4.50,3.94
6637,4.50,3.94
6638,4.50,3.94
6639,4.50,3.94
6640,4.50,3.94
6641,4.50,3.94
6642,4.50,3.94
6643,4.50,3.94
6645,4.50,3.94
6646,4.50,3.94
6647,4.50,3.94
6648,4.50,3.94
6649,4.50,3.94
6650,4.50,3.94
6651,4.50,3.94
6652,4.50,3.94
6654,4.50,3.93
6656,4.50,3.93
6657,4.50,3.93
6658,4.50,3.93
6659,4.50,3.93
6660,4.50,3.93
6661,4.50,3.93
6662,4.50,3.93
6664,4.50,3.93
6665,4.50,3.93
6666,4.50,3.93
6667,4.50,3.93
6668,4.50,3.93
6669,4.50,3.93
6670,4.50,3.93
6671,4.50,3.93
6673,4.50,3.93
6674,4.50,3.93
6675,4.50,3.93
6676,4.50,3.93
6677,4.50,3.93
6678,4.50,3.93
6679,4.50,3.93
6680,4.50,3.93
6682,4.50,3.93
6683,4.50,3.93
6684,4.50,3.93
6685,4.50,3.93
6686,4.50,3.93
6687,4.50,3.93
6688,4.50,3.94
6689,4.50,3.94
6691,4.50,3.94
6692,4.50,3.93
6693,4.50,3.94
6694,4.50,3.94
6695,4.50,3.94
6696,4.50,3.94
6697,4.50,3.94
6699,4.50,3.94
6701,4.50,3.94
6702,4.50,3.94
6703,4.50,3.94
6704,4.50,3.94
6705,4.50,3.94
6706,4.50,3.94
6707,4.50,3.94
6708,4.50,3.94
6710,4.50,3.94
6711,4.50,3.94
6712,4.50,3.94
6713,4.50,3.94
6714,4.50,3.94
6715,4.50,3.94
6716,4.50,3.94
6717,4.50,3.94
6719,4.50,3.94
6720,4.50,3.94
6721,4.50,3.94
6722,4.50,3.94
6723,4.50,3.94
6724,4.50,3.94
6725,4.50,3.94
6726,4.50,3.94
6728,4.50,3.94
6729,4.50,3.94
6730,4.50,3.94
6731,4.50,3.94
6732,4.50,3.94
6733,4.50,3.94
6734,4.50,3.94
6735,4.50,3.94
6737,4.50,3.94
6738,4.50,3.94
6739,4.50,3.94
6740,4.50,3.94
6742,4.50,3.94
6743,4.50,3.94
6744,4.50,3.94
6745,4.50,3.94
6747,4.50,3.94
6748,4.50,3.94
6749,4.50,3.94
6750,4.50,3.94
6751,4.50,3.94
6752,4.50,3.94
6753,4.50,3.94
6754,4.50,3.94
6756,4.50,3.94
6757,4.50,3.94
6758,4.50,3.94
6759,4.50,3.94
6760,4.50,3.94
6761,4.50,3.94
6762,4.50,3.95
6763,4.50,3.94
6765,4.50,3.95
6766,4.50,3.95
6767,4.50,3.95
6768,4.50,3.95
6769,4.50,3.95
6770,4.50,3.95
6771,4.50,3.95
6772,4.50,3.95
6774,4.50,3.95
6775,4.50,3.95
6776,4.50,3.95
6777,4.50,3.95
6778,4.50,3.95
6779,4.50,3.95
6780,4.50,3.95
6781,4.50,3.95
6784,4.50,3.95
6785,4.50,3.95
6786,4.50,3.95
6787,4.50,3.95
6788,4.50,3.95
6789,4.50,3.95
6790,4.50,3.95
6791,4.50,3.95
6793,4.50,3.96
6794,4.50,3.96
6795,4.50,3.96
6796,4.50,3.96
6797,4.50,3.96
6798,4.50,3.96
6799,4.50,3.96
6800,4.50,3.96
6802,4.50,3.96
6803,4.50,3.96
6804,4.50,3.96
6805,4.50,3.96
6806,4.50,3.96
6807,4.50,3.96
6808,4.50,3.96
6809,4.50,3.96
6811,4.50,3.96
6812,4.50,3.96
6813,4.50,3.96
6814,4.50,3.96
6815,4.50,3.97
6816,4.50,3.97
6817,4.50,3.97
6818,4.50,3.97
6820,4.50,3.97
6821,4.50,3.97
6822,4.50,3.97
6823,4.50,3.97
6824,4.50,3.97
6825,4.50,3.97
6827,4.50,3.97
6828,4.50,3.97
6830,4.50,3.97
6831,4.50,3.97
6832,4.50,3.97
6833,4.50,3.97
6834,4.50,3.97
6835,4.50,3.97
6836,4.50,3.97
6837,4.50,3.97
6839,4.50,3.97
6840,4.50,3.97
6841,4.50,3.98
6842,4.50,3.98
6843,4.50,3.97
6844,4.50,3.98
6845,4.50,3.98
6846,4.50,3.98
6848,4.50,3.98
6849,4.50,3.98
6850,4.50,3.98
6851,4.50,3.98
6852,4.50,3.98
6853,4.50,3.98
6854,4.50,3.98
6855,4.50,3.98
6857,4.50,3.98
6858,4.50,3.98
6859,4.50,3.98
6860,4.50,3.98
6861,4.50,3.98
6862,4.50,3.98
6863,4.50,3.98
6864,4.50,3.98
6866,4.50,3.98
6867,4.50,3.98
6868,4.50,3.98
6870,4.50,3.98
6871,4.50,3.98
6872,4.50,3.99
6873,4.50,3.99
6874,4.50,3.99
6876,4.50,3.99
6877,4.50,3.99
6878,4.50,3.99
6879,4.50,3.99
6880,4.50,3.99
6881,4.50,3.99
6882,4.50,3.99
6883,4.50,3.99
6885,4.50,3.99
6886,4.50,3.99
6887,4.50,3.99
6888,4.50,3.99
6889,4.50,3.99
6890,4.50,3.99
6891,4.50,3.99
6892,4.50,3.99
6894,4.50,3.99
6895,4.50,3.99
6896,4.50,3.99
6897,4.50,3.99
6898,4.50,3.99
6899,4.50,3.99
6900,4.50,3.99
6901,4.50,3.99
6902,4.50,3.99
6904,4.50,3.99
6905,4.50,3.99
6906,4.50,4.00
6907,4.50,4.00
6908,4.50,4.00
6909,4.50,4.00
6910,4.50,4.00
6912,4.50,3.99
6914,4.50,4.00
6915,4.50,4.00
6916,4.50,4.00
6917,4.50,4.00
6918,4.50,4.00
6919,4.50,4.00
6920,4.50,4.00
6921,4.50,4.00
6922,4.50,4.00
6924,4.50,4.00
6925,4.50,4.00
6926,4.50,4.00
6927,4.50,4.00
6928,4.50,4.00
6929,4.50,4.00
6930,4.50,4.00
6931,4.50,4.00
6932,4.50,4.00
6934,4.50,4.00
6935,4.50,4.00
6936,4.50,4.00
6937,4.50,4.00
6938,4.50,4.00
6939,4.50,4.00
6940,4.49,4.00
6941,4.50,4.00
6942,4.49,4.00
6944,4.49,4.00
6945,4.49,4.00
6946,4.49,4.01
6947,4.49,4.00
6948,4.49,4.00
6949,4.49,4.00
6950,4.49,4.00
6951,4.49,4.00
6953,4.49,4.01
6955,4.50,4.01
6956,4.50,4.02
6957,4.49,4.01
6958,4.47,3.99
6959,4.43,3.97
6960,4.38,3.94
6961,4.34,3.91
6963,4.28,3.88
6964,4.22,3.84
6965,4.17,3.82
6966,4.13,3.80
6967,4.11,3.79
6968,4.10,3.78
6969,4.09,3.78
6970,4.10,3.78
6972,4.10,3.79
6973,4.11,3.79
6974,4.10,3.78
6975,4.07,3.76
6976,4.04,3.73
6977,4.00,3.71
6978,3.96,3.69
6979,3.92,3.66
6981,3.88,3.64
6982,3.85,3.63
6983,3.84,3.63
6984,3.85,3.64
6985,3.86,3.65
6986,3.87,3.66
6987,3.89,3.67
6988,3.91,3.68
6990,3.92,3.68
6991,3.92,3.67
6992,3.91,3.66
6993,3.88,3.64
6994,3.86,3.62
6995,3.83,3.60
6996,3.80,3.58
6998,3.77,3.58
7000,3.77,3.58
7001,3.77,3.59
7002,3.79,3.60
7003,3.82,3.61
7004,3.84,3.63
7005,3.87,3.65
7006,3.90,3.66
7008,3.91,3.66
7009,3.90,3.65
7010,3.88,3.64
7011,3.86,3.62
7012,3.84,3.60
7013,3.81,3.59
7014,3.79,3.58
7015,3.77,3.57
7017,3.78,3.58
7018,3.80,3.60
7019,3.82,3.61
7020,3.84,3.63
7021,3.88,3.65
7022,3.91,3.67
7023,3.91,3.67
7024,3.91,3.66
7026,3.90,3.65
7027,3.88,3.63
7028,3.86,3.62
7029,3.84,3.60
7030,3.81,3.59
7031,3.79,3.59
7032,3.79,3.59
7033,3.80,3.59
7035,3.82,3.61
7036,3.84,3.62
7037,3.87,3.64
7038,3.90,3.67
7040,3.92,3.67
7041,3.92,3.66
7042,3.91,3.65
7044,3.89,3.64
7045,3.87,3.63
7046,3.85,3.61
7047,3.82,3.60
7048,3.80,3.59
7049,3.79,3.59
7050,3.79,3.59
7051,3.81,3.60
7053,3.83,3.61
7054,3.86,3.63
7055,3.89,3.66
7056,3.91,3.67
7057,3.91,3.66
7058,3.91,3.65
7059,3.90,3.64
7060,3.88,3.63
7062,3.85,3.62
7063,3.83,3.60
7064,3.80,3.58
7065,3.78,3.58
7066,3.78,3.59
7067,3.79,3.59
7068,3.81,3.60
7069,3.84,3.62
7071,3.87,3.65
7072,3.90,3.66
7073,3.91,3.67
7074,3.91,3.66
7075,3.90,3.65
7076,3.88,3.64
7077,3.86,3.62
7079,3.84,3.60
7080,3.81,3.59
7081,3.79,3.58
7083,3.78,3.58
7084,3.79,3.59
7085,3.80,3.60
7086,3.83,3.62
7087,3.86,3.63
7089,3.89,3.66
7090,3.91,3.66
7091,3.91,3.66
7092,3.90,3.65
7093,3.89,3.64
7094,3.87,3.63
7095,3.84,3.61
7096,3.82,3.60
7098,3.79,3.58
7099,3.78,3.58
7100,3.78,3.58
7101,3.79,3.59
7102,3.81,3.61
7103,3.84,3.63
7104,3.87,3.65
7105,3.90,3.66
7107,3.90,3.66
7108,3.90,3.65
7109,3.88,3.64
7110,3.86,3.62
7111,3.84,3.61
7112,3.82,3.59
7113,3.79,3.58
7114,3.77,3.57
7116,3.76,3.57
7117,3.77,3.58
7118,3.79,3.59
7119,3.81,3.61
7120,3.84,3.63
7121,3.87,3.65
7122,3.88,3.65
7124,3.88,3.64
7126,3.87,3.63
7127,3.85,3.61
7128,3.83,3.60
7129,3.81,3.59
7130,3.78,3.57
7131,3.76,3.56
7132,3.74,3.56
7134,3.75,3.56
7135,3.76,3.57
7136,3.79,3.59
7137,3.81,3.61
7138,3.85,3.63
7139,3.87,3.64
7140,3.88,3.64
7141,3.87,3.63
7143,3.85,3.62
7144,3.83,3.60
7145,3.81,3.59
7146,3.79,3.57
7147,3.76,3.56
7148,3.74,3.55
7149,3.74,3.56
7150,3.75,3.57
7152,3.77,3.58
7153,3.80,3.60
7154,3.83,3.62
7155,3.86,3.64
7156,3.87,3.64
7157,3.87,3.63
7158,3.86,3.62
7160,3.84,3.61
7161,3.82,3.59
7162,3.79,3.58
7163,3.77,3.56
7164,3.74,3.55
7165,3.73,3.55
7166,3.74,3.56
7168,3.76,3.57
7170,3.78,3.59
7171,3.81,3.61
7172,3.84,3.63
7173,3.86,3.64
7174,3.87,3.63
7175,3.86,3.62
7176,3.84,3.61
7177,3.82,3.60
7179,3.80,3.58
7180,3.78,3.57
7181,3.75,3.55
7182,3.73,3.55
7183,3.73,3.55
7184,3.75,3.56
7185,3.77,3.58
7186,3.80,3.60
7188,3.83,3.62
7189,3.86,3.63
7190,3.87,3.63
7191,3.86,3.63
7192,3.85,3.62
7193,3.83,3.60
7194,3.81,3.59
7195,3.79,3.58
7197,3.76,3.56
7198,3.74,3.55
7199,3.73,3.55
7200,3.74,3.56
7201,3.76,3.57
7202,3.79,3.59
7203,3.82,3.61
7204,3.85,3.63
7206,3.86,3.63
7207,3.86,3.63
7208,3.85,3.62
7209,3.84,3.61
7211,3.82,3.59
7212,3.80,3.58
7213,3.77,3.56
7214,3.75,3.55
7216,3.73,3.55
7217,3.73,3.55
7218,3.75,3.56
7219,3.77,3.58
7220,3.80,3.60
7221,3.83,3.62
7222,3.85,3.63
7223,3.86,3.63
7225,3.85,3.62
7226,3.84,3.61
7227,3.82,3.60
7228,3.80,3.58
7229,3.78,3.57
7230,3.75,3.55
7231,3.73,3.55
7232,3.73,3.55
7234,3.73,3.55
7235,3.75,3.57
7236,3.78,3.59
7237,3.81,3.61
7238,3.84,3.63
7239,3.86,3.63
7240,3.86,3.62
7241,3.85,3.61
7243,3.83,3.60
7244,3.81,3.59
7245,3.79,3.58
7246,3.77,3.56
7247,3.74,3.55
7248,3.73,3.54
7249,3.73,3.55
7250,3.74,3.56
7252,3.77,3.58
7254,3.80,3.60
7255,3.83,3.62
7256,3.85,3.62
7257,3.85,3.62
7258,3.84,3.61
7259,3.82,3.59
7261,3.80,3.58
7262,3.78,3.57
7263,3.76,3.55
7264,3.73,3.54
7265,3.71,3.53
7266,3.71,3.54
7267,3.72,3.55
7268,3.74,3.56
7270,3.77,3.58
7271,3.80,3.60
7272,3.83,3.62
7273,3.84,3.62
7274,3.84,3.61
7275,3.83,3.60
7276,3.82,3.59
7277,3.80,3.58
7279,3.78,3.57
7280,3.75,3.55
7281,3.73,3.54
7282,3.72,3.54
7283,3.72,3.55
7284,3.74,3.56
7285,3.76,3.58
7286,3.79,3.59
7288,3.83,3.62
7289,3.85,3.63
7290,3.85,3.62
7291,3.85,3.61
7292,3.83,3.60
7293,3.82,3.59
7294,3.79,3.58
7296,3.77,3.56
7298,3.75,3.55
7299,3.73,3.54
7300,3.72,3.55
7301,3.73,3.56
7302,3.76,3.57
7303,3.78,3.59
7304,3.82,3.61
7305,3.85,3.63
7307,3.86,3.63
7308,3.85,3.62
7309,3.84,3.61
7310,3.83,3.60
7311,3.81,3.59
7312,3.78,3.57
7313,3.76,3.56
7314,3.74,3.55
7316,3.73,3.54
7317,3.73,3.55
7318,3.75,3.57
7319,3.77,3.58
7320,3.81,3.60
7321,3.84,3.62
7322,3.85,3.63
7324,3.86,3.63
7325,3.85,3.61
7326,3.83,3.60
7327,3.82,3.59
7328,3.79,3.58
7329,3.77,3.56
7330,3.74,3.54
7331,3.73,3.54
7333,3.73,3.55
7334,3.74,3.56
7335,3.76,3.57
7336,3.79,3.59
7337,3.82,3.62
7339,3.85,3.63
7340,3.86,3.63
7341,3.85,3.62
7343,3.84,3.61
7344,3.82,3.60
7345,3.80,3.58
7346,3.78,3.57
7347,3.76,3.55
7348,3.73,3.55
7349,3.72,3.55
7350,3.73,3.56
7352,3.75,3.57
7353,3.78,3.59
7354,3.81,3.61
7355,3.84,3.63
7356,3.86,3.63
7357,3.85,3.63
7358,3.84,3.61
7360,3.83,3.60
7361,3.81,3.59
7362,3.79,3.58
7363,3.76,3.56
7364,3.74,3.55
7365,3.72,3.55
7366,3.73,3.55
7367,3.74,3.56
7369,3.77,3.58
7370,3.80,3.60
7371,3.83,3.62
7372,3.85,3.63
7373,3.85,3.63
7374,3.85,3.62
7375,3.83,3.60
7376,3.82,3.60
7378,3.80,3.58
7379,3.77,3.57
7380,3.75,3.55
7382,3.73,3.55
7383,3.72,3.55
7384,3.73,3.55
7385,3.75,3.57
7386,3.78,3.59
7388,3.81,3.61
7389,3.84,3.63
7390,3.86,3.63
7391,3.85,3.62
7392,3.84,3.60
7393,3.83,3.60
7394,3.81,3.59
7395,3.79,3.58
7397,3.76,3.56
7398,3.74,3.55
7399,3.72,3.55
7400,3.73,3.55
7401,3.75,3.56
7402,3.77,3.58
7403,3.80,3.60
7404,3.83,3.62
7406,3.85,3.63
7407,3.86,3.63
7408,3.85,3.62
7409,3.83,3.61
7410,3.82,3.60
7411,3.80,3.58
7412,3.77,3.56
7413,3.75,3.55
7415,3.73,3.55
7416,3.73,3.55
7417,3.74,3.56
7418,3.76,3.57
7419,3.78,3.59
7420,3.82,3.62
7421,3.84,3.63
7422,3.85,3.63
7425,3.85,3.62
7426,3.84,3.61
7427,3.82,3.60
7428,3.80,3.58
7429,3.78,3.57
7430,3.76,3.56
7431,3.73,3.55
7432,3.72,3.55
7434,3.73,3.55
7435,3.74,3.57
7436,3.77,3.58
7437,3.80,3.60
7438,3.83,3.62
7439,3.85,3.63
7440,3.85,3.62
7441,3.84,3.61
7443,3.83,3.60
7444,3.81,3.59
7445,3.79,3.58
7446,3.77,3.56
7447,3.74,3.55
7448,3.72,3.54
7449,3.72,3.55
7450,3.73,3.55
7452,3.76,3.57
7453,3.78,3.59
7454,3.82,3.62
7455,3.84,3.63
7456,3.85,3.63
7457,3.85,3.62
7458,3.84,3.61
7459,3.82,3.60
7461,3.80,3.58
7462,3.78,3.57
7463,3.75,3.55
7464,3.73,3.55
7465,3.72,3.55
7467,3.73,3.55
7468,3.75,3.57
7469,3.77,3.58
7471,3.80,3.60
7472,3.83,3.63
7473,3.85,3.63
7474,3.85,3.62
7475,3.84,3.61
7476,3.83,3.60
7477,3.81,3.59
7478,3.79,3.58
7480,3.76,3.56
7481,3.74,3.55
7482,3.72,3.54
7483,3.72,3.55
7484,3.73,3.56
7485,3.76,3.57
7486,3.79,3.59
7487,3.82,3.62
7489,3.84,3.63
7490,3.85,3.63
7491,3.85,3.62
7492,3.83,3.61
7493,3.82,3.60
7494,3.80,3.58
7495,3.77,3.56
7497,3.75,3.56
7498,3.73,3.55
7499,3.72,3.55
7500,3.73,3.55
7501,3.75,3.57
7502,3.77,3.59
7503,3.81,3.61
7504,3.84,3.63
7506,3.85,3.63
7507,3.85,3.62
7508,3.84,3.61
7510,3.83,3.60
7511,3.81,3.59
7512,3.78,3.57
7513,3.76,3.56
7514,3.74,3.55
7516,3.72,3.55
7517,3.72,3.55
7518,3.74,3.57
7519,3.76,3.57
7520,3.79,3.60
7521,3.83,3.62
7522,3.85,3.63
7523,3.85,3.63
7525,3.85,3.61
7526,3.83,3.60
7527,3.81,3.59
7528,3.79,3.58
7529,3.77,3.57
7530,3.75,3.55
7531,3.72,3.54
7532,3.72,3.55
7534,3.73,3.56
7535,3.75,3.57
7536,3.78,3.59
7537,3.81,3.61
7538,3.84,3.63
7539,3.85,3.63
7540,3.85,3.62
7542,3.84,3.61
7543,3.82,3.60
7544,3.80,3.59
7545,3.78,3.57
7546,3.76,3.56
7547,3.73,3.55
7548,3.72,3.55
7549,3.73,3.55
7552,3.74,3.56
7553,3.77,3.58
7554,3.80,3.60
7555,3.83,3.63
7556,3.85,3.63
7557,3.86,3.63
7558,3.85,3.62
7559,3.83,3.61
7561,3.82,3.60
7562,3.79,3.58
7563,3.77,3.57
7564,3.75,3.55
7565,3.73,3.55
7566,3.73,3.55
7567,3.74,3.56
7568,3.76,3.58
7570,3.79,3.59
7571,3.82,3.62
7572,3.85,3.63
7573,3.86,3.63
7574,3.85,3.62
7575,3.84,3.61
7576,3.82,3.60
7577,3.80,3.59
7579,3.78,3.57
7580,3.75,3.56
7581,3.73,3.55
7582,3.72,3.55
7583,3.73,3.56
7584,3.75,3.57
7585,3.77,3.59
7586,3.80,3.61
7588,3.84,3.63
7589,3.85,3.63
7590,3.85,3.63
7591,3.84,3.62
7592,3.83,3.61
7593,3.81,3.59
7595,3.79,3.58
7597,3.76,3.56
7598,3.74,3.55
7599,3.72,3.55
7600,3.72,3.55
7601,3.74,3.56
7602,3.76,3.58
7603,3.79,3.60
7604,3.82,3.62
7606,3.85,3.63
7607,3.86,3.63
7608,3.85,3.62
7609,3.84,3.60
7610,3.82,3.60
7611,3.80,3.58
7612,3.78,3.57
7613,3.75,3.56
7615,3.73,3.54
7616,3.72,3.55
7617,3.73,3.56
7618,3.75,3.57
7619,3.78,3.59
7620,3.81,3.61
7621,3.84,3.63
7622,3.85,3.63
7624,3.85,3.62
7625,3.84,3.61
7626,3.83,3.60
7627,3.81,3.59
7628,3.78,3.58
7629,3.76,3.56
7630,3.73,3.55
7631,3.72,3.55
7633,3.72,3.55
7634,3.74,3.56
7635,3.76,3.58
7636,3.79,3.60
7638,3.83,3.62
7639,3.85,3.63
7640,3.85,3.63
7641,3.85,3.62
7643,3.83,3.61
7644,3.82,3.59
7645,3.79,3.58
7646,3.77,3.57
7647,3.75,3.55
7648,3.73,3.55
7649,3.72,3.55
7651,3.73,3.56
7652,3.75,3.58
7653,3.78,3.59
7654,3.81,3.61
7655,3.84,3.63
7656,3.86,3.63
7657,3.85,3.62
7658,3.84,3.61
7660,3.83,3.60
7661,3.81,3.59
7662,3.78,3.57
7663,3.76,3.56
7664,3.73,3.55
7665,3.72,3.55
7666,3.73,3.56
7667,3.75,3.57
7669,3.77,3.58
7670,3.80,3.60
7671,3.83,3.63
7672,3.85,3.63
7673,3.85,3.62
7674,3.85,3.62
7675,3.83,3.60
7676,3.81,3.59
7678,3.79,3.58
7680,3.77,3.56
7681,3.74,3.55
7682,3.72,3.55
7683,3.72,3.55
7684,3.73,3.56
7685,3.75,3.57
7686,3.78,3.59
7688,3.82,3.62
7689,3.84,3.63
7690,3.85,3.63
7691,3.85,3.62
7692,3.84,3.61
7693,3.82,3.60
7694,3.80,3.58
7695,3.78,3.57
7697,3.75,3.56
7698,3.73,3.54
7699,3.72,3.54
7700,3.73,3.55
7701,3.74,3.57
7702,3.77,3.58
7703,3.80,3.60
7704,3.83,3.63
7706,3.85,3.63
7707,3.85,3.62
7708,3.84,3.61
7709,3.83,3.60
7710,3.81,3.59
7711,3.79,3.58
7712,3.77,3.56
7713,3.74,3.55
7715,3.72,3.54
7716,3.72,3.55
7717,3.73,3.56
7718,3.76,3.57
7719,3.79,3.59
7720,3.82,3.62
7721,3.84,3.63
7723,3.85,3.63
7725,3.85,3.62
7726,3.83,3.61
7727,3.82,3.60
7728,3.80,3.58
7729,3.77,3.57
7730,3.75,3.55
7731,3.73,3.54
7733,3.72,3.55
7734,3.73,3.55
7735,3.74,3.57
7736,3.77,3.58
7737,3.80,3.61
7738,3.83,3.63
7739,3.85,3.63
7740,3.85,3.62
7742,3.84,3.61
7743,3.82,3.60
7744,3.81,3.59
7745,3.78,3.57
7746,3.76,3.56
7747,3.74,3.55
7748,3.72,3.55
7749,3.72,3.55
7751,3.74,3.56
7752,3.76,3.58
7753,3.79,3.60
7754,3.83,3.62
7755,3.85,3.63
7756,3.85,3.63
7757,3.85,3.62
7758,3.83,3.61
7760,3.82,3.59
7761,3.80,3.58
7762,3.77,3.57
7763,3.75,3.55
7764,3.72,3.55
7766,3.72,3.55
7767,3.73,3.56
7768,3.75,3.57
7770,3.78,3.59
7771,3.81,3.61
7772,3.84,3.63
7773,3.85,3.63
7774,3.85,3.62
7775,3.84,3.61
7776,3.82,3.60
7778,3.80,3.58
7779,3.78,3.57
7780,3.75,3.56
7781,3.73,3.54
7782,3.72,3.54
7783,3.72,3.55
7784,3.74,3.56
7785,3.76,3.58
7787,3.79,3.60
7788,3.83,3.62
7789,3.85,3.63
7790,3.85,3.62
7791,3.84,3.61
7792,3.83,3.60
7793,3.81,3.59
7794,3.79,3.58
7796,3.77,3.56
7797,3.74,3.55
7798,3.72,3.54
7799,3.72,3.55
7800,3.73,3.55
7801,3.75,3.57
7802,3.78,3.59
7803,3.81,3.61
7805,3.84,3.63
7806,3.85,3.63
7808,3.85,3.62
7809,3.83,3.61
7810,3.82,3.60
7811,3.80,3.59
7812,3.78,3.57
7813,3.75,3.56
7815,3.73,3.54
7816,3.72,3.55
7817,3.72,3.55
7818,3.74,3.56
7819,3.77,3.58
7820,3.80,3.60
7821,3.83,3.62
7822,3.85,3.63
7824,3.85,3.62
7825,3.84,3.61
7826,3.83,3.60
7827,3.81,3.59
7828,3.79,3.58
7829,3.76,3.56
7830,3.74,3.55
7831,3.72,3.54
7833,3.72,3.55
7834,3.73,3.56
7835,3.75,3.57
7836,3.78,3.59
7837,3.82,3.61
7838,3.84,3.63
7839,3.85,3.62
7840,3.84,3.62
7842,3.83,3.60
7843,3.82,3.59
7844,3.80,3.58
7845,3.77,3.57
7846,3.75,3.55
7847,3.73,3.54
7848,3.72,3.54
7849,3.73,3.55
7852,3.74,3.56
7853,3.77,3.58
7854,3.80,3.61
7855,3.83,3.62
7856,3.85,3.63
7857,3.85,3.62
7858,3.84,3.61
7859,3.83,3.60
7861,3.81,3.59
7862,3.79,3.58
7863,3.76,3.56
7864,3.74,3.55
7865,3.72,3.55
7866,3.73,3.55
7867,3.74,3.56
7868,3.76,3.58
7870,3.79,3.60
7871,3.83,3.62
7872,3.85,3.63
7873,3.86,3.63
7874,3.85,3.62
7875,3.84,3.60
7876,3.82,3.60
7878,3.80,3.58
7879,3.77,3.57
7880,3.75,3.55
7881,3.73,3.55
7882,3.72,3.55
7883,3.73,3.55
7884,3.75,3.57
7885,3.78,3.59
7887,3.81,3.61
7888,3.84,3.63
7889,3.86,3.63
7890,3.86,3.63
7891,3.84,3.62
7892,3.83,3.60
7894,3.81,3.59
7895,3.79,3.58
7897,3.76,3.56
7898,3.74,3.55
7899,3.72,3.55
7900,3.73,3.56
7901,3.74,3.57
7902,3.77,3.58
7903,3.80,3.60
7904,3.83,3.62
7906,3.85,3.63
7907,3.86,3.63
7908,3.85,3.62
7909,3.84,3.61
7910,3.82,3.60
7911,3.80,3.59
7912,3.78,3.57
7913,3.75,3.55
7915,3.73,3.55
7916,3.73,3.56
7917,3.74,3.56
7918,3.76,3.58
7919,3.78,3.59
7920,3.82,3.62
7921,3.85,3.63
7922,3.86,3.63
7924,3.85,3.63
7925,3.84,3.61
7926,3.83,3.60
7927,3.81,3.59
7928,3.78,3.58
7929,3.76,3.56
7930,3.73,3.55
7931,3.72,3.55
7933,3.73,3.56
7934,3.75,3.57
7936,3.77,3.58
7937,3.80,3.60
7938,3.83,3.63
7939,3.86,3.64
7940,3.86,3.63
7942,3.85,3.62
7943,3.84,3.61
7944,3.82,3.60
7945,3.80,3.59
7946,3.78,3.57
7947,3.75,3.56
7948,3.74,3.55
7949,3.73,3.55
7951,3.75,3.56
7952,3.77,3.58
7953,3.80,3.60
7954,3.83,3.62
7955,3.86,3.64
7956,3.88,3.65
7957,3.87,3.64
7958,3.86,3.63
7960,3.85,3.62
7961,3.83,3.61
7962,3.81,3.59
7963,3.78,3.58
7964,3.76,3.56
7965,3.75,3.57
7966,3.76,3.58
7967,3.78,3.59
7969,3.81,3.61
7970,3.84,3.63
7971,3.88,3.65
7972,3.91,3.67
7973,3.92,3.67
7974,3.92,3.66
7975,3.91,3.65
7976,3.90,3.66
7979,3.91,3.68
7980,3.93,3.71
7981,3.96,3.74
7982,3.99,3.76
7983,4.02,3.78
7984,4.05,3.79
7985,4.08,3.81
7986,4.11,3.82
7988,4.13,3.84
7989,4.16,3.85
7990,4.19,3.87
7991,4.22,3.88
7992,4.25,3.89
7993,4.27,3.91
7994,4.30,3.91
7996,4.33,3.93
7997,4.35,3.94
7998,4.37,3.95
7999,4.39,3.96
8000,4.41,3.97
8001,4.42,3.98
8002,4.44,3.99
8003,4.46,4.00
8005,4.47,4.01
8006,4.49,4.02
8007,4.50,4.02
8008,4.51,4.03
8009,4.51,4.03
8010,4.52,4.04
8011,4.53,4.04
8012,4.54,4.05
8014,4.54,4.05
8015,4.55,4.05
8016,4.55,4.06
8017,4.56,4.06
8018,4.56,4.06
8019,4.56,4.06
8020,4.56,4.06
8022,4.56,4.06
8024,4.56,4.06
8025,4.56,4.06
8026,4.56,4.06
8027,4.56,4.06
8028,4.56,4.06
8029,4.56,4.06
8030,4.56,4.06
8031,4.56,4.06
8033,4.55,4.06
8034,4.55,4.06
8035,4.55,4.06
8036,4.55,4.06
8037,4.55,4.06
8038,4.54,4.06
8039,4.54,4.05
8040,4.54,4.05
8042,4.54,4.05
8043,4.53,4.05
8044,4.53,4.05
8045,4.53,4.05
8046,4.53,4.05
8047,4.52,4.05
8048,4.52,4.05
8049,4.52,4.05
8051,4.52,4.04
8052,4.52,4.04
8053,4.52,4.04
8054,4.51,4.04
8055,4.51,4.04
8056,4.51,4.04
8057,4.51,4.04
8058,4.51,4.04
8060,4.51,4.04
8061,4.50,4.04
8062,4.50,4.04
8064,4.50,4.04
8065,4.50,4.04
8066,4.50,4.04
8067,4.50,4.04
8068,4.50,4.04
8070,4.50,4.04
8071,4.50,4.04
8072,4.50,4.04
8073,4.50,4.04
8074,4.50,4.04
8075,4.50,4.04
8076,4.50,4.04
8077,4.50,4.04
8078,4.50,4.04
8080,4.50,4.04
8081,4.50,4.04
8082,4.50,4.04
8083,4.50,4.04
8084,4.50,4.04
8085,4.50,4.04
8086,4.50,4.04
8087,4.50,4.04
8089,4.50,4.04
8090,4.50,4.04
8091,4.50,4.04
8092,4.50,4.04
8093,4.50,4.04
8094,4.50,4.04
8095,4.50,4.04
8096,4.50,4.04
8097,4.50,4.04
8099,4.50,4.04
8100,4.50,4.04
8101,4.50,4.04
8102,4.50,4.04
8103,4.50,4.04
8104,4.50,4.04
8105,4.50,4.04
8107,4.50,4.04
8109,4.50,4.04
8110,4.50,4.04
8111,4.50,4.04
8112,4.50,4.04
8113,4.50,4.04
8114,4.50,4.04
8115,4.50,4.04
8116,4.50,4.04
8117,4.50,4.04
8119,4.50,4.04
8120,4.50,4.04
8121,4.50,4.04
8122,4.50,4.04
8123,4.50,4.05
8124,4.50,4.04
8125,4.50,4.04
8126,4.50,4.05
8128,4.50,4.05
8129,4.50,4.04
8130,4.50,4.04
8131,4.50,4.04
8132,4.50,4.05
8133,4.50,4.05
8134,4.50,4.05
8135,4.50,4.05
8137,4.50,4.05
8138,4.50,4.05
8139,4.50,4.05
8140,4.50,4.05
8141,4.50,4.05
8142,4.50,4.05
8143,4.50,4.04
8144,4.50,4.05
8145,4.50,4.04
8147,4.50,4.04
8148,4.50,4.04
8150,4.50,4.04
8151,4.50,4.04
8152,4.50,4.04
8153,4.50,4.04
8154,4.50,4.04
8155,4.50,4.04
8157,4.50,4.04
8158,4.50,4.05
8159,4.50,4.04
8160,4.50,4.04
8161,4.50,4.04
8162,4.50,4.04
8163,4.50,4.04
8164,4.50,4.04
8165,4.50,4.04
8167,4.50,4.04
8168,4.50,4.04
8169,4.50,4.04
8170,4.50,4.04
8171,4.50,4.04
8172,4.50,4.04
8173,4.50,4.04
8174,4.50,4.04
8176,4.50,4.04
8177,4.50,4.04
8178,4.50,4.04
8179,4.50,4.04
8180,4.50,4.04
8181,4.50,4.04
8182,4.50,4.04
8183,4.50,4.04
8184,4.50,4.04
8186,4.50,4.04
8187,4.50,4.04
8188,4.50,4.04
8189,4.50,4.04
8190,4.50,4.04
8192,4.50,4.04
8193,4.50,4.04
8194,4.50,4.04
8196,4.50,4.04
8197,4.50,4.04
8198,4.50,4.04
8199,4.50,4.04
8200,4.50,4.04
8201,4.50,4.04
8202,4.50,4.04
8203,4.50,4.04
8204,4.50,4.04
8206,4.50,4.04
8207,4.50,4.04
8208,4.50,4.04
8209,4.50,4.04
8210,4.50,4.04
8211,4.50,4.04
8212,4.50,4.04
8213,4.50,4.04
8215,4.50,4.04
8216,4.50,4.05
8217,4.50,4.05
8218,4.50,4.04
8219,4.50,4.04
8220,4.50,4.05
8221,4.50,4.04
8222,4.50,4.04
8223,4.50,4.04
8225,4.50,4.04
8226,4.50,4.04
8227,4.50,4.04
8228,4.50,4.05
8229,4.50,4.05
8230,4.50,4.05
8231,4.50,4.05
8232,4.50,4.05
8235,4.50,4.05
8236,4.50,4.05
8237,4.50,4.05
8238,4.50,4.05
8239,4.50,4.05
8240,4.50,4.05
8241,4.50,4.05
8242,4.50,4.05
8244,4.50,4.05
8245,4.50,4.05
8246,4.50,4.05
8247,4.50,4.05
8248,4.50,4.05
8249,4.50,4.05
8250,4.50,4.05
8251,4.50,4.05
8253,4.50,4.05
8254,4.50,4.05
8255,4.50,4.05
8256,4.50,4.05
8257,4.50,4.05
8258,4.50,4.05
8259,4.50,4.05
8260,4.50,4.05
8261,4.50,4.05
8263,4.50,4.05
8264,4.50,4.05
8265,4.50,4.05
8266,4.50,4.05
8267,4.50,4.05
8268,4.50,4.06
8269,4.50,4.05
8270,4.50,4.06
8272,4.50,4.06
8273,4.50,4.05
8274,4.50,4.05
8275,4.50,4.06
8276,4.50,4.05
8278,4.50,4.05
8279,4.50,4.06
8280,4.50,4.06
8281,4.50,4.05
8283,4.50,4.05
8284,4.50,4.05
8285,4.50,4.06
8286,4.50,4.05
8287,4.50,4.06
8288,4.50,4.06
8289,4.50,4.05
8290,4.50,4.06
8292,4.50,4.06
8293,4.50,4.06
8294,4.50,4.06
8295,4.50,4.06
8296,4.50,4.06
8297,4.50,4.06
8298,4.50,4.06
8299,4.50,4.06
8301,4.50,4.06
8302,4.50,4.06
8303,4.50,4.06
8304,4.50,4.06
8305,4.50,4.06
8306,4.50,4.06
8307,4.50,4.06
8308,4.50,4.06
8310,4.50,4.06
8311,4.50,4.06
8312,4.50,4.06
8313,4.50,4.06
8314,4.50,4.06
8315,4.50,4.06
8316,4.50,4.06
8317,4.50,4.06
8318,4.50,4.06
8321,4.50,4.06
8322,4.50,4.06
8323,4.50,4.06
8324,4.50,4.06
8325,4.50,4.06
8326,4.50,4.06
8327,4.50,4.07
8328,4.50,4.06
8330,4.50,4.07
8331,4.50,4.07
8332,4.50,4.07
8333,4.50,4.07
8334,4.50,4.07
8335,4.50,4.07
8336,4.50,4.07
8337,4.50,4.07
8339,4.50,4.07
8340,4.50,4.07
8341,4.50,4.07
8342,4.50,4.07
8343,4.50,4.07
8344,4.50,4.07
8345,4.50,4.07
8346,4.50,4.07
8348,4.50,4.07
8349,4.50,4.07
8350,4.50,4.07
8351,4.50,4.07
8352,4.50,4.07
8353,4.50,4.07
8354,4.50,4.07
8355,4.50,4.07
8356,4.50,4.07
8358,4.50,4.07
8359,4.50,4.07
8360,4.50,4.07
8361,4.50,4.07
8363,4.50,4.07
8364,4.50,4.07
8365,4.50,4.07
8366,4.50,4.07
8368,4.50,4.08
8369,4.50,4.07
8370,4.50,4.07
8371,4.50,4.07
8372,4.50,4.07
8373,4.50,4.07
8374,4.50,4.07
8375,4.50,4.07
8376,4.50,4.07
8378,4.50,4.07
8379,4.50,4.07
8380,4.50,4.07
8381,4.50,4.07
8382,4.50,4.07
8383,4.50,4.07
8384,4.50,4.07
8385,4.50,4.07
8387,4.50,4.07
8388,4.50,4.07
8389,4.50,4.07
8390,4.50,4.07
8391,4.50,4.07
8392,4.50,4.07
8393,4.50,4.07
8394,4.50,4.07
8395,4.50,4.07
8397,4.50,4.07
8398,4.50,4.07
8399,4.50,4.07
8400,4.50,4.07
8401,4.50,4.07
8402,4.50,4.07
8403,4.50,4.07
8404,4.50,4.07
8407,4.50,4.07
8408,4.50,4.07
8409,4.50,4.08
8410,4.50,4.08
8411,4.50,4.07
8412,4.50,4.08
8413,4.50,4.08
8414,4.50,4.08
8415,4.50,4.08
8417,4.50,4.08
8418,4.50,4.08
8419,4.50,4.08
8420,4.50,4.08
8421,4.50,4.08
8422,4.50,4.08
8423,4.50,4.08
8424,4.50,4.08
8426,4.50,4.08
8427,4.50,4.08
8428,4.50,4.08
8429,4.50,4.08
8430,4.50,4.08
8431,4.50,4.08
8432,4.50,4.08
8433,4.50,4.08
8434,4.50,4.08
8436,4.50,4.08
8437,4.50,4.08
8438,4.50,4.08
8439,4.50,4.08
8440,4.50,4.08
8441,4.50,4.08
8442,4.50,4.08
8443,4.50,4.08
8445,4.50,4.08
8446,4.50,4.08
8448,4.50,4.08
8449,4.50,4.08
8450,4.50,4.08
8451,4.50,4.08
8452,4.50,4.08
8453,4.50,4.08
8454,4.50,4.08
8456,4.50,4.08
8457,4.50,4.08
8458,4.50,4.08
8459,4.50,4.08
8460,4.50,4.08
8461,4.50,4.08
8462,4.50,4.08
8463,4.50,4.08
8465,4.50,4.08
8466,4.50,4.08
8467,4.50,4.08
8468,4.50,4.08
8469,4.50,4.08
8470,4.50,4.08
8471,4.50,4.08
8472,4.50,4.08
8473,4.50,4.08
8475,4.50,4.08
8476,4.50,4.08
8477,4.50,4.08
8478,4.50,4.08
8479,4.50,4.08
8480,4.50,4.08
8481,4.50,4.08
8482,4.50,4.08
8484,4.50,4.07
8485,4.50,4.08
8486,4.50,4.08
8487,4.50,4.07
8488,4.50,4.07
8489,4.50,4.07
8491,4.50,4.07
8492,4.50,4.07
8494,4.50,4.07
8495,4.50,4.07
8496,4.50,4.07
8497,4.50,4.07
8498,4.50,4.07
8499,4.50,4.07
8500,4.50,4.07
8501,4.50,4.07
8503,4.50,4.07
8504,4.50,4.07
8505,4.50,4.07
8506,4.50,4.06
8507,4.50,4.06
8508,4.49,4.06
8509,4.50,4.06
8510,4.50,4.06
8511,4.50,4.06
8513,4.50,4.06
8514,4.50,4.06
8515,4.50,4.06
8516,4.50,4.06
8517,4.50,4.06
8518,4.50,4.06
8519,4.50,4.06
8520,4.49,4.06
8522,4.49,4.06
8523,4.49,4.06
8524,4.49,4.05
8525,4.49,4.06
8526,4.50,4.06
8527,4.50,4.05
8528,4.50,4.05
8529,4.50,4.05
8531,4.49,4.05
8532,4.49,4.05
8534,4.49,4.05
8535,4.49,4.05
8536,4.49,4.05
8537,4.49,4.05
8538,4.49,4.05
8539,4.49,4.05
8541,4.49,4.05
8542,4.49,4.05
8543,4.49,4.05
8544,4.49,4.05
8545,4.49,4.05
8546,4.49,4.04
8547,4.49,4.04
8548,4.49,4.04
8550,4.49,4.04
8551,4.49,4.04
8552,4.49,4.04
8553,4.49,4.04
8554,4.49,4.04
8555,4.50,4.04
8556,4.50,4.04
8557,4.50,4.04
8559,4.50,4.04
8560,4.50,4.04
8561,4.50,4.03
8562,4.49,4.03
8563,4.49,4.03
8564,4.49,4.03
8565,4.49,4.03
8566,4.50,4.03
8567,4.49,4.03
8569,4.49,4.03
8570,4.49,4.03
8571,4.49,4.03
8572,4.49,4.03
8573,4.49,4.02
8574,4.49,4.02
8576,4.49,4.02
8577,4.49,4.02
8579,4.49,4.02
8580,4.49,4.02
8581,4.49,4.02
8582,4.49,4.01
8583,4.49,4.01
8584,4.49,4.01
8585,4.49,4.01
8586,4.49,4.01
8588,4.50,4.00
8589,4.49,4.00
8590,4.49,4.00
8591,4.49,4.00
8592,4.49,3.99
8593,4.50,3.99
8594,4.50,3.99
8595,4.49,3.99
8597,4.49,3.99
8598,4.49,3.98
8599,4.50,3.98
8600,4.49,3.98
8601,4.49,3.98
8602,4.49,3.97
8603,4.50,3.97
8604,4.49,3.97
8606,4.49,3.97
8607,4.49,3.96
8608,4.49,3.96
8609,4.49,3.96
8610,4.49,3.95
8611,4.49,3.95
8612,4.49,3.95
8613,4.49,3.95
8615,4.49,3.94
8616,4.49,3.94
8617,4.49,3.94
8619,4.49,3.94
8620,4.49,3.94
8621,4.49,3.93
8622,4.49,3.93
8623,4.49,3.93
8625,4.49,3.92
8626,4.49,3.92
8627,4.49,3.92
8628,4.49,3.91
8629,4.49,3.91
8630,4.49,3.91
8631,4.49,3.91
8632,4.49,3.91
8634,4.49,3.91
8635,4.49,3.90
8636,4.49,3.90
8637,4.49,3.90
8638,4.49,3.90
8639,4.49,3.89
8640,4.49,3.89
8641,4.49,3.89
8643,4.49,3.89
8644,4.49,3.88
8645,4.49,3.88
8646,4.49,3.88
8647,4.49,3.88
8648,4.49,3.87
8649,4.49,3.87
8650,4.49,3.87
8652,4.49,3.87
8653,4.49,3.87
8654,4.49,3.86
8655,4.49,3.86
8656,4.49,3.86
8657,4.49,3.86
8658,4.49,3.86
8659,4.49,3.86
8662,4.49,3.85
8663,4.49,3.85
8664,4.49,3.85
8665,4.49,3.85
8666,4.49,3.85
8667,4.49,3.84
8668,4.49,3.84
8670,4.49,3.84
8671,4.49,3.84
8672,4.49,3.84
8673,4.49,3.84
8674,4.49,3.83
8675,4.49,3.83
8676,4.49,3.83
8677,4.49,3.83
8679,4.49,3.83
8680,4.49,3.83
8681,4.49,3.83
8682,4.49,3.83
8683,4.49,3.83
8684,4.49,3.83
8685,4.49,3.82
8686,4.49,3.82
8688,4.49,3.82
8689,4.49,3.82
8690,4.49,3.82
8691,4.49,3.82
8692,4.49,3.82
8693,4.49,3.82
8694,4.49,3.82
8695,4.49,3.82
8697,4.49,3.82
8698,4.49,3.82
8699,4.49,3.81
8700,4.49,3.81
8701,4.49,3.81
8702,4.49,3.81
8704,4.49,3.81
8705,4.49,3.81
8707,4.49,3.81
8708,4.49,3.81
8709,4.49,3.81
8710,4.49,3.81
8711,4.49,3.81
8712,4.49,3.81
8713,4.49,3.81
8715,4.49,3.81
8716,4.49,3.81
8717,4.49,3.81
8718,4.49,3.81
8719,4.49,3.81
8720,4.49,3.81
8721,4.49,3.81
8722,4.49,3.81
8724,4.49,3.81
8725,4.49,3.81
8726,4.49,3.81
8727,4.49,3.81
8728,4.49,3.81
8729,4.49,3.81
8730,4.49,3.81
8731,4.49,3.81
8733,4.49,3.81
8734,4.49,3.80
8735,4.49,3.80
8736,4.49,3.80
8737,4.49,3.80
8738,4.49,3.81
8739,4.49,3.81
8740,4.49,3.81
8742,4.49,3.81
8743,4.49,3.81
8744,4.49,3.81
8745,4.49,3.81
8747,4.49,3.81
8748,4.49,3.81
8749,4.49,3.81
8750,4.49,3.81
8752,4.49,3.81
8753,4.49,3.81
8754,4.49,3.81
8755,4.49,3.81
8756,4.49,3.81
8757,4.49,3.81
8758,4.49,3.81
8759,4.49,3.81
8761,4.49,3.81
8762,4.49,3.81
8763,4.49,3.81
8764,4.49,3.81
8765,4.49,3.81
8766,4.49,3.81
8767,4.49,3.81
8768,4.49,3.81
8770,4.49,3.81
8771,4.49,3.81
8772,4.49,3.81
8773,4.49,3.81
8774,4.49,3.81
8775,4.49,3.81
8776,4.49,3.81
8777,4.49,3.81
8779,4.49,3.81
8780,4.49,3.81
8781,4.49,3.81
8782,4.49,3.81
8783,4.49,3.81
8784,4.49,3.81
8785,4.49,3.81
8786,4.49,3.81
8788,4.49,3.82
8790,4.49,3.82
8791,4.49,3.82
8792,4.49,3.82
8793,4.49,3.82
8794,4.49,3.81
8795,4.49,3.81
8796,4.49,3.82
8798,4.49,3.82
8799,4.49,3.81
8800,4.49,3.82
8801,4.49,3.82
8802,4.49,3.82
8803,4.49,3.82
8804,4.49,3.82
8805,4.49,3.82
8807,4.49,3.82
8808,4.49,3.82
8809,4.49,3.82
8810,4.49,3.82
8811,4.49,3.82
8812,4.49,3.82
8813,4.49,3.82
8815,4.49,3.82
8816,4.49,3.82
8817,4.49,3.82
8818,4.49,3.82
8819,4.49,3.82
8820,4.49,3.82
8821,4.49,3.82
8822,4.49,3.82
8824,4.49,3.82
8825,4.49,3.82
8826,4.49,3.82
8827,4.49,3.82
8828,4.49,3.82
8829,4.49,3.82
8830,4.49,3.82
8832,4.49,3.82
8834,4.49,3.82
8835,4.49,3.82
8836,4.49,3.82
8837,4.49,3.82
8838,4.49,3.82
8839,4.49,3.82
8840,4.49,3.82
8841,4.49,3.82
8843,4.49,3.82
8844,4.49,3.82
8845,4.49,3.82
8846,4.49,3.82
8847,4.49,3.82
8848,4.49,3.82
8849,4.49,3.82
8850,4.49,3.82
8852,4.49,3.82
8853,4.49,3.82
8854,4.49,3.82
8855,4.49,3.82
8856,4.49,3.82
8857,4.49,3.82
8858,4.49,3.82
8859,4.49,3.82
8861,4.49,3.82
8862,4.49,3.82
8863,4.49,3.82
8864,4.49,3.82
8865,4.49,3.82
8866,4.49,3.82
8867,4.49,3.82
8869,4.49,3.82
8870,4.49,3.82
8871,4.49,3.82
8872,4.49,3.82
8873,4.49,3.82
8875,4.49,3.82
8876,4.49,3.82
8877,4.49,3.82
8879,4.49,3.82
8880,4.49,3.82
8881,4.49,3.82
8882,4.49,3.82
8883,4.49,3.82
8884,4.49,3.82
8885,4.49,3.82
8886,4.49,3.82
8888,4.49,3.82
8889,4.49,3.82
8890,4.49,3.82
8891,4.49,3.82
8892,4.49,3.82
8893,4.49,3.82
8894,4.49,3.82
8895,4.49,3.82
8897,4.49,3.82
8898,4.49,3.82
8899,4.49,3.82
8900,4.49,3.82
8901,4.49,3.82
8902,4.49,3.82
8903,4.49,3.82
8905,4.49,3.82
8906,4.49,3.82
8907,4.49,3.82
8908,4.49,3.82
8909,4.49,3.82
8910,4.49,3.82
8911,4.49,3.82
8912,4.49,3.82
8914,4.49,3.82
8915,4.49,3.82
8916,4.49,3.82
8918,4.49,3.82
8919,4.49,3.82
8920,4.49,3.82
8921,4.49,3.82
8922,4.49,3.82
8924,4.49,3.82
8925,4.49,3.81
8926,4.49,3.81
8927,4.49,3.81
8928,4.49,3.81
8929,4.49,3.81
8930,4.49,3.81
8931,4.49,3.81
8933,4.49,3.81
8934,4.49,3.81
8935,4.49,3.81
8936,4.49,3.81
8937,4.49,3.81
8938,4.49,3.81
8939,4.49,3.81
8941,4.49,3.81
8942,4.49,3.81
8943,4.49,3.81
8944,4.49,3.81
8945,4.49,3.81
8946,4.49,3.81
8947,4.49,3.81
8948,4.49,3.81
8950,4.49,3.81
8951,4.49,3.81
8952,4.49,3.81
8953,4.49,3.81
8954,4.49,3.81
8955,4.49,3.82
8956,4.49,3.82
8957,4.49,3.82
8960,4.49,3.82
8961,4.49,3.82
8962,4.49,3.82
8963,4.49,3.82
8964,4.49,3.82
8965,4.49,3.83
8966,4.49,3.83
8967,4.49,3.83
8969,4.49,3.83
8970,4.49,3.83
8971,4.49,3.84
8972,4.49,3.84
8973,4.49,3.84
8974,4.49,3.84
8975,4.49,3.84
8977,4.49,3.84
8978,4.49,3.84
8979,4.49,3.85
8980,4.49,3.85
8981,4.49,3.85
8982,4.49,3.85
8983,4.49,3.85
8984,4.50,3.85
8986,4.49,3.85
8987,4.49,3.86
8988,4.49,3.86
8989,4.49,3.86
8990,4.49,3.86
8991,4.49,3.86
8992,4.50,3.86
8993,4.49,3.86
8995,4.49,3.87
8996,4.49,3.87
8997,4.49,3.87
8998,4.49,3.87
8999,4.49,3.87
9000,4.49,3.87
9001,4.49,3.87
9003,4.49,3.88
9005,4.49,3.88
9006,4.49,3.88
9007,4.49,3.88
9008,4.49,3.88
9009,4.49,3.88
9010,4.49,3.88
9011,4.49,3.88
9012,4.49,3.88
9014,4.49,3.88
9015,4.49,3.88
9016,4.49,3.88
9017,4.49,3.89
9018,4.49,3.89
9019,4.49,3.89
9020,4.49,3.89
9021,4.49,3.89
9023,4.49,3.89
9024,4.49,3.89
9025,4.49,3.89
9026,4.49,3.89
9027,4.49,3.89
9028,4.49,3.89
9029,4.49,3.90
9031,4.49,3.90
9032,4.49,3.90
9033,4.49,3.90
9034,4.49,3.90
9035,4.49,3.90
9036,4.49,3.90
9037,4.49,3.90
9038,4.49,3.90
9039,4.49,3.90
9041,4.49,3.91
9042,4.49,3.90
9043,4.49,3.91
9044,4.49,3.91
9046,4.49,3.91
9047,4.49,3.91
9048,4.49,3.91
9050,4.49,3.91
9051,4.49,3.91
9052,4.49,3.91
9053,4.49,3.91
9054,4.49,3.91
9055,4.49,3.91
9056,4.49,3.91
9057,4.49,3.91
9059,4.49,3.91
9060,4.49,3.91
9061,4.49,3.91
9062,4.49,3.92
9063,4.49,3.92
9064,4.49,3.92
9065,4.49,3.92
9066,4.49,3.92
9068,4.49,3.92
9069,4.49,3.92
9070,4.49,3.93
9071,4.49,3.93
9072,4.49,3.93
9073,4.49,3.93
9074,4.49,3.93
9075,4.49,3.93
9077,4.49,3.93
9078,4.49,3.93
9079,4.49,3.93
9080,4.49,3.93
9081,4.50,3.93
9082,4.49,3.93
9083,4.49,3.93
9084,4.49,3.93
9086,4.50,3.93
9088,4.50,3.93
9089,4.49,3.93
9090,4.50,3.93
9091,4.49,3.93
9092,4.49,3.93
9093,4.50,3.93
9094,4.50,3.93
9096,4.49,3.93
9097,4.49,3.93
9098,4.49,3.93
9099,4.49,3.93
9100,4.49,3.93
9101,4.49,3.93
9102,4.49,3.93
9103,4.49,3.93
9105,4.49,3.93
9106,4.49,3.93
9107,4.49,3.94
9108,4.50,3.94
9109,4.49,3.94
9110,4.50,3.94
9111,4.50,3.94
9112,4.49,3.94
9114,4.49,3.94
9115,4.50,3.94
9116,4.49,3.95
9117,4.50,3.95
9118,4.50,3.95
9119,4.50,3.95
9120,4.50,3.95
9121,4.50,3.95
9123,4.50,3.95
9124,4.50,3.96
9125,4.50,3.96
9126,4.50,3.96
9127,4.50,3.96
9128,4.50,3.96
9129,4.50,3.96
9131,4.50,3.96
9133,4.50,3.96
9134,4.50,3.96
9135,4.49,3.96
9136,4.50,3.96
9137,4.49,3.96
9138,4.50,3.96
9139,4.49,3.96
9140,4.49,3.96
9142,4.49,3.96
9143,4.49,3.96
9144,4.49,3.96
9145,4.49,3.96
9146,4.49,3.96
9147,4.49,3.96
9148,4.49,3.95
9149,4.49,3.95
9151,4.49,3.95
9152,4.49,3.95
9153,4.49,3.95
9154,4.49,3.95
9155,4.50,3.95
9156,4.50,3.94
9157,4.49,3.94
9158,4.49,3.94
9160,4.50,3.94
9161,4.50,3.93
9162,4.50,3.93
9163,4.50,3.93
9164,4.50,3.93
9165,4.50,3.93
9166,4.50,3.92
9167,4.50,3.92
9169,4.50,3.92
9170,4.50,3.92
9171,4.50,3.92
9172,4.49,3.92
9174,4.49,3.91
9175,4.49,3.91
9176,4.49,3.91
9177,4.49,3.91
9179,4.49,3.91
9180,4.49,3.91
9181,4.49,3.91
9182,4.49,3.91
9183,4.49,3.91
9184,4.49,3.91
9185,4.49,3.90
9186,4.49,3.90
9188,4.49,3.90
9189,4.49,3.90
9190,4.49,3.90
9191,4.49,3.90
9192,4.49,3.90
9193,4.49,3.90
9194,4.49,3.89
9195,4.49,3.89
9197,4.49,3.89
9198,4.49,3.89
9199,4.49,3.89
9200,4.49,3.89
9201,4.49,3.89
9202,4.49,3.89
9203,4.49,3.89
9204,4.49,3.89
9206,4.49,3.89
9207,4.49,3.89
9208,4.49,3.89
9209,4.49,3.89
9210,4.49,3.89
9211,4.49,3.88
9212,4.49,3.89
9214,4.49,3.88
9216,4.49,3.88
9217,4.49,3.88
9218,4.49,3.88
9219,4.49,3.88
9220,4.49,3.88
9221,4.49,3.88
9222,4.49,3.88
9224,4.49,3.88
9225,4.49,3.88
9226,4.49,3.88
9227,4.49,3.88
9228,4.49,3.88
9229,4.49,3.88
9230,4.49,3.88
9231,4.49,3.88
9233,4.49,3.88
9234,4.49,3.88
9235,4.49,3.88
9236,4.49,3.88
9237,4.49,3.88
9238,4.49,3.88
9239,4.49,3.88
9240,4.49,3.88
9242,4.49,3.89
9243,4.49,3.88
9244,4.49,3.89
9245,4.49,3.89
9246,4.50,3.89
9247,4.50,3.89
9248,4.50,3.89
9249,4.50,3.89
9251,4.50,3.89
9252,4.50,3.89
9253,4.50,3.89
9254,4.50,3.89
9255,4.50,3.89
9256,4.50,3.89
9257,4.50,3.89
9259,4.50,3.89
9261,4.50,3.89
9262,4.50,3.89
9263,4.50,3.89
9264,4.50,3.89
9265,4.50,3.89
9266,4.50,3.89
9267,4.50,3.89
9268,4.50,3.89
9270,4.50,3.89
9271,4.50,3.89
9272,4.50,3.89
9273,4.50,3.89
9274,4.50,3.90
9275,4.50,3.90
9276,4.50,3.89
9277,4.50,3.90
9279,4.50,3.90
9280,4.50,3.90
9281,4.50,3.90
9282,4.50,3.90
9283,4.50,3.90
9284,4.50,3.90
9285,4.50,3.90
9286,4.50,3.90
9288,4.50,3.90
9289,4.50,3.90
9290,4.50,3.90
9291,4.50,3.90
9292,4.50,3.90
9293,4.50,3.90
9294,4.50,3.90
9295,4.50,3.90
9296,4.50,3.90
9298,4.50,3.90
9299,4.50,3.90
9300,4.50,3.90
9302,4.50,3.90
9303,4.50,3.91
9304,4.50,3.90
9305,4.50,3.91
9306,4.50,3.91
9308,4.50,3.91
9309,4.50,3.91
9310,4.50,3.91
9311,4.50,3.91
9312,4.50,3.91
9313,4.50,3.91
9314,4.50,3.91
9315,4.50,3.91
9317,4.50,3.91
9318,4.50,3.91
9319,4.50,3.91
9320,4.50,3.91
9321,4.50,3.91
9322,4.50,3.91
9323,4.50,3.91
9324,4.50,3.91
9326,4.50,3.91
9327,4.50,3.91
9328,4.50,3.91
9329,4.50,3.91
9330,4.50,3.91
9331,4.50,3.91
9332,4.50,3.91
9333,4.50,3.91
9335,4.50,3.91
9336,4.50,3.91
9337,4.50,3.91
9338,4.50,3.91
9339,4.50,3.91
9340,4.50,3.91
9341,4.50,3.91
9342,4.50,3.91
9345,4.50,3.92
9346,4.50,3.91
9347,4.50,3.92
9348,4.50,3.92
9349,4.50,3.92
9350,4.50,3.92
9351,4.50,3.92
9352,4.50,3.92
9354,4.50,3.92
9355,4.50,3.92
9356,4.50,3.92
9357,4.50,3.92
9358,4.50,3.92
9359,4.50,3.92
9360,4.50,3.92
9361,4.50,3.92
9363,4.50,3.92
9364,4.50,3.92
9365,4.50,3.93
9366,4.50,3.93
9367,4.50,3.92
9368,4.50,3.93
9369,4.50,3.93
9370,4.50,3.93
9372,4.50,3.93
9373,4.50,3.93
9374,4.50,3.93
9375,4.50,3.93
9376,4.50,3.93
9377,4.50,3.93
9378,4.50,3.93
9379,4.50,3.93
9381,4.50,3.93
9382,4.50,3.93
9383,4.50,3.93
9384,4.50,3.93
9385,4.50,3.94
9387,4.50,3.94
9388,4.50,3.94
9389,4.50,3.94
9391,4.50,3.94
9392,4.50,3.94
9393,4.50,3.94
9394,4.50,3.94
9395,4.50,3.94
9396,4.50,3.94
9397,4.50,3.94
9398,4.50,3.94
9400,4.50,3.94
9401,4.50,3.94
9402,4.50,3.94
9403,4.50,3.94
9404,4.50,3.94
9405,4.50,3.94
9406,4.50,3.94
9407,4.50,3.94
9409,4.50,3.94
9410,4.50,3.94
9411,4.50,3.95
9412,4.50,3.95
9413,4.50,3.95
9414,4.50,3.95
9415,4.50,3.95
9416,4.50,3.95
9418,4.50,3.95
9419,4.50,3.95
9420,4.50,3.95
9421,4.50,3.95
9422,4.50,3.95
9423,4.50,3.95
9424,4.50,3.95
9425,4.50,3.95
9427,4.50,3.95
9428,4.50,3.95
9430,4.50,3.95
9431,4.50,3.95
9432,4.50,3.95
9433,4.50,3.95
9434,4.50,3.95
9435,4.50,3.95
9437,4.50,3.95
9438,4.50,3.95
9439,4.50,3.96
9440,4.50,3.96
9441,4.50,3.96
9442,4.50,3.96
9443,4.50,3.96
9444,4.50,3.96
9446,4.50,3.96
9447,4.50,3.96
9448,4.50,3.96
9449,4.50,3.96
9450,4.50,3.96
9451,4.50,3.96
9452,4.50,3.96
9453,4.50,3.96
9455,4.50,3.96
9456,4.50,3.96
9457,4.50,3.96
9458,4.50,3.96
9459,4.50,3.96
9460,4.50,3.96
9461,4.50,3.96
9462,4.50,3.96
9464,4.50,3.96
9465,4.50,3.97
9466,4.50,3.97
9467,4.50,3.97
9468,4.50,3.97
9469,4.50,3.97
9470,4.50,3.97
9472,4.50,3.97
9474,4.50,3.97
9475,4.50,3.97
9476,4.50,3.97
9477,4.50,3.97
9478,4.50,3.97
9479,4.50,3.97
9480,4.50,3.97
9481,4.50,3.97
9483,4.50,3.97
9484,4.50,3.97
9485,4.50,3.97
9486,4.50,3.97
9487,4.50,3.98
9488,4.50,3.97
9489,4.50,3.97
9490,4.50,3.97
9492,4.50,3.98
9493,4.50,3.98
9494,4.50,3.98
9495,4.50,3.98
9496,4.50,3.98
9497,4.50,3.98
9498,4.50,3.98
9499,4.50,3.98
9501,4.50,3.98
9502,4.50,3.98
9503,4.50,3.98
9504,4.50,3.98
9505,4.50,3.98
9506,4.50,3.98
9507,4.50,3.98
9508,4.50,3.98
9510,4.50,3.98
9511,4.50,3.98
9512,4.50,3.98
9513,4.50,3.98
9515,4.50,3.98
9516,4.50,3.98
9517,4.50,3.98
9518,4.50,3.98
9520,4.50,3.98
9521,4.50,3.98
9522,4.50,3.98
9523,4.50,3.98
9524,4.50,3.98
9525,4.50,3.98
9526,4.50,3.98
9527,4.48,3.96
9529,4.45,3.94
9530,4.40,3.91
9531,4.36,3.90
9532,4.34,3.89
9533,4.31,3.88
9534,4.30,3.88
9535,4.30,3.87
9536,4.29,3.87
9538,4.30,3.88
9539,4.29,3.88
9540,4.27,3.86
9541,4.24,3.84
9542,4.20,3.81
9543,4.15,3.79
9544,4.10,3.75
9545,4.05,3.73
9547,4.00,3.70
9548,3.97,3.69
9549,3.95,3.68
9550,3.94,3.68
9551,3.95,3.69
9552,3.96,3.70
9553,3.97,3.70
9554,3.99,3.71
9556,3.99,3.71
9558,3.97,3.70
9559,3.95,3.68
9560,3.92,3.66
9561,3.89,3.63
9562,3.85,3.61
9563,3.81,3.59
9564,3.79,3.58
9566,3.78,3.58
9567,3.79,3.59
9568,3.80,3.60
9569,3.82,3.61
9570,3.84,3.63
9571,3.87,3.65
9572,3.89,3.65
9574,3.88,3.64
9575,3.87,3.62
9576,3.85,3.61
9577,3.82,3.59
9578,3.80,3.58
9579,3.77,3.56
9580,3.74,3.55
9581,3.74,3.55
9583,3.74,3.56
9584,3.76,3.57
9585,3.79,3.58
9586,3.81,3.60
9587,3.85,3.62
9588,3.87,3.63
9589,3.88,3.63
9590,3.87,3.62
9592,3.86,3.61
9593,3.84,3.59
9594,3.81,3.58
9595,3.79,3.56
9596,3.76,3.55
9597,3.75,3.55
9598,3.75,3.56
9600,3.77,3.57
9602,3.79,3.58
9603,3.82,3.60
9604,3.85,3.62
9605,3.88,3.64
9606,3.89,3.64
9607,3.89,3.63
9608,3.88,3.62
9609,3.86,3.60
9611,3.84,3.59
9612,3.82,3.58
9613,3.79,3.56
9614,3.77,3.56
9615,3.76,3.56
9616,3.77,3.57
9617,3.79,3.58
9618,3.81,3.59
9620,3.84,3.61
9621,3.88,3.64
9622,3.90,3.64
9623,3.90,3.64
9624,3.89,3.63
9625,3.88,3.62
9626,3.86,3.61
9627,3.84,3.59
9629,3.81,3.58
9630,3.79,3.57
9631,3.77,3.56
9632,3.77,3.56
9633,3.79,3.57
9634,3.81,3.59
9635,3.83,3.61
9636,3.87,3.63
9638,3.90,3.65
9639,3.91,3.65
9640,3.90,3.64
9641,3.89,3.63
9643,3.87,3.62
9644,3.85,3.60
9645,3.83,3.59
9647,3.80,3.57
9648,3.78,3.57
9649,3.77,3.57
9650,3.78,3.57
9651,3.80,3.59
9652,3.83,3.60
9653,3.86,3.62
9654,3.89,3.64
9656,3.91,3.65
9657,3.91,3.64
9658,3.90,3.63
9659,3.88,3.62
9660,3.86,3.61
9661,3.84,3.60
9662,3.81,3.58
9663,3.79,3.57
9665,3.77,3.56
9666,3.77,3.57
9667,3.79,3.58
9668,3.81,3.59
9669,3.84,3.61
9670,3.87,3.63
9671,3.89,3.64
9672,3.90,3.64
9674,3.89,3.63
9675,3.87,3.61
9676,3.85,3.60
9677,3.83,3.59
9678,3.80,3.57
9679,3.78,3.56
9680,3.76,3.55
9681,3.75,3.56
9683,3.76,3.56
9684,3.78,3.58
9686,3.81,3.59
9687,3.84,3.62
9688,3.87,3.63
9689,3.88,3.63
9690,3.88,3.62
9691,3.87,3.61
9693,3.85,3.61
9694,3.83,3.59
9695,3.80,3.57
9696,3.78,3.56
9697,3.75,3.55
9698,3.74,3.55
9699,3.75,3.55
9701,3.76,3.56
9702,3.79,3.58
9703,3.82,3.60
9704,3.85,3.62
9705,3.87,3.63
9706,3.87,3.62
9707,3.86,3.61
9708,3.85,3.60
9710,3.83,3.59
9711,3.80,3.57
9712,3.78,3.56
9713,3.75,3.55
9714,3.74,3.54
9715,3.73,3.55
9716,3.75,3.55
9717,3.77,3.57
9719,3.80,3.59
9720,3.83,3.61
9721,3.86,3.62
9722,3.87,3.62
9723,3.86,3.61
9724,3.85,3.60
9725,3.83,3.59
9726,3.81,3.58
9729,3.79,3.56
9730,3.76,3.54
9731,3.74,3.54
9732,3.73,3.54
9733,3.74,3.55
9734,3.76,3.56
9735,3.79,3.58
9736,3.82,3.60
9738,3.85,3.62
9739,3.87,3.62
9740,3.87,3.62
9741,3.86,3.61
9742,3.84,3.59
9743,3.82,3.58
9744,3.80,3.57
9745,3.78,3.55
9747,3.75,3.54
9748,3.73,3.54
9749,3.74,3.54
9750,3.75,3.55
9751,3.77,3.57
9752,3.80,3.59
9753,3.83,3.61
9754,3.86,3.62
9756,3.87,3.62
9757,3.86,3.61
9758,3.85,3.60
9759,3.83,3.59
9760,3.81,3.58
9761,3.79,3.57
9762,3.77,3.55
9763,3.74,3.54
9765,3.74,3.54
9766,3.74,3.55
9767,3.76,3.56
9768,3.79,3.58
9769,3.82,3.60
9771,3.85,3.62
9772,3.87,3.62
9773,3.87,3.62
9775,3.86,3.60
9776,3.84,3.60
9777,3.82,3.58
9778,3.80,3.57
9779,3.77,3.56
9780,3.75,3.54
9781,3.73,3.54
9782,3.74,3.55
9784,3.75,3.56
9785,3.78,3.57
9786,3.81,3.59
9787,3.84,3.61
9788,3.86,3.62
9789,3.87,3.62
9790,3.86,3.61
9791,3.85,3.60
9793,3.83,3.59
9794,3.81,3.58
9795,3.79,3.56
9796,3.76,3.55
9797,3.74,3.54
9798,3.73,3.54
9799,3.74,3.55
9800,3.77,3.56
9802,3.79,3.58
9803,3.82,3.60
9804,3.85,3.62
9805,3.87,3.62
9806,3.86,3.61
9807,3.85,3.60
9808,3.84,3.59
9809,3.82,3.58
9811,3.80,3.57
9812,3.77,3.56
9814,3.74,3.54
9815,3.73,3.54
9816,3.74,3.55
9817,3.75,3.56
9818,3.78,3.57
9819,3.81,3.59
9821,3.84,3.62
9822,3.86,3.62
9823,3.87,3.62
9824,3.86,3.61
9825,3.85,3.60
9826,3.83,3.59
9827,3.80,3.58
9828,3.78,3.56
9830,3.76,3.55
9831,3.74,3.54
9832,3.73,3.54
9833,3.74,3.55
9834,3.76,3.56
9835,3.79,3.58
9836,3.83,3.60
9837,3.85,3.62
9839,3.87,3.62
9840,3.87,3.62
9841,3.85,3.60
9842,3.84,3.59
9843,3.82,3.58
9844,3.80,3.57
9845,3.77,3.55
9846,3.75,3.54
9848,3.74,3.55
9849,3.74,3.55
9850,3.76,3.56
9851,3.78,3.57
9852,3.81,3.59
9853,3.84,3.61
9854,3.87,3.62
9856,3.87,3.62
9858,3.86,3.61
9859,3.85,3.60
9860,3.83,3.59
9861,3.81,3.58
9862,3.78,3.56
9863,3.76,3.55
9864,3.74,3.54
9866,3.73,3.55
9867,3.75,3.55
9868,3.77,3.57
9869,3.80,3.58
9870,3.83,3.61
9871,3.86,3.62
9872,3.87,3.62
9873,3.87,3.61
9875,3.86,3.60
9876,3.84,3.59
9877,3.82,3.58
9878,3.80,3.57
9879,3.77,3.55
9880,3.75,3.54
9881,3.74,3.54
9882,3.74,3.55
9884,3.76,3.56
9885,3.79,3.57
9886,3.82,3.60
9887,3.85,3.62
9888,3.87,3.62
9889,3.87,3.62
9890,3.86,3.61
9891,3.85,3.60
9893,3.83,3.59
9894,3.81,3.57
9895,3.78,3.56
9896,3.76,3.55
9897,3.74,3.54
9899,3.74,3.55
9900,3.75,3.56
9901,3.78,3.57
9903,3.80,3.58
9904,3.83,3.61
9905,3.86,3.62
9906,3.87,3.62
9907,3.87,3.61
9908,3.85,3.60
9909,3.84,3.59
9910,3.81,3.58
9912,3.79,3.57
9913,3.77,3.55
9914,3.74,3.54
9915,3.73,3.54
9916,3.74,3.55
9917,3.76,3.56
9918,3.79,3.58
9919,3.82,3.60
9921,3.85,3.62
9922,3.87,3.62
9923,3.87,3.62
9924,3.86,3.61
9925,3.85,3.60
9926,3.83,3.59
9927,3.81,3.57
9928,3.78,3.56
9930,3.76,3.55
9931,3.74,3.54
9932,3.74,3.55
9933,3.76,3.56
9934,3.78,3.57
9935,3.81,3.59
9936,3.84,3.61
9937,3.87,3.62
9939,3.88,3.62
9940,3.87,3.62
9942,3.86,3.61
9943,3.84,3.59
9944,3.82,3.58
9945,3.80,3.57
9946,3.77,3.55
9948,3.75,3.54
9949,3.74,3.54
9950,3.75,3.55
9951,3.77,3.57
9952,3.79,3.58
9953,3.83,3.60
9954,3.86,3.62
9955,3.87,3.62
9957,3.87,3.62
9958,3.86,3.61
9959,3.84,3.59
9960,3.82,3.58
9961,3.80,3.57
9962,3.77,3.55
9963,3.75,3.54
9964,3.73,3.54
9966,3.74,3.54
9967,3.75,3.55
9968,3.77,3.57
9969,3.80,3.59
9970,3.84,3.61
9971,3.86,3.62
9972,3.87,3.62
9973,3.86,3.61
9975,3.84,3.60
9976,3.83,3.58
9977,3.80,3.57
9978,3.78,3.56
9979,3.76,3.54
9980,3.73,3.54
9981,3.73,3.54
9982,3.74,3.55
9985,3.76,3.57
9986,3.79,3.58
9987,3.82,3.60
9988,3.85,3.62
9989,3.87,3.62
9990,3.86,3.61
9991,3.85,3.60
9992,3.83,3.59
9994,3.82,3.58
9995,3.79,3.57
9996,3.77,3.55
9997,3.74,3.54
9998,3.73,3.54
9999,3.74,3.55
10000,3.75,3.56
10002,3.78,3.57
10003,3.81,3.60
10004,3.85,3.62
10005,3.86,3.62
10006,3.86,3.61
10007,3.85,3.61
10009,3.84,3.59
10010,3.81,3.58
10011,3.79,3.56
10012,3.77,3.55
10013,3.74,3.54
10015,3.73,3.54
10016,3.74,3.55
10017,3.76,3.56
10018,3.79,3.58
10019,3.82,3.60
10020,3.85,3.62
10022,3.86,3.62
10023,3.86,3.61
10024,3.85,3.60
10025,3.83,3.59
10027,3.81,3.58
10029,3.79,3.56
10030,3.76,3.55
10031,3.74,3.54
10032,3.73,3.54
10033,3.74,3.55
10034,3.76,3.56
10036,3.79,3.58
10037,3.83,3.61
10038,3.86,3.62
10039,3.87,3.62
10040,3.86,3.61
10042,3.85,3.60
10043,3.83,3.59
10044,3.81,3.58
10045,3.78,3.56
10046,3.76,3.55
10047,3.74,3.54
10049,3.73,3.54
10050,3.75,3.55
10051,3.77,3.57
10052,3.80,3.59
10053,3.83,3.61
10054,3.86,3.62
10056,3.86,3.62
10057,3.85,3.61
10058,3.84,3.60
10059,3.82,3.58
10060,3.80,3.57
10062,3.77,3.55
10063,3.75,3.54
10064,3.73,3.54
10065,3.73,3.54
10066,3.75,3.55
10067,3.77,3.57
10070,3.80,3.59
10071,3.84,3.61
10072,3.86,3.62
10073,3.86,3.61
10074,3.85,3.60
10076,3.83,3.59
10077,3.82,3.58
10078,3.79,3.56
10079,3.77,3.55
10080,3.74,3.54
10081,3.73,3.53
10083,3.73,3.54
10084,3.75,3.56
10085,3.78,3.57
10086,3.81,3.60
10087,3.84,3.61
10089,3.86,3.62
10090,3.86,3.61
10091,3.85,3.60
10092,3.83,3.59
10093,3.81,3.58
10094,3.79,3.57
10096,3.76,3.55
10097,3.74,3.54
10098,3.73,3.54
10099,3.74,3.55
10100,3.76,3.56
10101,3.79,3.58
10103,3.82,3.60
10104,3.85,3.62
10105,3.86,3.62
10106,3.86,3.61
10107,3.85,3.60
10109,3.83,3.59
10110,3.80,3.57
10112,3.78,3.56
10113,3.75,3.54
10114,3.73,3.54
10115,3.73,3.54
10117,3.74,3.55
10118,3.76,3.56
10119,3.79,3.58
10120,3.82,3.60
10121,3.85,3.62
10123,3.86,3.62
10124,3.85,3.61
10125,3.84,3.60
10126,3.82,3.59
10127,3.80,3.57
10128,3.78,3.56
10130,3.75,3.54
10131,3.73,3.54
10132,3.73,3.54
10133,3.74,3.55
10134,3.77,3.57
10136,3.80,3.59
10137,3.83,3.61
10138,3.85,3.62
10139,3.86,3.61
10140,3.85,3.60
10141,3.83,3.59
10143,3.82,3.58
10144,3.79,3.57
10145,3.77,3.55
10146,3.74,3.54
10147,3.72,3.54
10148,3.73,3.54
10150,3.74,3.55
10151,3.77,3.57
10152,3.80,3.59
10153,3.83,3.61
10155,3.85,3.61
10157,3.85,3.61
10158,3.84,3.60
10159,3.83,3.59
10160,3.81,3.57
10161,3.78,3.56
10162,3.76,3.55
10164,3.73,3.53
10165,3.72,3.53
10166,3.73,3.54
10167,3.75,3.55
10168,3.77,3.57
10170,3.81,3.59
10171,3.84,3.61
10172,3.86,3.62
10173,3.85,3.61
10174,3.84,3.60
10175,3.83,3.59
10177,3.81,3.58
10178,3.78,3.56
10179,3.76,3.55
10180,3.73,3.54
10181,3.73,3.54
10183,3.74,3.55
10184,3.76,3.56
10185,3.79,3.58
10186,3.82,3.60
10187,3.85,3.62
10188,3.86,3.62
10190,3.85,3.61
10191,3.84,3.60
10192,3.82,3.58
10193,3.80,3.57
10194,3.78,3.56
10195,3.75,3.54
10198,3.73,3.54
10199,3.72,3.54
10200,3.74,3.55
10201,3.76,3.56
10202,3.79,3.58
10204,3.82,3.61
10205,3.85,3.62
10206,3.85,3.61
10207,3.85,3.60
10208,3.83,3.59
10209,3.81,3.58
10211,3.79,3.57
10212,3.77,3.55
10213,3.74,3.54
10214,3.72,3.53
10215,3.72,3.54
10217,3.74,3.55
10218,3.76,3.56
10219,3.79,3.59
10220,3.83,3.61
10221,3.85,3.61
10222,3.85,3.61
10224,3.84,3.60
10225,3.83,3.59
10226,3.81,3.58
10227,3.79,3.56
10228,3.76,3.55
10230,3.74,3.53
10231,3.72,3.53
10232,3.72,3.54
10233,3.74,3.55
10234,3.77,3.57
10235,3.80,3.59
10237,3.83,3.61
10238,3.85,3.61
10240,3.85,3.61
10241,3.84,3.60
10242,3.82,3.59
10243,3.80,3.57
10245,3.78,3.56
10246,3.76,3.54
10247,3.73,3.53
10248,3.72,3.54
10249,3.73,3.54
10251,3.75,3.55
10252,3.77,3.57
10253,3.81,3.59
10254,3.84,3.62
10255,3.85,3.61
10256,3.85,3.61
10258,3.84,3.60
10259,3.82,3.59
10260,3.80,3.57
10261,3.78,3.56
10262,3.75,3.54
10264,3.73,3.53
10265,3.72,3.53
10266,3.73,3.54
10267,3.75,3.56
10268,3.78,3.58
10269,3.81,3.60
10271,3.84,3.61
10272,3.85,3.62
10273,3.85,3.61
10274,3.84,3.60
10275,3.82,3.58
10276,3.80,3.57
10278,3.77,3.56
10279,3.75,3.54
10280,3.73,3.53
10281,3.72,3.54
10283,3.73,3.55
10285,3.76,3.56
10286,3.79,3.58
10287,3.82,3.61
10288,3.85,3.62
10289,3.86,3.62
10290,3.85,3.61
10292,3.84,3.60
10293,3.82,3.58
10294,3.80,3.57
10295,3.77,3.55
10296,3.75,3.54
10298,3.73,3.54
10299,3.73,3.54
10300,3.74,3.55
10301,3.76,3.56
10302,3.80,3.59
10303,3.83,3.61
10305,3.85,3.62
10306,3.86,3.61
10307,3.85,3.60
10308,3.83,3.59
10309,3.81,3.58
10310,3.79,3.57
10312,3.76,3.55
10313,3.74,3.54
10314,3.72,3.54
10315,3.72,3.54
10316,3.74,3.55
10318,3.77,3.57
10319,3.80,3.59
10320,3.83,3.61
10321,3.86,3.62
10322,3.86,3.62
10323,3.85,3.60
10326,3.83,3.59
10327,3.81,3.58
10328,3.79,3.57
10329,3.76,3.55
10330,3.74,3.54
10332,3.72,3.54
10333,3.73,3.54
10334,3.75,3.56
10335,3.78,3.57
10336,3.81,3.60
10337,3.84,3.62
10339,3.86,3.62
10340,3.86,3.61
10341,3.84,3.60
10342,3.83,3.59
10343,3.81,3.58
10345,3.78,3.56
10346,3.76,3.55
10347,3.73,3.54
10348,3.72,3.54
10349,3.73,3.55
10350,3.75,3.56
10352,3.78,3.58
10353,3.81,3.61
10354,3.84,3.62
10355,3.86,3.62
10356,3.85,3.61
10358,3.83,3.59
10359,3.82,3.58
10360,3.80,3.57
10361,3.77,3.56
10362,3.75,3.54
10363,3.72,3.54
10365,3.72,3.54
10366,3.73,3.55
10368,3.76,3.56
10369,3.79,3.58
10370,3.82,3.61
10372,3.85,3.61
10373,3.85,3.61
10374,3.84,3.60
10375,3.83,3.59
10376,3.81,3.58
10377,3.79,3.56
10379,3.76,3.55
10380,3.74,3.54
10381,3.72,3.53
10382,3.72,3.53
10383,3.73,3.55
10384,3.76,3.56
10386,3.79,3.58
10387,3.82,3.61
10388,3.85,3.62
10389,3.85,3.61
10390,3.84,3.60
10392,3.83,3.59
10393,3.81,3.58
10394,3.79,3.56
10395,3.76,3.55
10396,3.74,3.53
10397,3.72,3.53
10399,3.72,3.54
10400,3.74,3.55
10401,3.77,3.57
10402,3.80,3.59
10403,3.83,3.61
10405,3.85,3.62
10406,3.85,3.61
10407,3.84,3.60
10408,3.82,3.59
10409,3.80,3.57
10411,3.78,3.56
10413,3.75,3.54
10414,3.73,3.53
10415,3.72,3.53
10416,3.73,3.54
10417,3.74,3.56
10419,3.77,3.57
10420,3.81,3.59
10421,3.84,3.61
10422,3.85,3.61
10423,3.85,3.61
10424,3.83,3.59
10426,3.82,3.58
10427,3.80,3.57
10428,3.77,3.56
10429,3.75,3.54
10430,3.72,3.53
10431,3.72,3.53
10433,3.73,3.54
10434,3.75,3.56
10435,3.78,3.58
10436,3.81,3.60
10437,3.84,3.62
10439,3.85,3.62
10440,3.85,3.61
10441,3.84,3.60
10442,3.82,3.59
10443,3.80,3.57
10444,3.77,3.55
10446,3.75,3.54
10447,3.73,3.54
10448,3.72,3.54
10449,3.74,3.56
10450,3.76,3.57
10452,3.79,3.59
10454,3.82,3.61
10455,3.85,3.62
10456,3.85,3.61
10457,3.84,3.60
10458,3.83,3.59
10460,3.81,3.58
10461,3.79,3.57
10462,3.76,3.55
10463,3.74,3.54
10464,3.72,3.54
10466,3.72,3.54
10467,3.74,3.55
10468,3.76,3.56
10469,3.79,3.59
10470,3.83,3.61
10471,3.85,3.62
10473,3.85,3.61
10474,3.84,3.60
10475,3.82,3.59
10476,3.80,3.58
10477,3.78,3.56
10479,3.76,3.55
10480,3.73,3.53
10481,3.72,3.53
10482,3.72,3.54
10483,3.74,3.55
10484,3.77,3.57
10486,3.80,3.59
10487,3.83,3.61
10488,3.85,3.61
10489,3.85,3.61
10490,3.84,3.60
10491,3.82,3.58
10493,3.80,3.57
10494,3.78,3.56
10496,3.75,3.54
10497,3.73,3.53
10498,3.72,3.53
10500,3.73,3.54
10501,3.75,3.56
10502,3.78,3.57
10503,3.81,3.60
10504,3.84,3.61
10505,3.85,3.61
10507,3.85,3.61
10508,3.83,3.59
10509,3.81,3.59
10510,3.79,3.57
10511,3.77,3.55
10513,3.74,3.54
10514,3.72,3.53
10515,3.72,3.54
10516,3.73,3.54
10517,3.75,3.56
10518,3.78,3.58
10520,3.81,3.60
10521,3.84,3.61
10522,3.85,3.61
10523,3.84,3.59
10524,3.83,3.59
10525,3.81,3.58
10527,3.79,3.57
10528,3.77,3.55
10529,3.74,3.54
10530,3.72,3.53
10531,3.72,3.54
10533,3.73,3.54
10534,3.76,3.56
10535,3.79,3.58
10536,3.82,3.61
10537,3.85,3.62
10539,3.85,3.61
10541,3.84,3.60
10542,3.83,3.59
10543,3.81,3.58
10544,3.79,3.56
10545,3.76,3.55
10547,3.74,3.54
10548,3.72,3.53
10549,3.72,3.54
10550,3.74,3.54
10551,3.76,3.57
10552,3.80,3.59
10554,3.83,3.61
10555,3.85,3.61
10556,3.85,3.61
10557,3.84,3.60
10558,3.82,3.59
10560,3.80,3.57
10561,3.78,3.56
10562,3.75,3.55
10563,3.73,3.53
10564,3.72,3.53
10565,3.72,3.54
10567,3.74,3.55
10568,3.77,3.57
10569,3.80,3.59
10570,3.83,3.61
10571,3.85,3.61
10573,3.85,3.61
10574,3.84,3.60
10575,3.82,3.58
10576,3.80,3.57
10577,3.78,3.56
10578,3.75,3.54
10580,3.73,3.53
10582,3.72,3.53
10583,3.73,3.54
10584,3.75,3.55
10585,3.77,3.57
10586,3.81,3.60
10588,3.84,3.61
10589,3.85,3.61
10590,3.85,3.61
10591,3.84,3.60
10592,3.82,3.59
10594,3.80,3.57
10595,3.77,3.56
10596,3.75,3.55
10597,3.73,3.54
10598,3.72,3.54
10599,3.73,3.54
10601,3.75,3.56
10602,3.78,3.58
10603,3.82,3.60
10604,3.84,3.61
10605,3.85,3.61
10607,3.84,3.60
10608,3.83,3.59
10609,3.81,3.58
10610,3.79,3.56
10611,3.76,3.55
10612,3.74,3.53
10614,3.72,3.53
10615,3.71,3.53
10616,3.73,3.54
10617,3.75,3.56
10618,3.78,3.58
10619,3.82,3.60
10621,3.84,3.61
10622,3.85,3.61
10624,3.84,3.60
10625,3.82,3.59
10626,3.80,3.57
10628,3.78,3.56
10629,3.75,3.54
10630,3.73,3.53
10631,3.71,3.53
10632,3.72,3.53
10633,3.73,3.54
10635,3.76,3.56
10636,3.79,3.58
10637,3.82,3.60
10638,3.84,3.61
10639,3.84,3.60
10641,3.83,3.60
10642,3.82,3.58
10643,3.80,3.57
10644,3.78,3.56
10645,3.75,3.54
10646,3.73,3.53
10648,3.71,3.52
10649,3.72,3.53
10650,3.74,3.55
10651,3.76,3.56
10652,3.80,3.59
10653,3.83,3.60
10655,3.84,3.61
10656,3.84,3.60
10657,3.83,3.59
10658,3.81,3.58
10659,3.79,3.57
10661,3.77,3.55
10662,3.75,3.54
10663,3.72,3.53
10664,3.71,3.53
10665,3.72,3.53
10667,3.74,3.55
10669,3.77,3.57
10670,3.80,3.59
10671,3.83,3.61
10672,3.84,3.61
10673,3.84,3.60
10675,3.83,3.59
10676,3.81,3.58
10677,3.79,3.56
10678,3.77,3.55
10679,3.75,3.54
10680,3.72,3.53
10682,3.72,3.53
10683,3.73,3.54
10684,3.75,3.56
10685,3.78,3.57
10686,3.81,3.60
10687,3.84,3.61
10689,3.85,3.61
10690,3.85,3.60
10691,3.83,3.60
10692,3.82,3.58
10693,3.79,3.57
10695,3.77,3.55
10696,3.74,3.54
10697,3.72,3.53
10698,3.72,3.53
10699,3.73,3.54
10700,3.76,3.56
10702,3.79,3.58
10703,3.82,3.60
10704,3.84,3.61
10705,3.85,3.61
10706,3.84,3.60
10708,3.82,3.59
10710,3.81,3.58
10711,3.78,3.56
10712,3.76,3.55
10713,3.73,3.53
10714,3.72,3.53
10716,3.72,3.53
10717,3.73,3.54
10718,3.76,3.56
10719,3.79,3.58
10720,3.83,3.60
10721,3.84,3.61
10723,3.84,3.60
10724,3.83,3.60
10725,3.82,3.58
10726,3.80,3.57
10727,3.77,3.55
10729,3.75,3.54
10730,3.72,3.52
10731,3.71,3.52
10732,3.72,3.53
10733,3.73,3.54
10734,3.76,3.56
10736,3.79,3.58
10737,3.82,3.60
10738,3.83,3.60
10739,3.83,3.59
10740,3.81,3.58
10742,3.80,3.57
10743,3.78,3.55
10744,3.75,3.54
10745,3.73,3.52
10746,3.70,3.52
10747,3.70,3.52
10749,3.71,3.53
10750,3.74,3.54
10752,3.77,3.57
10753,3.80,3.58
10754,3.84,3.61
10755,3.88,3.63
10757,3.89,3.63
10758,3.88,3.62
10759,3.87,3.61
10760,3.85,3.60
10761,3.84,3.61
10763,3.84,3.63
10764,3.86,3.64
10765,3.88,3.66
10766,3.91,3.68
10767,3.93,3.69
10768,3.97,3.70
10770,4.00,3.72
10771,4.03,3.74
10772,4.07,3.76
10773,4.10,3.78
10774,4.13,3.79
10775,4.16,3.81
10777,4.19,3.82
10778,4.23,3.84
10779,4.25,3.85
10780,4.28,3.87
10781,4.31,3.88
10783,4.34,3.90
10784,4.36,3.91
10785,4.38,3.92
10786,4.40,3.93
10787,4.42,3.94
10788,4.44,3.96
10790,4.46,3.96
10791,4.48,3.97
10792,4.49,3.98
10793,4.50,3.99
10795,4.52,4.00
10797,4.53,4.00
10798,4.54,4.01
10799,4.54,4.01
10800,4.55,4.02
10801,4.56,4.02
10802,4.57,4.03
10804,4.57,4.03
10805,4.57,4.03
10806,4.57,4.04
10807,4.57,4.04
10808,4.57,4.04
10809,4.58,4.04
10811,4.57,4.04
10812,4.57,4.04
10813,4.57,4.04
10814,4.57,4.04
10815,4.57,4.04
10817,4.57,4.04
10818,4.57,4.04
10819,4.57,4.04
10820,4.57,4.04
10821,4.57,4.03
10822,4.57,4.03
10824,4.56,4.03
10825,4.56,4.03
10826,4.56,4.03
10827,4.55,4.03
10828,4.55,4.03
10829,4.55,4.03
10831,4.54,4.03
10832,4.54,4.02
10833,4.54,4.02
10834,4.54,4.02
10835,4.53,4.02
10838,4.53,4.02
10839,4.53,4.02
10840,4.53,4.02
10841,4.52,4.02
10842,4.52,4.02
10843,4.52,4.02
10845,4.52,4.02
10846,4.52,4.02
10847,4.52,4.02
10848,4.51,4.02
10849,4.51,4.02
10850,4.51,4.02
10852,4.51,4.01
10853,4.51,4.01
10854,4.51,4.01
10855,4.51,4.01
10856,4.51,4.01
10857,4.51,4.01
10859,4.51,4.01
10860,4.51,4.01
10861,4.51,4.01
10862,4.51,4.01
10863,4.51,4.01
10864,4.51,4.01
10866,4.51,4.01
10867,4.51,4.01
10868,4.51,4.01
10869,4.51,4.01
10870,4.51,4.01
10872,4.51,4.01
10873,4.51,4.01
10874,4.51,4.01
10875,4.51,4.01
10876,4.51,4.01
10877,4.51,4.02
10880,4.51,4.02
10881,4.51,4.02
10882,4.51,4.02
10883,4.51,4.02
10884,4.51,4.02
10885,4.51,4.02
10887,4.51,4.02
10888,4.51,4.02
10889,4.51,4.02
10890,4.51,4.02
10891,4.51,4.02
10892,4.51,4.02
10894,4.51,4.02
10895,4.51,4.02
10896,4.51,4.02
10897,4.51,4.02
10898,4.51,4.02
10899,4.51,4.02
10901,4.51,4.02
10902,4.51,4.02
10903,4.51,4.02
10904,4.51,4.02
10905,4.51,4.02
10907,4.51,4.02
10908,4.51,4.02
10909,4.51,4.02
10910,4.51,4.02
10911,4.51,4.02
10912,4.51,4.02
10914,4.51,4.02
10915,4.51,4.02
10916,4.51,4.02
10917,4.51,4.02
10918,4.51,4.02
10919,4.51,4.02
10921,4.51,4.02
10923,4.51,4.02
10924,4.51,4.02
10925,4.51,4.02
10926,4.51,4.02
10927,4.51,4.02
10929,4.51,4.02
10930,4.51,4.02
10931,4.51,4.02
10932,4.51,4.02
10933,4.51,4.02
10934,4.51,4.02
10936,4.51,4.02
10937,4.51,4.02
10938,4.51,4.02
10939,4.51,4.02
10940,4.51,4.02
10941,4.51,4.02
10943,4.51,4.02
10944,4.51,4.02
10945,4.51,4.02
10946,4.51,4.02
10947,4.51,4.02
10949,4.51,4.02
10950,4.51,4.02
10951,4.51,4.02
10952,4.51,4.02
10953,4.51,4.02
10954,4.51,4.02
10956,4.51,4.02
10957,4.51,4.02
10958,4.51,4.02
10959,4.51,4.02
10960,4.51,4.02
10961,4.51,4.02
10963,4.51,4.02
10964,4.51,4.02
10966,4.51,4.02
10967,4.51,4.02
10968,4.51,4.02
10969,4.51,4.02
10971,4.51,4.02
10972,4.51,4.02
10973,4.51,4.02
10974,4.51,4.02
10975,4.51,4.02
10976,4.51,4.02
10978,4.51,4.02
10979,4.51,4.02
10980,4.51,4.02
10981,4.51,4.02
10982,4.51,4.02
10984,4.51,4.02
10985,4.51,4.02
10986,4.51,4.02
10987,4.51,4.02
10988,4.51,4.02
10989,4.51,4.02
10991,4.51,4.02
10992,4.51,4.02
10993,4.51,4.02
10994,4.51,4.02
10995,4.51,4.02
10996,4.51,4.02
10998,4.51,4.02
10999,4.51,4.02
11000,4.51,4.02
11001,4.51,4.02
11002,4.51,4.02
11003,4.51,4.02
11005,4.51,4.02
11006,4.51,4.02
11008,4.51,4.02
11009,4.51,4.02
11010,4.51,4.02
11011,4.51,4.02
11013,4.51,4.02
11014,4.51,4.02
11015,4.51,4.02
11016,4.51,4.02
11017,4.51,4.02
11018,4.51,4.02
11020,4.51,4.02
11021,4.51,4.03
11022,4.51,4.03
11023,4.51,4.03
11024,4.51,4.03
11026,4.51,4.03
11027,4.51,4.03
11028,4.51,4.03
11029,4.51,4.03
11030,4.51,4.03
11031,4.51,4.03
11033,4.51,4.03
11034,4.51,4.03
11035,4.51,4.03
11036,4.51,4.03
11037,4.51,4.03
11039,4.51,4.03
11040,4.51,4.03
11041,4.51,4.03
11042,4.51,4.03
11043,4.51,4.03
11044,4.51,4.03
11046,4.51,4.03
11047,4.51,4.03
11048,4.51,4.03
11049,4.51,4.04
11051,4.51,4.04
11052,4.51,4.04
11054,4.51,4.04
11055,4.51,4.04
11056,4.51,4.04
11057,4.51,4.04
11058,4.51,4.04
11060,4.51,4.04
11061,4.51,4.04
11062,4.51,4.04
11063,4.51,4.04
11064,4.51,4.04
11065,4.51,4.04
11067,4.51,4.04
11068,4.51,4.04
11069,4.51,4.04
11070,4.51,4.04
11071,4.51,4.04
11072,4.51,4.04
11074,4.51,4.04
11075,4.51,4.04
11076,4.51,4.04
11077,4.51,4.04
11078,4.51,4.04
11080,4.51,4.05
11081,4.51,4.04
11082,4.51,4.04
11083,4.51,4.04
11084,4.51,4.05
11085,4.51,4.04
11087,4.51,4.05
11088,4.51,4.04
11089,4.51,4.04
11090,4.51,4.04
11091,4.51,4.04
11092,4.51,4.04
11095,4.51,4.04
11096,4.51,4.04
11097,4.51,4.05
11098,4.51,4.05
11099,4.51,4.05
11100,4.51,4.05
11102,4.51,4.05
11103,4.51,4.05
11104,4.51,4.05
11105,4.51,4.05
11106,4.51,4.05
11108,4.51,4.05
11109,4.51,4.05
11110,4.51,4.05
11111,4.51,4.05
11112,4.51,4.05
11113,4.51,4.05
11115,4.51,4.05
11116,4.51,4.05
11117,4.51,4.05
11118,4.51,4.05
11119,4.51,4.05
11120,4.51,4.05
11122,4.51,4.05
11123,4.51,4.05
11124,4.51,4.05
11125,4.51,4.05
11126,4.51,4.05
11128,4.51,4.05
11129,4.51,4.05
11130,4.51,4.05
11131,4.51,4.05
11132,4.51,4.05
11133,4.51,4.05
11136,4.51,4.05
11137,4.51,4.05
11138,4.51,4.05
11139,4.51,4.05
11140,4.51,4.05
11141,4.51,4.05
11143,4.51,4.05
11144,4.51,4.05
11145,4.51,4.05
11146,4.51,4.05
11147,4.51,4.05
11148,4.51,4.05
11150,4.51,4.05
11151,4.51,4.05
11152,4.51,4.05
11153,4.51,4.05
11154,4.51,4.05
11155,4.51,4.05
11157,4.51,4.05
11158,4.51,4.05
11159,4.51,4.05
11160,4.51,4.05
11161,4.51,4.05
11162,4.51,4.05
11164,4.51,4.05
11165,4.51,4.05
11166,4.51,4.05
11167,4.51,4.05
11168,4.51,4.05
11170,4.51,4.05
11171,4.51,4.05
11172,4.51,4.06
11173,4.51,4.06
11174,4.51,4.06
11175,4.51,4.06
11177,4.51,4.06
11179,4.51,4.06
11180,4.51,4.06
11181,4.51,4.06
11182,4.51,4.06
11183,4.51,4.06
11185,4.51,4.06
11186,4.51,4.06
11187,4.51,4.06
11188,4.51,4.06
11189,4.51,4.06
11191,4.51,4.06
11192,4.51,4.06
11193,4.51,4.07
11194,4.51,4.07
11195,4.51,4.06
11196,4.51,4.06
11198,4.51,4.07
11199,4.51,4.06
11200,4.51,4.06
11201,4.51,4.06
11202,4.51,4.06
11203,4.51,4.06
11205,4.51,4.07
11206,4.51,4.07
11207,4.51,4.07
11208,4.51,4.06
11209,4.51,4.07
11211,4.51,4.06
11212,4.51,4.07
11213,4.51,4.07
11214,4.51,4.07
11215,4.51,4.07
11216,4.51,4.07
11218,4.51,4.07
11219,4.51,4.07
11220,4.51,4.07
11222,4.51,4.07
11223,4.51,4.07
11224,4.51,4.07
11226,4.51,4.07
11227,4.51,4.07
11228,4.51,4.07
11229,4.51,4.07
11230,4.51,4.07
11232,4.51,4.07
11233,4.51,4.07
11234,4.51,4.07
11235,4.51,4.07
11236,4.51,4.07
11237,4.51,4.07
11239,4.51,4.07
11240,4.51,4.07
11241,4.51,4.07
11242,4.51,4.07
11243,4.51,4.07
11245,4.51,4.07
11246,4.51,4.07
11247,4.51,4.07
11248,4.51,4.07
11249,4.51,4.07
11250,4.51,4.07
11252,4.51,4.07
11253,4.51,4.07
11254,4.51,4.07
11255,4.51,4.07
11256,4.51,4.07
11258,4.51,4.07
11259,4.51,4.07
11260,4.51,4.07
11261,4.51,4.07
11262,4.51,4.07
11264,4.51,4.07
11266,4.51,4.07
11267,4.51,4.06
11268,4.51,4.06
11269,4.51,4.06
11270,4.51,4.06
11271,4.51,4.06
11273,4.51,4.06
11274,4.51,4.06
11275,4.51,4.06
11276,4.51,4.06
11277,4.51,4.06
11279,4.51,4.06
11280,4.51,4.06
11281,4.51,4.06
11282,4.51,4.06
11283,4.51,4.06
11284,4.51,4.05
11286,4.51,4.05
11287,4.51,4.05
11288,4.51,4.05
11289,4.51,4.05
11290,4.51,4.05
11291,4.51,4.05
11293,4.51,4.05
11294,4.51,4.05
11295,4.51,4.05
11296,4.51,4.05
11297,4.51,4.04
11299,4.51,4.04
11300,4.51,4.04
11301,4.51,4.04
11302,4.51,4.04
11303,4.51,4.04
11304,4.51,4.04
11307,4.51,4.04
11308,4.51,4.04
11309,4.51,4.04
11310,4.51,4.04
11311,4.51,4.04
11312,4.51,4.04
11314,4.51,4.03
11315,4.51,4.03
11316,4.51,4.03
11317,4.51,4.03
11318,4.51,4.03
11319,4.51,4.03
11321,4.51,4.03
11322,4.51,4.03
11323,4.51,4.03
11324,4.51,4.03
11325,4.51,4.03
11327,4.50,4.02
11328,4.51,4.02
11329,4.51,4.02
11330,4.51,4.02
11331,4.51,4.02
11332,4.51,4.02
11334,4.51,4.02
11335,4.51,4.02
11336,4.51,4.02
11337,4.51,4.01
11338,4.51,4.01
11339,4.51,4.01
11341,4.51,4.01
11342,4.51,4.01
11343,4.50,4.01
11344,4.51,4.01
11345,4.51,4.01
11347,4.51,4.00
11348,4.51,4.00
11350,4.51,4.00
11351,4.51,4.00
11352,4.51,4.00
11353,4.51,4.00
11355,4.51,4.00
11356,4.50,4.00
11357,4.51,4.00
11358,4.51,4.00
11359,4.51,3.99
11360,4.51,3.99
11362,4.50,3.99
11363,4.51,3.99
11364,4.51,3.99
11365,4.51,3.99
11366,4.51,3.98
11367,4.50,3.98
11369,4.51,3.98
11370,4.51,3.98
11371,4.51,3.98
11372,4.51,3.98
11373,4.51,3.97
11375,4.51,3.97
11376,4.51,3.97
11377,4.51,3.97
11378,4.51,3.96
11379,4.51,3.96
11380,4.51,3.96
11382,4.51,3.96
11383,4.51,3.96
11384,4.51,3.95
11385,4.51,3.95
11386,4.51,3.95
11388,4.51,3.94
11389,4.51,3.94
11390,4.50,3.94
11392,4.51,3.94
11393,4.51,3.93
11394,4.51,3.93
11396,4.51,3.93
11397,4.51,3.92
11398,4.51,3.92
11399,4.51,3.92
11400,4.51,3.92
11401,4.50,3.91
11403,4.50,3.91
11404,4.50,3.91
11405,4.50,3.91
11406,4.50,3.91
11407,4.50,3.90
11409,4.50,3.90
11410,4.50,3.90
11411,4.50,3.89
11412,4.50,3.89
11413,4.50,3.89
11414,4.50,3.88
11416,4.50,3.88
11417,4.50,3.88
11418,4.50,3.87
11419,4.50,3.87
11420,4.50,3.87
11421,4.50,3.86
11423,4.50,3.86
11424,4.50,3.86
11425,4.50,3.85
11426,4.50,3.85
11427,4.50,3.85
11429,4.50,3.85
11430,4.50,3.84
11431,4.50,3.84
11432,4.50,3.84
11433,4.50,3.84
11435,4.50,3.84
11437,4.50,3.83
11438,4.50,3.83
11439,4.50,3.83
11440,4.50,3.83
11441,4.50,3.82
11442,4.50,3.82
11444,4.50,3.82
11445,4.50,3.82
11446,4.50,3.81
11447,4.50,3.81
11448,4.50,3.81
11449,4.50,3.81
11451,4.50,3.80
11452,4.50,3.80
11453,4.50,3.80
11454,4.50,3.80
11455,4.50,3.80
11457,4.50,3.79
11458,4.50,3.79
11459,4.50,3.79
11460,4.50,3.79
11461,4.50,3.79
11462,4.50,3.78
11464,4.50,3.78
11465,4.50,3.78
11466,4.50,3.78
11467,4.50,3.78
11468,4.50,3.78
11469,4.50,3.78
11471,4.50,3.78
11472,4.50,3.77
11473,4.50,3.77
11474,4.50,3.77
11475,4.50,3.77
11476,4.50,3.77
11479,4.50,3.77
11480,4.50,3.77
11481,4.50,3.77
11482,4.50,3.76
11483,4.50,3.76
11484,4.50,3.76
11486,4.50,3.76
11487,4.50,3.76
11488,4.50,3.76
11489,4.50,3.76
11490,4.50,3.76
11492,4.50,3.76
11493,4.50,3.76
11494,4.50,3.76
11495,4.50,3.76
11496,4.50,3.76
11497,4.50,3.76
11499,4.50,3.76
11500,4.50,3.76
11501,4.50,3.76
11502,4.50,3.76
11503,4.50,3.76
11504,4.50,3.76
11506,4.50,3.76
11507,4.50,3.76
11508,4.50,3.76
11509,4.50,3.76
11510,4.50,3.76
11511,4.50,3.76
11513,4.50,3.76
11514,4.50,3.76
11515,4.50,3.76
11516,4.50,3.76
11517,4.50,3.76
11518,4.50,3.76
11521,4.50,3.76
11522,4.50,3.76
11523,4.50,3.76
11524,4.50,3.76
11525,4.50,3.76
11526,4.50,3.76
11528,4.50,3.76
11529,4.50,3.76
11530,4.50,3.76
11531,4.50,3.76
11532,4.50,3.76
11534,4.50,3.76
11535,4.50,3.76
11536,4.51,3.76
11537,4.50,3.76
11538,4.50,3.76
11539,4.50,3.76
11541,4.50,3.76
11542,4.50,3.76
11543,4.50,3.77
11544,4.51,3.77
11545,4.50,3.77
11546,4.51,3.77
11548,4.51,3.77
11549,4.50,3.77
11550,4.50,3.77
11551,4.50,3.77
11552,4.51,3.77
11553,4.50,3.77
11555,4.51,3.77
11556,4.50,3.77
11557,4.51,3.77
11558,4.50,3.77
11559,4.50,3.77
11561,4.50,3.77
11563,4.50,3.77
11564,4.50,3.77
11565,4.51,3.77
11566,4.51,3.77
11567,4.51,3.77
11569,4.50,3.77
11570,4.51,3.77
11571,4.51,3.78
11572,4.50,3.78
11573,4.50,3.78
11574,4.50,3.78
11576,4.50,3.78
11577,4.50,3.78
11578,4.50,3.78
11579,4.50,3.78
11580,4.50,3.78
11581,4.50,3.78
11583,4.50,3.78
11584,4.50,3.78
11585,4.50,3.78
11586,4.50,3.78
11587,4.50,3.78
11589,4.50,3.78
11590,4.50,3.78
11591,4.50,3.78
11592,4.50,3.78
11593,4.50,3.78
11594,4.50,3.78
11596,4.50,3.78
11597,4.50,3.78
11598,4.50,3.78
11599,4.50,3.79
11600,4.50,3.79
11601,4.50,3.79
11603,4.50,3.79
11604,4.50,3.79
11606,4.50,3.79
11607,4.50,3.79
11608,4.50,3.79
11609,4.50,3.79
11611,4.50,3.79
11612,4.50,3.79
11613,4.50,3.79
11614,4.50,3.79
11615,4.50,3.79
11616,4.50,3.79
11618,4.50,3.79
11619,4.50,3.79
11620,4.50,3.79
11621,4.50,3.79
11622,4.50,3.79
11624,4.50,3.79
11625,4.50,3.79
11626,4.50,3.79
11627,4.50,3.79
11628,4.50,3.79
11629,4.50,3.79
11631,4.50,3.79
11632,4.50,3.80
11633,4.50,3.79
11634,4.50,3.80
11635,4.50,3.80
11636,4.50,3.80
11638,4.50,3.80
11639,4.50,3.80
11640,4.50,3.80
11641,4.50,3.80
11642,4.50,3.80
11643,4.50,3.80
11645,4.50,3.80
11646,4.50,3.80
11648,4.50,3.80
11649,4.50,3.80
11650,4.50,3.80
11651,4.50,3.80
11653,4.50,3.80
11654,4.50,3.80
11655,4.50,3.80
11656,4.50,3.80
11657,4.50,3.80
11658,4.50,3.80
11660,4.50,3.80
11661,4.50,3.80
11662,4.50,3.80
11663,4.50,3.80
11664,4.50,3.80
11665,4.50,3.80
11667,4.50,3.80
11668,4.50,3.80
11669,4.50,3.80
11670,4.50,3.80
11671,4.50,3.81
11672,4.50,3.81
11674,4.50,3.81
11675,4.50,3.81
11676,4.50,3.81
11677,4.50,3.81
11678,4.50,3.81
11679,4.50,3.81
11681,4.50,3.82
11682,4.50,3.82
11683,4.50,3.82
11684,4.50,3.82
11685,4.50,3.82
11686,4.50,3.82
11688,4.50,3.83
11689,4.50,3.83
11691,4.50,3.83
11692,4.50,3.83
11693,4.50,3.83
11694,4.50,3.83
11696,4.50,3.83
11697,4.50,3.83
11698,4.50,3.83
11699,4.50,3.84
11700,4.50,3.84
11702,4.50,3.84
11703,4.50,3.84
11704,4.50,3.84
11705,4.50,3.84
11706,4.50,3.84
11707,4.50,3.84
11709,4.50,3.84
11710,4.50,3.85
11711,4.50,3.85
11712,4.50,3.85
11713,4.50,3.85
11714,4.50,3.85
11716,4.50,3.85
11717,4.50,3.85
11718,4.50,3.85
11719,4.50,3.85
11720,4.50,3.85
11721,4.50,3.86
11723,4.50,3.86
11724,4.50,3.86
11725,4.50,3.86
11726,4.50,3.86
11727,4.50,3.86
11729,4.50,3.86
11730,4.50,3.86
11731,4.50,3.87
11732,4.50,3.87
11734,4.50,3.87
11735,4.50,3.87
11737,4.50,3.87
11738,4.50,3.87
11739,4.50,3.88
11740,4.50,3.88
11741,4.50,3.88
11742,4.50,3.88
11744,4.50,3.88
11745,4.50,3.88
11746,4.50,3.88
11747,4.50,3.88
11748,4.50,3.89
11750,4.50,3.89
11751,4.50,3.89
11752,4.50,3.89
11753,4.50,3.89
11754,4.50,3.89
11755,4.50,3.89
11757,4.50,3.90
11758,4.50,3.90
11759,4.50,3.90
11760,4.50,3.90
11761,4.50,3.90
11762,4.50,3.90
11764,4.50,3.90
11765,4.50,3.91
11766,4.50,3.91
11767,4.50,3.91
11768,4.50,3.91
11769,4.50,3.91
11771,4.50,3.91
11772,4.50,3.92
11773,4.50,3.92
11774,4.50,3.92
11776,4.50,3.92
11777,4.50,3.93
11779,4.50,3.93
11780,4.50,3.93
11781,4.50,3.94
11782,4.50,3.94
11783,4.50,3.94
11785,4.50,3.95
11786,4.51,3.95
11787,4.51,3.95
11788,4.51,3.96
11789,4.50,3.96
11790,4.51,3.96
11792,4.50,3.97
11793,4.51,3.97
11794,4.51,3.97
11795,4.50,3.98
11796,4.51,3.98
11797,4.50,3.98
11799,4.50,3.98
11800,4.51,3.99
11801,4.50,3.99
11802,4.51,4.00
11803,4.50,4.00
11804,4.51,4.00
11806,4.51,4.01
11807,4.50,4.01
11808,4.50,4.02
11809,4.51,4.02
11810,4.50,4.02
11812,4.51,4.03
11813,4.51,4.03
11814,4.51,4.04
11815,4.51,4.04
11816,4.51,4.05
11817,4.51,4.05
11820,4.51,4.06
11821,4.51,4.07
11822,4.51,4.07
11823,4.51,4.08
11824,4.51,4.09
11825,4.51,4.10
11827,4.51,4.11
11828,4.51,4.12
11829,4.51,4.13
11830,4.51,4.13
11831,4.51,4.15
11833,4.52,4.16
11834,4.51,4.18
11835,4.52,4.20
11836,4.52,4.22
11837,4.52,4.24
11838,4.52,4.27
11840,4.52,4.30
11841,4.52,4.32
11842,4.52,4.35
11843,4.53,4.37
11844,4.53,4.40
11846,4.53,4.43
11847,4.53,4.45
11848,4.53,4.47
11849,4.53,4.50
11850,4.53,4.52
11851,4.53,4.54
11853,4.54,4.56
11854,4.54,4.57
11855,4.54,4.59
11856,4.54,4.61
11857,4.54,4.62
11859,4.54,4.64
11860,4.54,4.65
11862,4.55,4.66
11863,4.55,4.68
11864,4.55,4.69
11865,4.55,4.70
11867,4.55,4.71
11868,4.55,4.72
11869,4.55,4.73
11870,4.55,4.74
11871,4.55,4.75
11873,4.55,4.76
11874,4.55,4.77
11875,4.55,4.78
11876,4.54,4.78
11877,4.54,4.78
11878,4.54,4.79
11880,4.54,4.80
11881,4.54,4.80
11882,4.54,4.81
11883,4.54,4.81
11884,4.53,4.82
11886,4.53,4.83
11887,4.53,4.83
11888,4.53,4.83
11889,4.53,4.84
11890,4.53,4.85
11891,4.52,4.85
11893,4.52,4.85
11894,4.52,4.86
11895,4.52,4.86
11896,4.52,4.87
11897,4.52,4.87
11898,4.52,4.87
11900,4.51,4.87
11901,4.52,4.88
11902,4.51,4.88
11904,4.51,4.88
11905,4.51,4.89
11907,4.51,4.89
11908,4.51,4.89
11909,4.51,4.90
11910,4.51,4.90
11911,4.51,4.90
11912,4.51,4.90
11914,4.51,4.90
11915,4.51,4.91
11916,4.51,4.91
11917,4.51,4.91
11918,4.51,4.91
11920,4.51,4.92
11921,4.51,4.92
11922,4.51,4.92
11923,4.51,4.92
11924,4.51,4.92
11925,4.51,4.92
11927,4.51,4.93
11928,4.51,4.93
11929,4.50,4.93
11930,4.51,4.93
11931,4.51,4.93
11933,4.51,4.93
11934,4.51,4.93
11935,4.51,4.93
11936,4.51,4.94
11937,4.51,4.94
11938,4.51,4.94
11940,4.51,4.94
11941,4.51,4.94
11942,4.51,4.94
11943,4.51,4.94
11944,4.51,4.94
11947,4.50,4.94
11948,4.51,4.95
11949,4.51,4.95
11950,4.51,4.95
11951,4.50,4.95
11952,4.51,4.95
11954,4.51,4.95
11955,4.50,4.95
11956,4.51,4.95
11957,4.50,4.94
11958,4.50,4.94
11960,4.50,4.93
11961,4.50,4.92
11962,4.50,4.91
11963,4.51,4.90
11964,4.51,4.89
11965,4.51,4.88
11967,4.51,4.87
11968,4.51,4.85
11969,4.51,4.84
11970,4.51,4.82
11971,4.51,4.80
11972,4.51,4.79
11974,4.51,4.77
11975,4.51,4.75
11976,4.52,4.73
11977,4.52,4.71
11978,4.52,4.69
11980,4.51,4.66
11981,4.51,4.64
11982,4.51,4.61
11983,4.51,4.59
11984,4.51,4.57
11985,4.51,4.54
11987,4.51,4.52
11988,4.50,4.50
11990,4.50,4.48
11991,4.50,4.46
11992,4.50,4.43
11994,4.50,4.41
11995,4.49,4.39
11996,4.49,4.37
11997,4.49,4.36
11998,4.49,4.34
11999,4.49,4.32
12001,4.49,4.31
12002,4.48,4.29
12003,4.48,4.27
12004,4.48,4.26
12005,4.48,4.24
12006,4.48,4.23
12008,4.47,4.21
12009,4.47,4.20
12010,4.47,4.19
12011,4.47,4.18
12012,4.47,4.16
12014,4.47,4.15
12015,4.47,4.14
12016,4.47,4.13
12017,4.47,4.12
12018,4.47,4.11
12019,4.47,4.10
12021,4.47,4.09
12022,4.47,4.08
12023,4.47,4.08
12024,4.47,4.07
12025,4.47,4.06
12027,4.47,4.05
12028,4.47,4.04
12029,4.47,4.04
12030,4.47,4.03
12032,4.47,4.02
12033,4.47,4.02
12035,4.47,4.01
12036,4.47,4.00
12037,4.47,4.00
12038,4.47,3.99
12039,4.47,3.99
12040,4.47,3.98
12042,4.47,3.98
12043,4.47,3.97
12044,4.47,3.97
12045,4.47,3.97
12046,4.47,3.96
12048,4.48,3.96
12049,4.48,3.96
12050,4.48,3.95
12051,4.48,3.95
12052,4.48,3.95
12053,4.48,3.95
12055,4.48,3.94
12056,4.48,3.94
12057,4.48,3.94
12058,4.48,3.94
12059,4.48,3.93
12060,4.48,3.93
12062,4.48,3.93
12063,4.48,3.93
12064,4.49,3.93
12065,4.49,3.93
12066,4.49,3.93
12068,4.49,3.92
12069,4.49,3.92
12070,4.49,3.92
12071,4.49,3.92
12072,4.49,3.92
12073,4.49,3.92
12076,4.49,3.92
12077,4.49,3.92
12078,4.49,3.91
12079,4.49,3.92
12080,4.49,3.91
12082,4.49,3.91
12083,4.49,3.91
12084,4.50,3.91
12085,4.50,3.91
12086,4.50,3.91
12087,4.50,3.91
12089,4.50,3.91
12090,4.50,3.91
12091,4.50,3.91
12092,4.50,3.91
12093,4.50,3.91
12094,4.50,3.91
12096,4.50,3.91
12097,4.50,3.91
12098,4.50,3.91
12099,4.50,3.91
12100,4.50,3.91
12101,4.50,3.91
12103,4.50,3.91
12104,4.50,3.91
12105,4.50,3.91
12106,4.50,3.91
12107,4.50,3.91
12109,4.50,3.91
12110,4.50,3.91
12111,4.50,3.91
12112,4.50,3.91
12113,4.50,3.91
12114,4.50,3.91
12116,4.50,3.91
12118,4.50,3.91
12119,4.50,3.91
12120,4.50,3.91
12121,4.50,3.91
12122,4.50,3.91
12124,4.50,3.91
12125,4.50,3.91
12126,4.50,3.91
12127,4.50,3.91
12128,4.50,3.91
12129,4.50,3.91
12131,4.50,3.91
12132,4.50,3.91
12133,4.50,3.91
12134,4.50,3.91
12135,4.50,3.91
12136,4.50,3.91
12138,4.50,3.92
12139,4.50,3.91
12140,4.50,3.92
12141,4.50,3.92
12142,4.50,3.92
12143,4.51,3.92
12145,4.51,3.92
12146,4.51,3.92
12147,4.51,3.92
12148,4.51,3.92
12149,4.51,3.92
12151,4.51,3.92
12152,4.51,3.92
12153,4.51,3.92
12154,4.51,3.92
12155,4.51,3.92
12156,4.51,3.92
12158,4.51,3.92
12160,4.51,3.92
12161,4.51,3.92
12162,4.51,3.92
12163,4.51,3.92
12165,4.51,3.92
12166,4.51,3.92
12167,4.51,3.92
12168,4.51,3.92
12169,4.51,3.92
12170,4.51,3.92
12172,4.51,3.92
12173,4.51,3.92
12174,4.51,3.92
12175,4.51,3.92
12176,4.51,3.92
12178,4.51,3.92
12179,4.50,3.93
12180,4.50,3.92
12181,4.50,3.93
12182,4.51,3.93
12183,4.51,3.93
12185,4.51,3.93
12186,4.50,3.93
12187,4.50,3.93
12188,4.50,3.93
12189,4.51,3.93
12190,4.50,3.93
12192,4.50,3.93
12193,4.50,3.93
12194,4.50,3.93
12195,4.50,3.93
12196,4.50,3.93
12197,4.50,3.93
12199,4.50,3.93
12200,4.50,3.93
12201,4.50,3.93
12203,4.50,3.93
12204,4.50,3.93
12206,4.51,3.93
12207,4.51,3.93
12208,4.51,3.94
12209,4.51,3.94
12210,4.51,3.94
12211,4.51,3.93
12213,4.51,3.94
12214,4.51,3.94
12215,4.51,3.94
12216,4.51,3.94
12217,4.51,3.94
12218,4.51,3.94
12220,4.51,3.94
12221,4.51,3.94
12222,4.51,3.94
12223,4.51,3.94
12224,4.51,3.94
12226,4.51,3.94
12227,4.51,3.94
12228,4.51,3.94
12229,4.51,3.94
12230,4.51,3.94
12231,4.51,3.95
12233,4.51,3.95
12234,4.51,3.95
12235,4.51,3.95
12236,4.51,3.95
12237,4.51,3.95
12239,4.51,3.95
12240,4.51,3.95
12241,4.51,3.95
12242,4.51,3.95
12243,4.51,3.95
12244,4.51,3.95
12247,4.51,3.95
12248,4.51,3.95
12249,4.51,3.95
12250,4.51,3.95
12251,4.51,3.95
12253,4.51,3.96
12254,4.51,3.96
12255,4.51,3.96
12256,4.51,3.96
12257,4.51,3.96
12258,4.51,3.96
12260,4.51,3.96
12261,4.51,3.96
12262,4.50,3.96
12263,4.51,3.96
12264,4.51,3.96
12265,4.51,3.96
12267,4.51,3.96
12268,4.50,3.97
12269,4.51,3.97
12270,4.51,3.97
12271,4.51,3.97
12273,4.51,3.97
12274,4.50,3.97
12275,4.50,3.97
12276,4.51,3.97
12277,4.51,3.97
12278,4.51,3.97
12280,4.51,3.97
12281,4.51,3.97
12282,4.51,3.97
12283,4.51,3.97
12284,4.51,3.97
12286,4.51,3.97
12288,4.51,3.97
12289,4.51,3.97
12290,4.51,3.97
12291,4.50,3.97
12292,4.51,3.98
12294,4.51,3.98
12295,4.51,3.98
12296,4.51,3.98
12297,4.51,3.98
12298,4.51,3.98
12300,4.51,3.98
12301,4.51,3.98
12302,4.51,3.98
12303,4.51,3.98
12304,4.51,3.98
12305,4.51,3.98
12307,4.51,3.98
12308,4.51,3.98
12309,4.51,3.98
12310,4.51,3.99
12311,4.51,3.99
12313,4.51,3.99
12314,4.51,3.99
12315,4.51,3.99
12316,4.51,3.99
12317,4.51,3.99
12318,4.51,3.99
12320,4.51,3.99
12321,4.51,3.99
12322,4.51,3.99
12323,4.51,3.99
12324,4.51,3.99
12325,4.51,3.99
12327,4.51,3.99
12328,4.51,3.99
12329,4.51,3.99
12331,4.51,3.99
12332,4.51,3.99
12334,4.51,3.99
12335,4.51,3.99
12336,4.51,3.99
12337,4.51,4.00
12338,4.51,4.00
12339,4.51,4.00
12341,4.51,4.00
12342,4.51,4.00
12343,4.51,4.00
12344,4.51,4.00
12345,4.51,4.00
12346,4.51,4.00
12348,4.51,4.00
12349,4.51,4.00
12350,4.51,4.00
12351,4.51,4.00
12352,4.51,4.00
12354,4.51,4.00
12355,4.51,4.00
12356,4.51,4.00
12357,4.51,4.00
12358,4.51,4.00
12359,4.51,4.00
12361,4.51,4.00
12362,4.51,4.00
12363,4.51,4.00
12364,4.51,4.01
12365,4.51,4.01
12366,4.51,4.01
12368,4.51,4.01
12369,4.51,4.01
12370,4.51,4.01
12371,4.51,4.01
12372,4.51,4.01
12374,4.51,4.01
12376,4.51,4.01
12377,4.51,4.01
12378,4.51,4.01
12379,4.51,4.01
12380,4.51,4.01
12382,4.51,4.01
12383,4.51,4.01
12384,4.51,4.01
12385,4.51,4.01
12386,4.51,4.01
12387,4.51,4.01
12389,4.51,4.02
12390,4.51,4.02
12391,4.51,4.02
12392,4.51,4.02
12393,4.51,4.02
12394,4.51,4.02
12396,4.51,4.02
12397,4.51,4.02
12398,4.51,4.02
12399,4.51,4.02
12400,4.51,4.02
12401,4.51,4.02
12403,4.51,4.02
12404,4.51,4.02
12405,4.51,4.02
12406,4.51,4.02
12407,4.51,4.02
12409,4.51,4.02
12410,4.51,4.03
12411,4.51,4.03
12412,4.51,4.03
12413,4.51,4.03
12414,4.51,4.03
12417,4.51,4.03
12418,4.51,4.03
12419,4.51,4.03
12420,4.51,4.03
12421,4.51,4.03
12423,4.51,4.03
12424,4.51,4.03
12425,4.51,4.03
12426,4.51,4.03
12427,4.51,4.03
12428,4.51,4.03
12430,4.51,4.03
12431,4.51,4.03
12432,4.51,4.04
12433,4.51,4.04
12434,4.51,4.04
12435,4.51,4.04
12437,4.51,4.04
12438,4.51,4.04
12439,4.51,4.04
12440,4.51,4.04
12441,4.51,4.04
12443,4.51,4.04
12444,4.51,4.04
12445,4.51,4.04
12446,4.51,4.04
12447,4.51,4.04
12448,4.51,4.05
12450,4.51,4.05
12451,4.51,4.05
12452,4.51,4.05
12453,4.51,4.05
12454,4.51,4.05
12455,4.51,4.05
12457,4.51,4.05
12459,4.51,4.05
12460,4.51,4.05
12461,4.51,4.05
12462,4.51,4.05
12464,4.51,4.06
12465,4.51,4.05
12466,4.51,4.05
12467,4.51,4.06
12468,4.51,4.06
12469,4.51,4.06
12471,4.51,4.06
12472,4.51,4.06
12473,4.51,4.06
12474,4.51,4.06
12475,4.51,4.06
12477,4.51,4.06
12478,4.51,4.06
12479,4.51,4.06
12480,4.51,4.06
12481,4.51,4.06
12482,4.51,4.06
12484,4.51,4.06
12485,4.51,4.06
12486,4.51,4.07
12487,4.51,4.07
12488,4.50,4.06
12489,4.46,4.03
12491,4.42,4.00
12492,4.37,3.97
12493,4.31,3.93
12494,4.25,3.90
12495,4.19,3.87
12497,4.14,3.84
12498,4.12,3.83
12499,4.10,3.82
12500,4.09,3.82
12502,4.09,3.83
12503,4.10,3.83
12505,4.11,3.84
12506,4.10,3.83
12507,4.07,3.80
12508,4.04,3.78
12509,3.99,3.75
12510,3.95,3.72
12512,3.91,3.69
12513,3.87,3.67
12514,3.84,3.66
12515,3.84,3.67
12516,3.84,3.67
12518,3.85,3.68
12519,3.87,3.70
12520,3.90,3.71
12521,3.91,3.72
12522,3.91,3.71
12523,3.90,3.70
12525,3.87,3.68
12526,3.84,3.66
12527,3.81,3.63
12528,3.78,3.61
12529,3.75,3.60
12531,3.74,3.60
12532,3.75,3.61
12533,3.77,3.63
12534,3.79,3.64
12535,3.82,3.66
12536,3.86,3.68
12538,3.88,3.69
12539,3.87,3.68
12540,3.86,3.67
12541,3.84,3.65
12542,3.82,3.63
12545,3.80,3.61
12546,3.77,3.59
12547,3.75,3.59
12548,3.74,3.59
12549,3.76,3.61
12550,3.78,3.62
12552,3.81,3.64
12553,3.84,3.66
12554,3.87,3.68
12555,3.88,3.68
12556,3.88,3.67
12558,3.87,3.66
12559,3.84,3.64
12560,3.82,3.62
12561,3.80,3.60
12562,3.77,3.59
12563,3.75,3.59
12565,3.75,3.59
12566,3.77,3.61
12567,3.79,3.62
12568,3.82,3.64
12569,3.86,3.67
12571,3.88,3.68
12572,3.89,3.68
12573,3.88,3.67
12574,3.87,3.66
12575,3.85,3.64
12576,3.83,3.63
12578,3.80,3.61
12579,3.77,3.59
12580,3.76,3.59
12581,3.76,3.60
12582,3.78,3.61
12584,3.81,3.63
12585,3.84,3.65
12587,3.87,3.68
12588,3.89,3.68
12589,3.89,3.68
12590,3.88,3.67
12592,3.87,3.65
12593,3.85,3.64
12594,3.82,3.62
12595,3.79,3.60
12596,3.77,3.59
12598,3.76,3.59
12599,3.76,3.60
12600,3.78,3.61
12601,3.81,3.63
12602,3.84,3.66
12603,3.87,3.68
12605,3.89,3.68
12606,3.89,3.67
12607,3.88,3.66
12608,3.86,3.65
12609,3.83,3.63
12611,3.81,3.62
12612,3.78,3.60
12613,3.76,3.59
12614,3.75,3.59
12615,3.76,3.60
12616,3.78,3.62
12618,3.81,3.63
12619,3.84,3.66
12620,3.87,3.68
12621,3.88,3.68
12622,3.88,3.67
12624,3.87,3.65
12625,3.85,3.64
12626,3.83,3.63
12627,3.80,3.60
12628,3.77,3.59
12630,3.75,3.59
12632,3.75,3.59
12633,3.76,3.60
12634,3.79,3.62
12635,3.82,3.64
12636,3.85,3.66
12638,3.88,3.68
12639,3.88,3.67
12640,3.87,3.66
12641,3.86,3.65
12642,3.84,3.64
12643,3.81,3.62
12645,3.79,3.60
12646,3.76,3.59
12647,3.74,3.58
12648,3.75,3.59
12649,3.76,3.60
12651,3.79,3.62
12652,3.82,3.64
12653,3.85,3.67
12654,3.87,3.67
12655,3.87,3.67
12656,3.86,3.66
12658,3.85,3.64
12659,3.83,3.63
12660,3.80,3.61
12661,3.77,3.59
12662,3.75,3.58
12664,3.74,3.58
12665,3.74,3.59
12666,3.76,3.60
12667,3.79,3.62
12668,3.82,3.65
12669,3.85,3.67
12672,3.87,3.67
12673,3.87,3.66
12674,3.86,3.65
12675,3.84,3.64
12676,3.82,3.62
12678,3.79,3.61
12679,3.77,3.59
12680,3.74,3.58
12681,3.74,3.58
12682,3.74,3.59
12683,3.76,3.61
12685,3.80,3.62
12686,3.83,3.65
12687,3.86,3.66
12688,3.86,3.66
12689,3.86,3.65
12691,3.84,3.64
12692,3.82,3.62
12693,3.80,3.61
12694,3.78,3.59
12695,3.75,3.57
12696,3.73,3.57
12698,3.73,3.57
12699,3.74,3.58
12700,3.76,3.60
12701,3.79,3.62
12702,3.82,3.65
12704,3.85,3.66
12705,3.86,3.66
12706,3.85,3.65
12707,3.84,3.64
12708,3.82,3.62
12709,3.80,3.61
12711,3.77,3.59
12712,3.75,3.58
12713,3.73,3.57
12715,3.73,3.58
12716,3.75,3.59
12718,3.77,3.61
12719,3.81,3.63
12720,3.84,3.66
12721,3.86,3.67
12722,3.87,3.66
12723,3.86,3.65
12725,3.84,3.64
12726,3.82,3.63
12727,3.80,3.61
12728,3.77,3.59
12729,3.75,3.58
12731,3.73,3.57
12732,3.74,3.58
12733,3.76,3.60
12734,3.78,3.62
12735,3.81,3.64
12736,3.85,3.66
12738,3.87,3.67
12739,3.87,3.66
12740,3.86,3.65
12741,3.84,3.64
12742,3.82,3.62
12744,3.80,3.61
12745,3.77,3.59
12746,3.74,3.58
12747,3.73,3.58
12748,3.74,3.59
12749,3.76,3.61
12751,3.79,3.63
12752,3.82,3.65
12753,3.86,3.67
12754,3.87,3.67
12755,3.87,3.66
12758,3.85,3.65
12759,3.83,3.64
12760,3.81,3.62
12761,3.79,3.60
12762,3.76,3.59
12763,3.74,3.58
12765,3.74,3.58
12766,3.74,3.59
12767,3.77,3.61
12768,3.80,3.63
12769,3.83,3.66
12771,3.86,3.67
12772,3.87,3.67
12773,3.86,3.66
12774,3.85,3.65
12775,3.83,3.63
12776,3.81,3.61
12778,3.78,3.60
12779,3.75,3.58
12780,3.74,3.58
12781,3.74,3.58
12782,3.75,3.60
12784,3.77,3.61
12785,3.80,3.64
12786,3.84,3.66
12787,3.87,3.67
12788,3.87,3.67
12789,3.87,3.66
12791,3.85,3.65
12792,3.83,3.64
12793,3.81,3.62
12794,3.78,3.60
12795,3.76,3.59
12797,3.74,3.59
12798,3.74,3.59
12800,3.76,3.60
12801,3.79,3.63
12802,3.82,3.65
12803,3.85,3.67
12805,3.87,3.68
12806,3.87,3.67
12807,3.86,3.66
12808,3.85,3.65
12809,3.82,3.63
12811,3.80,3.61
12812,3.77,3.60
12813,3.75,3.58
12814,3.74,3.59
12815,3.74,3.59
12816,3.76,3.61
12818,3.79,3.63
12819,3.82,3.65
12820,3.85,3.67
12821,3.87,3.67
12822,3.87,3.66
12824,3.86,3.65
12825,3.84,3.64
12826,3.82,3.63
12827,3.79,3.61
12828,3.77,3.59
12829,3.74,3.58
12831,3.73,3.59
12832,3.75,3.60
12833,3.77,3.61
12834,3.80,3.63
12835,3.83,3.66
12836,3.86,3.67
12838,3.87,3.67
12839,3.87,3.66
12840,3.85,3.65
12841,3.83,3.64
12843,3.81,3.62
12845,3.79,3.60
12846,3.76,3.59
12847,3.74,3.58
12848,3.74,3.59
12849,3.75,3.60
12850,3.77,3.61
12852,3.80,3.63
12853,3.84,3.66
12854,3.86,3.67
12855,3.87,3.67
12856,3.86,3.66
12858,3.85,3.65
12859,3.83,3.63
12860,3.81,3.62
12861,3.78,3.60
12862,3.75,3.58
12863,3.73,3.58
12865,3.74,3.59
12866,3.75,3.60
12867,3.78,3.62
12868,3.81,3.64
12869,3.84,3.67
12871,3.87,3.67
12872,3.87,3.67
12873,3.86,3.66
12874,3.84,3.64
12875,3.82,3.63
12876,3.80,3.62
12878,3.77,3.60
12879,3.75,3.58
12880,3.73,3.58
12881,3.74,3.59
12882,3.76,3.61
12884,3.78,3.62
12886,3.82,3.65
12887,3.85,3.67
12888,3.87,3.67
12889,3.87,3.67
12890,3.86,3.66
12892,3.84,3.64
12893,3.82,3.63
12894,3.79,3.61
12895,3.77,3.59
12896,3.74,3.58
12898,3.73,3.58
12899,3.74,3.59
12900,3.76,3.61
12901,3.79,3.63
12902,3.82,3.65
12903,3.85,3.67
12905,3.87,3.67
12906,3.87,3.67
12907,3.85,3.65
12908,3.84,3.64
12909,3.81,3.62
12911,3.79,3.61
12912,3.76,3.59
12913,3.74,3.58
12914,3.74,3.59
12915,3.74,3.60
12916,3.77,3.61
12918,3.80,3.64
12919,3.83,3.66
12920,3.86,3.67
12921,3.87,3.67
12922,3.86,3.66
12924,3.85,3.65
12925,3.83,3.64
12926,3.81,3.62
12928,3.78,3.60
12929,3.76,3.59
12930,3.74,3.58
12932,3.74,3.59
12933,3.75,3.60
12934,3.77,3.62
12935,3.81,3.64
12936,3.84,3.67
12938,3.86,3.68
12939,3.87,3.67
12940,3.86,3.66
12941,3.85,3.65
12942,3.83,3.63
12943,3.80,3.62
12945,3.78,3.60
12946,3.75,3.59
12947,3.74,3.58
12948,3.74,3.59
12949,3.76,3.60
12951,3.78,3.62
12952,3.81,3.65
12953,3.85,3.67
12954,3.87,3.68
12955,3.87,3.67
12956,3.86,3.66
12958,3.84,3.65
12959,3.82,3.63
12960,3.80,3.61
12961,3.77,3.60
12962,3.74,3.58
12964,3.73,3.59
12965,3.74,3.59
12966,3.76,3.61
12967,3.79,3.63
12968,3.82,3.65
12969,3.85,3.67
12972,3.87,3.68
12973,3.87,3.67
12974,3.86,3.66
12975,3.84,3.64
12976,3.82,3.63
12978,3.79,3.61
12979,3.76,3.59
12980,3.74,3.58
12981,3.73,3.59
12982,3.75,3.60
12983,3.77,3.62
12985,3.80,3.63
12986,3.83,3.66
12987,3.86,3.67
12988,3.87,3.67
12989,3.87,3.66
12991,3.85,3.65
12992,3.83,3.64
12993,3.81,3.63
12994,3.79,3.61
12995,3.76,3.59
12996,3.74,3.58
12998,3.74,3.59
12999,3.75,3.60
13000,3.77,3.62
13001,3.80,3.64
13002,3.84,3.67
13004,3.86,3.68
13005,3.87,3.67
13006,3.86,3.66
13007,3.85,3.65
13008,3.83,3.63
13009,3.81,3.62
13011,3.78,3.60
13012,3.75,3.58
13014,3.74,3.58
13015,3.74,3.59
13016,3.75,3.61
13017,3.78,3.62
13019,3.81,3.65
13020,3.84,3.67
13021,3.87,3.68
13022,3.87,3.67
13023,3.86,3.66
13025,3.84,3.65
13026,3.82,3.63
13027,3.80,3.62
13028,3.77,3.60
13029,3.75,3.59
13030,3.73,3.59
13032,3.74,3.59
13033,3.76,3.61
13034,3.79,3.63
13035,3.82,3.65
13036,3.85,3.68
13038,3.87,3.68
13039,3.87,3.67
13040,3.86,3.66
13041,3.84,3.65
13042,3.82,3.63
13043,3.79,3.61
13045,3.77,3.60
13046,3.74,3.59
13047,3.73,3.59
13048,3.74,3.60
13049,3.76,3.61
13051,3.79,3.63
13052,3.82,3.66
13053,3.86,3.68
13054,3.87,3.68
13056,3.86,3.67
13057,3.85,3.66
13059,3.83,3.64
13060,3.81,3.63
13061,3.79,3.61
13062,3.76,3.59
13063,3.74,3.58
13065,3.73,3.59
13066,3.75,3.60
13067,3.77,3.62
13068,3.80,3.64
13069,3.83,3.67
13070,3.86,3.68
13072,3.87,3.68
13073,3.86,3.67
13074,3.85,3.66
13075,3.83,3.64
13076,3.81,3.62
13078,3.78,3.61
13079,3.75,3.59
13080,3.74,3.59
13081,3.73,3.59
13082,3.75,3.61
13083,3.78,3.62
13085,3.81,3.65
13086,3.84,3.67
13087,3.86,3.68
13088,3.87,3.68
13089,3.86,3.67
13091,3.85,3.65
13092,3.83,3.64
13093,3.80,3.62
13094,3.78,3.60
13095,3.75,3.59
13096,3.74,3.59
13099,3.74,3.60
13100,3.76,3.61
13101,3.78,3.63
13102,3.81,3.65
13103,3.85,3.68
13105,3.87,3.68
13106,3.87,3.67
13107,3.86,3.66
13108,3.84,3.65
13109,3.82,3.64
13110,3.80,3.62
13112,3.77,3.60
13113,3.74,3.59
13114,3.73,3.59
13115,3.74,3.60
13116,3.76,3.62
13118,3.79,3.64
13119,3.82,3.66
13120,3.85,3.68
13121,3.87,3.68
13122,3.87,3.67
13123,3.85,3.66
13125,3.84,3.65
13126,3.81,3.63
13127,3.79,3.61
13128,3.76,3.60
13129,3.74,3.59
13131,3.74,3.59
13132,3.74,3.60
13133,3.77,3.62
13134,3.80,3.64
13135,3.83,3.67
13136,3.86,3.68
13138,3.87,3.68
13139,3.87,3.67
13140,3.86,3.66
13142,3.84,3.65
13143,3.81,3.63
13145,3.79,3.61
13146,3.76,3.60
13147,3.74,3.59
13148,3.74,3.59
13149,3.75,3.61
13150,3.78,3.63
13152,3.81,3.65
13153,3.84,3.67
13154,3.87,3.68
13155,3.87,3.68
13156,3.86,3.67
13158,3.85,3.66
13159,3.83,3.64
13160,3.81,3.63
13161,3.78,3.61
13162,3.75,3.59
13163,3.74,3.59
13165,3.74,3.60
13166,3.75,3.61
13167,3.78,3.63
13168,3.81,3.65
13169,3.85,3.67
13171,3.87,3.68
13172,3.87,3.68
13173,3.86,3.66
13174,3.84,3.65
13175,3.82,3.64
13176,3.80,3.62
13178,3.77,3.60
13179,3.75,3.59
13180,3.73,3.59
13181,3.74,3.60
13182,3.76,3.61
13185,3.79,3.63
13186,3.82,3.66
13187,3.85,3.68
13188,3.87,3.68
13189,3.87,3.67
13190,3.86,3.66
13192,3.84,3.65
13193,3.82,3.63
13194,3.80,3.62
13195,3.77,3.60
13196,3.74,3.58
13198,3.74,3.59
13199,3.75,3.60
13200,3.77,3.62
13201,3.79,3.64
13202,3.83,3.67
13203,3.86,3.68
13205,3.87,3.68
13206,3.86,3.67
13207,3.85,3.65
13208,3.83,3.64
13209,3.81,3.63
13211,3.78,3.61
13212,3.76,3.59
13213,3.74,3.58
13214,3.73,3.59
13215,3.74,3.60
13216,3.77,3.61
13218,3.80,3.64
13219,3.83,3.67
13220,3.86,3.68
13221,3.87,3.68
13222,3.86,3.67
13224,3.85,3.65
13225,3.83,3.64
13227,3.80,3.62
13228,3.78,3.60
13229,3.75,3.59
13230,3.73,3.59
13232,3.74,3.59
13233,3.75,3.61
13234,3.78,3.63
13235,3.81,3.65
13236,3.84,3.67
13238,3.87,3.68
13239,3.87,3.68
13240,3.86,3.66
13241,3.85,3.65
13242,3.82,3.64
13243,3.80,3.62
13245,3.78,3.61
13246,3.75,3.59
13247,3.74,3.59
13248,3.74,3.59
13249,3.76,3.61
13251,3.79,3.63
13252,3.82,3.66
13253,3.85,3.68
13254,3.87,3.68
13255,3.87,3.67
13256,3.86,3.66
13258,3.84,3.65
13259,3.82,3.63
13260,3.79,3.61
13261,3.77,3.60
13262,3.74,3.59
13264,3.73,3.59
13265,3.74,3.59
13266,3.76,3.62
13267,3.79,3.64
13268,3.82,3.66
13270,3.86,3.68
13272,3.87,3.68
13273,3.86,3.67
13274,3.85,3.66
13275,3.83,3.65
13276,3.81,3.63
13278,3.79,3.61
13279,3.76,3.59
13280,3.74,3.59
13281,3.73,3.59
13282,3.75,3.61
13283,3.77,3.62
13285,3.80,3.64
13286,3.83,3.67
13287,3.86,3.68
13288,3.87,3.68
13289,3.86,3.67
13291,3.85,3.66
13292,3.83,3.65
13293,3.81,3.63
13294,3.78,3.61
13295,3.76,3.59
13296,3.74,3.59
13298,3.74,3.60
13299,3.75,3.61
13300,3.78,3.63
13301,3.81,3.65
13302,3.84,3.68
13304,3.86,3.68
13305,3.87,3.67
13306,3.86,3.67
13307,3.84,3.65
13308,3.82,3.64
13309,3.80,3.62
13312,3.77,3.60
13313,3.75,3.59
13314,3.73,3.59
13315,3.74,3.60
13316,3.75,3.61
13318,3.78,3.63
13319,3.81,3.65
13320,3.85,3.68
13321,3.86,3.68
13322,3.87,3.68
13323,3.86,3.66
13325,3.84,3.65
13326,3.82,3.64
13327,3.79,3.62
13328,3.77,3.60
13329,3.74,3.59
13331,3.73,3.59
13332,3.74,3.60
13333,3.76,3.62
13334,3.79,3.64
13335,3.82,3.66
13336,3.86,3.68
13338,3.87,3.68
13339,3.87,3.68
13340,3.85,3.66
13341,3.84,3.65
13342,3.82,3.63
13344,3.79,3.62
13345,3.76,3.60
13346,3.74,3.59
13347,3.74,3.59
13348,3.75,3.60
13349,3.77,3.62
13351,3.80,3.64
13352,3.83,3.67
13353,3.86,3.68
13355,3.87,3.68
13356,3.86,3.67
13358,3.85,3.66
13359,3.83,3.65
13360,3.81,3.63
13361,3.78,3.61
13362,3.76,3.59
13363,3.73,3.59
13365,3.73,3.59
13366,3.75,3.61
13367,3.77,3.62
13368,3.80,3.65
13369,3.83,3.67
13371,3.86,3.69
13372,3.87,3.68
13373,3.86,3.67
13374,3.85,3.66
13375,3.83,3.65
13376,3.81,3.63
13378,3.78,3.61
13379,3.75,3.60
13380,3.74,3.59
13381,3.74,3.60
13382,3.76,3.62
13384,3.79,3.64
13385,3.82,3.66
13386,3.85,3.68
13387,3.87,3.69
13388,3.88,3.69
13389,3.87,3.68
13391,3.85,3.66
13392,3.83,3.65
13393,3.81,3.63
13394,3.78,3.61
13395,3.76,3.60
13398,3.75,3.60
13399,3.75,3.61
13400,3.77,3.63
13401,3.80,3.65
13402,3.83,3.67
13403,3.86,3.69
13405,3.88,3.69
13406,3.88,3.68
13407,3.86,3.67
13408,3.85,3.65
13409,3.82,3.64
13411,3.80,3.62
13412,3.77,3.60
13413,3.75,3.59
13414,3.74,3.60
13415,3.75,3.61
13416,3.77,3.63
13418,3.80,3.65
13419,3.83,3.67
13420,3.86,3.69
13421,3.88,3.69
13422,3.87,3.68
13424,3.86,3.67
13425,3.84,3.65
13426,3.82,3.64
13427,3.79,3.62
13428,3.77,3.60
13429,3.74,3.60
13431,3.74,3.60
13432,3.75,3.61
13433,3.78,3.63
13434,3.81,3.65
13435,3.84,3.68
13437,3.87,3.69
13438,3.88,3.69
13440,3.87,3.68
13441,3.86,3.67
13442,3.84,3.65
13443,3.82,3.63
13445,3.79,3.62
13446,3.76,3.60
13447,3.74,3.60
13448,3.75,3.61
13449,3.76,3.62
13450,3.79,3.64
13452,3.82,3.66
13453,3.85,3.69
13454,3.88,3.69
13455,3.88,3.69
13456,3.87,3.68
13458,3.86,3.67
13459,3.84,3.65
13460,3.81,3.63
13461,3.79,3.61
13462,3.76,3.60
13464,3.75,3.60
13465,3.75,3.61
13466,3.77,3.62
13467,3.80,3.64
13468,3.83,3.67
13469,3.86,3.69
13471,3.88,3.70
13472,3.89,3.69
13473,3.87,3.68
13474,3.86,3.67
13475,3.84,3.65
13476,3.81,3.63
13478,3.79,3.62
13479,3.76,3.61
13480,3.75,3.61
13481,3.76,3.61
13483,3.78,3.63
13485,3.81,3.65
13486,3.84,3.67
13487,3.87,3.69
13488,3.89,3.70
13489,3.88,3.69
13490,3.87,3.67
13492,3.85,3.66
13493,3.83,3.64
13494,3.81,3.63
13495,3.78,3.61
13496,3.75,3.60
13498,3.75,3.60
13499,3.76,3.61
13500,3.78,3.63
13501,3.81,3.65
13502,3.84,3.68
13503,3.87,3.70
13505,3.88,3.69
13506,3.88,3.68
13507,3.86,3.67
13508,3.85,3.66
13509,3.82,3.64
13511,3.80,3.62
13512,3.77,3.61
13513,3.75,3.60
13514,3.75,3.61
13515,3.76,3.62
13516,3.79,3.64
13518,3.82,3.66
13519,3.85,3.69
13520,3.88,3.70
13521,3.88,3.70
13522,3.88,3.68
13524,3.86,3.67
13526,3.84,3.66
13527,3.82,3.64
13528,3.80,3.62
13529,3.77,3.61
13530,3.75,3.60
13532,3.75,3.61
13533,3.77,3.63
13534,3.80,3.65
13535,3.83,3.67
13536,3.86,3.69
13538,3.89,3.70
13539,3.89,3.69
13540,3.88,3.68
13541,3.87,3.67
13542,3.84,3.65
13543,3.82,3.64
13545,3.79,3.62
13546,3.76,3.61
13547,3.75,3.61
13548,3.76,3.61
13549,3.78,3.63
13551,3.81,3.65
13552,3.84,3.67
13553,3.87,3.70
13554,3.89,3.70
13555,3.89,3.69
13556,3.88,3.68
13558,3.86,3.67
13559,3.84,3.65
13560,3.81,3.63
13561,3.79,3.61
13562,3.76,3.60
13564,3.76,3.60
13565,3.77,3.62
13566,3.79,3.63
13568,3.81,3.66
13569,3.85,3.69
13570,3.88,3.70
13572,3.89,3.70
13573,3.88,3.69
13574,3.87,3.68
13575,3.85,3.66
13576,3.83,3.64
13578,3.80,3.63
13579,3.78,3.61
13580,3.75,3.60
13581,3.75,3.61
13582,3.76,3.62
13583,3.79,3.64
13585,3.82,3.66
13586,3.85,3.69
13587,3.88,3.70
13588,3.89,3.69
13589,3.88,3.68
13591,3.86,3.67
13592,3.84,3.66
13593,3.82,3.64
13594,3.79,3.62
13595,3.77,3.60
13596,3.75,3.60
13598,3.75,3.61
13599,3.77,3.62
13600,3.79,3.64
13601,3.82,3.67
13602,3.86,3.69
13604,3.88,3.70
13605,3.88,3.69
13606,3.87,3.68
13607,3.86,3.67
13608,3.84,3.66
13609,3.82,3.64
13612,3.79,3.62
13613,3.76,3.60
13614,3.75,3.60
13615,3.75,3.61
13616,3.77,3.63
13617,3.80,3.65
13619,3.83,3.67
13620,3.86,3.69
13621,3.89,3.70
13622,3.89,3.70
13623,3.88,3.68
13625,3.86,3.67
13626,3.84,3.65
13627,3.81,3.63
13628,3.78,3.61
13629,3.76,3.60
13630,3.75,3.61
13632,3.76,3.62
13633,3.78,3.63
13634,3.81,3.65
13635,3.84,3.68
13636,3.88,3.70
13638,3.91,3.71
13639,3.91,3.71
13640,3.91,3.70
13641,3.89,3.69
13642,3.87,3.67
13643,3.85,3.65
13645,3.82,3.64
13646,3.81,3.64
13647,3.81,3.65
13648,3.82,3.66
13649,3.85,3.67
13651,3.87,3.70
13652,3.91,3.71
13654,3.93,3.73
13655,3.97,3.76
13656,4.00,3.78
13657,4.04,3.81
13659,4.08,3.83
13660,4.12,3.85
13661,4.15,3.88
13662,4.18,3.90
13663,4.22,3.91
13665,4.25,3.93
13666,4.28,3.95
13667,4.31,3.97
13668,4.34,3.99
13669,4.36,4.01
13670,4.39,4.02
13672,4.41,4.04
13673,4.43,4.05
13674,4.45,4.06
13675,4.47,4.08
13676,4.49,4.09
13677,4.50,4.10
13679,4.52,4.11
13680,4.53,4.12
13681,4.54,4.13
13682,4.55,4.13
13683,4.56,4.14
13685,4.57,4.14
13686,4.57,4.15
13687,4.58,4.15
13688,4.58,4.16
13689,4.58,4.16
13690,4.59,4.16
13692,4.59,4.16
13693,4.59,4.17
13694,4.59,4.17
13696,4.59,4.17
13697,4.59,4.17
13699,4.59,4.17
13700,4.59,4.17
13701,4.58,4.17
13702,4.58,4.17
13703,4.58,4.17
13704,4.58,4.17
13706,4.57,4.17
13707,4.57,4.17
13708,4.57,4.17
13709,4.57,4.16
13710,4.56,4.16
13712,4.56,4.17
13713,4.56,4.16
13714,4.55,4.16
13715,4.55,4.16
13716,4.55,4.16
13717,4.54,4.16
13719,4.54,4.16
13720,4.54,4.16
13721,4.53,4.16
13722,4.53,4.16
13723,4.53,4.16
13724,4.52,4.16
13726,4.52,4.16
13727,4.52,4.16
13728,4.52,4.16
13729,4.52,4.16
13730,4.52,4.15
13732,4.51,4.15
13733,4.51,4.15
13734,4.51,4.15
13735,4.51,4.15
13736,4.51,4.15
13737,4.51,4.15
13740,4.51,4.15
13741,4.51,4.16
13742,4.50,4.15
13743,4.50,4.15
13744,4.50,4.15
13746,4.50,4.15
13747,4.50,4.15
13748,4.50,4.15
13749,4.50,4.15
13750,4.50,4.15
13751,4.50,4.15
13753,4.50,4.16
13754,4.50,4.16
13755,4.50,4.15
13756,4.50,4.16
13757,4.51,4.16
13758,4.51,4.16
13760,4.51,4.16
13761,4.51,4.16
13762,4.51,4.16
13763,4.51,4.16
13764,4.51,4.16
13765,4.51,4.16
13767,4.51,4.16
13768,4.51,4.16
13769,4.51,4.16
13770,4.51,4.16
13771,4.51,4.16
13773,4.51,4.16
13774,4.51,4.16
13775,4.51,4.16
13776,4.51,4.16
13777,4.51,4.16
13778,4.51,4.16
13780,4.51,4.16
13782,4.51,4.16
13783,4.51,4.16
13784,4.51,4.16
13785,4.51,4.16
13787,4.51,4.17
13788,4.51,4.17
13789,4.51,4.17
13790,4.51,4.17
13791,4.51,4.17
13792,4.51,4.17
13794,4.51,4.17
13795,4.51,4.17
13796,4.51,4.16
13797,4.51,4.17
13798,4.51,4.17
13800,4.51,4.17
13801,4.51,4.17
13802,4.51,4.17
13803,4.51,4.17
13804,4.51,4.17
13805,4.51,4.17
13807,4.51,4.17
13808,4.51,4.17
13809,4.51,4.17
13810,4.51,4.17
13811,4.51,4.17
13813,4.51,4.17
13814,4.51,4.17
13815,4.51,4.16
13816,4.51,4.17
13817,4.51,4.17
13818,4.51,4.16
13820,4.51,4.17
13821,4.51,4.17
13822,4.51,4.16
13824,4.51,4.17
13825,4.51,4.17
13826,4.51,4.17
13828,4.51,4.17
13829,4.51,4.17
13830,4.51,4.17
13831,4.51,4.17
13832,4.51,4.17
13834,4.51,4.17
13835,4.51,4.17
13836,4.51,4.17
13837,4.51,4.17
13838,4.51,4.17
13839,4.51,4.16
13841,4.51,4.17
13842,4.51,4.16
13843,4.51,4.16
13844,4.51,4.16
13845,4.51,4.16
13847,4.51,4.16
13848,4.51,4.16
13849,4.51,4.16
13850,4.51,4.17
13851,4.51,4.17
13852,4.51,4.17
13854,4.51,4.17
13855,4.51,4.17
13856,4.51,4.17
13857,4.51,4.17
13858,4.51,4.17
13860,4.50,4.17
13861,4.50,4.17
13862,4.50,4.17
13863,4.50,4.17
13864,4.51,4.17
13865,4.50,4.17
13868,4.50,4.17
13869,4.50,4.17
13870,4.50,4.17
13871,4.51,4.17
13872,4.50,4.17
13873,4.51,4.17
13875,4.51,4.17
13876,4.51,4.17
13877,4.51,4.17
13878,4.51,4.17
13879,4.51,4.17
13881,4.51,4.17
13882,4.51,4.17
13883,4.51,4.17
13884,4.51,4.17
13885,4.51,4.17
13886,4.51,4.17
13888,4.51,4.17
13889,4.51,4.17
13890,4.51,4.17
13891,4.51,4.17
13892,4.51,4.17
13893,4.51,4.17
13895,4.51,4.17
13896,4.51,4.17
13897,4.51,4.17
13898,4.51,4.17
13899,4.51,4.17
13901,4.51,4.17
13902,4.51,4.17
13903,4.51,4.17
13904,4.51,4.17
13905,4.51,4.17
13906,4.51,4.17
13908,4.51,4.17
13910,4.51,4.17
13911,4.51,4.17
13912,4.51,4.17
13913,4.51,4.17
13915,4.51,4.17
13916,4.51,4.17
13917,4.51,4.17
13918,4.51,4.17
13919,4.51,4.17
13920,4.51,4.17
13922,4.51,4.17
13923,4.51,4.17
13924,4.50,4.18
13925,4.51,4.18
13926,4.51,4.18
13928,4.51,4.18
13929,4.51,4.18
13930,4.50,4.18
13931,4.50,4.18
13932,4.51,4.18
13933,4.51,4.18
13935,4.51,4.18
13936,4.50,4.18
13937,4.51,4.18
13938,4.51,4.18
13939,4.50,4.18
13940,4.51,4.18
13942,4.50,4.18
13943,4.50,4.18
13944,4.51,4.18
13945,4.51,4.18
13946,4.51,4.18
13948,4.51,4.18
13949,4.51,4.18
13950,4.51,4.18
13952,4.51,4.18
13953,4.51,4.18
13954,4.51,4.18
13956,4.51,4.18
13957,4.51,4.18
13958,4.51,4.18
13959,4.51,4.18
13960,4.51,4.18
13962,4.51,4.18
13963,4.51,4.19
13964,4.51,4.18
13965,4.50,4.19
13966,4.50,4.19
13967,4.50,4.19
13969,4.50,4.19
13970,4.51,4.19
13971,4.50,4.19
13972,4.51,4.19
13973,4.51,4.19
13974,4.50,4.19
13976,4.51,4.19
13977,4.50,4.19
13978,4.50,4.20
13979,4.51,4.19
13980,4.51,4.19
13982,4.51,4.20
13983,4.51,4.20
13984,4.51,4.20
13985,4.51,4.20
13986,4.51,4.20
13987,4.51,4.20
13989,4.51,4.20
13990,4.51,4.20
13991,4.51,4.20
13992,4.51,4.21
13993,4.50,4.21
13995,4.51,4.21
13997,4.51,4.21
13998,4.51,4.21
13999,4.51,4.22
14000,4.51,4.22
14001,4.51,4.22
14003,4.51,4.22
14004,4.51,4.23
14005,4.51,4.23
14006,4.51,4.23
14007,4.51,4.24
14008,4.51,4.24
14010,4.51,4.24
14011,4.51,4.24
14012,4.51,4.25
14013,4.51,4.25
14014,4.51,4.25
14016,4.51,4.25
14017,4.51,4.26
14018,4.51,4.26
14019,4.51,4.26
14020,4.51,4.27
14021,4.51,4.27
14023,4.51,4.27
14024,4.51,4.28
14025,4.51,4.28
14026,4.51,4.28
14027,4.51,4.28
14029,4.51,4.29
14030,4.51,4.29
14031,4.51,4.30
14032,4.51,4.30
14033,4.51,4.30
14034,4.51,4.30
14036,4.51,4.31
14038,4.51,4.31
14039,4.51,4.31
14040,4.51,4.32
14041,4.51,4.32
14043,4.51,4.32
14044,4.51,4.33
14045,4.51,4.33
14046,4.51,4.33
14047,4.51,4.33
14048,4.51,4.33
14050,4.51,4.34
14051,4.51,4.34
14052,4.51,4.34
14053,4.51,4.35
14054,4.51,4.35
14056,4.51,4.35
14057,4.51,4.35
14058,4.51,4.35
14059,4.51,4.36
14060,4.51,4.36
14061,4.51,4.36
14063,4.51,4.36
14064,4.51,4.37
14065,4.51,4.37
14066,4.51,4.37
14067,4.51,4.38
14069,4.51,4.38
14070,4.51,4.38
14071,4.51,4.39
14072,4.51,4.39
14073,4.51,4.39
14074,4.51,4.40
14076,4.51,4.40
14077,4.51,4.40
14078,4.51,4.41
14080,4.51,4.41
14081,4.51,4.41
14082,4.51,4.42
14084,4.51,4.42
14085,4.51,4.43
14086,4.51,4.43
14087,4.51,4.43
14088,4.51,4.44
14090,4.51,4.44
14091,4.51,4.44
14092,4.51,4.45
14093,4.51,4.45
14094,4.51,4.45
14095,4.51,4.45
14097,4.51,4.45
14098,4.50,4.46
14099,4.50,4.46
14100,4.50,4.46
14101,4.51,4.47
14103,4.51,4.47
14104,4.51,4.47
14105,4.51,4.48
14106,4.51,4.48
14107,4.51,4.48
14108,4.51,4.49
14110,4.51,4.49
14111,4.51,4.49
14112,4.51,4.50
14113,4.51,4.50
14114,4.51,4.50
14116,4.50,4.50
14117,4.50,4.51
14118,4.50,4.51
14119,4.50,4.51
14120,4.50,4.52
14121,4.50,4.52
14124,4.50,4.52
14125,4.50,4.52
14126,4.50,4.53
14127,4.50,4.53
14128,4.50,4.53
14129,4.50,4.53
14131,4.50,4.53
14132,4.50,4.53
14133,4.50,4.54
14134,4.50,4.54
14135,4.50,4.54
14136,4.50,4.54
14138,4.50,4.55
14139,4.50,4.55
14140,4.50,4.55
14141,4.50,4.55
14142,4.50,4.55
14144,4.50,4.55
14145,4.50,4.55
14146,4.50,4.55
14147,4.50,4.55
14148,4.50,4.56
14149,4.50,4.56
14151,4.50,4.56
14152,4.50,4.56
14153,4.50,4.56
14154,4.50,4.56
14155,4.50,4.56
14156,4.50,4.56
14158,4.50,4.57
14159,4.50,4.57
14160,4.50,4.57
14161,4.50,4.57
14162,4.50,4.57
14164,4.50,4.57
14166,4.50,4.57
14167,4.50,4.57
14168,4.50,4.57
14169,4.50,4.57
14170,4.50,4.57
14172,4.50,4.57
14173,4.50,4.57
14174,4.50,4.57
14175,4.50,4.57
14176,4.50,4.57
14177,4.50,4.57
14179,4.50,4.57
14180,4.50,4.57
14181,4.50,4.57
14182,4.50,4.57
14183,4.50,4.56
14185,4.50,4.56
14186,4.50,4.56
14187,4.50,4.56
14188,4.50,4.55
14189,4.50,4.55
14190,4.50,4.54
14192,4.50,4.54
14193,4.50,4.53
14194,4.50,4.53
14195,4.50,4.52
14196,4.50,4.51
14197,4.50,4.51
14199,4.50,4.50
14200,4.51,4.49
14201,4.51,4.48
14202,4.51,4.48
14203,4.50,4.47
14205,4.50,4.46
14206,4.50,4.45
14208,4.51,4.44
14209,4.50,4.43
14210,4.50,4.43
14211,4.50,4.42
14213,4.50,4.41
14214,4.50,4.40
14215,4.50,4.39
14216,4.50,4.38
14217,4.50,4.37
14218,4.50,4.36
14220,4.50,4.35
14221,4.50,4.35
14222,4.50,4.34
14223,4.50,4.33
14224,4.50,4.33
14225,4.50,4.32
14227,4.49,4.31
14228,4.49,4.30
14229,4.49,4.30
14230,4.49,4.29
14231,4.49,4.28
14233,4.49,4.27
14234,4.49,4.27
14235,4.49,4.26
14236,4.49,4.25
14237,4.49,4.25
14238,4.49,4.24
14240,4.49,4.23
14241,4.49,4.23
14242,4.49,4.22
14243,4.49,4.21
14244,4.49,4.21
14246,4.49,4.20
14247,4.48,4.20
14248,4.48,4.19
14249,4.49,4.19
14251,4.48,4.18
14252,4.48,4.18
14254,4.49,4.17
14255,4.49,4.16
14256,4.49,4.16
14257,4.49,4.15
14258,4.49,4.15
14260,4.49,4.14
14261,4.49,4.14
14262,4.48,4.14
14263,4.48,4.13
14264,4.48,4.13
14265,4.48,4.13
14267,4.48,4.12
14268,4.48,4.12
14269,4.49,4.11
14270,4.49,4.11
14271,4.49,4.11
14273,4.49,4.10
14274,4.49,4.10
14275,4.49,4.09
14276,4.49,4.09
14277,4.49,4.08
14278,4.49,4.08
14280,4.49,4.08
14281,4.49,4.07
14282,4.49,4.07
14283,4.49,4.07
14284,4.49,4.06
14285,4.49,4.06
14287,4.49,4.06
14288,4.49,4.05
14289,4.49,4.05
14290,4.49,4.04
14291,4.49,4.04
14294,4.49,4.04
14295,4.49,4.03
14296,4.49,4.03
14297,4.49,4.03
14298,4.49,4.02
14299,4.49,4.02
14301,4.49,4.02
14302,4.49,4.01
14303,4.49,4.01
14304,4.49,4.01
14305,4.49,4.00
14306,4.49,4.00
14308,4.49,4.00
14309,4.49,3.99
14310,4.49,3.99
14311,4.49,3.99
14312,4.49,3.98
14313,4.49,3.98
14315,4.49,3.98
14316,4.49,3.97
14317,4.49,3.97
14318,4.49,3.97
14319,4.49,3.97
14321,4.49,3.96
14322,4.49,3.96
14323,4.49,3.96
14324,4.49,3.96
14325,4.49,3.95
14326,4.49,3.95
14328,4.49,3.95
14329,4.49,3.94
14330,4.49,3.94
14331,4.49,3.94
14332,4.49,3.94
14334,4.49,3.93
14336,4.49,3.93
14337,4.49,3.93
14338,4.49,3.93
14339,4.49,3.92
14340,4.49,3.92
14342,4.49,3.92
14343,4.49,3.92
14344,4.49,3.92
14345,4.49,3.91
14346,4.49,3.91
14348,4.49,3.91
14349,4.49,3.91
14350,4.49,3.91
14351,4.49,3.91
14352,4.49,3.91
14353,4.49,3.90
14355,4.49,3.90
14356,4.49,3.90
14357,4.49,3.90
14358,4.49,3.89
14359,4.49,3.89
14360,4.49,3.89
14362,4.49,3.89
14363,4.49,3.89
14364,4.49,3.89
14365,4.49,3.88
14366,4.49,3.88
14368,4.49,3.88
14369,4.49,3.88
14370,4.49,3.88
14371,4.49,3.88
14372,4.49,3.88
14373,4.49,3.88
14375,4.49,3.87
14376,4.49,3.87
14377,4.49,3.87
14379,4.49,3.87
14380,4.49,3.87
14382,4.49,3.87
14383,4.49,3.87
14384,4.49,3.87
14385,4.49,3.86
14386,4.49,3.86
14387,4.49,3.86
14389,4.49,3.86
14390,4.49,3.86
14391,4.49,3.86
14392,4.49,3.86
14393,4.49,3.85
14395,4.49,3.85
14396,4.49,3.85
14397,4.49,3.85
14398,4.49,3.85
14399,4.49,3.85
14401,4.49,3.85
14402,4.49,3.85
14403,4.49,3.85
14404,4.49,3.85
14405,4.49,3.85
14406,4.49,3.85
14408,4.49,3.85
14409,4.49,3.85
14410,4.49,3.85
14411,4.49,3.85
14412,4.49,3.85
14414,4.49,3.85
14415,4.49,3.85
14416,4.49,3.85
14417,4.49,3.84
14418,4.49,3.84
14419,4.49,3.84
14422,4.49,3.84
14423,4.49,3.84
14424,4.49,3.84
14425,4.49,3.84
14426,4.49,3.84
14427,4.49,3.84
14429,4.49,3.84
14430,4.49,3.84
14431,4.49,3.84
14432,4.49,3.84
14433,4.49,3.84
14434,4.49,3.84
14436,4.49,3.84
14437,4.49,3.84
14438,4.49,3.84
14439,4.49,3.84
14440,4.49,3.84
14442,4.49,3.84
14443,4.49,3.85
14444,4.49,3.84
14445,4.49,3.84
14446,4.49,3.85
14447,4.49,3.85
14449,4.49,3.85
14450,4.49,3.85
14451,4.49,3.85
14452,4.49,3.85
14453,4.49,3.85
14455,4.49,3.85
14456,4.49,3.85
14457,4.49,3.85
14458,4.49,3.85
14459,4.49,3.85
14460,4.49,3.85
14462,4.49,3.85
14464,4.49,3.85
14465,4.49,3.85
14466,4.49,3.85
14467,4.49,3.85
14469,4.49,3.85
14470,4.49,3.85
14471,4.49,3.85
14472,4.49,3.85
14473,4.49,3.85
14474,4.49,3.85
14476,4.49,3.85
14477,4.49,3.85
14478,4.49,3.86
14479,4.49,3.86
14480,4.49,3.86
14481,4.49,3.86
14483,4.49,3.86
14484,4.49,3.86
14485,4.49,3.86
14486,4.49,3.86
14487,4.49,3.86
14489,4.49,3.86
14490,4.49,3.86
14491,4.49,3.86
14492,4.49,3.86
14493,4.49,3.86
14494,4.49,3.86
14496,4.49,3.86
14497,4.49,3.86
14498,4.49,3.86
14499,4.49,3.86
14500,4.49,3.87
14501,4.49,3.87
14503,4.49,3.87
14504,4.49,3.87
14505,4.49,3.87
14507,4.49,3.87
14508,4.49,3.87
14510,4.49,3.87
14511,4.49,3.87
14512,4.49,3.87
14513,4.49,3.87
14514,4.49,3.87
14516,4.49,3.87
14517,4.49,3.87
14518,4.49,3.87
14519,4.49,3.87
14520,4.49,3.87
14521,4.49,3.87
14523,4.49,3.87
14524,4.49,3.87
14525,4.49,3.87
14526,4.49,3.87
14527,4.49,3.87
14528,4.49,3.87
14530,4.49,3.87
14531,4.49,3.87
14532,4.49,3.87
14533,4.49,3.87
14534,4.49,3.87
14536,4.49,3.87
14537,4.49,3.87
14538,4.49,3.87
14539,4.49,3.87
14540,4.49,3.87
14541,4.49,3.87
14543,4.49,3.88
14544,4.49,3.88
14545,4.49,3.88
14546,4.49,3.88
14547,4.49,3.88
14550,4.49,3.88
14551,4.49,3.88
14552,4.49,3.88
14553,4.49,3.89
14554,4.49,3.89
14555,4.49,3.89
14557,4.49,3.89
14558,4.49,3.89
14559,4.49,3.89
14560,4.49,3.90
14561,4.49,3.90
14563,4.49,3.90
14564,4.49,3.90
14565,4.49,3.90
14566,4.49,3.90
14567,4.49,3.91
14568,4.49,3.91
14570,4.49,3.91
14571,4.49,3.91
14572,4.49,3.91
14573,4.49,3.91
14574,4.49,3.91
14575,4.49,3.91
14577,4.49,3.91
14578,4.49,3.92
14579,4.49,3.92
14580,4.49,3.92
14581,4.49,3.92
14583,4.49,3.93
14584,4.49,3.93
14585,4.49,3.93
14586,4.49,3.93
14587,4.49,3.94
14588,4.49,3.94
14590,4.49,3.94
14592,4.49,3.94
14593,4.49,3.95
14594,4.49,3.95
14595,4.49,3.95
14597,4.49,3.95
14598,4.49,3.95
14599,4.49,3.96
14600,4.49,3.96
14601,4.49,3.96
14602,4.49,3.96
14604,4.49,3.96
14605,4.49,3.97
14606,4.49,3.97
14607,4.49,3.97
14608,4.49,3.97
14609,4.49,3.98
14611,4.49,3.98
14612,4.49,3.98
14613,4.49,3.99
14614,4.49,3.99
14615,4.49,3.99
14617,4.49,4.00
14618,4.49,4.00
14619,4.49,4.00
14620,4.49,4.01
14621,4.49,4.01
14622,4.49,4.01
14624,4.49,4.02
14625,4.50,4.02
14626,4.49,4.03
14627,4.49,4.03
14628,4.49,4.03
14629,4.49,4.04
14631,4.49,4.04
14632,4.49,4.05
14633,4.49,4.05
14635,4.49,4.06
14636,4.49,4.06
14637,4.50,4.06
14639,4.49,4.07
14640,4.49,4.08
14641,4.49,4.08
14642,4.50,4.09
14643,4.50,4.10
14645,4.50,4.11
14646,4.50,4.12
14647,4.50,4.13
14648,4.50,4.13
14649,4.50,4.14
14650,4.50,4.16
14652,4.50,4.18
14653,4.50,4.19
14654,4.51,4.21
14655,4.51,4.24
14656,4.51,4.26
14657,4.51,4.29
14659,4.51,4.32
14660,4.51,4.35
14661,4.51,4.37
14662,4.52,4.39
14663,4.52,4.42
14665,4.52,4.45
14666,4.52,4.47
14667,4.52,4.49
14668,4.52,4.51
14669,4.52,4.53
14670,4.52,4.55
14672,4.52,4.57
14673,4.53,4.58
14674,4.53,4.60
14675,4.53,4.62
14676,4.53,4.63
14679,4.53,4.65
14680,4.53,4.66
14681,4.53,4.67
14682,4.53,4.69
14683,4.53,4.70
14684,4.54,4.71
14686,4.54,4.72
14687,4.54,4.73
14688,4.53,4.74
14689,4.54,4.75
14690,4.53,4.76
14692,4.53,4.77
14693,4.53,4.77
14694,4.53,4.78
14695,4.53,4.78
14696,4.53,4.79
14697,4.53,4.80
14699,4.53,4.80
14700,4.52,4.81
14701,4.52,4.82
14702,4.52,4.82
14703,4.52,4.82
14705,4.52,4.83
14706,4.52,4.84
14707,4.51,4.84
14708,4.51,4.84
14709,4.51,4.85
14710,4.51,4.85
14712,4.51,4.86
14713,4.51,4.86
14714,4.51,4.86
14715,4.51,4.87
14716,4.50,4.87
14717,4.50,4.88
14720,4.50,4.88
14721,4.50,4.88
14722,4.50,4.88
14723,4.50,4.89
14724,4.50,4.88
14726,4.49,4.88
14727,4.49,4.87
14728,4.49,4.86
14729,4.49,4.85
14730,4.48,4.83
14731,4.48,4.82
14733,4.48,4.81
14734,4.49,4.79
14735,4.49,4.78
14736,4.49,4.77
14737,4.49,4.75
14738,4.49,4.73
14740,4.50,4.72
14741,4.50,4.70
14742,4.50,4.68
14743,4.50,4.66
14744,4.50,4.64
14746,4.50,4.62
14747,4.50,4.60
14748,4.50,4.58
14749,4.50,4.57
14750,4.50,4.54
14751,4.50,4.53
14753,4.49,4.51
14754,4.49,4.49
14755,4.49,4.47
14756,4.49,4.45
14757,4.49,4.43
14759,4.49,4.41
14760,4.49,4.40
14761,4.48,4.38
14763,4.48,4.36
14764,4.48,4.35
14765,4.48,4.34
14767,4.48,4.32
14768,4.47,4.31
14769,4.47,4.29
14770,4.47,4.28
14771,4.47,4.27
14773,4.47,4.25
14774,4.47,4.24
14775,4.47,4.23
14776,4.47,4.22
14777,4.46,4.21
14778,4.46,4.20
14780,4.46,4.19
14781,4.46,4.18
14782,4.46,4.17
14783,4.46,4.16
14784,4.46,4.15
14785,4.46,4.14
14787,4.46,4.13
14788,4.46,4.13
14789,4.46,4.12
14790,4.46,4.12
14791,4.46,4.11
14793,4.46,4.10
14794,4.46,4.10
14795,4.46,4.09
14796,4.46,4.08
14797,4.46,4.08
14798,4.46,4.07
14800,4.46,4.07
14801,4.46,4.06
14802,4.46,4.06
14803,4.46,4.06
14804,4.46,4.05
14807,4.46,4.05
14808,4.46,4.04
14809,4.46,4.04
14810,4.46,4.04
14811,4.46,4.03
14812,4.46,4.03
14814,4.47,4.03
14815,4.46,4.03
14816,4.47,4.02
14817,4.47,4.02
14818,4.47,4.02
14819,4.47,4.02
14821,4.47,4.01
14822,4.47,4.01
14823,4.47,4.01
14824,4.47,4.01
14825,4.47,4.01
14826,4.47,4.01
14828,4.47,4.00
14829,4.47,4.00
14830,4.47,4.00
14831,4.48,4.00
14832,4.48,4.00
14833,4.48,4.00
14835,4.48,4.00
14836,4.48,4.00
14837,4.48,4.00
14838,4.48,4.00
14839,4.48,4.00
14840,4.48,3.99
14842,4.48,3.99
14843,4.48,3.99
14844,4.48,3.99
14845,4.48,3.99
14846,4.48,3.99
14849,4.48,3.99
14850,4.48,3.99
14851,4.48,3.99
14852,4.48,3.99
14853,4.48,3.99
14854,4.48,3.99
14856,4.48,3.99
14857,4.48,3.99
14858,4.48,3.99
14859,4.48,3.99
14860,4.48,3.99
14861,4.48,3.99
14863,4.48,3.99
14864,4.48,3.99
14865,4.48,3.99
14866,4.48,3.99
14867,4.48,3.99
14868,4.49,3.99
14870,4.48,3.99
14871,4.48,3.99
14872,4.48,3.99
14873,4.48,3.99
14874,4.48,3.99
14876,4.48,3.99
14877,4.48,3.99
14878,4.49,3.99
14879,4.49,3.99
14880,4.49,4.00
14881,4.49,3.99
14883,4.49,4.00
14884,4.49,4.00
14885,4.49,3.99
14886,4.49,4.00
14887,4.49,4.00
14888,4.49,4.00
14891,4.49,4.00
14892,4.49,4.00
14893,4.49,4.00
14894,4.49,4.00
14895,4.49,4.00
14896,4.49,4.00
14898,4.49,4.00
14899,4.49,4.00
14900,4.49,4.00
14901,4.49,4.00
14902,4.49,4.00
14903,4.49,4.00
14905,4.49,4.00
14906,4.49,4.00
14907,4.49,4.00
14908,4.49,4.00
14909,4.49,4.00
14910,4.49,4.00
14912,4.49,4.00
14913,4.49,4.00
14914,4.49,4.00
14915,4.49,4.00
14916,4.49,4.00
14917,4.49,4.00
14919,4.49,4.00
14920,4.49,4.00
14921,4.49,4.00
14922,4.49,4.00
14923,4.49,4.00
14924,4.49,4.00
14926,4.49,4.00
14927,4.49,4.00
14928,4.49,4.00
14929,4.49,4.00
14930,4.49,4.00
14931,4.49,4.00
14934,4.49,4.00
14935,4.49,4.00
14936,4.49,4.00
14937,4.49,4.00
14938,4.49,4.00
14939,4.49,4.01
14941,4.49,4.01
14942,4.49,4.01
14943,4.49,4.01
14944,4.49,4.01
14945,4.49,4.01
14946,4.49,4.01
14948,4.49,4.01
14949,4.49,4.01
14950,4.49,4.01
14951,4.49,4.01
14952,4.49,4.01
14953,4.49,4.01
14955,4.49,4.01
14956,4.49,4.01
14957,4.49,4.01
14958,4.49,4.01
14959,4.49,4.01
14960,4.49,4.01
14962,4.49,4.01
14963,4.49,4.01
14964,4.49,4.01
14965,4.49,4.01
14966,4.49,4.01
14968,4.49,4.01
14969,4.49,4.01
14970,4.49,4.01
14971,4.49,4.01
14972,4.49,4.01
14973,4.49,4.01
14976,4.49,4.01
14977,4.49,4.01
14978,4.49,4.01
14979,4.49,4.01
14980,4.49,4.01
14981,4.49,4.01
14983,4.49,4.01
14984,4.49,4.02
14985,4.49,4.01
14986,4.49,4.02
14987,4.49,4.02
14988,4.49,4.02
14990,4.49,4.02
14991,4.49,4.02
14992,4.49,4.02
14993,4.49,4.02
14994,4.49,4.02
14995,4.49,4.02
14997,4.49,4.02
14998,4.49,4.02
14999,4.49,4.02
15000,4.49,4.02
15001,4.49,4.02
15002,4.49,4.02
15004,4.49,4.02
15005,4.49,4.02
15006,4.49,4.02
15007,4.49,4.02
15008,4.49,4.02
15010,4.49,4.02
15011,4.49,4.02
15012,4.49,4.02
15013,4.49,4.02
15014,4.49,4.02
15015,4.49,4.03
15017,4.49,4.03
15019,4.49,4.02
15020,4.49,4.03
15021,4.49,4.03
15022,4.49,4.03
15023,4.49,4.03
15025,4.49,4.03
15026,4.49,4.03
15027,4.49,4.03
15028,4.49,4.03
15029,4.49,4.03
15031,4.49,4.03
15032,4.49,4.03
15033,4.49,4.03
15034,4.49,4.03
15035,4.49,4.03
15036,4.49,4.03
15038,4.49,4.03
15039,4.49,4.03
15040,4.49,4.03
15041,4.49,4.03
15042,4.49,4.03
15043,4.49,4.03
15045,4.49,4.03
15046,4.49,4.03
15047,4.49,4.03
15048,4.49,4.03
15049,4.49,4.03
15050,4.49,4.03
15052,4.49,4.03
15053,4.49,4.03
15054,4.49,4.04
15055,4.49,4.03
15056,4.49,4.04
15058,4.49,4.04
15059,4.49,4.04
15060,4.49,4.04
15062,4.50,4.04
15063,4.49,4.04
15064,4.49,4.04
15066,4.49,4.04
15067,4.49,4.04
15068,4.50,4.04
15069,4.49,4.04
15070,4.49,4.04
15071,4.49,4.04
15073,4.49,4.04
15074,4.49,4.04
15075,4.49,4.04
15076,4.49,4.04
15077,4.49,4.04
15079,4.49,4.04
15080,4.49,4.04
15081,4.49,4.04
15082,4.49,4.04
15083,4.49,4.04
15084,4.49,4.04
15086,4.49,4.04
15087,4.49,4.04
15088,4.49,4.04
15089,4.49,4.04
15090,4.49,4.04
15091,4.49,4.05
15093,4.49,4.04
15094,4.49,4.04
15095,4.49,4.04
15096,4.49,4.04
15097,4.49,4.05
15098,4.49,4.05
15100,4.49,4.05
15101,4.49,4.05
15102,4.49,4.05
15104,4.49,4.05
15105,4.49,4.05
15107,4.49,4.05
15108,4.49,4.05
15109,4.49,4.05
15110,4.49,4.05
15111,4.49,4.05
15112,4.49,4.05
15114,4.49,4.05
15115,4.50,4.05
15116,4.49,4.05
15117,4.50,4.05
15118,4.49,4.05
15119,4.50,4.05
15121,4.49,4.05
15122,4.49,4.05
15123,4.49,4.05
15124,4.49,4.05
15125,4.49,4.06
15126,4.49,4.06
15128,4.49,4.06
15129,4.49,4.06
15130,4.49,4.06
15131,4.49,4.06
15132,4.49,4.06
15134,4.49,4.06
15135,4.49,4.06
15136,4.49,4.06
15137,4.49,4.06
15138,4.49,4.06
15139,4.49,4.06
15141,4.49,4.06
15142,4.49,4.06
15143,4.49,4.06
15144,4.49,4.06
15145,4.49,4.06
15148,4.49,4.06
15149,4.49,4.06
15150,4.49,4.06
15151,4.49,4.06
15152,4.49,4.06
15153,4.50,4.06
15155,4.49,4.06
15156,4.49,4.06
15157,4.49,4.06
15158,4.49,4.06
15159,4.49,4.06
15160,4.49,4.07
15162,4.49,4.07
15163,4.49,4.07
15164,4.49,4.07
15165,4.49,4.07
15166,4.49,4.07
15167,4.49,4.07
15169,4.49,4.07
15170,4.49,4.07
15171,4.49,4.07
15172,4.49,4.07
15173,4.49,4.07
15175,4.49,4.07
15176,4.49,4.07
15177,4.49,4.07
15178,4.49,4.07
15179,4.49,4.07
15180,4.49,4.07
15182,4.49,4.07
15183,4.49,4.07
15184,4.49,4.07
15185,4.49,4.07
15186,4.49,4.08
15187,4.49,4.07
15190,4.47,4.05
15191,4.43,4.02
15192,4.39,3.99
15193,4.34,3.95
15194,4.28,3.92
15196,4.22,3.89
15197,4.17,3.87
15198,4.14,3.86
15199,4.13,3.85
15200,4.13,3.85
15201,4.13,3.85
15203,4.13,3.86
15204,4.13,3.86
15205,4.12,3.84
15206,4.09,3.82
15207,4.05,3.79
15209,4.01,3.76
15210,3.96,3.73
15211,3.92,3.70
15212,3.88,3.69
15213,3.85,3.68
15214,3.85,3.68
15216,3.85,3.69
15217,3.86,3.70
15218,3.88,3.71
15219,3.90,3.72
15220,3.91,3.73
15221,3.91,3.72
15223,3.89,3.70
15224,3.87,3.68
15225,3.84,3.66
15226,3.81,3.64
15227,3.77,3.62
15229,3.75,3.60
15230,3.74,3.61
15232,3.75,3.62
15233,3.77,3.63
15234,3.79,3.65
15235,3.82,3.67
15237,3.85,3.69
15238,3.86,3.69
15239,3.86,3.68
15240,3.84,3.66
15241,3.82,3.64
15243,3.80,3.63
15244,3.77,3.61
15245,3.75,3.59
15246,3.73,3.59
15247,3.73,3.59
15248,3.75,3.61
15250,3.77,3.62
15251,3.80,3.64
15252,3.83,3.67
15253,3.86,3.68
15254,3.87,3.68
15256,3.86,3.67
15257,3.85,3.65
15258,3.83,3.64
15259,3.80,3.62
15260,3.78,3.60
15261,3.75,3.59
15263,3.74,3.58
15264,3.74,3.59
15265,3.76,3.61
15266,3.79,3.63
15267,3.82,3.65
15269,3.85,3.67
15270,3.88,3.68
15271,3.88,3.68
15272,3.87,3.67
15273,3.85,3.65
15275,3.83,3.64
15277,3.81,3.62
15278,3.78,3.60
15279,3.76,3.59
15280,3.75,3.59
15281,3.75,3.60
15283,3.77,3.61
15284,3.80,3.63
15285,3.83,3.66
15286,3.86,3.68
15287,3.88,3.69
15288,3.88,3.68
15290,3.87,3.67
15291,3.86,3.66
15292,3.84,3.64
15293,3.81,3.62
15294,3.78,3.60
15296,3.76,3.59
15297,3.75,3.60
15298,3.76,3.61
15299,3.78,3.62
15300,3.81,3.64
15301,3.84,3.66
15303,3.87,3.68
15304,3.89,3.69
15305,3.89,3.68
15306,3.87,3.67
15307,3.85,3.65
15309,3.83,3.64
15310,3.81,3.62
15311,3.78,3.60
15312,3.76,3.59
15313,3.76,3.60
15314,3.77,3.61
15316,3.79,3.63
15318,3.82,3.65
15319,3.85,3.67
15320,3.88,3.69
15321,3.89,3.69
15323,3.88,3.68
15324,3.87,3.66
15325,3.85,3.65
15326,3.83,3.63
15327,3.80,3.62
15328,3.77,3.60
15330,3.76,3.60
15331,3.76,3.60
15332,3.77,3.61
15333,3.80,3.63
15334,3.82,3.65
15336,3.86,3.68
15337,3.88,3.69
15338,3.89,3.68
15339,3.88,3.67
15340,3.87,3.66
15341,3.85,3.65
15343,3.82,3.63
15344,3.80,3.61
15345,3.77,3.60
15346,3.76,3.60
15347,3.76,3.60
15349,3.78,3.62
15350,3.80,3.63
15351,3.83,3.66
15352,3.86,3.68
15353,3.89,3.69
15354,3.89,3.68
15356,3.88,3.67
15357,3.87,3.66
15358,3.84,3.64
15360,3.82,3.63
15361,3.79,3.60
15363,3.76,3.60
15364,3.76,3.60
15365,3.76,3.61
15366,3.78,3.62
15367,3.81,3.64
15368,3.84,3.66
15370,3.87,3.68
15371,3.89,3.69
15372,3.89,3.68
15373,3.88,3.67
15374,3.86,3.65
15375,3.84,3.64
15377,3.81,3.62
15378,3.79,3.60
15379,3.76,3.59
15380,3.75,3.60
15381,3.76,3.61
15383,3.78,3.62
15384,3.81,3.64
15385,3.84,3.67
15386,3.87,3.68
15387,3.88,3.68
15388,3.88,3.67
15390,3.86,3.65
15391,3.84,3.64
15392,3.82,3.62
15393,3.79,3.61
15394,3.76,3.59
15396,3.74,3.59
15397,3.74,3.59
15398,3.75,3.60
15399,3.78,3.62
15400,3.81,3.64
15401,3.84,3.67
15404,3.87,3.68
15405,3.87,3.67
15406,3.87,3.66
15407,3.86,3.65
15408,3.83,3.64
15410,3.81,3.62
15411,3.79,3.60
15412,3.76,3.59
15413,3.74,3.59
15414,3.74,3.59
15415,3.76,3.61
15417,3.79,3.62
15418,3.82,3.64
15419,3.85,3.67
15420,3.87,3.68
15421,3.88,3.67
15423,3.87,3.66
15424,3.85,3.65
15425,3.83,3.64
15426,3.81,3.62
15427,3.78,3.60
15428,3.76,3.59
15430,3.74,3.59
15431,3.75,3.60
15432,3.77,3.61
15433,3.80,3.63
15434,3.82,3.65
15436,3.86,3.67
15437,3.88,3.68
15438,3.88,3.67
15439,3.87,3.67
15440,3.85,3.65
15441,3.83,3.64
15443,3.80,3.62
15444,3.78,3.60
15446,3.75,3.59
15447,3.74,3.59
15448,3.75,3.60
15450,3.77,3.62
15451,3.80,3.64
15452,3.83,3.66
15453,3.87,3.68
15454,3.88,3.68
15455,3.87,3.67
15457,3.86,3.66
15458,3.84,3.64
15459,3.82,3.63
15460,3.80,3.61
15461,3.77,3.59
15463,3.75,3.59
15464,3.74,3.59
15465,3.75,3.60
15466,3.78,3.62
15467,3.80,3.64
15468,3.84,3.66
15470,3.87,3.68
15471,3.88,3.68
15472,3.87,3.67
15473,3.86,3.66
15474,3.84,3.65
15476,3.82,3.63
15477,3.79,3.61
15478,3.77,3.60
15479,3.75,3.59
15480,3.75,3.60
15481,3.76,3.60
15483,3.79,3.63
15484,3.82,3.65
15485,3.85,3.68
15486,3.87,3.68
15488,3.88,3.68
15490,3.87,3.67
15491,3.86,3.66
15492,3.84,3.64
15493,3.81,3.62
15494,3.79,3.61
15495,3.76,3.59
15497,3.75,3.59
15498,3.75,3.60
15499,3.77,3.61
15500,3.79,3.63
15501,3.82,3.65
15503,3.86,3.68
15504,3.88,3.68
15505,3.88,3.68
15506,3.87,3.67
15507,3.85,3.65
15508,3.83,3.64
15510,3.81,3.62
15511,3.78,3.60
15512,3.75,3.59
