time_ms,ch1_v,ch2_v
,4.39,3.71
62,4.39,3.71
63,4.39,3.71
64,4.39,3.71
65,4.39,3.71
66,4.39,3.71
67,4.39,3.71
68,4.39,3.71
69,4.39,3.71
70,4.39,3.71
71,4.39,3.71
72,4.39,3.71
73,4.39,3.71
74,4.39,3.71
75,4.39,3.71
76,4.39,3.71
77,4.39,3.71
78,4.39,3.71
79,4.39,3.71
80,4.39,3.71
81,4.39,3.71
82,4.39,3.71
83,4.39,3.71
84,4.39,3.71
86,4.39,3.71
87,4.39,3.71
88,4.39,3.71
89,4.39,3.71
90,4.39,3.71
91,4.39,3.71
92,4.39,3.71
93,4.39,3.71
94,4.39,3.71
96,4.39,3.71
97,4.39,3.70
98,4.39,3.71
99,4.39,3.70
100,4.39,3.71
101,4.39,3.71
102,4.39,3.71
103,4.39,3.71
104,4.39,3.71
105,4.39,3.71
106,4.39,3.71
107,4.39,3.71
108,4.39,3.71
109,4.39,3.71
110,4.40,3.71
111,4.39,3.71
113,4.39,3.71
114,4.40,3.71
115,4.39,3.71
116,4.39,3.71
117,4.39,3.70
118,4.39,3.71
119,4.39,3.70
120,4.39,3.70
121,4.39,3.71
122,4.39,3.71
123,4.39,3.70
124,4.39,3.70
125,4.39,3.71
126,4.40,3.70
129,4.39,3.70
130,4.39,3.70
131,4.39,3.70
132,4.39,3.70
133,4.39,3.70
134,4.39,3.70
135,4.39,3.70
136,4.39,3.70
137,4.39,3.70
138,4.39,3.70
139,4.39,3.70
140,4.39,3.70
141,4.39,3.70
142,4.39,3.70
144,4.39,3.70
145,4.39,3.70
146,4.39,3.70
147,4.39,3.70
148,4.39,3.70
149,4.39,3.70
150,4.39,3.70
151,4.39,3.70
152,4.39,3.70
153,4.39,3.70
154,4.39,3.70
155,4.39,3.70
156,4.39,3.70
157,4.39,3.70
159,4.39,3.70
160,4.39,3.70
161,4.39,3.70
162,4.39,3.70
163,4.39,3.70
164,4.39,3.70
165,4.39,3.70
166,4.39,3.70
167,4.39,3.70
168,4.39,3.70
169,4.39,3.70
171,4.39,3.70
172,4.39,3.70
173,4.39,3.70
174,4.39,3.70
176,4.39,3.70
177,4.39,3.70
178,4.39,3.70
179,4.39,3.70
180,4.39,3.70
181,4.39,3.70
182,4.39,3.70
183,4.39,3.70
184,4.39,3.70
185,4.39,3.70
186,4.39,3.70
187,4.39,3.70
188,4.39,3.70
189,4.39,3.70
191,4.39,3.70
192,4.39,3.70
193,4.39,3.70
194,4.39,3.70
195,4.39,3.70
196,4.39,3.70
197,4.39,3.70
198,4.39,3.70
199,4.39,3.70
200,4.39,3.70
201,4.39,3.70
202,4.39,3.70
203,4.39,3.70
204,4.39,3.70
205,4.39,3.70
207,4.39,3.70
208,4.39,3.70
209,4.39,3.70
210,4.39,3.70
211,4.39,3.70
212,4.39,3.70
214,4.39,3.70
215,4.39,3.70
216,4.39,3.70
217,4.39,3.70
218,4.39,3.70
219,4.39,3.70
220,4.39,3.70
221,4.39,3.70
223,4.39,3.70
224,4.39,3.70
225,4.39,3.70
226,4.39,3.70
227,4.39,3.70
228,4.39,3.70
229,4.39,3.70
230,4.39,3.70
231,4.39,3.70
232,4.39,3.70
233,4.39,3.70
234,4.39,3.70
235,4.39,3.70
236,4.39,3.70
237,4.39,3.70
239,4.39,3.70
240,4.39,3.70
241,4.39,3.70
242,4.39,3.70
243,4.39,3.70
244,4.39,3.70
245,4.39,3.70
246,4.39,3.70
247,4.39,3.70
248,4.39,3.70
249,4.39,3.70
250,4.39,3.70
251,4.39,3.70
252,4.39,3.71
254,4.39,3.71
256,4.39,3.71
257,4.39,3.70
258,4.39,3.71
259,4.39,3.71
260,4.39,3.71
261,4.39,3.71
262,4.39,3.71
263,4.39,3.71
264,4.39,3.71
265,4.39,3.71
266,4.39,3.71
267,4.39,3.71
269,4.39,3.71
270,4.39,3.71
271,4.39,3.71
272,4.39,3.71
273,4.39,3.71
274,4.39,3.71
275,4.39,3.71
276,4.39,3.71
277,4.39,3.71
278,4.39,3.71
279,4.39,3.71
280,4.39,3.71
281,4.39,3.71
283,4.39,3.71
284,4.39,3.71
285,4.39,3.71
286,4.39,3.71
287,4.39,3.71
288,4.39,3.71
289,4.39,3.71
290,4.39,3.71
291,4.39,3.71
292,4.39,3.71
293,4.39,3.71
294,4.39,3.71
295,4.39,3.71
297,4.39,3.71
299,4.39,3.71
300,4.39,3.71
301,4.39,3.71
302,4.39,3.71
303,4.39,3.71
304,4.39,3.71
305,4.39,3.71
306,4.39,3.71
307,4.39,3.71
308,4.39,3.71
309,4.39,3.71
310,4.39,3.71
312,4.39,3.71
313,4.39,3.71
314,4.39,3.71
315,4.39,3.71
316,4.39,3.71
317,4.39,3.71
318,4.39,3.71
319,4.39,3.71
320,4.39,3.71
321,4.39,3.71
322,4.39,3.71
323,4.39,3.71
324,4.39,3.71
326,4.39,3.71
327,4.39,3.71
328,4.39,3.71
329,4.39,3.71
330,4.39,3.71
331,4.39,3.71
332,4.39,3.71
333,4.39,3.71
334,4.39,3.71
335,4.39,3.71
336,4.39,3.71
337,4.39,3.71
338,4.39,3.71
340,4.39,3.71
342,4.39,3.70
343,4.39,3.70
344,4.39,3.70
345,4.39,3.71
346,4.39,3.71
347,4.39,3.71
348,4.39,3.70
349,4.39,3.70
350,4.39,3.70
351,4.39,3.70
352,4.39,3.70
353,4.39,3.70
354,4.39,3.70
356,4.39,3.70
357,4.39,3.71
358,4.39,3.71
359,4.39,3.70
360,4.39,3.71
361,4.39,3.71
362,4.39,3.71
363,4.39,3.70
364,4.39,3.70
365,4.39,3.71
366,4.39,3.71
367,4.39,3.70
368,4.39,3.71
370,4.39,3.71
371,4.39,3.70
372,4.39,3.70
373,4.39,3.70
374,4.39,3.71
375,4.39,3.70
376,4.39,3.71
377,4.39,3.70
378,4.39,3.70
379,4.39,3.70
380,4.39,3.70
381,4.39,3.70
382,4.39,3.70
384,4.39,3.70
386,4.39,3.70
387,4.39,3.70
388,4.39,3.70
389,4.39,3.70
390,4.39,3.70
391,4.39,3.70
392,4.39,3.70
393,4.39,3.70
394,4.39,3.70
395,4.40,3.70
396,4.40,3.70
397,4.40,3.71
398,4.39,3.70
399,4.39,3.71
400,4.40,3.71
402,4.39,3.70
403,4.40,3.70
404,4.40,3.71
405,4.40,3.70
406,4.40,3.70
407,4.40,3.71
408,4.40,3.70
409,4.40,3.70
410,4.40,3.70
411,4.40,3.71
412,4.40,3.70
413,4.40,3.71
414,4.40,3.71
415,4.40,3.71
416,4.40,3.71
418,4.40,3.71
419,4.40,3.71
420,4.40,3.71
421,4.40,3.70
422,4.40,3.70
423,4.40,3.71
424,4.40,3.71
425,4.40,3.71
427,4.40,3.71
428,4.40,3.71
429,4.40,3.71
430,4.40,3.71
431,4.40,3.71
432,4.40,3.71
434,4.40,3.71
435,4.40,3.71
436,4.40,3.71
437,4.40,3.71
438,4.40,3.71
439,4.40,3.71
440,4.40,3.71
441,4.40,3.71
442,4.40,3.71
443,4.40,3.71
444,4.40,3.71
445,4.40,3.71
446,4.40,3.71
447,4.40,3.71
448,4.40,3.70
450,4.40,3.70
451,4.40,3.71
452,4.40,3.71
453,4.40,3.71
454,4.40,3.71
455,4.40,3.70
456,4.41,3.71
457,4.40,3.71
458,4.40,3.71
459,4.40,3.71
460,4.40,3.71
461,4.40,3.71
462,4.40,3.71
463,4.41,3.71
465,4.41,3.71
466,4.41,3.71
467,4.41,3.71
468,4.40,3.71
470,4.40,3.71
471,4.40,3.71
472,4.41,3.71
473,4.41,3.71
474,4.41,3.71
475,4.41,3.71
476,4.41,3.71
477,4.41,3.71
478,4.41,3.71
480,4.41,3.71
481,4.41,3.71
482,4.41,3.71
483,4.41,3.71
484,4.41,3.71
485,4.41,3.71
486,4.41,3.71
487,4.41,3.71
488,4.41,3.71
489,4.41,3.71
490,4.41,3.71
491,4.41,3.71
492,4.41,3.71
494,4.41,3.71
495,4.41,3.71
496,4.41,3.71
497,4.41,3.71
498,4.41,3.71
499,4.41,3.71
500,4.41,3.71
501,4.41,3.71
502,4.41,3.71
503,4.41,3.71
504,4.41,3.71
505,4.41,3.71
506,4.41,3.71
508,4.41,3.71
509,4.41,3.71
510,4.41,3.71
512,4.41,3.71
513,4.41,3.71
514,4.41,3.71
515,4.41,3.71
516,4.41,3.71
517,4.41,3.71
518,4.41,3.71
519,4.41,3.71
520,4.41,3.71
521,4.41,3.71
523,4.41,3.71
524,4.41,3.71
525,4.41,3.71
526,4.41,3.71
527,4.41,3.71
528,4.41,3.71
529,4.41,3.71
530,4.41,3.71
531,4.41,3.71
532,4.41,3.71
533,4.41,3.71
534,4.41,3.71
535,4.41,3.71
537,4.41,3.71
538,4.41,3.71
539,4.41,3.71
540,4.41,3.71
541,4.41,3.71
542,4.41,3.71
543,4.41,3.71
544,4.41,3.71
545,4.41,3.71
546,4.41,3.71
547,4.41,3.71
548,4.41,3.71
549,4.41,3.71
551,4.41,3.71
552,4.42,3.71
553,4.41,3.71
555,4.41,3.71
556,4.42,3.70
557,4.41,3.70
558,4.41,3.70
559,4.42,3.70
560,4.42,3.70
561,4.42,3.70
562,4.42,3.70
563,4.42,3.70
564,4.42,3.70
565,4.42,3.70
567,4.42,3.70
568,4.43,3.70
569,4.43,3.70
570,4.43,3.70
571,4.43,3.70
572,4.43,3.70
573,4.43,3.70
574,4.43,3.70
575,4.42,3.70
576,4.42,3.70
577,4.42,3.70
578,4.42,3.70
579,4.42,3.70
580,4.42,3.70
582,4.42,3.70
583,4.42,3.70
584,4.42,3.70
585,4.42,3.70
586,4.42,3.71
587,4.42,3.71
588,4.42,3.71
589,4.42,3.71
590,4.42,3.71
591,4.42,3.71
592,4.42,3.71
593,4.42,3.71
594,4.42,3.71
595,4.42,3.71
598,4.42,3.71
599,4.42,3.71
600,4.42,3.71
601,4.42,3.71
602,4.42,3.71
603,4.42,3.70
604,4.42,3.70
605,4.42,3.70
606,4.42,3.70
607,4.42,3.70
608,4.42,3.70
609,4.42,3.70
610,4.42,3.70
612,4.42,3.70
613,4.42,3.70
614,4.42,3.70
615,4.42,3.70
616,4.42,3.70
617,4.42,3.70
618,4.42,3.70
619,4.42,3.70
620,4.42,3.71
621,4.42,3.71
622,4.42,3.71
623,4.42,3.71
624,4.42,3.71
625,4.42,3.71
627,4.42,3.71
628,4.42,3.71
629,4.42,3.71
630,4.42,3.71
631,4.42,3.71
632,4.42,3.71
633,4.42,3.71
634,4.42,3.71
635,4.42,3.71
636,4.42,3.70
637,4.42,3.71
638,4.42,3.70
640,4.42,3.70
642,4.42,3.70
643,4.42,3.70
644,4.42,3.70
645,4.42,3.70
646,4.42,3.70
647,4.42,3.70
648,4.42,3.70
649,4.42,3.70
650,4.42,3.70
651,4.42,3.70
652,4.42,3.70
653,4.42,3.70
654,4.42,3.70
655,4.42,3.70
656,4.42,3.70
658,4.42,3.71
659,4.42,3.71
660,4.42,3.71
661,4.42,3.71
662,4.42,3.71
663,4.42,3.71
664,4.42,3.71
665,4.42,3.71
666,4.42,3.71
667,4.42,3.71
668,4.42,3.71
669,4.42,3.71
670,4.42,3.71
672,4.42,3.71
673,4.42,3.71
674,4.42,3.71
675,4.41,3.71
676,4.41,3.71
677,4.41,3.71
678,4.41,3.71
679,4.42,3.71
680,4.42,3.71
681,4.41,3.71
683,4.42,3.71
684,4.41,3.71
685,4.41,3.72
687,4.41,3.71
688,4.41,3.72
689,4.41,3.72
690,4.41,3.72
691,4.41,3.71
692,4.41,3.72
693,4.41,3.71
694,4.41,3.71
695,4.41,3.71
696,4.41,3.71
697,4.41,3.71
698,4.41,3.71
699,4.41,3.71
701,4.42,3.71
702,4.42,3.71
703,4.42,3.71
704,4.41,3.71
705,4.41,3.71
706,4.42,3.71
707,4.41,3.71
708,4.42,3.71
709,4.42,3.71
710,4.42,3.71
711,4.42,3.71
712,4.42,3.71
713,4.42,3.71
715,4.42,3.71
716,4.42,3.71
717,4.42,3.71
718,4.42,3.71
719,4.42,3.71
720,4.42,3.71
721,4.42,3.71
722,4.42,3.71
723,4.42,3.71
724,4.42,3.71
726,4.42,3.71
727,4.42,3.71
728,4.42,3.71
730,4.42,3.71
731,4.42,3.71
732,4.42,3.71
733,4.42,3.71
734,4.41,3.71
735,4.42,3.72
736,4.42,3.72
737,4.42,3.72
738,4.42,3.71
739,4.41,3.71
740,4.42,3.71
741,4.42,3.71
742,4.42,3.71
744,4.42,3.71
745,4.42,3.71
746,4.42,3.71
747,4.42,3.71
748,4.42,3.71
749,4.42,3.71
750,4.42,3.71
751,4.43,3.71
752,4.42,3.71
753,4.42,3.71
754,4.42,3.71
755,4.43,3.71
756,4.42,3.70
758,4.43,3.70
759,4.43,3.70
760,4.43,3.70
761,4.43,3.70
762,4.43,3.70
763,4.43,3.70
764,4.43,3.70
765,4.43,3.70
766,4.43,3.70
768,4.42,3.70
769,4.42,3.69
770,4.42,3.69
771,4.41,3.70
772,4.41,3.69
774,4.41,3.70
775,4.41,3.70
776,4.41,3.70
777,4.41,3.70
778,4.41,3.70
779,4.41,3.70
780,4.40,3.71
781,4.40,3.71
782,4.40,3.71
783,4.40,3.71
784,4.40,3.71
785,4.40,3.71
786,4.40,3.71
787,4.40,3.71
789,4.40,3.71
790,4.40,3.71
791,4.40,3.71
792,4.40,3.71
793,4.39,3.71
794,4.39,3.71
795,4.39,3.71
796,4.39,3.71
797,4.39,3.70
798,4.39,3.70
799,4.39,3.70
800,4.39,3.70
801,4.39,3.70
802,4.39,3.70
804,4.39,3.70
805,4.39,3.70
806,4.39,3.70
807,4.39,3.70
808,4.39,3.70
809,4.39,3.71
811,4.39,3.71
812,4.38,3.71
813,4.38,3.71
814,4.38,3.71
815,4.38,3.71
816,4.38,3.71
817,4.38,3.71
819,4.38,3.71
820,4.39,3.71
821,4.39,3.71
822,4.39,3.71
823,4.39,3.71
824,4.39,3.71
825,4.40,3.71
826,4.40,3.71
827,4.40,3.71
828,4.40,3.70
829,4.40,3.70
830,4.41,3.70
831,4.41,3.70
832,4.41,3.70
834,4.41,3.70
835,4.41,3.70
836,4.41,3.70
837,4.42,3.70
838,4.42,3.70
839,4.42,3.70
840,4.43,3.70
841,4.43,3.70
842,4.43,3.70
843,4.43,3.70
844,4.43,3.69
845,4.43,3.69
846,4.43,3.69
848,4.43,3.69
849,4.42,3.68
850,4.42,3.68
851,4.41,3.68
852,4.41,3.68
854,4.40,3.68
855,4.40,3.69
856,4.40,3.69
857,4.40,3.69
858,4.40,3.69
859,4.39,3.69
860,4.39,3.70
861,4.39,3.69
862,4.39,3.70
864,4.38,3.70
865,4.38,3.70
866,4.38,3.70
867,4.38,3.70
868,4.37,3.70
869,4.37,3.70
870,4.37,3.70
871,4.37,3.70
872,4.37,3.70
873,4.37,3.70
874,4.37,3.70
875,4.37,3.70
876,4.38,3.70
878,4.38,3.70
879,4.38,3.70
880,4.38,3.70
881,4.38,3.70
882,4.38,3.70
883,4.38,3.70
884,4.39,3.70
885,4.39,3.70
886,4.39,3.70
887,4.40,3.70
888,4.40,3.70
889,4.40,3.70
890,4.40,3.70
891,4.40,3.70
893,4.40,3.70
894,4.40,3.70
896,4.39,3.70
897,4.39,3.69
898,4.39,3.69
899,4.39,3.70
900,4.38,3.70
901,4.38,3.70
902,4.38,3.70
903,4.38,3.70
904,4.38,3.70
905,4.38,3.70
906,4.38,3.70
907,4.38,3.70
909,4.38,3.70
910,4.37,3.70
911,4.37,3.70
912,4.37,3.70
913,4.37,3.70
914,4.37,3.70
915,4.37,3.70
916,4.37,3.70
917,4.37,3.70
918,4.37,3.70
919,4.37,3.70
920,4.38,3.70
921,4.38,3.70
922,4.39,3.70
924,4.39,3.70
925,4.39,3.70
926,4.39,3.70
927,4.39,3.70
928,4.39,3.70
929,4.39,3.70
930,4.39,3.70
931,4.38,3.70
932,4.38,3.70
933,4.38,3.70
934,4.38,3.71
935,4.37,3.71
936,4.37,3.71
937,4.37,3.71
940,4.37,3.71
941,4.38,3.71
942,4.38,3.71
943,4.38,3.71
944,4.38,3.71
945,4.38,3.71
946,4.38,3.71
947,4.38,3.71
948,4.38,3.71
949,4.38,3.70
950,4.38,3.70
951,4.38,3.70
952,4.38,3.70
954,4.38,3.70
955,4.38,3.70
956,4.37,3.70
957,4.37,3.70
958,4.37,3.71
959,4.38,3.71
960,4.38,3.71
961,4.38,3.71
962,4.38,3.71
963,4.38,3.71
964,4.38,3.71
965,4.38,3.71
966,4.38,3.71
967,4.38,3.71
969,4.37,3.71
970,4.37,3.71
971,4.37,3.71
972,4.37,3.71
973,4.38,3.71
974,4.37,3.71
975,4.38,3.71
976,4.38,3.71
977,4.38,3.71
978,4.38,3.71
979,4.38,3.71
980,4.38,3.71
982,4.39,3.71
984,4.39,3.71
985,4.39,3.71
986,4.39,3.71
987,4.39,3.71
988,4.39,3.71
989,4.39,3.71
990,4.40,3.71
991,4.40,3.71
992,4.40,3.71
993,4.41,3.71
994,4.41,3.71
995,4.41,3.71
996,4.41,3.71
998,4.41,3.71
999,4.40,3.71
1000,4.40,3.70
1001,4.39,3.71
1002,4.39,3.71
1003,4.39,3.71
1004,4.38,3.71
1005,4.38,3.71
1006,4.38,3.71
1008,4.38,3.72
1009,4.38,3.72
1010,4.37,3.72
1011,4.37,3.72
1012,4.37,3.72
1013,4.37,3.71
1014,4.37,3.71
1015,4.37,3.71
1017,4.37,3.71
1018,4.37,3.71
1019,4.37,3.70
1020,4.36,3.70
1021,4.37,3.70
1022,4.36,3.70
1024,4.36,3.70
1025,4.37,3.70
1027,4.37,3.70
1028,4.37,3.70
1029,4.38,3.71
1030,4.38,3.71
1031,4.38,3.70
1032,4.38,3.70
1033,4.38,3.70
1034,4.38,3.70
1036,4.38,3.70
1037,4.38,3.70
1038,4.37,3.70
1039,4.38,3.71
1040,4.37,3.71
1041,4.38,3.71
1042,4.38,3.72
1043,4.38,3.72
1045,4.39,3.72
1046,4.39,3.72
1047,4.39,3.72
1048,4.40,3.72
1049,4.40,3.72
1050,4.40,3.71
1051,4.40,3.71
1052,4.40,3.71
1054,4.40,3.71
1055,4.39,3.70
1056,4.39,3.70
1057,4.39,3.70
1058,4.39,3.71
1059,4.38,3.71
1060,4.38,3.71
1061,4.38,3.71
1063,4.38,3.72
1064,4.38,3.72
1065,4.38,3.72
1067,4.38,3.72
1068,4.37,3.73
1069,4.37,3.73
1070,4.37,3.73
1071,4.37,3.73
1073,4.37,3.73
1074,4.37,3.73
1075,4.37,3.73
1076,4.36,3.73
1077,4.36,3.73
1078,4.36,3.73
1079,4.37,3.73
1080,4.37,3.73
1082,4.37,3.73
1083,4.37,3.73
1084,4.37,3.73
1085,4.37,3.72
1086,4.36,3.72
1087,4.36,3.72
1088,4.36,3.72
1089,4.36,3.72
1091,4.36,3.72
1092,4.36,3.72
1093,4.36,3.72
1094,4.37,3.72
1095,4.38,3.73
1096,4.38,3.73
1097,4.38,3.73
1098,4.39,3.73
1100,4.39,3.72
1101,4.39,3.72
1102,4.39,3.72
1103,4.38,3.72
1104,4.38,3.71
1105,4.37,3.71
1106,4.37,3.71
1107,4.37,3.71
1110,4.36,3.72
1111,4.36,3.72
1112,4.36,3.72
1113,4.36,3.72
1114,4.36,3.72
1115,4.35,3.72
1116,4.35,3.73
1117,4.35,3.73
1119,4.35,3.72
1120,4.35,3.72
1121,4.35,3.72
1122,4.35,3.72
1123,4.35,3.72
1124,4.35,3.72
1125,4.35,3.72
1126,4.35,3.72
1128,4.35,3.72
1129,4.35,3.72
1130,4.35,3.72
1131,4.35,3.72
1132,4.35,3.72
1133,4.35,3.72
1134,4.35,3.72
1136,4.35,3.72
1137,4.35,3.72
1138,4.35,3.72
1139,4.36,3.72
1140,4.36,3.72
1141,4.36,3.72
1142,4.36,3.72
1143,4.36,3.72
1145,4.37,3.72
1146,4.37,3.72
1147,4.37,3.72
1148,4.37,3.72
1149,4.38,3.72
1150,4.38,3.72
1152,4.38,3.72
1153,4.38,3.72
1155,4.39,3.72
1156,4.39,3.72
1157,4.39,3.72
1158,4.40,3.72
1159,4.40,3.71
1160,4.40,3.71
1161,4.40,3.71
1162,4.40,3.71
1164,4.40,3.71
1165,4.40,3.71
1166,4.40,3.71
1167,4.40,3.71
1168,4.40,3.71
1169,4.39,3.71
1170,4.39,3.71
1171,4.39,3.71
1173,4.39,3.70
1174,4.39,3.70
1175,4.39,3.70
1176,4.39,3.70
1177,4.39,3.71
1178,4.38,3.71
1179,4.38,3.71
1180,4.38,3.71
1182,4.37,3.71
1183,4.37,3.72
1184,4.37,3.72
1185,4.37,3.72
1186,4.36,3.72
1187,4.36,3.72
1188,4.36,3.72
1189,4.36,3.72
1191,4.35,3.72
1192,4.35,3.72
1193,4.35,3.72
1195,4.35,3.71
1196,4.35,3.71
1197,4.35,3.71
1198,4.35,3.71
1199,4.35,3.71
1201,4.35,3.71
1202,4.35,3.71
1203,4.35,3.71
1204,4.35,3.71
1205,4.35,3.71
1206,4.35,3.71
1207,4.35,3.71
1209,4.35,3.71
1210,4.35,3.71
1211,4.35,3.71
1212,4.35,3.72
1213,4.35,3.72
1214,4.35,3.72
1215,4.35,3.72
1216,4.36,3.72
1218,4.36,3.72
1219,4.36,3.72
1220,4.37,3.72
1221,4.37,3.72
1222,4.38,3.72
1223,4.38,3.72
1224,4.38,3.72
1225,4.39,3.72
1227,4.39,3.72
1228,4.39,3.72
1229,4.39,3.72
1230,4.39,3.72
1231,4.39,3.72
1232,4.39,3.72
1233,4.39,3.72
1234,4.39,3.72
1236,4.39,3.72
1238,4.39,3.71
1239,4.39,3.71
1240,4.38,3.71
1241,4.38,3.71
1242,4.38,3.72
1243,4.38,3.72
1244,4.38,3.72
1246,4.38,3.72
1247,4.37,3.72
1248,4.37,3.72
1249,4.37,3.72
1250,4.37,3.72
1251,4.37,3.72
1252,4.37,3.72
1253,4.36,3.72
1255,4.36,3.72
1256,4.36,3.72
1257,4.36,3.72
1258,4.36,3.72
1259,4.36,3.72
1260,4.36,3.72
1261,4.36,3.72
1262,4.36,3.72
1264,4.36,3.72
1265,4.36,3.72
1266,4.36,3.72
1267,4.36,3.72
1268,4.36,3.72
1269,4.36,3.72
1270,4.36,3.72
1271,4.36,3.72
1273,4.36,3.72
1274,4.37,3.72
1275,4.37,3.72
1276,4.37,3.72
1277,4.37,3.72
1278,4.37,3.72
1280,4.36,3.72
1281,4.36,3.72
1283,4.36,3.72
1284,4.36,3.72
1285,4.36,3.72
1286,4.36,3.72
1287,4.36,3.72
1288,4.37,3.72
1289,4.37,3.72
1290,4.38,3.72
1292,4.39,3.72
1293,4.40,3.73
1294,4.40,3.73
1295,4.41,3.73
1296,4.41,3.72
1297,4.42,3.72
1298,4.42,3.72
1299,4.41,3.72
1301,4.41,3.71
1302,4.41,3.71
1303,4.40,3.71
1304,4.40,3.71
1305,4.39,3.71
1306,4.39,3.71
1307,4.39,3.71
1308,4.39,3.71
1310,4.38,3.72
1311,4.38,3.72
1312,4.38,3.72
1313,4.38,3.72
1314,4.37,3.72
1315,4.37,3.72
1316,4.37,3.72
1317,4.37,3.72
1319,4.36,3.72
1320,4.36,3.72
1321,4.36,3.72
1323,4.36,3.72
1324,4.36,3.72
1325,4.36,3.72
1326,4.36,3.72
1327,4.36,3.72
1329,4.35,3.72
1330,4.35,3.72
1331,4.35,3.72
1332,4.35,3.72
1333,4.35,3.72
1334,4.35,3.72
1335,4.36,3.72
1336,4.36,3.72
1338,4.36,3.72
1339,4.36,3.72
1340,4.37,3.72
1341,4.37,3.72
1342,4.37,3.72
1343,4.38,3.72
1344,4.38,3.72
1345,4.38,3.71
1347,4.38,3.71
1348,4.38,3.71
1349,4.38,3.71
1350,4.38,3.71
1351,4.38,3.71
1352,4.38,3.71
1353,4.38,3.71
1354,4.38,3.71
1356,4.38,3.71
1357,4.38,3.71
1358,4.38,3.71
1359,4.38,3.71
1360,4.38,3.72
1361,4.38,3.72
1362,4.39,3.72
1363,4.39,3.72
1366,4.40,3.72
1367,4.40,3.72
1368,4.40,3.71
1369,4.40,3.71
1370,4.40,3.71
1371,4.40,3.71
1372,4.39,3.71
1373,4.39,3.71
1375,4.38,3.71
1376,4.38,3.71
1377,4.38,3.71
1378,4.38,3.72
1379,4.38,3.72
1380,4.38,3.72
1381,4.38,3.72
1382,4.38,3.72
1384,4.38,3.72
1385,4.38,3.72
1386,4.38,3.72
1387,4.38,3.72
1388,4.38,3.72
1389,4.38,3.71
1390,4.39,3.71
1391,4.39,3.71
1393,4.39,3.71
1394,4.39,3.71
1395,4.39,3.71
1396,4.39,3.71
1397,4.39,3.71
1398,4.39,3.71
1399,4.39,3.71
1400,4.39,3.71
1402,4.39,3.71
1403,4.39,3.71
1404,4.40,3.71
1405,4.40,3.70
1406,4.39,3.71
1408,4.39,3.70
1409,4.39,3.70
1410,4.39,3.70
1412,4.39,3.70
1413,4.39,3.71
1414,4.39,3.71
1415,4.39,3.71
1416,4.39,3.71
1417,4.39,3.71
1418,4.39,3.71
1419,4.39,3.71
1421,4.39,3.71
1422,4.39,3.71
1423,4.40,3.71
1424,4.40,3.71
1425,4.40,3.71
1426,4.40,3.70
1427,4.40,3.70
1428,4.40,3.70
1430,4.40,3.70
1431,4.40,3.70
1432,4.40,3.70
1433,4.40,3.70
1434,4.40,3.70
1435,4.40,3.70
1436,4.40,3.70
1437,4.41,3.70
1438,4.41,3.70
1440,4.41,3.70
1441,4.41,3.70
1442,4.41,3.70
1443,4.41,3.69
1444,4.41,3.69
1445,4.40,3.69
1446,4.40,3.69
1448,4.41,3.69
1449,4.41,3.69
1451,4.41,3.69
1452,4.42,3.70
1453,4.42,3.70
1454,4.42,3.70
1455,4.43,3.70
1456,4.43,3.70
1458,4.42,3.69
1459,4.42,3.69
1460,4.41,3.69
1461,4.40,3.69
1462,4.40,3.69
1463,4.40,3.69
1464,4.40,3.69
1465,4.40,3.69
1467,4.39,3.70
1468,4.39,3.69
1469,4.39,3.70
1470,4.39,3.70
1471,4.39,3.70
1472,4.39,3.70
1473,4.39,3.70
1474,4.39,3.70
1476,4.39,3.70
1477,4.38,3.70
1478,4.38,3.69
1479,4.38,3.69
1480,4.38,3.69
1481,4.38,3.69
1482,4.39,3.69
1483,4.40,3.70
1485,4.41,3.70
1486,4.42,3.70
1487,4.44,3.70
1488,4.44,3.70
1489,4.45,3.69
1490,4.45,3.69
1491,4.45,3.69
1492,4.45,3.68
1495,4.45,3.68
1496,4.45,3.67
1497,4.45,3.67
1498,4.45,3.67
1499,4.44,3.67
1500,4.44,3.67
1501,4.44,3.67
1502,4.44,3.67
1504,4.43,3.67
1505,4.43,3.67
1506,4.43,3.66
1507,4.42,3.66
1508,4.42,3.66
1509,4.41,3.66
1510,4.41,3.66
1512,4.41,3.67
1513,4.41,3.67
1514,4.42,3.67
1515,4.42,3.67
1516,4.42,3.67
1517,4.42,3.67
1518,4.41,3.66
1519,4.41,3.66
1521,4.41,3.66
1522,4.41,3.66
1523,4.42,3.66
1524,4.42,3.66
1525,4.43,3.66
1526,4.43,3.66
1527,4.43,3.66
1528,4.42,3.66
1530,4.42,3.66
1531,4.41,3.66
1532,4.41,3.65
1533,4.40,3.65
1534,4.40,3.66
1536,4.40,3.66
1537,4.40,3.67
1539,4.40,3.67
1540,4.40,3.68
1541,4.40,3.68
1542,4.41,3.68
1543,4.41,3.67
1544,4.41,3.67
1545,4.42,3.67
1546,4.42,3.67
1548,4.42,3.66
1549,4.42,3.66
1550,4.41,3.66
1551,4.41,3.66
1552,4.40,3.66
1553,4.40,3.66
1554,4.39,3.67
1555,4.39,3.67
1557,4.38,3.67
1558,4.38,3.68
1559,4.39,3.68
1560,4.39,3.68
1561,4.39,3.68
1562,4.39,3.69
1563,4.39,3.68
1565,4.38,3.68
1566,4.38,3.68
1567,4.38,3.68
1568,4.38,3.68
1569,4.37,3.67
1570,4.37,3.67
1571,4.38,3.67
1572,4.38,3.67
1574,4.38,3.67
1575,4.38,3.67
1576,4.38,3.67
1577,4.38,3.67
1579,4.37,3.67
1580,4.37,3.67
1581,4.37,3.67
1582,4.37,3.68
1584,4.37,3.68
1585,4.36,3.68
1586,4.36,3.68
1587,4.36,3.69
1588,4.36,3.69
1589,4.36,3.69
1590,4.36,3.70
1591,4.36,3.70
1593,4.36,3.70
1594,4.35,3.70
1595,4.36,3.70
1596,4.36,3.70
1597,4.36,3.70
1598,4.37,3.70
1599,4.37,3.70
1600,4.37,3.70
1602,4.38,3.70
1603,4.38,3.70
1604,4.39,3.69
1605,4.39,3.69
1606,4.40,3.69
1607,4.40,3.69
1608,4.40,3.69
1609,4.41,3.69
1611,4.41,3.69
1612,4.41,3.69
1613,4.41,3.69
1614,4.41,3.69
1615,4.41,3.69
1616,4.40,3.69
1617,4.40,3.69
1619,4.39,3.69
1620,4.39,3.69
1622,4.39,3.69
1623,4.39,3.69
1624,4.39,3.70
1625,4.39,3.70
1626,4.39,3.70
1627,4.38,3.70
1629,4.38,3.71
1630,4.38,3.71
1631,4.38,3.71
1632,4.38,3.71
1633,4.38,3.71
1634,4.38,3.70
1635,4.38,3.70
1636,4.38,3.70
1638,4.38,3.70
1639,4.39,3.70
1640,4.39,3.70
1641,4.39,3.69
1642,4.39,3.69
1643,4.39,3.69
1644,4.38,3.68
1645,4.38,3.68
1647,4.37,3.68
1648,4.37,3.68
1649,4.37,3.69
1650,4.37,3.70
1651,4.38,3.70
1652,4.38,3.70
1653,4.38,3.70
1654,4.39,3.70
1656,4.39,3.70
1657,4.39,3.70
1658,4.39,3.70
1659,4.38,3.70
1660,4.38,3.70
1661,4.37,3.70
1662,4.37,3.70
1664,4.37,3.70
1666,4.36,3.70
1667,4.36,3.70
1668,4.36,3.70
1669,4.36,3.70
1670,4.36,3.70
1671,4.36,3.70
1672,4.36,3.70
1673,4.37,3.70
1675,4.37,3.70
1676,4.38,3.70
1677,4.38,3.70
1678,4.39,3.70
1679,4.39,3.70
1680,4.39,3.70
1681,4.40,3.70
1682,4.40,3.70
1684,4.39,3.70
1685,4.40,3.70
1686,4.40,3.70
1687,4.40,3.70
1688,4.41,3.70
1689,4.41,3.70
1690,4.41,3.70
1691,4.41,3.70
1693,4.41,3.70
1694,4.40,3.69
1695,4.39,3.69
1696,4.39,3.69
1697,4.38,3.69
1698,4.38,3.69
1699,4.38,3.70
1700,4.38,3.70
1702,4.38,3.70
1703,4.38,3.70
1704,4.38,3.70
1705,4.38,3.70
1707,4.37,3.70
1708,4.38,3.70
1709,4.38,3.69
1710,4.38,3.69
1712,4.38,3.69
1713,4.38,3.69
1714,4.38,3.69
1715,4.38,3.70
1716,4.39,3.70
1717,4.39,3.70
1718,4.39,3.70
1719,4.40,3.70
1721,4.40,3.70
1722,4.41,3.70
1723,4.41,3.70
1724,4.41,3.70
1725,4.40,3.70
1726,4.40,3.70
1727,4.40,3.70
1728,4.39,3.69
1730,4.39,3.70
1731,4.38,3.70
1732,4.38,3.70
1733,4.38,3.70
1734,4.38,3.70
1735,4.38,3.70
1736,4.38,3.70
1737,4.38,3.70
1739,4.38,3.70
1740,4.39,3.70
1741,4.39,3.69
1742,4.40,3.69
1743,4.39,3.69
1744,4.39,3.69
1745,4.39,3.69
1746,4.39,3.69
1748,4.39,3.69
1750,4.39,3.69
1751,4.39,3.69
1752,4.38,3.69
1753,4.38,3.69
1754,4.38,3.70
1755,4.38,3.70
1756,4.38,3.70
1758,4.38,3.70
1759,4.38,3.70
1760,4.38,3.70
1761,4.38,3.70
1762,4.38,3.70
1763,4.38,3.70
1764,4.38,3.70
1765,4.38,3.70
1767,4.38,3.70
1768,4.38,3.70
1769,4.38,3.70
1770,4.38,3.70
1771,4.38,3.70
1772,4.38,3.70
1773,4.38,3.69
1774,4.38,3.70
1776,4.39,3.70
1777,4.39,3.70
1778,4.39,3.69
1779,4.40,3.69
1780,4.40,3.69
1781,4.39,3.69
1782,4.39,3.69
1783,4.39,3.69
1785,4.39,3.69
1786,4.38,3.70
1787,4.38,3.70
1788,4.38,3.70
1789,4.38,3.70
1790,4.38,3.70
1792,4.38,3.70
1793,4.39,3.70
1795,4.39,3.70
1796,4.39,3.70
1797,4.39,3.70
1798,4.39,3.69
1799,4.39,3.69
1800,4.38,3.69
1801,4.38,3.69
1802,4.38,3.68
1804,4.37,3.68
1805,4.37,3.69
1806,4.37,3.69
1807,4.37,3.69
1808,4.37,3.69
1809,4.38,3.69
1810,4.38,3.69
1811,4.38,3.69
1813,4.38,3.69
1814,4.39,3.70
1815,4.40,3.70
1816,4.41,3.70
1817,4.41,3.70
1818,4.41,3.69
1819,4.41,3.69
1820,4.41,3.68
1822,4.40,3.68
1823,4.39,3.68
1824,4.38,3.67
1825,4.38,3.68
1826,4.38,3.69
1827,4.37,3.69
1828,4.37,3.69
1830,4.38,3.69
1831,4.38,3.69
1832,4.38,3.69
1833,4.38,3.68
1835,4.38,3.68
1836,4.38,3.69
1837,4.37,3.69
1838,4.37,3.69
1840,4.37,3.70
1841,4.37,3.70
1842,4.37,3.70
1843,4.37,3.71
1844,4.37,3.71
1845,4.37,3.71
1846,4.37,3.72
1847,4.37,3.72
1849,4.37,3.72
1850,4.37,3.72
1851,4.38,3.72
1852,4.38,3.71
1853,4.39,3.71
1854,4.39,3.71
1855,4.39,3.71
1856,4.39,3.71
1858,4.39,3.71
1859,4.39,3.72
1860,4.39,3.72
1861,4.38,3.73
1862,4.39,3.74
1863,4.38,3.74
1864,4.39,3.74
1865,4.39,3.74
1867,4.39,3.74
1868,4.39,3.74
1869,4.38,3.74
1870,4.37,3.74
1871,4.37,3.73
1872,4.36,3.73
1873,4.36,3.73
1874,4.35,3.74
1876,4.35,3.74
1878,4.35,3.74
1879,4.35,3.74
1880,4.36,3.74
1881,4.36,3.74
1882,4.36,3.74
1883,4.36,3.73
1884,4.36,3.73
1886,4.36,3.73
1887,4.36,3.73
1888,4.36,3.72
1889,4.36,3.73
1890,4.37,3.73
1891,4.37,3.73
1892,4.38,3.73
1893,4.38,3.73
1895,4.39,3.73
1896,4.39,3.73
1897,4.39,3.73
1898,4.39,3.72
1899,4.38,3.72
1900,4.37,3.71
1901,4.37,3.71
1902,4.36,3.72
1904,4.36,3.72
1905,4.36,3.73
1906,4.36,3.73
1907,4.36,3.74
1908,4.36,3.74
1909,4.36,3.74
1910,4.36,3.74
1911,4.36,3.73
1913,4.37,3.73
1914,4.37,3.73
1915,4.37,3.72
1916,4.37,3.72
1917,4.38,3.72
1918,4.38,3.73
1920,4.38,3.73
1922,4.38,3.73
1923,4.39,3.73
1924,4.39,3.73
1925,4.39,3.74
1926,4.39,3.74
1927,4.39,3.73
1928,4.39,3.74
1929,4.39,3.74
1931,4.39,3.74
1932,4.38,3.74
1933,4.38,3.75
1934,4.38,3.75
1935,4.39,3.75
1936,4.39,3.75
1937,4.39,3.75
1938,4.39,3.75
1940,4.39,3.75
1941,4.40,3.75
1942,4.39,3.76
1943,4.39,3.76
1944,4.40,3.77
1945,4.39,3.77
1946,4.39,3.78
1947,4.39,3.78
1949,4.38,3.79
1950,4.37,3.79
1951,4.37,3.79
1952,4.37,3.79
1953,4.37,3.80
1954,4.37,3.80
1955,4.38,3.81
1956,4.38,3.81
1958,4.37,3.81
1959,4.37,3.82
1960,4.37,3.82
1961,4.37,3.83
1963,4.37,3.84
1964,4.36,3.85
1965,4.36,3.86
1966,4.36,3.86
1968,4.37,3.87
1969,4.37,3.87
1970,4.37,3.88
1971,4.37,3.88
1972,4.37,3.88
1973,4.37,3.89
1974,4.38,3.90
1975,4.38,3.91
1977,4.38,3.93
1978,4.39,3.96
1979,4.39,3.98
1980,4.40,4.00
1981,4.40,4.03
1982,4.40,4.06
1983,4.40,4.10
1984,4.41,4.13
1986,4.41,4.16
1987,4.41,4.20
1988,4.41,4.23
1989,4.42,4.27
1990,4.42,4.30
1991,4.42,4.33
1992,4.42,4.35
1993,4.43,4.38
1995,4.43,4.40
1996,4.44,4.43
1997,4.44,4.45
1998,4.44,4.47
1999,4.45,4.49
2000,4.46,4.51
2001,4.46,4.53
2002,4.47,4.55
2004,4.47,4.57
2006,4.48,4.58
2007,4.48,4.60
2008,4.49,4.61
2009,4.49,4.62
2010,4.50,4.64
2011,4.50,4.65
2012,4.50,4.66
2014,4.50,4.68
2015,4.50,4.69
2016,4.50,4.70
2017,4.50,4.71
2018,4.49,4.72
2019,4.49,4.73
2020,4.49,4.74
2021,4.48,4.75
2023,4.48,4.76
2024,4.47,4.76
2025,4.47,4.77
2026,4.48,4.78
2027,4.47,4.78
2028,4.48,4.79
2029,4.48,4.79
2030,4.48,4.80
2032,4.48,4.81
2033,4.47,4.81
2034,4.47,4.82
2035,4.46,4.82
2036,4.46,4.83
2037,4.45,4.83
2038,4.45,4.84
2039,4.44,4.84
2041,4.44,4.84
2042,4.44,4.85
2043,4.44,4.85
2044,4.44,4.85
2045,4.43,4.86
2046,4.43,4.86
2048,4.42,4.86
2049,4.42,4.87
2051,4.42,4.87
2052,4.41,4.87
2053,4.41,4.87
2054,4.40,4.88
2055,4.40,4.88
2056,4.40,4.88
2057,4.39,4.88
2058,4.39,4.89
2060,4.38,4.89
2061,4.38,4.89
2062,4.38,4.89
2063,4.37,4.89
2064,4.37,4.89
2065,4.37,4.89
2066,4.37,4.90
2067,4.37,4.90
2069,4.37,4.90
2070,4.37,4.90
2071,4.38,4.90
2072,4.37,4.91
2073,4.37,4.91
2074,4.37,4.91
2075,4.37,4.91
2076,4.37,4.91
2078,4.37,4.91
2079,4.37,4.91
2080,4.37,4.91
2081,4.37,4.91
2082,4.38,4.91
2083,4.38,4.91
2084,4.38,4.92
2085,4.38,4.92
2087,4.38,4.92
2088,4.38,4.93
2089,4.37,4.93
2091,4.37,4.93
2092,4.37,4.93
2093,4.37,4.93
2094,4.37,4.93
2095,4.37,4.93
2097,4.37,4.93
2098,4.38,4.93
2099,4.38,4.93
2100,4.38,4.93
2101,4.38,4.94
2102,4.37,4.94
2103,4.37,4.94
2104,4.37,4.94
2106,4.37,4.94
2107,4.36,4.94
2108,4.36,4.95
2109,4.36,4.94
2110,4.36,4.94
2111,4.36,4.94
2112,4.36,4.94
2113,4.36,4.94
2115,4.36,4.94
2116,4.36,4.94
2117,4.36,4.94
2118,4.36,4.94
2119,4.36,4.95
2120,4.36,4.95
2121,4.36,4.95
2122,4.36,4.95
2124,4.37,4.95
2125,4.37,4.95
2126,4.37,4.95
2127,4.37,4.95
2128,4.37,4.95
2129,4.37,4.95
2130,4.37,4.95
2132,4.38,4.95
2134,4.38,4.95
2135,4.37,4.95
2136,4.38,4.95
2137,4.38,4.95
2138,4.38,4.95
2139,4.38,4.95
2140,4.38,4.95
2142,4.39,4.95
2143,4.39,4.96
2144,4.40,4.95
2145,4.40,4.95
2146,4.40,4.96
2147,4.40,4.96
2148,4.40,4.96
2149,4.39,4.96
2151,4.39,4.96
2152,4.39,4.96
2153,4.38,4.97
2154,4.38,4.96
2155,4.38,4.97
2156,4.37,4.96
2157,4.37,4.96
2158,4.37,4.96
2160,4.38,4.96
2161,4.38,4.96
2162,4.38,4.96
2163,4.38,4.96
2164,4.37,4.96
2165,4.38,4.96
2166,4.37,4.96
2167,4.37,4.96
2169,4.37,4.96
2170,4.37,4.96
2171,4.37,4.96
2172,4.38,4.96
2173,4.37,4.96
2174,4.37,4.96
2176,4.37,4.96
2177,4.37,4.96
2179,4.37,4.96
2180,4.37,4.96
2181,4.38,4.96
2182,4.38,4.96
2183,4.38,4.96
2184,4.38,4.96
2185,4.38,4.96
2186,4.38,4.96
2188,4.39,4.96
2189,4.39,4.96
2190,4.39,4.96
2191,4.39,4.96
2192,4.39,4.96
2193,4.39,4.96
2194,4.39,4.96
2195,4.39,4.97
2197,4.39,4.97
2198,4.39,4.97
2199,4.39,4.97
2200,4.39,4.96
2201,4.39,4.97
2202,4.39,4.97
2203,4.39,4.97
2204,4.39,4.97
2206,4.39,4.96
2207,4.39,4.97
2208,4.39,4.96
2209,4.40,4.97
2210,4.40,4.97
2211,4.40,4.96
2212,4.40,4.97
2213,4.40,4.97
2215,4.40,4.97
2216,4.40,4.97
2217,4.40,4.97
2219,4.40,4.97
2220,4.40,4.97
2221,4.40,4.97
2222,4.40,4.97
2224,4.40,4.97
2225,4.40,4.97
2226,4.40,4.97
2227,4.40,4.97
2228,4.40,4.97
2229,4.40,4.97
2230,4.40,4.97
2231,4.40,4.97
2233,4.40,4.97
2234,4.40,4.97
2235,4.40,4.97
2236,4.40,4.97
2237,4.40,4.97
2238,4.40,4.97
2239,4.40,4.97
2241,4.40,4.97
2242,4.40,4.97
2243,4.40,4.97
2244,4.40,4.97
2245,4.40,4.97
2246,4.40,4.97
2247,4.40,4.97
2248,4.40,4.97
2250,4.40,4.97
2251,4.40,4.97
2252,4.40,4.97
2253,4.40,4.97
2254,4.40,4.97
2255,4.40,4.97
2256,4.40,4.97
2257,4.41,4.97
2259,4.41,4.97
2260,4.42,4.97
2262,4.42,4.97
2263,4.43,4.96
2264,4.43,4.96
2265,4.43,4.95
2266,4.43,4.94
2267,4.43,4.93
2269,4.43,4.92
2270,4.43,4.91
2271,4.43,4.90
2272,4.44,4.89
2273,4.44,4.87
2274,4.45,4.86
2275,4.45,4.84
2276,4.45,4.81
2278,4.44,4.79
2279,4.44,4.77
2280,4.44,4.75
2281,4.44,4.73
2282,4.44,4.70
2283,4.43,4.67
2284,4.43,4.65
2285,4.43,4.63
2287,4.43,4.61
2288,4.43,4.58
2289,4.43,4.56
2290,4.43,4.54
2291,4.43,4.52
2292,4.43,4.49
2293,4.43,4.47
2294,4.43,4.46
2296,4.42,4.44
2297,4.42,4.42
2298,4.41,4.40
2299,4.41,4.39
2300,4.41,4.37
2301,4.40,4.36
2302,4.39,4.35
2304,4.39,4.33
2306,4.39,4.32
2307,4.38,4.30
2308,4.38,4.28
2309,4.38,4.27
2310,4.38,4.25
2311,4.38,4.24
2312,4.38,4.22
2313,4.38,4.21
2315,4.38,4.20
2316,4.38,4.19
2317,4.38,4.18
2318,4.38,4.17
2319,4.38,4.16
2320,4.38,4.15
2321,4.38,4.14
2322,4.38,4.13
2324,4.38,4.12
2325,4.38,4.11
2326,4.38,4.10
2327,4.38,4.09
2328,4.38,4.08
2329,4.39,4.08
2330,4.39,4.07
2331,4.39,4.06
2333,4.39,4.05
2334,4.39,4.04
2335,4.39,4.04
2336,4.39,4.03
2337,4.39,4.03
2338,4.40,4.02
2339,4.40,4.01
2340,4.40,4.00
2342,4.40,4.00
2343,4.40,3.99
2344,4.39,3.98
2345,4.40,3.98
2347,4.39,3.98
2348,4.40,3.97
2349,4.40,3.97
2350,4.40,3.96
2352,4.40,3.95
2353,4.40,3.95
2354,4.41,3.94
2355,4.41,3.94
2356,4.41,3.93
2357,4.41,3.93
2358,4.41,3.93
2359,4.41,3.92
2361,4.42,3.92
2362,4.42,3.92
2363,4.42,3.91
2364,4.42,3.91
2365,4.41,3.91
2366,4.41,3.91
2367,4.42,3.90
2368,4.42,3.90
2370,4.42,3.90
2371,4.42,3.89
2372,4.42,3.89
2373,4.42,3.89
2374,4.42,3.88
2375,4.42,3.88
2376,4.42,3.88
2377,4.42,3.88
2379,4.42,3.87
2380,4.43,3.87
2381,4.42,3.87
2382,4.42,3.86
2383,4.42,3.86
2384,4.42,3.86
2385,4.42,3.86
2387,4.42,3.85
2388,4.42,3.85
2390,4.42,3.85
2391,4.42,3.85
2392,4.42,3.85
2393,4.42,3.85
2394,4.42,3.84
2395,4.42,3.84
2397,4.42,3.84
2398,4.42,3.84
2399,4.42,3.84
2400,4.42,3.84
2401,4.42,3.84
2402,4.42,3.84
2403,4.42,3.84
2404,4.42,3.84
2406,4.43,3.84
2407,4.43,3.83
2408,4.43,3.83
2409,4.43,3.83
2410,4.43,3.83
2411,4.43,3.83
2412,4.43,3.83
2413,4.43,3.83
2415,4.43,3.82
2416,4.43,3.82
2417,4.42,3.82
2418,4.42,3.82
2419,4.42,3.82
2420,4.42,3.82
2421,4.42,3.82
2422,4.42,3.82
2424,4.42,3.82
2425,4.42,3.82
2426,4.42,3.82
2427,4.42,3.82
2428,4.42,3.82
2429,4.43,3.82
2430,4.43,3.81
2433,4.43,3.81
2434,4.43,3.81
2435,4.43,3.81
2436,4.43,3.81
2437,4.43,3.81
2438,4.43,3.81
2439,4.43,3.81
2440,4.42,3.81
2442,4.42,3.81
2443,4.42,3.80
2444,4.42,3.80
2445,4.42,3.80
2446,4.42,3.80
2447,4.42,3.80
2448,4.42,3.80
2449,4.42,3.80
2451,4.42,3.80
2452,4.42,3.80
2453,4.42,3.80
2454,4.42,3.80
2455,4.42,3.80
2456,4.42,3.80
2457,4.42,3.80
2458,4.42,3.79
2460,4.43,3.79
2461,4.42,3.79
2462,4.42,3.79
2463,4.42,3.79
2464,4.42,3.79
2465,4.42,3.79
2466,4.42,3.79
2467,4.42,3.79
2469,4.42,3.79
2470,4.42,3.79
2471,4.42,3.79
2472,4.42,3.79
2473,4.42,3.79
2475,4.42,3.79
2476,4.42,3.78
2477,4.42,3.78
2479,4.42,3.78
2480,4.42,3.78
2481,4.42,3.78
2482,4.42,3.78
2483,4.42,3.78
2484,4.42,3.78
2485,4.42,3.78
2486,4.42,3.78
2488,4.42,3.78
2489,4.42,3.78
2490,4.42,3.78
2491,4.42,3.78
2492,4.42,3.78
2493,4.42,3.78
2494,4.42,3.78
2495,4.42,3.78
2497,4.42,3.78
2498,4.42,3.78
2499,4.42,3.78
2500,4.42,3.78
2501,4.42,3.78
2502,4.42,3.78
2503,4.42,3.78
2504,4.42,3.78
2506,4.42,3.77
2507,4.42,3.77
2508,4.42,3.77
2509,4.42,3.77
2510,4.42,3.77
2511,4.42,3.77
2512,4.42,3.77
2513,4.42,3.77
2515,4.42,3.77
2516,4.42,3.77
2518,4.41,3.77
2519,4.41,3.77
2520,4.41,3.77
2521,4.41,3.77
2522,4.41,3.77
2523,4.41,3.77
2525,4.41,3.77
2526,4.41,3.77
2527,4.41,3.77
2528,4.41,3.77
2529,4.41,3.77
2530,4.41,3.77
2531,4.42,3.77
2532,4.42,3.77
2534,4.42,3.77
2535,4.42,3.77
2536,4.42,3.77
2537,4.42,3.77
2538,4.41,3.77
2539,4.41,3.77
2540,4.41,3.77
2541,4.41,3.77
2543,4.41,3.77
2544,4.41,3.77
2545,4.41,3.77
2546,4.41,3.77
2547,4.41,3.76
2548,4.41,3.76
2549,4.41,3.76
2550,4.41,3.76
2552,4.41,3.76
2553,4.41,3.77
2554,4.41,3.76
2555,4.41,3.77
2556,4.41,3.77
2557,4.41,3.77
2558,4.41,3.77
2560,4.41,3.77
2562,4.42,3.77
2563,4.42,3.77
2564,4.42,3.78
2565,4.42,3.78
2566,4.42,3.78
2567,4.42,3.78
2568,4.42,3.78
2569,4.41,3.78
2571,4.41,3.78
2572,4.41,3.78
2573,4.41,3.79
2574,4.41,3.79
2575,4.41,3.79
2576,4.41,3.79
2577,4.41,3.79
2578,4.41,3.79
2580,4.41,3.79
2581,4.41,3.78
2582,4.41,3.78
2583,4.41,3.79
2584,4.41,3.79
2585,4.40,3.79
2586,4.40,3.78
2587,4.40,3.78
2589,4.40,3.78
2590,4.40,3.78
2591,4.40,3.78
2592,4.40,3.78
2593,4.40,3.78
2594,4.40,3.78
2595,4.40,3.78
2596,4.40,3.78
2598,4.40,3.78
2599,4.40,3.78
2600,4.40,3.78
2601,4.40,3.78
2603,4.40,3.78
2604,4.40,3.78
2605,4.40,3.78
2606,4.40,3.78
2607,4.40,3.78
2609,4.40,3.78
2610,4.40,3.78
2611,4.40,3.78
2612,4.40,3.78
2613,4.40,3.78
2614,4.40,3.78
2615,4.40,3.78
2616,4.40,3.78
2618,4.40,3.78
2619,4.40,3.78
2620,4.40,3.79
2621,4.40,3.79
2622,4.40,3.79
2623,4.40,3.79
2624,4.40,3.79
2625,4.40,3.79
2626,4.40,3.79
2628,4.40,3.79
2629,4.40,3.79
2630,4.40,3.79
2631,4.40,3.80
2632,4.40,3.80
2633,4.40,3.80
2634,4.40,3.81
2635,4.40,3.81
2637,4.40,3.81
2638,4.40,3.81
2639,4.40,3.81
2640,4.40,3.81
2641,4.40,3.81
2642,4.40,3.82
2643,4.40,3.82
2644,4.40,3.82
2647,4.40,3.83
2648,4.40,3.83
2649,4.40,3.84
2650,4.40,3.84
2651,4.40,3.85
2652,4.40,3.85
2653,4.40,3.86
2654,4.41,3.86
2656,4.41,3.86
2657,4.41,3.87
2658,4.41,3.88
2659,4.41,3.88
2660,4.41,3.88
2661,4.41,3.89
2662,4.41,3.89
2664,4.41,3.90
2665,4.41,3.91
2666,4.41,3.91
2667,4.41,3.92
2668,4.41,3.93
2669,4.41,3.93
2670,4.41,3.94
2671,4.41,3.94
2673,4.41,3.95
2674,4.41,3.96
2675,4.41,3.96
2676,4.41,3.97
2677,4.41,3.97
2678,4.41,3.98
2679,4.41,3.99
2680,4.41,3.99
2682,4.41,4.00
2683,4.41,4.01
2684,4.41,4.02
2685,4.42,4.03
2686,4.42,4.04
2688,4.42,4.05
2689,4.42,4.06
2690,4.42,4.07
2692,4.42,4.09
2693,4.42,4.10
2694,4.42,4.12
2695,4.42,4.13
2696,4.42,4.15
2697,4.42,4.18
2698,4.42,4.22
2699,4.42,4.24
2701,4.42,4.28
2702,4.42,4.31
2703,4.42,4.33
2704,4.42,4.36
2705,4.42,4.38
2706,4.42,4.41
2707,4.43,4.43
2708,4.43,4.46
2710,4.43,4.48
2711,4.44,4.50
2712,4.44,4.52
2713,4.45,4.54
2714,4.45,4.56
2715,4.46,4.57
2716,4.46,4.59
2718,4.46,4.60
2719,4.47,4.62
2720,4.47,4.63
2721,4.48,4.65
2722,4.48,4.66
2723,4.48,4.67
2724,4.48,4.68
2725,4.48,4.69
2727,4.48,4.70
2728,4.48,4.71
2729,4.48,4.72
2731,4.49,4.73
2732,4.49,4.74
2733,4.49,4.75
2734,4.49,4.76
2735,4.49,4.77
2737,4.48,4.78
2738,4.48,4.78
2739,4.48,4.78
2740,4.48,4.79
2741,4.48,4.80
2742,4.47,4.80
2743,4.47,4.81
2744,4.47,4.82
2746,4.46,4.82
2747,4.46,4.83
2748,4.46,4.83
2749,4.45,4.83
2750,4.45,4.84
2751,4.45,4.84
2752,4.45,4.85
2753,4.44,4.85
2755,4.44,4.86
2756,4.44,4.86
2757,4.43,4.86
2758,4.43,4.87
2759,4.43,4.87
2760,4.42,4.87
2761,4.42,4.88
2762,4.42,4.88
2764,4.41,4.88
2765,4.41,4.88
2766,4.41,4.88
2767,4.41,4.89
2768,4.40,4.89
2769,4.40,4.89
2770,4.39,4.89
2771,4.39,4.89
2774,4.39,4.89
2775,4.39,4.90
2776,4.39,4.90
2777,4.38,4.90
2778,4.38,4.90
2779,4.38,4.90
2780,4.38,4.90
2781,4.38,4.90
2782,4.38,4.91
2784,4.38,4.91
2785,4.38,4.91
2786,4.38,4.91
2787,4.38,4.91
2788,4.38,4.92
2789,4.38,4.92
2790,4.38,4.92
2792,4.38,4.92
2793,4.38,4.92
2794,4.38,4.92
2795,4.38,4.92
2796,4.38,4.92
2797,4.37,4.93
2798,4.38,4.93
2799,4.37,4.93
2801,4.37,4.93
2802,4.37,4.93
2803,4.37,4.93
2804,4.37,4.93
2805,4.37,4.93
2806,4.37,4.93
2807,4.37,4.93
2808,4.37,4.93
2810,4.38,4.93
2811,4.38,4.94
2812,4.38,4.94
2813,4.38,4.94
2814,4.38,4.94
2816,4.38,4.94
2817,4.38,4.94
2818,4.38,4.94
2820,4.38,4.94
2821,4.37,4.95
2822,4.37,4.94
2823,4.37,4.95
2824,4.37,4.94
2825,4.38,4.95
2826,4.38,4.94
2827,4.38,4.95
2829,4.38,4.95
2830,4.38,4.95
2831,4.38,4.95
2832,4.38,4.95
2833,4.38,4.95
2834,4.38,4.95
2835,4.38,4.95
2837,4.38,4.95
2838,4.38,4.95
2839,4.38,4.95
2840,4.38,4.96
2841,4.37,4.95
2842,4.37,4.95
2843,4.37,4.96
2844,4.37,4.96
2846,4.37,4.95
2847,4.37,4.96
2848,4.36,4.96
2849,4.36,4.96
2850,4.36,4.96
2851,4.36,4.96
2852,4.36,4.95
2853,4.36,4.95
2855,4.36,4.96
2856,4.36,4.96
2857,4.36,4.96
2859,4.37,4.96
2860,4.37,4.96
2861,4.37,4.96
2862,4.37,4.96
2863,4.37,4.96
2865,4.37,4.96
2866,4.38,4.96
2867,4.38,4.96
2868,4.38,4.96
2869,4.38,4.96
2870,4.38,4.96
2871,4.38,4.96
2873,4.38,4.96
2874,4.37,4.96
2875,4.37,4.96
2876,4.37,4.96
2877,4.37,4.96
2878,4.37,4.96
2879,4.38,4.96
2880,4.37,4.96
2882,4.38,4.96
2883,4.37,4.96
2884,4.37,4.96
2885,4.37,4.96
2886,4.37,4.96
2887,4.37,4.96
2888,4.37,4.96
2889,4.37,4.96
2891,4.37,4.96
2892,4.37,4.96
2893,4.37,4.96
2894,4.37,4.96
2895,4.37,4.96
2896,4.36,4.96
2897,4.36,4.96
2898,4.36,4.96
2900,4.36,4.96
2902,4.36,4.96
2903,4.36,4.96
2904,4.36,4.96
2905,4.36,4.96
2906,4.36,4.96
2907,4.36,4.96
2908,4.36,4.96
2910,4.36,4.96
2911,4.36,4.96
2912,4.36,4.96
2913,4.36,4.96
2914,4.36,4.96
2915,4.36,4.96
2916,4.36,4.96
2917,4.36,4.96
2919,4.36,4.97
2920,4.36,4.96
2921,4.36,4.96
2922,4.36,4.96
2923,4.36,4.96
2924,4.36,4.96
2925,4.37,4.96
2926,4.37,4.96
2928,4.37,4.96
2929,4.37,4.96
2930,4.37,4.96
2931,4.37,4.96
2932,4.37,4.97
2933,4.37,4.97
2934,4.37,4.97
2935,4.37,4.97
2937,4.37,4.96
2938,4.37,4.97
2939,4.37,4.97
2940,4.36,4.97
2941,4.36,4.97
2942,4.36,4.96
2944,4.36,4.96
2945,4.36,4.96
2947,4.37,4.97
2948,4.37,4.97
2949,4.36,4.96
2950,4.36,4.97
2951,4.36,4.97
2952,4.36,4.97
2953,4.36,4.97
2955,4.36,4.97
2956,4.36,4.97
2957,4.36,4.96
2958,4.36,4.97
2959,4.36,4.97
2960,4.36,4.97
2961,4.36,4.97
2962,4.36,4.97
2964,4.36,4.97
2965,4.35,4.97
2966,4.35,4.97
2967,4.35,4.97
2968,4.35,4.97
2969,4.35,4.97
2970,4.35,4.97
2971,4.35,4.97
2973,4.35,4.97
2974,4.35,4.97
2975,4.35,4.97
2976,4.35,4.97
2977,4.35,4.97
2978,4.35,4.97
2979,4.35,4.97
2981,4.35,4.97
2982,4.35,4.97
2983,4.35,4.97
2984,4.35,4.97
2985,4.35,4.96
2987,4.35,4.96
2988,4.35,4.96
2990,4.35,4.97
2991,4.35,4.97
2992,4.35,4.97
2993,4.35,4.97
2994,4.35,4.97
2995,4.36,4.97
2996,4.36,4.97
2997,4.36,4.97
2999,4.36,4.97
3000,4.37,4.97
3001,4.37,4.97
3002,4.37,4.97
3003,4.37,4.97
3004,4.37,4.97
3005,4.36,4.97
3007,4.37,4.97
3008,4.37,4.96
3009,4.37,4.97
3010,4.37,4.97
3011,4.37,4.97
3012,4.37,4.97
3013,4.37,4.97
3014,4.37,4.97
3016,4.37,4.97
3017,4.37,4.97
3018,4.37,4.97
3019,4.36,4.97
3020,4.36,4.97
3021,4.36,4.97
3022,4.35,4.97
3023,4.35,4.97
3025,4.35,4.97
3026,4.35,4.97
3027,4.35,4.97
3028,4.35,4.97
3030,4.35,4.97
3031,4.35,4.97
3032,4.35,4.97
3034,4.35,4.97
3035,4.35,4.97
3036,4.35,4.97
3037,4.35,4.97
3038,4.35,4.97
3039,4.35,4.97
3040,4.35,4.97
3041,4.35,4.97
3043,4.35,4.97
3044,4.35,4.97
3045,4.35,4.97
3046,4.35,4.97
3047,4.35,4.97
3048,4.35,4.97
3049,4.35,4.97
3051,4.36,4.96
3052,4.36,4.95
3053,4.37,4.93
3054,4.38,4.91
3055,4.38,4.88
3056,4.39,4.85
3057,4.39,4.82
3059,4.39,4.78
3060,4.39,4.75
3061,4.39,4.71
3062,4.39,4.67
3063,4.39,4.62
3064,4.39,4.58
3065,4.38,4.54
3066,4.38,4.51
3068,4.37,4.47
3069,4.37,4.43
3070,4.36,4.40
3072,4.35,4.37
3073,4.35,4.34
3074,4.35,4.31
3075,4.35,4.28
3076,4.34,4.25
3078,4.34,4.22
3079,4.33,4.20
3080,4.33,4.17
3081,4.33,4.15
3082,4.32,4.13
3083,4.32,4.11
3084,4.32,4.09
3085,4.31,4.07
3087,4.31,4.05
3088,4.31,4.03
3089,4.30,4.02
3090,4.30,4.00
3091,4.30,3.99
3092,4.30,3.97
3093,4.30,3.96
3094,4.29,3.95
3096,4.29,3.93
3097,4.29,3.92
3098,4.29,3.91
3099,4.29,3.90
3100,4.29,3.89
3101,4.29,3.88
3102,4.29,3.87
3103,4.30,3.86
3105,4.30,3.85
3106,4.31,3.84
3107,4.31,3.83
3108,4.32,3.82
3109,4.32,3.81
3110,4.32,3.81
3111,4.32,3.80
3113,4.32,3.79
3115,4.32,3.78
3116,4.31,3.78
3117,4.31,3.77
3118,4.31,3.76
3119,4.31,3.76
3120,4.31,3.75
3121,4.31,3.75
3123,4.31,3.74
3124,4.31,3.74
3125,4.31,3.73
3126,4.31,3.73
3127,4.31,3.72
3128,4.31,3.72
3129,4.31,3.71
3130,4.31,3.71
3132,4.31,3.71
3133,4.31,3.70
3134,4.31,3.70
3135,4.31,3.70
3136,4.31,3.70
3137,4.31,3.70
3138,4.32,3.70
3140,4.32,3.70
3141,4.32,3.69
3142,4.32,3.69
3143,4.33,3.69
3144,4.33,3.69
3145,4.34,3.69
3146,4.34,3.69
3147,4.35,3.69
3149,4.36,3.68
3150,4.36,3.68
3151,4.36,3.68
3152,4.36,3.67
3153,4.36,3.67
3154,4.36,3.67
3155,4.35,3.66
3158,4.35,3.66
3159,4.35,3.66
3160,4.34,3.66
3161,4.34,3.65
3162,4.33,3.65
3163,4.33,3.66
3164,4.32,3.65
3165,4.32,3.65
3167,4.32,3.65
3168,4.32,3.65
3169,4.32,3.65
3170,4.32,3.65
3171,4.32,3.65
3172,4.32,3.65
3173,4.32,3.65
3174,4.32,3.65
3176,4.33,3.65
3177,4.33,3.65
3178,4.33,3.65
3179,4.33,3.65
3180,4.34,3.66
3181,4.34,3.66
3182,4.34,3.66
3184,4.34,3.66
3185,4.34,3.66
3186,4.35,3.65
3187,4.35,3.65
3188,4.35,3.65
3189,4.35,3.65
3190,4.36,3.65
3191,4.36,3.65
3193,4.36,3.65
3194,4.36,3.65
3195,4.36,3.65
3196,4.36,3.65
3197,4.36,3.65
3198,4.36,3.64
3200,4.36,3.64
3202,4.36,3.64
3203,4.35,3.64
3204,4.35,3.64
3205,4.35,3.64
3206,4.35,3.64
3207,4.35,3.65
3208,4.35,3.65
3209,4.35,3.65
3211,4.35,3.65
3212,4.35,3.64
3213,4.35,3.65
3214,4.35,3.65
3215,4.35,3.65
3216,4.35,3.65
3217,4.35,3.65
3219,4.34,3.65
3220,4.34,3.65
3221,4.34,3.65
3222,4.34,3.65
3223,4.34,3.65
3224,4.34,3.65
3225,4.34,3.65
3226,4.34,3.65
3228,4.34,3.65
3229,4.34,3.65
3230,4.34,3.65
3231,4.34,3.65
3232,4.34,3.65
3233,4.34,3.65
3234,4.34,3.65
3236,4.34,3.65
3237,4.34,3.65
3238,4.35,3.65
3239,4.35,3.65
3240,4.35,3.64
3241,4.35,3.65
3243,4.35,3.65
3245,4.35,3.64
3246,4.35,3.65
3247,4.35,3.65
3248,4.35,3.65
3249,4.35,3.65
3250,4.35,3.65
3251,4.36,3.65
3252,4.36,3.65
3254,4.36,3.65
3255,4.36,3.65
3256,4.36,3.65
3257,4.36,3.65
3258,4.36,3.64
3259,4.35,3.64
3260,4.35,3.65
3262,4.35,3.65
3263,4.35,3.65
3264,4.35,3.65
3265,4.35,3.65
3266,4.35,3.65
3267,4.35,3.65
3268,4.35,3.65
3270,4.35,3.64
3271,4.35,3.65
3272,4.35,3.65
3273,4.35,3.65
3274,4.35,3.64
3275,4.35,3.64
3276,4.34,3.64
3277,4.34,3.64
3279,4.34,3.64
3280,4.34,3.64
3281,4.34,3.65
3282,4.33,3.65
3283,4.33,3.65
3284,4.33,3.65
3286,4.33,3.65
3288,4.33,3.65
3289,4.33,3.65
3290,4.33,3.64
3291,4.33,3.64
3292,4.33,3.64
3293,4.33,3.65
3294,4.34,3.65
3296,4.34,3.65
3297,4.34,3.65
3298,4.35,3.65
3299,4.35,3.65
3300,4.35,3.65
3301,4.35,3.65
3302,4.35,3.65
3303,4.35,3.64
3305,4.35,3.64
3306,4.35,3.65
3307,4.35,3.64
3308,4.35,3.65
3309,4.35,3.65
3310,4.35,3.65
3311,4.35,3.65
3313,4.35,3.65
3314,4.36,3.65
3315,4.36,3.65
3316,4.36,3.65
3317,4.36,3.64
3318,4.36,3.64
3319,4.35,3.64
3320,4.35,3.64
3322,4.35,3.64
3323,4.35,3.64
3324,4.35,3.64
3325,4.35,3.64
3326,4.34,3.65
3328,4.34,3.65
3329,4.34,3.65
3331,4.34,3.65
3332,4.34,3.65
3333,4.34,3.65
3334,4.34,3.65
3335,4.34,3.65
3336,4.34,3.65
3337,4.34,3.65
3338,4.34,3.65
3340,4.34,3.65
3341,4.34,3.65
3342,4.34,3.65
3343,4.34,3.65
3344,4.34,3.65
3345,4.34,3.65
3346,4.35,3.65
3347,4.35,3.65
3349,4.35,3.65
3350,4.35,3.65
3351,4.35,3.65
3352,4.36,3.65
3353,4.36,3.65
3354,4.37,3.65
3355,4.37,3.65
3356,4.37,3.65
3358,4.38,3.65
3359,4.38,3.65
3360,4.38,3.65
3361,4.39,3.65
3362,4.39,3.65
3363,4.39,3.65
3364,4.39,3.65
3365,4.38,3.65
3367,4.38,3.64
3368,4.38,3.64
3369,4.37,3.64
3371,4.37,3.64
3372,4.36,3.64
3373,4.36,3.64
3374,4.36,3.65
3376,4.36,3.65
3377,4.35,3.65
3378,4.35,3.65
3379,4.35,3.65
3380,4.35,3.65
3381,4.35,3.65
3382,4.35,3.65
3384,4.35,3.65
3385,4.35,3.64
3386,4.35,3.64
3387,4.35,3.64
3388,4.34,3.64
3389,4.34,3.64
3390,4.35,3.64
3391,4.34,3.64
3393,4.34,3.63
3394,4.34,3.63
3395,4.34,3.63
3396,4.34,3.63
3397,4.34,3.63
3398,4.34,3.63
3399,4.34,3.63
3400,4.34,3.64
3402,4.34,3.64
3403,4.34,3.64
3404,4.34,3.64
3405,4.35,3.64
3406,4.35,3.64
3407,4.35,3.64
3408,4.35,3.64
3410,4.36,3.64
3411,4.36,3.64
3412,4.36,3.63
3414,4.36,3.63
3415,4.35,3.63
3416,4.35,3.63
3417,4.35,3.63
3419,4.35,3.63
3420,4.35,3.63
3421,4.35,3.63
3422,4.35,3.63
3423,4.35,3.63
3424,4.35,3.63
3425,4.35,3.63
3426,4.36,3.63
3428,4.36,3.63
3429,4.36,3.63
3430,4.36,3.63
3431,4.36,3.63
3432,4.36,3.63
3433,4.36,3.63
3434,4.36,3.63
3435,4.35,3.62
3437,4.35,3.62
3438,4.35,3.63
3439,4.35,3.63
3440,4.35,3.63
3441,4.35,3.63
3442,4.35,3.63
3443,4.35,3.63
3445,4.35,3.64
3446,4.34,3.64
3447,4.34,3.64
3448,4.34,3.64
3449,4.34,3.63
3450,4.34,3.64
3451,4.34,3.64
3452,4.34,3.64
3454,4.34,3.64
3456,4.34,3.63
3457,4.34,3.63
3458,4.34,3.63
3459,4.34,3.63
3460,4.34,3.63
3461,4.34,3.63
3463,4.34,3.63
3464,4.34,3.63
3465,4.34,3.63
3466,4.34,3.63
3467,4.34,3.63
3468,4.34,3.64
3469,4.34,3.64
3471,4.34,3.64
3472,4.34,3.64
3473,4.34,3.64
3474,4.33,3.64
3475,4.33,3.64
3476,4.34,3.64
3477,4.34,3.64
3478,4.34,3.64
3480,4.34,3.64
3481,4.34,3.64
3482,4.35,3.64
3483,4.35,3.64
3484,4.35,3.64
3485,4.35,3.64
3486,4.35,3.63
3488,4.35,3.63
3489,4.35,3.63
3490,4.35,3.63
3491,4.35,3.63
3492,4.34,3.63
3493,4.34,3.64
3494,4.34,3.64
3495,4.34,3.64
3497,4.34,3.64
3499,4.34,3.65
3500,4.34,3.65
3501,4.34,3.65
3502,4.34,3.65
3503,4.34,3.65
3504,4.34,3.65
3506,4.34,3.65
3507,4.34,3.65
3508,4.34,3.64
3509,4.34,3.64
3510,4.34,3.64
3511,4.34,3.64
3512,4.33,3.64
3513,4.33,3.64
3515,4.33,3.64
3516,4.33,3.64
3517,4.33,3.64
3518,4.33,3.64
3519,4.33,3.64
3520,4.33,3.64
3521,4.33,3.64
3523,4.33,3.64
3524,4.33,3.65
3525,4.33,3.64
3526,4.33,3.64
3527,4.33,3.64
3528,4.33,3.64
3529,4.33,3.64
3530,4.33,3.64
3532,4.33,3.64
3533,4.33,3.64
3534,4.33,3.64
3535,4.33,3.65
3536,4.33,3.65
3537,4.34,3.65
3538,4.34,3.65
3539,4.34,3.65
3542,4.34,3.65
3543,4.34,3.65
3544,4.34,3.65
3545,4.34,3.65
3546,4.34,3.65
3547,4.35,3.65
3548,4.35,3.65
3550,4.35,3.66
3551,4.35,3.66
3552,4.35,3.66
3553,4.34,3.66
3554,4.34,3.66
3555,4.34,3.66
3556,4.34,3.66
3558,4.34,3.66
3559,4.34,3.67
3560,4.34,3.67
3561,4.34,3.67
3562,4.34,3.67
3563,4.34,3.67
3564,4.34,3.67
3565,4.34,3.67
3567,4.34,3.67
3568,4.34,3.67
3569,4.34,3.67
3570,4.34,3.67
3571,4.34,3.67
3572,4.35,3.67
3573,4.35,3.67
3575,4.35,3.67
3576,4.35,3.67
3577,4.35,3.67
3578,4.35,3.66
3579,4.35,3.66
3580,4.35,3.66
3581,4.35,3.67
3584,4.35,3.67
3585,4.34,3.67
3586,4.34,3.68
3587,4.34,3.68
3588,4.34,3.68
3589,4.34,3.68
3590,4.34,3.68
3591,4.34,3.68
3593,4.34,3.68
3594,4.33,3.68
3595,4.33,3.69
3596,4.33,3.69
3597,4.33,3.69
3598,4.33,3.68
3599,4.33,3.68
3601,4.33,3.68
3602,4.33,3.69
3603,4.33,3.68
3604,4.33,3.69
3605,4.33,3.69
3606,4.33,3.69
3607,4.33,3.69
3608,4.33,3.69
3610,4.33,3.69
3611,4.33,3.69
3612,4.34,3.69
3613,4.34,3.69
3614,4.35,3.69
3615,4.35,3.69
3616,4.35,3.69
3618,4.35,3.69
3619,4.35,3.69
3620,4.35,3.69
3621,4.35,3.68
3622,4.35,3.68
3623,4.35,3.69
3624,4.34,3.69
3627,4.34,3.69
3628,4.34,3.70
3629,4.34,3.70
3630,4.34,3.70
3631,4.34,3.70
3632,4.34,3.70
3633,4.34,3.70
3634,4.34,3.70
3636,4.34,3.70
3637,4.34,3.70
3638,4.34,3.70
3639,4.34,3.70
3640,4.34,3.70
3641,4.34,3.70
3642,4.33,3.70
3643,4.33,3.70
3645,4.33,3.70
3646,4.33,3.70
3647,4.33,3.70
3648,4.33,3.70
3649,4.33,3.70
3650,4.33,3.70
3651,4.33,3.70
3652,4.33,3.70
3654,4.33,3.70
3655,4.33,3.70
3656,4.33,3.70
3657,4.33,3.70
3658,4.33,3.70
3659,4.33,3.70
3660,4.33,3.70
3661,4.34,3.70
3663,4.34,3.70
3664,4.34,3.70
3665,4.34,3.70
3666,4.34,3.70
3667,4.34,3.70
3668,4.34,3.70
3670,4.34,3.70
3671,4.35,3.70
3673,4.34,3.70
3674,4.34,3.70
3675,4.34,3.70
3676,4.34,3.70
3677,4.34,3.70
3678,4.34,3.70
3679,4.34,3.70
3680,4.34,3.71
3682,4.33,3.71
3683,4.33,3.71
3684,4.33,3.71
3685,4.33,3.71
3686,4.33,3.71
3687,4.33,3.71
3688,4.33,3.71
3689,4.33,3.71
3691,4.33,3.71
3692,4.33,3.71
3693,4.33,3.71
3694,4.33,3.71
3695,4.33,3.71
3696,4.33,3.71
3697,4.33,3.71
3699,4.33,3.71
3700,4.33,3.71
3701,4.33,3.71
3702,4.33,3.71
3703,4.33,3.71
3704,4.33,3.71
3705,4.32,3.71
3706,4.32,3.72
3708,4.32,3.72
3709,4.32,3.72
3710,4.32,3.72
3712,4.33,3.72
3713,4.33,3.72
3714,4.33,3.71
3715,4.33,3.71
3717,4.33,3.71
3718,4.33,3.71
3719,4.33,3.71
3720,4.33,3.71
3721,4.33,3.71
3722,4.33,3.71
3723,4.33,3.71
3724,4.33,3.72
3726,4.33,3.72
3727,4.33,3.72
3728,4.33,3.72
3729,4.33,3.72
3730,4.33,3.72
3731,4.33,3.72
3732,4.33,3.72
3734,4.34,3.72
3735,4.34,3.72
3736,4.34,3.72
3737,4.34,3.72
3738,4.34,3.72
3739,4.34,3.72
3740,4.35,3.72
3741,4.35,3.72
3743,4.35,3.72
3744,4.35,3.72
3745,4.35,3.72
3746,4.35,3.72
3747,4.34,3.72
3748,4.34,3.72
3749,4.34,3.72
3750,4.34,3.72
3752,4.34,3.72
3753,4.33,3.72
3755,4.33,3.72
3756,4.33,3.73
3757,4.33,3.73
3758,4.33,3.73
3759,4.33,3.73
3761,4.33,3.72
3762,4.33,3.72
3763,4.33,3.72
3764,4.33,3.72
3765,4.33,3.72
3766,4.33,3.72
3767,4.33,3.72
3768,4.32,3.72
3770,4.32,3.72
3771,4.32,3.72
3772,4.32,3.72
3773,4.32,3.72
3774,4.32,3.72
3775,4.32,3.72
3776,4.32,3.72
3778,4.33,3.72
3779,4.33,3.72
3780,4.33,3.72
3781,4.33,3.72
3782,4.33,3.72
3783,4.33,3.72
3784,4.33,3.72
3785,4.33,3.72
3787,4.33,3.72
3788,4.33,3.72
3789,4.33,3.72
3790,4.33,3.72
3791,4.33,3.72
3792,4.33,3.72
3793,4.33,3.72
3794,4.33,3.73
3796,4.33,3.73
3798,4.33,3.73
3799,4.33,3.73
3800,4.33,3.73
3801,4.33,3.73
3802,4.34,3.73
3803,4.35,3.73
3805,4.35,3.73
3806,4.35,3.73
3807,4.35,3.73
3808,4.35,3.72
3809,4.35,3.72
3810,4.35,3.72
3811,4.35,3.72
3812,4.35,3.72
3814,4.35,3.71
3815,4.35,3.71
3816,4.34,3.71
3817,4.34,3.71
3818,4.34,3.71
3819,4.34,3.72
3820,4.33,3.72
3822,4.33,3.72
3823,4.33,3.72
3824,4.33,3.72
3825,4.33,3.72
3826,4.33,3.72
3827,4.33,3.72
3828,4.32,3.72
3829,4.32,3.72
3831,4.32,3.72
3832,4.32,3.72
3833,4.32,3.72
3834,4.32,3.72
3835,4.32,3.72
3836,4.32,3.72
3837,4.32,3.72
3838,4.32,3.72
3841,4.32,3.72
3842,4.32,3.72
3843,4.32,3.72
3844,4.33,3.72
3845,4.33,3.72
3846,4.33,3.72
3847,4.33,3.72
3849,4.32,3.72
3850,4.32,3.72
3851,4.32,3.72
3852,4.33,3.72
3853,4.33,3.72
3854,4.33,3.72
3855,4.33,3.72
3856,4.33,3.72
3858,4.33,3.72
3859,4.33,3.72
3860,4.33,3.72
3861,4.34,3.72
3862,4.34,3.72
3863,4.35,3.72
3864,4.35,3.72
3865,4.36,3.72
3867,4.36,3.72
3868,4.36,3.72
3869,4.36,3.71
3870,4.36,3.71
3871,4.35,3.71
3872,4.35,3.71
3873,4.35,3.71
3875,4.34,3.71
3876,4.34,3.71
3877,4.34,3.72
3878,4.34,3.72
3879,4.33,3.72
3880,4.33,3.72
3881,4.33,3.72
3883,4.33,3.72
3885,4.33,3.72
3886,4.32,3.72
3887,4.32,3.72
3888,4.32,3.72
3889,4.32,3.72
3890,4.32,3.72
3891,4.32,3.72
3892,4.32,3.72
3894,4.32,3.72
3895,4.32,3.72
3896,4.32,3.72
3897,4.32,3.72
3898,4.32,3.72
3899,4.32,3.72
3900,4.32,3.72
3901,4.32,3.72
3903,4.32,3.72
3904,4.32,3.72
3905,4.32,3.72
3906,4.32,3.72
3907,4.32,3.72
3908,4.32,3.72
3909,4.32,3.72
3911,4.32,3.72
3912,4.33,3.72
3913,4.33,3.72
3914,4.32,3.72
3915,4.33,3.72
3916,4.33,3.73
3917,4.33,3.72
3918,4.33,3.72
3920,4.33,3.72
3921,4.33,3.73
3922,4.33,3.73
3923,4.33,3.73
3924,4.33,3.73
3926,4.33,3.73
3927,4.33,3.73
3929,4.33,3.73
3930,4.33,3.73
3931,4.34,3.73
3932,4.34,3.73
3933,4.34,3.73
3934,4.34,3.73
3935,4.34,3.73
3936,4.34,3.73
3938,4.34,3.72
3939,4.34,3.72
3940,4.34,3.72
3941,4.34,3.72
3942,4.34,3.72
3943,4.34,3.72
3944,4.34,3.73
3945,4.34,3.73
3947,4.34,3.73
3948,4.34,3.73
3949,4.34,3.73
3950,4.34,3.73
3951,4.34,3.73
3952,4.34,3.73
3953,4.35,3.73
3954,4.35,3.73
3956,4.35,3.73
3957,4.35,3.73
3958,4.34,3.73
3959,4.34,3.73
3960,4.34,3.73
3961,4.34,3.73
3962,4.34,3.73
3964,4.34,3.73
3965,4.33,3.73
3966,4.33,3.73
3968,4.33,3.73
3969,4.33,3.73
3970,4.33,3.73
3971,4.33,3.73
3972,4.33,3.73
3974,4.33,3.73
3975,4.33,3.73
3976,4.33,3.73
3977,4.33,3.73
3978,4.33,3.73
3979,4.33,3.73
3980,4.32,3.73
3982,4.33,3.73
3983,4.33,3.73
3984,4.33,3.73
3985,4.33,3.73
3986,4.33,3.73
3987,4.33,3.73
3988,4.33,3.73
3989,4.33,3.73
3991,4.33,3.73
3992,4.33,3.73
3993,4.33,3.73
3994,4.33,3.73
3995,4.33,3.73
3996,4.33,3.73
3997,4.33,3.73
3999,4.33,3.73
4000,4.33,3.73
4001,4.33,3.73
4002,4.33,3.73
4003,4.33,3.73
4004,4.33,3.73
4005,4.34,3.73
4006,4.34,3.73
4008,4.34,3.73
4009,4.34,3.73
4011,4.34,3.73
4012,4.34,3.73
4013,4.34,3.73
4014,4.34,3.73
4015,4.34,3.73
4016,4.34,3.73
4018,4.34,3.73
4019,4.34,3.73
4020,4.34,3.73
4021,4.34,3.73
4022,4.34,3.73
4023,4.34,3.73
4024,4.34,3.73
4025,4.35,3.73
4027,4.35,3.73
4028,4.35,3.73
4029,4.35,3.73
4030,4.35,3.73
4031,4.35,3.73
4032,4.35,3.73
4033,4.34,3.73
4034,4.34,3.73
4036,4.34,3.73
4037,4.34,3.73
4038,4.34,3.73
4039,4.34,3.73
4040,4.34,3.74
4041,4.33,3.74
4042,4.33,3.74
4044,4.33,3.74
4045,4.33,3.74
4046,4.33,3.74
4047,4.33,3.74
4048,4.33,3.74
4049,4.33,3.73
4050,4.33,3.73
4051,4.33,3.73
4054,4.33,3.73
4055,4.33,3.73
4056,4.33,3.73
4057,4.33,3.73
4058,4.33,3.73
4059,4.33,3.73
4060,4.33,3.73
4061,4.33,3.73
4063,4.33,3.73
4064,4.33,3.73
4065,4.33,3.74
4066,4.33,3.74
4067,4.33,3.74
4068,4.33,3.74
4069,4.33,3.74
4071,4.33,3.74
4072,4.33,3.74
4073,4.33,3.74
4074,4.33,3.74
4075,4.33,3.74
4076,4.33,3.74
4077,4.33,3.74
4078,4.33,3.74
4080,4.33,3.74
4081,4.33,3.74
4082,4.33,3.74
4083,4.33,3.74
4084,4.33,3.74
4085,4.33,3.74
4086,4.33,3.74
4088,4.33,3.74
4089,4.33,3.74
4090,4.33,3.74
4091,4.33,3.74
4092,4.33,3.74
4093,4.33,3.74
4094,4.33,3.74
4096,4.33,3.74
4098,4.33,3.74
4099,4.33,3.74
4100,4.34,3.74
4101,4.34,3.74
4102,4.34,3.74
4103,4.34,3.74
4104,4.34,3.74
4105,4.34,3.74
4107,4.34,3.74
4108,4.34,3.74
4109,4.35,3.74
4110,4.35,3.74
4111,4.35,3.74
4112,4.35,3.74
4113,4.35,3.74
4114,4.34,3.73
4116,4.34,3.73
4117,4.34,3.73
4118,4.34,3.74
4119,4.34,3.74
4120,4.34,3.74
4121,4.34,3.74
4122,4.34,3.74
4124,4.33,3.74
4125,4.33,3.74
4126,4.33,3.74
4127,4.33,3.74
4128,4.33,3.74
4129,4.33,3.74
4130,4.33,3.74
4131,4.33,3.74
4133,4.33,3.74
4134,4.33,3.74
4135,4.33,3.74
4136,4.33,3.74
4137,4.33,3.74
4139,4.33,3.74
4140,4.33,3.74
4141,4.33,3.74
4143,4.33,3.74
4144,4.33,3.74
4145,4.33,3.74
4146,4.33,3.74
4147,4.33,3.74
4148,4.33,3.74
4149,4.33,3.74
4150,4.33,3.74
4152,4.33,3.74
4153,4.33,3.74
4154,4.33,3.74
4155,4.33,3.74
4156,4.33,3.74
4157,4.33,3.74
4158,4.33,3.75
4159,4.34,3.75
4161,4.33,3.74
4162,4.34,3.74
4163,4.34,3.74
4164,4.34,3.74
4165,4.34,3.74
4166,4.34,3.74
4167,4.34,3.74
4168,4.34,3.74
4170,4.34,3.74
4171,4.34,3.74
4172,4.34,3.74
4173,4.34,3.74
4174,4.34,3.74
4175,4.34,3.74
4176,4.34,3.74
4177,4.34,3.74
4179,4.34,3.74
4180,4.34,3.74
4182,4.34,3.74
4183,4.34,3.74
4184,4.34,3.74
4185,4.34,3.75
4186,4.34,3.75
4188,4.34,3.75
4189,4.34,3.75
4190,4.34,3.75
4191,4.33,3.75
4192,4.33,3.75
4193,4.33,3.75
4194,4.33,3.75
4195,4.33,3.75
4197,4.33,3.75
4198,4.33,3.75
4199,4.33,3.75
4200,4.33,3.75
4201,4.33,3.75
4202,4.33,3.75
4203,4.33,3.75
4204,4.33,3.75
4206,4.33,3.75
4207,4.33,3.75
4208,4.34,3.75
4209,4.34,3.75
4210,4.34,3.75
4211,4.34,3.75
4212,4.34,3.75
4213,4.34,3.75
4215,4.34,3.75
4216,4.34,3.75
4217,4.34,3.74
4218,4.34,3.74
4219,4.34,3.75
4220,4.34,3.75
4221,4.34,3.75
4222,4.33,3.75
4225,4.33,3.75
4226,4.33,3.75
4227,4.33,3.75
4228,4.33,3.75
4229,4.33,3.75
4230,4.33,3.75
4231,4.33,3.75
4232,4.33,3.75
4234,4.33,3.75
4235,4.33,3.75
4236,4.33,3.75
4237,4.33,3.75
4238,4.33,3.75
4239,4.33,3.75
4240,4.33,3.75
4242,4.33,3.75
4243,4.33,3.75
4244,4.33,3.75
4245,4.33,3.75
4246,4.33,3.75
4247,4.33,3.75
4248,4.33,3.75
4249,4.33,3.75
4251,4.33,3.75
4252,4.33,3.75
4253,4.33,3.76
4254,4.33,3.75
4255,4.33,3.75
4256,4.33,3.75
4257,4.33,3.75
4258,4.33,3.75
4260,4.34,3.75
4261,4.34,3.75
4262,4.34,3.75
4263,4.34,3.75
4264,4.34,3.75
4265,4.34,3.75
4267,4.34,3.75
4269,4.34,3.75
4270,4.34,3.75
4271,4.34,3.75
4272,4.34,3.75
4273,4.34,3.75
4274,4.34,3.75
4275,4.34,3.75
4276,4.34,3.75
4278,4.35,3.75
4279,4.35,3.75
4280,4.35,3.75
4281,4.35,3.75
4282,4.35,3.75
4283,4.35,3.75
4284,4.35,3.75
4285,4.34,3.75
4287,4.34,3.75
4288,4.34,3.75
4289,4.34,3.76
4290,4.34,3.76
4291,4.34,3.76
4292,4.34,3.76
4293,4.34,3.76
4294,4.34,3.76
4296,4.34,3.76
4297,4.34,3.76
4298,4.34,3.76
4299,4.34,3.76
4300,4.34,3.76
4301,4.33,3.76
4302,4.33,3.76
4304,4.33,3.76
4305,4.33,3.76
4306,4.33,3.76
4307,4.33,3.76
4308,4.33,3.76
4310,4.33,3.76
4311,4.34,3.76
4312,4.34,3.76
4314,4.35,3.76
4315,4.35,3.76
4316,4.35,3.76
4317,4.35,3.75
4318,4.35,3.75
4319,4.35,3.75
4320,4.35,3.75
4321,4.34,3.75
4323,4.34,3.75
4324,4.34,3.75
4325,4.34,3.76
4326,4.34,3.76
4327,4.34,3.76
4328,4.34,3.76
4329,4.34,3.76
4331,4.34,3.76
4332,4.34,3.76
4333,4.34,3.76
4334,4.34,3.76
4335,4.35,3.76
4336,4.35,3.75
4337,4.35,3.75
4338,4.35,3.75
4340,4.34,3.75
4341,4.34,3.75
4342,4.34,3.75
4343,4.34,3.76
4344,4.34,3.76
4345,4.34,3.76
4346,4.34,3.76
4347,4.34,3.76
4349,4.34,3.76
4350,4.34,3.76
4352,4.34,3.76
4353,4.34,3.76
4354,4.34,3.76
4355,4.34,3.76
4356,4.34,3.76
4357,4.34,3.76
4359,4.34,3.76
4360,4.34,3.76
4361,4.34,3.76
4362,4.34,3.76
4363,4.34,3.76
4364,4.33,3.76
4365,4.33,3.76
4366,4.33,3.76
4368,4.33,3.76
4369,4.33,3.76
4370,4.33,3.76
4371,4.33,3.77
4372,4.33,3.77
4373,4.33,3.77
4374,4.33,3.77
4375,4.33,3.77
4377,4.33,3.77
4378,4.33,3.77
4379,4.33,3.77
4380,4.33,3.77
4381,4.33,3.77
4382,4.33,3.77
4383,4.33,3.77
4385,4.33,3.77
4386,4.33,3.77
4387,4.33,3.77
4388,4.33,3.77
4389,4.33,3.77
4390,4.33,3.77
4391,4.33,3.77
4392,4.34,3.77
4395,4.34,3.77
4396,4.34,3.77
4397,4.35,3.77
4398,4.35,3.77
4399,4.35,3.77
4400,4.35,3.77
4401,4.36,3.77
4402,4.37,3.77
4404,4.37,3.77
4405,4.38,3.77
4406,4.38,3.77
4407,4.38,3.77
4408,4.38,3.76
4409,4.38,3.76
4410,4.38,3.76
4411,4.37,3.75
4413,4.37,3.75
4414,4.36,3.75
4415,4.36,3.75
4416,4.35,3.75
4417,4.35,3.76
4418,4.35,3.76
4419,4.35,3.76
4420,4.35,3.76
4422,4.35,3.76
4423,4.35,3.76
4424,4.35,3.76
4425,4.35,3.76
4426,4.35,3.75
4427,4.35,3.75
4428,4.35,3.75
4429,4.35,3.75
4431,4.35,3.75
4432,4.35,3.75
4433,4.35,3.75
4434,4.35,3.75
4435,4.35,3.75
4436,4.34,3.75
4438,4.34,3.75
4439,4.34,3.76
4441,4.34,3.76
4442,4.34,3.76
4443,4.34,3.77
4444,4.34,3.77
4445,4.33,3.77
4446,4.33,3.77
4447,4.34,3.77
4449,4.34,3.77
4450,4.34,3.77
4451,4.35,3.77
4452,4.35,3.77
4453,4.36,3.77
4454,4.36,3.77
4455,4.37,3.77
4456,4.38,3.76
4458,4.38,3.76
4459,4.39,3.76
4460,4.39,3.76
4461,4.39,3.75
4462,4.38,3.75
4463,4.38,3.75
4464,4.38,3.75
4465,4.37,3.75
4467,4.37,3.74
4468,4.36,3.75
4469,4.36,3.75
4470,4.37,3.75
4471,4.37,3.75
4472,4.37,3.76
4473,4.37,3.76
4474,4.37,3.75
4476,4.37,3.75
4477,4.37,3.75
4478,4.37,3.75
4480,4.37,3.75
4481,4.37,3.74
4482,4.37,3.75
4483,4.37,3.75
4484,4.38,3.75
4486,4.38,3.75
4487,4.39,3.74
4488,4.39,3.74
4489,4.38,3.74
4490,4.38,3.74
4491,4.38,3.74
4492,4.37,3.74
4493,4.36,3.74
4495,4.36,3.74
4496,4.36,3.75
4497,4.36,3.75
4498,4.36,3.75
4499,4.35,3.75
4500,4.35,3.75
4501,4.35,3.75
4502,4.35,3.75
4504,4.34,3.75
4505,4.34,3.75
4506,4.34,3.75
4507,4.35,3.75
4508,4.35,3.75
4509,4.37,3.75
4510,4.38,3.75
4511,4.39,3.75
4513,4.39,3.74
4514,4.39,3.74
4515,4.39,3.73
4516,4.38,3.72
4517,4.38,3.72
4518,4.37,3.72
4519,4.36,3.72
4520,4.35,3.72
4523,4.35,3.74
4524,4.35,3.75
4525,4.35,3.75
4526,4.35,3.75
4527,4.35,3.75
4528,4.35,3.75
4529,4.35,3.75
4530,4.35,3.75
4532,4.35,3.75
4533,4.35,3.75
4534,4.34,3.75
4535,4.34,3.75
4536,4.34,3.75
4537,4.34,3.75
4538,4.34,3.75
4539,4.35,3.75
4541,4.35,3.75
4542,4.36,3.75
4543,4.37,3.75
4544,4.38,3.75
4545,4.39,3.74
4546,4.39,3.73
4547,4.39,3.72
4548,4.38,3.72
4550,4.37,3.71
4551,4.36,3.71
4552,4.35,3.71
4553,4.35,3.72
4554,4.35,3.72
4555,4.35,3.73
4556,4.35,3.74
4558,4.35,3.75
4559,4.35,3.76
4560,4.36,3.76
4561,4.35,3.76
4562,4.35,3.76
4563,4.35,3.75
4564,4.35,3.74
4566,4.36,3.74
4568,4.36,3.74
4569,4.37,3.74
4570,4.37,3.74
4571,4.36,3.73
4572,4.36,3.73
4573,4.35,3.72
4574,4.35,3.72
4575,4.34,3.72
4577,4.34,3.72
4578,4.34,3.73
4579,4.34,3.74
4580,4.34,3.75
4581,4.34,3.75
4582,4.34,3.75
4583,4.34,3.75
4584,4.34,3.75
4586,4.34,3.75
4587,4.33,3.75
4588,4.33,3.74
4589,4.33,3.74
4590,4.33,3.74
4591,4.34,3.74
4592,4.35,3.74
4593,4.35,3.74
4595,4.35,3.75
4596,4.36,3.74
4597,4.35,3.74
4598,4.35,3.73
4599,4.35,3.73
4600,4.35,3.73
4601,4.35,3.73
4603,4.34,3.73
4604,4.34,3.74
4605,4.35,3.74
4606,4.35,3.75
4608,4.35,3.75
4609,4.35,3.74
4610,4.34,3.74
4611,4.34,3.74
4613,4.34,3.74
4614,4.34,3.74
4615,4.34,3.74
4616,4.34,3.75
4617,4.34,3.75
4618,4.35,3.75
4619,4.35,3.75
4620,4.35,3.75
4622,4.36,3.75
4623,4.36,3.75
4624,4.36,3.74
4625,4.36,3.74
4626,4.36,3.73
4627,4.35,3.73
4628,4.35,3.73
4629,4.35,3.73
4631,4.35,3.73
4632,4.35,3.73
4633,4.35,3.73
4634,4.34,3.74
4635,4.34,3.74
4636,4.34,3.74
4637,4.34,3.75
4639,4.33,3.75
4640,4.33,3.75
4641,4.33,3.75
4642,4.33,3.75
4643,4.33,3.75
4644,4.33,3.75
4645,4.33,3.75
4646,4.33,3.75
4648,4.33,3.75
4649,4.33,3.75
4651,4.34,3.75
4652,4.35,3.75
4653,4.35,3.75
4654,4.35,3.75
4655,4.35,3.75
4656,4.35,3.74
4658,4.35,3.74
4659,4.35,3.74
4660,4.35,3.74
4661,4.34,3.74
4662,4.34,3.74
4663,4.34,3.74
4664,4.34,3.74
4665,4.34,3.74
4667,4.33,3.74
4668,4.33,3.74
4669,4.33,3.75
4670,4.33,3.75
4671,4.33,3.75
4672,4.34,3.75
4673,4.34,3.75
4674,4.34,3.75
4676,4.34,3.74
4677,4.34,3.75
4678,4.35,3.75
4679,4.35,3.75
4680,4.35,3.75
4681,4.36,3.74
4682,4.36,3.74
4684,4.36,3.74
4685,4.36,3.74
4686,4.37,3.74
4687,4.37,3.74
4688,4.38,3.74
4689,4.38,3.74
4690,4.37,3.74
4691,4.37,3.74
4694,4.37,3.73
4695,4.36,3.73
4696,4.35,3.73
4697,4.35,3.73
4698,4.35,3.74
4699,4.35,3.75
4700,4.35,3.75
4701,4.35,3.75
4703,4.35,3.76
4704,4.35,3.75
4705,4.35,3.75
4706,4.35,3.75
4707,4.35,3.75
4708,4.35,3.74
4709,4.35,3.74
4710,4.36,3.74
4712,4.36,3.74
4713,4.36,3.74
4714,4.36,3.73
4715,4.37,3.73
4716,4.37,3.73
4717,4.37,3.73
4718,4.37,3.73
4719,4.37,3.73
4721,4.37,3.73
4722,4.37,3.73
4723,4.38,3.73
4724,4.38,3.73
4725,4.38,3.73
4726,4.37,3.73
4727,4.36,3.73
4728,4.36,3.72
4730,4.35,3.72
4731,4.35,3.73
4732,4.35,3.73
4733,4.35,3.74
4734,4.35,3.74
4736,4.35,3.74
4737,4.35,3.74
4738,4.35,3.74
4740,4.35,3.74
4741,4.35,3.73
4742,4.35,3.74
4743,4.36,3.74
4744,4.36,3.74
4745,4.36,3.74
4746,4.36,3.73
4748,4.35,3.73
4749,4.35,3.72
4750,4.35,3.72
4751,4.34,3.73
4752,4.34,3.73
4753,4.35,3.74
4754,4.35,3.74
4755,4.35,3.74
4757,4.35,3.75
4758,4.35,3.75
4759,4.35,3.75
4760,4.35,3.74
4761,4.35,3.74
4762,4.34,3.74
4763,4.34,3.74
4764,4.34,3.75
4766,4.34,3.75
4767,4.33,3.75
4768,4.33,3.75
4769,4.33,3.75
4770,4.34,3.74
4771,4.34,3.74
4772,4.35,3.74
4774,4.35,3.74
4775,4.36,3.74
4776,4.36,3.74
4777,4.37,3.74
4779,4.37,3.74
4780,4.37,3.74
4781,4.37,3.74
4782,4.37,3.74
4784,4.37,3.74
4785,4.36,3.73
4786,4.35,3.73
4787,4.35,3.73
4788,4.35,3.74
4789,4.35,3.74
4790,4.35,3.74
4791,4.35,3.74
4793,4.35,3.74
4794,4.35,3.74
4795,4.35,3.74
4796,4.35,3.74
4797,4.36,3.74
4798,4.36,3.74
4799,4.36,3.74
4800,4.36,3.74
4802,4.36,3.75
4803,4.36,3.75
4804,4.36,3.75
4805,4.36,3.75
4806,4.36,3.75
4807,4.36,3.74
4808,4.36,3.74
4809,4.35,3.74
4811,4.35,3.73
4812,4.35,3.73
4813,4.35,3.74
4814,4.35,3.74
4815,4.35,3.75
4816,4.35,3.75
4817,4.34,3.76
4818,4.34,3.76
4820,4.34,3.76
4822,4.34,3.76
4823,4.35,3.76
4824,4.35,3.76
4825,4.36,3.76
4826,4.37,3.76
4827,4.38,3.76
4828,4.38,3.76
4830,4.38,3.75
4831,4.38,3.74
4832,4.37,3.74
4833,4.36,3.73
4834,4.35,3.73
4835,4.35,3.74
4836,4.34,3.75
4838,4.34,3.75
4839,4.35,3.76
4840,4.35,3.76
4841,4.36,3.76
4842,4.37,3.76
4843,4.38,3.76
4844,4.39,3.76
4845,4.38,3.75
4847,4.38,3.75
4848,4.37,3.74
4849,4.36,3.73
4850,4.35,3.73
4851,4.34,3.74
4852,4.34,3.74
4853,4.33,3.75
4854,4.33,3.75
4856,4.33,3.75
4857,4.33,3.75
4858,4.33,3.75
4859,4.33,3.75
4860,4.33,3.75
4861,4.33,3.75
4862,4.34,3.75
4864,4.35,3.75
4866,4.36,3.75
4867,4.37,3.75
4868,4.37,3.75
4869,4.38,3.75
4870,4.38,3.75
4871,4.38,3.75
4872,4.37,3.74
4873,4.37,3.74
4875,4.37,3.74
4876,4.37,3.74
4877,4.37,3.74
4878,4.37,3.74
4879,4.37,3.74
4880,4.37,3.74
4881,4.37,3.74
4882,4.37,3.74
4884,4.37,3.74
4885,4.37,3.74
4886,4.37,3.74
4887,4.36,3.74
4888,4.36,3.74
4889,4.36,3.74
4890,4.36,3.74
4891,4.36,3.74
4893,4.36,3.74
4894,4.36,3.75
4895,4.36,3.75
4896,4.35,3.75
4897,4.35,3.75
4898,4.35,3.75
4899,4.34,3.75
4900,4.34,3.76
4902,4.34,3.76
4903,4.35,3.76
4904,4.35,3.76
4905,4.35,3.75
4907,4.35,3.75
4908,4.35,3.74
4909,4.35,3.74
4910,4.35,3.74
4912,4.34,3.74
4913,4.34,3.75
4914,4.33,3.75
4915,4.33,3.75
4916,4.33,3.75
4917,4.33,3.75
4918,4.33,3.75
4919,4.34,3.75
4921,4.34,3.75
4922,4.35,3.75
4923,4.35,3.75
4924,4.35,3.75
4925,4.35,3.75
4926,4.35,3.75
4927,4.35,3.75
4929,4.35,3.75
4930,4.35,3.75
4931,4.35,3.75
4932,4.35,3.75
4933,4.35,3.76
4934,4.36,3.76
4935,4.36,3.76
4936,4.36,3.76
4938,4.35,3.76
4939,4.35,3.75
4940,4.35,3.75
4941,4.35,3.75
4942,4.35,3.75
4943,4.35,3.76
4944,4.35,3.76
4945,4.35,3.76
4947,4.35,3.76
4948,4.35,3.76
4950,4.35,3.76
4951,4.35,3.75
4952,4.34,3.75
4953,4.34,3.75
4954,4.35,3.75
4955,4.36,3.76
4957,4.37,3.77
4958,4.38,3.77
4959,4.38,3.77
4960,4.38,3.76
4961,4.38,3.75
4962,4.36,3.75
4963,4.35,3.74
4964,4.35,3.75
4966,4.34,3.76
4967,4.33,3.76
4968,4.33,3.77
4969,4.33,3.77
4970,4.33,3.77
4971,4.34,3.77
4972,4.34,3.77
4973,4.35,3.77
4975,4.35,3.76
4976,4.35,3.76
4977,4.35,3.76
4978,4.35,3.75
4979,4.34,3.75
4980,4.34,3.76
4981,4.34,3.77
4982,4.33,3.77
4984,4.33,3.77
4985,4.33,3.78
4986,4.33,3.78
4987,4.33,3.78
4988,4.33,3.79
4989,4.34,3.79
4990,4.34,3.79
4992,4.34,3.79
4994,4.34,3.78
4995,4.34,3.78
4996,4.34,3.78
4997,4.34,3.78
4998,4.34,3.78
4999,4.34,3.78
5000,4.35,3.79
5002,4.35,3.79
5003,4.35,3.79
5004,4.35,3.80
5005,4.35,3.80
5006,4.35,3.80
5007,4.35,3.81
5008,4.35,3.81
5009,4.35,3.82
5011,4.35,3.82
5012,4.35,3.82
5013,4.36,3.83
5014,4.36,3.83
5015,4.37,3.84
5016,4.37,3.84
5017,4.37,3.84
5019,4.37,3.83
5020,4.37,3.83
5021,4.37,3.84
5022,4.37,3.84
5023,4.36,3.85
5024,4.37,3.85
5025,4.37,3.86
5026,4.37,3.86
5028,4.38,3.87
5029,4.38,3.87
5030,4.38,3.88
5031,4.38,3.88
5032,4.37,3.88
5033,4.37,3.89
5035,4.37,3.91
5036,4.37,3.91
5038,4.37,3.93
5039,4.37,3.94
5040,4.37,3.95
5041,4.37,3.95
5042,4.37,3.97
5043,4.37,3.98
5044,4.38,4.01
5045,4.38,4.04
5047,4.38,4.07
5048,4.38,4.11
5049,4.38,4.14
5050,4.38,4.18
5051,4.38,4.21
5052,4.38,4.24
5053,4.38,4.27
5054,4.38,4.30
5056,4.39,4.33
5057,4.39,4.35
5058,4.39,4.38
5059,4.39,4.41
5060,4.39,4.43
5061,4.40,4.45
5062,4.40,4.48
5063,4.41,4.50
5065,4.42,4.52
5066,4.42,4.54
5067,4.43,4.56
5068,4.44,4.57
5069,4.44,4.59
5070,4.45,4.60
5071,4.45,4.62
5073,4.45,4.63
5074,4.45,4.64
5075,4.45,4.66
5076,4.45,4.67
5078,4.46,4.68
5079,4.47,4.69
5080,4.48,4.70
5081,4.48,4.71
5083,4.49,4.72
5084,4.49,4.73
5085,4.48,4.74
5086,4.48,4.75
5087,4.47,4.76
5088,4.47,4.77
5089,4.46,4.77
5090,4.46,4.78
5092,4.45,4.78
5093,4.45,4.79
5094,4.45,4.79
5095,4.44,4.80
5096,4.44,4.81
5097,4.43,4.81
5098,4.43,4.82
5099,4.43,4.82
5101,4.42,4.83
5102,4.42,4.83
5103,4.42,4.83
5104,4.43,4.84
5105,4.43,4.84
5106,4.42,4.84
5107,4.42,4.85
5108,4.42,4.85
5110,4.41,4.86
5111,4.41,4.86
5112,4.41,4.87
5113,4.40,4.87
5114,4.40,4.87
5115,4.39,4.87
5116,4.39,4.88
5117,4.38,4.88
5120,4.38,4.88
5121,4.38,4.88
5122,4.37,4.89
5123,4.37,4.89
5124,4.36,4.89
5125,4.36,4.89
5126,4.35,4.89
5127,4.35,4.90
5129,4.35,4.90
5130,4.35,4.90
5131,4.34,4.90
5132,4.34,4.90
5133,4.34,4.90
5134,4.34,4.90
5135,4.34,4.90
5136,4.34,4.90
5138,4.35,4.90
5139,4.35,4.90
5140,4.35,4.90
5141,4.35,4.91
5142,4.35,4.91
5143,4.35,4.91
5144,4.35,4.92
5145,4.35,4.92
5147,4.35,4.92
5148,4.35,4.92
5149,4.35,4.92
5150,4.35,4.92
5151,4.35,4.92
5152,4.34,4.92
5153,4.34,4.93
5154,4.34,4.93
5156,4.34,4.93
5157,4.34,4.93
5158,4.34,4.93
5159,4.35,4.93
5160,4.35,4.93
5161,4.35,4.93
5163,4.35,4.93
5165,4.35,4.93
5166,4.35,4.93
5167,4.35,4.93
5168,4.35,4.93
5169,4.35,4.93
5170,4.36,4.93
5171,4.37,4.93
5172,4.38,4.93
5174,4.38,4.94
5175,4.38,4.94
5176,4.38,4.94
5177,4.38,4.94
5178,4.38,4.95
5179,4.37,4.95
5180,4.37,4.95
5181,4.37,4.95
5183,4.37,4.95
5184,4.36,4.95
5185,4.36,4.95
5186,4.36,4.95
5187,4.36,4.95
5188,4.36,4.95
5189,4.36,4.95
5190,4.36,4.95
5192,4.36,4.95
5193,4.36,4.95
5194,4.36,4.95
5195,4.36,4.95
5196,4.36,4.95
5197,4.36,4.95
5198,4.37,4.95
5199,4.37,4.95
5201,4.37,4.95
5202,4.37,4.95
5203,4.37,4.95
5204,4.37,4.95
5206,4.37,4.95
5207,4.37,4.96
5208,4.37,4.96
5209,4.36,4.96
5211,4.36,4.96
5212,4.36,4.96
5213,4.36,4.96
5214,4.36,4.96
5215,4.36,4.96
5216,4.36,4.96
5217,4.36,4.96
5219,4.36,4.96
5220,4.36,4.96
5221,4.36,4.96
5222,4.36,4.96
5223,4.36,4.96
5224,4.36,4.96
5225,4.36,4.96
5226,4.36,4.96
5228,4.36,4.96
5229,4.35,4.96
5230,4.35,4.96
5231,4.36,4.96
5232,4.36,4.96
5233,4.37,4.96
5234,4.38,4.96
5236,4.38,4.96
5237,4.39,4.96
5238,4.39,4.96
5239,4.40,4.96
5240,4.39,4.96
5241,4.39,4.96
5242,4.39,4.96
5243,4.38,4.96
5245,4.38,4.96
5246,4.38,4.96
5248,4.38,4.96
5249,4.38,4.96
5250,4.38,4.97
5251,4.37,4.97
5252,4.37,4.97
5253,4.37,4.97
5255,4.37,4.96
5256,4.37,4.97
5257,4.37,4.97
5258,4.37,4.96
5259,4.37,4.96
5260,4.37,4.96
5261,4.37,4.96
5262,4.36,4.96
5264,4.36,4.96
5265,4.36,4.96
5266,4.37,4.96
5267,4.37,4.96
5268,4.37,4.96
5269,4.37,4.96
5270,4.37,4.96
5271,4.38,4.96
5273,4.38,4.96
5274,4.38,4.96
5275,4.38,4.96
5276,4.38,4.96
5277,4.38,4.96
5278,4.37,4.96
5279,4.37,4.97
5280,4.37,4.97
5282,4.37,4.96
5283,4.38,4.97
5284,4.38,4.97
5285,4.38,4.96
5286,4.38,4.96
5287,4.38,4.96
5288,4.38,4.96
5289,4.38,4.97
5292,4.38,4.97
5293,4.38,4.96
5294,4.38,4.97
5295,4.38,4.97
5296,4.38,4.97
5297,4.38,4.97
5298,4.38,4.97
5300,4.38,4.97
5301,4.38,4.97
5302,4.38,4.97
5303,4.38,4.97
5304,4.38,4.97
5305,4.38,4.97
5306,4.38,4.97
5307,4.38,4.97
5309,4.38,4.97
5310,4.38,4.97
5311,4.38,4.97
5312,4.38,4.97
5313,4.38,4.97
5314,4.39,4.97
5315,4.39,4.97
5317,4.39,4.97
5318,4.39,4.97
5319,4.39,4.97
5320,4.39,4.97
5321,4.39,4.97
5322,4.39,4.97
5323,4.39,4.97
5324,4.39,4.97
5326,4.39,4.97
5327,4.39,4.97
5328,4.39,4.97
5329,4.39,4.97
5330,4.39,4.96
5331,4.40,4.96
5332,4.40,4.95
5334,4.41,4.94
5336,4.42,4.93
5337,4.43,4.92
5338,4.43,4.91
5339,4.44,4.90
5340,4.44,4.88
5341,4.44,4.86
5342,4.44,4.85
5343,4.44,4.83
5345,4.43,4.81
5346,4.43,4.79
5347,4.43,4.77
5348,4.42,4.75
5349,4.42,4.72
5350,4.42,4.70
5351,4.41,4.67
5352,4.41,4.64
5354,4.41,4.62
5355,4.41,4.59
5356,4.40,4.57
5357,4.40,4.54
5358,4.39,4.52
5359,4.39,4.50
5360,4.38,4.47
5361,4.38,4.45
5363,4.38,4.43
5364,4.38,4.41
5365,4.37,4.39
5366,4.37,4.36
5367,4.37,4.35
5368,4.37,4.32
5369,4.37,4.30
5371,4.37,4.28
5372,4.37,4.26
5373,4.37,4.24
5374,4.36,4.23
5376,4.36,4.21
5377,4.36,4.20
5378,4.36,4.19
5379,4.36,4.17
5381,4.36,4.16
5382,4.36,4.14
5383,4.35,4.13
5384,4.35,4.13
5385,4.35,4.12
5386,4.35,4.11
5387,4.35,4.09
5388,4.35,4.08
5390,4.35,4.07
5391,4.35,4.06
5392,4.35,4.06
5393,4.35,4.05
5394,4.35,4.04
5395,4.35,4.03
5396,4.36,4.02
5397,4.37,4.01
5399,4.37,3.99
5400,4.37,3.99
5401,4.37,3.97
5402,4.37,3.97
5403,4.36,3.96
5404,4.36,3.96
5405,4.36,3.95
5406,4.36,3.95
5408,4.36,3.94
5409,4.36,3.94
5410,4.36,3.93
5411,4.36,3.92
5412,4.37,3.92
5413,4.37,3.91
5414,4.37,3.91
5415,4.37,3.91
5417,4.37,3.90
5419,4.37,3.90
5420,4.37,3.89
5421,4.37,3.89
5422,4.37,3.88
5423,4.38,3.88
5424,4.38,3.88
5426,4.39,3.87
5427,4.39,3.87
5428,4.40,3.86
5429,4.39,3.86
5430,4.39,3.85
5431,4.39,3.85
5432,4.39,3.85
5433,4.39,3.84
5435,4.39,3.84
5436,4.39,3.83
5437,4.39,3.83
5438,4.39,3.83
5439,4.39,3.82
5440,4.39,3.82
5441,4.39,3.82
5442,4.38,3.82
5444,4.38,3.81
5445,4.38,3.81
5446,4.38,3.81
5447,4.38,3.81
5448,4.39,3.81
5449,4.39,3.81
5450,4.40,3.80
5451,4.40,3.80
5453,4.40,3.80
5454,4.40,3.80
5455,4.40,3.79
5456,4.40,3.79
5457,4.40,3.79
5458,4.40,3.79
5459,4.39,3.79
5460,4.40,3.78
5463,4.40,3.78
5464,4.40,3.78
5465,4.40,3.78
5466,4.40,3.78
5467,4.40,3.77
5468,4.40,3.77
5469,4.40,3.77
5470,4.40,3.77
5472,4.40,3.77
5473,4.40,3.77
5474,4.40,3.77
5475,4.40,3.77
5476,4.41,3.77
5477,4.41,3.77
5478,4.41,3.77
5479,4.41,3.76
5481,4.42,3.76
5482,4.42,3.76
5483,4.42,3.76
5484,4.42,3.76
5485,4.41,3.75
5486,4.41,3.75
5487,4.41,3.75
5488,4.41,3.75
5490,4.40,3.75
5491,4.40,3.75
5492,4.40,3.75
5493,4.40,3.75
5494,4.40,3.75
5495,4.40,3.75
5496,4.40,3.75
5497,4.40,3.74
5499,4.40,3.74
5500,4.40,3.74
5501,4.40,3.74
5502,4.40,3.74
5504,4.40,3.74
5505,4.40,3.74
5506,4.40,3.74
5507,4.40,3.74
5509,4.40,3.74
5510,4.40,3.74
5511,4.41,3.73
5512,4.41,3.73
5513,4.41,3.73
5514,4.41,3.73
5515,4.41,3.73
5516,4.41,3.73
5518,4.41,3.73
5519,4.41,3.73
5520,4.41,3.73
5521,4.41,3.73
5522,4.41,3.73
5523,4.41,3.73
5524,4.41,3.73
5526,4.41,3.72
5527,4.41,3.72
5528,4.41,3.72
5529,4.41,3.72
5530,4.41,3.72
5531,4.41,3.72
5532,4.41,3.72
5533,4.42,3.72
5535,4.42,3.72
5536,4.42,3.72
5537,4.42,3.71
5538,4.42,3.71
5539,4.42,3.71
5540,4.41,3.71
5541,4.41,3.71
5542,4.41,3.71
5544,4.41,3.71
5545,4.41,3.71
5547,4.41,3.71
5548,4.41,3.71
5549,4.41,3.70
5550,4.41,3.70
5551,4.42,3.70
5552,4.42,3.70
5554,4.41,3.70
5555,4.41,3.70
5556,4.41,3.70
5557,4.41,3.70
5558,4.41,3.70
5559,4.41,3.70
5560,4.41,3.70
5561,4.42,3.70
5563,4.42,3.70
5564,4.42,3.70
5565,4.42,3.70
5566,4.41,3.70
5567,4.42,3.70
5568,4.41,3.70
5569,4.41,3.70
5570,4.42,3.70
5572,4.42,3.70
5573,4.42,3.70
5574,4.42,3.69
5575,4.42,3.70
5576,4.42,3.69
5577,4.42,3.69
5578,4.42,3.69
5579,4.42,3.69
5581,4.42,3.69
5582,4.42,3.69
5583,4.42,3.69
5584,4.42,3.69
5585,4.42,3.69
5586,4.42,3.69
5587,4.42,3.69
5590,4.42,3.69
5591,4.42,3.69
5592,4.42,3.69
5593,4.42,3.69
5594,4.42,3.69
5595,4.42,3.69
5596,4.42,3.68
5598,4.42,3.68
5599,4.42,3.68
5600,4.42,3.68
5601,4.42,3.68
5602,4.43,3.68
5603,4.43,3.68
5604,4.42,3.68
5605,4.42,3.68
5607,4.42,3.68
5608,4.42,3.68
5609,4.42,3.68
5610,4.42,3.68
5611,4.42,3.68
5612,4.42,3.68
5613,4.42,3.68
5614,4.42,3.68
5616,4.42,3.68
5617,4.42,3.68
5618,4.43,3.68
5619,4.43,3.68
5620,4.43,3.68
5621,4.43,3.68
5622,4.43,3.67
5624,4.42,3.67
5625,4.42,3.67
5626,4.42,3.67
5627,4.42,3.67
5628,4.42,3.67
5629,4.42,3.67
5630,4.42,3.67
5632,4.42,3.67
5634,4.42,3.67
5635,4.42,3.67
5636,4.42,3.67
5637,4.42,3.67
5638,4.42,3.67
5639,4.42,3.67
5640,4.42,3.67
5641,4.42,3.67
5643,4.42,3.67
5644,4.42,3.67
5645,4.42,3.67
5646,4.42,3.67
5647,4.42,3.67
5648,4.42,3.67
5649,4.42,3.67
5650,4.42,3.67
5652,4.42,3.67
5653,4.42,3.67
5654,4.42,3.67
5655,4.42,3.67
5656,4.42,3.67
5657,4.42,3.67
5658,4.42,3.67
5659,4.42,3.67
5661,4.42,3.67
5662,4.42,3.67
5663,4.42,3.67
5664,4.42,3.67
5665,4.42,3.67
5666,4.42,3.67
5667,4.42,3.67
5668,4.42,3.67
5670,4.42,3.67
5671,4.42,3.67
5672,4.42,3.67
5673,4.42,3.67
5675,4.42,3.68
5676,4.42,3.67
5677,4.42,3.67
5678,4.42,3.67
5680,4.42,3.67
5681,4.43,3.67
5682,4.43,3.67
5683,4.43,3.67
5684,4.43,3.67
5685,4.43,3.67
5686,4.42,3.67
5687,4.42,3.67
5689,4.42,3.67
5690,4.42,3.67
5691,4.42,3.67
5692,4.42,3.67
5693,4.42,3.67
5694,4.42,3.67
5695,4.43,3.67
5696,4.43,3.67
5698,4.43,3.67
5699,4.43,3.67
5700,4.43,3.68
5701,4.43,3.68
5702,4.43,3.68
5703,4.43,3.68
5704,4.43,3.68
5706,4.43,3.68
5707,4.43,3.68
5708,4.43,3.68
5709,4.43,3.68
5710,4.43,3.68
5711,4.43,3.68
5712,4.43,3.68
5713,4.43,3.68
5715,4.43,3.68
5716,4.43,3.68
5718,4.43,3.68
5719,4.43,3.68
5720,4.43,3.68
5721,4.43,3.68
5722,4.42,3.68
5724,4.42,3.68
5725,4.42,3.68
5726,4.42,3.68
5727,4.43,3.67
5728,4.42,3.67
5729,4.42,3.67
5730,4.42,3.67
5731,4.42,3.67
5733,4.43,3.67
5734,4.43,3.67
5735,4.43,3.67
5736,4.43,3.67
5737,4.43,3.67
5738,4.43,3.67
5739,4.42,3.67
5740,4.42,3.67
5742,4.42,3.68
5743,4.43,3.68
5744,4.43,3.68
5745,4.43,3.68
5746,4.43,3.68
5747,4.43,3.68
5748,4.43,3.69
5750,4.43,3.69
5751,4.43,3.69
5752,4.42,3.69
5753,4.42,3.69
5754,4.42,3.69
5755,4.42,3.69
5756,4.42,3.69
5757,4.42,3.69
5760,4.42,3.69
5761,4.42,3.69
5762,4.42,3.69
5763,4.42,3.70
5764,4.42,3.70
5765,4.42,3.70
5766,4.43,3.70
5767,4.42,3.70
5769,4.43,3.70
5770,4.43,3.71
5771,4.43,3.71
5772,4.43,3.72
5773,4.43,3.72
5774,4.43,3.72
5775,4.43,3.73
5776,4.43,3.73
5778,4.43,3.74
5779,4.43,3.74
5780,4.43,3.75
5781,4.43,3.75
5782,4.43,3.76
5783,4.43,3.76
5784,4.43,3.76
5785,4.43,3.77
5787,4.43,3.77
5788,4.43,3.78
5789,4.43,3.79
5790,4.43,3.79
5791,4.43,3.80
5792,4.44,3.80
5793,4.44,3.81
5794,4.44,3.82
5796,4.44,3.82
5797,4.44,3.83
5798,4.44,3.84
5799,4.44,3.85
5800,4.44,3.85
5801,4.44,3.86
5803,4.44,3.87
5804,4.44,3.88
5806,4.44,3.89
5807,4.44,3.90
5808,4.45,3.91
5809,4.45,3.93
5810,4.44,3.94
5811,4.45,3.96
5812,4.44,3.99
5813,4.45,4.01
5815,4.45,4.05
5816,4.45,4.08
5817,4.45,4.12
5818,4.45,4.15
5819,4.45,4.18
5820,4.45,4.22
5821,4.46,4.25
5822,4.46,4.28
5824,4.46,4.31
5825,4.47,4.34
5826,4.47,4.36
5827,4.47,4.39
5828,4.48,4.41
5829,4.48,4.44
5830,4.49,4.46
5831,4.49,4.48
5833,4.50,4.50
5834,4.50,4.52
5835,4.50,4.54
5836,4.51,4.56
5837,4.51,4.57
5838,4.52,4.59
5839,4.52,4.60
5840,4.52,4.62
5842,4.52,4.63
5843,4.52,4.64
5844,4.53,4.66
5846,4.53,4.67
5847,4.53,4.68
5848,4.53,4.69
5849,4.53,4.70
5850,4.53,4.71
5852,4.53,4.72
5853,4.53,4.73
5854,4.53,4.74
5855,4.53,4.75
5856,4.53,4.76
5857,4.53,4.77
5858,4.53,4.77
5860,4.52,4.78
5861,4.52,4.78
5862,4.52,4.79
5863,4.51,4.80
5864,4.51,4.80
5865,4.50,4.81
5866,4.50,4.81
5867,4.50,4.82
5869,4.49,4.82
5870,4.49,4.83
5871,4.48,4.83
5872,4.48,4.84
5873,4.48,4.84
5874,4.48,4.85
5875,4.47,4.85
5876,4.47,4.85
5878,4.46,4.86
5879,4.46,4.86
5880,4.46,4.86
5881,4.46,4.87
5882,4.45,4.87
5883,4.45,4.87
5884,4.45,4.87
5885,4.44,4.88
5888,4.44,4.88
5889,4.44,4.88
5890,4.43,4.88
5891,4.43,4.88
5892,4.43,4.89
5893,4.42,4.89
5894,4.42,4.89
5895,4.41,4.89
5897,4.42,4.89
5898,4.41,4.90
5899,4.41,4.90
5900,4.41,4.90
5901,4.40,4.90
5902,4.40,4.90
5903,4.40,4.90
5904,4.40,4.90
5906,4.40,4.91
5907,4.40,4.91
5908,4.40,4.91
5909,4.39,4.91
5910,4.39,4.91
5911,4.39,4.91
5912,4.39,4.91
5913,4.39,4.91
5915,4.40,4.91
5916,4.40,4.92
5917,4.40,4.92
5918,4.40,4.92
5919,4.40,4.92
5920,4.40,4.92
5921,4.39,4.92
5922,4.39,4.93
5924,4.39,4.93
5925,4.39,4.93
5926,4.39,4.93
5927,4.39,4.93
5928,4.39,4.93
5929,4.39,4.93
5931,4.39,4.93
5932,4.39,4.93
5934,4.39,4.93
5935,4.39,4.93
5936,4.39,4.94
5937,4.39,4.94
5938,4.39,4.94
5939,4.39,4.94
5940,4.39,4.94
5941,4.39,4.94
5943,4.39,4.94
5944,4.39,4.94
5945,4.39,4.94
5946,4.39,4.94
5947,4.39,4.94
5948,4.39,4.94
5949,4.39,4.94
5950,4.39,4.95
5952,4.39,4.95
5953,4.38,4.95
5954,4.38,4.94
5955,4.38,4.95
5956,4.38,4.95
5957,4.38,4.95
5958,4.38,4.95
5959,4.38,4.95
5961,4.39,4.95
5962,4.39,4.95
5963,4.39,4.95
5964,4.39,4.95
5965,4.39,4.95
5966,4.39,4.95
5967,4.39,4.95
5969,4.39,4.95
5970,4.39,4.95
5971,4.39,4.95
5972,4.39,4.95
5974,4.39,4.95
5975,4.39,4.95
5976,4.40,4.95
5977,4.40,4.95
5979,4.40,4.95
5980,4.40,4.95
5981,4.40,4.95
5982,4.40,4.95
5983,4.40,4.96
5984,4.40,4.96
5985,4.40,4.96
5986,4.40,4.96
5988,4.39,4.96
5989,4.39,4.96
5990,4.39,4.96
5991,4.39,4.96
5992,4.39,4.96
5993,4.39,4.96
5994,4.39,4.96
5995,4.39,4.96
5997,4.39,4.96
5998,4.39,4.96
5999,4.39,4.96
6000,4.39,4.96
6001,4.39,4.96
6002,4.39,4.96
6003,4.39,4.96
6004,4.39,4.96
6006,4.38,4.96
6007,4.38,4.96
6008,4.38,4.96
6009,4.38,4.96
6010,4.39,4.96
6011,4.39,4.96
6012,4.39,4.96
6014,4.39,4.96
6016,4.39,4.96
6017,4.39,4.96
6018,4.39,4.96
6019,4.38,4.96
6020,4.38,4.96
6021,4.38,4.96
6022,4.38,4.96
6024,4.38,4.96
6025,4.39,4.96
6026,4.39,4.96
6027,4.39,4.96
6028,4.39,4.96
6029,4.38,4.96
6030,4.38,4.96
6031,4.38,4.96
6033,4.38,4.96
6034,4.38,4.97
6035,4.38,4.96
6036,4.38,4.96
6037,4.38,4.96
6038,4.38,4.96
6039,4.39,4.96
6040,4.39,4.96
6042,4.39,4.96
6043,4.38,4.96
6044,4.38,4.96
6045,4.38,4.97
6046,4.38,4.97
6047,4.38,4.97
6048,4.38,4.97
6049,4.37,4.96
6051,4.37,4.96
6052,4.37,4.96
6053,4.37,4.96
6054,4.37,4.96
6055,4.37,4.96
6056,4.37,4.96
6057,4.37,4.96
6059,4.37,4.96
6061,4.37,4.96
6062,4.37,4.97
6063,4.37,4.97
6064,4.37,4.96
6065,4.37,4.97
6066,4.37,4.96
6067,4.37,4.97
6068,4.37,4.96
6070,4.37,4.96
6071,4.38,4.96
6072,4.38,4.96
6073,4.38,4.96
6074,4.38,4.96
6075,4.38,4.96
6076,4.38,4.96
6077,4.38,4.96
6079,4.38,4.97
6080,4.38,4.97
6081,4.38,4.97
6082,4.38,4.97
6083,4.38,4.97
6084,4.38,4.97
6085,4.38,4.97
6087,4.38,4.96
6088,4.38,4.95
6089,4.39,4.93
6090,4.39,4.91
6091,4.40,4.88
6092,4.41,4.85
6093,4.41,4.81
6094,4.40,4.77
6096,4.40,4.73
6097,4.40,4.68
6098,4.40,4.63
6099,4.40,4.59
6100,4.39,4.55
6102,4.39,4.51
6103,4.39,4.47
6104,4.39,4.43
6106,4.39,4.39
6107,4.38,4.36
6108,4.38,4.33
6109,4.38,4.29
6110,4.38,4.26
6111,4.38,4.23
6112,4.38,4.20
6113,4.37,4.17
6115,4.37,4.14
6116,4.37,4.12
6117,4.36,4.10
6118,4.36,4.07
6119,4.35,4.05
6120,4.35,4.03
6121,4.35,4.01
6122,4.35,4.00
6124,4.35,3.98
6125,4.35,3.96
6126,4.34,3.94
6127,4.34,3.93
6128,4.33,3.91
6129,4.32,3.90
6130,4.32,3.89
6131,4.32,3.88
6133,4.31,3.87
6134,4.31,3.86
6135,4.31,3.85
6136,4.31,3.85
6137,4.31,3.83
6138,4.32,3.82
6139,4.32,3.81
6140,4.32,3.80
6142,4.32,3.79
6144,4.32,3.78
6145,4.32,3.78
6146,4.32,3.77
6147,4.32,3.76
6148,4.31,3.76
6149,4.31,3.75
6150,4.31,3.75
6152,4.31,3.74
6153,4.31,3.74
6154,4.31,3.73
6155,4.31,3.73
6156,4.31,3.72
6157,4.31,3.72
6158,4.32,3.72
6160,4.32,3.72
6161,4.32,3.71
6162,4.32,3.71
6163,4.32,3.71
6164,4.32,3.70
6165,4.33,3.70
6166,4.33,3.70
6167,4.33,3.70
6169,4.34,3.69
6170,4.34,3.69
6171,4.34,3.69
6172,4.35,3.68
6173,4.35,3.68
6174,4.35,3.68
6175,4.35,3.67
6177,4.35,3.67
6178,4.35,3.67
6179,4.35,3.67
6180,4.35,3.67
6181,4.35,3.66
6182,4.34,3.66
6183,4.34,3.66
6184,4.34,3.66
6187,4.34,3.66
6188,4.34,3.66
6189,4.35,3.66
6190,4.35,3.66
6191,4.35,3.66
6192,4.35,3.66
6193,4.35,3.66
6194,4.35,3.65
6196,4.35,3.65
6197,4.35,3.66
6198,4.36,3.66
6199,4.37,3.66
6200,4.38,3.66
6201,4.38,3.66
6202,4.39,3.66
6203,4.38,3.66
6205,4.38,3.66
6206,4.38,3.65
6207,4.37,3.65
6208,4.37,3.65
6209,4.36,3.65
6210,4.36,3.65
6211,4.36,3.65
6213,4.35,3.65
6214,4.35,3.65
6215,4.35,3.65
6216,4.35,3.65
6217,4.35,3.65
6218,4.35,3.65
6219,4.35,3.65
6221,4.35,3.65
6222,4.34,3.65
6223,4.34,3.65
6224,4.34,3.65
6225,4.35,3.66
6226,4.35,3.66
6227,4.35,3.66
6230,4.35,3.66
6231,4.35,3.66
6232,4.35,3.66
6233,4.35,3.66
6234,4.35,3.66
6235,4.35,3.66
6236,4.35,3.66
6237,4.35,3.66
6239,4.35,3.66
6240,4.35,3.66
6241,4.35,3.66
6242,4.35,3.66
6243,4.35,3.66
6244,4.36,3.66
6245,4.36,3.66
6247,4.36,3.66
6248,4.36,3.66
6249,4.36,3.66
6250,4.36,3.66
6251,4.37,3.66
6252,4.37,3.66
6253,4.37,3.66
6255,4.37,3.66
6256,4.37,3.66
6257,4.37,3.66
6258,4.38,3.66
6259,4.38,3.66
6260,4.38,3.66
6261,4.38,3.66
6263,4.38,3.66
6264,4.38,3.66
6265,4.38,3.66
6266,4.38,3.66
6267,4.37,3.65
6268,4.37,3.66
6269,4.36,3.66
6272,4.36,3.66
6273,4.36,3.66
6274,4.36,3.66
6275,4.36,3.66
6276,4.35,3.66
6277,4.35,3.66
6278,4.35,3.66
6279,4.35,3.66
6281,4.35,3.66
6282,4.35,3.65
6283,4.35,3.65
6284,4.35,3.65
6285,4.35,3.65
6286,4.35,3.65
6287,4.35,3.65
6289,4.35,3.65
6290,4.35,3.65
6291,4.35,3.65
6292,4.35,3.65
6293,4.36,3.66
6294,4.36,3.66
6295,4.36,3.66
6296,4.36,3.66
6298,4.36,3.66
6299,4.36,3.66
6300,4.36,3.66
6301,4.36,3.66
6302,4.35,3.66
6303,4.35,3.66
6304,4.35,3.66
6306,4.35,3.66
6307,4.35,3.66
6308,4.35,3.66
6309,4.35,3.66
6310,4.35,3.66
6311,4.35,3.66
6312,4.35,3.66
6313,4.35,3.66
6316,4.35,3.66
6317,4.35,3.66
6318,4.36,3.66
6319,4.36,3.66
6320,4.36,3.66
6321,4.36,3.66
6322,4.37,3.66
6324,4.37,3.66
6325,4.37,3.66
6326,4.37,3.66
6327,4.36,3.66
6328,4.36,3.66
6329,4.36,3.66
6330,4.36,3.66
6331,4.36,3.66
6333,4.36,3.66
6334,4.35,3.66
6335,4.35,3.67
6336,4.36,3.67
6337,4.36,3.67
6338,4.36,3.67
6339,4.36,3.67
6341,4.36,3.67
6342,4.36,3.67
6343,4.35,3.67
6344,4.35,3.67
6345,4.35,3.67
6346,4.35,3.66
6347,4.36,3.66
6348,4.36,3.66
6350,4.36,3.66
6351,4.36,3.66
6352,4.36,3.66
6353,4.36,3.66
6354,4.36,3.66
6355,4.36,3.66
6356,4.36,3.66
6358,4.36,3.66
6360,4.36,3.66
6361,4.36,3.66
6362,4.36,3.66
6363,4.36,3.66
6364,4.36,3.66
6365,4.36,3.66
6366,4.36,3.66
6367,4.36,3.66
6369,4.35,3.66
6370,4.35,3.66
6371,4.35,3.67
6372,4.35,3.67
6373,4.35,3.67
6374,4.35,3.67
6375,4.36,3.67
6377,4.36,3.67
6378,4.36,3.67
6379,4.36,3.67
6380,4.36,3.66
6381,4.36,3.66
6382,4.36,3.66
6383,4.35,3.66
6384,4.35,3.66
6386,4.35,3.66
6387,4.35,3.66
6388,4.35,3.66
6389,4.35,3.66
6390,4.35,3.67
6391,4.36,3.67
6392,4.36,3.67
6394,4.36,3.67
6395,4.36,3.67
6396,4.36,3.67
6397,4.36,3.67
6398,4.36,3.67
6400,4.36,3.67
6401,4.36,3.67
6403,4.36,3.67
6404,4.35,3.67
6405,4.35,3.67
6406,4.35,3.67
6407,4.35,3.67
6408,4.35,3.67
6409,4.35,3.67
6410,4.36,3.67
6412,4.37,3.67
6413,4.38,3.67
6414,4.39,3.67
6415,4.39,3.67
6416,4.40,3.67
6417,4.40,3.67
6418,4.39,3.66
6419,4.39,3.66
6421,4.38,3.65
6422,4.37,3.65
6423,4.36,3.65
6424,4.36,3.66
6425,4.36,3.66
6426,4.36,3.67
6427,4.35,3.67
6428,4.35,3.67
6430,4.35,3.67
6431,4.35,3.67
6432,4.35,3.67
6433,4.35,3.67
6434,4.34,3.67
6435,4.34,3.67
6436,4.34,3.67
6438,4.34,3.67
6439,4.34,3.67
6440,4.34,3.67
6441,4.34,3.67
6443,4.34,3.67
6444,4.34,3.67
6445,4.34,3.67
6446,4.34,3.67
6448,4.34,3.67
6449,4.34,3.67
6450,4.34,3.67
6451,4.34,3.67
6452,4.34,3.67
6453,4.34,3.67
6454,4.34,3.67
6455,4.34,3.67
6457,4.34,3.67
6458,4.34,3.67
6459,4.34,3.67
6460,4.35,3.67
6461,4.35,3.67
6462,4.35,3.68
6463,4.36,3.68
6464,4.37,3.68
6466,4.38,3.68
6467,4.39,3.68
6468,4.40,3.68
6469,4.41,3.68
6470,4.41,3.68
6471,4.41,3.67
6472,4.40,3.67
6473,4.40,3.66
6475,4.39,3.66
6476,4.38,3.66
6477,4.37,3.66
6478,4.36,3.66
6479,4.36,3.67
6480,4.36,3.67
6481,4.36,3.68
6483,4.36,3.68
6484,4.35,3.68
6486,4.35,3.68
6487,4.35,3.68
6488,4.35,3.68
6489,4.35,3.68
6490,4.35,3.68
6491,4.35,3.68
6493,4.35,3.68
6494,4.35,3.67
6495,4.35,3.67
6496,4.35,3.67
6497,4.35,3.68
6498,4.35,3.68
6499,4.35,3.68
6500,4.35,3.68
6502,4.35,3.68
6503,4.35,3.68
6504,4.35,3.68
6505,4.35,3.68
6506,4.35,3.68
6507,4.35,3.68
6508,4.35,3.68
6510,4.35,3.68
6511,4.35,3.68
6512,4.35,3.68
6513,4.35,3.68
6514,4.35,3.68
6515,4.35,3.68
6516,4.35,3.68
6517,4.35,3.68
6519,4.35,3.68
6520,4.35,3.68
6521,4.35,3.68
6522,4.35,3.68
6523,4.36,3.68
6524,4.36,3.69
6525,4.36,3.69
6526,4.37,3.69
6529,4.37,3.69
6530,4.37,3.69
6531,4.37,3.68
6532,4.37,3.68
6533,4.37,3.68
6534,4.37,3.68
6535,4.37,3.68
6537,4.37,3.68
6538,4.37,3.68
6539,4.37,3.68
6540,4.37,3.68
6541,4.36,3.69
6542,4.37,3.68
6543,4.36,3.69
6544,4.36,3.69
6546,4.36,3.69
6547,4.36,3.69
6548,4.36,3.69
6549,4.36,3.69
6550,4.36,3.69
6551,4.36,3.69
6552,4.36,3.69
6554,4.36,3.69
6555,4.36,3.69
6556,4.36,3.69
6557,4.36,3.69
6558,4.36,3.69
6559,4.35,3.69
6560,4.35,3.69
6561,4.35,3.69
6563,4.35,3.69
6564,4.35,3.70
6565,4.35,3.70
6566,4.35,3.70
6567,4.35,3.70
6568,4.35,3.70
6569,4.35,3.70
6571,4.35,3.70
6573,4.35,3.70
6574,4.35,3.70
6575,4.35,3.70
6576,4.35,3.70
6577,4.35,3.70
6578,4.35,3.70
6579,4.35,3.70
6580,4.36,3.70
6582,4.36,3.70
6583,4.36,3.70
6584,4.36,3.70
6585,4.35,3.70
6586,4.35,3.70
6587,4.35,3.70
6588,4.35,3.70
6589,4.35,3.70
6591,4.35,3.70
6592,4.35,3.70
6593,4.35,3.70
6594,4.36,3.70
6595,4.36,3.70
6596,4.36,3.70
6597,4.36,3.70
6598,4.36,3.70
6600,4.36,3.70
6601,4.35,3.70
6602,4.35,3.70
6603,4.35,3.70
6604,4.35,3.70
6605,4.35,3.70
6606,4.35,3.70
6607,4.35,3.70
6609,4.35,3.70
6610,4.36,3.71
6611,4.35,3.70
6612,4.35,3.71
6614,4.35,3.70
6615,4.35,3.70
6616,4.35,3.70
6617,4.35,3.70
6619,4.35,3.70
6620,4.35,3.70
6621,4.35,3.70
6622,4.35,3.71
6623,4.35,3.71
6624,4.35,3.71
6625,4.35,3.71
6627,4.35,3.71
6628,4.35,3.71
6629,4.35,3.71
6630,4.35,3.71
6631,4.35,3.71
6632,4.35,3.71
6633,4.35,3.72
6634,4.35,3.72
6636,4.35,3.72
6637,4.35,3.72
6638,4.35,3.72
6639,4.35,3.72
6640,4.35,3.72
6641,4.35,3.72
6642,4.35,3.72
6643,4.35,3.72
6645,4.35,3.72
6646,4.35,3.72
6647,4.36,3.71
6648,4.35,3.71
6649,4.35,3.71
6650,4.35,3.71
6651,4.35,3.71
6653,4.35,3.71
6654,4.35,3.72
6656,4.35,3.72
6657,4.35,3.72
6658,4.35,3.72
6659,4.35,3.72
6660,4.35,3.72
6661,4.35,3.72
6663,4.35,3.72
6664,4.35,3.72
6665,4.35,3.72
6666,4.35,3.72
6667,4.35,3.72
6668,4.35,3.72
6669,4.34,3.72
6670,4.34,3.72
6672,4.34,3.72
6673,4.34,3.72
6674,4.34,3.72
6675,4.34,3.72
6676,4.34,3.72
6677,4.34,3.72
6678,4.35,3.72
6680,4.35,3.72
6681,4.35,3.72
6682,4.35,3.72
6683,4.35,3.72
6684,4.35,3.72
6685,4.35,3.72
6686,4.35,3.72
6687,4.35,3.72
6689,4.35,3.72
6690,4.35,3.72
6691,4.35,3.72
6692,4.35,3.72
6693,4.35,3.72
6694,4.35,3.72
6695,4.35,3.72
6696,4.35,3.72
6699,4.35,3.72
6700,4.35,3.72
6701,4.35,3.72
6702,4.35,3.72
6703,4.35,3.73
6704,4.35,3.73
6705,4.35,3.73
6706,4.34,3.73
6708,4.35,3.73
6709,4.35,3.73
6710,4.34,3.73
6711,4.34,3.73
6712,4.34,3.73
6713,4.34,3.73
6714,4.34,3.72
6715,4.34,3.72
6717,4.34,3.72
6718,4.34,3.72
6719,4.34,3.72
6720,4.34,3.73
6721,4.34,3.73
6722,4.34,3.73
6723,4.34,3.73
6725,4.34,3.73
6726,4.34,3.73
6727,4.34,3.73
6728,4.34,3.73
6729,4.34,3.73
6730,4.34,3.73
6731,4.34,3.73
6732,4.34,3.73
6734,4.34,3.73
6735,4.34,3.73
6736,4.34,3.73
6737,4.34,3.73
6738,4.33,3.73
6739,4.34,3.73
6740,4.34,3.73
6743,4.34,3.73
6744,4.34,3.73
6745,4.34,3.73
6746,4.34,3.73
6747,4.34,3.73
6748,4.34,3.73
6749,4.34,3.73
6750,4.34,3.73
6752,4.34,3.73
6753,4.34,3.73
6754,4.34,3.73
6755,4.34,3.73
6756,4.34,3.74
6757,4.34,3.74
6758,4.34,3.74
6759,4.34,3.74
6761,4.34,3.74
6762,4.34,3.74
6763,4.34,3.74
6764,4.34,3.74
6765,4.34,3.74
6766,4.34,3.74
6767,4.34,3.74
6769,4.34,3.74
6770,4.34,3.74
6771,4.34,3.74
6772,4.34,3.74
6773,4.34,3.74
6774,4.34,3.74
6775,4.34,3.74
6776,4.34,3.74
6778,4.34,3.74
6779,4.34,3.74
6780,4.34,3.74
6781,4.33,3.74
6782,4.33,3.74
6784,4.33,3.74
6785,4.33,3.74
6786,4.33,3.74
6788,4.33,3.74
6789,4.33,3.74
6790,4.33,3.74
6791,4.34,3.74
6792,4.34,3.74
6793,4.34,3.74
6794,4.34,3.74
6796,4.34,3.74
6797,4.34,3.74
6798,4.34,3.74
6799,4.34,3.74
6800,4.34,3.75
6801,4.33,3.75
6802,4.33,3.75
6803,4.33,3.75
6805,4.33,3.75
6806,4.34,3.75
6807,4.34,3.74
6808,4.34,3.74
6809,4.34,3.74
6810,4.34,3.74
6811,4.34,3.74
6812,4.34,3.74
6814,4.34,3.74
6815,4.34,3.74
6816,4.33,3.74
6817,4.33,3.74
6818,4.33,3.74
6819,4.33,3.75
6820,4.33,3.75
6822,4.33,3.75
6823,4.33,3.75
6824,4.33,3.75
6825,4.32,3.75
6827,4.32,3.75
6828,4.32,3.75
6829,4.32,3.75
6830,4.32,3.75
6832,4.32,3.75
6833,4.32,3.75
6834,4.32,3.75
6835,4.32,3.75
6836,4.32,3.75
6837,4.32,3.75
6838,4.32,3.75
6839,4.32,3.75
6841,4.32,3.75
6842,4.32,3.75
6843,4.32,3.75
6844,4.32,3.75
6845,4.32,3.75
6846,4.32,3.75
6847,4.32,3.75
6848,4.32,3.75
6850,4.32,3.75
6851,4.32,3.75
6852,4.32,3.75
6853,4.32,3.76
6854,4.32,3.76
6855,4.32,3.76
6856,4.32,3.76
6857,4.32,3.76
6859,4.32,3.75
6860,4.32,3.75
6861,4.33,3.75
6862,4.33,3.75
6863,4.33,3.75
6864,4.34,3.75
6865,4.34,3.75
6866,4.34,3.75
6868,4.34,3.75
6870,4.34,3.75
6871,4.33,3.75
6872,4.33,3.75
6873,4.33,3.74
6874,4.33,3.74
6875,4.33,3.75
6877,4.32,3.75
6878,4.32,3.75
6879,4.32,3.75
6880,4.32,3.76
6881,4.32,3.76
6882,4.32,3.76
6883,4.32,3.76
6884,4.32,3.76
6886,4.31,3.76
6887,4.31,3.76
6888,4.31,3.76
6889,4.31,3.76
6890,4.31,3.76
6891,4.31,3.76
6892,4.31,3.76
6893,4.31,3.76
6895,4.31,3.76
6896,4.31,3.76
6897,4.31,3.76
6898,4.31,3.76
6899,4.31,3.76
6900,4.31,3.76
6901,4.31,3.76
6902,4.31,3.76
6904,4.31,3.76
6905,4.31,3.76
6906,4.31,3.76
6907,4.31,3.76
6908,4.31,3.76
6909,4.31,3.76
6910,4.31,3.76
6913,4.31,3.76
6914,4.31,3.76
6915,4.31,3.76
6916,4.31,3.76
6917,4.31,3.76
6918,4.31,3.76
6919,4.31,3.76
6920,4.32,3.76
6922,4.32,3.76
6923,4.32,3.76
6924,4.33,3.76
6925,4.33,3.76
6926,4.33,3.76
6927,4.34,3.76
6928,4.34,3.76
6929,4.33,3.75
6931,4.33,3.75
6932,4.33,3.75
6933,4.33,3.75
6934,4.33,3.75
6935,4.33,3.75
6936,4.33,3.75
6937,4.33,3.75
6939,4.33,3.75
6940,4.33,3.75
6941,4.33,3.75
6942,4.33,3.75
6943,4.32,3.75
6944,4.32,3.75
6945,4.32,3.75
6946,4.32,3.75
6948,4.32,3.75
6949,4.32,3.75
6950,4.32,3.75
6951,4.31,3.75
6952,4.31,3.75
6953,4.31,3.75
6955,4.31,3.76
6956,4.31,3.75
6958,4.31,3.75
6959,4.31,3.75
6960,4.31,3.75
6961,4.31,3.75
6962,4.31,3.76
6963,4.31,3.76
6964,4.31,3.75
6966,4.30,3.75
6967,4.30,3.75
6968,4.30,3.75
6969,4.30,3.75
6970,4.30,3.75
6971,4.30,3.75
6972,4.30,3.75
6973,4.30,3.75
6975,4.30,3.75
6976,4.30,3.75
6977,4.31,3.75
6978,4.31,3.75
6979,4.31,3.75
6980,4.31,3.75
6981,4.31,3.75
6982,4.30,3.75
6984,4.31,3.75
6985,4.31,3.75
6986,4.31,3.75
6987,4.31,3.75
6988,4.31,3.75
6989,4.31,3.75
6990,4.31,3.75
6992,4.31,3.75
6993,4.31,3.75
6994,4.31,3.75
6995,4.31,3.75
6996,4.31,3.75
6998,4.31,3.75
6999,4.31,3.75
7000,4.32,3.75
7002,4.32,3.75
7003,4.32,3.75
7004,4.32,3.75
7005,4.32,3.75
7006,4.32,3.75
7007,4.32,3.75
7008,4.32,3.75
7009,4.32,3.75
7011,4.32,3.75
7012,4.32,3.75
7013,4.31,3.75
7014,4.31,3.75
7015,4.31,3.75
7016,4.31,3.75
7017,4.31,3.75
7019,4.31,3.75
7020,4.31,3.75
7021,4.31,3.75
7022,4.31,3.75
7023,4.31,3.75
7024,4.31,3.75
7025,4.31,3.75
7026,4.31,3.75
7028,4.30,3.75
7029,4.30,3.75
7030,4.30,3.75
7031,4.30,3.75
7032,4.30,3.76
7033,4.30,3.75
7034,4.30,3.75
7035,4.30,3.75
7037,4.30,3.75
7038,4.30,3.75
7040,4.30,3.75
7041,4.30,3.75
7042,4.30,3.75
7043,4.30,3.75
7044,4.30,3.75
7045,4.30,3.75
7047,4.30,3.75
7048,4.30,3.75
7049,4.30,3.75
7050,4.30,3.75
7051,4.30,3.75
7052,4.30,3.75
7053,4.30,3.75
7054,4.30,3.75
7056,4.30,3.75
7057,4.30,3.75
7058,4.30,3.75
7059,4.30,3.75
7060,4.30,3.75
7061,4.31,3.75
7062,4.31,3.75
7063,4.31,3.75
7065,4.31,3.75
7066,4.31,3.75
7067,4.31,3.75
7068,4.32,3.75
7069,4.32,3.75
7070,4.32,3.75
7071,4.32,3.75
7072,4.32,3.75
7074,4.31,3.75
7075,4.31,3.75
7076,4.31,3.75
7077,4.31,3.75
7078,4.31,3.75
7079,4.31,3.75
7080,4.31,3.75
7083,4.31,3.75
7084,4.31,3.75
7085,4.31,3.75
7086,4.31,3.75
7087,4.30,3.75
7088,4.30,3.75
7089,4.30,3.75
7090,4.30,3.75
7092,4.30,3.75
7093,4.30,3.75
7094,4.30,3.75
7095,4.30,3.75
7096,4.30,3.75
7097,4.30,3.75
7098,4.30,3.75
7099,4.30,3.75
7101,4.30,3.75
7102,4.30,3.75
7103,4.30,3.75
7104,4.30,3.75
7105,4.30,3.75
7106,4.30,3.74
7107,4.30,3.75
7108,4.30,3.75
7110,4.30,3.75
7111,4.30,3.75
7112,4.30,3.75
7113,4.30,3.75
7114,4.30,3.75
7115,4.30,3.75
7116,4.30,3.75
7117,4.30,3.75
7119,4.30,3.75
7120,4.30,3.75
7121,4.30,3.75
7122,4.30,3.75
7123,4.30,3.75
7124,4.30,3.75
7126,4.30,3.75
7127,4.30,3.75
7129,4.30,3.75
7130,4.30,3.75
7131,4.30,3.75
7132,4.30,3.75
7133,4.30,3.75
7134,4.30,3.75
7135,4.30,3.75
7136,4.30,3.74
7138,4.30,3.74
7139,4.30,3.75
7140,4.30,3.74
7141,4.30,3.74
7142,4.30,3.75
7143,4.30,3.74
7144,4.30,3.75
7145,4.30,3.74
7147,4.30,3.74
7148,4.30,3.75
7149,4.30,3.74
7150,4.30,3.74
7151,4.30,3.74
7152,4.30,3.74
7153,4.30,3.74
7154,4.30,3.74
7156,4.31,3.75
7157,4.31,3.74
7158,4.31,3.74
7159,4.31,3.74
7160,4.31,3.74
7161,4.31,3.74
7162,4.31,3.74
7163,4.31,3.74
7165,4.31,3.74
7166,4.31,3.74
7168,4.30,3.74
7169,4.30,3.74
7170,4.30,3.74
7171,4.30,3.74
7172,4.30,3.74
7173,4.30,3.74
7175,4.30,3.74
7176,4.30,3.74
7177,4.30,3.74
7178,4.30,3.74
7179,4.30,3.74
7180,4.30,3.74
7181,4.30,3.74
7182,4.29,3.74
7184,4.30,3.74
7185,4.30,3.74
7186,4.30,3.74
7187,4.30,3.74
7188,4.30,3.74
7189,4.30,3.74
7190,4.30,3.74
7191,4.30,3.74
7193,4.30,3.74
7194,4.30,3.74
7195,4.30,3.74
7196,4.30,3.74
7197,4.30,3.74
7198,4.30,3.74
7199,4.30,3.74
7200,4.30,3.74
7202,4.30,3.74
7203,4.30,3.74
7204,4.30,3.74
7205,4.30,3.74
7206,4.30,3.74
7207,4.30,3.74
7208,4.30,3.74
7209,4.30,3.74
7212,4.30,3.74
7213,4.30,3.74
7214,4.30,3.74
7215,4.31,3.74
7216,4.31,3.74
7217,4.31,3.74
7218,4.31,3.74
7219,4.31,3.74
7221,4.31,3.74
7222,4.31,3.74
7223,4.31,3.74
7224,4.31,3.74
7225,4.31,3.74
7226,4.31,3.74
7227,4.31,3.74
7228,4.32,3.74
7230,4.32,3.74
7231,4.32,3.74
7232,4.32,3.74
7233,4.32,3.74
7234,4.32,3.74
7235,4.32,3.74
7236,4.32,3.74
7238,4.32,3.74
7239,4.32,3.74
7240,4.31,3.74
7241,4.31,3.74
7242,4.31,3.74
7243,4.31,3.74
7244,4.31,3.75
7245,4.31,3.75
7247,4.31,3.75
7248,4.31,3.75
7249,4.31,3.75
7250,4.31,3.75
7251,4.31,3.74
7252,4.31,3.74
7254,4.31,3.74
7255,4.31,3.74
7257,4.31,3.74
7258,4.31,3.74
7259,4.31,3.74
7260,4.31,3.74
7261,4.31,3.74
7262,4.31,3.74
7263,4.30,3.75
7265,4.30,3.75
7266,4.30,3.75
7267,4.30,3.75
7268,4.30,3.75
7269,4.30,3.75
7270,4.30,3.75
7271,4.30,3.75
7272,4.30,3.75
7274,4.31,3.74
7275,4.31,3.74
7276,4.31,3.74
7277,4.32,3.75
7278,4.32,3.75
7279,4.32,3.75
7280,4.32,3.75
7281,4.32,3.75
7283,4.32,3.74
7284,4.32,3.74
7285,4.31,3.74
7286,4.31,3.74
7287,4.31,3.74
7288,4.31,3.74
7289,4.31,3.75
7290,4.31,3.75
7292,4.31,3.74
7293,4.31,3.75
7294,4.32,3.75
7296,4.32,3.75
7297,4.33,3.75
7298,4.33,3.74
7299,4.33,3.74
7301,4.33,3.74
7302,4.33,3.74
7303,4.33,3.74
7304,4.33,3.74
7305,4.33,3.73
7306,4.32,3.73
7307,4.32,3.73
7308,4.32,3.74
7310,4.32,3.74
7311,4.32,3.74
7312,4.33,3.74
7313,4.33,3.74
7314,4.33,3.73
7315,4.34,3.73
7316,4.34,3.73
7317,4.34,3.73
7319,4.35,3.73
7320,4.35,3.72
7321,4.35,3.72
7322,4.35,3.72
7323,4.35,3.72
7324,4.35,3.72
7325,4.36,3.71
7327,4.36,3.71
7328,4.37,3.71
7329,4.37,3.71
7330,4.37,3.71
7331,4.37,3.70
7332,4.37,3.70
7333,4.37,3.70
7334,4.36,3.70
7336,4.36,3.70
7337,4.35,3.70
7339,4.35,3.69
7340,4.34,3.69
7341,4.33,3.70
7342,4.33,3.70
7343,4.32,3.71
7344,4.32,3.71
7346,4.32,3.72
7347,4.32,3.72
7348,4.31,3.72
7349,4.31,3.72
7350,4.31,3.72
7351,4.31,3.73
7352,4.31,3.73
7354,4.31,3.73
7355,4.31,3.73
7356,4.31,3.73
7357,4.31,3.74
7358,4.31,3.74
7359,4.31,3.74
7360,4.31,3.75
7361,4.31,3.75
7363,4.30,3.75
7364,4.30,3.76
7365,4.30,3.76
7366,4.29,3.76
7367,4.29,3.77
7368,4.29,3.77
7369,4.28,3.77
7370,4.28,3.78
7372,4.28,3.78
7373,4.28,3.78
7374,4.27,3.78
7375,4.27,3.78
7376,4.28,3.78
7377,4.28,3.77
7378,4.28,3.77
7379,4.28,3.76
7382,4.29,3.76
7383,4.29,3.76
7384,4.30,3.76
7385,4.30,3.75
7386,4.30,3.75
7387,4.30,3.75
7388,4.30,3.75
7389,4.30,3.75
7391,4.30,3.75
7392,4.30,3.75
7393,4.31,3.75
7394,4.32,3.75
7395,4.32,3.76
7396,4.33,3.76
7397,4.34,3.75
7398,4.35,3.75
7400,4.35,3.75
7401,4.35,3.74
7402,4.35,3.74
7403,4.35,3.74
7404,4.34,3.73
7405,4.34,3.73
7406,4.33,3.73
7407,4.32,3.73
7409,4.32,3.73
7410,4.32,3.74
7411,4.31,3.74
7412,4.31,3.75
7413,4.32,3.75
7414,4.31,3.75
7415,4.31,3.74
7417,4.31,3.74
7418,4.31,3.74
7419,4.31,3.74
7420,4.31,3.74
7421,4.31,3.74
7422,4.30,3.74
7424,4.30,3.74
7425,4.31,3.74
7427,4.31,3.74
7428,4.31,3.74
7429,4.31,3.74
7430,4.31,3.74
7431,4.32,3.74
7432,4.32,3.74
7433,4.32,3.74
7435,4.32,3.74
7436,4.32,3.74
7437,4.32,3.74
7438,4.32,3.74
7439,4.32,3.74
7440,4.31,3.74
7441,4.31,3.74
7442,4.31,3.73
7444,4.31,3.74
7445,4.31,3.74
7446,4.31,3.74
7447,4.30,3.74
7448,4.30,3.74
7449,4.30,3.74
7450,4.31,3.74
7451,4.31,3.74
7453,4.32,3.74
7454,4.33,3.74
7455,4.34,3.74
7456,4.35,3.74
7457,4.35,3.73
7458,4.36,3.73
7459,4.36,3.72
7461,4.35,3.72
7462,4.35,3.71
7463,4.34,3.71
7464,4.33,3.70
7465,4.32,3.70
7467,4.31,3.71
7468,4.31,3.72
7469,4.31,3.73
7471,4.31,3.73
7472,4.31,3.74
7473,4.32,3.74
7474,4.32,3.73
7475,4.33,3.73
7476,4.33,3.73
7477,4.33,3.72
7478,4.33,3.72
7480,4.32,3.72
7481,4.32,3.72
7482,4.31,3.72
7483,4.31,3.72
7484,4.30,3.73
7485,4.30,3.73
7486,4.30,3.74
7488,4.30,3.74
7489,4.30,3.74
7490,4.30,3.74
7491,4.30,3.73
7492,4.30,3.74
7493,4.30,3.74
7494,4.30,3.74
7495,4.30,3.74
7497,4.30,3.74
7498,4.30,3.74
7499,4.30,3.74
7500,4.30,3.74
7501,4.30,3.73
7502,4.32,3.74
7503,4.33,3.74
7504,4.34,3.74
7506,4.34,3.73
7507,4.35,3.73
7508,4.35,3.72
7510,4.34,3.72
7511,4.33,3.71
7512,4.32,3.71
7513,4.31,3.71
7514,4.31,3.71
7516,4.30,3.71
7517,4.30,3.72
7518,4.30,3.73
7519,4.30,3.73
7520,4.30,3.74
7521,4.30,3.74
7522,4.30,3.74
7523,4.30,3.74
7525,4.29,3.74
7526,4.29,3.74
7527,4.30,3.74
7528,4.30,3.74
7529,4.30,3.74
7530,4.30,3.74
7531,4.31,3.74
7532,4.31,3.73
7534,4.32,3.73
7535,4.32,3.73
7536,4.33,3.73
7537,4.33,3.73
7538,4.33,3.73
7539,4.33,3.73
7540,4.33,3.73
7542,4.33,3.72
7543,4.33,3.72
7544,4.32,3.72
7545,4.32,3.72
7546,4.32,3.72
7547,4.31,3.72
7548,4.31,3.72
7549,4.31,3.73
7552,4.32,3.73
7553,4.32,3.73
7554,4.32,3.73
7555,4.32,3.73
7556,4.32,3.73
7557,4.33,3.73
7558,4.33,3.73
7560,4.33,3.73
7561,4.33,3.73
7562,4.33,3.72
7563,4.33,3.72
7564,4.32,3.72
7565,4.32,3.72
7566,4.32,3.72
7567,4.31,3.72
7569,4.31,3.72
7570,4.31,3.73
7571,4.31,3.73
7572,4.30,3.73
7573,4.30,3.73
7574,4.30,3.73
7575,4.30,3.73
7576,4.30,3.73
7578,4.31,3.73
7579,4.31,3.72
7580,4.31,3.72
7581,4.32,3.72
7582,4.32,3.72
7583,4.33,3.72
7584,4.33,3.72
7586,4.32,3.72
7587,4.32,3.71
7588,4.32,3.72
7589,4.32,3.72
7590,4.32,3.72
7591,4.33,3.72
7592,4.33,3.73
7593,4.33,3.72
7596,4.33,3.72
7597,4.33,3.72
7598,4.32,3.72
7599,4.32,3.71
7600,4.31,3.72
7601,4.31,3.72
7602,4.31,3.72
7604,4.31,3.72
7605,4.31,3.72
7606,4.31,3.72
7607,4.30,3.72
7608,4.30,3.72
7609,4.30,3.72
7610,4.31,3.72
7611,4.31,3.72
7613,4.31,3.72
7614,4.32,3.73
7615,4.32,3.73
7616,4.33,3.73
7617,4.34,3.73
7618,4.34,3.73
7619,4.35,3.73
7620,4.35,3.73
7622,4.35,3.73
7623,4.35,3.72
7624,4.34,3.72
7625,4.33,3.71
7626,4.32,3.71
7627,4.32,3.72
7628,4.31,3.72
7630,4.31,3.73
7631,4.31,3.74
7632,4.31,3.74
7633,4.32,3.74
7634,4.32,3.74
7635,4.32,3.73
7636,4.32,3.73
7638,4.32,3.73
7640,4.33,3.73
7641,4.34,3.73
7642,4.34,3.73
7643,4.34,3.73
7644,4.34,3.73
7645,4.33,3.72
7646,4.32,3.72
7648,4.31,3.72
7649,4.31,3.72
7650,4.30,3.73
7651,4.30,3.73
7652,4.30,3.73
7653,4.30,3.74
7654,4.30,3.74
7655,4.31,3.74
7657,4.31,3.74
7658,4.31,3.74
7659,4.31,3.74
7660,4.31,3.74
7661,4.31,3.74
7662,4.31,3.74
7663,4.31,3.74
7664,4.31,3.74
7666,4.31,3.74
7667,4.32,3.74
7668,4.32,3.74
7669,4.33,3.74
7670,4.34,3.74
7671,4.34,3.74
7672,4.34,3.74
7674,4.34,3.74
7675,4.33,3.74
7676,4.32,3.73
7677,4.32,3.74
7678,4.32,3.74
7680,4.32,3.74
7681,4.32,3.74
7682,4.33,3.74
7684,4.33,3.74
7685,4.33,3.74
7686,4.33,3.74
7687,4.33,3.73
7688,4.32,3.73
7689,4.32,3.73
7690,4.32,3.73
7691,4.32,3.74
7693,4.32,3.75
7694,4.32,3.75
7695,4.33,3.75
7696,4.33,3.75
7697,4.33,3.76
7698,4.33,3.76
7699,4.33,3.76
7700,4.33,3.76
7702,4.33,3.75
7703,4.32,3.75
7704,4.32,3.75
7705,4.31,3.75
7706,4.31,3.75
7707,4.31,3.75
7708,4.31,3.75
7710,4.31,3.75
7711,4.31,3.75
7712,4.31,3.76
7713,4.31,3.75
7714,4.31,3.75
7715,4.32,3.76
7716,4.32,3.76
7717,4.33,3.76
7719,4.34,3.76
7720,4.34,3.76
7721,4.34,3.76
7723,4.34,3.75
7724,4.34,3.75
7725,4.34,3.74
7726,4.33,3.74
7727,4.32,3.74
7729,4.32,3.75
7730,4.32,3.76
7731,4.32,3.76
7732,4.32,3.76
7733,4.32,3.77
7734,4.32,3.77
7735,4.32,3.77
7736,4.33,3.77
7738,4.33,3.77
7739,4.34,3.77
7740,4.34,3.76
7741,4.33,3.76
7742,4.33,3.76
7743,4.32,3.76
7744,4.32,3.76
7746,4.31,3.76
7747,4.31,3.77
7748,4.31,3.78
7749,4.31,3.78
7750,4.31,3.78
7751,4.31,3.78
7752,4.31,3.78
7753,4.31,3.78
7755,4.32,3.77
7756,4.33,3.77
7757,4.34,3.78
7758,4.34,3.78
7759,4.35,3.77
7760,4.34,3.77
7761,4.33,3.76
7762,4.32,3.75
7764,4.31,3.75
7766,4.31,3.76
7767,4.31,3.77
7768,4.31,3.77
7769,4.31,3.78
7770,4.31,3.78
7771,4.32,3.78
7772,4.32,3.78
7774,4.33,3.78
7775,4.33,3.78
7776,4.33,3.77
7777,4.33,3.77
7778,4.32,3.77
7779,4.32,3.77
7780,4.32,3.77
7782,4.31,3.77
7783,4.31,3.77
7784,4.31,3.77
7785,4.32,3.77
7786,4.32,3.78
7787,4.34,3.78
7788,4.35,3.78
7789,4.35,3.79
7791,4.36,3.79
7792,4.36,3.78
7793,4.36,3.78
7794,4.35,3.77
7795,4.35,3.77
7796,4.34,3.77
7797,4.33,3.76
7798,4.33,3.76
7800,4.32,3.77
7801,4.32,3.77
7802,4.32,3.78
7803,4.32,3.78
7804,4.32,3.78
7805,4.32,3.78
7806,4.32,3.78
7808,4.32,3.78
7810,4.31,3.78
7811,4.31,3.78
7812,4.31,3.78
7813,4.31,3.79
7814,4.32,3.79
7815,4.32,3.79
7816,4.32,3.79
7817,4.33,3.79
7819,4.33,3.79
7820,4.33,3.79
7821,4.33,3.79
7822,4.33,3.79
7823,4.33,3.79
7824,4.33,3.79
7825,4.32,3.79
7826,4.32,3.79
7828,4.32,3.79
7829,4.32,3.80
7830,4.32,3.80
7831,4.32,3.80
7832,4.32,3.79
7833,4.32,3.79
7834,4.32,3.79
7835,4.32,3.79
7837,4.32,3.79
7838,4.32,3.79
7839,4.32,3.80
7840,4.32,3.80
7841,4.33,3.80
7842,4.33,3.80
7843,4.33,3.80
7844,4.33,3.80
7846,4.33,3.80
7847,4.33,3.80
7848,4.34,3.80
7849,4.34,3.81
7851,4.35,3.81
7852,4.35,3.81
7853,4.35,3.81
7855,4.35,3.80
7856,4.35,3.80
7857,4.34,3.80
7858,4.34,3.80
7859,4.34,3.80
7860,4.34,3.80
7861,4.34,3.80
7862,4.34,3.80
7864,4.35,3.80
7865,4.35,3.80
7866,4.35,3.81
7867,4.35,3.81
7868,4.35,3.80
7869,4.34,3.80
7870,4.34,3.80
7871,4.34,3.80
7873,4.34,3.81
7874,4.35,3.82
7875,4.35,3.82
7876,4.35,3.82
7877,4.36,3.82
7878,4.36,3.82
7879,4.35,3.82
7880,4.35,3.81
7882,4.35,3.81
7883,4.34,3.81
7884,4.34,3.82
7885,4.34,3.82
7886,4.34,3.82
7887,4.34,3.83
7888,4.34,3.82
7890,4.34,3.83
7891,4.34,3.82
7892,4.34,3.82
7894,4.34,3.82
7895,4.34,3.83
7896,4.34,3.83
7897,4.35,3.83
7898,4.35,3.82
7900,4.35,3.82
7901,4.35,3.82
7902,4.35,3.83
7903,4.34,3.83
7904,4.34,3.83
7905,4.33,3.84
7906,4.33,3.84
7908,4.33,3.85
7909,4.33,3.85
7910,4.33,3.85
7911,4.34,3.86
7912,4.34,3.86
7913,4.34,3.86
7914,4.33,3.86
7915,4.33,3.86
7917,4.33,3.86
7918,4.33,3.86
7919,4.33,3.87
7920,4.34,3.87
7921,4.34,3.87
7922,4.34,3.87
7923,4.34,3.87
7925,4.34,3.87
7926,4.34,3.87
7927,4.34,3.88
7928,4.34,3.88
7929,4.35,3.89
7930,4.35,3.89
7931,4.35,3.89
7932,4.35,3.90
7934,4.35,3.91
7936,4.35,3.91
7937,4.35,3.92
7938,4.35,3.92
7939,4.35,3.93
7940,4.34,3.93
7941,4.34,3.93
7942,4.34,3.94
7944,4.34,3.94
7945,4.35,3.95
7946,4.35,3.95
7947,4.35,3.95
7948,4.35,3.96
7949,4.35,3.97
7950,4.35,3.98
7951,4.35,3.98
7953,4.35,4.00
7954,4.36,4.01
7955,4.36,4.02
7956,4.37,4.04
7957,4.37,4.06
7958,4.37,4.09
7959,4.37,4.13
7961,4.37,4.15
7962,4.37,4.19
7963,4.38,4.22
7964,4.38,4.25
7965,4.39,4.28
7966,4.40,4.31
7967,4.40,4.34
7968,4.40,4.37
7970,4.40,4.39
7971,4.40,4.42
7972,4.40,4.44
7973,4.40,4.46
7974,4.40,4.48
7975,4.41,4.50
7976,4.41,4.52
7977,4.43,4.54
7980,4.43,4.56
7981,4.44,4.57
7982,4.45,4.59
7983,4.46,4.60
7984,4.46,4.62
7985,4.46,4.63
7986,4.46,4.65
7987,4.46,4.66
7989,4.46,4.67
7990,4.46,4.68
7991,4.45,4.69
7992,4.45,4.70
7993,4.45,4.72
7994,4.45,4.73
7995,4.45,4.73
7996,4.45,4.74
7998,4.46,4.75
7999,4.46,4.76
8000,4.46,4.77
8001,4.45,4.78
8002,4.45,4.78
8003,4.45,4.78
8004,4.44,4.79
8005,4.44,4.80
8007,4.44,4.80
8008,4.43,4.81
8009,4.43,4.81
8010,4.43,4.82
8011,4.44,4.82
8012,4.44,4.83
8013,4.44,4.83
8014,4.44,4.84
8016,4.44,4.84
8017,4.43,4.85
8018,4.42,4.85
8019,4.42,4.85
8020,4.41,4.86
8022,4.41,4.86
8023,4.40,4.87
8024,4.40,4.87
8026,4.40,4.87
8027,4.39,4.87
8028,4.39,4.88
8029,4.38,4.88
8030,4.38,4.88
8031,4.38,4.88
8032,4.38,4.88
8033,4.38,4.88
8035,4.38,4.88
8036,4.38,4.89
8037,4.38,4.89
8038,4.37,4.89
8039,4.37,4.89
8040,4.37,4.90
8041,4.36,4.90
8042,4.36,4.90
8044,4.36,4.90
8045,4.36,4.90
8046,4.37,4.90
8047,4.37,4.90
8048,4.37,4.90
8049,4.37,4.91
8050,4.36,4.91
8051,4.37,4.91
8053,4.37,4.91
8054,4.37,4.91
8055,4.37,4.91
8056,4.37,4.91
8057,4.38,4.91
8058,4.38,4.92
8059,4.38,4.92
8060,4.38,4.92
8062,4.38,4.92
8064,4.37,4.92
8065,4.37,4.93
8066,4.37,4.93
8067,4.38,4.93
8068,4.37,4.93
8069,4.37,4.93
8070,4.37,4.93
8072,4.37,4.94
8073,4.36,4.94
8074,4.37,4.93
8075,4.37,4.93
8076,4.37,4.93
8077,4.37,4.94
8078,4.37,4.94
8079,4.37,4.94
8081,4.37,4.94
8082,4.36,4.94
8083,4.36,4.94
8084,4.36,4.94
8085,4.37,4.94
8086,4.37,4.94
8087,4.37,4.94
8089,4.37,4.94
8090,4.37,4.94
8091,4.36,4.95
8092,4.36,4.95
8093,4.36,4.95
8094,4.36,4.95
8095,4.36,4.95
8096,4.36,4.95
8098,4.36,4.94
8099,4.37,4.95
8100,4.37,4.95
8101,4.37,4.95
8102,4.37,4.95
8103,4.37,4.95
8104,4.37,4.95
8105,4.38,4.95
8108,4.38,4.95
8109,4.38,4.95
8110,4.38,4.95
8111,4.38,4.95
8112,4.38,4.95
8113,4.38,4.95
8114,4.38,4.95
8116,4.38,4.95
8117,4.38,4.95
8118,4.38,4.96
8119,4.38,4.95
8120,4.38,4.95
8121,4.38,4.95
8122,4.38,4.95
8123,4.38,4.96
8125,4.38,4.96
8126,4.38,4.96
8127,4.38,4.96
8128,4.38,4.96
8129,4.38,4.95
8130,4.39,4.96
8131,4.39,4.95
8132,4.39,4.96
8134,4.40,4.96
8135,4.40,4.96
8136,4.40,4.96
8137,4.39,4.96
8138,4.39,4.96
8139,4.39,4.96
8140,4.39,4.96
8141,4.39,4.96
8143,4.39,4.96
8144,4.39,4.96
8145,4.39,4.96
8146,4.39,4.96
8147,4.38,4.96
8148,4.38,4.96
8150,4.38,4.96
8151,4.38,4.96
8153,4.38,4.96
8154,4.38,4.96
8155,4.38,4.96
8156,4.39,4.96
8157,4.39,4.96
8158,4.39,4.96
8159,4.39,4.96
8161,4.39,4.96
8162,4.39,4.96
8163,4.39,4.96
8164,4.39,4.96
8165,4.39,4.96
8166,4.39,4.96
8167,4.40,4.96
8168,4.40,4.96
8170,4.40,4.96
8171,4.40,4.96
8172,4.40,4.96
8173,4.40,4.96
8174,4.40,4.96
8175,4.40,4.97
8176,4.39,4.97
8177,4.39,4.97
8179,4.39,4.97
8180,4.39,4.97
8181,4.39,4.96
8182,4.40,4.96
8183,4.40,4.96
8184,4.40,4.96
8185,4.40,4.96
8186,4.40,4.97
8187,4.40,4.97
8189,4.39,4.97
8190,4.39,4.97
8192,4.39,4.97
8193,4.39,4.97
8194,4.38,4.97
8195,4.38,4.97
8196,4.39,4.96
8198,4.39,4.96
8199,4.39,4.96
8200,4.39,4.96
8201,4.39,4.96
8202,4.39,4.96
8203,4.39,4.96
8204,4.39,4.96
8205,4.39,4.96
8207,4.39,4.96
8208,4.39,4.96
8209,4.39,4.96
8210,4.39,4.96
8211,4.39,4.96
8212,4.39,4.96
8213,4.39,4.96
8214,4.39,4.97
8216,4.39,4.97
8217,4.39,4.96
8218,4.39,4.97
8219,4.39,4.96
8220,4.39,4.96
8221,4.40,4.96
8222,4.40,4.97
8223,4.40,4.97
8225,4.41,4.97
8226,4.41,4.96
8227,4.41,4.97
8228,4.41,4.96
8229,4.41,4.96
8230,4.40,4.96
8231,4.40,4.97
8232,4.41,4.96
8235,4.41,4.96
8236,4.41,4.97
8237,4.41,4.97
8238,4.41,4.96
8239,4.41,4.97
8240,4.41,4.97
8241,4.41,4.96
8242,4.41,4.96
8244,4.41,4.97
8245,4.41,4.97
8246,4.41,4.97
8247,4.41,4.97
8248,4.41,4.97
8249,4.41,4.97
8250,4.41,4.97
8252,4.41,4.97
8253,4.41,4.97
8254,4.41,4.97
8255,4.41,4.97
8256,4.41,4.97
8257,4.41,4.97
8258,4.41,4.97
8260,4.41,4.97
8261,4.41,4.97
8262,4.41,4.97
8263,4.41,4.97
8264,4.41,4.97
8265,4.41,4.97
8266,4.41,4.97
8268,4.41,4.97
8269,4.41,4.97
8270,4.42,4.97
8271,4.42,4.97
8272,4.42,4.97
8273,4.42,4.97
8274,4.42,4.97
8275,4.42,4.97
8278,4.42,4.97
8279,4.42,4.97
8280,4.42,4.97
8281,4.42,4.97
8282,4.42,4.97
8283,4.43,4.97
8284,4.44,4.97
8286,4.44,4.97
8287,4.44,4.96
8288,4.45,4.95
8289,4.45,4.94
8290,4.45,4.92
8291,4.44,4.91
8292,4.44,4.89
8293,4.45,4.88
8295,4.45,4.86
8296,4.45,4.84
8297,4.44,4.81
8298,4.44,4.78
8299,4.44,4.76
8300,4.44,4.73
8301,4.44,4.70
8302,4.44,4.67
8304,4.45,4.64
8305,4.44,4.61
8306,4.45,4.58
8307,4.44,4.56
8308,4.44,4.53
8309,4.44,4.50
8310,4.43,4.47
8311,4.42,4.45
8313,4.42,4.43
8314,4.41,4.40
8315,4.41,4.38
8316,4.41,4.36
8317,4.41,4.34
8318,4.41,4.32
8320,4.40,4.30
8321,4.40,4.27
8323,4.40,4.26
8324,4.39,4.24
8325,4.39,4.22
8326,4.39,4.20
8327,4.39,4.19
8328,4.38,4.17
8329,4.38,4.15
8330,4.38,4.14
8332,4.37,4.13
8333,4.37,4.12
8334,4.37,4.11
8335,4.37,4.09
8336,4.37,4.08
8337,4.37,4.07
8338,4.38,4.06
8339,4.37,4.05
8341,4.38,4.04
8342,4.38,4.03
8343,4.38,4.02
8344,4.38,4.01
8345,4.38,4.01
8346,4.38,4.00
8347,4.39,3.99
8348,4.39,3.98
8350,4.39,3.97
8351,4.39,3.96
8352,4.40,3.96
8353,4.39,3.95
8354,4.40,3.94
8355,4.39,3.94
8356,4.39,3.93
8357,4.39,3.93
8359,4.39,3.92
8360,4.39,3.92
8361,4.39,3.91
8363,4.39,3.91
8364,4.40,3.91
8365,4.40,3.91
8366,4.40,3.91
8367,4.40,3.90
8369,4.40,3.90
8370,4.40,3.89
8371,4.40,3.89
8372,4.40,3.88
8373,4.40,3.88
8374,4.40,3.88
8375,4.40,3.87
8376,4.40,3.87
8378,4.40,3.86
8379,4.40,3.86
8380,4.40,3.86
8381,4.40,3.85
8382,4.40,3.85
8383,4.41,3.84
8384,4.41,3.84
8385,4.41,3.84
8387,4.41,3.83
8388,4.41,3.83
8389,4.41,3.83
8390,4.41,3.82
8391,4.41,3.82
8392,4.41,3.82
8393,4.41,3.82
8394,4.42,3.82
8396,4.42,3.81
8397,4.42,3.81
8398,4.42,3.81
8399,4.42,3.80
8400,4.41,3.80
8401,4.42,3.80
8402,4.42,3.80
8404,4.42,3.80
8406,4.42,3.80
8407,4.42,3.79
8408,4.42,3.79
8409,4.42,3.79
8410,4.42,3.79
8411,4.42,3.78
8412,4.42,3.78
8414,4.41,3.78
8415,4.41,3.78
8416,4.41,3.78
8417,4.41,3.78
8418,4.41,3.77
8419,4.41,3.77
8420,4.42,3.77
8421,4.42,3.77
8423,4.43,3.76
8424,4.43,3.76
8425,4.43,3.76
8426,4.43,3.75
8427,4.43,3.75
8428,4.43,3.75
8429,4.42,3.75
8430,4.42,3.75
8432,4.42,3.75
8433,4.42,3.75
8434,4.41,3.75
8435,4.41,3.75
8436,4.41,3.75
8437,4.41,3.75
8438,4.41,3.75
8439,4.42,3.74
8441,4.42,3.74
8442,4.42,3.74
8443,4.42,3.74
8444,4.41,3.74
8445,4.41,3.74
8446,4.41,3.74
8448,4.41,3.74
8449,4.41,3.74
8451,4.41,3.74
8452,4.41,3.74
8453,4.41,3.73
8454,4.41,3.73
8455,4.41,3.73
8456,4.41,3.73
8457,4.42,3.73
8458,4.42,3.73
8460,4.42,3.72
8461,4.42,3.72
8462,4.42,3.72
8463,4.42,3.72
8464,4.42,3.72
8465,4.42,3.72
8466,4.43,3.71
8467,4.43,3.71
8469,4.43,3.71
8470,4.43,3.71
8471,4.44,3.71
8472,4.44,3.70
8473,4.44,3.70
8474,4.44,3.70
8475,4.44,3.70
8476,4.43,3.70
8478,4.43,3.70
8479,4.43,3.70
8480,4.43,3.70
8481,4.43,3.70
8482,4.43,3.69
8483,4.42,3.69
8484,4.42,3.69
8485,4.42,3.69
8487,4.42,3.69
8488,4.42,3.69
8489,4.42,3.69
8491,4.42,3.68
8492,4.42,3.68
8493,4.42,3.68
8494,4.42,3.68
8495,4.42,3.68
8497,4.42,3.67
8498,4.42,3.67
8499,4.42,3.67
8500,4.42,3.67
8501,4.42,3.67
8502,4.42,3.67
8503,4.42,3.67
8505,4.42,3.66
8506,4.42,3.66
8507,4.42,3.66
8508,4.42,3.66
8509,4.43,3.66
8510,4.43,3.66
8511,4.43,3.65
8512,4.43,3.65
8514,4.43,3.65
8515,4.43,3.65
8516,4.43,3.65
8517,4.43,3.65
8518,4.43,3.65
8519,4.42,3.65
8520,4.43,3.65
8522,4.43,3.65
8523,4.42,3.65
8524,4.43,3.65
8525,4.43,3.64
8526,4.43,3.65
8527,4.43,3.64
8528,4.43,3.64
8529,4.43,3.64
8531,4.43,3.64
8532,4.43,3.64
8534,4.43,3.64
8535,4.43,3.64
8536,4.43,3.64
8537,4.43,3.64
8538,4.43,3.64
8540,4.43,3.64
8541,4.43,3.63
8542,4.43,3.63
8543,4.43,3.63
8544,4.43,3.63
8545,4.43,3.63
8546,4.43,3.63
8547,4.43,3.63
8549,4.43,3.63
8550,4.43,3.63
8551,4.43,3.63
8552,4.43,3.63
8553,4.44,3.63
8554,4.43,3.63
8555,4.43,3.63
8556,4.43,3.63
8558,4.43,3.63
8559,4.43,3.63
8560,4.43,3.63
8561,4.43,3.62
8562,4.43,3.62
8563,4.43,3.62
8564,4.43,3.63
8566,4.43,3.63
8567,4.43,3.63
8568,4.43,3.63
8569,4.43,3.63
8570,4.43,3.63
8571,4.43,3.63
8572,4.43,3.63
8573,4.44,3.63
8576,4.44,3.63
8577,4.44,3.63
8578,4.44,3.63
8579,4.44,3.63
8580,4.44,3.63
8581,4.44,3.63
8582,4.44,3.63
8584,4.44,3.63
8585,4.44,3.63
8586,4.44,3.63
8587,4.44,3.63
8588,4.44,3.63
8589,4.44,3.62
8590,4.44,3.62
8591,4.44,3.62
8593,4.44,3.62
8594,4.44,3.62
8595,4.44,3.62
8596,4.44,3.62
8597,4.44,3.62
8598,4.44,3.62
8599,4.44,3.63
8600,4.44,3.63
8602,4.44,3.63
8603,4.44,3.63
8604,4.44,3.63
8605,4.44,3.63
8606,4.44,3.63
8607,4.44,3.63
8608,4.44,3.63
8610,4.44,3.63
8611,4.44,3.63
8612,4.44,3.63
8613,4.44,3.63
8614,4.44,3.63
8615,4.44,3.63
8616,4.44,3.63
8619,4.44,3.63
8620,4.44,3.63
8621,4.44,3.63
8622,4.44,3.63
8623,4.44,3.63
8624,4.44,3.63
8625,4.44,3.63
8626,4.44,3.63
8628,4.45,3.63
8629,4.44,3.63
8630,4.44,3.63
8631,4.44,3.64
8632,4.44,3.63
8633,4.45,3.64
8634,4.44,3.64
8635,4.44,3.64
8637,4.44,3.64
8638,4.44,3.64
8639,4.44,3.64
8640,4.44,3.64
8641,4.44,3.64
8642,4.44,3.64
8643,4.44,3.64
8645,4.44,3.64
8646,4.44,3.64
8647,4.44,3.64
8648,4.44,3.64
8649,4.44,3.64
8650,4.44,3.64
8651,4.44,3.64
8652,4.44,3.64
8654,4.43,3.64
8655,4.44,3.64
8656,4.44,3.64
8657,4.44,3.64
8658,4.44,3.64
8659,4.44,3.64
8660,4.44,3.64
8662,4.44,3.64
8664,4.44,3.64
8665,4.44,3.64
8666,4.44,3.64
8667,4.44,3.64
8668,4.44,3.64
8669,4.44,3.64
8670,4.44,3.64
8672,4.44,3.64
8673,4.44,3.64
8674,4.44,3.64
8675,4.44,3.64
8676,4.44,3.64
8677,4.44,3.64
8678,4.44,3.64
8679,4.45,3.64
8681,4.45,3.64
8682,4.44,3.65
8683,4.45,3.65
8684,4.45,3.65
8685,4.45,3.65
8686,4.44,3.65
8687,4.44,3.65
8688,4.44,3.65
8690,4.44,3.65
8691,4.44,3.66
8692,4.44,3.66
8693,4.44,3.66
8694,4.44,3.66
8695,4.44,3.67
8696,4.44,3.67
8698,4.44,3.67
8699,4.44,3.67
8700,4.44,3.67
8701,4.44,3.67
8702,4.44,3.67
8704,4.44,3.67
8705,4.44,3.67
8706,4.44,3.68
8708,4.44,3.68
8709,4.44,3.69
8710,4.45,3.69
8711,4.45,3.69
8712,4.45,3.70
8713,4.45,3.70
8714,4.45,3.70
8715,4.45,3.70
8717,4.45,3.71
8718,4.45,3.71
8719,4.45,3.72
8720,4.46,3.72
8721,4.46,3.73
8722,4.46,3.74
8723,4.46,3.74
8724,4.46,3.75
8726,4.46,3.76
8727,4.46,3.77
8728,4.46,3.78
8729,4.47,3.79
8730,4.47,3.80
8731,4.47,3.81
8732,4.47,3.82
8733,4.47,3.83
8735,4.47,3.84
8736,4.47,3.85
8737,4.47,3.86
8738,4.47,3.87
8739,4.47,3.89
8740,4.47,3.90
8741,4.47,3.91
8743,4.47,3.93
8744,4.47,3.95
8745,4.47,3.97
8747,4.47,3.99
8748,4.47,4.02
8749,4.47,4.05
8750,4.47,4.09
8751,4.47,4.12
8753,4.47,4.15
8754,4.47,4.19
8755,4.48,4.22
8756,4.48,4.25
8757,4.49,4.28
8758,4.49,4.31
8759,4.50,4.34
8760,4.50,4.36
8762,4.51,4.39
8763,4.52,4.42
8764,4.52,4.44
8765,4.53,4.46
8766,4.54,4.48
8767,4.54,4.50
8768,4.54,4.52
8769,4.55,4.54
8771,4.55,4.56
8772,4.56,4.57
8773,4.56,4.59
8774,4.56,4.60
8775,4.56,4.62
8776,4.56,4.63
8777,4.56,4.64
8778,4.56,4.66
8780,4.57,4.67
8781,4.57,4.68
8782,4.57,4.69
8783,4.57,4.70
8784,4.57,4.71
8785,4.57,4.72
8786,4.57,4.73
8787,4.57,4.74
8790,4.57,4.75
8791,4.56,4.76
8792,4.56,4.77
8793,4.56,4.78
8794,4.56,4.78
8795,4.55,4.78
8796,4.55,4.79
8798,4.54,4.79
8799,4.54,4.80
8800,4.54,4.81
8801,4.53,4.82
8802,4.53,4.82
8803,4.52,4.82
8804,4.52,4.83
8805,4.52,4.83
8807,4.51,4.84
8808,4.51,4.84
8809,4.51,4.85
8810,4.50,4.85
8811,4.50,4.85
8812,4.50,4.86
8813,4.49,4.86
8814,4.49,4.86
8816,4.48,4.87
8817,4.48,4.87
8818,4.48,4.87
8819,4.47,4.87
8820,4.47,4.88
8821,4.47,4.88
8822,4.47,4.88
8823,4.46,4.88
8825,4.46,4.88
8826,4.46,4.88
8827,4.45,4.89
8828,4.45,4.89
8829,4.45,4.89
8830,4.45,4.89
8832,4.44,4.89
8833,4.44,4.90
8835,4.44,4.90
8836,4.44,4.90
8837,4.44,4.90
8838,4.44,4.90
8839,4.43,4.90
8840,4.43,4.90
8841,4.43,4.90
8842,4.43,4.91
8844,4.43,4.91
8845,4.43,4.91
8846,4.43,4.91
8847,4.43,4.91
8848,4.43,4.91
8849,4.43,4.92
8850,4.43,4.92
8851,4.42,4.92
8853,4.42,4.92
8854,4.42,4.92
8855,4.42,4.92
8856,4.42,4.92
8857,4.42,4.93
8858,4.42,4.93
8859,4.42,4.93
8860,4.42,4.93
8862,4.42,4.93
8863,4.41,4.93
8864,4.41,4.93
8865,4.41,4.93
8866,4.41,4.93
8867,4.41,4.93
8868,4.41,4.93
8869,4.41,4.94
8871,4.41,4.94
8872,4.41,4.93
8873,4.41,4.94
8875,4.41,4.93
8876,4.41,4.94
8877,4.41,4.94
8878,4.41,4.94
8879,4.41,4.94
8881,4.41,4.94
8882,4.41,4.94
8883,4.42,4.94
8884,4.42,4.94
8885,4.42,4.94
8886,4.42,4.94
8887,4.42,4.94
8889,4.42,4.94
8890,4.42,4.94
8891,4.42,4.95
8892,4.42,4.95
8893,4.42,4.95
8894,4.42,4.95
8895,4.42,4.95
8896,4.42,4.95
8898,4.42,4.95
8899,4.42,4.95
8900,4.42,4.95
8901,4.42,4.95
8902,4.42,4.95
8903,4.41,4.95
8904,4.42,4.95
8905,4.41,4.95
8907,4.42,4.95
8908,4.42,4.95
8909,4.42,4.95
8910,4.42,4.95
8911,4.42,4.95
8912,4.42,4.95
8913,4.42,4.95
8914,4.42,4.95
8916,4.42,4.96
8918,4.42,4.96
8919,4.42,4.96
8920,4.42,4.96
8921,4.41,4.96
8922,4.41,4.96
8923,4.42,4.96
8924,4.42,4.96
8926,4.42,4.95
8927,4.42,4.96
8928,4.42,4.96
8929,4.42,4.96
8930,4.42,4.96
8931,4.42,4.96
8932,4.41,4.96
8934,4.41,4.96
8935,4.41,4.96
8936,4.41,4.96
8937,4.41,4.96
8938,4.40,4.96
8939,4.40,4.96
8940,4.40,4.96
8941,4.40,4.96
8943,4.40,4.96
8944,4.40,4.96
8945,4.40,4.96
8946,4.40,4.96
8947,4.40,4.96
8948,4.40,4.96
8949,4.39,4.96
8950,4.39,4.96
8952,4.39,4.96
8953,4.39,4.96
8954,4.39,4.96
8955,4.39,4.96
8956,4.39,4.96
8957,4.40,4.96
8958,4.40,4.96
8960,4.40,4.96
8962,4.40,4.96
8963,4.40,4.96
8964,4.40,4.96
8965,4.40,4.96
8966,4.40,4.96
8967,4.40,4.96
8968,4.40,4.96
8969,4.40,4.96
8971,4.40,4.96
8972,4.41,4.96
8973,4.41,4.96
8974,4.41,4.96
8975,4.41,4.96
8976,4.41,4.96
8977,4.41,4.96
8978,4.41,4.96
8980,4.41,4.96
8981,4.41,4.96
8982,4.41,4.96
8983,4.41,4.97
8984,4.40,4.96
8985,4.40,4.96
8986,4.40,4.96
8987,4.40,4.96
8989,4.41,4.96
8990,4.40,4.96
8991,4.41,4.96
8992,4.41,4.96
8993,4.41,4.96
8994,4.41,4.97
8995,4.41,4.96
8996,4.41,4.97
8998,4.41,4.97
8999,4.40,4.97
9000,4.40,4.97
9001,4.40,4.97
9003,4.40,4.97
9004,4.40,4.97
9005,4.39,4.97
9006,4.39,4.97
9008,4.39,4.97
9009,4.39,4.97
9010,4.39,4.97
9011,4.39,4.97
9012,4.39,4.97
9013,4.39,4.97
9014,4.38,4.97
9016,4.38,4.97
9017,4.38,4.96
9018,4.39,4.97
9019,4.39,4.96
9020,4.38,4.95
9021,4.39,4.94
9022,4.40,4.92
9023,4.42,4.89
9025,4.43,4.85
9026,4.42,4.81
9027,4.43,4.77
9028,4.43,4.72
9029,4.43,4.67
9030,4.43,4.63
9031,4.43,4.58
9032,4.42,4.54
9034,4.42,4.49
9035,4.41,4.45
9036,4.41,4.41
9037,4.40,4.37
9038,4.40,4.34
9039,4.39,4.31
9040,4.39,4.27
9042,4.38,4.24
9043,4.37,4.21
9044,4.37,4.18
9046,4.36,4.15
9047,4.36,4.13
9048,4.36,4.11
9049,4.35,4.08
9050,4.35,4.06
9052,4.35,4.04
9053,4.35,4.02
9054,4.35,4.00
9055,4.35,3.97
9056,4.35,3.96
9057,4.34,3.94
9058,4.34,3.92
9059,4.34,3.91
9061,4.33,3.89
9062,4.33,3.88
9063,4.34,3.87
9064,4.34,3.85
9065,4.34,3.84
9066,4.34,3.83
9067,4.34,3.82
9068,4.34,3.81
9070,4.34,3.80
9071,4.33,3.79
9072,4.33,3.77
9073,4.32,3.76
9074,4.32,3.76
9075,4.32,3.75
9076,4.31,3.74
9078,4.31,3.73
9079,4.31,3.72
9080,4.31,3.72
9081,4.31,3.71
9082,4.31,3.70
9083,4.31,3.70
9084,4.31,3.70
9085,4.31,3.69
9088,4.31,3.68
9089,4.31,3.68
9090,4.32,3.68
9091,4.32,3.68
9092,4.33,3.68
9093,4.33,3.67
9094,4.34,3.67
9096,4.34,3.67
9097,4.34,3.66
9098,4.35,3.66
9099,4.35,3.66
9100,4.35,3.65
9101,4.35,3.65
9102,4.35,3.64
9103,4.35,3.64
9105,4.35,3.64
9106,4.35,3.63
9107,4.35,3.63
9108,4.35,3.63
9109,4.35,3.62
9110,4.35,3.62
9111,4.36,3.62
9112,4.36,3.62
9114,4.36,3.62
9115,4.36,3.62
9116,4.36,3.62
9117,4.36,3.62
9118,4.36,3.62
9119,4.36,3.62
9120,4.37,3.62
9122,4.36,3.61
9123,4.36,3.61
9124,4.36,3.61
9125,4.35,3.61
9126,4.35,3.61
9127,4.35,3.60
9128,4.35,3.60
9129,4.35,3.60
9132,4.35,3.60
9133,4.35,3.60
9134,4.35,3.60
9135,4.34,3.60
9136,4.35,3.60
9137,4.34,3.60
9138,4.35,3.60
9139,4.35,3.60
9141,4.35,3.60
9142,4.35,3.60
9143,4.35,3.60
9144,4.35,3.60
9145,4.35,3.60
9146,4.35,3.61
9147,4.35,3.61
9148,4.35,3.61
9150,4.35,3.61
9151,4.35,3.61
9152,4.35,3.60
9153,4.35,3.61
9154,4.35,3.61
9155,4.35,3.61
9156,4.35,3.61
9158,4.35,3.61
9159,4.35,3.61
9160,4.36,3.61
9161,4.36,3.61
9162,4.36,3.61
9163,4.36,3.60
9164,4.36,3.60
9165,4.36,3.60
9167,4.36,3.60
9168,4.36,3.60
9169,4.35,3.60
9170,4.35,3.60
9171,4.35,3.60
9172,4.35,3.60
9174,4.35,3.60
9175,4.36,3.60
9177,4.36,3.60
9178,4.37,3.61
9179,4.37,3.61
9180,4.38,3.61
9181,4.38,3.61
9182,4.38,3.60
9183,4.38,3.60
9184,4.38,3.60
9186,4.38,3.60
9187,4.37,3.59
9188,4.37,3.59
9189,4.37,3.59
9190,4.37,3.59
9191,4.36,3.59
9192,4.36,3.59
9193,4.36,3.59
9195,4.36,3.59
9196,4.36,3.58
9197,4.35,3.58
9198,4.35,3.58
9199,4.35,3.58
9200,4.35,3.58
9201,4.35,3.58
9202,4.35,3.58
9204,4.35,3.59
9205,4.35,3.59
9206,4.35,3.59
9207,4.35,3.59
9208,4.35,3.59
9209,4.35,3.59
9210,4.35,3.60
9212,4.35,3.59
9213,4.35,3.59
9214,4.35,3.59
9216,4.35,3.59
9217,4.35,3.59
9218,4.35,3.59
9219,4.35,3.59
9220,4.35,3.59
9222,4.35,3.60
9223,4.35,3.60
9224,4.35,3.60
9225,4.35,3.60
9226,4.35,3.60
9227,4.35,3.60
9228,4.35,3.60
9229,4.35,3.60
9231,4.35,3.60
9232,4.35,3.60
9233,4.35,3.60
9234,4.35,3.60
9235,4.34,3.60
9236,4.34,3.60
9237,4.35,3.60
9238,4.35,3.60
9240,4.35,3.60
9241,4.35,3.60
9242,4.35,3.60
9243,4.35,3.60
9244,4.36,3.60
9245,4.37,3.60
9246,4.37,3.60
9247,4.38,3.60
9249,4.38,3.60
9250,4.38,3.59
9251,4.37,3.59
9252,4.37,3.59
9253,4.37,3.59
9254,4.37,3.59
9255,4.36,3.59
9256,4.36,3.59
9259,4.36,3.59
9260,4.35,3.58
9261,4.35,3.58
9262,4.35,3.58
9263,4.35,3.58
9264,4.35,3.59
9265,4.35,3.59
9266,4.35,3.59
9268,4.35,3.59
9269,4.35,3.59
9270,4.34,3.59
9271,4.34,3.59
9272,4.34,3.59
9273,4.34,3.59
9274,4.34,3.59
9276,4.34,3.59
9277,4.34,3.59
9278,4.34,3.59
9279,4.34,3.59
9280,4.34,3.59
9281,4.34,3.59
9282,4.34,3.59
9283,4.34,3.59
9285,4.34,3.59
9286,4.33,3.60
9287,4.33,3.60
9288,4.33,3.60
9289,4.33,3.60
9290,4.33,3.60
9291,4.33,3.60
9292,4.33,3.60
9294,4.33,3.60
9295,4.33,3.59
9296,4.34,3.59
9297,4.34,3.60
9298,4.35,3.60
9299,4.35,3.59
9300,4.35,3.59
9302,4.35,3.59
9304,4.35,3.59
9305,4.35,3.58
9306,4.35,3.58
9307,4.35,3.58
9308,4.34,3.58
9309,4.34,3.58
9310,4.34,3.59
9311,4.34,3.59
9313,4.34,3.59
9314,4.34,3.59
9315,4.34,3.59
9316,4.34,3.59
9317,4.35,3.59
9318,4.36,3.60
9319,4.37,3.60
9321,4.38,3.60
9322,4.38,3.60
9323,4.38,3.59
9324,4.38,3.59
9325,4.37,3.58
9326,4.37,3.58
9327,4.36,3.57
9328,4.35,3.57
9330,4.35,3.57
9331,4.34,3.58
9332,4.34,3.59
9333,4.34,3.59
9334,4.34,3.59
9335,4.34,3.60
9336,4.33,3.60
9337,4.33,3.60
9339,4.33,3.60
9340,4.33,3.60
9341,4.34,3.60
9342,4.34,3.59
9344,4.34,3.59
9345,4.35,3.59
9346,4.35,3.59
9347,4.35,3.59
9349,4.35,3.59
9350,4.35,3.59
9351,4.35,3.58
9352,4.35,3.58
9353,4.34,3.58
9354,4.34,3.58
9355,4.34,3.59
9356,4.34,3.59
9358,4.34,3.59
9359,4.34,3.59
9360,4.33,3.59
9361,4.33,3.59
9362,4.33,3.59
9363,4.33,3.59
9364,4.33,3.59
9366,4.33,3.59
9367,4.33,3.59
9368,4.33,3.59
9369,4.33,3.59
9370,4.33,3.59
9371,4.33,3.59
9372,4.33,3.59
9373,4.33,3.59
9375,4.33,3.59
9376,4.33,3.59
9377,4.33,3.59
9378,4.33,3.59
9379,4.33,3.59
9380,4.33,3.59
9381,4.33,3.59
9382,4.33,3.59
9384,4.33,3.59
9385,4.33,3.59
9387,4.34,3.60
9388,4.35,3.60
9389,4.35,3.60
9390,4.35,3.60
9391,4.36,3.60
9392,4.37,3.59
9394,4.37,3.59
9395,4.37,3.59
9396,4.37,3.59
9397,4.37,3.59
9398,4.37,3.59
9399,4.37,3.58
9400,4.37,3.58
9401,4.36,3.58
9403,4.36,3.58
9404,4.36,3.58
9405,4.35,3.58
9406,4.35,3.57
9407,4.35,3.57
9408,4.35,3.57
9409,4.34,3.58
9411,4.34,3.58
9412,4.34,3.59
9413,4.34,3.59
9414,4.33,3.59
9415,4.33,3.59
9416,4.33,3.59
9417,4.33,3.59
9418,4.33,3.59
9420,4.33,3.59
9421,4.33,3.59
9422,4.33,3.59
9423,4.33,3.59
9424,4.33,3.59
9425,4.33,3.59
9426,4.33,3.58
9428,4.33,3.58
9430,4.33,3.58
9431,4.33,3.58
9432,4.33,3.58
9433,4.33,3.58
9434,4.33,3.58
9435,4.33,3.58
9436,4.33,3.58
9438,4.33,3.58
9439,4.33,3.59
9440,4.33,3.59
9441,4.33,3.59
9442,4.33,3.59
9443,4.33,3.59
9444,4.33,3.59
9445,4.34,3.59
9447,4.34,3.59
9448,4.34,3.59
9449,4.34,3.59
9450,4.34,3.59
9451,4.35,3.59
9452,4.35,3.59
9453,4.35,3.59
9455,4.36,3.59
9456,4.36,3.59
9457,4.36,3.59
9458,4.36,3.59
9459,4.36,3.59
9460,4.35,3.59
9461,4.35,3.58
9462,4.35,3.58
9464,4.35,3.58
9465,4.35,3.59
9466,4.34,3.59
9467,4.34,3.60
9468,4.34,3.60
9469,4.34,3.60
9470,4.34,3.60
9472,4.34,3.61
9474,4.33,3.61
9475,4.33,3.61
9476,4.33,3.61
9477,4.33,3.61
9478,4.33,3.61
9479,4.33,3.61
9480,4.33,3.61
9481,4.33,3.61
9483,4.33,3.61
9484,4.33,3.61
9485,4.33,3.61
9486,4.33,3.61
9487,4.33,3.60
9488,4.32,3.61
9489,4.33,3.61
9491,4.33,3.61
9492,4.33,3.60
9493,4.33,3.61
9494,4.33,3.61
9495,4.34,3.61
9496,4.34,3.61
9497,4.34,3.61
9498,4.35,3.61
9500,4.35,3.60
9501,4.35,3.60
9502,4.34,3.60
9503,4.34,3.60
9504,4.34,3.60
9505,4.34,3.60
9506,4.34,3.60
9507,4.34,3.60
9509,4.34,3.60
9510,4.34,3.61
9511,4.34,3.61
9512,4.34,3.61
9513,4.34,3.61
9515,4.34,3.61
9516,4.33,3.61
9518,4.33,3.62
9519,4.33,3.61
9520,4.33,3.62
9521,4.33,3.61
9522,4.33,3.61
9523,4.33,3.61
9524,4.33,3.61
9525,4.33,3.61
9527,4.33,3.61
9528,4.33,3.61
9529,4.33,3.61
9530,4.33,3.61
9531,4.33,3.61
9532,4.33,3.61
9533,4.33,3.61
9535,4.34,3.61
9536,4.34,3.61
9537,4.35,3.61
9538,4.35,3.61
9539,4.35,3.61
9540,4.35,3.61
9541,4.35,3.61
9542,4.35,3.61
9544,4.36,3.60
9545,4.35,3.60
9546,4.35,3.60
9547,4.35,3.60
9548,4.35,3.60
9549,4.35,3.60
9550,4.34,3.60
9551,4.34,3.60
9553,4.34,3.61
9554,4.34,3.61
9555,4.34,3.61
9556,4.34,3.61
9558,4.34,3.61
9559,4.34,3.61
9560,4.34,3.61
9562,4.34,3.61
9563,4.34,3.61
9564,4.34,3.61
9565,4.34,3.61
9566,4.33,3.61
9567,4.33,3.61
9568,4.33,3.61
9569,4.33,3.61
9571,4.33,3.62
9572,4.33,3.62
9573,4.33,3.62
9574,4.33,3.62
9575,4.33,3.62
9576,4.33,3.62
9577,4.33,3.62
9579,4.33,3.62
9580,4.33,3.62
9581,4.33,3.62
9582,4.33,3.62
9583,4.33,3.62
9584,4.33,3.62
9585,4.33,3.62
9586,4.33,3.63
9588,4.33,3.62
9589,4.33,3.62
9590,4.33,3.63
9591,4.33,3.63
9592,4.33,3.63
9593,4.33,3.63
9594,4.33,3.63
9596,4.33,3.63
9597,4.33,3.63
9598,4.34,3.63
9600,4.34,3.63
9601,4.34,3.63
9602,4.35,3.63
9603,4.35,3.63
9605,4.35,3.63
9606,4.35,3.63
9607,4.35,3.63
9608,4.34,3.63
9609,4.34,3.63
9610,4.34,3.63
9611,4.34,3.63
9612,4.34,3.63
9614,4.34,3.63
9615,4.34,3.64
9616,4.34,3.64
9617,4.34,3.64
9618,4.34,3.64
9619,4.34,3.64
9620,4.34,3.64
9621,4.34,3.64
9623,4.34,3.64
9624,4.34,3.64
9625,4.34,3.64
9626,4.34,3.64
9627,4.34,3.64
9628,4.34,3.64
9629,4.34,3.64
9631,4.34,3.64
9632,4.34,3.64
9633,4.34,3.64
9634,4.34,3.64
9635,4.34,3.64
9636,4.34,3.65
9637,4.34,3.65
9638,4.34,3.65
9640,4.34,3.65
9641,4.34,3.65
9643,4.34,3.65
9644,4.34,3.65
9645,4.34,3.65
9646,4.34,3.65
9647,4.34,3.65
9649,4.34,3.65
9650,4.34,3.65
9651,4.34,3.65
9652,4.34,3.65
9653,4.33,3.65
9654,4.33,3.65
9655,4.33,3.66
9656,4.33,3.65
9658,4.33,3.65
9659,4.33,3.65
9660,4.34,3.65
9661,4.34,3.65
9662,4.34,3.65
9663,4.34,3.65
9664,4.34,3.65
9665,4.34,3.65
9667,4.34,3.65
9668,4.34,3.65
9669,4.34,3.65
9670,4.34,3.65
9671,4.34,3.65
9672,4.34,3.65
9673,4.34,3.65
9675,4.34,3.66
9676,4.34,3.66
9677,4.34,3.66
9678,4.34,3.66
9679,4.34,3.66
9680,4.33,3.66
9681,4.33,3.66
9683,4.33,3.65
9684,4.33,3.66
9686,4.33,3.65
9687,4.33,3.65
9688,4.33,3.65
9689,4.33,3.65
9690,4.33,3.65
9691,4.33,3.65
9693,4.33,3.65
9694,4.33,3.65
9695,4.33,3.65
9696,4.33,3.65
9697,4.33,3.65
9698,4.33,3.65
9699,4.33,3.65
9700,4.33,3.65
9702,4.33,3.65
9703,4.33,3.65
9704,4.33,3.65
9705,4.33,3.65
9706,4.33,3.65
9707,4.33,3.65
9708,4.34,3.65
9709,4.34,3.65
9711,4.34,3.65
9712,4.34,3.65
9713,4.35,3.65
9714,4.35,3.65
9715,4.35,3.65
9716,4.35,3.64
9717,4.35,3.64
9719,4.35,3.64
9720,4.35,3.64
9721,4.35,3.64
9722,4.35,3.64
9723,4.35,3.64
9724,4.34,3.64
9725,4.34,3.64
9726,4.34,3.64
9729,4.34,3.64
9730,4.34,3.64
9731,4.34,3.64
9732,4.34,3.64
9733,4.34,3.65
9734,4.34,3.64
9735,4.34,3.64
9736,4.34,3.65
9738,4.34,3.65
9739,4.34,3.65
9740,4.34,3.65
9741,4.34,3.65
9742,4.34,3.65
9743,4.34,3.65
9744,4.34,3.65
9746,4.34,3.65
9747,4.34,3.65
9748,4.33,3.65
9749,4.33,3.65
9750,4.33,3.65
9751,4.33,3.65
9752,4.33,3.65
9753,4.33,3.65
9755,4.33,3.65
9756,4.33,3.65
9757,4.33,3.65
9758,4.33,3.65
9759,4.33,3.66
9760,4.34,3.65
9761,4.34,3.65
9763,4.34,3.65
9764,4.34,3.65
9765,4.34,3.65
9766,4.34,3.65
9767,4.34,3.65
9768,4.34,3.65
9769,4.34,3.65
9771,4.34,3.66
9773,4.34,3.66
9774,4.34,3.66
9775,4.34,3.66
9776,4.34,3.65
9777,4.34,3.65
9778,4.34,3.66
9779,4.34,3.65
9781,4.34,3.66
9782,4.34,3.65
9783,4.34,3.65
9784,4.34,3.65
9785,4.34,3.65
9786,4.34,3.65
9787,4.34,3.66
9788,4.35,3.66
9790,4.35,3.66
9791,4.35,3.66
9792,4.35,3.65
9793,4.35,3.65
9794,4.35,3.65
9795,4.35,3.65
9796,4.35,3.65
9798,4.35,3.65
9799,4.35,3.65
9800,4.35,3.65
9801,4.34,3.65
9802,4.34,3.65
9803,4.34,3.65
9804,4.34,3.65
9805,4.34,3.65
9807,4.34,3.65
9808,4.34,3.65
9809,4.34,3.65
9810,4.34,3.65
9811,4.34,3.65
9812,4.33,3.65
9814,4.33,3.65
9816,4.33,3.65
9817,4.33,3.65
9818,4.33,3.65
9819,4.33,3.65
9820,4.33,3.65
9821,4.33,3.65
9822,4.33,3.65
9823,4.33,3.65
9825,4.33,3.65
9826,4.33,3.65
9827,4.33,3.65
9828,4.33,3.65
9829,4.33,3.65
9830,4.33,3.65
9831,4.33,3.65
9832,4.33,3.65
9834,4.33,3.65
9835,4.33,3.65
9836,4.33,3.65
9837,4.33,3.65
9838,4.34,3.65
9839,4.34,3.65
9840,4.34,3.65
9842,4.34,3.65
9843,4.34,3.65
9844,4.34,3.65
9845,4.34,3.65
9846,4.34,3.65
9847,4.34,3.65
9848,4.34,3.65
9850,4.34,3.65
9851,4.34,3.65
9852,4.34,3.65
9853,4.34,3.65
9854,4.34,3.65
9856,4.34,3.65
9857,4.35,3.65
9859,4.35,3.65
9860,4.35,3.65
9861,4.35,3.65
9862,4.35,3.65
9863,4.35,3.65
9864,4.35,3.65
9865,4.35,3.64
9866,4.35,3.64
9868,4.35,3.64
9869,4.35,3.64
9870,4.34,3.64
9871,4.34,3.64
9872,4.34,3.64
9873,4.34,3.64
9874,4.34,3.64
9875,4.34,3.64
9877,4.34,3.65
9878,4.34,3.65
9879,4.34,3.65
9880,4.34,3.65
9881,4.34,3.65
9882,4.34,3.65
9883,4.34,3.64
9885,4.34,3.64
9886,4.34,3.64
9887,4.34,3.64
9888,4.34,3.64
9889,4.34,3.64
9890,4.34,3.64
9891,4.34,3.64
9892,4.34,3.64
9894,4.34,3.64
9895,4.34,3.64
9896,4.34,3.64
9897,4.34,3.64
9899,4.34,3.64
9900,4.34,3.64
9901,4.34,3.64
9902,4.34,3.64
9904,4.34,3.64
9905,4.34,3.64
9906,4.34,3.64
9907,4.34,3.64
9908,4.34,3.64
9909,4.34,3.64
9910,4.34,3.65
9912,4.34,3.64
9913,4.34,3.64
9914,4.34,3.64
9915,4.34,3.64
9916,4.34,3.64
9917,4.34,3.64
9918,4.34,3.64
9919,4.34,3.64
9921,4.35,3.64
9922,4.35,3.64
9923,4.35,3.64
9924,4.35,3.64
9925,4.35,3.64
9926,4.35,3.64
9927,4.35,3.64
9928,4.35,3.64
9930,4.35,3.64
9931,4.35,3.64
9932,4.35,3.64
9933,4.35,3.64
9934,4.35,3.64
9935,4.35,3.64
9936,4.35,3.64
9938,4.35,3.64
9939,4.35,3.64
9940,4.35,3.64
9942,4.35,3.64
9943,4.35,3.64
9944,4.35,3.64
9945,4.35,3.64
9946,4.34,3.64
9948,4.34,3.64
9949,4.34,3.64
9950,4.34,3.64
9951,4.34,3.64
9952,4.34,3.64
9953,4.34,3.64
9954,4.34,3.64
9955,4.35,3.64
9957,4.35,3.64
9958,4.35,3.64
9959,4.35,3.64
9960,4.35,3.64
9961,4.35,3.64
9962,4.35,3.64
9963,4.35,3.63
9965,4.35,3.63
9966,4.35,3.63
9967,4.35,3.63
9968,4.35,3.63
9969,4.35,3.63
9970,4.35,3.63
9971,4.35,3.63
9973,4.35,3.63
9974,4.35,3.63
9975,4.35,3.63
9976,4.35,3.63
9977,4.35,3.63
9978,4.35,3.63
9979,4.35,3.63
9980,4.35,3.63
9982,4.35,3.63
9984,4.35,3.63
9985,4.35,3.63
9986,4.35,3.63
9987,4.35,3.63
9988,4.35,3.63
9989,4.35,3.64
9991,4.34,3.63
9992,4.35,3.64
9993,4.35,3.64
9994,4.34,3.63
9995,4.35,3.63
9996,4.35,3.64
9997,4.35,3.63
9998,4.35,3.63
10000,4.35,3.63
10001,4.35,3.63
10002,4.35,3.63
10003,4.35,3.63
10004,4.35,3.63
10005,4.35,3.63
10007,4.35,3.63
10008,4.36,3.63
10009,4.36,3.63
10010,4.36,3.63
10011,4.36,3.63
10013,4.36,3.63
10014,4.36,3.63
10015,4.36,3.63
10016,4.36,3.62
10017,4.35,3.62
10018,4.35,3.62
10020,4.35,3.62
10021,4.35,3.62
10022,4.35,3.63
10023,4.35,3.63
10024,4.35,3.63
10027,4.34,3.63
10028,4.34,3.63
10029,4.34,3.63
10030,4.34,3.63
10031,4.34,3.63
10032,4.34,3.63
10034,4.34,3.63
10035,4.34,3.62
10036,4.34,3.62
10037,4.35,3.62
10038,4.35,3.62
10040,4.35,3.62
10041,4.35,3.62
10042,4.35,3.62
10043,4.35,3.62
10044,4.35,3.62
10045,4.35,3.62
10047,4.34,3.62
10048,4.35,3.62
10049,4.35,3.62
10050,4.35,3.62
10051,4.35,3.62
10053,4.35,3.62
10054,4.35,3.62
10055,4.35,3.62
10056,4.35,3.62
10057,4.35,3.62
10058,4.35,3.62
10060,4.35,3.62
10061,4.35,3.62
10062,4.35,3.62
10063,4.35,3.62
10064,4.35,3.62
10066,4.36,3.62
10067,4.36,3.62
10068,4.37,3.62
10070,4.37,3.62
10071,4.38,3.62
10072,4.38,3.62
10074,4.38,3.62
10075,4.38,3.61
10076,4.38,3.61
10077,4.37,3.61
10078,4.37,3.61
10080,4.36,3.61
10081,4.36,3.61
10082,4.35,3.61
10083,4.35,3.61
10084,4.35,3.61
10085,4.35,3.62
10087,4.35,3.62
10088,4.35,3.62
10089,4.35,3.62
10090,4.35,3.62
10091,4.35,3.62
10093,4.35,3.62
10094,4.35,3.62
10095,4.35,3.62
10096,4.35,3.62
10097,4.35,3.61
10098,4.35,3.61
10100,4.35,3.61
10101,4.35,3.61
10102,4.35,3.61
10103,4.35,3.61
10104,4.36,3.61
10106,4.36,3.61
10107,4.36,3.61
10108,4.37,3.61
10109,4.37,3.62
10110,4.38,3.62
10112,4.38,3.61
10114,4.39,3.61
10115,4.39,3.61
10116,4.39,3.61
10117,4.40,3.60
10118,4.40,3.60
10120,4.41,3.60
10121,4.42,3.60
10122,4.42,3.60
10123,4.43,3.60
10124,4.44,3.59
10125,4.44,3.58
10127,4.45,3.58
10128,4.45,3.57
10129,4.44,3.56
10130,4.44,3.56
10131,4.43,3.55
10132,4.41,3.55
10134,4.40,3.55
10135,4.39,3.55
10136,4.38,3.55
10137,4.38,3.55
10138,4.38,3.56
10140,4.38,3.56
10141,4.38,3.56
10142,4.39,3.56
10143,4.40,3.56
10144,4.41,3.56
10145,4.41,3.55
10147,4.41,3.55
10148,4.41,3.54
10149,4.40,3.54
10150,4.39,3.54
10151,4.39,3.54
10153,4.38,3.54
10155,4.38,3.54
10156,4.38,3.54
10157,4.38,3.55
10158,4.38,3.55
10159,4.38,3.55
10161,4.38,3.55
10162,4.37,3.55
10163,4.37,3.56
10164,4.37,3.56
10165,4.36,3.57
10166,4.36,3.57
10168,4.36,3.58
10169,4.36,3.59
10170,4.36,3.60
10171,4.37,3.60
10172,4.37,3.60
10174,4.36,3.59
10175,4.36,3.59
10176,4.35,3.59
10177,4.35,3.58
10178,4.34,3.58
10179,4.34,3.58
10181,4.33,3.58
10182,4.33,3.58
10183,4.33,3.58
10184,4.33,3.58
10185,4.33,3.59
10187,4.34,3.59
10188,4.34,3.59
10189,4.34,3.58
10190,4.34,3.58
10191,4.34,3.58
10192,4.34,3.58
10194,4.34,3.58
10195,4.35,3.58
10196,4.35,3.58
10198,4.35,3.58
10199,4.35,3.59
10201,4.35,3.59
10202,4.35,3.59
10203,4.35,3.59
10204,4.35,3.59
10205,4.35,3.59
10206,4.34,3.59
10208,4.34,3.59
10209,4.34,3.59
10210,4.35,3.59
10211,4.35,3.59
10212,4.36,3.59
10214,4.37,3.59
10215,4.38,3.58
10216,4.38,3.58
10217,4.38,3.57
10218,4.38,3.56
10219,4.36,3.56
10221,4.36,3.56
10222,4.35,3.56
10223,4.34,3.56
10224,4.34,3.56
10225,4.35,3.57
10227,4.35,3.58
10228,4.35,3.58
10229,4.35,3.59
10230,4.35,3.58
10231,4.35,3.58
10232,4.34,3.57
10234,4.34,3.57
10235,4.33,3.58
10236,4.33,3.58
10237,4.33,3.59
10238,4.33,3.60
10241,4.34,3.60
10242,4.34,3.60
10243,4.34,3.60
10244,4.35,3.59
10245,4.36,3.59
10246,4.37,3.59
10248,4.38,3.58
10249,4.39,3.58
10250,4.39,3.57
10251,4.39,3.57
10252,4.38,3.56
10254,4.37,3.56
10255,4.36,3.56
10256,4.35,3.56
10257,4.35,3.56
10258,4.35,3.57
10259,4.35,3.57
10261,4.35,3.58
10262,4.35,3.58
10263,4.35,3.58
10264,4.34,3.58
10265,4.34,3.58
10267,4.34,3.58
10268,4.34,3.58
10269,4.34,3.58
10270,4.35,3.58
10271,4.35,3.58
10272,4.36,3.58
10274,4.37,3.58
10275,4.38,3.58
10276,4.38,3.57
10277,4.38,3.57
10278,4.37,3.56
10280,4.36,3.56
10281,4.35,3.56
10283,4.34,3.57
10284,4.34,3.58
10285,4.33,3.58
10286,4.33,3.59
10288,4.33,3.59
10289,4.33,3.59
10290,4.33,3.59
10291,4.33,3.59
10292,4.33,3.58
10294,4.34,3.57
10295,4.35,3.58
10296,4.36,3.58
10297,4.37,3.58
10298,4.38,3.58
10299,4.39,3.58
10301,4.39,3.58
10302,4.39,3.57
10303,4.38,3.56
10304,4.37,3.56
10305,4.36,3.55
10306,4.35,3.55
10308,4.34,3.55
10309,4.34,3.56
10310,4.34,3.57
10311,4.34,3.58
10312,4.34,3.58
10314,4.34,3.58
10315,4.35,3.58
10316,4.35,3.58
10317,4.35,3.58
10318,4.36,3.58
10319,4.37,3.58
10321,4.37,3.58
10322,4.37,3.57
10323,4.36,3.56
10324,4.35,3.56
10326,4.35,3.55
10328,4.34,3.56
10329,4.33,3.56
10330,4.33,3.57
10331,4.32,3.58
10332,4.32,3.59
10333,4.32,3.60
10335,4.32,3.60
10336,4.32,3.60
10337,4.33,3.60
10338,4.33,3.60
10339,4.34,3.59
10340,4.35,3.59
10342,4.35,3.59
10343,4.36,3.58
10344,4.36,3.58
10345,4.36,3.57
10346,4.35,3.57
10348,4.35,3.57
10349,4.34,3.57
10350,4.34,3.58
10351,4.35,3.58
10352,4.35,3.59
10353,4.36,3.59
10355,4.37,3.60
10356,4.37,3.59
10357,4.38,3.59
10358,4.38,3.59
10359,4.38,3.58
10361,4.38,3.58
10362,4.38,3.58
10363,4.38,3.58
10364,4.38,3.58
10365,4.38,3.58
10366,4.37,3.58
10369,4.37,3.58
10370,4.37,3.57
10371,4.36,3.57
10372,4.36,3.57
10373,4.36,3.58
10375,4.36,3.58
10376,4.36,3.59
10377,4.36,3.60
10378,4.36,3.60
10379,4.36,3.60
10380,4.36,3.59
10382,4.35,3.59
10383,4.35,3.59
10384,4.35,3.59
10385,4.36,3.59
10386,4.36,3.59
10388,4.35,3.59
10389,4.35,3.59
10390,4.35,3.59
10391,4.35,3.59
10392,4.35,3.59
10393,4.35,3.59
10395,4.35,3.59
10396,4.35,3.60
10397,4.35,3.60
10398,4.35,3.60
10399,4.35,3.60
10401,4.35,3.60
10402,4.35,3.59
10403,4.35,3.59
10404,4.34,3.59
10405,4.35,3.59
10406,4.35,3.59
10408,4.36,3.59
10409,4.37,3.60
10411,4.37,3.60
10412,4.37,3.60
10413,4.37,3.60
10415,4.37,3.59
10416,4.36,3.59
10417,4.36,3.60
10418,4.36,3.61
10419,4.35,3.61
10420,4.35,3.61
10422,4.35,3.60
10423,4.35,3.61
10424,4.35,3.61
10425,4.35,3.61
10426,4.34,3.62
10427,4.34,3.62
10429,4.34,3.62
10430,4.33,3.62
10431,4.33,3.62
10432,4.32,3.62
10433,4.32,3.62
10435,4.32,3.62
10436,4.33,3.61
10437,4.33,3.61
10438,4.34,3.61
10439,4.35,3.62
10440,4.35,3.62
10442,4.36,3.62
10443,4.36,3.61
10444,4.36,3.61
10445,4.36,3.61
10446,4.35,3.60
10448,4.35,3.60
10449,4.34,3.60
10450,4.34,3.60
10451,4.34,3.60
10452,4.33,3.60
10454,4.33,3.61
10456,4.33,3.61
10457,4.34,3.62
10458,4.34,3.62
10459,4.34,3.62
10460,4.34,3.62
10462,4.34,3.62
10463,4.34,3.62
10464,4.35,3.62
10465,4.35,3.62
10466,4.37,3.62
10467,4.38,3.62
10469,4.38,3.62
10470,4.39,3.62
10471,4.39,3.62
10472,4.38,3.61
10473,4.37,3.61
10475,4.36,3.60
10476,4.35,3.60
10477,4.35,3.61
10478,4.35,3.61
10479,4.35,3.62
10480,4.35,3.62
10482,4.35,3.63
10483,4.35,3.63
10484,4.36,3.63
10485,4.36,3.63
10486,4.37,3.63
10488,4.38,3.63
10489,4.38,3.63
10490,4.38,3.62
10491,4.38,3.62
10492,4.37,3.61
10493,4.36,3.61
10496,4.36,3.61
10497,4.35,3.61
10498,4.35,3.61
10499,4.35,3.62
10500,4.36,3.63
10502,4.36,3.63
10503,4.36,3.63
10504,4.36,3.63
10505,4.36,3.63
10506,4.35,3.63
10507,4.35,3.63
10509,4.34,3.63
10510,4.33,3.63
10511,4.33,3.63
10512,4.33,3.63
10513,4.33,3.63
10515,4.33,3.63
10516,4.33,3.63
10517,4.33,3.63
10518,4.34,3.63
10519,4.34,3.63
10520,4.35,3.63
10522,4.36,3.64
10523,4.36,3.64
10524,4.37,3.64
10525,4.38,3.64
10526,4.38,3.64
10528,4.38,3.63
10529,4.38,3.62
10530,4.37,3.62
10531,4.36,3.61
10532,4.35,3.61
10533,4.35,3.61
10535,4.34,3.62
10536,4.34,3.63
10537,4.34,3.64
10539,4.34,3.65
10540,4.34,3.65
10542,4.34,3.65
10543,4.34,3.65
10544,4.35,3.65
10545,4.35,3.64
10546,4.36,3.64
10547,4.37,3.64
10549,4.38,3.64
10550,4.38,3.64
10551,4.38,3.64
10552,4.37,3.63
10553,4.36,3.62
10555,4.35,3.62
10556,4.34,3.63
10557,4.34,3.64
10558,4.33,3.64
10559,4.33,3.65
10560,4.33,3.66
10562,4.34,3.66
10563,4.35,3.66
10564,4.35,3.66
10565,4.35,3.66
10566,4.35,3.66
10568,4.35,3.65
10569,4.35,3.65
10570,4.35,3.64
10571,4.35,3.64
10572,4.35,3.65
10573,4.36,3.65
10575,4.37,3.65
10576,4.37,3.65
10577,4.37,3.65
10578,4.36,3.64
10579,4.35,3.64
10582,4.35,3.65
10583,4.35,3.66
10584,4.35,3.66
10585,4.34,3.67
10586,4.34,3.68
10587,4.34,3.68
10589,4.34,3.68
10590,4.34,3.69
10591,4.35,3.69
10592,4.35,3.68
10593,4.35,3.68
10595,4.35,3.67
10596,4.36,3.67
10597,4.37,3.67
10598,4.38,3.67
10599,4.38,3.66
10600,4.37,3.66
10602,4.37,3.66
10603,4.36,3.66
10604,4.35,3.66
10605,4.35,3.67
10606,4.35,3.68
10608,4.35,3.68
10609,4.35,3.69
10610,4.35,3.69
10611,4.35,3.70
10612,4.36,3.70
10613,4.36,3.70
10615,4.36,3.70
10616,4.37,3.70
10617,4.37,3.70
10618,4.38,3.70
10619,4.38,3.70
10621,4.39,3.69
10622,4.39,3.69
10624,4.39,3.68
10625,4.38,3.68
10626,4.37,3.68
10627,4.37,3.69
10629,4.36,3.70
10630,4.36,3.70
10631,4.36,3.70
10632,4.36,3.71
10633,4.36,3.71
10635,4.36,3.72
10636,4.36,3.72
10637,4.36,3.72
10638,4.36,3.72
10639,4.37,3.72
10640,4.38,3.72
10642,4.38,3.72
10643,4.39,3.72
10644,4.39,3.72
10645,4.39,3.72
10646,4.39,3.72
10647,4.39,3.72
10649,4.38,3.73
10650,4.38,3.74
10651,4.38,3.74
10652,4.38,3.76
10653,4.38,3.76
10655,4.38,3.77
10656,4.38,3.77
10657,4.38,3.77
10658,4.38,3.78
10659,4.37,3.78
10660,4.37,3.78
10662,4.37,3.78
10663,4.37,3.79
10664,4.37,3.80
10665,4.37,3.80
10667,4.37,3.81
10669,4.38,3.82
10670,4.38,3.83
10671,4.39,3.84
10672,4.39,3.84
10673,4.39,3.85
10674,4.40,3.85
10676,4.40,3.86
10677,4.40,3.86
10678,4.40,3.86
10679,4.41,3.87
10680,4.41,3.88
10682,4.42,3.90
10683,4.42,3.91
10684,4.42,3.93
10685,4.42,3.95
10686,4.41,3.97
10687,4.40,4.00
10689,4.39,4.04
10690,4.39,4.07
10691,4.39,4.11
10692,4.39,4.15
10693,4.40,4.18
10694,4.41,4.22
10696,4.42,4.25
10697,4.43,4.28
10698,4.43,4.32
10699,4.43,4.35
10700,4.43,4.37
10702,4.43,4.40
10703,4.43,4.42
10704,4.44,4.45
10705,4.45,4.47
10706,4.46,4.49
10707,4.47,4.51
10710,4.48,4.53
10711,4.50,4.55
10712,4.50,4.57
10713,4.51,4.58
10714,4.51,4.60
10715,4.51,4.61
10717,4.50,4.63
10718,4.50,4.64
10719,4.50,4.66
10720,4.50,4.67
10721,4.51,4.68
10723,4.51,4.69
10724,4.51,4.70
10725,4.51,4.71
10726,4.51,4.72
10727,4.51,4.73
10728,4.51,4.74
10730,4.50,4.75
10731,4.50,4.76
10732,4.50,4.77
10733,4.49,4.77
10734,4.49,4.78
10736,4.48,4.79
10737,4.48,4.79
10738,4.47,4.80
10739,4.47,4.80
10740,4.47,4.81
10741,4.47,4.82
10743,4.47,4.82
10744,4.47,4.83
10745,4.46,4.83
10746,4.46,4.83
10747,4.46,4.84
10748,4.46,4.84
10750,4.46,4.84
10752,4.46,4.85
10753,4.47,4.85
10754,4.47,4.85
10755,4.46,4.86
10757,4.46,4.86
10758,4.45,4.87
10759,4.45,4.87
10760,4.44,4.88
10761,4.43,4.88
10762,4.42,4.88
10764,4.42,4.88
10765,4.41,4.88
10766,4.41,4.89
10767,4.40,4.89
10768,4.40,4.89
10770,4.40,4.89
10771,4.40,4.89
10772,4.40,4.89
10773,4.40,4.89
10774,4.40,4.89
10775,4.40,4.90
10777,4.39,4.90
10778,4.39,4.90
10779,4.39,4.90
10780,4.39,4.90
10781,4.39,4.90
10782,4.39,4.90
10784,4.39,4.91
10785,4.39,4.91
10786,4.39,4.91
10787,4.39,4.91
10788,4.39,4.92
10789,4.38,4.92
10791,4.38,4.92
10792,4.38,4.92
10793,4.38,4.92
10795,4.38,4.92
10796,4.38,4.92
10798,4.38,4.92
10799,4.38,4.92
10800,4.39,4.92
10801,4.39,4.92
10802,4.39,4.92
10803,4.39,4.93
10805,4.39,4.93
10806,4.39,4.93
10807,4.40,4.93
10808,4.40,4.93
10809,4.40,4.93
10811,4.40,4.93
10812,4.40,4.93
10813,4.41,4.93
10814,4.41,4.93
10815,4.41,4.94
10816,4.41,4.94
10818,4.41,4.94
10819,4.40,4.95
10820,4.40,4.95
10821,4.39,4.95
10822,4.39,4.95
10824,4.39,4.95
10825,4.39,4.95
10826,4.39,4.95
10827,4.39,4.95
10828,4.39,4.95
10829,4.39,4.95
10831,4.39,4.95
10832,4.39,4.95
10833,4.39,4.95
10834,4.40,4.94
10835,4.40,4.94
10838,4.40,4.94
10839,4.40,4.95
10840,4.41,4.95
10841,4.41,4.95
10842,4.41,4.95
10843,4.40,4.95
10845,4.40,4.95
10846,4.40,4.96
10847,4.40,4.96
10848,4.40,4.96
10849,4.40,4.96
10851,4.40,4.95
10852,4.40,4.96
10853,4.40,4.95
10854,4.40,4.95
10855,4.40,4.95
10856,4.40,4.96
10858,4.40,4.96
10859,4.40,4.96
10860,4.40,4.96
10861,4.40,4.96
10862,4.40,4.96
10863,4.40,4.96
10865,4.40,4.96
10866,4.40,4.96
10867,4.40,4.96
10868,4.40,4.96
10869,4.40,4.96
10871,4.40,4.96
10872,4.40,4.96
10873,4.40,4.96
10874,4.40,4.96
10875,4.40,4.96
10876,4.40,4.96
10878,4.40,4.96
10880,4.40,4.96
10881,4.40,4.96
10882,4.40,4.96
10883,4.41,4.96
10885,4.41,4.96
10886,4.42,4.96
10887,4.43,4.96
10888,4.44,4.96
10889,4.44,4.96
10890,4.44,4.96
10892,4.43,4.96
10893,4.43,4.96
10894,4.43,4.96
10895,4.42,4.96
10896,4.42,4.96
10897,4.42,4.96
10899,4.42,4.96
10900,4.42,4.96
10901,4.42,4.96
10902,4.42,4.96
10903,4.42,4.96
10905,4.42,4.96
10906,4.42,4.96
10907,4.42,4.96
10908,4.42,4.96
10909,4.42,4.96
10910,4.42,4.97
10912,4.41,4.96
10913,4.41,4.97
10914,4.41,4.97
10915,4.41,4.96
10916,4.41,4.97
10918,4.41,4.96
10919,4.41,4.96
10920,4.41,4.96
10921,4.42,4.96
10923,4.42,4.96
10924,4.43,4.96
10926,4.43,4.96
10927,4.42,4.96
10928,4.42,4.96
10929,4.42,4.96
10930,4.42,4.96
10932,4.42,4.96
10933,4.42,4.96
10934,4.42,4.96
10935,4.42,4.96
10936,4.42,4.96
10937,4.42,4.96
10939,4.42,4.96
10940,4.42,4.96
10941,4.42,4.96
10942,4.42,4.96
10943,4.43,4.96
10945,4.43,4.96
10946,4.43,4.96
10947,4.43,4.96
10948,4.43,4.96
10949,4.43,4.96
10950,4.43,4.96
10952,4.43,4.96
10953,4.43,4.96
10954,4.43,4.96
10955,4.43,4.96
10956,4.43,4.96
10958,4.43,4.97
10959,4.43,4.96
10960,4.43,4.97
10961,4.43,4.97
10962,4.43,4.97
10963,4.43,4.96
10966,4.43,4.97
10967,4.43,4.96
10968,4.43,4.96
10969,4.43,4.96
10970,4.44,4.96
10972,4.44,4.96
10973,4.44,4.96
10974,4.44,4.96
10975,4.44,4.97
10976,4.44,4.97
10977,4.44,4.97
10979,4.43,4.97
10980,4.43,4.97
10981,4.43,4.97
10982,4.44,4.97
10983,4.44,4.96
10985,4.44,4.97
10986,4.44,4.96
10987,4.44,4.96
10988,4.44,4.97
10989,4.44,4.97
10990,4.44,4.97
10992,4.44,4.97
10993,4.44,4.97
10994,4.44,4.97
10995,4.43,4.97
10996,4.44,4.97
10998,4.44,4.97
10999,4.44,4.97
11000,4.44,4.97
11001,4.44,4.97
11002,4.44,4.97
11004,4.44,4.97
11005,4.44,4.97
11006,4.44,4.97
11008,4.44,4.96
11009,4.44,4.95
11010,4.44,4.94
11012,4.45,4.93
11013,4.45,4.92
11014,4.45,4.91
11015,4.46,4.89
11016,4.46,4.88
11018,4.47,4.86
11019,4.47,4.83
11020,4.47,4.80
11021,4.46,4.78
11022,4.46,4.75
11023,4.46,4.72
11025,4.46,4.69
11026,4.46,4.66
11027,4.46,4.63
11028,4.46,4.61
11029,4.46,4.58
11031,4.45,4.57
11032,4.45,4.54
11033,4.45,4.52
11034,4.44,4.50
11035,4.44,4.48
11036,4.44,4.45
11038,4.44,4.43
11039,4.44,4.41
11040,4.44,4.39
11041,4.44,4.36
11042,4.43,4.34
11044,4.43,4.32
11045,4.42,4.30
11046,4.42,4.27
11047,4.41,4.25
11048,4.41,4.23
11049,4.40,4.21
11052,4.40,4.19
11053,4.39,4.17
11054,4.39,4.16
11055,4.39,4.14
11056,4.39,4.13
11058,4.38,4.12
11059,4.38,4.10
11060,4.38,4.09
11061,4.38,4.08
11062,4.38,4.07
11063,4.38,4.05
11065,4.38,4.04
11066,4.38,4.03
11067,4.38,4.02
11068,4.38,4.01
11069,4.38,4.00
11070,4.38,3.99
11072,4.38,3.97
11073,4.38,3.96
11074,4.38,3.94
11075,4.38,3.93
11076,4.38,3.91
11078,4.39,3.91
11079,4.39,3.89
11080,4.39,3.88
11081,4.40,3.87
11082,4.40,3.86
11083,4.40,3.85
11085,4.40,3.84
11086,4.40,3.83
11087,4.40,3.82
11088,4.40,3.82
11089,4.40,3.81
11090,4.40,3.80
11092,4.40,3.80
11094,4.40,3.79
11095,4.40,3.79
11096,4.40,3.78
11097,4.39,3.77
11099,4.40,3.77
11100,4.40,3.76
11101,4.40,3.76
11102,4.40,3.75
11103,4.40,3.75
11104,4.41,3.74
11106,4.41,3.74
11107,4.40,3.73
11108,4.40,3.73
11109,4.40,3.72
11110,4.40,3.72
11111,4.40,3.71
11113,4.40,3.71
11114,4.40,3.71
11115,4.40,3.70
11116,4.40,3.70
11117,4.41,3.70
11118,4.40,3.69
11120,4.40,3.69
11121,4.40,3.69
11122,4.40,3.69
11123,4.40,3.68
11124,4.40,3.68
11126,4.40,3.68
11127,4.41,3.68
11128,4.41,3.67
11129,4.41,3.67
11130,4.41,3.67
11131,4.42,3.67
11133,4.41,3.66
11134,4.41,3.66
11136,4.41,3.66
11137,4.40,3.66
11138,4.40,3.65
11140,4.40,3.65
11141,4.40,3.65
11142,4.40,3.65
11143,4.40,3.65
11144,4.40,3.64
11145,4.40,3.64
11147,4.40,3.64
11148,4.40,3.64
11149,4.40,3.64
11150,4.40,3.64
11151,4.40,3.64
11152,4.40,3.64
11154,4.40,3.64
11155,4.40,3.63
11156,4.40,3.63
11157,4.40,3.63
11158,4.40,3.63
11160,4.40,3.63
11161,4.40,3.63
11162,4.40,3.63
11163,4.40,3.63
11164,4.41,3.63
11165,4.41,3.63
11167,4.41,3.63
11168,4.41,3.63
11169,4.41,3.63
11170,4.41,3.63
11171,4.41,3.63
11172,4.41,3.63
11174,4.41,3.63
11175,4.41,3.63
11176,4.41,3.63
11177,4.41,3.63
11179,4.42,3.64
11181,4.42,3.63
11182,4.42,3.63
11183,4.42,3.63
11184,4.42,3.63
11185,4.41,3.63
11186,4.41,3.64
11188,4.42,3.64
11189,4.41,3.64
11190,4.42,3.64
11191,4.42,3.64
11192,4.42,3.64
11194,4.42,3.64
11195,4.42,3.64
11196,4.42,3.64
11197,4.42,3.64
11198,4.42,3.64
11199,4.42,3.64
11201,4.42,3.64
11202,4.42,3.64
11203,4.42,3.63
11204,4.42,3.63
11205,4.42,3.64
11207,4.42,3.63
11208,4.43,3.63
11209,4.43,3.63
11210,4.43,3.63
11211,4.43,3.63
11213,4.43,3.63
11214,4.43,3.63
11215,4.43,3.63
11216,4.43,3.63
11217,4.43,3.63
11218,4.43,3.62
11220,4.43,3.63
11222,4.43,3.62
11223,4.43,3.62
11224,4.42,3.63
11225,4.42,3.62
11226,4.42,3.63
11228,4.42,3.62
11229,4.42,3.63
11230,4.42,3.63
11231,4.42,3.63
11232,4.42,3.63
11234,4.42,3.63
11235,4.42,3.63
11236,4.42,3.63
11237,4.42,3.63
11238,4.42,3.63
11239,4.41,3.63
11241,4.41,3.63
11242,4.41,3.63
11243,4.41,3.63
11244,4.41,3.63
11245,4.41,3.63
11247,4.41,3.63
11248,4.41,3.63
11249,4.41,3.63
11250,4.42,3.63
11251,4.42,3.63
11252,4.42,3.63
11254,4.42,3.63
11255,4.42,3.63
11256,4.42,3.63
11257,4.42,3.63
11258,4.42,3.63
11260,4.42,3.63
11261,4.42,3.63
11262,4.42,3.63
11264,4.42,3.63
11265,4.42,3.63
11266,4.42,3.63
11268,4.42,3.63
11269,4.42,3.63
11270,4.42,3.63
11271,4.42,3.63
11272,4.42,3.63
11274,4.42,3.63
11275,4.42,3.63
11276,4.42,3.63
11277,4.42,3.63
11278,4.42,3.63
11280,4.42,3.63
11281,4.42,3.63
11282,4.42,3.63
11283,4.42,3.63
11284,4.42,3.63
11285,4.42,3.63
11287,4.42,3.63
11288,4.42,3.63
11289,4.41,3.63
11290,4.41,3.63
11291,4.41,3.63
11293,4.41,3.63
11294,4.41,3.62
11295,4.41,3.62
11296,4.41,3.62
11297,4.41,3.62
11298,4.41,3.62
11300,4.41,3.62
11301,4.41,3.62
11302,4.41,3.62
11303,4.42,3.62
11304,4.42,3.63
11307,4.42,3.63
11308,4.42,3.62
11309,4.42,3.62
11310,4.42,3.62
11311,4.42,3.62
11312,4.42,3.62
11314,4.42,3.62
11315,4.42,3.62
11316,4.42,3.63
11317,4.42,3.63
11318,4.42,3.63
11319,4.42,3.63
11321,4.42,3.63
11322,4.42,3.63
11323,4.42,3.63
11324,4.43,3.63
11325,4.43,3.63
11327,4.43,3.63
11328,4.43,3.63
11329,4.42,3.63
11330,4.42,3.63
11331,4.42,3.63
11333,4.42,3.63
11334,4.42,3.63
11335,4.42,3.63
11336,4.42,3.63
11337,4.42,3.63
11338,4.42,3.63
11340,4.42,3.63
11341,4.42,3.63
11342,4.42,3.64
11343,4.42,3.64
11344,4.42,3.64
11346,4.42,3.64
11347,4.42,3.65
11348,4.42,3.65
11350,4.42,3.65
11351,4.43,3.65
11352,4.43,3.65
11354,4.43,3.65
11355,4.42,3.65
11356,4.43,3.65
11357,4.43,3.65
11358,4.43,3.66
11360,4.43,3.66
11361,4.43,3.67
11362,4.43,3.67
11363,4.43,3.68
11364,4.44,3.68
11365,4.44,3.69
11367,4.44,3.69
11368,4.44,3.70
11369,4.44,3.70
11370,4.44,3.70
11371,4.44,3.70
11373,4.44,3.71
11374,4.44,3.71
11375,4.44,3.72
11376,4.44,3.72
11377,4.44,3.73
11378,4.44,3.74
11380,4.44,3.74
11381,4.44,3.75
11382,4.44,3.76
11383,4.44,3.77
11384,4.45,3.78
11385,4.45,3.79
11387,4.45,3.80
11388,4.45,3.81
11389,4.45,3.82
11390,4.45,3.83
11392,4.44,3.84
11394,4.44,3.85
11395,4.44,3.87
11396,4.44,3.89
11397,4.44,3.91
11398,4.45,3.93
11399,4.45,3.95
11401,4.45,3.98
11402,4.45,4.02
11403,4.45,4.06
11404,4.45,4.09
11405,4.46,4.13
11407,4.46,4.16
11408,4.47,4.20
11409,4.47,4.24
11410,4.47,4.27
11411,4.48,4.30
11412,4.49,4.33
11414,4.49,4.36
11415,4.49,4.38
11416,4.50,4.41
11417,4.50,4.43
11418,4.51,4.46
11419,4.52,4.48
11421,4.52,4.50
11422,4.53,4.52
11423,4.53,4.54
11424,4.54,4.56
11425,4.54,4.57
11427,4.54,4.59
11428,4.55,4.61
11429,4.55,4.62
11430,4.55,4.63
11431,4.56,4.65
11432,4.56,4.66
11435,4.56,4.67
11436,4.56,4.69
11437,4.56,4.70
11438,4.56,4.71
11439,4.56,4.72
11441,4.56,4.73
11442,4.55,4.74
11443,4.55,4.75
11444,4.55,4.76
11445,4.54,4.77
11446,4.54,4.77
11448,4.54,4.78
11449,4.54,4.78
11450,4.53,4.79
11451,4.53,4.80
11452,4.53,4.80
11454,4.53,4.81
11455,4.52,4.81
11456,4.52,4.82
11457,4.52,4.82
11458,4.52,4.83
11459,4.51,4.83
11461,4.51,4.84
11462,4.50,4.84
11463,4.50,4.85
11464,4.49,4.85
11465,4.49,4.85
11466,4.48,4.86
11468,4.48,4.86
11469,4.48,4.87
11470,4.47,4.87
11471,4.47,4.87
11472,4.47,4.87
11474,4.47,4.87
11475,4.46,4.88
11476,4.46,4.88
11478,4.45,4.88
11479,4.45,4.88
11480,4.44,4.89
11482,4.44,4.89
11483,4.44,4.89
11484,4.44,4.89
11485,4.43,4.89
11486,4.43,4.90
11488,4.43,4.90
11489,4.42,4.90
11490,4.42,4.90
11491,4.41,4.90
11492,4.41,4.90
11493,4.41,4.91
11495,4.41,4.91
11496,4.41,4.91
11497,4.41,4.91
11498,4.40,4.91
11499,4.40,4.91
11500,4.40,4.91
11502,4.40,4.92
11503,4.40,4.92
11504,4.40,4.92
11505,4.40,4.92
11506,4.40,4.92
11507,4.40,4.92
11509,4.40,4.92
11510,4.40,4.92
11511,4.40,4.92
11512,4.40,4.92
11513,4.40,4.92
11515,4.40,4.93
11516,4.40,4.93
11517,4.40,4.93
11518,4.40,4.93
11520,4.40,4.93
11521,4.40,4.93
11523,4.40,4.93
11524,4.40,4.93
11525,4.40,4.93
11526,4.40,4.94
11527,4.40,4.94
11528,4.40,4.94
11530,4.40,4.94
11531,4.40,4.94
11532,4.40,4.94
11533,4.40,4.94
11534,4.40,4.94
11536,4.40,4.94
11537,4.40,4.94
11538,4.40,4.94
11539,4.40,4.94
11540,4.40,4.95
11541,4.40,4.95
11543,4.40,4.94
11544,4.40,4.95
11545,4.40,4.95
11546,4.40,4.95
11547,4.40,4.95
11548,4.40,4.95
11550,4.40,4.95
11551,4.40,4.95
11552,4.40,4.95
11553,4.40,4.95
11554,4.40,4.95
11556,4.41,4.95
11557,4.40,4.95
11558,4.40,4.95
11559,4.40,4.95
11560,4.40,4.95
11561,4.40,4.95
11564,4.40,4.95
11565,4.40,4.95
11566,4.40,4.95
11567,4.40,4.95
11568,4.40,4.96
11569,4.40,4.96
11571,4.39,4.96
11572,4.39,4.96
11573,4.39,4.96
11574,4.39,4.96
11575,4.39,4.96
11577,4.39,4.96
11578,4.39,4.95
11579,4.39,4.96
11580,4.40,4.96
11581,4.40,4.95
11582,4.40,4.96
11584,4.40,4.96
11585,4.40,4.96
11586,4.39,4.96
11587,4.39,4.96
11588,4.39,4.96
11590,4.39,4.96
11591,4.39,4.96
11592,4.39,4.96
11593,4.39,4.96
11594,4.39,4.96
11595,4.39,4.96
11597,4.39,4.96
11598,4.38,4.96
11599,4.38,4.96
11600,4.38,4.96
11601,4.38,4.96
11603,4.38,4.96
11604,4.38,4.96
11606,4.38,4.96
11607,4.38,4.96
11608,4.38,4.96
11609,4.38,4.96
11611,4.38,4.96
11612,4.39,4.96
11613,4.39,4.96
11614,4.39,4.96
11615,4.39,4.96
11617,4.39,4.96
11618,4.39,4.96
11619,4.40,4.96
11620,4.40,4.96
11621,4.40,4.96
11622,4.40,4.96
11624,4.40,4.96
11625,4.40,4.96
11626,4.39,4.97
11627,4.39,4.97
11628,4.39,4.97
11630,4.39,4.97
11631,4.38,4.96
11632,4.38,4.97
11633,4.38,4.96
11634,4.38,4.97
11635,4.38,4.96
11637,4.38,4.97
11638,4.38,4.96
11639,4.38,4.96
11640,4.38,4.96
11641,4.38,4.97
11643,4.38,4.96
11644,4.38,4.96
11645,4.38,4.96
11646,4.38,4.96
11648,4.38,4.96
11649,4.38,4.96
11651,4.38,4.96
11652,4.38,4.96
11653,4.38,4.96
11654,4.38,4.96
11655,4.38,4.96
11657,4.38,4.96
11658,4.38,4.96
11659,4.38,4.96
11660,4.38,4.96
11661,4.38,4.96
11662,4.38,4.96
11664,4.38,4.96
11665,4.38,4.97
11666,4.38,4.97
11667,4.38,4.97
11668,4.37,4.97
11670,4.37,4.97
11671,4.37,4.97
11672,4.37,4.97
11673,4.37,4.97
11674,4.37,4.97
11675,4.37,4.97
11677,4.37,4.96
11678,4.37,4.97
11679,4.37,4.97
11680,4.37,4.96
11681,4.37,4.97
11683,4.37,4.97
11684,4.37,4.96
11685,4.37,4.97
11686,4.37,4.96
11687,4.37,4.96
11688,4.37,4.96
11691,4.37,4.96
11692,4.38,4.96
11693,4.38,4.96
11694,4.38,4.96
11695,4.38,4.96
11697,4.38,4.96
11698,4.38,4.97
11699,4.38,4.97
11700,4.37,4.97
11701,4.37,4.97
11702,4.37,4.97
11704,4.37,4.97
11705,4.36,4.97
11706,4.36,4.97
11707,4.36,4.97
11708,4.36,4.97
11710,4.36,4.97
11711,4.36,4.97
11712,4.36,4.97
11713,4.36,4.97
11714,4.36,4.97
11716,4.36,4.97
11717,4.36,4.97
11718,4.36,4.96
11719,4.36,4.96
11720,4.36,4.96
11721,4.36,4.96
11723,4.37,4.97
11724,4.37,4.96
11725,4.37,4.96
11726,4.37,4.96
11727,4.37,4.97
11729,4.37,4.97
11730,4.36,4.97
11731,4.36,4.97
11732,4.36,4.97
11734,4.36,4.97
11735,4.36,4.97
11737,4.36,4.97
11738,4.37,4.96
11739,4.38,4.95
11740,4.39,4.92
11741,4.40,4.89
11743,4.41,4.85
11744,4.41,4.80
11745,4.40,4.76
11746,4.40,4.71
11747,4.40,4.66
11748,4.40,4.61
11750,4.39,4.57
11751,4.39,4.52
11752,4.39,4.47
11753,4.39,4.43
11754,4.39,4.38
11756,4.38,4.35
11757,4.38,4.31
11758,4.37,4.27
11759,4.36,4.23
11760,4.36,4.19
11761,4.35,4.16
11763,4.35,4.13
11764,4.35,4.10
11765,4.35,4.08
11766,4.34,4.05
11767,4.33,4.02
11769,4.33,3.99
11770,4.32,3.97
11771,4.32,3.95
11772,4.31,3.93
11773,4.31,3.91
11774,4.30,3.89
11777,4.30,3.87
11778,4.30,3.85
11779,4.30,3.84
11780,4.30,3.82
11781,4.30,3.81
11782,4.30,3.79
11784,4.30,3.78
11785,4.29,3.76
11786,4.29,3.75
11787,4.29,3.74
11788,4.29,3.73
11790,4.29,3.72
11791,4.28,3.71
11792,4.28,3.70
11793,4.28,3.69
11794,4.28,3.68
11795,4.28,3.68
11797,4.28,3.67
11798,4.29,3.66
11799,4.29,3.65
11800,4.29,3.65
11801,4.29,3.64
11803,4.30,3.63
11804,4.30,3.63
11805,4.30,3.62
11806,4.30,3.62
11807,4.30,3.61
11808,4.31,3.61
11810,4.31,3.60
11811,4.31,3.60
11812,4.31,3.59
11813,4.31,3.59
11814,4.32,3.59
11815,4.32,3.58
11817,4.33,3.58
11819,4.33,3.58
11820,4.33,3.57
11821,4.33,3.57
11822,4.32,3.57
11824,4.32,3.56
11825,4.32,3.56
11826,4.32,3.56
11827,4.32,3.56
11828,4.32,3.56
11829,4.32,3.56
11831,4.32,3.56
11832,4.32,3.55
11833,4.32,3.55
11834,4.32,3.55
11835,4.32,3.54
11837,4.32,3.54
11838,4.32,3.54
11839,4.32,3.54
11840,4.32,3.54
11841,4.32,3.53
11842,4.32,3.53
11844,4.32,3.53
11845,4.31,3.53
11846,4.31,3.53
11847,4.31,3.53
11848,4.31,3.53
11850,4.31,3.53
11851,4.30,3.53
11852,4.30,3.53
11853,4.30,3.53
11854,4.30,3.53
11855,4.30,3.53
11857,4.30,3.53
11858,4.31,3.54
11859,4.31,3.53
11860,4.31,3.54
11862,4.32,3.54
11863,4.32,3.54
11865,4.33,3.54
11866,4.33,3.54
11867,4.33,3.54
11868,4.33,3.54
11869,4.34,3.54
11871,4.34,3.53
11872,4.34,3.53
11873,4.34,3.54
11874,4.35,3.54
11875,4.35,3.54
11876,4.36,3.54
11878,4.36,3.54
11879,4.36,3.54
11880,4.36,3.54
11881,4.36,3.53
11882,4.36,3.53
11884,4.35,3.53
11885,4.35,3.53
11886,4.35,3.53
11887,4.35,3.53
11888,4.35,3.53
11889,4.34,3.53
11891,4.34,3.52
11892,4.34,3.53
11893,4.33,3.53
11894,4.33,3.52
11895,4.33,3.53
11897,4.33,3.53
11898,4.33,3.53
11899,4.33,3.53
11900,4.33,3.53
11901,4.33,3.53
11902,4.32,3.53
11905,4.32,3.53
11906,4.32,3.53
11907,4.32,3.53
11908,4.32,3.54
11909,4.32,3.53
11910,4.31,3.54
11912,4.31,3.53
11913,4.31,3.53
11914,4.31,3.53
11915,4.31,3.53
11916,4.31,3.53
11918,4.31,3.53
11919,4.31,3.53
11920,4.32,3.53
11921,4.32,3.53
11922,4.33,3.53
11923,4.33,3.53
11925,4.33,3.53
11926,4.33,3.53
11927,4.34,3.53
11928,4.33,3.53
11929,4.33,3.52
11931,4.33,3.52
11932,4.33,3.52
11933,4.32,3.53
11934,4.32,3.52
11935,4.32,3.53
11936,4.32,3.53
11938,4.32,3.53
11939,4.32,3.53
11940,4.33,3.53
11941,4.33,3.53
11942,4.34,3.53
11944,4.34,3.53
11945,4.35,3.53
11947,4.35,3.53
11948,4.35,3.53
11949,4.35,3.53
11950,4.34,3.52
11952,4.34,3.52
11953,4.34,3.52
11954,4.33,3.52
11955,4.33,3.52
11956,4.33,3.52
11958,4.33,3.52
11959,4.33,3.52
11960,4.33,3.52
11961,4.33,3.53
11962,4.33,3.53
11963,4.33,3.52
11965,4.33,3.52
11966,4.33,3.52
11967,4.33,3.52
11968,4.33,3.52
11969,4.33,3.52
11970,4.33,3.52
11972,4.33,3.52
11973,4.32,3.52
11974,4.32,3.52
11975,4.32,3.52
11976,4.32,3.52
11978,4.32,3.52
11979,4.31,3.53
11980,4.31,3.53
11981,4.31,3.53
11982,4.31,3.53
11983,4.31,3.53
11985,4.30,3.53
11986,4.30,3.53
11987,4.30,3.53
11988,4.30,3.53
11990,4.30,3.53
11991,4.30,3.52
11993,4.30,3.52
11994,4.30,3.52
11995,4.30,3.52
11996,4.30,3.52
11997,4.31,3.53
11999,4.31,3.53
12000,4.32,3.53
12001,4.32,3.53
12002,4.32,3.53
12003,4.33,3.53
12004,4.33,3.52
12006,4.33,3.53
12007,4.33,3.53
12008,4.34,3.53
12009,4.34,3.53
12010,4.34,3.52
12012,4.33,3.52
12013,4.33,3.52
12014,4.33,3.52
12015,4.32,3.52
12016,4.32,3.52
12017,4.32,3.52
12019,4.32,3.52
12020,4.32,3.52
12021,4.32,3.52
12022,4.33,3.52
12023,4.33,3.52
12025,4.33,3.52
12026,4.33,3.52
12027,4.33,3.52
12028,4.32,3.52
12029,4.32,3.52
12030,4.32,3.52
12033,4.31,3.52
12034,4.31,3.52
12035,4.31,3.53
12036,4.31,3.53
12037,4.32,3.53
12038,4.31,3.53
12040,4.32,3.52
12041,4.32,3.52
12042,4.32,3.52
12043,4.33,3.52
12044,4.33,3.52
12046,4.32,3.51
12047,4.32,3.52
12048,4.32,3.52
12049,4.31,3.52
12050,4.31,3.52
12051,4.31,3.53
12053,4.31,3.53
12054,4.31,3.53
12055,4.31,3.54
12056,4.30,3.54
12057,4.30,3.54
12059,4.30,3.54
12060,4.30,3.54
12061,4.30,3.54
12062,4.30,3.54
12063,4.30,3.54
12064,4.30,3.54
12066,4.30,3.54
12067,4.30,3.53
12068,4.31,3.53
12069,4.32,3.54
12070,4.33,3.54
12071,4.33,3.54
12073,4.34,3.53
12075,4.34,3.53
12076,4.34,3.53
12077,4.33,3.53
12078,4.33,3.52
12080,4.32,3.52
12081,4.32,3.52
12082,4.32,3.53
12083,4.32,3.53
12084,4.32,3.53
12085,4.32,3.54
12087,4.32,3.54
12088,4.32,3.54
12089,4.32,3.54
12090,4.32,3.54
12091,4.32,3.54
12093,4.31,3.54
12094,4.31,3.53
12095,4.31,3.53
12096,4.31,3.54
12097,4.31,3.54
12098,4.31,3.54
12100,4.31,3.53
12101,4.31,3.53
12102,4.31,3.53
12103,4.30,3.53
12104,4.31,3.53
12105,4.31,3.53
12107,4.31,3.53
12108,4.31,3.53
12109,4.31,3.53
12110,4.31,3.53
12111,4.30,3.53
12113,4.30,3.53
12114,4.30,3.53
12115,4.30,3.53
12116,4.30,3.53
12118,4.30,3.54
12119,4.30,3.54
12121,4.31,3.54
12122,4.30,3.54
12123,4.31,3.53
12124,4.30,3.53
12125,4.31,3.53
12126,4.31,3.53
12128,4.31,3.53
12129,4.31,3.53
12130,4.31,3.53
12131,4.32,3.53
12132,4.33,3.53
12134,4.33,3.53
12135,4.34,3.53
12136,4.35,3.53
12137,4.35,3.53
12138,4.35,3.53
12139,4.35,3.53
12141,4.34,3.53
12142,4.34,3.52
12143,4.34,3.52
12144,4.34,3.52
12145,4.33,3.52
12147,4.33,3.52
12148,4.33,3.52
12149,4.33,3.52
12150,4.32,3.52
12151,4.32,3.52
12152,4.32,3.52
12154,4.32,3.52
12155,4.32,3.52
12156,4.31,3.53
12157,4.31,3.53
12158,4.31,3.53
12161,4.31,3.53
12162,4.31,3.53
12163,4.31,3.53
12164,4.31,3.53
12165,4.31,3.53
12166,4.31,3.53
12168,4.31,3.53
12169,4.31,3.53
12170,4.31,3.53
12171,4.30,3.53
12172,4.30,3.53
12173,4.30,3.53
12175,4.30,3.54
12176,4.30,3.54
12177,4.30,3.54
12178,4.30,3.54
12179,4.30,3.54
12181,4.30,3.54
12182,4.30,3.54
12183,4.30,3.54
12184,4.30,3.54
12185,4.30,3.54
12186,4.30,3.54
12188,4.30,3.54
12189,4.30,3.54
12190,4.30,3.54
12191,4.30,3.54
12192,4.30,3.54
12193,4.30,3.54
12195,4.30,3.54
12196,4.30,3.54
12197,4.30,3.54
12198,4.31,3.54
12199,4.31,3.54
12200,4.32,3.54
12203,4.32,3.55
12204,4.32,3.55
12205,4.33,3.55
12206,4.33,3.55
12207,4.34,3.55
12209,4.34,3.54
12210,4.34,3.54
12211,4.34,3.54
12212,4.33,3.54
12213,4.33,3.54
12214,4.32,3.54
12216,4.32,3.54
12217,4.32,3.54
12218,4.32,3.55
12219,4.32,3.55
12220,4.32,3.55
12222,4.32,3.55
12223,4.32,3.55
12224,4.32,3.56
12225,4.32,3.55
12226,4.31,3.56
12227,4.31,3.55
12229,4.31,3.55
12230,4.31,3.55
12231,4.31,3.55
12232,4.31,3.55
12233,4.31,3.55
12234,4.31,3.55
12236,4.31,3.55
12237,4.31,3.55
12238,4.31,3.55
12239,4.31,3.55
12240,4.31,3.55
12242,4.31,3.55
12243,4.31,3.56
12244,4.31,3.56
12246,4.31,3.56
12247,4.31,3.56
12248,4.31,3.56
12250,4.31,3.56
12251,4.31,3.56
12252,4.31,3.56
12253,4.31,3.56
12254,4.31,3.57
12256,4.31,3.57
12257,4.31,3.56
12258,4.31,3.57
12259,4.31,3.57
12260,4.32,3.57
12261,4.31,3.56
12263,4.32,3.57
12264,4.32,3.57
12265,4.33,3.57
12266,4.33,3.56
12267,4.33,3.57
12269,4.34,3.56
12270,4.34,3.57
12271,4.34,3.57
12272,4.34,3.56
12273,4.34,3.57
12274,4.34,3.56
12276,4.34,3.56
12277,4.34,3.56
12278,4.33,3.56
12279,4.33,3.57
12280,4.34,3.57
12282,4.33,3.57
12283,4.33,3.57
12284,4.33,3.57
12285,4.33,3.58
12286,4.33,3.58
12288,4.33,3.58
12290,4.33,3.59
12291,4.32,3.59
12292,4.32,3.59
12293,4.32,3.59
12294,4.32,3.59
12296,4.32,3.59
12297,4.32,3.59
12298,4.32,3.59
12299,4.32,3.59
12300,4.32,3.59
12301,4.31,3.59
12303,4.31,3.59
12304,4.31,3.59
12305,4.32,3.59
12306,4.31,3.59
12307,4.31,3.59
12309,4.32,3.59
12310,4.31,3.59
12311,4.32,3.59
12312,4.31,3.59
12313,4.32,3.59
12314,4.31,3.59
12316,4.32,3.59
12317,4.32,3.60
12318,4.31,3.59
12319,4.32,3.59
12320,4.32,3.59
12322,4.32,3.59
12323,4.32,3.59
12324,4.32,3.60
12325,4.32,3.60
12326,4.32,3.59
12327,4.32,3.60
12329,4.32,3.60
12331,4.32,3.59
12332,4.32,3.60
12333,4.32,3.60
12334,4.32,3.60
12335,4.33,3.60
12337,4.33,3.60
12338,4.34,3.60
12339,4.34,3.60
12340,4.34,3.60
12341,4.35,3.60
12343,4.35,3.60
12344,4.35,3.60
12345,4.35,3.60
12346,4.35,3.59
12347,4.34,3.59
12348,4.34,3.59
12350,4.34,3.59
12351,4.34,3.59
12352,4.33,3.60
12353,4.33,3.60
12354,4.33,3.60
12355,4.33,3.60
12357,4.33,3.60
12358,4.33,3.60
12359,4.33,3.60
12360,4.33,3.60
12361,4.33,3.60
12363,4.33,3.60
12364,4.32,3.60
12365,4.32,3.60
12366,4.32,3.60
12367,4.32,3.60
12368,4.32,3.60
12370,4.32,3.60
12371,4.32,3.60
12372,4.32,3.60
12374,4.32,3.60
12375,4.32,3.60
12376,4.32,3.60
12378,4.31,3.60
12379,4.32,3.60
12380,4.32,3.59
12381,4.32,3.59
12382,4.32,3.59
12384,4.32,3.59
12385,4.32,3.59
12386,4.32,3.59
12387,4.32,3.59
12388,4.32,3.59
12389,4.32,3.59
12391,4.33,3.59
12392,4.33,3.59
12393,4.33,3.59
12394,4.33,3.59
12395,4.33,3.59
12397,4.32,3.59
12398,4.32,3.59
12399,4.32,3.59
12400,4.32,3.59
12401,4.32,3.59
12402,4.32,3.59
12404,4.32,3.59
12405,4.32,3.59
12406,4.32,3.59
12407,4.32,3.59
12408,4.32,3.59
12410,4.32,3.59
12411,4.32,3.59
12412,4.33,3.59
12413,4.33,3.59
12414,4.33,3.59
12416,4.33,3.59
12418,4.33,3.59
12419,4.32,3.59
12420,4.32,3.59
12421,4.32,3.59
12422,4.32,3.59
12424,4.32,3.59
12425,4.32,3.59
12426,4.32,3.59
12427,4.32,3.59
12428,4.32,3.59
12429,4.32,3.59
12431,4.32,3.59
12432,4.33,3.60
12433,4.33,3.59
12434,4.33,3.59
12435,4.33,3.59
12437,4.33,3.59
12438,4.33,3.59
12439,4.33,3.59
12440,4.33,3.59
12441,4.33,3.59
12442,4.33,3.59
12444,4.33,3.59
12445,4.33,3.59
12446,4.32,3.59
12447,4.33,3.59
12448,4.33,3.59
12450,4.32,3.60
12451,4.32,3.60
12452,4.32,3.60
12453,4.32,3.60
12454,4.32,3.60
12455,4.32,3.60
12457,4.32,3.60
12459,4.32,3.60
12460,4.32,3.60
12461,4.32,3.60
12462,4.32,3.59
12463,4.32,3.59
12465,4.32,3.59
12466,4.32,3.59
12467,4.32,3.59
12468,4.32,3.59
12469,4.32,3.59
12471,4.32,3.59
12472,4.32,3.59
12473,4.32,3.59
12474,4.32,3.59
12475,4.32,3.60
12476,4.32,3.60
12478,4.32,3.60
12479,4.32,3.60
12480,4.32,3.60
12481,4.32,3.60
12482,4.32,3.60
12484,4.32,3.60
12485,4.32,3.60
12486,4.32,3.60
12487,4.32,3.60
12488,4.32,3.60
12489,4.32,3.60
12491,4.32,3.60
12492,4.32,3.60
12493,4.33,3.60
12494,4.33,3.60
12495,4.33,3.60
12496,4.33,3.59
12498,4.33,3.59
12499,4.33,3.59
12500,4.33,3.59
12502,4.33,3.59
12503,4.33,3.59
12505,4.33,3.59
12506,4.33,3.60
12507,4.33,3.60
12508,4.33,3.60
12509,4.34,3.60
12510,4.34,3.60
12512,4.34,3.59
12513,4.34,3.59
12514,4.34,3.59
12515,4.33,3.59
12516,4.33,3.59
12518,4.33,3.59
12519,4.33,3.59
12520,4.33,3.59
12521,4.33,3.59
12522,4.33,3.60
12523,4.33,3.60
12525,4.33,3.60
12526,4.32,3.59
12527,4.32,3.59
12528,4.32,3.59
12529,4.32,3.60
12530,4.32,3.60
12532,4.32,3.59
12533,4.32,3.59
12534,4.32,3.59
12535,4.32,3.59
12536,4.32,3.59
12538,4.32,3.59
12539,4.32,3.59
12540,4.32,3.59
12541,4.32,3.59
12542,4.32,3.59
12544,4.32,3.59
12546,4.32,3.59
12547,4.32,3.59
12548,4.32,3.59
12549,4.32,3.59
12550,4.32,3.59
12552,4.32,3.59
12553,4.32,3.59
12554,4.33,3.59
12555,4.33,3.60
12556,4.33,3.59
12557,4.33,3.59
12559,4.34,3.59
12560,4.34,3.59
12561,4.33,3.59
12562,4.33,3.58
12563,4.33,3.58
12565,4.32,3.58
12566,4.32,3.58
12567,4.32,3.58
12568,4.32,3.59
12569,4.32,3.59
12570,4.32,3.59
12572,4.32,3.59
12573,4.32,3.59
12574,4.31,3.59
12575,4.31,3.60
12576,4.31,3.60
12578,4.31,3.60
12579,4.31,3.59
12580,4.31,3.59
12581,4.31,3.59
12582,4.31,3.59
12583,4.32,3.59
12585,4.32,3.59
12587,4.32,3.59
12588,4.33,3.59
12589,4.33,3.59
12590,4.33,3.59
12592,4.33,3.59
12593,4.33,3.58
12594,4.33,3.58
12595,4.32,3.58
12596,4.32,3.58
12597,4.32,3.58
12599,4.32,3.59
12600,4.32,3.59
12601,4.32,3.59
12602,4.31,3.59
12603,4.32,3.59
12605,4.31,3.59
12606,4.32,3.59
12607,4.31,3.59
12608,4.31,3.59
12609,4.31,3.59
12610,4.31,3.59
12612,4.31,3.59
12613,4.32,3.58
12614,4.32,3.58
12615,4.32,3.59
12616,4.32,3.58
12618,4.32,3.58
12619,4.32,3.58
12620,4.32,3.59
12621,4.32,3.59
12622,4.33,3.59
12623,4.33,3.59
12625,4.34,3.59
12626,4.35,3.59
12627,4.35,3.59
12628,4.35,3.59
12630,4.35,3.58
12632,4.36,3.58
12633,4.36,3.58
12634,4.36,3.57
12635,4.36,3.57
12636,4.35,3.57
12637,4.35,3.56
12639,4.35,3.56
12640,4.35,3.56
12641,4.35,3.56
12642,4.34,3.56
12643,4.34,3.56
12645,4.34,3.55
12646,4.33,3.55
12647,4.33,3.55
12648,4.32,3.55
12649,4.32,3.55
12650,4.32,3.56
12652,4.31,3.56
12653,4.31,3.57
12654,4.31,3.57
12655,4.31,3.57
12656,4.31,3.58
12658,4.31,3.58
12659,4.30,3.58
12660,4.30,3.58
12661,4.30,3.58
12662,4.30,3.58
12663,4.31,3.57
12665,4.30,3.57
12666,4.31,3.57
12667,4.31,3.57
12668,4.32,3.56
12669,4.32,3.56
12670,4.32,3.56
12673,4.32,3.56
12674,4.33,3.56
12675,4.33,3.56
12676,4.33,3.55
12677,4.33,3.55
12679,4.32,3.55
12680,4.33,3.55
12681,4.33,3.55
12682,4.33,3.55
12683,4.33,3.55
12684,4.33,3.55
12686,4.34,3.55
12687,4.34,3.55
12688,4.35,3.55
12689,4.35,3.55
12690,4.35,3.54
12692,4.35,3.54
12693,4.35,3.54
12694,4.35,3.54
12695,4.35,3.53
12696,4.35,3.53
12697,4.35,3.53
12699,4.35,3.53
12700,4.35,3.53
12701,4.35,3.52
12702,4.34,3.52
12703,4.33,3.51
12705,4.33,3.51
12706,4.32,3.51
12707,4.31,3.51
12708,4.31,3.51
12709,4.30,3.52
12710,4.30,3.52
12712,4.30,3.52
12713,4.30,3.52
12715,4.31,3.52
12716,4.31,3.52
12717,4.32,3.52
12718,4.33,3.51
12720,4.33,3.51
12721,4.34,3.51
12722,4.35,3.51
12723,4.35,3.50
12724,4.36,3.50
12726,4.36,3.49
12727,4.36,3.48
12728,4.36,3.48
12729,4.35,3.47
12730,4.35,3.46
12731,4.34,3.45
12733,4.34,3.45
12734,4.33,3.44
12735,4.33,3.43
12736,4.33,3.43
12737,4.33,3.42
12739,4.33,3.42
12740,4.33,3.41
12741,4.34,3.40
12742,4.34,3.38
12743,4.34,3.36
12744,4.34,3.34
12746,4.35,3.30
12747,4.35,3.24
12748,4.35,3.16
12749,4.35,3.06
12750,4.35,2.96
12752,4.35,2.85
12753,4.34,2.75
12754,4.34,2.65
12755,4.33,2.55
12756,4.32,2.45
12758,4.31,2.36
12760,4.30,2.27
12761,4.29,2.18
12762,4.28,2.10
12763,4.27,2.02
12764,4.27,1.94
12765,4.26,1.87
12767,4.26,1.79
12768,4.26,1.73
12769,4.26,1.67
12770,4.26,1.61
12771,4.27,1.56
12773,4.27,1.51
12774,4.27,1.47
12775,4.27,1.42
12776,4.28,1.38
12777,4.28,1.35
12778,4.28,1.32
12780,4.28,1.30
12781,4.27,1.29
12782,4.27,1.27
12783,4.27,1.26
12784,4.26,1.25
12786,4.26,1.24
12787,4.26,1.23
12788,4.26,1.22
12789,4.26,1.22
12790,4.26,1.21
12791,4.27,1.20
12793,4.27,1.19
12794,4.27,1.19
12795,4.27,1.18
12796,4.27,1.17
12797,4.27,1.17
12800,4.26,1.16
12801,4.26,1.16
12802,4.25,1.15
12803,4.25,1.15
12804,4.25,1.15
12805,4.25,1.14
12807,4.25,1.14
12808,4.26,1.13
12809,4.27,1.13
12810,4.27,1.12
12811,4.28,1.12
12812,4.29,1.12
12814,4.29,1.12
12815,4.29,1.12
12816,4.28,1.11
12817,4.28,1.12
12818,4.28,1.11
12820,4.27,1.11
12821,4.27,1.11
12822,4.27,1.11
12823,4.27,1.11
12824,4.27,1.10
12825,4.27,1.10
12827,4.28,1.10
12828,4.28,1.10
12829,4.28,1.10
12830,4.28,1.09
12831,4.28,1.09
12832,4.28,1.09
12834,4.27,1.09
12835,4.27,1.09
12836,4.26,1.09
12837,4.25,1.09
12838,4.25,1.09
12839,4.24,1.08
12841,4.23,1.08
12843,4.23,1.08
12844,4.22,1.07
12845,4.22,1.07
12846,4.22,1.06
12848,4.23,1.06
12849,4.23,1.06
12850,4.24,1.06
12851,4.25,1.05
12852,4.26,1.06
12853,4.26,1.06
12855,4.26,1.06
12856,4.26,1.06
12857,4.25,1.06
12858,4.25,1.06
12859,4.24,1.06
12861,4.24,1.06
12862,4.23,1.06
12863,4.23,1.06
12864,4.23,1.06
12865,4.24,1.06
12866,4.24,1.06
12868,4.24,1.05
12869,4.24,1.05
12870,4.24,1.05
12871,4.24,1.05
12872,4.25,1.05
12873,4.26,1.05
12875,4.26,1.06
12876,4.27,1.06
12877,4.27,1.06
12878,4.27,1.06
12879,4.27,1.06
12880,4.27,1.06
12882,4.27,1.08
12883,4.27,1.09
12884,4.27,1.11
12886,4.27,1.15
12887,4.27,1.18
12889,4.27,1.22
12890,4.28,1.26
12891,4.28,1.30
12892,4.27,1.35
12893,4.27,1.39
12894,4.27,1.44
12896,4.26,1.48
12897,4.25,1.53
12898,4.25,1.57
12899,4.25,1.62
12900,4.25,1.66
12902,4.24,1.72
12903,4.25,1.76
12904,4.24,1.81
12905,4.25,1.86
12906,4.25,1.91
12907,4.24,1.96
12909,4.24,2.01
12910,4.24,2.08
12911,4.24,2.16
12912,4.24,2.23
12913,4.25,2.30
12915,4.25,2.38
12916,4.26,2.44
12917,4.26,2.51
12918,4.27,2.58
12919,4.27,2.63
12920,4.27,2.69
12922,4.26,2.74
12923,4.26,2.79
12924,4.26,2.83
12925,4.25,2.88
12926,4.25,2.92
12928,4.26,2.96
12930,4.26,3.00
12931,4.26,3.03
12932,4.26,3.05
12933,4.25,3.07
12934,4.25,3.09
12936,4.25,3.12
12937,4.25,3.14
12938,4.25,3.16
12939,4.25,3.19
12940,4.25,3.21
12941,4.25,3.23
12943,4.26,3.24
12944,4.26,3.26
12945,4.27,3.26
12946,4.27,3.28
12947,4.28,3.29
12949,4.29,3.30
12950,4.30,3.30
12951,4.30,3.31
12952,4.31,3.32
12953,4.31,3.32
12954,4.30,3.32
12956,4.30,3.33
12957,4.29,3.33
12958,4.28,3.34
12959,4.27,3.35
12960,4.26,3.36
12961,4.25,3.37
12963,4.24,3.38
12964,4.24,3.39
12965,4.24,3.40
12966,4.23,3.41
12967,4.23,3.41
12969,4.23,3.42
12971,4.23,3.43
12972,4.23,3.43
12973,4.23,3.44
12974,4.23,3.44
12975,4.23,3.45
12977,4.24,3.46
12978,4.24,3.46
12979,4.25,3.46
12980,4.25,3.47
12981,4.25,3.47
12983,4.26,3.48
12984,4.26,3.48
12985,4.26,3.48
12986,4.26,3.48
12987,4.26,3.49
12988,4.26,3.49
12990,4.26,3.50
12991,4.26,3.51
12992,4.27,3.51
12993,4.27,3.51
12994,4.28,3.52
12996,4.28,3.52
12997,4.28,3.52
12998,4.29,3.52
12999,4.29,3.52
13000,4.29,3.52
13001,4.30,3.53
13003,4.30,3.53
13004,4.31,3.53
13005,4.31,3.54
13006,4.32,3.54
13007,4.32,3.54
13009,4.32,3.54
13010,4.33,3.54
13011,4.34,3.54
13012,4.35,3.54
13014,4.35,3.54
13015,4.36,3.53
13017,4.36,3.53
13018,4.36,3.53
13019,4.35,3.52
13020,4.35,3.52
13021,4.34,3.51
13022,4.32,3.51
13024,4.32,3.52
13025,4.31,3.53
13026,4.31,3.54
13027,4.30,3.55
13028,4.30,3.55
13030,4.29,3.56
13031,4.29,3.56
13032,4.29,3.56
13033,4.29,3.56
13034,4.30,3.56
13035,4.30,3.55
13037,4.31,3.55
13038,4.31,3.54
13039,4.33,3.54
13040,4.33,3.54
13041,4.33,3.53
13043,4.33,3.53
13044,4.32,3.52
13045,4.31,3.52
13046,4.30,3.52
13047,4.29,3.53
13048,4.29,3.54
13050,4.29,3.55
13051,4.28,3.56
13052,4.28,3.56
13053,4.28,3.57
13054,4.28,3.57
13056,4.28,3.57
13058,4.28,3.57
13059,4.28,3.56
13060,4.29,3.56
13061,4.30,3.56
13062,4.30,3.56
13064,4.31,3.56
13065,4.32,3.56
13066,4.32,3.56
13067,4.32,3.56
13068,4.31,3.55
13069,4.31,3.55
13071,4.30,3.55
13072,4.30,3.55
13073,4.30,3.56
13074,4.30,3.56
13075,4.30,3.57
13076,4.30,3.57
13078,4.30,3.57
13079,4.30,3.57
13080,4.30,3.57
13081,4.30,3.57
13082,4.30,3.57
13084,4.29,3.57
13085,4.29,3.57
13086,4.29,3.58
13087,4.29,3.57
13088,4.29,3.58
13089,4.29,3.58
13091,4.29,3.58
13092,4.29,3.58
13093,4.30,3.58
13094,4.31,3.59
13095,4.31,3.59
13097,4.32,3.59
13099,4.32,3.59
13100,4.32,3.59
13101,4.31,3.59
13102,4.31,3.59
13103,4.30,3.60
13105,4.30,3.60
13106,4.29,3.60
13107,4.29,3.61
13108,4.29,3.61
13109,4.29,3.61
13110,4.29,3.61
13112,4.29,3.60
13113,4.29,3.60
13114,4.29,3.60
13115,4.29,3.60
13116,4.29,3.60
13118,4.29,3.59
13119,4.29,3.59
13120,4.29,3.59
13121,4.29,3.59
13122,4.29,3.60
13123,4.29,3.60
13125,4.30,3.60
13126,4.31,3.60
13127,4.31,3.60
13128,4.32,3.60
13129,4.33,3.60
13130,4.34,3.61
13132,4.35,3.60
13133,4.35,3.60
13134,4.34,3.60
13135,4.33,3.60
13136,4.32,3.60
13138,4.32,3.61
13139,4.31,3.61
13140,4.31,3.61
13142,4.31,3.61
13143,4.31,3.61
13144,4.31,3.62
13146,4.32,3.61
13147,4.32,3.61
13148,4.33,3.60
13149,4.33,3.60
13150,4.33,3.60
13151,4.32,3.59
13153,4.31,3.59
13154,4.31,3.59
13155,4.30,3.60
13156,4.30,3.61
13157,4.30,3.62
13159,4.29,3.62
13160,4.29,3.63
13161,4.29,3.63
13162,4.28,3.63
13163,4.28,3.64
13164,4.28,3.64
13166,4.28,3.63
13167,4.29,3.63
13168,4.30,3.63
13169,4.30,3.62
13170,4.30,3.62
13172,4.30,3.61
13173,4.29,3.61
13174,4.29,3.61
13175,4.29,3.61
13176,4.29,3.62
13177,4.29,3.63
13179,4.29,3.63
13180,4.29,3.63
13181,4.29,3.63
13182,4.29,3.62
13184,4.29,3.63
13186,4.28,3.63
13187,4.28,3.63
13188,4.28,3.63
13189,4.28,3.63
13190,4.28,3.63
13191,4.28,3.63
13193,4.29,3.63
13194,4.29,3.63
13195,4.30,3.64
13196,4.31,3.64
13197,4.32,3.64
13199,4.32,3.63
13200,4.32,3.63
13201,4.32,3.63
13202,4.31,3.62
13203,4.30,3.62
13204,4.30,3.63
13206,4.29,3.63
13207,4.29,3.64
13208,4.28,3.64
13209,4.28,3.64
13210,4.28,3.64
13212,4.28,3.65
13213,4.28,3.65
13214,4.28,3.65
13215,4.28,3.64
13216,4.28,3.64
13217,4.29,3.64
13219,4.29,3.64
13220,4.29,3.64
13221,4.30,3.64
13222,4.30,3.64
13223,4.31,3.64
13225,4.32,3.64
13227,4.32,3.64
13228,4.32,3.64
13229,4.31,3.64
13230,4.31,3.64
13231,4.30,3.63
13233,4.30,3.63
13234,4.30,3.64
13235,4.29,3.64
13236,4.29,3.65
13237,4.29,3.66
13239,4.29,3.66
13240,4.29,3.66
13241,4.29,3.66
13242,4.29,3.66
13243,4.29,3.66
13244,4.29,3.66
13246,4.30,3.66
13247,4.30,3.65
13248,4.31,3.66
13249,4.32,3.66
13250,4.32,3.66
13252,4.32,3.65
13253,4.32,3.65
13254,4.32,3.65
13255,4.31,3.65
13256,4.31,3.65
13257,4.30,3.65
13259,4.30,3.65
13260,4.30,3.65
13261,4.30,3.65
13262,4.30,3.65
13263,4.30,3.66
13265,4.30,3.66
13266,4.30,3.66
13267,4.31,3.66
13268,4.30,3.66
13270,4.31,3.67
13271,4.30,3.66
13273,4.30,3.66
13274,4.30,3.66
13275,4.30,3.66
13276,4.30,3.66
13277,4.31,3.66
13279,4.31,3.66
13280,4.32,3.66
13281,4.33,3.67
13282,4.33,3.67
13283,4.33,3.66
13284,4.32,3.66
13286,4.32,3.66
13287,4.31,3.66
13288,4.31,3.66
13289,4.30,3.66
13290,4.30,3.67
13292,4.30,3.67
13293,4.30,3.68
13294,4.30,3.68
13295,4.30,3.68
13296,4.31,3.68
13297,4.30,3.68
13299,4.30,3.68
13300,4.30,3.68
13301,4.30,3.68
13302,4.30,3.68
13303,4.30,3.68
13305,4.30,3.68
13306,4.30,3.68
13307,4.30,3.69
13308,4.29,3.68
13309,4.29,3.68
13310,4.29,3.68
13313,4.30,3.68
13314,4.30,3.68
13315,4.30,3.68
13316,4.30,3.68
13317,4.30,3.68
13318,4.30,3.68
13320,4.29,3.68
13321,4.29,3.68
13322,4.29,3.68
13323,4.30,3.69
13324,4.30,3.69
13326,4.31,3.69
13327,4.31,3.69
13328,4.31,3.69
13329,4.30,3.69
13330,4.30,3.69
13331,4.30,3.69
13333,4.30,3.70
13334,4.30,3.70
13335,4.30,3.71
13336,4.30,3.71
13337,4.30,3.71
13338,4.30,3.71
13340,4.31,3.71
13341,4.31,3.71
13342,4.31,3.70
13343,4.31,3.70
13344,4.31,3.70
13346,4.30,3.70
13347,4.30,3.70
13348,4.30,3.70
13349,4.30,3.70
13350,4.30,3.71
13351,4.31,3.72
13353,4.32,3.72
13355,4.32,3.72
13356,4.33,3.72
13357,4.33,3.72
13358,4.33,3.72
13359,4.33,3.72
13361,4.32,3.72
13362,4.32,3.72
13363,4.32,3.73
13364,4.31,3.73
13365,4.31,3.74
13367,4.31,3.74
13368,4.31,3.74
13369,4.31,3.75
13370,4.31,3.75
13371,4.31,3.75
13372,4.32,3.75
13374,4.33,3.75
13375,4.33,3.75
13376,4.34,3.75
13377,4.34,3.75
13378,4.34,3.75
13380,4.34,3.75
13381,4.33,3.75
13382,4.33,3.76
13383,4.32,3.76
13384,4.32,3.77
13385,4.31,3.78
13387,4.31,3.79
13388,4.31,3.79
13389,4.30,3.79
13390,4.30,3.79
13391,4.30,3.79
13392,4.30,3.79
13394,4.30,3.79
13395,4.30,3.79
13396,4.30,3.79
13398,4.31,3.79
13399,4.32,3.79
13401,4.32,3.78
13402,4.33,3.78
13403,4.33,3.78
13404,4.33,3.78
13405,4.32,3.77
13406,4.32,3.78
13408,4.32,3.79
13409,4.31,3.81
13410,4.31,3.82
13411,4.30,3.83
13412,4.30,3.84
13414,4.30,3.84
13415,4.30,3.84
13416,4.30,3.84
13417,4.30,3.84
13418,4.30,3.84
13419,4.31,3.84
13421,4.31,3.84
13422,4.31,3.84
13423,4.31,3.84
13424,4.31,3.85
13425,4.31,3.85
13426,4.32,3.86
13428,4.32,3.87
13429,4.32,3.89
13430,4.32,3.90
13431,4.32,3.90
13432,4.32,3.91
13434,4.32,3.91
13435,4.32,3.92
13436,4.32,3.93
13437,4.32,3.94
13438,4.33,3.94
13440,4.33,3.95
13442,4.33,3.95
13443,4.33,3.95
13444,4.33,3.95
13445,4.33,3.96
13446,4.33,3.97
13448,4.33,3.98
13449,4.33,3.99
13450,4.33,4.00
13451,4.33,4.02
13452,4.33,4.03
13453,4.33,4.04
13455,4.34,4.06
13456,4.34,4.08
13457,4.34,4.11
13458,4.33,4.13
13459,4.33,4.17
13461,4.33,4.20
13462,4.33,4.24
13463,4.34,4.27
13464,4.35,4.30
13465,4.35,4.33
13466,4.36,4.36
13468,4.36,4.38
13469,4.36,4.41
13470,4.36,4.44
13471,4.36,4.46
13472,4.36,4.48
13474,4.36,4.50
13475,4.37,4.53
13476,4.38,4.54
13477,4.39,4.56
13478,4.40,4.58
13479,4.41,4.59
13481,4.42,4.61
13483,4.42,4.62
13484,4.42,4.64
13485,4.42,4.65
13486,4.42,4.67
13487,4.41,4.68
13489,4.41,4.69
13490,4.41,4.70
13491,4.41,4.71
13492,4.41,4.72
13493,4.41,4.73
13495,4.42,4.74
13496,4.42,4.75
13497,4.42,4.76
13498,4.43,4.77
13499,4.43,4.78
13500,4.43,4.78
13502,4.43,4.79
13503,4.42,4.79
13504,4.42,4.80
13505,4.42,4.80
13506,4.41,4.81
13508,4.41,4.82
13509,4.40,4.82
13510,4.40,4.83
13511,4.39,4.83
13512,4.39,4.84
13513,4.38,4.84
13515,4.38,4.84
13516,4.38,4.85
13517,4.37,4.85
13518,4.37,4.85
13519,4.37,4.86
13521,4.36,4.86
13522,4.36,4.86
13523,4.36,4.87
13524,4.36,4.87
13526,4.37,4.87
13527,4.37,4.87
13529,4.37,4.87
13530,4.37,4.87
13531,4.36,4.88
13532,4.36,4.89
13533,4.35,4.89
13534,4.35,4.89
13536,4.34,4.90
13537,4.33,4.90
13538,4.32,4.90
13539,4.32,4.90
13540,4.31,4.90
13542,4.31,4.90
13543,4.30,4.90
13544,4.30,4.90
13545,4.30,4.90
13546,4.30,4.90
13547,4.30,4.90
13549,4.30,4.90
13550,4.30,4.91
13551,4.30,4.91
13552,4.30,4.91
13553,4.29,4.91
13554,4.30,4.91
13556,4.30,4.91
13557,4.30,4.91
13558,4.30,4.91
13559,4.31,4.91
13560,4.31,4.92
13561,4.31,4.92
13563,4.31,4.92
13564,4.31,4.92
13565,4.31,4.93
13566,4.31,4.93
13568,4.31,4.93
13570,4.31,4.93
13571,4.31,4.93
13572,4.31,4.93
13573,4.31,4.93
13574,4.31,4.93
13575,4.32,4.93
13577,4.33,4.92
13578,4.34,4.93
13579,4.34,4.93
13580,4.34,4.93
13581,4.34,4.94
13583,4.34,4.94
13584,4.33,4.95
13585,4.33,4.95
13586,4.32,4.95
13587,4.32,4.95
13588,4.32,4.94
13590,4.33,4.94
13591,4.33,4.94
13592,4.34,4.94
13593,4.34,4.94
13594,4.34,4.94
13596,4.34,4.95
13597,4.33,4.95
13598,4.33,4.95
13599,4.33,4.95
13600,4.33,4.95
13601,4.33,4.95
13603,4.33,4.95
13604,4.33,4.95
13605,4.33,4.95
13606,4.33,4.96
13607,4.32,4.95
13609,4.32,4.95
13611,4.32,4.95
13612,4.32,4.95
13613,4.32,4.96
13614,4.31,4.96
13615,4.31,4.96
13617,4.31,4.96
13618,4.31,4.96
13619,4.31,4.95
13620,4.31,4.95
13621,4.32,4.95
13623,4.32,4.95
13624,4.32,4.95
13625,4.33,4.95
13626,4.33,4.96
13627,4.32,4.96
13628,4.32,4.96
13630,4.32,4.96
13631,4.31,4.96
13632,4.31,4.96
13633,4.31,4.96
13634,4.31,4.96
13636,4.31,4.96
13637,4.32,4.95
13638,4.33,4.96
13639,4.34,4.96
13640,4.35,4.96
13641,4.35,4.96
13643,4.35,4.96
13644,4.35,4.96
13645,4.35,4.96
13646,4.35,4.95
13647,4.34,4.96
13649,4.34,4.96
13650,4.34,4.96
13651,4.34,4.96
13652,4.33,4.96
13654,4.33,4.96
13655,4.33,4.96
13657,4.33,4.96
13658,4.33,4.96
13659,4.33,4.96
13660,4.33,4.96
13661,4.33,4.96
13663,4.33,4.97
13664,4.32,4.96
13665,4.33,4.96
13666,4.33,4.96
13667,4.33,4.96
13668,4.33,4.96
13670,4.33,4.96
13671,4.33,4.96
13672,4.34,4.96
13673,4.33,4.96
13674,4.33,4.96
13676,4.33,4.96
13677,4.33,4.97
13678,4.33,4.97
13679,4.32,4.97
13680,4.32,4.97
13681,4.33,4.96
13683,4.33,4.96
13684,4.34,4.96
13685,4.34,4.96
13686,4.34,4.96
13687,4.35,4.96
13689,4.35,4.96
13690,4.34,4.96
13691,4.34,4.97
13692,4.34,4.97
13693,4.33,4.97
13694,4.33,4.97
13697,4.33,4.97
13698,4.33,4.96
13699,4.33,4.96
13700,4.34,4.96
13701,4.35,4.97
13703,4.35,4.97
13704,4.35,4.97
13705,4.35,4.97
13706,4.35,4.96
13707,4.35,4.96
13708,4.34,4.97
13710,4.34,4.97
13711,4.34,4.97
13712,4.34,4.97
13713,4.34,4.97
13714,4.34,4.96
13716,4.34,4.96
13717,4.34,4.96
13718,4.34,4.96
13719,4.35,4.96
13720,4.34,4.96
13721,4.35,4.96
13723,4.35,4.97
13724,4.35,4.97
13725,4.35,4.97
13726,4.35,4.96
13727,4.35,4.96
13729,4.35,4.96
13730,4.35,4.97
13731,4.35,4.96
13732,4.35,4.97
13733,4.35,4.97
13735,4.35,4.97
13736,4.35,4.97
13737,4.35,4.97
13739,4.35,4.97
13740,4.35,4.97
13741,4.35,4.97
13743,4.35,4.97
13744,4.35,4.97
13745,4.35,4.97
13746,4.35,4.97
13747,4.35,4.97
13749,4.35,4.97
13750,4.35,4.97
13751,4.35,4.97
13752,4.35,4.97
13753,4.35,4.97
13755,4.35,4.97
13756,4.35,4.97
13757,4.35,4.97
13758,4.36,4.97
13759,4.36,4.96
13760,4.36,4.97
13762,4.35,4.97
13763,4.35,4.97
13764,4.35,4.97
13765,4.35,4.97
13766,4.35,4.97
13768,4.35,4.97
13769,4.35,4.97
13770,4.35,4.97
13771,4.35,4.97
13772,4.35,4.97
13773,4.35,4.97
13775,4.35,4.97
13776,4.35,4.97
13777,4.35,4.97
13778,4.35,4.97
13779,4.35,4.97
13782,4.35,4.97
13783,4.35,4.97
13784,4.35,4.97
13785,4.35,4.97
13786,4.35,4.97
13788,4.35,4.97
13789,4.35,4.97
13790,4.36,4.97
13791,4.37,4.97
13792,4.37,4.97
13793,4.38,4.97
13795,4.39,4.97
13796,4.39,4.97
13797,4.39,4.97
13798,4.38,4.97
13799,4.37,4.96
13801,4.37,4.96
13802,4.37,4.97
13803,4.37,4.97
13804,4.37,4.97
13805,4.37,4.97
13806,4.37,4.97
13808,4.36,4.97
13809,4.36,4.97
13810,4.36,4.97
13811,4.36,4.97
13812,4.36,4.97
13814,4.36,4.97
13815,4.35,4.97
13816,4.35,4.97
13817,4.35,4.97
13818,4.35,4.97
13820,4.35,4.97
13821,4.35,4.97
13822,4.35,4.97
13824,4.35,4.97
13825,4.35,4.97
13826,4.35,4.97
13828,4.35,4.97
13829,4.35,4.97
13830,4.35,4.97
13831,4.35,4.97
13832,4.35,4.97
13834,4.35,4.97
13835,4.36,4.97
13836,4.36,4.97
13837,4.36,4.97
13838,4.36,4.97
13840,4.36,4.97
13841,4.36,4.97
13842,4.36,4.97
13843,4.37,4.96
13844,4.37,4.95
13845,4.38,4.94
13847,4.38,4.93
13848,4.39,4.91
13849,4.39,4.89
13850,4.40,4.87
13851,4.40,4.84
13852,4.40,4.81
13854,4.40,4.78
13855,4.40,4.75
13856,4.39,4.72
13857,4.38,4.69
13858,4.38,4.66
13860,4.37,4.63
13861,4.37,4.60
13862,4.37,4.57
13863,4.36,4.54
13864,4.36,4.51
13865,4.36,4.48
13868,4.35,4.44
13869,4.35,4.41
13870,4.35,4.38
13871,4.35,4.35
13872,4.35,4.32
13874,4.34,4.30
13875,4.34,4.27
13876,4.33,4.24
13877,4.32,4.22
13878,4.32,4.19
13879,4.31,4.17
13881,4.31,4.15
13882,4.31,4.13
13883,4.31,4.11
13884,4.30,4.09
13885,4.30,4.06
13887,4.30,4.05
13888,4.30,4.03
13889,4.30,4.01
13890,4.29,4.00
13891,4.29,3.98
13892,4.29,3.96
13894,4.29,3.95
13895,4.28,3.93
13896,4.28,3.91
13897,4.28,3.90
13898,4.28,3.89
13899,4.28,3.87
13901,4.28,3.86
13902,4.28,3.84
13903,4.29,3.83
13904,4.29,3.82
13905,4.29,3.81
13907,4.29,3.80
13908,4.30,3.79
13910,4.30,3.78
13911,4.30,3.78
13912,4.31,3.77
13913,4.31,3.77
13915,4.32,3.76
13916,4.32,3.75
13917,4.33,3.75
13918,4.33,3.74
13919,4.33,3.73
13921,4.32,3.72
13922,4.32,3.72
13923,4.32,3.71
13924,4.32,3.71
13925,4.32,3.70
13926,4.32,3.70
13928,4.32,3.70
13929,4.32,3.69
13930,4.32,3.69
13931,4.32,3.68
13932,4.33,3.68
13934,4.34,3.67
13935,4.34,3.67
13936,4.34,3.66
13937,4.33,3.65
13938,4.33,3.65
13939,4.33,3.64
13941,4.32,3.64
13942,4.32,3.63
13943,4.32,3.63
13944,4.33,3.63
13945,4.33,3.62
13947,4.32,3.62
13948,4.32,3.61
13949,4.32,3.61
13950,4.32,3.61
13952,4.32,3.61
13953,4.32,3.60
13955,4.32,3.60
13956,4.32,3.60
13957,4.32,3.59
13958,4.33,3.59
13959,4.33,3.59
13961,4.33,3.59
13962,4.33,3.58
13963,4.33,3.58
13964,4.32,3.58
13965,4.32,3.58
13966,4.32,3.58
13968,4.32,3.57
13969,4.32,3.57
13970,4.32,3.57
13971,4.32,3.57
13972,4.32,3.57
13974,4.32,3.56
13975,4.33,3.56
13976,4.32,3.56
13977,4.33,3.56
13978,4.32,3.55
13979,4.33,3.55
13981,4.32,3.55
13982,4.33,3.55
13983,4.33,3.55
13984,4.33,3.55
13985,4.33,3.55
13986,4.33,3.54
13988,4.33,3.54
13989,4.33,3.54
13990,4.33,3.54
13991,4.33,3.54
13992,4.33,3.54
13995,4.33,3.54
13996,4.33,3.54
13997,4.33,3.53
13998,4.33,3.53
13999,4.33,3.53
14000,4.33,3.53
14002,4.33,3.53
14003,4.33,3.52
14004,4.33,3.52
14005,4.32,3.52
14006,4.32,3.52
14008,4.32,3.52
14009,4.32,3.52
14010,4.32,3.52
14011,4.32,3.52
14012,4.32,3.52
14013,4.33,3.52
14015,4.33,3.52
14016,4.33,3.51
14017,4.33,3.52
14018,4.33,3.52
14019,4.33,3.52
14021,4.33,3.52
14022,4.33,3.52
14023,4.33,3.52
14024,4.33,3.52
14025,4.33,3.52
14026,4.33,3.52
14028,4.33,3.51
14029,4.33,3.51
14030,4.33,3.51
14031,4.33,3.51
14032,4.33,3.51
14034,4.33,3.51
14035,4.33,3.51
14036,4.33,3.52
14038,4.33,3.51
14039,4.33,3.51
14040,4.33,3.51
14042,4.33,3.51
14043,4.33,3.51
14044,4.33,3.51
14045,4.33,3.51
14046,4.33,3.51
14047,4.33,3.51
14049,4.33,3.51
14050,4.33,3.51
14051,4.33,3.51
14052,4.33,3.51
14053,4.33,3.51
14055,4.33,3.51
14056,4.33,3.51
14057,4.33,3.51
14058,4.34,3.51
14059,4.33,3.51
14060,4.34,3.51
14062,4.33,3.51
14063,4.34,3.51
14064,4.34,3.51
14065,4.34,3.51
14066,4.34,3.51
14068,4.34,3.51
14069,4.34,3.52
14070,4.34,3.51
14071,4.34,3.51
14072,4.35,3.51
14073,4.35,3.52
14075,4.35,3.52
14076,4.35,3.52
14077,4.35,3.52
14078,4.35,3.52
14080,4.35,3.51
14082,4.35,3.51
14083,4.35,3.51
14084,4.35,3.51
14085,4.35,3.51
14086,4.35,3.51
14087,4.35,3.51
14089,4.35,3.51
14090,4.35,3.51
14091,4.35,3.51
14092,4.35,3.51
14093,4.35,3.51
14095,4.34,3.51
14096,4.34,3.51
14097,4.34,3.51
14098,4.34,3.51
14099,4.34,3.51
14100,4.34,3.51
14102,4.34,3.51
14103,4.35,3.51
14104,4.35,3.51
14105,4.35,3.51
14106,4.35,3.51
14107,4.35,3.51
14109,4.35,3.51
14110,4.35,3.50
14111,4.35,3.51
14112,4.35,3.51
14113,4.35,3.51
14115,4.35,3.51
14116,4.35,3.51
14117,4.35,3.51
14118,4.36,3.51
14119,4.36,3.51
14120,4.36,3.51
14123,4.36,3.51
14124,4.36,3.51
14125,4.36,3.51
14126,4.36,3.51
14127,4.36,3.51
14129,4.36,3.52
14130,4.36,3.51
14131,4.36,3.51
14132,4.36,3.51
14133,4.36,3.51
14134,4.36,3.51
14136,4.36,3.51
14137,4.36,3.51
14138,4.36,3.51
14139,4.36,3.51
14140,4.36,3.51
14142,4.36,3.51
14143,4.36,3.51
14144,4.35,3.51
14145,4.35,3.51
14146,4.35,3.51
14147,4.35,3.51
14149,4.36,3.51
14150,4.36,3.51
14151,4.36,3.51
14152,4.36,3.52
14153,4.36,3.52
14155,4.36,3.52
14156,4.36,3.52
14157,4.36,3.52
14158,4.36,3.53
14159,4.36,3.53
14160,4.36,3.53
14162,4.36,3.53
14163,4.36,3.53
14164,4.36,3.54
14166,4.36,3.54
14167,4.36,3.54
14168,4.36,3.54
14170,4.36,3.55
14171,4.37,3.55
14172,4.37,3.55
14173,4.37,3.55
14174,4.37,3.56
14176,4.37,3.56
14177,4.37,3.56
14178,4.37,3.56
14179,4.37,3.57
14180,4.37,3.57
14181,4.38,3.57
14183,4.38,3.58
14184,4.38,3.58
14185,4.38,3.58
14186,4.38,3.59
14187,4.38,3.59
14189,4.38,3.60
14190,4.38,3.61
14191,4.38,3.61
14192,4.39,3.61
14193,4.39,3.62
14194,4.39,3.63
14196,4.39,3.64
14197,4.39,3.64
14198,4.39,3.65
14199,4.39,3.66
14200,4.39,3.67
14202,4.39,3.67
14203,4.39,3.68
14204,4.39,3.69
14205,4.39,3.69
14206,4.39,3.70
14208,4.39,3.71
14210,4.39,3.71
14211,4.39,3.72
14212,4.39,3.74
14213,4.39,3.75
14214,4.39,3.76
14216,4.39,3.77
14217,4.39,3.79
14218,4.39,3.80
14219,4.39,3.82
14220,4.39,3.83
14221,4.39,3.86
14223,4.40,3.89
14224,4.40,3.92
14225,4.40,3.97
14226,4.41,4.01
14227,4.41,4.05
14228,4.41,4.09
14230,4.42,4.13
14231,4.42,4.16
14232,4.42,4.20
14233,4.43,4.24
14234,4.43,4.27
14236,4.43,4.30
14237,4.44,4.33
14238,4.44,4.36
14239,4.45,4.38
14240,4.45,4.41
14241,4.46,4.43
14243,4.47,4.46
14244,4.47,4.48
14245,4.48,4.50
14246,4.49,4.52
14247,4.50,4.54
14249,4.50,4.56
14251,4.50,4.57
14252,4.51,4.59
14253,4.51,4.60
14254,4.51,4.62
14255,4.52,4.63
14257,4.52,4.65
14258,4.52,4.66
14259,4.52,4.67
14260,4.52,4.69
14261,4.52,4.70
14263,4.51,4.71
14264,4.51,4.72
14265,4.51,4.73
14266,4.51,4.74
14267,4.51,4.75
14268,4.51,4.76
14270,4.50,4.77
14271,4.50,4.77
14272,4.49,4.78
14273,4.49,4.78
14274,4.48,4.79
14276,4.48,4.80
14277,4.47,4.80
14278,4.47,4.81
14279,4.47,4.81
14280,4.46,4.82
14281,4.46,4.82
14283,4.45,4.83
14284,4.45,4.83
14285,4.45,4.84
14286,4.44,4.84
14287,4.44,4.85
14288,4.44,4.85
14290,4.43,4.85
14291,4.43,4.86
14292,4.42,4.86
14294,4.42,4.86
14295,4.42,4.87
14297,4.41,4.87
14298,4.41,4.87
14299,4.41,4.88
14300,4.40,4.88
14301,4.40,4.88
14302,4.39,4.88
14304,4.39,4.88
14305,4.38,4.89
14306,4.38,4.89
14307,4.38,4.89
14308,4.37,4.89
14310,4.37,4.89
14311,4.37,4.89
14312,4.37,4.89
14313,4.36,4.90
14314,4.36,4.90
14315,4.36,4.90
14317,4.36,4.90
14318,4.35,4.91
14319,4.35,4.91
14320,4.35,4.91
14321,4.35,4.91
14322,4.35,4.91
14324,4.35,4.91
14325,4.34,4.91
14326,4.34,4.91
14327,4.34,4.92
14328,4.34,4.92
14330,4.34,4.92
14331,4.34,4.92
14332,4.34,4.92
14333,4.34,4.92
14334,4.34,4.92
14336,4.34,4.92
14338,4.34,4.92
14339,4.34,4.92
14340,4.34,4.93
14341,4.34,4.93
14342,4.34,4.93
14344,4.34,4.93
14345,4.34,4.93
14346,4.34,4.93
14347,4.35,4.93
14348,4.34,4.93
14349,4.34,4.93
14351,4.34,4.94
14352,4.34,4.94
14353,4.34,4.94
14354,4.34,4.94
14355,4.34,4.94
14357,4.34,4.94
14358,4.34,4.94
14359,4.34,4.94
14360,4.34,4.94
14361,4.35,4.94
14362,4.34,4.94
14364,4.35,4.94
14365,4.34,4.95
14366,4.34,4.95
14367,4.34,4.95
14368,4.34,4.95
14370,4.34,4.95
14371,4.34,4.95
14372,4.34,4.95
14373,4.34,4.95
14374,4.34,4.95
14376,4.34,4.95
14377,4.34,4.95
14379,4.34,4.95
14380,4.34,4.95
14381,4.34,4.95
14382,4.34,4.95
14384,4.34,4.95
14385,4.34,4.95
14386,4.34,4.95
14387,4.33,4.95
14388,4.33,4.95
14390,4.34,4.95
14391,4.34,4.95
14392,4.34,4.95
14393,4.34,4.95
14394,4.34,4.95
14395,4.34,4.95
14397,4.34,4.95
14398,4.34,4.96
14399,4.34,4.95
14400,4.34,4.96
14401,4.34,4.96
14403,4.34,4.96
14404,4.34,4.96
14405,4.33,4.96
14406,4.34,4.96
14407,4.34,4.96
14408,4.34,4.96
14410,4.34,4.96
14411,4.34,4.96
14412,4.34,4.96
14413,4.34,4.96
14414,4.34,4.96
14416,4.34,4.96
14417,4.34,4.96
14418,4.35,4.96
14419,4.35,4.96
14420,4.35,4.96
14423,4.34,4.96
14424,4.34,4.96
14425,4.34,4.96
14426,4.34,4.96
14427,4.34,4.96
14428,4.34,4.96
14430,4.33,4.96
14431,4.33,4.96
14432,4.33,4.96
14433,4.33,4.96
14434,4.33,4.96
14435,4.33,4.96
14437,4.33,4.96
14438,4.33,4.96
14439,4.33,4.96
14440,4.33,4.96
14441,4.32,4.96
14443,4.32,4.96
14444,4.32,4.96
14445,4.32,4.96
14446,4.32,4.96
14447,4.32,4.96
14448,4.32,4.96
14450,4.32,4.96
14451,4.32,4.96
14452,4.32,4.96
14453,4.32,4.96
14454,4.32,4.96
14456,4.32,4.96
14457,4.32,4.96
14458,4.32,4.96
14459,4.33,4.96
14460,4.33,4.96
14461,4.33,4.96
14464,4.33,4.96
14465,4.33,4.96
14466,4.33,4.96
14467,4.33,4.96
14468,4.33,4.96
14470,4.33,4.96
14471,4.33,4.97
14472,4.32,4.97
14473,4.32,4.96
14474,4.32,4.97
14475,4.32,4.97
14477,4.32,4.97
14478,4.32,4.97
14479,4.32,4.96
14480,4.32,4.97
14481,4.32,4.97
14483,4.32,4.97
14484,4.32,4.96
14485,4.32,4.96
14486,4.32,4.96
14487,4.32,4.96
14488,4.32,4.96
14490,4.32,4.96
14491,4.32,4.96
14492,4.33,4.96
14493,4.33,4.97
14494,4.33,4.96
14496,4.33,4.96
14497,4.33,4.97
14498,4.33,4.97
14499,4.32,4.97
14500,4.32,4.97
14501,4.32,4.97
14503,4.31,4.97
14504,4.31,4.97
14505,4.31,4.97
14507,4.30,4.97
14508,4.30,4.97
14510,4.30,4.97
14511,4.30,4.97
14512,4.30,4.97
14513,4.30,4.97
14514,4.30,4.97
14515,4.30,4.97
14517,4.30,4.96
14518,4.30,4.97
14519,4.30,4.96
14520,4.30,4.96
14521,4.30,4.97
14523,4.30,4.97
14524,4.30,4.97
14525,4.30,4.97
14526,4.30,4.97
14527,4.30,4.97
14528,4.30,4.96
14530,4.31,4.96
14531,4.32,4.95
14532,4.33,4.92
14533,4.35,4.90
14534,4.35,4.86
14536,4.35,4.81
14537,4.35,4.76
14538,4.34,4.71
14539,4.34,4.66
14540,4.33,4.60
14541,4.33,4.56
14543,4.33,4.51
14544,4.33,4.46
14545,4.33,4.42
14546,4.34,4.37
14547,4.34,4.33
14550,4.34,4.29
14551,4.33,4.24
14552,4.32,4.20
14553,4.31,4.16
14554,4.30,4.13
14555,4.30,4.10
14557,4.29,4.07
14558,4.28,4.04
14559,4.28,4.01
14560,4.27,3.98
14561,4.27,3.96
14562,4.27,3.93
14564,4.26,3.91
14565,4.26,3.88
14566,4.25,3.86
14567,4.25,3.83
14568,4.24,3.81
14570,4.24,3.79
14571,4.23,3.78
14572,4.23,3.76
14573,4.23,3.75
14574,4.23,3.73
14575,4.22,3.72
14577,4.22,3.70
14578,4.22,3.70
14579,4.22,3.68
14580,4.22,3.67
14581,4.22,3.66
14583,4.22,3.65
14584,4.22,3.64
14585,4.23,3.63
14586,4.24,3.62
14587,4.24,3.61
14588,4.25,3.60
14590,4.25,3.59
14592,4.25,3.58
14593,4.25,3.57
14594,4.25,3.56
14595,4.25,3.55
14597,4.25,3.55
14598,4.25,3.54
14599,4.25,3.54
14600,4.25,3.53
14601,4.25,3.53
14602,4.26,3.52
14604,4.26,3.52
14605,4.26,3.51
14606,4.27,3.51
14607,4.27,3.50
14608,4.27,3.50
14610,4.27,3.50
14611,4.27,3.49
14612,4.27,3.49
14613,4.27,3.48
14614,4.27,3.48
14615,4.26,3.48
14617,4.25,3.47
14618,4.25,3.47
14619,4.24,3.47
14620,4.23,3.46
14621,4.23,3.46
14623,4.23,3.46
14624,4.23,3.46
14625,4.23,3.45
14626,4.23,3.45
14627,4.24,3.45
14628,4.24,3.45
14630,4.25,3.45
14631,4.25,3.45
14632,4.26,3.44
14633,4.26,3.44
14635,4.26,3.44
14637,4.26,3.44
14638,4.26,3.44
14639,4.26,3.44
14640,4.26,3.43
14641,4.27,3.44
14642,4.27,3.44
14644,4.28,3.44
14645,4.28,3.44
14646,4.28,3.44
14647,4.28,3.44
14648,4.29,3.44
14650,4.28,3.44
14651,4.29,3.44
14652,4.29,3.44
14653,4.29,3.44
14654,4.29,3.44
14656,4.29,3.44
14657,4.28,3.43
14658,4.28,3.43
14659,4.28,3.43
14660,4.27,3.43
14661,4.27,3.43
14663,4.27,3.43
14664,4.27,3.43
14665,4.27,3.43
14666,4.27,3.43
14667,4.27,3.43
14669,4.27,3.43
14670,4.27,3.43
14671,4.27,3.43
14672,4.27,3.43
14673,4.27,3.43
14674,4.27,3.43
14676,4.27,3.44
14678,4.27,3.43
14679,4.27,3.43
14680,4.27,3.43
14681,4.27,3.43
14683,4.27,3.43
14684,4.26,3.43
14685,4.26,3.43
14686,4.25,3.43
14687,4.25,3.43
14688,4.25,3.43
14690,4.25,3.43
14691,4.25,3.43
14692,4.25,3.44
14693,4.26,3.44
14694,4.26,3.44
14696,4.26,3.44
14697,4.26,3.44
14698,4.26,3.44
14699,4.27,3.44
14700,4.28,3.44
14702,4.28,3.44
14703,4.29,3.44
14704,4.29,3.44
14705,4.29,3.44
14706,4.29,3.44
14707,4.29,3.43
14709,4.28,3.43
14710,4.28,3.43
14711,4.28,3.43
14712,4.28,3.43
14713,4.28,3.43
14715,4.28,3.43
14716,4.27,3.43
14717,4.27,3.42
14718,4.26,3.42
14720,4.26,3.42
14721,4.25,3.42
14723,4.25,3.42
14724,4.25,3.42
14725,4.25,3.43
14726,4.24,3.43
14727,4.24,3.43
14729,4.24,3.43
14730,4.24,3.43
14731,4.24,3.43
14732,4.24,3.43
14733,4.24,3.43
14734,4.24,3.43
14736,4.24,3.44
14737,4.24,3.43
14738,4.24,3.44
14739,4.25,3.44
14740,4.25,3.44
14742,4.25,3.44
14743,4.25,3.44
14744,4.25,3.44
14745,4.25,3.44
14746,4.25,3.44
14747,4.25,3.43
14749,4.26,3.43
14750,4.26,3.43
14751,4.26,3.43
14752,4.25,3.43
14753,4.25,3.43
14755,4.25,3.43
14756,4.25,3.43
14757,4.25,3.43
14758,4.26,3.43
14759,4.26,3.43
14760,4.26,3.44
14763,4.27,3.44
14764,4.28,3.44
14765,4.28,3.44
14766,4.29,3.44
14767,4.29,3.44
14769,4.29,3.44
14770,4.28,3.43
14771,4.28,3.43
14772,4.28,3.43
14773,4.27,3.43
14774,4.27,3.43
14776,4.27,3.43
14777,4.26,3.42
14778,4.26,3.42
14779,4.26,3.43
14780,4.26,3.43
14782,4.26,3.43
14783,4.26,3.43
14784,4.26,3.43
14785,4.26,3.42
14786,4.26,3.42
14788,4.26,3.42
14789,4.26,3.42
14790,4.26,3.42
14791,4.25,3.42
14792,4.25,3.42
14793,4.25,3.42
14795,4.24,3.42
14796,4.24,3.42
14797,4.24,3.42
14798,4.24,3.42
14799,4.24,3.42
14801,4.24,3.42
14802,4.24,3.42
14803,4.24,3.42
14804,4.25,3.42
14806,4.25,3.43
14807,4.25,3.42
14809,4.25,3.42
14810,4.26,3.42
14811,4.26,3.42
14812,4.26,3.42
14813,4.26,3.42
14815,4.26,3.42
14816,4.25,3.42
14817,4.25,3.42
14818,4.25,3.42
14819,4.25,3.41
14820,4.24,3.41
14822,4.25,3.41
14823,4.24,3.42
14824,4.25,3.42
14825,4.25,3.42
14826,4.26,3.42
14828,4.26,3.42
14829,4.27,3.42
14830,4.27,3.42
14831,4.27,3.42
14832,4.27,3.41
14833,4.26,3.41
14835,4.26,3.41
14836,4.26,3.41
14837,4.26,3.41
14838,4.25,3.41
14839,4.25,3.41
14841,4.25,3.41
14842,4.25,3.41
14843,4.25,3.41
14844,4.25,3.40
14845,4.25,3.40
14846,4.25,3.40
14849,4.25,3.40
14850,4.24,3.40
14851,4.24,3.40
14852,4.24,3.40
14853,4.24,3.40
14854,4.24,3.40
14856,4.23,3.40
14857,4.23,3.40
14858,4.23,3.40
14859,4.23,3.40
14860,4.23,3.40
14862,4.23,3.40
14863,4.23,3.40
14864,4.23,3.40
14865,4.23,3.40
14866,4.23,3.40
14867,4.23,3.40
14869,4.23,3.40
14870,4.23,3.40
14871,4.24,3.40
14872,4.24,3.40
14873,4.24,3.40
14874,4.24,3.40
14876,4.24,3.40
14877,4.24,3.40
14878,4.24,3.40
14879,4.24,3.40
14880,4.24,3.40
14881,4.24,3.40
14883,4.24,3.40
14884,4.24,3.40
14885,4.24,3.40
14886,4.24,3.40
14887,4.24,3.40
14888,4.25,3.40
14891,4.25,3.40
14892,4.25,3.40
14893,4.25,3.39
14894,4.25,3.39
14895,4.25,3.39
14897,4.26,3.39
14898,4.26,3.39
14899,4.26,3.39
14900,4.26,3.39
14901,4.27,3.39
14902,4.27,3.39
14904,4.27,3.38
14905,4.27,3.38
14906,4.26,3.38
14907,4.26,3.38
14908,4.25,3.38
14910,4.25,3.38
14911,4.24,3.38
14912,4.24,3.38
14913,4.24,3.38
14914,4.24,3.38
14915,4.25,3.38
14917,4.24,3.38
14918,4.24,3.38
14919,4.24,3.38
14920,4.24,3.38
14921,4.24,3.38
14923,4.24,3.38
14924,4.23,3.38
14925,4.23,3.37
14926,4.23,3.37
14927,4.23,3.37
14928,4.22,3.37
14930,4.22,3.38
14931,4.22,3.38
14932,4.22,3.38
14934,4.22,3.38
14935,4.22,3.38
14937,4.22,3.38
14938,4.22,3.38
14939,4.22,3.38
14940,4.22,3.38
14941,4.22,3.38
14942,4.22,3.38
14944,4.22,3.38
14945,4.22,3.38
14946,4.22,3.38
14947,4.22,3.38
14948,4.22,3.38
14950,4.22,3.38
14951,4.22,3.38
14952,4.22,3.38
14953,4.22,3.38
14954,4.22,3.38
14955,4.23,3.38
14957,4.23,3.39
14958,4.23,3.38
14959,4.24,3.38
14960,4.25,3.38
14961,4.25,3.38
14963,4.25,3.38
14964,4.26,3.37
14965,4.26,3.37
14966,4.26,3.37
14967,4.26,3.37
14968,4.26,3.36
14970,4.25,3.36
14971,4.25,3.36
14972,4.25,3.36
14973,4.24,3.37
14974,4.24,3.37
14977,4.23,3.37
14978,4.23,3.37
14979,4.23,3.37
14980,4.23,3.37
14981,4.22,3.37
14982,4.22,3.37
14984,4.22,3.37
14985,4.22,3.37
14986,4.22,3.37
14987,4.22,3.37
14988,4.22,3.37
14990,4.23,3.37
14991,4.24,3.37
14992,4.24,3.37
14993,4.25,3.37
14994,4.25,3.36
14995,4.25,3.36
14997,4.25,3.35
14998,4.25,3.35
14999,4.24,3.35
15000,4.24,3.35
15001,4.23,3.35
15003,4.22,3.34
15004,4.22,3.35
15005,4.22,3.35
15006,4.21,3.35
15007,4.21,3.35
15008,4.20,3.35
15010,4.20,3.35
15011,4.20,3.35
15012,4.20,3.35
15013,4.20,3.35
15014,4.20,3.35
15015,4.20,3.35
15017,4.21,3.35
15019,4.21,3.35
15020,4.21,3.35
15021,4.21,3.35
15022,4.21,3.35
15024,4.21,3.35
15025,4.21,3.35
15026,4.21,3.35
15027,4.22,3.35
15028,4.22,3.35
15029,4.22,3.35
15031,4.22,3.35
15032,4.22,3.35
15033,4.23,3.35
15034,4.23,3.35
15035,4.23,3.35
15036,4.23,3.34
15038,4.23,3.34
15039,4.23,3.34
15040,4.24,3.34
15041,4.23,3.34
15042,4.23,3.34
15044,4.23,3.34
15045,4.23,3.34
15046,4.23,3.34
15047,4.23,3.34
15048,4.22,3.34
15049,4.22,3.34
15051,4.22,3.34
15052,4.22,3.33
15053,4.22,3.33
15054,4.21,3.34
15055,4.21,3.33
15057,4.21,3.34
15058,4.21,3.34
15059,4.21,3.34
15060,4.22,3.34
15062,4.22,3.34
15063,4.23,3.34
15065,4.23,3.34
15066,4.23,3.34
15067,4.23,3.33
15068,4.24,3.33
15069,4.23,3.33
15071,4.23,3.32
15072,4.23,3.32
15073,4.22,3.32
15074,4.22,3.32
15075,4.22,3.32
15076,4.21,3.32
15078,4.21,3.32
15079,4.21,3.32
15080,4.21,3.32
15081,4.20,3.32
15082,4.20,3.33
15083,4.20,3.33
15085,4.20,3.32
15086,4.20,3.32
15087,4.20,3.32
15088,4.20,3.32
15089,4.20,3.32
15091,4.20,3.32
15092,4.21,3.32
15093,4.21,3.32
15094,4.21,3.32
15095,4.21,3.31
15096,4.22,3.31
15098,4.22,3.31
15099,4.22,3.31
15100,4.22,3.30
15101,4.22,3.30
15102,4.22,3.30
15104,4.22,3.30
15106,4.22,3.29
15107,4.22,3.29
15108,4.22,3.29
15109,4.21,3.29
15110,4.21,3.28
15112,4.21,3.28
15113,4.21,3.28
15114,4.20,3.28
15115,4.20,3.28
15116,4.20,3.28
15117,4.20,3.28
15119,4.20,3.28
15120,4.20,3.27
15121,4.20,3.27
15122,4.20,3.27
15123,4.20,3.27
15124,4.20,3.27
15126,4.19,3.26
15127,4.19,3.26
15128,4.19,3.26
15129,4.20,3.26
15130,4.19,3.26
15132,4.19,3.26
15133,4.19,3.26
15134,4.20,3.26
15135,4.20,3.26
15136,4.20,3.25
15137,4.20,3.25
15139,4.20,3.25
15140,4.20,3.25
15141,4.20,3.25
15142,4.20,3.24
15143,4.20,3.24
15145,4.20,3.24
15147,4.20,3.24
15148,4.20,3.23
15149,4.20,3.23
15150,4.20,3.23
15151,4.20,3.23
15153,4.19,3.23
15154,4.20,3.23
15155,4.19,3.23
15156,4.20,3.23
15157,4.20,3.23
15159,4.20,3.23
15160,4.20,3.23
15161,4.20,3.23
15162,4.20,3.23
15163,4.20,3.23
15164,4.21,3.22
15166,4.21,3.22
15167,4.21,3.22
15168,4.21,3.21
15169,4.20,3.21
15170,4.20,3.21
15172,4.20,3.21
15173,4.20,3.21
15174,4.20,3.21
15175,4.19,3.21
15176,4.19,3.21
15177,4.19,3.21
15179,4.19,3.21
15180,4.19,3.21
15181,4.19,3.21
15182,4.18,3.21
15183,4.18,3.21
15185,4.18,3.21
15186,4.18,3.21
15187,4.18,3.21
15188,4.18,3.21
15190,4.18,3.21
15191,4.18,3.22
15193,4.18,3.22
15194,4.18,3.21
15195,4.18,3.21
15196,4.18,3.21
15197,4.18,3.21
15199,4.18,3.21
15200,4.18,3.21
15201,4.18,3.21
15202,4.18,3.21
15203,4.18,3.21
15204,4.18,3.20
15206,4.18,3.20
15207,4.18,3.20
15208,4.18,3.20
15209,4.18,3.20
15210,4.18,3.20
15211,4.18,3.20
15213,4.18,3.20
15214,4.18,3.20
15215,4.19,3.20
15216,4.19,3.19
15217,4.19,3.19
15219,4.19,3.19
15220,4.19,3.19
15221,4.19,3.19
15222,4.19,3.19
15223,4.19,3.19
15224,4.19,3.19
15226,4.19,3.19
15227,4.19,3.19
15228,4.19,3.20
15229,4.19,3.19
15230,4.20,3.20
15232,4.20,3.20
15234,4.20,3.20
15235,4.20,3.20
15236,4.20,3.20
15237,4.20,3.20
15238,4.20,3.20
15240,4.20,3.20
15241,4.20,3.21
15242,4.19,3.21
15243,4.19,3.21
15244,4.19,3.22
15245,4.18,3.22
15247,4.18,3.22
15248,4.18,3.23
15249,4.18,3.23
15250,4.18,3.24
15251,4.18,3.24
15253,4.17,3.24
15254,4.18,3.25
15255,4.17,3.25
15256,4.18,3.26
15257,4.17,3.26
15258,4.17,3.26
15260,4.18,3.26
15261,4.18,3.26
15262,4.18,3.27
15263,4.18,3.27
15264,4.18,3.27
15266,4.18,3.27
15267,4.18,3.28
15268,4.18,3.28
15269,4.18,3.28
15270,4.18,3.28
15271,4.18,3.29
15273,4.19,3.29
15275,4.19,3.29
15276,4.19,3.30
15277,4.19,3.30
15278,4.19,3.30
15279,4.19,3.30
15281,4.19,3.31
15282,4.19,3.31
15283,4.19,3.31
15284,4.19,3.31
15285,4.19,3.32
15287,4.20,3.32
15288,4.19,3.32
15289,4.20,3.32
15290,4.20,3.33
15291,4.20,3.33
15292,4.20,3.33
15294,4.20,3.33
15295,4.21,3.34
15296,4.21,3.34
15297,4.21,3.34
15298,4.21,3.34
15299,4.21,3.34
15301,4.21,3.35
15302,4.22,3.35
15303,4.22,3.35
15304,4.22,3.35
15305,4.22,3.36
15307,4.22,3.36
15308,4.23,3.36
15309,4.23,3.36
15310,4.22,3.36
15311,4.22,3.36
15312,4.22,3.37
15314,4.22,3.37
15315,4.21,3.37
15316,4.21,3.37
15318,4.21,3.37
15319,4.20,3.37
15321,4.20,3.38
15322,4.20,3.38
15323,4.20,3.38
15324,4.20,3.39
15325,4.20,3.39
15326,4.20,3.39
15328,4.20,3.39
15329,4.20,3.39
15330,4.21,3.39
15331,4.21,3.39
15332,4.21,3.40
15333,4.21,3.39
15335,4.21,3.39
15336,4.21,3.39
15337,4.21,3.39
15338,4.21,3.39
15339,4.20,3.39
15341,4.20,3.39
15342,4.20,3.40
15343,4.20,3.40
15344,4.20,3.40
15345,4.20,3.40
15346,4.20,3.40
15348,4.20,3.40
15349,4.20,3.40
15350,4.20,3.40
15351,4.20,3.40
15352,4.20,3.40
15353,4.21,3.40
15355,4.21,3.40
15356,4.21,3.40
15357,4.21,3.40
15358,4.21,3.40
15360,4.22,3.40
15361,4.22,3.40
15363,4.22,3.40
15364,4.22,3.40
15365,4.23,3.40
15366,4.23,3.40
15367,4.23,3.40
15368,4.22,3.40
15370,4.22,3.40
15371,4.22,3.40
15372,4.22,3.40
15373,4.22,3.40
15374,4.22,3.40
15376,4.22,3.40
15377,4.22,3.40
15378,4.22,3.40
15379,4.22,3.40
15380,4.22,3.40
15381,4.22,3.40
15383,4.23,3.40
15384,4.23,3.40
15385,4.23,3.40
15386,4.22,3.40
15387,4.22,3.39
15388,4.22,3.40
15390,4.22,3.40
15391,4.22,3.40
15392,4.21,3.40
15393,4.21,3.40
15394,4.21,3.40
15395,4.21,3.40
15397,4.21,3.40
15398,4.21,3.40
15399,4.20,3.40
15400,4.20,3.40
15401,4.20,3.40
15403,4.20,3.40
15405,4.20,3.40
15406,4.20,3.40
15407,4.20,3.41
15408,4.20,3.41
15409,4.20,3.41
15411,4.20,3.41
15412,4.20,3.41
15413,4.20,3.41
15414,4.20,3.41
15415,4.20,3.41
15416,4.20,3.41
15418,4.20,3.41
15419,4.20,3.41
15420,4.20,3.41
15421,4.20,3.41
15422,4.20,3.41
15423,4.20,3.41
15425,4.21,3.41
15426,4.21,3.41
15427,4.21,3.41
15428,4.21,3.41
15429,4.21,3.41
15431,4.22,3.41
15432,4.22,3.41
15433,4.23,3.41
15434,4.23,3.41
15435,4.23,3.41
15436,4.23,3.41
15438,4.23,3.40
15439,4.23,3.40
15440,4.23,3.40
15441,4.23,3.40
15442,4.22,3.40
15443,4.22,3.40
15446,4.22,3.40
15447,4.22,3.40
15448,4.22,3.40
15449,4.22,3.40
15450,4.22,3.40
15452,4.21,3.40
15453,4.21,3.40
15454,4.21,3.40
15455,4.21,3.40
15456,4.22,3.40
15457,4.22,3.40
15459,4.22,3.40
15460,4.23,3.40
15461,4.23,3.41
15462,4.23,3.40
15463,4.23,3.40
15464,4.23,3.40
15466,4.23,3.40
15467,4.23,3.40
15468,4.23,3.40
15469,4.22,3.40
15470,4.22,3.39
15471,4.22,3.40
15473,4.22,3.40
15474,4.22,3.40
15475,4.22,3.40
15476,4.23,3.40
15477,4.24,3.40
15478,4.24,3.40
15480,4.24,3.40
15481,4.24,3.39
15482,4.24,3.39
15483,4.24,3.39
15484,4.24,3.39
15486,4.23,3.38
15488,4.23,3.38
15489,4.22,3.38
15490,4.22,3.38
15491,4.22,3.38
15492,4.22,3.39
15494,4.21,3.39
15495,4.22,3.39
15496,4.22,3.39
15497,4.22,3.38
15498,4.22,3.38
15500,4.22,3.38
15501,4.21,3.38
15502,4.21,3.38
15503,4.21,3.38
15504,4.21,3.38
15505,4.21,3.38
15507,4.21,3.38
15508,4.21,3.37
15509,4.22,3.37
