time_ms,ch1_v,ch2_v
72,2.96,2.98
73,2.95,2.97
74,2.94,2.96
75,2.94,2.95
76,2.93,2.94
77,2.92,2.94
78,2.91,2.93
79,2.91,2.93
80,2.91,2.93
81,2.91,2.92
82,2.90,2.92
83,2.90,2.91
84,2.89,2.90
86,2.89,2.90
87,2.88,2.89
89,2.88,2.89
90,2.87,2.88
91,2.86,2.87
92,2.86,2.86
93,2.85,2.87
94,2.86,2.89
95,2.88,2.92
96,2.92,2.96
97,2.95,2.99
98,2.98,3.00
99,3.00,3.01
100,3.01,3.01
101,3.02,3.01
102,3.02,3.01
103,3.03,3.01
104,3.03,3.01
105,3.02,3.00
106,3.02,3.00
107,3.02,2.99
108,3.01,2.99
109,3.01,3.00
110,3.03,3.04
112,3.06,3.07
113,3.10,3.11
114,3.13,3.13
115,3.15,3.14
116,3.16,3.14
117,3.17,3.14
118,3.17,3.14
119,3.17,3.14
120,3.17,3.13
121,3.17,3.13
122,3.16,3.13
123,3.15,3.12
124,3.15,3.12
126,3.14,3.13
128,3.16,3.16
129,3.18,3.20
130,3.22,3.23
131,3.25,3.25
132,3.27,3.26
133,3.28,3.26
134,3.28,3.26
135,3.28,3.26
136,3.28,3.26
137,3.28,3.25
138,3.27,3.24
139,3.27,3.23
141,3.26,3.23
142,3.25,3.22
143,3.24,3.23
144,3.26,3.25
145,3.28,3.28
146,3.31,3.32
147,3.34,3.34
148,3.36,3.35
149,3.37,3.35
150,3.37,3.35
151,3.38,3.34
152,3.37,3.33
154,3.37,3.33
155,3.36,3.32
156,3.35,3.31
157,3.34,3.30
158,3.33,3.30
159,3.32,3.30
160,3.33,3.32
161,3.35,3.36
162,3.38,3.39
163,3.41,3.41
164,3.43,3.42
165,3.44,3.42
166,3.44,3.42
168,3.44,3.41
169,3.44,3.40
171,3.43,3.39
172,3.42,3.39
173,3.41,3.38
174,3.40,3.36
175,3.39,3.35
176,3.38,3.36
177,3.39,3.38
178,3.41,3.41
179,3.44,3.45
180,3.47,3.46
181,3.48,3.47
183,3.49,3.47
184,3.49,3.47
185,3.49,3.47
186,3.49,3.46
187,3.48,3.45
188,3.47,3.44
189,3.46,3.43
190,3.45,3.42
191,3.44,3.40
192,3.43,3.41
193,3.43,3.42
194,3.45,3.45
195,3.48,3.49
197,3.50,3.50
198,3.52,3.51
199,3.53,3.51
200,3.54,3.51
201,3.53,3.50
202,3.53,3.49
203,3.52,3.48
204,3.51,3.47
205,3.50,3.46
206,3.48,3.45
207,3.47,3.44
208,3.46,3.44
209,3.46,3.46
211,3.48,3.48
212,3.50,3.51
214,3.53,3.53
215,3.55,3.54
216,3.56,3.54
217,3.56,3.54
218,3.55,3.53
219,3.55,3.52
220,3.54,3.50
221,3.53,3.49
222,3.51,3.48
223,3.50,3.48
224,3.49,3.46
226,3.48,3.46
227,3.48,3.47
228,3.49,3.49
229,3.52,3.53
230,3.55,3.55
231,3.57,3.55
232,3.57,3.55
233,3.57,3.55
234,3.57,3.54
235,3.56,3.53
236,3.55,3.51
237,3.54,3.51
238,3.52,3.50
240,3.51,3.48
241,3.50,3.48
242,3.48,3.47
243,3.48,3.48
244,3.49,3.49
245,3.51,3.52
246,3.53,3.53
247,3.54,3.53
248,3.55,3.53
249,3.55,3.53
250,3.54,3.52
251,3.53,3.51
252,3.52,3.50
253,3.51,3.49
256,3.50,3.48
257,3.48,3.47
258,3.47,3.45
259,3.46,3.44
260,3.45,3.45
261,3.45,3.45
262,3.45,3.46
263,3.46,3.48
264,3.47,3.48
265,3.47,3.47
266,3.46,3.46
267,3.46,3.45
269,3.45,3.44
270,3.43,3.42
271,3.42,3.41
272,3.41,3.40
273,3.39,3.39
274,3.38,3.38
275,3.37,3.37
276,3.36,3.38
277,3.38,3.40
278,3.40,3.43
279,3.42,3.45
280,3.44,3.45
281,3.45,3.45
283,3.46,3.45
284,3.45,3.45
285,3.45,3.43
286,3.44,3.42
287,3.43,3.41
288,3.42,3.40
289,3.41,3.39
290,3.40,3.38
291,3.39,3.37
292,3.39,3.39
293,3.40,3.42
294,3.43,3.45
296,3.47,3.48
297,3.49,3.49
299,3.50,3.49
300,3.51,3.49
301,3.51,3.48
302,3.51,3.48
303,3.51,3.47
304,3.50,3.47
305,3.49,3.45
306,3.48,3.44
307,3.47,3.43
308,3.45,3.43
309,3.45,3.44
311,3.47,3.46
312,3.49,3.49
313,3.53,3.53
314,3.56,3.55
315,3.57,3.55
316,3.58,3.55
317,3.58,3.54
318,3.57,3.53
319,3.56,3.52
320,3.55,3.51
321,3.54,3.50
322,3.53,3.49
323,3.51,3.48
325,3.50,3.48
326,3.50,3.48
327,3.52,3.51
328,3.55,3.54
329,3.59,3.58
330,3.63,3.62
331,3.68,3.66
332,3.72,3.70
333,3.77,3.73
334,3.83,3.77
335,3.88,3.81
336,3.93,3.85
337,3.98,3.89
339,4.03,3.92
340,4.09,3.97
342,4.13,4.01
343,4.18,4.05
344,4.22,4.09
345,4.27,4.12
346,4.31,4.15
347,4.35,4.19
348,4.39,4.22
349,4.42,4.25
350,4.45,4.28
351,4.48,4.31
352,4.51,4.33
354,4.54,4.35
355,4.57,4.38
356,4.59,4.40
357,4.61,4.42
358,4.63,4.44
359,4.65,4.46
360,4.67,4.48
361,4.69,4.50
362,4.70,4.51
363,4.72,4.52
364,4.73,4.53
365,4.74,4.54
366,4.75,4.55
368,4.76,4.56
369,4.76,4.56
370,4.76,4.57
371,4.76,4.57
372,4.76,4.57
373,4.75,4.57
374,4.75,4.57
375,4.74,4.57
376,4.73,4.57
377,4.72,4.57
378,4.71,4.57
379,4.70,4.57
380,4.69,4.57
382,4.68,4.57
384,4.67,4.56
385,4.66,4.56
386,4.64,4.56
387,4.63,4.55
388,4.62,4.55
389,4.61,4.55
390,4.60,4.55
391,4.58,4.55
392,4.57,4.55
393,4.57,4.54
394,4.55,4.55
396,4.54,4.54
397,4.53,4.54
398,4.52,4.54
399,4.51,4.54
400,4.50,4.54
401,4.49,4.54
402,4.48,4.54
403,4.47,4.54
404,4.47,4.54
405,4.46,4.55
406,4.45,4.55
407,4.44,4.55
408,4.44,4.55
410,4.43,4.55
411,4.43,4.55
412,4.42,4.56
413,4.41,4.56
414,4.41,4.56
415,4.40,4.57
416,4.40,4.57
417,4.39,4.57
418,4.39,4.57
419,4.38,4.58
420,4.38,4.58
421,4.38,4.59
422,4.37,4.59
424,4.37,4.59
425,4.37,4.60
427,4.37,4.60
428,4.36,4.61
429,4.36,4.61
430,4.36,4.62
431,4.36,4.62
432,4.36,4.63
433,4.36,4.63
434,4.35,4.64
435,4.35,4.64
436,4.35,4.65
437,4.35,4.65
439,4.35,4.66
440,4.35,4.67
441,4.35,4.67
442,4.35,4.68
443,4.35,4.68
444,4.35,4.69
445,4.35,4.69
446,4.35,4.70
447,4.34,4.71
448,4.34,4.71
449,4.34,4.72
450,4.34,4.72
451,4.34,4.73
453,4.34,4.74
454,4.34,4.74
455,4.34,4.75
456,4.34,4.76
457,4.34,4.76
458,4.34,4.77
459,4.33,4.77
460,4.33,4.78
461,4.33,4.78
462,4.33,4.78
463,4.33,4.79
464,4.33,4.80
466,4.33,4.80
467,4.33,4.81
468,4.33,4.81
470,4.33,4.82
471,4.33,4.82
472,4.33,4.83
473,4.32,4.83
474,4.32,4.84
475,4.32,4.84
476,4.32,4.85
477,4.32,4.85
478,4.32,4.85
479,4.32,4.86
481,4.32,4.86
482,4.31,4.86
483,4.32,4.87
484,4.31,4.87
485,4.31,4.87
486,4.31,4.88
487,4.31,4.88
488,4.31,4.88
489,4.31,4.89
490,4.31,4.89
491,4.30,4.89
492,4.30,4.89
493,4.30,4.90
494,4.30,4.90
496,4.30,4.90
497,4.30,4.90
498,4.29,4.90
499,4.29,4.91
500,4.29,4.91
501,4.29,4.91
502,4.29,4.91
503,4.29,4.91
504,4.29,4.91
505,4.28,4.92
506,4.28,4.92
507,4.28,4.92
508,4.28,4.92
510,4.28,4.92
512,4.28,4.92
513,4.28,4.92
514,4.27,4.93
515,4.27,4.93
516,4.27,4.93
517,4.27,4.93
518,4.27,4.93
519,4.27,4.93
520,4.27,4.93
521,4.27,4.93
522,4.27,4.93
523,4.26,4.94
525,4.26,4.94
526,4.26,4.94
527,4.26,4.94
528,4.26,4.94
529,4.26,4.94
530,4.26,4.94
531,4.26,4.94
532,4.26,4.94
533,4.26,4.94
534,4.26,4.94
535,4.26,4.94
536,4.26,4.95
538,4.26,4.95
539,4.25,4.95
540,4.25,4.95
541,4.25,4.95
542,4.25,4.95
543,4.25,4.95
544,4.25,4.95
545,4.25,4.95
546,4.25,4.95
547,4.25,4.95
548,4.25,4.95
549,4.25,4.95
551,4.25,4.95
552,4.25,4.95
553,4.25,4.95
555,4.25,4.95
556,4.24,4.96
557,4.24,4.96
558,4.24,4.95
559,4.24,4.95
560,4.24,4.96
561,4.24,4.96
562,4.24,4.96
563,4.24,4.96
564,4.24,4.96
566,4.24,4.96
567,4.24,4.96
568,4.24,4.96
569,4.24,4.96
570,4.24,4.96
571,4.24,4.96
572,4.24,4.96
573,4.24,4.96
574,4.24,4.96
575,4.23,4.96
576,4.24,4.96
577,4.23,4.96
579,4.23,4.96
580,4.23,4.96
581,4.23,4.96
582,4.23,4.96
583,4.23,4.96
584,4.23,4.96
585,4.23,4.96
586,4.23,4.96
587,4.23,4.96
588,4.23,4.96
589,4.23,4.96
590,4.23,4.96
591,4.23,4.96
593,4.23,4.97
594,4.23,4.96
595,4.23,4.96
596,4.23,4.97
598,4.23,4.96
599,4.23,4.96
600,4.23,4.96
601,4.23,4.97
602,4.22,4.97
603,4.22,4.97
604,4.22,4.97
605,4.22,4.97
607,4.22,4.97
608,4.22,4.97
609,4.22,4.97
610,4.22,4.97
611,4.22,4.97
612,4.22,4.97
613,4.22,4.97
614,4.22,4.97
615,4.22,4.97
616,4.22,4.97
617,4.22,4.97
618,4.22,4.97
620,4.22,4.97
621,4.22,4.97
622,4.22,4.97
623,4.22,4.97
624,4.22,4.97
625,4.22,4.97
626,4.22,4.97
627,4.22,4.97
628,4.22,4.96
629,4.22,4.96
630,4.22,4.97
631,4.22,4.96
633,4.22,4.96
634,4.22,4.96
635,4.22,4.96
636,4.22,4.96
637,4.22,4.96
638,4.22,4.96
640,4.22,4.95
641,4.22,4.95
642,4.22,4.95
643,4.22,4.95
644,4.22,4.95
645,4.22,4.95
647,4.22,4.94
648,4.22,4.94
649,4.21,4.94
650,4.21,4.94
651,4.21,4.93
652,4.22,4.93
653,4.21,4.93
654,4.21,4.93
655,4.21,4.92
656,4.21,4.92
657,4.21,4.91
658,4.21,4.91
659,4.21,4.91
661,4.21,4.90
662,4.21,4.90
663,4.21,4.90
664,4.21,4.89
665,4.21,4.89
666,4.21,4.88
667,4.21,4.88
668,4.21,4.88
669,4.21,4.87
670,4.21,4.87
671,4.20,4.87
672,4.21,4.86
673,4.20,4.85
675,4.20,4.85
676,4.20,4.85
677,4.20,4.84
678,4.20,4.83
679,4.20,4.83
680,4.20,4.83
681,4.20,4.82
683,4.20,4.81
684,4.20,4.81
685,4.20,4.80
686,4.20,4.80
687,4.20,4.79
688,4.20,4.78
689,4.20,4.78
690,4.19,4.78
692,4.19,4.77
693,4.19,4.77
694,4.19,4.76
695,4.19,4.76
696,4.19,4.75
697,4.19,4.74
698,4.19,4.74
699,4.19,4.73
700,4.19,4.73
701,4.19,4.72
702,4.19,4.71
703,4.19,4.70
705,4.19,4.70
706,4.19,4.69
707,4.18,4.69
708,4.18,4.68
709,4.18,4.68
710,4.18,4.67
711,4.18,4.66
712,4.18,4.66
713,4.18,4.65
714,4.18,4.64
715,4.18,4.64
716,4.18,4.63
717,4.18,4.62
719,4.18,4.62
720,4.18,4.61
721,4.18,4.60
722,4.18,4.59
723,4.17,4.59
724,4.17,4.58
726,4.18,4.58
727,4.17,4.57
728,4.17,4.57
729,4.17,4.56
730,4.17,4.56
731,4.17,4.55
732,4.17,4.54
734,4.17,4.54
735,4.17,4.53
736,4.17,4.52
737,4.17,4.52
738,4.17,4.51
739,4.17,4.51
740,4.17,4.50
741,4.17,4.50
742,4.17,4.49
743,4.17,4.48
744,4.16,4.48
745,4.16,4.47
746,4.17,4.47
748,4.16,4.46
749,4.16,4.46
750,4.16,4.45
751,4.16,4.45
752,4.16,4.44
753,4.16,4.43
754,4.16,4.43
755,4.16,4.42
756,4.16,4.42
757,4.16,4.41
758,4.16,4.41
759,4.16,4.40
760,4.16,4.40
762,4.16,4.39
763,4.16,4.39
764,4.16,4.38
765,4.16,4.38
766,4.16,4.37
768,4.16,4.37
769,4.16,4.36
770,4.16,4.36
771,4.16,4.35
772,4.16,4.35
773,4.16,4.35
774,4.16,4.34
776,4.16,4.34
777,4.16,4.33
778,4.16,4.33
779,4.16,4.32
780,4.16,4.32
781,4.16,4.32
782,4.16,4.31
783,4.16,4.31
784,4.16,4.30
785,4.16,4.30
786,4.16,4.30
787,4.16,4.29
788,4.16,4.29
790,4.16,4.29
791,4.16,4.28
792,4.16,4.28
793,4.16,4.28
794,4.16,4.27
795,4.16,4.27
796,4.16,4.26
797,4.16,4.26
798,4.16,4.26
799,4.16,4.26
800,4.16,4.25
801,4.16,4.25
803,4.16,4.24
804,4.16,4.24
805,4.16,4.24
806,4.16,4.24
807,4.16,4.23
808,4.16,4.23
809,4.16,4.23
811,4.16,4.22
812,4.16,4.22
813,4.16,4.22
814,4.16,4.21
815,4.16,4.21
816,4.16,4.21
818,4.16,4.21
819,4.16,4.21
820,4.16,4.20
821,4.16,4.20
822,4.16,4.20
823,4.16,4.20
824,4.16,4.20
825,4.16,4.19
826,4.16,4.19
827,4.16,4.19
828,4.16,4.19
829,4.16,4.18
830,4.16,4.18
832,4.16,4.18
833,4.16,4.18
834,4.16,4.18
835,4.16,4.18
836,4.16,4.18
837,4.16,4.17
838,4.16,4.17
839,4.16,4.17
840,4.16,4.17
841,4.16,4.17
842,4.16,4.17
843,4.16,4.17
844,4.16,4.16
846,4.16,4.16
847,4.16,4.16
848,4.16,4.16
849,4.16,4.16
850,4.16,4.16
851,4.16,4.16
852,4.16,4.15
854,4.16,4.15
855,4.16,4.15
856,4.16,4.15
857,4.16,4.15
858,4.16,4.15
859,4.16,4.15
861,4.16,4.15
862,4.16,4.15
863,4.16,4.15
864,4.16,4.15
865,4.16,4.14
866,4.16,4.14
867,4.16,4.14
868,4.16,4.14
869,4.16,4.14
870,4.16,4.14
871,4.16,4.14
872,4.16,4.14
873,4.16,4.14
875,4.16,4.14
876,4.16,4.14
877,4.16,4.14
878,4.16,4.14
879,4.16,4.14
880,4.16,4.14
881,4.16,4.14
882,4.16,4.13
883,4.16,4.13
884,4.16,4.13
885,4.16,4.13
886,4.16,4.13
887,4.16,4.13
889,4.16,4.13
890,4.16,4.13
891,4.16,4.13
892,4.16,4.13
893,4.16,4.13
894,4.16,4.13
896,4.16,4.13
897,4.16,4.13
898,4.16,4.13
899,4.16,4.13
900,4.16,4.13
901,4.15,4.13
902,4.16,4.13
904,4.16,4.13
905,4.16,4.13
906,4.16,4.13
907,4.16,4.13
908,4.16,4.13
909,4.16,4.13
910,4.16,4.13
911,4.16,4.13
912,4.16,4.13
913,4.16,4.13
914,4.16,4.13
915,4.16,4.13
917,4.16,4.13
918,4.16,4.13
919,4.16,4.13
920,4.16,4.13
921,4.15,4.13
922,4.15,4.13
923,4.15,4.13
924,4.16,4.13
925,4.16,4.13
926,4.16,4.13
927,4.15,4.13
929,4.15,4.13
930,4.15,4.12
931,4.15,4.12
932,4.15,4.13
933,4.15,4.13
934,4.15,4.13
935,4.15,4.13
936,4.15,4.13
937,4.15,4.13
939,4.15,4.13
940,4.15,4.12
941,4.15,4.12
943,4.15,4.12
944,4.15,4.12
945,4.15,4.12
946,4.15,4.12
947,4.15,4.12
948,4.15,4.12
949,4.15,4.12
950,4.15,4.12
951,4.15,4.12
952,4.15,4.12
953,4.15,4.12
954,4.15,4.12
955,4.15,4.12
957,4.15,4.12
958,4.15,4.12
959,4.15,4.12
960,4.15,4.12
961,4.15,4.12
962,4.15,4.12
963,4.15,4.12
964,4.15,4.12
965,4.15,4.12
966,4.15,4.12
967,4.15,4.12
968,4.15,4.12
969,4.15,4.12
971,4.15,4.12
972,4.15,4.12
973,4.15,4.12
974,4.15,4.12
975,4.15,4.12
976,4.15,4.12
977,4.15,4.12
978,4.15,4.12
979,4.15,4.12
980,4.15,4.12
982,4.15,4.12
984,4.15,4.12
985,4.15,4.12
986,4.15,4.12
987,4.15,4.12
988,4.15,4.12
989,4.15,4.12
990,4.15,4.12
991,4.15,4.12
992,4.15,4.11
993,4.15,4.12
994,4.15,4.12
995,4.15,4.12
997,4.15,4.12
998,4.15,4.12
999,4.15,4.12
1000,4.14,4.11
1001,4.14,4.11
1002,4.14,4.11
1003,4.14,4.11
1004,4.15,4.11
1005,4.15,4.11
1007,4.14,4.11
1008,4.15,4.11
1009,4.15,4.11
1010,4.15,4.11
1011,4.14,4.11
1012,4.14,4.11
1013,4.14,4.11
1014,4.14,4.11
1016,4.14,4.11
1017,4.14,4.11
1018,4.14,4.11
1019,4.14,4.11
1020,4.14,4.11
1021,4.14,4.11
1022,4.14,4.11
1025,4.14,4.11
1026,4.14,4.11
1027,4.14,4.11
1028,4.14,4.11
1029,4.14,4.11
1030,4.14,4.11
1031,4.14,4.11
1032,4.14,4.11
1034,4.14,4.11
1035,4.14,4.11
1036,4.14,4.11
1037,4.14,4.11
1038,4.14,4.11
1039,4.14,4.11
1040,4.14,4.11
1041,4.14,4.11
1043,4.14,4.11
1044,4.14,4.11
1045,4.14,4.11
1046,4.14,4.11
1047,4.14,4.11
1048,4.14,4.11
1049,4.14,4.11
1051,4.14,4.11
1052,4.14,4.11
1053,4.14,4.11
1054,4.14,4.11
1055,4.14,4.11
1056,4.14,4.11
1057,4.14,4.11
1058,4.14,4.11
1060,4.14,4.11
1061,4.14,4.11
1062,4.14,4.11
1063,4.14,4.11
1064,4.14,4.11
1065,4.14,4.11
1067,4.14,4.11
1069,4.14,4.11
1070,4.14,4.11
1071,4.14,4.11
1072,4.13,4.11
1073,4.14,4.11
1074,4.13,4.11
1075,4.13,4.11
1076,4.14,4.11
1078,4.13,4.11
1079,4.14,4.11
1080,4.13,4.11
1081,4.14,4.11
1082,4.14,4.11
1083,4.13,4.11
1084,4.13,4.11
1086,4.13,4.11
1087,4.13,4.11
1088,4.13,4.11
1089,4.13,4.11
1090,4.13,4.11
1091,4.13,4.11
1092,4.13,4.11
1093,4.13,4.11
1095,4.13,4.11
1096,4.13,4.11
1097,4.13,4.11
1098,4.13,4.11
1099,4.13,4.11
1100,4.13,4.11
1101,4.13,4.11
1103,4.13,4.11
1104,4.13,4.11
1105,4.13,4.11
1106,4.13,4.11
1107,4.13,4.11
1108,4.13,4.11
1110,4.13,4.11
1111,4.13,4.11
1113,4.13,4.11
1114,4.13,4.11
1115,4.13,4.11
1116,4.13,4.11
1117,4.13,4.11
1118,4.13,4.11
1119,4.13,4.11
1121,4.13,4.11
1122,4.13,4.11
1123,4.13,4.11
1124,4.13,4.11
1125,4.13,4.11
1126,4.13,4.11
1127,4.13,4.11
1128,4.13,4.11
1130,4.13,4.11
1131,4.13,4.11
1132,4.13,4.11
1133,4.13,4.11
1134,4.13,4.11
1135,4.13,4.11
1136,4.13,4.11
1138,4.13,4.11
1139,4.13,4.11
1140,4.13,4.11
1141,4.13,4.11
1142,4.13,4.11
1143,4.13,4.12
1144,4.13,4.12
1145,4.13,4.11
1147,4.13,4.11
1148,4.13,4.11
1149,4.13,4.11
1150,4.13,4.12
1152,4.13,4.12
1153,4.13,4.12
1154,4.13,4.11
1156,4.13,4.12
1157,4.13,4.12
1158,4.13,4.12
1159,4.13,4.12
1160,4.13,4.12
1161,4.13,4.12
1162,4.13,4.12
1164,4.13,4.12
1165,4.13,4.12
1166,4.13,4.12
1167,4.13,4.12
1168,4.13,4.12
1169,4.13,4.12
1170,4.13,4.12
1172,4.13,4.12
1173,4.13,4.12
1174,4.13,4.12
1175,4.13,4.12
1176,4.13,4.12
1177,4.13,4.12
1178,4.13,4.12
1179,4.13,4.12
1181,4.13,4.12
1182,4.13,4.12
1183,4.13,4.12
1184,4.13,4.12
1185,4.13,4.12
1186,4.13,4.12
1187,4.13,4.12
1189,4.13,4.12
1190,4.13,4.12
1191,4.13,4.12
1192,4.13,4.12
1193,4.13,4.12
1195,4.13,4.12
1196,4.13,4.12
1198,4.13,4.12
1199,4.13,4.12
1200,4.13,4.12
1201,4.13,4.12
1202,4.13,4.12
1203,4.13,4.12
1204,4.13,4.12
1206,4.13,4.12
1207,4.13,4.12
1208,4.13,4.12
1209,4.13,4.12
1210,4.13,4.12
1211,4.13,4.12
1212,4.13,4.12
1213,4.12,4.12
1215,4.12,4.12
1216,4.12,4.12
1217,4.12,4.12
1218,4.13,4.12
1219,4.13,4.12
1220,4.13,4.12
1221,4.13,4.12
1223,4.12,4.12
1224,4.12,4.12
1225,4.12,4.13
1226,4.12,4.12
1227,4.12,4.12
1228,4.12,4.12
1229,4.12,4.12
1230,4.12,4.12
1232,4.12,4.13
1233,4.12,4.13
1234,4.12,4.12
1235,4.12,4.12
1236,4.12,4.12
1238,4.12,4.12
1239,4.12,4.12
1241,4.12,4.13
1242,4.12,4.13
1243,4.12,4.13
1244,4.12,4.13
1245,4.12,4.12
1246,4.12,4.13
1247,4.12,4.13
1249,4.12,4.13
1250,4.12,4.13
1251,4.12,4.13
1252,4.12,4.12
1253,4.12,4.13
1254,4.12,4.13
1255,4.12,4.13
1256,4.12,4.13
1258,4.12,4.13
1259,4.12,4.13
1260,4.12,4.13
1261,4.12,4.12
1262,4.12,4.13
1263,4.12,4.13
1264,4.12,4.13
1266,4.12,4.13
1267,4.12,4.13
1268,4.12,4.13
1269,4.12,4.13
1270,4.12,4.13
1271,4.11,4.13
1272,4.11,4.13
1274,4.11,4.13
1275,4.11,4.13
1276,4.11,4.13
1277,4.11,4.13
1278,4.11,4.13
1280,4.11,4.13
1281,4.11,4.13
1283,4.11,4.13
1284,4.11,4.12
1285,4.11,4.12
1286,4.11,4.12
1287,4.11,4.12
1288,4.11,4.12
1289,4.11,4.12
1290,4.11,4.12
1292,4.11,4.12
1293,4.11,4.12
1294,4.11,4.12
1295,4.11,4.12
1296,4.11,4.12
1297,4.11,4.12
1298,4.11,4.12
1300,4.11,4.12
1301,4.11,4.12
1302,4.11,4.12
1303,4.11,4.12
1304,4.11,4.12
1305,4.11,4.12
1306,4.11,4.12
1308,4.11,4.12
1309,4.11,4.13
1310,4.11,4.13
1311,4.11,4.13
1312,4.11,4.13
1313,4.11,4.13
1314,4.11,4.13
1316,4.11,4.13
1317,4.11,4.14
1318,4.11,4.14
1319,4.11,4.14
1320,4.11,4.14
1321,4.11,4.15
1323,4.11,4.15
1324,4.11,4.15
1326,4.11,4.16
1327,4.11,4.16
1328,4.11,4.16
1329,4.11,4.16
1330,4.11,4.17
1331,4.11,4.17
1332,4.11,4.17
1334,4.11,4.18
1335,4.11,4.18
1336,4.11,4.18
1337,4.11,4.18
1338,4.11,4.19
1339,4.11,4.19
1340,4.11,4.20
1341,4.11,4.20
1343,4.11,4.20
1344,4.11,4.20
1345,4.11,4.21
1346,4.11,4.21
1347,4.11,4.21
1348,4.11,4.22
1349,4.11,4.22
1350,4.11,4.22
1352,4.11,4.22
1353,4.11,4.23
1354,4.11,4.23
1355,4.11,4.23
1356,4.11,4.24
1357,4.11,4.24
1358,4.11,4.24
1360,4.11,4.24
1361,4.11,4.24
1362,4.11,4.25
1363,4.11,4.25
1364,4.11,4.25
1366,4.11,4.26
1367,4.10,4.26
1368,4.11,4.26
1370,4.10,4.26
1371,4.10,4.26
1372,4.11,4.27
1373,4.10,4.27
1374,4.10,4.27
1375,4.10,4.27
1376,4.10,4.28
1378,4.10,4.28
1379,4.10,4.28
1380,4.10,4.28
1381,4.10,4.29
1382,4.10,4.29
1383,4.10,4.29
1384,4.10,4.29
1385,4.10,4.29
1387,4.10,4.30
1388,4.10,4.30
1389,4.10,4.30
1390,4.10,4.30
1391,4.10,4.31
1392,4.10,4.31
1393,4.10,4.31
1394,4.10,4.31
1396,4.10,4.31
1397,4.10,4.32
1398,4.10,4.32
1399,4.10,4.32
1400,4.10,4.32
1401,4.10,4.32
1402,4.10,4.33
1403,4.10,4.33
1405,4.10,4.33
1406,4.10,4.33
1408,4.10,4.33
1409,4.10,4.34
1410,4.10,4.34
1411,4.10,4.34
1412,4.10,4.35
1413,4.10,4.35
1415,4.10,4.35
1416,4.10,4.35
1417,4.10,4.35
1418,4.10,4.36
1419,4.10,4.36
1420,4.10,4.36
1421,4.10,4.37
1422,4.10,4.37
1424,4.10,4.38
1425,4.10,4.38
1426,4.10,4.38
1427,4.10,4.38
1428,4.10,4.39
1429,4.10,4.39
1430,4.10,4.39
1431,4.10,4.40
1433,4.10,4.40
1434,4.10,4.40
1435,4.10,4.40
1436,4.10,4.41
1437,4.10,4.41
1438,4.10,4.41
1439,4.10,4.42
1440,4.10,4.42
1442,4.10,4.42
1443,4.10,4.42
1444,4.10,4.42
1445,4.10,4.43
1446,4.10,4.43
1447,4.10,4.43
1448,4.09,4.43
1449,4.10,4.44
1452,4.10,4.44
1453,4.10,4.44
1454,4.10,4.45
1455,4.10,4.45
1456,4.09,4.45
1457,4.09,4.45
1458,4.09,4.45
1459,4.09,4.46
1461,4.09,4.46
1462,4.09,4.46
1463,4.09,4.46
1464,4.09,4.46
1465,4.09,4.47
1466,4.09,4.47
1467,4.09,4.47
1468,4.09,4.48
1469,4.09,4.48
1471,4.09,4.48
1472,4.09,4.49
1473,4.09,4.49
1474,4.09,4.50
1475,4.09,4.50
1476,4.09,4.51
1477,4.09,4.51
1478,4.09,4.52
1480,4.09,4.52
1481,4.09,4.52
1482,4.09,4.53
1483,4.09,4.53
1484,4.09,4.54
1485,4.09,4.55
1486,4.09,4.55
1487,4.09,4.56
1489,4.09,4.56
1490,4.10,4.57
1491,4.10,4.57
1492,4.10,4.57
1494,4.10,4.58
1495,4.10,4.58
1496,4.10,4.59
1497,4.10,4.59
1499,4.10,4.60
1500,4.10,4.60
1501,4.10,4.60
1502,4.10,4.61
1503,4.10,4.61
1504,4.10,4.62
1505,4.10,4.62
1506,4.10,4.63
1508,4.10,4.63
1509,4.10,4.63
1510,4.09,4.63
1511,4.09,4.64
1512,4.09,4.64
1513,4.09,4.64
1514,4.09,4.64
1515,4.09,4.64
1516,4.09,4.64
1518,4.09,4.64
1519,4.09,4.64
1520,4.09,4.64
1521,4.09,4.64
1522,4.09,4.64
1523,4.08,4.64
1524,4.08,4.64
1525,4.08,4.64
1527,4.08,4.64
1528,4.08,4.64
1529,4.08,4.63
1530,4.08,4.63
1531,4.08,4.63
1532,4.08,4.62
1533,4.08,4.62
1534,4.08,4.62
1537,4.08,4.62
1538,4.08,4.62
1539,4.08,4.62
1540,4.08,4.61
1541,4.08,4.61
1542,4.08,4.61
1543,4.08,4.61
1544,4.08,4.60
1546,4.08,4.60
1547,4.08,4.60
1548,4.08,4.60
1549,4.08,4.60
1550,4.08,4.59
1551,4.08,4.59
1552,4.08,4.59
1553,4.08,4.58
1554,4.07,4.58
1556,4.08,4.58
1557,4.07,4.57
1558,4.07,4.57
1559,4.08,4.57
1560,4.08,4.57
1561,4.08,4.57
1562,4.07,4.57
1563,4.07,4.56
1565,4.07,4.56
1566,4.07,4.56
1567,4.07,4.56
1568,4.07,4.56
1569,4.07,4.56
1570,4.07,4.55
1571,4.07,4.55
1572,4.07,4.55
1574,4.07,4.55
1575,4.07,4.55
1576,4.07,4.55
1577,4.07,4.55
1579,4.07,4.54
1580,4.07,4.54
1581,4.07,4.54
1582,4.07,4.54
1584,4.07,4.54
1585,4.07,4.54
1586,4.07,4.54
1587,4.07,4.54
1588,4.07,4.54
1589,4.07,4.54
1590,4.07,4.54
1591,4.07,4.54
1593,4.07,4.54
1594,4.07,4.54
1595,4.07,4.54
1596,4.07,4.54
1597,4.07,4.54
1598,4.07,4.54
1599,4.07,4.54
1601,4.07,4.54
1602,4.07,4.54
1603,4.07,4.54
1604,4.07,4.54
1605,4.07,4.54
1606,4.07,4.54
1607,4.07,4.54
1608,4.07,4.54
1609,4.07,4.55
1611,4.07,4.55
1612,4.07,4.55
1613,4.07,4.55
1614,4.07,4.55
1615,4.07,4.55
1616,4.07,4.55
1617,4.07,4.55
1618,4.07,4.55
1620,4.07,4.55
1622,4.07,4.56
1623,4.07,4.56
1624,4.07,4.56
1625,4.07,4.56
1626,4.07,4.56
1627,4.07,4.56
1628,4.07,4.56
1630,4.07,4.56
1631,4.08,4.57
1632,4.07,4.57
1633,4.08,4.57
1634,4.08,4.57
1635,4.08,4.57
1636,4.08,4.57
1638,4.08,4.57
1639,4.08,4.57
1640,4.08,4.57
1641,4.08,4.57
1642,4.08,4.57
1643,4.08,4.57
1644,4.08,4.57
1645,4.08,4.57
1646,4.08,4.57
1648,4.08,4.58
1649,4.07,4.58
1650,4.08,4.58
1651,4.08,4.58
1652,4.08,4.58
1653,4.08,4.58
1654,4.08,4.58
1655,4.07,4.58
1657,4.08,4.58
1658,4.07,4.58
1659,4.07,4.59
1660,4.07,4.59
1661,4.07,4.59
1662,4.07,4.59
1664,4.07,4.59
1665,4.07,4.59
1666,4.07,4.59
1668,4.07,4.59
1669,4.07,4.59
1670,4.07,4.59
1671,4.07,4.60
1672,4.07,4.60
1673,4.07,4.60
1674,4.07,4.60
1675,4.07,4.60
1677,4.08,4.60
1678,4.08,4.60
1679,4.08,4.58
1680,4.07,4.56
1681,4.05,4.52
1682,4.04,4.50
1683,4.03,4.48
1684,4.01,4.44
1686,3.99,4.40
1687,3.96,4.35
1688,3.93,4.31
1689,3.89,4.26
1690,3.86,4.23
1691,3.84,4.22
1692,3.83,4.22
1693,3.84,4.22
1695,3.85,4.22
1696,3.84,4.19
1697,3.82,4.16
1698,3.80,4.13
1699,3.79,4.12
1700,3.78,4.09
1701,3.76,4.06
1702,3.74,4.03
1704,3.71,3.99
1705,3.69,3.95
1707,3.66,3.92
1708,3.64,3.92
1709,3.64,3.92
1710,3.65,3.94
1711,3.67,3.96
1712,3.68,3.95
1714,3.68,3.93
1715,3.67,3.91
1716,3.66,3.90
1717,3.66,3.89
1718,3.64,3.87
1719,3.63,3.84
1720,3.61,3.81
1721,3.59,3.78
1723,3.57,3.76
1724,3.55,3.75
1725,3.55,3.76
1726,3.56,3.78
1727,3.58,3.80
1728,3.61,3.81
1729,3.62,3.81
1730,3.62,3.79
1732,3.61,3.78
1733,3.61,3.77
1734,3.60,3.75
1735,3.59,3.74
1736,3.58,3.71
1737,3.56,3.70
1738,3.55,3.67
1739,3.53,3.66
1741,3.52,3.67
1742,3.53,3.68
1743,3.56,3.71
1744,3.59,3.73
1745,3.61,3.73
1746,3.61,3.73
1747,3.61,3.71
1748,3.60,3.70
1751,3.59,3.68
1752,3.58,3.66
1753,3.56,3.64
1754,3.54,3.63
1755,3.53,3.61
1756,3.51,3.59
1757,3.50,3.58
1758,3.50,3.60
1760,3.52,3.62
1761,3.54,3.65
1762,3.57,3.67
1763,3.59,3.67
1764,3.59,3.66
1765,3.59,3.65
1766,3.58,3.63
1768,3.56,3.62
1769,3.55,3.60
1770,3.54,3.58
1771,3.52,3.57
1772,3.51,3.55
1773,3.49,3.54
1774,3.49,3.55
1775,3.50,3.58
1777,3.52,3.61
1778,3.56,3.63
1779,3.58,3.64
1780,3.58,3.63
1781,3.58,3.62
1782,3.58,3.61
1783,3.57,3.60
1784,3.56,3.59
1786,3.54,3.57
1787,3.53,3.55
1788,3.51,3.54
1789,3.50,3.52
1790,3.49,3.53
1792,3.49,3.55
1793,3.52,3.57
1794,3.55,3.61
1796,3.57,3.62
1797,3.59,3.62
1798,3.59,3.61
1799,3.59,3.60
1800,3.58,3.59
1801,3.57,3.58
1802,3.56,3.57
1803,3.54,3.55
1805,3.53,3.54
1806,3.51,3.52
1807,3.50,3.51
1808,3.50,3.53
1809,3.51,3.55
1810,3.54,3.59
1811,3.57,3.61
1812,3.59,3.61
1814,3.60,3.61
1815,3.60,3.60
1816,3.59,3.59
1817,3.58,3.58
1818,3.57,3.57
1819,3.56,3.56
1820,3.54,3.54
1821,3.53,3.53
1823,3.51,3.51
1824,3.50,3.52
1825,3.51,3.54
1826,3.53,3.57
1827,3.56,3.60
1828,3.59,3.61
1829,3.60,3.61
1830,3.60,3.61
1832,3.60,3.60
1833,3.59,3.59
1835,3.58,3.57
1836,3.57,3.56
1837,3.55,3.55
1838,3.54,3.53
1839,3.52,3.52
1840,3.51,3.51
1842,3.51,3.53
1843,3.53,3.55
1844,3.55,3.59
1845,3.59,3.61
1846,3.60,3.61
1847,3.61,3.61
1848,3.60,3.60
1849,3.60,3.59
1851,3.59,3.58
1852,3.58,3.57
1853,3.56,3.55
1854,3.55,3.54
1855,3.53,3.52
1856,3.52,3.51
1857,3.51,3.51
1858,3.52,3.53
1860,3.54,3.57
1861,3.57,3.60
1862,3.60,3.61
1863,3.61,3.61
1864,3.61,3.60
1865,3.60,3.59
1866,3.59,3.58
1867,3.58,3.57
1869,3.57,3.55
1870,3.55,3.54
1871,3.54,3.53
1872,3.52,3.51
1873,3.51,3.51
1874,3.51,3.52
1875,3.53,3.55
1876,3.56,3.58
1879,3.59,3.60
1880,3.61,3.61
1881,3.61,3.61
1882,3.60,3.60
1883,3.60,3.58
1884,3.59,3.57
1885,3.57,3.56
1886,3.56,3.55
1888,3.55,3.53
1889,3.53,3.52
1890,3.51,3.51
1891,3.51,3.51
1892,3.52,3.54
1893,3.54,3.57
1894,3.58,3.60
1895,3.60,3.60
1897,3.61,3.60
1898,3.61,3.60
1899,3.60,3.59
1900,3.59,3.58
1901,3.58,3.57
1902,3.57,3.55
1903,3.55,3.54
1904,3.54,3.52
1906,3.52,3.51
1907,3.51,3.51
1908,3.51,3.52
1909,3.53,3.55
1910,3.56,3.59
1911,3.59,3.60
1912,3.61,3.61
1913,3.61,3.60
1915,3.61,3.59
1916,3.60,3.58
1917,3.59,3.57
1918,3.58,3.56
1920,3.56,3.54
1921,3.55,3.53
1922,3.53,3.51
1923,3.51,3.50
1925,3.51,3.51
1926,3.52,3.54
1927,3.55,3.57
1928,3.58,3.60
1929,3.60,3.60
1930,3.61,3.60
1931,3.61,3.60
1932,3.60,3.59
1934,3.59,3.58
1935,3.58,3.56
1936,3.57,3.55
1937,3.55,3.54
1938,3.54,3.52
1939,3.52,3.51
1940,3.51,3.51
1941,3.51,3.52
1943,3.53,3.55
1944,3.56,3.58
1945,3.59,3.60
1946,3.61,3.60
1947,3.61,3.60
1948,3.61,3.59
1949,3.60,3.58
1950,3.59,3.57
1952,3.57,3.55
1953,3.56,3.54
1954,3.55,3.53
1955,3.53,3.51
1956,3.51,3.51
1957,3.51,3.51
1958,3.52,3.54
1959,3.55,3.57
1961,3.58,3.59
1963,3.60,3.60
1964,3.61,3.60
1965,3.61,3.59
1966,3.60,3.58
1967,3.59,3.57
1968,3.58,3.56
1969,3.56,3.55
1971,3.55,3.53
1972,3.53,3.52
1973,3.52,3.50
1974,3.51,3.51
1975,3.51,3.52
1976,3.53,3.55
1977,3.56,3.59
1978,3.59,3.60
1980,3.60,3.60
1981,3.61,3.60
1982,3.60,3.59
1983,3.59,3.58
1984,3.58,3.56
1985,3.57,3.55
1986,3.56,3.54
1987,3.54,3.52
1989,3.52,3.51
1990,3.51,3.50
1991,3.51,3.51
1992,3.52,3.54
1993,3.55,3.57
1994,3.58,3.59
1995,3.60,3.60
1996,3.61,3.60
1998,3.60,3.59
1999,3.60,3.58
2000,3.59,3.57
2001,3.57,3.56
2002,3.56,3.54
2003,3.55,3.53
2004,3.53,3.51
2006,3.52,3.50
2008,3.50,3.50
2009,3.51,3.52
2010,3.53,3.55
2011,3.56,3.58
2012,3.59,3.59
2013,3.60,3.60
2014,3.60,3.59
2015,3.60,3.58
2017,3.59,3.57
2018,3.57,3.56
2019,3.56,3.55
2020,3.55,3.53
2021,3.53,3.52
2022,3.52,3.50
2023,3.51,3.49
2024,3.50,3.51
2026,3.51,3.53
2027,3.54,3.56
2028,3.57,3.58
2029,3.59,3.59
2030,3.59,3.59
2031,3.59,3.58
2032,3.58,3.57
2033,3.57,3.56
2035,3.56,3.55
2036,3.55,3.53
2037,3.54,3.52
2038,3.52,3.51
2039,3.51,3.50
2040,3.49,3.49
2041,3.50,3.51
2042,3.52,3.54
2044,3.55,3.56
2045,3.57,3.58
2046,3.58,3.58
2048,3.58,3.58
2049,3.58,3.57
2050,3.57,3.56
2051,3.56,3.55
2052,3.55,3.53
2054,3.53,3.52
2055,3.52,3.50
2056,3.50,3.49
2057,3.49,3.48
2058,3.48,3.49
2059,3.50,3.52
2060,3.52,3.55
2061,3.55,3.57
2063,3.57,3.58
2064,3.57,3.57
2065,3.57,3.57
2066,3.56,3.56
2067,3.56,3.55
2068,3.54,3.54
2069,3.53,3.52
2070,3.52,3.51
2072,3.50,3.50
2073,3.49,3.48
2074,3.48,3.48
2075,3.48,3.50
2076,3.50,3.53
2077,3.53,3.56
2078,3.55,3.57
2079,3.56,3.57
2081,3.56,3.56
2082,3.56,3.56
2083,3.55,3.55
2084,3.54,3.53
2085,3.53,3.52
2086,3.52,3.51
2087,3.50,3.50
2088,3.49,3.48
2091,3.48,3.48
2092,3.47,3.49
2093,3.48,3.51
2094,3.51,3.55
2095,3.54,3.56
2096,3.55,3.57
2097,3.56,3.56
2098,3.56,3.56
2100,3.55,3.54
2101,3.54,3.53
2102,3.53,3.52
2103,3.52,3.51
2104,3.51,3.50
2105,3.49,3.49
2106,3.48,3.48
2107,3.47,3.48
2109,3.48,3.50
2110,3.49,3.53
2111,3.52,3.55
2112,3.54,3.56
2113,3.56,3.56
2114,3.56,3.56
2115,3.55,3.55
2116,3.55,3.54
2118,3.54,3.53
2119,3.52,3.51
2120,3.51,3.50
2121,3.50,3.49
2122,3.49,3.48
2123,3.48,3.48
2124,3.47,3.49
2125,3.49,3.51
2127,3.51,3.55
2128,3.54,3.56
2129,3.56,3.56
2130,3.56,3.56
2131,3.56,3.56
2132,3.56,3.55
2134,3.55,3.53
2135,3.54,3.52
2137,3.52,3.51
2138,3.51,3.50
2139,3.50,3.49
2140,3.48,3.48
2141,3.48,3.48
2142,3.49,3.51
2143,3.51,3.54
2144,3.54,3.56
2146,3.56,3.57
2147,3.58,3.57
2148,3.58,3.57
2149,3.57,3.56
2150,3.56,3.55
2151,3.55,3.54
2152,3.54,3.52
2153,3.53,3.51
2155,3.51,3.50
2156,3.50,3.49
2157,3.49,3.48
2158,3.49,3.50
2159,3.51,3.53
2160,3.54,3.56
2161,3.57,3.58
2162,3.58,3.58
2164,3.59,3.58
2165,3.58,3.57
2166,3.58,3.56
2167,3.56,3.54
2168,3.55,3.53
2169,3.54,3.52
2170,3.52,3.51
2171,3.51,3.50
2173,3.50,3.48
2174,3.49,3.50
2176,3.51,3.52
2177,3.53,3.55
2178,3.57,3.58
2179,3.59,3.58
2180,3.59,3.58
2181,3.59,3.58
2183,3.59,3.57
2184,3.58,3.56
2185,3.56,3.54
2186,3.55,3.53
2187,3.54,3.52
2188,3.52,3.50
2189,3.51,3.49
2190,3.50,3.49
2192,3.50,3.51
2193,3.53,3.54
2194,3.56,3.57
2195,3.58,3.58
2196,3.59,3.58
2197,3.59,3.58
2198,3.59,3.57
2199,3.58,3.56
2201,3.57,3.55
2202,3.56,3.54
2203,3.54,3.52
2204,3.53,3.51
2205,3.51,3.50
2206,3.50,3.49
2207,3.50,3.50
2208,3.51,3.53
2210,3.54,3.56
2211,3.57,3.58
2212,3.59,3.58
2213,3.60,3.58
2214,3.59,3.58
2215,3.59,3.57
2216,3.58,3.56
2217,3.56,3.54
2220,3.55,3.53
2221,3.54,3.52
2222,3.52,3.50
2223,3.51,3.49
2224,3.50,3.49
2225,3.51,3.51
2226,3.53,3.55
2227,3.56,3.57
2229,3.59,3.59
2230,3.59,3.59
2231,3.60,3.58
2232,3.59,3.57
2233,3.58,3.56
2234,3.57,3.55
2235,3.56,3.54
2236,3.54,3.52
2238,3.53,3.51
2239,3.52,3.50
2240,3.50,3.49
2241,3.50,3.51
2242,3.52,3.53
2243,3.55,3.57
2244,3.58,3.58
2245,3.59,3.59
2247,3.60,3.58
2248,3.59,3.58
2249,3.59,3.57
2250,3.58,3.55
2251,3.57,3.54
2252,3.55,3.53
2253,3.54,3.52
2254,3.52,3.50
2256,3.51,3.49
2257,3.50,3.49
2258,3.51,3.52
2259,3.53,3.55
2260,3.56,3.58
2262,3.59,3.59
2263,3.59,3.59
2264,3.59,3.58
2266,3.59,3.57
2267,3.58,3.56
2268,3.57,3.55
2269,3.56,3.53
2270,3.54,3.52
2271,3.53,3.51
2272,3.51,3.49
2273,3.50,3.49
2275,3.50,3.50
2276,3.51,3.53
2277,3.54,3.56
2278,3.58,3.58
2279,3.59,3.58
2280,3.59,3.58
2281,3.59,3.58
2282,3.58,3.56
2284,3.57,3.55
2285,3.56,3.54
2286,3.54,3.52
2287,3.53,3.51
2288,3.51,3.50
2289,3.50,3.49
2290,3.49,3.49
2291,3.50,3.51
2293,3.53,3.55
2294,3.56,3.57
2295,3.58,3.58
2296,3.59,3.58
2297,3.59,3.57
2298,3.58,3.56
2299,3.57,3.55
2300,3.56,3.54
2302,3.55,3.53
2304,3.53,3.52
2305,3.52,3.50
2306,3.50,3.49
2307,3.49,3.49
2308,3.49,3.50
2309,3.51,3.53
2310,3.54,3.56
2312,3.57,3.58
2313,3.58,3.58
2314,3.58,3.58
2315,3.58,3.57
2316,3.57,3.56
2317,3.56,3.54
2318,3.55,3.54
2319,3.54,3.52
2321,3.52,3.51
2322,3.51,3.50
2323,3.49,3.48
2324,3.49,3.49
2325,3.50,3.51
2326,3.52,3.54
2327,3.55,3.57
2328,3.57,3.58
2330,3.58,3.57
2331,3.58,3.57
2332,3.57,3.56
2333,3.56,3.55
2334,3.55,3.54
2335,3.54,3.52
2336,3.53,3.51
2337,3.51,3.50
2339,3.50,3.49
2340,3.49,3.48
2341,3.49,3.50
2342,3.51,3.53
2343,3.53,3.56
2344,3.56,3.57
2345,3.58,3.58
2347,3.58,3.57
2349,3.57,3.56
2350,3.57,3.55
2351,3.56,3.54
2352,3.54,3.53
2353,3.53,3.52
2354,3.52,3.51
2355,3.50,3.49
2356,3.49,3.48
2358,3.48,3.49
2359,3.49,3.51
2360,3.52,3.54
2361,3.55,3.57
2362,3.57,3.57
2363,3.57,3.57
2364,3.57,3.57
2365,3.56,3.55
2367,3.56,3.54
2368,3.54,3.53
2369,3.53,3.52
2370,3.52,3.51
2371,3.50,3.49
2372,3.49,3.48
2373,3.48,3.48
2374,3.48,3.50
2376,3.50,3.52
2377,3.53,3.56
2378,3.55,3.57
2379,3.57,3.57
2380,3.57,3.57
2381,3.57,3.56
2382,3.56,3.55
2383,3.55,3.53
2385,3.54,3.52
2386,3.52,3.51
2387,3.51,3.50
2388,3.50,3.49
2390,3.48,3.48
2391,3.48,3.49
2392,3.49,3.51
2393,3.51,3.54
2395,3.54,3.56
2396,3.56,3.57
2397,3.57,3.57
2398,3.57,3.56
2399,3.56,3.55
2400,3.55,3.54
2401,3.54,3.53
2402,3.53,3.51
2404,3.51,3.50
2405,3.50,3.49
2406,3.49,3.48
2407,3.48,3.48
2408,3.48,3.49
2409,3.50,3.53
2410,3.53,3.56
2411,3.55,3.57
2413,3.56,3.57
2414,3.57,3.56
2415,3.56,3.55
2416,3.56,3.54
2417,3.54,3.53
2418,3.53,3.52
2419,3.52,3.51
2420,3.51,3.49
2422,3.49,3.48
2423,3.48,3.48
2424,3.48,3.49
2425,3.49,3.51
2426,3.51,3.55
2427,3.54,3.56
2428,3.56,3.57
2429,3.57,3.57
2432,3.56,3.56
2433,3.56,3.55
2434,3.55,3.54
2435,3.54,3.52
2436,3.52,3.51
2437,3.51,3.50
2438,3.50,3.49
2439,3.49,3.48
2441,3.48,3.48
2442,3.48,3.50
2443,3.50,3.53
2444,3.53,3.56
2445,3.55,3.57
2446,3.56,3.57
2447,3.56,3.56
2448,3.56,3.55
2450,3.55,3.54
2451,3.54,3.53
2452,3.53,3.52
2453,3.52,3.50
2454,3.51,3.49
2455,3.49,3.48
2456,3.48,3.48
2457,3.48,3.48
2459,3.49,3.51
2460,3.51,3.55
2461,3.54,3.56
2462,3.56,3.57
2463,3.56,3.56
2464,3.56,3.56
2465,3.56,3.54
2466,3.54,3.53
2468,3.53,3.52
2469,3.52,3.51
2470,3.51,3.50
2471,3.49,3.49
2472,3.48,3.48
2473,3.47,3.48
2475,3.48,3.50
2476,3.50,3.53
2478,3.53,3.55
2479,3.55,3.57
2480,3.56,3.56
2481,3.56,3.56
2482,3.56,3.55
2483,3.55,3.54
2484,3.54,3.53
2485,3.53,3.51
2487,3.51,3.50
2488,3.50,3.49
2489,3.49,3.48
2490,3.48,3.48
2491,3.48,3.48
2492,3.49,3.51
2493,3.52,3.55
2494,3.55,3.57
2496,3.56,3.57
2497,3.57,3.56
2498,3.56,3.56
2499,3.56,3.55
2500,3.55,3.53
2501,3.54,3.52
2502,3.52,3.51
2503,3.51,3.50
2505,3.50,3.49
2506,3.48,3.48
2507,3.48,3.48
2508,3.48,3.50
2509,3.51,3.54
2510,3.54,3.57
2511,3.56,3.57
2513,3.57,3.57
2514,3.57,3.56
2515,3.56,3.55
2516,3.55,3.54
2518,3.54,3.53
2519,3.53,3.52
2520,3.52,3.50
2521,3.51,3.49
2523,3.49,3.48
2524,3.48,3.48
2525,3.48,3.49
2526,3.50,3.52
2527,3.53,3.56
2528,3.55,3.57
2529,3.57,3.58
2530,3.57,3.57
2532,3.57,3.56
2533,3.56,3.55
2534,3.55,3.54
2535,3.54,3.52
2536,3.53,3.51
2537,3.51,3.50
2538,3.50,3.49
2539,3.49,3.48
2541,3.48,3.49
2542,3.49,3.51
2543,3.52,3.55
2544,3.55,3.57
2545,3.57,3.58
2546,3.58,3.58
2547,3.58,3.57
2548,3.57,3.56
2550,3.56,3.55
2551,3.55,3.53
2552,3.54,3.52
2553,3.52,3.51
2554,3.51,3.50
2555,3.50,3.49
2556,3.49,3.49
2557,3.49,3.50
2560,3.51,3.53
2561,3.54,3.57
2562,3.57,3.58
2563,3.58,3.58
2564,3.58,3.58
2565,3.58,3.57
2566,3.57,3.56
2567,3.56,3.55
2569,3.55,3.53
2570,3.54,3.52
2571,3.52,3.51
2572,3.51,3.50
2573,3.49,3.49
2574,3.49,3.50
2575,3.50,3.52
2576,3.53,3.56
2578,3.56,3.58
2579,3.58,3.59
2580,3.59,3.59
2581,3.59,3.58
2582,3.58,3.57
2583,3.57,3.56
2584,3.56,3.55
2585,3.55,3.53
2587,3.53,3.52
2588,3.52,3.51
2589,3.50,3.49
2590,3.49,3.49
2591,3.50,3.51
2592,3.52,3.55
2593,3.55,3.58
2594,3.57,3.59
2596,3.58,3.59
2597,3.59,3.58
2598,3.58,3.58
2599,3.57,3.56
2600,3.56,3.55
2601,3.55,3.54
2603,3.54,3.53
2604,3.52,3.51
2606,3.51,3.50
2607,3.49,3.49
2608,3.49,3.50
2609,3.50,3.52
2610,3.52,3.56
2611,3.55,3.58
2612,3.57,3.58
2613,3.58,3.58
2615,3.57,3.57
2616,3.57,3.56
2617,3.56,3.55
2618,3.55,3.54
2619,3.53,3.52
2620,3.52,3.51
2621,3.51,3.50
2622,3.49,3.49
2624,3.48,3.49
2625,3.48,3.50
2626,3.50,3.53
2627,3.52,3.56
2628,3.55,3.57
2629,3.56,3.57
2630,3.56,3.57
2631,3.56,3.56
2633,3.55,3.55
2634,3.54,3.53
2635,3.53,3.52
2636,3.52,3.51
2637,3.50,3.50
2638,3.49,3.48
2639,3.48,3.48
2640,3.47,3.48
2642,3.48,3.50
2643,3.50,3.54
2644,3.52,3.55
2646,3.54,3.56
2647,3.55,3.55
2648,3.55,3.55
2649,3.54,3.54
2650,3.53,3.52
2652,3.52,3.51
2653,3.51,3.50
2654,3.50,3.49
2655,3.48,3.48
2656,3.47,3.47
2657,3.46,3.47
2658,3.46,3.48
2659,3.47,3.51
2661,3.50,3.54
2662,3.52,3.55
2663,3.53,3.55
2664,3.53,3.54
2665,3.53,3.53
2666,3.52,3.52
2667,3.51,3.51
2668,3.50,3.50
2670,3.49,3.49
2671,3.48,3.48
2672,3.47,3.46
2673,3.45,3.45
2674,3.44,3.46
2675,3.45,3.48
2676,3.48,3.52
2677,3.50,3.53
2679,3.51,3.53
2680,3.52,3.53
2681,3.52,3.52
2682,3.52,3.51
2683,3.51,3.50
2684,3.50,3.49
2685,3.49,3.48
2686,3.48,3.47
2689,3.46,3.45
2690,3.45,3.44
2691,3.43,3.44
2692,3.44,3.46
2693,3.46,3.49
2694,3.48,3.51
2695,3.50,3.52
2697,3.51,3.52
2698,3.51,3.52
2699,3.51,3.51
2700,3.50,3.50
2701,3.49,3.48
2702,3.48,3.48
2703,3.47,3.46
2704,3.46,3.45
2706,3.45,3.44
2707,3.43,3.43
2708,3.42,3.44
2709,3.44,3.47
2710,3.46,3.50
2711,3.48,3.51
2712,3.49,3.51
2713,3.50,3.51
2715,3.50,3.50
2716,3.49,3.48
2717,3.48,3.48
2718,3.48,3.47
2719,3.47,3.46
2720,3.45,3.44
2721,3.44,3.43
2723,3.42,3.42
2724,3.41,3.42
2725,3.42,3.44
2726,3.44,3.48
2727,3.47,3.49
2728,3.48,3.50
2729,3.48,3.50
2731,3.48,3.49
2733,3.48,3.48
2734,3.48,3.47
2735,3.47,3.46
2736,3.46,3.45
2737,3.44,3.43
2738,3.43,3.42
2739,3.42,3.41
2741,3.40,3.40
2742,3.40,3.41
2743,3.41,3.44
2744,3.43,3.47
2745,3.45,3.48
2746,3.46,3.48
2747,3.46,3.47
2748,3.46,3.46
2750,3.45,3.45
2751,3.44,3.44
2752,3.43,3.42
2753,3.42,3.41
2754,3.41,3.40
2755,3.39,3.38
2756,3.38,3.37
2757,3.36,3.36
2759,3.35,3.36
2760,3.35,3.38
2761,3.36,3.38
2762,3.36,3.38
2763,3.36,3.37
2764,3.35,3.36
2765,3.34,3.35
2766,3.33,3.34
2768,3.32,3.33
2769,3.30,3.31
2770,3.29,3.30
2771,3.28,3.28
2772,3.26,3.27
2774,3.25,3.26
2775,3.24,3.25
2776,3.24,3.27
2778,3.25,3.28
2779,3.25,3.28
2780,3.26,3.28
2781,3.25,3.27
2782,3.25,3.26
2783,3.24,3.25
2784,3.23,3.24
2786,3.22,3.23
2787,3.21,3.21
2788,3.20,3.20
2789,3.18,3.19
2790,3.17,3.19
2791,3.18,3.21
2792,3.20,3.24
2793,3.23,3.27
2795,3.26,3.28
2796,3.27,3.29
2797,3.27,3.29
2798,3.28,3.28
2799,3.27,3.27
2800,3.27,3.26
2801,3.27,3.26
2802,3.26,3.25
2804,3.25,3.24
2805,3.24,3.23
2806,3.23,3.23
2807,3.24,3.25
2808,3.26,3.29
2809,3.30,3.33
2810,3.33,3.35
2812,3.35,3.36
2813,3.36,3.36
2814,3.37,3.36
2816,3.37,3.35
2817,3.36,3.35
2818,3.36,3.34
2819,3.35,3.33
2820,3.34,3.32
2822,3.33,3.31
2823,3.32,3.30
2824,3.32,3.32
2825,3.33,3.34
2826,3.37,3.38
2827,3.40,3.42
2828,3.43,3.43
2829,3.44,3.43
2831,3.45,3.43
2832,3.45,3.43
2833,3.45,3.42
2834,3.44,3.42
2835,3.44,3.40
2836,3.43,3.39
2837,3.41,3.38
2838,3.40,3.37
2840,3.39,3.38
2841,3.40,3.40
2842,3.42,3.44
2843,3.46,3.47
2844,3.48,3.49
2845,3.50,3.49
2846,3.51,3.49
2847,3.51,3.49
2849,3.51,3.48
2850,3.51,3.48
2851,3.50,3.47
2852,3.49,3.46
2853,3.48,3.45
2854,3.46,3.43
2855,3.45,3.43
2857,3.45,3.44
2859,3.47,3.47
2860,3.49,3.51
2861,3.53,3.53
2862,3.55,3.54
2863,3.56,3.54
2864,3.56,3.54
2865,3.56,3.53
2867,3.55,3.52
2868,3.54,3.51
2869,3.53,3.50
2870,3.52,3.49
2871,3.50,3.48
2872,3.49,3.47
2873,3.48,3.48
2874,3.49,3.50
2876,3.52,3.53
2877,3.55,3.56
2878,3.58,3.57
2879,3.59,3.57
2880,3.59,3.57
2881,3.59,3.56
2882,3.58,3.55
2883,3.57,3.54
2885,3.56,3.53
2886,3.54,3.51
2887,3.53,3.50
2888,3.51,3.49
2889,3.50,3.49
2890,3.51,3.50
2891,3.53,3.53
2892,3.56,3.57
2894,3.59,3.58
2895,3.60,3.59
2896,3.61,3.58
2897,3.60,3.58
2898,3.59,3.57
2899,3.59,3.55
2900,3.57,3.54
2902,3.56,3.53
2904,3.54,3.51
2905,3.53,3.50
2906,3.51,3.49
2907,3.51,3.50
2908,3.53,3.52
2909,3.55,3.56
2910,3.59,3.59
2911,3.61,3.60
2913,3.62,3.60
2914,3.62,3.59
2915,3.61,3.58
2916,3.60,3.57
2917,3.59,3.55
2918,3.57,3.54
2919,3.56,3.53
2920,3.54,3.51
2922,3.53,3.50
2923,3.51,3.50
2924,3.51,3.51
2925,3.52,3.51
2926,3.52,3.52
2927,3.53,3.52
2928,3.52,3.52
2929,3.52,3.51
2931,3.51,3.50
2932,3.49,3.48
2933,3.48,3.48
2934,3.47,3.47
2935,3.46,3.45
2936,3.44,3.44
2937,3.42,3.42
2938,3.40,3.41
2940,3.39,3.42
2941,3.39,3.42
2942,3.39,3.42
2944,3.40,3.43
2945,3.40,3.42
2946,3.40,3.41
2947,3.39,3.40
2949,3.38,3.39
2950,3.37,3.38
2951,3.36,3.36
2952,3.34,3.35
2953,3.33,3.33
2954,3.32,3.32
2955,3.30,3.31
2956,3.30,3.32
2958,3.32,3.35
2959,3.35,3.39
2960,3.39,3.42
2961,3.42,3.45
2962,3.45,3.45
2963,3.46,3.45
2964,3.46,3.44
2965,3.46,3.44
2967,3.46,3.43
2968,3.45,3.42
2969,3.45,3.41
2970,3.44,3.40
2971,3.42,3.39
2972,3.42,3.41
2973,3.44,3.44
2975,3.47,3.48
2976,3.51,3.52
2977,3.55,3.55
2978,3.59,3.56
2979,3.60,3.58
2980,3.63,3.61
2981,3.66,3.64
2982,3.70,3.68
2984,3.75,3.71
2985,3.80,3.75
2987,3.85,3.80
2988,3.90,3.84
2989,3.94,3.88
2990,4.00,3.92
2991,4.05,3.96
2992,4.10,4.00
2994,4.15,4.05
2995,4.20,4.09
2996,4.24,4.13
2997,4.29,4.16
2998,4.33,4.19
2999,4.36,4.23
3000,4.40,4.26
3001,4.43,4.29
3003,4.47,4.32
3004,4.50,4.34
3005,4.53,4.36
3006,4.56,4.39
3007,4.58,4.41
3008,4.60,4.44
3009,4.63,4.46
3010,4.65,4.48
3012,4.67,4.50
3013,4.69,4.52
3014,4.70,4.53
3015,4.72,4.55
3016,4.72,4.56
3017,4.73,4.57
3018,4.74,4.57
3020,4.74,4.58
3021,4.74,4.59
3022,4.74,4.59
3023,4.74,4.60
3024,4.73,4.60
3025,4.73,4.60
3026,4.72,4.60
3027,4.71,4.60
3030,4.70,4.60
3031,4.69,4.60
3032,4.68,4.60
3033,4.67,4.60
3034,4.65,4.60
3035,4.64,4.60
3036,4.63,4.60
3037,4.62,4.60
3039,4.60,4.59
3040,4.59,4.59
3041,4.58,4.59
3042,4.57,4.58
3043,4.55,4.58
3044,4.54,4.58
3045,4.53,4.58
3046,4.51,4.58
3048,4.50,4.58
3049,4.49,4.58
3050,4.48,4.58
3051,4.47,4.58
3052,4.46,4.58
3053,4.45,4.57
3054,4.44,4.57
3055,4.43,4.57
3057,4.42,4.57
3058,4.41,4.57
3059,4.40,4.58
3060,4.40,4.58
3061,4.39,4.58
3062,4.38,4.58
3063,4.38,4.58
3064,4.37,4.58
3066,4.36,4.59
3067,4.36,4.59
3068,4.35,4.59
3069,4.35,4.59
3070,4.35,4.59
3072,4.35,4.60
3073,4.34,4.60
3074,4.34,4.60
3076,4.34,4.61
3077,4.33,4.61
3078,4.33,4.61
3079,4.33,4.62
3080,4.32,4.62
3081,4.32,4.62
3082,4.32,4.63
3083,4.32,4.63
3085,4.32,4.63
3086,4.31,4.64
3087,4.31,4.64
3088,4.31,4.64
3089,4.31,4.65
3090,4.31,4.65
3091,4.31,4.66
3092,4.31,4.66
3094,4.30,4.67
3095,4.30,4.67
3096,4.30,4.67
3097,4.30,4.68
3098,4.30,4.68
3099,4.30,4.69
3100,4.30,4.69
3101,4.30,4.69
3103,4.30,4.70
3104,4.29,4.70
3105,4.30,4.71
3106,4.29,4.71
3107,4.29,4.72
3108,4.29,4.72
3109,4.29,4.72
3110,4.29,4.73
3112,4.29,4.73
3113,4.29,4.73
3115,4.29,4.74
3116,4.29,4.74
3117,4.28,4.75
3118,4.28,4.75
3119,4.28,4.76
3121,4.28,4.76
3122,4.28,4.76
3123,4.28,4.77
3124,4.28,4.77
3125,4.28,4.77
3126,4.28,4.77
3127,4.28,4.78
3128,4.27,4.78
3130,4.27,4.78
3131,4.27,4.78
3132,4.27,4.78
3133,4.27,4.79
3134,4.27,4.79
3135,4.27,4.79
3136,4.27,4.80
3137,4.27,4.80
3139,4.27,4.80
3140,4.26,4.81
3141,4.26,4.81
3142,4.26,4.81
3143,4.26,4.82
3144,4.26,4.82
3145,4.26,4.82
3146,4.26,4.83
3148,4.26,4.83
3149,4.26,4.83
3150,4.26,4.83
3151,4.25,4.84
3152,4.25,4.84
3153,4.25,4.84
3154,4.25,4.84
3155,4.25,4.85
3158,4.25,4.85
3159,4.25,4.85
3160,4.25,4.85
3161,4.25,4.86
3162,4.25,4.86
3163,4.24,4.86
3164,4.24,4.87
3165,4.24,4.87
3167,4.24,4.87
3168,4.24,4.88
3169,4.24,4.88
3170,4.24,4.88
3171,4.24,4.89
3172,4.24,4.89
3173,4.24,4.89
3174,4.24,4.89
3176,4.24,4.90
3177,4.24,4.90
3178,4.24,4.90
3179,4.24,4.91
3180,4.24,4.91
3181,4.23,4.91
3182,4.23,4.91
3183,4.23,4.91
3185,4.23,4.91
3186,4.23,4.92
3187,4.23,4.92
3188,4.23,4.92
3189,4.23,4.92
3190,4.23,4.92
3191,4.23,4.92
3192,4.23,4.93
3194,4.23,4.93
3195,4.22,4.93
3196,4.22,4.93
3197,4.22,4.93
3198,4.22,4.93
3200,4.22,4.93
3201,4.22,4.94
3203,4.22,4.94
3204,4.22,4.94
3205,4.22,4.94
3206,4.22,4.94
3207,4.22,4.94
3208,4.22,4.94
3209,4.22,4.94
3210,4.22,4.94
3212,4.21,4.94
3213,4.21,4.95
3214,4.21,4.95
3215,4.21,4.95
3216,4.21,4.95
3217,4.21,4.95
3218,4.21,4.95
3219,4.21,4.95
3221,4.21,4.95
3222,4.21,4.95
3223,4.21,4.95
3224,4.21,4.95
3225,4.21,4.95
3226,4.21,4.95
3227,4.21,4.95
3229,4.20,4.95
3230,4.20,4.95
3231,4.20,4.95
3232,4.20,4.95
3233,4.20,4.95
3234,4.20,4.95
3235,4.20,4.95
3236,4.20,4.95
3238,4.20,4.95
3239,4.20,4.95
3240,4.20,4.95
3241,4.20,4.95
3243,4.20,4.95
3244,4.20,4.95
3245,4.20,4.95
3246,4.20,4.95
3248,4.20,4.95
3249,4.20,4.95
3250,4.20,4.95
3251,4.20,4.95
3252,4.19,4.95
3253,4.20,4.94
3254,4.19,4.94
3255,4.19,4.94
3257,4.20,4.94
3258,4.19,4.94
3259,4.19,4.94
3260,4.19,4.94
3261,4.19,4.93
3262,4.19,4.93
3263,4.19,4.93
3264,4.19,4.93
3266,4.19,4.93
3267,4.19,4.92
3268,4.19,4.92
3269,4.19,4.92
3270,4.19,4.91
3271,4.19,4.91
3272,4.19,4.91
3273,4.19,4.91
3275,4.19,4.90
3276,4.19,4.90
3277,4.19,4.90
3278,4.19,4.89
3279,4.19,4.89
3280,4.19,4.89
3281,4.19,4.89
3282,4.19,4.88
3284,4.19,4.88
3286,4.19,4.88
3287,4.19,4.87
3288,4.19,4.87
3289,4.18,4.86
3290,4.19,4.86
3291,4.18,4.86
3292,4.18,4.86
3294,4.18,4.85
3295,4.19,4.85
3296,4.18,4.84
3297,4.18,4.84
3298,4.18,4.84
3299,4.18,4.84
3300,4.18,4.83
3301,4.18,4.83
3303,4.18,4.83
3304,4.18,4.82
3305,4.18,4.82
3306,4.18,4.81
3307,4.18,4.81
3308,4.18,4.81
3309,4.18,4.81
3310,4.18,4.80
3312,4.18,4.80
3313,4.18,4.80
3314,4.18,4.79
3315,4.17,4.79
3316,4.17,4.79
3317,4.17,4.78
3318,4.17,4.78
3319,4.17,4.78
3321,4.17,4.78
3322,4.17,4.78
3323,4.17,4.77
3324,4.17,4.77
3325,4.17,4.77
3326,4.17,4.76
3328,4.17,4.76
3330,4.17,4.75
3331,4.17,4.75
3332,4.17,4.74
3333,4.17,4.74
3334,4.17,4.74
3335,4.17,4.73
3336,4.17,4.73
3337,4.17,4.72
3339,4.17,4.72
3340,4.17,4.71
3341,4.17,4.71
3342,4.17,4.71
3343,4.17,4.70
3344,4.17,4.70
3345,4.17,4.69
3346,4.17,4.69
3348,4.17,4.68
3349,4.17,4.68
3350,4.17,4.67
3351,4.17,4.67
3352,4.17,4.66
3353,4.17,4.66
3354,4.17,4.65
3355,4.16,4.64
3357,4.16,4.64
3358,4.16,4.64
3359,4.16,4.63
3360,4.16,4.62
3361,4.16,4.62
3362,4.16,4.61
3363,4.16,4.60
3364,4.16,4.60
3366,4.16,4.59
3367,4.16,4.59
3368,4.16,4.58
3369,4.16,4.58
3371,4.16,4.57
3372,4.16,4.57
3373,4.16,4.57
3374,4.16,4.56
3376,4.16,4.55
3377,4.16,4.55
3378,4.16,4.54
3379,4.16,4.54
3380,4.16,4.53
3381,4.16,4.52
3382,4.15,4.52
3384,4.15,4.51
3385,4.15,4.51
3386,4.15,4.50
3387,4.15,4.50
3388,4.15,4.49
3389,4.15,4.49
3390,4.15,4.48
3391,4.15,4.47
3393,4.15,4.47
3394,4.15,4.46
3395,4.15,4.46
3396,4.15,4.45
3397,4.15,4.45
3398,4.15,4.44
3399,4.15,4.43
3400,4.15,4.43
3402,4.14,4.43
3403,4.15,4.42
3404,4.14,4.41
3405,4.14,4.41
3406,4.14,4.40
3407,4.14,4.40
3408,4.14,4.39
3409,4.14,4.39
3411,4.14,4.38
3412,4.14,4.38
3414,4.14,4.37
3415,4.14,4.36
3416,4.14,4.36
3417,4.14,4.36
3418,4.14,4.35
3419,4.14,4.35
3421,4.14,4.34
3422,4.14,4.34
3423,4.14,4.33
3424,4.14,4.33
3425,4.14,4.32
3426,4.14,4.32
3427,4.14,4.31
3429,4.14,4.31
3430,4.14,4.31
3431,4.14,4.30
3432,4.14,4.30
3433,4.14,4.29
3434,4.14,4.29
3435,4.14,4.28
3436,4.14,4.27
3438,4.14,4.27
3439,4.14,4.27
3440,4.14,4.26
3441,4.14,4.26
3442,4.14,4.25
3443,4.14,4.25
3444,4.14,4.25
3446,4.14,4.24
3447,4.14,4.24
3448,4.14,4.23
3449,4.14,4.23
3450,4.14,4.22
3451,4.14,4.22
3452,4.14,4.22
3453,4.14,4.21
3456,4.14,4.21
3457,4.14,4.21
3458,4.14,4.20
3459,4.14,4.20
3460,4.14,4.20
3461,4.14,4.19
3462,4.14,4.19
3463,4.14,4.19
3465,4.14,4.19
3466,4.14,4.18
3467,4.13,4.18
3468,4.13,4.18
3469,4.13,4.17
3470,4.14,4.17
3471,4.14,4.17
3472,4.14,4.16
3474,4.13,4.16
3475,4.14,4.16
3476,4.14,4.16
3477,4.14,4.15
3478,4.14,4.15
3479,4.14,4.15
3480,4.14,4.15
3481,4.14,4.14
3483,4.14,4.14
3484,4.14,4.14
3485,4.14,4.14
3486,4.14,4.14
3487,4.14,4.14
3488,4.14,4.13
3489,4.14,4.13
3491,4.14,4.13
3492,4.14,4.13
3493,4.14,4.13
3494,4.14,4.13
3495,4.14,4.13
3496,4.14,4.13
3497,4.14,4.13
3499,4.14,4.13
3501,4.14,4.12
3502,4.14,4.12
3503,4.14,4.12
3504,4.14,4.12
3505,4.14,4.12
3506,4.14,4.12
3507,4.14,4.12
3509,4.14,4.12
3510,4.14,4.12
3511,4.14,4.12
3512,4.14,4.12
3513,4.14,4.12
3514,4.14,4.12
3515,4.14,4.12
3517,4.14,4.11
3518,4.14,4.11
3519,4.14,4.11
3520,4.14,4.11
3521,4.14,4.11
3522,4.14,4.11
3523,4.14,4.11
3524,4.14,4.11
3526,4.14,4.11
3527,4.14,4.11
3528,4.14,4.11
3529,4.14,4.11
3530,4.14,4.11
3531,4.14,4.11
3532,4.14,4.11
3534,4.14,4.11
3535,4.14,4.11
3536,4.14,4.11
3537,4.14,4.11
3538,4.14,4.11
3539,4.14,4.11
3540,4.14,4.11
3543,4.14,4.11
3544,4.14,4.11
3545,4.14,4.10
3546,4.14,4.11
3547,4.14,4.11
3548,4.14,4.11
3549,4.14,4.11
3551,4.14,4.10
3552,4.14,4.10
3553,4.14,4.11
3554,4.14,4.10
3555,4.14,4.10
3556,4.14,4.11
3557,4.14,4.10
3558,4.14,4.10
3560,4.14,4.11
3561,4.14,4.10
3562,4.14,4.10
3563,4.14,4.10
3564,4.14,4.10
3565,4.14,4.10
3566,4.14,4.10
3567,4.14,4.10
3569,4.14,4.10
3570,4.14,4.10
3571,4.14,4.10
3572,4.14,4.11
3573,4.14,4.11
3574,4.14,4.10
3575,4.14,4.10
3576,4.14,4.11
3578,4.14,4.11
3579,4.14,4.11
3580,4.14,4.11
3581,4.14,4.11
3582,4.14,4.11
3584,4.14,4.11
3585,4.14,4.11
3587,4.14,4.11
3588,4.14,4.11
3589,4.14,4.11
3590,4.14,4.11
3591,4.14,4.11
3592,4.14,4.11
3593,4.14,4.11
3595,4.14,4.11
3596,4.14,4.11
3597,4.14,4.11
3598,4.14,4.11
3599,4.14,4.11
3600,4.14,4.11
3601,4.14,4.11
3603,4.14,4.11
3604,4.14,4.11
3605,4.14,4.11
3606,4.14,4.11
3607,4.14,4.11
3608,4.14,4.11
3609,4.14,4.11
3611,4.14,4.11
3612,4.14,4.11
3613,4.14,4.11
3614,4.14,4.11
3615,4.14,4.11
3616,4.14,4.11
3617,4.14,4.11
3618,4.14,4.11
3620,4.14,4.11
3621,4.14,4.11
3622,4.14,4.11
3623,4.14,4.11
3624,4.14,4.11
3625,4.14,4.11
3627,4.14,4.11
3629,4.14,4.11
3630,4.14,4.11
3631,4.14,4.11
3632,4.14,4.11
3633,4.14,4.11
3634,4.14,4.12
3635,4.14,4.12
3636,4.14,4.12
3638,4.14,4.12
3639,4.14,4.12
3640,4.14,4.12
3641,4.14,4.12
3642,4.14,4.12
3643,4.14,4.12
3644,4.14,4.12
3646,4.14,4.12
3647,4.14,4.12
3648,4.14,4.12
3649,4.14,4.12
3650,4.13,4.12
3651,4.14,4.12
3652,4.14,4.12
3654,4.14,4.12
3655,4.14,4.12
3656,4.14,4.12
3657,4.14,4.12
3658,4.13,4.12
3659,4.13,4.12
3660,4.14,4.12
3661,4.14,4.12
3663,4.13,4.12
3664,4.14,4.12
3665,4.13,4.12
3666,4.13,4.12
3667,4.13,4.13
3668,4.13,4.13
3670,4.13,4.13
3672,4.13,4.13
3673,4.13,4.13
3674,4.13,4.13
3675,4.13,4.13
3676,4.13,4.13
3677,4.13,4.13
3678,4.13,4.13
3680,4.13,4.13
3681,4.13,4.13
3682,4.13,4.13
3683,4.13,4.13
3684,4.13,4.13
3685,4.13,4.13
3686,4.13,4.13
3687,4.13,4.13
3689,4.13,4.13
3690,4.13,4.13
3691,4.13,4.13
3692,4.13,4.13
3693,4.13,4.13
3694,4.13,4.13
3695,4.13,4.13
3697,4.13,4.13
3698,4.13,4.14
3699,4.13,4.14
3700,4.13,4.13
3701,4.13,4.13
3702,4.13,4.13
3703,4.13,4.13
3704,4.13,4.13
3706,4.13,4.13
3707,4.13,4.13
3708,4.13,4.13
3709,4.13,4.13
3710,4.13,4.13
3712,4.13,4.13
3713,4.13,4.13
3715,4.13,4.13
3716,4.13,4.13
3717,4.13,4.13
3718,4.13,4.13
3719,4.13,4.13
3720,4.13,4.13
3721,4.13,4.13
3722,4.13,4.13
3724,4.13,4.13
3725,4.13,4.13
3726,4.13,4.13
3727,4.13,4.13
3728,4.13,4.14
3729,4.13,4.14
3730,4.13,4.14
3732,4.12,4.14
3733,4.12,4.14
3734,4.12,4.15
3735,4.12,4.15
3736,4.12,4.15
3737,4.12,4.15
3738,4.12,4.16
3739,4.12,4.16
3741,4.12,4.16
3742,4.12,4.17
3743,4.12,4.17
3744,4.12,4.17
3745,4.12,4.17
3746,4.13,4.18
3747,4.13,4.18
3749,4.13,4.18
3750,4.13,4.19
3751,4.13,4.19
3752,4.12,4.19
3753,4.12,4.20
3755,4.12,4.20
3756,4.12,4.20
3757,4.12,4.20
3759,4.12,4.21
3760,4.13,4.21
3761,4.13,4.21
3762,4.13,4.22
3763,4.13,4.22
3764,4.13,4.22
3765,4.13,4.22
3766,4.12,4.23
3768,4.12,4.23
3769,4.12,4.23
3770,4.12,4.24
3771,4.12,4.24
3772,4.12,4.24
3773,4.12,4.24
3774,4.12,4.24
3776,4.12,4.25
3777,4.12,4.25
3778,4.12,4.25
3779,4.12,4.26
3780,4.12,4.26
3781,4.12,4.26
3782,4.12,4.26
3783,4.12,4.26
3785,4.12,4.27
3786,4.12,4.27
3787,4.12,4.27
3788,4.12,4.27
3789,4.12,4.28
3790,4.12,4.28
3791,4.12,4.28
3793,4.12,4.28
3794,4.12,4.28
3795,4.12,4.28
3796,4.12,4.29
3798,4.12,4.29
3799,4.12,4.29
3800,4.12,4.29
3801,4.12,4.29
3803,4.12,4.30
3804,4.12,4.30
3805,4.12,4.30
3806,4.12,4.30
3807,4.12,4.30
3808,4.12,4.30
3809,4.12,4.31
3810,4.11,4.31
3812,4.12,4.31
3813,4.12,4.31
3814,4.12,4.31
3815,4.12,4.32
3816,4.11,4.32
3817,4.11,4.32
3818,4.11,4.32
3820,4.12,4.32
3821,4.12,4.32
3822,4.11,4.33
3823,4.11,4.33
3824,4.11,4.33
3825,4.11,4.33
3826,4.11,4.33
3828,4.11,4.33
3829,4.11,4.33
3830,4.11,4.34
3831,4.11,4.34
3832,4.11,4.34
3833,4.11,4.34
3834,4.11,4.34
3836,4.11,4.34
3837,4.11,4.34
3838,4.11,4.34
3840,4.11,4.35
3841,4.11,4.35
3842,4.11,4.35
3843,4.11,4.35
3844,4.11,4.35
3846,4.11,4.35
3847,4.11,4.35
3848,4.11,4.36
3849,4.11,4.36
3850,4.11,4.36
3851,4.11,4.36
3852,4.11,4.37
3853,4.11,4.37
3855,4.11,4.37
3856,4.11,4.38
3857,4.11,4.38
3858,4.11,4.38
3859,4.11,4.39
3860,4.11,4.39
3861,4.11,4.39
3863,4.11,4.40
3864,4.11,4.40
3865,4.11,4.40
3866,4.11,4.40
3867,4.11,4.41
3868,4.11,4.41
3869,4.11,4.41
3870,4.11,4.41
3872,4.11,4.41
3873,4.11,4.42
3874,4.11,4.42
3875,4.11,4.42
3876,4.11,4.42
3877,4.11,4.42
3878,4.11,4.42
3880,4.11,4.43
3881,4.11,4.43
3883,4.11,4.43
3884,4.11,4.43
3885,4.11,4.43
3886,4.11,4.43
3887,4.11,4.44
3888,4.11,4.44
3890,4.11,4.44
3891,4.11,4.44
3892,4.11,4.44
3893,4.11,4.44
3894,4.11,4.44
3895,4.11,4.45
3896,4.11,4.45
3897,4.10,4.45
3899,4.11,4.45
3900,4.11,4.45
3901,4.10,4.45
3902,4.10,4.45
3903,4.10,4.46
3904,4.10,4.46
3905,4.10,4.46
3907,4.10,4.46
3908,4.10,4.46
3909,4.10,4.46
3910,4.10,4.47
3911,4.10,4.47
3912,4.10,4.47
3913,4.10,4.47
3914,4.11,4.48
3916,4.10,4.48
3917,4.10,4.48
3918,4.10,4.48
3919,4.10,4.49
3920,4.10,4.49
3921,4.10,4.49
3922,4.10,4.50
3923,4.10,4.50
3926,4.10,4.50
3927,4.10,4.50
3928,4.10,4.51
3929,4.10,4.51
3930,4.10,4.52
3931,4.10,4.52
3932,4.10,4.52
3933,4.11,4.53
3935,4.10,4.53
3936,4.11,4.53
3937,4.10,4.54
3938,4.10,4.54
3939,4.10,4.54
3940,4.10,4.55
3941,4.10,4.55
3942,4.10,4.55
3944,4.10,4.55
3945,4.10,4.56
3946,4.10,4.56
3947,4.10,4.57
3948,4.10,4.57
3949,4.10,4.57
3950,4.10,4.57
3951,4.11,4.57
3953,4.10,4.57
3954,4.10,4.58
3955,4.10,4.58
3956,4.10,4.58
3957,4.10,4.58
3958,4.10,4.59
3959,4.10,4.59
3960,4.10,4.59
3962,4.10,4.59
3963,4.10,4.59
3964,4.10,4.59
3965,4.10,4.60
3966,4.10,4.60
3968,4.10,4.60
3969,4.10,4.60
3970,4.10,4.60
3972,4.10,4.60
3973,4.10,4.60
3974,4.10,4.60
3975,4.09,4.60
3976,4.09,4.60
3977,4.09,4.59
3978,4.09,4.60
3979,4.09,4.59
3980,4.09,4.59
3982,4.09,4.59
3983,4.09,4.59
3984,4.09,4.59
3985,4.09,4.59
3986,4.09,4.59
3987,4.09,4.59
3988,4.09,4.59
3989,4.09,4.59
3991,4.09,4.59
3992,4.09,4.59
3993,4.09,4.58
3994,4.09,4.58
3995,4.09,4.58
3996,4.09,4.59
3997,4.09,4.58
3998,4.09,4.58
4000,4.09,4.58
4001,4.09,4.58
4002,4.09,4.58
4003,4.09,4.58
4004,4.09,4.58
4005,4.09,4.58
4006,4.09,4.58
4007,4.09,4.58
4008,4.09,4.58
4011,4.09,4.58
4012,4.09,4.58
4013,4.09,4.58
4014,4.09,4.58
4015,4.09,4.58
4016,4.08,4.58
4017,4.09,4.58
4018,4.08,4.58
4020,4.08,4.58
4021,4.08,4.59
4022,4.08,4.59
4023,4.08,4.59
4024,4.08,4.59
4025,4.08,4.59
4026,4.08,4.59
4027,4.08,4.59
4028,4.08,4.59
4030,4.08,4.59
4031,4.08,4.59
4032,4.08,4.59
4033,4.08,4.59
4034,4.08,4.59
4035,4.08,4.59
4036,4.08,4.60
4037,4.08,4.60
4039,4.08,4.60
4040,4.08,4.60
4041,4.08,4.60
4042,4.08,4.60
4043,4.08,4.60
4044,4.08,4.60
4045,4.08,4.60
4046,4.08,4.60
4047,4.08,4.60
4049,4.08,4.60
4050,4.08,4.60
4051,4.08,4.61
4052,4.08,4.61
4054,4.08,4.61
4055,4.08,4.61
4056,4.08,4.61
4057,4.08,4.61
4059,4.08,4.61
4060,4.08,4.61
4061,4.08,4.61
4062,4.08,4.61
4063,4.08,4.61
4064,4.08,4.62
4065,4.09,4.61
4066,4.09,4.62
4068,4.09,4.62
4069,4.09,4.62
4070,4.09,4.62
4071,4.09,4.62
4072,4.09,4.62
4073,4.09,4.62
4074,4.09,4.63
4075,4.09,4.63
4077,4.08,4.62
4078,4.08,4.63
4079,4.09,4.63
4080,4.08,4.63
4081,4.08,4.63
4082,4.08,4.63
4083,4.08,4.63
4084,4.08,4.63
4085,4.08,4.63
4087,4.08,4.63
4088,4.08,4.63
4089,4.08,4.64
4090,4.08,4.64
4091,4.08,4.64
4092,4.08,4.64
4093,4.08,4.64
4094,4.08,4.64
4097,4.08,4.64
4098,4.08,4.64
4099,4.08,4.64
4100,4.08,4.64
4101,4.08,4.64
4102,4.08,4.65
4103,4.08,4.65
4104,4.08,4.65
4105,4.08,4.65
4107,4.08,4.65
4108,4.08,4.65
4109,4.08,4.65
4110,4.08,4.65
4111,4.08,4.65
4112,4.08,4.65
4113,4.08,4.65
4114,4.08,4.64
4116,4.07,4.62
4117,4.06,4.58
4118,4.03,4.54
4119,4.00,4.49
4120,3.97,4.45
4121,3.95,4.43
4122,3.94,4.42
4123,3.93,4.42
4125,3.93,4.42
4126,3.93,4.41
4127,3.92,4.38
4128,3.91,4.35
4129,3.89,4.33
4130,3.88,4.32
4131,3.87,4.29
4132,3.86,4.25
4134,3.83,4.21
4135,3.80,4.17
4136,3.77,4.13
4137,3.74,4.11
4139,3.73,4.10
4140,3.73,4.10
4141,3.74,4.12
4142,3.75,4.12
4144,3.75,4.11
4145,3.75,4.09
4146,3.73,4.06
4147,3.73,4.06
4148,3.73,4.05
4149,3.72,4.02
4150,3.71,3.99
4151,3.69,3.96
4153,3.67,3.92
4154,3.65,3.90
4155,3.63,3.90
4156,3.63,3.91
4157,3.65,3.92
4158,3.67,3.94
4159,3.69,3.94
4161,3.69,3.93
4162,3.69,3.91
4163,3.68,3.91
4164,3.68,3.90
4165,3.68,3.89
4166,3.67,3.86
4167,3.65,3.84
4168,3.64,3.81
4170,3.61,3.78
4171,3.60,3.78
4172,3.60,3.79
4173,3.61,3.81
4174,3.63,3.83
4175,3.66,3.85
4176,3.68,3.85
4177,3.68,3.83
4179,3.67,3.82
4180,3.67,3.82
4182,3.67,3.81
4183,3.66,3.79
4184,3.65,3.77
4185,3.64,3.75
4186,3.62,3.72
4187,3.60,3.70
4189,3.59,3.71
4190,3.59,3.72
4191,3.61,3.75
4192,3.64,3.77
4193,3.66,3.78
4194,3.67,3.77
4195,3.66,3.76
4197,3.65,3.74
4198,3.64,3.72
4199,3.63,3.70
4200,3.61,3.68
4201,3.59,3.66
4202,3.57,3.64
4203,3.55,3.62
4204,3.53,3.61
4206,3.53,3.63
4207,3.54,3.65
4208,3.57,3.68
4209,3.60,3.69
4210,3.61,3.70
4211,3.61,3.69
4212,3.61,3.68
4213,3.60,3.66
4215,3.59,3.64
4216,3.57,3.63
4217,3.55,3.61
4218,3.54,3.59
4219,3.52,3.57
4220,3.50,3.56
4221,3.50,3.57
4222,3.51,3.59
4225,3.53,3.62
4226,3.56,3.65
4227,3.59,3.65
4228,3.59,3.65
4229,3.60,3.64
4230,3.59,3.63
4231,3.58,3.62
4232,3.57,3.60
4234,3.55,3.59
4235,3.54,3.57
4236,3.52,3.56
4237,3.51,3.54
4238,3.50,3.54
4239,3.50,3.55
4240,3.52,3.59
4241,3.55,3.62
4243,3.58,3.64
4244,3.60,3.64
4245,3.60,3.64
4246,3.60,3.63
4247,3.60,3.62
4248,3.59,3.61
4249,3.58,3.60
4250,3.57,3.59
4252,3.56,3.57
4253,3.54,3.56
4254,3.53,3.55
4255,3.52,3.56
4256,3.54,3.59
4257,3.57,3.62
4258,3.60,3.65
4259,3.63,3.66
4261,3.63,3.66
4262,3.63,3.65
4263,3.63,3.64
4264,3.62,3.63
4265,3.61,3.62
4267,3.60,3.60
4268,3.58,3.59
4270,3.57,3.58
4271,3.55,3.56
4272,3.54,3.56
4273,3.55,3.58
4274,3.57,3.61
4275,3.60,3.65
4276,3.63,3.66
4277,3.64,3.66
4279,3.64,3.65
4280,3.63,3.64
4281,3.62,3.63
4282,3.61,3.61
4283,3.60,3.60
4284,3.58,3.59
4285,3.57,3.57
4286,3.55,3.55
4288,3.54,3.55
4289,3.53,3.56
4290,3.55,3.58
4291,3.58,3.62
4292,3.61,3.64
4293,3.62,3.64
4294,3.63,3.64
4296,3.63,3.63
4297,3.62,3.62
4298,3.61,3.60
4299,3.59,3.59
4300,3.58,3.58
4301,3.56,3.56
4302,3.54,3.55
4303,3.53,3.53
4305,3.52,3.54
4306,3.53,3.56
4307,3.55,3.59
4308,3.59,3.62
4310,3.61,3.63
4311,3.62,3.63
4312,3.62,3.62
4313,3.61,3.61
4315,3.60,3.60
4316,3.59,3.59
4317,3.58,3.57
4318,3.56,3.56
4319,3.55,3.54
4320,3.53,3.53
4321,3.51,3.52
4322,3.52,3.54
4324,3.53,3.57
4325,3.56,3.60
4326,3.59,3.62
4327,3.61,3.62
4328,3.61,3.62
4329,3.61,3.61
4330,3.60,3.60
4331,3.59,3.58
4333,3.58,3.57
4334,3.56,3.56
4335,3.55,3.54
4336,3.53,3.53
4337,3.51,3.51
4338,3.51,3.52
4339,3.52,3.55
4340,3.54,3.58
4342,3.58,3.60
4343,3.60,3.61
4344,3.61,3.61
4345,3.60,3.60
4346,3.60,3.59
4347,3.59,3.58
4348,3.58,3.57
4349,3.56,3.56
4352,3.55,3.54
4353,3.53,3.53
4354,3.52,3.51
4355,3.51,3.51
4356,3.51,3.53
4357,3.53,3.56
4358,3.56,3.59
4359,3.59,3.61
4361,3.60,3.61
4362,3.60,3.61
4363,3.60,3.60
4364,3.59,3.59
4365,3.58,3.58
4366,3.57,3.56
4367,3.56,3.55
4369,3.54,3.53
4370,3.53,3.52
4371,3.51,3.51
4372,3.51,3.52
4373,3.52,3.54
4374,3.55,3.58
4375,3.58,3.60
4376,3.60,3.61
4378,3.61,3.61
4379,3.60,3.60
4380,3.60,3.59
4381,3.59,3.58
4382,3.58,3.56
4383,3.56,3.55
4384,3.55,3.54
4385,3.53,3.52
4387,3.52,3.51
4388,3.50,3.51
4389,3.51,3.53
4390,3.53,3.56
4391,3.57,3.59
4392,3.59,3.60
4393,3.60,3.60
4395,3.61,3.60
4397,3.60,3.59
4398,3.59,3.58
4399,3.58,3.57
4400,3.57,3.55
4401,3.55,3.54
4402,3.54,3.53
4403,3.52,3.51
4404,3.51,3.50
4406,3.51,3.52
4407,3.52,3.54
4408,3.55,3.58
4409,3.58,3.60
4410,3.60,3.60
4411,3.60,3.60
4412,3.60,3.59
4413,3.60,3.58
4415,3.59,3.57
4416,3.57,3.56
4417,3.56,3.54
4418,3.55,3.53
4419,3.53,3.52
4420,3.51,3.50
4421,3.50,3.51
4422,3.51,3.53
4424,3.54,3.56
4425,3.57,3.59
4426,3.59,3.60
4427,3.60,3.60
4428,3.60,3.60
4429,3.60,3.59
4430,3.59,3.58
4431,3.58,3.56
4433,3.57,3.55
4434,3.55,3.54
4435,3.54,3.52
4436,3.52,3.51
4438,3.51,3.50
4439,3.51,3.52
4440,3.52,3.54
4441,3.55,3.57
4443,3.58,3.59
4444,3.60,3.60
4445,3.60,3.60
4446,3.60,3.59
4447,3.59,3.59
4448,3.58,3.56
4449,3.57,3.55
4450,3.56,3.54
4452,3.54,3.53
4453,3.53,3.51
4454,3.51,3.50
4455,3.50,3.50
4456,3.51,3.53
4457,3.54,3.56
4458,3.57,3.59
4459,3.59,3.60
4461,3.60,3.60
4462,3.60,3.59
4463,3.60,3.58
4464,3.59,3.57
4465,3.58,3.56
4466,3.56,3.55
4467,3.55,3.53
4468,3.54,3.52
4470,3.52,3.51
4471,3.51,3.50
4472,3.51,3.52
4473,3.52,3.54
4474,3.55,3.58
4475,3.59,3.59
4476,3.60,3.60
4477,3.61,3.60
4480,3.60,3.59
4481,3.59,3.58
4482,3.58,3.57
4483,3.57,3.55
4484,3.56,3.54
4485,3.54,3.53
4486,3.53,3.51
4487,3.51,3.50
4489,3.50,3.51
4490,3.52,3.53
4491,3.54,3.56
4492,3.57,3.59
4493,3.60,3.60
4494,3.60,3.60
4495,3.60,3.59
4496,3.60,3.58
4498,3.59,3.57
4499,3.58,3.55
4500,3.56,3.54
4501,3.55,3.53
4502,3.53,3.52
4503,3.52,3.50
4504,3.50,3.50
4505,3.51,3.51
4507,3.53,3.54
4508,3.56,3.58
4509,3.58,3.59
4510,3.60,3.60
4511,3.60,3.59
4512,3.60,3.58
4513,3.59,3.57
4514,3.58,3.56
4516,3.57,3.55
4517,3.55,3.54
4518,3.54,3.52
4519,3.52,3.51
4520,3.51,3.49
4521,3.50,3.50
4523,3.51,3.52
4524,3.54,3.56
4526,3.57,3.58
4527,3.59,3.59
4528,3.60,3.59
4529,3.60,3.59
4530,3.59,3.58
4531,3.58,3.57
4532,3.57,3.55
4533,3.56,3.54
4535,3.54,3.53
4536,3.53,3.51
4537,3.51,3.50
4538,3.50,3.49
4539,3.51,3.52
4540,3.53,3.55
4541,3.56,3.58
4542,3.59,3.59
4544,3.60,3.60
4545,3.60,3.59
4546,3.60,3.58
4547,3.59,3.57
4548,3.58,3.56
4549,3.57,3.55
4550,3.55,3.53
4551,3.54,3.52
4553,3.52,3.51
4554,3.51,3.50
4555,3.50,3.51
4556,3.52,3.53
4557,3.55,3.57
4558,3.58,3.59
4559,3.60,3.60
4560,3.60,3.60
4562,3.60,3.59
4563,3.60,3.58
4564,3.59,3.57
4566,3.57,3.55
4567,3.56,3.54
4568,3.55,3.53
4569,3.53,3.51
4570,3.52,3.50
4572,3.50,3.50
4573,3.51,3.52
4574,3.53,3.55
4575,3.56,3.58
4576,3.59,3.59
4577,3.60,3.60
4578,3.60,3.59
4579,3.60,3.58
4581,3.59,3.57
4582,3.58,3.56
4583,3.57,3.55
4584,3.55,3.53
4585,3.54,3.52
4586,3.52,3.51
4587,3.51,3.50
4588,3.50,3.51
4590,3.52,3.53
4591,3.55,3.56
4592,3.58,3.59
4593,3.60,3.59
4594,3.60,3.59
4595,3.60,3.59
4596,3.59,3.57
4597,3.58,3.56
4599,3.57,3.56
4600,3.56,3.54
4601,3.54,3.52
4602,3.53,3.52
4603,3.51,3.50
4604,3.50,3.50
4605,3.51,3.52
4606,3.53,3.55
4609,3.56,3.58
4610,3.59,3.59
4611,3.60,3.59
4612,3.60,3.59
4613,3.60,3.58
4614,3.59,3.57
4615,3.58,3.55
4616,3.56,3.54
4618,3.55,3.53
4619,3.53,3.52
4620,3.52,3.50
4621,3.50,3.49
4622,3.50,3.51
4623,3.52,3.54
4624,3.55,3.57
4625,3.58,3.59
4627,3.60,3.59
4628,3.60,3.59
4629,3.60,3.58
4630,3.59,3.57
4631,3.58,3.56
4632,3.57,3.55
4633,3.56,3.53
4634,3.54,3.52
4636,3.53,3.51
4637,3.51,3.50
4638,3.50,3.50
4639,3.51,3.52
4640,3.53,3.55
4641,3.57,3.58
4642,3.59,3.59
4643,3.60,3.59
4645,3.60,3.58
4646,3.59,3.57
4647,3.59,3.56
4648,3.57,3.55
4649,3.56,3.54
4651,3.55,3.53
4652,3.53,3.51
4653,3.52,3.50
4655,3.50,3.49
4656,3.50,3.51
4657,3.52,3.54
4658,3.55,3.57
4659,3.58,3.59
4660,3.60,3.59
4661,3.60,3.59
4662,3.60,3.58
4664,3.59,3.57
4665,3.58,3.56
4666,3.57,3.54
4667,3.55,3.53
4668,3.54,3.52
4669,3.52,3.51
4670,3.51,3.49
4671,3.50,3.50
4673,3.51,3.52
4674,3.54,3.56
4675,3.57,3.58
4676,3.59,3.59
4677,3.60,3.59
4678,3.60,3.58
4679,3.59,3.57
4680,3.58,3.56
4682,3.57,3.55
4683,3.56,3.54
4684,3.54,3.52
4685,3.53,3.51
4686,3.51,3.50
4687,3.50,3.49
4688,3.50,3.51
4689,3.52,3.54
4691,3.55,3.57
4692,3.58,3.59
4694,3.60,3.59
4695,3.60,3.59
4696,3.60,3.58
4697,3.59,3.56
4698,3.58,3.55
4699,3.56,3.54
4701,3.55,3.53
4702,3.54,3.51
4703,3.52,3.50
4704,3.51,3.49
4705,3.50,3.50
4706,3.51,3.52
4707,3.54,3.56
4708,3.57,3.58
4710,3.59,3.59
4711,3.60,3.59
4712,3.60,3.58
4713,3.59,3.57
4714,3.58,3.56
4715,3.57,3.55
4716,3.56,3.54
4717,3.54,3.52
4719,3.53,3.51
4720,3.51,3.49
4721,3.50,3.50
4722,3.50,3.51
4723,3.53,3.54
4724,3.56,3.57
4725,3.58,3.59
4726,3.60,3.59
4728,3.60,3.58
4729,3.60,3.58
4730,3.59,3.57
4731,3.58,3.55
4732,3.56,3.54
4733,3.55,3.53
4734,3.53,3.52
4736,3.52,3.50
4738,3.51,3.49
4739,3.50,3.50
4740,3.51,3.53
4741,3.54,3.56
4742,3.57,3.58
4743,3.59,3.59
4744,3.60,3.59
4745,3.60,3.58
4747,3.59,3.57
4748,3.58,3.56
4749,3.57,3.55
4750,3.56,3.54
4751,3.54,3.52
4752,3.53,3.51
4753,3.51,3.49
4754,3.50,3.49
4756,3.51,3.51
4757,3.53,3.54
4758,3.56,3.57
4759,3.59,3.59
4760,3.60,3.59
4761,3.60,3.59
4762,3.59,3.58
4763,3.59,3.57
4765,3.57,3.56
4766,3.56,3.54
4767,3.55,3.53
4768,3.53,3.51
4769,3.52,3.50
4770,3.50,3.49
4771,3.50,3.50
4772,3.52,3.53
4774,3.55,3.56
4775,3.58,3.58
4776,3.59,3.59
4777,3.60,3.59
4779,3.60,3.58
4780,3.59,3.57
4781,3.58,3.56
4782,3.57,3.55
4784,3.55,3.53
4785,3.54,3.52
4786,3.52,3.51
4787,3.51,3.50
4788,3.50,3.50
4789,3.51,3.52
4790,3.53,3.55
4791,3.56,3.58
4793,3.58,3.59
4794,3.60,3.59
4795,3.60,3.58
4796,3.59,3.57
4797,3.58,3.57
4798,3.57,3.55
4799,3.56,3.54
4801,3.54,3.53
4802,3.53,3.51
4803,3.52,3.50
4804,3.50,3.49
4805,3.50,3.51
4806,3.52,3.53
4807,3.55,3.57
4808,3.58,3.59
4810,3.59,3.59
4811,3.60,3.59
4812,3.59,3.58
4813,3.59,3.57
4814,3.58,3.56
4815,3.56,3.55
4816,3.55,3.53
4817,3.54,3.52
4819,3.52,3.50
4820,3.51,3.49
4822,3.50,3.50
4823,3.51,3.52
4824,3.53,3.55
4825,3.56,3.58
4826,3.59,3.59
4827,3.60,3.59
4829,3.60,3.59
4830,3.59,3.57
4831,3.58,3.56
4832,3.57,3.55
4833,3.56,3.54
4834,3.54,3.52
4835,3.53,3.51
4836,3.51,3.50
4838,3.50,3.49
4839,3.50,3.51
4840,3.52,3.53
4841,3.55,3.57
4842,3.58,3.59
4843,3.59,3.59
4844,3.59,3.59
4845,3.59,3.58
4847,3.58,3.57
4848,3.57,3.56
4849,3.56,3.54
4850,3.55,3.53
4851,3.53,3.52
4852,3.52,3.50
4853,3.50,3.49
4854,3.49,3.50
4856,3.51,3.52
4857,3.53,3.55
4858,3.56,3.58
4859,3.58,3.59
4860,3.59,3.59
4861,3.59,3.58
4862,3.59,3.57
4864,3.58,3.56
4866,3.57,3.55
4867,3.55,3.54
4868,3.54,3.52
4869,3.52,3.51
4870,3.51,3.49
4871,3.50,3.49
4872,3.50,3.51
4873,3.52,3.54
4875,3.55,3.57
4876,3.58,3.59
4877,3.59,3.59
4878,3.59,3.59
4879,3.59,3.58
4880,3.58,3.57
4881,3.57,3.55
4882,3.56,3.54
4884,3.54,3.53
4885,3.53,3.51
4886,3.51,3.50
4887,3.50,3.49
4888,3.49,3.50
4889,3.51,3.52
4890,3.53,3.56
4891,3.56,3.58
4893,3.58,3.59
4894,3.59,3.59
4895,3.59,3.58
4896,3.58,3.57
4897,3.57,3.56
4898,3.56,3.54
4899,3.55,3.53
4900,3.53,3.52
4902,3.52,3.51
4903,3.51,3.49
4904,3.49,3.49
4905,3.50,3.51
4907,3.52,3.54
4908,3.55,3.57
4909,3.58,3.58
4910,3.59,3.59
4912,3.59,3.58
4913,3.59,3.58
4914,3.58,3.56
4915,3.57,3.55
4916,3.55,3.54
4917,3.54,3.53
4918,3.53,3.51
4919,3.51,3.50
4921,3.50,3.49
4922,3.49,3.50
4923,3.51,3.52
4924,3.53,3.56
4925,3.56,3.58
4926,3.58,3.59
4927,3.59,3.59
4928,3.59,3.58
4930,3.58,3.57
4931,3.57,3.56
4932,3.56,3.54
4933,3.55,3.53
4934,3.53,3.52
4935,3.52,3.51
4936,3.50,3.49
4937,3.49,3.49
4939,3.50,3.51
4940,3.52,3.54
4941,3.55,3.57
4942,3.58,3.58
4943,3.59,3.59
4944,3.59,3.58
4945,3.58,3.57
4946,3.57,3.56
4948,3.56,3.55
4950,3.55,3.54
4951,3.54,3.52
4952,3.52,3.51
4953,3.51,3.50
4954,3.49,3.49
4955,3.49,3.50
4957,3.51,3.53
4958,3.54,3.56
4959,3.56,3.58
4960,3.58,3.58
4961,3.59,3.58
4962,3.58,3.57
4963,3.58,3.56
4964,3.57,3.55
4966,3.55,3.54
4967,3.54,3.53
4968,3.53,3.51
4969,3.51,3.50
4970,3.50,3.49
4971,3.49,3.49
4972,3.50,3.51
4973,3.52,3.55
4975,3.55,3.57
4976,3.58,3.58
4977,3.59,3.58
4978,3.59,3.58
4979,3.58,3.57
4980,3.57,3.56
4981,3.56,3.55
4982,3.55,3.53
4984,3.53,3.52
4985,3.52,3.51
4986,3.51,3.49
4987,3.49,3.49
4988,3.49,3.50
4989,3.51,3.53
4990,3.54,3.56
4992,3.57,3.58
4994,3.58,3.58
4995,3.59,3.58
4996,3.58,3.57
4997,3.58,3.56
4998,3.56,3.55
4999,3.55,3.54
5000,3.54,3.53
5001,3.53,3.51
5003,3.51,3.50
5004,3.50,3.49
5005,3.49,3.50
5006,3.50,3.52
5007,3.52,3.55
5008,3.56,3.57
5009,3.58,3.58
5010,3.58,3.58
5012,3.59,3.57
5013,3.58,3.57
5014,3.57,3.56
5015,3.56,3.54
5016,3.55,3.53
5017,3.53,3.52
5018,3.52,3.51
5019,3.50,3.49
5021,3.49,3.49
5022,3.49,3.51
5023,3.51,3.54
5024,3.54,3.57
5025,3.57,3.58
5026,3.58,3.59
5027,3.59,3.58
5028,3.58,3.57
5030,3.58,3.56
5031,3.56,3.55
5032,3.55,3.54
5033,3.54,3.53
5035,3.52,3.51
5036,3.51,3.50
5037,3.50,3.49
5038,3.49,3.50
5040,3.50,3.52
5041,3.53,3.55
5042,3.56,3.58
5043,3.58,3.59
5044,3.58,3.58
5045,3.58,3.58
5046,3.58,3.57
5047,3.57,3.56
5049,3.56,3.54
5050,3.54,3.53
5051,3.53,3.52
5052,3.52,3.50
5053,3.50,3.49
5054,3.49,3.49
5055,3.49,3.51
5056,3.51,3.54
5058,3.54,3.56
5059,3.57,3.58
5060,3.58,3.58
5061,3.58,3.58
5062,3.58,3.57
5063,3.57,3.56
5064,3.56,3.55
5065,3.55,3.53
5067,3.53,3.52
5068,3.52,3.51
5069,3.51,3.49
5070,3.49,3.48
5071,3.49,3.50
5072,3.50,3.52
5073,3.53,3.55
5074,3.56,3.58
5076,3.58,3.58
5078,3.58,3.58
5079,3.58,3.57
5080,3.57,3.57
5081,3.56,3.55
5082,3.55,3.54
5083,3.54,3.53
5084,3.53,3.51
5086,3.51,3.50
5087,3.50,3.49
5088,3.49,3.49
5089,3.49,3.51
5090,3.52,3.54
5091,3.55,3.57
5092,3.57,3.58
5093,3.58,3.58
5095,3.59,3.58
5096,3.58,3.57
5097,3.57,3.56
5098,3.56,3.54
5099,3.55,3.53
5100,3.54,3.52
5101,3.52,3.51
5102,3.51,3.50
5104,3.49,3.49
5105,3.49,3.50
5106,3.51,3.53
5107,3.54,3.56
5108,3.57,3.58
5109,3.59,3.59
5110,3.59,3.58
5111,3.59,3.58
5113,3.58,3.57
5114,3.57,3.55
5115,3.56,3.54
5116,3.55,3.53
5117,3.53,3.51
5118,3.52,3.50
5120,3.50,3.49
5121,3.50,3.50
5123,3.51,3.53
5124,3.53,3.55
5125,3.57,3.58
5126,3.59,3.59
5127,3.60,3.59
5128,3.59,3.58
5129,3.59,3.57
5131,3.58,3.56
5132,3.57,3.55
5133,3.56,3.53
5134,3.54,3.52
5135,3.53,3.51
5136,3.51,3.50
5137,3.50,3.49
5138,3.50,3.51
5140,3.53,3.54
5141,3.56,3.57
5142,3.59,3.59
5143,3.60,3.59
5144,3.60,3.59
5145,3.60,3.58
5146,3.59,3.56
5147,3.58,3.56
5149,3.57,3.54
5150,3.55,3.53
5151,3.54,3.52
5152,3.52,3.50
5153,3.51,3.49
5154,3.50,3.50
5155,3.52,3.53
5156,3.55,3.56
5158,3.58,3.59
5159,3.60,3.59
5160,3.61,3.59
5161,3.61,3.59
5163,3.60,3.58
5164,3.59,3.57
5165,3.58,3.55
5166,3.56,3.54
5168,3.55,3.53
5169,3.53,3.51
5170,3.52,3.50
5171,3.51,3.50
5172,3.51,3.52
5173,3.54,3.55
5174,3.57,3.58
5175,3.60,3.59
5177,3.61,3.59
5178,3.61,3.59
5179,3.60,3.58
5180,3.59,3.57
5181,3.58,3.56
5182,3.57,3.54
5183,3.56,3.53
5184,3.54,3.52
5186,3.52,3.51
5187,3.51,3.50
5188,3.51,3.51
5189,3.52,3.53
5190,3.55,3.57
5191,3.59,3.59
5192,3.60,3.59
5193,3.61,3.59
5195,3.61,3.59
5196,3.60,3.58
5197,3.59,3.56
5198,3.58,3.55
5199,3.56,3.54
5200,3.55,3.53
5201,3.53,3.51
5202,3.52,3.50
5204,3.51,3.49
5206,3.51,3.52
5207,3.54,3.55
5208,3.57,3.58
5209,3.60,3.59
5210,3.61,3.59
5211,3.61,3.59
5212,3.60,3.58
5214,3.59,3.57
5215,3.58,3.56
5216,3.57,3.54
5217,3.56,3.53
5218,3.54,3.52
5219,3.52,3.50
5220,3.51,3.50
5221,3.51,3.51
5223,3.52,3.54
5224,3.55,3.57
5225,3.58,3.59
5226,3.60,3.59
5227,3.60,3.59
5228,3.60,3.58
5229,3.59,3.57
5230,3.58,3.56
5232,3.57,3.55
5233,3.56,3.54
5234,3.54,3.52
5235,3.53,3.51
5236,3.51,3.50
5237,3.50,3.50
5238,3.51,3.52
5239,3.53,3.55
5241,3.57,3.58
5242,3.59,3.59
5243,3.60,3.59
5244,3.60,3.58
5245,3.60,3.58
5246,3.59,3.57
5248,3.58,3.55
5249,3.56,3.54
5251,3.55,3.53
5252,3.53,3.51
5253,3.52,3.50
5254,3.50,3.49
5255,3.50,3.51
5256,3.52,3.53
5257,3.55,3.57
5258,3.58,3.59
5260,3.60,3.59
5261,3.60,3.59
5262,3.60,3.58
5263,3.59,3.57
5264,3.58,3.56
5265,3.57,3.55
5266,3.55,3.53
5267,3.54,3.52
5269,3.52,3.51
5270,3.51,3.50
5271,3.50,3.50
5272,3.51,3.52
5273,3.53,3.55
5274,3.57,3.58
5275,3.59,3.59
5276,3.60,3.59
5278,3.60,3.58
5279,3.59,3.58
5280,3.58,3.57
5281,3.57,3.55
5282,3.56,3.54
5283,3.55,3.52
5284,3.53,3.51
5285,3.52,3.50
5287,3.50,3.49
5288,3.50,3.51
5289,3.52,3.54
5291,3.55,3.57
5292,3.58,3.59
5293,3.59,3.59
5294,3.60,3.59
5295,3.59,3.58
5297,3.59,3.57
5298,3.58,3.56
5299,3.56,3.55
5300,3.55,3.53
5301,3.53,3.52
5302,3.52,3.50
5303,3.50,3.49
5304,3.50,3.50
5306,3.51,3.52
5307,3.53,3.55
5308,3.57,3.58
5309,3.59,3.59
5310,3.60,3.59
5311,3.60,3.59
5312,3.59,3.58
5313,3.58,3.57
5315,3.57,3.55
5316,3.56,3.54
5317,3.54,3.53
5318,3.53,3.51
5319,3.51,3.50
5320,3.50,3.50
5321,3.50,3.51
5322,3.52,3.54
5324,3.55,3.58
5325,3.58,3.59
5326,3.60,3.59
5327,3.60,3.59
5328,3.60,3.58
5329,3.59,3.57
5330,3.58,3.56
5331,3.57,3.55
5334,3.55,3.53
5335,3.54,3.52
5336,3.52,3.51
5337,3.51,3.50
5338,3.50,3.51
5339,3.51,3.53
5340,3.54,3.56
5341,3.57,3.59
5343,3.59,3.60
5344,3.60,3.59
5345,3.60,3.59
5346,3.59,3.58
5347,3.58,3.57
5348,3.57,3.55
5349,3.56,3.54
5350,3.54,3.53
5352,3.53,3.51
5353,3.51,3.50
5354,3.50,3.50
5355,3.51,3.52
5356,3.53,3.55
5357,3.56,3.58
5358,3.59,3.59
5359,3.60,3.60
5361,3.60,3.59
5362,3.60,3.59
5363,3.59,3.58
5364,3.58,3.56
5365,3.57,3.55
5366,3.55,3.54
5367,3.54,3.52
5368,3.52,3.51
5370,3.51,3.50
5371,3.50,3.51
5372,3.52,3.53
5373,3.54,3.57
5374,3.58,3.59
5376,3.60,3.60
5377,3.60,3.60
5378,3.60,3.59
5380,3.59,3.58
5381,3.58,3.57
5382,3.57,3.56
5383,3.56,3.54
5384,3.54,3.53
5385,3.53,3.51
5386,3.51,3.50
5387,3.50,3.50
5389,3.51,3.52
5390,3.53,3.55
5391,3.56,3.58
5392,3.59,3.60
5393,3.60,3.60
5394,3.60,3.59
5395,3.60,3.59
5396,3.59,3.58
5398,3.58,3.56
5399,3.56,3.55
5400,3.55,3.54
5401,3.54,3.52
5402,3.52,3.51
5403,3.51,3.50
5404,3.50,3.51
5405,3.52,3.54
5407,3.54,3.57
5408,3.58,3.59
5409,3.60,3.60
5410,3.60,3.60
5411,3.60,3.59
5412,3.59,3.58
5413,3.58,3.57
5414,3.57,3.56
5416,3.56,3.54
5417,3.54,3.53
5419,3.53,3.51
5420,3.51,3.50
5421,3.50,3.50
5422,3.50,3.52
5423,3.53,3.55
5424,3.56,3.58
5426,3.58,3.59
5427,3.59,3.60
5428,3.60,3.59
5429,3.59,3.58
5430,3.58,3.57
5431,3.57,3.56
5432,3.56,3.54
5433,3.54,3.53
5435,3.53,3.52
5436,3.51,3.50
5437,3.50,3.49
5438,3.49,3.51
5439,3.51,3.53
5440,3.54,3.57
5441,3.57,3.59
5442,3.58,3.59
5444,3.59,3.59
5445,3.59,3.58
5446,3.58,3.57
5447,3.57,3.56
5448,3.56,3.55
5449,3.54,3.53
5450,3.53,3.52
5451,3.52,3.51
5453,3.50,3.49
5454,3.49,3.50
5455,3.50,3.52
5456,3.52,3.55
5457,3.55,3.58
5458,3.57,3.59
5459,3.58,3.59
5460,3.58,3.58
5463,3.58,3.57
5464,3.57,3.56
5465,3.56,3.55
5466,3.54,3.54
5467,3.53,3.52
5468,3.52,3.51
5469,3.50,3.50
5470,3.49,3.49
5472,3.49,3.51
5473,3.50,3.53
5474,3.53,3.56
5475,3.56,3.58
5476,3.57,3.58
5477,3.58,3.58
5478,3.58,3.57
5479,3.57,3.56
5481,3.56,3.55
5482,3.55,3.54
5483,3.53,3.52
5484,3.52,3.51
5485,3.51,3.50
5486,3.49,3.49
5487,3.48,3.49
5488,3.49,3.51
5490,3.51,3.54
5491,3.54,3.57
5492,3.56,3.58
5493,3.57,3.58
5494,3.57,3.57
5495,3.57,3.56
5496,3.56,3.55
5497,3.55,3.54
5499,3.54,3.53
5500,3.52,3.51
5501,3.51,3.50
5502,3.49,3.49
5504,3.48,3.48
5505,3.48,3.50
5506,3.49,3.52
5507,3.52,3.56
5509,3.55,3.57
5510,3.56,3.58
5511,3.57,3.57
5512,3.56,3.56
5513,3.56,3.55
5514,3.55,3.54
5515,3.54,3.53
5516,3.53,3.51
5518,3.51,3.50
5519,3.50,3.49
5520,3.48,3.48
5521,3.48,3.48
5522,3.48,3.50
5523,3.50,3.54
5524,3.53,3.56
5525,3.55,3.57
5527,3.56,3.57
5528,3.56,3.56
5529,3.56,3.55
5530,3.55,3.54
5531,3.54,3.53
5532,3.52,3.52
5533,3.51,3.50
5534,3.50,3.49
5536,3.48,3.48
5537,3.48,3.48
5538,3.47,3.49
5539,3.48,3.52
5540,3.51,3.55
5541,3.54,3.56
5542,3.55,3.56
5543,3.56,3.56
5545,3.55,3.55
5547,3.55,3.54
5548,3.54,3.53
5549,3.52,3.52
5550,3.51,3.50
5551,3.50,3.49
5552,3.49,3.48
5553,3.48,3.47
5555,3.47,3.48
5556,3.48,3.50
5557,3.50,3.54
5558,3.53,3.56
5559,3.56,3.57
5560,3.57,3.57
5561,3.57,3.56
5562,3.56,3.55
5564,3.55,3.54
5565,3.54,3.53
5566,3.53,3.52
5567,3.52,3.50
5568,3.50,3.49
5569,3.49,3.48
5570,3.48,3.48
5571,3.49,3.50
5573,3.51,3.53
5574,3.54,3.56
5575,3.57,3.57
5576,3.58,3.58
5577,3.58,3.57
5578,3.58,3.56
5579,3.57,3.55
5580,3.56,3.54
5582,3.55,3.53
5583,3.54,3.51
5584,3.52,3.50
5585,3.51,3.49
5586,3.49,3.48
5587,3.50,3.50
5588,3.51,3.54
5590,3.55,3.56
5592,3.58,3.58
5593,3.59,3.59
5594,3.60,3.58
5595,3.60,3.58
5596,3.59,3.57
5597,3.58,3.56
5598,3.57,3.54
5599,3.55,3.53
5601,3.54,3.51
5602,3.53,3.50
5603,3.51,3.49
5604,3.50,3.50
5605,3.51,3.52
5606,3.54,3.55
5607,3.57,3.58
5608,3.59,3.59
5610,3.60,3.59
5611,3.61,3.59
5612,3.60,3.57
5613,3.59,3.56
5614,3.58,3.55
5615,3.57,3.54
5616,3.55,3.53
5617,3.54,3.51
5619,3.52,3.50
5620,3.51,3.50
5621,3.51,3.51
5622,3.53,3.55
5623,3.56,3.57
5624,3.59,3.59
5625,3.61,3.59
5626,3.61,3.59
5628,3.61,3.58
5629,3.60,3.57
5630,3.59,3.56
5632,3.57,3.55
5633,3.56,3.53
5634,3.55,3.52
5635,3.53,3.51
5636,3.51,3.50
5638,3.51,3.50
5639,3.52,3.53
5640,3.55,3.56
5641,3.58,3.59
5642,3.60,3.60
5643,3.61,3.60
5644,3.61,3.59
5645,3.60,3.58
5647,3.59,3.57
5648,3.58,3.56
5649,3.57,3.54
5650,3.55,3.53
5651,3.54,3.52
5652,3.52,3.50
5653,3.51,3.50
5654,3.52,3.52
5656,3.54,3.55
5657,3.57,3.58
5658,3.60,3.60
5659,3.61,3.60
5660,3.62,3.59
5661,3.61,3.59
5662,3.60,3.58
5663,3.59,3.56
5665,3.58,3.55
5666,3.57,3.54
5667,3.55,3.52
5668,3.53,3.51
5669,3.52,3.50
5670,3.52,3.51
5671,3.53,3.54
5672,3.56,3.57
5675,3.59,3.60
5676,3.61,3.60
5677,3.62,3.60
5678,3.62,3.60
5679,3.61,3.59
5680,3.60,3.57
5681,3.59,3.56
5682,3.57,3.54
5684,3.56,3.53
5685,3.54,3.52
5686,3.53,3.51
5687,3.52,3.51
5688,3.52,3.53
5689,3.55,3.56
5690,3.58,3.59
5691,3.61,3.60
5693,3.62,3.60
5694,3.62,3.60
5695,3.61,3.59
5696,3.60,3.58
5697,3.59,3.56
5698,3.58,3.55
5699,3.57,3.54
5700,3.55,3.52
5702,3.53,3.51
5703,3.52,3.50
5704,3.52,3.52
5705,3.53,3.54
5706,3.55,3.56
5707,3.58,3.58
5708,3.60,3.59
5709,3.60,3.58
5711,3.59,3.58
5712,3.59,3.56
5713,3.57,3.55
5714,3.56,3.54
5715,3.55,3.53
5716,3.53,3.51
5718,3.52,3.50
5719,3.50,3.49
5721,3.49,3.48
5722,3.49,3.50
5723,3.50,3.50
5724,3.50,3.51
5725,3.50,3.51
5726,3.50,3.50
5727,3.49,3.49
5728,3.48,3.48
5730,3.47,3.48
5731,3.46,3.46
5732,3.44,3.45
5733,3.42,3.44
5734,3.41,3.42
5735,3.39,3.40
5736,3.37,3.39
5737,3.37,3.40
5739,3.37,3.41
5740,3.38,3.43
5741,3.40,3.44
5742,3.41,3.43
5743,3.41,3.43
5744,3.41,3.42
5745,3.40,3.41
5747,3.39,3.39
5748,3.38,3.38
5749,3.37,3.36
5750,3.35,3.35
5751,3.34,3.34
5752,3.33,3.33
5753,3.32,3.34
5754,3.33,3.36
5756,3.35,3.39
5757,3.38,3.41
5758,3.40,3.42
5760,3.42,3.43
5761,3.42,3.42
5762,3.42,3.41
5763,3.41,3.40
5765,3.41,3.39
5766,3.40,3.38
5767,3.39,3.37
5768,3.38,3.36
5769,3.36,3.35
5770,3.35,3.35
5771,3.37,3.38
5772,3.39,3.42
5774,3.43,3.46
5775,3.47,3.48
5776,3.49,3.49
5777,3.50,3.49
5778,3.51,3.48
5779,3.51,3.48
5780,3.50,3.47
5781,3.50,3.47
5783,3.49,3.45
5784,3.48,3.44
5785,3.47,3.43
5786,3.45,3.43
5787,3.46,3.45
5788,3.48,3.48
5789,3.51,3.52
5790,3.55,3.55
5792,3.58,3.56
5793,3.59,3.57
5794,3.59,3.56
5795,3.59,3.56
5796,3.58,3.55
5797,3.57,3.54
5798,3.56,3.52
5799,3.55,3.51
5801,3.53,3.50
5803,3.52,3.49
5804,3.51,3.50
5805,3.53,3.53
5806,3.56,3.56
5807,3.60,3.60
5808,3.63,3.61
5809,3.64,3.61
5811,3.65,3.61
5812,3.64,3.61
5813,3.64,3.61
5814,3.64,3.60
5815,3.62,3.58
5816,3.61,3.57
5817,3.60,3.56
5818,3.58,3.54
5820,3.57,3.55
5821,3.59,3.57
5822,3.61,3.61
5823,3.65,3.65
5824,3.69,3.67
5825,3.71,3.68
5826,3.72,3.70
5828,3.74,3.72
5829,3.78,3.75
5830,3.82,3.79
5831,3.86,3.82
5832,3.90,3.86
5833,3.94,3.90
5834,3.99,3.93
5835,4.03,3.96
5837,4.08,4.00
5838,4.13,4.04
5839,4.17,4.08
5840,4.21,4.12
5841,4.25,4.15
5842,4.30,4.19
5843,4.34,4.22
5844,4.37,4.25
5847,4.41,4.28
5848,4.44,4.31
5849,4.47,4.34
5850,4.50,4.36
5851,4.53,4.39
5852,4.56,4.41
5853,4.58,4.43
5854,4.60,4.45
5856,4.63,4.47
5857,4.65,4.49
5858,4.67,4.51
5859,4.68,4.53
5860,4.69,4.55
5861,4.70,4.56
5862,4.71,4.57
5863,4.72,4.58
5865,4.72,4.58
5866,4.72,4.59
5867,4.72,4.60
5868,4.72,4.60
5869,4.71,4.61
5870,4.71,4.61
5871,4.70,4.61
5872,4.69,4.61
5874,4.68,4.61
5875,4.68,4.61
5876,4.66,4.61
5877,4.65,4.61
5878,4.64,4.61
5879,4.63,4.61
5880,4.62,4.61
5881,4.61,4.61
5883,4.59,4.61
5884,4.58,4.61
5885,4.57,4.60
5886,4.56,4.60
5888,4.55,4.60
5889,4.54,4.60
5890,4.52,4.60
5891,4.51,4.59
5893,4.50,4.59
5894,4.49,4.59
5895,4.48,4.59
5896,4.47,4.59
5897,4.46,4.59
5898,4.45,4.59
5899,4.44,4.59
5900,4.43,4.59
5902,4.42,4.59
5903,4.41,4.59
5904,4.41,4.59
5905,4.40,4.59
5906,4.39,4.59
5907,4.38,4.59
5908,4.38,4.59
5909,4.37,4.59
5911,4.37,4.60
5912,4.36,4.60
5913,4.36,4.60
5914,4.35,4.60
5915,4.35,4.61
5916,4.35,4.61
5917,4.35,4.61
5918,4.34,4.61
5920,4.34,4.62
5921,4.34,4.62
5922,4.34,4.62
5923,4.33,4.63
5924,4.33,4.63
5925,4.33,4.64
5926,4.33,4.64
5928,4.33,4.64
5929,4.32,4.65
5931,4.32,4.65
5932,4.32,4.65
5933,4.32,4.66
5934,4.32,4.66
5935,4.32,4.67
5936,4.31,4.67
5938,4.31,4.67
5939,4.31,4.68
5940,4.31,4.68
5941,4.31,4.69
5942,4.31,4.69
5943,4.31,4.69
5944,4.31,4.70
5945,4.31,4.70
5947,4.30,4.71
5948,4.30,4.71
5949,4.30,4.71
5950,4.30,4.72
5951,4.30,4.72
5952,4.30,4.73
5953,4.30,4.73
5954,4.30,4.74
5956,4.30,4.74
5957,4.30,4.75
5958,4.30,4.75
5959,4.29,4.75
5960,4.29,4.76
5961,4.29,4.76
5962,4.29,4.77
5963,4.29,4.77
5965,4.29,4.78
5966,4.29,4.78
5967,4.29,4.78
5968,4.29,4.78
5969,4.29,4.79
5970,4.29,4.79
5971,4.28,4.80
5974,4.28,4.80
5975,4.28,4.81
5976,4.28,4.81
5977,4.28,4.82
5978,4.28,4.82
5979,4.28,4.83
5980,4.28,4.83
5981,4.28,4.84
5983,4.28,4.84
5984,4.27,4.85
5985,4.27,4.85
5986,4.27,4.86
5987,4.27,4.86
5988,4.27,4.86
5989,4.27,4.87
5990,4.27,4.87
5992,4.27,4.88
5993,4.27,4.88
5994,4.26,4.88
5995,4.26,4.88
5996,4.26,4.89
5997,4.26,4.89
5998,4.26,4.89
5999,4.26,4.90
6001,4.26,4.90
6002,4.26,4.90
6003,4.26,4.90
6004,4.26,4.90
6005,4.25,4.91
6006,4.25,4.91
6007,4.25,4.91
6008,4.25,4.91
6010,4.25,4.91
6011,4.25,4.92
6012,4.25,4.92
6013,4.25,4.92
6014,4.24,4.92
6016,4.24,4.92
6017,4.24,4.92
6018,4.24,4.92
6020,4.24,4.93
6021,4.24,4.93
6022,4.24,4.93
6023,4.24,4.93
6024,4.24,4.93
6025,4.24,4.93
6026,4.23,4.93
6027,4.23,4.93
6029,4.23,4.94
6030,4.23,4.94
6031,4.23,4.94
6032,4.23,4.94
6033,4.23,4.94
6034,4.23,4.94
6035,4.23,4.94
6036,4.23,4.94
6038,4.23,4.94
6039,4.22,4.94
6040,4.22,4.94
6041,4.22,4.94
6042,4.22,4.95
6043,4.22,4.95
6044,4.22,4.95
6045,4.22,4.95
6047,4.22,4.95
6048,4.22,4.95
6049,4.22,4.95
6050,4.22,4.95
6051,4.22,4.95
6052,4.22,4.95
6053,4.22,4.95
6054,4.22,4.95
6056,4.22,4.95
6057,4.22,4.95
6059,4.21,4.96
6060,4.21,4.95
6061,4.21,4.96
6062,4.21,4.95
6063,4.21,4.96
6065,4.21,4.96
6066,4.21,4.96
6067,4.21,4.96
6068,4.21,4.96
6069,4.21,4.96
6070,4.21,4.96
6071,4.21,4.96
6072,4.21,4.96
6074,4.21,4.96
6075,4.21,4.96
6076,4.21,4.96
6077,4.21,4.96
6078,4.21,4.96
6079,4.21,4.96
6080,4.20,4.96
6082,4.20,4.96
6083,4.20,4.96
6084,4.20,4.96
6085,4.20,4.96
6086,4.20,4.96
6087,4.20,4.96
6088,4.20,4.96
6089,4.20,4.96
6090,4.20,4.97
6092,4.20,4.97
6093,4.20,4.96
6094,4.20,4.96
6095,4.20,4.96
6096,4.20,4.96
6097,4.20,4.96
6098,4.20,4.96
6099,4.20,4.96
6102,4.20,4.96
6103,4.20,4.97
6104,4.20,4.97
6105,4.20,4.96
6106,4.20,4.97
6107,4.20,4.97
6108,4.20,4.97
6109,4.20,4.97
6111,4.20,4.97
6112,4.20,4.97
6113,4.20,4.97
6114,4.20,4.97
6115,4.19,4.97
6116,4.19,4.97
6117,4.20,4.97
6119,4.19,4.97
6120,4.19,4.97
6121,4.19,4.97
6122,4.19,4.97
6123,4.19,4.97
6124,4.19,4.97
6125,4.19,4.97
6126,4.19,4.97
6128,4.19,4.97
6129,4.19,4.97
6130,4.19,4.97
6131,4.19,4.97
6132,4.19,4.97
6133,4.19,4.97
6134,4.19,4.97
6136,4.19,4.97
6137,4.19,4.97
6138,4.19,4.97
6139,4.19,4.97
6140,4.19,4.97
6141,4.19,4.97
6142,4.19,4.97
6144,4.19,4.97
6146,4.19,4.97
6147,4.19,4.97
6148,4.19,4.97
6149,4.19,4.97
6150,4.19,4.97
6151,4.19,4.97
6152,4.19,4.97
6154,4.19,4.97
6155,4.19,4.97
6156,4.19,4.97
6157,4.19,4.97
6158,4.19,4.96
6159,4.19,4.97
6160,4.19,4.97
6161,4.19,4.97
6163,4.19,4.97
6164,4.19,4.97
6165,4.19,4.96
6166,4.19,4.96
6167,4.19,4.96
6168,4.19,4.96
6169,4.19,4.96
6170,4.19,4.96
6172,4.19,4.95
6173,4.19,4.95
6174,4.19,4.95
6175,4.19,4.95
6176,4.19,4.95
6177,4.19,4.95
6178,4.19,4.94
6180,4.19,4.94
6181,4.19,4.94
6182,4.19,4.94
6183,4.18,4.93
6184,4.18,4.93
6185,4.18,4.93
6187,4.18,4.93
6188,4.18,4.93
6190,4.18,4.92
6191,4.18,4.92
6192,4.18,4.92
6193,4.18,4.92
6194,4.18,4.92
6195,4.18,4.91
6196,4.18,4.91
6197,4.18,4.91
6199,4.18,4.90
6200,4.18,4.90
6201,4.18,4.90
6202,4.18,4.89
6203,4.18,4.89
6204,4.18,4.89
6205,4.18,4.89
6206,4.18,4.88
6208,4.18,4.88
6209,4.18,4.88
6210,4.18,4.87
6211,4.18,4.87
6212,4.18,4.87
6213,4.18,4.86
6214,4.17,4.86
6215,4.18,4.85
6217,4.18,4.85
6218,4.17,4.84
6219,4.17,4.84
6220,4.17,4.83
6221,4.17,4.83
6222,4.17,4.83
6223,4.17,4.82
6224,4.17,4.81
6226,4.17,4.81
6227,4.17,4.81
6228,4.17,4.80
6230,4.17,4.80
6231,4.17,4.79
6232,4.17,4.78
6233,4.17,4.78
6234,4.17,4.78
6236,4.17,4.77
6237,4.17,4.77
6238,4.17,4.76
6239,4.17,4.75
6240,4.17,4.75
6241,4.16,4.74
6242,4.16,4.74
6244,4.16,4.73
6245,4.16,4.73
6246,4.16,4.72
6247,4.16,4.71
6248,4.16,4.71
6249,4.16,4.70
6250,4.16,4.69
6251,4.16,4.69
6253,4.16,4.68
6254,4.16,4.67
6255,4.16,4.67
6256,4.16,4.66
6257,4.16,4.66
6258,4.16,4.65
6259,4.16,4.64
6260,4.16,4.64
6262,4.15,4.63
6263,4.15,4.63
6264,4.15,4.62
6265,4.15,4.61
6266,4.15,4.61
6267,4.15,4.60
6268,4.15,4.59
6269,4.15,4.59
6272,4.15,4.58
6273,4.15,4.58
6274,4.15,4.57
6275,4.15,4.57
6276,4.15,4.56
6277,4.15,4.55
6278,4.15,4.55
6279,4.15,4.54
6281,4.15,4.54
6282,4.15,4.53
6283,4.15,4.53
6284,4.15,4.52
6285,4.14,4.52
6286,4.14,4.51
6287,4.14,4.51
6288,4.14,4.50
6290,4.14,4.49
6291,4.14,4.49
6292,4.14,4.48
6293,4.15,4.48
6294,4.14,4.47
6295,4.14,4.47
6296,4.14,4.46
6298,4.14,4.46
6299,4.14,4.45
6300,4.14,4.45
6301,4.14,4.44
6302,4.14,4.44
6303,4.14,4.43
6304,4.14,4.43
6305,4.14,4.42
6307,4.14,4.42
6308,4.14,4.41
6309,4.14,4.41
6310,4.14,4.40
6311,4.14,4.40
6312,4.14,4.39
6313,4.14,4.39
6315,4.14,4.38
6317,4.14,4.38
6318,4.14,4.38
6319,4.14,4.37
6320,4.14,4.37
6321,4.14,4.36
6322,4.14,4.36
6323,4.14,4.35
6324,4.14,4.35
6326,4.14,4.35
6327,4.14,4.35
6328,4.14,4.34
6329,4.14,4.34
6330,4.14,4.34
6331,4.14,4.33
6332,4.14,4.33
6334,4.14,4.33
6335,4.14,4.32
6336,4.14,4.32
6337,4.14,4.31
6338,4.14,4.31
6339,4.14,4.31
6340,4.14,4.30
6341,4.14,4.30
6343,4.14,4.30
6344,4.14,4.29
6345,4.14,4.29
6346,4.14,4.29
6347,4.14,4.28
6348,4.14,4.28
6349,4.14,4.28
6351,4.14,4.27
6352,4.14,4.27
6353,4.14,4.27
6354,4.14,4.26
6355,4.14,4.26
6356,4.14,4.26
6358,4.14,4.25
6359,4.14,4.25
6361,4.14,4.25
6362,4.14,4.25
6363,4.14,4.25
6364,4.14,4.24
6365,4.14,4.24
6366,4.14,4.24
6367,4.14,4.23
6368,4.14,4.23
6370,4.14,4.23
6371,4.14,4.23
6372,4.14,4.22
6373,4.14,4.22
6374,4.14,4.22
6375,4.14,4.22
6376,4.14,4.21
6378,4.14,4.21
6379,4.14,4.21
6380,4.14,4.21
6381,4.14,4.21
6382,4.14,4.21
6383,4.14,4.20
6384,4.14,4.20
6385,4.14,4.20
6387,4.14,4.20
6388,4.14,4.20
6389,4.14,4.20
6390,4.14,4.19
6391,4.14,4.19
6392,4.14,4.19
6393,4.14,4.19
6394,4.14,4.19
6396,4.14,4.19
6397,4.14,4.19
6398,4.14,4.18
6400,4.14,4.18
6401,4.14,4.18
6402,4.14,4.18
6403,4.14,4.18
6405,4.14,4.18
6406,4.14,4.18
6407,4.14,4.17
6408,4.14,4.17
6409,4.14,4.17
6410,4.14,4.17
6411,4.14,4.17
6412,4.14,4.17
6414,4.14,4.17
6415,4.14,4.17
6416,4.14,4.17
6417,4.14,4.17
6418,4.14,4.17
6419,4.14,4.17
6420,4.14,4.17
6421,4.14,4.16
6423,4.14,4.16
6424,4.14,4.16
6425,4.14,4.16
6426,4.14,4.16
6427,4.14,4.16
6428,4.14,4.16
6429,4.14,4.16
6430,4.14,4.16
6432,4.14,4.16
6433,4.14,4.16
6434,4.14,4.16
6435,4.14,4.16
6436,4.14,4.16
6437,4.14,4.16
6438,4.14,4.16
6439,4.14,4.16
6441,4.14,4.16
6443,4.14,4.16
6444,4.14,4.16
6445,4.15,4.16
6446,4.14,4.16
6447,4.14,4.16
6448,4.14,4.16
6449,4.14,4.16
6451,4.14,4.15
6452,4.14,4.15
6453,4.15,4.16
6454,4.14,4.15
6455,4.14,4.15
6456,4.14,4.15
6457,4.14,4.15
6458,4.15,4.15
6460,4.14,4.15
6461,4.14,4.15
6462,4.14,4.15
6463,4.14,4.15
6464,4.14,4.15
6465,4.14,4.15
6466,4.14,4.15
6467,4.14,4.15
6469,4.14,4.15
6470,4.14,4.15
6471,4.14,4.15
6472,4.14,4.15
6473,4.14,4.15
6474,4.14,4.15
6475,4.14,4.15
6476,4.14,4.15
6478,4.14,4.15
6479,4.14,4.15
6480,4.14,4.15
6481,4.14,4.15
6482,4.14,4.15
6483,4.15,4.15
6484,4.14,4.15
6486,4.14,4.15
6488,4.14,4.15
6489,4.14,4.15
6490,4.14,4.15
6491,4.14,4.15
6492,4.14,4.15
6493,4.14,4.15
6494,4.14,4.15
6495,4.14,4.15
6497,4.14,4.15
6498,4.14,4.15
6499,4.14,4.15
6500,4.14,4.15
6501,4.14,4.15
6502,4.14,4.15
6503,4.14,4.15
6504,4.14,4.15
6506,4.14,4.15
6507,4.14,4.15
6508,4.14,4.15
6509,4.14,4.15
6510,4.14,4.15
6511,4.14,4.15
6512,4.14,4.15
6513,4.14,4.15
6515,4.14,4.15
6516,4.14,4.15
6517,4.14,4.15
6518,4.14,4.15
6519,4.14,4.15
6520,4.14,4.15
6521,4.14,4.15
6522,4.14,4.15
6524,4.14,4.15
6525,4.14,4.15
6526,4.14,4.15
6528,4.14,4.15
6529,4.14,4.15
6530,4.14,4.15
6531,4.14,4.15
6532,4.14,4.15
6534,4.14,4.15
6535,4.14,4.15
6536,4.14,4.15
6537,4.14,4.15
6538,4.14,4.15
6539,4.14,4.15
6540,4.14,4.15
6541,4.14,4.15
6543,4.14,4.15
6544,4.14,4.15
6545,4.14,4.15
6546,4.14,4.15
6547,4.14,4.15
6548,4.14,4.15
6549,4.14,4.15
6550,4.14,4.15
6552,4.14,4.15
6553,4.14,4.15
6554,4.14,4.15
6555,4.14,4.15
6556,4.14,4.15
6557,4.14,4.15
6558,4.14,4.15
6559,4.14,4.15
6561,4.14,4.15
6562,4.14,4.15
6563,4.14,4.15
6564,4.14,4.15
6565,4.14,4.15
6566,4.14,4.15
6567,4.14,4.15
6568,4.14,4.15
6571,4.14,4.15
6572,4.14,4.16
6573,4.14,4.15
6574,4.14,4.15
6575,4.14,4.15
6576,4.14,4.15
6577,4.14,4.16
6578,4.14,4.16
6580,4.14,4.16
6581,4.13,4.16
6582,4.13,4.16
6583,4.13,4.16
6584,4.13,4.16
6585,4.14,4.16
6586,4.13,4.16
6588,4.13,4.16
6589,4.13,4.16
6590,4.13,4.16
6591,4.13,4.16
6592,4.13,4.16
6593,4.13,4.16
6594,4.13,4.16
6595,4.13,4.16
6597,4.13,4.16
6598,4.13,4.16
6599,4.13,4.16
6600,4.13,4.16
6601,4.13,4.16
6602,4.13,4.16
6603,4.13,4.16
6604,4.13,4.16
6606,4.13,4.16
6607,4.13,4.16
6608,4.13,4.16
6609,4.13,4.16
6610,4.13,4.16
6611,4.13,4.16
6612,4.13,4.16
6615,4.13,4.16
6616,4.13,4.16
6617,4.13,4.16
6618,4.13,4.16
6619,4.13,4.16
6620,4.13,4.16
6621,4.13,4.16
6622,4.13,4.16
6624,4.13,4.16
6625,4.13,4.17
6626,4.13,4.16
6627,4.13,4.17
6628,4.13,4.17
6629,4.13,4.17
6630,4.13,4.17
6631,4.13,4.17
6633,4.13,4.17
6634,4.13,4.17
6635,4.13,4.17
6636,4.13,4.17
6637,4.13,4.17
6638,4.13,4.17
6639,4.13,4.17
6641,4.13,4.17
6642,4.13,4.17
6643,4.13,4.17
6644,4.13,4.17
6645,4.13,4.17
6646,4.13,4.17
6647,4.13,4.17
6648,4.13,4.17
6650,4.13,4.17
6651,4.13,4.17
6652,4.13,4.17
6653,4.13,4.17
6654,4.13,4.17
6656,4.13,4.17
6657,4.13,4.17
6659,4.13,4.17
6660,4.13,4.17
6661,4.13,4.17
6662,4.13,4.17
6663,4.13,4.17
6664,4.13,4.17
6665,4.13,4.17
6666,4.13,4.17
6668,4.13,4.17
6669,4.13,4.17
6670,4.13,4.17
6671,4.13,4.17
6672,4.13,4.17
6673,4.13,4.17
6674,4.13,4.17
6676,4.13,4.17
6677,4.13,4.17
6678,4.13,4.17
6679,4.13,4.17
6680,4.13,4.17
6681,4.13,4.17
6682,4.13,4.17
6683,4.13,4.17
6685,4.13,4.17
6686,4.13,4.17
6687,4.13,4.17
6688,4.13,4.17
6689,4.13,4.17
6690,4.13,4.17
6691,4.13,4.17
6693,4.13,4.17
6694,4.13,4.17
6695,4.13,4.16
6696,4.13,4.16
6697,4.13,4.16
6699,4.13,4.16
6700,4.13,4.16
6701,4.13,4.16
6703,4.13,4.16
6704,4.13,4.15
6705,4.13,4.15
6706,4.13,4.15
6707,4.13,4.15
6708,4.13,4.15
6709,4.13,4.15
6710,4.13,4.15
6712,4.12,4.15
6713,4.12,4.15
6714,4.12,4.15
6715,4.12,4.15
6716,4.12,4.15
6717,4.12,4.15
6718,4.12,4.15
6720,4.12,4.15
6721,4.12,4.15
6722,4.12,4.15
6723,4.12,4.15
6724,4.12,4.15
6725,4.12,4.15
6726,4.12,4.16
6727,4.12,4.16
6729,4.12,4.16
6730,4.12,4.16
6731,4.12,4.17
6732,4.12,4.17
6733,4.12,4.17
6734,4.12,4.17
6735,4.12,4.18
6737,4.12,4.18
6738,4.12,4.18
6739,4.12,4.19
6740,4.12,4.19
6742,4.12,4.19
6743,4.12,4.20
6744,4.12,4.20
6745,4.12,4.20
6747,4.12,4.21
6748,4.12,4.21
6749,4.12,4.22
6750,4.12,4.22
6751,4.12,4.22
6752,4.12,4.22
6753,4.12,4.23
6754,4.12,4.23
6756,4.12,4.24
6757,4.12,4.24
6758,4.12,4.24
6759,4.12,4.24
6760,4.12,4.25
6761,4.12,4.25
6762,4.12,4.25
6763,4.12,4.26
6765,4.12,4.26
6766,4.12,4.26
6767,4.12,4.27
6768,4.12,4.27
6769,4.12,4.27
6770,4.12,4.27
6771,4.12,4.28
6773,4.12,4.28
6774,4.12,4.28
6775,4.12,4.29
6776,4.12,4.29
6777,4.12,4.29
6778,4.12,4.29
6779,4.12,4.30
6780,4.12,4.30
6782,4.12,4.30
6784,4.12,4.30
6785,4.12,4.31
6786,4.12,4.31
6787,4.12,4.31
6788,4.12,4.31
6789,4.12,4.32
6790,4.12,4.32
6792,4.12,4.32
6793,4.12,4.32
6794,4.12,4.32
6795,4.12,4.33
6796,4.12,4.33
6797,4.12,4.33
6798,4.12,4.33
6800,4.12,4.34
6801,4.12,4.34
6802,4.11,4.34
6803,4.12,4.34
6804,4.12,4.34
6805,4.12,4.34
6806,4.12,4.35
6808,4.11,4.35
6809,4.11,4.35
6810,4.11,4.35
6811,4.11,4.35
6812,4.11,4.35
6813,4.11,4.35
6814,4.11,4.35
6816,4.11,4.35
6817,4.11,4.35
6818,4.11,4.36
6819,4.11,4.36
6820,4.11,4.36
6821,4.11,4.36
6822,4.11,4.36
6823,4.11,4.36
6825,4.11,4.37
6827,4.11,4.37
6828,4.11,4.37
6829,4.11,4.37
6830,4.11,4.37
6831,4.11,4.37
6832,4.11,4.38
6833,4.11,4.38
6835,4.11,4.38
6836,4.11,4.38
6837,4.11,4.38
6838,4.11,4.38
6839,4.11,4.39
6840,4.11,4.39
6841,4.11,4.39
6843,4.11,4.39
6844,4.11,4.39
6845,4.11,4.39
6846,4.11,4.40
6847,4.11,4.40
6848,4.11,4.40
6849,4.11,4.40
6850,4.11,4.40
6852,4.11,4.41
6853,4.11,4.41
6854,4.11,4.41
6855,4.11,4.41
6856,4.11,4.42
6857,4.11,4.42
6858,4.11,4.42
6859,4.11,4.43
6861,4.11,4.43
6862,4.11,4.43
6863,4.11,4.44
6864,4.11,4.44
6865,4.11,4.44
6866,4.11,4.44
6867,4.11,4.45
6870,4.11,4.45
6871,4.11,4.45
6872,4.11,4.45
6873,4.11,4.46
6874,4.11,4.46
6875,4.11,4.46
6876,4.11,4.47
6877,4.11,4.47
6879,4.11,4.47
6880,4.11,4.47
6881,4.11,4.47
6882,4.11,4.47
6883,4.11,4.48
6884,4.11,4.48
6885,4.11,4.48
6887,4.11,4.48
6888,4.11,4.49
6889,4.11,4.49
6890,4.11,4.49
6891,4.11,4.49
6892,4.11,4.49
6893,4.11,4.49
6895,4.11,4.50
6896,4.11,4.50
6897,4.11,4.50
6898,4.11,4.50
6899,4.11,4.50
6900,4.11,4.50
6901,4.10,4.51
6902,4.11,4.51
6904,4.11,4.51
6905,4.11,4.51
6906,4.11,4.51
6907,4.11,4.51
6908,4.10,4.52
6909,4.10,4.52
6910,4.11,4.52
6912,4.11,4.52
6914,4.11,4.52
6915,4.11,4.52
6916,4.11,4.52
6917,4.11,4.53
6918,4.10,4.53
6919,4.10,4.53
6920,4.10,4.53
6922,4.10,4.53
6923,4.10,4.54
6924,4.10,4.54
6925,4.10,4.54
6926,4.10,4.54
6927,4.10,4.55
6928,4.10,4.55
6929,4.10,4.55
6931,4.10,4.55
6932,4.10,4.56
6933,4.10,4.56
6934,4.10,4.56
6935,4.10,4.57
6936,4.10,4.57
6937,4.10,4.57
6938,4.10,4.57
6940,4.10,4.57
6941,4.10,4.58
6942,4.10,4.58
6943,4.10,4.58
6944,4.10,4.58
6945,4.10,4.59
6946,4.10,4.59
6947,4.10,4.59
6949,4.10,4.60
6950,4.10,4.60
6951,4.10,4.60
6952,4.10,4.60
6953,4.10,4.61
6955,4.10,4.61
6956,4.10,4.61
6957,4.10,4.61
6959,4.10,4.62
6960,4.10,4.62
6961,4.10,4.62
6962,4.10,4.62
6963,4.10,4.63
6964,4.10,4.63
6965,4.10,4.63
6966,4.10,4.63
6968,4.10,4.63
6969,4.10,4.64
6970,4.10,4.64
6971,4.10,4.64
6972,4.10,4.64
6973,4.10,4.64
6974,4.10,4.64
6975,4.10,4.64
6977,4.10,4.65
6978,4.10,4.64
6979,4.10,4.65
6980,4.10,4.65
6981,4.10,4.65
6982,4.10,4.65
6983,4.09,4.64
6984,4.09,4.65
6986,4.09,4.64
6987,4.09,4.64
6988,4.09,4.64
6989,4.09,4.64
6990,4.09,4.64
6991,4.09,4.64
6992,4.09,4.64
6993,4.09,4.64
6994,4.09,4.64
6996,4.09,4.64
6998,4.09,4.64
6999,4.09,4.64
7000,4.09,4.64
7001,4.09,4.64
7002,4.09,4.63
7003,4.09,4.63
7004,4.09,4.63
7006,4.09,4.63
7007,4.09,4.63
7008,4.09,4.63
7009,4.09,4.63
7010,4.09,4.63
7011,4.09,4.63
7012,4.09,4.63
7013,4.09,4.63
7015,4.09,4.62
7016,4.09,4.63
7017,4.09,4.62
7018,4.09,4.62
7019,4.09,4.62
7020,4.09,4.62
7021,4.09,4.62
7022,4.09,4.62
7024,4.09,4.62
7025,4.09,4.62
7026,4.09,4.62
7027,4.09,4.62
7028,4.09,4.62
7029,4.09,4.62
7030,4.09,4.62
7031,4.09,4.62
7033,4.09,4.62
7034,4.09,4.62
7035,4.09,4.62
7036,4.09,4.62
7037,4.09,4.62
7038,4.09,4.62
7040,4.09,4.62
7041,4.08,4.62
7043,4.08,4.62
7044,4.08,4.62
7045,4.08,4.62
7046,4.08,4.62
7047,4.08,4.62
7048,4.08,4.62
7049,4.08,4.62
7050,4.08,4.63
7051,4.08,4.63
7053,4.08,4.63
7054,4.08,4.63
7055,4.08,4.63
7056,4.09,4.63
7057,4.09,4.63
7058,4.09,4.63
7059,4.09,4.63
7060,4.09,4.64
7062,4.09,4.64
7063,4.09,4.64
7064,4.09,4.64
7065,4.09,4.64
7066,4.09,4.64
7067,4.09,4.64
7068,4.09,4.64
7069,4.09,4.64
7071,4.09,4.64
7072,4.09,4.64
7073,4.09,4.64
7074,4.09,4.64
7075,4.09,4.64
7076,4.09,4.64
7077,4.09,4.65
7078,4.09,4.65
7080,4.09,4.65
7081,4.09,4.65
7083,4.09,4.65
7084,4.09,4.65
7085,4.09,4.65
7086,4.09,4.65
7087,4.09,4.65
7088,4.09,4.65
7090,4.09,4.65
7091,4.08,4.65
7092,4.08,4.65
7093,4.08,4.65
7094,4.08,4.65
7095,4.08,4.65
7096,4.08,4.65
7097,4.08,4.65
7098,4.08,4.66
7100,4.08,4.65
7101,4.08,4.66
7102,4.08,4.66
7103,4.08,4.66
7104,4.08,4.66
7105,4.08,4.66
7106,4.08,4.66
7107,4.08,4.66
7109,4.08,4.66
7110,4.08,4.66
7111,4.08,4.66
7112,4.08,4.66
7113,4.08,4.66
7114,4.08,4.66
7115,4.08,4.66
7116,4.08,4.66
7118,4.08,4.66
7119,4.08,4.66
7120,4.08,4.66
7121,4.08,4.66
7122,4.08,4.67
7123,4.08,4.67
7124,4.08,4.67
7126,4.08,4.67
7127,4.08,4.67
7129,4.08,4.67
7130,4.08,4.67
7131,4.08,4.67
7132,4.08,4.67
7133,4.07,4.65
7134,4.06,4.63
7135,4.05,4.62
7136,4.05,4.62
7138,4.05,4.62
7139,4.05,4.62
7140,4.06,4.60
7141,4.05,4.57
7142,4.03,4.54
7143,4.01,4.51
7144,4.01,4.50
7145,4.00,4.46
7147,3.98,4.42
7148,3.95,4.37
7149,3.92,4.33
7150,3.88,4.28
7151,3.85,4.25
7152,3.84,4.24
7153,3.83,4.24
7154,3.83,4.25
7156,3.83,4.25
7157,3.83,4.23
7158,3.82,4.20
7159,3.80,4.18
7160,3.79,4.17
7161,3.79,4.15
7162,3.78,4.13
7163,3.76,4.10
7165,3.74,4.06
7166,3.71,4.02
7168,3.69,4.00
7169,3.68,3.99
7170,3.68,4.00
7171,3.68,4.01
7172,3.70,4.03
7173,3.71,4.03
7175,3.71,4.02
7176,3.70,4.00
7177,3.70,4.00
7178,3.71,4.00
7179,3.71,3.99
7180,3.71,3.97
7181,3.70,3.94
7182,3.68,3.91
7184,3.66,3.89
7185,3.65,3.88
7186,3.64,3.89
7187,3.66,3.91
7188,3.68,3.93
7189,3.70,3.94
7190,3.71,3.94
7191,3.71,3.92
7193,3.71,3.91
7194,3.71,3.91
7195,3.71,3.91
7196,3.71,3.89
7197,3.70,3.86
7198,3.68,3.84
7199,3.66,3.81
7201,3.65,3.80
7202,3.64,3.80
7203,3.65,3.82
7204,3.66,3.84
7205,3.69,3.86
7206,3.70,3.87
7207,3.71,3.86
7208,3.71,3.84
7211,3.70,3.83
7212,3.70,3.82
7213,3.69,3.80
7214,3.68,3.79
7215,3.66,3.76
7216,3.64,3.74
7217,3.62,3.72
7218,3.60,3.70
7220,3.59,3.71
7221,3.60,3.73
7222,3.63,3.76
7223,3.65,3.77
7224,3.66,3.77
7225,3.66,3.76
7226,3.65,3.74
7227,3.64,3.72
7229,3.63,3.70
7230,3.61,3.69
7231,3.59,3.67
7232,3.57,3.64
7233,3.55,3.62
7234,3.53,3.60
7235,3.52,3.61
7236,3.52,3.63
7238,3.54,3.65
7239,3.57,3.68
7240,3.60,3.69
7241,3.60,3.68
7242,3.60,3.67
7243,3.59,3.66
7244,3.58,3.64
7245,3.57,3.63
7247,3.55,3.61
7248,3.54,3.59
7249,3.52,3.57
7250,3.50,3.56
7251,3.49,3.55
7252,3.49,3.57
7254,3.51,3.59
7255,3.54,3.63
7257,3.57,3.65
7258,3.58,3.65
7259,3.59,3.64
7260,3.58,3.63
7261,3.58,3.62
7262,3.57,3.60
7263,3.55,3.59
7265,3.54,3.57
7266,3.52,3.56
7267,3.51,3.54
7268,3.49,3.53
7269,3.49,3.54
7270,3.50,3.57
7271,3.53,3.60
7272,3.56,3.63
7274,3.59,3.63
7275,3.60,3.63
7276,3.60,3.63
7277,3.59,3.61
7278,3.58,3.60
7279,3.57,3.59
7280,3.56,3.57
7281,3.54,3.56
7283,3.53,3.54
7284,3.51,3.53
7285,3.50,3.53
7286,3.51,3.55
7287,3.53,3.58
7288,3.56,3.61
7289,3.59,3.63
7290,3.61,3.63
7292,3.61,3.63
7293,3.61,3.62
7294,3.60,3.60
7296,3.59,3.59
7297,3.57,3.58
7298,3.56,3.56
7299,3.55,3.55
7300,3.53,3.54
7302,3.51,3.53
7303,3.51,3.54
7304,3.53,3.57
7305,3.56,3.60
7306,3.59,3.63
7307,3.61,3.63
7308,3.62,3.63
7309,3.62,3.62
7311,3.61,3.61
7312,3.60,3.60
7313,3.59,3.59
7314,3.57,3.57
7315,3.56,3.56
7316,3.54,3.54
7317,3.53,3.53
7319,3.52,3.53
7320,3.53,3.56
7321,3.55,3.59
7322,3.58,3.62
7323,3.61,3.63
7324,3.62,3.63
7325,3.62,3.63
7326,3.62,3.62
7328,3.61,3.60
7329,3.60,3.59
7330,3.58,3.58
7331,3.57,3.56
7332,3.55,3.55
7333,3.54,3.53
7334,3.52,3.53
7335,3.52,3.55
7337,3.54,3.58
7339,3.57,3.61
7340,3.60,3.63
7341,3.62,3.63
7342,3.63,3.63
7343,3.62,3.62
7344,3.61,3.61
7345,3.60,3.59
7347,3.59,3.58
7348,3.58,3.57
7349,3.56,3.55
7350,3.55,3.54
7351,3.53,3.53
7352,3.52,3.54
7353,3.53,3.56
7354,3.56,3.59
7356,3.59,3.62
7357,3.62,3.63
7358,3.63,3.63
7359,3.63,3.63
7360,3.62,3.61
7361,3.61,3.60
7362,3.60,3.59
7364,3.58,3.57
7365,3.57,3.56
7366,3.55,3.54
7367,3.54,3.53
7368,3.52,3.53
7369,3.53,3.55
7370,3.55,3.58
7371,3.58,3.61
7373,3.61,3.63
7374,3.62,3.63
7375,3.62,3.63
7376,3.62,3.62
7377,3.61,3.60
7378,3.60,3.59
7379,3.59,3.58
7380,3.57,3.56
7383,3.56,3.54
7384,3.54,3.53
7385,3.52,3.52
7386,3.52,3.54
7387,3.54,3.56
7388,3.56,3.60
7389,3.60,3.62
7390,3.62,3.63
7392,3.63,3.63
7393,3.62,3.62
7394,3.62,3.61
7395,3.61,3.60
7396,3.59,3.58
7397,3.58,3.57
7398,3.56,3.55
7399,3.55,3.54
7401,3.53,3.52
7402,3.52,3.53
7403,3.53,3.55
7404,3.55,3.58
7405,3.58,3.61
7406,3.61,3.63
7407,3.62,3.63
7408,3.63,3.62
7410,3.62,3.61
7411,3.61,3.60
7412,3.60,3.59
7413,3.59,3.57
7414,3.57,3.56
7415,3.56,3.54
7416,3.54,3.53
7418,3.52,3.52
7419,3.52,3.54
7420,3.54,3.57
7421,3.57,3.60
7422,3.60,3.62
7424,3.62,3.63
7425,3.63,3.62
7426,3.62,3.62
7428,3.62,3.61
7429,3.60,3.59
7430,3.59,3.58
7431,3.58,3.56
7432,3.56,3.55
7433,3.55,3.54
7434,3.53,3.52
7435,3.52,3.53
7437,3.53,3.55
7438,3.56,3.58
7439,3.59,3.61
7440,3.62,3.63
7441,3.63,3.63
7442,3.63,3.62
7443,3.62,3.61
7444,3.61,3.60
7446,3.60,3.58
7447,3.58,3.57
7448,3.57,3.56
7449,3.55,3.54
7450,3.54,3.53
7451,3.52,3.52
7452,3.52,3.54
7453,3.54,3.57
7455,3.57,3.60
7456,3.61,3.62
7457,3.62,3.63
7458,3.63,3.62
7459,3.62,3.61
7460,3.61,3.60
7461,3.60,3.59
7462,3.59,3.58
7464,3.58,3.56
7465,3.56,3.55
7467,3.54,3.53
7468,3.53,3.52
7469,3.52,3.53
7470,3.53,3.55
7471,3.56,3.59
7472,3.59,3.62
7474,3.61,3.62
7475,3.62,3.62
7476,3.62,3.62
7477,3.62,3.61
7478,3.61,3.59
7479,3.60,3.58
7480,3.58,3.57
7482,3.57,3.55
7483,3.55,3.54
7484,3.53,3.52
7485,3.52,3.52
7486,3.53,3.54
7487,3.55,3.57
7488,3.58,3.61
7489,3.61,3.62
7491,3.62,3.62
7492,3.62,3.62
7493,3.62,3.61
7494,3.61,3.60
7495,3.60,3.58
7496,3.59,3.57
7497,3.57,3.56
7498,3.56,3.54
7500,3.54,3.53
7501,3.52,3.52
7502,3.52,3.53
7503,3.54,3.56
7504,3.57,3.59
7505,3.60,3.62
7506,3.62,3.63
7507,3.63,3.62
7510,3.62,3.61
7511,3.62,3.60
7512,3.60,3.59
7513,3.59,3.58
7514,3.58,3.56
7515,3.56,3.55
7516,3.55,3.53
7517,3.53,3.52
7519,3.52,3.52
7520,3.53,3.55
7521,3.55,3.58
7522,3.58,3.61
7523,3.61,3.62
7524,3.62,3.62
7525,3.62,3.62
7527,3.62,3.61
7528,3.61,3.59
7529,3.60,3.58
7530,3.58,3.57
7531,3.57,3.56
7532,3.55,3.54
7533,3.54,3.52
7534,3.52,3.52
7536,3.52,3.53
7537,3.54,3.56
7538,3.57,3.60
7539,3.60,3.61
7540,3.62,3.62
7541,3.62,3.62
7542,3.62,3.61
7543,3.61,3.60
7545,3.60,3.58
7546,3.59,3.57
7547,3.57,3.56
7548,3.56,3.54
7549,3.54,3.53
7550,3.53,3.52
7552,3.52,3.52
7553,3.53,3.55
7555,3.55,3.58
7556,3.59,3.61
7557,3.61,3.62
7558,3.62,3.62
7559,3.62,3.61
7560,3.62,3.60
7561,3.61,3.59
7562,3.59,3.58
7564,3.58,3.56
7565,3.57,3.55
7566,3.55,3.54
7567,3.53,3.52
7568,3.52,3.52
7569,3.52,3.54
7570,3.54,3.56
7571,3.57,3.59
7573,3.60,3.61
7574,3.62,3.62
7575,3.62,3.61
7576,3.62,3.61
7577,3.61,3.59
7578,3.60,3.58
7579,3.58,3.57
7581,3.57,3.55
7582,3.55,3.54
7583,3.54,3.52
7584,3.52,3.51
7585,3.52,3.52
7586,3.53,3.55
7587,3.56,3.58
7588,3.59,3.61
7590,3.61,3.62
7591,3.62,3.61
7592,3.62,3.61
7593,3.61,3.60
7595,3.60,3.59
7596,3.59,3.57
7597,3.58,3.56
7598,3.56,3.54
7600,3.55,3.53
7601,3.53,3.52
7602,3.52,3.52
7603,3.52,3.54
7604,3.54,3.57
7605,3.58,3.60
7606,3.60,3.61
7607,3.62,3.62
7609,3.62,3.61
7610,3.61,3.60
7611,3.60,3.59
7612,3.59,3.58
7613,3.58,3.56
7614,3.57,3.55
7615,3.55,3.54
7616,3.54,3.52
7618,3.52,3.51
7619,3.52,3.52
7620,3.53,3.55
7621,3.56,3.59
7622,3.59,3.61
7623,3.61,3.61
7624,3.62,3.61
7625,3.62,3.60
7627,3.61,3.59
7628,3.60,3.59
7629,3.58,3.57
7630,3.57,3.55
7631,3.56,3.54
7632,3.54,3.53
7633,3.53,3.51
7635,3.51,3.51
7636,3.52,3.54
7638,3.55,3.57
7639,3.58,3.60
7640,3.60,3.62
7641,3.62,3.61
7642,3.62,3.61
7643,3.61,3.59
7645,3.60,3.59
7646,3.59,3.57
7647,3.58,3.56
7648,3.56,3.55
7649,3.55,3.53
7650,3.53,3.52
7651,3.52,3.51
7652,3.52,3.53
7654,3.54,3.56
7655,3.56,3.59
7656,3.60,3.61
7657,3.62,3.62
7658,3.62,3.61
7659,3.62,3.61
7660,3.61,3.59
7661,3.60,3.58
7663,3.58,3.57
7664,3.57,3.55
7665,3.56,3.54
7666,3.54,3.52
7667,3.52,3.51
7668,3.52,3.52
7669,3.53,3.54
7670,3.55,3.58
7672,3.59,3.60
7673,3.61,3.61
7674,3.62,3.62
7675,3.62,3.61
7676,3.62,3.60
7677,3.60,3.59
7678,3.59,3.57
7681,3.58,3.56
7682,3.56,3.55
7683,3.55,3.53
7684,3.53,3.52
7685,3.52,3.51
7686,3.52,3.53
7687,3.55,3.57
7688,3.58,3.60
7690,3.61,3.62
7691,3.62,3.62
7692,3.63,3.62
7693,3.62,3.61
7694,3.61,3.60
7695,3.60,3.59
7696,3.59,3.57
7697,3.57,3.56
7699,3.56,3.54
7700,3.54,3.53
7701,3.53,3.52
7702,3.52,3.53
7703,3.54,3.55
7704,3.56,3.59
7705,3.60,3.61
7706,3.62,3.62
7708,3.63,3.62
7709,3.63,3.61
7710,3.62,3.60
7711,3.61,3.59
7712,3.60,3.58
7713,3.58,3.56
7714,3.57,3.55
7715,3.55,3.54
7717,3.53,3.52
7718,3.52,3.52
7719,3.53,3.54
7720,3.55,3.57
7721,3.58,3.61
7723,3.61,3.62
7724,3.62,3.62
7725,3.62,3.62
7727,3.62,3.61
7728,3.61,3.60
7729,3.60,3.58
7730,3.59,3.57
7731,3.57,3.55
7732,3.55,3.54
7733,3.54,3.53
7735,3.52,3.52
7736,3.52,3.53
7737,3.54,3.56
7738,3.56,3.59
7739,3.60,3.61
7740,3.62,3.62
7741,3.62,3.62
7742,3.62,3.61
7744,3.61,3.60
7745,3.60,3.59
7746,3.59,3.57
7747,3.57,3.56
7748,3.56,3.54
7749,3.54,3.53
7750,3.53,3.52
7751,3.52,3.52
7753,3.52,3.54
7754,3.55,3.57
7755,3.58,3.60
7756,3.61,3.62
7757,3.62,3.62
7758,3.62,3.61
7759,3.61,3.60
7760,3.60,3.59
7762,3.59,3.58
7763,3.58,3.56
7764,3.56,3.55
7766,3.55,3.54
7767,3.53,3.52
7768,3.52,3.52
7769,3.52,3.53
7770,3.54,3.56
7772,3.57,3.60
7773,3.60,3.61
7774,3.62,3.62
7775,3.62,3.61
7776,3.62,3.61
7777,3.61,3.60
7778,3.60,3.58
7779,3.59,3.57
7781,3.57,3.56
7782,3.56,3.54
7783,3.54,3.53
7784,3.52,3.51
7785,3.52,3.52
7786,3.53,3.55
7787,3.55,3.58
7788,3.59,3.61
7790,3.61,3.62
7791,3.62,3.61
7792,3.62,3.61
7793,3.61,3.60
7794,3.60,3.59
7795,3.59,3.58
7796,3.58,3.56
7798,3.56,3.55
7799,3.55,3.53
7800,3.53,3.52
7801,3.52,3.52
7802,3.52,3.54
7803,3.54,3.57
7804,3.57,3.60
7805,3.60,3.61
7808,3.62,3.62
7809,3.62,3.62
7810,3.62,3.61
7811,3.61,3.60
7812,3.60,3.58
7813,3.59,3.57
7814,3.57,3.55
7815,3.56,3.54
7817,3.54,3.53
7818,3.52,3.52
7819,3.52,3.53
7820,3.53,3.55
7821,3.56,3.59
7822,3.59,3.61
7823,3.61,3.62
7824,3.62,3.62
7826,3.62,3.61
7827,3.61,3.60
7828,3.60,3.59
7829,3.59,3.57
7830,3.57,3.56
7831,3.56,3.55
7832,3.54,3.53
7833,3.53,3.52
7835,3.52,3.52
7836,3.52,3.54
7837,3.54,3.57
7838,3.58,3.60
7839,3.60,3.62
7840,3.62,3.62
7841,3.62,3.61
7843,3.61,3.61
7844,3.60,3.59
7845,3.59,3.58
7846,3.58,3.57
7847,3.57,3.55
7848,3.55,3.54
7849,3.53,3.52
7851,3.52,3.51
7853,3.51,3.53
7854,3.53,3.56
7855,3.56,3.59
7856,3.59,3.61
7857,3.61,3.62
7858,3.62,3.61
7859,3.62,3.61
7860,3.61,3.60
7862,3.60,3.58
7863,3.58,3.57
7864,3.57,3.56
7865,3.56,3.54
7866,3.54,3.53
7867,3.52,3.51
7868,3.51,3.52
7869,3.52,3.54
7871,3.55,3.58
7872,3.58,3.61
7873,3.60,3.62
7874,3.62,3.62
7875,3.62,3.61
7876,3.61,3.60
7877,3.60,3.59
7878,3.59,3.58
7880,3.58,3.56
7881,3.56,3.55
7882,3.55,3.54
7883,3.53,3.52
7884,3.51,3.51
7885,3.51,3.53
7886,3.53,3.56
7887,3.56,3.59
7889,3.59,3.61
7890,3.61,3.62
7891,3.61,3.61
7892,3.61,3.60
7894,3.60,3.59
7895,3.59,3.58
7896,3.58,3.57
7897,3.56,3.55
7899,3.55,3.54
7900,3.53,3.53
7901,3.52,3.51
7902,3.51,3.52
7903,3.52,3.54
7904,3.54,3.57
7905,3.58,3.60
7906,3.60,3.61
7908,3.61,3.61
7909,3.61,3.61
7910,3.60,3.59
7911,3.59,3.59
7912,3.58,3.57
7913,3.57,3.56
7914,3.55,3.54
7916,3.54,3.53
7917,3.52,3.52
7918,3.51,3.51
7919,3.51,3.53
7920,3.53,3.56
7921,3.56,3.59
7922,3.59,3.61
7923,3.61,3.61
7925,3.61,3.61
7926,3.61,3.60
7927,3.60,3.59
7928,3.59,3.58
7929,3.58,3.56
7930,3.56,3.55
7931,3.55,3.54
7932,3.53,3.52
7934,3.51,3.51
7936,3.51,3.52
7937,3.52,3.55
7938,3.55,3.58
7939,3.58,3.61
7940,3.60,3.61
7941,3.61,3.61
7942,3.61,3.61
7944,3.60,3.60
7945,3.59,3.58
7946,3.58,3.57
7947,3.57,3.56
7948,3.55,3.54
7949,3.54,3.53
7950,3.52,3.51
7951,3.51,3.51
7953,3.51,3.53
7954,3.53,3.56
7955,3.57,3.60
7956,3.59,3.61
7957,3.61,3.61
7958,3.61,3.61
7959,3.60,3.60
7960,3.59,3.59
7962,3.58,3.57
7963,3.57,3.56
7964,3.56,3.55
7965,3.54,3.53
7966,3.53,3.52
7967,3.51,3.51
7968,3.51,3.52
7970,3.52,3.55
7971,3.55,3.58
7972,3.58,3.61
7973,3.60,3.61
7974,3.61,3.61
7975,3.61,3.60
7976,3.60,3.59
7977,3.59,3.58
7980,3.58,3.57
7981,3.56,3.55
7982,3.55,3.54
7983,3.53,3.52
7984,3.52,3.51
7985,3.51,3.52
7986,3.51,3.54
7987,3.54,3.57
7989,3.57,3.60
7990,3.59,3.61
7991,3.60,3.61
7992,3.61,3.60
7993,3.60,3.59
7994,3.59,3.58
7995,3.58,3.57
7996,3.57,3.56
7998,3.55,3.54
7999,3.54,3.53
8000,3.52,3.52
8001,3.51,3.51
8002,3.51,3.53
8003,3.53,3.56
8004,3.56,3.59
8005,3.59,3.61
8007,3.61,3.61
8008,3.61,3.61
8009,3.61,3.60
8010,3.61,3.59
8011,3.59,3.58
8012,3.58,3.57
8013,3.57,3.55
8014,3.55,3.54
8016,3.54,3.52
8017,3.52,3.51
8018,3.52,3.52
8019,3.53,3.55
8020,3.56,3.59
8022,3.59,3.61
8023,3.62,3.62
8024,3.63,3.62
8026,3.63,3.61
8027,3.62,3.60
8028,3.61,3.59
8029,3.60,3.58
8030,3.58,3.57
8031,3.57,3.55
8032,3.55,3.54
8033,3.54,3.52
8035,3.52,3.52
8036,3.53,3.54
8037,3.55,3.57
8038,3.58,3.60
8039,3.60,3.61
8040,3.62,3.61
8041,3.62,3.61
8042,3.61,3.60
8044,3.60,3.58
8045,3.59,3.57
8046,3.58,3.56
8047,3.56,3.54
8048,3.55,3.53
8049,3.53,3.52
8050,3.51,3.51
8051,3.51,3.52
8053,3.53,3.55
8054,3.55,3.58
8055,3.58,3.60
8056,3.60,3.61
8057,3.61,3.60
8058,3.61,3.60
8059,3.60,3.59
8060,3.59,3.57
8062,3.58,3.56
8064,3.56,3.55
8065,3.55,3.53
8066,3.53,3.52
8067,3.52,3.51
8068,3.51,3.51
8069,3.51,3.53
8070,3.54,3.56
8072,3.57,3.59
8073,3.59,3.60
8074,3.61,3.60
8075,3.61,3.60
8076,3.60,3.59
8077,3.59,3.58
8078,3.58,3.57
8079,3.57,3.55
8081,3.56,3.54
8082,3.54,3.52
8083,3.52,3.51
8084,3.51,3.51
8085,3.51,3.52
8086,3.53,3.55
8087,3.56,3.58
8088,3.59,3.60
8090,3.61,3.61
8091,3.62,3.61
8092,3.61,3.60
8093,3.61,3.59
8094,3.60,3.58
8095,3.58,3.56
8096,3.57,3.55
8097,3.56,3.53
8099,3.54,3.52
8100,3.52,3.51
8101,3.51,3.52
8102,3.53,3.54
8103,3.55,3.57
8104,3.59,3.60
8105,3.61,3.61
8108,3.62,3.61
8109,3.62,3.61
8110,3.62,3.60
8111,3.61,3.59
8112,3.59,3.57
8113,3.58,3.56
8114,3.57,3.54
8115,3.55,3.53
8117,3.53,3.52
8118,3.52,3.51
8119,3.53,3.53
8120,3.55,3.57
8121,3.58,3.60
8122,3.61,3.61
8123,3.62,3.62
8124,3.63,3.61
8126,3.62,3.61
8127,3.62,3.59
8128,3.60,3.58
8129,3.59,3.57
8130,3.58,3.55
8131,3.56,3.54
8132,3.54,3.52
8133,3.53,3.51
8135,3.52,3.53
8136,3.54,3.55
8137,3.56,3.58
8138,3.60,3.61
8139,3.62,3.62
8140,3.63,3.62
8141,3.63,3.61
8142,3.62,3.60
8144,3.61,3.59
8145,3.60,3.57
8146,3.58,3.56
8147,3.57,3.54
8148,3.55,3.53
8150,3.53,3.51
8151,3.52,3.52
8152,3.53,3.54
8154,3.55,3.57
8155,3.58,3.60
8156,3.61,3.61
8157,3.62,3.62
8158,3.62,3.61
8159,3.62,3.60
8160,3.61,3.59
8162,3.59,3.57
8163,3.58,3.56
8164,3.57,3.54
8165,3.55,3.53
8166,3.54,3.52
8167,3.52,3.51
8168,3.51,3.52
8169,3.52,3.53
8171,3.53,3.55
8172,3.55,3.56
8173,3.56,3.56
8174,3.56,3.56
8175,3.55,3.55
8176,3.54,3.54
8177,3.53,3.52
8178,3.51,3.51
8180,3.50,3.50
8181,3.49,3.49
8182,3.48,3.48
8183,3.46,3.46
8184,3.44,3.46
8185,3.44,3.46
8186,3.43,3.46
8187,3.42,3.45
8189,3.42,3.45
8190,3.41,3.44
8192,3.40,3.43
8193,3.39,3.41
8194,3.37,3.40
8195,3.36,3.38
8196,3.34,3.37
8197,3.33,3.35
8199,3.31,3.33
8200,3.30,3.32
8201,3.28,3.30
8202,3.28,3.32
8203,3.29,3.33
8204,3.30,3.35
8205,3.32,3.36
8207,3.33,3.36
8208,3.34,3.36
8209,3.34,3.35
8210,3.33,3.34
8211,3.32,3.33
8212,3.32,3.31
8213,3.31,3.30
8214,3.29,3.29
8216,3.28,3.27
8217,3.27,3.28
8218,3.27,3.29
8219,3.29,3.32
8220,3.33,3.36
8221,3.37,3.40
8222,3.40,3.42
8223,3.42,3.43
8225,3.43,3.42
8226,3.44,3.42
8227,3.44,3.41
8228,3.43,3.40
8229,3.43,3.40
8230,3.42,3.39
8231,3.41,3.38
8232,3.40,3.37
8235,3.40,3.38
8236,3.41,3.42
8237,3.45,3.46
8238,3.49,3.50
8239,3.53,3.53
8240,3.55,3.54
8241,3.57,3.54
8243,3.58,3.55
8244,3.59,3.56
8245,3.59,3.56
8246,3.59,3.56
8247,3.58,3.55
8248,3.57,3.54
8249,3.56,3.53
8250,3.55,3.53
8252,3.57,3.56
8253,3.60,3.59
8254,3.64,3.63
8255,3.68,3.66
8256,3.70,3.67
8257,3.71,3.67
8258,3.71,3.68
8259,3.72,3.69
8261,3.73,3.70
8262,3.73,3.69
8263,3.72,3.68
8264,3.71,3.66
8265,3.70,3.65
8266,3.69,3.65
8267,3.70,3.67
8268,3.71,3.70
8270,3.75,3.73
8271,3.78,3.76
8272,3.81,3.77
8273,3.82,3.77
8274,3.82,3.77
8275,3.82,3.78
8276,3.84,3.79
8278,3.84,3.78
8280,3.83,3.77
8281,3.82,3.75
8282,3.80,3.73
8283,3.78,3.73
8284,3.78,3.74
8285,3.79,3.76
8286,3.82,3.79
8287,3.85,3.83
8289,3.89,3.87
8290,3.92,3.90
8291,3.96,3.93
8292,4.00,3.97
8293,4.04,4.00
8294,4.08,4.04
8295,4.11,4.07
8296,4.15,4.10
8298,4.18,4.13
8299,4.22,4.17
8300,4.26,4.20
8301,4.29,4.23
8302,4.32,4.27
8303,4.35,4.30
8304,4.38,4.32
8305,4.41,4.35
8307,4.44,4.37
8308,4.47,4.40
8309,4.49,4.42
8310,4.52,4.44
8311,4.54,4.46
8312,4.56,4.48
8313,4.57,4.51
8314,4.59,4.52
8316,4.60,4.54
8317,4.62,4.56
8318,4.63,4.57
8320,4.64,4.58
8321,4.64,4.59
8322,4.64,4.60
8323,4.64,4.61
8325,4.64,4.61
8326,4.64,4.62
8327,4.64,4.63
8328,4.64,4.63
8329,4.63,4.64
8330,4.63,4.64
8331,4.62,4.64
8332,4.61,4.64
8334,4.60,4.64
8335,4.59,4.64
8336,4.58,4.65
8337,4.58,4.65
8338,4.57,4.65
8339,4.56,4.65
8340,4.55,4.65
8341,4.54,4.65
8343,4.53,4.65
8344,4.52,4.65
8345,4.51,4.65
8346,4.49,4.64
8347,4.49,4.64
8348,4.47,4.64
8349,4.46,4.64
8350,4.45,4.64
8352,4.44,4.64
8353,4.44,4.64
8354,4.43,4.64
8355,4.42,4.64
8356,4.41,4.64
8357,4.40,4.64
8358,4.39,4.64
8359,4.39,4.64
8361,4.38,4.65
8363,4.37,4.65
8364,4.37,4.65
8365,4.36,4.65
8366,4.35,4.65
8367,4.35,4.65
8368,4.35,4.65
8369,4.34,4.66
8371,4.34,4.66
8372,4.33,4.66
8373,4.33,4.66
8374,4.33,4.66
8375,4.32,4.67
8376,4.32,4.67
8377,4.32,4.67
8378,4.31,4.67
8380,4.31,4.68
8381,4.31,4.68
8382,4.30,4.68
8383,4.30,4.69
8384,4.30,4.69
8385,4.30,4.69
8386,4.30,4.69
8387,4.29,4.69
8389,4.29,4.70
8390,4.29,4.70
8391,4.29,4.70
8392,4.29,4.71
8393,4.29,4.71
8394,4.29,4.71
8395,4.28,4.72
8396,4.28,4.72
8398,4.28,4.72
8399,4.28,4.73
8400,4.28,4.73
8401,4.28,4.73
8402,4.28,4.74
8403,4.27,4.74
8404,4.27,4.74
8407,4.27,4.75
8408,4.27,4.75
8409,4.27,4.75
8410,4.27,4.75
8411,4.27,4.76
8412,4.27,4.76
8413,4.27,4.76
8414,4.27,4.77
8416,4.27,4.77
8417,4.27,4.77
8418,4.26,4.77
8419,4.26,4.78
8420,4.26,4.78
8421,4.26,4.78
8422,4.26,4.78
8423,4.26,4.79
8425,4.26,4.79
8426,4.26,4.79
8427,4.26,4.79
8428,4.26,4.80
8429,4.26,4.80
8430,4.25,4.80
8431,4.25,4.80
8432,4.25,4.80
8434,4.25,4.81
8435,4.25,4.81
8436,4.25,4.81
8437,4.25,4.81
8438,4.25,4.82
8439,4.25,4.82
8440,4.24,4.82
8441,4.24,4.82
8443,4.24,4.83
8444,4.24,4.83
8445,4.24,4.83
8446,4.24,4.83
8448,4.24,4.84
8449,4.24,4.84
8450,4.24,4.84
8451,4.24,4.84
8453,4.24,4.85
8454,4.24,4.85
8455,4.23,4.85
8456,4.23,4.85
8457,4.23,4.85
8458,4.23,4.86
8459,4.23,4.86
8460,4.23,4.86
8462,4.23,4.87
8463,4.23,4.87
8464,4.23,4.87
8465,4.23,4.87
8466,4.23,4.88
8467,4.23,4.88
8468,4.22,4.88
8469,4.22,4.88
8471,4.22,4.89
8472,4.22,4.88
8473,4.22,4.89
8474,4.22,4.89
8475,4.22,4.89
8476,4.22,4.89
8477,4.22,4.90
8478,4.22,4.90
8480,4.22,4.90
8481,4.22,4.90
8482,4.22,4.91
8483,4.22,4.91
8484,4.22,4.91
8485,4.21,4.91
8486,4.21,4.92
8487,4.21,4.92
8489,4.21,4.92
8491,4.21,4.92
8492,4.21,4.92
8493,4.21,4.92
8494,4.21,4.92
8495,4.21,4.93
8496,4.21,4.93
8497,4.21,4.93
8499,4.21,4.93
8500,4.21,4.93
8501,4.21,4.93
8502,4.20,4.93
8503,4.20,4.94
8504,4.20,4.94
8505,4.20,4.94
8507,4.20,4.94
8508,4.20,4.94
8509,4.20,4.94
8510,4.20,4.94
8511,4.20,4.94
8512,4.20,4.94
8513,4.20,4.94
8514,4.20,4.95
8515,4.20,4.95
8517,4.20,4.95
8518,4.20,4.95
8519,4.20,4.95
8520,4.20,4.95
8521,4.20,4.95
8522,4.20,4.95
8523,4.20,4.95
8525,4.20,4.95
8526,4.19,4.95
8527,4.20,4.95
8528,4.20,4.95
8529,4.19,4.95
8530,4.19,4.95
8531,4.19,4.96
8532,4.19,4.96
8535,4.19,4.96
8536,4.19,4.96
8537,4.19,4.96
8538,4.19,4.96
8539,4.19,4.96
8540,4.19,4.96
8541,4.19,4.96
8542,4.19,4.96
8544,4.19,4.96
8545,4.19,4.96
8546,4.19,4.96
8547,4.19,4.96
8548,4.19,4.96
8549,4.19,4.96
8550,4.19,4.96
8551,4.19,4.96
8553,4.19,4.96
8554,4.19,4.96
8555,4.18,4.96
8556,4.18,4.96
8557,4.18,4.96
8558,4.18,4.96
8559,4.18,4.96
8560,4.18,4.97
8562,4.18,4.96
8563,4.18,4.97
8564,4.18,4.96
8565,4.18,4.96
8566,4.18,4.96
8567,4.18,4.96
8568,4.18,4.97
8569,4.18,4.97
8571,4.18,4.97
8572,4.18,4.97
8573,4.18,4.97
8574,4.18,4.97
8576,4.18,4.97
8577,4.18,4.97
8578,4.18,4.97
8580,4.18,4.97
8581,4.18,4.97
8582,4.18,4.96
8583,4.18,4.97
8584,4.18,4.97
8585,4.18,4.97
8586,4.18,4.97
8587,4.18,4.97
8589,4.18,4.97
8590,4.18,4.97
8591,4.18,4.97
8592,4.18,4.97
8593,4.18,4.97
8594,4.18,4.97
8595,4.18,4.97
8597,4.18,4.97
8598,4.18,4.97
8599,4.18,4.97
8600,4.18,4.97
8601,4.18,4.97
8602,4.18,4.97
8603,4.17,4.97
8604,4.17,4.97
8606,4.17,4.97
8607,4.17,4.97
8608,4.17,4.97
8609,4.17,4.97
8610,4.17,4.97
8611,4.17,4.97
8612,4.17,4.97
8614,4.17,4.97
8615,4.17,4.97
8616,4.17,4.97
8617,4.17,4.97
8619,4.17,4.97
8620,4.17,4.97
8621,4.17,4.97
8622,4.17,4.97
8624,4.17,4.97
8625,4.17,4.97
8626,4.17,4.97
8627,4.17,4.97
8628,4.17,4.97
8629,4.17,4.97
8630,4.17,4.97
8632,4.17,4.97
8633,4.17,4.97
8634,4.17,4.97
8635,4.17,4.97
8636,4.17,4.97
8637,4.17,4.97
8638,4.17,4.97
8639,4.17,4.97
8641,4.17,4.97
8642,4.17,4.97
8643,4.17,4.97
8644,4.17,4.97
8645,4.17,4.97
8646,4.17,4.97
8647,4.17,4.97
8648,4.17,4.97
8650,4.17,4.97
8651,4.17,4.97
8652,4.17,4.97
8653,4.17,4.97
8654,4.17,4.97
8655,4.17,4.97
8656,4.17,4.97
8657,4.17,4.97
8659,4.17,4.97
8660,4.17,4.97
8662,4.17,4.97
8663,4.17,4.97
8664,4.17,4.97
8665,4.17,4.97
8666,4.17,4.97
8667,4.17,4.97
8669,4.17,4.97
8670,4.16,4.97
8671,4.16,4.97
8672,4.17,4.96
8673,4.16,4.96
8674,4.17,4.96
8675,4.16,4.96
8677,4.16,4.96
8678,4.16,4.96
8679,4.16,4.96
8680,4.16,4.96
8681,4.16,4.95
8682,4.16,4.95
8683,4.16,4.95
8684,4.16,4.95
8686,4.16,4.95
8687,4.16,4.94
8688,4.16,4.94
8689,4.16,4.94
8690,4.16,4.93
8691,4.16,4.93
8692,4.16,4.93
8693,4.16,4.93
8695,4.16,4.93
8696,4.16,4.92
8697,4.16,4.92
8698,4.16,4.92
8699,4.16,4.92
8700,4.16,4.91
8701,4.16,4.91
8704,4.16,4.91
8705,4.16,4.91
8706,4.16,4.90
8707,4.16,4.90
8708,4.16,4.90
8709,4.16,4.89
8710,4.15,4.89
8711,4.15,4.89
8713,4.16,4.89
8714,4.15,4.88
8715,4.15,4.88
8716,4.15,4.88
8717,4.16,4.87
8718,4.15,4.87
8719,4.15,4.87
8720,4.15,4.86
8722,4.15,4.86
8723,4.15,4.85
8724,4.15,4.85
8725,4.15,4.85
8726,4.15,4.84
8727,4.15,4.84
8728,4.15,4.83
8729,4.15,4.83
8731,4.15,4.83
8732,4.15,4.82
8733,4.15,4.82
8734,4.15,4.81
8735,4.15,4.81
8736,4.15,4.80
8737,4.15,4.80
8738,4.15,4.80
8740,4.15,4.79
8741,4.15,4.78
8742,4.15,4.78
8743,4.15,4.78
8744,4.15,4.78
8745,4.15,4.77
8747,4.15,4.76
8748,4.15,4.76
8750,4.15,4.75
8751,4.15,4.75
8752,4.14,4.74
8753,4.14,4.74
8754,4.14,4.73
8755,4.14,4.73
8756,4.14,4.72
8758,4.14,4.72
8759,4.14,4.71
8760,4.14,4.70
8761,4.14,4.70
8762,4.14,4.69
8763,4.14,4.69
8764,4.14,4.68
8765,4.14,4.68
8767,4.14,4.67
8768,4.14,4.66
8769,4.14,4.66
8770,4.14,4.65
8771,4.14,4.65
8772,4.14,4.64
8773,4.14,4.63
8774,4.14,4.63
8776,4.14,4.62
8777,4.14,4.61
8778,4.14,4.61
8779,4.14,4.60
8780,4.14,4.60
8781,4.13,4.59
8782,4.13,4.59
8783,4.13,4.58
8785,4.13,4.58
8786,4.13,4.57
8787,4.13,4.57
8788,4.13,4.56
8790,4.13,4.56
8791,4.13,4.55
8792,4.13,4.55
8793,4.13,4.54
8795,4.13,4.54
8796,4.13,4.53
8797,4.13,4.53
8798,4.13,4.52
8799,4.13,4.52
8800,4.13,4.51
8801,4.13,4.51
8803,4.13,4.50
8804,4.13,4.50
8805,4.13,4.49
8806,4.13,4.49
8807,4.13,4.48
8808,4.13,4.48
8809,4.13,4.47
8810,4.13,4.47
8812,4.13,4.46
8813,4.13,4.46
8814,4.13,4.45
8815,4.13,4.45
8816,4.13,4.44
8817,4.13,4.44
8818,4.13,4.43
8819,4.13,4.43
8821,4.13,4.43
8822,4.13,4.42
8823,4.13,4.41
8824,4.13,4.41
8825,4.13,4.41
8826,4.13,4.40
8827,4.13,4.40
8829,4.13,4.39
8830,4.13,4.39
8832,4.13,4.38
8833,4.13,4.38
8834,4.13,4.38
8835,4.13,4.37
8836,4.13,4.37
8837,4.13,4.36
8839,4.13,4.36
8840,4.13,4.36
8841,4.13,4.35
8842,4.13,4.35
8843,4.13,4.35
8844,4.13,4.35
8845,4.13,4.34
8846,4.13,4.34
8848,4.13,4.34
8849,4.13,4.33
8850,4.13,4.33
8851,4.13,4.33
8852,4.13,4.33
8853,4.13,4.32
8854,4.13,4.32
8856,4.13,4.31
8857,4.13,4.31
8858,4.13,4.31
8859,4.13,4.30
8860,4.13,4.30
8861,4.13,4.30
8862,4.13,4.30
8863,4.13,4.30
8865,4.13,4.29
8866,4.13,4.29
8867,4.13,4.29
8868,4.13,4.28
8869,4.13,4.28
8870,4.13,4.28
8871,4.13,4.28
8872,4.13,4.28
8875,4.13,4.27
8876,4.13,4.27
8877,4.13,4.27
8878,4.13,4.27
8879,4.13,4.27
8880,4.13,4.27
8881,4.13,4.26
8883,4.13,4.26
8884,4.13,4.26
8885,4.13,4.26
8886,4.13,4.26
8887,4.13,4.25
8888,4.13,4.25
8889,4.13,4.25
8891,4.13,4.25
8892,4.13,4.25
8893,4.13,4.25
8894,4.13,4.25
8895,4.13,4.24
8896,4.13,4.24
8897,4.13,4.24
8898,4.13,4.24
8900,4.13,4.24
8901,4.13,4.24
8902,4.13,4.24
8903,4.13,4.24
8904,4.13,4.24
8905,4.13,4.23
8906,4.13,4.23
8908,4.13,4.23
8909,4.13,4.23
8910,4.13,4.23
8911,4.13,4.23
8912,4.13,4.23
8913,4.13,4.23
8914,4.13,4.23
8915,4.13,4.23
8918,4.13,4.23
8919,4.13,4.23
8920,4.13,4.22
8921,4.13,4.23
8922,4.13,4.22
8923,4.13,4.22
8924,4.13,4.22
8926,4.13,4.22
8927,4.13,4.22
8928,4.13,4.22
8929,4.13,4.22
8930,4.13,4.22
8931,4.13,4.22
8932,4.13,4.22
8933,4.13,4.22
8935,4.13,4.22
8936,4.13,4.22
8937,4.13,4.22
8938,4.13,4.22
8939,4.13,4.22
8940,4.13,4.22
8941,4.13,4.22
8942,4.13,4.22
8944,4.13,4.22
8945,4.13,4.22
8946,4.13,4.22
8947,4.13,4.22
8948,4.13,4.22
8949,4.13,4.22
8950,4.13,4.22
8952,4.13,4.22
8953,4.13,4.22
8954,4.13,4.22
8955,4.13,4.22
8956,4.13,4.22
8957,4.13,4.21
8958,4.13,4.22
8960,4.13,4.22
8962,4.13,4.21
8963,4.13,4.22
8964,4.13,4.21
8965,4.13,4.22
8966,4.13,4.22
8967,4.13,4.22
8968,4.13,4.22
8970,4.13,4.22
8971,4.13,4.22
8972,4.13,4.22
8973,4.13,4.22
8974,4.13,4.22
8975,4.13,4.22
8976,4.13,4.22
8977,4.13,4.22
8979,4.13,4.22
8980,4.13,4.22
8981,4.13,4.22
8982,4.13,4.22
8983,4.13,4.22
8984,4.13,4.22
8985,4.13,4.22
8987,4.13,4.22
8988,4.13,4.22
8989,4.13,4.22
8990,4.13,4.22
8991,4.13,4.22
8992,4.13,4.22
8993,4.13,4.22
8994,4.13,4.22
8996,4.13,4.22
8997,4.13,4.22
8998,4.13,4.22
8999,4.13,4.22
9000,4.13,4.22
9001,4.13,4.22
9003,4.13,4.22
9004,4.13,4.22
9006,4.13,4.22
9007,4.13,4.22
9008,4.13,4.22
9009,4.13,4.22
9010,4.13,4.22
9011,4.13,4.22
9012,4.13,4.23
9014,4.13,4.22
9015,4.13,4.22
9016,4.13,4.23
9017,4.13,4.23
9018,4.13,4.22
9019,4.13,4.23
9020,4.13,4.23
9021,4.13,4.23
9023,4.13,4.23
9024,4.13,4.23
9025,4.13,4.23
9026,4.13,4.23
9027,4.13,4.23
9028,4.13,4.23
9029,4.13,4.23
9031,4.13,4.23
9032,4.13,4.23
9033,4.13,4.23
9034,4.13,4.23
9035,4.13,4.23
9036,4.13,4.23
9037,4.13,4.23
9038,4.13,4.23
9040,4.13,4.23
9041,4.13,4.23
9042,4.13,4.23
9043,4.13,4.23
9044,4.13,4.23
9046,4.13,4.24
9047,4.13,4.23
9048,4.13,4.24
9050,4.13,4.24
9051,4.13,4.24
9052,4.13,4.24
9053,4.13,4.24
9054,4.13,4.24
9055,4.13,4.24
9056,4.13,4.24
9058,4.13,4.24
9059,4.13,4.24
9060,4.13,4.24
9061,4.13,4.24
9062,4.13,4.24
9063,4.13,4.24
9064,4.13,4.24
9065,4.13,4.24
9067,4.13,4.24
9068,4.13,4.24
9069,4.13,4.24
9070,4.13,4.24
9071,4.13,4.24
9072,4.13,4.24
9073,4.13,4.24
9074,4.13,4.24
9076,4.13,4.24
9077,4.13,4.24
9078,4.13,4.24
9079,4.13,4.24
9080,4.13,4.24
9081,4.13,4.24
9082,4.13,4.24
9083,4.13,4.24
9085,4.13,4.24
9086,4.13,4.24
9088,4.13,4.24
9089,4.13,4.24
9090,4.13,4.24
9091,4.13,4.24
9092,4.13,4.24
9093,4.13,4.24
9095,4.13,4.24
9096,4.13,4.25
9097,4.13,4.25
9098,4.13,4.25
9099,4.13,4.25
9100,4.13,4.25
9101,4.13,4.25
9103,4.13,4.25
9104,4.13,4.25
9105,4.13,4.25
9106,4.13,4.25
9107,4.13,4.25
9108,4.13,4.25
9109,4.13,4.25
9110,4.13,4.25
9112,4.13,4.25
9113,4.13,4.25
9114,4.13,4.25
9115,4.13,4.25
9116,4.13,4.25
9117,4.13,4.25
9118,4.13,4.25
9120,4.13,4.25
9121,4.13,4.25
9122,4.13,4.25
9123,4.13,4.25
9124,4.13,4.25
9125,4.13,4.25
9126,4.13,4.24
9128,4.13,4.24
9129,4.13,4.24
9131,4.13,4.24
9132,4.13,4.24
9133,4.13,4.24
9134,4.13,4.24
9135,4.13,4.24
9136,4.13,4.24
9138,4.12,4.24
9139,4.12,4.24
9140,4.12,4.24
9141,4.12,4.24
9142,4.12,4.24
9143,4.12,4.24
9144,4.12,4.24
9145,4.12,4.24
9147,4.12,4.24
9148,4.12,4.25
9149,4.12,4.25
9150,4.12,4.25
9151,4.12,4.25
9152,4.12,4.25
9153,4.12,4.26
9155,4.12,4.26
9156,4.12,4.26
9157,4.12,4.26
9158,4.12,4.27
9159,4.12,4.27
9160,4.12,4.27
9161,4.12,4.27
9162,4.12,4.28
9164,4.12,4.28
9165,4.12,4.28
9166,4.12,4.29
9167,4.12,4.29
9168,4.12,4.29
9169,4.12,4.29
9170,4.12,4.30
9172,4.12,4.30
9174,4.12,4.30
9175,4.12,4.31
9176,4.12,4.31
9177,4.12,4.31
9178,4.12,4.32
9179,4.12,4.32
9180,4.12,4.33
9182,4.12,4.33
9183,4.12,4.33
9184,4.12,4.34
9185,4.12,4.34
9186,4.12,4.34
9187,4.12,4.34
9188,4.13,4.35
9190,4.12,4.35
9191,4.12,4.35
9192,4.12,4.35
9193,4.12,4.35
9194,4.12,4.36
9195,4.12,4.36
9196,4.12,4.36
9198,4.12,4.37
9199,4.12,4.37
9200,4.12,4.37
9201,4.12,4.37
9202,4.12,4.38
9203,4.12,4.38
9204,4.12,4.38
9205,4.12,4.38
9207,4.12,4.39
9208,4.12,4.39
9209,4.12,4.39
9210,4.12,4.39
9211,4.12,4.40
9212,4.12,4.40
9213,4.12,4.40
9214,4.12,4.40
9217,4.12,4.41
9218,4.12,4.41
9219,4.12,4.41
9220,4.12,4.41
9221,4.12,4.41
9222,4.12,4.42
9223,4.12,4.42
9224,4.12,4.42
9226,4.12,4.42
9227,4.12,4.43
9228,4.12,4.43
9229,4.12,4.43
9230,4.12,4.43
9231,4.12,4.43
9232,4.12,4.44
9234,4.12,4.44
9235,4.12,4.44
9236,4.12,4.44
9237,4.12,4.45
9238,4.12,4.45
9239,4.12,4.45
9240,4.12,4.45
9241,4.12,4.45
9243,4.12,4.46
9244,4.11,4.46
9245,4.11,4.46
9246,4.11,4.46
9247,4.11,4.47
9248,4.11,4.47
9249,4.11,4.47
9251,4.11,4.48
9252,4.11,4.48
9253,4.11,4.49
9254,4.12,4.49
9255,4.11,4.49
9256,4.12,4.50
9257,4.12,4.50
9259,4.12,4.51
9261,4.11,4.51
9262,4.12,4.51
9263,4.12,4.52
9264,4.11,4.52
9265,4.12,4.52
9266,4.12,4.53
9267,4.11,4.53
9269,4.12,4.53
9270,4.11,4.53
9271,4.11,4.54
9272,4.11,4.54
9273,4.12,4.54
9274,4.11,4.54
9275,4.11,4.55
9276,4.11,4.55
9278,4.11,4.55
9279,4.11,4.55
9280,4.11,4.56
9281,4.11,4.56
9282,4.11,4.56
9283,4.11,4.56
9284,4.11,4.56
9286,4.11,4.57
9287,4.11,4.57
9288,4.11,4.57
9289,4.11,4.57
9290,4.11,4.57
9291,4.11,4.57
9292,4.11,4.58
9293,4.11,4.58
9295,4.11,4.58
9296,4.11,4.59
9297,4.11,4.59
9298,4.11,4.59
9299,4.11,4.59
9300,4.11,4.60
9302,4.11,4.60
9304,4.11,4.60
9305,4.11,4.61
9306,4.11,4.61
9307,4.11,4.61
9308,4.11,4.62
9309,4.11,4.62
9310,4.11,4.63
9311,4.11,4.63
9313,4.11,4.63
9314,4.11,4.64
9315,4.11,4.64
9316,4.11,4.65
9317,4.11,4.65
9318,4.11,4.66
9319,4.11,4.66
9320,4.11,4.67
9322,4.11,4.67
9323,4.11,4.68
9324,4.11,4.68
9325,4.11,4.69
9326,4.11,4.69
9327,4.11,4.70
9328,4.11,4.70
9330,4.11,4.71
9331,4.11,4.71
9332,4.11,4.72
9333,4.11,4.72
9334,4.11,4.72
9335,4.11,4.72
9336,4.11,4.73
9337,4.11,4.73
9339,4.11,4.73
9340,4.11,4.73
9341,4.11,4.74
9342,4.11,4.74
9344,4.11,4.74
9345,4.11,4.74
9346,4.11,4.74
9348,4.11,4.74
9349,4.11,4.74
9350,4.11,4.74
9351,4.10,4.74
9352,4.10,4.74
9353,4.10,4.74
9354,4.10,4.74
9355,4.10,4.74
9357,4.10,4.74
9358,4.10,4.74
9359,4.10,4.74
9360,4.10,4.73
9361,4.10,4.73
9362,4.10,4.73
9363,4.10,4.73
9364,4.10,4.73
9366,4.10,4.72
9367,4.10,4.72
9368,4.10,4.72
9369,4.10,4.72
9370,4.10,4.72
9371,4.10,4.72
9372,4.10,4.71
9374,4.10,4.71
9375,4.09,4.71
9376,4.09,4.70
9377,4.09,4.70
9378,4.09,4.70
9379,4.09,4.70
9380,4.09,4.70
9381,4.09,4.70
9382,4.09,4.69
9384,4.09,4.69
9385,4.09,4.69
9387,4.09,4.69
9388,4.09,4.69
9389,4.09,4.69
9390,4.09,4.69
9391,4.09,4.68
9392,4.09,4.68
9394,4.09,4.68
9395,4.08,4.68
9396,4.09,4.68
9397,4.08,4.68
9398,4.08,4.68
9399,4.08,4.68
9400,4.08,4.68
9401,4.08,4.68
9403,4.08,4.67
9404,4.08,4.68
9405,4.08,4.67
9406,4.08,4.67
9407,4.08,4.67
9408,4.08,4.67
9409,4.08,4.67
9410,4.08,4.67
9412,4.08,4.67
9413,4.08,4.67
9414,4.08,4.67
9415,4.08,4.67
9416,4.08,4.67
9417,4.08,4.67
9418,4.08,4.67
9419,4.08,4.67
9420,4.09,4.67
9422,4.09,4.67
9423,4.08,4.67
9424,4.09,4.67
9425,4.09,4.67
9426,4.09,4.68
9427,4.09,4.68
9428,4.08,4.68
9430,4.09,4.68
9432,4.08,4.68
9433,4.09,4.68
9434,4.09,4.68
9435,4.09,4.68
9436,4.09,4.68
9437,4.09,4.68
9438,4.09,4.69
9440,4.09,4.68
9441,4.09,4.69
9442,4.09,4.69
9443,4.09,4.69
9444,4.09,4.69
9445,4.09,4.69
9446,4.09,4.69
9447,4.09,4.69
9449,4.09,4.69
9450,4.09,4.69
9451,4.09,4.69
9452,4.09,4.69
9453,4.09,4.70
9454,4.09,4.70
9455,4.09,4.70
9456,4.09,4.70
9457,4.09,4.70
9459,4.09,4.70
9460,4.09,4.70
9461,4.09,4.70
9462,4.09,4.70
9463,4.09,4.70
9464,4.09,4.70
9465,4.09,4.71
9466,4.09,4.71
9468,4.09,4.71
9469,4.09,4.71
9470,4.09,4.71
9472,4.09,4.71
9473,4.09,4.71
9474,4.09,4.71
9475,4.09,4.71
9476,4.09,4.71
9478,4.08,4.69
9479,4.07,4.66
9480,4.05,4.62
9481,4.03,4.57
9482,4.00,4.54
9483,3.97,4.52
9484,3.96,4.51
9485,3.96,4.50
9487,3.96,4.50
9488,3.96,4.48
9489,3.95,4.45
9490,3.93,4.41
9491,3.91,4.38
9492,3.90,4.35
9493,3.88,4.32
9494,3.86,4.27
9496,3.83,4.22
9497,3.79,4.17
9498,3.76,4.13
9499,3.73,4.11
9500,3.71,4.10
9501,3.71,4.11
9502,3.72,4.12
9503,3.73,4.11
9505,3.74,4.09
9506,3.72,4.07
9507,3.71,4.04
9508,3.70,4.03
9509,3.69,4.00
9510,3.68,3.97
9511,3.65,3.94
9513,3.63,3.91
9515,3.61,3.87
9516,3.58,3.85
9517,3.57,3.85
9518,3.57,3.87
9519,3.59,3.89
9520,3.61,3.91
9521,3.63,3.91
9523,3.64,3.89
9524,3.63,3.87
9525,3.62,3.87
9526,3.62,3.86
9527,3.62,3.84
9528,3.61,3.81
9529,3.59,3.79
9531,3.58,3.76
9532,3.56,3.74
9533,3.55,3.74
9534,3.55,3.75
9535,3.57,3.78
9536,3.59,3.81
9537,3.62,3.82
9538,3.63,3.81
9540,3.64,3.80
9541,3.63,3.80
9542,3.64,3.80
9543,3.64,3.79
9544,3.64,3.77
9545,3.63,3.75
9546,3.62,3.73
9547,3.60,3.71
9549,3.59,3.71
9550,3.59,3.72
9551,3.60,3.74
9552,3.63,3.77
9553,3.66,3.80
9554,3.68,3.80
9555,3.68,3.79
9556,3.68,3.78
9559,3.67,3.77
9560,3.67,3.76
9561,3.66,3.75
9562,3.65,3.73
9563,3.64,3.71
9564,3.62,3.69
9565,3.60,3.67
9566,3.59,3.67
9568,3.59,3.69
9569,3.61,3.71
9570,3.64,3.74
9571,3.66,3.75
9572,3.67,3.75
9573,3.67,3.74
9574,3.66,3.72
9575,3.66,3.72
9577,3.64,3.70
9578,3.63,3.69
9579,3.61,3.67
9580,3.59,3.65
9581,3.58,3.63
9582,3.56,3.62
9583,3.56,3.63
9585,3.57,3.66
9586,3.59,3.69
9587,3.62,3.70
9588,3.64,3.70
9589,3.64,3.70
9590,3.64,3.69
9591,3.63,3.67
9592,3.61,3.66
9594,3.60,3.64
9595,3.58,3.62
9596,3.56,3.61
9597,3.55,3.59
9598,3.53,3.57
9600,3.52,3.58
9601,3.53,3.60
9603,3.55,3.63
9604,3.58,3.66
9605,3.60,3.67
9606,3.61,3.66
9607,3.61,3.66
9608,3.61,3.64
9609,3.59,3.63
9610,3.58,3.61
9612,3.57,3.60
9613,3.55,3.58
9614,3.54,3.56
9615,3.52,3.55
9616,3.51,3.55
9617,3.51,3.56
9618,3.53,3.59
9619,3.56,3.63
9621,3.59,3.65
9622,3.60,3.65
9623,3.61,3.64
9624,3.60,3.63
9625,3.60,3.62
9626,3.59,3.60
9627,3.57,3.59
9628,3.56,3.58
9630,3.54,3.56
9631,3.53,3.55
9632,3.51,3.53
9633,3.51,3.55
9634,3.52,3.57
9635,3.55,3.60
9636,3.58,3.63
9637,3.60,3.64
9639,3.61,3.64
9640,3.61,3.63
9641,3.61,3.62
9643,3.60,3.61
9644,3.58,3.59
9645,3.57,3.58
9646,3.55,3.56
9648,3.54,3.55
9649,3.52,3.53
9650,3.51,3.54
9651,3.52,3.56
9652,3.54,3.58
9653,3.57,3.62
9654,3.60,3.64
9655,3.62,3.64
9657,3.62,3.63
9658,3.61,3.62
9659,3.60,3.61
9660,3.59,3.59
9661,3.58,3.58
9662,3.57,3.57
9663,3.55,3.55
9664,3.54,3.54
9666,3.52,3.53
9667,3.52,3.55
9668,3.54,3.57
9669,3.56,3.61
9670,3.60,3.63
9671,3.62,3.64
9672,3.62,3.64
9673,3.62,3.63
9675,3.61,3.62
9676,3.60,3.60
9677,3.59,3.59
9678,3.58,3.57
9679,3.56,3.56
9680,3.55,3.55
9681,3.53,3.53
9682,3.52,3.54
9684,3.53,3.56
9686,3.56,3.59
9687,3.59,3.62
9688,3.61,3.64
9689,3.63,3.64
9690,3.62,3.63
9691,3.62,3.62
9693,3.61,3.61
9694,3.60,3.59
9695,3.59,3.58
9696,3.57,3.57
9697,3.55,3.55
9698,3.54,3.54
9699,3.52,3.53
9700,3.53,3.55
9702,3.55,3.58
9703,3.57,3.61
9704,3.61,3.63
9705,3.62,3.64
9706,3.63,3.63
9707,3.62,3.62
9708,3.61,3.61
9709,3.60,3.60
9711,3.59,3.59
9712,3.58,3.57
9713,3.56,3.55
9714,3.55,3.54
9715,3.53,3.53
9716,3.52,3.54
9717,3.54,3.57
9718,3.56,3.60
9720,3.59,3.63
9721,3.62,3.64
9722,3.63,3.64
9723,3.63,3.63
9724,3.62,3.62
9725,3.61,3.60
9726,3.60,3.59
9729,3.58,3.58
9730,3.57,3.56
9731,3.55,3.55
9732,3.54,3.53
9733,3.52,3.53
9734,3.53,3.55
9735,3.55,3.59
9736,3.59,3.62
9738,3.61,3.64
9739,3.63,3.64
9740,3.63,3.63
9741,3.63,3.62
9742,3.62,3.61
9743,3.61,3.60
9744,3.59,3.58
9745,3.58,3.57
9747,3.56,3.55
9748,3.55,3.54
9749,3.53,3.53
9750,3.53,3.55
9751,3.55,3.57
9752,3.57,3.61
9753,3.61,3.63
9754,3.63,3.64
9756,3.63,3.64
9757,3.63,3.63
9758,3.62,3.62
9759,3.61,3.60
9760,3.60,3.59
9761,3.59,3.57
9762,3.57,3.56
9764,3.55,3.55
9765,3.54,3.53
9766,3.53,3.54
9767,3.54,3.56
9768,3.56,3.59
9769,3.59,3.62
9771,3.62,3.63
9772,3.63,3.64
9774,3.63,3.63
9775,3.63,3.62
9776,3.62,3.61
9777,3.60,3.59
9778,3.59,3.58
9779,3.58,3.56
9780,3.56,3.55
9781,3.54,3.53
9783,3.53,3.53
9784,3.53,3.55
9785,3.55,3.57
9786,3.58,3.61
9787,3.61,3.63
9788,3.63,3.63
9789,3.63,3.63
9790,3.63,3.62
9792,3.62,3.61
9793,3.61,3.59
9794,3.59,3.58
9795,3.58,3.57
9796,3.56,3.55
9797,3.55,3.54
9798,3.53,3.53
9799,3.52,3.53
9801,3.54,3.56
9802,3.56,3.59
9803,3.59,3.62
9804,3.62,3.63
9805,3.63,3.63
9806,3.63,3.62
9807,3.62,3.61
9809,3.61,3.60
9810,3.60,3.59
9811,3.58,3.57
9812,3.57,3.56
9814,3.55,3.54
9815,3.54,3.53
9816,3.52,3.53
9817,3.53,3.55
9819,3.55,3.58
9820,3.58,3.61
9821,3.61,3.63
9822,3.62,3.63
9823,3.62,3.63
9824,3.62,3.61
9825,3.61,3.60
9826,3.60,3.59
9828,3.59,3.58
9829,3.57,3.56
9830,3.56,3.55
9831,3.54,3.53
9832,3.53,3.52
9833,3.52,3.54
9834,3.54,3.56
9835,3.56,3.59
9837,3.60,3.62
9838,3.62,3.62
9839,3.63,3.63
9840,3.62,3.62
9841,3.62,3.61
9842,3.61,3.60
9843,3.60,3.58
9844,3.58,3.57
9846,3.57,3.55
9847,3.55,3.54
9848,3.53,3.52
9849,3.52,3.53
9850,3.53,3.55
9851,3.55,3.58
9852,3.58,3.61
9853,3.61,3.63
9856,3.62,3.63
9857,3.63,3.62
9858,3.62,3.61
9859,3.61,3.60
9860,3.60,3.59
9861,3.59,3.57
9862,3.57,3.56
9864,3.56,3.54
9865,3.54,3.53
9866,3.52,3.52
9867,3.52,3.54
9868,3.54,3.56
9869,3.57,3.60
9870,3.60,3.62
9871,3.62,3.63
9873,3.63,3.62
9874,3.62,3.62
9875,3.61,3.61
9876,3.60,3.59
9877,3.59,3.58
9878,3.58,3.56
9879,3.56,3.55
9880,3.55,3.53
9882,3.53,3.52
9883,3.52,3.53
9884,3.53,3.55
9885,3.55,3.58
9886,3.59,3.61
9887,3.61,3.62
9888,3.62,3.62
9889,3.62,3.62
9891,3.62,3.61
9892,3.61,3.60
9893,3.60,3.58
9894,3.58,3.57
9895,3.57,3.55
9896,3.55,3.54
9897,3.54,3.52
9899,3.52,3.52
9901,3.52,3.54
9902,3.54,3.56
9903,3.57,3.60
9904,3.60,3.62
9905,3.62,3.62
9906,3.62,3.62
9907,3.62,3.61
9908,3.61,3.60
9910,3.60,3.59
9911,3.59,3.57
9912,3.57,3.56
9913,3.56,3.54
9914,3.54,3.53
9915,3.52,3.52
9916,3.52,3.53
9918,3.53,3.55
9919,3.56,3.58
9920,3.59,3.61
9921,3.61,3.62
9922,3.62,3.62
9923,3.62,3.61
9924,3.61,3.60
9925,3.60,3.59
9927,3.59,3.58
9928,3.58,3.56
9929,3.56,3.55
9930,3.55,3.53
9931,3.53,3.52
9932,3.52,3.52
9933,3.52,3.54
9934,3.54,3.57
9936,3.57,3.60
9937,3.60,3.62
9938,3.62,3.62
9939,3.62,3.61
9940,3.61,3.60
9942,3.60,3.59
9943,3.59,3.58
9944,3.58,3.57
9946,3.57,3.55
9947,3.55,3.54
9948,3.54,3.52
9949,3.52,3.52
9950,3.51,3.53
9951,3.53,3.55
9952,3.56,3.58
9953,3.59,3.61
9955,3.61,3.61
9956,3.62,3.61
9957,3.61,3.61
9958,3.61,3.59
9959,3.60,3.58
9960,3.58,3.57
9961,3.57,3.56
9963,3.55,3.54
9964,3.54,3.52
9965,3.52,3.51
9966,3.51,3.52
9967,3.52,3.54
9968,3.54,3.57
9969,3.57,3.60
9970,3.60,3.61
9972,3.61,3.61
9973,3.61,3.61
9974,3.61,3.60
9975,3.60,3.59
9976,3.59,3.57
9977,3.57,3.56
9978,3.56,3.55
9979,3.54,3.53
9981,3.53,3.52
9982,3.51,3.51
9984,3.51,3.52
9985,3.53,3.55
9986,3.56,3.59
9987,3.59,3.61
9988,3.61,3.61
9989,3.61,3.61
9991,3.61,3.60
9992,3.60,3.59
9993,3.59,3.57
9994,3.58,3.56
9995,3.56,3.55
9996,3.55,3.54
9997,3.53,3.52
9998,3.52,3.51
10000,3.51,3.51
10001,3.52,3.54
10002,3.55,3.57
10003,3.58,3.60
10004,3.61,3.61
10005,3.61,3.61
10007,3.61,3.60
10008,3.60,3.59
10009,3.59,3.58
10010,3.58,3.57
10011,3.57,3.55
10013,3.55,3.54
10014,3.54,3.52
10015,3.52,3.51
10016,3.51,3.52
10017,3.53,3.55
10018,3.56,3.58
10020,3.59,3.61
10021,3.61,3.61
10022,3.61,3.61
10023,3.61,3.60
10024,3.60,3.59
10027,3.59,3.58
10028,3.58,3.56
10029,3.56,3.55
10030,3.55,3.53
10031,3.53,3.52
10032,3.51,3.51
10034,3.51,3.52
10035,3.53,3.55
10036,3.56,3.59
10037,3.59,3.61
10038,3.61,3.61
10040,3.61,3.61
10041,3.61,3.60
10042,3.60,3.59
10043,3.59,3.57
10044,3.58,3.56
10045,3.56,3.54
10047,3.54,3.54
10048,3.53,3.51
10049,3.51,3.51
10050,3.52,3.53
10051,3.54,3.56
10052,3.57,3.60
10054,3.60,3.61
10055,3.61,3.61
10056,3.61,3.61
10057,3.61,3.60
10058,3.60,3.59
10060,3.58,3.57
10061,3.57,3.56
10062,3.56,3.54
10063,3.54,3.53
10064,3.52,3.51
10065,3.51,3.51
10067,3.52,3.54
10068,3.54,3.57
10070,3.58,3.60
10071,3.60,3.61
10072,3.61,3.61
10074,3.61,3.60
10075,3.60,3.59
10076,3.60,3.58
10077,3.58,3.57
10078,3.57,3.55
10079,3.55,3.54
10081,3.54,3.52
10082,3.52,3.51
10083,3.51,3.52
10084,3.52,3.54
10085,3.55,3.57
10086,3.58,3.60
10088,3.61,3.61
10089,3.61,3.61
10090,3.61,3.60
10091,3.60,3.59
10092,3.59,3.58
10094,3.58,3.57
10095,3.57,3.55
10096,3.55,3.54
10097,3.53,3.52
10098,3.52,3.51
10099,3.51,3.52
10101,3.53,3.55
10102,3.56,3.58
10103,3.59,3.61
10104,3.61,3.61
10105,3.61,3.61
10107,3.61,3.60
10108,3.60,3.59
10109,3.59,3.58
10110,3.58,3.56
10112,3.56,3.55
10113,3.55,3.53
10115,3.53,3.52
10116,3.51,3.51
10117,3.51,3.52
10118,3.53,3.55
10119,3.56,3.59
10121,3.60,3.61
10122,3.61,3.61
10123,3.61,3.61
10124,3.61,3.60
10125,3.60,3.59
10126,3.59,3.57
10128,3.58,3.56
10129,3.56,3.55
10130,3.54,3.53
10131,3.53,3.51
10132,3.51,3.51
10133,3.52,3.53
10135,3.54,3.56
10136,3.57,3.60
10137,3.60,3.61
10138,3.61,3.61
10139,3.62,3.61
10141,3.61,3.60
10142,3.60,3.59
10143,3.59,3.57
10144,3.57,3.56
10145,3.56,3.54
10146,3.54,3.53
10148,3.52,3.51
10149,3.51,3.51
10150,3.52,3.54
10151,3.55,3.57
10152,3.58,3.60
10155,3.60,3.61
10156,3.61,3.61
10157,3.61,3.61
10158,3.61,3.59
10159,3.60,3.58
10160,3.58,3.57
10162,3.57,3.56
10163,3.56,3.54
10164,3.54,3.52
10165,3.52,3.51
10166,3.51,3.52
10167,3.52,3.54
10169,3.55,3.58
10170,3.59,3.61
10171,3.61,3.61
10172,3.62,3.61
10173,3.61,3.61
10175,3.61,3.60
10176,3.60,3.58
10177,3.58,3.57
10178,3.57,3.55
10179,3.55,3.54
10180,3.54,3.52
10182,3.52,3.51
10183,3.51,3.52
10184,3.53,3.55
10185,3.56,3.59
10186,3.59,3.61
10188,3.61,3.62
10189,3.62,3.61
10190,3.61,3.60
10191,3.61,3.59
10192,3.59,3.58
10193,3.58,3.57
10195,3.56,3.55
10196,3.55,3.53
10198,3.53,3.52
10199,3.52,3.51
10200,3.52,3.53
10202,3.53,3.56
10203,3.57,3.60
10204,3.60,3.61
10205,3.61,3.62
10206,3.62,3.61
10207,3.61,3.60
10209,3.60,3.59
10210,3.59,3.58
10211,3.58,3.56
10212,3.56,3.55
10213,3.54,3.53
10214,3.53,3.51
10216,3.51,3.51
10217,3.52,3.53
10218,3.54,3.57
10219,3.57,3.60
10220,3.60,3.61
10222,3.61,3.61
10223,3.61,3.61
10224,3.61,3.60
10225,3.60,3.59
10226,3.58,3.57
10227,3.57,3.56
10229,3.56,3.54
10230,3.54,3.53
10231,3.52,3.51
10232,3.51,3.52
10233,3.51,3.54
10235,3.54,3.57
10236,3.57,3.60
10237,3.60,3.61
10238,3.61,3.61
10240,3.60,3.60
10241,3.60,3.59
10243,3.59,3.58
10244,3.58,3.56
10245,3.56,3.55
10246,3.55,3.54
10247,3.53,3.52
10248,3.51,3.51
10250,3.50,3.51
10251,3.51,3.53
10252,3.54,3.57
10253,3.57,3.60
10254,3.59,3.60
10256,3.60,3.60
10257,3.60,3.60
10258,3.59,3.58
10259,3.58,3.57
10260,3.57,3.56
10261,3.55,3.54
10263,3.54,3.53
10264,3.52,3.51
10265,3.51,3.50
10266,3.50,3.51
10267,3.51,3.54
10268,3.54,3.57
10270,3.57,3.59
10271,3.59,3.60
10272,3.59,3.59
10273,3.59,3.59
10274,3.58,3.57
10276,3.57,3.56
10277,3.56,3.55
10278,3.54,3.53
10279,3.53,3.52
10280,3.51,3.51
10281,3.50,3.50
10284,3.49,3.51
10285,3.51,3.54
10286,3.54,3.57
10287,3.57,3.59
10288,3.58,3.59
10290,3.59,3.59
10291,3.58,3.58
10292,3.57,3.57
10293,3.56,3.55
10294,3.55,3.54
10295,3.54,3.53
10297,3.52,3.52
10298,3.50,3.50
10299,3.49,3.49
10300,3.49,3.51
10301,3.51,3.54
10302,3.54,3.57
10304,3.57,3.59
10305,3.58,3.59
10306,3.58,3.58
10307,3.57,3.57
10308,3.56,3.56
10310,3.55,3.55
10311,3.54,3.53
10312,3.53,3.52
10313,3.51,3.50
10314,3.50,3.49
10315,3.48,3.49
10317,3.49,3.52
10318,3.52,3.55
10319,3.56,3.58
10320,3.58,3.59
10321,3.59,3.59
10323,3.59,3.58
10324,3.59,3.57
10326,3.58,3.56
10327,3.56,3.55
10328,3.55,3.54
10329,3.54,3.51
10331,3.52,3.51
10332,3.51,3.49
10333,3.50,3.51
10334,3.51,3.53
10335,3.54,3.57
10336,3.58,3.59
10338,3.60,3.60
10339,3.61,3.60
10340,3.60,3.59
10341,3.60,3.58
10342,3.59,3.57
10344,3.57,3.55
10345,3.56,3.54
10346,3.55,3.53
10347,3.53,3.51
10348,3.51,3.50
10349,3.51,3.51
10351,3.53,3.55
10352,3.56,3.58
10353,3.59,3.60
10354,3.61,3.61
10355,3.61,3.60
10356,3.61,3.60
10358,3.60,3.58
10359,3.59,3.57
10360,3.58,3.56
10361,3.56,3.54
10362,3.55,3.53
10364,3.53,3.51
10365,3.52,3.51
10366,3.52,3.53
10368,3.54,3.56
10369,3.57,3.59
10370,3.60,3.61
10372,3.61,3.61
10373,3.62,3.60
10374,3.61,3.59
10375,3.60,3.58
10376,3.59,3.57
10378,3.58,3.55
10379,3.56,3.54
10380,3.54,3.52
10381,3.53,3.51
10382,3.51,3.51
10383,3.52,3.53
10385,3.55,3.56
10386,3.58,3.59
10387,3.61,3.61
10388,3.62,3.61
10389,3.62,3.60
10390,3.61,3.60
10392,3.60,3.58
10393,3.59,3.57
10394,3.58,3.55
10395,3.56,3.53
10396,3.54,3.52
10398,3.53,3.51
10399,3.52,3.52
10400,3.53,3.54
10401,3.56,3.57
10402,3.59,3.60
10403,3.61,3.61
10405,3.63,3.62
10406,3.62,3.61
10407,3.62,3.59
10408,3.61,3.58
10409,3.59,3.57
10412,3.58,3.56
10413,3.56,3.54
10414,3.55,3.52
10415,3.53,3.51
10416,3.53,3.53
10417,3.54,3.56
10419,3.57,3.59
10420,3.61,3.62
10421,3.63,3.62
10422,3.64,3.62
10423,3.63,3.61
10425,3.62,3.60
10426,3.61,3.59
10427,3.60,3.57
10428,3.58,3.56
10429,3.57,3.54
10430,3.55,3.52
10432,3.53,3.52
10433,3.53,3.54
10434,3.56,3.57
10435,3.59,3.60
10436,3.62,3.62
10437,3.63,3.63
10439,3.64,3.62
10440,3.63,3.61
10441,3.63,3.60
10442,3.61,3.58
10443,3.60,3.57
10445,3.58,3.56
10446,3.56,3.54
10447,3.55,3.53
10448,3.53,3.52
10449,3.54,3.54
10450,3.56,3.58
10452,3.59,3.61
10454,3.62,3.62
10455,3.64,3.62
10456,3.64,3.62
10457,3.63,3.61
10459,3.62,3.60
10460,3.61,3.58
10461,3.59,3.57
10462,3.57,3.55
10463,3.56,3.54
10464,3.54,3.52
10466,3.53,3.53
10467,3.54,3.55
10468,3.56,3.57
10469,3.58,3.59
10470,3.60,3.60
10471,3.60,3.60
10473,3.60,3.59
10474,3.59,3.58
10475,3.58,3.57
10476,3.57,3.55
10477,3.55,3.54
10479,3.54,3.53
10480,3.52,3.51
10481,3.50,3.50
10482,3.49,3.49
10483,3.49,3.50
10484,3.49,3.49
10486,3.48,3.49
10487,3.48,3.49
10488,3.47,3.48
10489,3.46,3.47
10490,3.44,3.45
10491,3.42,3.44
10493,3.41,3.43
10494,3.38,3.41
10496,3.37,3.39
10497,3.35,3.38
10498,3.33,3.36
10500,3.32,3.37
10501,3.33,3.38
10502,3.33,3.38
10503,3.34,3.39
10504,3.35,3.38
10505,3.35,3.37
10507,3.34,3.36
10508,3.34,3.35
10509,3.33,3.34
10510,3.31,3.32
10511,3.30,3.30
10513,3.29,3.29
10514,3.28,3.28
10515,3.26,3.28
10516,3.27,3.30
10517,3.30,3.34
10518,3.34,3.39
10520,3.38,3.42
10521,3.41,3.43
10522,3.43,3.43
10523,3.44,3.43
10524,3.44,3.43
10526,3.45,3.43
10527,3.45,3.42
10528,3.45,3.42
10529,3.44,3.41
10530,3.43,3.40
10531,3.43,3.41
10533,3.44,3.45
10534,3.48,3.48
10535,3.52,3.54
10536,3.56,3.56
10537,3.59,3.57
10540,3.60,3.57
10541,3.60,3.58
10542,3.60,3.58
10543,3.60,3.57
10544,3.59,3.56
10545,3.58,3.55
10547,3.57,3.53
10548,3.55,3.53
10549,3.56,3.54
10550,3.58,3.58
10551,3.61,3.61
10552,3.65,3.65
10554,3.68,3.66
10555,3.70,3.66
10556,3.70,3.66
10557,3.70,3.67
10558,3.70,3.67
10560,3.70,3.66
10561,3.69,3.65
10562,3.68,3.63
10563,3.66,3.61
10564,3.65,3.62
10565,3.67,3.65
10567,3.69,3.68
10568,3.73,3.72
10569,3.77,3.75
10570,3.80,3.77
10571,3.83,3.81
10573,3.87,3.84
10574,3.91,3.88
10575,3.95,3.91
10576,3.99,3.95
10577,4.04,3.99
10578,4.08,4.03
10580,4.13,4.07
10582,4.17,4.11
10583,4.21,4.15
10584,4.26,4.18
10585,4.30,4.22
10586,4.34,4.25
10588,4.37,4.28
10589,4.41,4.32
10590,4.44,4.34
10591,4.48,4.37
10592,4.51,4.39
10594,4.54,4.42
10595,4.57,4.44
10596,4.59,4.46
10597,4.61,4.48
10598,4.63,4.50
10599,4.65,4.52
10601,4.67,4.54
10602,4.68,4.56
10603,4.69,4.57
10604,4.70,4.58
10605,4.70,4.60
10607,4.70,4.60
10608,4.70,4.61
10609,4.70,4.62
10610,4.70,4.63
10611,4.69,4.63
10612,4.69,4.64
10614,4.68,4.64
10615,4.67,4.64
10616,4.66,4.64
10617,4.65,4.64
10618,4.64,4.65
10619,4.63,4.65
10621,4.62,4.65
10622,4.60,4.64
10624,4.59,4.64
10625,4.58,4.64
10626,4.57,4.64
10628,4.56,4.64
10629,4.54,4.64
10630,4.53,4.64
10631,4.52,4.64
10632,4.51,4.64
10633,4.49,4.64
10635,4.48,4.63
10636,4.47,4.63
10637,4.46,4.63
10638,4.45,4.63
10639,4.44,4.63
10640,4.43,4.63
10642,4.42,4.63
10643,4.41,4.63
10644,4.40,4.63
10645,4.39,4.63
10646,4.38,4.64
10648,4.37,4.64
10649,4.37,4.64
10650,4.36,4.64
10651,4.36,4.64
10652,4.35,4.64
10653,4.35,4.65
10655,4.34,4.65
10656,4.34,4.65
10657,4.33,4.65
10658,4.33,4.66
10659,4.33,4.66
10661,4.32,4.66
10662,4.32,4.67
10663,4.32,4.67
10664,4.31,4.67
10665,4.31,4.68
10667,4.31,4.68
10669,4.31,4.68
10670,4.30,4.69
10671,4.30,4.69
10672,4.30,4.70
10673,4.30,4.70
10675,4.29,4.70
10676,4.29,4.71
10677,4.29,4.71
10678,4.29,4.72
10679,4.29,4.72
10680,4.29,4.73
10682,4.29,4.73
10683,4.29,4.73
10684,4.29,4.74
10685,4.28,4.74
10686,4.28,4.74
10688,4.28,4.75
10689,4.28,4.75
10690,4.28,4.76
10691,4.28,4.76
10692,4.28,4.77
10693,4.28,4.77
10695,4.28,4.77
10696,4.28,4.78
10697,4.27,4.78
10698,4.27,4.78
10699,4.27,4.78
10701,4.27,4.79
10702,4.27,4.79
10703,4.27,4.79
10704,4.27,4.80
10705,4.27,4.80
10706,4.27,4.81
10708,4.27,4.81
10710,4.27,4.81
10711,4.27,4.82
10712,4.26,4.82
10713,4.26,4.83
10715,4.26,4.83
10716,4.26,4.83
10717,4.26,4.84
10718,4.26,4.84
10719,4.26,4.84
10720,4.26,4.84
10722,4.26,4.85
10723,4.25,4.85
10724,4.25,4.86
10725,4.25,4.86
10726,4.25,4.87
10727,4.25,4.87
10729,4.25,4.87
10730,4.25,4.88
10731,4.25,4.88
10732,4.24,4.88
10733,4.24,4.88
10735,4.24,4.89
10736,4.24,4.89
10737,4.24,4.89
10738,4.24,4.90
10739,4.24,4.90
10740,4.24,4.90
10742,4.24,4.90
10743,4.23,4.91
10744,4.23,4.91
10745,4.23,4.91
10746,4.23,4.91
10747,4.23,4.92
10749,4.23,4.92
10750,4.23,4.92
10752,4.23,4.92
10753,4.23,4.92
10754,4.23,4.92
10756,4.23,4.92
10757,4.22,4.93
10758,4.22,4.93
10759,4.22,4.93
10760,4.22,4.93
10761,4.22,4.93
10763,4.22,4.93
10764,4.22,4.93
10765,4.22,4.94
10766,4.22,4.94
10767,4.21,4.94
10769,4.21,4.94
10770,4.21,4.94
10771,4.21,4.94
10772,4.21,4.94
10773,4.21,4.94
10774,4.21,4.94
10776,4.21,4.94
10777,4.21,4.95
10778,4.21,4.94
10779,4.21,4.95
10780,4.21,4.95
10782,4.21,4.95
10783,4.21,4.95
10784,4.21,4.95
10785,4.21,4.95
10786,4.20,4.95
10787,4.20,4.95
10789,4.20,4.95
10790,4.20,4.95
10791,4.20,4.95
10792,4.20,4.95
10793,4.20,4.95
10795,4.20,4.95
10797,4.20,4.96
10798,4.20,4.96
10799,4.20,4.96
10800,4.20,4.96
10801,4.20,4.96
10803,4.20,4.96
10804,4.20,4.96
10805,4.20,4.96
10806,4.19,4.96
10807,4.20,4.96
10808,4.19,4.96
10810,4.19,4.96
10811,4.19,4.96
10812,4.19,4.96
10813,4.19,4.96
10814,4.19,4.96
10816,4.19,4.96
10817,4.19,4.96
10818,4.19,4.96
10819,4.19,4.96
10820,4.19,4.96
10821,4.19,4.96
10823,4.19,4.96
10824,4.19,4.96
10825,4.19,4.97
10826,4.19,4.97
10827,4.19,4.96
10829,4.19,4.97
10830,4.19,4.96
10831,4.19,4.96
10832,4.19,4.97
10833,4.19,4.97
10834,4.18,4.96
10836,4.18,4.96
10838,4.19,4.97
10839,4.18,4.96
10840,4.18,4.97
10841,4.18,4.97
10843,4.18,4.97
10844,4.18,4.97
10845,4.18,4.97
10846,4.18,4.97
10847,4.18,4.97
10848,4.18,4.97
10850,4.18,4.97
10851,4.18,4.97
10852,4.18,4.97
10853,4.18,4.97
10854,4.18,4.97
10856,4.18,4.97
10857,4.18,4.97
10858,4.18,4.97
10859,4.18,4.97
10860,4.18,4.97
10862,4.18,4.97
10863,4.18,4.97
10864,4.18,4.97
10865,4.18,4.97
10866,4.18,4.97
10867,4.18,4.97
10869,4.18,4.97
10870,4.18,4.97
10871,4.18,4.97
10872,4.18,4.97
10873,4.18,4.97
10875,4.18,4.97
10876,4.18,4.97
10877,4.18,4.97
10878,4.18,4.97
10880,4.18,4.97
10882,4.17,4.97
10883,4.18,4.97
10884,4.17,4.97
10885,4.17,4.97
10886,4.18,4.97
10887,4.17,4.97
10889,4.17,4.97
10890,4.18,4.97
10891,4.18,4.97
10892,4.17,4.97
10893,4.18,4.97
10895,4.17,4.97
10896,4.17,4.97
10897,4.17,4.97
10898,4.17,4.96
10899,4.17,4.97
10901,4.17,4.96
10902,4.18,4.96
10903,4.17,4.96
10904,4.17,4.96
10905,4.17,4.96
10906,4.17,4.95
10908,4.17,4.95
10909,4.17,4.95
10910,4.17,4.95
10911,4.17,4.95
10912,4.17,4.95
10914,4.17,4.95
10915,4.17,4.94
10916,4.17,4.94
10917,4.17,4.94
10918,4.17,4.94
10919,4.17,4.94
10921,4.17,4.93
10923,4.17,4.93
10924,4.17,4.93
10925,4.17,4.93
10926,4.17,4.93
10928,4.17,4.92
10929,4.17,4.92
10930,4.17,4.92
10931,4.17,4.92
10932,4.17,4.92
10933,4.16,4.91
10935,4.17,4.91
10936,4.17,4.91
10937,4.17,4.91
10938,4.16,4.90
10939,4.16,4.90
10941,4.16,4.90
10942,4.16,4.90
10943,4.16,4.89
10944,4.16,4.89
10945,4.16,4.89
10946,4.16,4.88
10948,4.16,4.88
10949,4.16,4.88
10950,4.16,4.87
10951,4.16,4.87
10952,4.16,4.87
10953,4.16,4.86
10955,4.16,4.86
10956,4.16,4.86
10957,4.16,4.85
10958,4.16,4.85
10959,4.16,4.84
10961,4.16,4.84
10962,4.16,4.83
10963,4.16,4.83
10964,4.16,4.83
10966,4.16,4.82
10967,4.16,4.81
10969,4.16,4.81
10970,4.16,4.80
10971,4.16,4.80
10972,4.16,4.79
10973,4.16,4.79
10975,4.16,4.79
10976,4.16,4.78
10977,4.15,4.78
10978,4.15,4.77
10979,4.15,4.77
10980,4.15,4.76
10982,4.15,4.76
10983,4.15,4.75
10984,4.15,4.75
10985,4.15,4.74
10986,4.15,4.73
10988,4.15,4.72
10989,4.15,4.72
10990,4.15,4.71
10991,4.15,4.71
10992,4.15,4.70
10993,4.14,4.69
10995,4.14,4.69
10996,4.14,4.68
10997,4.14,4.67
10998,4.14,4.66
10999,4.14,4.66
11001,4.14,4.65
11002,4.14,4.64
11003,4.14,4.64
11004,4.14,4.63
11005,4.14,4.62
11006,4.14,4.62
11009,4.14,4.61
11010,4.14,4.60
11011,4.14,4.60
11012,4.14,4.59
11013,4.14,4.58
11015,4.14,4.57
11016,4.14,4.57
11017,4.14,4.57
11018,4.13,4.56
11019,4.13,4.55
11020,4.13,4.54
11022,4.13,4.54
11023,4.13,4.53
11024,4.13,4.52
11025,4.13,4.52
11026,4.13,4.51
11028,4.13,4.50
11029,4.13,4.49
11030,4.13,4.49
11031,4.13,4.48
11032,4.13,4.47
11033,4.13,4.47
11035,4.13,4.46
11036,4.13,4.45
11037,4.13,4.45
11038,4.13,4.44
11039,4.13,4.43
11041,4.13,4.43
11042,4.13,4.42
11043,4.13,4.41
11044,4.13,4.41
11045,4.13,4.40
11046,4.13,4.40
11048,4.13,4.39
11049,4.13,4.39
11051,4.13,4.38
11052,4.13,4.37
11053,4.13,4.37
11055,4.13,4.36
11056,4.13,4.36
11057,4.13,4.35
11058,4.13,4.35
11059,4.13,4.35
11060,4.13,4.34
11062,4.13,4.34
11063,4.13,4.33
11064,4.13,4.33
11065,4.13,4.32
11066,4.13,4.32
11068,4.13,4.31
11069,4.13,4.31
11070,4.13,4.30
11071,4.13,4.30
11072,4.13,4.29
11074,4.13,4.29
11075,4.13,4.29
11076,4.13,4.28
11077,4.13,4.28
11078,4.13,4.28
11079,4.13,4.27
11081,4.13,4.27
11082,4.13,4.27
11083,4.13,4.26
11084,4.13,4.26
11085,4.13,4.26
11087,4.13,4.25
11088,4.13,4.25
11089,4.13,4.25
11090,4.13,4.24
11091,4.13,4.24
11094,4.13,4.24
11095,4.13,4.24
11096,4.13,4.23
11097,4.13,4.23
11098,4.13,4.23
11099,4.13,4.23
11101,4.13,4.22
11102,4.13,4.22
11103,4.13,4.22
11104,4.13,4.22
11105,4.13,4.21
11107,4.13,4.21
11108,4.13,4.21
11109,4.13,4.21
11110,4.13,4.21
11111,4.13,4.20
11112,4.13,4.20
11114,4.13,4.20
11115,4.13,4.20
11116,4.13,4.20
11117,4.13,4.20
11118,4.13,4.20
11119,4.13,4.20
11121,4.13,4.20
11122,4.13,4.19
11123,4.13,4.19
11124,4.13,4.19
11125,4.13,4.19
11127,4.13,4.19
11128,4.13,4.19
11129,4.13,4.19
11130,4.13,4.19
11131,4.13,4.19
11132,4.13,4.19
11134,4.13,4.19
11136,4.13,4.19
11137,4.13,4.18
11138,4.13,4.18
11139,4.13,4.18
11141,4.13,4.18
11142,4.13,4.18
11143,4.13,4.18
11144,4.13,4.18
11145,4.13,4.18
11146,4.13,4.18
11148,4.13,4.18
11149,4.13,4.18
11150,4.13,4.18
11151,4.13,4.18
11152,4.13,4.18
11154,4.13,4.18
11155,4.13,4.18
11156,4.13,4.18
11157,4.13,4.18
11158,4.13,4.18
11159,4.13,4.18
11161,4.13,4.18
11162,4.13,4.18
11163,4.14,4.18
11164,4.13,4.18
11165,4.13,4.18
11166,4.13,4.18
11168,4.13,4.18
11169,4.14,4.18
11170,4.13,4.18
11171,4.13,4.18
11172,4.14,4.18
11174,4.13,4.18
11175,4.13,4.18
11176,4.14,4.18
11177,4.13,4.18
11179,4.13,4.18
11180,4.13,4.18
11182,4.13,4.18
11183,4.13,4.18
11184,4.13,4.18
11185,4.13,4.18
11186,4.13,4.18
11188,4.14,4.18
11189,4.14,4.18
11190,4.14,4.18
11191,4.14,4.18
11192,4.14,4.18
11194,4.14,4.18
11195,4.14,4.18
11196,4.13,4.18
11197,4.13,4.18
11198,4.14,4.18
11199,4.13,4.18
11201,4.14,4.18
11202,4.13,4.18
11203,4.14,4.18
11204,4.13,4.18
11205,4.14,4.18
11207,4.14,4.18
11208,4.13,4.18
11209,4.14,4.18
11210,4.14,4.18
11211,4.14,4.18
11212,4.14,4.18
11214,4.14,4.18
11215,4.14,4.18
11216,4.14,4.18
11217,4.14,4.18
11218,4.14,4.18
11220,4.13,4.18
11222,4.14,4.18
11223,4.14,4.18
11224,4.14,4.18
11225,4.14,4.18
11226,4.14,4.19
11228,4.14,4.19
11229,4.13,4.18
11230,4.14,4.18
11231,4.14,4.19
11232,4.14,4.19
11233,4.14,4.19
11235,4.13,4.19
11236,4.13,4.19
11237,4.14,4.19
11238,4.14,4.19
11239,4.13,4.19
11241,4.13,4.19
11242,4.13,4.19
11243,4.13,4.19
11244,4.13,4.19
11245,4.13,4.19
11246,4.13,4.19
11248,4.13,4.19
11249,4.13,4.19
11250,4.13,4.19
11251,4.13,4.19
11252,4.13,4.19
11254,4.13,4.19
11255,4.13,4.19
11256,4.13,4.19
11257,4.13,4.19
11258,4.13,4.19
11259,4.13,4.19
11261,4.13,4.19
11262,4.13,4.19
11264,4.13,4.19
11265,4.13,4.19
11266,4.13,4.19
11268,4.13,4.19
11269,4.13,4.19
11270,4.13,4.19
11271,4.13,4.19
11272,4.13,4.19
11273,4.13,4.19
11275,4.13,4.19
11276,4.13,4.19
11277,4.13,4.19
11278,4.13,4.20
11279,4.13,4.19
11281,4.13,4.20
11282,4.13,4.20
11283,4.13,4.20
11284,4.13,4.20
11285,4.13,4.20
11286,4.13,4.20
11288,4.13,4.20
11289,4.13,4.20
11290,4.13,4.20
11291,4.13,4.20
11292,4.13,4.20
11293,4.13,4.20
11295,4.13,4.20
11296,4.13,4.20
11297,4.13,4.20
11298,4.13,4.20
11299,4.13,4.20
11300,4.13,4.20
11302,4.13,4.20
11303,4.13,4.20
11304,4.13,4.20
11305,4.13,4.20
11307,4.13,4.20
11308,4.13,4.20
11310,4.13,4.20
11311,4.13,4.20
11312,4.13,4.20
11313,4.13,4.20
11314,4.13,4.20
11316,4.13,4.20
11317,4.13,4.20
11318,4.13,4.20
11319,4.13,4.21
11320,4.13,4.21
11321,4.13,4.21
11323,4.13,4.21
11324,4.13,4.20
11325,4.13,4.21
11326,4.13,4.21
11327,4.13,4.21
11328,4.13,4.21
11330,4.13,4.21
11331,4.13,4.21
11332,4.13,4.21
11333,4.13,4.21
11334,4.13,4.21
11336,4.13,4.21
11337,4.13,4.21
11338,4.13,4.21
11339,4.13,4.21
11340,4.13,4.21
11341,4.13,4.21
11343,4.13,4.21
11344,4.13,4.21
11345,4.13,4.21
11346,4.13,4.21
11347,4.13,4.21
11350,4.13,4.21
11351,4.13,4.21
11352,4.13,4.21
11353,4.13,4.21
11354,4.13,4.21
11355,4.13,4.21
11357,4.13,4.21
11358,4.13,4.21
11359,4.13,4.21
11360,4.13,4.21
11361,4.13,4.21
11363,4.13,4.21
11364,4.13,4.21
11365,4.13,4.21
11366,4.13,4.21
11367,4.13,4.21
11369,4.13,4.21
11370,4.13,4.21
11371,4.13,4.21
11372,4.13,4.21
11373,4.13,4.22
11374,4.13,4.22
11376,4.13,4.22
11377,4.13,4.22
11378,4.13,4.22
11379,4.13,4.22
11380,4.12,4.22
11382,4.12,4.22
11383,4.13,4.22
11384,4.12,4.22
11385,4.13,4.22
11386,4.12,4.22
11387,4.12,4.22
11389,4.13,4.22
11390,4.12,4.22
11392,4.12,4.22
11393,4.12,4.22
11394,4.12,4.22
11396,4.12,4.22
11397,4.12,4.22
11398,4.12,4.22
11399,4.12,4.22
11400,4.12,4.22
11401,4.12,4.22
11403,4.12,4.22
11404,4.12,4.22
11405,4.12,4.21
11406,4.12,4.22
11407,4.12,4.22
11409,4.12,4.22
11410,4.12,4.22
11411,4.12,4.22
11412,4.12,4.22
11413,4.12,4.22
11414,4.12,4.21
11416,4.12,4.21
11417,4.12,4.21
11418,4.12,4.21
11419,4.12,4.21
11420,4.12,4.21
11422,4.12,4.20
11423,4.12,4.20
11424,4.12,4.20
11425,4.12,4.20
11426,4.12,4.19
11427,4.12,4.19
11429,4.12,4.19
11430,4.12,4.19
11431,4.12,4.18
11432,4.12,4.18
11433,4.12,4.18
11435,4.12,4.18
11437,4.12,4.18
11438,4.12,4.17
11439,4.12,4.17
11440,4.12,4.17
11441,4.12,4.17
11443,4.12,4.17
11444,4.11,4.17
11445,4.12,4.17
11446,4.11,4.17
11447,4.11,4.17
11448,4.11,4.17
11450,4.11,4.17
11451,4.11,4.17
11452,4.11,4.17
11453,4.11,4.17
11454,4.11,4.17
11456,4.11,4.17
11457,4.11,4.17
11458,4.11,4.18
11459,4.11,4.18
11460,4.11,4.18
11461,4.11,4.19
11463,4.11,4.19
11464,4.11,4.19
11465,4.11,4.19
11466,4.11,4.20
11467,4.11,4.20
11469,4.11,4.20
11470,4.11,4.20
11471,4.11,4.21
11472,4.11,4.21
11473,4.12,4.22
11474,4.12,4.22
11476,4.12,4.22
11478,4.12,4.23
11479,4.12,4.23
11480,4.12,4.23
11481,4.12,4.24
11482,4.12,4.24
11484,4.12,4.25
11485,4.12,4.25
11486,4.12,4.25
11487,4.12,4.26
11488,4.12,4.26
11490,4.12,4.27
11491,4.12,4.27
11492,4.12,4.27
11493,4.12,4.28
11494,4.12,4.28
11495,4.12,4.28
11497,4.12,4.29
11498,4.12,4.29
11499,4.12,4.29
11500,4.12,4.30
11501,4.12,4.30
11503,4.12,4.30
11504,4.12,4.30
11505,4.12,4.31
11506,4.12,4.31
11507,4.12,4.32
11509,4.12,4.32
11510,4.12,4.32
11511,4.12,4.32
11512,4.12,4.33
11513,4.12,4.33
11514,4.12,4.33
11516,4.12,4.34
11517,4.12,4.34
11518,4.12,4.34
11520,4.12,4.34
11521,4.12,4.34
11523,4.12,4.35
11524,4.12,4.35
11525,4.12,4.35
11526,4.12,4.35
11527,4.12,4.35
11529,4.11,4.35
11530,4.12,4.35
11531,4.11,4.36
11532,4.11,4.36
11533,4.11,4.36
11534,4.11,4.36
11536,4.11,4.37
11537,4.12,4.37
11538,4.11,4.37
11539,4.11,4.37
11540,4.11,4.38
11542,4.11,4.38
11543,4.11,4.38
11544,4.11,4.38
11545,4.11,4.38
11546,4.11,4.39
11547,4.11,4.39
11549,4.11,4.39
11550,4.11,4.39
11551,4.11,4.39
11552,4.11,4.40
11553,4.11,4.40
11554,4.11,4.40
11556,4.11,4.40
11557,4.11,4.40
11558,4.11,4.41
11559,4.11,4.41
11560,4.11,4.41
11563,4.11,4.41
11564,4.11,4.41
11565,4.11,4.41
11566,4.11,4.41
11567,4.11,4.41
11568,4.11,4.42
11570,4.11,4.42
11571,4.11,4.42
11572,4.11,4.42
11573,4.11,4.43
11574,4.11,4.43
11576,4.11,4.43
11577,4.11,4.44
11578,4.11,4.44
11579,4.11,4.44
11580,4.11,4.44
11581,4.11,4.45
11583,4.11,4.45
11584,4.11,4.45
11585,4.11,4.46
11586,4.11,4.46
11587,4.11,4.47
11589,4.11,4.47
11590,4.11,4.47
11591,4.11,4.48
11592,4.11,4.48
11593,4.11,4.48
11594,4.11,4.49
11596,4.11,4.49
11597,4.11,4.49
11598,4.11,4.49
11599,4.11,4.50
11600,4.11,4.50
11602,4.11,4.50
11603,4.11,4.50
11604,4.11,4.51
11606,4.11,4.51
11607,4.11,4.51
11608,4.11,4.51
11610,4.10,4.51
11611,4.11,4.51
11612,4.10,4.52
11613,4.11,4.52
11614,4.10,4.52
11616,4.10,4.52
11617,4.10,4.52
11618,4.10,4.53
11619,4.10,4.53
11620,4.10,4.53
11621,4.10,4.53
11623,4.10,4.53
11624,4.10,4.53
11625,4.10,4.53
11626,4.10,4.54
11627,4.10,4.54
11628,4.10,4.54
11630,4.10,4.54
11631,4.10,4.54
11632,4.10,4.55
11633,4.10,4.55
11634,4.10,4.55
11636,4.10,4.55
11637,4.10,4.56
11638,4.10,4.56
11639,4.10,4.56
11640,4.10,4.56
11641,4.10,4.57
11643,4.10,4.57
11644,4.10,4.57
11645,4.10,4.57
11646,4.10,4.57
11648,4.10,4.57
11649,4.10,4.57
11651,4.10,4.58
11652,4.10,4.58
11653,4.10,4.58
11654,4.10,4.58
11655,4.10,4.58
11657,4.10,4.58
11658,4.10,4.59
11659,4.10,4.59
11660,4.10,4.59
11661,4.10,4.59
11662,4.10,4.59
11664,4.10,4.60
11665,4.10,4.60
11666,4.10,4.60
11667,4.10,4.60
11668,4.10,4.60
11669,4.10,4.61
11671,4.10,4.61
11672,4.10,4.61
11673,4.10,4.61
11674,4.10,4.61
11675,4.10,4.62
11676,4.10,4.62
11678,4.10,4.62
11679,4.10,4.62
11680,4.10,4.62
11681,4.10,4.62
11682,4.10,4.62
11684,4.10,4.63
11685,4.10,4.63
11686,4.09,4.63
11687,4.10,4.63
11688,4.09,4.63
11689,4.09,4.63
11692,4.09,4.63
11693,4.09,4.64
11694,4.09,4.64
11695,4.09,4.64
11696,4.09,4.64
11697,4.09,4.64
11699,4.09,4.63
11700,4.09,4.63
11701,4.09,4.63
11702,4.09,4.63
11703,4.09,4.63
11704,4.09,4.63
11706,4.09,4.63
11707,4.09,4.63
11708,4.09,4.63
11709,4.09,4.63
11710,4.09,4.62
11711,4.09,4.62
11713,4.09,4.62
11714,4.09,4.62
11715,4.09,4.62
11716,4.09,4.62
11717,4.09,4.61
11719,4.09,4.61
11720,4.09,4.61
11721,4.09,4.61
11722,4.09,4.60
11723,4.09,4.60
11724,4.09,4.60
11726,4.09,4.60
11727,4.09,4.60
11728,4.09,4.59
11729,4.09,4.59
11730,4.08,4.59
11731,4.08,4.59
11734,4.08,4.59
11735,4.08,4.58
11736,4.08,4.58
11737,4.08,4.58
11738,4.08,4.58
11739,4.08,4.57
11741,4.08,4.57
11742,4.08,4.57
11743,4.08,4.57
11744,4.08,4.57
11745,4.08,4.57
11746,4.08,4.57
11748,4.08,4.57
11749,4.08,4.57
11750,4.08,4.56
11751,4.08,4.56
11752,4.08,4.56
11754,4.08,4.56
11755,4.08,4.56
11756,4.08,4.56
11757,4.08,4.56
11758,4.08,4.56
11759,4.07,4.56
11761,4.08,4.56
11762,4.08,4.56
11763,4.08,4.56
11764,4.07,4.56
11765,4.08,4.55
11767,4.08,4.55
11768,4.08,4.55
11769,4.08,4.55
11770,4.08,4.55
11771,4.07,4.55
11772,4.08,4.55
11774,4.08,4.55
11776,4.08,4.55
11777,4.08,4.55
11778,4.07,4.55
11779,4.07,4.55
11780,4.08,4.55
11782,4.08,4.56
11783,4.07,4.56
11784,4.07,4.56
11785,4.08,4.56
11786,4.08,4.56
11787,4.07,4.56
11789,4.08,4.56
11790,4.07,4.56
11791,4.08,4.56
11792,4.08,4.56
11793,4.08,4.56
11795,4.08,4.56
11796,4.08,4.56
11797,4.08,4.56
11798,4.08,4.57
11799,4.08,4.57
11800,4.08,4.57
11802,4.08,4.57
11803,4.08,4.57
11804,4.08,4.57
11805,4.08,4.57
11806,4.08,4.57
11807,4.08,4.57
11809,4.08,4.57
11810,4.08,4.57
11811,4.08,4.57
11812,4.08,4.58
11813,4.08,4.58
11815,4.08,4.58
11816,4.08,4.58
11817,4.08,4.58
11819,4.08,4.58
11820,4.09,4.58
11821,4.09,4.58
11823,4.09,4.59
11824,4.09,4.59
11825,4.09,4.59
11826,4.09,4.59
11827,4.09,4.59
11828,4.09,4.59
11830,4.09,4.59
11831,4.09,4.59
11832,4.09,4.60
11833,4.09,4.60
11834,4.09,4.60
11835,4.09,4.60
11837,4.09,4.60
11838,4.09,4.60
11839,4.08,4.61
11840,4.09,4.61
11841,4.08,4.61
11842,4.08,4.61
11844,4.09,4.61
11845,4.08,4.61
11846,4.09,4.61
11847,4.08,4.61
11848,4.08,4.62
11849,4.08,4.62
11851,4.08,4.62
11852,4.08,4.61
11853,4.07,4.58
11854,4.05,4.56
11855,4.04,4.55
11857,4.04,4.53
11858,4.03,4.50
11859,4.02,4.46
11860,3.98,4.41
11862,3.95,4.36
11863,3.92,4.33
11865,3.90,4.32
11866,3.89,4.31
11867,3.88,4.31
11868,3.89,4.31
11869,3.89,4.29
11871,3.87,4.26
11872,3.85,4.23
11873,3.84,4.22
11874,3.83,4.19
11875,3.82,4.16
11876,3.80,4.12
11878,3.77,4.08
11879,3.74,4.04
11880,3.71,4.02
11881,3.70,4.02
11882,3.70,4.03
11883,3.71,4.04
11885,3.72,4.05
11886,3.73,4.04
11887,3.72,4.02
11888,3.71,4.00
11889,3.71,4.00
11890,3.71,3.98
11892,3.70,3.96
11893,3.69,3.93
11894,3.67,3.90
11895,3.65,3.87
11896,3.63,3.86
11898,3.63,3.87
11899,3.64,3.89
11900,3.66,3.91
11901,3.68,3.92
11902,3.70,3.91
11904,3.69,3.90
11906,3.69,3.89
11907,3.69,3.89
11908,3.69,3.88
11909,3.69,3.86
11910,3.67,3.83
11912,3.65,3.81
11913,3.64,3.78
11914,3.62,3.78
11915,3.62,3.79
11916,3.64,3.81
11917,3.67,3.84
11919,3.69,3.85
11920,3.70,3.85
11921,3.70,3.83
11922,3.69,3.83
11923,3.70,3.83
11925,3.70,3.82
11926,3.69,3.80
11927,3.68,3.78
11928,3.66,3.76
11929,3.64,3.74
11930,3.63,3.74
11932,3.64,3.76
11933,3.66,3.79
11934,3.69,3.82
11935,3.71,3.82
11936,3.72,3.82
11938,3.71,3.80
11939,3.70,3.80
11940,3.71,3.80
11941,3.70,3.78
11942,3.69,3.76
11943,3.68,3.74
11945,3.66,3.72
11947,3.64,3.70
11948,3.63,3.70
11949,3.63,3.73
11950,3.66,3.75
11951,3.68,3.78
11953,3.70,3.78
11954,3.70,3.78
11955,3.70,3.76
11956,3.69,3.76
11957,3.69,3.75
11958,3.68,3.73
11960,3.66,3.71
11961,3.64,3.69
11962,3.62,3.67
11963,3.61,3.66
11964,3.60,3.67
11966,3.61,3.69
11967,3.63,3.72
11968,3.66,3.74
11969,3.68,3.74
11970,3.68,3.73
11971,3.67,3.72
11973,3.67,3.71
11974,3.66,3.70
11975,3.64,3.68
11976,3.63,3.66
11977,3.61,3.64
11979,3.59,3.62
11980,3.57,3.61
11981,3.57,3.63
11982,3.58,3.65
11983,3.61,3.68
11984,3.64,3.70
11986,3.65,3.70
11987,3.65,3.70
11988,3.64,3.68
11990,3.64,3.67
11991,3.63,3.66
11993,3.61,3.64
11994,3.60,3.63
11995,3.58,3.61
11996,3.56,3.59
11997,3.54,3.59
11998,3.55,3.60
12000,3.56,3.63
12001,3.59,3.66
12002,3.62,3.68
12003,3.64,3.68
12004,3.64,3.67
12006,3.63,3.66
12007,3.62,3.65
12008,3.61,3.63
12009,3.59,3.62
12010,3.58,3.60
12011,3.56,3.59
12013,3.54,3.57
12014,3.53,3.57
12015,3.54,3.59
12016,3.56,3.62
12017,3.59,3.65
12019,3.62,3.67
12020,3.63,3.66
12021,3.63,3.65
12022,3.62,3.64
12023,3.61,3.63
12024,3.60,3.62
12026,3.58,3.60
12027,3.56,3.58
12028,3.55,3.57
12029,3.53,3.55
12030,3.52,3.56
12033,3.54,3.59
12034,3.56,3.62
12035,3.60,3.65
12036,3.62,3.66
12037,3.63,3.65
12038,3.63,3.64
12040,3.62,3.64
12041,3.61,3.62
12042,3.60,3.61
12043,3.58,3.60
12044,3.57,3.58
12046,3.55,3.57
12047,3.53,3.56
12048,3.53,3.57
12049,3.55,3.60
12050,3.58,3.64
12051,3.62,3.66
12053,3.64,3.66
12054,3.64,3.66
12055,3.64,3.65
12056,3.63,3.64
12057,3.62,3.63
12059,3.61,3.62
12060,3.60,3.60
12061,3.58,3.59
12062,3.56,3.57
12063,3.55,3.57
12064,3.56,3.59
12066,3.57,3.61
12067,3.61,3.65
12068,3.64,3.67
12069,3.65,3.67
12070,3.65,3.66
12072,3.65,3.65
12073,3.64,3.64
12075,3.63,3.63
12076,3.61,3.61
12077,3.60,3.60
12078,3.58,3.58
12080,3.56,3.57
12081,3.55,3.57
12082,3.56,3.59
12083,3.58,3.62
12084,3.62,3.66
12086,3.64,3.67
12087,3.65,3.67
12088,3.65,3.66
12089,3.65,3.65
12090,3.64,3.64
12091,3.63,3.63
12093,3.61,3.61
12094,3.60,3.60
12095,3.58,3.58
12096,3.56,3.57
12097,3.55,3.57
12099,3.57,3.60
12100,3.59,3.63
12101,3.63,3.66
12102,3.65,3.67
12103,3.66,3.67
12104,3.65,3.66
12106,3.64,3.65
12107,3.64,3.64
12108,3.62,3.62
12109,3.61,3.61
12110,3.59,3.59
12112,3.57,3.57
12113,3.56,3.56
12114,3.56,3.58
12115,3.57,3.61
12116,3.60,3.64
12118,3.63,3.66
12120,3.65,3.67
12121,3.66,3.66
12122,3.65,3.65
12123,3.64,3.65
12124,3.64,3.63
12126,3.62,3.62
12127,3.61,3.60
12128,3.59,3.59
12129,3.57,3.57
12130,3.56,3.57
12131,3.56,3.58
12133,3.58,3.62
12134,3.62,3.65
12135,3.65,3.67
12136,3.66,3.67
12137,3.66,3.66
12139,3.66,3.65
12140,3.64,3.64
12141,3.63,3.62
12142,3.61,3.61
12143,3.60,3.59
12144,3.58,3.57
12146,3.56,3.56
12147,3.55,3.56
12148,3.55,3.58
12149,3.58,3.61
12150,3.61,3.64
12152,3.64,3.66
12153,3.65,3.65
12154,3.65,3.64
12155,3.64,3.63
12156,3.63,3.62
12157,3.61,3.60
12160,3.60,3.59
12161,3.58,3.57
12162,3.56,3.56
12163,3.54,3.54
12164,3.53,3.55
12166,3.55,3.57
12167,3.57,3.61
12168,3.61,3.64
12169,3.63,3.64
12170,3.64,3.64
12171,3.64,3.63
12173,3.63,3.62
12174,3.62,3.61
12175,3.60,3.59
12176,3.59,3.58
12177,3.57,3.56
12178,3.55,3.54
12180,3.53,3.53
12181,3.53,3.55
12182,3.55,3.57
12183,3.57,3.60
12184,3.61,3.63
12186,3.63,3.64
12187,3.63,3.64
12188,3.63,3.63
12189,3.62,3.61
12190,3.61,3.60
12191,3.60,3.58
12193,3.58,3.57
12194,3.56,3.55
12195,3.55,3.54
12196,3.53,3.53
12197,3.53,3.55
12199,3.55,3.58
12200,3.58,3.61
12201,3.62,3.63
12203,3.63,3.64
12204,3.64,3.63
12205,3.63,3.62
12207,3.62,3.61
12208,3.61,3.59
12209,3.60,3.58
12210,3.58,3.57
12211,3.56,3.55
12213,3.55,3.53
12214,3.53,3.53
12215,3.54,3.55
12216,3.56,3.59
12217,3.59,3.62
12218,3.62,3.63
12220,3.64,3.64
12221,3.64,3.63
12222,3.63,3.62
12223,3.62,3.61
12224,3.61,3.59
12226,3.59,3.58
12227,3.58,3.56
12228,3.56,3.55
12229,3.54,3.53
12230,3.53,3.53
12231,3.54,3.56
12233,3.57,3.59
12234,3.60,3.62
12235,3.63,3.63
12236,3.64,3.63
12237,3.64,3.63
12239,3.63,3.62
12240,3.62,3.60
12241,3.60,3.59
12242,3.59,3.57
12243,3.57,3.56
12244,3.56,3.54
12247,3.54,3.53
12248,3.53,3.54
12249,3.55,3.57
12250,3.58,3.60
12251,3.61,3.63
12253,3.63,3.64
12254,3.64,3.63
12255,3.64,3.62
12256,3.63,3.61
12257,3.62,3.60
12258,3.60,3.58
12260,3.59,3.57
12261,3.57,3.55
12262,3.55,3.54
12263,3.54,3.53
12264,3.53,3.54
12265,3.55,3.57
12267,3.58,3.61
12268,3.62,3.63
12269,3.64,3.64
12270,3.64,3.63
12271,3.64,3.62
12273,3.63,3.61
12274,3.61,3.60
12275,3.60,3.58
12276,3.58,3.57
12277,3.57,3.55
12278,3.55,3.53
12280,3.53,3.53
12281,3.54,3.55
12282,3.56,3.58
12283,3.59,3.61
12284,3.62,3.63
12286,3.64,3.63
12288,3.64,3.63
12289,3.63,3.62
12290,3.62,3.61
12291,3.61,3.59
12292,3.59,3.58
12294,3.58,3.56
12295,3.56,3.55
12296,3.54,3.53
12297,3.53,3.53
12298,3.54,3.55
12300,3.56,3.58
12301,3.60,3.62
12302,3.62,3.63
12303,3.64,3.63
12304,3.64,3.62
12305,3.63,3.61
12307,3.62,3.60
12308,3.61,3.59
12309,3.59,3.57
12310,3.57,3.56
12311,3.56,3.54
12312,3.54,3.53
12314,3.53,3.53
12315,3.54,3.56
12316,3.57,3.59
12317,3.60,3.62
12318,3.63,3.63
12320,3.64,3.63
12321,3.63,3.62
12322,3.63,3.61
12323,3.62,3.60
12324,3.60,3.58
12325,3.59,3.57
12327,3.57,3.55
12328,3.55,3.53
12329,3.54,3.52
12331,3.53,3.53
12332,3.55,3.56
12334,3.57,3.60
12335,3.61,3.62
12336,3.63,3.63
12337,3.64,3.63
12338,3.63,3.62
12339,3.62,3.60
12341,3.61,3.59
12342,3.60,3.58
12343,3.58,3.56
12344,3.56,3.55
12345,3.55,3.53
12346,3.53,3.52
12348,3.53,3.54
12349,3.55,3.57
12350,3.58,3.60
12351,3.61,3.62
12352,3.63,3.63
12354,3.64,3.63
12355,3.63,3.62
12356,3.62,3.60
12357,3.61,3.59
12358,3.59,3.58
12359,3.58,3.56
12361,3.56,3.55
12362,3.55,3.53
12363,3.53,3.53
12364,3.53,3.54
12365,3.56,3.57
12367,3.59,3.61
12368,3.62,3.63
12369,3.63,3.63
12370,3.64,3.62
12371,3.63,3.61
12372,3.62,3.60
12375,3.61,3.59
12376,3.59,3.57
12377,3.58,3.56
12378,3.56,3.54
12379,3.54,3.53
12381,3.53,3.53
12382,3.54,3.55
12383,3.56,3.58
12384,3.60,3.61
12385,3.62,3.63
12386,3.63,3.63
12388,3.63,3.62
12389,3.63,3.61
12390,3.61,3.59
12391,3.60,3.58
12392,3.58,3.56
12394,3.57,3.55
12395,3.55,3.54
12396,3.54,3.52
12397,3.53,3.52
12398,3.54,3.55
12399,3.57,3.59
12401,3.60,3.62
12402,3.62,3.63
12403,3.63,3.62
12404,3.63,3.62
12405,3.62,3.61
12407,3.61,3.59
12408,3.60,3.58
12409,3.58,3.56
12410,3.57,3.55
12411,3.55,3.53
12412,3.53,3.52
12414,3.53,3.53
12416,3.54,3.56
12417,3.57,3.60
12418,3.61,3.62
12419,3.63,3.63
12420,3.63,3.63
12422,3.63,3.62
12423,3.62,3.61
12424,3.61,3.59
12425,3.60,3.58
12426,3.58,3.56
12428,3.57,3.55
12429,3.55,3.53
12430,3.53,3.52
12431,3.53,3.54
12432,3.55,3.57
12433,3.58,3.60
12435,3.61,3.62
12436,3.63,3.63
12437,3.63,3.62
12438,3.63,3.61
12439,3.62,3.60
12441,3.60,3.58
12442,3.59,3.57
12443,3.58,3.56
12444,3.56,3.54
12445,3.54,3.52
12446,3.53,3.52
12448,3.53,3.54
12449,3.55,3.57
12450,3.58,3.61
12451,3.62,3.62
12452,3.63,3.63
12453,3.63,3.62
12455,3.63,3.60
12456,3.61,3.60
12457,3.60,3.58
12459,3.59,3.57
12460,3.57,3.55
12462,3.55,3.54
12463,3.54,3.52
12464,3.52,3.52
12465,3.53,3.55
12466,3.56,3.58
12467,3.59,3.61
12469,3.62,3.62
12470,3.63,3.62
12471,3.63,3.62
12472,3.62,3.61
12473,3.61,3.59
12475,3.60,3.58
12476,3.58,3.56
12477,3.57,3.55
12478,3.55,3.53
12479,3.53,3.52
12480,3.52,3.53
12482,3.54,3.55
12483,3.56,3.59
12484,3.60,3.61
12485,3.62,3.62
12486,3.63,3.62
12488,3.63,3.61
12489,3.62,3.60
12490,3.61,3.59
12491,3.59,3.57
12492,3.58,3.56
12493,3.56,3.54
12495,3.55,3.53
12496,3.53,3.52
12497,3.52,3.53
12498,3.54,3.56
12499,3.57,3.59
12500,3.60,3.62
12503,3.62,3.62
12504,3.63,3.62
12505,3.62,3.61
12506,3.62,3.60
12507,3.60,3.58
12509,3.59,3.57
12510,3.57,3.55
12511,3.56,3.54
12512,3.54,3.52
12513,3.52,3.51
12514,3.52,3.53
12516,3.55,3.56
12517,3.58,3.60
12518,3.61,3.62
12519,3.62,3.62
12520,3.63,3.62
12522,3.62,3.61
12523,3.61,3.59
12524,3.60,3.58
12525,3.59,3.57
12526,3.57,3.55
12527,3.55,3.54
12529,3.54,3.52
12530,3.52,3.52
12531,3.53,3.54
12532,3.55,3.57
12533,3.58,3.60
12534,3.61,3.62
12536,3.62,3.62
12537,3.62,3.61
12538,3.62,3.60
12539,3.61,3.59
12540,3.59,3.58
12542,3.58,3.56
12544,3.57,3.55
12545,3.55,3.53
12546,3.53,3.52
12547,3.52,3.52
12548,3.53,3.54
12550,3.56,3.58
12551,3.59,3.61
12552,3.62,3.61
12553,3.62,3.62
12554,3.62,3.61
12556,3.62,3.60
12557,3.61,3.59
12558,3.59,3.57
12559,3.58,3.56
12560,3.56,3.54
12561,3.54,3.53
12563,3.53,3.51
12564,3.52,3.52
12565,3.54,3.55
12566,3.56,3.59
12567,3.60,3.61
12569,3.62,3.62
12570,3.63,3.62
12571,3.62,3.61
12572,3.62,3.60
12573,3.60,3.58
12574,3.59,3.57
12576,3.58,3.56
12577,3.56,3.54
12578,3.54,3.53
12579,3.53,3.52
12580,3.52,3.53
12581,3.54,3.56
12583,3.57,3.59
12584,3.60,3.61
12585,3.62,3.62
12587,3.63,3.61
12588,3.62,3.60
12590,3.61,3.59
12591,3.60,3.58
12592,3.59,3.57
12593,3.57,3.55
12594,3.56,3.54
12595,3.54,3.52
12597,3.52,3.52
12598,3.53,3.53
12599,3.55,3.56
12600,3.58,3.59
12601,3.61,3.61
12603,3.62,3.62
12604,3.63,3.61
12605,3.62,3.60
12606,3.61,3.59
12607,3.60,3.58
12608,3.58,3.56
12610,3.57,3.55
12611,3.55,3.53
12612,3.54,3.52
12613,3.52,3.52
12614,3.53,3.54
12616,3.55,3.57
12617,3.59,3.60
12618,3.61,3.62
12619,3.62,3.61
12620,3.62,3.61
12621,3.62,3.60
12623,3.61,3.58
12624,3.59,3.57
12625,3.58,3.56
12626,3.56,3.54
12627,3.55,3.53
12628,3.53,3.51
12631,3.52,3.52
12632,3.53,3.54
12633,3.56,3.58
12634,3.59,3.61
12635,3.62,3.61
12637,3.62,3.61
12638,3.62,3.61
12639,3.62,3.60
12640,3.60,3.58
12641,3.59,3.57
12642,3.58,3.55
12644,3.56,3.54
12645,3.54,3.52
12646,3.53,3.51
12647,3.52,3.53
12648,3.54,3.55
12650,3.57,3.59
12651,3.60,3.61
12652,3.62,3.62
12653,3.63,3.61
12654,3.62,3.61
12655,3.61,3.59
12657,3.60,3.58
12658,3.59,3.57
12659,3.57,3.55
12660,3.56,3.54
12661,3.54,3.52
12663,3.52,3.51
12664,3.52,3.53
12665,3.54,3.56
12666,3.58,3.59
12667,3.61,3.61
12668,3.62,3.61
12670,3.63,3.61
12672,3.62,3.60
12673,3.61,3.59
12674,3.60,3.57
12675,3.58,3.56
12677,3.57,3.55
12678,3.55,3.53
12679,3.54,3.52
12680,3.52,3.51
12681,3.53,3.53
12682,3.55,3.56
12684,3.58,3.60
12685,3.61,3.61
12686,3.62,3.61
12687,3.63,3.61
12688,3.62,3.60
12689,3.61,3.59
12691,3.59,3.57
12692,3.58,3.56
12693,3.56,3.54
12694,3.55,3.53
12695,3.53,3.51
12697,3.52,3.52
12698,3.53,3.54
12699,3.56,3.57
12700,3.59,3.60
12701,3.61,3.61
12702,3.62,3.61
12704,3.62,3.61
12705,3.62,3.59
12706,3.61,3.58
12707,3.59,3.57
12708,3.58,3.55
12710,3.56,3.53
12711,3.55,3.52
12712,3.53,3.51
12713,3.52,3.52
12715,3.54,3.55
12716,3.57,3.58
12718,3.60,3.61
12719,3.62,3.61
12720,3.63,3.61
12721,3.62,3.60
12722,3.61,3.59
12724,3.60,3.58
12725,3.59,3.56
12726,3.57,3.55
12727,3.56,3.53
12728,3.54,3.52
12729,3.52,3.51
12731,3.52,3.52
12732,3.54,3.55
12733,3.57,3.59
12734,3.60,3.61
12735,3.62,3.61
12736,3.63,3.61
12738,3.62,3.60
12739,3.61,3.59
12740,3.60,3.58
12741,3.59,3.56
12742,3.57,3.55
12744,3.56,3.53
12745,3.54,3.52
12746,3.52,3.51
12747,3.53,3.53
12748,3.55,3.56
12749,3.58,3.60
12751,3.61,3.62
12752,3.63,3.62
12753,3.63,3.61
12754,3.62,3.60
12755,3.61,3.59
12758,3.60,3.58
12759,3.58,3.56
12760,3.57,3.55
12761,3.56,3.53
12762,3.54,3.51
12763,3.52,3.51
12765,3.53,3.54
12766,3.56,3.57
12767,3.59,3.60
12768,3.62,3.61
12769,3.63,3.61
12770,3.63,3.61
12772,3.62,3.60
12773,3.61,3.59
12774,3.60,3.57
12775,3.58,3.56
12776,3.57,3.54
12778,3.55,3.53
12779,3.53,3.51
12780,3.52,3.52
12781,3.53,3.54
12782,3.56,3.57
12783,3.59,3.60
12785,3.61,3.61
12786,3.62,3.61
12787,3.62,3.60
12788,3.61,3.59
12789,3.60,3.58
12791,3.58,3.56
12792,3.57,3.55
12793,3.56,3.54
12794,3.54,3.52
12795,3.52,3.51
12796,3.51,3.52
12798,3.52,3.53
12800,3.54,3.55
12801,3.56,3.57
12802,3.57,3.57
12803,3.57,3.57
12805,3.56,3.55
12806,3.55,3.54
12807,3.54,3.53
12808,3.52,3.52
12809,3.51,3.51
12810,3.50,3.49
12812,3.48,3.48
12813,3.47,3.47
12814,3.47,3.49
12815,3.48,3.51
12816,3.51,3.55
12817,3.55,3.57
12819,3.57,3.58
12820,3.57,3.57
12821,3.57,3.57
12822,3.57,3.56
12823,3.56,3.54
12825,3.55,3.53
12826,3.53,3.52
12827,3.52,3.51
12828,3.50,3.49
12829,3.49,3.49
12830,3.50,3.51
12832,3.53,3.54
12833,3.56,3.58
12834,3.60,3.60
12835,3.61,3.60
12836,3.62,3.60
12837,3.61,3.59
12839,3.60,3.58
12840,3.59,3.57
12841,3.58,3.55
12843,3.57,3.54
12844,3.55,3.52
12846,3.53,3.51
12847,3.52,3.52
12848,3.54,3.54
12849,3.57,3.57
12850,3.60,3.61
12851,3.63,3.63
12853,3.65,3.63
12854,3.65,3.62
12855,3.64,3.61
12856,3.63,3.61
12857,3.62,3.59
12859,3.61,3.58
12860,3.59,3.56
12861,3.58,3.55
12862,3.56,3.54
12863,3.55,3.55
12864,3.57,3.57
12866,3.60,3.61
12867,3.64,3.64
12868,3.67,3.65
12869,3.67,3.65
12870,3.67,3.64
12871,3.67,3.64
12873,3.66,3.63
12874,3.65,3.62
12875,3.64,3.61
12876,3.62,3.59
12877,3.61,3.58
12879,3.59,3.57
12880,3.60,3.59
12881,3.62,3.62
12882,3.66,3.66
12883,3.69,3.69
12884,3.71,3.70
12887,3.72,3.69
12888,3.71,3.69
12889,3.72,3.70
12890,3.72,3.69
12891,3.71,3.68
12893,3.70,3.67
12894,3.69,3.65
12895,3.67,3.63
12896,3.66,3.64
12897,3.67,3.66
12898,3.69,3.69
12900,3.72,3.72
12901,3.76,3.74
12902,3.77,3.74
12903,3.77,3.73
12904,3.77,3.74
12906,3.77,3.74
12907,3.77,3.73
12908,3.76,3.72
12909,3.75,3.70
12910,3.73,3.69
12911,3.70,3.67
12913,3.70,3.68
12914,3.71,3.70
12915,3.73,3.73
12916,3.77,3.76
12917,3.79,3.77
12919,3.80,3.77
12920,3.80,3.76
12921,3.79,3.77
12922,3.80,3.77
12923,3.80,3.76
12924,3.78,3.74
12926,3.76,3.72
12928,3.74,3.70
12929,3.73,3.70
12930,3.73,3.72
12931,3.75,3.74
12932,3.78,3.78
12934,3.82,3.81
12935,3.86,3.85
12936,3.90,3.89
12937,3.93,3.92
12938,3.98,3.95
12940,4.02,3.99
12941,4.06,4.02
12942,4.10,4.06
12943,4.13,4.09
12944,4.17,4.13
12945,4.21,4.16
12947,4.25,4.19
12948,4.28,4.22
12949,4.32,4.26
12950,4.35,4.29
12951,4.38,4.32
12953,4.41,4.35
12954,4.44,4.37
12955,4.46,4.40
12956,4.49,4.42
12957,4.51,4.44
12958,4.53,4.47
12960,4.55,4.49
12961,4.57,4.51
12962,4.58,4.53
12963,4.59,4.54
12964,4.60,4.56
12966,4.61,4.57
12967,4.62,4.57
12968,4.62,4.58
12969,4.62,4.59
12971,4.62,4.60
12972,4.62,4.60
12974,4.62,4.61
12975,4.61,4.61
12976,4.61,4.61
12977,4.60,4.62
12978,4.59,4.62
12979,4.59,4.62
12981,4.58,4.62
12982,4.57,4.62
12983,4.56,4.62
12984,4.55,4.62
12985,4.54,4.62
12987,4.53,4.62
12988,4.52,4.62
12989,4.51,4.62
12990,4.50,4.62
12991,4.48,4.62
12992,4.47,4.62
12994,4.46,4.62
12995,4.45,4.62
12996,4.44,4.62
12997,4.43,4.62
12998,4.42,4.62
13000,4.41,4.62
13001,4.40,4.62
13002,4.40,4.62
13003,4.39,4.62
13004,4.38,4.62
13005,4.37,4.62
13007,4.36,4.62
13008,4.36,4.62
13009,4.35,4.62
13010,4.35,4.62
13011,4.34,4.63
13012,4.34,4.63
13015,4.33,4.63
13016,4.33,4.63
13017,4.32,4.63
13018,4.32,4.64
13019,4.32,4.64
13021,4.31,4.64
13022,4.31,4.65
13023,4.31,4.65
13024,4.30,4.65
13025,4.30,4.65
13026,4.30,4.66
13028,4.30,4.66
13029,4.29,4.66
13030,4.29,4.67
13031,4.29,4.67
13032,4.29,4.67
13033,4.29,4.68
13035,4.29,4.68
13036,4.28,4.69
13037,4.28,4.69
13038,4.28,4.69
13039,4.28,4.70
13041,4.28,4.70
13042,4.28,4.71
13043,4.28,4.71
13044,4.28,4.72
13045,4.27,4.72
13046,4.27,4.72
13048,4.27,4.73
13049,4.27,4.73
13050,4.27,4.73
13051,4.27,4.74
13052,4.27,4.74
13054,4.27,4.74
13056,4.27,4.75
13057,4.27,4.75
13058,4.27,4.76
13059,4.26,4.76
13060,4.26,4.76
13062,4.26,4.77
13063,4.26,4.77
13064,4.26,4.77
13065,4.26,4.78
13066,4.26,4.78
13068,4.26,4.78
13069,4.26,4.78
13070,4.26,4.79
13071,4.25,4.79
13072,4.25,4.80
13073,4.25,4.80
13075,4.25,4.80
13076,4.25,4.81
13077,4.25,4.81
13078,4.25,4.81
13079,4.25,4.82
13081,4.25,4.82
13082,4.25,4.82
13083,4.25,4.83
13084,4.24,4.83
13085,4.24,4.83
13086,4.24,4.84
13088,4.24,4.84
13089,4.24,4.85
13090,4.24,4.85
13091,4.24,4.85
13092,4.24,4.86
13094,4.24,4.86
13095,4.24,4.86
13096,4.24,4.87
13097,4.24,4.87
13099,4.23,4.87
13100,4.23,4.88
13102,4.23,4.88
13103,4.23,4.89
13104,4.23,4.89
13105,4.23,4.89
13106,4.23,4.89
13107,4.23,4.90
13109,4.23,4.90
13110,4.23,4.90
13111,4.23,4.91
13112,4.23,4.91
13113,4.22,4.91
13115,4.22,4.91
13116,4.22,4.91
13117,4.22,4.92
13118,4.22,4.92
13119,4.22,4.92
13120,4.22,4.92
13122,4.22,4.92
13123,4.22,4.92
13124,4.22,4.93
13125,4.22,4.93
13126,4.22,4.93
13128,4.22,4.93
13129,4.21,4.93
13130,4.21,4.93
13131,4.21,4.94
13132,4.21,4.93
13133,4.21,4.94
13135,4.21,4.94
13136,4.21,4.94
13137,4.21,4.94
13138,4.21,4.94
13139,4.20,4.94
13142,4.21,4.94
13143,4.21,4.94
13144,4.21,4.94
13145,4.20,4.94
13146,4.20,4.95
13147,4.20,4.95
13149,4.20,4.95
13150,4.20,4.95
13151,4.20,4.95
13152,4.20,4.95
13153,4.20,4.95
13155,4.20,4.95
13156,4.20,4.95
13157,4.20,4.95
13158,4.20,4.95
13159,4.20,4.95
13160,4.20,4.95
13162,4.20,4.95
13163,4.20,4.95
13164,4.20,4.95
13165,4.20,4.96
13166,4.19,4.96
13167,4.19,4.96
13169,4.19,4.96
13170,4.19,4.96
13171,4.19,4.96
13172,4.19,4.96
13173,4.19,4.96
13175,4.19,4.96
13176,4.19,4.96
13177,4.19,4.96
13178,4.19,4.96
13179,4.19,4.96
13180,4.19,4.96
13182,4.19,4.96
13184,4.19,4.96
13185,4.19,4.96
13186,4.19,4.96
13187,4.19,4.96
13189,4.19,4.96
13190,4.19,4.96
13191,4.19,4.96
13192,4.19,4.96
13193,4.19,4.96
13194,4.19,4.96
13196,4.19,4.97
13197,4.19,4.96
13198,4.18,4.96
13199,4.18,4.97
13200,4.18,4.97
13202,4.18,4.96
13203,4.18,4.96
13204,4.18,4.97
13205,4.18,4.97
13206,4.18,4.97
13207,4.18,4.97
13209,4.18,4.96
13210,4.18,4.97
13211,4.18,4.97
13212,4.18,4.97
13213,4.18,4.97
13215,4.18,4.97
13216,4.18,4.97
13217,4.18,4.97
13218,4.18,4.97
13219,4.18,4.97
13221,4.18,4.97
13222,4.18,4.97
13223,4.18,4.97
13224,4.18,4.97
13225,4.18,4.97
13227,4.18,4.97
13229,4.18,4.97
13230,4.18,4.97
13231,4.18,4.97
13232,4.18,4.97
13233,4.18,4.97
13235,4.18,4.97
13236,4.18,4.97
13237,4.18,4.97
13238,4.18,4.97
13239,4.18,4.97
13241,4.18,4.97
13242,4.17,4.96
13243,4.17,4.96
13244,4.18,4.96
13245,4.18,4.96
13246,4.18,4.96
13248,4.18,4.96
13249,4.18,4.95
13250,4.18,4.95
13251,4.17,4.95
13252,4.17,4.95
13254,4.18,4.95
13255,4.18,4.94
13256,4.18,4.94
13257,4.17,4.94
13258,4.17,4.94
13259,4.17,4.94
13261,4.17,4.93
13262,4.17,4.93
13263,4.17,4.93
13264,4.17,4.93
13265,4.17,4.93
13267,4.17,4.92
13268,4.17,4.92
13270,4.17,4.92
13271,4.17,4.91
13272,4.17,4.91
13273,4.17,4.91
13275,4.17,4.91
13276,4.17,4.90
13277,4.17,4.90
13278,4.17,4.90
13279,4.17,4.90
13281,4.17,4.90
13282,4.17,4.90
13283,4.16,4.89
13284,4.16,4.89
13285,4.16,4.89
13286,4.16,4.89
13288,4.16,4.88
13289,4.16,4.88
13290,4.16,4.88
13291,4.16,4.87
13292,4.16,4.87
13293,4.16,4.87
13295,4.16,4.86
13296,4.16,4.86
13297,4.16,4.85
13298,4.16,4.85
13299,4.16,4.85
13301,4.16,4.84
13302,4.16,4.84
13303,4.16,4.83
13304,4.16,4.83
13305,4.16,4.82
13306,4.16,4.82
13308,4.16,4.82
13309,4.16,4.81
13310,4.16,4.81
13312,4.16,4.80
13313,4.16,4.80
13315,4.15,4.79
13316,4.16,4.79
13317,4.16,4.78
13318,4.15,4.78
13319,4.15,4.78
13320,4.15,4.77
13322,4.16,4.77
13323,4.15,4.76
13324,4.15,4.76
13325,4.15,4.75
13326,4.15,4.74
13328,4.15,4.74
13329,4.15,4.73
13330,4.15,4.73
13331,4.15,4.72
13332,4.15,4.71
13333,4.15,4.71
13335,4.15,4.70
13336,4.15,4.69
13337,4.15,4.69
13338,4.15,4.68
13339,4.15,4.68
13341,4.15,4.67
13342,4.15,4.66
13343,4.15,4.66
13344,4.15,4.65
13345,4.15,4.65
13346,4.14,4.64
13348,4.14,4.64
13349,4.14,4.63
13350,4.14,4.62
13351,4.14,4.62
13352,4.14,4.61
13355,4.14,4.61
13356,4.14,4.60
13357,4.14,4.59
13358,4.14,4.59
13359,4.14,4.58
13360,4.14,4.58
13362,4.14,4.57
13363,4.14,4.57
13364,4.14,4.57
13365,4.14,4.56
13366,4.13,4.55
13368,4.14,4.54
13369,4.14,4.54
13370,4.13,4.53
13371,4.14,4.53
13372,4.13,4.52
13373,4.13,4.52
13375,4.13,4.51
13376,4.13,4.51
13377,4.13,4.50
13378,4.13,4.49
13379,4.13,4.49
13381,4.13,4.48
13382,4.13,4.48
13383,4.13,4.47
13384,4.13,4.47
13385,4.13,4.46
13386,4.13,4.46
13388,4.13,4.45
13389,4.13,4.45
13390,4.13,4.44
13391,4.13,4.44
13392,4.13,4.43
13394,4.13,4.43
13395,4.13,4.43
13396,4.13,4.42
13398,4.13,4.41
13399,4.13,4.41
13400,4.13,4.41
13402,4.13,4.40
13403,4.13,4.40
13404,4.13,4.39
13405,4.13,4.39
13406,4.13,4.38
13408,4.13,4.38
13409,4.13,4.38
13410,4.13,4.37
13411,4.13,4.37
13412,4.13,4.36
13413,4.13,4.36
13415,4.13,4.36
13416,4.13,4.35
13417,4.13,4.35
13418,4.13,4.35
13419,4.13,4.34
13421,4.13,4.34
13422,4.13,4.34
13423,4.13,4.33
13424,4.13,4.33
13425,4.13,4.33
13426,4.13,4.32
13428,4.13,4.32
13429,4.13,4.32
13430,4.13,4.32
13431,4.13,4.31
13432,4.13,4.31
13434,4.13,4.31
13435,4.13,4.30
13436,4.13,4.30
13437,4.13,4.30
13438,4.13,4.29
13440,4.13,4.29
13442,4.13,4.29
13443,4.13,4.29
13444,4.13,4.28
13445,4.13,4.28
13446,4.13,4.28
13448,4.13,4.28
13449,4.13,4.27
13450,4.13,4.27
13451,4.13,4.27
13452,4.13,4.27
13453,4.13,4.27
13455,4.13,4.26
13456,4.13,4.26
13457,4.13,4.26
13458,4.13,4.26
13459,4.13,4.25
13461,4.13,4.25
13462,4.13,4.25
13463,4.13,4.25
13464,4.13,4.25
13465,4.13,4.25
13466,4.13,4.24
13468,4.13,4.24
13469,4.13,4.24
13470,4.13,4.24
13471,4.13,4.24
13472,4.13,4.24
13474,4.13,4.24
13475,4.13,4.24
13476,4.13,4.23
13477,4.13,4.23
13478,4.13,4.23
13479,4.13,4.23
13481,4.13,4.23
13483,4.13,4.23
13484,4.13,4.23
13485,4.13,4.23
13486,4.13,4.23
13488,4.13,4.22
13489,4.13,4.22
13490,4.13,4.22
13491,4.13,4.22
13492,4.13,4.22
13493,4.13,4.22
13495,4.13,4.22
13496,4.13,4.22
13497,4.13,4.22
13498,4.13,4.22
13499,4.13,4.22
13501,4.13,4.22
13502,4.13,4.22
13503,4.13,4.22
13504,4.13,4.22
13505,4.14,4.22
13506,4.14,4.21
13508,4.13,4.22
13509,4.14,4.21
13510,4.13,4.21
13511,4.13,4.22
13512,4.14,4.21
13513,4.14,4.21
13515,4.14,4.21
13516,4.14,4.21
13517,4.14,4.21
13518,4.13,4.21
13519,4.13,4.21
13521,4.13,4.21
13522,4.14,4.21
13523,4.14,4.21
13524,4.13,4.21
13526,4.13,4.21
13527,4.14,4.21
13529,4.14,4.21
13530,4.14,4.21
13531,4.13,4.21
13532,4.13,4.21
13533,4.14,4.21
13535,4.13,4.21
13536,4.14,4.21
13537,4.14,4.21
13538,4.14,4.21
13539,4.14,4.21
13540,4.14,4.21
13542,4.13,4.21
13543,4.14,4.21
13544,4.14,4.21
13545,4.13,4.21
13546,4.13,4.21
13548,4.14,4.21
13549,4.14,4.21
13550,4.14,4.21
13551,4.13,4.21
13552,4.13,4.21
13553,4.13,4.21
13555,4.14,4.21
13556,4.13,4.21
13557,4.13,4.22
13558,4.14,4.22
13559,4.13,4.22
13561,4.13,4.22
13562,4.14,4.22
13563,4.14,4.22
13564,4.14,4.22
13565,4.13,4.22
13566,4.14,4.22
13569,4.14,4.22
13570,4.14,4.22
13571,4.13,4.22
13572,4.14,4.22
13573,4.14,4.22
13574,4.13,4.22
13576,4.14,4.22
13577,4.13,4.22
13578,4.13,4.22
13579,4.13,4.22
13580,4.14,4.22
13582,4.14,4.22
13583,4.13,4.22
13584,4.13,4.22
13585,4.14,4.23
13586,4.14,4.23
13587,4.14,4.23
13589,4.14,4.23
13590,4.14,4.23
13591,4.14,4.23
13592,4.14,4.23
13593,4.14,4.23
13595,4.13,4.23
13596,4.14,4.23
13597,4.14,4.23
13598,4.14,4.23
13599,4.13,4.23
13600,4.14,4.23
13602,4.14,4.23
13603,4.14,4.23
13604,4.14,4.24
13605,4.13,4.24
13606,4.13,4.24
13608,4.13,4.24
13609,4.14,4.24
13611,4.13,4.24
13612,4.13,4.24
13613,4.13,4.24
13614,4.13,4.24
13616,4.13,4.24
13617,4.13,4.24
13618,4.13,4.24
13619,4.13,4.24
13620,4.13,4.24
13622,4.13,4.24
13623,4.13,4.24
13624,4.13,4.24
13625,4.13,4.25
13626,4.13,4.25
13627,4.13,4.25
13629,4.13,4.25
13630,4.13,4.25
13631,4.13,4.25
13632,4.13,4.25
13633,4.13,4.25
13635,4.13,4.25
13636,4.13,4.25
13637,4.13,4.25
13638,4.13,4.25
13639,4.13,4.25
13640,4.13,4.25
13642,4.13,4.25
13643,4.13,4.25
13644,4.13,4.26
13645,4.13,4.25
13646,4.13,4.26
13648,4.13,4.26
13649,4.13,4.26
13650,4.13,4.26
13651,4.13,4.26
13652,4.13,4.26
13654,4.13,4.26
13656,4.13,4.26
13657,4.13,4.26
13658,4.13,4.27
13659,4.13,4.27
13660,4.13,4.27
13662,4.13,4.27
13663,4.13,4.27
13664,4.13,4.27
13665,4.13,4.27
13666,4.13,4.27
13667,4.13,4.27
13669,4.13,4.27
13670,4.13,4.27
13671,4.13,4.27
13672,4.13,4.27
13673,4.13,4.27
13675,4.13,4.27
13676,4.13,4.27
13677,4.13,4.27
13678,4.13,4.27
13679,4.13,4.27
13681,4.13,4.27
13682,4.13,4.27
13683,4.13,4.27
13684,4.13,4.27
13685,4.13,4.27
13686,4.13,4.28
13688,4.13,4.28
13689,4.13,4.28
13690,4.13,4.28
13691,4.13,4.28
13692,4.13,4.29
13694,4.12,4.29
13696,4.13,4.29
13697,4.13,4.29
13698,4.13,4.29
13699,4.13,4.30
13700,4.13,4.30
13702,4.13,4.30
13703,4.13,4.30
13704,4.13,4.31
13705,4.13,4.31
13706,4.13,4.31
13708,4.13,4.32
13709,4.13,4.32
13710,4.13,4.32
13711,4.13,4.33
13712,4.13,4.33
13713,4.13,4.33
13715,4.13,4.34
13716,4.13,4.34
13717,4.13,4.34
13718,4.13,4.35
13719,4.13,4.35
13721,4.13,4.35
13722,4.13,4.35
13723,4.13,4.36
13724,4.13,4.36
13725,4.13,4.36
13727,4.13,4.37
13728,4.13,4.37
13729,4.13,4.37
13730,4.13,4.37
13731,4.13,4.38
13732,4.13,4.38
13734,4.13,4.38
13735,4.13,4.39
13736,4.12,4.39
13737,4.13,4.39
13739,4.12,4.40
13741,4.12,4.40
13742,4.12,4.40
13743,4.12,4.40
13744,4.12,4.41
13745,4.12,4.41
13746,4.12,4.41
13748,4.12,4.41
13749,4.12,4.42
13750,4.12,4.42
13751,4.12,4.42
13752,4.12,4.42
13753,4.12,4.42
13755,4.12,4.43
13756,4.12,4.43
13757,4.12,4.43
13758,4.12,4.43
13759,4.12,4.44
13761,4.12,4.44
13762,4.12,4.44
13763,4.12,4.44
13764,4.12,4.45
13765,4.12,4.45
13766,4.12,4.45
13768,4.12,4.45
13769,4.12,4.45
13770,4.12,4.46
13771,4.12,4.46
13772,4.12,4.46
13774,4.12,4.46
13775,4.12,4.47
13776,4.12,4.47
13777,4.12,4.47
13778,4.12,4.47
13779,4.12,4.47
13782,4.12,4.48
13783,4.11,4.48
13784,4.11,4.48
13785,4.12,4.48
13786,4.12,4.49
13788,4.11,4.49
13789,4.11,4.49
13790,4.11,4.49
13791,4.12,4.50
13792,4.12,4.50
13793,4.11,4.50
13795,4.11,4.50
13796,4.11,4.51
13797,4.11,4.51
13798,4.11,4.51
13799,4.11,4.52
13801,4.11,4.52
13802,4.11,4.52
13803,4.12,4.53
13804,4.11,4.53
13805,4.12,4.54
13806,4.11,4.54
13808,4.12,4.55
13809,4.11,4.55
13810,4.11,4.55
13811,4.11,4.56
13812,4.11,4.56
13814,4.12,4.57
13815,4.12,4.57
13816,4.12,4.57
13817,4.12,4.57
13818,4.12,4.58
13819,4.12,4.58
13821,4.12,4.59
13822,4.12,4.59
13824,4.12,4.59
13825,4.12,4.59
13826,4.11,4.60
13828,4.12,4.60
13829,4.11,4.60
13830,4.11,4.61
13831,4.11,4.61
13832,4.11,4.61
13833,4.11,4.61
13835,4.11,4.62
13836,4.11,4.62
13837,4.11,4.62
13838,4.11,4.63
13839,4.11,4.63
13841,4.11,4.63
13842,4.11,4.64
13843,4.11,4.64
13844,4.11,4.64
13845,4.11,4.64
13846,4.11,4.65
13848,4.11,4.65
13849,4.11,4.65
13850,4.11,4.66
13851,4.11,4.66
13852,4.11,4.67
13853,4.11,4.67
13855,4.11,4.67
13856,4.11,4.68
13857,4.11,4.68
13858,4.11,4.69
13859,4.11,4.69
13861,4.11,4.69
13862,4.11,4.70
13863,4.11,4.70
13864,4.11,4.71
13865,4.11,4.71
13867,4.11,4.71
13869,4.11,4.72
13870,4.11,4.72
13871,4.11,4.73
13872,4.11,4.73
13873,4.11,4.74
13875,4.11,4.74
13876,4.11,4.75
13877,4.11,4.75
13878,4.11,4.75
13879,4.11,4.76
13880,4.11,4.76
13882,4.11,4.77
13883,4.11,4.77
13884,4.11,4.77
13885,4.11,4.78
13886,4.11,4.78
13888,4.11,4.78
13889,4.11,4.78
13890,4.11,4.79
13891,4.11,4.79
13892,4.11,4.79
13893,4.11,4.80
13895,4.11,4.80
13896,4.11,4.80
13897,4.11,4.81
13898,4.11,4.81
13899,4.11,4.81
13901,4.11,4.81
13902,4.11,4.81
13903,4.11,4.81
13904,4.11,4.82
13905,4.11,4.82
13906,4.11,4.82
13908,4.10,4.82
13910,4.10,4.82
13911,4.10,4.82
13912,4.10,4.82
13913,4.10,4.82
13914,4.10,4.82
13916,4.10,4.81
13917,4.10,4.81
13918,4.10,4.81
13919,4.10,4.81
13920,4.10,4.81
13922,4.09,4.81
13923,4.10,4.81
13924,4.09,4.80
13925,4.09,4.80
13926,4.09,4.80
13927,4.09,4.80
13929,4.09,4.80
13930,4.09,4.80
13931,4.09,4.80
13932,4.09,4.79
13933,4.09,4.79
13934,4.09,4.79
13936,4.09,4.79
13937,4.09,4.78
13938,4.09,4.78
13939,4.09,4.78
13940,4.09,4.78
13941,4.09,4.78
13943,4.09,4.78
13944,4.09,4.77
13945,4.09,4.77
13946,4.09,4.77
13947,4.09,4.77
13948,4.09,4.76
13950,4.09,4.76
13952,4.09,4.76
13953,4.09,4.76
13954,4.09,4.75
13955,4.09,4.75
13957,4.09,4.75
13958,4.09,4.75
13959,4.09,4.74
13960,4.09,4.74
13961,4.09,4.74
13962,4.09,4.73
13964,4.09,4.73
13965,4.09,4.73
13966,4.09,4.73
13967,4.09,4.73
13968,4.09,4.72
13969,4.09,4.72
13971,4.09,4.72
13972,4.09,4.72
13973,4.08,4.72
13974,4.08,4.71
13975,4.08,4.71
13976,4.08,4.71
13978,4.09,4.71
13979,4.08,4.71
13980,4.08,4.71
13981,4.08,4.70
13982,4.08,4.70
13984,4.08,4.70
13985,4.08,4.70
13986,4.08,4.70
13987,4.08,4.70
13988,4.08,4.70
13989,4.08,4.70
13991,4.08,4.70
13992,4.08,4.70
13993,4.08,4.69
13995,4.08,4.69
13996,4.08,4.69
13997,4.08,4.69
13999,4.08,4.69
14000,4.08,4.69
14001,4.08,4.69
14002,4.08,4.69
14003,4.08,4.69
14004,4.08,4.69
14006,4.08,4.69
14007,4.08,4.69
14008,4.08,4.69
14009,4.08,4.69
14010,4.08,4.69
14011,4.08,4.69
14013,4.08,4.69
14014,4.08,4.69
14015,4.08,4.69
14016,4.08,4.69
14017,4.09,4.69
14018,4.09,4.69
14020,4.09,4.69
14021,4.09,4.69
14022,4.09,4.69
14023,4.09,4.69
14024,4.09,4.69
14025,4.09,4.69
14027,4.09,4.69
14028,4.09,4.69
14029,4.09,4.70
14030,4.09,4.70
14031,4.09,4.70
14033,4.09,4.70
14034,4.09,4.70
14035,4.09,4.70
14036,4.09,4.70
14038,4.09,4.70
14039,4.09,4.70
14041,4.09,4.70
14042,4.09,4.70
14043,4.09,4.70
14044,4.09,4.70
14045,4.09,4.70
14046,4.09,4.70
14048,4.09,4.70
14049,4.09,4.70
14050,4.09,4.71
14051,4.09,4.71
14052,4.09,4.71
14053,4.09,4.71
14055,4.09,4.71
14056,4.09,4.71
14057,4.09,4.71
14058,4.09,4.71
14059,4.09,4.71
14060,4.09,4.71
14062,4.09,4.71
14063,4.09,4.71
14064,4.09,4.71
14065,4.09,4.71
14066,4.09,4.71
14067,4.09,4.71
14069,4.09,4.71
14070,4.09,4.71
14071,4.09,4.71
14072,4.09,4.72
14073,4.09,4.72
14075,4.09,4.72
14076,4.09,4.72
14077,4.09,4.72
14078,4.09,4.72
14080,4.09,4.72
14081,4.09,4.72
14083,4.09,4.72
14084,4.09,4.72
14085,4.08,4.72
14086,4.09,4.72
14087,4.09,4.72
14088,4.09,4.72
14090,4.08,4.72
14091,4.09,4.72
14092,4.08,4.72
14093,4.09,4.72
14094,4.09,4.72
14095,4.08,4.72
14097,4.08,4.73
14098,4.08,4.73
14099,4.08,4.73
14100,4.08,4.73
14101,4.08,4.73
14103,4.08,4.73
14104,4.08,4.73
14105,4.08,4.73
14106,4.08,4.73
14107,4.08,4.73
14108,4.08,4.73
14110,4.08,4.73
14111,4.08,4.73
14112,4.08,4.73
14113,4.08,4.73
14114,4.08,4.73
14115,4.08,4.73
14117,4.08,4.73
14118,4.08,4.73
14119,4.08,4.73
14120,4.08,4.73
14121,4.09,4.73
14123,4.09,4.70
14125,4.07,4.65
14126,4.05,4.60
14127,4.02,4.57
14128,3.99,4.54
14129,3.98,4.53
14131,3.97,4.52
14132,3.96,4.53
14133,3.96,4.53
14134,3.96,4.50
14135,3.94,4.47
14136,3.93,4.45
14138,3.92,4.45
14139,3.93,4.43
14140,3.92,4.40
14141,3.90,4.35
14142,3.87,4.31
14144,3.84,4.28
14145,3.82,4.26
14146,3.81,4.26
14147,3.81,4.26
14148,3.82,4.28
14149,3.83,4.27
14151,3.82,4.25
14152,3.81,4.22
14153,3.80,4.22
14154,3.80,4.21
14155,3.80,4.20
14157,3.79,4.16
14158,3.78,4.13
14159,3.75,4.09
14160,3.72,4.06
14161,3.71,4.05
14162,3.71,4.06
14164,3.72,4.08
14166,3.74,4.09
14167,3.75,4.09
14168,3.75,4.07
14169,3.74,4.04
14170,3.74,4.04
14172,3.74,4.03
14173,3.74,4.01
14174,3.72,3.98
14175,3.71,3.95
14176,3.69,3.91
14178,3.66,3.90
14179,3.66,3.90
14180,3.66,3.91
14181,3.68,3.93
14182,3.70,3.95
14183,3.72,3.95
14185,3.72,3.94
14186,3.71,3.92
14187,3.71,3.93
14188,3.72,3.92
14189,3.72,3.90
14190,3.70,3.88
14192,3.69,3.85
14193,3.67,3.82
14194,3.65,3.81
14195,3.65,3.82
14196,3.66,3.84
14198,3.68,3.87
14199,3.70,3.89
14200,3.72,3.89
14201,3.72,3.87
14202,3.72,3.86
14203,3.72,3.87
14205,3.72,3.86
14206,3.71,3.84
14208,3.70,3.82
14209,3.69,3.79
14210,3.67,3.77
14212,3.65,3.76
14213,3.65,3.77
14214,3.66,3.80
14215,3.69,3.83
14216,3.71,3.84
14217,3.72,3.84
14219,3.72,3.82
14220,3.71,3.82
14221,3.71,3.81
14222,3.71,3.80
14223,3.70,3.78
14225,3.69,3.76
14226,3.67,3.74
14227,3.65,3.72
14228,3.63,3.71
14229,3.63,3.73
14230,3.65,3.75
14232,3.68,3.78
14233,3.70,3.79
14234,3.70,3.79
14235,3.70,3.77
14236,3.69,3.76
14238,3.69,3.75
14239,3.68,3.74
14240,3.66,3.72
14241,3.64,3.70
14242,3.63,3.68
14243,3.60,3.66
14245,3.59,3.66
14246,3.59,3.68
14247,3.61,3.70
14248,3.64,3.73
14249,3.66,3.74
14251,3.67,3.73
14253,3.67,3.72
14254,3.66,3.71
14255,3.65,3.70
14256,3.64,3.69
14257,3.62,3.67
14259,3.61,3.65
14260,3.59,3.63
14261,3.57,3.62
14262,3.56,3.62
14263,3.57,3.65
14264,3.59,3.67
14266,3.63,3.70
14267,3.65,3.70
14268,3.65,3.70
14269,3.65,3.69
14270,3.64,3.69
14272,3.64,3.68
14273,3.63,3.66
14274,3.61,3.65
14275,3.60,3.63
14276,3.58,3.61
14277,3.56,3.60
14279,3.56,3.61
14280,3.57,3.63
14281,3.60,3.67
14282,3.63,3.69
14283,3.65,3.70
14285,3.66,3.69
14286,3.66,3.68
14287,3.65,3.68
14288,3.65,3.67
14289,3.64,3.66
14290,3.62,3.64
14292,3.61,3.62
14294,3.59,3.61
14295,3.57,3.60
14296,3.57,3.62
14297,3.59,3.65
14299,3.62,3.68
14300,3.66,3.70
14301,3.67,3.70
14302,3.67,3.69
14303,3.66,3.68
14304,3.66,3.67
14306,3.65,3.66
14307,3.63,3.65
14308,3.62,3.63
14309,3.60,3.61
14310,3.58,3.59
14312,3.57,3.59
14313,3.57,3.61
14314,3.59,3.64
14315,3.62,3.67
14316,3.65,3.69
14317,3.66,3.69
14319,3.66,3.68
14320,3.65,3.67
14321,3.64,3.66
14322,3.64,3.65
14323,3.62,3.63
14325,3.60,3.61
14326,3.59,3.60
14327,3.57,3.58
14328,3.56,3.59
14329,3.57,3.61
14330,3.59,3.64
14332,3.62,3.67
14333,3.65,3.68
14334,3.65,3.68
14336,3.65,3.67
14337,3.64,3.65
14339,3.63,3.64
14340,3.62,3.62
14341,3.60,3.60
14342,3.58,3.59
14343,3.56,3.57
14344,3.54,3.56
14346,3.54,3.57
14347,3.55,3.59
14348,3.58,3.62
14349,3.61,3.65
14350,3.63,3.66
14352,3.63,3.65
14353,3.63,3.64
14354,3.62,3.63
14355,3.61,3.61
14356,3.59,3.60
14357,3.58,3.58
14359,3.56,3.56
14360,3.54,3.55
14361,3.53,3.54
14362,3.53,3.55
14363,3.54,3.58
14365,3.57,3.61
14366,3.61,3.64
14367,3.62,3.64
14368,3.62,3.63
14369,3.62,3.62
14370,3.61,3.61
14372,3.60,3.59
14373,3.58,3.58
14374,3.57,3.57
14375,3.55,3.55
14376,3.53,3.53
14379,3.52,3.53
14380,3.52,3.55
14381,3.55,3.58
14382,3.58,3.62
14383,3.61,3.63
14384,3.62,3.63
14386,3.62,3.63
14387,3.62,3.62
14388,3.61,3.60
14389,3.59,3.59
14390,3.58,3.57
14392,3.56,3.56
14393,3.55,3.54
14394,3.53,3.52
14395,3.52,3.53
14396,3.53,3.56
14397,3.56,3.59
14399,3.59,3.62
14400,3.61,3.63
14401,3.62,3.63
14402,3.62,3.62
14403,3.62,3.61
14405,3.60,3.60
14406,3.59,3.58
14407,3.58,3.57
14408,3.56,3.55
14409,3.54,3.54
14410,3.53,3.52
14412,3.52,3.53
14413,3.53,3.56
14414,3.56,3.59
14415,3.60,3.62
14416,3.62,3.63
14417,3.63,3.62
14419,3.62,3.62
14420,3.62,3.61
14422,3.60,3.59
14423,3.59,3.58
14424,3.58,3.56
14426,3.56,3.55
14427,3.54,3.53
14428,3.53,3.52
14429,3.52,3.54
14430,3.54,3.57
14431,3.57,3.60
14433,3.60,3.62
14434,3.62,3.63
14435,3.63,3.63
14436,3.62,3.61
14437,3.62,3.60
14439,3.60,3.59
14440,3.59,3.57
14441,3.57,3.56
14442,3.56,3.55
14443,3.54,3.53
14444,3.52,3.52
14446,3.53,3.54
14447,3.55,3.57
14448,3.58,3.61
14449,3.61,3.62
14450,3.63,3.63
14451,3.63,3.62
14453,3.62,3.61
14454,3.61,3.60
14455,3.60,3.59
14456,3.59,3.57
14457,3.57,3.56
14459,3.56,3.54
14460,3.54,3.53
14461,3.52,3.53
14462,3.53,3.55
14464,3.55,3.58
14465,3.59,3.61
14467,3.62,3.63
14468,3.63,3.63
14469,3.63,3.62
14470,3.62,3.61
14471,3.61,3.60
14473,3.60,3.58
14474,3.58,3.57
14475,3.57,3.55
14476,3.55,3.54
14477,3.53,3.52
14478,3.52,3.53
14480,3.53,3.55
14481,3.56,3.58
14482,3.59,3.61
14483,3.62,3.63
14484,3.63,3.63
14486,3.63,3.62
14487,3.62,3.61
14488,3.61,3.60
14489,3.60,3.58
14490,3.58,3.56
14491,3.56,3.55
14493,3.55,3.53
14494,3.53,3.52
14495,3.52,3.53
14496,3.54,3.56
14497,3.57,3.59
14498,3.60,3.62
14500,3.62,3.63
14501,3.63,3.62
14502,3.63,3.61
14503,3.62,3.60
14504,3.61,3.59
14507,3.59,3.58
14508,3.58,3.56
14509,3.56,3.55
14510,3.54,3.53
14511,3.53,3.52
14512,3.53,3.54
14514,3.54,3.56
14515,3.57,3.60
14516,3.61,3.62
14517,3.62,3.63
14518,3.63,3.62
14520,3.63,3.61
14521,3.62,3.60
14522,3.60,3.59
14523,3.59,3.57
14524,3.58,3.56
14525,3.56,3.54
14527,3.54,3.53
14528,3.53,3.52
14529,3.53,3.54
14530,3.55,3.57
14531,3.58,3.61
14533,3.61,3.62
14534,3.63,3.62
14535,3.63,3.62
14536,3.62,3.61
14537,3.62,3.60
14538,3.60,3.58
14540,3.59,3.57
14541,3.57,3.55
14542,3.56,3.54
14543,3.54,3.52
14544,3.53,3.53
14545,3.53,3.55
14547,3.56,3.58
14548,3.59,3.61
14550,3.62,3.63
14551,3.63,3.63
14552,3.63,3.62
14554,3.62,3.61
14555,3.61,3.60
14556,3.60,3.58
14557,3.59,3.57
14558,3.57,3.55
14559,3.55,3.54
14561,3.54,3.52
14562,3.53,3.52
14563,3.54,3.55
14564,3.56,3.59
14565,3.60,3.62
14567,3.62,3.63
14568,3.63,3.62
14569,3.63,3.62
14570,3.62,3.60
14571,3.61,3.59
14572,3.60,3.58
14574,3.58,3.56
14575,3.56,3.55
14576,3.55,3.53
14577,3.53,3.52
14578,3.52,3.53
14580,3.54,3.56
14581,3.57,3.59
14582,3.60,3.62
14583,3.62,3.62
14584,3.63,3.62
14585,3.63,3.61
14587,3.62,3.60
14588,3.60,3.59
14589,3.59,3.57
14590,3.58,3.56
14592,3.56,3.54
14593,3.54,3.53
14595,3.53,3.52
14596,3.53,3.53
14597,3.54,3.56
14598,3.57,3.60
14599,3.61,3.62
14601,3.62,3.62
14602,3.63,3.62
14603,3.62,3.61
14604,3.61,3.60
14605,3.60,3.58
14606,3.59,3.57
14608,3.57,3.55
14609,3.56,3.54
14610,3.54,3.52
14611,3.52,3.52
14612,3.53,3.54
14614,3.55,3.57
14615,3.58,3.61
14616,3.61,3.62
14617,3.62,3.62
14618,3.63,3.62
14619,3.62,3.61
14621,3.61,3.59
14622,3.60,3.58
14623,3.58,3.56
14624,3.57,3.55
14625,3.55,3.54
14627,3.53,3.52
14628,3.52,3.52
14629,3.53,3.54
14630,3.55,3.57
14631,3.59,3.61
14632,3.62,3.62
14635,3.62,3.62
14636,3.63,3.61
14637,3.62,3.60
14638,3.61,3.59
14639,3.59,3.57
14641,3.58,3.56
14642,3.56,3.55
14643,3.55,3.53
14644,3.53,3.51
14645,3.52,3.52
14646,3.54,3.55
14648,3.56,3.59
14649,3.60,3.61
14650,3.62,3.62
14651,3.63,3.62
14652,3.62,3.61
14654,3.62,3.60
14655,3.61,3.59
14656,3.59,3.57
14657,3.58,3.56
14658,3.56,3.54
14659,3.54,3.53
14661,3.53,3.52
14662,3.52,3.53
14663,3.54,3.56
14664,3.57,3.59
14665,3.61,3.62
14666,3.62,3.62
14668,3.63,3.62
14669,3.63,3.61
14670,3.62,3.60
14671,3.60,3.59
14672,3.59,3.57
14674,3.58,3.56
14675,3.56,3.54
14676,3.54,3.53
14678,3.52,3.52
14679,3.52,3.53
14680,3.54,3.56
14682,3.58,3.60
14683,3.61,3.62
14684,3.62,3.62
14685,3.63,3.62
14686,3.62,3.61
14688,3.61,3.59
14689,3.60,3.58
14690,3.58,3.57
14691,3.57,3.55
14692,3.55,3.54
14693,3.54,3.52
14695,3.52,3.52
14696,3.53,3.54
14697,3.55,3.57
14698,3.58,3.60
14699,3.61,3.62
14701,3.62,3.62
14702,3.62,3.61
14703,3.61,3.60
14704,3.61,3.59
14705,3.59,3.58
14706,3.58,3.56
14708,3.56,3.55
14709,3.55,3.53
14710,3.53,3.52
14711,3.52,3.52
14712,3.53,3.54
14713,3.55,3.57
14715,3.58,3.60
14716,3.61,3.62
14717,3.62,3.61
14718,3.62,3.61
14720,3.61,3.59
14722,3.60,3.58
14723,3.59,3.57
14724,3.57,3.55
14725,3.56,3.54
14726,3.54,3.53
14727,3.52,3.51
14729,3.51,3.52
14730,3.53,3.54
14731,3.55,3.58
14732,3.59,3.61
14733,3.61,3.61
14735,3.62,3.61
14736,3.61,3.60
14737,3.61,3.59
14738,3.59,3.58
14739,3.58,3.56
14740,3.57,3.55
14742,3.55,3.54
14743,3.53,3.52
14744,3.52,3.51
14745,3.51,3.52
14746,3.53,3.55
14748,3.56,3.59
14749,3.59,3.61
14750,3.61,3.61
14751,3.61,3.61
14752,3.61,3.60
14753,3.60,3.59
14755,3.59,3.57
14756,3.58,3.56
14757,3.56,3.54
14758,3.54,3.53
14759,3.53,3.51
14761,3.51,3.51
14763,3.51,3.53
14764,3.54,3.56
14765,3.57,3.59
14766,3.60,3.61
14767,3.61,3.61
14769,3.61,3.60
14770,3.61,3.59
14771,3.60,3.58
14772,3.58,3.57
14773,3.57,3.56
14774,3.56,3.54
14776,3.54,3.53
14777,3.52,3.51
14778,3.51,3.51
14779,3.52,3.53
14780,3.54,3.56
14782,3.57,3.60
14783,3.60,3.61
14784,3.61,3.61
14785,3.61,3.60
14786,3.61,3.59
14787,3.60,3.58
14789,3.58,3.57
14790,3.57,3.55
14791,3.55,3.54
14792,3.54,3.52
14793,3.52,3.51
14795,3.51,3.51
14796,3.52,3.54
14797,3.55,3.57
14798,3.58,3.60
14799,3.61,3.61
14800,3.61,3.61
14802,3.61,3.60
14803,3.61,3.59
14804,3.60,3.58
14806,3.58,3.57
14807,3.57,3.55
14808,3.56,3.54
14810,3.54,3.52
14811,3.52,3.51
14812,3.52,3.52
14813,3.53,3.55
14814,3.56,3.58
14816,3.59,3.61
14817,3.61,3.61
14818,3.62,3.61
14819,3.61,3.60
14820,3.61,3.59
14821,3.60,3.58
14823,3.58,3.56
14824,3.57,3.55
14825,3.55,3.53
14826,3.54,3.52
14827,3.52,3.51
14829,3.51,3.52
14830,3.53,3.55
14831,3.57,3.59
14832,3.60,3.61
14833,3.61,3.61
14834,3.62,3.61
14836,3.61,3.60
14837,3.61,3.59
14838,3.59,3.57
14839,3.58,3.56
14840,3.56,3.54
14842,3.55,3.53
14843,3.53,3.52
14844,3.52,3.51
14845,3.52,3.53
14846,3.54,3.56
14848,3.57,3.59
14850,3.60,3.61
14851,3.62,3.61
14852,3.62,3.61
14853,3.61,3.59
14854,3.60,3.58
14855,3.59,3.57
14857,3.58,3.56
14858,3.56,3.54
14859,3.54,3.53
14860,3.53,3.51
14861,3.51,3.51
14863,3.52,3.54
14864,3.55,3.57
14865,3.58,3.60
14866,3.61,3.61
14867,3.62,3.61
14868,3.62,3.61
14870,3.61,3.59
14871,3.60,3.58
14872,3.59,3.57
14873,3.57,3.55
14874,3.56,3.54
14876,3.54,3.52
14877,3.52,3.51
14878,3.52,3.52
14879,3.53,3.54
14880,3.55,3.57
14881,3.59,3.60
14883,3.61,3.61
14884,3.62,3.61
14885,3.62,3.60
14886,3.61,3.59
14887,3.60,3.58
14888,3.59,3.57
14891,3.57,3.55
14892,3.56,3.54
14893,3.54,3.52
14894,3.52,3.51
14895,3.52,3.52
14897,3.53,3.55
14898,3.56,3.58
14899,3.59,3.61
14900,3.61,3.61
14901,3.62,3.61
14902,3.61,3.60
14904,3.61,3.59
14905,3.59,3.58
14906,3.58,3.56
14907,3.57,3.55
14908,3.55,3.53
14910,3.53,3.51
14911,3.52,3.51
14912,3.52,3.52
14913,3.54,3.55
14914,3.57,3.59
14915,3.60,3.61
14917,3.61,3.61
14918,3.62,3.61
14919,3.61,3.60
14920,3.60,3.59
14921,3.59,3.57
14923,3.58,3.56
14924,3.56,3.54
14925,3.55,3.53
14926,3.53,3.51
14927,3.51,3.51
14928,3.52,3.53
14930,3.54,3.56
14931,3.58,3.59
14932,3.60,3.61
14934,3.61,3.61
14935,3.62,3.60
14937,3.61,3.59
14938,3.60,3.58
14939,3.59,3.57
14940,3.57,3.55
14941,3.56,3.54
14942,3.54,3.52
14944,3.52,3.51
14945,3.51,3.51
14946,3.52,3.54
14947,3.55,3.57
14948,3.58,3.60
14949,3.61,3.61
14951,3.62,3.61
14952,3.62,3.60
14953,3.61,3.59
14954,3.60,3.58
14955,3.58,3.57
14957,3.57,3.55
14958,3.56,3.54
14959,3.54,3.52
14960,3.52,3.51
14961,3.51,3.52
14962,3.53,3.54
14964,3.56,3.58
14965,3.59,3.60
14966,3.61,3.61
14967,3.62,3.61
14968,3.62,3.61
14970,3.61,3.59
14971,3.60,3.58
14972,3.58,3.56
14973,3.57,3.55
14974,3.55,3.54
14976,3.54,3.52
14978,3.52,3.51
14979,3.52,3.52
14980,3.54,3.55
14981,3.57,3.58
14982,3.60,3.61
14983,3.62,3.61
14985,3.62,3.61
14986,3.62,3.60
14987,3.61,3.59
14988,3.60,3.57
14989,3.58,3.56
14991,3.57,3.55
14992,3.55,3.53
14993,3.53,3.52
14994,3.52,3.51
14995,3.52,3.53
14996,3.54,3.56
14998,3.57,3.59
14999,3.60,3.61
15000,3.62,3.61
15001,3.62,3.61
15002,3.61,3.60
15004,3.60,3.59
15005,3.59,3.57
15006,3.58,3.56
15007,3.56,3.54
15008,3.55,3.53
15009,3.53,3.51
15011,3.52,3.51
15012,3.52,3.53
15013,3.55,3.57
15014,3.58,3.59
15015,3.61,3.61
15017,3.62,3.61
15019,3.62,3.61
15020,3.61,3.59
15021,3.60,3.58
15022,3.59,3.57
15023,3.58,3.56
15025,3.56,3.54
15026,3.54,3.52
15027,3.53,3.51
15028,3.51,3.52
15029,3.53,3.54
15030,3.55,3.57
15032,3.59,3.60
15033,3.61,3.61
15034,3.62,3.61
15035,3.62,3.60
15036,3.61,3.59
15038,3.60,3.58
15039,3.58,3.56
15040,3.57,3.55
15041,3.56,3.54
15042,3.54,3.52
15043,3.52,3.51
15045,3.51,3.52
15046,3.53,3.54
15047,3.56,3.58
15048,3.59,3.60
15049,3.61,3.61
15051,3.62,3.61
15052,3.62,3.60
15053,3.61,3.59
15054,3.60,3.58
15055,3.58,3.56
15056,3.57,3.55
15058,3.55,3.53
15059,3.54,3.52
15060,3.52,3.51
15062,3.52,3.52
15063,3.54,3.55
15064,3.57,3.59
15066,3.60,3.61
15067,3.62,3.61
15068,3.62,3.61
15069,3.62,3.60
15070,3.61,3.59
15072,3.59,3.57
15073,3.58,3.56
15074,3.57,3.55
15075,3.55,3.53
15076,3.53,3.52
15077,3.52,3.51
15079,3.52,3.53
15080,3.54,3.56
15081,3.58,3.59
15082,3.61,3.61
15083,3.62,3.61
15085,3.62,3.61
15086,3.62,3.60
15087,3.61,3.58
15088,3.59,3.57
15089,3.58,3.56
15090,3.56,3.54
15092,3.55,3.53
15093,3.53,3.51
15094,3.52,3.51
15095,3.52,3.53
15096,3.55,3.57
15098,3.59,3.60
15099,3.61,3.61
15100,3.62,3.61
15101,3.62,3.61
15102,3.61,3.60
15104,3.61,3.58
15106,3.59,3.57
15107,3.58,3.55
15108,3.56,3.54
15109,3.55,3.53
15110,3.53,3.51
15111,3.52,3.52
15113,3.53,3.54
15114,3.56,3.58
15115,3.59,3.60
15116,3.61,3.61
15117,3.62,3.61
15119,3.62,3.61
15120,3.61,3.59
15121,3.60,3.58
15122,3.59,3.57
15123,3.57,3.55
15124,3.56,3.54
15126,3.54,3.52
15127,3.53,3.51
15128,3.52,3.52
15129,3.54,3.55
15130,3.56,3.58
15132,3.60,3.61
15133,3.62,3.61
15134,3.62,3.61
15135,3.62,3.60
15136,3.61,3.59
15137,3.60,3.58
15139,3.59,3.56
15140,3.57,3.55
15141,3.56,3.53
15142,3.54,3.52
15143,3.52,3.51
15144,3.52,3.53
15147,3.54,3.55
15148,3.57,3.59
15149,3.60,3.61
15150,3.62,3.61
15151,3.62,3.60
15153,3.62,3.60
15154,3.61,3.59
15155,3.59,3.57
15156,3.58,3.56
15157,3.57,3.55
15158,3.55,3.53
15160,3.53,3.51
15161,3.52,3.51
15162,3.52,3.53
15163,3.54,3.56
15164,3.57,3.59
15166,3.60,3.61
15167,3.61,3.61
15168,3.62,3.61
15169,3.61,3.60
15170,3.60,3.58
15171,3.59,3.57
15173,3.57,3.56
15174,3.56,3.54
15175,3.54,3.53
15176,3.53,3.51
15177,3.51,3.51
15179,3.52,3.53
15180,3.54,3.56
15181,3.58,3.59
15182,3.60,3.61
15183,3.61,3.61
15184,3.61,3.60
15186,3.61,3.59
15187,3.59,3.58
15188,3.58,3.56
15190,3.57,3.55
15191,3.55,3.53
15192,3.54,3.52
15194,3.52,3.51
15195,3.51,3.51
15196,3.52,3.54
15197,3.55,3.57
15198,3.58,3.60
15200,3.61,3.61
15201,3.61,3.60
15202,3.61,3.60
15203,3.60,3.59
15204,3.59,3.57
15205,3.58,3.56
15207,3.56,3.55
15208,3.55,3.53
15209,3.53,3.52
15210,3.52,3.51
15211,3.51,3.52
15213,3.53,3.55
15214,3.56,3.58
15215,3.59,3.60
15216,3.61,3.61
15217,3.62,3.61
15218,3.61,3.60
15220,3.61,3.59
15221,3.59,3.57
15222,3.58,3.56
15223,3.57,3.54
15224,3.55,3.53
15225,3.54,3.52
15227,3.52,3.51
15228,3.52,3.53
15229,3.54,3.55
15230,3.57,3.59
15232,3.60,3.61
15234,3.62,3.61
15235,3.62,3.60
15236,3.62,3.60
15237,3.61,3.58
15238,3.59,3.57
15239,3.58,3.56
15241,3.57,3.54
15242,3.55,3.52
15243,3.53,3.51
15244,3.52,3.51
15245,3.52,3.53
15247,3.55,3.56
15248,3.58,3.59
15249,3.61,3.61
15250,3.62,3.61
15251,3.62,3.61
15252,3.62,3.59
15254,3.61,3.58
15255,3.59,3.57
15256,3.58,3.56
15257,3.56,3.54
15258,3.55,3.53
15260,3.53,3.51
15261,3.52,3.52
15262,3.53,3.54
15263,3.56,3.57
15264,3.59,3.60
15265,3.62,3.61
15267,3.62,3.61
15268,3.62,3.61
15269,3.62,3.59
15270,3.60,3.58
15271,3.59,3.57
15272,3.58,3.55
15275,3.56,3.54
15276,3.54,3.52
15277,3.53,3.51
15278,3.52,3.52
15279,3.54,3.55
15281,3.56,3.58
15282,3.60,3.61
15283,3.62,3.61
15284,3.63,3.61
15285,3.62,3.60
15286,3.61,3.59
15288,3.60,3.58
15289,3.59,3.57
15290,3.57,3.55
15291,3.56,3.53
15292,3.54,3.52
15294,3.52,3.51
15295,3.52,3.52
15296,3.54,3.55
15297,3.57,3.59
15298,3.60,3.61
15299,3.62,3.61
15301,3.63,3.61
15302,3.62,3.60
15303,3.61,3.59
15304,3.60,3.58
15305,3.59,3.56
15306,3.57,3.55
15308,3.56,3.53
15309,3.54,3.52
15310,3.52,3.51
15311,3.53,3.53
15312,3.55,3.56
15314,3.58,3.59
15315,3.61,3.61
15316,3.62,3.61
15318,3.63,3.61
15319,3.62,3.60
15320,3.61,3.59
15322,3.60,3.57
15323,3.58,3.56
15324,3.57,3.54
15325,3.55,3.53
15326,3.54,3.51
15328,3.52,3.52
15329,3.53,3.53
15330,3.56,3.57
15331,3.59,3.60
15332,3.62,3.61
15333,3.63,3.61
15335,3.63,3.61
15336,3.62,3.60
15337,3.61,3.58
15338,3.60,3.57
15339,3.58,3.56
15340,3.57,3.54
15342,3.55,3.53
15343,3.53,3.51
15344,3.52,3.52
15345,3.53,3.54
15346,3.56,3.57
15348,3.59,3.60
15349,3.62,3.61
15350,3.62,3.61
15351,3.62,3.60
15352,3.61,3.59
15353,3.60,3.58
15355,3.59,3.57
15356,3.57,3.55
15357,3.56,3.54
15358,3.54,3.52
15360,3.53,3.51
15362,3.52,3.52
15363,3.53,3.53
15364,3.54,3.55
15365,3.56,3.57
15366,3.57,3.57
15367,3.57,3.56
15369,3.56,3.55
15370,3.55,3.54
15371,3.54,3.53
15372,3.52,3.52
15373,3.51,3.50
15375,3.49,3.48
15376,3.48,3.48
15377,3.47,3.47
15378,3.45,3.46
15379,3.45,3.46
15380,3.44,3.45
15382,3.43,3.45
15383,3.42,3.44
15384,3.41,3.43
15385,3.39,3.42
15386,3.38,3.40
15387,3.36,3.38
15389,3.34,3.36
15390,3.33,3.35
15391,3.31,3.33
15392,3.29,3.32
15393,3.28,3.30
15395,3.27,3.31
15396,3.28,3.32
15397,3.29,3.33
15398,3.30,3.33
15399,3.30,3.33
15400,3.30,3.31
15403,3.29,3.30
15404,3.28,3.29
15405,3.27,3.28
15406,3.26,3.26
15407,3.26,3.26
15409,3.24,3.24
15410,3.23,3.23
15411,3.22,3.23
15412,3.23,3.26
15413,3.25,3.28
15414,3.28,3.31
15416,3.31,3.33
15417,3.32,3.33
15418,3.33,3.33
15419,3.33,3.32
15420,3.33,3.32
15422,3.32,3.31
15423,3.31,3.30
15424,3.31,3.29
15425,3.30,3.28
15426,3.28,3.27
15427,3.28,3.28
15429,3.30,3.31
15430,3.34,3.36
15431,3.38,3.40
15432,3.41,3.41
15433,3.43,3.42
15434,3.44,3.42
15436,3.44,3.42
15437,3.45,3.42
15438,3.45,3.41
15439,3.44,3.41
15440,3.43,3.40
15442,3.42,3.39
15443,3.41,3.39
15444,3.42,3.42
15446,3.45,3.45
15447,3.49,3.50
15448,3.53,3.53
15450,3.57,3.55
15451,3.58,3.56
15452,3.59,3.56
15453,3.60,3.57
15454,3.61,3.57
15456,3.60,3.57
15457,3.60,3.56
15458,3.59,3.55
15459,3.57,3.53
15460,3.56,3.54
15461,3.58,3.56
15463,3.61,3.60
15464,3.65,3.64
15465,3.69,3.67
15466,3.71,3.67
15467,3.71,3.67
15468,3.71,3.68
15470,3.72,3.69
15471,3.73,3.68
15472,3.72,3.67
15473,3.71,3.66
15474,3.70,3.64
15476,3.68,3.64
15477,3.68,3.65
15478,3.70,3.67
15479,3.73,3.71
15480,3.77,3.74
15481,3.80,3.76
15483,3.81,3.76
15484,3.81,3.75
15485,3.81,3.77
15486,3.83,3.78
15488,3.83,3.77
15490,3.82,3.75
15491,3.80,3.73
15492,3.78,3.72
15493,3.78,3.73
15494,3.79,3.75
15495,3.81,3.77
15497,3.84,3.80
15498,3.87,3.84
15499,3.91,3.87
15500,3.94,3.90
15501,3.98,3.93
15502,4.02,3.97
15504,4.06,4.00
15505,4.09,4.03
15506,4.13,4.06
15507,4.16,4.10
15508,4.20,4.13
15510,4.23,4.16
15511,4.27,4.19
