time_ms,ch1_v,ch2_v
67,3.76,3.62
68,3.74,3.60
69,3.72,3.59
70,3.71,3.59
71,3.71,3.60
72,3.72,3.61
73,3.74,3.63
74,3.77,3.66
75,3.80,3.68
76,3.83,3.69
77,3.84,3.69
78,3.84,3.68
79,3.83,3.67
80,3.82,3.66
81,3.80,3.65
82,3.78,3.64
83,3.76,3.62
84,3.74,3.60
87,3.72,3.59
88,3.71,3.59
89,3.71,3.60
90,3.73,3.62
91,3.75,3.64
92,3.78,3.66
93,3.81,3.68
94,3.83,3.69
95,3.84,3.69
96,3.84,3.68
97,3.83,3.67
98,3.82,3.66
99,3.80,3.65
100,3.78,3.63
101,3.76,3.62
102,3.73,3.60
103,3.71,3.59
104,3.71,3.60
105,3.72,3.61
106,3.74,3.63
107,3.76,3.65
108,3.79,3.67
110,3.82,3.69
111,3.84,3.69
112,3.84,3.68
113,3.83,3.67
114,3.82,3.66
115,3.80,3.65
116,3.78,3.63
117,3.76,3.62
118,3.73,3.60
119,3.71,3.59
120,3.71,3.59
121,3.72,3.61
123,3.73,3.62
124,3.76,3.64
125,3.79,3.67
126,3.82,3.69
128,3.84,3.69
129,3.84,3.68
130,3.83,3.68
131,3.82,3.66
132,3.80,3.65
133,3.78,3.63
134,3.76,3.62
135,3.74,3.60
136,3.72,3.59
138,3.71,3.59
139,3.72,3.60
140,3.73,3.62
141,3.76,3.64
142,3.79,3.67
143,3.82,3.69
144,3.84,3.69
145,3.84,3.69
146,3.83,3.68
147,3.82,3.67
148,3.81,3.65
149,3.79,3.64
150,3.76,3.62
152,3.74,3.60
153,3.72,3.59
154,3.71,3.60
155,3.72,3.61
156,3.73,3.62
157,3.75,3.64
158,3.78,3.67
159,3.82,3.69
160,3.84,3.69
161,3.84,3.69
162,3.84,3.68
163,3.82,3.67
165,3.81,3.65
166,3.79,3.64
167,3.76,3.62
168,3.74,3.60
169,3.72,3.59
171,3.71,3.60
172,3.71,3.61
173,3.73,3.62
174,3.76,3.64
175,3.78,3.67
176,3.81,3.69
177,3.83,3.69
178,3.84,3.68
180,3.83,3.68
181,3.82,3.66
182,3.80,3.65
183,3.79,3.64
184,3.76,3.61
185,3.74,3.60
186,3.72,3.59
187,3.70,3.59
188,3.71,3.60
189,3.72,3.62
190,3.75,3.64
191,3.78,3.66
192,3.81,3.68
194,3.83,3.69
195,3.84,3.68
196,3.83,3.68
197,3.82,3.67
198,3.80,3.65
199,3.78,3.63
200,3.76,3.62
201,3.74,3.60
202,3.72,3.59
203,3.70,3.59
204,3.71,3.60
205,3.72,3.61
207,3.75,3.63
208,3.78,3.66
209,3.81,3.68
210,3.83,3.69
211,3.84,3.69
212,3.83,3.68
214,3.82,3.67
215,3.81,3.65
216,3.79,3.64
217,3.77,3.62
218,3.75,3.61
219,3.72,3.59
220,3.71,3.59
222,3.71,3.60
223,3.72,3.62
224,3.75,3.64
225,3.77,3.66
226,3.81,3.68
227,3.83,3.69
228,3.84,3.69
229,3.84,3.68
230,3.83,3.67
231,3.81,3.66
232,3.79,3.64
233,3.77,3.63
235,3.75,3.61
236,3.73,3.59
237,3.71,3.59
238,3.71,3.60
239,3.73,3.61
240,3.75,3.64
241,3.77,3.66
242,3.81,3.68
243,3.83,3.69
244,3.84,3.69
245,3.84,3.68
246,3.83,3.67
247,3.82,3.66
249,3.80,3.65
250,3.78,3.63
251,3.75,3.61
252,3.73,3.60
253,3.71,3.59
254,3.71,3.60
256,3.73,3.61
257,3.75,3.63
258,3.78,3.66
259,3.81,3.68
260,3.83,3.69
261,3.84,3.69
262,3.84,3.69
264,3.83,3.67
265,3.82,3.66
266,3.80,3.65
267,3.78,3.63
268,3.75,3.61
269,3.73,3.60
270,3.71,3.59
271,3.71,3.60
272,3.72,3.61
273,3.74,3.63
274,3.77,3.65
275,3.80,3.68
276,3.83,3.69
278,3.84,3.69
279,3.84,3.68
280,3.83,3.67
281,3.82,3.66
282,3.80,3.64
283,3.78,3.63
284,3.76,3.62
285,3.73,3.60
286,3.71,3.59
287,3.71,3.60
288,3.72,3.61
289,3.74,3.63
290,3.77,3.65
291,3.80,3.68
293,3.82,3.69
294,3.84,3.69
295,3.84,3.68
296,3.83,3.67
297,3.82,3.66
299,3.80,3.65
300,3.78,3.63
301,3.76,3.62
302,3.73,3.60
303,3.71,3.59
304,3.71,3.59
305,3.72,3.61
307,3.73,3.62
308,3.76,3.65
309,3.79,3.67
310,3.82,3.69
311,3.84,3.69
312,3.84,3.68
313,3.83,3.67
314,3.82,3.66
315,3.80,3.65
316,3.78,3.63
317,3.76,3.62
318,3.73,3.60
319,3.71,3.59
321,3.71,3.60
322,3.72,3.61
323,3.73,3.62
324,3.76,3.64
325,3.79,3.67
326,3.82,3.69
327,3.84,3.69
328,3.84,3.68
329,3.83,3.68
330,3.82,3.66
331,3.80,3.65
332,3.78,3.63
333,3.76,3.62
335,3.74,3.60
336,3.72,3.59
337,3.71,3.59
338,3.72,3.61
339,3.73,3.62
340,3.76,3.64
342,3.79,3.67
343,3.82,3.69
344,3.84,3.69
345,3.84,3.69
346,3.83,3.68
347,3.82,3.66
349,3.80,3.65
350,3.78,3.63
351,3.76,3.62
352,3.74,3.59
353,3.72,3.59
354,3.71,3.59
355,3.71,3.60
356,3.73,3.62
357,3.75,3.64
358,3.78,3.67
359,3.82,3.69
360,3.84,3.69
361,3.84,3.68
363,3.83,3.68
364,3.82,3.67
365,3.81,3.65
366,3.79,3.64
367,3.76,3.62
368,3.74,3.61
369,3.72,3.59
370,3.71,3.59
371,3.71,3.60
372,3.73,3.62
373,3.75,3.64
374,3.78,3.66
375,3.81,3.68
377,3.83,3.68
378,3.83,3.68
379,3.83,3.67
380,3.81,3.66
381,3.80,3.64
382,3.78,3.63
384,3.76,3.61
385,3.73,3.59
386,3.71,3.58
387,3.70,3.58
388,3.70,3.59
389,3.72,3.61
390,3.74,3.63
392,3.77,3.66
393,3.80,3.68
394,3.83,3.69
395,3.83,3.68
396,3.83,3.68
397,3.82,3.66
398,3.80,3.65
399,3.78,3.63
400,3.76,3.62
401,3.74,3.60
402,3.72,3.59
403,3.71,3.59
405,3.71,3.60
406,3.73,3.61
407,3.75,3.63
408,3.78,3.66
409,3.81,3.68
410,3.83,3.69
411,3.84,3.69
412,3.84,3.68
413,3.83,3.67
414,3.81,3.66
415,3.79,3.64
416,3.77,3.63
417,3.75,3.61
419,3.73,3.59
420,3.71,3.59
421,3.71,3.60
422,3.73,3.62
423,3.75,3.63
424,3.78,3.66
425,3.81,3.68
427,3.83,3.69
428,3.84,3.69
429,3.84,3.68
430,3.83,3.67
431,3.82,3.66
432,3.80,3.65
434,3.78,3.63
435,3.75,3.61
436,3.73,3.60
437,3.71,3.60
438,3.71,3.60
439,3.73,3.62
440,3.75,3.63
441,3.78,3.66
442,3.81,3.68
443,3.83,3.69
444,3.84,3.69
445,3.84,3.69
446,3.83,3.67
448,3.82,3.66
449,3.80,3.65
450,3.78,3.63
451,3.76,3.61
452,3.73,3.59
453,3.71,3.59
454,3.71,3.60
455,3.72,3.61
456,3.75,3.63
457,3.77,3.65
458,3.80,3.68
459,3.83,3.69
460,3.84,3.68
462,3.83,3.68
463,3.82,3.66
464,3.81,3.65
465,3.79,3.64
466,3.77,3.62
467,3.74,3.60
468,3.72,3.59
470,3.70,3.58
471,3.70,3.59
472,3.71,3.60
473,3.73,3.62
474,3.76,3.64
475,3.79,3.67
477,3.82,3.68
478,3.83,3.68
479,3.83,3.67
480,3.82,3.66
481,3.81,3.65
482,3.79,3.63
483,3.77,3.62
484,3.74,3.60
485,3.72,3.59
486,3.70,3.58
487,3.70,3.59
488,3.71,3.60
489,3.73,3.62
491,3.76,3.64
492,3.79,3.67
493,3.82,3.68
494,3.83,3.68
495,3.83,3.68
496,3.83,3.67
497,3.81,3.65
498,3.80,3.64
499,3.78,3.63
500,3.75,3.61
501,3.73,3.59
502,3.71,3.59
504,3.71,3.59
505,3.72,3.60
506,3.74,3.62
507,3.76,3.64
508,3.79,3.67
509,3.82,3.69
510,3.84,3.69
512,3.84,3.68
513,3.83,3.67
514,3.82,3.66
515,3.80,3.65
516,3.78,3.63
517,3.76,3.62
519,3.74,3.60
520,3.72,3.59
521,3.71,3.60
522,3.72,3.61
523,3.74,3.62
524,3.76,3.64
525,3.79,3.67
526,3.82,3.68
527,3.83,3.68
528,3.83,3.68
529,3.83,3.67
530,3.81,3.65
532,3.79,3.64
533,3.77,3.62
534,3.75,3.61
535,3.73,3.59
536,3.71,3.58
537,3.70,3.59
538,3.71,3.60
539,3.72,3.61
540,3.75,3.64
541,3.78,3.66
542,3.81,3.68
543,3.83,3.68
544,3.83,3.68
546,3.83,3.67
547,3.81,3.66
548,3.80,3.64
549,3.78,3.63
550,3.76,3.61
551,3.73,3.60
552,3.71,3.59
553,3.70,3.59
555,3.71,3.60
556,3.73,3.62
557,3.75,3.64
558,3.78,3.66
559,3.81,3.68
561,3.83,3.69
562,3.84,3.68
563,3.83,3.68
564,3.82,3.66
565,3.80,3.65
566,3.79,3.64
567,3.76,3.62
568,3.74,3.60
569,3.72,3.59
570,3.71,3.59
571,3.71,3.60
572,3.73,3.62
573,3.75,3.64
575,3.78,3.66
576,3.81,3.68
577,3.83,3.68
578,3.83,3.68
579,3.83,3.67
580,3.82,3.66
581,3.80,3.64
582,3.78,3.63
583,3.76,3.61
584,3.73,3.60
585,3.71,3.58
586,3.70,3.59
587,3.70,3.59
589,3.72,3.61
590,3.74,3.63
591,3.77,3.65
592,3.80,3.68
593,3.83,3.69
594,3.84,3.68
595,3.83,3.68
596,3.82,3.67
598,3.81,3.65
599,3.79,3.64
600,3.77,3.62
601,3.74,3.61
603,3.72,3.59
604,3.71,3.59
605,3.71,3.60
606,3.73,3.62
607,3.75,3.63
608,3.78,3.66
609,3.81,3.68
610,3.83,3.69
611,3.84,3.69
612,3.84,3.68
613,3.83,3.67
614,3.81,3.66
615,3.79,3.64
617,3.77,3.63
618,3.75,3.61
619,3.73,3.59
620,3.71,3.60
621,3.71,3.60
622,3.73,3.61
623,3.75,3.63
624,3.78,3.66
625,3.81,3.68
626,3.83,3.69
627,3.84,3.68
628,3.83,3.67
629,3.82,3.66
631,3.80,3.65
632,3.78,3.63
633,3.76,3.62
634,3.74,3.60
635,3.72,3.59
636,3.70,3.58
637,3.70,3.59
638,3.72,3.60
640,3.74,3.62
641,3.77,3.65
642,3.79,3.67
643,3.82,3.68
644,3.83,3.68
646,3.83,3.67
647,3.82,3.66
648,3.81,3.65
649,3.79,3.64
650,3.77,3.62
651,3.75,3.61
652,3.72,3.59
653,3.70,3.59
654,3.70,3.59
655,3.72,3.61
656,3.74,3.63
657,3.77,3.65
658,3.80,3.68
660,3.82,3.69
661,3.84,3.68
662,3.84,3.68
663,3.83,3.67
664,3.81,3.66
665,3.79,3.64
666,3.77,3.63
667,3.75,3.61
668,3.73,3.59
669,3.71,3.59
670,3.71,3.60
671,3.72,3.61
673,3.74,3.62
674,3.77,3.65
675,3.80,3.67
676,3.83,3.68
677,3.83,3.68
678,3.83,3.67
679,3.82,3.66
680,3.81,3.65
681,3.79,3.64
683,3.77,3.62
684,3.75,3.60
685,3.72,3.59
686,3.70,3.58
688,3.70,3.59
689,3.71,3.60
690,3.73,3.62
691,3.76,3.64
692,3.79,3.67
693,3.82,3.68
694,3.83,3.69
695,3.83,3.68
696,3.83,3.67
697,3.81,3.66
698,3.79,3.64
699,3.77,3.63
701,3.75,3.61
702,3.73,3.59
703,3.71,3.59
704,3.71,3.59
705,3.72,3.60
706,3.73,3.62
707,3.76,3.65
708,3.79,3.67
709,3.82,3.69
710,3.84,3.69
711,3.84,3.68
712,3.83,3.67
713,3.82,3.66
715,3.80,3.65
716,3.78,3.63
717,3.76,3.62
718,3.73,3.60
719,3.71,3.59
720,3.71,3.59
721,3.72,3.61
722,3.74,3.62
723,3.76,3.64
724,3.79,3.67
726,3.82,3.68
727,3.83,3.68
728,3.84,3.68
730,3.83,3.67
731,3.81,3.65
732,3.80,3.64
733,3.77,3.62
734,3.75,3.61
735,3.73,3.59
736,3.71,3.58
737,3.70,3.59
738,3.71,3.60
739,3.73,3.61
740,3.75,3.64
741,3.78,3.66
743,3.81,3.68
744,3.83,3.68
745,3.83,3.68
746,3.82,3.67
747,3.81,3.66
748,3.80,3.64
749,3.78,3.63
750,3.75,3.61
751,3.73,3.59
752,3.71,3.59
753,3.70,3.59
754,3.71,3.60
755,3.73,3.61
757,3.75,3.63
758,3.78,3.66
759,3.81,3.68
760,3.83,3.69
761,3.84,3.68
762,3.83,3.68
763,3.82,3.67
764,3.80,3.65
765,3.79,3.64
766,3.76,3.62
768,3.74,3.60
769,3.72,3.59
770,3.71,3.60
772,3.72,3.60
773,3.73,3.62
774,3.76,3.64
775,3.78,3.66
776,3.82,3.68
777,3.83,3.69
778,3.84,3.68
779,3.83,3.67
780,3.82,3.66
781,3.80,3.65
782,3.78,3.63
783,3.76,3.62
784,3.74,3.60
786,3.71,3.58
787,3.70,3.59
788,3.70,3.60
789,3.72,3.61
790,3.74,3.63
791,3.77,3.66
792,3.80,3.68
793,3.83,3.68
794,3.83,3.68
795,3.83,3.67
796,3.82,3.66
797,3.80,3.65
798,3.78,3.64
800,3.76,3.62
801,3.74,3.60
802,3.71,3.59
803,3.70,3.59
804,3.71,3.60
805,3.72,3.61
806,3.75,3.63
807,3.77,3.66
808,3.80,3.68
809,3.83,3.69
811,3.83,3.68
812,3.83,3.67
814,3.82,3.66
815,3.80,3.65
816,3.79,3.63
817,3.77,3.62
818,3.74,3.60
819,3.72,3.59
820,3.70,3.59
821,3.71,3.60
822,3.72,3.61
823,3.74,3.63
824,3.77,3.65
825,3.80,3.68
826,3.83,3.69
828,3.83,3.68
829,3.83,3.67
830,3.82,3.66
831,3.80,3.65
832,3.78,3.63
833,3.76,3.62
834,3.74,3.60
835,3.71,3.58
836,3.70,3.58
837,3.70,3.59
838,3.72,3.60
839,3.74,3.62
840,3.77,3.65
842,3.80,3.68
843,3.82,3.69
844,3.83,3.68
845,3.83,3.67
846,3.82,3.67
847,3.81,3.65
848,3.79,3.64
849,3.77,3.62
850,3.75,3.60
851,3.72,3.59
852,3.71,3.59
854,3.71,3.59
855,3.72,3.60
857,3.74,3.63
858,3.77,3.65
859,3.80,3.68
860,3.83,3.69
861,3.84,3.69
862,3.84,3.68
863,3.83,3.67
864,3.82,3.66
865,3.80,3.65
866,3.78,3.63
867,3.76,3.61
868,3.73,3.60
869,3.72,3.59
871,3.72,3.60
872,3.73,3.61
873,3.75,3.63
874,3.77,3.65
875,3.80,3.68
876,3.83,3.69
877,3.84,3.69
878,3.84,3.68
879,3.83,3.67
880,3.82,3.66
881,3.80,3.64
882,3.78,3.62
883,3.75,3.61
885,3.73,3.59
886,3.71,3.59
887,3.71,3.59
888,3.72,3.61
889,3.74,3.63
890,3.77,3.65
891,3.80,3.67
892,3.83,3.69
893,3.84,3.69
894,3.84,3.68
896,3.83,3.67
897,3.82,3.66
899,3.80,3.65
900,3.78,3.63
901,3.76,3.62
902,3.73,3.60
903,3.71,3.59
904,3.71,3.60
905,3.72,3.61
906,3.74,3.63
907,3.77,3.65
908,3.80,3.67
909,3.83,3.69
910,3.84,3.70
911,3.85,3.69
913,3.84,3.68
914,3.83,3.67
915,3.81,3.65
916,3.79,3.64
917,3.77,3.62
918,3.74,3.61
919,3.72,3.60
920,3.72,3.60
921,3.72,3.61
922,3.74,3.63
923,3.77,3.65
924,3.80,3.68
925,3.83,3.70
927,3.84,3.69
928,3.84,3.69
929,3.84,3.68
930,3.82,3.66
931,3.81,3.65
932,3.79,3.63
933,3.76,3.62
934,3.74,3.60
935,3.72,3.59
936,3.71,3.60
937,3.72,3.61
939,3.73,3.62
940,3.76,3.64
942,3.79,3.67
943,3.82,3.69
944,3.84,3.69
945,3.84,3.69
946,3.84,3.68
947,3.83,3.67
948,3.81,3.66
949,3.79,3.64
950,3.77,3.63
951,3.75,3.61
952,3.72,3.60
953,3.72,3.60
954,3.72,3.61
956,3.74,3.63
957,3.76,3.64
958,3.79,3.67
959,3.82,3.69
960,3.84,3.70
961,3.85,3.69
962,3.85,3.69
963,3.83,3.67
964,3.82,3.66
965,3.80,3.65
966,3.77,3.63
967,3.75,3.61
968,3.73,3.60
970,3.72,3.60
971,3.72,3.61
972,3.74,3.62
973,3.76,3.65
974,3.79,3.67
975,3.82,3.69
976,3.85,3.70
977,3.85,3.70
978,3.85,3.69
979,3.84,3.68
980,3.82,3.66
982,3.80,3.65
983,3.78,3.63
985,3.76,3.61
986,3.73,3.60
987,3.72,3.60
988,3.72,3.61
989,3.74,3.62
990,3.76,3.64
991,3.79,3.67
992,3.82,3.69
993,3.84,3.70
994,3.85,3.70
995,3.85,3.69
996,3.84,3.68
997,3.82,3.66
999,3.80,3.65
1000,3.78,3.63
1001,3.76,3.62
1002,3.73,3.60
1003,3.72,3.60
1004,3.72,3.61
1005,3.74,3.63
1006,3.77,3.65
1008,3.80,3.68
1009,3.83,3.70
1010,3.85,3.70
1011,3.85,3.70
1012,3.84,3.69
1013,3.83,3.67
1014,3.81,3.66
1015,3.79,3.64
1017,3.77,3.62
1018,3.74,3.61
1019,3.72,3.60
1020,3.72,3.61
1021,3.73,3.61
1022,3.75,3.64
1024,3.78,3.66
1025,3.81,3.69
1027,3.84,3.70
1028,3.85,3.69
1029,3.84,3.68
1030,3.83,3.67
1031,3.81,3.66
1032,3.79,3.64
1033,3.77,3.62
1034,3.74,3.60
1036,3.72,3.59
1037,3.71,3.60
1038,3.72,3.61
1039,3.73,3.62
1040,3.76,3.64
1041,3.79,3.67
1042,3.82,3.69
1043,3.84,3.69
1045,3.84,3.68
1046,3.84,3.67
1047,3.82,3.66
1048,3.80,3.65
1049,3.78,3.63
1050,3.76,3.62
1051,3.73,3.59
1052,3.71,3.59
1054,3.71,3.60
1055,3.73,3.62
1056,3.75,3.64
1057,3.78,3.66
1058,3.81,3.69
1059,3.84,3.70
1060,3.85,3.69
1062,3.84,3.68
1063,3.83,3.67
1064,3.81,3.66
1065,3.79,3.64
1067,3.77,3.63
1068,3.74,3.61
1069,3.72,3.60
1070,3.71,3.60
1072,3.72,3.61
1073,3.74,3.63
1074,3.77,3.65
1075,3.80,3.68
1076,3.83,3.69
1077,3.84,3.69
1078,3.84,3.68
1079,3.83,3.67
1081,3.82,3.66
1082,3.80,3.64
1083,3.77,3.62
1084,3.75,3.61
1085,3.72,3.59
1086,3.71,3.59
1087,3.71,3.60
1088,3.73,3.61
1090,3.75,3.64
1091,3.78,3.66
1092,3.82,3.69
1093,3.84,3.69
1094,3.84,3.69
1095,3.84,3.68
1096,3.83,3.66
1097,3.81,3.65
1099,3.79,3.64
1100,3.76,3.62
1101,3.74,3.60
1102,3.72,3.60
1103,3.72,3.60
1104,3.73,3.61
1105,3.75,3.63
1107,3.77,3.66
1108,3.81,3.68
1110,3.84,3.70
1111,3.85,3.69
1112,3.85,3.69
1113,3.84,3.68
1114,3.82,3.66
1115,3.80,3.65
1117,3.78,3.63
1118,3.75,3.61
1119,3.73,3.60
1120,3.72,3.60
1121,3.72,3.61
1122,3.74,3.63
1123,3.77,3.65
1124,3.80,3.67
1126,3.83,3.69
1127,3.85,3.70
1128,3.85,3.70
1129,3.85,3.69
1130,3.83,3.67
1131,3.82,3.66
1132,3.79,3.64
1133,3.77,3.63
1135,3.74,3.61
1136,3.73,3.60
1137,3.72,3.61
1138,3.74,3.62
1139,3.76,3.64
1140,3.79,3.67
1141,3.82,3.69
1142,3.85,3.70
1144,3.86,3.70
1145,3.85,3.69
1146,3.84,3.68
1147,3.82,3.66
1148,3.80,3.65
1149,3.78,3.63
1150,3.75,3.61
1152,3.73,3.60
1154,3.72,3.61
1155,3.73,3.61
1156,3.75,3.63
1157,3.77,3.65
1158,3.80,3.68
1159,3.83,3.70
1160,3.85,3.70
1161,3.85,3.69
1163,3.84,3.68
1164,3.83,3.67
1165,3.81,3.65
1166,3.78,3.64
1167,3.76,3.62
1168,3.73,3.60
1169,3.72,3.60
1171,3.72,3.60
1172,3.73,3.62
1173,3.76,3.64
1174,3.79,3.67
1175,3.82,3.69
1176,3.84,3.69
1177,3.84,3.69
1178,3.84,3.68
1180,3.82,3.67
1181,3.80,3.65
1182,3.78,3.63
1183,3.76,3.62
1184,3.74,3.60
1185,3.71,3.59
1186,3.71,3.60
1187,3.72,3.61
1189,3.74,3.63
1190,3.77,3.65
1191,3.80,3.68
1192,3.83,3.69
1193,3.84,3.69
1195,3.84,3.69
1196,3.83,3.67
1197,3.82,3.66
1199,3.80,3.65
1200,3.77,3.63
1201,3.75,3.61
1202,3.73,3.60
1203,3.71,3.60
1204,3.72,3.61
1205,3.73,3.62
1206,3.76,3.64
1208,3.79,3.67
1209,3.82,3.69
1210,3.84,3.70
1211,3.85,3.69
1212,3.84,3.68
1213,3.83,3.67
1214,3.81,3.66
1216,3.79,3.64
1217,3.77,3.62
1218,3.74,3.60
1219,3.72,3.60
1220,3.72,3.60
1221,3.73,3.62
1222,3.75,3.63
1223,3.78,3.66
1225,3.81,3.68
1226,3.84,3.69
1227,3.85,3.69
1228,3.84,3.68
1229,3.83,3.66
1230,3.81,3.65
1231,3.79,3.64
1232,3.77,3.62
1234,3.74,3.60
1235,3.72,3.59
1236,3.71,3.59
1238,3.72,3.61
1239,3.73,3.62
1240,3.76,3.64
1241,3.79,3.67
1242,3.82,3.69
1244,3.84,3.69
1245,3.84,3.69
1246,3.84,3.68
1247,3.82,3.66
1248,3.80,3.65
1249,3.78,3.63
1250,3.76,3.61
1251,3.73,3.60
1253,3.72,3.60
1254,3.71,3.60
1255,3.73,3.62
1256,3.75,3.64
1257,3.78,3.66
1258,3.81,3.69
1259,3.84,3.70
1261,3.85,3.69
1262,3.84,3.68
1263,3.83,3.67
1264,3.81,3.66
1265,3.79,3.64
1266,3.77,3.62
1267,3.74,3.60
1268,3.72,3.59
1270,3.71,3.60
1271,3.72,3.61
1272,3.74,3.63
1273,3.77,3.65
1274,3.80,3.67
1275,3.83,3.69
1276,3.84,3.69
1277,3.84,3.68
1280,3.83,3.67
1281,3.81,3.65
1282,3.79,3.64
1283,3.77,3.62
1284,3.74,3.60
1285,3.72,3.59
1286,3.70,3.59
1288,3.71,3.60
1289,3.72,3.61
1290,3.75,3.63
1291,3.78,3.66
1292,3.81,3.68
1293,3.83,3.69
1294,3.83,3.68
1295,3.83,3.67
1297,3.82,3.66
1298,3.80,3.64
1299,3.78,3.63
1300,3.75,3.61
1301,3.73,3.59
1302,3.71,3.59
1303,3.71,3.59
1304,3.72,3.61
1306,3.74,3.63
1307,3.77,3.65
1308,3.80,3.68
1309,3.83,3.69
1310,3.84,3.68
1311,3.84,3.68
1312,3.82,3.66
1314,3.81,3.65
1315,3.79,3.63
1316,3.77,3.62
1317,3.74,3.60
1318,3.72,3.59
1319,3.71,3.59
1320,3.71,3.60
1321,3.73,3.61
1324,3.76,3.64
1325,3.79,3.66
1326,3.82,3.68
1327,3.83,3.68
1328,3.83,3.68
1329,3.82,3.67
1330,3.81,3.65
1331,3.79,3.64
1333,3.77,3.62
1334,3.74,3.61
1335,3.72,3.59
1336,3.70,3.58
1337,3.70,3.59
1338,3.72,3.61
1339,3.74,3.62
1340,3.77,3.65
1342,3.80,3.67
1343,3.83,3.68
1344,3.83,3.68
1345,3.83,3.67
1346,3.82,3.66
1347,3.80,3.64
1348,3.78,3.63
1349,3.76,3.61
1351,3.73,3.59
1352,3.71,3.58
1353,3.70,3.59
1354,3.71,3.60
1355,3.73,3.61
1356,3.76,3.64
1357,3.79,3.67
1359,3.82,3.68
1360,3.83,3.68
1361,3.83,3.67
1362,3.82,3.66
1363,3.81,3.65
1364,3.79,3.63
1366,3.77,3.62
1367,3.74,3.60
1369,3.72,3.59
1370,3.70,3.59
1371,3.71,3.60
1372,3.72,3.61
1373,3.74,3.63
1374,3.78,3.65
1375,3.81,3.68
1376,3.83,3.68
1378,3.83,3.67
1379,3.82,3.67
1380,3.81,3.65
1381,3.79,3.64
1382,3.77,3.62
1383,3.75,3.61
1384,3.72,3.59
1385,3.70,3.58
1387,3.70,3.58
1388,3.71,3.60
1389,3.73,3.62
1390,3.76,3.64
1391,3.79,3.67
1392,3.82,3.68
1393,3.83,3.67
1395,3.82,3.67
1396,3.81,3.66
1397,3.80,3.64
1398,3.78,3.63
1399,3.76,3.61
1400,3.73,3.59
1401,3.71,3.58
1402,3.70,3.58
1404,3.70,3.59
1405,3.72,3.60
1406,3.74,3.63
1408,3.77,3.66
1409,3.81,3.67
1410,3.82,3.68
1411,3.83,3.67
1412,3.82,3.66
1414,3.80,3.65
1415,3.78,3.63
1416,3.76,3.62
1417,3.74,3.60
1418,3.72,3.58
1419,3.70,3.58
1420,3.70,3.58
1421,3.71,3.60
1423,3.73,3.62
1424,3.76,3.64
1425,3.79,3.67
1426,3.82,3.67
1427,3.82,3.67
1428,3.82,3.66
1429,3.81,3.65
1431,3.79,3.63
1432,3.77,3.62
1433,3.75,3.60
1434,3.72,3.59
1435,3.70,3.58
1436,3.70,3.58
1437,3.70,3.59
1438,3.72,3.61
1440,3.75,3.63
1441,3.78,3.66
1442,3.81,3.67
1443,3.82,3.67
1444,3.82,3.67
1445,3.82,3.66
1446,3.80,3.65
1447,3.78,3.63
1449,3.76,3.62
1451,3.74,3.60
1452,3.72,3.59
1453,3.70,3.58
1454,3.70,3.59
1455,3.72,3.60
1456,3.74,3.62
1457,3.77,3.65
1459,3.80,3.67
1460,3.82,3.68
1461,3.83,3.67
1462,3.82,3.66
1463,3.81,3.65
1464,3.79,3.64
1465,3.77,3.62
1466,3.75,3.60
1468,3.73,3.59
1469,3.71,3.58
1470,3.70,3.58
1471,3.71,3.59
1472,3.73,3.61
1473,3.75,3.63
1474,3.79,3.66
1475,3.81,3.67
1477,3.83,3.67
1478,3.82,3.66
1479,3.81,3.65
1480,3.80,3.64
1481,3.78,3.62
1482,3.76,3.61
1483,3.73,3.59
1484,3.71,3.58
1486,3.70,3.58
1487,3.70,3.59
1488,3.71,3.60
1489,3.74,3.62
1490,3.77,3.65
1491,3.80,3.67
1492,3.82,3.67
1494,3.82,3.67
1496,3.82,3.66
1497,3.80,3.65
1498,3.79,3.63
1499,3.77,3.62
1500,3.74,3.60
1501,3.72,3.58
1502,3.70,3.58
1503,3.70,3.58
1505,3.70,3.60
1506,3.73,3.61
1507,3.75,3.64
1508,3.79,3.66
1509,3.81,3.67
1510,3.82,3.67
1511,3.82,3.67
1512,3.81,3.66
1514,3.79,3.64
1515,3.77,3.63
1516,3.75,3.61
1517,3.73,3.59
1518,3.71,3.58
1519,3.70,3.58
1520,3.70,3.59
1521,3.71,3.61
1523,3.74,3.63
1524,3.77,3.65
1525,3.80,3.67
1526,3.82,3.67
1527,3.82,3.67
1528,3.81,3.66
1529,3.80,3.65
1531,3.78,3.63
1532,3.76,3.62
1533,3.74,3.60
1534,3.71,3.58
1536,3.70,3.58
1537,3.70,3.58
1538,3.71,3.60
1539,3.73,3.62
1541,3.76,3.64
1542,3.79,3.67
1543,3.81,3.68
1544,3.82,3.67
1545,3.82,3.66
1546,3.80,3.65
1547,3.79,3.64
1548,3.77,3.62
1550,3.74,3.60
1551,3.72,3.59
1552,3.70,3.58
1553,3.69,3.58
1554,3.70,3.59
1555,3.72,3.61
1556,3.74,3.63
1557,3.77,3.66
1559,3.81,3.67
1560,3.82,3.67
1561,3.82,3.67
1562,3.81,3.66
1563,3.79,3.64
1564,3.78,3.63
1565,3.75,3.61
1567,3.73,3.59
1568,3.71,3.58
1569,3.70,3.58
1570,3.70,3.59
1571,3.71,3.61
1572,3.73,3.62
1573,3.76,3.65
1574,3.79,3.67
1576,3.82,3.67
1577,3.82,3.67
1579,3.81,3.66
1580,3.80,3.65
1581,3.78,3.64
1582,3.76,3.62
1583,3.74,3.60
1584,3.72,3.59
1586,3.70,3.57
1587,3.69,3.58
1588,3.70,3.59
1589,3.72,3.61
1590,3.75,3.64
1591,3.78,3.66
1592,3.81,3.67
1593,3.82,3.67
1595,3.82,3.66
1596,3.81,3.65
1597,3.79,3.64
1598,3.77,3.63
1599,3.75,3.61
1600,3.73,3.60
1601,3.70,3.58
1602,3.70,3.58
1604,3.70,3.59
1605,3.71,3.60
1606,3.74,3.63
1607,3.77,3.65
1608,3.80,3.67
1609,3.82,3.68
1610,3.82,3.67
1612,3.81,3.66
1613,3.80,3.65
1614,3.78,3.63
1615,3.76,3.61
1616,3.74,3.60
1617,3.72,3.58
1618,3.70,3.58
1619,3.70,3.58
1622,3.71,3.60
1623,3.73,3.62
1624,3.76,3.64
1625,3.79,3.67
1626,3.81,3.67
1627,3.82,3.67
1628,3.82,3.66
1629,3.81,3.65
1631,3.79,3.64
1632,3.77,3.62
1633,3.75,3.61
1634,3.73,3.59
1635,3.70,3.58
1636,3.70,3.58
1637,3.70,3.59
1638,3.71,3.60
1640,3.74,3.63
1641,3.77,3.65
1642,3.80,3.67
1643,3.82,3.67
1644,3.82,3.67
1645,3.81,3.66
1646,3.80,3.64
1647,3.78,3.63
1649,3.76,3.61
1650,3.73,3.60
1651,3.71,3.58
1652,3.70,3.58
1653,3.70,3.59
1654,3.70,3.60
1655,3.73,3.62
1656,3.76,3.64
1658,3.79,3.67
1659,3.81,3.67
1660,3.82,3.67
1661,3.81,3.66
1662,3.80,3.65
1664,3.79,3.64
1665,3.77,3.62
1666,3.74,3.61
1668,3.72,3.59
1669,3.70,3.58
1670,3.69,3.58
1671,3.70,3.59
1672,3.71,3.61
1673,3.74,3.63
1674,3.77,3.66
1675,3.80,3.67
1677,3.82,3.67
1678,3.82,3.67
1679,3.81,3.66
1680,3.79,3.64
1681,3.78,3.63
1682,3.75,3.61
1683,3.73,3.60
1685,3.71,3.58
1686,3.69,3.58
1687,3.70,3.59
1688,3.71,3.60
1689,3.73,3.63
1690,3.76,3.65
1691,3.79,3.67
1692,3.82,3.68
1694,3.82,3.67
1695,3.81,3.66
1696,3.80,3.65
1697,3.78,3.63
1698,3.77,3.62
1699,3.74,3.60
1700,3.72,3.59
1701,3.70,3.58
1703,3.70,3.58
1704,3.70,3.59
1705,3.72,3.61
1707,3.75,3.64
1708,3.78,3.66
1709,3.81,3.67
1710,3.82,3.67
1711,3.81,3.66
1713,3.80,3.65
1714,3.79,3.63
1715,3.77,3.62
1716,3.74,3.60
1717,3.72,3.58
1718,3.70,3.57
1719,3.69,3.57
1720,3.69,3.58
1722,3.70,3.60
1723,3.73,3.62
1724,3.76,3.65
1725,3.79,3.67
1726,3.81,3.67
1727,3.81,3.66
1728,3.81,3.66
1729,3.79,3.64
1731,3.78,3.63
1732,3.75,3.61
1733,3.73,3.60
1734,3.71,3.58
1735,3.69,3.57
1736,3.69,3.58
1737,3.70,3.59
1738,3.72,3.61
1740,3.75,3.64
1741,3.78,3.66
1742,3.81,3.67
1743,3.82,3.67
1744,3.81,3.66
1745,3.80,3.65
1746,3.79,3.64
1748,3.77,3.62
1750,3.74,3.61
1751,3.72,3.59
1752,3.70,3.57
1753,3.69,3.58
1754,3.70,3.59
1755,3.71,3.60
1756,3.74,3.62
1758,3.77,3.65
1759,3.80,3.67
1760,3.81,3.67
1761,3.81,3.66
1762,3.80,3.65
1763,3.79,3.63
1764,3.77,3.62
1765,3.75,3.60
1767,3.73,3.59
1768,3.70,3.57
1769,3.69,3.57
1770,3.69,3.58
1771,3.70,3.59
1772,3.72,3.62
1773,3.75,3.64
1774,3.78,3.66
1776,3.81,3.67
1777,3.81,3.67
1778,3.81,3.66
1779,3.80,3.65
1780,3.78,3.63
1781,3.76,3.62
1782,3.74,3.60
1784,3.71,3.59
1785,3.70,3.57
1786,3.69,3.58
1787,3.70,3.59
1788,3.72,3.61
1789,3.74,3.63
1790,3.77,3.66
1792,3.80,3.67
1794,3.82,3.67
1795,3.82,3.66
1796,3.81,3.66
1797,3.79,3.64
1798,3.77,3.63
1799,3.75,3.61
1800,3.73,3.59
1801,3.70,3.57
1803,3.69,3.58
1804,3.70,3.59
1805,3.71,3.60
1806,3.73,3.62
1807,3.76,3.65
1808,3.79,3.67
1809,3.82,3.68
1810,3.82,3.67
1812,3.82,3.67
1813,3.80,3.65
1814,3.79,3.64
1815,3.77,3.62
1816,3.74,3.61
1817,3.72,3.59
1818,3.70,3.58
1819,3.70,3.59
1821,3.70,3.60
1822,3.72,3.62
1823,3.75,3.64
1824,3.79,3.67
1825,3.81,3.68
1826,3.82,3.68
1827,3.82,3.67
1829,3.81,3.66
1830,3.79,3.64
1831,3.77,3.63
1832,3.75,3.61
1833,3.73,3.59
1835,3.70,3.58
1836,3.69,3.58
1837,3.70,3.59
1839,3.71,3.60
1840,3.74,3.63
1841,3.77,3.66
1842,3.80,3.68
1843,3.82,3.68
1844,3.82,3.67
1845,3.81,3.66
1846,3.80,3.65
1848,3.78,3.64
1849,3.76,3.62
1850,3.73,3.61
1851,3.71,3.58
1852,3.70,3.58
1853,3.70,3.59
1854,3.70,3.60
1855,3.73,3.62
1857,3.76,3.65
1858,3.79,3.67
1859,3.81,3.67
1860,3.81,3.67
1861,3.81,3.66
1862,3.79,3.65
1863,3.78,3.63
1865,3.76,3.62
1866,3.74,3.60
1867,3.71,3.59
1868,3.69,3.57
1869,3.69,3.58
1870,3.69,3.59
1871,3.71,3.61
1872,3.74,3.63
1874,3.77,3.66
1875,3.80,3.67
1876,3.81,3.67
1878,3.81,3.66
1879,3.80,3.65
1880,3.79,3.64
1881,3.77,3.63
1882,3.75,3.61
1884,3.72,3.59
1885,3.70,3.58
1886,3.69,3.58
1887,3.69,3.59
1888,3.70,3.60
1889,3.73,3.62
1890,3.76,3.65
1891,3.79,3.67
1893,3.81,3.67
1894,3.82,3.67
1895,3.81,3.66
1896,3.80,3.65
1897,3.78,3.63
1898,3.76,3.62
1899,3.74,3.60
1900,3.72,3.59
1902,3.70,3.58
1903,3.70,3.59
1904,3.70,3.60
1905,3.72,3.61
1906,3.75,3.64
1907,3.78,3.66
1908,3.81,3.67
1910,3.82,3.67
1911,3.81,3.66
1912,3.80,3.65
1913,3.78,3.63
1914,3.76,3.62
1915,3.74,3.60
1916,3.72,3.58
1917,3.70,3.57
1920,3.69,3.58
1921,3.69,3.58
1922,3.70,3.60
1923,3.73,3.62
1924,3.76,3.65
1925,3.79,3.67
1926,3.81,3.67
1927,3.81,3.66
1929,3.81,3.66
1930,3.79,3.64
1931,3.77,3.63
1932,3.75,3.61
1933,3.73,3.60
1934,3.71,3.58
1935,3.69,3.57
1936,3.69,3.58
1938,3.70,3.60
1939,3.72,3.62
1940,3.75,3.64
1941,3.78,3.67
1942,3.81,3.68
1943,3.82,3.67
1944,3.81,3.66
1946,3.80,3.65
1947,3.79,3.64
1948,3.77,3.62
1949,3.74,3.61
1950,3.72,3.59
1951,3.70,3.58
1952,3.69,3.58
1953,3.70,3.59
1955,3.71,3.61
1956,3.74,3.63
1957,3.77,3.66
1958,3.80,3.67
1959,3.82,3.67
1960,3.82,3.67
1961,3.81,3.66
1963,3.79,3.64
1965,3.77,3.63
1966,3.75,3.61
1967,3.73,3.60
1968,3.71,3.58
1969,3.69,3.58
1970,3.69,3.59
1971,3.70,3.60
1972,3.73,3.62
1974,3.76,3.65
1975,3.79,3.67
1976,3.81,3.68
1977,3.82,3.67
1978,3.81,3.66
1979,3.80,3.65
1980,3.78,3.64
1981,3.76,3.62
1983,3.74,3.60
1984,3.72,3.59
1985,3.70,3.58
1986,3.69,3.58
1987,3.70,3.59
1988,3.72,3.61
1989,3.74,3.64
1990,3.77,3.66
1992,3.80,3.68
1993,3.82,3.67
1994,3.81,3.67
1995,3.81,3.66
1996,3.79,3.64
1997,3.77,3.63
1998,3.75,3.61
2000,3.72,3.59
2001,3.70,3.58
2002,3.69,3.58
2003,3.70,3.59
2004,3.71,3.60
2006,3.73,3.63
2007,3.76,3.65
2008,3.79,3.67
2010,3.81,3.67
2011,3.81,3.67
2012,3.80,3.65
2013,3.79,3.64
2014,3.77,3.63
2015,3.75,3.61
2016,3.73,3.59
2017,3.71,3.58
2019,3.69,3.57
2020,3.69,3.58
2021,3.70,3.59
2022,3.72,3.61
2023,3.74,3.63
2024,3.77,3.66
2025,3.80,3.67
2026,3.81,3.67
2028,3.81,3.66
2029,3.80,3.65
2030,3.78,3.64
2031,3.76,3.62
2032,3.74,3.61
2033,3.72,3.59
2034,3.70,3.58
2035,3.69,3.58
2037,3.70,3.59
2038,3.71,3.62
2039,3.73,3.63
2040,3.77,3.65
2041,3.80,3.67
2042,3.81,3.67
2043,3.82,3.67
2044,3.81,3.66
2046,3.79,3.65
2048,3.78,3.63
2049,3.76,3.62
2050,3.73,3.60
2051,3.71,3.58
2052,3.70,3.58
2053,3.69,3.59
2055,3.70,3.60
2056,3.73,3.62
2057,3.75,3.65
2058,3.79,3.67
2059,3.81,3.67
2060,3.81,3.67
2061,3.81,3.66
2062,3.80,3.65
2064,3.78,3.63
2065,3.76,3.61
2066,3.74,3.60
2067,3.71,3.58
2068,3.69,3.57
2069,3.69,3.58
2070,3.69,3.59
2071,3.71,3.60
2073,3.74,3.63
2074,3.77,3.66
2075,3.80,3.67
2076,3.81,3.67
2077,3.81,3.67
2078,3.80,3.65
2079,3.79,3.64
2081,3.77,3.63
2082,3.75,3.61
2083,3.72,3.60
2084,3.70,3.58
2085,3.69,3.58
2086,3.69,3.59
2087,3.70,3.60
2088,3.73,3.62
2091,3.76,3.65
2092,3.79,3.68
2093,3.81,3.68
2094,3.82,3.67
2095,3.81,3.66
2096,3.80,3.65
2097,3.78,3.64
2098,3.76,3.62
2100,3.74,3.61
2101,3.72,3.59
2102,3.70,3.58
2103,3.70,3.59
2104,3.70,3.60
2105,3.72,3.61
2106,3.75,3.64
2107,3.78,3.67
2109,3.81,3.67
2110,3.82,3.67
2111,3.81,3.66
2112,3.80,3.65
2113,3.78,3.64
2114,3.76,3.62
2115,3.74,3.60
2116,3.72,3.59
2118,3.70,3.57
2119,3.69,3.58
2120,3.69,3.59
2121,3.70,3.60
2122,3.73,3.62
2123,3.76,3.65
2124,3.79,3.67
2125,3.81,3.67
2127,3.82,3.67
2128,3.81,3.66
2129,3.80,3.65
2130,3.78,3.63
2131,3.76,3.62
2132,3.73,3.60
2134,3.71,3.58
2136,3.70,3.58
2137,3.70,3.59
2138,3.70,3.60
2139,3.73,3.62
2140,3.75,3.64
2141,3.79,3.67
2142,3.81,3.68
2143,3.82,3.67
2145,3.82,3.67
2146,3.81,3.66
2147,3.79,3.64
2148,3.77,3.63
2149,3.75,3.61
2150,3.72,3.59
2151,3.70,3.58
2152,3.70,3.58
2154,3.70,3.59
2155,3.72,3.61
2156,3.74,3.63
2157,3.78,3.66
2158,3.80,3.67
2159,3.82,3.67
2160,3.81,3.67
2161,3.81,3.65
2163,3.79,3.64
2164,3.77,3.63
2165,3.75,3.61
2166,3.73,3.59
2167,3.70,3.58
2168,3.69,3.58
2169,3.69,3.58
2170,3.70,3.60
2172,3.72,3.62
2173,3.75,3.64
2174,3.79,3.67
2176,3.80,3.67
2177,3.81,3.67
2178,3.80,3.66
2179,3.79,3.65
2181,3.77,3.63
2182,3.75,3.62
2183,3.73,3.60
2184,3.71,3.58
2185,3.69,3.57
2186,3.68,3.58
2187,3.69,3.59
2188,3.71,3.61
2190,3.73,3.63
2191,3.77,3.66
2192,3.80,3.67
2193,3.81,3.67
2194,3.81,3.66
2195,3.80,3.65
2196,3.79,3.64
2197,3.77,3.63
2199,3.75,3.61
2200,3.72,3.59
2201,3.70,3.57
2202,3.69,3.58
2203,3.69,3.59
2204,3.71,3.60
2205,3.73,3.63
2206,3.76,3.65
2208,3.79,3.67
2209,3.81,3.67
2210,3.81,3.67
2211,3.80,3.66
2212,3.79,3.64
2213,3.77,3.63
2214,3.75,3.61
2216,3.73,3.60
2217,3.70,3.58
2219,3.69,3.57
2220,3.69,3.58
2221,3.70,3.59
2222,3.72,3.61
2223,3.74,3.64
2224,3.78,3.66
2226,3.80,3.67
2227,3.81,3.67
2228,3.81,3.66
2229,3.80,3.65
2230,3.78,3.64
2231,3.76,3.62
2232,3.74,3.61
2233,3.72,3.59
2235,3.70,3.58
2236,3.69,3.58
2237,3.70,3.59
2238,3.71,3.61
2239,3.74,3.63
2240,3.77,3.66
2241,3.80,3.67
2242,3.81,3.67
2244,3.81,3.67
2245,3.80,3.66
2246,3.79,3.64
2247,3.77,3.63
2248,3.75,3.61
2249,3.73,3.60
2250,3.70,3.58
2252,3.69,3.58
2253,3.69,3.59
2254,3.70,3.60
2255,3.72,3.62
2256,3.75,3.65
2257,3.79,3.67
2258,3.81,3.67
2259,3.81,3.67
2262,3.80,3.66
2263,3.79,3.64
2264,3.77,3.63
2265,3.75,3.62
2266,3.73,3.60
2267,3.71,3.59
2268,3.69,3.57
2269,3.68,3.58
2271,3.69,3.59
2272,3.71,3.61
2273,3.74,3.63
2274,3.77,3.66
2275,3.80,3.67
2276,3.81,3.67
2277,3.81,3.66
2279,3.80,3.65
2280,3.78,3.64
2281,3.77,3.63
2282,3.74,3.61
2283,3.72,3.59
2284,3.70,3.58
2285,3.69,3.58
2286,3.69,3.59
2288,3.71,3.60
2289,3.73,3.62
2290,3.76,3.65
2291,3.79,3.67
2292,3.81,3.68
2293,3.82,3.67
2294,3.81,3.66
2295,3.80,3.65
2297,3.78,3.64
2298,3.76,3.62
2299,3.74,3.60
2300,3.72,3.59
2301,3.70,3.58
2302,3.70,3.59
2304,3.70,3.60
2305,3.73,3.62
2307,3.75,3.64
2308,3.79,3.67
2309,3.81,3.68
2310,3.83,3.68
2311,3.83,3.67
2312,3.81,3.66
2313,3.80,3.65
2314,3.78,3.63
2316,3.76,3.62
2317,3.73,3.60
2318,3.71,3.59
2319,3.70,3.59
2320,3.70,3.60
2321,3.72,3.62
2322,3.75,3.64
2324,3.78,3.66
2325,3.81,3.68
2326,3.83,3.68
2327,3.83,3.68
2328,3.82,3.67
2329,3.80,3.66
2330,3.79,3.64
2331,3.76,3.62
2333,3.74,3.60
2334,3.72,3.59
2335,3.70,3.59
2336,3.70,3.59
2337,3.71,3.61
2338,3.73,3.62
2339,3.76,3.65
2340,3.79,3.68
2342,3.82,3.68
2343,3.82,3.68
2344,3.82,3.67
2345,3.80,3.66
2347,3.79,3.65
2348,3.77,3.63
2349,3.74,3.61
2350,3.72,3.59
2352,3.70,3.58
2353,3.70,3.59
2354,3.70,3.60
2355,3.72,3.61
2356,3.74,3.64
2357,3.78,3.67
2358,3.80,3.68
2360,3.81,3.67
2361,3.81,3.67
2362,3.80,3.65
2363,3.79,3.64
2364,3.77,3.63
2365,3.74,3.61
2366,3.72,3.59
2367,3.70,3.58
2369,3.69,3.58
2370,3.69,3.59
2371,3.70,3.60
2372,3.73,3.62
2373,3.76,3.65
2374,3.79,3.67
2375,3.81,3.68
2376,3.82,3.67
2378,3.81,3.66
2379,3.80,3.65
2380,3.78,3.64
2381,3.76,3.62
2382,3.74,3.60
2383,3.71,3.59
2384,3.70,3.58
2385,3.69,3.59
2387,3.70,3.60
2388,3.72,3.62
2390,3.75,3.64
2391,3.78,3.67
2392,3.81,3.68
2393,3.82,3.68
2394,3.82,3.67
2396,3.80,3.66
2397,3.79,3.65
2398,3.77,3.63
2399,3.75,3.61
2400,3.73,3.59
2401,3.70,3.58
2402,3.69,3.59
2403,3.70,3.60
2405,3.71,3.61
2406,3.74,3.63
2407,3.77,3.66
2408,3.80,3.68
2409,3.81,3.68
2410,3.81,3.67
2411,3.80,3.66
2412,3.79,3.65
2414,3.77,3.63
2415,3.75,3.62
2416,3.73,3.60
2417,3.70,3.58
2418,3.69,3.58
2419,3.69,3.58
2420,3.70,3.60
2421,3.72,3.62
2423,3.75,3.64
2424,3.78,3.67
2425,3.81,3.68
2426,3.81,3.67
2427,3.81,3.66
2428,3.80,3.65
2429,3.78,3.64
2432,3.76,3.63
2433,3.74,3.61
2434,3.72,3.59
2435,3.70,3.58
2436,3.69,3.58
2437,3.70,3.59
2438,3.72,3.61
2439,3.74,3.64
2441,3.78,3.66
2442,3.81,3.68
2443,3.82,3.68
2444,3.82,3.67
2445,3.81,3.66
2446,3.80,3.65
2447,3.78,3.63
2448,3.76,3.62
2450,3.73,3.60
2451,3.71,3.58
2452,3.70,3.58
2453,3.70,3.59
2454,3.71,3.61
2455,3.73,3.63
2456,3.76,3.65
2457,3.80,3.67
2459,3.81,3.68
2460,3.82,3.67
2461,3.81,3.66
2462,3.80,3.65
2463,3.78,3.63
2464,3.76,3.62
2465,3.73,3.60
2467,3.71,3.58
2468,3.69,3.58
2469,3.69,3.58
2470,3.70,3.59
2471,3.72,3.61
2472,3.74,3.64
2473,3.77,3.66
2475,3.80,3.67
2477,3.81,3.67
2478,3.81,3.67
2479,3.80,3.66
2480,3.78,3.64
2481,3.77,3.62
2482,3.74,3.61
2483,3.72,3.59
2484,3.70,3.59
2486,3.69,3.58
2487,3.70,3.59
2488,3.71,3.61
2489,3.73,3.63
2490,3.76,3.66
2491,3.80,3.68
2492,3.82,3.68
2493,3.82,3.68
2495,3.81,3.67
2496,3.80,3.65
2497,3.78,3.64
2498,3.76,3.62
2499,3.74,3.61
2500,3.71,3.59
2501,3.70,3.58
2502,3.70,3.59
2504,3.71,3.61
2505,3.73,3.63
2506,3.76,3.65
2507,3.79,3.67
2508,3.81,3.68
2509,3.82,3.68
2510,3.81,3.67
2512,3.80,3.65
2513,3.78,3.64
2514,3.76,3.62
2515,3.74,3.61
2516,3.72,3.59
2518,3.70,3.57
2519,3.69,3.58
2520,3.70,3.59
2522,3.71,3.61
2523,3.74,3.63
2524,3.77,3.66
2525,3.80,3.68
2526,3.81,3.67
2527,3.81,3.66
2528,3.80,3.65
2529,3.79,3.64
2531,3.77,3.63
2532,3.74,3.61
2533,3.72,3.59
2534,3.70,3.58
2535,3.69,3.58
2536,3.69,3.59
2537,3.70,3.60
2538,3.72,3.62
2540,3.75,3.65
2541,3.79,3.67
2542,3.81,3.68
2543,3.82,3.67
2544,3.81,3.67
2545,3.80,3.65
2546,3.78,3.64
2548,3.76,3.62
2549,3.74,3.61
2550,3.72,3.59
2551,3.70,3.58
2552,3.69,3.59
2553,3.70,3.60
2554,3.72,3.62
2555,3.75,3.64
2557,3.78,3.67
2558,3.81,3.68
2560,3.82,3.67
2561,3.81,3.67
2562,3.80,3.66
2563,3.79,3.64
2564,3.77,3.63
2565,3.74,3.61
2567,3.72,3.59
2568,3.70,3.58
2569,3.69,3.58
2570,3.69,3.59
2571,3.70,3.60
2572,3.73,3.63
2573,3.76,3.65
2574,3.79,3.67
2576,3.81,3.68
2577,3.81,3.67
2578,3.81,3.66
2579,3.79,3.65
2580,3.78,3.64
2581,3.76,3.62
2582,3.73,3.61
2584,3.71,3.59
2585,3.69,3.58
2586,3.69,3.59
2587,3.70,3.60
2588,3.72,3.62
2589,3.75,3.65
2590,3.79,3.67
2591,3.81,3.68
2593,3.82,3.68
2594,3.82,3.67
2595,3.80,3.66
2596,3.79,3.64
2597,3.77,3.63
2598,3.75,3.61
2599,3.72,3.59
2600,3.70,3.58
2603,3.69,3.59
2604,3.70,3.60
2605,3.72,3.61
2606,3.74,3.64
2607,3.77,3.66
2608,3.80,3.68
2609,3.81,3.67
2610,3.81,3.67
2612,3.80,3.66
2613,3.79,3.64
2614,3.77,3.63
2615,3.75,3.61
2616,3.73,3.59
2617,3.70,3.58
2618,3.69,3.58
2619,3.69,3.58
2621,3.70,3.60
2622,3.72,3.62
2623,3.75,3.65
2624,3.79,3.67
2625,3.81,3.68
2626,3.81,3.67
2627,3.81,3.67
2629,3.80,3.65
2630,3.78,3.64
2631,3.76,3.62
2632,3.74,3.60
2633,3.72,3.59
2634,3.70,3.58
2635,3.69,3.59
2636,3.70,3.60
2638,3.72,3.61
2639,3.74,3.64
2640,3.77,3.66
2641,3.80,3.68
2642,3.82,3.67
2643,3.82,3.67
2644,3.81,3.66
2646,3.79,3.65
2648,3.77,3.63
2649,3.75,3.61
2650,3.73,3.60
2651,3.70,3.58
2652,3.69,3.58
2653,3.70,3.59
2654,3.71,3.61
2655,3.73,3.63
2657,3.76,3.65
2658,3.79,3.67
2659,3.81,3.67
2660,3.81,3.67
2661,3.81,3.66
2662,3.79,3.65
2663,3.77,3.63
2665,3.75,3.61
2666,3.73,3.60
2667,3.71,3.58
2668,3.69,3.58
2669,3.69,3.58
2670,3.70,3.60
2671,3.72,3.61
2672,3.75,3.64
2674,3.78,3.67
2675,3.81,3.68
2676,3.81,3.67
2677,3.81,3.67
2678,3.80,3.66
2679,3.78,3.64
2680,3.77,3.62
2681,3.74,3.61
2683,3.72,3.59
2684,3.70,3.58
2685,3.69,3.58
2686,3.70,3.59
2688,3.71,3.61
2689,3.74,3.63
2690,3.77,3.66
2691,3.80,3.68
2693,3.82,3.68
2694,3.82,3.68
2695,3.81,3.67
2696,3.80,3.65
2697,3.78,3.64
2698,3.76,3.62
2699,3.73,3.60
2701,3.71,3.59
2702,3.70,3.58
2703,3.70,3.59
2704,3.71,3.61
2705,3.73,3.63
2706,3.76,3.65
2707,3.79,3.67
2708,3.81,3.68
2710,3.81,3.67
2711,3.81,3.66
2712,3.80,3.65
2713,3.78,3.64
2714,3.76,3.62
2715,3.74,3.60
2716,3.71,3.59
2717,3.69,3.58
2719,3.69,3.58
2720,3.70,3.59
2721,3.71,3.61
2722,3.74,3.64
2723,3.77,3.66
2724,3.80,3.68
2725,3.82,3.68
2727,3.81,3.67
2728,3.80,3.66
2729,3.79,3.65
2731,3.77,3.63
2732,3.75,3.61
2733,3.73,3.60
2734,3.70,3.57
2735,3.69,3.58
2737,3.70,3.59
2738,3.71,3.61
2739,3.73,3.63
2740,3.76,3.65
2741,3.79,3.68
2742,3.81,3.68
2743,3.82,3.68
2744,3.81,3.67
2746,3.80,3.65
2747,3.78,3.64
2748,3.76,3.62
2749,3.74,3.61
2750,3.71,3.59
2751,3.70,3.58
2752,3.70,3.59
2753,3.70,3.60
2755,3.72,3.62
2756,3.75,3.65
2757,3.78,3.67
2758,3.81,3.68
2759,3.82,3.67
2760,3.81,3.67
2761,3.80,3.66
2763,3.78,3.64
2764,3.77,3.63
2765,3.74,3.61
2766,3.72,3.59
2767,3.70,3.58
2768,3.69,3.59
2769,3.69,3.59
2770,3.71,3.61
2772,3.73,3.63
2774,3.76,3.66
2775,3.80,3.68
2776,3.81,3.68
2777,3.81,3.67
2778,3.81,3.66
2779,3.79,3.65
2780,3.77,3.63
2782,3.75,3.62
2783,3.73,3.60
2784,3.70,3.59
2785,3.69,3.58
2786,3.69,3.59
2787,3.70,3.61
2788,3.73,3.62
2789,3.76,3.65
2791,3.79,3.67
2792,3.81,3.68
2793,3.82,3.68
2794,3.82,3.67
2795,3.80,3.66
2796,3.79,3.64
2797,3.77,3.63
2799,3.74,3.61
2800,3.72,3.59
2801,3.70,3.58
2802,3.70,3.59
2803,3.70,3.60
2804,3.72,3.62
2805,3.75,3.64
2806,3.78,3.67
2808,3.81,3.68
2809,3.82,3.68
2810,3.82,3.67
2811,3.80,3.66
2812,3.79,3.64
2813,3.77,3.63
2814,3.75,3.61
2816,3.72,3.59
2818,3.70,3.58
2819,3.69,3.58
2820,3.69,3.59
2821,3.71,3.60
2822,3.73,3.63
2823,3.76,3.65
2824,3.79,3.67
2826,3.81,3.68
2827,3.82,3.67
2828,3.81,3.66
2829,3.79,3.65
2830,3.78,3.64
2831,3.76,3.62
2832,3.73,3.60
2833,3.71,3.59
2835,3.70,3.58
2836,3.69,3.59
2837,3.70,3.60
2838,3.72,3.62
2839,3.75,3.64
2840,3.78,3.67
2841,3.81,3.68
2842,3.82,3.68
2844,3.82,3.67
2845,3.80,3.66
2846,3.79,3.64
2847,3.77,3.63
2848,3.75,3.61
2849,3.72,3.60
2850,3.70,3.58
2851,3.69,3.58
2853,3.70,3.59
2854,3.71,3.61
2855,3.74,3.63
2856,3.77,3.66
2857,3.80,3.68
2859,3.81,3.68
2860,3.81,3.67
2861,3.81,3.66
2863,3.79,3.65
2864,3.77,3.63
2865,3.75,3.61
2866,3.73,3.60
2867,3.70,3.58
2868,3.69,3.58
2869,3.69,3.59
2870,3.70,3.60
2872,3.72,3.62
2873,3.75,3.65
2874,3.78,3.67
2875,3.81,3.68
2876,3.81,3.67
2877,3.81,3.66
2878,3.80,3.65
2880,3.78,3.64
2881,3.76,3.62
2882,3.74,3.61
2883,3.72,3.59
2884,3.70,3.58
2885,3.69,3.59
2886,3.70,3.59
2887,3.71,3.61
2889,3.74,3.64
2890,3.77,3.66
2891,3.80,3.68
2892,3.82,3.68
2893,3.82,3.67
2894,3.81,3.66
2895,3.79,3.65
2896,3.77,3.63
2898,3.75,3.62
2899,3.73,3.60
2900,3.71,3.58
2902,3.70,3.59
2903,3.70,3.59
2904,3.71,3.61
2905,3.73,3.63
2906,3.76,3.66
2908,3.79,3.67
2909,3.81,3.68
2910,3.82,3.67
2911,3.81,3.66
2912,3.80,3.65
2913,3.78,3.64
2914,3.76,3.62
2916,3.74,3.60
2917,3.71,3.58
2918,3.69,3.58
2919,3.69,3.58
2920,3.70,3.60
2921,3.72,3.62
2922,3.74,3.64
2923,3.78,3.67
2925,3.80,3.68
2926,3.81,3.68
2927,3.81,3.67
2928,3.80,3.66
2929,3.79,3.64
2930,3.77,3.63
2931,3.74,3.61
2932,3.72,3.59
2934,3.70,3.58
2935,3.69,3.58
2936,3.70,3.59
2937,3.71,3.61
2938,3.74,3.63
2939,3.77,3.66
2940,3.80,3.68
2942,3.81,3.68
2944,3.82,3.67
2945,3.81,3.66
2946,3.79,3.65
2947,3.78,3.64
2948,3.75,3.62
2949,3.73,3.60
2950,3.71,3.58
2952,3.70,3.58
2953,3.70,3.58
2954,3.70,3.60
2955,3.73,3.62
2956,3.75,3.65
2957,3.79,3.67
2958,3.81,3.68
2959,3.82,3.67
2961,3.81,3.67
2962,3.80,3.65
2963,3.78,3.64
2964,3.76,3.62
2965,3.74,3.60
2966,3.72,3.59
2967,3.70,3.58
2968,3.69,3.58
2970,3.70,3.59
2971,3.71,3.61
2972,3.74,3.63
2973,3.77,3.66
2974,3.80,3.67
2975,3.81,3.68
2976,3.81,3.67
2978,3.80,3.66
2979,3.79,3.65
2980,3.77,3.63
2981,3.75,3.61
2982,3.73,3.60
2983,3.70,3.58
2984,3.69,3.58
2985,3.69,3.59
2988,3.70,3.60
2989,3.73,3.63
2990,3.76,3.65
2991,3.79,3.67
2992,3.81,3.68
2993,3.82,3.67
2994,3.81,3.67
2995,3.80,3.65
2997,3.78,3.64
2998,3.76,3.62
2999,3.74,3.61
3000,3.72,3.59
3001,3.70,3.58
3002,3.70,3.59
3003,3.70,3.60
3004,3.72,3.62
3006,3.75,3.64
3007,3.78,3.67
3008,3.81,3.68
3009,3.82,3.67
3010,3.81,3.67
3011,3.80,3.65
3012,3.79,3.64
3013,3.77,3.63
3015,3.74,3.61
3016,3.72,3.59
3017,3.70,3.58
3018,3.69,3.58
3019,3.69,3.59
3020,3.71,3.60
3021,3.73,3.63
3023,3.76,3.66
3024,3.80,3.67
3025,3.81,3.68
3026,3.82,3.67
3027,3.81,3.66
3028,3.79,3.65
3030,3.78,3.63
3031,3.76,3.62
3033,3.73,3.60
3034,3.71,3.58
3035,3.70,3.58
3036,3.69,3.59
3037,3.70,3.61
3038,3.73,3.62
3039,3.75,3.65
3040,3.79,3.67
3042,3.81,3.68
3043,3.82,3.68
3044,3.82,3.67
3045,3.80,3.66
3046,3.79,3.64
3047,3.77,3.63
3048,3.74,3.61
3050,3.72,3.59
3051,3.70,3.58
3052,3.70,3.59
3053,3.70,3.60
3054,3.72,3.61
3055,3.74,3.64
3056,3.77,3.67
3057,3.80,3.68
3059,3.82,3.68
3060,3.82,3.67
3061,3.81,3.66
3062,3.79,3.64
3063,3.77,3.63
3064,3.75,3.61
3065,3.73,3.60
3067,3.70,3.58
3068,3.69,3.58
3069,3.70,3.59
3070,3.70,3.61
3072,3.73,3.63
3073,3.76,3.65
3074,3.79,3.67
3075,3.81,3.68
3077,3.82,3.67
3078,3.81,3.66
3079,3.80,3.65
3080,3.78,3.64
3081,3.76,3.62
3082,3.74,3.60
3083,3.72,3.59
3084,3.70,3.58
3086,3.69,3.58
3087,3.70,3.60
3088,3.72,3.62
3089,3.75,3.64
3090,3.78,3.66
3091,3.81,3.68
3092,3.82,3.68
3093,3.82,3.67
3095,3.81,3.65
3096,3.79,3.64
3097,3.77,3.63
3098,3.75,3.61
3099,3.73,3.59
3100,3.70,3.58
3101,3.70,3.58
3102,3.70,3.59
3104,3.71,3.61
3105,3.74,3.63
3106,3.77,3.66
3107,3.80,3.67
3108,3.81,3.68
3109,3.82,3.67
3110,3.81,3.66
3112,3.79,3.65
3113,3.77,3.63
3115,3.75,3.62
3116,3.73,3.60
3117,3.71,3.58
3118,3.69,3.58
3119,3.69,3.59
3120,3.70,3.60
3122,3.72,3.62
3123,3.75,3.64
3124,3.78,3.67
3125,3.81,3.68
3126,3.82,3.68
3127,3.82,3.67
3128,3.81,3.66
3129,3.79,3.64
3131,3.77,3.63
3132,3.75,3.61
3133,3.73,3.60
3134,3.70,3.59
3135,3.70,3.59
3136,3.70,3.60
3137,3.72,3.62
3138,3.75,3.64
3140,3.78,3.67
3141,3.81,3.69
3142,3.83,3.69
3143,3.83,3.69
3144,3.82,3.67
3145,3.80,3.66
3146,3.78,3.64
3148,3.76,3.63
3149,3.74,3.61
3150,3.71,3.59
3151,3.70,3.59
3152,3.70,3.60
3153,3.72,3.61
3154,3.74,3.63
3155,3.77,3.66
3158,3.80,3.68
3159,3.82,3.68
3160,3.83,3.68
3161,3.82,3.67
3162,3.81,3.66
3163,3.79,3.64
3164,3.77,3.62
3165,3.74,3.61
3167,3.72,3.59
3168,3.70,3.58
3169,3.70,3.59
3170,3.70,3.60
3171,3.73,3.62
3172,3.76,3.65
3173,3.79,3.67
3175,3.81,3.69
3176,3.83,3.69
3177,3.83,3.68
3178,3.82,3.67
3179,3.80,3.66
3180,3.79,3.64
3181,3.76,3.63
3182,3.74,3.61
3184,3.72,3.60
3185,3.70,3.60
3186,3.71,3.61
3187,3.73,3.63
3188,3.76,3.65
3189,3.78,3.67
3190,3.82,3.70
3191,3.84,3.70
3193,3.85,3.70
3194,3.84,3.69
3195,3.83,3.68
3196,3.81,3.66
3197,3.79,3.65
3198,3.76,3.63
3200,3.74,3.61
3202,3.73,3.61
3203,3.73,3.62
3204,3.75,3.64
3205,3.77,3.66
3206,3.80,3.68
3207,3.83,3.71
3208,3.87,3.73
3209,3.89,3.74
3211,3.89,3.74
3212,3.89,3.73
3213,3.87,3.71
3214,3.85,3.70
3215,3.83,3.68
3216,3.81,3.66
3217,3.79,3.66
3218,3.79,3.66
3220,3.80,3.68
3221,3.82,3.70
3222,3.84,3.71
3223,3.87,3.73
3224,3.90,3.75
3225,3.93,3.78
3226,3.96,3.80
3227,4.00,3.83
3229,4.04,3.86
3230,4.08,3.89
3231,4.12,3.92
3232,4.15,3.94
3233,4.17,3.96
3234,4.20,3.98
3235,4.22,3.99
3236,4.25,4.01
3238,4.27,4.03
3239,4.30,4.04
3240,4.32,4.06
3241,4.35,4.08
3243,4.37,4.11
3244,4.40,4.13
3245,4.43,4.15
3246,4.46,4.18
3248,4.48,4.21
3249,4.50,4.23
3250,4.52,4.25
3251,4.54,4.26
3252,4.56,4.27
3253,4.57,4.28
3254,4.57,4.29
3255,4.58,4.29
3257,4.59,4.29
3258,4.60,4.30
3259,4.60,4.30
3260,4.61,4.30
3261,4.62,4.30
3262,4.62,4.31
3263,4.62,4.31
3264,4.63,4.31
3266,4.63,4.31
3267,4.63,4.31
3268,4.63,4.31
3269,4.63,4.31
3270,4.63,4.31
3271,4.62,4.31
3272,4.62,4.30
3273,4.61,4.30
3275,4.61,4.30
3276,4.60,4.30
3277,4.59,4.29
3278,4.59,4.29
3279,4.58,4.29
3280,4.57,4.29
3281,4.57,4.28
3282,4.57,4.28
3284,4.56,4.28
3286,4.56,4.28
3287,4.55,4.27
3288,4.55,4.27
3289,4.54,4.27
3290,4.54,4.26
3291,4.53,4.26
3293,4.53,4.26
3294,4.52,4.26
3295,4.52,4.26
3296,4.51,4.25
3297,4.51,4.25
3298,4.50,4.25
3299,4.50,4.25
3300,4.50,4.25
3302,4.49,4.25
3303,4.49,4.25
3304,4.49,4.25
3305,4.49,4.25
3306,4.48,4.25
3307,4.48,4.25
3308,4.48,4.25
3309,4.48,4.25
3311,4.48,4.25
3312,4.48,4.25
3313,4.47,4.25
3314,4.47,4.25
3315,4.47,4.25
3316,4.47,4.25
3317,4.47,4.25
3319,4.47,4.25
3320,4.47,4.25
3321,4.47,4.25
3322,4.47,4.25
3323,4.47,4.25
3324,4.47,4.25
3325,4.47,4.25
3326,4.47,4.25
3329,4.47,4.25
3330,4.47,4.25
3331,4.48,4.25
3332,4.48,4.25
3333,4.48,4.25
3334,4.48,4.25
3335,4.48,4.25
3336,4.48,4.25
3338,4.48,4.25
3339,4.48,4.25
3340,4.48,4.25
3341,4.48,4.25
3342,4.48,4.25
3343,4.48,4.25
3344,4.48,4.25
3345,4.48,4.26
3347,4.48,4.26
3348,4.48,4.26
3349,4.48,4.26
3350,4.48,4.26
3351,4.48,4.26
3352,4.48,4.26
3353,4.48,4.26
3355,4.48,4.26
3356,4.48,4.26
3357,4.48,4.26
3358,4.48,4.26
3359,4.48,4.26
3360,4.48,4.26
3361,4.48,4.26
3362,4.48,4.26
3364,4.48,4.26
3365,4.48,4.26
3366,4.48,4.26
3367,4.48,4.26
3368,4.48,4.26
3369,4.48,4.26
3371,4.48,4.26
3372,4.48,4.26
3374,4.48,4.26
3375,4.48,4.26
3376,4.48,4.27
3377,4.48,4.27
3378,4.48,4.27
3379,4.48,4.27
3380,4.49,4.26
3381,4.49,4.26
3383,4.49,4.26
3384,4.49,4.26
3385,4.49,4.27
3386,4.49,4.26
3387,4.49,4.27
3388,4.49,4.26
3389,4.49,4.26
3390,4.49,4.26
3392,4.49,4.27
3393,4.49,4.26
3394,4.49,4.26
3395,4.49,4.26
3396,4.49,4.26
3397,4.49,4.26
3398,4.49,4.26
3399,4.49,4.26
3401,4.49,4.26
3402,4.49,4.27
3403,4.49,4.27
3404,4.49,4.27
3405,4.49,4.26
3406,4.49,4.26
3407,4.48,4.26
3408,4.48,4.26
3410,4.48,4.26
3411,4.48,4.26
3412,4.48,4.26
3414,4.48,4.26
3415,4.48,4.26
3416,4.48,4.26
3417,4.48,4.27
3418,4.48,4.27
3420,4.48,4.27
3421,4.48,4.27
3422,4.48,4.27
3423,4.48,4.27
3424,4.48,4.27
3425,4.48,4.26
3426,4.48,4.26
3428,4.48,4.26
3429,4.48,4.26
3430,4.48,4.27
3431,4.48,4.27
3432,4.48,4.27
3433,4.48,4.26
3434,4.48,4.27
3435,4.48,4.27
3437,4.48,4.27
3438,4.48,4.27
3439,4.48,4.27
3440,4.48,4.27
3441,4.48,4.27
3442,4.48,4.27
3443,4.48,4.27
3444,4.48,4.27
3446,4.48,4.27
3447,4.48,4.27
3448,4.48,4.27
3449,4.48,4.27
3450,4.48,4.27
3451,4.48,4.27
3452,4.48,4.27
3454,4.48,4.27
3456,4.48,4.27
3457,4.49,4.27
3458,4.49,4.27
3459,4.48,4.26
3460,4.48,4.26
3461,4.48,4.26
3462,4.48,4.26
3464,4.48,4.26
3465,4.48,4.26
3466,4.48,4.26
3467,4.48,4.26
3468,4.48,4.27
3469,4.48,4.26
3470,4.48,4.26
3471,4.48,4.26
3473,4.48,4.27
3474,4.48,4.27
3475,4.48,4.27
3476,4.48,4.26
3477,4.48,4.26
3478,4.48,4.26
3479,4.48,4.26
3480,4.48,4.26
3482,4.48,4.26
3483,4.48,4.26
3484,4.48,4.26
3485,4.48,4.26
3486,4.48,4.26
3487,4.48,4.26
3488,4.48,4.26
3489,4.48,4.26
3491,4.48,4.26
3492,4.48,4.26
3493,4.48,4.26
3494,4.48,4.27
3495,4.48,4.27
3496,4.48,4.26
3497,4.48,4.27
3500,4.48,4.26
3501,4.48,4.27
3502,4.48,4.26
3503,4.48,4.26
3504,4.48,4.26
3505,4.48,4.26
3506,4.48,4.26
3507,4.48,4.26
3509,4.48,4.26
3510,4.48,4.26
3511,4.48,4.26
3512,4.48,4.26
3513,4.48,4.26
3514,4.48,4.26
3515,4.48,4.26
3516,4.48,4.26
3518,4.48,4.26
3519,4.48,4.26
3520,4.48,4.26
3521,4.48,4.26
3522,4.48,4.26
3523,4.48,4.26
3524,4.48,4.26
3525,4.48,4.26
3527,4.48,4.26
3528,4.48,4.26
3529,4.48,4.26
3530,4.48,4.26
3531,4.48,4.26
3532,4.48,4.26
3533,4.48,4.26
3534,4.48,4.26
3536,4.48,4.26
3537,4.48,4.26
3538,4.48,4.26
3539,4.48,4.26
3540,4.48,4.26
3542,4.48,4.26
3543,4.48,4.26
3544,4.48,4.26
3546,4.48,4.26
3547,4.48,4.26
3548,4.47,4.26
3549,4.47,4.26
3550,4.47,4.26
3551,4.48,4.26
3552,4.47,4.26
3554,4.48,4.26
3555,4.48,4.26
3556,4.48,4.26
3557,4.48,4.26
3558,4.48,4.26
3559,4.47,4.26
3560,4.48,4.26
3561,4.48,4.26
3563,4.48,4.26
3564,4.48,4.26
3565,4.48,4.26
3566,4.48,4.26
3567,4.48,4.26
3568,4.48,4.26
3569,4.48,4.26
3571,4.48,4.26
3572,4.48,4.26
3573,4.48,4.26
3574,4.48,4.26
3575,4.48,4.26
3576,4.48,4.26
3577,4.48,4.26
3578,4.48,4.26
3580,4.48,4.26
3581,4.47,4.26
3582,4.48,4.26
3584,4.48,4.26
3585,4.48,4.26
3586,4.48,4.26
3587,4.48,4.26
3589,4.48,4.26
3590,4.48,4.26
3591,4.48,4.26
3592,4.48,4.26
3593,4.48,4.26
3594,4.48,4.26
3595,4.47,4.26
3596,4.48,4.26
3598,4.48,4.26
3599,4.48,4.26
3600,4.48,4.26
3601,4.48,4.26
3602,4.48,4.26
3603,4.48,4.26
3604,4.48,4.26
3606,4.48,4.26
3607,4.48,4.26
3608,4.48,4.26
3609,4.48,4.26
3610,4.48,4.26
3611,4.48,4.26
3612,4.48,4.26
3613,4.48,4.26
3615,4.48,4.26
3616,4.48,4.26
3617,4.48,4.26
3618,4.48,4.26
3619,4.48,4.26
3620,4.48,4.26
3621,4.48,4.26
3622,4.48,4.26
3624,4.48,4.26
3625,4.48,4.26
3627,4.48,4.26
3628,4.48,4.26
3629,4.48,4.26
3630,4.48,4.26
3631,4.48,4.26
3632,4.48,4.26
3634,4.48,4.26
3635,4.48,4.27
3636,4.48,4.27
3637,4.48,4.27
3638,4.48,4.27
3639,4.48,4.27
3640,4.48,4.27
3641,4.48,4.27
3643,4.48,4.27
3644,4.48,4.27
3645,4.48,4.27
3646,4.48,4.27
3647,4.48,4.27
3648,4.48,4.27
3649,4.48,4.27
3650,4.48,4.27
3652,4.48,4.27
3653,4.48,4.28
3654,4.48,4.27
3655,4.48,4.28
3656,4.48,4.28
3657,4.48,4.28
3658,4.48,4.28
3660,4.48,4.28
3661,4.48,4.28
3662,4.48,4.28
3663,4.48,4.28
3664,4.48,4.28
3665,4.48,4.28
3666,4.48,4.28
3667,4.48,4.29
3670,4.48,4.29
3671,4.48,4.29
3672,4.48,4.29
3673,4.48,4.29
3674,4.48,4.29
3675,4.48,4.30
3676,4.48,4.30
3677,4.48,4.30
3679,4.48,4.30
3680,4.48,4.30
3681,4.48,4.31
3682,4.47,4.31
3683,4.47,4.31
3684,4.47,4.31
3685,4.48,4.32
3686,4.47,4.32
3688,4.47,4.33
3689,4.48,4.33
3690,4.48,4.33
3691,4.47,4.34
3692,4.48,4.34
3693,4.48,4.35
3694,4.48,4.35
3696,4.48,4.35
3697,4.48,4.36
3698,4.48,4.36
3699,4.48,4.37
3700,4.48,4.37
3701,4.48,4.38
3702,4.48,4.39
3703,4.48,4.39
3705,4.48,4.40
3706,4.48,4.41
3707,4.48,4.41
3708,4.48,4.42
3709,4.48,4.43
3710,4.48,4.44
3712,4.48,4.44
3713,4.49,4.45
3715,4.49,4.46
3716,4.49,4.47
3717,4.49,4.48
3718,4.49,4.49
3719,4.49,4.50
3720,4.49,4.52
3721,4.49,4.53
3722,4.49,4.54
3724,4.49,4.56
3725,4.49,4.57
3726,4.50,4.59
3727,4.49,4.61
3728,4.49,4.62
3729,4.50,4.64
3730,4.50,4.65
3731,4.50,4.66
3733,4.50,4.68
3734,4.49,4.69
3735,4.49,4.70
3736,4.49,4.71
3737,4.49,4.72
3738,4.49,4.73
3739,4.49,4.74
3740,4.50,4.75
3742,4.50,4.76
3743,4.50,4.77
3744,4.50,4.78
3745,4.50,4.78
3746,4.50,4.79
3747,4.50,4.79
3748,4.50,4.80
3749,4.50,4.81
3751,4.49,4.81
3752,4.50,4.82
3753,4.49,4.82
3755,4.49,4.83
3756,4.49,4.83
3757,4.49,4.84
3758,4.49,4.84
3759,4.49,4.85
3761,4.49,4.85
3762,4.49,4.85
3763,4.49,4.86
3764,4.49,4.86
3765,4.48,4.87
3766,4.48,4.87
3767,4.48,4.87
3768,4.48,4.88
3770,4.48,4.88
3771,4.48,4.88
3772,4.48,4.88
3773,4.48,4.89
3774,4.48,4.89
3775,4.48,4.89
3776,4.48,4.90
3777,4.48,4.90
3779,4.48,4.90
3780,4.48,4.90
3781,4.48,4.90
3782,4.48,4.91
3783,4.48,4.91
3784,4.48,4.91
3785,4.48,4.91
3786,4.48,4.91
3788,4.48,4.92
3789,4.48,4.92
3790,4.48,4.92
3791,4.48,4.92
3792,4.48,4.92
3793,4.48,4.92
3794,4.48,4.92
3795,4.48,4.93
3798,4.48,4.93
3799,4.48,4.93
3800,4.48,4.93
3801,4.48,4.93
3802,4.48,4.93
3803,4.48,4.93
3804,4.48,4.94
3805,4.48,4.94
3807,4.48,4.94
3808,4.48,4.94
3809,4.48,4.94
3810,4.48,4.94
3811,4.48,4.94
3812,4.48,4.94
3813,4.48,4.94
3814,4.48,4.94
3816,4.48,4.94
3817,4.48,4.95
3818,4.48,4.95
3819,4.48,4.95
3820,4.48,4.95
3821,4.48,4.95
3822,4.48,4.95
3823,4.48,4.95
3825,4.48,4.95
3826,4.48,4.95
3827,4.48,4.95
3828,4.48,4.95
3829,4.48,4.95
3830,4.48,4.95
3831,4.48,4.95
3833,4.48,4.95
3834,4.48,4.95
3835,4.48,4.95
3836,4.48,4.96
3837,4.48,4.96
3838,4.48,4.96
3840,4.48,4.96
3841,4.48,4.96
3843,4.48,4.96
3844,4.48,4.96
3845,4.48,4.96
3846,4.48,4.96
3847,4.48,4.96
3848,4.48,4.96
3849,4.48,4.96
3850,4.48,4.96
3852,4.48,4.96
3853,4.48,4.96
3854,4.48,4.96
3855,4.48,4.96
3856,4.48,4.96
3857,4.48,4.96
3858,4.48,4.96
3859,4.48,4.96
3861,4.48,4.96
3862,4.48,4.96
3863,4.48,4.96
3864,4.48,4.96
3865,4.48,4.96
3866,4.48,4.96
3867,4.48,4.96
3868,4.48,4.96
3870,4.48,4.96
3871,4.48,4.96
3872,4.48,4.96
3873,4.48,4.96
3874,4.48,4.96
3875,4.48,4.97
3876,4.48,4.96
3877,4.47,4.96
3879,4.48,4.96
3880,4.48,4.97
3881,4.47,4.97
3883,4.47,4.96
3884,4.48,4.96
3885,4.48,4.97
3886,4.47,4.97
3887,4.47,4.97
3889,4.48,4.97
3890,4.47,4.97
3891,4.47,4.97
3892,4.47,4.97
3893,4.47,4.97
3894,4.47,4.97
3895,4.47,4.97
3897,4.47,4.97
3898,4.48,4.97
3899,4.47,4.97
3900,4.48,4.97
3901,4.47,4.97
3902,4.48,4.97
3903,4.48,4.97
3904,4.48,4.97
3906,4.48,4.97
3907,4.47,4.97
3908,4.47,4.97
3909,4.47,4.97
3910,4.47,4.97
3911,4.47,4.97
3912,4.47,4.97
3914,4.47,4.97
3915,4.47,4.97
3916,4.47,4.97
3917,4.47,4.97
3918,4.47,4.97
3919,4.48,4.97
3920,4.47,4.97
3921,4.47,4.97
3923,4.47,4.97
3924,4.48,4.97
3926,4.47,4.97
3927,4.48,4.97
3928,4.47,4.97
3929,4.48,4.97
3930,4.47,4.97
3931,4.47,4.97
3933,4.48,4.97
3934,4.47,4.97
3935,4.47,4.97
3936,4.47,4.97
3937,4.47,4.97
3938,4.47,4.97
3939,4.47,4.97
3941,4.47,4.97
3942,4.48,4.97
3943,4.47,4.97
3944,4.47,4.97
3945,4.47,4.97
3946,4.47,4.97
3947,4.47,4.97
3948,4.47,4.97
3950,4.47,4.97
3951,4.47,4.97
3952,4.47,4.97
3953,4.47,4.97
3954,4.48,4.97
3955,4.47,4.97
3956,4.47,4.97
3957,4.47,4.97
3959,4.47,4.97
3960,4.47,4.97
3961,4.47,4.97
3962,4.47,4.97
3963,4.47,4.97
3964,4.47,4.97
3965,4.47,4.97
3966,4.47,4.97
3969,4.47,4.97
3970,4.47,4.97
3971,4.47,4.97
3972,4.47,4.97
3973,4.47,4.97
3974,4.47,4.97
3975,4.47,4.97
3976,4.47,4.97
3978,4.47,4.97
3979,4.47,4.97
3980,4.47,4.97
3981,4.47,4.97
3982,4.47,4.97
3983,4.47,4.97
3984,4.47,4.97
3985,4.47,4.97
3987,4.47,4.97
3988,4.47,4.97
3989,4.47,4.97
3990,4.47,4.97
3991,4.47,4.97
3992,4.47,4.97
3993,4.46,4.97
3994,4.46,4.97
3996,4.46,4.96
3997,4.46,4.96
3998,4.46,4.96
3999,4.46,4.95
4000,4.47,4.95
4001,4.46,4.95
4002,4.46,4.94
4003,4.46,4.94
4005,4.47,4.94
4006,4.47,4.93
4007,4.47,4.93
4008,4.47,4.92
4009,4.47,4.92
4011,4.47,4.92
4012,4.46,4.91
4013,4.46,4.90
4015,4.47,4.90
4016,4.47,4.89
4017,4.47,4.89
4018,4.47,4.88
4019,4.47,4.88
4020,4.47,4.87
4021,4.47,4.87
4022,4.47,4.86
4024,4.47,4.85
4025,4.47,4.85
4026,4.47,4.84
4027,4.46,4.83
4028,4.46,4.83
4029,4.46,4.82
4030,4.46,4.81
4031,4.46,4.80
4033,4.46,4.80
4034,4.46,4.79
4035,4.46,4.78
4036,4.46,4.78
4037,4.46,4.77
4038,4.46,4.76
4039,4.46,4.76
4040,4.46,4.75
4042,4.46,4.74
4043,4.46,4.73
4044,4.46,4.73
4045,4.46,4.72
4046,4.46,4.71
4047,4.46,4.70
4048,4.46,4.69
4049,4.45,4.69
4051,4.46,4.68
4052,4.46,4.67
4054,4.46,4.66
4055,4.45,4.65
4056,4.45,4.65
4057,4.45,4.64
4058,4.45,4.63
4059,4.45,4.62
4061,4.45,4.62
4062,4.45,4.61
4063,4.45,4.60
4064,4.45,4.60
4065,4.45,4.59
4066,4.45,4.58
4067,4.45,4.57
4068,4.45,4.57
4070,4.45,4.57
4071,4.45,4.56
4072,4.45,4.55
4073,4.45,4.55
4074,4.45,4.54
4075,4.45,4.53
4076,4.45,4.53
4077,4.45,4.52
4079,4.45,4.51
4080,4.45,4.51
4081,4.45,4.50
4082,4.45,4.50
4083,4.45,4.49
4084,4.45,4.48
4085,4.45,4.48
4087,4.45,4.47
4088,4.45,4.47
4089,4.45,4.46
4090,4.45,4.46
4091,4.45,4.46
4092,4.45,4.45
4093,4.45,4.45
4094,4.45,4.44
4097,4.45,4.44
4098,4.45,4.43
4099,4.44,4.43
4100,4.45,4.42
4101,4.44,4.42
4102,4.44,4.42
4103,4.44,4.41
4104,4.45,4.41
4106,4.45,4.41
4107,4.45,4.40
4108,4.45,4.40
4109,4.45,4.39
4110,4.44,4.39
4111,4.44,4.39
4112,4.44,4.39
4113,4.44,4.38
4115,4.44,4.38
4116,4.44,4.38
4117,4.44,4.37
4118,4.44,4.37
4119,4.44,4.37
4120,4.45,4.36
4121,4.45,4.36
4122,4.45,4.36
4124,4.44,4.36
4125,4.44,4.35
4126,4.44,4.35
4127,4.45,4.35
4128,4.44,4.35
4129,4.44,4.35
4130,4.44,4.35
4131,4.44,4.35
4133,4.44,4.34
4134,4.44,4.34
4135,4.44,4.34
4136,4.45,4.34
4137,4.45,4.33
4139,4.45,4.33
4140,4.45,4.33
4141,4.45,4.33
4143,4.45,4.32
4144,4.45,4.32
4145,4.45,4.32
4146,4.44,4.32
4147,4.44,4.32
4148,4.44,4.31
4149,4.45,4.31
4151,4.45,4.31
4152,4.45,4.31
4153,4.45,4.31
4154,4.45,4.30
4155,4.45,4.30
4156,4.45,4.30
4157,4.45,4.30
4158,4.45,4.30
4160,4.45,4.30
4161,4.45,4.29
4162,4.45,4.29
4163,4.45,4.29
4164,4.45,4.29
4165,4.45,4.29
4166,4.45,4.28
4167,4.45,4.28
4169,4.45,4.28
4170,4.45,4.28
4171,4.45,4.28
4172,4.45,4.28
4173,4.45,4.28
4174,4.45,4.27
4175,4.45,4.27
4176,4.45,4.27
4178,4.45,4.27
4179,4.45,4.27
4180,4.45,4.27
4182,4.45,4.26
4183,4.45,4.26
4184,4.45,4.26
4185,4.45,4.26
4186,4.45,4.26
4188,4.45,4.26
4189,4.45,4.26
4190,4.45,4.25
4191,4.44,4.25
4192,4.44,4.25
4193,4.44,4.25
4194,4.44,4.25
4196,4.44,4.25
4197,4.44,4.25
4198,4.44,4.25
4199,4.44,4.24
4200,4.44,4.24
4201,4.44,4.24
4202,4.44,4.24
4203,4.44,4.24
4205,4.44,4.24
4206,4.44,4.24
4207,4.44,4.23
4208,4.44,4.23
4209,4.44,4.23
4210,4.44,4.23
4211,4.44,4.23
4212,4.44,4.23
4214,4.44,4.23
4215,4.44,4.23
4216,4.44,4.23
4217,4.44,4.23
4218,4.44,4.23
4219,4.44,4.22
4220,4.44,4.22
4221,4.44,4.23
4224,4.44,4.22
4225,4.44,4.22
4226,4.44,4.22
4227,4.44,4.22
4228,4.44,4.22
4229,4.44,4.22
4230,4.44,4.22
4231,4.44,4.22
4233,4.44,4.22
4234,4.44,4.22
4235,4.44,4.21
4236,4.44,4.21
4237,4.44,4.21
4238,4.44,4.21
4239,4.44,4.21
4240,4.44,4.21
4242,4.44,4.21
4243,4.44,4.21
4244,4.44,4.21
4245,4.44,4.21
4246,4.44,4.21
4247,4.44,4.21
4248,4.44,4.21
4249,4.44,4.21
4251,4.44,4.21
4252,4.44,4.21
4253,4.44,4.21
4254,4.44,4.20
4255,4.44,4.20
4256,4.44,4.20
4257,4.44,4.20
4258,4.44,4.20
4260,4.44,4.20
4261,4.44,4.20
4262,4.44,4.20
4263,4.44,4.20
4264,4.44,4.20
4265,4.44,4.20
4267,4.44,4.20
4268,4.44,4.20
4269,4.44,4.20
4271,4.44,4.20
4272,4.44,4.20
4273,4.44,4.20
4274,4.44,4.20
4275,4.44,4.20
4276,4.44,4.20
4277,4.44,4.20
4278,4.44,4.20
4280,4.44,4.20
4281,4.44,4.19
4282,4.44,4.19
4283,4.44,4.19
4284,4.44,4.20
4285,4.44,4.19
4286,4.44,4.19
4287,4.44,4.19
4289,4.44,4.19
4290,4.44,4.19
4291,4.44,4.19
4292,4.44,4.19
4293,4.44,4.19
4294,4.44,4.19
4295,4.44,4.19
4296,4.44,4.19
4298,4.44,4.19
4299,4.44,4.19
4300,4.44,4.19
4301,4.44,4.19
4302,4.44,4.19
4303,4.44,4.19
4304,4.44,4.19
4305,4.44,4.19
4307,4.44,4.19
4308,4.44,4.19
4310,4.44,4.19
4311,4.44,4.19
4312,4.44,4.19
4313,4.44,4.19
4314,4.44,4.19
4315,4.44,4.18
4317,4.44,4.18
4318,4.44,4.18
4319,4.44,4.18
4320,4.44,4.18
4321,4.44,4.18
4322,4.44,4.19
4323,4.44,4.18
4324,4.44,4.18
4326,4.44,4.18
4327,4.44,4.18
4328,4.44,4.18
4329,4.44,4.18
4330,4.44,4.18
4331,4.44,4.18
4332,4.44,4.18
4333,4.44,4.18
4335,4.44,4.18
4336,4.44,4.18
4337,4.44,4.18
4338,4.44,4.18
4339,4.44,4.18
4340,4.44,4.18
4341,4.44,4.18
4342,4.44,4.18
4344,4.44,4.18
4345,4.44,4.18
4346,4.44,4.18
4347,4.44,4.18
4348,4.44,4.18
4349,4.44,4.18
4350,4.44,4.18
4352,4.44,4.18
4354,4.44,4.18
4355,4.44,4.18
4356,4.44,4.18
4357,4.44,4.17
4358,4.44,4.18
4359,4.44,4.18
4360,4.44,4.17
4361,4.44,4.17
4363,4.44,4.17
4364,4.44,4.17
4365,4.44,4.17
4366,4.44,4.17
4367,4.44,4.17
4368,4.44,4.17
4369,4.44,4.17
4370,4.44,4.17
4372,4.44,4.17
4373,4.44,4.17
4374,4.44,4.17
4375,4.44,4.17
4376,4.44,4.17
4377,4.44,4.18
4378,4.44,4.17
4379,4.44,4.17
4381,4.44,4.17
4382,4.44,4.17
4383,4.44,4.17
4384,4.44,4.17
4385,4.44,4.17
4386,4.44,4.17
4387,4.44,4.17
4388,4.44,4.17
4390,4.44,4.17
4391,4.44,4.17
4392,4.44,4.17
4393,4.44,4.17
4395,4.44,4.17
4396,4.44,4.17
4397,4.44,4.17
4398,4.44,4.17
4400,4.44,4.17
4401,4.44,4.17
4402,4.44,4.17
4403,4.44,4.17
4404,4.44,4.17
4405,4.44,4.17
4406,4.44,4.17
4407,4.44,4.17
4409,4.44,4.17
4410,4.44,4.17
4411,4.44,4.17
4412,4.44,4.17
4413,4.44,4.17
4414,4.44,4.17
4415,4.44,4.17
4416,4.44,4.17
4418,4.44,4.17
4419,4.44,4.17
4420,4.44,4.17
4421,4.44,4.17
4422,4.44,4.17
4423,4.44,4.17
4424,4.44,4.17
4425,4.44,4.17
4427,4.44,4.17
4428,4.44,4.17
4429,4.44,4.17
4430,4.44,4.17
4431,4.44,4.16
4432,4.44,4.17
4433,4.44,4.16
4434,4.44,4.16
4436,4.44,4.17
4438,4.44,4.16
4439,4.44,4.17
4440,4.44,4.16
4441,4.44,4.17
4442,4.44,4.16
4443,4.44,4.17
4444,4.44,4.16
4446,4.44,4.17
4447,4.44,4.16
4448,4.44,4.16
4449,4.44,4.16
4450,4.44,4.16
4451,4.44,4.16
4452,4.44,4.16
4453,4.44,4.16
4455,4.44,4.16
4456,4.44,4.16
4457,4.44,4.16
4458,4.44,4.16
4459,4.44,4.16
4460,4.44,4.16
4461,4.44,4.16
4462,4.44,4.16
4464,4.44,4.16
4465,4.44,4.16
4466,4.44,4.16
4467,4.44,4.16
4468,4.44,4.16
4469,4.44,4.16
4470,4.44,4.16
4471,4.44,4.16
4473,4.44,4.16
4474,4.44,4.16
4475,4.44,4.16
4476,4.44,4.16
4477,4.44,4.16
4478,4.44,4.16
4480,4.44,4.16
4481,4.44,4.16
4483,4.44,4.16
4484,4.44,4.16
4485,4.44,4.16
4486,4.44,4.16
4487,4.44,4.16
4488,4.44,4.16
4489,4.44,4.16
4490,4.44,4.16
4492,4.44,4.16
4493,4.44,4.16
4494,4.44,4.16
4495,4.44,4.16
4496,4.44,4.16
4497,4.44,4.16
4498,4.44,4.16
4499,4.44,4.16
4501,4.44,4.16
4502,4.44,4.16
4503,4.44,4.16
4504,4.44,4.15
4505,4.44,4.16
4506,4.44,4.16
4507,4.43,4.15
4508,4.44,4.16
4510,4.43,4.15
4511,4.44,4.16
4512,4.44,4.16
4513,4.44,4.16
4514,4.44,4.16
4515,4.43,4.16
4516,4.44,4.16
4517,4.44,4.16
4519,4.44,4.15
4520,4.44,4.16
4521,4.44,4.16
4523,4.44,4.15
4524,4.43,4.16
4525,4.43,4.16
4526,4.43,4.15
4527,4.44,4.16
4529,4.43,4.16
4530,4.44,4.15
4531,4.43,4.15
4532,4.43,4.15
4533,4.43,4.15
4534,4.43,4.15
4535,4.43,4.15
4536,4.43,4.15
4538,4.43,4.15
4539,4.43,4.15
4540,4.43,4.15
4541,4.43,4.16
4542,4.43,4.15
4543,4.43,4.15
4544,4.43,4.15
4545,4.43,4.15
4547,4.43,4.15
4548,4.43,4.15
4549,4.43,4.15
4550,4.43,4.15
4551,4.43,4.15
4552,4.44,4.15
4553,4.43,4.15
4554,4.44,4.15
4556,4.43,4.15
4557,4.43,4.15
4558,4.43,4.15
4559,4.43,4.15
4560,4.43,4.15
4561,4.43,4.15
4562,4.43,4.15
4563,4.43,4.15
4566,4.43,4.15
4567,4.43,4.15
4568,4.43,4.15
4569,4.43,4.15
4570,4.43,4.15
4571,4.43,4.15
4572,4.43,4.15
4573,4.43,4.15
4575,4.43,4.15
4576,4.43,4.15
4577,4.43,4.15
4578,4.43,4.15
4579,4.43,4.15
4580,4.43,4.15
4581,4.43,4.15
4582,4.43,4.15
4584,4.43,4.15
4585,4.43,4.15
4586,4.43,4.15
4587,4.43,4.15
4588,4.43,4.15
4589,4.43,4.15
4590,4.43,4.15
4591,4.43,4.15
4593,4.43,4.15
4594,4.43,4.15
4595,4.43,4.15
4596,4.43,4.15
4597,4.43,4.15
4598,4.43,4.15
4599,4.43,4.15
4600,4.43,4.15
4602,4.43,4.15
4603,4.43,4.15
4604,4.43,4.15
4605,4.43,4.15
4606,4.43,4.15
4608,4.43,4.15
4609,4.43,4.15
4610,4.43,4.15
4612,4.43,4.15
4613,4.43,4.15
4614,4.43,4.15
4615,4.43,4.15
4616,4.43,4.15
4617,4.43,4.15
4618,4.43,4.15
4619,4.43,4.15
4621,4.43,4.15
4622,4.43,4.15
4623,4.43,4.15
4624,4.43,4.15
4625,4.43,4.15
4626,4.43,4.15
4627,4.43,4.15
4628,4.43,4.15
4630,4.43,4.15
4631,4.43,4.15
4632,4.43,4.15
4633,4.43,4.15
4634,4.43,4.15
4635,4.43,4.15
4636,4.43,4.15
4637,4.43,4.15
4639,4.43,4.15
4640,4.43,4.15
4641,4.43,4.15
4642,4.43,4.15
4643,4.43,4.15
4644,4.43,4.15
4645,4.43,4.15
4646,4.43,4.15
4648,4.43,4.15
4649,4.43,4.15
4651,4.43,4.15
4652,4.43,4.15
4653,4.43,4.15
4654,4.43,4.15
4655,4.43,4.15
4657,4.43,4.15
4658,4.43,4.15
4659,4.43,4.15
4660,4.43,4.15
4661,4.43,4.15
4662,4.43,4.15
4663,4.43,4.15
4664,4.43,4.15
4666,4.43,4.15
4667,4.43,4.15
4668,4.43,4.15
4669,4.43,4.15
4670,4.43,4.15
4671,4.43,4.15
4672,4.43,4.15
4673,4.43,4.15
4675,4.43,4.15
4676,4.43,4.15
4677,4.43,4.15
4678,4.43,4.15
4679,4.43,4.15
4680,4.43,4.15
4681,4.43,4.15
4682,4.43,4.15
4684,4.43,4.15
4685,4.43,4.15
4686,4.43,4.15
4687,4.43,4.14
4688,4.43,4.15
4689,4.43,4.15
4690,4.43,4.15
4692,4.43,4.15
4694,4.43,4.15
4695,4.43,4.15
4696,4.43,4.14
4697,4.43,4.15
4698,4.43,4.14
4699,4.43,4.14
4700,4.43,4.14
4702,4.43,4.14
4703,4.43,4.14
4704,4.43,4.15
4705,4.43,4.15
4706,4.43,4.15
4707,4.43,4.14
4708,4.43,4.14
4709,4.43,4.14
4711,4.43,4.14
4712,4.43,4.14
4713,4.43,4.14
4714,4.43,4.14
4715,4.43,4.14
4716,4.43,4.14
4717,4.43,4.14
4718,4.43,4.14
4720,4.43,4.14
4721,4.43,4.14
4722,4.43,4.14
4723,4.43,4.14
4724,4.43,4.14
4725,4.43,4.14
4726,4.43,4.14
4727,4.43,4.14
4729,4.43,4.14
4730,4.43,4.14
4731,4.43,4.14
4732,4.43,4.14
4733,4.43,4.14
4734,4.43,4.14
4736,4.43,4.14
4737,4.43,4.14
4739,4.43,4.14
4740,4.43,4.14
4741,4.43,4.14
4742,4.43,4.14
4743,4.43,4.14
4744,4.43,4.14
4745,4.43,4.14
4746,4.43,4.14
4748,4.43,4.14
4749,4.43,4.14
4750,4.43,4.14
4751,4.43,4.14
4752,4.43,4.14
4753,4.43,4.14
4754,4.43,4.14
4755,4.43,4.14
4757,4.43,4.14
4758,4.43,4.14
4759,4.43,4.14
4760,4.43,4.14
4761,4.43,4.14
4762,4.43,4.14
4763,4.43,4.14
4764,4.43,4.14
4766,4.43,4.14
4767,4.43,4.14
4768,4.43,4.14
4769,4.43,4.14
4770,4.42,4.14
4771,4.43,4.14
4772,4.43,4.14
4773,4.43,4.14
4775,4.43,4.14
4776,4.43,4.14
4777,4.43,4.14
4779,4.43,4.14
4780,4.43,4.14
4781,4.43,4.14
4782,4.43,4.14
4783,4.43,4.14
4785,4.43,4.14
4786,4.43,4.14
4787,4.43,4.14
4788,4.43,4.14
4789,4.43,4.14
4790,4.43,4.14
4791,4.43,4.14
4792,4.43,4.14
4794,4.43,4.14
4795,4.43,4.14
4796,4.43,4.14
4797,4.43,4.14
4798,4.43,4.14
4799,4.43,4.14
4800,4.42,4.14
4802,4.42,4.14
4803,4.42,4.14
4804,4.43,4.14
4805,4.43,4.14
4806,4.43,4.14
4807,4.42,4.14
4808,4.42,4.14
4809,4.43,4.14
4811,4.43,4.14
4812,4.43,4.14
4813,4.42,4.14
4814,4.42,4.14
4815,4.42,4.14
4816,4.42,4.14
4817,4.43,4.14
4818,4.43,4.14
4820,4.43,4.14
4822,4.43,4.14
4823,4.43,4.14
4824,4.42,4.14
4825,4.43,4.14
4826,4.43,4.14
4827,4.42,4.14
4828,4.42,4.14
4830,4.42,4.14
4831,4.42,4.14
4832,4.42,4.14
4833,4.42,4.14
4834,4.42,4.14
4835,4.42,4.14
4836,4.42,4.14
4837,4.42,4.14
4839,4.42,4.14
4840,4.42,4.14
4841,4.42,4.14
4842,4.42,4.14
4843,4.43,4.14
4844,4.43,4.14
4845,4.42,4.14
4846,4.42,4.14
4848,4.43,4.14
4849,4.43,4.14
4850,4.43,4.14
4851,4.43,4.14
4852,4.43,4.14
4853,4.42,4.14
4854,4.43,4.14
4855,4.43,4.14
4857,4.43,4.14
4858,4.43,4.14
4859,4.43,4.14
4860,4.43,4.14
4861,4.43,4.14
4862,4.43,4.14
4864,4.43,4.14
4865,4.43,4.14
4867,4.42,4.14
4868,4.42,4.14
4869,4.42,4.14
4870,4.42,4.14
4871,4.42,4.14
4872,4.42,4.14
4873,4.42,4.14
4874,4.42,4.14
4876,4.42,4.14
4877,4.42,4.14
4878,4.42,4.14
4879,4.42,4.14
4880,4.42,4.14
4881,4.42,4.14
4882,4.42,4.14
4883,4.42,4.14
4885,4.42,4.14
4886,4.42,4.14
4887,4.42,4.14
4888,4.42,4.14
4889,4.42,4.14
4890,4.42,4.14
4891,4.42,4.14
4892,4.43,4.14
4894,4.43,4.14
4895,4.43,4.14
4896,4.43,4.14
4897,4.43,4.14
4898,4.43,4.14
4899,4.43,4.14
4900,4.43,4.14
4901,4.43,4.14
4903,4.43,4.14
4904,4.43,4.14
4905,4.43,4.14
4907,4.43,4.14
4908,4.43,4.14
4909,4.43,4.14
4910,4.43,4.14
4911,4.43,4.14
4913,4.43,4.14
4914,4.43,4.14
4915,4.43,4.14
4916,4.43,4.14
4917,4.43,4.14
4918,4.43,4.14
4919,4.43,4.14
4920,4.43,4.13
4922,4.43,4.13
4923,4.43,4.14
4924,4.43,4.13
4925,4.43,4.13
4926,4.43,4.13
4927,4.43,4.13
4928,4.43,4.13
4930,4.43,4.14
4931,4.43,4.14
4932,4.43,4.13
4933,4.43,4.13
4934,4.43,4.13
4935,4.43,4.13
4936,4.43,4.13
4937,4.43,4.13
4939,4.43,4.13
4940,4.43,4.13
4941,4.43,4.13
4942,4.43,4.13
4943,4.43,4.13
4944,4.43,4.13
4945,4.43,4.13
4946,4.43,4.13
4948,4.43,4.13
4950,4.42,4.13
4951,4.42,4.13
4952,4.43,4.13
4953,4.43,4.13
4954,4.43,4.13
4955,4.43,4.13
4956,4.43,4.13
4958,4.43,4.13
4959,4.42,4.13
4960,4.43,4.13
4961,4.43,4.13
4962,4.43,4.13
4963,4.43,4.13
4964,4.43,4.13
4966,4.43,4.13
4967,4.43,4.13
4968,4.43,4.13
4969,4.43,4.13
4970,4.43,4.13
4971,4.43,4.13
4972,4.43,4.13
4973,4.43,4.13
4975,4.43,4.13
4976,4.43,4.13
4977,4.43,4.13
4978,4.43,4.12
4979,4.43,4.12
4980,4.43,4.12
4981,4.43,4.12
4983,4.43,4.12
4984,4.43,4.12
4985,4.43,4.12
4986,4.43,4.12
4987,4.43,4.12
4988,4.43,4.12
4989,4.43,4.12
4990,4.43,4.12
4993,4.43,4.12
4994,4.43,4.12
4995,4.43,4.11
4996,4.43,4.11
4997,4.42,4.11
4998,4.42,4.11
4999,4.42,4.11
5001,4.42,4.11
5002,4.42,4.12
5003,4.43,4.11
5004,4.43,4.11
5005,4.43,4.11
5006,4.43,4.11
5007,4.42,4.11
5009,4.42,4.11
5010,4.42,4.11
5011,4.42,4.11
5012,4.42,4.11
5013,4.42,4.11
5014,4.42,4.11
5015,4.42,4.11
5016,4.42,4.11
5018,4.42,4.11
5019,4.42,4.11
5020,4.42,4.11
5021,4.42,4.11
5022,4.42,4.12
5023,4.43,4.12
5024,4.43,4.12
5026,4.43,4.12
5027,4.42,4.12
5028,4.42,4.12
5029,4.42,4.12
5030,4.42,4.12
5031,4.42,4.11
5032,4.43,4.11
5035,4.43,4.11
5036,4.43,4.11
5037,4.43,4.11
5038,4.43,4.11
5039,4.43,4.11
5040,4.43,4.12
5041,4.43,4.12
5042,4.43,4.12
5044,4.43,4.12
5045,4.43,4.12
5046,4.43,4.12
5047,4.43,4.12
5048,4.43,4.12
5049,4.43,4.12
5050,4.43,4.12
5052,4.43,4.12
5053,4.43,4.12
5054,4.43,4.12
5055,4.43,4.12
5056,4.43,4.11
5057,4.43,4.12
5058,4.43,4.12
5060,4.43,4.12
5061,4.43,4.12
5062,4.42,4.12
5063,4.42,4.12
5064,4.42,4.12
5065,4.42,4.12
5066,4.42,4.12
5068,4.42,4.12
5069,4.42,4.12
5070,4.42,4.12
5071,4.42,4.12
5072,4.42,4.12
5073,4.42,4.12
5074,4.42,4.11
5076,4.42,4.11
5078,4.42,4.11
5079,4.42,4.11
5080,4.42,4.11
5081,4.42,4.11
5082,4.42,4.11
5083,4.42,4.11
5084,4.42,4.11
5086,4.42,4.11
5087,4.42,4.11
5088,4.42,4.11
5089,4.42,4.11
5090,4.42,4.11
5091,4.42,4.11
5092,4.42,4.11
5094,4.42,4.11
5095,4.42,4.11
5096,4.42,4.11
5097,4.42,4.11
5098,4.42,4.11
5099,4.42,4.11
5100,4.43,4.11
5102,4.43,4.11
5103,4.43,4.11
5104,4.43,4.11
5105,4.43,4.11
5106,4.43,4.11
5107,4.43,4.11
5108,4.43,4.11
5109,4.43,4.11
5111,4.42,4.11
5112,4.42,4.11
5113,4.42,4.11
5114,4.42,4.11
5115,4.42,4.11
5116,4.42,4.11
5117,4.42,4.11
5120,4.42,4.11
5121,4.42,4.11
5122,4.42,4.11
5123,4.42,4.11
5124,4.42,4.11
5125,4.42,4.11
5126,4.42,4.10
5128,4.42,4.11
5129,4.42,4.11
5130,4.42,4.11
5131,4.42,4.11
5132,4.42,4.11
5133,4.42,4.11
5134,4.42,4.11
5135,4.42,4.11
5137,4.42,4.11
5138,4.42,4.11
5139,4.42,4.11
5140,4.42,4.11
5141,4.42,4.11
5142,4.42,4.11
5143,4.42,4.11
5145,4.42,4.11
5146,4.42,4.11
5147,4.42,4.11
5148,4.42,4.11
5149,4.42,4.11
5150,4.42,4.11
5151,4.42,4.11
5152,4.42,4.11
5154,4.42,4.11
5155,4.42,4.11
5156,4.42,4.11
5157,4.42,4.11
5158,4.42,4.11
5159,4.42,4.11
5160,4.42,4.11
5163,4.42,4.11
5164,4.42,4.11
5165,4.42,4.11
5166,4.42,4.11
5167,4.42,4.11
5168,4.42,4.11
5169,4.42,4.11
5171,4.42,4.11
5172,4.42,4.11
5173,4.42,4.11
5174,4.42,4.11
5175,4.42,4.11
5176,4.42,4.11
5177,4.42,4.11
5178,4.42,4.11
5180,4.42,4.11
5181,4.42,4.11
5182,4.42,4.11
5183,4.42,4.11
5184,4.42,4.11
5185,4.42,4.11
5186,4.42,4.11
5188,4.42,4.11
5189,4.42,4.11
5190,4.42,4.11
5191,4.42,4.11
5192,4.42,4.11
5193,4.42,4.11
5194,4.42,4.11
5196,4.42,4.11
5197,4.42,4.11
5198,4.42,4.11
5199,4.42,4.11
5200,4.42,4.10
5201,4.42,4.10
5202,4.42,4.10
5204,4.42,4.10
5206,4.42,4.10
5207,4.42,4.11
5208,4.42,4.10
5209,4.42,4.10
5210,4.42,4.10
5211,4.42,4.10
5212,4.42,4.11
5214,4.42,4.11
5215,4.42,4.11
5216,4.42,4.11
5217,4.42,4.11
5218,4.42,4.11
5219,4.42,4.11
5220,4.42,4.11
5222,4.42,4.11
5223,4.42,4.11
5224,4.42,4.11
5225,4.42,4.11
5226,4.42,4.11
5227,4.42,4.11
5228,4.42,4.11
5230,4.42,4.10
5231,4.42,4.10
5232,4.42,4.11
5233,4.42,4.11
5234,4.42,4.11
5235,4.42,4.11
5236,4.42,4.11
5237,4.42,4.11
5239,4.42,4.11
5240,4.42,4.11
5241,4.42,4.11
5242,4.42,4.11
5243,4.42,4.11
5244,4.42,4.11
5245,4.42,4.11
5248,4.42,4.11
5249,4.42,4.11
5250,4.42,4.11
5251,4.42,4.11
5252,4.41,4.11
5253,4.41,4.11
5254,4.41,4.10
5256,4.41,4.11
5257,4.41,4.10
5258,4.41,4.10
5259,4.42,4.10
5260,4.42,4.10
5261,4.42,4.10
5262,4.42,4.10
5263,4.41,4.10
5265,4.41,4.11
5266,4.42,4.11
5267,4.42,4.11
5268,4.41,4.11
5269,4.41,4.11
5270,4.41,4.11
5271,4.42,4.11
5273,4.42,4.11
5274,4.42,4.11
5275,4.42,4.10
5276,4.42,4.11
5277,4.42,4.10
5278,4.42,4.10
5279,4.42,4.10
5280,4.42,4.10
5282,4.42,4.10
5283,4.42,4.10
5284,4.41,4.10
5285,4.41,4.10
5286,4.41,4.10
5287,4.41,4.11
5288,4.41,4.11
5289,4.41,4.11
5292,4.41,4.11
5293,4.41,4.11
5294,4.41,4.11
5295,4.41,4.11
5296,4.41,4.11
5297,4.41,4.11
5298,4.41,4.11
5300,4.41,4.11
5301,4.41,4.11
5302,4.41,4.10
5303,4.41,4.10
5304,4.41,4.10
5305,4.41,4.11
5306,4.41,4.11
5308,4.42,4.11
5309,4.42,4.11
5310,4.41,4.11
5311,4.41,4.11
5312,4.41,4.10
5313,4.42,4.10
5314,4.42,4.10
5315,4.42,4.10
5317,4.42,4.10
5318,4.42,4.10
5319,4.42,4.10
5320,4.42,4.10
5321,4.42,4.10
5322,4.42,4.10
5323,4.42,4.10
5324,4.42,4.10
5326,4.42,4.10
5327,4.42,4.10
5328,4.42,4.10
5329,4.42,4.10
5330,4.42,4.10
5331,4.42,4.10
5332,4.42,4.10
5334,4.41,4.10
5336,4.41,4.10
5337,4.41,4.10
5338,4.41,4.10
5339,4.42,4.10
5340,4.41,4.10
5341,4.41,4.10
5342,4.41,4.10
5343,4.41,4.10
5345,4.41,4.10
5346,4.41,4.10
5347,4.41,4.10
5348,4.41,4.10
5349,4.41,4.10
5350,4.41,4.10
5351,4.41,4.10
5352,4.41,4.10
5354,4.41,4.10
5355,4.41,4.10
5356,4.41,4.10
5357,4.41,4.10
5358,4.41,4.10
5359,4.41,4.10
5360,4.41,4.10
5361,4.41,4.10
5363,4.41,4.10
5364,4.41,4.10
5365,4.41,4.10
5366,4.41,4.10
5367,4.41,4.10
5368,4.41,4.10
5369,4.41,4.10
5370,4.41,4.10
5372,4.41,4.10
5373,4.41,4.10
5374,4.42,4.10
5376,4.41,4.10
5377,4.42,4.10
5378,4.42,4.10
5379,4.42,4.10
5380,4.41,4.10
5382,4.41,4.10
5383,4.42,4.10
5384,4.41,4.10
5385,4.41,4.10
5386,4.41,4.10
5387,4.41,4.10
5388,4.41,4.10
5389,4.41,4.10
5391,4.41,4.10
5392,4.41,4.10
5393,4.41,4.10
5394,4.41,4.10
5395,4.41,4.10
5396,4.41,4.10
5397,4.41,4.10
5398,4.41,4.10
5400,4.41,4.10
5401,4.41,4.10
5402,4.41,4.10
5403,4.41,4.10
5404,4.41,4.10
5405,4.41,4.10
5406,4.41,4.10
5407,4.41,4.10
5409,4.41,4.10
5410,4.41,4.10
5411,4.41,4.10
5412,4.41,4.10
5413,4.41,4.10
5414,4.41,4.10
5415,4.41,4.10
5416,4.41,4.10
5419,4.41,4.10
5420,4.41,4.10
5421,4.41,4.10
5422,4.41,4.10
5423,4.41,4.10
5424,4.41,4.10
5425,4.41,4.10
5426,4.41,4.10
5428,4.41,4.10
5429,4.41,4.10
5430,4.41,4.10
5431,4.41,4.10
5432,4.41,4.10
5433,4.41,4.10
5434,4.41,4.10
5435,4.41,4.10
5437,4.41,4.10
5438,4.41,4.10
5439,4.41,4.10
5440,4.41,4.10
5441,4.41,4.10
5442,4.41,4.10
5443,4.41,4.10
5444,4.41,4.10
5446,4.41,4.10
5447,4.41,4.10
5448,4.41,4.10
5449,4.41,4.10
5450,4.41,4.10
5451,4.41,4.10
5452,4.41,4.10
5453,4.41,4.10
5455,4.41,4.10
5456,4.41,4.10
5457,4.41,4.10
5458,4.41,4.10
5459,4.41,4.10
5460,4.41,4.10
5462,4.41,4.10
5463,4.41,4.10
5465,4.41,4.10
5466,4.41,4.10
5467,4.41,4.10
5468,4.41,4.09
5469,4.41,4.09
5470,4.41,4.10
5471,4.41,4.10
5472,4.41,4.10
5474,4.41,4.10
5475,4.41,4.10
5476,4.41,4.10
5477,4.41,4.10
5478,4.41,4.10
5479,4.41,4.10
5480,4.41,4.09
5481,4.41,4.09
5483,4.41,4.09
5484,4.41,4.09
5485,4.41,4.09
5486,4.41,4.09
5487,4.41,4.10
5488,4.41,4.10
5489,4.41,4.10
5490,4.41,4.10
5492,4.41,4.10
5493,4.41,4.10
5494,4.41,4.10
5495,4.41,4.10
5496,4.41,4.10
5497,4.41,4.10
5498,4.41,4.10
5499,4.41,4.10
5501,4.41,4.10
5502,4.41,4.10
5504,4.41,4.10
5505,4.41,4.10
5506,4.41,4.10
5507,4.40,4.10
5508,4.41,4.10
5509,4.41,4.10
5511,4.41,4.10
5512,4.41,4.10
5513,4.40,4.10
5514,4.40,4.10
5515,4.40,4.09
5516,4.40,4.09
5517,4.40,4.10
5518,4.40,4.09
5519,4.40,4.09
5521,4.40,4.09
5522,4.40,4.10
5523,4.40,4.09
5524,4.40,4.09
5525,4.40,4.10
5526,4.40,4.10
5527,4.40,4.10
5528,4.40,4.10
5530,4.40,4.10
5531,4.40,4.10
5532,4.40,4.10
5533,4.40,4.10
5534,4.40,4.10
5535,4.41,4.10
5536,4.41,4.10
5537,4.41,4.09
5538,4.41,4.09
5540,4.41,4.09
5541,4.41,4.09
5542,4.41,4.09
5543,4.41,4.09
5544,4.41,4.09
5545,4.41,4.09
5547,4.41,4.09
5548,4.41,4.09
5550,4.41,4.09
5551,4.41,4.09
5552,4.41,4.09
5553,4.41,4.09
5554,4.41,4.10
5555,4.41,4.09
5556,4.41,4.09
5557,4.41,4.09
5559,4.41,4.09
5560,4.41,4.09
5561,4.41,4.09
5562,4.41,4.09
5563,4.41,4.09
5564,4.41,4.09
5565,4.41,4.09
5566,4.41,4.09
5568,4.41,4.09
5569,4.41,4.09
5570,4.41,4.09
5571,4.41,4.09
5572,4.41,4.10
5573,4.41,4.10
5574,4.41,4.10
5575,4.41,4.10
5577,4.41,4.10
5578,4.41,4.10
5579,4.40,4.10
5580,4.40,4.10
5581,4.40,4.10
5582,4.40,4.10
5583,4.40,4.10
5584,4.40,4.09
5586,4.40,4.09
5587,4.40,4.09
5588,4.41,4.09
5590,4.40,4.09
5591,4.40,4.09
5592,4.40,4.09
5593,4.40,4.09
5594,4.40,4.09
5595,4.40,4.10
5597,4.40,4.10
5598,4.40,4.09
5599,4.40,4.10
5600,4.40,4.09
5601,4.40,4.09
5602,4.40,4.10
5603,4.40,4.10
5604,4.40,4.10
5606,4.40,4.10
5607,4.40,4.09
5608,4.40,4.09
5609,4.40,4.09
5610,4.41,4.09
5611,4.41,4.09
5612,4.41,4.09
5613,4.41,4.09
5615,4.41,4.09
5616,4.41,4.09
5617,4.40,4.09
5618,4.40,4.10
5619,4.40,4.10
5620,4.40,4.10
5621,4.40,4.10
5622,4.40,4.10
5623,4.40,4.10
5625,4.40,4.09
5626,4.40,4.09
5627,4.40,4.09
5628,4.40,4.09
5629,4.40,4.09
5630,4.40,4.09
5632,4.40,4.09
5633,4.40,4.09
5635,4.40,4.09
5636,4.40,4.09
5637,4.40,4.10
5638,4.40,4.10
5639,4.40,4.10
5640,4.40,4.09
5641,4.40,4.09
5642,4.40,4.09
5643,4.40,4.09
5645,4.40,4.09
5646,4.40,4.09
5647,4.40,4.09
5648,4.40,4.09
5649,4.40,4.09
5650,4.40,4.09
5651,4.40,4.09
5652,4.40,4.09
5654,4.40,4.09
5655,4.40,4.09
5656,4.40,4.09
5657,4.40,4.09
5658,4.40,4.09
5659,4.40,4.09
5660,4.40,4.09
5661,4.40,4.09
5663,4.40,4.09
5664,4.40,4.09
5665,4.40,4.10
5666,4.40,4.09
5667,4.41,4.09
5668,4.41,4.09
5669,4.41,4.10
5670,4.41,4.09
5671,4.41,4.09
5673,4.41,4.09
5675,4.40,4.09
5676,4.40,4.09
5677,4.40,4.09
5678,4.40,4.09
5679,4.40,4.09
5680,4.40,4.09
5681,4.40,4.09
5683,4.40,4.09
5684,4.40,4.09
5685,4.40,4.09
5686,4.40,4.09
5687,4.40,4.09
5688,4.40,4.09
5689,4.40,4.09
5690,4.40,4.09
5691,4.40,4.09
5693,4.40,4.09
5694,4.40,4.09
5695,4.40,4.09
5696,4.40,4.09
5697,4.40,4.09
5698,4.40,4.09
5699,4.40,4.09
5700,4.40,4.10
5702,4.40,4.09
5703,4.40,4.09
5704,4.40,4.10
5705,4.40,4.09
5706,4.40,4.09
5707,4.40,4.09
5708,4.40,4.09
5709,4.40,4.09
5710,4.40,4.09
5712,4.40,4.09
5713,4.40,4.09
5714,4.40,4.09
5715,4.40,4.09
5716,4.40,4.09
5718,4.40,4.09
5719,4.40,4.09
5720,4.40,4.09
5722,4.40,4.09
5723,4.40,4.09
5724,4.40,4.09
5725,4.40,4.09
5726,4.40,4.09
5727,4.40,4.09
5728,4.40,4.09
5729,4.40,4.09
5731,4.40,4.09
5732,4.40,4.09
5733,4.40,4.09
5734,4.40,4.09
5735,4.40,4.08
5736,4.40,4.08
5737,4.40,4.08
5738,4.40,4.09
5740,4.40,4.09
5741,4.40,4.09
5742,4.40,4.09
5743,4.40,4.09
5744,4.40,4.09
5745,4.40,4.09
5746,4.40,4.09
5747,4.40,4.09
5749,4.41,4.08
5750,4.41,4.09
5751,4.41,4.09
5752,4.41,4.08
5753,4.41,4.08
5754,4.41,4.08
5755,4.40,4.08
5756,4.40,4.08
5758,4.40,4.09
5760,4.40,4.09
5761,4.40,4.09
5762,4.40,4.09
5763,4.40,4.09
5764,4.40,4.09
5765,4.40,4.08
5766,4.40,4.08
5768,4.40,4.08
5769,4.40,4.08
5770,4.40,4.08
5771,4.40,4.08
5772,4.40,4.08
5773,4.40,4.08
5774,4.40,4.08
5775,4.40,4.08
5776,4.40,4.08
5778,4.40,4.08
5779,4.41,4.08
5780,4.41,4.08
5781,4.41,4.08
5782,4.41,4.08
5783,4.41,4.09
5784,4.41,4.08
5785,4.41,4.08
5787,4.41,4.09
5788,4.41,4.08
5789,4.41,4.09
5790,4.41,4.09
5791,4.41,4.09
5792,4.41,4.09
5793,4.41,4.09
5794,4.41,4.09
5796,4.41,4.09
5797,4.41,4.09
5798,4.41,4.09
5799,4.41,4.09
5800,4.40,4.09
5801,4.40,4.09
5803,4.40,4.09
5805,4.40,4.09
5806,4.40,4.08
5807,4.40,4.08
5808,4.40,4.08
5809,4.40,4.08
5810,4.40,4.09
5811,4.40,4.08
5812,4.40,4.08
5813,4.40,4.08
5815,4.40,4.08
5816,4.40,4.08
5817,4.40,4.08
5818,4.40,4.08
5819,4.40,4.08
5820,4.40,4.08
5821,4.40,4.08
5822,4.40,4.08
5824,4.40,4.08
5825,4.40,4.08
5826,4.40,4.08
5827,4.40,4.08
5828,4.40,4.08
5829,4.40,4.08
5830,4.40,4.08
5831,4.40,4.08
5832,4.40,4.08
5834,4.40,4.08
5835,4.40,4.08
5836,4.40,4.08
5837,4.40,4.08
5838,4.40,4.08
5839,4.40,4.08
5840,4.40,4.08
5841,4.40,4.08
5843,4.40,4.08
5844,4.40,4.08
5846,4.40,4.08
5847,4.40,4.08
5848,4.40,4.08
5849,4.40,4.08
5850,4.40,4.09
5851,4.40,4.09
5853,4.40,4.08
5854,4.40,4.08
5855,4.40,4.08
5856,4.40,4.08
5857,4.40,4.08
5858,4.40,4.09
5859,4.40,4.08
5860,4.40,4.09
5861,4.40,4.09
5863,4.40,4.09
5864,4.40,4.09
5865,4.40,4.08
5866,4.40,4.08
5867,4.40,4.08
5868,4.40,4.08
5869,4.40,4.08
5870,4.40,4.08
5872,4.40,4.08
5873,4.40,4.08
5874,4.40,4.08
5875,4.40,4.08
5876,4.40,4.08
5877,4.40,4.08
5878,4.40,4.08
5879,4.40,4.08
5880,4.40,4.08
5882,4.40,4.08
5883,4.40,4.08
5884,4.40,4.08
5885,4.40,4.08
5886,4.40,4.08
5888,4.40,4.08
5889,4.40,4.08
5890,4.40,4.08
5892,4.40,4.08
5893,4.40,4.08
5894,4.40,4.08
5895,4.40,4.08
5896,4.40,4.08
5897,4.40,4.08
5898,4.40,4.08
5899,4.40,4.08
5901,4.40,4.08
5902,4.40,4.08
5903,4.40,4.08
5904,4.40,4.08
5905,4.40,4.08
5906,4.40,4.08
5907,4.40,4.08
5908,4.40,4.09
5909,4.40,4.08
5911,4.40,4.09
5912,4.40,4.09
5913,4.40,4.08
5914,4.40,4.08
5915,4.40,4.08
5916,4.40,4.08
5917,4.40,4.08
5918,4.41,4.08
5920,4.40,4.08
5921,4.40,4.08
5922,4.40,4.08
5923,4.40,4.08
5924,4.40,4.08
5925,4.40,4.08
5926,4.40,4.08
5927,4.40,4.08
5928,4.40,4.08
5931,4.40,4.08
5932,4.40,4.08
5933,4.40,4.08
5934,4.40,4.08
5935,4.40,4.08
5936,4.40,4.08
5937,4.40,4.08
5938,4.40,4.08
5940,4.40,4.08
5941,4.40,4.08
5942,4.40,4.08
5943,4.40,4.08
5944,4.40,4.08
5945,4.40,4.08
5946,4.40,4.08
5947,4.40,4.08
5949,4.40,4.08
5950,4.40,4.08
5951,4.40,4.08
5952,4.40,4.08
5953,4.40,4.08
5954,4.39,4.08
5955,4.39,4.08
5956,4.39,4.08
5957,4.39,4.08
5959,4.39,4.08
5960,4.39,4.08
5961,4.39,4.08
5962,4.39,4.08
5963,4.39,4.08
5964,4.39,4.08
5965,4.39,4.08
5967,4.39,4.08
5968,4.39,4.08
5969,4.39,4.08
5970,4.39,4.08
5971,4.40,4.08
5972,4.40,4.08
5974,4.40,4.08
5975,4.40,4.08
5977,4.40,4.08
5978,4.40,4.08
5979,4.40,4.08
5980,4.40,4.08
5981,4.40,4.08
5982,4.40,4.08
5983,4.40,4.08
5984,4.40,4.08
5986,4.40,4.08
5987,4.40,4.08
5988,4.40,4.08
5989,4.40,4.08
5990,4.40,4.08
5991,4.40,4.08
5992,4.40,4.08
5993,4.40,4.08
5994,4.40,4.08
5996,4.40,4.08
5997,4.40,4.08
5998,4.40,4.08
5999,4.40,4.08
6000,4.40,4.08
6001,4.40,4.08
6002,4.40,4.08
6003,4.40,4.08
6005,4.40,4.08
6006,4.40,4.08
6007,4.40,4.08
6008,4.40,4.08
6009,4.40,4.08
6010,4.40,4.08
6011,4.40,4.08
6012,4.40,4.08
6014,4.40,4.08
6016,4.40,4.08
6017,4.40,4.08
6018,4.40,4.08
6019,4.40,4.08
6020,4.40,4.08
6021,4.40,4.08
6022,4.40,4.08
6024,4.40,4.08
6025,4.40,4.08
6026,4.40,4.08
6027,4.40,4.08
6028,4.40,4.07
6029,4.40,4.07
6030,4.40,4.07
6031,4.40,4.07
6033,4.40,4.07
6034,4.40,4.07
6035,4.39,4.07
6036,4.40,4.07
6037,4.40,4.08
6038,4.39,4.08
6039,4.40,4.08
6040,4.40,4.08
6042,4.40,4.07
6043,4.40,4.08
6044,4.40,4.08
6045,4.40,4.07
6046,4.40,4.07
6047,4.40,4.07
6048,4.39,4.07
6049,4.39,4.07
6050,4.39,4.07
6052,4.39,4.07
6053,4.39,4.07
6054,4.39,4.07
6055,4.40,4.07
6056,4.40,4.07
6057,4.40,4.07
6059,4.40,4.07
6060,4.40,4.07
6062,4.40,4.07
6063,4.40,4.07
6064,4.40,4.08
6065,4.40,4.07
6066,4.40,4.07
6067,4.40,4.08
6068,4.40,4.08
6069,4.40,4.08
6071,4.40,4.08
6072,4.40,4.08
6073,4.40,4.07
6074,4.40,4.08
6075,4.40,4.07
6076,4.40,4.08
6077,4.40,4.08
6078,4.40,4.08
6079,4.40,4.07
6081,4.40,4.08
6082,4.40,4.08
6083,4.40,4.07
6084,4.40,4.07
6085,4.40,4.07
6086,4.40,4.07
6087,4.40,4.07
6088,4.39,4.07
6090,4.39,4.07
6091,4.39,4.08
6092,4.39,4.07
6093,4.39,4.07
6094,4.39,4.08
6095,4.39,4.07
6096,4.39,4.08
6097,4.39,4.07
6099,4.39,4.07
6100,4.39,4.07
6102,4.40,4.07
6103,4.40,4.07
6104,4.40,4.07
6105,4.40,4.07
6106,4.40,4.07
6107,4.40,4.07
6108,4.40,4.07
6110,4.40,4.07
6111,4.40,4.07
6112,4.39,4.07
6113,4.39,4.07
6114,4.39,4.07
6115,4.39,4.07
6116,4.39,4.07
6117,4.40,4.07
6119,4.40,4.07
6120,4.39,4.07
6121,4.40,4.07
6122,4.40,4.07
6123,4.40,4.07
6124,4.40,4.07
6125,4.40,4.07
6126,4.40,4.07
6128,4.40,4.07
6129,4.40,4.07
6130,4.40,4.07
6131,4.40,4.07
6132,4.40,4.07
6133,4.40,4.08
6134,4.40,4.08
6135,4.40,4.08
6136,4.40,4.08
6138,4.40,4.08
6139,4.40,4.08
6140,4.40,4.08
6141,4.40,4.08
6142,4.40,4.08
6144,4.40,4.08
6145,4.40,4.07
6146,4.40,4.07
6148,4.40,4.07
6149,4.40,4.07
6150,4.40,4.07
6151,4.40,4.08
6152,4.40,4.08
6153,4.40,4.08
6154,4.40,4.08
6155,4.40,4.08
6157,4.40,4.08
6158,4.40,4.07
6159,4.40,4.07
6160,4.40,4.08
6161,4.40,4.08
6162,4.40,4.08
6163,4.39,4.07
6164,4.40,4.07
6166,4.39,4.07
6167,4.39,4.07
6168,4.39,4.07
6169,4.39,4.07
6170,4.39,4.07
6171,4.39,4.07
6172,4.39,4.07
6173,4.39,4.07
6175,4.39,4.08
6176,4.39,4.07
6177,4.39,4.08
6178,4.39,4.08
6179,4.40,4.08
6180,4.40,4.07
6181,4.40,4.07
6182,4.40,4.07
6184,4.40,4.07
6185,4.40,4.07
6187,4.40,4.07
6188,4.40,4.07
6189,4.40,4.07
6190,4.40,4.07
6191,4.40,4.07
6192,4.40,4.07
6193,4.40,4.07
6195,4.40,4.08
6196,4.39,4.08
6197,4.39,4.07
6198,4.39,4.08
6199,4.39,4.08
6200,4.39,4.07
6201,4.39,4.07
6202,4.39,4.07
6204,4.39,4.07
6205,4.39,4.08
6206,4.40,4.08
6207,4.40,4.08
6208,4.39,4.08
6209,4.39,4.08
6210,4.39,4.08
6211,4.39,4.08
6213,4.39,4.07
6214,4.39,4.07
6215,4.39,4.07
6216,4.39,4.07
6217,4.39,4.07
6218,4.39,4.07
6219,4.39,4.07
6221,4.39,4.07
6222,4.39,4.07
6223,4.39,4.07
6224,4.39,4.07
6225,4.39,4.07
6226,4.39,4.07
6227,4.39,4.07
6228,4.40,4.07
6231,4.40,4.08
6232,4.39,4.08
6233,4.39,4.08
6234,4.40,4.08
6235,4.40,4.08
6236,4.40,4.08
6237,4.40,4.08
6238,4.40,4.08
6240,4.40,4.08
6241,4.40,4.07
6242,4.40,4.08
6243,4.40,4.08
6244,4.40,4.08
6245,4.40,4.08
6246,4.40,4.07
6247,4.40,4.08
6249,4.40,4.07
6250,4.40,4.08
6251,4.40,4.08
6252,4.40,4.08
6253,4.40,4.08
6254,4.40,4.08
6255,4.40,4.08
6256,4.39,4.08
6258,4.40,4.08
6259,4.39,4.08
6260,4.39,4.08
6261,4.39,4.08
6262,4.39,4.08
6263,4.39,4.08
6264,4.39,4.08
6265,4.39,4.08
6267,4.39,4.08
6268,4.39,4.08
6269,4.39,4.08
6270,4.39,4.08
6272,4.39,4.08
6273,4.39,4.08
6274,4.39,4.08
6275,4.39,4.08
6277,4.39,4.07
6278,4.39,4.07
6279,4.39,4.07
6280,4.39,4.07
6281,4.39,4.07
6282,4.39,4.07
6283,4.39,4.08
6285,4.39,4.07
6286,4.39,4.07
6287,4.39,4.07
6288,4.39,4.07
6289,4.39,4.07
6290,4.39,4.07
6291,4.39,4.07
6292,4.39,4.07
6294,4.39,4.07
6295,4.39,4.07
6296,4.39,4.08
6297,4.39,4.08
6298,4.39,4.08
6299,4.39,4.08
6300,4.39,4.08
6301,4.39,4.08
6303,4.39,4.08
6304,4.39,4.08
6305,4.39,4.08
6306,4.39,4.08
6307,4.39,4.08
6308,4.39,4.08
6309,4.39,4.08
6310,4.39,4.08
6312,4.39,4.08
6313,4.39,4.08
6315,4.39,4.08
6316,4.39,4.08
6317,4.39,4.08
6318,4.39,4.08
6319,4.39,4.08
6320,4.39,4.08
6322,4.39,4.08
6323,4.39,4.08
6324,4.39,4.08
6325,4.39,4.08
6326,4.39,4.08
6327,4.39,4.08
6328,4.39,4.08
6330,4.39,4.08
6331,4.39,4.08
6332,4.39,4.08
6333,4.39,4.08
6334,4.39,4.08
6335,4.39,4.08
6336,4.39,4.08
6337,4.39,4.08
6339,4.39,4.08
6340,4.39,4.08
6341,4.39,4.08
6342,4.39,4.08
6343,4.39,4.08
6344,4.39,4.08
6345,4.39,4.08
6346,4.39,4.08
6348,4.39,4.08
6349,4.39,4.08
6350,4.39,4.08
6351,4.39,4.08
6352,4.39,4.08
6353,4.39,4.08
6354,4.39,4.08
6355,4.39,4.08
6356,4.39,4.08
6359,4.39,4.08
6360,4.39,4.08
6361,4.39,4.08
6362,4.39,4.08
6363,4.39,4.08
6364,4.39,4.08
6365,4.39,4.08
6366,4.39,4.08
6368,4.39,4.08
6369,4.39,4.08
6370,4.39,4.08
6371,4.39,4.08
6372,4.39,4.08
6373,4.39,4.08
6374,4.39,4.08
6375,4.39,4.08
6377,4.39,4.08
6378,4.39,4.08
6379,4.39,4.08
6380,4.39,4.08
6381,4.39,4.08
6382,4.39,4.08
6383,4.39,4.08
6384,4.39,4.08
6385,4.39,4.08
6387,4.39,4.08
6388,4.39,4.08
6389,4.39,4.08
6390,4.39,4.08
6391,4.39,4.08
6392,4.39,4.08
6393,4.39,4.08
6394,4.39,4.08
6396,4.39,4.08
6397,4.39,4.08
6398,4.39,4.08
6400,4.39,4.08
6401,4.39,4.08
6402,4.39,4.08
6403,4.39,4.08
6404,4.39,4.08
6406,4.39,4.08
6407,4.39,4.08
6408,4.39,4.08
6409,4.39,4.08
6410,4.39,4.08
6411,4.39,4.08
6412,4.39,4.08
6413,4.39,4.08
6414,4.39,4.08
6416,4.39,4.08
6417,4.39,4.08
6418,4.39,4.08
6419,4.39,4.08
6420,4.39,4.08
6421,4.39,4.08
6422,4.39,4.08
6424,4.39,4.08
6425,4.39,4.08
6426,4.39,4.08
6427,4.39,4.08
6428,4.39,4.08
6429,4.39,4.08
6430,4.39,4.08
6431,4.39,4.08
6433,4.39,4.08
6434,4.39,4.08
6435,4.39,4.08
6436,4.39,4.08
6437,4.39,4.08
6438,4.39,4.08
6439,4.39,4.08
6440,4.39,4.08
6443,4.39,4.08
6444,4.39,4.08
6445,4.39,4.08
6446,4.39,4.08
6447,4.39,4.08
6448,4.39,4.08
6449,4.39,4.08
6450,4.39,4.08
6452,4.39,4.08
6453,4.39,4.08
6454,4.39,4.08
6455,4.39,4.08
6456,4.39,4.08
6457,4.39,4.08
6458,4.39,4.08
6459,4.39,4.08
6461,4.39,4.08
6462,4.39,4.08
6463,4.39,4.08
6464,4.39,4.08
6465,4.39,4.08
6466,4.39,4.08
6467,4.39,4.08
6468,4.39,4.08
6470,4.39,4.08
6471,4.39,4.08
6472,4.39,4.08
6473,4.39,4.08
6474,4.39,4.08
6475,4.39,4.08
6476,4.39,4.08
6477,4.39,4.08
6479,4.39,4.08
6480,4.39,4.08
6481,4.39,4.08
6482,4.39,4.08
6483,4.39,4.08
6484,4.39,4.08
6486,4.39,4.08
6487,4.39,4.08
6488,4.39,4.08
6490,4.39,4.08
6491,4.39,4.08
6492,4.39,4.08
6493,4.39,4.08
6494,4.39,4.08
6495,4.39,4.08
6496,4.39,4.08
6497,4.39,4.08
6499,4.39,4.08
6500,4.39,4.08
6501,4.39,4.08
6502,4.39,4.08
6503,4.39,4.08
6504,4.39,4.08
6505,4.39,4.08
6506,4.39,4.08
6508,4.39,4.09
6509,4.39,4.08
6510,4.39,4.08
6511,4.39,4.08
6512,4.39,4.09
6513,4.39,4.08
6514,4.39,4.08
6515,4.39,4.08
6516,4.39,4.09
6518,4.39,4.08
6519,4.39,4.09
6520,4.39,4.09
6521,4.39,4.08
6522,4.39,4.08
6523,4.39,4.08
6524,4.39,4.08
6525,4.39,4.08
6528,4.39,4.08
6529,4.39,4.08
6530,4.39,4.08
6531,4.39,4.08
6532,4.39,4.08
6533,4.39,4.08
6534,4.39,4.08
6535,4.39,4.08
6537,4.39,4.08
6538,4.39,4.08
6539,4.39,4.08
6540,4.39,4.08
6541,4.39,4.08
6542,4.39,4.08
6543,4.39,4.08
6544,4.39,4.08
6545,4.39,4.08
6547,4.39,4.08
6548,4.39,4.08
6549,4.39,4.08
6550,4.39,4.08
6551,4.39,4.08
6552,4.39,4.08
6553,4.39,4.08
6554,4.39,4.08
6556,4.39,4.08
6557,4.39,4.08
6558,4.39,4.08
6559,4.39,4.09
6560,4.39,4.08
6561,4.39,4.09
6562,4.39,4.09
6563,4.39,4.09
6565,4.39,4.09
6566,4.39,4.09
6567,4.39,4.09
6568,4.39,4.09
6569,4.39,4.09
6571,4.39,4.09
6572,4.39,4.09
6573,4.39,4.09
6575,4.39,4.09
6576,4.39,4.09
6577,4.39,4.09
6578,4.39,4.09
6579,4.39,4.09
6580,4.39,4.09
6581,4.39,4.09
6582,4.39,4.09
6584,4.39,4.09
6585,4.39,4.09
6586,4.39,4.09
6587,4.39,4.09
6588,4.39,4.09
6589,4.39,4.09
6590,4.39,4.09
6591,4.39,4.09
6592,4.39,4.09
6594,4.39,4.09
6595,4.39,4.09
6596,4.39,4.10
6597,4.39,4.10
6598,4.39,4.09
6599,4.39,4.10
6600,4.39,4.10
6601,4.39,4.10
6603,4.39,4.10
6604,4.39,4.10
6605,4.39,4.10
6606,4.39,4.10
6607,4.39,4.10
6608,4.39,4.10
6609,4.39,4.10
6610,4.39,4.10
6612,4.39,4.10
6614,4.39,4.10
6615,4.39,4.10
6616,4.39,4.10
6617,4.39,4.10
6618,4.39,4.10
6619,4.39,4.10
6620,4.39,4.10
6622,4.39,4.10
6623,4.39,4.10
6624,4.39,4.10
6625,4.39,4.10
6626,4.39,4.10
6627,4.39,4.10
6628,4.39,4.10
6629,4.39,4.10
6631,4.39,4.10
6632,4.39,4.10
6633,4.39,4.10
6634,4.39,4.10
6635,4.39,4.10
6636,4.39,4.10
6637,4.39,4.10
6638,4.38,4.10
6640,4.39,4.10
6641,4.39,4.10
6642,4.39,4.10
6643,4.39,4.10
6644,4.38,4.10
6645,4.38,4.10
6646,4.39,4.10
6647,4.38,4.10
6649,4.38,4.10
6650,4.39,4.10
6651,4.39,4.10
6652,4.38,4.10
6653,4.38,4.10
6654,4.38,4.10
6656,4.39,4.10
6657,4.38,4.10
6659,4.38,4.10
6660,4.38,4.10
6661,4.38,4.10
6662,4.38,4.10
6663,4.38,4.10
6664,4.38,4.10
6665,4.38,4.10
6666,4.38,4.10
6668,4.38,4.10
6669,4.38,4.10
6670,4.39,4.10
6671,4.38,4.10
6672,4.38,4.10
6673,4.39,4.10
6674,4.38,4.10
6675,4.38,4.10
6677,4.38,4.10
6678,4.39,4.10
6679,4.38,4.10
6680,4.39,4.10
6681,4.39,4.10
6682,4.38,4.10
6683,4.38,4.10
6684,4.38,4.10
6686,4.38,4.11
6687,4.38,4.11
6688,4.38,4.10
6689,4.39,4.10
6690,4.38,4.10
6691,4.39,4.11
6692,4.38,4.11
6693,4.38,4.11
6695,4.38,4.11
6696,4.38,4.11
6697,4.38,4.11
6699,4.38,4.11
6700,4.38,4.11
6701,4.38,4.11
6702,4.38,4.11
6703,4.39,4.11
6705,4.38,4.12
6706,4.38,4.12
6707,4.38,4.12
6708,4.38,4.12
6709,4.38,4.12
6710,4.38,4.12
6711,4.38,4.12
6713,4.38,4.12
6714,4.38,4.12
6715,4.38,4.13
6716,4.38,4.13
6717,4.38,4.13
6718,4.38,4.13
6719,4.38,4.13
6721,4.38,4.13
6722,4.38,4.13
6723,4.38,4.13
6724,4.38,4.13
6725,4.38,4.13
6726,4.38,4.13
6727,4.38,4.13
6728,4.38,4.13
6730,4.38,4.13
6731,4.38,4.13
6732,4.38,4.13
6733,4.38,4.14
6734,4.38,4.14
6735,4.38,4.14
6736,4.38,4.14
6737,4.38,4.14
6739,4.38,4.14
6740,4.38,4.14
6742,4.38,4.15
6743,4.38,4.15
6744,4.38,4.15
6745,4.38,4.15
6746,4.38,4.15
6747,4.38,4.15
6749,4.38,4.15
6750,4.38,4.15
6751,4.38,4.15
6752,4.38,4.15
6753,4.38,4.15
6754,4.38,4.16
6755,4.38,4.16
6756,4.38,4.16
6758,4.38,4.16
6759,4.38,4.16
6760,4.38,4.16
6761,4.38,4.16
6762,4.38,4.16
6763,4.38,4.16
6764,4.38,4.17
6765,4.38,4.17
6767,4.38,4.17
6768,4.38,4.17
6769,4.38,4.17
6770,4.38,4.17
6771,4.38,4.17
6772,4.38,4.17
6773,4.38,4.18
6774,4.38,4.18
6776,4.38,4.18
6777,4.38,4.18
6778,4.38,4.18
6779,4.38,4.18
6780,4.38,4.18
6781,4.38,4.18
6782,4.38,4.18
6784,4.38,4.18
6786,4.38,4.19
6787,4.38,4.19
6788,4.38,4.19
6789,4.38,4.19
6790,4.38,4.19
6791,4.38,4.20
6792,4.38,4.20
6793,4.38,4.20
6795,4.38,4.20
6796,4.38,4.20
6797,4.38,4.20
6798,4.38,4.21
6799,4.38,4.21
6800,4.38,4.21
6801,4.38,4.21
6802,4.38,4.21
6804,4.38,4.21
6805,4.38,4.22
6806,4.38,4.22
6807,4.38,4.22
6808,4.38,4.22
6809,4.38,4.22
6810,4.38,4.22
6811,4.38,4.22
6813,4.38,4.22
6814,4.38,4.22
6815,4.38,4.23
6816,4.38,4.23
6817,4.38,4.23
6818,4.38,4.23
6819,4.38,4.23
6820,4.38,4.23
6822,4.38,4.23
6823,4.38,4.23
6824,4.38,4.24
6825,4.38,4.24
6827,4.38,4.24
6828,4.37,4.24
6829,4.38,4.24
6830,4.38,4.24
6832,4.38,4.24
6833,4.38,4.24
6834,4.38,4.24
6835,4.38,4.24
6836,4.38,4.24
6837,4.38,4.24
6838,4.38,4.24
6839,4.37,4.25
6841,4.38,4.25
6842,4.37,4.25
6843,4.37,4.25
6844,4.37,4.25
6845,4.37,4.25
6846,4.37,4.25
6847,4.37,4.25
6848,4.37,4.25
6850,4.37,4.25
6851,4.37,4.25
6852,4.37,4.26
6853,4.37,4.26
6854,4.37,4.26
6855,4.37,4.26
6856,4.37,4.26
6858,4.37,4.26
6859,4.37,4.26
6860,4.37,4.26
6861,4.37,4.26
6862,4.37,4.27
6863,4.37,4.27
6864,4.37,4.27
6865,4.37,4.27
6867,4.37,4.27
6868,4.37,4.27
6870,4.37,4.27
6871,4.37,4.28
6872,4.38,4.28
6873,4.38,4.28
6874,4.38,4.28
6875,4.38,4.28
6877,4.38,4.28
6878,4.38,4.28
6879,4.38,4.28
6880,4.37,4.28
6881,4.38,4.29
6882,4.37,4.29
6883,4.37,4.29
6885,4.37,4.29
6886,4.38,4.29
6887,4.38,4.29
6888,4.38,4.29
6889,4.37,4.30
6890,4.37,4.30
6891,4.38,4.30
6892,4.38,4.30
6894,4.37,4.30
6895,4.38,4.31
6896,4.38,4.31
6897,4.38,4.31
6898,4.37,4.31
6899,4.37,4.31
6900,4.37,4.31
6901,4.38,4.32
6903,4.38,4.32
6904,4.38,4.32
6905,4.38,4.32
6906,4.38,4.33
6907,4.38,4.33
6908,4.38,4.33
6909,4.38,4.33
6912,4.38,4.34
6913,4.38,4.34
6914,4.38,4.34
6915,4.38,4.34
6916,4.38,4.35
6917,4.38,4.35
6918,4.38,4.35
6919,4.38,4.35
6921,4.38,4.36
6922,4.38,4.36
6923,4.38,4.37
6924,4.38,4.37
6925,4.38,4.37
6926,4.38,4.38
6927,4.38,4.38
6928,4.38,4.39
6930,4.38,4.39
6931,4.38,4.39
6932,4.38,4.40
6933,4.38,4.40
6934,4.38,4.41
6935,4.38,4.41
6936,4.38,4.42
6937,4.38,4.43
6939,4.38,4.43
6940,4.38,4.44
6941,4.38,4.44
6942,4.38,4.45
6943,4.38,4.45
6944,4.38,4.46
6945,4.38,4.46
6946,4.38,4.47
6948,4.38,4.47
6949,4.38,4.48
6950,4.38,4.49
6951,4.38,4.49
6952,4.38,4.50
6953,4.38,4.51
6955,4.38,4.51
6956,4.38,4.52
6958,4.38,4.53
6959,4.38,4.53
6960,4.38,4.54
6961,4.38,4.55
6962,4.38,4.55
6963,4.38,4.56
6964,4.38,4.56
6966,4.38,4.57
6967,4.38,4.57
6968,4.38,4.58
6969,4.38,4.59
6970,4.38,4.59
6971,4.38,4.60
6972,4.38,4.61
6973,4.38,4.62
6975,4.38,4.63
6976,4.38,4.64
6977,4.38,4.65
6978,4.38,4.66
6979,4.38,4.67
6980,4.38,4.68
6981,4.38,4.69
6982,4.38,4.70
6984,4.39,4.71
6985,4.38,4.73
6986,4.39,4.74
6987,4.39,4.75
6988,4.39,4.76
6989,4.39,4.77
6990,4.39,4.77
6991,4.39,4.78
6993,4.39,4.78
6994,4.38,4.79
6995,4.39,4.80
6996,4.39,4.81
6998,4.38,4.81
6999,4.39,4.82
7000,4.38,4.82
7001,4.38,4.83
7003,4.38,4.83
7004,4.39,4.84
7005,4.38,4.84
7006,4.38,4.85
7007,4.38,4.85
7008,4.38,4.86
7009,4.38,4.86
7010,4.38,4.86
7012,4.38,4.87
7013,4.38,4.87
7014,4.38,4.88
7015,4.38,4.88
7016,4.38,4.88
7017,4.38,4.88
7018,4.38,4.89
7019,4.38,4.89
7021,4.38,4.89
7022,4.38,4.90
7023,4.38,4.90
7024,4.38,4.90
7025,4.38,4.90
7026,4.38,4.91
7027,4.38,4.91
7028,4.38,4.91
7030,4.38,4.91
7031,4.38,4.91
7032,4.38,4.92
7033,4.38,4.92
7034,4.38,4.92
7035,4.38,4.92
7036,4.38,4.92
7037,4.38,4.92
7040,4.38,4.93
7041,4.38,4.93
7042,4.38,4.93
7043,4.38,4.93
7044,4.37,4.93
7045,4.37,4.93
7046,4.38,4.93
7047,4.37,4.93
7049,4.37,4.94
7050,4.37,4.94
7051,4.37,4.94
7052,4.37,4.94
7053,4.37,4.94
7054,4.37,4.94
7055,4.37,4.94
7057,4.38,4.94
7058,4.38,4.94
7059,4.38,4.94
7060,4.38,4.95
7061,4.37,4.95
7062,4.37,4.95
7063,4.37,4.95
7064,4.37,4.95
7066,4.37,4.95
7067,4.37,4.95
7068,4.37,4.95
7069,4.37,4.95
7070,4.37,4.95
7071,4.37,4.95
7072,4.38,4.95
7073,4.37,4.95
7075,4.37,4.95
7076,4.37,4.96
7077,4.37,4.96
7078,4.37,4.96
7079,4.37,4.96
7080,4.37,4.96
7081,4.37,4.96
7083,4.37,4.96
7085,4.37,4.96
7086,4.37,4.96
7087,4.37,4.96
7088,4.37,4.96
7089,4.37,4.96
7090,4.37,4.96
7091,4.37,4.96
7093,4.37,4.96
7094,4.38,4.96
7095,4.38,4.96
7096,4.38,4.96
7097,4.37,4.96
7098,4.37,4.96
7099,4.37,4.96
7100,4.38,4.97
7102,4.38,4.96
7103,4.38,4.97
7104,4.37,4.96
7105,4.37,4.96
7106,4.37,4.97
7107,4.37,4.96
7108,4.37,4.97
7109,4.37,4.97
7111,4.37,4.97
7112,4.37,4.97
7113,4.37,4.97
7114,4.37,4.97
7115,4.37,4.97
7116,4.37,4.97
7117,4.37,4.97
7118,4.37,4.97
7120,4.37,4.97
7121,4.37,4.97
7122,4.37,4.97
7123,4.37,4.97
7124,4.37,4.97
7126,4.37,4.97
7127,4.37,4.97
7129,4.37,4.97
7130,4.37,4.97
7131,4.37,4.97
7132,4.37,4.97
7133,4.37,4.97
7134,4.37,4.97
7135,4.37,4.97
7136,4.37,4.97
7138,4.37,4.97
7139,4.37,4.97
7140,4.37,4.97
7141,4.37,4.97
7142,4.37,4.97
7143,4.37,4.97
7144,4.37,4.97
7146,4.37,4.97
7147,4.37,4.97
7148,4.37,4.97
7149,4.37,4.97
7150,4.37,4.97
7151,4.37,4.97
7152,4.37,4.97
7153,4.37,4.97
7155,4.37,4.97
7156,4.37,4.97
7157,4.37,4.97
7158,4.37,4.97
7159,4.37,4.97
7160,4.37,4.97
7161,4.37,4.97
7163,4.37,4.97
7164,4.37,4.97
7165,4.37,4.97
7166,4.37,4.97
7168,4.37,4.97
7169,4.37,4.97
7170,4.37,4.97
7171,4.37,4.97
7173,4.37,4.97
7174,4.37,4.97
7175,4.37,4.97
7176,4.37,4.97
7177,4.37,4.97
7178,4.37,4.97
7179,4.37,4.97
7180,4.37,4.97
7182,4.37,4.97
7183,4.37,4.97
7184,4.37,4.97
7185,4.37,4.97
7186,4.37,4.97
7187,4.37,4.97
7188,4.37,4.97
7190,4.37,4.97
7191,4.37,4.97
7192,4.37,4.97
7193,4.37,4.97
7194,4.37,4.97
7195,4.37,4.97
7196,4.37,4.97
7197,4.37,4.97
7199,4.37,4.97
7200,4.37,4.97
7201,4.37,4.97
7202,4.37,4.97
7203,4.37,4.97
7204,4.37,4.97
7205,4.37,4.97
7207,4.37,4.97
7208,4.37,4.97
7209,4.37,4.97
7211,4.37,4.97
7212,4.37,4.97
7213,4.37,4.97
7214,4.37,4.97
7215,4.37,4.97
7217,4.37,4.97
7218,4.37,4.97
7219,4.37,4.97
7220,4.37,4.97
7221,4.37,4.97
7222,4.37,4.97
7223,4.37,4.97
7224,4.37,4.97
7226,4.37,4.97
7227,4.37,4.97
7228,4.37,4.97
7229,4.37,4.97
7230,4.37,4.97
7231,4.37,4.97
7232,4.38,4.97
7233,4.37,4.97
7235,4.37,4.97
7236,4.38,4.97
7237,4.37,4.97
7238,4.37,4.97
7239,4.37,4.97
7240,4.37,4.97
7241,4.38,4.97
7242,4.37,4.97
7244,4.37,4.97
7245,4.37,4.97
7246,4.37,4.97
7247,4.37,4.97
7248,4.38,4.97
7249,4.38,4.97
7250,4.38,4.97
7251,4.37,4.97
7254,4.37,4.97
7255,4.37,4.97
7256,4.37,4.97
7257,4.37,4.97
7258,4.37,4.97
7259,4.37,4.97
7260,4.37,4.97
7261,4.37,4.97
7263,4.38,4.97
7264,4.38,4.97
7265,4.38,4.97
7266,4.38,4.97
7267,4.37,4.97
7268,4.38,4.97
7269,4.37,4.97
7271,4.38,4.97
7272,4.38,4.97
7273,4.38,4.97
7274,4.38,4.97
7275,4.38,4.97
7276,4.38,4.97
7277,4.38,4.97
7278,4.38,4.97
7280,4.38,4.97
7281,4.38,4.97
7282,4.38,4.97
7283,4.38,4.97
7284,4.38,4.97
7285,4.38,4.97
7286,4.38,4.97
7287,4.38,4.97
7289,4.38,4.97
7290,4.38,4.97
7291,4.38,4.97
7292,4.38,4.97
7293,4.38,4.97
7294,4.38,4.97
7296,4.38,4.97
7297,4.38,4.97
7299,4.38,4.97
7300,4.38,4.97
7301,4.38,4.97
7302,4.38,4.97
7303,4.38,4.97
7304,4.38,4.97
7305,4.38,4.97
7306,4.38,4.97
7308,4.38,4.97
7309,4.38,4.97
7310,4.38,4.97
7311,4.38,4.97
7312,4.38,4.97
7313,4.38,4.97
7314,4.38,4.97
7315,4.38,4.97
7317,4.38,4.97
7318,4.38,4.97
7319,4.38,4.97
7320,4.38,4.97
7321,4.38,4.97
7322,4.37,4.97
7323,4.38,4.97
7324,4.38,4.97
7326,4.37,4.97
7327,4.37,4.97
7328,4.37,4.97
7329,4.38,4.97
7330,4.38,4.97
7331,4.38,4.97
7332,4.38,4.97
7333,4.38,4.97
7335,4.38,4.97
7336,4.38,4.97
7337,4.38,4.97
7339,4.38,4.97
7340,4.38,4.97
7341,4.38,4.97
7342,4.38,4.97
7343,4.38,4.97
7345,4.38,4.97
7346,4.38,4.97
7347,4.38,4.97
7348,4.38,4.97
7349,4.38,4.97
7350,4.38,4.97
7351,4.38,4.97
7352,4.38,4.97
7354,4.38,4.97
7355,4.38,4.97
7356,4.38,4.97
7357,4.38,4.97
7358,4.38,4.97
7359,4.38,4.97
7360,4.38,4.97
7361,4.38,4.97
7363,4.38,4.97
7364,4.38,4.97
7365,4.38,4.97
7366,4.38,4.97
7367,4.38,4.97
7368,4.38,4.97
7369,4.38,4.97
7370,4.38,4.97
7372,4.38,4.97
7373,4.38,4.97
7374,4.38,4.97
7375,4.38,4.97
7376,4.38,4.97
7377,4.38,4.97
7378,4.38,4.97
7379,4.38,4.97
7382,4.38,4.97
7383,4.38,4.97
7384,4.38,4.97
7385,4.38,4.97
7386,4.38,4.97
7387,4.38,4.97
7388,4.38,4.97
7389,4.38,4.97
7391,4.38,4.97
7392,4.38,4.97
7393,4.38,4.97
7394,4.38,4.97
7395,4.38,4.97
7396,4.38,4.97
7397,4.38,4.97
7398,4.38,4.97
7400,4.38,4.96
7401,4.38,4.96
7402,4.38,4.96
7403,4.38,4.96
7404,4.38,4.96
7405,4.38,4.95
7406,4.38,4.95
7407,4.38,4.95
7409,4.38,4.94
7410,4.38,4.93
7411,4.38,4.93
7412,4.38,4.92
7413,4.38,4.91
7414,4.38,4.90
7415,4.38,4.89
7416,4.38,4.88
7418,4.38,4.87
7419,4.38,4.86
7420,4.38,4.85
7421,4.38,4.84
7422,4.38,4.83
7424,4.38,4.82
7425,4.38,4.80
7426,4.38,4.79
7428,4.38,4.78
7429,4.38,4.77
7430,4.38,4.76
7431,4.38,4.74
7432,4.38,4.73
7433,4.38,4.72
7434,4.38,4.70
7436,4.38,4.69
7437,4.38,4.67
7438,4.38,4.66
7439,4.38,4.64
7440,4.38,4.63
7441,4.38,4.62
7442,4.37,4.60
7443,4.38,4.59
7445,4.37,4.58
7446,4.37,4.57
7447,4.37,4.55
7448,4.37,4.54
7449,4.37,4.53
7450,4.37,4.52
7451,4.37,4.50
7452,4.37,4.49
7454,4.37,4.48
7455,4.37,4.47
7456,4.37,4.45
7457,4.37,4.44
7458,4.37,4.43
7459,4.37,4.42
7460,4.37,4.41
7461,4.36,4.40
7463,4.36,4.39
7464,4.36,4.38
7465,4.36,4.37
7467,4.36,4.36
7468,4.36,4.35
7469,4.36,4.34
7470,4.36,4.34
7471,4.36,4.33
7473,4.36,4.32
7474,4.36,4.31
7475,4.36,4.30
7476,4.36,4.29
7477,4.36,4.28
7478,4.36,4.28
7479,4.36,4.27
7481,4.36,4.26
7482,4.36,4.25
7483,4.36,4.25
7484,4.36,4.24
7485,4.36,4.24
7486,4.36,4.23
7487,4.36,4.22
7488,4.36,4.22
7490,4.36,4.21
7491,4.36,4.21
7492,4.36,4.20
7493,4.36,4.20
7494,4.36,4.19
7495,4.36,4.19
7496,4.36,4.18
7497,4.37,4.18
7499,4.36,4.18
7500,4.37,4.17
7501,4.37,4.17
7502,4.37,4.17
7503,4.37,4.16
7504,4.37,4.16
7505,4.37,4.16
7507,4.37,4.16
7508,4.37,4.15
7510,4.37,4.15
7511,4.37,4.15
7512,4.37,4.14
7513,4.37,4.14
7514,4.37,4.14
7515,4.37,4.14
7517,4.37,4.14
7518,4.37,4.13
7519,4.37,4.13
7520,4.37,4.13
7521,4.37,4.13
7522,4.37,4.13
7523,4.37,4.13
7524,4.37,4.13
7526,4.37,4.13
7527,4.37,4.13
7528,4.37,4.13
7529,4.37,4.13
7530,4.37,4.13
7531,4.38,4.13
7532,4.38,4.13
7534,4.38,4.12
7535,4.38,4.12
7536,4.38,4.12
7537,4.38,4.12
7538,4.38,4.12
7539,4.38,4.12
7540,4.38,4.12
7542,4.38,4.12
7543,4.38,4.12
7544,4.38,4.12
7545,4.38,4.12
7546,4.38,4.12
7547,4.38,4.12
7548,4.38,4.12
7549,4.38,4.12
7552,4.38,4.12
7553,4.38,4.12
7554,4.38,4.12
7555,4.38,4.12
7556,4.38,4.12
7557,4.38,4.12
7558,4.38,4.12
7560,4.38,4.12
7561,4.38,4.12
7562,4.38,4.12
7563,4.38,4.12
7564,4.38,4.12
7565,4.38,4.11
7566,4.38,4.11
7568,4.38,4.11
7569,4.38,4.11
7570,4.38,4.11
7571,4.38,4.11
7572,4.38,4.11
7573,4.38,4.11
7574,4.38,4.11
7575,4.38,4.11
7577,4.38,4.11
7578,4.38,4.11
7579,4.38,4.11
7580,4.38,4.11
7581,4.38,4.11
7582,4.39,4.11
7583,4.39,4.11
7585,4.38,4.11
7586,4.38,4.11
7587,4.39,4.11
7588,4.39,4.11
7589,4.38,4.11
7590,4.38,4.11
7591,4.38,4.11
7592,4.39,4.11
7595,4.38,4.11
7596,4.38,4.11
7597,4.39,4.11
7598,4.38,4.11
7599,4.38,4.11
7600,4.38,4.11
7601,4.39,4.11
7603,4.38,4.11
7604,4.39,4.11
7605,4.39,4.11
7606,4.38,4.11
7607,4.38,4.11
7608,4.39,4.11
7609,4.39,4.11
7611,4.39,4.11
7612,4.39,4.11
7613,4.38,4.11
7614,4.39,4.11
7615,4.39,4.11
7616,4.39,4.11
7617,4.39,4.11
7619,4.39,4.11
7620,4.39,4.11
7621,4.39,4.11
7622,4.39,4.11
7623,4.39,4.11
7624,4.39,4.11
7625,4.39,4.11
7627,4.39,4.11
7628,4.39,4.11
7629,4.39,4.11
7630,4.39,4.11
7631,4.39,4.11
7632,4.39,4.10
7633,4.39,4.10
7634,4.39,4.11
7636,4.39,4.11
7638,4.39,4.11
7639,4.39,4.11
7640,4.39,4.11
7641,4.39,4.11
7642,4.39,4.11
7643,4.39,4.11
7645,4.39,4.11
7646,4.39,4.11
7647,4.39,4.11
7648,4.39,4.11
7649,4.39,4.11
7650,4.39,4.11
7651,4.39,4.11
7653,4.39,4.11
7654,4.39,4.11
7655,4.39,4.11
7656,4.39,4.10
7657,4.39,4.10
7658,4.39,4.11
7659,4.39,4.10
7660,4.39,4.11
7662,4.39,4.10
7663,4.39,4.10
7664,4.39,4.11
7665,4.39,4.10
7666,4.39,4.10
7667,4.39,4.11
7668,4.39,4.10
7670,4.39,4.10
7671,4.39,4.11
7672,4.39,4.11
7673,4.39,4.10
7674,4.39,4.11
7675,4.39,4.10
7676,4.39,4.10
7677,4.39,4.10
7680,4.39,4.10
7681,4.39,4.10
7682,4.39,4.10
7683,4.39,4.10
7684,4.39,4.10
7685,4.39,4.10
7686,4.39,4.10
7687,4.39,4.10
7689,4.39,4.10
7690,4.39,4.10
7691,4.39,4.10
7692,4.39,4.10
7693,4.39,4.10
7694,4.39,4.10
7695,4.39,4.10
7696,4.39,4.10
7698,4.39,4.10
7699,4.39,4.10
7700,4.39,4.10
7701,4.39,4.10
7702,4.39,4.10
7703,4.39,4.10
7704,4.39,4.10
7705,4.39,4.10
7707,4.39,4.10
7708,4.39,4.10
7709,4.39,4.10
7710,4.39,4.10
7711,4.39,4.10
7712,4.39,4.10
7713,4.39,4.10
7714,4.39,4.10
7716,4.39,4.10
7717,4.39,4.10
7718,4.39,4.10
7719,4.39,4.10
7720,4.39,4.10
7721,4.39,4.10
7723,4.39,4.10
7724,4.39,4.10
7726,4.39,4.10
7727,4.39,4.10
7728,4.39,4.10
7729,4.39,4.10
7730,4.39,4.10
7731,4.39,4.10
7732,4.39,4.10
7733,4.39,4.10
7735,4.39,4.10
7736,4.39,4.10
7737,4.39,4.10
7738,4.40,4.10
7739,4.39,4.10
7740,4.39,4.10
7741,4.39,4.10
7742,4.39,4.10
7744,4.39,4.10
7745,4.39,4.10
7746,4.39,4.10
7747,4.39,4.10
7748,4.40,4.10
7749,4.39,4.10
7750,4.39,4.10
7751,4.39,4.10
7753,4.39,4.10
7754,4.39,4.10
7755,4.39,4.10
7756,4.39,4.10
7757,4.39,4.10
7758,4.39,4.10
7759,4.39,4.10
7760,4.39,4.10
7762,4.39,4.10
7763,4.39,4.10
7764,4.40,4.10
7766,4.39,4.10
7767,4.39,4.10
7768,4.39,4.11
7769,4.39,4.10
7770,4.39,4.11
7772,4.39,4.10
7773,4.40,4.11
7774,4.39,4.11
7775,4.39,4.11
7776,4.39,4.11
7777,4.39,4.11
7778,4.39,4.11
7780,4.39,4.11
7781,4.39,4.11
7782,4.39,4.11
7783,4.39,4.11
7784,4.39,4.11
7785,4.39,4.11
7786,4.39,4.11
7787,4.39,4.11
7789,4.39,4.11
7790,4.39,4.11
7791,4.39,4.11
7792,4.39,4.11
7793,4.39,4.11
7794,4.39,4.11
7795,4.39,4.11
7797,4.39,4.11
7798,4.39,4.11
7799,4.40,4.11
7800,4.39,4.11
7801,4.40,4.11
7802,4.40,4.11
7803,4.40,4.11
7805,4.39,4.11
7806,4.40,4.11
7808,4.40,4.11
7809,4.40,4.11
7810,4.40,4.11
7811,4.40,4.11
7812,4.39,4.11
7813,4.39,4.11
7815,4.39,4.11
7816,4.40,4.11
7817,4.40,4.11
7818,4.40,4.11
7819,4.40,4.11
7820,4.39,4.11
7821,4.39,4.11
7822,4.39,4.11
7824,4.39,4.11
7825,4.39,4.11
7826,4.39,4.11
7827,4.39,4.11
7828,4.40,4.11
7829,4.40,4.11
7830,4.40,4.11
7831,4.39,4.12
7833,4.39,4.12
7834,4.39,4.11
7835,4.39,4.11
7836,4.39,4.12
7837,4.39,4.12
7838,4.39,4.12
7839,4.39,4.12
7841,4.39,4.12
7842,4.39,4.12
7843,4.39,4.12
7844,4.39,4.12
7845,4.39,4.12
7846,4.40,4.12
7847,4.39,4.12
7849,4.39,4.12
7851,4.39,4.12
7852,4.39,4.12
7853,4.39,4.12
7854,4.39,4.12
7855,4.40,4.12
7856,4.39,4.12
7858,4.40,4.12
7859,4.40,4.12
7860,4.40,4.12
7861,4.40,4.12
7862,4.40,4.12
7863,4.40,4.12
7864,4.40,4.12
7865,4.40,4.12
7867,4.40,4.12
7868,4.40,4.12
7869,4.40,4.12
7870,4.40,4.12
7871,4.40,4.12
7872,4.40,4.12
7873,4.40,4.12
7874,4.40,4.12
7876,4.40,4.12
7877,4.40,4.12
7878,4.40,4.12
7879,4.40,4.12
7880,4.40,4.12
7881,4.40,4.12
7882,4.40,4.13
7883,4.40,4.12
7885,4.40,4.13
7886,4.40,4.13
7887,4.40,4.13
7888,4.40,4.13
7889,4.40,4.12
7890,4.40,4.13
7891,4.40,4.13
7892,4.40,4.13
7895,4.40,4.13
7896,4.40,4.13
7897,4.40,4.13
7898,4.40,4.13
7899,4.40,4.13
7900,4.40,4.13
7901,4.40,4.13
7903,4.40,4.13
7904,4.40,4.13
7905,4.40,4.13
7906,4.40,4.13
7907,4.40,4.13
7908,4.40,4.13
7909,4.40,4.13
7910,4.40,4.13
7912,4.40,4.13
7913,4.40,4.13
7914,4.40,4.13
7915,4.40,4.13
7916,4.40,4.13
7917,4.40,4.13
7918,4.40,4.13
7919,4.40,4.13
7921,4.40,4.13
7922,4.40,4.13
7923,4.40,4.13
7924,4.40,4.13
7925,4.40,4.13
7926,4.40,4.13
7927,4.40,4.13
7928,4.40,4.13
7930,4.40,4.13
7931,4.40,4.13
7932,4.40,4.13
7933,4.40,4.13
7934,4.40,4.13
7936,4.40,4.13
7937,4.40,4.13
7938,4.40,4.13
7940,4.40,4.13
7941,4.40,4.13
7942,4.40,4.13
7943,4.40,4.13
7944,4.40,4.13
7945,4.40,4.13
7946,4.40,4.13
7947,4.40,4.13
7949,4.40,4.13
7950,4.40,4.13
7951,4.40,4.13
7952,4.40,4.13
7953,4.40,4.14
7954,4.40,4.13
7955,4.40,4.13
7956,4.40,4.14
7958,4.40,4.13
7959,4.40,4.13
7960,4.40,4.14
7961,4.40,4.14
7962,4.40,4.14
7963,4.40,4.13
7964,4.40,4.14
7965,4.40,4.14
7967,4.40,4.14
7968,4.40,4.14
7969,4.40,4.14
7970,4.40,4.14
7971,4.40,4.14
7972,4.40,4.14
7973,4.40,4.14
7974,4.40,4.14
7976,4.40,4.14
7977,4.40,4.14
7979,4.40,4.14
7980,4.40,4.14
7981,4.40,4.14
7982,4.40,4.14
7983,4.40,4.14
7984,4.40,4.14
7986,4.40,4.14
7987,4.40,4.14
7988,4.40,4.14
7989,4.40,4.14
7990,4.40,4.14
7991,4.40,4.14
7992,4.40,4.14
7993,4.40,4.14
7995,4.40,4.14
7996,4.40,4.14
7997,4.40,4.14
7998,4.40,4.14
7999,4.40,4.14
8000,4.40,4.14
8001,4.40,4.14
8002,4.40,4.14
8004,4.40,4.14
8005,4.40,4.14
8006,4.40,4.14
8007,4.40,4.14
8008,4.40,4.14
8009,4.40,4.14
8010,4.40,4.14
8011,4.40,4.14
8013,4.40,4.14
8014,4.40,4.14
8015,4.40,4.14
8016,4.40,4.14
8017,4.40,4.14
8018,4.40,4.14
8019,4.40,4.15
8020,4.40,4.15
8023,4.40,4.15
8024,4.40,4.15
8025,4.40,4.15
8026,4.40,4.15
8027,4.40,4.15
8028,4.40,4.15
8029,4.40,4.15
8030,4.40,4.15
8032,4.40,4.15
8033,4.40,4.15
8034,4.40,4.15
8035,4.40,4.15
8036,4.40,4.15
8037,4.40,4.15
8038,4.40,4.15
8039,4.40,4.15
8041,4.40,4.15
8042,4.40,4.15
8043,4.40,4.15
8044,4.40,4.15
8045,4.40,4.15
8046,4.40,4.15
8047,4.40,4.15
8048,4.40,4.15
8050,4.40,4.15
8051,4.40,4.15
8052,4.40,4.15
8053,4.40,4.15
8054,4.40,4.15
8055,4.40,4.15
8056,4.40,4.15
8057,4.40,4.15
8059,4.40,4.15
8060,4.40,4.15
8061,4.40,4.15
8062,4.40,4.15
8064,4.40,4.15
8065,4.40,4.15
8066,4.40,4.16
8067,4.40,4.15
8069,4.40,4.16
8070,4.40,4.15
8071,4.40,4.15
8072,4.40,4.16
8073,4.40,4.16
8074,4.40,4.15
8075,4.40,4.15
8076,4.40,4.16
8078,4.40,4.16
8079,4.40,4.17
8080,4.41,4.17
8081,4.41,4.18
8082,4.41,4.18
8083,4.41,4.18
8084,4.42,4.18
8085,4.42,4.18
8087,4.42,4.18
8088,4.42,4.18
8089,4.42,4.18
8090,4.43,4.19
8091,4.43,4.21
8092,4.45,4.22
8093,4.46,4.23
8094,4.45,4.21
8096,4.42,4.19
8097,4.40,4.17
8098,4.38,4.17
8099,4.37,4.16
8100,4.36,4.15
8101,4.36,4.15
8102,4.35,4.14
8103,4.35,4.14
8105,4.35,4.14
8107,4.35,4.15
8108,4.36,4.16
8109,4.37,4.16
8110,4.38,4.17
8111,4.39,4.17
8112,4.38,4.16
8113,4.36,4.14
8115,4.35,4.13
8116,4.34,4.13
8117,4.33,4.13
8118,4.33,4.13
8119,4.33,4.13
8120,4.33,4.13
8121,4.33,4.13
8123,4.34,4.13
8124,4.35,4.14
8125,4.35,4.15
8126,4.36,4.16
8127,4.37,4.16
8128,4.37,4.15
8129,4.35,4.13
8130,4.33,4.12
8132,4.31,4.11
8133,4.31,4.11
8134,4.30,4.11
8135,4.30,4.11
8136,4.31,4.11
8137,4.31,4.11
8138,4.31,4.12
8140,4.32,4.13
8141,4.33,4.14
8142,4.35,4.16
8143,4.35,4.16
8144,4.35,4.15
8145,4.33,4.13
8146,4.30,4.11
8147,4.28,4.11
8150,4.27,4.10
8151,4.27,4.10
8152,4.27,4.09
8153,4.27,4.09
8154,4.27,4.10
8155,4.28,4.10
8156,4.28,4.10
8157,4.27,4.08
8159,4.25,4.06
8160,4.23,4.05
8161,4.21,4.03
8162,4.17,4.00
8163,4.14,3.98
8164,4.11,3.97
8165,4.10,3.96
8166,4.10,3.96
8168,4.10,3.97
8169,4.10,3.97
8170,4.11,3.98
8171,4.12,3.99
8172,4.12,3.98
8173,4.12,3.97
8174,4.09,3.94
8175,4.07,3.92
8177,4.03,3.90
8178,4.00,3.87
8179,3.96,3.84
8180,3.93,3.82
8181,3.91,3.82
8182,3.91,3.82
8183,3.91,3.83
8184,3.92,3.84
8186,3.94,3.85
8187,3.95,3.87
8188,3.97,3.87
8189,3.97,3.86
8190,3.96,3.84
8192,3.94,3.81
8193,3.91,3.79
8194,3.88,3.76
8196,3.85,3.73
8197,3.82,3.72
8198,3.80,3.71
8199,3.80,3.72
8200,3.81,3.73
8201,3.82,3.74
8202,3.84,3.76
8203,3.86,3.77
8205,3.89,3.79
8206,3.91,3.79
8207,3.91,3.78
8208,3.89,3.76
8209,3.87,3.74
8210,3.85,3.71
8211,3.82,3.69
8212,3.79,3.67
8214,3.78,3.67
8215,3.77,3.67
8216,3.78,3.68
8217,3.80,3.70
8218,3.82,3.71
8219,3.84,3.73
8220,3.87,3.75
8221,3.89,3.76
8223,3.90,3.75
8224,3.90,3.74
8225,3.89,3.72
8226,3.86,3.70
8227,3.84,3.68
8228,3.81,3.66
8229,3.79,3.65
8230,3.78,3.65
8232,3.78,3.66
8233,3.80,3.68
8235,3.82,3.69
8236,3.84,3.71
8237,3.87,3.73
8238,3.90,3.75
8239,3.91,3.75
8240,3.91,3.74
8242,3.90,3.72
8243,3.89,3.71
8244,3.86,3.69
8245,3.84,3.67
8246,3.82,3.65
8247,3.79,3.65
8248,3.79,3.66
8249,3.80,3.67
8251,3.82,3.69
8252,3.84,3.70
8253,3.87,3.72
8254,3.89,3.75
8255,3.92,3.75
8256,3.92,3.75
8257,3.91,3.74
8259,3.90,3.72
8260,3.89,3.71
8261,3.86,3.69
8262,3.83,3.67
8263,3.81,3.66
8264,3.80,3.66
8265,3.80,3.67
8266,3.82,3.68
8268,3.83,3.70
8269,3.86,3.71
8270,3.89,3.74
8271,3.91,3.75
8272,3.92,3.76
8273,3.92,3.75
8274,3.91,3.74
8275,3.90,3.72
8278,3.87,3.70
8279,3.85,3.69
8280,3.82,3.67
8281,3.80,3.67
8282,3.80,3.67
8283,3.81,3.68
8284,3.83,3.69
8285,3.85,3.71
8287,3.87,3.73
8288,3.90,3.75
8289,3.92,3.76
8290,3.93,3.76
8291,3.92,3.74
8292,3.91,3.73
8293,3.88,3.71
8294,3.86,3.69
8296,3.83,3.67
8297,3.81,3.67
8298,3.80,3.67
8299,3.80,3.68
8300,3.82,3.69
8301,3.84,3.70
8302,3.86,3.72
8304,3.89,3.75
8305,3.92,3.76
8306,3.92,3.76
8307,3.92,3.75
8308,3.91,3.73
8309,3.89,3.72
8310,3.87,3.70
8311,3.84,3.68
8313,3.81,3.67
8314,3.80,3.67
8315,3.80,3.67
8316,3.81,3.68
8317,3.83,3.70
8318,3.85,3.71
8320,3.88,3.74
8321,3.91,3.76
8323,3.92,3.76
8324,3.92,3.75
8325,3.91,3.74
8326,3.90,3.73
8327,3.88,3.71
8328,3.85,3.69
8329,3.83,3.67
8330,3.80,3.66
8332,3.80,3.67
8333,3.80,3.68
8334,3.82,3.69
8335,3.84,3.71
8336,3.87,3.73
8337,3.90,3.75
8338,3.92,3.76
8339,3.92,3.76
8341,3.92,3.75
8342,3.91,3.74
8343,3.89,3.72
8344,3.86,3.70
8345,3.84,3.68
8346,3.81,3.67
8347,3.80,3.67
8348,3.80,3.68
8350,3.81,3.69
8351,3.83,3.70
8352,3.86,3.72
8353,3.88,3.74
8354,3.91,3.76
8355,3.92,3.76
8356,3.92,3.76
8357,3.91,3.74
8359,3.90,3.73
8360,3.88,3.71
8361,3.85,3.69
8363,3.82,3.67
8364,3.80,3.67
8365,3.80,3.67
8366,3.81,3.68
8368,3.82,3.70
8369,3.84,3.71
8370,3.87,3.74
8371,3.90,3.76
8372,3.92,3.76
8373,3.92,3.76
8374,3.91,3.75
8375,3.90,3.73
8377,3.88,3.71
8378,3.86,3.70
8379,3.83,3.68
8380,3.80,3.67
8381,3.79,3.67
8382,3.80,3.68
8383,3.81,3.69
8384,3.83,3.70
8386,3.85,3.72
8387,3.88,3.75
8388,3.91,3.76
8389,3.91,3.76
8390,3.91,3.75
8391,3.90,3.74
8392,3.89,3.72
8393,3.86,3.70
8395,3.84,3.69
8396,3.81,3.67
8397,3.79,3.66
8398,3.79,3.67
8399,3.80,3.68
8400,3.82,3.70
8401,3.84,3.71
8402,3.87,3.74
8404,3.89,3.76
8406,3.91,3.76
8407,3.91,3.76
8408,3.91,3.74
8409,3.89,3.73
8410,3.87,3.71
8411,3.85,3.70
8412,3.82,3.67
8414,3.79,3.67
8415,3.79,3.67
8416,3.79,3.68
8417,3.81,3.69
8418,3.83,3.70
8419,3.85,3.73
8420,3.88,3.75
8422,3.91,3.76
8423,3.91,3.76
8424,3.91,3.75
8425,3.90,3.73
8426,3.88,3.72
8427,3.85,3.70
8428,3.82,3.68
8429,3.80,3.66
8431,3.78,3.66
8432,3.78,3.67
8433,3.79,3.68
8434,3.81,3.70
8435,3.84,3.71
8436,3.86,3.74
8437,3.89,3.76
8438,3.91,3.76
8440,3.91,3.75
8441,3.90,3.74
8442,3.88,3.72
8443,3.86,3.70
8444,3.83,3.69
8445,3.80,3.67
8446,3.78,3.66
8448,3.78,3.66
8450,3.78,3.67
8451,3.80,3.69
8452,3.82,3.70
8453,3.85,3.73
8454,3.88,3.75
8455,3.90,3.75
8456,3.90,3.75
8457,3.89,3.74
8459,3.88,3.72
8460,3.86,3.70
8461,3.83,3.69
8462,3.81,3.67
8463,3.78,3.65
8464,3.77,3.65
8465,3.77,3.66
8466,3.78,3.67
8468,3.81,3.69
8469,3.83,3.71
8470,3.86,3.74
8471,3.89,3.75
8472,3.90,3.75
8473,3.90,3.75
8474,3.89,3.73
8475,3.87,3.72
8477,3.85,3.70
8478,3.83,3.68
8479,3.80,3.66
8480,3.78,3.66
8481,3.78,3.67
8482,3.79,3.68
8483,3.81,3.69
8485,3.83,3.71
8486,3.86,3.73
8487,3.89,3.75
8488,3.91,3.76
8489,3.91,3.75
8491,3.90,3.74
8492,3.88,3.73
8493,3.86,3.71
8495,3.84,3.70
8496,3.81,3.67
8497,3.79,3.66
8498,3.78,3.66
8499,3.78,3.67
8500,3.80,3.68
8501,3.82,3.70
8502,3.84,3.72
8504,3.87,3.75
8505,3.90,3.75
8506,3.90,3.75
8507,3.90,3.74
8508,3.89,3.73
8509,3.87,3.71
8510,3.84,3.70
8511,3.81,3.68
8513,3.79,3.66
8514,3.77,3.66
8515,3.77,3.66
8516,3.78,3.67
8517,3.80,3.69
8518,3.82,3.71
8519,3.85,3.73
8520,3.88,3.75
8522,3.90,3.75
8523,3.90,3.75
8524,3.89,3.74
8525,3.88,3.72
8526,3.85,3.70
8527,3.83,3.69
8528,3.80,3.67
8529,3.78,3.66
8531,3.77,3.66
8532,3.78,3.67
8534,3.79,3.68
8535,3.81,3.70
8536,3.84,3.72
8537,3.87,3.75
8538,3.90,3.76
8539,3.90,3.75
8541,3.90,3.75
8542,3.89,3.73
8543,3.87,3.71
8544,3.84,3.70
8545,3.82,3.68
8546,3.79,3.66
8547,3.77,3.66
8548,3.78,3.67
8550,3.79,3.68
8551,3.81,3.70
8552,3.83,3.71
8553,3.86,3.74
8554,3.89,3.75
8555,3.90,3.75
8556,3.90,3.75
8557,3.89,3.73
8559,3.87,3.72
8560,3.85,3.70
8561,3.83,3.68
8562,3.80,3.66
8563,3.77,3.66
8564,3.77,3.66
8565,3.78,3.67
8567,3.79,3.69
8568,3.82,3.70
8569,3.84,3.73
8570,3.87,3.75
8571,3.90,3.76
8572,3.90,3.75
8573,3.90,3.74
8574,3.88,3.73
8577,3.86,3.71
8578,3.84,3.70
8579,3.81,3.67
8580,3.79,3.66
8581,3.77,3.66
8582,3.78,3.67
8583,3.79,3.68
8584,3.81,3.70
8586,3.83,3.72
8587,3.86,3.74
8588,3.89,3.76
8589,3.91,3.76
8590,3.91,3.75
8591,3.90,3.73
8592,3.87,3.72
8593,3.85,3.70
8595,3.83,3.69
8596,3.80,3.67
8597,3.78,3.66
8598,3.78,3.67
8599,3.79,3.67
8600,3.80,3.69
8601,3.83,3.71
8602,3.85,3.73
8604,3.88,3.75
8605,3.90,3.76
8606,3.91,3.75
8607,3.90,3.74
8608,3.88,3.72
8609,3.86,3.70
8610,3.83,3.69
8611,3.81,3.67
8613,3.78,3.66
8614,3.77,3.66
8615,3.78,3.67
8616,3.79,3.68
8617,3.81,3.70
8619,3.84,3.72
8620,3.87,3.74
8621,3.89,3.76
8623,3.91,3.75
8624,3.90,3.75
8625,3.89,3.73
8626,3.87,3.72
8627,3.85,3.70
8628,3.82,3.68
8629,3.80,3.66
8630,3.78,3.66
8632,3.78,3.67
8633,3.79,3.68
8634,3.81,3.70
8635,3.83,3.71
8636,3.86,3.74
8637,3.89,3.76
8638,3.91,3.76
8640,3.91,3.76
8641,3.90,3.75
8642,3.89,3.73
8643,3.87,3.71
8644,3.84,3.69
8645,3.81,3.68
8646,3.79,3.67
8647,3.78,3.67
8649,3.79,3.68
8650,3.80,3.69
8651,3.83,3.70
8652,3.85,3.73
8653,3.88,3.75
8654,3.91,3.76
8655,3.91,3.76
8656,3.90,3.75
8658,3.89,3.73
8659,3.87,3.71
8660,3.84,3.70
8662,3.82,3.68
8663,3.79,3.66
8664,3.78,3.66
8665,3.78,3.67
8666,3.79,3.68
8668,3.81,3.70
8669,3.83,3.71
8670,3.86,3.74
8671,3.89,3.76
8672,3.91,3.76
8673,3.91,3.75
8674,3.90,3.74
8676,3.88,3.72
8677,3.86,3.71
8678,3.83,3.69
8679,3.81,3.67
8680,3.78,3.66
8681,3.78,3.67
8682,3.79,3.68
8683,3.80,3.69
8685,3.83,3.71
8686,3.85,3.73
8687,3.88,3.76
8688,3.91,3.77
8689,3.91,3.76
8690,3.91,3.75
8691,3.89,3.74
8692,3.87,3.72
8694,3.85,3.70
8695,3.82,3.68
8696,3.79,3.67
8697,3.78,3.67
8698,3.79,3.68
8699,3.80,3.69
8700,3.82,3.70
8701,3.84,3.72
8704,3.87,3.75
8705,3.90,3.76
8706,3.91,3.76
8707,3.91,3.75
8708,3.89,3.74
8709,3.88,3.72
8710,3.85,3.70
8711,3.82,3.69
8713,3.80,3.67
8714,3.78,3.66
8715,3.78,3.67
8716,3.79,3.68
8717,3.80,3.70
8718,3.83,3.71
8719,3.85,3.74
8720,3.89,3.76
8722,3.91,3.77
8723,3.91,3.76
8724,3.90,3.75
8725,3.89,3.74
8726,3.87,3.72
8727,3.84,3.70
8728,3.82,3.68
8729,3.79,3.67
8731,3.79,3.67
8732,3.79,3.68
8733,3.80,3.69
8734,3.82,3.71
8735,3.85,3.73
8736,3.88,3.76
8737,3.91,3.77
8739,3.91,3.77
8740,3.91,3.76
8741,3.90,3.75
8742,3.88,3.73
8743,3.86,3.71
8744,3.83,3.70
8745,3.81,3.68
8747,3.79,3.67
8749,3.79,3.68
8750,3.80,3.69
8751,3.82,3.70
8752,3.84,3.72
8753,3.87,3.75
8754,3.90,3.77
8755,3.91,3.77
8756,3.91,3.76
8758,3.90,3.75
8759,3.89,3.73
8760,3.86,3.71
8761,3.84,3.70
8762,3.81,3.68
8763,3.79,3.67
8764,3.78,3.67
8765,3.79,3.68
8767,3.80,3.69
8768,3.82,3.71
8769,3.85,3.73
8770,3.88,3.76
8771,3.90,3.77
8772,3.91,3.77
8773,3.91,3.76
8774,3.89,3.74
8776,3.88,3.72
8777,3.85,3.70
8778,3.83,3.69
8779,3.80,3.67
8780,3.78,3.67
8781,3.78,3.68
8782,3.80,3.69
8783,3.82,3.71
8785,3.84,3.73
8786,3.87,3.75
8787,3.90,3.77
8788,3.91,3.77
8790,3.91,3.77
8791,3.90,3.75
8792,3.89,3.74
8793,3.86,3.72
8795,3.84,3.70
8796,3.81,3.68
8797,3.79,3.67
8798,3.78,3.68
8799,3.79,3.69
8800,3.81,3.70
8801,3.83,3.72
8802,3.86,3.74
8804,3.89,3.76
8805,3.91,3.77
8806,3.91,3.76
8807,3.90,3.75
8808,3.89,3.74
8809,3.87,3.72
8810,3.84,3.70
8811,3.82,3.68
8813,3.79,3.67
8814,3.78,3.67
8815,3.78,3.68
8816,3.79,3.69
8817,3.81,3.70
8818,3.84,3.73
8819,3.87,3.75
8821,3.90,3.76
8822,3.91,3.77
8823,3.91,3.76
8824,3.90,3.74
8825,3.88,3.73
8826,3.86,3.71
8827,3.83,3.69
8828,3.80,3.67
8830,3.78,3.67
8832,3.78,3.67
8833,3.79,3.69
8834,3.81,3.70
8835,3.83,3.72
8836,3.86,3.74
8837,3.89,3.77
8838,3.91,3.77
8840,3.91,3.77
8841,3.91,3.76
8842,3.90,3.74
8843,3.88,3.73
8844,3.85,3.71
8845,3.82,3.69
8846,3.80,3.68
8847,3.79,3.68
8849,3.79,3.69
8850,3.81,3.70
8851,3.83,3.71
8852,3.85,3.74
8853,3.88,3.76
8854,3.91,3.77
8855,3.91,3.77
8856,3.91,3.76
8858,3.90,3.74
8859,3.88,3.73
8860,3.85,3.71
8861,3.83,3.69
8862,3.80,3.67
8863,3.78,3.67
8864,3.78,3.67
8866,3.79,3.68
8867,3.81,3.70
8868,3.83,3.72
8869,3.86,3.75
8870,3.89,3.77
8871,3.91,3.77
8872,3.91,3.76
8873,3.90,3.75
8876,3.89,3.74
8877,3.87,3.72
8878,3.84,3.70
8879,3.81,3.68
8880,3.79,3.67
8881,3.78,3.67
8882,3.79,3.68
8883,3.81,3.70
8885,3.83,3.71
8886,3.85,3.74
8887,3.88,3.76
8888,3.91,3.77
8889,3.91,3.77
8890,3.91,3.76
8891,3.90,3.75
8892,3.88,3.73
8894,3.85,3.71
8895,3.83,3.69
8896,3.80,3.68
8897,3.79,3.67
8898,3.79,3.68
8899,3.80,3.69
8900,3.82,3.71
8901,3.84,3.73
8903,3.87,3.75
8904,3.90,3.77
8905,3.91,3.77
8906,3.91,3.76
8907,3.90,3.75
8908,3.88,3.73
8909,3.86,3.71
8910,3.83,3.70
8912,3.81,3.68
8913,3.78,3.67
8914,3.78,3.67
8915,3.79,3.68
8916,3.80,3.70
8918,3.82,3.71
8919,3.85,3.74
8920,3.88,3.76
8922,3.91,3.77
8923,3.91,3.77
8924,3.90,3.75
8925,3.89,3.74
8926,3.87,3.72
8927,3.84,3.70
8928,3.82,3.69
8929,3.79,3.67
8931,3.78,3.67
8932,3.78,3.68
8933,3.80,3.69
8934,3.82,3.71
8935,3.84,3.73
8936,3.87,3.75
8937,3.90,3.77
8938,3.91,3.77
8940,3.91,3.76
8941,3.90,3.75
8942,3.88,3.73
8943,3.86,3.71
8944,3.83,3.70
8945,3.81,3.68
8946,3.79,3.67
8948,3.78,3.68
8949,3.79,3.69
8950,3.81,3.70
8951,3.83,3.72
8952,3.86,3.74
8953,3.89,3.77
8954,3.91,3.77
8955,3.91,3.77
8957,3.90,3.75
8958,3.88,3.73
8960,3.86,3.72
8961,3.84,3.70
8962,3.81,3.68
8963,3.79,3.67
8964,3.78,3.67
8965,3.78,3.68
8967,3.79,3.69
8968,3.82,3.71
8969,3.84,3.73
8970,3.87,3.75
8971,3.90,3.77
8972,3.91,3.76
8973,3.90,3.75
8974,3.89,3.74
8976,3.87,3.72
8977,3.85,3.70
8978,3.82,3.69
8979,3.79,3.67
8980,3.78,3.67
8981,3.77,3.67
8982,3.79,3.68
8983,3.80,3.70
8985,3.83,3.72
8986,3.86,3.74
8987,3.88,3.76
8988,3.90,3.76
8989,3.90,3.76
8990,3.89,3.74
8991,3.88,3.73
8992,3.86,3.71
8994,3.83,3.70
8995,3.80,3.68
8996,3.78,3.67
8997,3.77,3.67
8998,3.78,3.68
8999,3.79,3.69
9000,3.82,3.71
9001,3.84,3.73
9004,3.87,3.76
9005,3.90,3.76
9006,3.90,3.76
9007,3.90,3.75
9008,3.88,3.73
9009,3.86,3.72
9010,3.84,3.70
9011,3.81,3.68
9013,3.79,3.67
9014,3.77,3.66
9015,3.77,3.67
9016,3.78,3.68
9017,3.80,3.70
9018,3.83,3.72
9019,3.86,3.74
9020,3.89,3.76
9022,3.90,3.76
9023,3.90,3.76
9024,3.89,3.75
9025,3.87,3.73
9026,3.85,3.71
9027,3.83,3.69
9028,3.80,3.67
9029,3.78,3.67
9031,3.77,3.67
9032,3.78,3.68
9033,3.80,3.69
9034,3.82,3.71
9035,3.84,3.73
9036,3.87,3.76
9037,3.90,3.76
9039,3.90,3.76
9040,3.90,3.75
9041,3.88,3.74
9042,3.86,3.72
9043,3.84,3.70
9044,3.81,3.68
9046,3.79,3.67
9047,3.77,3.67
9049,3.77,3.67
9050,3.79,3.69
9051,3.81,3.70
9052,3.83,3.72
9053,3.86,3.75
9054,3.89,3.76
9055,3.90,3.76
9056,3.90,3.75
9058,3.89,3.74
9059,3.87,3.72
9060,3.85,3.71
9061,3.82,3.69
9062,3.80,3.67
9063,3.77,3.66
9064,3.77,3.67
9065,3.78,3.68
9067,3.80,3.70
9068,3.82,3.71
9069,3.85,3.73
9070,3.88,3.76
9071,3.90,3.76
9072,3.90,3.75
9073,3.89,3.74
9074,3.88,3.73
9076,3.85,3.71
9077,3.83,3.70
9078,3.80,3.67
9079,3.78,3.66
9080,3.77,3.66
9081,3.77,3.67
9082,3.79,3.68
9083,3.81,3.70
9085,3.83,3.72
9086,3.86,3.75
9088,3.89,3.76
9089,3.90,3.76
9090,3.90,3.75
9091,3.89,3.74
9092,3.87,3.72
9093,3.85,3.70
9095,3.82,3.69
9096,3.79,3.67
9097,3.77,3.66
9098,3.77,3.67
9099,3.78,3.68
9100,3.80,3.70
9101,3.82,3.71
9102,3.85,3.74
9104,3.88,3.76
9105,3.90,3.76
9106,3.90,3.76
9107,3.89,3.75
9108,3.88,3.73
9109,3.86,3.71
9110,3.83,3.70
9111,3.81,3.68
9113,3.78,3.66
9114,3.77,3.67
9115,3.78,3.68
9116,3.79,3.69
9117,3.82,3.71
9118,3.84,3.73
9119,3.87,3.76
9121,3.90,3.77
9122,3.90,3.76
9123,3.90,3.75
9124,3.89,3.74
9125,3.87,3.72
9126,3.84,3.70
9127,3.82,3.69
9128,3.79,3.67
9131,3.77,3.67
9132,3.78,3.67
9133,3.79,3.69
9134,3.81,3.70
9135,3.83,3.72
9136,3.86,3.74
9137,3.89,3.76
9138,3.91,3.77
9140,3.91,3.76
9141,3.90,3.75
9142,3.88,3.73
9143,3.86,3.71
9144,3.83,3.70
9145,3.80,3.68
9146,3.78,3.67
9147,3.78,3.67
9149,3.78,3.68
9150,3.80,3.70
9151,3.82,3.71
9152,3.85,3.74
9153,3.88,3.76
9154,3.90,3.77
9155,3.91,3.77
9156,3.90,3.75
9158,3.89,3.74
9159,3.86,3.72
9160,3.84,3.70
9161,3.81,3.68
9162,3.79,3.67
9163,3.78,3.67
9164,3.78,3.68
9166,3.79,3.69
9167,3.81,3.70
9168,3.84,3.73
9169,3.86,3.75
9170,3.89,3.77
9171,3.91,3.77
9172,3.90,3.76
9174,3.89,3.74
9176,3.87,3.73
9177,3.85,3.71
9178,3.82,3.69
9179,3.80,3.67
9180,3.78,3.66
9181,3.77,3.67
9182,3.78,3.68
9183,3.80,3.70
9185,3.82,3.72
9186,3.85,3.74
9187,3.88,3.76
9188,3.90,3.77
9189,3.91,3.76
9190,3.90,3.75
9191,3.88,3.74
9192,3.86,3.72
9194,3.84,3.70
9195,3.81,3.68
9196,3.79,3.67
9197,3.77,3.67
9198,3.78,3.68
9199,3.79,3.69
9200,3.82,3.71
9201,3.84,3.73
9203,3.87,3.76
9204,3.90,3.77
9205,3.91,3.77
9206,3.91,3.76
9207,3.89,3.74
9208,3.87,3.73
9209,3.85,3.71
9210,3.82,3.69
9212,3.80,3.67
9213,3.78,3.67
9214,3.78,3.67
9216,3.79,3.69
9217,3.81,3.70
9218,3.83,3.72
9219,3.86,3.75
9220,3.89,3.77
9222,3.91,3.77
9223,3.91,3.76
9224,3.90,3.75
9225,3.88,3.73
9226,3.86,3.72
9227,3.83,3.70
9228,3.81,3.68
9230,3.78,3.67
9231,3.77,3.67
9232,3.78,3.68
9233,3.80,3.70
9234,3.82,3.71
9235,3.84,3.73
9236,3.87,3.76
9237,3.90,3.77
9239,3.91,3.77
9240,3.90,3.76
9241,3.89,3.74
9242,3.87,3.72
9243,3.84,3.70
9244,3.82,3.69
9245,3.79,3.67
9246,3.78,3.67
9248,3.78,3.68
9249,3.79,3.69
9250,3.81,3.70
9251,3.83,3.72
9252,3.86,3.75
9253,3.89,3.77
9254,3.91,3.77
9255,3.91,3.76
9257,3.90,3.75
9259,3.88,3.73
9260,3.86,3.71
9261,3.83,3.70
9262,3.80,3.68
9263,3.78,3.67
9264,3.78,3.67
9265,3.78,3.68
9267,3.80,3.70
9268,3.82,3.72
9269,3.85,3.74
9270,3.88,3.76
9271,3.90,3.77
9272,3.91,3.77
9273,3.90,3.76
9274,3.89,3.74
9276,3.87,3.72
9277,3.84,3.70
9278,3.82,3.69
9279,3.79,3.67
9280,3.78,3.67
9281,3.78,3.68
9282,3.79,3.69
9284,3.81,3.71
9285,3.84,3.73
9286,3.87,3.75
9287,3.90,3.77
9288,3.91,3.77
9289,3.91,3.76
9290,3.90,3.75
9291,3.88,3.73
9293,3.85,3.71
9294,3.83,3.70
9295,3.80,3.68
9296,3.78,3.67
9297,3.78,3.68
9298,3.79,3.68
9299,3.80,3.70
9300,3.83,3.72
9303,3.86,3.75
9304,3.89,3.77
9305,3.91,3.77
9306,3.91,3.77
9307,3.90,3.76
9308,3.89,3.74
9309,3.86,3.72
9310,3.84,3.70
9312,3.82,3.69
9313,3.79,3.67
9314,3.78,3.67
9315,3.78,3.68
9316,3.80,3.70
9317,3.82,3.71
9318,3.84,3.73
9319,3.87,3.76
9321,3.90,3.77
9322,3.91,3.77
9323,3.91,3.76
9324,3.90,3.75
9325,3.87,3.73
9326,3.85,3.71
9327,3.83,3.70
9328,3.80,3.67
9330,3.78,3.67
9331,3.78,3.68
9332,3.79,3.69
9333,3.81,3.70
9334,3.83,3.72
9335,3.86,3.75
9336,3.89,3.77
9337,3.91,3.77
9339,3.91,3.77
9340,3.90,3.76
9341,3.89,3.74
9342,3.86,3.72
9344,3.84,3.70
9345,3.81,3.69
9346,3.79,3.67
9347,3.78,3.68
9349,3.78,3.69
9350,3.80,3.70
9351,3.82,3.72
9352,3.85,3.74
9353,3.88,3.76
9354,3.90,3.77
9355,3.91,3.77
9356,3.91,3.76
9358,3.89,3.74
9359,3.87,3.73
9360,3.85,3.71
9361,3.82,3.69
9362,3.79,3.67
9363,3.78,3.67
9364,3.78,3.68
9366,3.79,3.69
9367,3.81,3.70
9368,3.83,3.73
9369,3.86,3.75
9370,3.89,3.77
9371,3.91,3.77
9372,3.91,3.77
9373,3.90,3.76
9375,3.88,3.74
9376,3.86,3.72
9377,3.83,3.70
9378,3.81,3.68
9379,3.78,3.67
9380,3.78,3.68
9381,3.79,3.69
9382,3.80,3.70
9384,3.83,3.72
9385,3.85,3.74
9387,3.88,3.77
9388,3.91,3.78
9389,3.91,3.77
9390,3.91,3.76
9391,3.89,3.75
9392,3.87,3.73
9394,3.85,3.71
9395,3.82,3.69
9396,3.79,3.67
9397,3.78,3.67
9398,3.78,3.68
9399,3.80,3.70
9400,3.82,3.71
9401,3.84,3.73
9403,3.87,3.76
9404,3.90,3.77
9405,3.91,3.77
9406,3.91,3.77
9407,3.90,3.75
9408,3.88,3.73
9409,3.85,3.72
9410,3.83,3.70
9412,3.80,3.68
9413,3.78,3.67
9414,3.78,3.68
9415,3.79,3.69
9416,3.81,3.70
9417,3.83,3.72
9418,3.86,3.75
9419,3.89,3.77
9421,3.91,3.77
9422,3.91,3.77
9423,3.90,3.76
9424,3.89,3.74
9425,3.86,3.72
9426,3.84,3.70
9427,3.81,3.69
9430,3.79,3.67
9431,3.78,3.68
9432,3.78,3.68
9433,3.80,3.70
9434,3.82,3.71
9435,3.84,3.74
9436,3.87,3.76
9437,3.90,3.77
9439,3.91,3.78
9440,3.91,3.77
9441,3.89,3.75
9442,3.88,3.73
9443,3.85,3.71
9444,3.83,3.70
9445,3.80,3.68
9446,3.78,3.68
9448,3.78,3.68
9449,3.79,3.69
9450,3.81,3.71
9451,3.83,3.73
9452,3.86,3.75
9453,3.89,3.77
9454,3.91,3.78
9455,3.91,3.77
9457,3.90,3.76
9458,3.88,3.74
9459,3.86,3.72
9460,3.84,3.70
9461,3.81,3.69
9462,3.79,3.67
9463,3.78,3.68
9464,3.78,3.69
9466,3.80,3.70
9467,3.82,3.72
9468,3.85,3.74
9469,3.88,3.77
9470,3.90,3.77
9472,3.91,3.77
9473,3.91,3.76
9474,3.89,3.75
9476,3.87,3.73
9477,3.85,3.71
9478,3.82,3.70
9479,3.80,3.68
9480,3.78,3.68
9481,3.78,3.68
9482,3.79,3.69
9483,3.81,3.71
9485,3.84,3.73
9486,3.86,3.76
9487,3.89,3.77
9488,3.91,3.78
9489,3.91,3.77
9490,3.90,3.76
9491,3.88,3.74
9492,3.86,3.72
9494,3.84,3.70
9495,3.81,3.68
9496,3.79,3.68
9497,3.78,3.68
9498,3.79,3.69
9499,3.80,3.70
9500,3.83,3.72
9501,3.85,3.75
9503,3.88,3.77
9504,3.91,3.78
9505,3.91,3.77
9506,3.91,3.76
9507,3.89,3.75
9508,3.87,3.73
9509,3.85,3.71
9511,3.82,3.69
9512,3.79,3.68
9513,3.78,3.68
9515,3.78,3.69
9516,3.80,3.70
9517,3.82,3.71
9518,3.84,3.74
9519,3.87,3.76
9521,3.90,3.78
9522,3.91,3.78
9523,3.91,3.77
9524,3.90,3.75
9525,3.88,3.73
9526,3.85,3.72
9527,3.83,3.70
9528,3.80,3.68
9530,3.78,3.67
9531,3.78,3.68
9532,3.79,3.69
9533,3.81,3.70
9534,3.83,3.73
9535,3.86,3.75
9536,3.89,3.77
9537,3.91,3.78
9539,3.91,3.77
9540,3.90,3.76
9541,3.89,3.75
9542,3.87,3.73
9543,3.84,3.71
9544,3.81,3.69
9545,3.79,3.68
9547,3.78,3.68
9548,3.78,3.69
9549,3.80,3.70
9550,3.82,3.72
9551,3.85,3.74
9552,3.87,3.77
9553,3.90,3.78
9554,3.91,3.78
9556,3.91,3.77
9558,3.89,3.75
9559,3.88,3.73
9560,3.85,3.71
9561,3.83,3.70
9562,3.80,3.68
9563,3.78,3.68
9564,3.78,3.68
9566,3.79,3.70
9567,3.81,3.71
9568,3.83,3.73
9569,3.86,3.75
9570,3.89,3.78
9571,3.91,3.78
9572,3.91,3.78
9573,3.90,3.76
9575,3.89,3.75
9576,3.87,3.73
9577,3.84,3.71
9578,3.82,3.69
9579,3.79,3.68
9580,3.78,3.68
9581,3.79,3.69
9582,3.81,3.70
9584,3.83,3.72
9585,3.85,3.75
9586,3.88,3.77
9587,3.91,3.78
9588,3.91,3.78
9589,3.91,3.77
9590,3.90,3.75
9592,3.88,3.74
9593,3.85,3.71
9594,3.83,3.70
9595,3.80,3.68
9596,3.78,3.68
9597,3.78,3.69
9598,3.80,3.70
9600,3.82,3.71
9602,3.84,3.74
9603,3.87,3.76
9604,3.90,3.78
9605,3.91,3.78
9606,3.91,3.77
9607,3.90,3.76
9608,3.88,3.74
9609,3.86,3.72
9611,3.83,3.70
9612,3.81,3.68
9613,3.78,3.68
9614,3.78,3.68
9615,3.79,3.69
9616,3.81,3.71
9617,3.83,3.73
9618,3.86,3.75
9620,3.89,3.77
9621,3.91,3.78
9622,3.91,3.78
9623,3.90,3.76
9624,3.89,3.75
9625,3.87,3.73
9626,3.84,3.71
9627,3.82,3.69
9629,3.79,3.68
9630,3.78,3.68
9631,3.78,3.69
9632,3.80,3.70
9633,3.82,3.72
9634,3.84,3.74
9635,3.87,3.76
9636,3.90,3.78
9638,3.91,3.78
9639,3.91,3.77
9640,3.90,3.76
9641,3.88,3.74
9643,3.85,3.72
9644,3.83,3.70
9645,3.80,3.68
9646,3.78,3.68
9648,3.78,3.68
9649,3.79,3.69
9650,3.81,3.70
9651,3.83,3.73
9652,3.86,3.75
9653,3.89,3.77
9654,3.91,3.78
9655,3.91,3.77
9657,3.90,3.76
9658,3.89,3.75
9659,3.87,3.73
9660,3.84,3.71
9661,3.81,3.69
9662,3.79,3.68
9663,3.78,3.68
9664,3.78,3.69
9666,3.80,3.70
9667,3.82,3.72
9668,3.85,3.74
9669,3.88,3.77
9670,3.90,3.78
9671,3.91,3.78
9672,3.91,3.77
9673,3.90,3.75
9675,3.88,3.74
9676,3.85,3.72
9677,3.83,3.70
9678,3.80,3.68
9679,3.78,3.68
9680,3.78,3.68
9681,3.79,3.70
9682,3.81,3.71
9684,3.83,3.73
9686,3.86,3.76
9687,3.89,3.77
9688,3.91,3.78
9689,3.91,3.77
9690,3.90,3.76
9691,3.89,3.74
9692,3.86,3.73
9694,3.84,3.71
9695,3.81,3.69
9696,3.79,3.68
9697,3.78,3.68
9698,3.78,3.69
9699,3.80,3.70
9700,3.82,3.72
9701,3.85,3.74
9703,3.88,3.77
9704,3.90,3.78
9705,3.91,3.78
9706,3.91,3.77
9707,3.89,3.75
9708,3.87,3.73
9709,3.85,3.71
9711,3.82,3.70
9712,3.80,3.68
9713,3.78,3.68
9714,3.78,3.68
9715,3.79,3.70
9716,3.81,3.71
9717,3.84,3.73
9718,3.86,3.76
9720,3.89,3.78
9721,3.91,3.78
9722,3.91,3.77
9723,3.90,3.76
9724,3.88,3.74
9725,3.86,3.72
9726,3.83,3.70
9728,3.81,3.69
9730,3.78,3.68
9731,3.78,3.68
9732,3.79,3.70
9733,3.80,3.70
9734,3.83,3.73
9735,3.85,3.75
9736,3.88,3.77
9737,3.91,3.78
9739,3.91,3.78
9740,3.90,3.77
9741,3.89,3.75
9742,3.87,3.73
9743,3.85,3.71
9744,3.82,3.70
9745,3.79,3.68
9746,3.78,3.68
9748,3.78,3.69
9749,3.79,3.70
9750,3.82,3.72
9751,3.84,3.74
9752,3.87,3.76
9753,3.90,3.78
9754,3.91,3.78
9756,3.91,3.77
9757,3.90,3.76
9758,3.88,3.74
9759,3.85,3.72
9760,3.83,3.70
9761,3.80,3.68
9762,3.78,3.68
9763,3.78,3.68
9765,3.79,3.69
9766,3.81,3.71
9767,3.83,3.73
9768,3.86,3.75
9769,3.89,3.78
9771,3.91,3.78
9772,3.91,3.78
9773,3.90,3.76
9775,3.89,3.75
9776,3.87,3.73
9777,3.84,3.71
9778,3.81,3.69
9779,3.79,3.68
9780,3.78,3.68
9781,3.78,3.69
9782,3.80,3.70
9784,3.82,3.72
9785,3.84,3.74
9786,3.87,3.77
9787,3.90,3.78
9788,3.91,3.78
9789,3.91,3.77
9790,3.90,3.76
9791,3.88,3.73
9793,3.85,3.72
9794,3.83,3.70
9795,3.80,3.68
9796,3.78,3.68
9797,3.78,3.69
9798,3.79,3.70
9799,3.81,3.71
9800,3.84,3.73
9802,3.86,3.76
9803,3.89,3.78
9804,3.91,3.78
9805,3.91,3.78
9806,3.90,3.76
9807,3.89,3.75
9808,3.87,3.73
9809,3.84,3.71
9811,3.81,3.69
9812,3.79,3.68
9814,3.78,3.68
9815,3.79,3.69
9816,3.80,3.70
9817,3.82,3.72
9818,3.85,3.75
9819,3.88,3.77
9821,3.91,3.78
9822,3.91,3.79
9823,3.91,3.77
9824,3.90,3.76
9825,3.88,3.74
9826,3.85,3.72
9827,3.83,3.70
9828,3.80,3.68
9830,3.78,3.68
9831,3.79,3.69
9832,3.80,3.70
9833,3.81,3.72
9834,3.84,3.74
9835,3.87,3.76
9836,3.90,3.78
9837,3.91,3.79
9839,3.91,3.78
9840,3.91,3.77
9841,3.89,3.75
9842,3.87,3.73
9843,3.85,3.71
9844,3.82,3.70
9845,3.79,3.69
9846,3.79,3.69
9848,3.79,3.70
9849,3.81,3.71
9850,3.83,3.73
9851,3.86,3.75
9852,3.89,3.78
9853,3.91,3.79
9854,3.92,3.79
9856,3.91,3.78
9858,3.90,3.76
9859,3.88,3.75
9860,3.86,3.72
9861,3.83,3.70
9862,3.81,3.69
9863,3.79,3.69
9864,3.79,3.70
9865,3.80,3.70
9867,3.82,3.72
9868,3.85,3.74
9869,3.88,3.77
9870,3.91,3.79
9871,3.92,3.79
9872,3.92,3.79
9873,3.91,3.77
9874,3.90,3.76
9876,3.88,3.74
9877,3.85,3.72
9878,3.82,3.70
9879,3.80,3.69
9880,3.79,3.69
9881,3.80,3.70
9882,3.82,3.72
9883,3.84,3.74
9885,3.87,3.76
9886,3.90,3.79
9887,3.92,3.80
9888,3.93,3.80
9889,3.92,3.79
9890,3.91,3.77
9891,3.89,3.75
9892,3.87,3.73
9894,3.84,3.71
9895,3.82,3.70
9896,3.80,3.69
9897,3.80,3.70
9899,3.82,3.71
9900,3.83,3.73
9901,3.86,3.75
9902,3.89,3.78
9904,3.91,3.80
9905,3.93,3.80
9906,3.93,3.79
9907,3.91,3.78
9908,3.90,3.76
9909,3.88,3.74
9910,3.85,3.72
9911,3.82,3.70
9913,3.80,3.70
9914,3.80,3.70
9915,3.80,3.70
9916,3.82,3.72
9917,3.84,3.74
9918,3.87,3.77
9919,3.90,3.79
9920,3.92,3.80
9922,3.93,3.79
9923,3.92,3.78
9924,3.91,3.77
9925,3.89,3.75
9926,3.86,3.73
9927,3.84,3.70
9928,3.81,3.70
9929,3.80,3.70
9931,3.80,3.70
9932,3.81,3.71
9933,3.83,3.73
9934,3.86,3.76
9935,3.89,3.78
9936,3.91,3.80
9937,3.93,3.80
9938,3.93,3.80
9940,3.92,3.78
9942,3.90,3.76
9943,3.88,3.75
9944,3.85,3.72
9945,3.83,3.70
9946,3.81,3.70
9947,3.80,3.70
9948,3.81,3.71
9950,3.83,3.72
9951,3.85,3.75
9952,3.88,3.77
9953,3.91,3.80
9954,3.93,3.80
9955,3.93,3.80
9956,3.93,3.78
9957,3.91,3.77
9959,3.89,3.75
9960,3.87,3.73
9961,3.84,3.71
9962,3.81,3.70
9963,3.80,3.70
9964,3.81,3.70
9965,3.82,3.72
9966,3.84,3.74
9968,3.87,3.76
9969,3.90,3.79
9970,3.92,3.80
9971,3.94,3.80
9972,3.93,3.79
9973,3.92,3.78
9974,3.91,3.76
9975,3.88,3.74
9977,3.86,3.72
9978,3.83,3.70
9979,3.81,3.70
9980,3.81,3.70
9981,3.82,3.71
9982,3.84,3.73
9984,3.86,3.75
9985,3.89,3.78
9987,3.91,3.80
9988,3.94,3.81
9989,3.94,3.80
9990,3.93,3.79
9991,3.92,3.77
9992,3.90,3.75
9993,3.87,3.73
9994,3.85,3.71
9996,3.82,3.70
9997,3.81,3.70
9998,3.82,3.71
9999,3.83,3.73
10000,3.85,3.74
10001,3.88,3.77
10002,3.91,3.80
10004,3.93,3.81
10005,3.94,3.81
10006,3.94,3.80
10007,3.92,3.78
10008,3.90,3.76
10009,3.88,3.74
10011,3.85,3.71
10012,3.82,3.71
10013,3.82,3.71
10014,3.82,3.72
10015,3.84,3.73
10017,3.86,3.75
10018,3.89,3.78
10019,3.92,3.80
10020,3.94,3.82
10021,3.97,3.84
10022,3.99,3.87
10024,4.02,3.91
10025,4.06,3.94
10027,4.09,3.97
10028,4.13,4.00
10029,4.16,4.03
10031,4.19,4.05
10032,4.22,4.07
10033,4.25,4.09
10034,4.28,4.10
10035,4.30,4.12
10036,4.33,4.13
10038,4.35,4.15
10039,4.38,4.16
10040,4.40,4.18
10041,4.42,4.19
10042,4.44,4.21
10043,4.46,4.22
10045,4.47,4.23
10046,4.49,4.24
10047,4.50,4.25
10048,4.51,4.25
10049,4.52,4.26
10051,4.53,4.27
10052,4.54,4.27
10053,4.54,4.27
10054,4.55,4.28
10055,4.55,4.28
10056,4.55,4.28
10058,4.55,4.29
10059,4.55,4.29
10060,4.55,4.29
10061,4.55,4.29
10062,4.55,4.29
10064,4.55,4.29
10065,4.55,4.29
10066,4.54,4.29
10067,4.54,4.29
10068,4.54,4.29
10070,4.54,4.29
10072,4.53,4.29
10073,4.53,4.29
10074,4.52,4.29
10075,4.52,4.29
10076,4.52,4.28
10078,4.51,4.28
10079,4.51,4.28
10080,4.51,4.28
10081,4.50,4.28
10082,4.50,4.28
10083,4.49,4.28
10085,4.49,4.28
10086,4.49,4.28
10087,4.48,4.28
10088,4.48,4.27
10089,4.48,4.27
10091,4.47,4.27
10092,4.47,4.27
10093,4.47,4.27
10094,4.47,4.27
10095,4.46,4.27
10096,4.46,4.27
10098,4.46,4.27
10099,4.46,4.27
10100,4.46,4.27
10101,4.45,4.27
10102,4.45,4.27
10104,4.45,4.27
10105,4.45,4.27
10106,4.45,4.27
10107,4.45,4.27
10108,4.45,4.27
10109,4.45,4.27
10112,4.45,4.27
10113,4.45,4.27
10114,4.45,4.27
10115,4.45,4.27
10116,4.45,4.27
10118,4.45,4.27
10119,4.45,4.27
10120,4.45,4.27
10121,4.45,4.27
10122,4.45,4.27
10123,4.45,4.27
10125,4.45,4.27
10126,4.45,4.27
10127,4.45,4.27
10128,4.45,4.28
10129,4.45,4.28
10131,4.45,4.28
10132,4.45,4.28
10133,4.45,4.28
10134,4.45,4.28
10135,4.45,4.28
10136,4.45,4.28
10138,4.45,4.28
10139,4.45,4.28
10140,4.45,4.28
10141,4.45,4.28
10142,4.45,4.28
10144,4.45,4.28
10145,4.45,4.28
10146,4.45,4.28
10147,4.45,4.28
10148,4.45,4.28
10150,4.45,4.28
10151,4.45,4.28
10152,4.45,4.28
10153,4.45,4.28
10155,4.45,4.28
10156,4.45,4.28
10158,4.45,4.28
10159,4.45,4.28
10160,4.45,4.28
10161,4.45,4.28
10162,4.45,4.28
10163,4.45,4.28
10165,4.45,4.28
10166,4.45,4.28
10167,4.45,4.28
10168,4.45,4.28
10169,4.45,4.28
10171,4.45,4.28
10172,4.45,4.28
10173,4.45,4.28
10174,4.45,4.28
10175,4.45,4.28
10176,4.45,4.28
10178,4.45,4.28
10179,4.45,4.28
10180,4.45,4.28
10181,4.45,4.28
10182,4.45,4.28
10184,4.45,4.28
10185,4.45,4.28
10186,4.45,4.28
10187,4.45,4.28
10188,4.45,4.28
10189,4.45,4.28
10191,4.45,4.28
10192,4.45,4.28
10193,4.45,4.28
10194,4.45,4.28
10195,4.45,4.28
10198,4.45,4.28
10199,4.45,4.28
10200,4.45,4.28
10201,4.45,4.28
10202,4.45,4.28
10203,4.45,4.28
10205,4.45,4.29
10206,4.45,4.29
10207,4.45,4.28
10208,4.45,4.28
10209,4.45,4.28
10211,4.45,4.28
10212,4.45,4.28
10213,4.45,4.28
10214,4.45,4.28
10215,4.45,4.28
10216,4.45,4.28
10218,4.45,4.28
10219,4.45,4.28
10220,4.45,4.28
10221,4.45,4.28
10222,4.45,4.28
10224,4.45,4.28
10225,4.45,4.28
10226,4.45,4.28
10227,4.45,4.28
10228,4.45,4.28
10229,4.45,4.28
10231,4.45,4.28
10232,4.45,4.28
10233,4.45,4.28
10234,4.45,4.28
10235,4.45,4.28
10236,4.45,4.28
10238,4.45,4.28
10240,4.45,4.28
10241,4.45,4.28
10242,4.45,4.29
10243,4.45,4.28
10245,4.45,4.28
10246,4.45,4.28
10247,4.45,4.28
10248,4.45,4.28
10249,4.45,4.28
10250,4.45,4.28
10252,4.45,4.28
10253,4.45,4.28
10254,4.45,4.28
10255,4.45,4.28
10256,4.45,4.28
10258,4.45,4.28
10259,4.45,4.28
10260,4.45,4.28
10261,4.45,4.28
10262,4.45,4.28
10263,4.45,4.28
10265,4.45,4.28
10266,4.45,4.28
10267,4.45,4.28
10268,4.45,4.28
10269,4.45,4.28
10271,4.45,4.28
10272,4.45,4.28
10273,4.45,4.28
10274,4.45,4.28
10275,4.45,4.28
10276,4.45,4.28
10278,4.45,4.28
10279,4.44,4.28
10280,4.45,4.28
10281,4.45,4.28
10283,4.45,4.28
10285,4.45,4.28
10286,4.45,4.28
10287,4.45,4.28
10288,4.45,4.28
10289,4.45,4.28
10290,4.45,4.28
10292,4.45,4.28
10293,4.45,4.28
10294,4.45,4.28
10295,4.45,4.28
10296,4.44,4.28
10297,4.45,4.28
10299,4.45,4.28
10300,4.45,4.28
10301,4.45,4.28
10302,4.44,4.28
10303,4.44,4.28
10305,4.45,4.28
10306,4.45,4.29
10307,4.44,4.28
10308,4.44,4.28
10309,4.44,4.28
10310,4.45,4.28
10312,4.44,4.28
10313,4.44,4.28
10314,4.44,4.28
10315,4.44,4.28
10316,4.44,4.28
10318,4.45,4.29
10319,4.44,4.28
10320,4.44,4.29
10321,4.44,4.29
10322,4.44,4.29
10323,4.44,4.29
10326,4.44,4.29
10327,4.44,4.29
10328,4.44,4.29
10329,4.44,4.29
10330,4.45,4.29
10332,4.44,4.29
10333,4.45,4.29
10334,4.45,4.29
10335,4.45,4.29
10336,4.44,4.29
10338,4.45,4.29
10339,4.45,4.29
10340,4.44,4.29
10341,4.45,4.29
10342,4.44,4.29
10343,4.44,4.29
10345,4.44,4.29
10346,4.44,4.29
10347,4.44,4.29
10348,4.44,4.29
10349,4.44,4.29
10351,4.45,4.29
10352,4.45,4.29
10353,4.45,4.29
10354,4.45,4.29
10355,4.45,4.29
10356,4.45,4.29
10358,4.45,4.29
10359,4.44,4.29
10360,4.45,4.29
10361,4.45,4.29
10362,4.45,4.29
10364,4.45,4.29
10365,4.44,4.29
10366,4.44,4.29
10368,4.44,4.29
10369,4.45,4.29
10370,4.45,4.29
10372,4.44,4.29
10373,4.44,4.30
10374,4.44,4.30
10375,4.44,4.30
10376,4.44,4.29
10377,4.44,4.29
10379,4.44,4.29
10380,4.44,4.30
10381,4.44,4.29
10382,4.44,4.29
10383,4.44,4.30
10385,4.44,4.30
10386,4.44,4.30
10387,4.44,4.30
10388,4.44,4.30
10389,4.44,4.30
10390,4.44,4.30
10392,4.44,4.30
10393,4.44,4.30
10394,4.44,4.30
10395,4.44,4.30
10396,4.44,4.30
10397,4.44,4.30
10399,4.44,4.30
10400,4.44,4.30
10401,4.44,4.30
10402,4.44,4.30
10403,4.44,4.30
10404,4.44,4.30
10406,4.44,4.30
10407,4.44,4.30
10408,4.44,4.30
10409,4.44,4.30
10411,4.44,4.30
10412,4.44,4.30
10414,4.44,4.30
10415,4.44,4.30
10416,4.44,4.30
10417,4.44,4.30
10418,4.44,4.30
10420,4.44,4.30
10421,4.44,4.31
10422,4.44,4.31
10423,4.44,4.31
10424,4.44,4.31
10425,4.44,4.31
10427,4.44,4.31
10428,4.44,4.31
10429,4.44,4.31
10430,4.44,4.31
10431,4.44,4.31
10433,4.44,4.31
10434,4.44,4.31
10435,4.44,4.31
10436,4.44,4.31
10437,4.44,4.31
10438,4.44,4.31
10440,4.44,4.31
10441,4.44,4.32
10442,4.44,4.32
10443,4.44,4.32
10444,4.44,4.32
10446,4.44,4.32
10447,4.44,4.32
10448,4.44,4.32
10449,4.44,4.32
10450,4.44,4.32
10451,4.45,4.32
10454,4.44,4.32
10455,4.44,4.32
10456,4.44,4.32
10457,4.44,4.32
10458,4.44,4.32
10460,4.44,4.32
10461,4.44,4.32
10462,4.44,4.33
10463,4.44,4.32
10464,4.44,4.33
10465,4.44,4.33
10467,4.44,4.33
10468,4.44,4.33
10469,4.44,4.33
10470,4.44,4.33
10471,4.44,4.33
10473,4.44,4.33
10474,4.44,4.33
10475,4.44,4.33
10476,4.44,4.33
10477,4.44,4.33
10478,4.45,4.33
10480,4.44,4.34
10481,4.44,4.34
10482,4.44,4.34
10483,4.44,4.34
10484,4.44,4.34
10486,4.44,4.34
10487,4.44,4.34
10488,4.44,4.34
10489,4.44,4.35
10490,4.44,4.35
10491,4.44,4.35
10493,4.44,4.35
10494,4.44,4.35
10496,4.44,4.35
10497,4.44,4.35
10498,4.45,4.35
10500,4.44,4.35
10501,4.44,4.35
10502,4.44,4.35
10503,4.44,4.35
10504,4.44,4.35
10505,4.44,4.36
10507,4.44,4.36
10508,4.44,4.36
10509,4.44,4.36
10510,4.44,4.36
10511,4.44,4.36
10513,4.44,4.36
10514,4.44,4.37
10515,4.44,4.37
10516,4.44,4.37
10517,4.44,4.37
10518,4.44,4.37
10520,4.44,4.38
10521,4.44,4.38
10522,4.44,4.38
10523,4.44,4.38
10524,4.44,4.38
10526,4.45,4.39
10527,4.44,4.39
10528,4.44,4.39
10529,4.45,4.39
10530,4.45,4.40
10531,4.45,4.40
10533,4.45,4.40
10534,4.45,4.40
10535,4.45,4.41
10536,4.45,4.41
10537,4.45,4.41
10539,4.45,4.42
10541,4.45,4.42
10542,4.45,4.42
10543,4.45,4.43
10544,4.45,4.43
10545,4.44,4.43
10547,4.45,4.43
10548,4.45,4.44
10549,4.45,4.44
10550,4.45,4.44
10551,4.45,4.45
10552,4.45,4.45
10554,4.45,4.46
10555,4.45,4.46
10556,4.45,4.46
10557,4.45,4.47
10558,4.44,4.47
10560,4.45,4.47
10561,4.45,4.48
10562,4.44,4.48
10563,4.45,4.48
10564,4.45,4.49
10565,4.45,4.49
10567,4.45,4.49
10568,4.45,4.50
10569,4.45,4.50
10570,4.45,4.51
10571,4.45,4.51
10573,4.45,4.52
10574,4.45,4.52
10575,4.45,4.52
10576,4.45,4.53
10577,4.45,4.53
10578,4.45,4.53
10580,4.45,4.54
10582,4.45,4.54
10583,4.45,4.55
10584,4.45,4.56
10585,4.45,4.56
10587,4.45,4.57
10588,4.45,4.57
10589,4.45,4.58
10590,4.45,4.59
10591,4.45,4.59
10592,4.45,4.60
10594,4.45,4.61
10595,4.45,4.61
10596,4.45,4.62
10597,4.45,4.63
10598,4.45,4.63
10599,4.45,4.64
10601,4.45,4.65
10602,4.45,4.66
10603,4.45,4.67
10604,4.45,4.68
10605,4.45,4.69
10607,4.45,4.69
10608,4.45,4.70
10609,4.45,4.71
10610,4.45,4.73
10611,4.45,4.74
10612,4.45,4.75
10614,4.45,4.76
10615,4.45,4.77
10616,4.45,4.77
10617,4.45,4.78
10618,4.45,4.79
10620,4.45,4.79
10621,4.45,4.80
10622,4.45,4.81
10624,4.45,4.82
10625,4.45,4.82
10626,4.45,4.83
10628,4.45,4.83
10629,4.45,4.84
10630,4.45,4.85
10631,4.45,4.85
10632,4.45,4.85
10634,4.45,4.86
10635,4.45,4.86
10636,4.45,4.87
10637,4.45,4.87
10638,4.45,4.88
10639,4.45,4.88
10641,4.45,4.88
10642,4.45,4.88
10643,4.45,4.89
10644,4.45,4.89
10645,4.45,4.89
10646,4.45,4.90
10648,4.45,4.90
10649,4.45,4.90
10650,4.45,4.90
10651,4.45,4.91
10652,4.45,4.91
10654,4.45,4.91
10655,4.45,4.91
10656,4.45,4.92
10657,4.44,4.92
10658,4.45,4.92
10659,4.45,4.92
10661,4.44,4.92
10662,4.45,4.92
10663,4.45,4.93
10664,4.45,4.93
10665,4.45,4.93
10668,4.45,4.93
10669,4.44,4.93
10670,4.45,4.93
10671,4.45,4.93
10672,4.45,4.94
10673,4.45,4.94
10675,4.45,4.94
10676,4.44,4.94
10677,4.45,4.94
10678,4.44,4.94
10679,4.44,4.94
10681,4.44,4.94
10682,4.44,4.94
10683,4.44,4.94
10684,4.44,4.95
10685,4.45,4.95
10686,4.45,4.95
10688,4.44,4.95
10689,4.44,4.95
10690,4.44,4.95
10691,4.45,4.95
10692,4.45,4.95
10694,4.45,4.95
10695,4.45,4.95
10696,4.45,4.96
10697,4.45,4.95
10698,4.45,4.96
10699,4.45,4.96
10701,4.45,4.96
10702,4.45,4.96
10703,4.44,4.96
10704,4.45,4.96
10705,4.44,4.96
10707,4.44,4.96
10708,4.44,4.96
10710,4.45,4.96
10711,4.44,4.96
10712,4.44,4.96
10714,4.45,4.96
10715,4.45,4.96
10716,4.45,4.96
10717,4.44,4.96
10718,4.44,4.96
10719,4.45,4.96
10721,4.45,4.96
10722,4.45,4.96
10723,4.45,4.97
10724,4.45,4.96
10725,4.44,4.96
10726,4.45,4.96
10728,4.44,4.97
10729,4.45,4.96
10730,4.45,4.97
10731,4.44,4.97
10732,4.45,4.97
10734,4.45,4.97
10735,4.45,4.97
10736,4.45,4.97
10737,4.45,4.97
10738,4.45,4.97
10740,4.45,4.97
10741,4.45,4.97
10742,4.45,4.97
10743,4.45,4.97
10744,4.45,4.97
10745,4.45,4.97
10747,4.45,4.97
10748,4.45,4.97
10749,4.45,4.97
10750,4.45,4.97
10752,4.44,4.97
10754,4.45,4.97
10755,4.45,4.97
10756,4.45,4.97
10757,4.45,4.97
10758,4.45,4.97
10760,4.45,4.97
10761,4.45,4.97
10762,4.45,4.97
10763,4.44,4.97
10764,4.45,4.97
10765,4.45,4.97
10767,4.45,4.97
10768,4.45,4.97
10769,4.45,4.97
10770,4.45,4.97
10771,4.45,4.97
10773,4.45,4.97
10774,4.45,4.97
10775,4.45,4.97
10776,4.45,4.97
10777,4.45,4.97
10778,4.45,4.97
10780,4.45,4.97
10781,4.45,4.97
10782,4.45,4.97
10783,4.45,4.97
10784,4.45,4.97
10786,4.45,4.97
10787,4.44,4.97
10788,4.45,4.97
10789,4.45,4.97
10790,4.44,4.97
10791,4.44,4.97
10793,4.44,4.97
10795,4.45,4.97
10796,4.45,4.97
10797,4.44,4.97
10798,4.45,4.97
10800,4.44,4.97
10801,4.45,4.97
10802,4.44,4.97
10803,4.44,4.97
10804,4.44,4.97
10805,4.44,4.97
10807,4.44,4.97
10808,4.44,4.97
10809,4.44,4.97
10810,4.44,4.97
10811,4.44,4.97
10812,4.44,4.97
10814,4.44,4.97
10815,4.44,4.97
10816,4.44,4.97
10817,4.45,4.97
10818,4.45,4.97
10820,4.44,4.97
10821,4.44,4.97
10822,4.44,4.97
10823,4.44,4.97
10824,4.45,4.97
10825,4.45,4.97
10827,4.44,4.97
10828,4.44,4.97
10829,4.44,4.97
10830,4.44,4.97
10831,4.45,4.97
10832,4.44,4.97
10834,4.45,4.97
10835,4.44,4.97
10836,4.44,4.97
10838,4.44,4.97
10839,4.45,4.97
10841,4.44,4.97
10842,4.44,4.97
10843,4.45,4.97
10844,4.44,4.97
10845,4.44,4.97
10846,4.45,4.97
10848,4.45,4.97
10849,4.45,4.97
10850,4.45,4.97
10851,4.44,4.97
10852,4.44,4.97
10853,4.44,4.97
10855,4.44,4.97
10856,4.44,4.97
10857,4.44,4.97
10858,4.44,4.97
10859,4.44,4.97
10861,4.44,4.97
10862,4.44,4.97
10863,4.44,4.97
10864,4.44,4.97
10865,4.44,4.97
10866,4.44,4.97
10868,4.44,4.97
10869,4.44,4.97
10870,4.44,4.97
10871,4.44,4.97
10872,4.44,4.97
10874,4.44,4.97
10875,4.44,4.97
10876,4.44,4.97
10877,4.44,4.97
10878,4.44,4.97
10880,4.44,4.97
10882,4.44,4.97
10883,4.44,4.97
10884,4.44,4.97
10885,4.44,4.97
10886,4.44,4.97
10887,4.44,4.97
10889,4.44,4.97
10890,4.44,4.97
10891,4.44,4.97
10892,4.44,4.97
10893,4.44,4.97
10894,4.44,4.97
10896,4.44,4.97
10897,4.44,4.97
10898,4.44,4.97
10899,4.44,4.97
10900,4.44,4.97
10902,4.44,4.97
10903,4.44,4.97
10904,4.44,4.97
10905,4.44,4.97
10906,4.44,4.97
10907,4.44,4.97
10909,4.44,4.97
10910,4.44,4.97
10911,4.44,4.97
10912,4.44,4.97
10913,4.44,4.97
10914,4.44,4.97
10916,4.44,4.97
10917,4.44,4.97
10918,4.44,4.97
10919,4.44,4.97
10920,4.44,4.97
10921,4.44,4.97
10924,4.44,4.97
10925,4.44,4.97
10926,4.44,4.97
10927,4.44,4.97
10928,4.44,4.97
10929,4.44,4.97
10931,4.44,4.97
10932,4.44,4.97
10933,4.44,4.97
10934,4.44,4.97
10935,4.44,4.97
10937,4.44,4.97
10938,4.44,4.97
10939,4.44,4.97
10940,4.44,4.97
10941,4.44,4.98
10942,4.44,4.97
10944,4.44,4.97
10945,4.44,4.97
10946,4.44,4.97
10947,4.44,4.97
10948,4.44,4.97
10949,4.44,4.97
10951,4.44,4.97
10952,4.44,4.97
10953,4.44,4.97
10954,4.44,4.96
10955,4.44,4.96
10957,4.44,4.96
10958,4.44,4.96
10959,4.44,4.95
10960,4.44,4.95
10961,4.44,4.94
10962,4.44,4.94
10964,4.44,4.93
10966,4.44,4.93
10967,4.44,4.92
10968,4.44,4.91
10969,4.44,4.91
10971,4.44,4.90
10972,4.44,4.89
10973,4.44,4.89
10974,4.44,4.88
10975,4.44,4.87
10976,4.44,4.86
10978,4.44,4.86
10979,4.44,4.85
10980,4.44,4.84
10981,4.44,4.83
10982,4.44,4.82
10983,4.44,4.81
10985,4.44,4.80
10986,4.44,4.80
10987,4.44,4.79
10988,4.44,4.78
10989,4.44,4.77
10991,4.44,4.76
10992,4.44,4.75
10993,4.44,4.74
10994,4.44,4.73
10995,4.44,4.72
10996,4.44,4.71
10998,4.44,4.70
10999,4.43,4.69
11000,4.43,4.68
11001,4.43,4.67
11002,4.43,4.66
11004,4.43,4.65
11005,4.43,4.65
11006,4.43,4.64
11008,4.43,4.63
11009,4.43,4.62
11010,4.43,4.61
11012,4.43,4.60
11013,4.43,4.59
11014,4.43,4.58
11015,4.43,4.57
11016,4.43,4.57
11018,4.43,4.56
11019,4.43,4.55
11020,4.43,4.55
11021,4.43,4.54
11022,4.43,4.53
11023,4.43,4.52
11025,4.43,4.52
11026,4.43,4.51
11027,4.42,4.50
11028,4.42,4.50
11029,4.43,4.49
11030,4.43,4.48
11032,4.42,4.48
11033,4.42,4.47
11034,4.42,4.47
11035,4.42,4.46
11036,4.42,4.46
11038,4.42,4.45
11039,4.42,4.45
11040,4.42,4.44
11041,4.42,4.44
11042,4.42,4.43
11043,4.42,4.43
11045,4.42,4.43
11046,4.42,4.42
11047,4.42,4.42
11048,4.42,4.41
11049,4.43,4.41
11052,4.43,4.41
11053,4.42,4.40
11054,4.42,4.40
11055,4.42,4.40
11056,4.43,4.40
11057,4.43,4.39
11059,4.42,4.39
11060,4.43,4.39
11061,4.43,4.39
11062,4.43,4.38
11063,4.43,4.38
11065,4.43,4.38
11066,4.43,4.37
11067,4.43,4.37
11068,4.43,4.37
11069,4.43,4.37
11070,4.43,4.37
11072,4.43,4.36
11073,4.43,4.36
11074,4.43,4.36
11075,4.43,4.36
11076,4.43,4.36
11077,4.43,4.35
11079,4.43,4.35
11080,4.43,4.35
11081,4.43,4.35
11082,4.43,4.35
11083,4.43,4.35
11085,4.43,4.35
11086,4.43,4.34
11087,4.43,4.34
11088,4.43,4.34
11089,4.43,4.34
11090,4.43,4.34
11092,4.43,4.34
11094,4.43,4.34
11095,4.43,4.33
11096,4.43,4.33
11097,4.43,4.33
11099,4.43,4.33
11100,4.43,4.33
11101,4.43,4.33
11102,4.43,4.33
11103,4.43,4.33
11105,4.43,4.32
11106,4.43,4.32
11107,4.43,4.32
11108,4.43,4.32
11109,4.43,4.32
11110,4.43,4.32
11112,4.43,4.32
11113,4.43,4.32
11114,4.43,4.32
11115,4.43,4.31
11116,4.43,4.31
11118,4.43,4.31
11119,4.43,4.31
11120,4.43,4.31
11121,4.43,4.31
11122,4.43,4.31
11123,4.43,4.31
11125,4.43,4.30
11126,4.43,4.30
11127,4.43,4.30
11128,4.43,4.30
11129,4.43,4.30
11131,4.43,4.30
11132,4.43,4.30
11133,4.43,4.30
11134,4.43,4.30
11136,4.43,4.30
11137,4.43,4.30
11139,4.43,4.30
11140,4.43,4.29
11141,4.43,4.29
11142,4.43,4.29
11143,4.43,4.29
11144,4.43,4.29
11146,4.43,4.29
11147,4.43,4.29
11148,4.43,4.29
11149,4.43,4.29
11150,4.43,4.29
11152,4.43,4.28
11153,4.43,4.28
11154,4.43,4.28
11155,4.43,4.28
11156,4.43,4.28
11157,4.43,4.28
11159,4.43,4.28
11160,4.43,4.28
11161,4.43,4.28
11162,4.43,4.28
11163,4.43,4.27
11165,4.43,4.27
11166,4.43,4.27
11167,4.43,4.27
11168,4.43,4.27
11169,4.43,4.27
11170,4.43,4.27
11172,4.43,4.26
11173,4.43,4.26
11174,4.43,4.26
11175,4.43,4.26
11176,4.43,4.26
11179,4.43,4.26
11180,4.43,4.26
11181,4.43,4.25
11182,4.43,4.25
11183,4.43,4.25
11184,4.43,4.25
11186,4.43,4.25
11187,4.43,4.25
11188,4.43,4.25
11189,4.43,4.24
11190,4.43,4.24
11192,4.43,4.24
11193,4.43,4.24
11194,4.43,4.24
11195,4.43,4.24
11196,4.43,4.23
11197,4.43,4.23
11199,4.43,4.23
11200,4.43,4.23
11201,4.43,4.23
11202,4.43,4.23
11203,4.43,4.22
11205,4.43,4.22
11206,4.43,4.22
11207,4.43,4.22
11208,4.43,4.22
11209,4.43,4.22
11210,4.43,4.22
11212,4.43,4.21
11213,4.43,4.21
11214,4.43,4.21
11215,4.43,4.21
11216,4.43,4.21
11218,4.43,4.20
11219,4.43,4.20
11220,4.43,4.20
11222,4.43,4.20
11223,4.43,4.20
11224,4.43,4.20
11226,4.43,4.20
11227,4.43,4.19
11228,4.43,4.19
11229,4.43,4.19
11230,4.43,4.19
11231,4.43,4.19
11233,4.43,4.19
11234,4.43,4.18
11235,4.43,4.18
11236,4.43,4.18
11237,4.43,4.18
11239,4.43,4.18
11240,4.43,4.18
11241,4.43,4.18
11242,4.43,4.17
11243,4.43,4.17
11244,4.43,4.17
11246,4.43,4.17
11247,4.43,4.17
11248,4.43,4.17
11249,4.43,4.16
11250,4.43,4.16
11252,4.43,4.16
11253,4.43,4.16
11254,4.43,4.16
11255,4.43,4.16
11256,4.43,4.16
11257,4.43,4.15
11259,4.43,4.15
11260,4.43,4.15
11261,4.43,4.15
11262,4.43,4.15
11264,4.43,4.15
11266,4.43,4.15
11267,4.43,4.15
11268,4.43,4.15
11269,4.43,4.14
11270,4.43,4.14
11271,4.43,4.14
11273,4.43,4.14
11274,4.43,4.14
11275,4.43,4.14
11276,4.43,4.14
11277,4.43,4.14
11278,4.43,4.14
11280,4.43,4.14
11281,4.43,4.14
11282,4.43,4.13
11283,4.43,4.13
11284,4.43,4.13
11286,4.43,4.13
11287,4.43,4.13
11288,4.43,4.13
11289,4.43,4.13
11290,4.43,4.13
11291,4.43,4.13
11293,4.43,4.13
11294,4.43,4.13
11295,4.43,4.13
11296,4.43,4.13
11297,4.43,4.13
11299,4.43,4.13
11300,4.43,4.13
11301,4.43,4.13
11302,4.43,4.13
11303,4.43,4.12
11304,4.43,4.12
11307,4.43,4.12
11308,4.43,4.12
11309,4.43,4.12
11310,4.43,4.12
11311,4.43,4.12
11313,4.43,4.12
11314,4.43,4.12
11315,4.43,4.12
11316,4.43,4.12
11317,4.43,4.12
11318,4.43,4.12
11320,4.43,4.12
11321,4.43,4.12
11322,4.43,4.12
11323,4.43,4.12
11324,4.43,4.12
11326,4.43,4.11
11327,4.43,4.12
11328,4.43,4.11
11329,4.43,4.11
11330,4.43,4.11
11331,4.43,4.11
11333,4.43,4.11
11334,4.43,4.11
11335,4.43,4.11
11336,4.43,4.11
11337,4.43,4.11
11339,4.43,4.11
11340,4.43,4.11
11341,4.43,4.11
11342,4.43,4.11
11343,4.43,4.11
11344,4.43,4.11
11346,4.43,4.11
11347,4.43,4.11
11348,4.43,4.11
11350,4.43,4.11
11351,4.43,4.10
11353,4.43,4.10
11354,4.43,4.10
11355,4.43,4.10
11356,4.43,4.10
11357,4.43,4.10
11358,4.43,4.10
11360,4.43,4.10
11361,4.43,4.10
11362,4.43,4.10
11363,4.43,4.10
11364,4.43,4.10
11366,4.43,4.10
11367,4.43,4.10
11368,4.43,4.10
11369,4.43,4.10
11370,4.43,4.09
11371,4.43,4.09
11373,4.43,4.09
11374,4.43,4.09
11375,4.43,4.09
11376,4.43,4.09
11377,4.43,4.09
11378,4.43,4.09
11380,4.43,4.09
11381,4.43,4.09
11382,4.43,4.09
11383,4.43,4.09
11384,4.43,4.09
11385,4.43,4.09
11387,4.43,4.09
11388,4.43,4.09
11389,4.43,4.09
11390,4.43,4.09
11392,4.43,4.08
11394,4.43,4.08
11395,4.43,4.08
11396,4.43,4.08
11397,4.43,4.08
11398,4.43,4.08
11399,4.43,4.08
11401,4.43,4.08
11402,4.43,4.08
11403,4.43,4.08
11404,4.43,4.08
11405,4.43,4.08
11406,4.43,4.08
11408,4.43,4.08
11409,4.43,4.08
11410,4.43,4.08
11411,4.43,4.08
11412,4.43,4.08
11414,4.43,4.08
11415,4.43,4.08
11416,4.43,4.08
11417,4.43,4.07
11418,4.43,4.07
11419,4.43,4.07
11421,4.43,4.07
11422,4.43,4.07
11423,4.43,4.07
11424,4.43,4.07
11425,4.43,4.07
11426,4.43,4.07
11428,4.43,4.07
11429,4.43,4.07
11430,4.43,4.07
11431,4.43,4.07
11432,4.43,4.07
11435,4.43,4.07
11436,4.43,4.07
11437,4.43,4.07
11438,4.43,4.07
11439,4.43,4.07
11440,4.43,4.07
11442,4.43,4.07
11443,4.43,4.06
11444,4.43,4.07
11445,4.43,4.07
11446,4.43,4.06
11447,4.43,4.06
11449,4.43,4.06
11450,4.43,4.06
11451,4.43,4.06
11452,4.43,4.06
11453,4.43,4.06
11455,4.43,4.06
11456,4.43,4.06
11457,4.43,4.06
11458,4.43,4.06
11459,4.43,4.06
11460,4.43,4.06
11462,4.43,4.06
11463,4.43,4.06
11464,4.43,4.06
11465,4.43,4.06
11466,4.43,4.06
11467,4.43,4.06
11469,4.43,4.06
11470,4.43,4.06
11471,4.43,4.06
11472,4.43,4.06
11473,4.43,4.06
11475,4.43,4.06
11476,4.43,4.06
11478,4.43,4.05
11479,4.43,4.06
11480,4.43,4.06
11481,4.43,4.06
11483,4.43,4.06
11484,4.42,4.05
11485,4.43,4.06
11486,4.43,4.05
11487,4.43,4.05
11488,4.43,4.05
11490,4.43,4.05
11491,4.43,4.05
11492,4.43,4.05
11493,4.43,4.05
11494,4.43,4.05
11496,4.43,4.05
11497,4.43,4.05
11498,4.43,4.05
11499,4.43,4.05
11500,4.43,4.05
11501,4.43,4.05
11503,4.43,4.05
11504,4.43,4.05
11505,4.43,4.05
11506,4.43,4.05
11507,4.43,4.05
11508,4.43,4.05
11510,4.43,4.05
11511,4.43,4.05
11512,4.43,4.05
11513,4.43,4.05
11514,4.43,4.05
11515,4.43,4.05
11517,4.43,4.05
11518,4.43,4.05
11520,4.43,4.05
11521,4.43,4.05
11522,4.43,4.05
11523,4.43,4.05
11525,4.43,4.05
11526,4.43,4.05
11527,4.43,4.05
11528,4.43,4.05
11529,4.43,4.05
11531,4.43,4.05
11532,4.42,4.05
11533,4.43,4.05
11534,4.43,4.05
11535,4.43,4.05
11536,4.43,4.05
11538,4.43,4.05
11539,4.43,4.05
11540,4.43,4.05
11541,4.43,4.05
11542,4.43,4.05
11543,4.43,4.05
11545,4.43,4.05
11546,4.43,4.05
11547,4.43,4.05
11548,4.43,4.05
11549,4.43,4.05
11551,4.43,4.05
11552,4.43,4.05
11553,4.43,4.05
11554,4.43,4.05
11555,4.43,4.05
11556,4.43,4.05
11558,4.43,4.05
11559,4.43,4.05
11560,4.43,4.05
11561,4.43,4.05
11563,4.43,4.05
11565,4.43,4.05
11566,4.43,4.05
11567,4.43,4.05
11568,4.43,4.05
11569,4.43,4.05
11570,4.42,4.05
11572,4.42,4.05
11573,4.42,4.05
11574,4.43,4.05
11575,4.42,4.05
11576,4.42,4.05
11578,4.42,4.04
11579,4.43,4.05
11580,4.43,4.05
11581,4.43,4.05
11582,4.42,4.05
11583,4.42,4.05
11585,4.43,4.04
11586,4.42,4.05
11587,4.43,4.05
11588,4.43,4.05
11589,4.42,4.05
11590,4.42,4.05
11592,4.43,4.05
11593,4.43,4.05
11594,4.43,4.05
11595,4.43,4.05
11596,4.42,4.05
11598,4.43,4.05
11599,4.43,4.05
11600,4.43,4.05
11601,4.42,4.05
11602,4.43,4.05
11603,4.43,4.05
11606,4.43,4.05
11607,4.42,4.05
11608,4.42,4.05
11609,4.43,4.05
11610,4.43,4.05
11612,4.43,4.05
11613,4.42,4.05
11614,4.42,4.04
11615,4.43,4.04
11616,4.43,4.05
11617,4.43,4.04
11619,4.42,4.04
11620,4.43,4.04
11621,4.43,4.05
11622,4.42,4.05
11623,4.42,4.05
11624,4.42,4.05
11626,4.42,4.05
11627,4.43,4.04
11628,4.43,4.04
11629,4.43,4.04
11630,4.43,4.04
11632,4.43,4.04
11633,4.43,4.05
11634,4.43,4.05
11635,4.43,4.04
11636,4.42,4.04
11637,4.43,4.05
11639,4.43,4.04
11640,4.43,4.05
11641,4.42,4.04
11642,4.43,4.04
11643,4.43,4.04
11644,4.42,4.04
11646,4.42,4.04
11648,4.42,4.04
11649,4.43,4.04
11650,4.42,4.04
11651,4.43,4.04
11652,4.42,4.04
11654,4.42,4.04
11655,4.42,4.04
11656,4.43,4.04
11657,4.42,4.04
11658,4.42,4.04
11660,4.42,4.04
11661,4.42,4.04
11662,4.43,4.04
11663,4.42,4.04
11664,4.43,4.04
11665,4.42,4.04
11667,4.42,4.04
11668,4.42,4.04
11669,4.42,4.04
11670,4.42,4.04
11671,4.42,4.04
11672,4.42,4.04
11674,4.42,4.04
11675,4.42,4.04
11676,4.43,4.04
11677,4.42,4.04
11678,4.42,4.04
11679,4.43,4.04
11681,4.42,4.04
11682,4.43,4.04
11683,4.42,4.04
11684,4.42,4.04
11685,4.43,4.04
11686,4.43,4.04
11688,4.43,4.04
11689,4.42,4.04
11691,4.43,4.04
11692,4.43,4.04
11693,4.43,4.04
11695,4.42,4.04
11696,4.42,4.04
11697,4.42,4.04
11698,4.43,4.04
11699,4.43,4.04
11700,4.43,4.04
11702,4.43,4.04
11703,4.43,4.04
11704,4.43,4.04
11705,4.43,4.04
11706,4.43,4.04
11707,4.43,4.04
11709,4.43,4.04
11710,4.43,4.04
11711,4.43,4.04
11712,4.43,4.04
11713,4.43,4.04
11715,4.43,4.04
11716,4.43,4.04
11717,4.43,4.04
11718,4.43,4.04
11719,4.42,4.04
11720,4.42,4.04
11722,4.42,4.04
11723,4.42,4.04
11724,4.42,4.04
11725,4.42,4.04
11726,4.42,4.04
11727,4.42,4.04
11729,4.42,4.04
11730,4.42,4.04
11731,4.42,4.04
11732,4.42,4.04
11734,4.42,4.04
11736,4.42,4.04
11737,4.42,4.04
11738,4.42,4.04
11739,4.42,4.04
11740,4.42,4.04
11741,4.42,4.04
11743,4.42,4.04
11744,4.42,4.04
11745,4.42,4.04
11746,4.42,4.04
11747,4.42,4.04
11749,4.42,4.03
11750,4.42,4.04
11751,4.42,4.03
11752,4.42,4.04
11753,4.42,4.03
11754,4.42,4.04
11756,4.42,4.04
11757,4.42,4.04
11758,4.42,4.04
11759,4.42,4.04
11760,4.42,4.04
11761,4.42,4.04
11763,4.43,4.04
11764,4.43,4.04
11765,4.42,4.04
11766,4.43,4.04
11767,4.43,4.03
11769,4.43,4.03
11770,4.43,4.03
11771,4.42,4.03
11772,4.42,4.03
11773,4.42,4.04
11774,4.42,4.03
11777,4.42,4.03
11778,4.42,4.03
11779,4.42,4.03
11780,4.42,4.03
11781,4.42,4.03
11782,4.42,4.03
11784,4.42,4.03
11785,4.43,4.03
11786,4.42,4.03
11787,4.42,4.03
11788,4.42,4.03
11789,4.42,4.03
11791,4.42,4.03
11792,4.42,4.03
11793,4.42,4.03
11794,4.42,4.03
11795,4.42,4.03
11797,4.42,4.03
11798,4.42,4.03
11799,4.42,4.03
11800,4.42,4.03
11801,4.42,4.03
11802,4.42,4.03
11804,4.42,4.03
11805,4.42,4.03
11806,4.42,4.03
11807,4.42,4.03
11808,4.42,4.03
11809,4.42,4.03
11811,4.42,4.03
11812,4.42,4.03
11813,4.42,4.03
11814,4.42,4.03
11815,4.42,4.03
11816,4.42,4.03
11819,4.42,4.02
11820,4.42,4.03
11821,4.42,4.02
11822,4.42,4.02
11823,4.42,4.02
11825,4.42,4.02
11826,4.42,4.02
11827,4.42,4.02
11828,4.42,4.02
11829,4.42,4.02
11830,4.42,4.02
11832,4.42,4.02
11833,4.42,4.02
11834,4.42,4.02
11835,4.42,4.02
11836,4.42,4.02
11837,4.42,4.02
11839,4.42,4.02
11840,4.42,4.02
11841,4.43,4.02
11842,4.43,4.02
11843,4.43,4.02
11844,4.43,4.02
11846,4.43,4.02
11847,4.43,4.02
11848,4.43,4.02
11849,4.43,4.02
11850,4.43,4.02
11851,4.43,4.02
11853,4.43,4.02
11854,4.43,4.02
11855,4.43,4.02
11856,4.43,4.02
11857,4.42,4.02
11859,4.42,4.02
11860,4.42,4.02
11862,4.42,4.02
11863,4.42,4.02
11864,4.42,4.02
11865,4.42,4.02
11867,4.42,4.02
11868,4.42,4.02
11869,4.42,4.02
11870,4.42,4.02
11871,4.42,4.02
11872,4.42,4.02
11874,4.42,4.02
11875,4.41,4.02
11876,4.41,4.02
11877,4.41,4.02
11878,4.41,4.02
11879,4.41,4.02
11881,4.41,4.02
11882,4.41,4.02
11883,4.41,4.02
11884,4.41,4.02
11885,4.41,4.02
11886,4.41,4.02
11888,4.42,4.02
11889,4.42,4.02
11890,4.42,4.02
11891,4.42,4.02
11892,4.42,4.02
11894,4.42,4.02
11895,4.42,4.02
11896,4.42,4.02
11897,4.42,4.02
11898,4.42,4.02
11899,4.42,4.02
11901,4.42,4.02
11902,4.42,4.02
11904,4.42,4.02
11905,4.42,4.02
11906,4.42,4.02
11907,4.42,4.02
11909,4.42,4.02
11910,4.42,4.02
11911,4.42,4.02
11912,4.42,4.02
11913,4.42,4.02
11914,4.42,4.02
11916,4.42,4.02
11917,4.42,4.02
11918,4.42,4.02
11919,4.42,4.02
11920,4.42,4.02
11921,4.42,4.02
11923,4.42,4.02
11924,4.42,4.02
11925,4.42,4.02
11926,4.42,4.02
11927,4.42,4.02
11928,4.42,4.02
11930,4.42,4.02
11931,4.42,4.02
11932,4.42,4.02
11933,4.42,4.02
11934,4.42,4.02
11936,4.42,4.02
11937,4.42,4.02
11938,4.42,4.02
11939,4.42,4.02
11940,4.41,4.02
11941,4.41,4.02
11943,4.41,4.02
11944,4.42,4.02
11945,4.42,4.02
11947,4.42,4.02
11948,4.42,4.02
11949,4.42,4.02
11951,4.42,4.02
11952,4.42,4.02
11953,4.42,4.02
11954,4.42,4.02
11955,4.42,4.02
11956,4.42,4.02
11958,4.42,4.02
11959,4.42,4.02
11960,4.42,4.02
11961,4.42,4.02
11962,4.42,4.02
11963,4.42,4.02
11965,4.42,4.02
11966,4.42,4.02
11967,4.42,4.02
11968,4.42,4.02
11969,4.42,4.02
11971,4.42,4.02
11972,4.43,4.02
11973,4.43,4.02
11974,4.43,4.02
11975,4.43,4.02
11976,4.43,4.02
11978,4.43,4.02
11979,4.42,4.02
11980,4.42,4.02
11981,4.42,4.02
11982,4.42,4.02
11983,4.42,4.02
11985,4.42,4.02
11986,4.42,4.02
11987,4.42,4.02
11988,4.42,4.02
11990,4.42,4.02
11991,4.42,4.02
11993,4.42,4.02
11994,4.42,4.02
11995,4.42,4.02
11996,4.42,4.02
11997,4.42,4.02
11998,4.42,4.02
12000,4.42,4.02
12001,4.42,4.02
12002,4.42,4.02
12003,4.42,4.02
12004,4.42,4.02
12006,4.42,4.02
12007,4.42,4.02
12008,4.42,4.02
12009,4.42,4.02
12010,4.42,4.02
12011,4.42,4.02
12013,4.42,4.02
12014,4.42,4.02
12015,4.42,4.02
12016,4.42,4.02
12017,4.42,4.03
12018,4.42,4.02
12020,4.42,4.02
12021,4.42,4.02
12022,4.42,4.02
12023,4.42,4.02
12024,4.42,4.02
12025,4.42,4.02
12027,4.42,4.02
12028,4.42,4.02
12029,4.43,4.02
12030,4.43,4.02
12032,4.42,4.02
12033,4.42,4.02
12035,4.42,4.03
12036,4.42,4.02
12037,4.42,4.02
12038,4.42,4.02
12039,4.42,4.02
12040,4.42,4.02
12042,4.42,4.03
12043,4.42,4.03
12044,4.42,4.03
12045,4.42,4.02
12046,4.42,4.02
12048,4.42,4.02
12049,4.42,4.02
12050,4.42,4.03
12051,4.42,4.02
12052,4.42,4.02
12053,4.42,4.03
12055,4.42,4.03
12056,4.42,4.03
12057,4.42,4.03
12058,4.42,4.03
12059,4.42,4.03
12060,4.42,4.03
12062,4.42,4.03
12063,4.42,4.03
12064,4.42,4.03
12065,4.42,4.03
12066,4.42,4.03
12068,4.42,4.03
12069,4.42,4.03
12070,4.42,4.03
12071,4.42,4.03
12072,4.42,4.03
12073,4.43,4.03
12076,4.42,4.03
12077,4.42,4.03
12078,4.42,4.03
12079,4.42,4.03
12080,4.42,4.03
12081,4.42,4.03
12083,4.42,4.03
12084,4.42,4.03
12085,4.42,4.03
12086,4.42,4.03
12087,4.42,4.03
12088,4.42,4.03
12090,4.42,4.03
12091,4.42,4.03
12092,4.42,4.03
12093,4.42,4.03
12094,4.42,4.03
12096,4.42,4.03
12097,4.42,4.03
12098,4.42,4.03
12099,4.42,4.03
12100,4.42,4.03
12101,4.42,4.03
12103,4.42,4.03
12104,4.42,4.03
12105,4.42,4.03
12106,4.42,4.03
12107,4.42,4.03
12108,4.42,4.03
12110,4.42,4.03
12111,4.42,4.03
12112,4.42,4.03
12113,4.42,4.03
12114,4.43,4.03
12115,4.43,4.03
12118,4.43,4.03
12119,4.43,4.03
12120,4.43,4.03
12121,4.43,4.03
12122,4.43,4.03
12123,4.43,4.03
12125,4.43,4.03
12126,4.43,4.03
12127,4.43,4.03
12128,4.43,4.03
12129,4.43,4.03
12131,4.43,4.03
12132,4.43,4.04
12133,4.43,4.04
12134,4.43,4.03
12135,4.42,4.04
12136,4.43,4.04
12138,4.42,4.04
12139,4.42,4.04
12140,4.42,4.03
12141,4.42,4.03
12142,4.42,4.03
12143,4.43,4.03
12145,4.43,4.03
12146,4.42,4.03
12147,4.42,4.03
12148,4.43,4.03
12149,4.43,4.03
12150,4.43,4.03
12152,4.42,4.03
12153,4.42,4.03
12154,4.42,4.03
12155,4.42,4.03
12156,4.42,4.04
12158,4.42,4.03
12160,4.42,4.03
12161,4.42,4.03
12162,4.42,4.03
12163,4.42,4.03
12164,4.42,4.04
12166,4.42,4.04
12167,4.42,4.04
12168,4.42,4.04
12169,4.42,4.04
12170,4.42,4.04
12171,4.42,4.04
12173,4.42,4.04
12174,4.42,4.04
12175,4.42,4.04
12176,4.42,4.04
12177,4.42,4.04
12179,4.42,4.04
12180,4.42,4.04
12181,4.42,4.04
12182,4.42,4.04
12183,4.42,4.04
12184,4.42,4.04
12186,4.42,4.04
12187,4.42,4.04
12188,4.42,4.04
12189,4.43,4.04
12190,4.42,4.04
12191,4.42,4.04
12193,4.42,4.04
12194,4.42,4.04
12195,4.42,4.04
12196,4.42,4.04
12197,4.42,4.04
12198,4.42,4.04
12200,4.42,4.04
12201,4.42,4.04
12203,4.42,4.04
12204,4.42,4.04
12205,4.42,4.04
12207,4.42,4.04
12208,4.42,4.04
12209,4.42,4.04
12210,4.42,4.04
12211,4.42,4.04
12212,4.42,4.04
12214,4.42,4.04
12215,4.42,4.04
12216,4.42,4.04
12217,4.42,4.04
12218,4.42,4.04
12219,4.42,4.05
12221,4.42,4.05
12222,4.42,4.05
12223,4.42,4.04
12224,4.42,4.05
12225,4.42,4.04
12226,4.42,4.04
12228,4.42,4.04
12229,4.42,4.04
12230,4.42,4.05
12231,4.42,4.04
12232,4.42,4.04
12234,4.42,4.05
12235,4.42,4.04
12236,4.42,4.05
12237,4.42,4.05
12238,4.42,4.05
12239,4.42,4.05
12241,4.42,4.05
12242,4.42,4.05
12243,4.42,4.05
12244,4.42,4.05
12246,4.42,4.05
12247,4.42,4.05
12249,4.42,4.05
12250,4.42,4.05
12251,4.43,4.05
12252,4.43,4.05
12253,4.43,4.05
12255,4.43,4.05
12256,4.43,4.05
12257,4.43,4.05
12258,4.43,4.05
12259,4.43,4.05
12260,4.43,4.05
12262,4.42,4.05
12263,4.42,4.05
12264,4.42,4.05
12265,4.42,4.05
12266,4.42,4.05
12267,4.42,4.05
12269,4.42,4.05
12270,4.42,4.05
12271,4.42,4.05
12272,4.42,4.05
12273,4.41,4.05
12274,4.41,4.05
12276,4.42,4.05
12277,4.42,4.05
12278,4.42,4.05
12279,4.42,4.05
12280,4.42,4.05
12281,4.42,4.05
12283,4.42,4.05
12284,4.42,4.05
12285,4.42,4.05
12286,4.42,4.05
12288,4.42,4.05
12290,4.42,4.05
12291,4.42,4.05
12292,4.42,4.05
12293,4.42,4.05
12294,4.42,4.05
12295,4.42,4.05
12297,4.42,4.05
12298,4.42,4.05
12299,4.42,4.05
12300,4.42,4.05
12301,4.42,4.05
12302,4.42,4.05
12304,4.42,4.05
12305,4.42,4.05
12306,4.42,4.05
12307,4.42,4.05
12308,4.42,4.05
12309,4.42,4.05
12311,4.42,4.05
12312,4.42,4.05
12313,4.42,4.05
12314,4.42,4.05
12315,4.42,4.05
12316,4.42,4.05
12318,4.42,4.05
12319,4.42,4.05
12320,4.42,4.05
12321,4.42,4.05
12322,4.42,4.05
12323,4.42,4.05
12325,4.42,4.05
12326,4.42,4.05
12327,4.42,4.05
12328,4.43,4.05
12329,4.42,4.05
12332,4.42,4.05
12333,4.43,4.05
12334,4.43,4.05
12335,4.43,4.05
12336,4.43,4.05
12337,4.43,4.05
12339,4.43,4.05
12340,4.43,4.05
12341,4.43,4.05
12342,4.43,4.05
12343,4.42,4.05
12344,4.42,4.05
12346,4.42,4.05
12347,4.42,4.05
12348,4.42,4.05
12349,4.42,4.05
12350,4.42,4.05
12351,4.42,4.05
12353,4.42,4.05
12354,4.42,4.05
12355,4.42,4.05
12356,4.42,4.05
12357,4.42,4.05
12359,4.42,4.05
12360,4.42,4.05
12361,4.42,4.05
12362,4.42,4.05
12363,4.42,4.05
12364,4.42,4.05
12366,4.42,4.05
12367,4.42,4.05
12368,4.42,4.05
12369,4.42,4.05
12370,4.42,4.05
12372,4.42,4.05
12374,4.42,4.05
12375,4.42,4.05
12376,4.42,4.05
12377,4.42,4.05
12378,4.42,4.05
12380,4.42,4.05
12381,4.42,4.05
12382,4.42,4.05
12383,4.42,4.05
12384,4.42,4.05
12386,4.42,4.05
12387,4.42,4.05
12388,4.42,4.05
12389,4.42,4.05
12390,4.42,4.05
12391,4.42,4.05
12393,4.42,4.05
12394,4.42,4.05
12395,4.42,4.05
12396,4.42,4.05
12397,4.42,4.05
12398,4.42,4.05
12400,4.42,4.05
12401,4.42,4.05
12402,4.42,4.05
12403,4.42,4.05
12404,4.42,4.05
12406,4.42,4.05
12407,4.42,4.05
12408,4.42,4.05
12409,4.42,4.05
12410,4.42,4.05
12411,4.42,4.05
12413,4.42,4.05
12414,4.42,4.05
12416,4.42,4.05
12417,4.42,4.05
12418,4.42,4.05
12420,4.42,4.05
12421,4.42,4.04
12422,4.42,4.05
12423,4.42,4.05
12424,4.42,4.05
12425,4.42,4.05
12427,4.42,4.04
12428,4.42,4.04
12429,4.42,4.04
12430,4.42,4.04
12431,4.42,4.05
12432,4.42,4.04
12434,4.42,4.04
12435,4.42,4.04
12436,4.42,4.04
12437,4.42,4.04
12438,4.42,4.04
12440,4.42,4.04
12441,4.42,4.04
12442,4.42,4.04
12443,4.42,4.04
12444,4.42,4.04
12445,4.42,4.04
12447,4.42,4.04
12448,4.42,4.04
12449,4.42,4.04
12450,4.42,4.04
12451,4.42,4.04
12452,4.42,4.04
12454,4.42,4.04
12455,4.42,4.04
12456,4.42,4.04
12457,4.42,4.04
12459,4.42,4.04
12460,4.42,4.05
12462,4.42,4.04
12463,4.42,4.04
12464,4.42,4.04
12465,4.42,4.04
12466,4.42,4.04
12467,4.42,4.04
12469,4.42,4.04
12470,4.42,4.04
12471,4.42,4.04
12472,4.42,4.04
12473,4.42,4.04
12475,4.42,4.04
12476,4.42,4.04
12477,4.42,4.04
12478,4.41,4.04
12479,4.42,4.04
12480,4.42,4.04
12482,4.42,4.04
12483,4.42,4.04
12484,4.42,4.04
12485,4.42,4.04
12486,4.42,4.04
12487,4.42,4.04
12489,4.42,4.04
12490,4.42,4.04
12491,4.42,4.04
12492,4.42,4.04
12493,4.42,4.04
12494,4.42,4.04
12496,4.42,4.04
12497,4.42,4.04
12498,4.42,4.04
12499,4.42,4.04
12500,4.42,4.04
12502,4.42,4.04
12504,4.42,4.04
12505,4.42,4.04
12506,4.42,4.04
12507,4.42,4.04
12508,4.42,4.04
12510,4.42,4.04
12511,4.42,4.04
12512,4.42,4.04
12513,4.42,4.04
12514,4.42,4.04
12515,4.42,4.04
12517,4.42,4.04
12518,4.42,4.04
12519,4.42,4.04
12520,4.42,4.04
12521,4.42,4.04
12522,4.42,4.04
12524,4.42,4.04
12525,4.42,4.04
12526,4.42,4.04
12527,4.42,4.04
12528,4.42,4.04
12529,4.42,4.04
12531,4.42,4.04
12532,4.42,4.04
12533,4.42,4.04
12534,4.42,4.04
12535,4.42,4.04
12537,4.42,4.04
12538,4.42,4.04
12539,4.42,4.04
12540,4.42,4.04
12541,4.42,4.04
12542,4.42,4.04
12545,4.42,4.04
12546,4.42,4.04
12547,4.42,4.04
12548,4.41,4.04
12549,4.42,4.04
12551,4.42,4.04
12552,4.42,4.04
12553,4.42,4.04
12554,4.42,4.04
12555,4.42,4.04
12556,4.42,4.04
12558,4.42,4.04
12559,4.42,4.03
12560,4.42,4.03
12561,4.42,4.04
12562,4.42,4.03
12563,4.42,4.03
12565,4.42,4.03
12566,4.42,4.04
12567,4.42,4.04
12568,4.42,4.04
12569,4.42,4.04
12571,4.42,4.04
12572,4.42,4.04
12573,4.42,4.04
12574,4.42,4.04
12575,4.42,4.04
12576,4.42,4.04
12578,4.42,4.04
12579,4.42,4.04
12580,4.42,4.04
12581,4.42,4.04
12582,4.42,4.04
12584,4.42,4.04
12585,4.42,4.04
12587,4.42,4.04
12588,4.42,4.04
12589,4.42,4.04
12590,4.42,4.03
12592,4.42,4.03
12593,4.42,4.03
12594,4.42,4.03
12595,4.42,4.03
12596,4.42,4.03
12597,4.42,4.03
12599,4.42,4.03
12600,4.42,4.03
12601,4.42,4.03
12602,4.42,4.03
12603,4.42,4.03
12604,4.42,4.03
12606,4.42,4.03
12607,4.42,4.03
12608,4.42,4.03
12609,4.42,4.03
12610,4.42,4.03
12612,4.42,4.03
12613,4.42,4.03
12614,4.42,4.03
12615,4.42,4.03
12616,4.42,4.04
12617,4.42,4.03
12619,4.42,4.03
12620,4.42,4.03
12621,4.42,4.03
12622,4.42,4.03
12623,4.42,4.03
12624,4.42,4.03
12626,4.42,4.03
12627,4.42,4.03
12628,4.42,4.03
12630,4.42,4.03
12631,4.42,4.03
12632,4.42,4.03
12634,4.42,4.03
12635,4.42,4.03
12636,4.42,4.03
12637,4.42,4.03
12638,4.42,4.04
12639,4.42,4.03
12641,4.42,4.03
12642,4.42,4.03
12643,4.42,4.03
12644,4.42,4.03
12645,4.42,4.03
12647,4.42,4.03
12648,4.42,4.03
12649,4.42,4.03
12650,4.42,4.03
12651,4.42,4.03
12652,4.42,4.03
12654,4.42,4.03
12655,4.41,4.03
12656,4.42,4.03
12657,4.42,4.03
12658,4.42,4.03
12659,4.42,4.03
12661,4.42,4.03
12662,4.42,4.03
12663,4.42,4.03
12664,4.42,4.03
12665,4.42,4.03
12666,4.42,4.03
12668,4.42,4.03
12669,4.42,4.03
12670,4.42,4.03
12672,4.42,4.03
12673,4.42,4.03
12674,4.42,4.03
12676,4.42,4.03
12677,4.42,4.03
12678,4.42,4.03
12679,4.42,4.03
12680,4.42,4.03
12682,4.42,4.03
12683,4.42,4.03
12684,4.42,4.03
12685,4.42,4.03
12686,4.42,4.03
12687,4.41,4.03
12689,4.42,4.03
12690,4.42,4.03
12691,4.42,4.03
12692,4.42,4.03
12693,4.42,4.03
12694,4.42,4.03
12696,4.42,4.03
12697,4.42,4.03
12698,4.42,4.03
12699,4.42,4.03
12700,4.42,4.03
12701,4.42,4.03
12703,4.42,4.03
12704,4.42,4.03
12705,4.42,4.03
12706,4.42,4.03
12707,4.42,4.03
12708,4.42,4.03
12710,4.42,4.03
12711,4.42,4.03
12712,4.42,4.03
12713,4.42,4.03
12715,4.42,4.03
12716,4.42,4.03
12718,4.42,4.03
12719,4.42,4.03
12720,4.42,4.03
12721,4.41,4.03
12722,4.41,4.03
12724,4.41,4.03
12725,4.41,4.03
12726,4.41,4.03
12727,4.41,4.03
12728,4.41,4.03
12729,4.41,4.03
12731,4.41,4.03
12732,4.41,4.03
12733,4.41,4.03
12734,4.41,4.03
12735,4.41,4.03
12736,4.41,4.03
12738,4.41,4.03
12739,4.41,4.03
12740,4.41,4.03
12741,4.41,4.03
12742,4.42,4.03
12743,4.42,4.03
12745,4.42,4.03
12746,4.42,4.03
12747,4.42,4.03
12748,4.42,4.03
12749,4.42,4.03
12750,4.42,4.03
12752,4.42,4.03
12753,4.42,4.03
12754,4.42,4.03
12755,4.41,4.03
12756,4.41,4.03
12759,4.42,4.03
12760,4.42,4.03
12761,4.42,4.03
12762,4.42,4.03
12763,4.42,4.03
12764,4.41,4.03
12766,4.41,4.03
12767,4.42,4.03
12768,4.41,4.03
12769,4.41,4.03
12770,4.42,4.03
12771,4.42,4.03
12773,4.42,4.03
12774,4.42,4.03
12775,4.41,4.03
12776,4.41,4.03
12777,4.41,4.03
12778,4.41,4.03
12780,4.41,4.03
12781,4.41,4.03
12782,4.41,4.03
12783,4.42,4.03
12784,4.41,4.03
12785,4.41,4.03
12787,4.42,4.03
12788,4.42,4.03
12789,4.42,4.03
12790,4.42,4.03
12791,4.41,4.03
12793,4.42,4.03
12794,4.42,4.03
12795,4.42,4.03
12796,4.41,4.03
12797,4.41,4.03
12798,4.42,4.03
12801,4.42,4.03
12802,4.42,4.03
12803,4.42,4.03
12804,4.42,4.03
12805,4.42,4.03
12806,4.42,4.03
12808,4.42,4.03
12809,4.42,4.03
12810,4.41,4.03
12811,4.42,4.03
12812,4.42,4.03
12813,4.41,4.03
12815,4.42,4.03
12816,4.42,4.03
12817,4.42,4.03
12818,4.42,4.03
12819,4.42,4.03
12820,4.42,4.03
12822,4.42,4.03
12823,4.42,4.03
12824,4.42,4.03
12825,4.42,4.03
12826,4.42,4.03
12828,4.42,4.03
12829,4.42,4.03
12830,4.42,4.03
12831,4.42,4.03
12832,4.42,4.03
12833,4.42,4.03
12835,4.42,4.03
12836,4.42,4.03
12837,4.42,4.03
12838,4.42,4.03
12839,4.42,4.03
12840,4.42,4.03
12843,4.42,4.03
12844,4.42,4.03
12845,4.42,4.03
12846,4.42,4.03
12847,4.42,4.03
12849,4.42,4.03
12850,4.42,4.03
12851,4.42,4.03
12852,4.42,4.03
12853,4.42,4.03
12854,4.41,4.03
12856,4.41,4.03
12857,4.41,4.03
12858,4.41,4.03
12859,4.41,4.03
12860,4.41,4.03
12861,4.41,4.03
12863,4.41,4.03
12864,4.42,4.03
12865,4.42,4.03
12866,4.42,4.03
12867,4.42,4.03
12869,4.41,4.03
12870,4.42,4.03
12871,4.41,4.03
12872,4.41,4.03
12873,4.41,4.03
12874,4.41,4.03
12876,4.41,4.03
12877,4.41,4.03
12878,4.41,4.03
12879,4.41,4.03
12880,4.41,4.03
12881,4.41,4.03
12883,4.41,4.03
12884,4.41,4.03
12886,4.41,4.03
12887,4.41,4.03
12888,4.41,4.03
12890,4.41,4.03
12891,4.41,4.03
12892,4.41,4.03
12893,4.41,4.03
12894,4.41,4.03
12895,4.41,4.03
12897,4.41,4.03
12898,4.41,4.03
12899,4.41,4.03
12900,4.41,4.03
12901,4.41,4.03
12902,4.41,4.03
12904,4.41,4.03
12905,4.41,4.03
12906,4.42,4.03
12907,4.41,4.03
12908,4.41,4.03
12910,4.41,4.03
12911,4.41,4.03
12912,4.41,4.03
12913,4.41,4.03
12914,4.42,4.03
12915,4.42,4.03
12917,4.41,4.03
12918,4.42,4.03
12919,4.41,4.03
12920,4.42,4.03
12921,4.42,4.03
12922,4.41,4.03
12924,4.41,4.03
12925,4.41,4.03
12926,4.42,4.03
12928,4.41,4.03
12929,4.42,4.03
12931,4.42,4.03
12932,4.42,4.03
12933,4.41,4.03
12934,4.41,4.03
12935,4.42,4.03
12936,4.42,4.03
12938,4.42,4.03
12939,4.41,4.03
12940,4.41,4.03
12941,4.41,4.03
12942,4.42,4.03
12944,4.42,4.03
12945,4.41,4.02
12946,4.41,4.02
12947,4.42,4.03
12948,4.41,4.02
12949,4.41,4.02
12951,4.41,4.02
12952,4.41,4.02
12953,4.41,4.02
12954,4.41,4.02
12955,4.41,4.02
12956,4.41,4.03
12958,4.41,4.02
12959,4.41,4.03
12960,4.41,4.03
12961,4.41,4.02
12962,4.41,4.02
12963,4.41,4.02
12965,4.41,4.02
12966,4.41,4.02
12967,4.41,4.03
12968,4.41,4.02
12969,4.41,4.02
12972,4.41,4.02
12973,4.41,4.02
12974,4.41,4.02
12975,4.41,4.02
12976,4.41,4.02
12977,4.41,4.02
12979,4.41,4.02
12980,4.41,4.02
12981,4.41,4.02
12982,4.41,4.02
12983,4.41,4.02
12984,4.41,4.02
12986,4.41,4.02
12987,4.41,4.02
12988,4.41,4.02
12989,4.41,4.02
12990,4.41,4.02
12991,4.41,4.02
12993,4.41,4.02
12994,4.41,4.02
12995,4.41,4.02
12996,4.42,4.02
12997,4.42,4.02
12998,4.41,4.02
13000,4.41,4.02
13001,4.41,4.02
13002,4.42,4.02
13003,4.42,4.02
13004,4.41,4.02
13005,4.41,4.02
13007,4.41,4.02
13008,4.41,4.02
13009,4.41,4.02
13010,4.41,4.02
13011,4.41,4.02
13014,4.41,4.02
13015,4.41,4.02
13016,4.41,4.02
13017,4.42,4.02
13018,4.41,4.02
13019,4.41,4.02
13021,4.41,4.02
13022,4.41,4.02
13023,4.41,4.02
13024,4.41,4.02
13025,4.41,4.02
13026,4.41,4.02
13028,4.41,4.02
13029,4.41,4.02
13030,4.41,4.02
13031,4.41,4.02
13032,4.41,4.02
13033,4.41,4.02
13035,4.41,4.02
13036,4.41,4.02
13037,4.41,4.02
13038,4.41,4.02
13039,4.41,4.02
13040,4.41,4.02
13042,4.41,4.02
13043,4.41,4.02
13044,4.41,4.02
13045,4.41,4.02
13046,4.41,4.02
13047,4.41,4.02
13049,4.41,4.02
13050,4.41,4.02
13051,4.41,4.02
13052,4.41,4.02
13053,4.41,4.02
13056,4.41,4.02
13057,4.41,4.02
13058,4.41,4.02
13059,4.41,4.02
13060,4.41,4.02
13061,4.41,4.02
13063,4.41,4.02
13064,4.41,4.02
13065,4.41,4.02
13066,4.41,4.02
13067,4.41,4.02
13068,4.41,4.02
13070,4.41,4.02
13071,4.41,4.02
13072,4.41,4.03
13073,4.41,4.02
13074,4.41,4.02
13075,4.41,4.02
13077,4.41,4.02
13078,4.41,4.02
13079,4.41,4.02
13080,4.41,4.02
13081,4.41,4.02
13082,4.41,4.02
13084,4.41,4.02
13085,4.41,4.02
13086,4.41,4.03
13087,4.41,4.02
13088,4.41,4.02
13090,4.41,4.02
13091,4.41,4.02
13092,4.41,4.02
13093,4.41,4.02
13094,4.41,4.02
13095,4.41,4.02
13097,4.41,4.02
13099,4.41,4.03
13100,4.41,4.03
13101,4.41,4.03
13102,4.41,4.03
13103,4.41,4.03
13105,4.41,4.03
13106,4.41,4.03
13107,4.41,4.03
13108,4.41,4.03
13109,4.41,4.03
13110,4.41,4.03
13112,4.41,4.03
13113,4.41,4.03
13114,4.41,4.03
13115,4.41,4.03
13116,4.41,4.03
13118,4.41,4.03
13119,4.41,4.03
13120,4.41,4.03
13121,4.41,4.03
13122,4.41,4.03
13123,4.41,4.03
13125,4.41,4.03
13126,4.41,4.03
13127,4.41,4.03
13128,4.41,4.03
13129,4.41,4.03
13130,4.41,4.03
13132,4.41,4.03
13133,4.41,4.03
13134,4.41,4.03
13135,4.41,4.03
13136,4.41,4.03
13138,4.41,4.03
13139,4.41,4.03
13140,4.41,4.03
13142,4.41,4.03
13143,4.41,4.03
13144,4.41,4.03
13146,4.41,4.03
13147,4.41,4.03
13148,4.41,4.03
13149,4.41,4.03
13150,4.41,4.03
13151,4.41,4.03
13153,4.41,4.03
13154,4.41,4.03
13155,4.41,4.04
13156,4.41,4.04
13157,4.41,4.04
13159,4.41,4.04
13160,4.41,4.04
13161,4.41,4.04
13162,4.41,4.04
13163,4.42,4.04
13164,4.41,4.04
13166,4.41,4.04
13167,4.41,4.04
13168,4.42,4.05
13169,4.41,4.05
13170,4.41,4.05
13171,4.41,4.05
13173,4.41,4.05
13174,4.41,4.05
13175,4.41,4.05
13176,4.41,4.05
13177,4.41,4.05
13179,4.41,4.05
13180,4.41,4.05
13181,4.41,4.05
13182,4.41,4.05
13184,4.41,4.05
13185,4.41,4.05
13187,4.41,4.05
13188,4.41,4.05
13189,4.41,4.06
13190,4.41,4.06
13191,4.41,4.06
13192,4.41,4.06
13194,4.41,4.06
13195,4.41,4.06
13196,4.41,4.06
13197,4.41,4.06
13198,4.41,4.06
13200,4.41,4.06
13201,4.41,4.06
13202,4.41,4.06
13203,4.41,4.06
13204,4.41,4.06
13205,4.41,4.06
13207,4.41,4.06
13208,4.41,4.06
13209,4.41,4.06
13210,4.41,4.06
13211,4.41,4.06
13212,4.41,4.06
13214,4.41,4.06
13215,4.41,4.06
13216,4.41,4.07
13217,4.41,4.06
13218,4.41,4.07
13219,4.41,4.07
13221,4.41,4.07
13222,4.41,4.07
13223,4.41,4.07
13224,4.41,4.07
13225,4.41,4.07
13228,4.41,4.07
13229,4.41,4.07
13230,4.41,4.07
13231,4.41,4.07
13232,4.41,4.07
13233,4.41,4.07
13235,4.41,4.07
13236,4.41,4.07
13237,4.41,4.07
13238,4.41,4.07
13239,4.41,4.07
13241,4.41,4.07
13242,4.41,4.07
13243,4.41,4.07
13244,4.41,4.07
13245,4.41,4.07
13246,4.41,4.07
13248,4.41,4.07
13249,4.41,4.07
13250,4.41,4.07
13251,4.41,4.07
13252,4.41,4.07
13253,4.41,4.08
13255,4.41,4.08
13256,4.41,4.08
13257,4.41,4.08
13258,4.41,4.08
13259,4.41,4.08
13260,4.41,4.08
13262,4.41,4.08
13263,4.41,4.08
13264,4.41,4.08
13265,4.41,4.08
13266,4.41,4.08
13268,4.41,4.08
13270,4.41,4.09
13271,4.41,4.09
13272,4.41,4.09
13273,4.41,4.09
13274,4.41,4.09
13276,4.41,4.09
13277,4.41,4.09
13278,4.41,4.09
13279,4.41,4.09
13280,4.41,4.09
13281,4.41,4.09
13283,4.41,4.09
13284,4.41,4.10
13285,4.41,4.10
13286,4.41,4.10
13287,4.41,4.10
13288,4.41,4.10
13290,4.41,4.10
13291,4.41,4.10
13292,4.41,4.10
13293,4.41,4.10
13294,4.41,4.10
13296,4.41,4.11
13297,4.41,4.11
13298,4.41,4.11
13299,4.41,4.11
13300,4.41,4.11
13301,4.41,4.11
13303,4.41,4.11
13304,4.41,4.12
13305,4.41,4.12
13306,4.41,4.12
13307,4.41,4.12
13309,4.41,4.12
13310,4.41,4.12
13312,4.41,4.12
13313,4.41,4.12
13314,4.41,4.13
13315,4.41,4.13
13317,4.41,4.13
13318,4.41,4.13
13319,4.41,4.13
13320,4.41,4.13
13321,4.41,4.13
13323,4.41,4.14
13324,4.41,4.14
13325,4.41,4.14
13326,4.41,4.14
13327,4.41,4.14
13328,4.41,4.15
13330,4.41,4.15
13331,4.41,4.15
13332,4.41,4.16
13333,4.42,4.16
13334,4.41,4.17
13336,4.42,4.17
13337,4.42,4.18
13338,4.42,4.18
13339,4.42,4.19
13340,4.42,4.19
13341,4.42,4.20
13343,4.42,4.21
13344,4.42,4.21
13345,4.42,4.22
13346,4.42,4.23
13347,4.42,4.23
13349,4.42,4.24
13350,4.42,4.25
13351,4.42,4.26
13352,4.42,4.27
13353,4.42,4.27
13355,4.42,4.28
13357,4.42,4.29
13358,4.42,4.30
13359,4.42,4.31
13360,4.42,4.33
13361,4.42,4.34
13363,4.42,4.35
13364,4.43,4.38
13365,4.43,4.40
13366,4.43,4.42
13367,4.43,4.45
13368,4.43,4.47
13370,4.43,4.49
13371,4.43,4.52
13372,4.43,4.54
13373,4.43,4.56
13374,4.43,4.57
13376,4.44,4.59
13377,4.44,4.61
13378,4.44,4.62
13379,4.44,4.64
13380,4.44,4.65
13381,4.44,4.67
13383,4.44,4.68
13384,4.44,4.69
13385,4.44,4.70
13386,4.44,4.71
13387,4.44,4.72
13388,4.44,4.73
13390,4.44,4.74
13391,4.44,4.75
13392,4.44,4.76
13393,4.44,4.77
13394,4.44,4.78
13396,4.44,4.78
13398,4.44,4.79
13399,4.44,4.79
13400,4.44,4.80
13401,4.44,4.81
13402,4.44,4.81
13404,4.43,4.82
13405,4.43,4.83
13406,4.43,4.83
13407,4.43,4.83
13408,4.43,4.84
13410,4.43,4.84
13411,4.43,4.85
13412,4.43,4.85
13413,4.43,4.86
13414,4.42,4.86
13415,4.42,4.87
13417,4.42,4.87
13418,4.42,4.87
13419,4.42,4.88
13420,4.42,4.88
13421,4.42,4.88
13423,4.42,4.88
13424,4.42,4.89
13425,4.42,4.89
13426,4.42,4.89
13427,4.42,4.89
13428,4.42,4.90
13430,4.42,4.90
13431,4.42,4.90
13432,4.42,4.91
13433,4.42,4.91
13434,4.42,4.91
13436,4.42,4.91
13437,4.42,4.91
13438,4.41,4.92
13440,4.42,4.92
13441,4.41,4.92
13442,4.41,4.92
13444,4.42,4.92
13445,4.41,4.92
13446,4.42,4.93
13447,4.41,4.93
13448,4.41,4.93
13450,4.42,4.93
13451,4.41,4.93
13452,4.42,4.93
13453,4.41,4.93
13454,4.41,4.93
13455,4.41,4.94
13457,4.41,4.94
13458,4.41,4.94
13459,4.41,4.94
13460,4.41,4.94
13461,4.41,4.94
13463,4.41,4.94
13464,4.42,4.94
13465,4.42,4.94
13466,4.41,4.94
13467,4.41,4.95
13468,4.41,4.95
13470,4.41,4.95
13471,4.42,4.95
13472,4.41,4.95
13473,4.42,4.95
13474,4.42,4.95
13476,4.42,4.95
13477,4.42,4.95
13478,4.41,4.95
13479,4.42,4.95
13480,4.42,4.95
13481,4.42,4.95
13484,4.42,4.96
13485,4.42,4.96
13486,4.42,4.95
13487,4.42,4.96
13488,4.42,4.96
13490,4.42,4.96
13491,4.42,4.96
13492,4.42,4.96
13493,4.42,4.96
13494,4.42,4.96
13495,4.42,4.96
13497,4.42,4.96
13498,4.42,4.96
13499,4.42,4.96
13500,4.42,4.96
13501,4.42,4.96
13503,4.42,4.96
13504,4.42,4.96
13505,4.42,4.96
13506,4.42,4.96
13507,4.42,4.96
13509,4.42,4.96
13510,4.42,4.96
13511,4.42,4.96
13512,4.42,4.96
13513,4.42,4.96
13514,4.42,4.96
13516,4.42,4.97
13517,4.42,4.96
13518,4.42,4.96
13519,4.42,4.96
13520,4.42,4.97
13521,4.42,4.96
13523,4.42,4.96
13524,4.42,4.96
13526,4.42,4.97
13527,4.42,4.97
13528,4.42,4.97
13530,4.42,4.97
13531,4.42,4.97
13532,4.42,4.97
13533,4.42,4.97
13534,4.42,4.97
13536,4.41,4.97
13537,4.42,4.97
13538,4.42,4.97
13539,4.42,4.97
13540,4.42,4.97
13541,4.42,4.97
13543,4.42,4.97
13544,4.42,4.97
13545,4.42,4.97
13546,4.42,4.97
13547,4.42,4.97
13549,4.42,4.97
13550,4.42,4.97
13551,4.42,4.97
13552,4.42,4.97
13553,4.42,4.97
13555,4.42,4.97
13556,4.42,4.97
13557,4.42,4.97
13558,4.42,4.97
13559,4.42,4.97
13560,4.42,4.97
13562,4.42,4.97
13563,4.42,4.97
13564,4.42,4.97
13565,4.42,4.97
13566,4.42,4.97
13569,4.42,4.97
13570,4.42,4.97
13571,4.42,4.97
13572,4.42,4.97
13573,4.42,4.97
13575,4.42,4.97
13576,4.42,4.97
13577,4.42,4.97
13578,4.42,4.97
13579,4.42,4.97
13580,4.42,4.97
13582,4.42,4.97
13583,4.42,4.97
13584,4.42,4.97
13585,4.42,4.97
13586,4.42,4.97
13588,4.42,4.97
13589,4.42,4.97
13590,4.42,4.97
13591,4.42,4.97
13592,4.42,4.97
13594,4.42,4.97
13595,4.42,4.97
13596,4.42,4.97
13597,4.42,4.97
13598,4.42,4.97
13599,4.42,4.97
13601,4.42,4.97
13602,4.42,4.97
13603,4.42,4.97
13604,4.42,4.97
13605,4.42,4.97
13607,4.42,4.97
13608,4.42,4.97
13609,4.42,4.97
13611,4.42,4.97
13612,4.42,4.97
13613,4.42,4.97
13615,4.42,4.97
13616,4.42,4.97
13617,4.42,4.97
13618,4.42,4.97
13619,4.42,4.97
13621,4.42,4.97
13622,4.42,4.97
13623,4.42,4.97
13624,4.42,4.97
13625,4.42,4.97
13626,4.42,4.97
13628,4.42,4.97
13629,4.42,4.97
13630,4.42,4.97
13631,4.42,4.97
13632,4.42,4.97
13634,4.42,4.97
13635,4.42,4.97
13636,4.42,4.97
13637,4.42,4.97
13638,4.42,4.97
13639,4.42,4.97
13641,4.42,4.97
13642,4.42,4.97
13643,4.42,4.97
13644,4.42,4.97
13645,4.42,4.97
13647,4.42,4.97
13648,4.42,4.97
13649,4.42,4.97
13650,4.42,4.97
13651,4.42,4.97
13652,4.42,4.97
13655,4.42,4.97
13656,4.42,4.97
13657,4.42,4.97
13658,4.42,4.97
13659,4.42,4.97
13661,4.42,4.97
13662,4.42,4.97
13663,4.42,4.97
13664,4.42,4.97
13665,4.42,4.97
13666,4.42,4.97
13668,4.42,4.97
13669,4.42,4.97
13670,4.42,4.97
13671,4.42,4.97
13672,4.42,4.97
13674,4.42,4.97
13675,4.42,4.97
13676,4.42,4.97
13677,4.42,4.97
13678,4.42,4.97
13679,4.42,4.97
13681,4.42,4.96
13682,4.42,4.96
13683,4.42,4.96
13684,4.42,4.95
13685,4.42,4.94
13687,4.42,4.94
13688,4.42,4.93
13689,4.42,4.92
13690,4.42,4.91
13691,4.43,4.90
13692,4.43,4.89
13694,4.43,4.88
13696,4.43,4.86
13697,4.43,4.85
13698,4.43,4.83
13699,4.43,4.82
13701,4.43,4.80
13702,4.43,4.79
13703,4.43,4.77
13704,4.43,4.76
13705,4.43,4.74
13706,4.43,4.72
13708,4.43,4.70
13709,4.43,4.68
13710,4.42,4.66
13711,4.42,4.65
13712,4.42,4.63
13714,4.42,4.61
13715,4.42,4.59
13716,4.42,4.57
13717,4.42,4.56
13718,4.42,4.54
13719,4.42,4.52
13721,4.42,4.51
13722,4.42,4.49
13723,4.41,4.47
13724,4.41,4.45
13725,4.41,4.43
13727,4.41,4.42
13728,4.41,4.40
13729,4.41,4.39
13730,4.41,4.37
13731,4.41,4.36
13732,4.41,4.35
13734,4.40,4.33
13735,4.40,4.32
13736,4.40,4.31
13737,4.40,4.29
13739,4.40,4.28
13740,4.40,4.27
13742,4.40,4.25
13743,4.40,4.24
13744,4.40,4.23
13745,4.40,4.22
13746,4.40,4.21
13748,4.40,4.20
13749,4.40,4.19
13750,4.40,4.18
13751,4.40,4.17
13752,4.40,4.16
13753,4.40,4.15
13755,4.40,4.15
13756,4.40,4.14
13757,4.40,4.13
13758,4.40,4.13
13759,4.40,4.12
13760,4.40,4.11
13762,4.40,4.11
13763,4.40,4.10
13764,4.40,4.10
13765,4.40,4.09
13766,4.40,4.09
13767,4.40,4.08
13769,4.40,4.08
13770,4.40,4.07
13771,4.40,4.07
13772,4.40,4.06
13773,4.40,4.06
13774,4.40,4.06
13776,4.40,4.06
13777,4.40,4.05
13778,4.40,4.05
13779,4.40,4.05
13780,4.41,4.04
13783,4.41,4.04
13784,4.41,4.04
13785,4.41,4.04
13786,4.41,4.04
13787,4.41,4.03
13788,4.41,4.03
13790,4.41,4.03
13791,4.41,4.03
13792,4.41,4.03
13793,4.41,4.03
13794,4.41,4.03
13795,4.41,4.02
13797,4.41,4.02
13798,4.41,4.02
13799,4.41,4.02
13800,4.41,4.02
13801,4.41,4.02
13803,4.41,4.02
13804,4.41,4.02
13805,4.41,4.02
13806,4.41,4.02
13807,4.41,4.02
13808,4.41,4.02
13810,4.42,4.02
13811,4.42,4.02
13812,4.42,4.02
13813,4.42,4.02
13814,4.42,4.02
13815,4.42,4.02
13817,4.42,4.02
13818,4.42,4.02
13819,4.42,4.02
13820,4.42,4.02
13821,4.42,4.02
13822,4.42,4.02
13825,4.42,4.02
13826,4.42,4.02
13827,4.42,4.02
13828,4.42,4.02
13829,4.42,4.02
13830,4.42,4.02
13832,4.42,4.02
13833,4.42,4.02
13834,4.42,4.02
13835,4.42,4.02
13836,4.42,4.02
13837,4.42,4.02
13839,4.42,4.02
13840,4.42,4.02
13841,4.42,4.02
13842,4.42,4.02
13843,4.42,4.02
13845,4.42,4.02
13846,4.42,4.02
13847,4.42,4.02
13848,4.42,4.02
13849,4.42,4.02
13850,4.42,4.02
13852,4.42,4.02
13853,4.42,4.02
13854,4.42,4.02
13855,4.42,4.02
13856,4.42,4.02
13857,4.42,4.02
13859,4.42,4.02
13860,4.42,4.02
13861,4.42,4.02
13862,4.42,4.02
13863,4.42,4.02
13864,4.42,4.02
13867,4.42,4.02
13868,4.42,4.02
13869,4.42,4.02
13870,4.42,4.02
13871,4.42,4.02
13872,4.42,4.02
13874,4.42,4.02
13875,4.42,4.02
13876,4.42,4.02
13877,4.42,4.02
13878,4.42,4.02
13879,4.42,4.02
13881,4.42,4.02
13882,4.42,4.02
13883,4.42,4.02
13884,4.42,4.02
13885,4.42,4.02
13887,4.42,4.02
13888,4.42,4.02
13889,4.42,4.02
13890,4.42,4.02
13891,4.42,4.02
13892,4.42,4.02
13894,4.42,4.02
13895,4.42,4.02
13896,4.42,4.02
13897,4.42,4.02
13898,4.42,4.02
13899,4.42,4.02
13901,4.42,4.02
13902,4.42,4.02
13903,4.42,4.02
13904,4.43,4.02
13905,4.43,4.02
13906,4.43,4.02
13908,4.42,4.02
13910,4.43,4.02
13911,4.43,4.02
13912,4.43,4.02
13913,4.43,4.02
13914,4.43,4.02
13916,4.43,4.02
13917,4.43,4.02
13918,4.42,4.02
13919,4.42,4.02
13920,4.42,4.02
13922,4.42,4.02
13923,4.42,4.02
13924,4.42,4.02
13925,4.42,4.02
13926,4.42,4.02
13927,4.43,4.02
13929,4.42,4.02
13930,4.43,4.03
13931,4.42,4.02
13932,4.42,4.03
13933,4.43,4.03
13934,4.43,4.03
13936,4.42,4.03
13937,4.42,4.03
13938,4.42,4.03
13939,4.42,4.02
13940,4.43,4.03
13941,4.43,4.03
13943,4.42,4.03
13944,4.43,4.03
13945,4.43,4.03
13946,4.43,4.03
13947,4.43,4.03
13949,4.43,4.03
13950,4.43,4.03
13952,4.43,4.03
13953,4.43,4.03
13954,4.43,4.03
13955,4.43,4.03
13957,4.43,4.03
13958,4.43,4.03
13959,4.43,4.03
13960,4.43,4.03
13961,4.43,4.03
13962,4.43,4.03
13964,4.43,4.03
13965,4.43,4.03
13966,4.43,4.03
13967,4.43,4.03
13968,4.43,4.03
13970,4.43,4.03
13971,4.43,4.03
13972,4.43,4.03
13973,4.43,4.03
13974,4.43,4.03
13975,4.43,4.03
13977,4.43,4.03
13978,4.43,4.04
13979,4.43,4.03
13980,4.43,4.03
13981,4.43,4.04
13982,4.43,4.04
13984,4.43,4.04
13985,4.43,4.04
13986,4.43,4.04
13987,4.43,4.04
13988,4.43,4.04
13990,4.43,4.04
13991,4.43,4.04
13992,4.43,4.04
13993,4.43,4.04
13995,4.43,4.04
13996,4.43,4.04
13998,4.43,4.04
13999,4.43,4.04
14000,4.43,4.04
14001,4.43,4.04
14002,4.43,4.04
14003,4.43,4.04
14005,4.43,4.04
14006,4.43,4.04
14007,4.43,4.04
14008,4.43,4.04
14009,4.43,4.04
14010,4.43,4.04
14012,4.43,4.04
14013,4.43,4.05
14014,4.43,4.04
14015,4.43,4.04
14016,4.43,4.04
14018,4.43,4.04
14019,4.43,4.05
14020,4.43,4.05
14021,4.43,4.05
14022,4.43,4.05
14023,4.43,4.05
14025,4.43,4.05
14026,4.43,4.05
14027,4.43,4.05
14028,4.43,4.05
14029,4.43,4.05
14030,4.43,4.05
14032,4.43,4.05
14033,4.43,4.05
14034,4.43,4.05
14035,4.43,4.05
14036,4.43,4.05
14039,4.43,4.05
14040,4.43,4.05
14041,4.43,4.05
14042,4.43,4.05
14043,4.43,4.05
14044,4.43,4.06
14046,4.43,4.05
14047,4.43,4.06
14048,4.43,4.06
14049,4.43,4.05
14050,4.43,4.06
14051,4.43,4.06
14053,4.43,4.06
14054,4.43,4.06
14055,4.43,4.06
14056,4.43,4.06
14057,4.43,4.06
14059,4.43,4.06
14060,4.43,4.06
14061,4.43,4.06
14062,4.43,4.06
14063,4.43,4.06
14064,4.43,4.06
14066,4.43,4.06
14067,4.43,4.06
14068,4.43,4.06
14069,4.43,4.06
14070,4.43,4.06
14071,4.43,4.06
14073,4.43,4.06
14074,4.43,4.06
14075,4.43,4.06
14076,4.43,4.06
14077,4.43,4.06
14078,4.43,4.07
14081,4.43,4.07
14082,4.43,4.07
14083,4.43,4.07
14084,4.43,4.07
14085,4.43,4.07
14087,4.43,4.07
14088,4.43,4.07
14089,4.43,4.07
14090,4.43,4.07
14091,4.43,4.07
14092,4.43,4.07
14094,4.43,4.07
14095,4.43,4.07
14096,4.43,4.07
14097,4.43,4.07
14098,4.43,4.07
14099,4.43,4.07
14101,4.43,4.07
14102,4.43,4.07
14103,4.43,4.08
14104,4.43,4.07
14105,4.43,4.08
14107,4.43,4.08
14108,4.43,4.08
14109,4.43,4.08
14110,4.43,4.08
14111,4.43,4.08
14112,4.43,4.08
14114,4.43,4.08
14115,4.43,4.08
14116,4.43,4.08
14117,4.43,4.08
14118,4.43,4.08
14119,4.43,4.08
14121,4.43,4.08
14123,4.43,4.08
14124,4.43,4.08
14125,4.43,4.08
14126,4.43,4.08
14127,4.43,4.08
14129,4.43,4.08
14130,4.43,4.08
14131,4.43,4.08
14132,4.43,4.08
14133,4.43,4.09
14135,4.43,4.09
14136,4.43,4.08
14137,4.43,4.09
14138,4.43,4.09
14139,4.43,4.09
14140,4.43,4.09
14142,4.43,4.09
14143,4.43,4.09
14144,4.43,4.09
14145,4.43,4.09
14146,4.43,4.09
14147,4.43,4.09
14149,4.43,4.09
14150,4.43,4.09
14151,4.43,4.09
14152,4.43,4.09
14153,4.43,4.09
14155,4.43,4.09
14156,4.43,4.09
14157,4.43,4.09
14158,4.43,4.09
14159,4.43,4.09
14160,4.43,4.10
14162,4.43,4.10
14163,4.43,4.10
14164,4.43,4.10
14166,4.43,4.10
14167,4.43,4.10
14168,4.43,4.10
14170,4.43,4.10
14171,4.43,4.10
14172,4.43,4.10
14173,4.43,4.10
14174,4.43,4.10
14175,4.43,4.10
14177,4.43,4.10
14178,4.43,4.10
14179,4.43,4.10
14180,4.43,4.10
14181,4.43,4.10
14182,4.43,4.10
14184,4.43,4.10
14185,4.43,4.10
14186,4.43,4.11
14187,4.43,4.10
14188,4.43,4.11
14190,4.43,4.11
14191,4.43,4.11
14192,4.43,4.11
14193,4.43,4.11
14194,4.43,4.11
14195,4.43,4.11
14197,4.43,4.11
14198,4.43,4.11
14199,4.43,4.11
14200,4.43,4.11
14201,4.43,4.11
14203,4.43,4.11
14204,4.43,4.11
14205,4.43,4.11
14206,4.44,4.11
14208,4.43,4.12
14209,4.43,4.11
14211,4.43,4.11
14212,4.44,4.12
14213,4.43,4.12
14214,4.43,4.12
14215,4.43,4.12
14217,4.43,4.12
14218,4.43,4.12
14219,4.43,4.12
14220,4.43,4.12
14221,4.43,4.12
14223,4.43,4.12
14224,4.43,4.12
14225,4.44,4.12
14226,4.44,4.12
14227,4.44,4.12
14228,4.44,4.12
14230,4.44,4.12
14231,4.43,4.12
14232,4.44,4.12
14233,4.44,4.12
14234,4.44,4.12
14236,4.43,4.13
14237,4.43,4.12
14238,4.44,4.12
14239,4.44,4.13
14240,4.43,4.13
14241,4.43,4.13
14243,4.43,4.13
14244,4.43,4.13
14245,4.43,4.13
14246,4.44,4.13
14247,4.43,4.13
14249,4.44,4.13
14251,4.44,4.13
14252,4.44,4.13
14253,4.44,4.13
14254,4.44,4.13
14256,4.44,4.13
14257,4.44,4.13
14258,4.44,4.13
14259,4.44,4.13
14260,4.43,4.13
14261,4.44,4.13
14263,4.44,4.13
14264,4.44,4.13
14265,4.44,4.13
14266,4.44,4.13
14267,4.44,4.13
14269,4.43,4.13
14270,4.44,4.13
14271,4.43,4.13
14272,4.43,4.13
14273,4.44,4.13
14274,4.44,4.13
14276,4.44,4.13
14277,4.44,4.13
14278,4.44,4.13
14279,4.43,4.13
14280,4.44,4.13
14281,4.43,4.13
14283,4.44,4.13
14284,4.44,4.13
14285,4.43,4.13
14286,4.44,4.13
14287,4.43,4.13
14289,4.44,4.13
14290,4.43,4.14
14291,4.43,4.14
14292,4.43,4.13
14294,4.43,4.14
14295,4.43,4.14
14297,4.43,4.14
14298,4.43,4.14
14299,4.44,4.14
14300,4.44,4.14
14301,4.43,4.13
14303,4.39,4.10
14304,4.35,4.07
14305,4.32,4.05
14306,4.27,4.02
14307,4.23,3.98
14308,4.18,3.95
14310,4.14,3.93
14311,4.12,3.92
14312,4.11,3.92
14313,4.11,3.93
14314,4.11,3.93
14316,4.12,3.94
14317,4.12,3.95
14318,4.12,3.94
14319,4.10,3.92
14320,4.07,3.90
14321,4.04,3.88
14323,4.01,3.85
14324,3.98,3.82
14325,3.94,3.81
14326,3.92,3.81
14327,3.92,3.81
14328,3.92,3.82
14330,3.94,3.83
14331,3.95,3.84
14332,3.97,3.85
14333,3.99,3.86
14334,3.99,3.85
14337,3.98,3.83
14338,3.95,3.80
14339,3.93,3.78
14340,3.91,3.76
14341,3.88,3.73
14342,3.86,3.72
14344,3.85,3.73
14345,3.85,3.74
14346,3.87,3.75
14347,3.89,3.76
14348,3.91,3.78
14350,3.93,3.80
14351,3.95,3.80
14352,3.95,3.78
14353,3.94,3.77
14354,3.92,3.74
14355,3.90,3.72
14357,3.86,3.70
14358,3.83,3.67
14359,3.81,3.67
14360,3.81,3.68
14361,3.82,3.69
14363,3.84,3.70
14364,3.86,3.72
14365,3.89,3.74
14366,3.91,3.76
14367,3.93,3.76
14368,3.93,3.74
14370,3.91,3.72
14371,3.90,3.70
14372,3.87,3.69
14373,3.84,3.66
14374,3.81,3.64
14375,3.80,3.65
14377,3.80,3.66
14379,3.81,3.67
14380,3.83,3.69
14381,3.86,3.71
14382,3.89,3.73
14384,3.91,3.75
14385,3.93,3.74
14386,3.92,3.73
14387,3.91,3.71
14388,3.89,3.70
14389,3.87,3.68
14391,3.84,3.66
14392,3.81,3.65
14393,3.80,3.65
14394,3.80,3.66
14395,3.82,3.67
14397,3.84,3.69
14398,3.87,3.71
14399,3.90,3.73
14400,3.92,3.74
14401,3.93,3.74
14402,3.92,3.73
14404,3.91,3.72
14405,3.89,3.70
14406,3.87,3.69
14407,3.84,3.67
14408,3.81,3.66
14410,3.80,3.66
14411,3.81,3.67
14412,3.83,3.68
14413,3.85,3.70
14414,3.88,3.72
14415,3.91,3.74
14417,3.93,3.75
14418,3.93,3.75
14419,3.92,3.74
14420,3.91,3.72
14422,3.89,3.70
14424,3.86,3.69
14425,3.83,3.67
14426,3.81,3.66
14427,3.80,3.66
14428,3.82,3.67
14429,3.83,3.69
14431,3.86,3.70
14432,3.88,3.73
14433,3.91,3.75
14434,3.93,3.75
14435,3.93,3.75
14437,3.92,3.73
14438,3.91,3.72
14439,3.88,3.70
14440,3.85,3.68
14441,3.83,3.66
14442,3.80,3.66
14444,3.80,3.66
14445,3.81,3.67
14446,3.83,3.69
14447,3.86,3.71
14448,3.89,3.73
14450,3.91,3.74
14451,3.92,3.74
14452,3.91,3.73
14453,3.90,3.72
14454,3.88,3.70
14455,3.85,3.68
14457,3.82,3.66
14458,3.80,3.65
14459,3.78,3.64
14460,3.78,3.65
14461,3.79,3.66
14462,3.81,3.68
14465,3.84,3.70
14466,3.87,3.73
14467,3.90,3.73
14468,3.90,3.73
14469,3.90,3.72
14471,3.88,3.70
14472,3.86,3.69
14473,3.83,3.67
14474,3.80,3.65
14475,3.78,3.64
14476,3.76,3.64
14478,3.77,3.64
14479,3.79,3.66
14480,3.81,3.68
14481,3.84,3.70
14482,3.87,3.72
14484,3.89,3.73
14485,3.89,3.72
14486,3.88,3.70
14487,3.86,3.69
14488,3.84,3.67
14489,3.82,3.66
14491,3.79,3.64
14492,3.76,3.63
14493,3.76,3.63
14494,3.77,3.64
14495,3.79,3.66
14497,3.81,3.68
14498,3.84,3.70
14499,3.87,3.72
14500,3.89,3.72
14501,3.89,3.71
14502,3.87,3.70
14504,3.86,3.69
14505,3.83,3.67
14507,3.81,3.65
14508,3.78,3.63
14509,3.76,3.63
14511,3.76,3.63
14512,3.77,3.64
14513,3.79,3.66
14514,3.81,3.68
14515,3.85,3.71
14516,3.88,3.72
14518,3.89,3.72
14519,3.88,3.71
14520,3.87,3.70
14521,3.85,3.68
14522,3.83,3.67
14523,3.80,3.65
14525,3.77,3.63
14526,3.75,3.63
14527,3.75,3.63
14528,3.77,3.64
14529,3.79,3.67
14531,3.82,3.69
14532,3.85,3.71
14533,3.88,3.72
14534,3.88,3.71
14535,3.88,3.70
14536,3.86,3.69
14538,3.84,3.68
14539,3.82,3.66
14540,3.79,3.64
14541,3.76,3.62
14542,3.75,3.62
14544,3.75,3.63
14545,3.77,3.65
14546,3.79,3.67
14547,3.82,3.70
14548,3.85,3.71
14550,3.87,3.72
14552,3.88,3.71
14553,3.87,3.70
14554,3.85,3.68
14555,3.83,3.67
14556,3.80,3.65
14558,3.78,3.63
14559,3.75,3.62
14560,3.74,3.62
14561,3.75,3.63
14562,3.76,3.64
14563,3.79,3.67
14565,3.82,3.69
14566,3.85,3.70
14567,3.86,3.70
14568,3.85,3.70
14569,3.84,3.68
14571,3.82,3.67
14572,3.80,3.65
14573,3.77,3.63
14574,3.75,3.61
14575,3.72,3.60
14576,3.72,3.61
14578,3.73,3.62
14579,3.75,3.64
14580,3.78,3.66
14581,3.81,3.69
14582,3.83,3.70
14584,3.84,3.69
14585,3.84,3.68
14586,3.82,3.67
14587,3.80,3.65
14588,3.78,3.63
14589,3.76,3.62
14592,3.73,3.60
14593,3.71,3.59
14594,3.71,3.60
14595,3.72,3.61
14596,3.74,3.64
14598,3.77,3.66
14599,3.80,3.68
14600,3.83,3.69
14601,3.83,3.69
14602,3.83,3.68
14603,3.81,3.66
14605,3.79,3.65
14606,3.77,3.63
14607,3.74,3.61
14608,3.72,3.59
14609,3.70,3.59
14611,3.71,3.60
14612,3.72,3.62
14613,3.75,3.64
14614,3.78,3.67
14615,3.81,3.69
14616,3.83,3.69
14618,3.83,3.68
14619,3.82,3.67
14620,3.80,3.65
14621,3.78,3.64
14622,3.76,3.62
14624,3.73,3.60
14625,3.71,3.59
14626,3.70,3.59
14627,3.70,3.60
14628,3.72,3.62
14629,3.75,3.64
14631,3.78,3.67
14632,3.81,3.69
14633,3.83,3.68
14635,3.83,3.68
14636,3.81,3.67
14638,3.80,3.65
14639,3.78,3.63
14640,3.75,3.62
14641,3.73,3.60
14642,3.71,3.59
14643,3.70,3.59
14645,3.71,3.61
14646,3.73,3.63
14647,3.76,3.65
14648,3.79,3.68
14649,3.82,3.69
14651,3.83,3.68
14652,3.82,3.67
14653,3.81,3.66
14654,3.79,3.65
14655,3.77,3.63
14656,3.75,3.62
14658,3.72,3.60
14659,3.70,3.59
14660,3.70,3.60
14661,3.71,3.61
14662,3.73,3.63
14664,3.77,3.65
14665,3.80,3.68
14666,3.82,3.69
14667,3.83,3.68
14668,3.82,3.67
14669,3.81,3.66
14671,3.79,3.64
14672,3.76,3.62
14673,3.74,3.61
14674,3.71,3.59
14675,3.70,3.59
14678,3.70,3.60
14679,3.72,3.61
14680,3.74,3.63
14681,3.77,3.66
14682,3.80,3.68
14683,3.82,3.68
14685,3.82,3.68
14686,3.81,3.67
14687,3.80,3.65
14688,3.78,3.64
14689,3.76,3.62
14691,3.73,3.60
14692,3.71,3.58
14693,3.70,3.59
14694,3.70,3.60
14695,3.72,3.62
14696,3.75,3.64
14698,3.78,3.67
14699,3.81,3.68
14700,3.82,3.68
14701,3.82,3.67
14702,3.81,3.66
14703,3.79,3.65
14705,3.77,3.63
14706,3.74,3.61
14707,3.72,3.59
14708,3.70,3.58
14709,3.69,3.59
14711,3.70,3.60
14712,3.72,3.62
14713,3.75,3.64
14714,3.78,3.67
14715,3.81,3.68
14716,3.82,3.68
14718,3.82,3.67
14720,3.80,3.66
14721,3.79,3.64
14722,3.77,3.63
14723,3.74,3.61
14725,3.72,3.59
14726,3.70,3.59
14727,3.70,3.59
14728,3.71,3.61
14729,3.73,3.63
14730,3.76,3.65
14732,3.79,3.68
14733,3.82,3.69
14734,3.82,3.69
14735,3.82,3.68
14736,3.81,3.67
14738,3.79,3.65
14739,3.77,3.63
14740,3.74,3.62
14741,3.72,3.60
14742,3.70,3.60
14743,3.70,3.60
14745,3.72,3.62
14746,3.74,3.64
14747,3.77,3.67
14748,3.80,3.69
14749,3.83,3.69
14751,3.83,3.69
14752,3.82,3.68
14753,3.81,3.67
14754,3.79,3.65
14755,3.77,3.63
14756,3.75,3.61
14758,3.72,3.60
14759,3.71,3.60
14760,3.71,3.61
14761,3.73,3.63
14763,3.75,3.65
14765,3.78,3.68
14766,3.81,3.70
14767,3.83,3.70
14768,3.83,3.70
14769,3.83,3.68
14770,3.81,3.67
14772,3.79,3.65
14773,3.77,3.63
14774,3.74,3.61
14775,3.72,3.60
14776,3.71,3.61
14778,3.72,3.61
14779,3.73,3.64
14780,3.76,3.66
14781,3.79,3.69
14782,3.82,3.70
14783,3.84,3.70
14785,3.83,3.70
14786,3.82,3.68
14787,3.81,3.67
14788,3.78,3.65
14789,3.76,3.63
14791,3.73,3.61
14792,3.71,3.60
14793,3.71,3.61
14794,3.72,3.62
14795,3.74,3.64
14796,3.77,3.67
14798,3.80,3.69
14799,3.83,3.70
14800,3.84,3.70
14801,3.83,3.70
14802,3.82,3.68
14803,3.80,3.67
14806,3.78,3.65
14807,3.76,3.63
14808,3.73,3.61
14809,3.71,3.61
14810,3.71,3.61
14812,3.72,3.63
14813,3.75,3.65
14814,3.78,3.67
14815,3.81,3.70
14816,3.83,3.70
14817,3.84,3.70
14819,3.83,3.69
14820,3.82,3.68
14821,3.80,3.67
14822,3.78,3.65
14823,3.75,3.63
14825,3.73,3.61
14826,3.71,3.61
14827,3.71,3.62
14828,3.73,3.64
14829,3.75,3.65
14830,3.78,3.68
14832,3.82,3.70
14833,3.84,3.71
14834,3.84,3.70
14835,3.83,3.70
14836,3.82,3.68
14838,3.80,3.66
14839,3.77,3.64
14840,3.75,3.63
14841,3.72,3.61
14842,3.71,3.61
14843,3.72,3.62
14845,3.74,3.64
14846,3.76,3.67
14848,3.79,3.69
14849,3.82,3.70
14850,3.83,3.70
14851,3.83,3.69
14853,3.82,3.68
14854,3.80,3.67
14855,3.78,3.65
14856,3.75,3.63
14857,3.73,3.61
14859,3.70,3.60
14860,3.70,3.60
14861,3.71,3.62
14862,3.73,3.64
14863,3.75,3.66
14864,3.79,3.69
14866,3.82,3.70
14867,3.83,3.70
14868,3.83,3.70
14869,3.81,3.68
14870,3.80,3.67
14872,3.78,3.65
14873,3.75,3.63
14874,3.73,3.61
14875,3.71,3.61
14876,3.70,3.61
14877,3.72,3.63
14879,3.74,3.65
14880,3.77,3.67
14881,3.80,3.70
14882,3.83,3.71
14883,3.84,3.71
14885,3.83,3.70
14886,3.82,3.69
14887,3.80,3.67
14888,3.78,3.66
14889,3.76,3.64
14891,3.73,3.62
14893,3.71,3.62
14894,3.72,3.62
14895,3.73,3.64
14896,3.75,3.66
14897,3.78,3.69
14899,3.82,3.71
14900,3.84,3.72
14901,3.85,3.71
14902,3.84,3.70
14903,3.82,3.69
14904,3.81,3.67
14906,3.78,3.66
14907,3.76,3.64
14908,3.73,3.62
14909,3.72,3.62
14910,3.72,3.63
14911,3.74,3.65
14913,3.76,3.67
14914,3.79,3.69
14915,3.82,3.71
14916,3.84,3.72
14917,3.85,3.71
14919,3.84,3.70
14920,3.82,3.70
14921,3.80,3.67
14922,3.78,3.65
14923,3.75,3.63
14924,3.73,3.62
14926,3.72,3.62
14927,3.72,3.63
14928,3.74,3.65
14929,3.76,3.67
14930,3.80,3.70
14932,3.83,3.71
14934,3.84,3.71
14935,3.84,3.71
14936,3.83,3.70
14937,3.81,3.68
14938,3.79,3.66
14940,3.76,3.64
14941,3.74,3.63
14942,3.71,3.61
14943,3.71,3.62
14944,3.71,3.63
14946,3.73,3.65
14947,3.76,3.67
14948,3.79,3.70
14949,3.82,3.70
14950,3.83,3.70
14951,3.82,3.69
14953,3.81,3.68
14954,3.79,3.66
14955,3.77,3.64
14956,3.74,3.63
14957,3.71,3.60
14958,3.70,3.60
14960,3.70,3.61
14961,3.70,3.62
14962,3.73,3.65
14963,3.75,3.67
14964,3.79,3.70
14966,3.81,3.70
14967,3.82,3.70
14968,3.82,3.69
14969,3.80,3.68
14970,3.79,3.66
14971,3.77,3.65
14973,3.74,3.63
14974,3.72,3.60
14976,3.70,3.61
14977,3.70,3.62
14978,3.71,3.63
14980,3.74,3.65
14981,3.77,3.68
14982,3.80,3.70
14983,3.82,3.71
14984,3.83,3.70
14985,3.82,3.70
14987,3.80,3.68
14988,3.79,3.66
14989,3.76,3.64
14990,3.74,3.63
14991,3.71,3.61
14992,3.70,3.61
14994,3.70,3.62
14995,3.72,3.64
14996,3.74,3.66
14997,3.77,3.69
14998,3.80,3.70
15000,3.82,3.70
15001,3.82,3.70
15002,3.81,3.68
15003,3.79,3.66
15004,3.77,3.65
15005,3.75,3.63
15007,3.72,3.61
15008,3.70,3.60
15009,3.69,3.60
15010,3.70,3.61
15011,3.71,3.63
15013,3.74,3.66
15014,3.77,3.68
15015,3.80,3.70
15016,3.81,3.70
15017,3.81,3.69
15019,3.80,3.68
15021,3.78,3.66
15022,3.76,3.65
15023,3.74,3.63
15024,3.72,3.61
15025,3.70,3.60
15027,3.69,3.60
15028,3.70,3.62
15029,3.72,3.64
15030,3.75,3.66
15031,3.78,3.69
15032,3.81,3.70
15034,3.81,3.69
15035,3.81,3.69
15036,3.80,3.67
15037,3.78,3.66
15038,3.76,3.64
15040,3.73,3.62
15041,3.71,3.60
15042,3.69,3.60
15043,3.69,3.60
15044,3.70,3.62
15045,3.72,3.64
15047,3.75,3.67
15048,3.78,3.69
15049,3.80,3.69
15050,3.81,3.69
15051,3.80,3.68
15052,3.79,3.67
15054,3.77,3.65
15055,3.75,3.63
15056,3.72,3.61
15057,3.70,3.59
15058,3.69,3.59
15060,3.69,3.60
15062,3.70,3.62
15063,3.72,3.64
15064,3.75,3.67
15065,3.79,3.69
15066,3.81,3.69
15068,3.81,3.69
15069,3.80,3.67
15070,3.78,3.66
15071,3.76,3.64
15072,3.74,3.63
15074,3.72,3.61
15075,3.70,3.59
15076,3.69,3.59
15077,3.69,3.61
15078,3.71,3.62
15079,3.73,3.65
15081,3.76,3.68
15082,3.79,3.69
15083,3.81,3.69
15084,3.81,3.69
15085,3.80,3.67
15087,3.78,3.66
15088,3.76,3.64
15089,3.74,3.62
15090,3.72,3.61
15091,3.70,3.59
15092,3.69,3.60
15094,3.70,3.61
15095,3.71,3.63
15096,3.74,3.66
15097,3.77,3.68
15098,3.80,3.69
15100,3.81,3.69
15101,3.81,3.68
15102,3.79,3.67
15104,3.77,3.65
15105,3.75,3.64
15106,3.73,3.62
15108,3.71,3.60
15109,3.69,3.59
15110,3.69,3.60
15111,3.70,3.61
15112,3.72,3.63
15114,3.75,3.66
15115,3.78,3.68
15116,3.80,3.69
15117,3.81,3.69
15118,3.80,3.68
15119,3.79,3.67
15121,3.77,3.65
15122,3.75,3.63
15123,3.73,3.61
15124,3.70,3.60
15125,3.69,3.59
15127,3.69,3.60
15128,3.70,3.62
15129,3.72,3.64
15130,3.75,3.66
15131,3.79,3.69
15132,3.81,3.69
15134,3.81,3.69
15135,3.80,3.68
15136,3.79,3.67
15137,3.77,3.65
15138,3.75,3.63
15140,3.72,3.61
15141,3.70,3.60
15142,3.69,3.60
15143,3.70,3.61
15144,3.71,3.62
15145,3.73,3.65
15148,3.76,3.67
15149,3.80,3.69
15150,3.81,3.69
15151,3.81,3.69
15152,3.80,3.67
15154,3.78,3.66
15155,3.76,3.64
15156,3.74,3.62
15157,3.72,3.61
15158,3.70,3.59
15159,3.69,3.60
15161,3.69,3.61
15162,3.71,3.63
15163,3.74,3.65
15164,3.77,3.68
15165,3.80,3.69
15166,3.81,3.69
15168,3.81,3.68
15169,3.80,3.67
15170,3.78,3.66
15171,3.76,3.64
15172,3.73,3.62
15174,3.71,3.61
15175,3.69,3.59
15176,3.69,3.60
15177,3.70,3.61
15178,3.72,3.63
15179,3.74,3.66
15181,3.78,3.69
15182,3.80,3.69
15183,3.81,3.69
15184,3.81,3.68
15185,3.79,3.67
15187,3.78,3.65
15188,3.75,3.64
15190,3.73,3.62
15191,3.71,3.60
15192,3.69,3.59
15193,3.69,3.60
15195,3.70,3.61
15196,3.72,3.64
15197,3.75,3.67
15198,3.79,3.69
15199,3.81,3.69
15201,3.81,3.69
15202,3.80,3.68
15203,3.79,3.66
15204,3.77,3.65
15205,3.74,3.63
15206,3.72,3.61
15208,3.70,3.59
15209,3.69,3.59
15210,3.69,3.60
15211,3.70,3.62
15212,3.72,3.64
15214,3.76,3.67
15215,3.79,3.69
15216,3.81,3.69
15217,3.81,3.68
15218,3.80,3.67
15219,3.78,3.66
15221,3.76,3.64
15222,3.74,3.63
15223,3.72,3.61
15224,3.70,3.59
15225,3.69,3.60
15227,3.69,3.61
15228,3.71,3.62
15229,3.74,3.65
15230,3.77,3.68
15232,3.80,3.69
15233,3.81,3.69
15235,3.81,3.69
15236,3.80,3.67
15237,3.78,3.66
15238,3.76,3.64
15239,3.74,3.62
15241,3.71,3.60
15242,3.70,3.59
15243,3.69,3.60
15244,3.70,3.61
15245,3.72,3.63
15246,3.74,3.66
15248,3.78,3.68
15249,3.80,3.69
15250,3.81,3.69
15251,3.81,3.68
15252,3.80,3.67
15253,3.78,3.66
15255,3.76,3.64
15256,3.73,3.62
15257,3.71,3.60
15258,3.69,3.59
15259,3.69,3.60
15261,3.70,3.62
15262,3.72,3.64
15263,3.75,3.66
15264,3.78,3.69
15265,3.81,3.70
15266,3.81,3.69
15268,3.81,3.68
15269,3.79,3.67
15270,3.77,3.65
15271,3.75,3.63
15272,3.73,3.62
15275,3.71,3.60
15276,3.69,3.59
15277,3.69,3.60
15278,3.70,3.62
15279,3.73,3.64
15280,3.76,3.67
15282,3.79,3.69
15283,3.81,3.70
15284,3.81,3.69
15285,3.81,3.68
15286,3.79,3.67
15288,3.77,3.65
15289,3.75,3.63
15290,3.73,3.61
15291,3.70,3.60
15292,3.69,3.60
15293,3.70,3.61
15295,3.71,3.63
15296,3.74,3.65
15297,3.77,3.68
15298,3.80,3.70
15299,3.81,3.70
15300,3.81,3.69
15302,3.80,3.68
15303,3.79,3.66
15304,3.77,3.64
15305,3.74,3.63
15306,3.72,3.61
15308,3.70,3.60
15309,3.69,3.59
15310,3.70,3.61
15311,3.71,3.63
15312,3.74,3.65
15313,3.77,3.68
15315,3.80,3.70
15316,3.81,3.70
15318,3.81,3.69
15319,3.80,3.67
15320,3.78,3.66
15322,3.76,3.65
15323,3.74,3.62
15324,3.72,3.61
15325,3.70,3.59
15326,3.69,3.60
15327,3.70,3.62
15329,3.72,3.64
15330,3.75,3.66
15331,3.78,3.69
15332,3.81,3.70
15333,3.81,3.69
15335,3.81,3.69
15336,3.80,3.67
15337,3.78,3.66
15338,3.76,3.64
15339,3.74,3.62
15340,3.71,3.60
15342,3.70,3.60
15343,3.69,3.61
15344,3.70,3.62
15345,3.73,3.64
15346,3.76,3.67
15348,3.79,3.69
15349,3.81,3.70
15350,3.81,3.69
15351,3.81,3.68
15352,3.79,3.67
15353,3.77,3.65
15355,3.75,3.64
15356,3.73,3.62
15357,3.70,3.60
15358,3.69,3.60
15360,3.69,3.61
15361,3.71,3.62
15363,3.73,3.65
15364,3.76,3.67
15365,3.79,3.69
15366,3.81,3.70
15367,3.81,3.69
15369,3.81,3.68
15370,3.79,3.67
15371,3.77,3.65
15372,3.75,3.63
15373,3.72,3.61
15374,3.70,3.60
15376,3.69,3.60
15377,3.70,3.61
15378,3.71,3.63
15379,3.74,3.65
15380,3.77,3.68
15382,3.80,3.70
15383,3.82,3.70
15384,3.82,3.69
15385,3.81,3.68
15386,3.79,3.67
15387,3.77,3.65
15389,3.75,3.63
15390,3.73,3.61
15391,3.70,3.60
15392,3.70,3.61
15393,3.70,3.62
15395,3.72,3.63
15396,3.75,3.66
15397,3.78,3.69
15398,3.81,3.70
15399,3.82,3.70
15400,3.82,3.69
15403,3.80,3.68
15404,3.78,3.66
15405,3.76,3.64
15406,3.74,3.63
15407,3.72,3.61
15409,3.70,3.60
15410,3.69,3.60
15411,3.70,3.62
15412,3.72,3.64
15413,3.75,3.67
15414,3.78,3.69
15416,3.81,3.70
15417,3.82,3.70
15418,3.81,3.69
15419,3.80,3.67
15420,3.78,3.66
15421,3.76,3.64
15423,3.73,3.62
15424,3.71,3.60
15425,3.69,3.60
15426,3.69,3.61
15427,3.71,3.62
15429,3.73,3.65
15430,3.76,3.67
15431,3.79,3.69
15432,3.81,3.70
15433,3.82,3.70
15434,3.81,3.69
15436,3.79,3.67
15437,3.77,3.65
15438,3.75,3.64
15439,3.73,3.62
15440,3.70,3.60
15442,3.70,3.60
15443,3.70,3.61
15444,3.71,3.63
15446,3.74,3.65
15447,3.77,3.68
15448,3.80,3.70
15450,3.81,3.70
15451,3.82,3.69
15452,3.81,3.68
15453,3.79,3.67
15454,3.77,3.65
15456,3.75,3.63
15457,3.72,3.61
15458,3.70,3.60
15459,3.69,3.60
15460,3.70,3.61
15461,3.71,3.63
15463,3.74,3.66
15464,3.77,3.69
15465,3.80,3.70
15466,3.82,3.70
15467,3.81,3.69
15469,3.80,3.68
15470,3.79,3.66
15471,3.77,3.64
15472,3.74,3.63
15473,3.72,3.61
15474,3.70,3.60
15476,3.69,3.60
15477,3.70,3.62
15478,3.72,3.64
15479,3.75,3.66
15480,3.78,3.69
15481,3.81,3.70
15483,3.82,3.70
15484,3.81,3.69
15485,3.80,3.68
15486,3.78,3.66
15488,3.76,3.64
15490,3.74,3.62
15491,3.71,3.60
15492,3.70,3.60
15493,3.70,3.61
15494,3.70,3.62
15495,3.73,3.64
15497,3.76,3.67
15498,3.79,3.69
15499,3.81,3.70
15500,3.82,3.69
15501,3.81,3.69
15503,3.80,3.67
15504,3.78,3.66
15505,3.76,3.64
15506,3.73,3.62
15507,3.71,3.60
15508,3.69,3.60
