time_ms,ch1_v,ch2_v
69,3.74,3.70
70,3.77,3.72
71,3.80,3.72
72,3.81,3.72
73,3.80,3.71
74,3.80,3.70
75,3.78,3.69
76,3.76,3.68
77,3.75,3.66
78,3.72,3.64
79,3.70,3.62
80,3.69,3.61
81,3.68,3.62
82,3.68,3.63
84,3.70,3.65
86,3.72,3.67
87,3.75,3.70
88,3.78,3.72
89,3.80,3.73
90,3.81,3.72
91,3.80,3.71
92,3.79,3.70
93,3.78,3.69
94,3.76,3.67
95,3.74,3.66
96,3.72,3.64
97,3.70,3.62
98,3.69,3.61
99,3.68,3.62
100,3.69,3.63
101,3.70,3.65
102,3.72,3.68
103,3.75,3.70
104,3.79,3.72
105,3.80,3.72
106,3.81,3.72
107,3.80,3.71
108,3.79,3.70
110,3.77,3.68
111,3.75,3.66
112,3.73,3.64
113,3.71,3.63
114,3.69,3.61
115,3.68,3.62
116,3.68,3.63
117,3.70,3.65
118,3.72,3.67
119,3.75,3.70
120,3.78,3.72
121,3.80,3.72
122,3.81,3.72
124,3.80,3.71
125,3.79,3.70
126,3.77,3.68
128,3.75,3.67
129,3.73,3.65
130,3.71,3.63
131,3.69,3.61
132,3.68,3.62
133,3.68,3.63
134,3.70,3.65
135,3.72,3.67
136,3.75,3.70
137,3.78,3.72
139,3.80,3.72
140,3.81,3.72
141,3.80,3.71
142,3.79,3.70
143,3.78,3.68
144,3.76,3.67
145,3.74,3.65
146,3.71,3.63
147,3.70,3.61
148,3.68,3.62
149,3.68,3.63
150,3.70,3.65
151,3.72,3.67
153,3.75,3.70
154,3.78,3.72
155,3.80,3.72
156,3.81,3.72
157,3.81,3.71
158,3.79,3.70
159,3.78,3.69
160,3.76,3.67
161,3.74,3.65
162,3.72,3.63
163,3.70,3.61
164,3.68,3.62
165,3.68,3.63
167,3.70,3.65
168,3.72,3.67
169,3.74,3.70
171,3.78,3.72
172,3.80,3.72
173,3.81,3.72
174,3.81,3.71
175,3.80,3.70
176,3.78,3.69
177,3.76,3.67
178,3.74,3.65
179,3.72,3.63
181,3.70,3.62
182,3.68,3.62
183,3.68,3.63
184,3.70,3.65
185,3.72,3.67
186,3.74,3.69
187,3.78,3.72
188,3.80,3.72
189,3.81,3.72
190,3.81,3.71
191,3.80,3.70
192,3.78,3.69
193,3.76,3.67
195,3.74,3.65
196,3.72,3.63
197,3.70,3.62
198,3.68,3.62
199,3.68,3.63
200,3.70,3.64
201,3.71,3.67
202,3.74,3.69
203,3.78,3.71
204,3.80,3.72
205,3.81,3.72
206,3.81,3.71
207,3.80,3.70
209,3.78,3.69
210,3.77,3.67
211,3.75,3.65
212,3.72,3.64
214,3.70,3.62
215,3.68,3.61
216,3.68,3.63
217,3.70,3.64
218,3.71,3.66
219,3.74,3.69
220,3.77,3.71
221,3.80,3.72
222,3.81,3.72
224,3.81,3.71
225,3.80,3.70
226,3.79,3.69
227,3.77,3.67
228,3.75,3.66
229,3.73,3.64
230,3.70,3.62
231,3.69,3.61
232,3.68,3.62
233,3.70,3.64
234,3.71,3.66
235,3.74,3.69
236,3.77,3.71
238,3.80,3.72
239,3.81,3.72
240,3.81,3.72
241,3.80,3.70
242,3.79,3.69
243,3.77,3.68
244,3.75,3.66
245,3.73,3.64
246,3.71,3.62
247,3.69,3.61
248,3.68,3.62
249,3.69,3.64
250,3.71,3.66
252,3.73,3.68
253,3.77,3.71
254,3.80,3.73
256,3.81,3.72
257,3.81,3.72
258,3.81,3.71
259,3.79,3.69
260,3.77,3.68
261,3.75,3.66
262,3.73,3.64
263,3.71,3.62
264,3.69,3.62
265,3.68,3.62
267,3.69,3.64
268,3.71,3.66
269,3.73,3.68
270,3.76,3.71
271,3.80,3.72
272,3.81,3.73
273,3.82,3.72
274,3.81,3.71
275,3.79,3.70
276,3.78,3.68
277,3.76,3.66
278,3.74,3.65
279,3.71,3.63
281,3.70,3.62
282,3.68,3.62
283,3.69,3.63
284,3.71,3.66
285,3.73,3.68
286,3.76,3.70
287,3.79,3.72
288,3.81,3.73
289,3.82,3.72
290,3.81,3.71
291,3.80,3.70
292,3.78,3.68
293,3.76,3.67
295,3.74,3.65
296,3.71,3.63
297,3.70,3.61
299,3.68,3.62
300,3.69,3.63
301,3.70,3.65
302,3.73,3.68
303,3.76,3.70
304,3.79,3.72
305,3.81,3.73
306,3.82,3.72
307,3.81,3.71
309,3.80,3.70
310,3.78,3.68
311,3.76,3.67
312,3.74,3.65
313,3.72,3.63
314,3.70,3.62
315,3.68,3.62
316,3.69,3.63
317,3.70,3.65
318,3.73,3.68
319,3.76,3.70
320,3.79,3.72
321,3.81,3.73
323,3.82,3.72
324,3.81,3.71
325,3.80,3.70
326,3.78,3.69
327,3.76,3.67
328,3.74,3.65
329,3.72,3.63
330,3.70,3.62
331,3.68,3.62
332,3.69,3.63
333,3.70,3.65
334,3.72,3.67
335,3.75,3.70
337,3.79,3.72
338,3.81,3.73
339,3.82,3.72
340,3.81,3.71
342,3.80,3.70
343,3.79,3.69
344,3.77,3.67
345,3.74,3.65
346,3.72,3.64
347,3.70,3.62
348,3.69,3.62
349,3.69,3.63
350,3.70,3.65
352,3.72,3.67
353,3.75,3.70
354,3.79,3.72
355,3.81,3.73
356,3.82,3.72
357,3.81,3.71
358,3.80,3.70
359,3.79,3.69
360,3.77,3.67
361,3.75,3.65
362,3.73,3.64
363,3.70,3.62
364,3.69,3.62
366,3.69,3.63
367,3.70,3.65
368,3.72,3.67
369,3.75,3.69
370,3.78,3.72
371,3.81,3.73
372,3.82,3.72
373,3.81,3.71
374,3.80,3.70
375,3.79,3.69
376,3.77,3.67
377,3.75,3.66
378,3.73,3.64
380,3.70,3.62
381,3.69,3.62
382,3.69,3.63
384,3.70,3.64
385,3.72,3.66
386,3.75,3.69
387,3.78,3.71
388,3.81,3.72
389,3.82,3.72
390,3.82,3.72
391,3.81,3.70
392,3.79,3.69
393,3.77,3.67
395,3.75,3.66
396,3.73,3.64
397,3.71,3.62
398,3.69,3.61
399,3.69,3.62
400,3.70,3.64
401,3.72,3.66
402,3.74,3.69
403,3.78,3.71
404,3.81,3.72
405,3.82,3.72
406,3.82,3.72
407,3.81,3.70
409,3.79,3.69
410,3.77,3.68
411,3.75,3.66
412,3.73,3.64
413,3.71,3.62
414,3.69,3.61
415,3.69,3.62
416,3.70,3.64
417,3.71,3.66
418,3.74,3.69
419,3.77,3.71
420,3.80,3.73
421,3.82,3.73
423,3.82,3.72
424,3.81,3.71
425,3.79,3.70
427,3.78,3.68
428,3.76,3.66
429,3.73,3.64
430,3.71,3.62
431,3.69,3.61
432,3.69,3.62
433,3.70,3.64
434,3.71,3.66
435,3.74,3.68
437,3.77,3.71
438,3.80,3.72
439,3.82,3.73
440,3.82,3.72
441,3.81,3.71
442,3.80,3.70
443,3.78,3.68
444,3.76,3.66
445,3.74,3.64
446,3.71,3.63
447,3.69,3.61
448,3.69,3.62
449,3.70,3.64
451,3.71,3.66
452,3.74,3.68
453,3.77,3.71
454,3.80,3.72
455,3.82,3.73
456,3.82,3.72
457,3.81,3.71
458,3.80,3.70
459,3.78,3.68
460,3.76,3.66
461,3.74,3.64
462,3.71,3.63
463,3.70,3.61
465,3.69,3.62
466,3.70,3.64
467,3.71,3.66
468,3.73,3.68
470,3.76,3.70
471,3.80,3.72
472,3.82,3.73
473,3.82,3.72
474,3.81,3.71
475,3.80,3.70
476,3.78,3.68
477,3.76,3.67
478,3.74,3.65
480,3.72,3.63
481,3.70,3.62
482,3.69,3.62
483,3.70,3.63
484,3.71,3.65
485,3.73,3.68
486,3.76,3.70
487,3.80,3.72
488,3.82,3.73
489,3.82,3.72
490,3.81,3.71
491,3.80,3.70
492,3.79,3.68
494,3.76,3.67
495,3.74,3.65
496,3.72,3.63
497,3.70,3.61
498,3.69,3.62
499,3.69,3.63
500,3.71,3.65
501,3.73,3.67
502,3.76,3.70
503,3.79,3.72
504,3.81,3.73
505,3.82,3.72
506,3.81,3.71
508,3.80,3.70
509,3.79,3.69
510,3.77,3.67
512,3.74,3.65
513,3.72,3.63
514,3.70,3.62
515,3.69,3.62
516,3.69,3.63
517,3.70,3.65
518,3.73,3.67
519,3.76,3.70
520,3.79,3.72
521,3.81,3.73
523,3.82,3.72
524,3.82,3.71
525,3.80,3.70
526,3.79,3.69
527,3.77,3.67
528,3.75,3.65
529,3.72,3.63
530,3.70,3.62
531,3.69,3.62
532,3.69,3.63
533,3.70,3.65
534,3.72,3.67
535,3.75,3.69
537,3.79,3.72
538,3.81,3.73
539,3.82,3.72
540,3.82,3.71
541,3.81,3.70
542,3.79,3.69
543,3.77,3.67
544,3.75,3.65
545,3.73,3.63
546,3.71,3.62
547,3.69,3.62
548,3.69,3.63
550,3.70,3.65
551,3.72,3.67
552,3.75,3.69
553,3.79,3.72
555,3.81,3.72
556,3.82,3.72
557,3.82,3.71
558,3.81,3.70
559,3.79,3.69
560,3.77,3.67
561,3.75,3.65
562,3.73,3.63
563,3.71,3.62
565,3.69,3.62
566,3.69,3.63
567,3.70,3.64
568,3.72,3.66
569,3.75,3.69
570,3.78,3.71
571,3.81,3.72
572,3.82,3.72
573,3.82,3.71
574,3.81,3.70
575,3.80,3.69
576,3.78,3.67
577,3.76,3.66
579,3.73,3.64
580,3.71,3.62
581,3.69,3.61
582,3.69,3.62
583,3.70,3.64
584,3.72,3.66
585,3.75,3.69
586,3.78,3.71
587,3.81,3.72
588,3.82,3.72
589,3.82,3.72
590,3.81,3.70
591,3.79,3.69
593,3.78,3.68
594,3.76,3.66
595,3.73,3.64
596,3.71,3.62
598,3.69,3.61
599,3.69,3.62
600,3.70,3.64
601,3.72,3.66
602,3.75,3.69
603,3.78,3.71
604,3.81,3.72
605,3.82,3.72
606,3.82,3.72
608,3.81,3.70
609,3.80,3.69
610,3.78,3.67
611,3.76,3.66
612,3.73,3.64
613,3.71,3.62
614,3.70,3.61
615,3.69,3.62
616,3.70,3.64
617,3.71,3.66
618,3.74,3.69
619,3.77,3.71
621,3.81,3.72
622,3.82,3.73
623,3.82,3.72
624,3.81,3.71
625,3.80,3.70
626,3.78,3.68
627,3.76,3.66
628,3.73,3.64
629,3.71,3.62
630,3.69,3.61
631,3.68,3.62
632,3.69,3.63
633,3.71,3.66
635,3.74,3.68
636,3.77,3.71
637,3.80,3.73
638,3.81,3.73
640,3.81,3.72
641,3.81,3.71
642,3.79,3.70
643,3.77,3.68
644,3.75,3.66
645,3.73,3.64
646,3.71,3.62
647,3.69,3.61
648,3.67,3.61
650,3.68,3.63
651,3.69,3.65
652,3.72,3.68
653,3.75,3.71
654,3.78,3.72
655,3.80,3.73
656,3.80,3.72
657,3.79,3.71
658,3.77,3.70
659,3.75,3.68
660,3.73,3.66
661,3.71,3.64
662,3.70,3.62
664,3.67,3.61
665,3.65,3.60
666,3.64,3.61
667,3.66,3.64
668,3.68,3.67
669,3.70,3.69
670,3.72,3.70
671,3.72,3.70
672,3.71,3.68
673,3.70,3.67
674,3.69,3.65
675,3.67,3.64
676,3.65,3.62
678,3.63,3.60
679,3.61,3.58
680,3.59,3.57
681,3.57,3.55
683,3.55,3.54
684,3.54,3.54
685,3.54,3.55
686,3.54,3.56
687,3.54,3.55
688,3.53,3.54
689,3.52,3.53
690,3.50,3.51
691,3.49,3.50
693,3.48,3.48
694,3.46,3.47
695,3.44,3.46
696,3.42,3.44
697,3.41,3.43
698,3.39,3.42
699,3.39,3.43
700,3.40,3.46
701,3.43,3.49
702,3.46,3.51
703,3.49,3.53
704,3.50,3.52
705,3.50,3.52
707,3.50,3.51
708,3.50,3.50
709,3.49,3.49
710,3.48,3.48
711,3.47,3.47
712,3.46,3.46
713,3.45,3.46
714,3.45,3.46
715,3.47,3.48
716,3.50,3.49
717,3.54,3.51
718,3.58,3.54
719,3.62,3.56
721,3.65,3.57
722,3.66,3.57
723,3.66,3.56
724,3.66,3.55
726,3.65,3.54
727,3.64,3.53
728,3.63,3.52
729,3.62,3.51
730,3.62,3.52
731,3.63,3.53
732,3.64,3.54
733,3.66,3.56
734,3.68,3.57
736,3.71,3.59
737,3.74,3.61
738,3.76,3.62
739,3.78,3.62
740,3.78,3.61
741,3.77,3.60
742,3.76,3.59
743,3.74,3.58
744,3.73,3.57
745,3.71,3.56
746,3.70,3.56
747,3.70,3.56
748,3.70,3.57
750,3.71,3.58
751,3.73,3.59
752,3.75,3.61
753,3.78,3.62
754,3.80,3.63
755,3.80,3.62
756,3.80,3.61
757,3.78,3.60
758,3.77,3.59
759,3.75,3.57
760,3.73,3.56
761,3.71,3.55
762,3.70,3.55
764,3.70,3.55
765,3.70,3.55
766,3.70,3.56
768,3.71,3.57
769,3.73,3.58
770,3.75,3.60
771,3.77,3.60
772,3.77,3.60
773,3.77,3.59
774,3.75,3.57
775,3.74,3.56
776,3.72,3.55
777,3.70,3.53
778,3.68,3.52
780,3.67,3.52
781,3.67,3.52
782,3.66,3.52
783,3.67,3.53
784,3.68,3.54
785,3.70,3.56
786,3.72,3.57
787,3.74,3.58
788,3.74,3.57
789,3.74,3.56
790,3.73,3.55
791,3.71,3.54
792,3.70,3.53
794,3.68,3.51
795,3.66,3.50
796,3.65,3.50
797,3.64,3.50
798,3.64,3.50
799,3.65,3.51
800,3.66,3.52
801,3.68,3.54
802,3.70,3.55
803,3.72,3.56
804,3.72,3.56
805,3.72,3.55
806,3.71,3.54
808,3.70,3.53
809,3.69,3.52
811,3.67,3.50
812,3.65,3.49
813,3.64,3.49
814,3.63,3.49
815,3.63,3.49
816,3.64,3.50
817,3.65,3.51
818,3.67,3.53
819,3.69,3.54
820,3.71,3.55
821,3.72,3.55
823,3.72,3.54
824,3.71,3.53
825,3.70,3.52
826,3.68,3.51
827,3.67,3.50
828,3.65,3.49
829,3.63,3.48
830,3.63,3.48
831,3.63,3.49
832,3.63,3.50
833,3.65,3.51
834,3.66,3.52
835,3.69,3.53
837,3.71,3.54
838,3.72,3.54
839,3.72,3.53
840,3.71,3.53
841,3.70,3.51
842,3.68,3.50
843,3.67,3.49
844,3.65,3.48
845,3.63,3.48
846,3.63,3.48
847,3.63,3.48
848,3.63,3.49
849,3.64,3.50
851,3.66,3.52
852,3.69,3.53
854,3.71,3.54
855,3.72,3.54
856,3.72,3.54
857,3.71,3.53
858,3.70,3.52
859,3.69,3.51
860,3.67,3.50
861,3.65,3.49
862,3.64,3.48
863,3.63,3.48
864,3.64,3.49
866,3.64,3.49
867,3.65,3.51
868,3.67,3.52
869,3.69,3.53
870,3.71,3.54
871,3.71,3.54
872,3.71,3.53
873,3.70,3.52
874,3.69,3.51
875,3.68,3.50
876,3.66,3.49
877,3.64,3.48
878,3.62,3.48
880,3.62,3.48
881,3.62,3.48
882,3.62,3.48
883,3.64,3.49
884,3.66,3.51
885,3.68,3.52
886,3.70,3.53
887,3.70,3.52
888,3.70,3.52
889,3.69,3.51
890,3.68,3.50
891,3.67,3.49
892,3.65,3.48
894,3.63,3.47
896,3.61,3.46
897,3.61,3.47
898,3.61,3.47
899,3.63,3.48
900,3.65,3.49
901,3.67,3.50
902,3.70,3.51
903,3.72,3.53
904,3.75,3.55
905,3.78,3.57
906,3.81,3.58
907,3.85,3.60
909,3.88,3.62
910,3.91,3.64
911,3.94,3.66
912,3.98,3.68
913,4.01,3.70
914,4.04,3.71
915,4.07,3.74
916,4.10,3.75
917,4.13,3.77
918,4.15,3.80
919,4.18,3.81
920,4.20,3.83
921,4.22,3.85
923,4.24,3.87
924,4.27,3.88
925,4.29,3.90
926,4.31,3.91
927,4.33,3.93
928,4.35,3.95
929,4.36,3.97
930,4.38,3.98
931,4.40,3.99
932,4.41,4.01
933,4.42,4.02
934,4.44,4.03
935,4.45,4.04
936,4.46,4.05
939,4.46,4.06
940,4.47,4.07
941,4.48,4.08
942,4.49,4.09
943,4.49,4.10
944,4.50,4.11
945,4.50,4.11
946,4.50,4.11
947,4.50,4.12
948,4.49,4.12
949,4.49,4.12
950,4.48,4.12
951,4.48,4.12
953,4.47,4.12
954,4.46,4.12
955,4.45,4.12
956,4.44,4.12
957,4.44,4.12
958,4.43,4.12
959,4.42,4.12
960,4.41,4.12
961,4.40,4.12
962,4.39,4.12
963,4.39,4.13
964,4.38,4.13
965,4.37,4.13
967,4.36,4.13
968,4.35,4.13
969,4.35,4.13
970,4.35,4.13
971,4.34,4.13
972,4.33,4.13
973,4.33,4.13
974,4.32,4.13
975,4.32,4.14
976,4.31,4.14
977,4.31,4.14
978,4.31,4.15
979,4.30,4.15
982,4.30,4.15
983,4.30,4.16
984,4.29,4.16
985,4.29,4.16
986,4.29,4.17
987,4.29,4.17
988,4.29,4.17
989,4.29,4.18
990,4.29,4.18
991,4.29,4.18
992,4.29,4.19
993,4.29,4.19
994,4.29,4.20
996,4.29,4.20
997,4.29,4.21
998,4.29,4.21
999,4.29,4.21
1000,4.29,4.22
1001,4.29,4.22
1002,4.29,4.23
1003,4.29,4.23
1004,4.29,4.24
1005,4.29,4.24
1007,4.29,4.24
1008,4.29,4.25
1009,4.29,4.25
1010,4.30,4.26
1011,4.30,4.26
1012,4.30,4.26
1013,4.30,4.27
1014,4.30,4.27
1016,4.30,4.28
1017,4.30,4.28
1018,4.30,4.28
1019,4.30,4.29
1020,4.30,4.29
1021,4.30,4.30
1022,4.30,4.30
1024,4.30,4.30
1026,4.30,4.31
1027,4.30,4.31
1028,4.31,4.31
1029,4.31,4.31
1030,4.31,4.32
1031,4.31,4.32
1032,4.31,4.33
1034,4.31,4.33
1035,4.31,4.33
1036,4.31,4.34
1037,4.31,4.34
1038,4.31,4.34
1039,4.31,4.35
1040,4.31,4.35
1042,4.31,4.35
1043,4.31,4.35
1044,4.31,4.35
1045,4.31,4.36
1046,4.31,4.36
1047,4.31,4.36
1048,4.31,4.37
1049,4.31,4.37
1051,4.31,4.37
1052,4.31,4.37
1053,4.31,4.38
1054,4.31,4.38
1055,4.31,4.38
1056,4.31,4.38
1057,4.31,4.39
1058,4.31,4.39
1060,4.31,4.39
1061,4.31,4.40
1062,4.31,4.40
1063,4.31,4.40
1064,4.31,4.40
1065,4.31,4.41
1067,4.31,4.41
1068,4.31,4.41
1070,4.31,4.41
1071,4.30,4.42
1072,4.31,4.42
1073,4.31,4.42
1074,4.30,4.42
1075,4.30,4.43
1076,4.31,4.43
1078,4.31,4.43
1079,4.31,4.43
1080,4.31,4.44
1081,4.31,4.44
1082,4.31,4.44
1083,4.31,4.45
1084,4.31,4.45
1085,4.31,4.45
1087,4.31,4.46
1088,4.30,4.46
1089,4.30,4.46
1090,4.30,4.47
1091,4.30,4.47
1092,4.30,4.47
1093,4.30,4.47
1094,4.30,4.48
1096,4.30,4.48
1097,4.30,4.48
1098,4.30,4.49
1099,4.30,4.49
1100,4.30,4.49
1101,4.30,4.50
1102,4.30,4.50
1103,4.30,4.50
1105,4.30,4.51
1106,4.30,4.51
1107,4.30,4.51
1108,4.30,4.52
1110,4.30,4.52
1111,4.30,4.52
1112,4.30,4.53
1113,4.30,4.53
1115,4.30,4.53
1116,4.30,4.54
1117,4.30,4.54
1118,4.30,4.55
1119,4.29,4.55
1120,4.29,4.56
1121,4.29,4.56
1122,4.29,4.56
1124,4.29,4.57
1125,4.29,4.57
1126,4.29,4.57
1127,4.29,4.57
1128,4.29,4.58
1129,4.29,4.58
1130,4.29,4.59
1132,4.29,4.59
1133,4.29,4.60
1134,4.29,4.60
1135,4.29,4.61
1136,4.29,4.61
1137,4.29,4.62
1138,4.29,4.62
1139,4.29,4.63
1141,4.29,4.63
1142,4.29,4.64
1143,4.29,4.64
1144,4.28,4.64
1145,4.28,4.65
1146,4.29,4.66
1147,4.28,4.66
1148,4.28,4.67
1150,4.28,4.68
1152,4.28,4.68
1153,4.28,4.69
1154,4.28,4.69
1155,4.28,4.70
1156,4.28,4.70
1157,4.28,4.71
1158,4.28,4.71
1160,4.28,4.72
1161,4.27,4.72
1162,4.27,4.73
1163,4.27,4.73
1164,4.27,4.74
1165,4.27,4.74
1166,4.27,4.74
1167,4.27,4.75
1169,4.27,4.75
1170,4.27,4.76
1171,4.27,4.76
1172,4.27,4.76
1173,4.27,4.77
1174,4.27,4.77
1175,4.27,4.77
1176,4.27,4.78
1178,4.27,4.78
1179,4.27,4.78
1180,4.27,4.78
1181,4.27,4.79
1182,4.27,4.79
1183,4.28,4.79
1184,4.27,4.80
1185,4.27,4.80
1187,4.27,4.80
1188,4.28,4.81
1189,4.27,4.81
1190,4.27,4.81
1191,4.28,4.82
1192,4.28,4.82
1193,4.28,4.82
1195,4.28,4.82
1197,4.28,4.83
1198,4.28,4.83
1199,4.28,4.83
1200,4.28,4.84
1201,4.28,4.84
1202,4.28,4.84
1203,4.28,4.84
1204,4.28,4.84
1206,4.28,4.85
1207,4.28,4.85
1208,4.28,4.85
1209,4.28,4.85
1210,4.29,4.85
1211,4.29,4.86
1212,4.29,4.86
1213,4.29,4.86
1215,4.29,4.86
1216,4.29,4.86
1217,4.29,4.87
1218,4.29,4.87
1219,4.29,4.87
1220,4.29,4.87
1221,4.29,4.87
1222,4.29,4.88
1224,4.29,4.88
1225,4.30,4.88
1226,4.30,4.88
1227,4.30,4.88
1228,4.30,4.88
1229,4.30,4.89
1230,4.30,4.89
1231,4.30,4.89
1233,4.30,4.89
1234,4.30,4.89
1235,4.30,4.89
1236,4.30,4.89
1238,4.30,4.89
1239,4.30,4.89
1240,4.30,4.90
1241,4.30,4.90
1242,4.30,4.90
1244,4.30,4.90
1245,4.30,4.90
1246,4.30,4.90
1247,4.31,4.90
1248,4.31,4.90
1249,4.31,4.91
1250,4.31,4.90
1251,4.31,4.91
1253,4.31,4.91
1254,4.31,4.91
1255,4.31,4.91
1256,4.31,4.91
1257,4.31,4.91
1258,4.31,4.91
1259,4.31,4.91
1261,4.31,4.91
1262,4.31,4.91
1263,4.31,4.91
1264,4.31,4.91
1265,4.31,4.91
1266,4.31,4.91
1267,4.31,4.92
1268,4.31,4.92
1270,4.31,4.92
1271,4.31,4.92
1272,4.31,4.92
1273,4.31,4.92
1274,4.31,4.92
1275,4.31,4.92
1276,4.31,4.92
1278,4.31,4.92
1280,4.31,4.92
1281,4.31,4.92
1282,4.31,4.92
1283,4.32,4.92
1284,4.31,4.92
1285,4.31,4.92
1286,4.31,4.92
1288,4.31,4.92
1289,4.31,4.92
1290,4.31,4.93
1291,4.31,4.93
1292,4.31,4.93
1293,4.31,4.93
1294,4.31,4.92
1295,4.31,4.93
1297,4.31,4.93
1298,4.31,4.93
1299,4.31,4.93
1300,4.31,4.93
1301,4.31,4.93
1302,4.31,4.93
1303,4.31,4.93
1304,4.31,4.93
1306,4.31,4.93
1307,4.31,4.93
1308,4.31,4.93
1309,4.31,4.93
1310,4.31,4.93
1311,4.31,4.93
1312,4.31,4.93
1314,4.31,4.93
1315,4.32,4.93
1316,4.31,4.93
1317,4.31,4.93
1318,4.31,4.93
1319,4.32,4.93
1320,4.32,4.93
1321,4.32,4.93
1324,4.32,4.93
1325,4.32,4.93
1326,4.32,4.93
1327,4.32,4.93
1328,4.32,4.93
1329,4.32,4.93
1330,4.32,4.93
1331,4.32,4.93
1333,4.32,4.93
1334,4.32,4.93
1335,4.32,4.93
1336,4.32,4.93
1337,4.32,4.93
1338,4.32,4.94
1339,4.32,4.94
1340,4.32,4.94
1342,4.32,4.94
1343,4.32,4.94
1344,4.32,4.94
1345,4.32,4.94
1346,4.32,4.94
1347,4.32,4.94
1348,4.32,4.94
1350,4.32,4.94
1351,4.32,4.94
1352,4.32,4.94
1353,4.31,4.94
1354,4.32,4.94
1355,4.32,4.94
1356,4.32,4.94
1357,4.32,4.94
1359,4.32,4.94
1360,4.32,4.94
1361,4.32,4.94
1362,4.32,4.94
1363,4.32,4.94
1364,4.32,4.94
1366,4.32,4.94
1368,4.32,4.94
1369,4.32,4.94
1370,4.32,4.93
1371,4.32,4.93
1372,4.32,4.93
1373,4.32,4.92
1374,4.32,4.92
1375,4.32,4.91
1377,4.32,4.91
1378,4.32,4.90
1379,4.31,4.90
1380,4.31,4.89
1381,4.31,4.88
1382,4.31,4.88
1383,4.31,4.87
1385,4.31,4.86
1386,4.31,4.86
1387,4.30,4.85
1388,4.30,4.84
1389,4.30,4.83
1390,4.30,4.83
1391,4.30,4.82
1392,4.30,4.81
1394,4.29,4.80
1395,4.29,4.79
1396,4.29,4.78
1397,4.29,4.78
1398,4.28,4.77
1399,4.28,4.76
1400,4.28,4.75
1401,4.27,4.74
1403,4.27,4.74
1404,4.27,4.73
1405,4.26,4.72
1406,4.26,4.71
1408,4.26,4.70
1409,4.26,4.69
1410,4.25,4.68
1411,4.25,4.67
1413,4.25,4.66
1414,4.25,4.65
1415,4.24,4.65
1416,4.24,4.64
1417,4.24,4.63
1418,4.24,4.62
1419,4.23,4.61
1420,4.23,4.61
1422,4.23,4.60
1423,4.23,4.59
1424,4.23,4.58
1425,4.22,4.58
1426,4.22,4.57
1427,4.22,4.57
1428,4.22,4.56
1429,4.22,4.55
1431,4.21,4.54
1432,4.21,4.54
1433,4.21,4.53
1434,4.21,4.53
1435,4.21,4.52
1436,4.21,4.52
1437,4.20,4.51
1439,4.21,4.51
1440,4.20,4.50
1441,4.20,4.50
1442,4.20,4.49
1443,4.20,4.49
1444,4.20,4.48
1445,4.20,4.47
1446,4.20,4.47
1448,4.20,4.46
1449,4.20,4.46
1451,4.20,4.45
1452,4.20,4.45
1453,4.20,4.44
1454,4.20,4.44
1455,4.20,4.44
1456,4.20,4.43
1458,4.20,4.43
1459,4.20,4.42
1460,4.20,4.42
1461,4.20,4.41
1462,4.20,4.41
1463,4.20,4.41
1464,4.20,4.40
1465,4.20,4.40
1467,4.20,4.39
1468,4.20,4.39
1469,4.21,4.39
1470,4.21,4.38
1471,4.21,4.38
1472,4.21,4.38
1473,4.21,4.37
1474,4.21,4.37
1476,4.21,4.37
1477,4.21,4.36
1478,4.21,4.36
1479,4.21,4.36
1480,4.21,4.35
1481,4.21,4.35
1482,4.21,4.35
1483,4.21,4.35
1485,4.21,4.35
1486,4.22,4.34
1487,4.21,4.34
1488,4.22,4.34
1489,4.22,4.34
1490,4.22,4.33
1491,4.22,4.33
1492,4.22,4.33
1495,4.22,4.33
1496,4.22,4.32
1497,4.22,4.32
1498,4.22,4.32
1499,4.22,4.32
1500,4.22,4.31
1501,4.22,4.31
1503,4.23,4.31
1504,4.22,4.31
1505,4.22,4.31
1506,4.23,4.31
1507,4.23,4.30
1508,4.23,4.30
1509,4.23,4.30
1510,4.23,4.30
1512,4.23,4.29
1513,4.23,4.29
1514,4.23,4.29
1515,4.23,4.29
1516,4.23,4.29
1517,4.23,4.28
1518,4.23,4.28
1519,4.24,4.28
1521,4.24,4.28
1522,4.24,4.28
1523,4.24,4.28
1524,4.24,4.28
1525,4.24,4.27
1526,4.24,4.27
1527,4.24,4.27
1529,4.24,4.27
1530,4.24,4.27
1531,4.24,4.27
1532,4.24,4.26
1533,4.24,4.26
1534,4.24,4.26
1536,4.24,4.26
1537,4.25,4.26
1539,4.24,4.26
1540,4.25,4.26
1541,4.25,4.26
1542,4.25,4.26
1543,4.25,4.26
1544,4.25,4.25
1545,4.25,4.25
1546,4.25,4.25
1548,4.25,4.25
1549,4.25,4.25
1550,4.25,4.25
1551,4.25,4.25
1552,4.25,4.25
1553,4.25,4.25
1554,4.25,4.25
1555,4.25,4.25
1557,4.26,4.25
1558,4.26,4.25
1559,4.26,4.24
1560,4.26,4.24
1561,4.26,4.24
1562,4.26,4.24
1563,4.26,4.24
1565,4.26,4.24
1566,4.26,4.24
1567,4.26,4.24
1568,4.26,4.24
1569,4.26,4.24
1570,4.26,4.24
1571,4.26,4.24
1572,4.26,4.24
1574,4.26,4.24
1575,4.26,4.24
1576,4.26,4.24
1577,4.26,4.24
1579,4.26,4.24
1580,4.26,4.24
1581,4.27,4.24
1582,4.27,4.24
1584,4.26,4.24
1585,4.27,4.24
1586,4.27,4.24
1587,4.27,4.24
1588,4.27,4.24
1589,4.27,4.24
1590,4.27,4.24
1591,4.27,4.24
1593,4.27,4.24
1594,4.27,4.24
1595,4.27,4.24
1596,4.27,4.24
1597,4.27,4.23
1598,4.27,4.23
1599,4.27,4.23
1600,4.27,4.24
1602,4.27,4.23
1603,4.27,4.24
1604,4.27,4.24
1605,4.27,4.24
1606,4.27,4.24
1607,4.27,4.24
1608,4.27,4.24
1609,4.27,4.24
1611,4.27,4.24
1612,4.27,4.24
1613,4.27,4.24
1614,4.27,4.24
1615,4.27,4.24
1616,4.28,4.24
1617,4.28,4.24
1618,4.28,4.24
1620,4.28,4.24
1622,4.28,4.24
1623,4.28,4.24
1624,4.28,4.24
1625,4.28,4.24
1626,4.28,4.24
1627,4.28,4.24
1628,4.28,4.24
1630,4.28,4.24
1631,4.28,4.24
1632,4.28,4.24
1633,4.28,4.24
1634,4.28,4.24
1635,4.28,4.24
1636,4.28,4.24
1637,4.28,4.24
1639,4.28,4.24
1640,4.28,4.24
1641,4.28,4.24
1642,4.28,4.24
1643,4.28,4.24
1644,4.28,4.24
1645,4.28,4.24
1646,4.28,4.24
1648,4.28,4.24
1649,4.28,4.24
1650,4.28,4.24
1651,4.28,4.24
1652,4.28,4.24
1653,4.28,4.24
1654,4.28,4.24
1655,4.28,4.24
1657,4.28,4.24
1658,4.28,4.24
1659,4.28,4.24
1660,4.28,4.24
1661,4.28,4.24
1662,4.28,4.24
1664,4.28,4.24
1665,4.28,4.24
1667,4.28,4.24
1668,4.28,4.24
1669,4.28,4.24
1670,4.28,4.24
1671,4.28,4.24
1672,4.28,4.24
1673,4.28,4.24
1674,4.28,4.24
1676,4.28,4.24
1677,4.28,4.24
1678,4.28,4.24
1679,4.28,4.24
1680,4.28,4.24
1681,4.28,4.24
1682,4.28,4.24
1683,4.28,4.24
1685,4.28,4.24
1686,4.28,4.24
1687,4.28,4.24
1688,4.28,4.24
1689,4.28,4.24
1690,4.28,4.24
1691,4.28,4.24
1692,4.28,4.24
1694,4.28,4.24
1695,4.28,4.24
1696,4.28,4.24
1697,4.28,4.24
1698,4.28,4.24
1699,4.28,4.24
1700,4.28,4.24
1701,4.28,4.24
1703,4.28,4.24
1704,4.28,4.24
1705,4.28,4.24
1707,4.28,4.24
1708,4.28,4.24
1709,4.28,4.24
1710,4.28,4.24
1711,4.28,4.24
1713,4.28,4.24
1714,4.28,4.24
1715,4.28,4.24
1716,4.28,4.24
1717,4.28,4.24
1718,4.27,4.24
1719,4.28,4.24
1720,4.28,4.24
1722,4.27,4.24
1723,4.27,4.24
1724,4.27,4.24
1725,4.27,4.24
1726,4.27,4.24
1727,4.27,4.24
1728,4.27,4.24
1729,4.27,4.24
1731,4.27,4.24
1732,4.27,4.24
1733,4.27,4.24
1734,4.27,4.24
1735,4.27,4.24
1736,4.27,4.24
1737,4.27,4.24
1738,4.27,4.24
1740,4.28,4.24
1741,4.27,4.24
1742,4.27,4.24
1743,4.27,4.24
1744,4.27,4.24
1745,4.28,4.24
1746,4.27,4.24
1747,4.27,4.24
1750,4.27,4.24
1751,4.27,4.24
1752,4.27,4.24
1753,4.27,4.24
1754,4.27,4.24
1755,4.27,4.24
1756,4.27,4.24
1757,4.27,4.24
1759,4.27,4.24
1760,4.27,4.24
1761,4.27,4.24
1762,4.27,4.24
1763,4.27,4.24
1764,4.27,4.24
1765,4.27,4.24
1766,4.27,4.24
1768,4.27,4.24
1769,4.27,4.24
1770,4.27,4.24
1771,4.27,4.24
1772,4.27,4.24
1773,4.27,4.24
1774,4.27,4.24
1775,4.27,4.24
1777,4.27,4.24
1778,4.27,4.24
1779,4.27,4.24
1780,4.27,4.24
1781,4.27,4.24
1782,4.27,4.24
1783,4.27,4.24
1784,4.27,4.24
1786,4.27,4.24
1787,4.27,4.24
1788,4.27,4.24
1789,4.27,4.24
1790,4.27,4.24
1792,4.27,4.24
1793,4.27,4.24
1794,4.27,4.24
1796,4.27,4.24
1797,4.27,4.24
1798,4.27,4.24
1799,4.27,4.24
1800,4.27,4.24
1801,4.27,4.24
1802,4.27,4.24
1803,4.27,4.24
1805,4.27,4.24
1806,4.27,4.24
1807,4.27,4.24
1808,4.27,4.24
1809,4.27,4.24
1810,4.27,4.24
1811,4.27,4.24
1812,4.27,4.24
1814,4.27,4.24
1815,4.27,4.24
1816,4.27,4.24
1817,4.27,4.24
1818,4.27,4.24
1819,4.27,4.24
1820,4.27,4.24
1821,4.27,4.24
1823,4.27,4.24
1824,4.27,4.24
1825,4.27,4.24
1826,4.27,4.24
1827,4.27,4.24
1828,4.27,4.24
1829,4.27,4.24
1830,4.27,4.24
1832,4.27,4.24
1833,4.27,4.24
1835,4.27,4.24
1836,4.27,4.24
1837,4.27,4.24
1838,4.27,4.24
1839,4.27,4.24
1840,4.27,4.24
1842,4.27,4.24
1843,4.27,4.24
1844,4.27,4.24
1845,4.27,4.24
1846,4.27,4.24
1847,4.27,4.23
1848,4.27,4.24
1849,4.27,4.23
1851,4.27,4.23
1852,4.27,4.24
1853,4.27,4.23
1854,4.27,4.24
1855,4.27,4.24
1856,4.27,4.24
1857,4.27,4.24
1858,4.27,4.24
1860,4.27,4.24
1861,4.27,4.24
1862,4.27,4.24
1863,4.27,4.24
1864,4.27,4.24
1865,4.27,4.24
1866,4.27,4.24
1867,4.27,4.24
1869,4.27,4.24
1870,4.27,4.24
1871,4.27,4.24
1872,4.27,4.24
1873,4.27,4.24
1874,4.27,4.24
1875,4.27,4.24
1876,4.27,4.24
1879,4.27,4.24
1880,4.27,4.24
1881,4.27,4.24
1882,4.27,4.24
1883,4.27,4.24
1884,4.27,4.24
1885,4.27,4.24
1886,4.27,4.24
1888,4.27,4.24
1889,4.27,4.24
1890,4.27,4.24
1891,4.27,4.24
1892,4.27,4.24
1893,4.27,4.24
1894,4.27,4.24
1895,4.27,4.24
1897,4.27,4.24
1898,4.27,4.24
1899,4.27,4.24
1900,4.27,4.24
1901,4.27,4.24
1902,4.27,4.24
1903,4.27,4.24
1904,4.27,4.24
1906,4.27,4.24
1907,4.27,4.24
1908,4.27,4.24
1909,4.27,4.24
1910,4.27,4.24
1911,4.27,4.24
1912,4.27,4.24
1913,4.27,4.24
1915,4.27,4.24
1916,4.27,4.24
1917,4.27,4.24
1918,4.27,4.24
1920,4.27,4.24
1921,4.27,4.24
1922,4.27,4.24
1923,4.27,4.24
1925,4.27,4.24
1926,4.27,4.24
1927,4.27,4.24
1928,4.27,4.24
1929,4.27,4.24
1930,4.27,4.24
1931,4.27,4.24
1932,4.27,4.24
1934,4.27,4.24
1935,4.27,4.24
1936,4.27,4.24
1937,4.27,4.24
1938,4.27,4.24
1939,4.27,4.24
1940,4.27,4.24
1941,4.27,4.24
1943,4.27,4.24
1944,4.27,4.24
1945,4.27,4.24
1946,4.27,4.24
1947,4.27,4.24
1948,4.27,4.24
1949,4.27,4.24
1950,4.27,4.24
1952,4.27,4.24
1953,4.27,4.24
1954,4.27,4.24
1955,4.27,4.24
1956,4.27,4.24
1957,4.27,4.24
1958,4.27,4.24
1959,4.27,4.24
1961,4.27,4.24
1963,4.27,4.24
1964,4.27,4.24
1965,4.27,4.24
1966,4.27,4.24
1967,4.27,4.24
1968,4.27,4.24
1969,4.27,4.24
1971,4.27,4.24
1972,4.27,4.24
1973,4.27,4.24
1974,4.27,4.24
1975,4.27,4.24
1976,4.27,4.24
1977,4.27,4.24
1978,4.27,4.24
1980,4.27,4.24
1981,4.27,4.24
1982,4.27,4.24
1983,4.27,4.24
1984,4.27,4.24
1985,4.27,4.24
1986,4.27,4.24
1987,4.27,4.24
1989,4.27,4.25
1990,4.27,4.24
1991,4.27,4.24
1992,4.27,4.25
1993,4.27,4.24
1994,4.27,4.24
1995,4.27,4.24
1996,4.27,4.25
1998,4.27,4.25
1999,4.27,4.24
2000,4.27,4.25
2001,4.27,4.25
2002,4.27,4.24
2003,4.27,4.24
2004,4.27,4.24
2007,4.27,4.25
2008,4.27,4.24
2009,4.27,4.24
2010,4.27,4.24
2011,4.27,4.24
2012,4.27,4.24
2013,4.27,4.24
2014,4.27,4.24
2016,4.27,4.24
2017,4.27,4.24
2018,4.27,4.24
2019,4.27,4.24
2020,4.27,4.24
2021,4.27,4.24
2022,4.27,4.24
2023,4.27,4.24
2025,4.27,4.24
2026,4.27,4.24
2027,4.27,4.24
2028,4.27,4.24
2029,4.27,4.24
2030,4.27,4.24
2031,4.27,4.24
2032,4.27,4.24
2034,4.27,4.24
2035,4.27,4.24
2036,4.27,4.24
2037,4.27,4.24
2038,4.27,4.24
2039,4.26,4.25
2040,4.27,4.25
2041,4.26,4.24
2043,4.26,4.25
2044,4.27,4.24
2045,4.27,4.24
2046,4.27,4.24
2048,4.27,4.24
2049,4.26,4.24
2050,4.26,4.24
2051,4.27,4.25
2053,4.26,4.25
2054,4.26,4.25
2055,4.26,4.25
2056,4.26,4.25
2057,4.26,4.25
2058,4.26,4.25
2059,4.26,4.25
2061,4.26,4.25
2062,4.26,4.25
2063,4.26,4.25
2064,4.26,4.25
2065,4.27,4.25
2066,4.27,4.25
2067,4.27,4.25
2068,4.27,4.25
2070,4.27,4.25
2071,4.26,4.25
2072,4.27,4.25
2073,4.27,4.25
2074,4.27,4.25
2075,4.27,4.25
2076,4.27,4.25
2077,4.26,4.25
2079,4.26,4.25
2080,4.27,4.26
2081,4.27,4.25
2082,4.26,4.26
2083,4.27,4.26
2084,4.26,4.25
2085,4.26,4.26
2087,4.26,4.26
2088,4.26,4.25
2089,4.27,4.26
2091,4.26,4.26
2092,4.26,4.25
2093,4.26,4.25
2094,4.26,4.25
2095,4.26,4.25
2097,4.26,4.26
2098,4.26,4.26
2099,4.26,4.25
2100,4.26,4.26
2101,4.26,4.26
2102,4.26,4.26
2103,4.26,4.26
2104,4.26,4.26
2106,4.26,4.26
2107,4.26,4.26
2108,4.26,4.26
2109,4.26,4.25
2110,4.26,4.25
2111,4.26,4.25
2112,4.26,4.25
2114,4.26,4.25
2115,4.26,4.25
2116,4.26,4.25
2117,4.26,4.25
2118,4.26,4.25
2119,4.26,4.25
2120,4.26,4.25
2121,4.26,4.25
2123,4.26,4.25
2124,4.26,4.25
2125,4.26,4.25
2126,4.26,4.25
2127,4.26,4.25
2128,4.26,4.25
2129,4.26,4.26
2130,4.26,4.26
2132,4.26,4.26
2134,4.26,4.26
2135,4.26,4.26
2136,4.26,4.26
2137,4.25,4.26
2138,4.26,4.26
2139,4.25,4.26
2141,4.25,4.26
2142,4.26,4.26
2143,4.25,4.26
2144,4.25,4.26
2145,4.25,4.26
2146,4.25,4.26
2147,4.26,4.26
2148,4.25,4.26
2150,4.25,4.26
2151,4.25,4.26
2152,4.25,4.26
2153,4.25,4.26
2154,4.25,4.26
2155,4.25,4.26
2156,4.25,4.26
2157,4.26,4.26
2159,4.25,4.26
2160,4.25,4.26
2161,4.25,4.26
2162,4.25,4.26
2163,4.25,4.26
2164,4.25,4.26
2165,4.25,4.26
2166,4.25,4.26
2168,4.25,4.26
2169,4.25,4.26
2170,4.25,4.27
2171,4.25,4.27
2172,4.25,4.27
2173,4.25,4.27
2174,4.25,4.27
2176,4.25,4.27
2178,4.25,4.27
2179,4.25,4.27
2180,4.25,4.27
2181,4.25,4.27
2182,4.25,4.27
2183,4.25,4.27
2184,4.25,4.27
2186,4.25,4.27
2187,4.25,4.27
2188,4.25,4.27
2189,4.25,4.27
2190,4.25,4.27
2191,4.25,4.27
2192,4.25,4.27
2193,4.25,4.27
2195,4.25,4.27
2196,4.25,4.27
2197,4.25,4.27
2198,4.25,4.27
2199,4.25,4.27
2200,4.25,4.27
2201,4.25,4.27
2203,4.25,4.27
2204,4.25,4.27
2205,4.25,4.27
2206,4.25,4.27
2207,4.25,4.27
2208,4.25,4.27
2209,4.25,4.27
2210,4.25,4.27
2212,4.25,4.27
2213,4.25,4.27
2214,4.25,4.27
2215,4.25,4.27
2216,4.25,4.27
2217,4.25,4.27
2219,4.25,4.27
2220,4.25,4.27
2222,4.25,4.27
2223,4.25,4.27
2224,4.25,4.27
2225,4.25,4.27
2226,4.25,4.27
2227,4.25,4.27
2228,4.25,4.27
2229,4.25,4.27
2231,4.25,4.27
2232,4.24,4.27
2233,4.24,4.27
2234,4.24,4.27
2235,4.24,4.27
2236,4.24,4.27
2237,4.24,4.27
2238,4.24,4.27
2240,4.24,4.27
2241,4.24,4.27
2242,4.24,4.27
2243,4.24,4.27
2244,4.24,4.27
2245,4.24,4.27
2246,4.24,4.27
2248,4.24,4.27
2249,4.24,4.27
2250,4.24,4.27
2251,4.24,4.27
2252,4.24,4.27
2253,4.24,4.27
2254,4.24,4.27
2255,4.24,4.27
2257,4.24,4.27
2258,4.24,4.27
2259,4.24,4.27
2260,4.23,4.27
2262,4.23,4.27
2263,4.23,4.27
2264,4.23,4.27
2265,4.23,4.27
2267,4.23,4.27
2268,4.23,4.27
2269,4.23,4.27
2270,4.23,4.27
2271,4.23,4.28
2272,4.23,4.28
2273,4.23,4.28
2274,4.23,4.28
2276,4.23,4.28
2277,4.23,4.28
2278,4.23,4.28
2279,4.23,4.28
2280,4.23,4.28
2281,4.23,4.28
2282,4.23,4.28
2284,4.23,4.28
2285,4.23,4.28
2286,4.22,4.28
2287,4.22,4.28
2288,4.22,4.28
2289,4.22,4.28
2290,4.22,4.28
2291,4.22,4.28
2293,4.22,4.28
2294,4.22,4.28
2295,4.22,4.28
2296,4.22,4.28
2297,4.22,4.28
2298,4.22,4.28
2299,4.22,4.28
2300,4.22,4.28
2302,4.22,4.28
2304,4.21,4.28
2305,4.21,4.28
2306,4.21,4.28
2307,4.21,4.28
2308,4.22,4.28
2309,4.22,4.28
2310,4.22,4.28
2312,4.21,4.28
2313,4.21,4.28
2314,4.21,4.28
2315,4.21,4.28
2316,4.21,4.29
2317,4.21,4.29
2318,4.21,4.29
2319,4.21,4.29
2321,4.21,4.29
2322,4.21,4.29
2323,4.21,4.29
2324,4.21,4.29
2325,4.21,4.29
2326,4.21,4.29
2327,4.21,4.29
2329,4.21,4.29
2330,4.21,4.29
2331,4.21,4.29
2332,4.21,4.29
2333,4.21,4.29
2334,4.21,4.29
2335,4.21,4.29
2337,4.21,4.29
2338,4.21,4.29
2339,4.21,4.29
2340,4.20,4.29
2341,4.20,4.29
2342,4.20,4.29
2343,4.20,4.29
2344,4.20,4.29
2347,4.20,4.29
2348,4.20,4.29
2349,4.20,4.29
2350,4.20,4.29
2351,4.20,4.29
2352,4.20,4.29
2353,4.20,4.29
2354,4.20,4.30
2356,4.20,4.29
2357,4.20,4.29
2358,4.20,4.29
2359,4.20,4.29
2360,4.20,4.29
2361,4.20,4.29
2362,4.20,4.29
2363,4.20,4.30
2365,4.20,4.30
2366,4.20,4.30
2367,4.20,4.30
2368,4.20,4.30
2369,4.20,4.30
2370,4.20,4.30
2371,4.20,4.30
2372,4.20,4.30
2373,4.20,4.30
2375,4.20,4.30
2376,4.20,4.30
2377,4.20,4.30
2378,4.20,4.30
2379,4.20,4.30
2380,4.20,4.30
2381,4.20,4.30
2382,4.20,4.30
2384,4.20,4.30
2385,4.20,4.30
2386,4.20,4.30
2387,4.20,4.30
2388,4.20,4.30
2390,4.19,4.30
2391,4.20,4.30
2392,4.20,4.30
2393,4.20,4.30
2395,4.20,4.30
2396,4.20,4.30
2397,4.20,4.30
2398,4.20,4.30
2399,4.20,4.30
2400,4.20,4.30
2401,4.20,4.30
2402,4.20,4.30
2404,4.20,4.30
2405,4.19,4.30
2406,4.20,4.30
2407,4.20,4.30
2408,4.19,4.30
2409,4.20,4.30
2410,4.19,4.30
2411,4.20,4.30
2412,4.19,4.30
2414,4.20,4.30
2415,4.19,4.30
2416,4.19,4.30
2417,4.19,4.30
2418,4.19,4.31
2419,4.19,4.31
2420,4.19,4.31
2422,4.19,4.31
2423,4.19,4.31
2424,4.19,4.31
2425,4.19,4.31
2426,4.19,4.31
2427,4.19,4.31
2428,4.19,4.31
2429,4.19,4.31
2432,4.19,4.31
2433,4.19,4.31
2434,4.19,4.31
2435,4.19,4.31
2436,4.19,4.31
2437,4.19,4.31
2438,4.19,4.31
2440,4.19,4.31
2441,4.19,4.31
2442,4.19,4.31
2443,4.19,4.31
2444,4.19,4.31
2445,4.19,4.31
2446,4.19,4.31
2448,4.19,4.31
2449,4.19,4.31
2450,4.19,4.31
2451,4.19,4.31
2452,4.19,4.31
2453,4.19,4.31
2454,4.19,4.31
2455,4.19,4.31
2457,4.19,4.31
2458,4.19,4.31
2459,4.19,4.31
2460,4.19,4.31
2461,4.19,4.31
2462,4.19,4.31
2463,4.19,4.31
2464,4.19,4.31
2466,4.19,4.31
2467,4.19,4.31
2468,4.19,4.31
2469,4.19,4.31
2470,4.19,4.32
2471,4.19,4.31
2472,4.19,4.32
2475,4.19,4.32
2476,4.19,4.32
2477,4.19,4.32
2478,4.19,4.31
2479,4.19,4.31
2480,4.19,4.31
2481,4.19,4.31
2482,4.19,4.31
2484,4.19,4.31
2485,4.19,4.31
2486,4.18,4.31
2487,4.18,4.31
2488,4.18,4.31
2489,4.18,4.31
2490,4.19,4.32
2491,4.18,4.31
2493,4.18,4.31
2494,4.18,4.31
2495,4.18,4.32
2496,4.19,4.32
2497,4.18,4.32
2498,4.18,4.32
2499,4.18,4.32
2501,4.19,4.32
2502,4.18,4.32
2503,4.18,4.32
2504,4.18,4.32
2505,4.18,4.32
2506,4.18,4.32
2507,4.18,4.32
2509,4.18,4.32
2510,4.18,4.32
2511,4.18,4.32
2512,4.18,4.32
2513,4.18,4.32
2514,4.18,4.32
2515,4.18,4.32
2518,4.18,4.32
2519,4.18,4.32
2520,4.18,4.32
2521,4.18,4.32
2522,4.18,4.32
2523,4.18,4.31
2524,4.18,4.32
2525,4.18,4.32
2527,4.18,4.32
2528,4.18,4.32
2529,4.18,4.32
2530,4.18,4.32
2531,4.18,4.32
2532,4.18,4.32
2533,4.18,4.31
2535,4.18,4.32
2536,4.18,4.32
2537,4.18,4.32
2538,4.18,4.32
2539,4.18,4.32
2540,4.18,4.32
2541,4.18,4.32
2543,4.18,4.32
2544,4.18,4.32
2545,4.18,4.32
2546,4.18,4.32
2547,4.18,4.32
2548,4.18,4.32
2549,4.18,4.32
2551,4.18,4.32
2552,4.18,4.32
2553,4.18,4.32
2554,4.18,4.32
2555,4.18,4.32
2556,4.18,4.32
2557,4.18,4.32
2560,4.18,4.32
2561,4.18,4.32
2562,4.18,4.32
2563,4.17,4.32
2564,4.18,4.32
2565,4.18,4.32
2566,4.17,4.32
2567,4.18,4.32
2569,4.18,4.32
2570,4.18,4.32
2571,4.18,4.32
2572,4.18,4.32
2573,4.18,4.32
2574,4.18,4.32
2575,4.17,4.32
2577,4.18,4.32
2578,4.17,4.32
2579,4.17,4.32
2580,4.17,4.32
2581,4.17,4.32
2582,4.17,4.32
2583,4.17,4.32
2585,4.17,4.32
2586,4.17,4.32
2587,4.17,4.32
2588,4.18,4.32
2589,4.17,4.32
2590,4.17,4.32
2591,4.17,4.32
2593,4.17,4.32
2594,4.17,4.32
2595,4.17,4.32
2596,4.17,4.32
2597,4.17,4.32
2598,4.17,4.32
2599,4.17,4.32
2601,4.17,4.32
2603,4.17,4.32
2604,4.17,4.32
2605,4.17,4.32
2606,4.17,4.32
2607,4.17,4.32
2608,4.17,4.32
2610,4.17,4.32
2611,4.17,4.32
2612,4.17,4.32
2613,4.17,4.32
2614,4.17,4.32
2615,4.17,4.32
2616,4.17,4.32
2617,4.17,4.32
2619,4.17,4.32
2620,4.17,4.32
2621,4.17,4.32
2622,4.17,4.32
2623,4.17,4.32
2624,4.17,4.32
2625,4.17,4.32
2627,4.17,4.32
2628,4.17,4.32
2629,4.17,4.31
2630,4.17,4.32
2631,4.17,4.32
2632,4.17,4.32
2633,4.17,4.32
2635,4.17,4.32
2636,4.17,4.32
2637,4.17,4.32
2638,4.17,4.32
2639,4.17,4.32
2640,4.17,4.32
2641,4.17,4.32
2643,4.17,4.32
2644,4.17,4.32
2646,4.17,4.32
2647,4.17,4.32
2648,4.17,4.32
2649,4.17,4.32
2650,4.17,4.32
2652,4.17,4.32
2653,4.17,4.32
2654,4.17,4.32
2655,4.17,4.32
2656,4.17,4.32
2657,4.17,4.32
2658,4.17,4.32
2660,4.17,4.32
2661,4.17,4.32
2662,4.17,4.32
2663,4.17,4.32
2664,4.17,4.32
2665,4.17,4.32
2666,4.17,4.32
2667,4.17,4.32
2669,4.17,4.32
2670,4.17,4.32
2671,4.17,4.32
2672,4.17,4.32
2673,4.17,4.32
2674,4.17,4.32
2675,4.17,4.32
2677,4.16,4.32
2678,4.17,4.32
2679,4.17,4.32
2680,4.16,4.32
2681,4.16,4.32
2682,4.16,4.32
2683,4.16,4.32
2684,4.17,4.32
2686,4.16,4.32
2688,4.16,4.32
2689,4.16,4.32
2690,4.16,4.32
2691,4.16,4.32
2692,4.16,4.32
2693,4.16,4.32
2695,4.17,4.32
2696,4.16,4.32
2697,4.17,4.32
2698,4.16,4.32
2699,4.16,4.32
2700,4.16,4.32
2701,4.16,4.32
2702,4.16,4.32
2704,4.16,4.32
2705,4.16,4.32
2706,4.16,4.32
2707,4.16,4.32
2708,4.16,4.32
2709,4.16,4.32
2710,4.16,4.32
2711,4.16,4.32
2713,4.16,4.32
2714,4.16,4.32
2715,4.16,4.32
2716,4.16,4.32
2717,4.16,4.32
2718,4.16,4.32
2719,4.16,4.32
2721,4.16,4.32
2722,4.16,4.32
2723,4.16,4.32
2724,4.16,4.32
2725,4.16,4.32
2726,4.16,4.32
2727,4.16,4.32
2728,4.16,4.32
2731,4.16,4.32
2732,4.16,4.32
2733,4.16,4.32
2734,4.16,4.32
2735,4.16,4.32
2736,4.16,4.32
2737,4.16,4.33
2738,4.16,4.32
2740,4.16,4.32
2741,4.16,4.32
2742,4.16,4.32
2743,4.16,4.32
2744,4.16,4.32
2745,4.16,4.33
2746,4.16,4.32
2747,4.16,4.32
2749,4.16,4.32
2750,4.16,4.33
2751,4.16,4.33
2752,4.16,4.33
2753,4.16,4.33
2754,4.16,4.33
2755,4.16,4.33
2757,4.16,4.33
2758,4.16,4.33
2759,4.16,4.33
2760,4.16,4.33
2761,4.16,4.33
2762,4.16,4.33
2763,4.16,4.33
2765,4.16,4.33
2766,4.16,4.33
2767,4.16,4.33
2768,4.16,4.33
2769,4.16,4.33
2770,4.16,4.33
2771,4.16,4.33
2774,4.16,4.33
2775,4.16,4.33
2776,4.16,4.33
2777,4.16,4.33
2778,4.16,4.33
2779,4.16,4.33
2780,4.16,4.33
2781,4.16,4.33
2783,4.16,4.33
2784,4.16,4.33
2785,4.16,4.33
2786,4.16,4.33
2787,4.16,4.33
2788,4.16,4.33
2789,4.16,4.33
2791,4.16,4.33
2792,4.16,4.33
2793,4.16,4.33
2794,4.16,4.33
2795,4.16,4.33
2796,4.16,4.33
2797,4.16,4.33
2799,4.16,4.34
2800,4.16,4.34
2801,4.16,4.34
2802,4.16,4.34
2803,4.16,4.34
2804,4.16,4.34
2805,4.16,4.34
2806,4.16,4.34
2808,4.16,4.34
2809,4.16,4.34
2810,4.16,4.34
2811,4.16,4.34
2812,4.16,4.34
2813,4.16,4.34
2814,4.16,4.34
2816,4.16,4.34
2818,4.16,4.35
2819,4.16,4.35
2820,4.16,4.35
2821,4.16,4.35
2822,4.16,4.35
2823,4.16,4.35
2824,4.16,4.35
2826,4.16,4.35
2827,4.16,4.35
2828,4.16,4.35
2829,4.16,4.35
2830,4.16,4.35
2831,4.16,4.35
2832,4.16,4.35
2834,4.16,4.35
2835,4.16,4.35
2836,4.16,4.35
2837,4.16,4.35
2838,4.16,4.35
2839,4.16,4.35
2840,4.16,4.35
2841,4.16,4.35
2843,4.16,4.35
2844,4.16,4.35
2845,4.16,4.35
2846,4.16,4.35
2847,4.16,4.35
2848,4.16,4.35
2849,4.16,4.35
2850,4.16,4.35
2852,4.16,4.35
2853,4.16,4.35
2854,4.16,4.35
2855,4.16,4.35
2856,4.16,4.35
2857,4.16,4.35
2859,4.16,4.34
2860,4.16,4.34
2862,4.16,4.34
2863,4.16,4.34
2864,4.16,4.33
2865,4.16,4.33
2866,4.16,4.33
2867,4.16,4.33
2868,4.16,4.33
2870,4.16,4.33
2871,4.16,4.33
2872,4.16,4.33
2873,4.16,4.33
2874,4.16,4.33
2875,4.16,4.32
2876,4.16,4.32
2877,4.16,4.32
2879,4.16,4.32
2880,4.16,4.32
2881,4.15,4.32
2882,4.15,4.32
2883,4.15,4.32
2884,4.15,4.33
2885,4.15,4.32
2887,4.15,4.33
2888,4.15,4.33
2889,4.15,4.33
2890,4.15,4.33
2891,4.15,4.33
2892,4.15,4.33
2893,4.15,4.33
2895,4.16,4.33
2896,4.16,4.33
2897,4.15,4.33
2898,4.16,4.33
2899,4.16,4.33
2900,4.16,4.33
2902,4.16,4.33
2903,4.16,4.34
2905,4.16,4.34
2906,4.16,4.34
2907,4.16,4.34
2908,4.16,4.34
2909,4.16,4.34
2910,4.16,4.34
2911,4.16,4.34
2913,4.16,4.35
2914,4.16,4.35
2915,4.16,4.35
2916,4.17,4.35
2917,4.17,4.35
2918,4.17,4.35
2919,4.17,4.35
2920,4.17,4.35
2922,4.17,4.35
2923,4.17,4.35
2924,4.17,4.35
2925,4.17,4.35
2926,4.17,4.36
2927,4.17,4.36
2928,4.17,4.36
2929,4.17,4.36
2931,4.17,4.36
2932,4.17,4.36
2933,4.17,4.36
2934,4.17,4.36
2935,4.17,4.37
2936,4.17,4.37
2937,4.17,4.37
2938,4.17,4.37
2940,4.17,4.37
2941,4.17,4.37
2942,4.17,4.37
2944,4.18,4.37
2945,4.18,4.37
2946,4.18,4.37
2947,4.18,4.37
2948,4.18,4.37
2950,4.18,4.38
2951,4.18,4.38
2952,4.18,4.38
2953,4.18,4.38
2954,4.18,4.38
2955,4.18,4.38
2956,4.18,4.38
2957,4.18,4.38
2959,4.18,4.38
2960,4.18,4.38
2961,4.18,4.38
2962,4.18,4.39
2963,4.18,4.39
2964,4.18,4.39
2965,4.18,4.39
2966,4.18,4.39
2968,4.18,4.39
2969,4.18,4.39
2970,4.18,4.40
2971,4.18,4.40
2972,4.18,4.40
2973,4.18,4.40
2974,4.18,4.40
2975,4.18,4.40
2977,4.18,4.41
2978,4.18,4.41
2979,4.18,4.41
2980,4.18,4.41
2981,4.18,4.42
2982,4.18,4.42
2983,4.18,4.42
2984,4.18,4.43
2987,4.18,4.43
2988,4.18,4.43
2989,4.18,4.43
2990,4.18,4.44
2991,4.18,4.44
2992,4.18,4.44
2993,4.18,4.44
2994,4.18,4.45
2996,4.18,4.45
2997,4.18,4.46
2998,4.18,4.46
2999,4.17,4.47
3000,4.17,4.47
3001,4.17,4.48
3002,4.17,4.48
3003,4.17,4.49
3005,4.17,4.49
3006,4.17,4.50
3007,4.17,4.50
3008,4.17,4.51
3009,4.17,4.51
3010,4.17,4.52
3011,4.17,4.53
3013,4.17,4.54
3014,4.16,4.55
3015,4.16,4.56
3016,4.16,4.57
3017,4.16,4.57
3018,4.15,4.58
3019,4.15,4.58
3020,4.15,4.59
3022,4.15,4.60
3023,4.15,4.60
3024,4.14,4.61
3025,4.14,4.62
3026,4.14,4.62
3027,4.14,4.63
3028,4.14,4.63
3030,4.14,4.64
3032,4.13,4.64
3033,4.13,4.65
3034,4.13,4.66
3035,4.13,4.66
3036,4.13,4.67
3037,4.13,4.67
3038,4.13,4.68
3039,4.13,4.68
3041,4.13,4.69
3042,4.13,4.69
3043,4.13,4.70
3044,4.13,4.70
3045,4.12,4.71
3046,4.12,4.71
3047,4.12,4.72
3049,4.12,4.72
3050,4.12,4.73
3051,4.12,4.73
3052,4.12,4.74
3053,4.12,4.74
3054,4.12,4.75
3055,4.12,4.75
3056,4.12,4.76
3058,4.12,4.76
3059,4.12,4.76
3060,4.12,4.77
3061,4.12,4.77
3062,4.13,4.78
3063,4.13,4.78
3064,4.13,4.78
3066,4.13,4.78
3067,4.13,4.79
3068,4.13,4.79
3069,4.13,4.79
3070,4.13,4.80
3072,4.13,4.80
3073,4.13,4.80
3074,4.13,4.81
3076,4.13,4.81
3077,4.14,4.81
3078,4.14,4.82
3079,4.14,4.82
3080,4.14,4.82
3081,4.14,4.83
3082,4.14,4.83
3083,4.14,4.83
3085,4.14,4.83
3086,4.14,4.84
3087,4.14,4.84
3088,4.15,4.84
3089,4.15,4.84
3090,4.15,4.84
3091,4.15,4.85
3092,4.15,4.85
3094,4.15,4.85
3095,4.15,4.85
3096,4.15,4.86
3097,4.15,4.86
3098,4.15,4.86
3099,4.16,4.86
3100,4.16,4.86
3101,4.16,4.87
3103,4.16,4.87
3104,4.16,4.87
3105,4.16,4.87
3106,4.16,4.87
3107,4.16,4.88
3108,4.16,4.88
3109,4.16,4.88
3110,4.16,4.88
3112,4.16,4.88
3113,4.17,4.88
3115,4.16,4.88
3116,4.17,4.89
3117,4.17,4.89
3118,4.17,4.89
3119,4.17,4.89
3120,4.17,4.89
3122,4.17,4.89
3123,4.17,4.89
3124,4.17,4.89
3125,4.17,4.90
3126,4.17,4.89
3127,4.17,4.90
3128,4.17,4.90
3129,4.17,4.90
3131,4.17,4.90
3132,4.17,4.90
3133,4.17,4.90
3134,4.17,4.90
3135,4.17,4.90
3136,4.17,4.90
3137,4.17,4.90
3138,4.17,4.90
3140,4.17,4.91
3141,4.17,4.91
3142,4.17,4.91
3143,4.17,4.91
3144,4.17,4.91
3145,4.17,4.91
3146,4.17,4.91
3147,4.18,4.91
3149,4.18,4.91
3150,4.17,4.91
3151,4.17,4.91
3152,4.18,4.92
3153,4.18,4.91
3154,4.18,4.91
3155,4.18,4.91
3156,4.18,4.92
3159,4.17,4.91
3160,4.17,4.92
3161,4.18,4.92
3162,4.18,4.92
3163,4.18,4.92
3164,4.18,4.92
3165,4.18,4.92
3167,4.18,4.92
3168,4.18,4.92
3169,4.18,4.92
3170,4.18,4.92
3171,4.17,4.92
3172,4.17,4.92
3173,4.17,4.92
3174,4.18,4.92
3176,4.18,4.92
3177,4.18,4.92
3178,4.18,4.93
3179,4.18,4.92
3180,4.18,4.93
3181,4.18,4.93
3182,4.18,4.92
3183,4.18,4.92
3185,4.18,4.91
3186,4.18,4.90
3187,4.18,4.89
3188,4.18,4.88
3189,4.18,4.86
3190,4.17,4.84
3191,4.17,4.83
3192,4.17,4.81
3194,4.17,4.79
3195,4.16,4.78
3196,4.16,4.76
3197,4.16,4.74
3198,4.15,4.72
3200,4.15,4.70
3201,4.15,4.68
3202,4.14,4.66
3204,4.14,4.65
3205,4.13,4.63
3206,4.13,4.61
3207,4.13,4.59
3208,4.12,4.57
3209,4.12,4.56
3210,4.11,4.54
3212,4.11,4.52
3213,4.10,4.50
3214,4.10,4.49
3215,4.09,4.48
3216,4.09,4.46
3217,4.08,4.45
3218,4.08,4.43
3219,4.07,4.42
3221,4.07,4.41
3222,4.06,4.40
3223,4.06,4.38
3224,4.06,4.37
3225,4.05,4.36
3226,4.05,4.35
3227,4.05,4.35
3228,4.04,4.34
3230,4.04,4.33
3231,4.04,4.32
3232,4.03,4.31
3233,4.03,4.30
3234,4.03,4.29
3235,4.03,4.29
3236,4.03,4.28
3237,4.03,4.27
3239,4.03,4.26
3240,4.02,4.26
3241,4.02,4.25
3243,4.02,4.24
3244,4.02,4.24
3245,4.02,4.23
3246,4.02,4.23
3247,4.02,4.22
3249,4.02,4.22
3250,4.02,4.22
3251,4.03,4.22
3252,4.03,4.21
3253,4.03,4.21
3254,4.03,4.21
3255,4.03,4.21
3256,4.03,4.20
3258,4.03,4.20
3259,4.04,4.20
3260,4.04,4.20
3261,4.04,4.20
3262,4.04,4.19
3263,4.04,4.19
3264,4.05,4.19
3265,4.05,4.19
3266,4.05,4.20
3268,4.05,4.19
3269,4.06,4.20
3270,4.06,4.20
3271,4.06,4.20
3272,4.07,4.20
3273,4.07,4.20
3274,4.07,4.20
3275,4.08,4.20
3277,4.08,4.20
3278,4.08,4.20
3279,4.09,4.20
3280,4.09,4.20
3281,4.09,4.20
3282,4.10,4.20
3283,4.10,4.20
3284,4.10,4.20
3286,4.10,4.20
3288,4.10,4.21
3289,4.11,4.21
3290,4.11,4.21
3291,4.11,4.21
3292,4.11,4.21
3293,4.12,4.21
3294,4.12,4.21
3296,4.12,4.21
3297,4.12,4.22
3298,4.13,4.22
3299,4.13,4.22
3300,4.13,4.22
3301,4.13,4.22
3302,4.13,4.22
3303,4.13,4.22
3305,4.13,4.22
3306,4.13,4.22
3307,4.14,4.23
3308,4.14,4.23
3309,4.14,4.23
3310,4.14,4.23
3311,4.14,4.23
3312,4.15,4.23
3314,4.15,4.23
3315,4.15,4.23
3316,4.15,4.23
3317,4.15,4.23
3318,4.15,4.24
3319,4.15,4.24
3320,4.16,4.24
3321,4.16,4.24
3323,4.16,4.24
3324,4.16,4.24
3325,4.16,4.24
3326,4.16,4.24
3328,4.16,4.24
3329,4.16,4.24
3330,4.16,4.24
3331,4.17,4.24
3333,4.17,4.25
3334,4.17,4.25
3335,4.17,4.25
3336,4.17,4.25
3337,4.17,4.25
3338,4.17,4.25
3339,4.17,4.25
3341,4.17,4.25
3342,4.17,4.25
3343,4.17,4.25
3344,4.17,4.26
3345,4.17,4.25
3346,4.17,4.26
3347,4.17,4.26
3348,4.18,4.26
3350,4.18,4.26
3351,4.18,4.26
3352,4.18,4.26
3353,4.18,4.26
3354,4.18,4.26
3355,4.18,4.26
3356,4.18,4.26
3358,4.18,4.26
3359,4.18,4.26
3360,4.18,4.26
3361,4.18,4.26
3362,4.18,4.26
3363,4.18,4.26
3364,4.18,4.26
3365,4.18,4.26
3367,4.18,4.26
3368,4.18,4.26
3369,4.18,4.26
3371,4.18,4.26
3372,4.18,4.26
3373,4.18,4.27
3374,4.18,4.26
3375,4.18,4.27
3377,4.18,4.27
3378,4.18,4.27
3379,4.18,4.27
3380,4.18,4.27
3381,4.18,4.27
3382,4.18,4.27
3383,4.18,4.27
3384,4.18,4.27
3386,4.18,4.27
3387,4.18,4.27
3388,4.18,4.27
3389,4.18,4.27
3390,4.18,4.27
3391,4.18,4.27
3392,4.18,4.27
3393,4.18,4.27
3395,4.18,4.27
3396,4.18,4.27
3397,4.18,4.27
3398,4.18,4.27
3399,4.18,4.28
3400,4.18,4.28
3401,4.18,4.28
3402,4.18,4.28
3404,4.18,4.28
3405,4.18,4.28
3406,4.18,4.28
3407,4.18,4.28
3408,4.18,4.28
3409,4.18,4.28
3410,4.18,4.28
3412,4.18,4.28
3414,4.18,4.28
3415,4.18,4.29
3416,4.18,4.28
3417,4.18,4.28
3418,4.18,4.28
3419,4.18,4.29
3420,4.18,4.29
3422,4.18,4.29
3423,4.18,4.29
3424,4.18,4.29
3425,4.18,4.29
3426,4.18,4.29
3427,4.18,4.29
3428,4.18,4.29
3429,4.18,4.29
3431,4.18,4.29
3432,4.18,4.29
3433,4.18,4.29
3434,4.18,4.29
3435,4.18,4.29
3436,4.18,4.29
3437,4.18,4.29
3439,4.18,4.29
3440,4.18,4.29
3441,4.18,4.29
3442,4.18,4.29
3443,4.18,4.29
3444,4.18,4.29
3445,4.18,4.29
3446,4.18,4.30
3448,4.18,4.29
3449,4.18,4.30
3450,4.18,4.30
3451,4.18,4.29
3452,4.17,4.27
3453,4.14,4.23
3454,4.11,4.20
3456,4.07,4.15
3458,4.03,4.11
3459,3.99,4.07
3460,3.94,4.03
3461,3.91,4.01
3462,3.89,3.99
3463,3.88,3.98
3464,3.87,3.98
3465,3.87,3.98
3467,3.87,3.99
3468,3.87,3.99
3469,3.87,3.97
3470,3.86,3.95
3471,3.83,3.92
3472,3.80,3.89
3473,3.77,3.85
3474,3.73,3.82
3476,3.70,3.78
3477,3.67,3.76
3478,3.65,3.75
3479,3.64,3.75
3480,3.65,3.75
3481,3.65,3.75
3482,3.66,3.76
3483,3.68,3.77
3485,3.69,3.78
3486,3.69,3.76
3487,3.69,3.74
3488,3.67,3.72
3489,3.65,3.70
3490,3.62,3.67
3491,3.60,3.65
3492,3.57,3.62
3494,3.55,3.62
3495,3.55,3.62
3496,3.56,3.63
3497,3.57,3.64
3499,3.59,3.65
3500,3.61,3.67
3501,3.64,3.68
3503,3.65,3.68
3504,3.65,3.67
3505,3.64,3.65
3506,3.63,3.63
3507,3.61,3.61
3508,3.59,3.59
3509,3.57,3.57
3510,3.55,3.56
3512,3.55,3.56
3513,3.55,3.57
3514,3.56,3.58
3515,3.58,3.59
3516,3.60,3.60
3517,3.62,3.62
3518,3.64,3.63
3519,3.65,3.62
3521,3.64,3.61
3522,3.63,3.60
3523,3.62,3.58
3524,3.60,3.56
3525,3.58,3.55
3526,3.56,3.54
3527,3.56,3.53
3528,3.56,3.54
3530,3.56,3.54
3531,3.58,3.56
3532,3.60,3.57
3533,3.62,3.59
3534,3.64,3.60
3535,3.66,3.60
3536,3.66,3.59
3537,3.65,3.58
3539,3.63,3.57
3540,3.62,3.55
3542,3.60,3.54
3543,3.58,3.52
3544,3.57,3.52
3545,3.57,3.52
3546,3.57,3.52
3547,3.58,3.54
3549,3.60,3.55
3550,3.62,3.57
3551,3.65,3.59
3552,3.67,3.59
3553,3.67,3.58
3554,3.67,3.58
3555,3.66,3.56
3556,3.64,3.55
3558,3.63,3.54
3559,3.61,3.52
3560,3.59,3.51
3561,3.59,3.52
3562,3.59,3.52
3563,3.59,3.53
3564,3.61,3.54
3565,3.63,3.56
3567,3.65,3.57
3568,3.68,3.58
3569,3.69,3.58
3570,3.69,3.58
3571,3.68,3.57
3572,3.66,3.55
3573,3.65,3.54
3574,3.63,3.52
3576,3.61,3.51
3577,3.60,3.51
3578,3.60,3.51
3579,3.60,3.52
3580,3.61,3.53
3581,3.63,3.55
3582,3.65,3.57
3584,3.68,3.58
3586,3.69,3.58
3587,3.70,3.58
3588,3.69,3.57
3589,3.68,3.56
3590,3.67,3.54
3591,3.65,3.53
3592,3.63,3.52
3593,3.61,3.51
3595,3.61,3.51
3596,3.61,3.52
3597,3.62,3.53
3598,3.63,3.54
3599,3.65,3.55
3600,3.67,3.57
3601,3.70,3.58
3603,3.70,3.58
3604,3.70,3.57
3605,3.69,3.56
3606,3.68,3.55
3607,3.66,3.53
3608,3.64,3.52
3609,3.62,3.51
3610,3.62,3.51
3612,3.62,3.51
3613,3.61,3.52
3614,3.63,3.53
3615,3.64,3.54
3616,3.66,3.56
3617,3.69,3.57
3618,3.70,3.57
3619,3.70,3.56
3621,3.69,3.55
3622,3.68,3.54
3623,3.67,3.53
3624,3.65,3.52
3625,3.63,3.50
3627,3.62,3.50
3628,3.61,3.50
3629,3.61,3.51
3631,3.62,3.51
3632,3.63,3.53
3633,3.65,3.54
3634,3.67,3.56
3635,3.69,3.56
3636,3.70,3.56
3637,3.69,3.55
3638,3.68,3.54
3640,3.67,3.53
3641,3.65,3.52
3642,3.63,3.50
3643,3.62,3.49
3644,3.61,3.49
3645,3.61,3.50
3646,3.61,3.50
3647,3.62,3.51
3649,3.63,3.52
3650,3.65,3.54
3651,3.67,3.55
3652,3.69,3.55
3653,3.69,3.54
3654,3.68,3.53
3655,3.67,3.52
3656,3.65,3.51
3658,3.63,3.50
3659,3.61,3.49
3660,3.60,3.48
3661,3.60,3.48
3662,3.60,3.49
3663,3.60,3.50
3664,3.62,3.51
3665,3.63,3.52
3667,3.66,3.54
3668,3.68,3.55
3670,3.68,3.54
3671,3.68,3.53
3672,3.67,3.52
3673,3.65,3.51
3674,3.63,3.50
3675,3.62,3.49
3677,3.60,3.48
3678,3.59,3.48
3679,3.59,3.48
3680,3.60,3.48
3681,3.61,3.50
3682,3.62,3.52
3683,3.64,3.53
3684,3.67,3.54
3686,3.68,3.54
3687,3.68,3.54
3688,3.67,3.53
3689,3.66,3.51
3690,3.64,3.50
3691,3.63,3.49
3692,3.61,3.48
3693,3.60,3.48
3695,3.60,3.48
3696,3.60,3.48
3697,3.60,3.50
3698,3.62,3.51
3699,3.64,3.52
3700,3.66,3.54
3701,3.68,3.54
3702,3.68,3.54
3704,3.67,3.53
3705,3.67,3.52
3706,3.65,3.51
3707,3.63,3.50
3708,3.62,3.49
3709,3.60,3.48
3710,3.60,3.48
3712,3.60,3.48
3714,3.60,3.50
3715,3.61,3.50
3716,3.63,3.52
3717,3.65,3.53
3718,3.67,3.55
3719,3.68,3.54
3720,3.68,3.54
3721,3.67,3.53
3723,3.66,3.52
3724,3.64,3.51
3725,3.63,3.49
3726,3.61,3.48
3727,3.60,3.48
3728,3.60,3.48
3729,3.60,3.49
3730,3.61,3.50
3732,3.62,3.51
3733,3.64,3.53
3734,3.66,3.54
3735,3.68,3.55
3736,3.68,3.54
3737,3.68,3.54
3738,3.67,3.53
3739,3.65,3.51
3741,3.63,3.50
3742,3.62,3.49
3743,3.60,3.48
3744,3.60,3.48
3745,3.60,3.49
3746,3.60,3.50
3747,3.61,3.51
3748,3.63,3.53
3750,3.65,3.53
3751,3.67,3.55
3752,3.68,3.55
3753,3.68,3.54
3755,3.67,3.53
3756,3.66,3.52
3757,3.64,3.51
3758,3.63,3.50
3760,3.61,3.49
3761,3.60,3.49
3762,3.60,3.49
3763,3.60,3.49
3764,3.61,3.51
3765,3.62,3.52
3766,3.64,3.53
3767,3.66,3.55
3769,3.68,3.55
3770,3.68,3.55
3771,3.68,3.53
3772,3.66,3.53
3773,3.65,3.51
3774,3.63,3.50
3775,3.62,3.49
3776,3.60,3.49
3778,3.60,3.49
3779,3.60,3.49
3780,3.60,3.50
3781,3.61,3.51
3782,3.63,3.53
3783,3.65,3.55
3784,3.67,3.55
3785,3.68,3.55
3787,3.68,3.54
3788,3.67,3.53
3789,3.66,3.52
3790,3.64,3.51
3791,3.63,3.50
3792,3.61,3.49
3793,3.60,3.49
3794,3.60,3.49
3796,3.60,3.50
3798,3.61,3.51
3799,3.63,3.52
3800,3.65,3.54
3801,3.67,3.56
3802,3.68,3.56
3803,3.68,3.55
3804,3.68,3.54
3806,3.67,3.53
3807,3.65,3.52
3808,3.64,3.51
3809,3.62,3.49
3810,3.60,3.49
3811,3.60,3.49
3812,3.60,3.50
3813,3.61,3.51
3815,3.62,3.52
3816,3.64,3.54
3817,3.66,3.55
3818,3.68,3.56
3819,3.69,3.56
3820,3.68,3.55
3821,3.68,3.54
3823,3.66,3.53
3824,3.65,3.51
3825,3.63,3.50
3826,3.61,3.49
3827,3.60,3.49
3828,3.60,3.50
3829,3.61,3.50
3830,3.61,3.52
3832,3.63,3.53
3833,3.65,3.55
3834,3.67,3.56
3835,3.69,3.56
3836,3.69,3.56
3837,3.68,3.55
3838,3.67,3.54
3840,3.65,3.52
3842,3.64,3.51
3843,3.62,3.50
3844,3.61,3.50
3845,3.60,3.50
3846,3.60,3.50
3847,3.61,3.51
3848,3.62,3.53
3849,3.64,3.54
3851,3.66,3.56
3852,3.68,3.56
3853,3.69,3.56
3854,3.68,3.55
3855,3.67,3.54
3856,3.66,3.53
3857,3.64,3.52
3858,3.63,3.50
3860,3.61,3.50
3861,3.61,3.50
3862,3.60,3.50
3863,3.61,3.51
3864,3.62,3.52
3865,3.63,3.54
3866,3.66,3.55
3867,3.68,3.56
3869,3.69,3.56
3870,3.69,3.56
3871,3.68,3.55
3872,3.67,3.54
3873,3.65,3.53
3874,3.64,3.51
3875,3.62,3.50
3876,3.61,3.50
3878,3.61,3.50
3879,3.61,3.51
3880,3.61,3.52
3881,3.63,3.53
3883,3.65,3.54
3884,3.67,3.56
3885,3.69,3.57
3886,3.69,3.56
3888,3.68,3.56
3889,3.68,3.54
3890,3.66,3.53
3891,3.64,3.52
3892,3.63,3.51
3893,3.61,3.50
3894,3.60,3.50
3895,3.61,3.50
3897,3.61,3.51
3898,3.62,3.52
3899,3.64,3.54
3900,3.66,3.56
3901,3.68,3.57
3902,3.69,3.57
3903,3.69,3.56
3904,3.68,3.55
3906,3.67,3.54
3907,3.65,3.52
3908,3.63,3.51
3909,3.62,3.50
3910,3.61,3.50
3911,3.61,3.50
3912,3.61,3.50
3913,3.61,3.53
3915,3.63,3.54
3916,3.65,3.55
3917,3.67,3.56
3918,3.69,3.57
3919,3.69,3.56
3920,3.68,3.56
3921,3.67,3.54
3922,3.66,3.53
3924,3.64,3.52
3926,3.62,3.51
3927,3.61,3.50
3928,3.61,3.50
3929,3.60,3.50
3930,3.61,3.52
3931,3.62,3.53
3932,3.64,3.54
3934,3.66,3.56
3935,3.68,3.57
3936,3.69,3.57
3937,3.69,3.56
3938,3.68,3.55
3939,3.66,3.54
3940,3.65,3.52
3941,3.63,3.51
3943,3.61,3.50
3944,3.60,3.50
3945,3.61,3.50
3946,3.61,3.51
3947,3.62,3.52
3948,3.63,3.54
3949,3.65,3.55
3950,3.67,3.57
3952,3.69,3.57
3953,3.69,3.56
3954,3.68,3.55
3955,3.67,3.54
3956,3.66,3.53
3957,3.64,3.51
3958,3.62,3.50
3960,3.61,3.50
3961,3.61,3.50
3962,3.61,3.51
3963,3.61,3.52
3964,3.62,3.53
3965,3.64,3.55
3966,3.66,3.56
3968,3.68,3.57
3970,3.69,3.57
3971,3.69,3.56
3972,3.68,3.55
3973,3.66,3.54
3974,3.65,3.52
3975,3.63,3.51
3976,3.61,3.50
3977,3.61,3.50
3979,3.61,3.50
3980,3.61,3.51
3981,3.62,3.52
3982,3.63,3.54
3983,3.66,3.56
3984,3.68,3.57
3985,3.69,3.57
3986,3.69,3.56
3988,3.68,3.56
3989,3.67,3.54
3990,3.66,3.53
3991,3.64,3.52
3992,3.62,3.50
3993,3.61,3.50
3994,3.61,3.50
3995,3.61,3.50
3997,3.61,3.52
3998,3.63,3.53
3999,3.65,3.55
4000,3.67,3.57
4001,3.69,3.57
4002,3.69,3.57
4003,3.69,3.56
4004,3.68,3.55
4006,3.66,3.54
4007,3.65,3.52
4008,3.63,3.51
4009,3.61,3.50
4011,3.61,3.50
4012,3.61,3.51
4013,3.61,3.51
4014,3.62,3.53
4016,3.64,3.54
4017,3.66,3.56
4018,3.68,3.57
4019,3.69,3.57
4020,3.69,3.56
4021,3.68,3.55
4022,3.67,3.54
4023,3.65,3.53
4025,3.64,3.52
4026,3.62,3.51
4027,3.61,3.50
4028,3.61,3.50
4029,3.61,3.51
4030,3.61,3.52
4031,3.63,3.53
4032,3.65,3.56
4034,3.67,3.57
4035,3.69,3.57
4036,3.69,3.57
4037,3.68,3.56
4038,3.67,3.55
4039,3.66,3.53
4040,3.64,3.52
4041,3.63,3.51
4043,3.61,3.50
4044,3.60,3.50
4045,3.60,3.50
4046,3.61,3.51
4047,3.62,3.52
4048,3.63,3.54
4049,3.65,3.56
4050,3.68,3.57
4052,3.69,3.57
4054,3.68,3.56
4055,3.68,3.55
4056,3.66,3.54
4057,3.65,3.53
4058,3.63,3.51
4059,3.61,3.50
4060,3.60,3.50
4062,3.60,3.50
4063,3.60,3.51
4064,3.61,3.52
4065,3.62,3.53
4066,3.64,3.55
4067,3.66,3.56
4068,3.67,3.57
4069,3.68,3.56
4071,3.67,3.55
4072,3.66,3.54
4073,3.65,3.53
4074,3.63,3.52
4075,3.61,3.50
4076,3.60,3.50
4077,3.59,3.50
4078,3.59,3.50
4080,3.60,3.51
4081,3.60,3.52
4082,3.62,3.53
4083,3.64,3.55
4084,3.66,3.56
4085,3.67,3.56
4086,3.67,3.55
4087,3.66,3.54
4089,3.65,3.53
4090,3.63,3.52
4091,3.61,3.51
4092,3.60,3.50
4093,3.59,3.49
4094,3.59,3.50
4096,3.59,3.50
4097,3.59,3.51
4099,3.61,3.52
4100,3.63,3.54
4101,3.65,3.55
4102,3.66,3.56
4103,3.67,3.55
4104,3.66,3.54
4105,3.65,3.53
4106,3.64,3.52
4108,3.62,3.51
4109,3.60,3.50
4110,3.59,3.49
4111,3.59,3.49
4112,3.59,3.50
4113,3.59,3.51
4114,3.60,3.53
4115,3.62,3.53
4117,3.64,3.55
4118,3.66,3.56
4119,3.66,3.56
4120,3.66,3.55
4121,3.65,3.54
4122,3.64,3.53
4123,3.62,3.52
4124,3.61,3.50
4126,3.59,3.49
4127,3.59,3.49
4128,3.58,3.49
4129,3.58,3.50
4130,3.59,3.51
4131,3.61,3.53
4132,3.63,3.54
4133,3.65,3.55
4135,3.66,3.56
4136,3.66,3.55
4137,3.66,3.54
4139,3.65,3.53
4140,3.63,3.52
4141,3.61,3.51
4142,3.60,3.50
4143,3.59,3.49
4145,3.58,3.49
4146,3.58,3.50
4147,3.59,3.51
4148,3.60,3.52
4149,3.62,3.53
4150,3.64,3.55
4151,3.66,3.55
4152,3.66,3.55
4154,3.66,3.55
4155,3.65,3.54
4156,3.64,3.52
4157,3.62,3.51
4158,3.61,3.50
4159,3.59,3.49
4160,3.59,3.49
4161,3.58,3.49
4163,3.58,3.50
4164,3.59,3.51
4165,3.61,3.53
4166,3.63,3.54
4167,3.65,3.56
4168,3.66,3.56
4169,3.66,3.55
4170,3.66,3.54
4172,3.64,3.53
4173,3.63,3.52
4174,3.61,3.51
4175,3.60,3.49
4176,3.59,3.49
4177,3.58,3.49
4178,3.58,3.50
4179,3.59,3.51
4182,3.60,3.52
4183,3.62,3.54
4184,3.64,3.55
4185,3.66,3.56
4186,3.66,3.55
4187,3.66,3.55
4188,3.65,3.54
4189,3.64,3.53
4191,3.62,3.51
4192,3.60,3.50
4193,3.59,3.49
4194,3.59,3.49
4195,3.58,3.49
4196,3.59,3.50
4197,3.60,3.51
4198,3.61,3.53
4200,3.63,3.55
4201,3.65,3.56
4202,3.66,3.56
4203,3.66,3.55
4204,3.66,3.54
4205,3.64,3.53
4206,3.63,3.52
4207,3.61,3.51
4209,3.60,3.50
4210,3.59,3.49
4211,3.59,3.49
4212,3.58,3.50
4213,3.59,3.51
4214,3.60,3.52
4215,3.62,3.54
4216,3.64,3.55
4218,3.66,3.56
4219,3.66,3.55
4220,3.66,3.55
4221,3.65,3.54
4222,3.64,3.52
4224,3.62,3.51
4225,3.61,3.50
4226,3.59,3.49
4228,3.59,3.49
4229,3.59,3.50
4230,3.59,3.51
4231,3.60,3.51
4232,3.61,3.53
4233,3.63,3.55
4234,3.65,3.56
4235,3.66,3.56
4237,3.66,3.55
4238,3.65,3.54
4239,3.64,3.53
4240,3.63,3.52
4241,3.61,3.51
4242,3.60,3.50
4243,3.59,3.49
4244,3.58,3.49
4246,3.59,3.50
4247,3.59,3.51
4248,3.60,3.53
4249,3.62,3.54
4250,3.64,3.56
4251,3.66,3.56
4252,3.66,3.56
4253,3.66,3.55
4255,3.65,3.54
4256,3.64,3.53
4257,3.62,3.51
4258,3.60,3.50
4259,3.59,3.50
4260,3.59,3.50
4261,3.59,3.50
4262,3.59,3.50
4264,3.60,3.52
4265,3.61,3.53
4267,3.63,3.55
4268,3.65,3.56
4269,3.66,3.56
4270,3.66,3.55
4271,3.66,3.54
4272,3.64,3.53
4274,3.63,3.52
4275,3.61,3.51
4276,3.59,3.50
4277,3.59,3.50
4278,3.59,3.50
4279,3.59,3.50
4280,3.59,3.51
4281,3.61,3.53
4283,3.62,3.54
4284,3.65,3.56
4285,3.66,3.56
4286,3.66,3.55
4287,3.66,3.55
4288,3.65,3.54
4289,3.64,3.53
4290,3.62,3.51
4292,3.60,3.50
4293,3.59,3.50
4294,3.59,3.50
4295,3.58,3.50
4296,3.59,3.51
4297,3.60,3.52
4298,3.62,3.53
4299,3.64,3.55
4301,3.66,3.56
4302,3.67,3.56
4303,3.66,3.55
4304,3.65,3.54
4305,3.64,3.53
4306,3.63,3.52
4307,3.61,3.50
4308,3.59,3.50
4311,3.59,3.50
4312,3.59,3.50
4313,3.59,3.51
4314,3.59,3.51
4315,3.61,3.53
4316,3.63,3.54
4317,3.65,3.56
4318,3.66,3.56
4320,3.67,3.55
4321,3.66,3.55
4322,3.65,3.54
4323,3.63,3.52
4324,3.62,3.51
4325,3.60,3.50
4326,3.59,3.49
4327,3.59,3.50
4329,3.59,3.50
4330,3.59,3.51
4331,3.60,3.52
4332,3.62,3.54
4333,3.64,3.55
4334,3.66,3.56
4335,3.67,3.56
4336,3.66,3.55
4338,3.65,3.54
4339,3.64,3.53
4340,3.63,3.52
4341,3.61,3.50
4342,3.59,3.50
4343,3.59,3.50
4344,3.59,3.50
4345,3.59,3.50
4347,3.59,3.52
4348,3.61,3.53
4349,3.63,3.55
4350,3.65,3.56
4352,3.66,3.56
4353,3.66,3.56
4354,3.66,3.55
4355,3.65,3.53
4357,3.63,3.52
4358,3.62,3.51
4359,3.60,3.50
4360,3.59,3.50
4361,3.59,3.50
4362,3.58,3.50
4363,3.59,3.51
4364,3.60,3.52
4366,3.62,3.54
4367,3.64,3.56
4368,3.66,3.56
4369,3.66,3.56
4370,3.66,3.55
4371,3.65,3.54
4372,3.64,3.53
4373,3.62,3.52
4375,3.61,3.50
4376,3.59,3.50
4377,3.59,3.50
4378,3.58,3.50
4379,3.59,3.50
4380,3.60,3.51
4381,3.61,3.53
4382,3.63,3.55
4384,3.65,3.56
4385,3.66,3.56
4386,3.66,3.55
4387,3.66,3.54
4388,3.64,3.53
4389,3.63,3.52
4390,3.61,3.51
4391,3.60,3.50
4393,3.59,3.50
4395,3.58,3.50
4396,3.58,3.50
4397,3.59,3.51
4398,3.60,3.52
4399,3.62,3.54
4400,3.64,3.55
4401,3.66,3.56
4403,3.66,3.56
4404,3.66,3.55
4405,3.65,3.54
4406,3.64,3.53
4407,3.62,3.52
4408,3.60,3.50
4409,3.59,3.50
4410,3.59,3.50
4412,3.58,3.50
4413,3.59,3.51
4414,3.59,3.52
4415,3.61,3.53
4416,3.63,3.55
4417,3.65,3.56
4418,3.66,3.56
4419,3.66,3.55
4421,3.65,3.54
4422,3.64,3.53
4423,3.63,3.52
4424,3.61,3.51
4425,3.60,3.50
4426,3.59,3.50
4427,3.58,3.50
4428,3.58,3.50
4430,3.59,3.51
4431,3.60,3.52
4432,3.62,3.54
4433,3.64,3.56
4434,3.66,3.56
4435,3.66,3.56
4436,3.66,3.55
4438,3.65,3.54
4440,3.64,3.53
4441,3.62,3.51
4442,3.60,3.50
4443,3.59,3.50
4444,3.58,3.50
4445,3.58,3.50
4446,3.59,3.50
4447,3.60,3.52
4449,3.61,3.54
4450,3.63,3.55
4451,3.65,3.56
4452,3.66,3.56
4453,3.66,3.55
4454,3.65,3.54
4455,3.64,3.53
4456,3.63,3.52
4458,3.61,3.51
4459,3.59,3.50
4460,3.59,3.49
4461,3.58,3.50
4462,3.58,3.50
4463,3.59,3.51
4464,3.60,3.53
4465,3.62,3.54
4467,3.64,3.56
4468,3.66,3.56
4469,3.66,3.56
4470,3.66,3.55
4471,3.65,3.54
4472,3.63,3.53
4473,3.62,3.51
4474,3.60,3.50
4476,3.59,3.50
4477,3.58,3.50
4478,3.58,3.50
4480,3.59,3.51
4481,3.60,3.52
4482,3.61,3.54
4483,3.63,3.56
4484,3.65,3.56
4486,3.66,3.56
4487,3.66,3.55
4488,3.65,3.54
4489,3.64,3.53
4490,3.62,3.52
4491,3.61,3.50
4492,3.59,3.50
4493,3.59,3.50
4495,3.58,3.50
4496,3.58,3.51
4497,3.59,3.51
4498,3.60,3.53
4499,3.63,3.55
4500,3.65,3.56
4501,3.66,3.56
4502,3.66,3.56
4504,3.66,3.55
4505,3.65,3.54
4506,3.63,3.53
4507,3.62,3.51
4508,3.60,3.50
4509,3.59,3.50
4510,3.59,3.50
4511,3.58,3.50
4513,3.59,3.51
4514,3.60,3.52
4515,3.62,3.54
4516,3.64,3.56
4517,3.66,3.56
4518,3.66,3.56
4519,3.66,3.55
4520,3.65,3.54
4523,3.64,3.53
4524,3.62,3.52
4525,3.61,3.51
4526,3.59,3.50
4527,3.59,3.50
4528,3.58,3.50
4529,3.59,3.50
4530,3.59,3.52
4532,3.61,3.53
4533,3.63,3.55
4534,3.65,3.56
4535,3.66,3.56
4536,3.66,3.56
4537,3.66,3.55
4538,3.65,3.53
4539,3.63,3.52
4541,3.62,3.51
4542,3.60,3.50
4543,3.59,3.50
4544,3.59,3.50
4545,3.58,3.50
4546,3.59,3.51
4547,3.60,3.52
4548,3.62,3.54
4550,3.64,3.56
4551,3.66,3.56
4552,3.66,3.56
4553,3.66,3.55
4554,3.65,3.54
4555,3.64,3.53
4556,3.62,3.51
4557,3.61,3.50
4559,3.59,3.50
4560,3.59,3.49
4561,3.58,3.49
4562,3.58,3.50
4563,3.59,3.51
4564,3.61,3.52
4566,3.63,3.54
4567,3.65,3.55
4569,3.66,3.55
4570,3.66,3.55
4571,3.66,3.54
4572,3.64,3.53
4573,3.63,3.51
4574,3.61,3.50
4575,3.60,3.49
4576,3.59,3.49
4578,3.58,3.49
4579,3.58,3.49
4580,3.59,3.50
4581,3.60,3.52
4582,3.62,3.53
4583,3.64,3.55
4584,3.66,3.55
4585,3.66,3.55
4587,3.66,3.54
4588,3.65,3.53
4589,3.63,3.52
4590,3.62,3.51
4591,3.60,3.49
4592,3.59,3.49
4593,3.58,3.49
4594,3.58,3.49
4596,3.58,3.49
4597,3.59,3.51
4598,3.61,3.52
4599,3.63,3.54
4600,3.65,3.55
4601,3.66,3.55
4602,3.66,3.54
4603,3.65,3.53
4605,3.64,3.52
4606,3.63,3.51
4608,3.61,3.49
4609,3.59,3.49
4610,3.58,3.48
4611,3.58,3.48
4612,3.58,3.49
4613,3.59,3.50
4615,3.60,3.51
4616,3.62,3.53
4617,3.64,3.55
4618,3.66,3.55
4619,3.66,3.55
4620,3.66,3.54
4621,3.65,3.52
4622,3.63,3.52
4624,3.62,3.50
4625,3.60,3.49
4626,3.59,3.49
4627,3.58,3.49
4628,3.58,3.49
4629,3.58,3.50
4630,3.60,3.51
4631,3.61,3.52
4633,3.63,3.54
4634,3.65,3.55
4635,3.66,3.55
4636,3.66,3.54
4637,3.65,3.53
4638,3.64,3.52
4639,3.63,3.51
4641,3.61,3.49
4642,3.59,3.49
4643,3.59,3.48
4644,3.58,3.49
4645,3.58,3.49
4646,3.59,3.50
4647,3.60,3.52
4648,3.62,3.53
4651,3.64,3.55
4652,3.66,3.55
4653,3.66,3.54
4654,3.66,3.53
4655,3.65,3.52
4656,3.63,3.51
4657,3.62,3.50
4658,3.60,3.48
4660,3.58,3.48
4661,3.58,3.48
4662,3.58,3.49
4663,3.59,3.50
4664,3.60,3.51
4665,3.62,3.52
4666,3.64,3.54
4667,3.65,3.55
4669,3.66,3.54
4670,3.66,3.54
4671,3.65,3.53
4672,3.64,3.52
4673,3.62,3.50
4674,3.60,3.49
4675,3.59,3.48
4676,3.58,3.48
4678,3.58,3.48
4679,3.58,3.49
4680,3.59,3.50
4681,3.60,3.51
4682,3.63,3.53
4683,3.65,3.54
4684,3.66,3.54
4685,3.66,3.54
4687,3.65,3.53
4688,3.64,3.52
4689,3.63,3.51
4690,3.61,3.50
4691,3.60,3.49
4692,3.58,3.48
4694,3.58,3.48
4695,3.58,3.49
4697,3.58,3.50
4698,3.60,3.51
4699,3.62,3.52
4700,3.64,3.54
4701,3.66,3.54
4702,3.66,3.54
4703,3.66,3.54
4704,3.65,3.53
4706,3.63,3.51
4707,3.62,3.50
4708,3.60,3.49
4709,3.59,3.48
4710,3.58,3.48
4711,3.58,3.49
4712,3.58,3.49
4713,3.59,3.51
4715,3.61,3.52
4716,3.63,3.53
4717,3.65,3.55
4718,3.66,3.54
4719,3.66,3.54
4720,3.65,3.53
4721,3.64,3.52
4723,3.63,3.51
4724,3.61,3.50
4725,3.59,3.49
4726,3.58,3.48
4727,3.58,3.49
4728,3.58,3.49
4729,3.59,3.50
4730,3.60,3.51
4732,3.62,3.53
4733,3.64,3.55
4734,3.66,3.55
4736,3.66,3.54
4737,3.66,3.53
4738,3.65,3.53
4739,3.63,3.51
4740,3.62,3.50
4742,3.60,3.49
4743,3.59,3.48
4744,3.58,3.49
4745,3.58,3.49
4746,3.58,3.50
4747,3.60,3.51
4748,3.61,3.52
4749,3.63,3.54
4751,3.65,3.55
4752,3.66,3.55
4753,3.66,3.54
4754,3.65,3.53
4755,3.64,3.52
4756,3.62,3.51
4757,3.61,3.50
4758,3.59,3.49
4760,3.59,3.49
4761,3.58,3.49
4762,3.58,3.49
4763,3.59,3.50
4764,3.60,3.52
4765,3.62,3.53
4766,3.64,3.55
4767,3.66,3.55
4769,3.66,3.55
4770,3.66,3.54
4771,3.64,3.53
4772,3.63,3.51
4773,3.62,3.50
4774,3.60,3.49
4775,3.59,3.49
4776,3.58,3.49
4779,3.58,3.49
4780,3.59,3.50
4781,3.60,3.51
4782,3.62,3.52
4783,3.64,3.54
4784,3.65,3.55
4785,3.66,3.55
4786,3.66,3.54
4788,3.65,3.53
4789,3.64,3.52
4790,3.62,3.51
4791,3.61,3.50
4792,3.59,3.49
4793,3.59,3.49
4794,3.58,3.49
4795,3.58,3.50
4797,3.59,3.51
4798,3.61,3.52
4799,3.63,3.54
4800,3.65,3.55
4801,3.66,3.55
4802,3.66,3.55
4803,3.66,3.54
4804,3.64,3.53
4806,3.63,3.52
4807,3.61,3.50
4808,3.60,3.49
4809,3.59,3.49
4810,3.58,3.49
4811,3.58,3.49
4812,3.59,3.50
4813,3.60,3.51
4815,3.62,3.53
4816,3.64,3.55
4817,3.66,3.55
4818,3.66,3.55
4819,3.66,3.54
4820,3.65,3.53
4822,3.64,3.52
4824,3.62,3.51
4825,3.60,3.50
4826,3.59,3.49
4827,3.59,3.49
4828,3.58,3.49
4829,3.59,3.50
4830,3.59,3.51
4831,3.61,3.52
4833,3.63,3.54
4834,3.65,3.55
4835,3.66,3.55
4836,3.66,3.55
4837,3.65,3.54
4838,3.64,3.53
4839,3.63,3.52
4840,3.61,3.50
4842,3.60,3.49
4843,3.59,3.49
4844,3.58,3.49
4845,3.58,3.49
4846,3.59,3.50
4847,3.60,3.52
4848,3.62,3.53
4849,3.64,3.55
4851,3.66,3.55
4852,3.66,3.55
4853,3.66,3.54
4854,3.65,3.53
4855,3.63,3.52
4856,3.62,3.51
4857,3.60,3.50
4858,3.59,3.49
4860,3.58,3.49
4861,3.58,3.49
4862,3.58,3.50
4864,3.59,3.52
4865,3.61,3.53
4866,3.63,3.54
4867,3.65,3.55
4868,3.66,3.55
4870,3.66,3.55
4871,3.65,3.54
4872,3.64,3.53
4873,3.63,3.51
4874,3.61,3.50
4875,3.59,3.49
4876,3.58,3.49
4877,3.58,3.49
4879,3.58,3.50
4880,3.59,3.51
4881,3.60,3.52
4882,3.62,3.53
4883,3.64,3.55
4884,3.66,3.55
4885,3.66,3.55
4886,3.66,3.54
4888,3.65,3.53
4889,3.63,3.52
4890,3.62,3.51
4891,3.60,3.50
4892,3.59,3.49
4893,3.58,3.49
4894,3.58,3.49
4895,3.58,3.50
4897,3.59,3.51
4898,3.61,3.52
4899,3.63,3.54
4900,3.65,3.55
4901,3.66,3.55
4902,3.66,3.54
4903,3.65,3.53
4904,3.64,3.52
4907,3.62,3.51
4908,3.61,3.50
4909,3.59,3.49
4910,3.59,3.49
4911,3.58,3.49
4912,3.58,3.50
4913,3.59,3.51
4914,3.60,3.52
4916,3.62,3.54
4917,3.64,3.55
4918,3.66,3.55
4919,3.66,3.55
4920,3.66,3.54
4921,3.65,3.53
4922,3.63,3.52
4923,3.62,3.51
4925,3.60,3.49
4926,3.59,3.49
4927,3.58,3.49
4928,3.58,3.49
4929,3.58,3.50
4930,3.60,3.52
4931,3.61,3.53
4932,3.63,3.55
4934,3.65,3.56
4935,3.66,3.55
4936,3.66,3.54
4937,3.65,3.54
4938,3.64,3.53
4939,3.62,3.51
4940,3.61,3.50
4941,3.59,3.49
4943,3.59,3.49
4944,3.58,3.49
4945,3.58,3.50
4946,3.59,3.51
4947,3.60,3.52
4948,3.62,3.54
4950,3.65,3.55
4951,3.66,3.56
4953,3.66,3.55
4954,3.66,3.54
4955,3.65,3.53
4956,3.63,3.52
4957,3.62,3.51
4958,3.60,3.50
4959,3.59,3.49
4960,3.58,3.49
4962,3.58,3.49
4963,3.59,3.50
4964,3.60,3.52
4965,3.62,3.53
4966,3.64,3.55
4967,3.66,3.56
4968,3.66,3.55
4969,3.66,3.55
4971,3.65,3.54
4972,3.64,3.53
4973,3.62,3.51
4974,3.61,3.50
4975,3.59,3.49
4976,3.59,3.49
4977,3.58,3.49
4978,3.58,3.50
4980,3.59,3.51
4981,3.61,3.53
4982,3.63,3.55
4983,3.65,3.56
4984,3.66,3.56
4985,3.66,3.55
4986,3.66,3.54
4987,3.65,3.53
4989,3.63,3.52
4990,3.61,3.51
4992,3.60,3.50
4993,3.59,3.49
4994,3.58,3.49
4995,3.58,3.50
4996,3.59,3.50
4997,3.60,3.52
4999,3.62,3.54
5000,3.64,3.55
5001,3.66,3.56
5002,3.66,3.56
5003,3.66,3.55
5004,3.65,3.54
5005,3.64,3.53
5006,3.62,3.51
5008,3.61,3.50
5009,3.59,3.49
5010,3.59,3.49
5011,3.58,3.49
5012,3.58,3.50
5013,3.59,3.51
5014,3.61,3.53
5015,3.63,3.55
5017,3.65,3.56
5018,3.66,3.56
5019,3.66,3.55
5020,3.65,3.54
5021,3.64,3.53
5022,3.63,3.52
5023,3.61,3.51
5024,3.60,3.50
5026,3.59,3.50
5027,3.58,3.50
5028,3.58,3.50
5029,3.59,3.51
5030,3.60,3.52
5031,3.62,3.54
5032,3.64,3.56
5033,3.66,3.56
5036,3.66,3.56
5037,3.66,3.55
5038,3.65,3.54
5039,3.64,3.53
5040,3.62,3.51
5041,3.60,3.50
5042,3.59,3.50
5043,3.58,3.50
5045,3.58,3.50
5046,3.59,3.50
5047,3.60,3.52
5048,3.61,3.53
5049,3.63,3.55
5050,3.65,3.56
5051,3.66,3.56
5052,3.66,3.56
5054,3.65,3.54
5055,3.64,3.53
5056,3.63,3.52
5057,3.61,3.50
5058,3.59,3.50
5059,3.59,3.50
5060,3.58,3.50
5061,3.58,3.50
5063,3.59,3.51
5064,3.60,3.52
5065,3.62,3.54
5066,3.64,3.56
5067,3.66,3.56
5068,3.66,3.56
5069,3.66,3.55
5070,3.65,3.54
5072,3.64,3.53
5073,3.62,3.51
5074,3.60,3.50
5075,3.59,3.50
5076,3.59,3.50
5078,3.58,3.50
5079,3.59,3.51
5080,3.60,3.52
5082,3.61,3.54
5083,3.63,3.55
5084,3.65,3.56
5085,3.66,3.56
5086,3.66,3.55
5087,3.65,3.54
5088,3.64,3.53
5089,3.63,3.52
5091,3.61,3.51
5092,3.60,3.50
5093,3.59,3.49
5094,3.58,3.50
5095,3.58,3.51
5096,3.59,3.51
5097,3.60,3.53
5098,3.62,3.55
5100,3.65,3.56
5101,3.66,3.56
5102,3.66,3.56
5103,3.66,3.55
5104,3.65,3.54
5105,3.64,3.53
5106,3.62,3.51
5107,3.60,3.50
5109,3.59,3.50
5110,3.58,3.50
5111,3.58,3.50
5112,3.59,3.51
5113,3.60,3.52
5114,3.62,3.54
5115,3.64,3.56
5116,3.66,3.56
5118,3.66,3.56
5120,3.66,3.55
5121,3.65,3.54
5122,3.64,3.53
5123,3.62,3.52
5124,3.61,3.51
5125,3.59,3.50
5126,3.59,3.50
5128,3.58,3.50
5129,3.58,3.50
5130,3.59,3.51
5131,3.61,3.53
5132,3.63,3.55
5133,3.65,3.56
5134,3.66,3.56
5135,3.66,3.56
5137,3.66,3.55
5138,3.65,3.54
5139,3.63,3.53
5140,3.62,3.51
5141,3.60,3.50
5142,3.59,3.50
5143,3.59,3.50
5144,3.58,3.50
5146,3.59,3.51
5147,3.60,3.52
5148,3.62,3.54
5149,3.64,3.56
5150,3.66,3.56
5151,3.66,3.56
5152,3.66,3.56
5153,3.65,3.55
5155,3.64,3.54
5156,3.62,3.52
5157,3.61,3.51
5158,3.59,3.50
5159,3.59,3.50
5160,3.58,3.50
5161,3.59,3.51
5163,3.59,3.52
5165,3.61,3.53
5166,3.63,3.55
5167,3.65,3.56
5168,3.66,3.57
5169,3.66,3.56
5170,3.66,3.55
5171,3.65,3.54
5172,3.63,3.53
5174,3.62,3.51
5175,3.60,3.51
5176,3.59,3.50
5177,3.59,3.50
5178,3.58,3.51
5179,3.59,3.51
5180,3.60,3.53
5181,3.62,3.54
5183,3.64,3.56
5184,3.66,3.57
5185,3.66,3.56
5186,3.66,3.55
5187,3.65,3.54
5188,3.64,3.53
5189,3.62,3.52
5190,3.61,3.51
5192,3.59,3.50
5193,3.59,3.50
5194,3.58,3.50
5195,3.59,3.51
5196,3.59,3.52
5197,3.61,3.54
5198,3.63,3.55
5199,3.65,3.56
5201,3.66,3.56
5202,3.66,3.56
5203,3.66,3.55
5204,3.64,3.54
5206,3.63,3.52
5207,3.61,3.51
5208,3.60,3.50
5209,3.59,3.50
5211,3.59,3.50
5212,3.58,3.50
5213,3.59,3.51
5214,3.60,3.53
5215,3.62,3.54
5216,3.64,3.56
5217,3.66,3.56
5218,3.66,3.56
5220,3.66,3.55
5221,3.65,3.54
5222,3.64,3.53
5223,3.62,3.51
5224,3.60,3.50
5225,3.59,3.50
5226,3.58,3.50
5227,3.58,3.50
5229,3.58,3.51
5230,3.59,3.52
5231,3.61,3.53
5232,3.63,3.55
5233,3.65,3.56
5234,3.66,3.56
5235,3.66,3.56
5236,3.65,3.55
5238,3.64,3.53
5239,3.63,3.52
5240,3.61,3.51
5241,3.59,3.50
5242,3.59,3.50
5243,3.59,3.50
5244,3.58,3.50
5245,3.59,3.51
5248,3.60,3.53
5249,3.62,3.54
5250,3.64,3.56
5251,3.66,3.56
5252,3.66,3.56
5253,3.66,3.55
5254,3.65,3.54
5255,3.64,3.53
5257,3.62,3.51
5258,3.60,3.50
5259,3.59,3.50
5260,3.59,3.50
5261,3.58,3.50
5262,3.59,3.51
5263,3.60,3.52
5264,3.61,3.54
5266,3.63,3.55
5267,3.65,3.56
5268,3.66,3.56
5269,3.66,3.55
5270,3.65,3.54
5271,3.64,3.53
5272,3.63,3.52
5273,3.61,3.51
5275,3.59,3.50
5276,3.59,3.50
5277,3.59,3.50
5278,3.58,3.50
5279,3.59,3.52
5280,3.60,3.53
5281,3.62,3.54
5282,3.65,3.56
5284,3.66,3.56
5285,3.67,3.56
5286,3.66,3.55
5287,3.65,3.54
5288,3.63,3.53
5289,3.62,3.51
5291,3.60,3.50
5292,3.59,3.50
5294,3.59,3.50
5295,3.59,3.50
5296,3.59,3.51
5297,3.60,3.52
5298,3.62,3.54
5299,3.64,3.56
5300,3.66,3.56
5301,3.66,3.56
5303,3.66,3.56
5304,3.65,3.55
5305,3.64,3.53
5306,3.63,3.52
5307,3.61,3.51
5308,3.59,3.50
5309,3.59,3.50
5310,3.59,3.50
5312,3.59,3.50
5313,3.59,3.52
5314,3.61,3.53
5315,3.63,3.55
5316,3.65,3.56
5317,3.66,3.57
5318,3.66,3.56
5319,3.66,3.55
5321,3.65,3.54
5322,3.63,3.52
5323,3.62,3.52
5324,3.60,3.50
5325,3.59,3.50
5326,3.59,3.50
5327,3.59,3.50
5328,3.59,3.51
5330,3.60,3.53
5331,3.62,3.54
5332,3.64,3.56
5334,3.66,3.57
5335,3.67,3.56
5336,3.66,3.56
5337,3.65,3.55
5338,3.64,3.53
5340,3.63,3.52
5341,3.61,3.51
5342,3.59,3.50
5343,3.59,3.50
5344,3.59,3.50
5345,3.59,3.51
5346,3.59,3.52
5347,3.61,3.53
5349,3.63,3.55
5350,3.65,3.56
5351,3.66,3.57
5352,3.66,3.56
5353,3.66,3.55
5354,3.65,3.54
5355,3.63,3.53
5356,3.62,3.52
5358,3.60,3.50
5359,3.59,3.50
5360,3.59,3.50
5361,3.59,3.50
5362,3.59,3.51
5363,3.60,3.53
5364,3.62,3.54
5365,3.64,3.56
5367,3.66,3.57
5368,3.66,3.56
5369,3.66,3.55
5370,3.65,3.54
5371,3.64,3.53
5372,3.62,3.52
5373,3.61,3.51
5374,3.59,3.50
5377,3.59,3.50
5378,3.59,3.50
5379,3.59,3.51
5380,3.59,3.52
5381,3.61,3.53
5382,3.63,3.55
5383,3.65,3.56
5384,3.66,3.56
5386,3.66,3.56
5387,3.66,3.55
5388,3.65,3.54
5389,3.63,3.52
5390,3.62,3.51
5391,3.60,3.50
5392,3.59,3.50
5393,3.59,3.50
5395,3.59,3.50
5396,3.59,3.51
5397,3.60,3.53
5398,3.62,3.54
5399,3.64,3.56
5400,3.66,3.57
5401,3.66,3.56
5402,3.66,3.55
5404,3.65,3.55
5405,3.64,3.53
5406,3.62,3.52
5407,3.61,3.51
5408,3.59,3.50
5409,3.59,3.50
5410,3.58,3.50
5411,3.59,3.51
5413,3.59,3.52
5414,3.61,3.53
5415,3.63,3.55
5416,3.65,3.56
5417,3.66,3.56
5419,3.66,3.56
5420,3.66,3.55
5421,3.65,3.54
5423,3.63,3.52
5424,3.61,3.51
5425,3.60,3.50
5426,3.59,3.50
5427,3.59,3.50
5428,3.59,3.50
5429,3.59,3.51
5430,3.60,3.53
5432,3.62,3.54
5433,3.64,3.56
5434,3.66,3.56
5435,3.66,3.56
5436,3.66,3.55
5437,3.65,3.54
5438,3.64,3.53
5439,3.62,3.52
5441,3.60,3.49
5442,3.59,3.50
5443,3.59,3.50
5444,3.59,3.50
5445,3.59,3.51
5446,3.60,3.52
5447,3.61,3.54
5448,3.63,3.55
5450,3.65,3.56
5451,3.66,3.56
5452,3.66,3.56
5453,3.66,3.55
5454,3.64,3.54
5455,3.63,3.52
5456,3.61,3.51
5457,3.60,3.50
5459,3.59,3.50
5460,3.59,3.50
5462,3.58,3.50
5463,3.59,3.51
5464,3.60,3.53
5465,3.62,3.54
5466,3.65,3.56
5467,3.66,3.56
5469,3.66,3.56
5470,3.66,3.55
5471,3.65,3.54
5472,3.64,3.53
5473,3.62,3.52
5474,3.60,3.50
5475,3.59,3.50
5476,3.59,3.50
5478,3.59,3.50
5479,3.59,3.51
5480,3.60,3.52
5481,3.62,3.54
5482,3.64,3.56
5483,3.66,3.57
5484,3.66,3.56
5485,3.66,3.56
5487,3.66,3.55
5488,3.64,3.53
5489,3.63,3.52
5490,3.61,3.51
5491,3.60,3.50
5492,3.59,3.50
5493,3.59,3.50
5494,3.59,3.51
5496,3.59,3.52
5497,3.61,3.53
5498,3.63,3.55
5499,3.65,3.56
5500,3.66,3.57
5501,3.67,3.56
5502,3.66,3.55
5504,3.65,3.54
5506,3.63,3.53
5507,3.62,3.52
5508,3.60,3.50
5509,3.59,3.50
5510,3.59,3.50
5511,3.59,3.50
5512,3.59,3.51
5513,3.60,3.52
5515,3.62,3.54
5516,3.64,3.56
5517,3.66,3.56
5518,3.66,3.56
5519,3.66,3.56
5520,3.65,3.55
5521,3.64,3.53
5522,3.63,3.52
5524,3.61,3.51
5525,3.59,3.50
5526,3.59,3.50
5527,3.59,3.50
5528,3.59,3.51
5529,3.59,3.52
5530,3.61,3.53
5531,3.63,3.55
5533,3.65,3.56
5534,3.66,3.57
5535,3.67,3.56
5536,3.66,3.55
5537,3.65,3.54
5538,3.63,3.53
5539,3.62,3.51
5540,3.60,3.50
5542,3.59,3.50
5543,3.59,3.50
5544,3.59,3.50
5545,3.59,3.51
5547,3.60,3.52
5548,3.62,3.54
5549,3.64,3.56
5550,3.66,3.57
5552,3.67,3.56
5553,3.66,3.55
5554,3.65,3.54
5555,3.64,3.54
5556,3.63,3.52
5557,3.61,3.51
5558,3.59,3.50
5559,3.59,3.49
5561,3.59,3.50
5562,3.59,3.50
5563,3.60,3.52
5564,3.61,3.53
5565,3.63,3.55
5566,3.65,3.57
5567,3.67,3.57
5568,3.67,3.56
5570,3.66,3.55
5571,3.65,3.54
5572,3.63,3.53
5573,3.62,3.51
5574,3.60,3.50
5575,3.59,3.50
5576,3.59,3.50
5577,3.59,3.50
5579,3.59,3.51
5580,3.60,3.53
5581,3.62,3.55
5582,3.65,3.56
5583,3.66,3.57
5584,3.67,3.56
5585,3.66,3.56
5586,3.65,3.55
5588,3.64,3.53
5590,3.63,3.52
5591,3.61,3.51
5592,3.60,3.50
5593,3.59,3.50
5594,3.59,3.50
5595,3.59,3.51
5596,3.60,3.52
5598,3.62,3.54
5599,3.64,3.56
5600,3.66,3.57
5601,3.67,3.57
5602,3.67,3.56
5603,3.66,3.55
5604,3.65,3.54
5605,3.63,3.53
5607,3.62,3.51
5608,3.60,3.50
5609,3.59,3.50
5610,3.59,3.50
5611,3.59,3.51
5612,3.60,3.52
5613,3.61,3.53
5614,3.63,3.55
5616,3.65,3.57
5617,3.67,3.57
5618,3.67,3.57
5619,3.67,3.56
5620,3.66,3.55
5621,3.65,3.54
5622,3.63,3.52
5623,3.62,3.51
5625,3.60,3.51
5626,3.60,3.51
5627,3.60,3.51
5628,3.60,3.52
5629,3.61,3.53
5630,3.63,3.55
5632,3.65,3.57
5634,3.68,3.58
5635,3.69,3.58
5636,3.69,3.57
5637,3.68,3.56
5638,3.67,3.55
5639,3.65,3.54
5640,3.64,3.53
5641,3.62,3.52
5643,3.61,3.52
5644,3.61,3.52
5645,3.62,3.52
5646,3.62,3.53
5647,3.64,3.55
5648,3.66,3.57
5649,3.68,3.59
5650,3.70,3.59
5652,3.71,3.59
5653,3.70,3.58
5654,3.70,3.57
5655,3.69,3.56
5656,3.67,3.55
5657,3.65,3.53
5658,3.64,3.53
5659,3.63,3.53
5661,3.64,3.54
5662,3.65,3.55
5663,3.66,3.57
5664,3.69,3.58
5665,3.70,3.60
5666,3.73,3.62
5667,3.75,3.62
5668,3.75,3.61
5670,3.74,3.60
5671,3.73,3.59
5672,3.71,3.58
5673,3.70,3.57
5675,3.68,3.55
5676,3.67,3.55
5677,3.67,3.56
5678,3.69,3.57
5680,3.70,3.59
5681,3.73,3.61
5682,3.75,3.63
5683,3.78,3.64
5684,3.80,3.65
5685,3.81,3.65
5686,3.80,3.64
5687,3.80,3.63
5689,3.78,3.62
5690,3.76,3.60
5691,3.74,3.59
5692,3.72,3.58
5693,3.71,3.58
5694,3.72,3.59
5695,3.73,3.60
5696,3.75,3.62
5698,3.78,3.64
5699,3.80,3.66
5700,3.83,3.67
5701,3.84,3.67
5702,3.84,3.67
5703,3.83,3.66
5704,3.81,3.64
5705,3.79,3.62
5707,3.77,3.61
5708,3.74,3.59
5709,3.73,3.59
5710,3.73,3.60
5711,3.74,3.61
5712,3.76,3.62
5713,3.78,3.64
5715,3.80,3.66
5716,3.83,3.68
5718,3.84,3.68
5719,3.85,3.68
5720,3.84,3.67
5721,3.82,3.65
5722,3.80,3.64
5723,3.78,3.62
5725,3.75,3.60
5726,3.73,3.59
5727,3.72,3.60
5728,3.73,3.60
5729,3.75,3.62
5730,3.77,3.64
5731,3.79,3.66
5732,3.81,3.67
5734,3.84,3.68
5735,3.84,3.68
5736,3.84,3.67
5737,3.83,3.66
5738,3.81,3.64
5739,3.79,3.63
5740,3.76,3.61
5742,3.73,3.59
5743,3.72,3.59
5744,3.72,3.60
5745,3.74,3.62
5746,3.76,3.63
5747,3.78,3.65
5748,3.80,3.67
5749,3.82,3.68
5751,3.84,3.68
5752,3.84,3.67
5753,3.83,3.66
5754,3.81,3.65
5755,3.79,3.63
5756,3.77,3.61
5757,3.74,3.60
5758,3.72,3.59
5761,3.72,3.60
5762,3.73,3.61
5763,3.75,3.62
5764,3.77,3.64
5765,3.79,3.66
5766,3.82,3.68
5767,3.84,3.68
5768,3.84,3.68
5770,3.83,3.67
5771,3.82,3.65
5772,3.80,3.64
5773,3.78,3.62
5774,3.75,3.60
5775,3.73,3.59
5776,3.72,3.60
5777,3.73,3.60
5779,3.74,3.62
5780,3.76,3.63
5781,3.78,3.65
5782,3.81,3.67
5783,3.83,3.68
5784,3.84,3.68
5785,3.84,3.67
5787,3.83,3.66
5788,3.81,3.64
5789,3.79,3.63
5790,3.76,3.61
5791,3.74,3.59
5792,3.73,3.59
5793,3.73,3.60
5794,3.74,3.61
5796,3.76,3.63
5797,3.78,3.64
5798,3.80,3.66
5799,3.82,3.68
5800,3.84,3.68
5801,3.84,3.67
5803,3.83,3.66
5804,3.82,3.65
5806,3.80,3.63
5807,3.78,3.62
5808,3.75,3.60
5809,3.73,3.59
5810,3.73,3.60
5811,3.73,3.61
5812,3.75,3.62
5813,3.76,3.64
5815,3.78,3.65
5816,3.81,3.67
5817,3.83,3.68
5818,3.84,3.68
5819,3.83,3.67
5820,3.82,3.65
5821,3.80,3.64
5823,3.78,3.62
5824,3.75,3.60
5825,3.73,3.59
5826,3.72,3.59
5827,3.72,3.60
5828,3.73,3.61
5829,3.75,3.62
5830,3.76,3.64
5832,3.79,3.66
5833,3.81,3.67
5834,3.82,3.67
5835,3.82,3.67
5836,3.81,3.65
5837,3.80,3.64
5838,3.78,3.63
5839,3.75,3.61
5841,3.73,3.59
5842,3.71,3.59
5843,3.71,3.59
5844,3.72,3.60
5846,3.73,3.62
5847,3.74,3.63
5848,3.77,3.65
5850,3.79,3.67
5851,3.81,3.67
5852,3.81,3.67
5853,3.81,3.66
5854,3.79,3.64
5855,3.77,3.63
5856,3.75,3.61
5857,3.73,3.59
5859,3.71,3.58
5860,3.70,3.59
5861,3.71,3.60
5862,3.72,3.61
5863,3.73,3.62
5864,3.75,3.64
5865,3.77,3.66
5866,3.79,3.67
5868,3.80,3.67
5869,3.80,3.66
5870,3.79,3.65
5871,3.77,3.63
5872,3.75,3.61
5873,3.73,3.60
5874,3.71,3.58
5875,3.70,3.58
5877,3.70,3.59
5878,3.70,3.60
5879,3.71,3.61
5880,3.73,3.62
5881,3.75,3.64
5882,3.77,3.65
5883,3.79,3.65
5885,3.79,3.65
5886,3.78,3.64
5888,3.77,3.62
5889,3.75,3.60
5890,3.73,3.59
5891,3.70,3.57
5892,3.69,3.57
5893,3.69,3.57
5895,3.69,3.58
5896,3.70,3.59
5897,3.70,3.60
5898,3.72,3.61
5899,3.74,3.63
5900,3.76,3.64
5901,3.77,3.63
5902,3.76,3.62
5904,3.75,3.61
5905,3.73,3.60
5906,3.71,3.58
5907,3.69,3.56
5908,3.67,3.55
5909,3.67,3.56
5910,3.67,3.55
5911,3.67,3.56
5913,3.68,3.57
5914,3.69,3.59
5915,3.71,3.60
5916,3.73,3.61
5917,3.74,3.61
5918,3.73,3.60
5919,3.72,3.59
5920,3.70,3.58
5922,3.69,3.56
5923,3.67,3.55
5924,3.65,3.53
5925,3.64,3.53
5926,3.63,3.53
5927,3.63,3.53
5928,3.64,3.55
5929,3.65,3.56
5932,3.67,3.58
5933,3.69,3.59
5934,3.70,3.59
5935,3.70,3.59
5936,3.70,3.58
5937,3.68,3.56
5938,3.67,3.55
5940,3.65,3.54
5941,3.63,3.52
5942,3.61,3.52
5943,3.61,3.52
5944,3.61,3.52
5945,3.61,3.53
5946,3.62,3.54
5947,3.64,3.55
5949,3.66,3.57
5950,3.68,3.58
5951,3.68,3.57
5952,3.68,3.57
5953,3.67,3.55
5954,3.65,3.54
5955,3.64,3.53
5956,3.62,3.51
5958,3.60,3.51
5959,3.60,3.51
5960,3.59,3.50
5961,3.59,3.51
5962,3.60,3.52
5963,3.62,3.54
5964,3.64,3.56
5965,3.66,3.57
5967,3.67,3.57
5968,3.67,3.57
5969,3.66,3.56
5970,3.65,3.55
5971,3.64,3.53
5972,3.62,3.52
5974,3.60,3.51
5975,3.59,3.50
5977,3.59,3.50
5978,3.59,3.51
5979,3.59,3.51
5980,3.60,3.53
5981,3.62,3.55
5982,3.65,3.56
5983,3.66,3.57
5984,3.67,3.57
5986,3.67,3.56
5987,3.66,3.55
5988,3.64,3.54
5989,3.63,3.52
5990,3.61,3.51
5991,3.60,3.51
5992,3.59,3.50
5993,3.59,3.50
5995,3.59,3.51
5996,3.60,3.52
5997,3.62,3.54
5998,3.64,3.56
5999,3.66,3.57
6000,3.67,3.57
6001,3.67,3.57
6002,3.66,3.56
6004,3.65,3.55
6005,3.64,3.53
6006,3.62,3.52
6007,3.60,3.51
6008,3.59,3.50
6009,3.59,3.50
6010,3.59,3.51
6011,3.60,3.52
6013,3.61,3.54
6014,3.63,3.56
6016,3.65,3.57
6017,3.67,3.57
6018,3.68,3.57
6019,3.67,3.56
6020,3.66,3.55
6021,3.65,3.54
6023,3.63,3.53
6024,3.61,3.52
6025,3.60,3.51
6026,3.60,3.51
6027,3.59,3.51
6028,3.60,3.52
6029,3.61,3.54
6030,3.63,3.55
6032,3.65,3.57
6033,3.67,3.58
6034,3.68,3.58
6035,3.68,3.58
6036,3.67,3.57
6037,3.66,3.56
6038,3.65,3.54
6039,3.63,3.53
6041,3.61,3.52
6042,3.60,3.51
6043,3.60,3.52
6044,3.60,3.52
6045,3.61,3.53
6046,3.63,3.55
6047,3.65,3.57
6048,3.67,3.58
6050,3.69,3.59
6051,3.69,3.58
6052,3.68,3.57
6053,3.67,3.56
6054,3.66,3.55
6055,3.64,3.53
6056,3.62,3.52
6057,3.61,3.51
6060,3.61,3.51
6061,3.60,3.52
6062,3.61,3.53
6063,3.62,3.54
6064,3.64,3.56
6065,3.67,3.58
6066,3.69,3.59
6068,3.69,3.58
6069,3.69,3.58
6070,3.68,3.57
6071,3.67,3.55
6072,3.65,3.54
6073,3.63,3.53
6074,3.62,3.52
6075,3.61,3.52
6077,3.61,3.52
6078,3.61,3.53
6079,3.63,3.54
6080,3.65,3.56
6081,3.67,3.58
6082,3.69,3.59
6083,3.70,3.59
6084,3.70,3.59
6086,3.69,3.58
6087,3.68,3.56
6088,3.67,3.55
6089,3.65,3.54
6090,3.63,3.53
6091,3.62,3.52
6092,3.61,3.52
6093,3.62,3.53
6095,3.62,3.54
6096,3.64,3.56
6097,3.66,3.57
6098,3.68,3.60
6099,3.70,3.60
6100,3.70,3.60
6102,3.70,3.59
6103,3.70,3.58
6105,3.68,3.57
6106,3.66,3.55
6107,3.64,3.54
6108,3.62,3.53
6109,3.62,3.53
6110,3.62,3.54
6111,3.62,3.55
6112,3.64,3.56
6114,3.66,3.58
6115,3.68,3.60
6116,3.70,3.61
6117,3.71,3.61
6118,3.71,3.61
6119,3.70,3.60
6120,3.70,3.58
6121,3.68,3.57
6123,3.66,3.55
6124,3.64,3.54
6125,3.63,3.54
6126,3.63,3.54
6127,3.63,3.55
6128,3.65,3.56
6129,3.66,3.58
6130,3.69,3.60
6132,3.71,3.62
6133,3.73,3.63
6134,3.73,3.63
6135,3.72,3.62
6136,3.71,3.60
6137,3.70,3.59
6138,3.68,3.58
6139,3.66,3.56
6141,3.64,3.55
6142,3.64,3.56
6144,3.65,3.57
6145,3.67,3.59
6146,3.69,3.61
6147,3.72,3.63
6148,3.74,3.65
6150,3.77,3.67
6151,3.80,3.69
6152,3.83,3.71
6153,3.87,3.74
6154,3.90,3.76
6155,3.92,3.79
6156,3.95,3.81
6157,3.98,3.83
6159,4.01,3.86
6160,4.04,3.88
6161,4.07,3.90
6162,4.09,3.92
6163,4.12,3.94
6164,4.14,3.96
6165,4.16,3.98
6166,4.18,4.00
6168,4.21,4.03
6169,4.23,4.05
6170,4.26,4.08
6171,4.29,4.10
6172,4.31,4.13
6173,4.34,4.15
6174,4.36,4.17
6175,4.38,4.20
6177,4.40,4.22
6178,4.42,4.24
6179,4.44,4.25
6180,4.45,4.27
6181,4.47,4.28
6182,4.47,4.29
6183,4.48,4.30
6184,4.49,4.31
6187,4.49,4.31
6188,4.49,4.32
6189,4.49,4.32
6190,4.49,4.33
6191,4.49,4.33
6192,4.48,4.33
6193,4.47,4.32
6195,4.46,4.32
6196,4.45,4.32
6197,4.44,4.32
6198,4.43,4.32
6199,4.42,4.31
6200,4.41,4.31
6201,4.39,4.31
6202,4.38,4.30
6204,4.37,4.30
6205,4.36,4.30
6206,4.35,4.30
6207,4.34,4.30
6208,4.33,4.30
6209,4.32,4.29
6210,4.31,4.29
6211,4.30,4.29
6213,4.29,4.29
6214,4.28,4.29
6215,4.27,4.29
6216,4.26,4.30
6217,4.26,4.30
6218,4.25,4.30
6219,4.24,4.30
6220,4.24,4.30
6222,4.23,4.30
6223,4.23,4.31
6224,4.22,4.30
6225,4.22,4.31
6226,4.22,4.31
6227,4.22,4.32
6228,4.21,4.32
6231,4.21,4.32
6232,4.21,4.33
6233,4.21,4.33
6234,4.21,4.34
6235,4.20,4.34
6236,4.20,4.34
6237,4.20,4.35
6238,4.20,4.35
6240,4.20,4.35
6241,4.20,4.36
6242,4.20,4.36
6243,4.20,4.37
6244,4.20,4.37
6245,4.20,4.37
6246,4.21,4.38
6247,4.21,4.38
6249,4.21,4.39
6250,4.21,4.39
6251,4.21,4.40
6252,4.21,4.40
6253,4.21,4.40
6254,4.21,4.41
6255,4.21,4.41
6256,4.21,4.42
6258,4.21,4.42
6259,4.21,4.43
6260,4.21,4.43
6261,4.21,4.44
6262,4.21,4.44
6263,4.21,4.44
6264,4.21,4.45
6266,4.21,4.45
6267,4.21,4.46
6268,4.21,4.46
6269,4.21,4.46
6270,4.21,4.47
6272,4.21,4.47
6273,4.21,4.48
6274,4.21,4.48
6276,4.21,4.48
6277,4.21,4.49
6278,4.21,4.49
6279,4.21,4.50
6280,4.21,4.50
6281,4.21,4.50
6282,4.21,4.51
6284,4.21,4.51
6285,4.21,4.52
6286,4.20,4.52
6287,4.20,4.53
6288,4.20,4.53
6289,4.20,4.53
6290,4.20,4.54
6291,4.20,4.54
6293,4.20,4.55
6294,4.20,4.55
6295,4.20,4.56
6296,4.20,4.56
6297,4.20,4.56
6298,4.20,4.57
6299,4.20,4.57
6300,4.20,4.57
6302,4.20,4.58
6303,4.20,4.58
6304,4.20,4.59
6305,4.19,4.59
6306,4.19,4.60
6307,4.19,4.60
6308,4.19,4.61
6309,4.19,4.61
6311,4.19,4.62
6312,4.19,4.62
6313,4.19,4.63
6315,4.19,4.63
6316,4.19,4.64
6317,4.19,4.65
6318,4.19,4.65
6319,4.19,4.66
6321,4.18,4.66
6322,4.18,4.67
6323,4.18,4.68
6324,4.18,4.68
6325,4.19,4.69
6326,4.18,4.69
6327,4.18,4.69
6328,4.18,4.70
6330,4.18,4.71
6331,4.18,4.71
6332,4.18,4.72
6333,4.18,4.72
6334,4.18,4.72
6335,4.18,4.73
6336,4.18,4.73
6338,4.18,4.74
6339,4.18,4.74
6340,4.18,4.75
6341,4.18,4.75
6342,4.18,4.75
6343,4.17,4.76
6344,4.17,4.76
6345,4.17,4.77
6347,4.17,4.77
6348,4.17,4.77
6349,4.17,4.78
6350,4.17,4.78
6351,4.17,4.78
6352,4.17,4.78
6353,4.17,4.79
6354,4.18,4.79
6356,4.18,4.79
6358,4.18,4.80
6359,4.18,4.80
6360,4.18,4.80
6361,4.18,4.81
6362,4.18,4.81
6363,4.18,4.81
6364,4.18,4.82
6366,4.18,4.82
6367,4.18,4.82
6368,4.18,4.82
6369,4.18,4.83
6370,4.18,4.83
6371,4.18,4.83
6372,4.18,4.83
6373,4.18,4.84
6375,4.18,4.84
6376,4.18,4.84
6377,4.18,4.84
6378,4.19,4.85
6379,4.19,4.85
6380,4.19,4.85
6381,4.19,4.85
6382,4.19,4.86
6384,4.19,4.86
6385,4.19,4.86
6386,4.19,4.86
6387,4.19,4.86
6388,4.19,4.87
6389,4.19,4.87
6390,4.19,4.87
6391,4.19,4.87
6393,4.19,4.87
6394,4.20,4.88
6395,4.19,4.88
6396,4.20,4.88
6397,4.20,4.88
6398,4.20,4.88
6400,4.20,4.88
6401,4.20,4.88
6403,4.20,4.88
6404,4.20,4.89
6405,4.20,4.89
6406,4.20,4.89
6407,4.20,4.89
6408,4.20,4.89
6409,4.20,4.89
6410,4.20,4.89
6412,4.20,4.89
6413,4.20,4.90
6414,4.20,4.90
6415,4.20,4.90
6416,4.20,4.90
6417,4.20,4.90
6418,4.21,4.90
6419,4.21,4.90
6420,4.21,4.90
6422,4.21,4.90
6423,4.21,4.90
6424,4.21,4.91
6425,4.21,4.91
6426,4.21,4.91
6427,4.21,4.91
6428,4.21,4.91
6430,4.21,4.91
6431,4.21,4.91
6432,4.21,4.91
6433,4.21,4.91
6434,4.21,4.91
6435,4.21,4.91
6436,4.21,4.91
6437,4.21,4.91
6439,4.21,4.91
6440,4.21,4.91
6441,4.21,4.91
6443,4.21,4.92
6444,4.21,4.92
6445,4.21,4.92
6446,4.21,4.92
6447,4.21,4.92
6449,4.21,4.92
6450,4.21,4.92
6451,4.21,4.92
6452,4.21,4.92
6453,4.21,4.92
6454,4.21,4.92
6455,4.21,4.92
6456,4.21,4.92
6458,4.21,4.92
6459,4.21,4.92
6460,4.21,4.92
6461,4.21,4.92
6462,4.21,4.92
6463,4.21,4.92
6464,4.21,4.93
6465,4.21,4.92
6467,4.21,4.93
6468,4.21,4.93
6469,4.21,4.93
6470,4.21,4.93
6471,4.21,4.93
6472,4.21,4.93
6473,4.21,4.93
6474,4.21,4.93
6476,4.21,4.93
6477,4.21,4.93
6478,4.21,4.93
6479,4.21,4.93
6480,4.21,4.93
6481,4.21,4.93
6482,4.21,4.93
6483,4.21,4.93
6486,4.21,4.93
6487,4.21,4.93
6488,4.21,4.93
6489,4.21,4.93
6490,4.21,4.93
6491,4.21,4.93
6492,4.21,4.93
6494,4.21,4.93
6495,4.21,4.93
6496,4.21,4.93
6497,4.22,4.94
6498,4.21,4.93
6499,4.21,4.93
6500,4.21,4.93
6501,4.21,4.94
6503,4.21,4.93
6504,4.21,4.93
6505,4.22,4.94
6506,4.22,4.94
6507,4.21,4.93
6508,4.21,4.93
6509,4.21,4.94
6510,4.21,4.94
6512,4.21,4.94
6513,4.21,4.94
6514,4.21,4.94
6515,4.21,4.94
6516,4.21,4.94
6517,4.21,4.94
6518,4.21,4.94
6519,4.21,4.94
6521,4.21,4.94
6522,4.21,4.94
6523,4.22,4.94
6524,4.21,4.94
6525,4.22,4.94
6526,4.22,4.94
6528,4.22,4.94
6530,4.21,4.94
6531,4.22,4.94
6532,4.21,4.94
6533,4.21,4.94
6534,4.21,4.93
6535,4.21,4.93
6536,4.22,4.93
6537,4.22,4.92
6539,4.22,4.91
6540,4.22,4.91
6541,4.22,4.90
6542,4.21,4.89
6543,4.21,4.89
6544,4.21,4.88
6545,4.21,4.87
6546,4.21,4.86
6548,4.21,4.86
6549,4.20,4.85
6550,4.20,4.84
6551,4.20,4.83
6552,4.20,4.82
6553,4.20,4.81
6554,4.20,4.81
6555,4.19,4.80
6557,4.19,4.79
6558,4.19,4.78
6559,4.18,4.77
6560,4.18,4.76
6561,4.18,4.75
6562,4.18,4.74
6563,4.17,4.73
6564,4.17,4.73
6566,4.17,4.72
6567,4.16,4.71
6568,4.16,4.70
6569,4.16,4.69
6571,4.16,4.68
6572,4.16,4.67
6573,4.15,4.66
6574,4.15,4.65
6576,4.14,4.65
6577,4.14,4.64
6578,4.14,4.63
6579,4.14,4.62
6580,4.14,4.61
6581,4.13,4.60
6582,4.13,4.60
6583,4.13,4.59
6585,4.13,4.58
6586,4.13,4.57
6587,4.13,4.57
6588,4.13,4.56
6589,4.13,4.55
6590,4.12,4.54
6591,4.12,4.54
6592,4.12,4.53
6594,4.12,4.52
6595,4.12,4.52
6596,4.12,4.51
6597,4.11,4.50
6598,4.11,4.49
6599,4.11,4.49
6600,4.11,4.48
6602,4.11,4.47
6603,4.11,4.47
6604,4.11,4.46
6605,4.11,4.45
6606,4.11,4.45
6607,4.11,4.44
6608,4.11,4.44
6609,4.11,4.43
6611,4.11,4.43
6612,4.11,4.42
6614,4.11,4.41
6615,4.11,4.41
6616,4.11,4.40
6617,4.10,4.40
6618,4.11,4.39
6620,4.11,4.39
6621,4.11,4.38
6622,4.11,4.38
6623,4.11,4.37
6624,4.11,4.37
6625,4.11,4.36
6626,4.11,4.36
6627,4.11,4.35
6629,4.11,4.35
6630,4.11,4.35
6631,4.11,4.35
6632,4.11,4.35
6633,4.11,4.34
6634,4.11,4.34
6635,4.11,4.33
6637,4.11,4.33
6638,4.11,4.33
6639,4.11,4.32
6640,4.11,4.32
6641,4.11,4.32
6642,4.11,4.31
6643,4.12,4.31
6644,4.12,4.31
6646,4.12,4.30
6647,4.12,4.30
6648,4.12,4.30
6649,4.12,4.30
6650,4.12,4.29
6651,4.12,4.29
6652,4.12,4.29
6654,4.12,4.29
6656,4.12,4.28
6657,4.13,4.28
6658,4.13,4.28
6659,4.13,4.27
6660,4.13,4.27
6661,4.13,4.27
6662,4.13,4.27
6664,4.13,4.27
6665,4.13,4.26
6666,4.13,4.26
6667,4.13,4.26
6668,4.13,4.26
6669,4.13,4.26
6670,4.13,4.25
6672,4.13,4.25
6673,4.14,4.25
6674,4.14,4.25
6675,4.14,4.24
6676,4.14,4.24
6677,4.14,4.24
6678,4.14,4.24
6679,4.14,4.24
6681,4.14,4.24
6682,4.14,4.24
6683,4.14,4.24
6684,4.14,4.24
6685,4.14,4.24
6686,4.14,4.23
6687,4.15,4.23
6688,4.15,4.23
6690,4.15,4.23
6691,4.15,4.23
6692,4.15,4.22
6693,4.15,4.22
6694,4.15,4.22
6695,4.15,4.22
6696,4.15,4.22
6697,4.15,4.22
6700,4.15,4.22
6701,4.15,4.22
6702,4.16,4.21
6703,4.16,4.21
6704,4.16,4.21
6705,4.16,4.21
6706,4.16,4.21
6708,4.16,4.21
6709,4.16,4.21
6710,4.16,4.21
6711,4.16,4.21
6712,4.16,4.20
6713,4.16,4.20
6714,4.16,4.20
6715,4.16,4.20
6717,4.16,4.20
6718,4.16,4.20
6719,4.17,4.20
6720,4.16,4.20
6721,4.17,4.20
6722,4.17,4.20
6723,4.17,4.20
6724,4.17,4.20
6726,4.17,4.20
6727,4.17,4.20
6728,4.17,4.20
6729,4.17,4.20
6730,4.17,4.20
6731,4.17,4.20
6732,4.17,4.20
6733,4.17,4.20
6735,4.17,4.20
6736,4.17,4.20
6737,4.17,4.19
6738,4.17,4.20
6739,4.17,4.20
6740,4.17,4.19
6742,4.17,4.19
6743,4.18,4.19
6745,4.18,4.19
6746,4.18,4.19
6747,4.18,4.20
6748,4.18,4.19
6749,4.18,4.20
6750,4.18,4.19
6751,4.18,4.20
6752,4.18,4.20
6754,4.18,4.20
6755,4.18,4.20
6756,4.18,4.20
6757,4.18,4.19
6758,4.18,4.19
6759,4.18,4.19
6760,4.18,4.19
6761,4.18,4.19
6763,4.18,4.19
6764,4.18,4.19
6765,4.18,4.19
6766,4.18,4.19
6767,4.18,4.19
6768,4.18,4.19
6769,4.18,4.19
6770,4.18,4.20
6772,4.18,4.19
6773,4.18,4.19
6774,4.18,4.20
6775,4.19,4.19
6776,4.18,4.19
6777,4.19,4.19
6778,4.18,4.19
6779,4.19,4.19
6781,4.18,4.19
6782,4.19,4.19
6784,4.19,4.19
6785,4.18,4.19
6786,4.18,4.19
6787,4.19,4.19
6788,4.19,4.19
6789,4.18,4.19
6791,4.19,4.19
6792,4.19,4.19
6793,4.19,4.19
6794,4.19,4.19
6795,4.19,4.19
6796,4.19,4.20
6797,4.19,4.20
6798,4.19,4.19
6800,4.19,4.19
6801,4.19,4.19
6802,4.19,4.19
6803,4.19,4.19
6804,4.19,4.19
6805,4.19,4.19
6806,4.19,4.19
6807,4.19,4.19
6809,4.19,4.20
6810,4.19,4.19
6811,4.19,4.20
6812,4.19,4.20
6813,4.19,4.20
6814,4.19,4.20
6815,4.19,4.20
6816,4.19,4.20
6818,4.19,4.20
6819,4.19,4.20
6820,4.19,4.20
6821,4.19,4.20
6822,4.19,4.20
6823,4.19,4.20
6824,4.19,4.20
6825,4.19,4.20
6828,4.19,4.19
6829,4.19,4.20
6830,4.19,4.19
6831,4.19,4.19
6832,4.19,4.19
6833,4.19,4.19
6834,4.19,4.20
6835,4.19,4.19
6837,4.19,4.20
6838,4.19,4.19
6839,4.19,4.19
6840,4.19,4.20
6841,4.19,4.19
6842,4.19,4.20
6843,4.19,4.20
6844,4.19,4.20
6846,4.19,4.20
6847,4.19,4.20
6848,4.19,4.20
6849,4.19,4.20
6850,4.19,4.19
6851,4.19,4.20
6852,4.18,4.20
6853,4.18,4.20
6855,4.18,4.20
6856,4.18,4.20
6857,4.19,4.20
6858,4.18,4.20
6859,4.19,4.20
6860,4.18,4.19
6861,4.18,4.20
6862,4.18,4.19
6864,4.18,4.19
6865,4.18,4.20
6866,4.18,4.19
6867,4.18,4.19
6868,4.18,4.20
6870,4.18,4.19
6871,4.18,4.20
6872,4.18,4.20
6874,4.18,4.20
6875,4.18,4.20
6876,4.18,4.20
6877,4.18,4.20
6878,4.18,4.20
6879,4.18,4.20
6880,4.18,4.20
6881,4.18,4.20
6883,4.18,4.20
6884,4.18,4.21
6885,4.18,4.20
6886,4.18,4.20
6887,4.18,4.20
6888,4.18,4.20
6889,4.18,4.20
6890,4.18,4.20
6892,4.18,4.21
6893,4.18,4.21
6894,4.18,4.21
6895,4.18,4.21
6896,4.18,4.21
6897,4.18,4.21
6898,4.18,4.21
6899,4.18,4.21
6901,4.18,4.21
6902,4.18,4.21
6903,4.18,4.21
6904,4.18,4.21
6905,4.18,4.21
6906,4.18,4.21
6907,4.18,4.21
6908,4.18,4.21
6910,4.18,4.21
6912,4.18,4.21
6913,4.18,4.21
6914,4.18,4.21
6915,4.18,4.21
6916,4.18,4.21
6917,4.18,4.22
6918,4.18,4.22
6920,4.18,4.22
6921,4.18,4.22
6922,4.18,4.22
6923,4.18,4.22
6924,4.18,4.22
6925,4.18,4.22
6926,4.18,4.22
6927,4.18,4.22
6929,4.18,4.22
6930,4.18,4.22
6931,4.18,4.22
6932,4.18,4.22
6933,4.18,4.22
6934,4.18,4.22
6935,4.18,4.22
6936,4.18,4.22
6938,4.18,4.22
6939,4.18,4.22
6940,4.18,4.22
6941,4.18,4.22
6942,4.18,4.22
6943,4.18,4.22
6944,4.18,4.22
6945,4.18,4.22
6947,4.18,4.22
6948,4.17,4.22
6949,4.17,4.22
6950,4.17,4.22
6951,4.17,4.22
6952,4.17,4.22
6953,4.17,4.22
6955,4.17,4.22
6957,4.17,4.22
6958,4.17,4.22
6959,4.17,4.22
6960,4.17,4.22
6961,4.17,4.22
6962,4.17,4.22
6963,4.17,4.22
6964,4.17,4.22
6966,4.17,4.22
6967,4.17,4.22
6968,4.17,4.23
6969,4.17,4.22
6970,4.17,4.23
6971,4.17,4.23
6972,4.17,4.23
6973,4.17,4.23
6975,4.17,4.23
6976,4.17,4.23
6977,4.17,4.23
6978,4.17,4.23
6979,4.17,4.23
6980,4.17,4.23
6981,4.17,4.23
6982,4.17,4.23
6984,4.17,4.23
6985,4.17,4.23
6986,4.17,4.23
6987,4.17,4.23
6988,4.17,4.23
6989,4.17,4.23
6990,4.17,4.22
6992,4.17,4.23
6993,4.17,4.22
6994,4.17,4.22
6995,4.17,4.23
6996,4.17,4.23
6998,4.17,4.23
6999,4.17,4.23
7000,4.17,4.23
7002,4.17,4.23
7003,4.17,4.23
7004,4.17,4.23
7005,4.17,4.23
7006,4.17,4.23
7007,4.17,4.23
7008,4.17,4.23
7010,4.17,4.22
7011,4.17,4.22
7012,4.17,4.22
7013,4.17,4.22
7014,4.17,4.23
7015,4.16,4.23
7016,4.16,4.23
7017,4.17,4.23
7019,4.17,4.23
7020,4.17,4.23
7021,4.17,4.23
7022,4.17,4.23
7023,4.17,4.23
7024,4.17,4.23
7025,4.17,4.22
7027,4.17,4.22
7028,4.16,4.23
7029,4.16,4.23
7030,4.16,4.23
7031,4.16,4.23
7032,4.16,4.23
7033,4.16,4.23
7034,4.16,4.23
7036,4.16,4.23
7037,4.16,4.23
7038,4.16,4.23
7040,4.16,4.23
7041,4.16,4.23
7042,4.16,4.23
7043,4.16,4.23
7044,4.16,4.23
7046,4.16,4.23
7047,4.16,4.23
7048,4.16,4.23
7049,4.16,4.23
7050,4.16,4.23
7051,4.16,4.23
7052,4.16,4.23
7053,4.16,4.23
7055,4.16,4.23
7056,4.16,4.23
7057,4.16,4.23
7058,4.16,4.23
7059,4.16,4.23
7060,4.16,4.23
7061,4.16,4.23
7063,4.16,4.23
7064,4.16,4.23
7065,4.16,4.23
7066,4.16,4.23
7067,4.16,4.23
7068,4.16,4.23
7069,4.16,4.23
7070,4.16,4.23
7072,4.16,4.23
7073,4.16,4.23
7074,4.16,4.23
7075,4.16,4.23
7076,4.16,4.23
7077,4.16,4.23
7078,4.16,4.23
7079,4.16,4.23
7081,4.16,4.23
7083,4.16,4.23
7084,4.16,4.23
7085,4.16,4.23
7086,4.16,4.23
7087,4.16,4.23
7088,4.16,4.23
7089,4.16,4.23
7091,4.16,4.23
7092,4.16,4.23
7093,4.16,4.23
7094,4.16,4.23
7095,4.16,4.23
7096,4.16,4.23
7097,4.16,4.23
7099,4.16,4.23
7100,4.16,4.23
7101,4.16,4.23
7102,4.16,4.23
7103,4.16,4.23
7104,4.16,4.23
7105,4.16,4.23
7106,4.16,4.23
7108,4.16,4.23
7109,4.16,4.23
7110,4.16,4.23
7111,4.16,4.23
7112,4.16,4.23
7113,4.16,4.23
7114,4.16,4.24
7116,4.16,4.24
7117,4.16,4.24
7118,4.16,4.23
7119,4.16,4.23
7120,4.16,4.23
7121,4.16,4.23
7122,4.16,4.23
7123,4.16,4.23
7126,4.16,4.23
7127,4.16,4.23
7128,4.16,4.23
7129,4.16,4.23
7130,4.16,4.23
7131,4.16,4.24
7132,4.16,4.24
7134,4.16,4.24
7135,4.16,4.24
7136,4.16,4.24
7137,4.16,4.23
7138,4.16,4.23
7139,4.16,4.23
7140,4.16,4.23
7141,4.16,4.23
7143,4.16,4.23
7144,4.16,4.23
7145,4.16,4.23
7146,4.16,4.23
7147,4.16,4.23
7148,4.16,4.24
7149,4.16,4.23
7150,4.16,4.24
7152,4.16,4.24
7153,4.16,4.24
7154,4.15,4.24
7155,4.15,4.24
7156,4.16,4.24
7157,4.16,4.24
7158,4.15,4.24
7160,4.16,4.24
7161,4.16,4.24
7162,4.16,4.24
7163,4.15,4.24
7164,4.15,4.24
7165,4.15,4.24
7166,4.15,4.24
7168,4.15,4.24
7170,4.15,4.24
7171,4.15,4.24
7172,4.15,4.24
7173,4.15,4.24
7174,4.15,4.24
7175,4.15,4.24
7176,4.15,4.24
7177,4.15,4.24
7179,4.15,4.24
7180,4.15,4.24
7181,4.15,4.24
7182,4.15,4.24
7183,4.15,4.24
7184,4.15,4.24
7185,4.15,4.24
7186,4.15,4.24
7188,4.15,4.24
7189,4.15,4.24
7190,4.15,4.24
7191,4.15,4.24
7192,4.15,4.24
7193,4.15,4.24
7194,4.15,4.24
7195,4.15,4.24
7197,4.15,4.24
7198,4.15,4.24
7199,4.15,4.25
7200,4.15,4.24
7201,4.15,4.24
7202,4.15,4.24
7203,4.16,4.24
7204,4.15,4.24
7206,4.16,4.24
7207,4.16,4.24
7208,4.16,4.24
7209,4.16,4.24
7211,4.15,4.25
7212,4.15,4.25
7213,4.15,4.25
7214,4.15,4.25
7216,4.15,4.25
7217,4.15,4.25
7218,4.15,4.25
7219,4.15,4.25
7220,4.15,4.25
7221,4.15,4.25
7222,4.15,4.25
7224,4.15,4.25
7225,4.15,4.25
7226,4.15,4.25
7227,4.15,4.25
7228,4.15,4.25
7229,4.15,4.25
7230,4.15,4.25
7231,4.15,4.25
7233,4.15,4.25
7234,4.15,4.25
7235,4.15,4.26
7236,4.15,4.25
7237,4.15,4.26
7238,4.15,4.26
7239,4.15,4.26
7240,4.15,4.26
7242,4.15,4.26
7243,4.15,4.26
7244,4.15,4.26
7245,4.15,4.26
7246,4.15,4.26
7247,4.15,4.26
7248,4.15,4.26
7250,4.15,4.26
7251,4.15,4.26
7252,4.15,4.26
7254,4.15,4.26
7255,4.15,4.26
7256,4.15,4.26
7257,4.15,4.26
7258,4.15,4.26
7260,4.15,4.26
7261,4.15,4.26
7262,4.15,4.26
7263,4.15,4.26
7264,4.15,4.27
7265,4.15,4.27
7266,4.15,4.27
7268,4.15,4.27
7269,4.15,4.27
7270,4.15,4.27
7271,4.15,4.27
7272,4.15,4.27
7273,4.15,4.27
7274,4.15,4.27
7275,4.15,4.27
7277,4.15,4.27
7278,4.15,4.27
7279,4.15,4.27
7280,4.15,4.27
7281,4.15,4.27
7282,4.15,4.28
7283,4.15,4.27
7285,4.15,4.28
7286,4.15,4.28
7287,4.15,4.28
7288,4.15,4.28
7289,4.15,4.28
7290,4.15,4.27
7291,4.14,4.28
7292,4.15,4.28
7294,4.15,4.28
7296,4.15,4.28
7297,4.15,4.28
7298,4.14,4.28
7299,4.15,4.28
7300,4.14,4.28
7301,4.14,4.28
7303,4.14,4.28
7304,4.14,4.28
7305,4.14,4.28
7306,4.14,4.28
7307,4.14,4.28
7308,4.14,4.28
7309,4.14,4.28
7310,4.14,4.28
7312,4.14,4.28
7313,4.14,4.28
7314,4.14,4.28
7315,4.14,4.28
7316,4.14,4.29
7317,4.14,4.29
7318,4.14,4.29
7319,4.14,4.29
7321,4.14,4.29
7322,4.14,4.29
7323,4.14,4.29
7324,4.14,4.29
7325,4.14,4.29
7326,4.14,4.29
7327,4.14,4.29
7329,4.14,4.29
7330,4.14,4.29
7331,4.14,4.29
7332,4.14,4.29
7333,4.14,4.29
7334,4.14,4.29
7335,4.14,4.29
7336,4.14,4.29
7339,4.14,4.29
7340,4.14,4.29
7341,4.14,4.29
7342,4.14,4.29
7343,4.14,4.29
7344,4.14,4.29
7345,4.14,4.29
7346,4.14,4.29
7348,4.14,4.29
7349,4.14,4.29
7350,4.14,4.29
7351,4.14,4.29
7352,4.14,4.29
7353,4.14,4.30
7354,4.14,4.30
7355,4.14,4.30
7357,4.14,4.30
7358,4.14,4.30
7359,4.14,4.30
7360,4.14,4.30
7361,4.14,4.30
7362,4.14,4.30
7363,4.14,4.30
7364,4.14,4.30
7366,4.14,4.30
7367,4.14,4.30
7368,4.14,4.30
7369,4.14,4.30
7370,4.14,4.30
7371,4.14,4.30
7372,4.14,4.30
7373,4.14,4.30
7375,4.14,4.30
7376,4.14,4.30
7377,4.14,4.30
7378,4.14,4.30
7379,4.14,4.30
7380,4.14,4.30
7382,4.14,4.30
7383,4.14,4.30
7385,4.14,4.30
7386,4.14,4.30
7387,4.14,4.30
7388,4.14,4.30
7389,4.14,4.30
7390,4.14,4.30
7391,4.14,4.30
7392,4.14,4.30
7394,4.14,4.30
7395,4.14,4.30
7396,4.14,4.30
7397,4.14,4.30
7398,4.14,4.30
7399,4.14,4.30
7400,4.14,4.30
7401,4.14,4.30
7403,4.14,4.30
7404,4.14,4.30
7405,4.14,4.30
7406,4.14,4.30
7407,4.14,4.30
7408,4.14,4.30
7409,4.14,4.30
7410,4.14,4.30
7412,4.14,4.30
7413,4.14,4.30
7414,4.14,4.30
7415,4.14,4.30
7416,4.14,4.30
7417,4.14,4.30
7418,4.13,4.30
7419,4.14,4.30
7421,4.14,4.30
7422,4.14,4.30
7424,4.14,4.30
7425,4.14,4.30
7426,4.14,4.30
7427,4.14,4.30
7428,4.14,4.30
7429,4.14,4.30
7431,4.13,4.30
7432,4.13,4.30
7433,4.13,4.30
7434,4.13,4.30
7435,4.13,4.30
7436,4.13,4.30
7437,4.13,4.30
7438,4.13,4.30
7440,4.13,4.30
7441,4.13,4.30
7442,4.13,4.30
7443,4.13,4.30
7444,4.13,4.30
7445,4.13,4.30
7446,4.13,4.30
7447,4.13,4.30
7449,4.13,4.30
7450,4.13,4.30
7451,4.13,4.30
7452,4.13,4.30
7453,4.13,4.30
7454,4.13,4.30
7455,4.13,4.30
7456,4.13,4.30
7458,4.13,4.30
7459,4.13,4.30
7460,4.13,4.30
7461,4.13,4.30
7462,4.13,4.30
7463,4.13,4.30
7464,4.13,4.30
7465,4.13,4.30
7468,4.13,4.30
7469,4.13,4.30
7470,4.13,4.30
7471,4.13,4.30
7472,4.13,4.30
7473,4.13,4.30
7474,4.13,4.30
7475,4.13,4.30
7477,4.13,4.30
7478,4.13,4.30
7479,4.13,4.30
7480,4.13,4.30
7481,4.13,4.30
7482,4.13,4.30
7483,4.13,4.30
7484,4.13,4.30
7486,4.13,4.30
7487,4.13,4.30
7488,4.13,4.30
7489,4.13,4.30
7490,4.13,4.30
7491,4.13,4.30
7492,4.13,4.30
7493,4.13,4.30
7495,4.13,4.30
7496,4.13,4.30
7497,4.13,4.30
7498,4.13,4.30
7499,4.13,4.30
7500,4.13,4.30
7501,4.13,4.30
7502,4.13,4.30
7504,4.13,4.30
7505,4.13,4.30
7506,4.13,4.30
7507,4.13,4.30
7508,4.13,4.30
7510,4.13,4.30
7511,4.13,4.30
7512,4.13,4.30
7514,4.13,4.30
7515,4.13,4.30
7516,4.13,4.30
7517,4.13,4.30
7518,4.13,4.30
7519,4.13,4.30
7520,4.13,4.30
7521,4.13,4.30
7523,4.13,4.30
7524,4.13,4.30
7525,4.13,4.30
7526,4.13,4.30
7527,4.13,4.30
7528,4.13,4.30
7529,4.13,4.30
7530,4.13,4.30
7532,4.13,4.30
7533,4.13,4.30
7534,4.13,4.30
7535,4.13,4.30
7536,4.13,4.30
7537,4.13,4.30
7538,4.13,4.30
7539,4.13,4.30
7541,4.13,4.30
7542,4.13,4.30
7543,4.13,4.30
7544,4.13,4.30
7545,4.13,4.30
7546,4.13,4.30
7547,4.13,4.30
7548,4.13,4.30
7550,4.13,4.30
7552,4.13,4.30
7553,4.13,4.30
7554,4.13,4.30
7555,4.13,4.30
7556,4.13,4.30
7557,4.13,4.30
7558,4.13,4.30
7560,4.13,4.30
7561,4.13,4.30
7562,4.13,4.30
7563,4.13,4.30
7564,4.13,4.30
7565,4.13,4.30
7566,4.13,4.30
7567,4.13,4.30
7569,4.13,4.30
7570,4.13,4.30
7571,4.13,4.30
7572,4.13,4.30
7573,4.13,4.30
7574,4.13,4.30
7575,4.13,4.30
7576,4.13,4.31
7578,4.13,4.30
7579,4.13,4.31
7580,4.13,4.31
7581,4.13,4.31
7582,4.13,4.31
7583,4.13,4.31
7584,4.13,4.31
7586,4.13,4.31
7587,4.14,4.31
7588,4.13,4.31
7589,4.14,4.31
7590,4.13,4.31
7591,4.14,4.31
7592,4.14,4.31
7593,4.14,4.31
7596,4.14,4.31
7597,4.14,4.31
7598,4.14,4.31
7599,4.14,4.31
7600,4.14,4.31
7601,4.14,4.31
7602,4.14,4.31
7604,4.14,4.31
7605,4.14,4.31
7606,4.14,4.31
7607,4.14,4.31
7608,4.14,4.31
7609,4.14,4.31
7610,4.14,4.31
7612,4.14,4.31
7613,4.14,4.31
7614,4.14,4.31
7615,4.14,4.31
7616,4.14,4.32
7617,4.14,4.31
7618,4.14,4.32
7619,4.14,4.32
7621,4.14,4.32
7622,4.14,4.32
7623,4.14,4.32
7624,4.14,4.32
7625,4.14,4.32
7626,4.14,4.32
7627,4.14,4.32
7629,4.14,4.32
7630,4.14,4.32
7631,4.15,4.32
7632,4.14,4.32
7633,4.14,4.32
7634,4.15,4.32
7635,4.15,4.32
7638,4.15,4.32
7639,4.15,4.33
7640,4.14,4.32
7641,4.15,4.33
7642,4.15,4.33
7643,4.15,4.33
7644,4.15,4.33
7646,4.15,4.33
7647,4.15,4.33
7648,4.15,4.33
7649,4.15,4.33
7650,4.15,4.33
7651,4.15,4.33
7652,4.15,4.33
7653,4.15,4.33
7655,4.15,4.33
7656,4.15,4.33
7657,4.15,4.33
7658,4.15,4.33
7659,4.15,4.34
7660,4.15,4.33
7661,4.15,4.34
7663,4.15,4.34
7664,4.15,4.34
7665,4.15,4.34
7666,4.15,4.34
7667,4.15,4.34
7668,4.15,4.34
7669,4.15,4.34
7671,4.15,4.34
7672,4.15,4.34
7673,4.16,4.34
7674,4.16,4.34
7675,4.16,4.34
7676,4.16,4.34
7677,4.16,4.34
7678,4.16,4.34
7681,4.16,4.34
7682,4.16,4.34
7683,4.16,4.34
7684,4.16,4.35
7685,4.16,4.34
7686,4.16,4.34
7687,4.16,4.35
7688,4.16,4.35
7690,4.16,4.35
7691,4.16,4.35
7692,4.16,4.34
7693,4.16,4.35
7694,4.16,4.35
7695,4.16,4.35
7696,4.16,4.35
7698,4.16,4.35
7699,4.16,4.35
7700,4.16,4.35
7701,4.16,4.35
7702,4.16,4.35
7703,4.16,4.35
7704,4.16,4.35
7706,4.16,4.35
7707,4.16,4.35
7708,4.16,4.35
7709,4.16,4.35
7710,4.16,4.34
7711,4.16,4.35
7712,4.16,4.35
7714,4.16,4.34
7715,4.16,4.34
7716,4.16,4.34
7717,4.16,4.34
7718,4.16,4.34
7719,4.16,4.34
7720,4.16,4.34
7721,4.16,4.34
7724,4.16,4.33
7725,4.16,4.33
7726,4.16,4.33
7727,4.16,4.33
7728,4.16,4.33
7729,4.16,4.33
7730,4.16,4.33
7731,4.16,4.33
7733,4.16,4.33
7734,4.16,4.33
7735,4.16,4.33
7736,4.16,4.33
7737,4.16,4.33
7738,4.16,4.33
7739,4.16,4.32
7741,4.16,4.32
7742,4.16,4.32
7743,4.16,4.32
7744,4.16,4.32
7745,4.16,4.32
7746,4.16,4.32
7747,4.16,4.33
7749,4.16,4.33
7750,4.16,4.33
7751,4.16,4.33
7752,4.16,4.33
7753,4.16,4.33
7754,4.16,4.33
7755,4.16,4.33
7757,4.16,4.33
7758,4.16,4.33
7759,4.16,4.33
7760,4.16,4.33
7761,4.16,4.33
7762,4.16,4.33
7763,4.16,4.33
7764,4.16,4.33
7767,4.16,4.34
7768,4.16,4.33
7769,4.16,4.34
7770,4.16,4.34
7771,4.16,4.34
7772,4.16,4.34
7773,4.16,4.34
7775,4.16,4.34
7776,4.16,4.34
7777,4.16,4.34
7778,4.16,4.35
7779,4.17,4.35
7780,4.17,4.35
7781,4.17,4.35
7783,4.16,4.35
7784,4.17,4.35
7785,4.17,4.35
7786,4.17,4.35
7787,4.17,4.35
7788,4.17,4.35
7789,4.17,4.35
7790,4.17,4.35
7792,4.17,4.35
7793,4.17,4.35
7794,4.17,4.36
7795,4.17,4.35
7796,4.17,4.36
7797,4.17,4.36
7798,4.17,4.36
7799,4.17,4.36
7801,4.17,4.36
7802,4.17,4.36
7803,4.17,4.36
7804,4.17,4.36
7805,4.17,4.37
7806,4.17,4.37
7808,4.17,4.37
7809,4.17,4.37
7811,4.17,4.37
7812,4.17,4.37
7813,4.17,4.37
7814,4.17,4.37
7815,4.17,4.38
7816,4.17,4.38
7817,4.17,4.38
7819,4.17,4.38
7820,4.17,4.38
7821,4.17,4.38
7822,4.17,4.38
7823,4.17,4.38
7824,4.17,4.39
7825,4.17,4.39
7826,4.17,4.39
7828,4.17,4.39
7829,4.17,4.39
7830,4.17,4.40
7831,4.17,4.40
7832,4.17,4.40
7833,4.17,4.40
7834,4.17,4.40
7835,4.17,4.40
7837,4.17,4.41
7838,4.17,4.41
7839,4.16,4.41
7840,4.16,4.41
7841,4.16,4.41
7842,4.16,4.42
7843,4.17,4.42
7844,4.16,4.42
7846,4.16,4.42
7847,4.16,4.43
7848,4.16,4.43
7849,4.16,4.43
7851,4.16,4.44
7852,4.16,4.44
7853,4.16,4.44
7854,4.16,4.44
7856,4.16,4.44
7857,4.16,4.45
7858,4.16,4.45
7859,4.16,4.45
7860,4.16,4.46
7861,4.16,4.46
7862,4.16,4.46
7863,4.16,4.47
7865,4.16,4.47
7866,4.16,4.48
7867,4.16,4.48
7868,4.16,4.49
7869,4.16,4.49
7870,4.15,4.50
7871,4.15,4.50
7872,4.15,4.51
7874,4.15,4.51
7875,4.15,4.52
7876,4.15,4.53
7877,4.15,4.54
7878,4.15,4.55
7879,4.15,4.56
7880,4.15,4.57
7881,4.15,4.57
7883,4.14,4.58
7884,4.14,4.59
7885,4.14,4.60
7886,4.14,4.60
7887,4.14,4.61
7888,4.14,4.61
7889,4.13,4.62
7891,4.13,4.63
7892,4.13,4.63
7894,4.13,4.64
7895,4.13,4.64
7896,4.13,4.65
7897,4.13,4.66
7898,4.13,4.66
7899,4.13,4.67
7901,4.13,4.67
7902,4.12,4.68
7903,4.12,4.68
7904,4.12,4.69
7905,4.12,4.69
7906,4.12,4.70
7907,4.12,4.70
7908,4.12,4.71
7910,4.12,4.71
7911,4.12,4.72
7912,4.12,4.72
7913,4.12,4.73
7914,4.11,4.73
7915,4.11,4.74
7916,4.11,4.74
7918,4.11,4.75
7919,4.11,4.75
7920,4.11,4.75
7921,4.11,4.76
7922,4.11,4.77
7923,4.11,4.77
7924,4.11,4.77
7926,4.12,4.78
7927,4.12,4.78
7928,4.12,4.78
7929,4.12,4.78
7930,4.12,4.79
7931,4.12,4.79
7932,4.12,4.79
7933,4.12,4.80
7936,4.12,4.80
7937,4.12,4.80
7938,4.12,4.81
7939,4.13,4.81
7940,4.13,4.81
7941,4.13,4.82
7942,4.13,4.82
7943,4.13,4.82
7945,4.13,4.82
7946,4.13,4.83
7947,4.13,4.83
7948,4.13,4.83
7949,4.13,4.84
7950,4.13,4.84
7951,4.14,4.84
7952,4.14,4.84
7954,4.14,4.85
7955,4.14,4.85
7956,4.14,4.85
7957,4.14,4.85
7958,4.14,4.85
7959,4.14,4.86
7960,4.14,4.86
7961,4.15,4.86
7963,4.15,4.86
7964,4.15,4.87
7965,4.15,4.87
7966,4.15,4.87
7967,4.15,4.87
7968,4.15,4.87
7969,4.15,4.87
7970,4.15,4.87
7972,4.15,4.88
7973,4.15,4.88
7974,4.15,4.88
7975,4.15,4.88
7976,4.16,4.88
7977,4.16,4.89
7979,4.16,4.89
7980,4.16,4.89
7982,4.16,4.89
7983,4.16,4.89
7984,4.16,4.89
7985,4.16,4.89
7986,4.16,4.89
7987,4.16,4.90
7988,4.16,4.90
7989,4.16,4.89
7991,4.16,4.90
7992,4.16,4.90
7993,4.16,4.90
7994,4.16,4.90
7995,4.16,4.90
7996,4.16,4.90
7997,4.16,4.90
7998,4.16,4.90
8000,4.16,4.90
8001,4.16,4.91
8002,4.16,4.91
8003,4.16,4.91
8004,4.16,4.91
8005,4.16,4.91
8006,4.16,4.91
8007,4.16,4.91
8009,4.17,4.91
8010,4.16,4.91
8011,4.17,4.91
8012,4.16,4.91
8013,4.17,4.91
8014,4.17,4.91
8015,4.17,4.91
8016,4.17,4.92
8018,4.17,4.92
8019,4.17,4.92
8020,4.17,4.92
8022,4.17,4.92
8023,4.17,4.91
8024,4.17,4.91
8025,4.17,4.91
8026,4.17,4.91
8028,4.17,4.91
8029,4.17,4.91
8030,4.17,4.91
8031,4.17,4.90
8032,4.17,4.90
8033,4.17,4.89
8034,4.17,4.88
8036,4.17,4.88
8037,4.17,4.87
8038,4.17,4.85
8039,4.17,4.84
8040,4.17,4.83
8041,4.17,4.82
8042,4.16,4.80
8043,4.16,4.79
8045,4.16,4.78
8046,4.16,4.77
8047,4.15,4.76
8048,4.15,4.74
8049,4.15,4.73
8050,4.14,4.72
8051,4.14,4.70
8052,4.14,4.69
8054,4.13,4.67
8055,4.13,4.66
8056,4.13,4.65
8057,4.13,4.63
8058,4.12,4.62
8059,4.12,4.61
8060,4.11,4.60
8061,4.11,4.58
8064,4.11,4.57
8065,4.10,4.56
8066,4.10,4.55
8067,4.09,4.54
8068,4.09,4.53
8069,4.09,4.52
8070,4.08,4.51
8071,4.08,4.50
8073,4.08,4.49
8074,4.07,4.48
8075,4.07,4.47
8076,4.07,4.46
8077,4.07,4.45
8078,4.06,4.44
8079,4.06,4.43
8080,4.06,4.43
8082,4.06,4.42
8083,4.05,4.41
8084,4.05,4.40
8085,4.05,4.40
8086,4.05,4.39
8087,4.05,4.38
8088,4.05,4.38
8089,4.05,4.37
8091,4.04,4.36
8092,4.04,4.36
8093,4.04,4.36
8094,4.04,4.35
8095,4.04,4.35
8096,4.04,4.35
8097,4.04,4.34
8098,4.04,4.34
8100,4.04,4.34
8101,4.04,4.33
8102,4.05,4.33
8103,4.05,4.32
8104,4.05,4.32
8105,4.05,4.32
8107,4.05,4.32
8108,4.05,4.32
8110,4.05,4.31
8111,4.05,4.31
8112,4.06,4.31
8113,4.06,4.31
8114,4.06,4.31
8115,4.06,4.31
8116,4.06,4.30
8117,4.06,4.30
8119,4.07,4.30
8120,4.07,4.30
8121,4.07,4.30
8122,4.07,4.30
8123,4.08,4.30
8124,4.08,4.30
8125,4.08,4.30
8126,4.08,4.30
8128,4.08,4.30
8129,4.09,4.30
8130,4.09,4.30
8131,4.09,4.30
8132,4.09,4.30
8133,4.10,4.30
8134,4.10,4.30
8135,4.10,4.30
8136,4.10,4.30
8138,4.11,4.30
8139,4.11,4.30
8140,4.11,4.31
8141,4.11,4.31
8142,4.12,4.31
8143,4.12,4.31
8144,4.12,4.31
8146,4.12,4.31
8147,4.12,4.31
8148,4.13,4.32
8150,4.13,4.32
8151,4.13,4.32
8152,4.13,4.32
8153,4.13,4.32
8154,4.13,4.32
8156,4.13,4.32
8157,4.14,4.33
8158,4.14,4.33
8159,4.14,4.33
8160,4.14,4.33
8161,4.14,4.33
8162,4.14,4.33
8164,4.15,4.33
8165,4.15,4.33
8166,4.15,4.34
8167,4.15,4.34
8168,4.15,4.34
8169,4.15,4.34
8170,4.15,4.34
8172,4.15,4.34
8173,4.16,4.34
8174,4.16,4.34
8175,4.16,4.34
8176,4.16,4.34
8177,4.16,4.35
8178,4.16,4.35
8179,4.16,4.35
8181,4.16,4.35
8182,4.17,4.35
8183,4.17,4.35
8184,4.17,4.35
8185,4.17,4.35
8186,4.17,4.35
8187,4.17,4.35
8188,4.17,4.35
8190,4.17,4.35
8192,4.17,4.35
8193,4.17,4.35
8194,4.17,4.36
8195,4.17,4.36
8196,4.17,4.36
8197,4.17,4.36
8198,4.18,4.36
8200,4.18,4.36
8201,4.18,4.36
8202,4.18,4.36
8203,4.18,4.36
8204,4.18,4.36
8205,4.18,4.36
8206,4.18,4.36
8207,4.18,4.36
8209,4.18,4.36
8210,4.18,4.36
8211,4.18,4.36
8212,4.18,4.37
8213,4.18,4.36
8214,4.18,4.37
8215,4.18,4.37
8216,4.18,4.37
8218,4.18,4.37
8219,4.18,4.37
8220,4.18,4.37
8221,4.18,4.37
8222,4.18,4.37
8223,4.18,4.37
8224,4.18,4.37
8225,4.18,4.37
8227,4.18,4.37
8228,4.18,4.37
8229,4.18,4.37
8230,4.18,4.37
8231,4.18,4.37
8232,4.18,4.38
8233,4.18,4.38
8235,4.18,4.37
8237,4.18,4.37
8238,4.18,4.37
8239,4.18,4.38
8240,4.18,4.38
8241,4.18,4.38
8242,4.18,4.38
8243,4.18,4.38
8244,4.18,4.38
8246,4.18,4.38
8247,4.18,4.38
8248,4.18,4.38
8249,4.18,4.38
8250,4.18,4.38
8251,4.18,4.38
8252,4.18,4.38
8253,4.18,4.38
8255,4.18,4.38
8256,4.18,4.38
8257,4.18,4.38
8258,4.18,4.38
8259,4.18,4.38
8260,4.18,4.38
8261,4.18,4.38
8262,4.18,4.38
8264,4.18,4.38
8265,4.18,4.38
8266,4.18,4.38
8267,4.18,4.38
8268,4.18,4.38
8269,4.18,4.38
8270,4.18,4.38
8271,4.18,4.38
8273,4.18,4.38
8274,4.18,4.38
8275,4.18,4.38
8276,4.18,4.38
8278,4.18,4.38
8279,4.18,4.39
8280,4.18,4.39
8281,4.18,4.39
8283,4.18,4.38
8284,4.18,4.39
8285,4.18,4.39
8286,4.18,4.39
8287,4.18,4.38
8288,4.18,4.38
8289,4.18,4.38
8290,4.18,4.38
8292,4.18,4.38
8293,4.18,4.38
8294,4.18,4.38
8295,4.18,4.39
8296,4.18,4.39
8297,4.18,4.39
8298,4.18,4.39
8299,4.17,4.39
8301,4.17,4.39
8302,4.17,4.39
8303,4.17,4.39
8304,4.17,4.39
8305,4.17,4.39
8306,4.17,4.39
8307,4.17,4.39
8308,4.18,4.39
8310,4.18,4.39
8311,4.17,4.39
8312,4.17,4.39
8313,4.17,4.39
8314,4.17,4.39
8315,4.17,4.39
8316,4.17,4.39
8317,4.17,4.39
8320,4.17,4.39
8321,4.17,4.39
8322,4.17,4.39
8323,4.17,4.39
8324,4.17,4.39
8325,4.17,4.39
8326,4.17,4.39
8327,4.17,4.39
8329,4.17,4.39
8330,4.17,4.39
8331,4.17,4.39
8332,4.16,4.36
8333,4.14,4.33
8334,4.11,4.29
8335,4.07,4.24
8336,4.03,4.19
8338,3.98,4.14
8339,3.94,4.10
8340,3.91,4.08
8341,3.88,4.06
8342,3.87,4.05
8343,3.86,4.05
8344,3.86,4.05
8346,3.86,4.05
8347,3.86,4.06
8348,3.86,4.04
8349,3.84,4.01
8350,3.82,3.98
8351,3.79,3.94
8352,3.75,3.91
8353,3.72,3.87
8355,3.68,3.83
8356,3.65,3.80
8357,3.63,3.78
8358,3.61,3.77
8359,3.61,3.76
8360,3.61,3.76
8361,3.61,3.77
8363,3.62,3.78
8365,3.63,3.78
8366,3.63,3.77
8367,3.62,3.74
8368,3.60,3.72
8369,3.58,3.69
8370,3.56,3.67
8371,3.53,3.64
8372,3.50,3.61
8374,3.49,3.60
8375,3.48,3.60
8376,3.48,3.60
8377,3.49,3.60
8378,3.50,3.61
8379,3.52,3.63
8380,3.54,3.64
8381,3.55,3.64
8383,3.55,3.63
8384,3.54,3.61
8385,3.53,3.59
8386,3.51,3.57
8387,3.49,3.55
8388,3.48,3.53
8389,3.46,3.52
8390,3.46,3.52
8392,3.46,3.52
8393,3.47,3.53
8394,3.48,3.54
8395,3.50,3.56
8396,3.53,3.58
8397,3.55,3.59
8398,3.56,3.59
8400,3.56,3.57
8401,3.55,3.56
8402,3.54,3.55
8403,3.52,3.53
8404,3.51,3.51
8406,3.49,3.50
8407,3.49,3.50
8408,3.49,3.51
8410,3.49,3.51
8411,3.51,3.53
8412,3.53,3.55
8413,3.56,3.57
8414,3.58,3.58
8415,3.60,3.58
8416,3.60,3.58
8417,3.60,3.57
8419,3.59,3.56
8420,3.58,3.54
8421,3.56,3.53
8422,3.54,3.51
8423,3.53,3.51
8424,3.53,3.51
8425,3.54,3.52
8426,3.55,3.53
8428,3.57,3.55
8429,3.59,3.57
8430,3.62,3.59
8431,3.64,3.60
8432,3.65,3.60
8433,3.64,3.59
8434,3.64,3.58
8435,3.62,3.57
8437,3.61,3.55
8438,3.59,3.54
8439,3.58,3.53
8440,3.57,3.53
8441,3.58,3.53
8442,3.58,3.54
8443,3.60,3.56
8444,3.62,3.58
8446,3.64,3.60
8448,3.66,3.61
8449,3.68,3.61
8450,3.68,3.61
8451,3.67,3.59
8452,3.66,3.58
8453,3.65,3.57
8454,3.63,3.55
8456,3.61,3.54
8457,3.60,3.54
8458,3.60,3.54
8459,3.60,3.55
8460,3.61,3.56
8461,3.63,3.58
8462,3.65,3.59
8463,3.67,3.61
8465,3.69,3.62
8466,3.70,3.61
8467,3.69,3.61
8468,3.68,3.59
8469,3.67,3.58
8470,3.65,3.57
8471,3.63,3.55
8472,3.62,3.55
8474,3.61,3.55
8475,3.61,3.55
8476,3.62,3.56
8477,3.63,3.57
8478,3.65,3.59
8479,3.67,3.61
8480,3.70,3.62
8481,3.70,3.62
8483,3.70,3.61
8484,3.70,3.60
8485,3.68,3.59
8486,3.67,3.57
8487,3.65,3.56
8488,3.63,3.54
8489,3.62,3.54
8491,3.62,3.55
8493,3.62,3.55
8494,3.63,3.56
8495,3.64,3.58
8496,3.66,3.59
8497,3.69,3.61
8498,3.70,3.61
8499,3.70,3.61
8500,3.70,3.60
8502,3.69,3.59
8503,3.68,3.57
8504,3.66,3.56
8505,3.64,3.54
8506,3.62,3.54
8507,3.62,3.54
8508,3.62,3.54
8509,3.62,3.55
8511,3.63,3.57
8512,3.65,3.58
8513,3.67,3.60
8514,3.69,3.61
8515,3.70,3.61
8516,3.70,3.60
8517,3.69,3.59
8518,3.68,3.58
8520,3.66,3.56
8521,3.64,3.54
8522,3.62,3.53
8523,3.61,3.53
8524,3.61,3.53
8525,3.61,3.54
8526,3.62,3.55
8527,3.64,3.57
8529,3.65,3.58
8530,3.68,3.60
8531,3.69,3.60
8532,3.69,3.59
8534,3.68,3.58
8535,3.67,3.57
8536,3.66,3.56
8537,3.64,3.54
8539,3.62,3.53
8540,3.61,3.52
8541,3.60,3.52
8542,3.60,3.52
8543,3.60,3.53
8544,3.62,3.55
8545,3.63,3.56
8546,3.66,3.58
8548,3.68,3.59
8549,3.68,3.58
8550,3.68,3.58
8551,3.67,3.56
8552,3.65,3.55
8553,3.64,3.54
8554,3.62,3.52
8555,3.60,3.51
8557,3.60,3.51
8558,3.60,3.51
8559,3.60,3.52
8560,3.60,3.53
8561,3.62,3.55
8562,3.64,3.57
8563,3.66,3.58
8564,3.68,3.58
8566,3.68,3.58
8567,3.67,3.56
8568,3.66,3.55
8569,3.65,3.54
8570,3.63,3.53
8571,3.61,3.51
8572,3.60,3.51
8574,3.59,3.51
8576,3.59,3.51
8577,3.60,3.52
8578,3.61,3.54
8579,3.63,3.56
8580,3.65,3.57
8581,3.67,3.58
8582,3.68,3.58
8584,3.68,3.57
8585,3.67,3.56
8586,3.65,3.55
8587,3.64,3.53
8588,3.62,3.52
8589,3.60,3.51
8590,3.60,3.51
8591,3.60,3.51
8593,3.60,3.52
8594,3.61,3.53
8595,3.62,3.55
8596,3.64,3.56
8597,3.67,3.58
8598,3.68,3.58
8599,3.68,3.57
8600,3.67,3.56
8602,3.66,3.55
8603,3.64,3.54
8604,3.63,3.52
8605,3.61,3.51
8606,3.60,3.51
8607,3.60,3.51
8608,3.60,3.51
8609,3.60,3.52
8611,3.62,3.54
8612,3.63,3.56
8613,3.66,3.57
8614,3.68,3.58
8615,3.68,3.57
8616,3.67,3.57
8617,3.66,3.55
8619,3.65,3.54
8621,3.63,3.53
8622,3.62,3.52
8623,3.60,3.51
8624,3.60,3.51
8625,3.60,3.51
8626,3.60,3.52
8627,3.61,3.53
8628,3.63,3.55
8630,3.65,3.57
8631,3.67,3.58
8632,3.68,3.58
8633,3.68,3.57
8634,3.67,3.56
8635,3.66,3.55
8636,3.64,3.54
8637,3.63,3.52
8639,3.61,3.51
8640,3.60,3.51
8641,3.60,3.51
8642,3.60,3.52
8643,3.61,3.53
8644,3.62,3.54
8645,3.64,3.56
8646,3.66,3.58
8648,3.68,3.58
8649,3.68,3.57
8650,3.68,3.56
8651,3.66,3.55
8652,3.65,3.54
8653,3.63,3.53
8654,3.62,3.51
8656,3.60,3.51
8657,3.60,3.51
8658,3.60,3.51
8659,3.60,3.52
8660,3.61,3.54
8662,3.63,3.55
8663,3.65,3.57
8664,3.67,3.58
8666,3.68,3.58
8667,3.68,3.57
8668,3.67,3.56
8669,3.66,3.55
8670,3.64,3.53
8671,3.62,3.52
8672,3.61,3.51
8673,3.60,3.51
8675,3.60,3.50
8676,3.60,3.52
8677,3.61,3.53
8678,3.62,3.55
8679,3.64,3.56
8680,3.67,3.57
8681,3.68,3.58
8682,3.68,3.57
8684,3.68,3.56
8685,3.66,3.55
8686,3.65,3.54
8687,3.63,3.52
8688,3.62,3.51
8689,3.60,3.51
8690,3.60,3.51
8691,3.60,3.51
8693,3.60,3.52
8694,3.62,3.54
8695,3.63,3.55
8696,3.66,3.57
8697,3.68,3.58
8698,3.68,3.57
8699,3.68,3.57
8700,3.67,3.56
8702,3.66,3.54
8704,3.64,3.53
8705,3.62,3.52
8706,3.61,3.51
8707,3.60,3.51
8708,3.60,3.51
8709,3.60,3.52
8710,3.61,3.53
8712,3.63,3.54
8713,3.65,3.56
8714,3.67,3.58
8715,3.68,3.58
8716,3.68,3.57
8717,3.68,3.56
8718,3.66,3.55
8719,3.65,3.54
8721,3.63,3.52
8722,3.62,3.51
8723,3.60,3.51
8724,3.60,3.51
8725,3.60,3.51
8726,3.61,3.52
8727,3.62,3.54
8728,3.64,3.55
8730,3.66,3.57
8731,3.68,3.58
8732,3.68,3.57
8733,3.68,3.57
8734,3.67,3.56
8735,3.66,3.54
8736,3.64,3.53
8737,3.62,3.52
8739,3.61,3.51
8740,3.60,3.51
8741,3.60,3.51
8742,3.60,3.52
8743,3.61,3.53
8744,3.63,3.55
8745,3.65,3.57
8747,3.67,3.58
8749,3.68,3.57
8750,3.68,3.57
8751,3.67,3.56
8752,3.66,3.55
8753,3.65,3.53
8754,3.63,3.52
8755,3.61,3.51
8756,3.60,3.51
8758,3.60,3.51
8759,3.60,3.51
8760,3.61,3.53
8761,3.62,3.54
8762,3.64,3.56
8763,3.66,3.57
8764,3.68,3.58
8765,3.68,3.57
8767,3.68,3.57
8768,3.67,3.55
8769,3.65,3.54
8770,3.64,3.53
8771,3.62,3.51
8772,3.61,3.51
8773,3.60,3.51
8775,3.60,3.51
8776,3.60,3.52
8777,3.61,3.53
8778,3.63,3.55
8779,3.65,3.57
8780,3.67,3.58
8781,3.68,3.58
8782,3.68,3.57
8784,3.67,3.56
8785,3.66,3.55
8786,3.65,3.53
8787,3.63,3.52
8788,3.61,3.51
8790,3.60,3.51
8791,3.60,3.51
8792,3.60,3.52
8794,3.61,3.53
8795,3.63,3.54
8796,3.64,3.56
8797,3.67,3.58
8798,3.68,3.58
8799,3.68,3.57
8800,3.68,3.56
8801,3.67,3.56
8803,3.65,3.54
8804,3.64,3.53
8805,3.62,3.51
8806,3.60,3.51
8807,3.60,3.51
8808,3.60,3.51
8809,3.61,3.52
8810,3.62,3.54
8812,3.64,3.55
8813,3.66,3.57
8814,3.68,3.58
8815,3.69,3.58
8816,3.68,3.57
8817,3.68,3.56
8818,3.66,3.55
8819,3.65,3.53
8821,3.63,3.52
8822,3.61,3.51
8823,3.60,3.51
8824,3.60,3.51
8825,3.60,3.52
8826,3.61,3.53
8827,3.63,3.55
8828,3.65,3.56
8830,3.67,3.58
8832,3.69,3.58
8833,3.69,3.57
8834,3.68,3.56
8835,3.67,3.55
8836,3.65,3.54
8837,3.64,3.53
8839,3.62,3.51
8840,3.61,3.51
8841,3.60,3.51
8842,3.61,3.51
8843,3.61,3.52
8844,3.62,3.54
8845,3.64,3.56
8846,3.67,3.57
8848,3.68,3.58
8849,3.69,3.58
8850,3.68,3.57
8851,3.68,3.56
8852,3.66,3.55
8853,3.65,3.53
8854,3.63,3.52
8855,3.61,3.51
8857,3.61,3.51
8858,3.61,3.51
8859,3.61,3.52
8860,3.62,3.54
8861,3.64,3.55
8862,3.66,3.57
8863,3.68,3.58
8864,3.69,3.58
8866,3.69,3.57
8867,3.68,3.56
8868,3.67,3.55
8869,3.65,3.54
8870,3.64,3.53
8871,3.62,3.51
8872,3.61,3.51
8875,3.61,3.51
8876,3.61,3.52
8877,3.61,3.53
8878,3.63,3.55
8879,3.65,3.56
8880,3.67,3.58
8881,3.69,3.58
8882,3.69,3.58
8884,3.69,3.57
8885,3.68,3.56
8886,3.66,3.55
8887,3.64,3.53
8888,3.63,3.52
8889,3.61,3.51
8890,3.61,3.51
8891,3.61,3.52
8893,3.61,3.53
8894,3.62,3.54
8895,3.64,3.56
8896,3.66,3.57
8897,3.68,3.58
8898,3.69,3.58
8899,3.69,3.57
8900,3.68,3.56
8902,3.67,3.55
8903,3.65,3.54
8904,3.64,3.52
8905,3.62,3.51
8906,3.61,3.51
8907,3.61,3.52
8908,3.61,3.52
8909,3.62,3.53
8911,3.64,3.55
8912,3.65,3.57
8913,3.68,3.58
8914,3.69,3.58
8915,3.69,3.58
8916,3.69,3.57
8918,3.68,3.56
8920,3.66,3.55
8921,3.64,3.53
8922,3.63,3.52
8923,3.61,3.52
8924,3.61,3.52
8925,3.61,3.52
8926,3.62,3.53
8927,3.63,3.55
8929,3.65,3.56
8930,3.67,3.58
8931,3.69,3.59
8932,3.70,3.58
8933,3.69,3.58
8934,3.68,3.56
8935,3.67,3.55
8936,3.65,3.54
8938,3.63,3.52
8939,3.62,3.52
8940,3.61,3.52
8941,3.61,3.52
8942,3.61,3.53
8943,3.62,3.54
8944,3.64,3.56
8945,3.66,3.57
8947,3.68,3.59
8948,3.70,3.59
8949,3.69,3.58
8950,3.69,3.57
8951,3.67,3.56
8952,3.66,3.54
8953,3.64,3.53
8954,3.62,3.52
8956,3.61,3.52
8957,3.61,3.52
8958,3.61,3.52
8960,3.62,3.54
8961,3.63,3.55
8962,3.65,3.57
8963,3.67,3.58
8965,3.69,3.59
8966,3.70,3.59
8967,3.69,3.57
8968,3.68,3.56
8969,3.67,3.55
8970,3.65,3.54
8971,3.63,3.52
8972,3.62,3.52
8974,3.61,3.52
8975,3.61,3.52
8976,3.61,3.53
8977,3.63,3.54
8978,3.64,3.56
8979,3.67,3.58
8980,3.69,3.59
8981,3.70,3.59
8983,3.70,3.58
8984,3.69,3.57
8985,3.67,3.56
8986,3.66,3.54
8987,3.64,3.53
8988,3.62,3.52
8989,3.61,3.52
8990,3.61,3.52
8992,3.61,3.53
8993,3.62,3.54
8994,3.64,3.55
8995,3.66,3.57
8996,3.68,3.59
8997,3.69,3.59
8998,3.70,3.59
8999,3.69,3.58
9001,3.68,3.56
9003,3.67,3.55
9004,3.65,3.54
9005,3.63,3.52
9006,3.61,3.52
9007,3.61,3.52
9008,3.61,3.52
9009,3.62,3.53
9011,3.63,3.55
9012,3.65,3.57
9013,3.67,3.58
9014,3.69,3.59
9015,3.70,3.59
9016,3.70,3.58
9017,3.69,3.57
9019,3.67,3.56
9020,3.66,3.55
9021,3.64,3.53
9022,3.62,3.52
9023,3.61,3.52
9024,3.61,3.52
9025,3.61,3.53
9026,3.63,3.54
9028,3.64,3.56
9029,3.66,3.58
9030,3.68,3.59
9031,3.70,3.59
9032,3.70,3.59
9033,3.69,3.58
9034,3.68,3.56
9035,3.66,3.55
9037,3.65,3.54
9038,3.63,3.52
9039,3.61,3.52
9040,3.61,3.52
9041,3.61,3.53
9042,3.62,3.54
9043,3.63,3.55
9044,3.65,3.57
9047,3.67,3.59
9048,3.69,3.59
9049,3.70,3.59
9050,3.69,3.58
9051,3.68,3.57
9052,3.67,3.56
9053,3.65,3.54
9054,3.64,3.53
9056,3.62,3.52
9057,3.61,3.52
9058,3.61,3.53
9059,3.62,3.53
9060,3.63,3.55
9061,3.64,3.56
9062,3.66,3.58
9063,3.69,3.59
9065,3.70,3.59
9066,3.70,3.59
9067,3.69,3.58
9068,3.68,3.56
9069,3.66,3.55
9070,3.64,3.54
9071,3.63,3.53
9072,3.61,3.52
9074,3.61,3.52
9075,3.61,3.53
9076,3.62,3.54
9077,3.63,3.56
9078,3.66,3.57
9079,3.68,3.60
9080,3.69,3.60
9082,3.70,3.59
9083,3.69,3.58
9084,3.68,3.57
9085,3.67,3.56
9086,3.65,3.54
9088,3.63,3.53
9089,3.62,3.52
9090,3.61,3.52
9092,3.61,3.53
9093,3.62,3.54
9094,3.63,3.55
9095,3.65,3.57
9096,3.67,3.59
9097,3.69,3.60
9098,3.70,3.59
9099,3.70,3.59
9101,3.69,3.58
9102,3.68,3.56
9103,3.66,3.55
9104,3.64,3.54
9105,3.62,3.52
9106,3.61,3.52
9107,3.61,3.53
9108,3.62,3.53
9110,3.62,3.54
9111,3.64,3.56
9112,3.66,3.58
9113,3.68,3.59
9114,3.70,3.60
9115,3.70,3.59
9116,3.70,3.58
9117,3.68,3.57
9119,3.67,3.56
9120,3.65,3.54
9121,3.63,3.53
9122,3.62,3.52
9123,3.62,3.52
9124,3.61,3.54
9125,3.62,3.54
9126,3.63,3.55
9128,3.65,3.57
9129,3.67,3.59
9131,3.69,3.60
9132,3.70,3.59
9133,3.70,3.59
9134,3.69,3.58
9135,3.67,3.56
9136,3.66,3.55
9138,3.64,3.54
9139,3.62,3.52
9140,3.62,3.52
9141,3.62,3.53
9142,3.62,3.53
9143,3.63,3.55
9144,3.64,3.56
9146,3.66,3.58
9147,3.69,3.60
9148,3.70,3.60
9149,3.70,3.59
9150,3.69,3.58
9151,3.68,3.57
9152,3.67,3.55
9153,3.65,3.54
9155,3.63,3.53
9156,3.62,3.52
9157,3.62,3.53
9158,3.62,3.53
9159,3.62,3.54
9160,3.64,3.56
9161,3.66,3.57
9162,3.68,3.59
9164,3.70,3.60
9165,3.70,3.59
9166,3.70,3.59
9167,3.69,3.57
9168,3.67,3.56
9169,3.66,3.55
9170,3.64,3.53
9171,3.62,3.53
9174,3.62,3.53
9175,3.62,3.53
9176,3.62,3.54
9177,3.63,3.55
9178,3.65,3.57
9179,3.67,3.58
9180,3.69,3.60
9181,3.70,3.60
9183,3.70,3.59
9184,3.69,3.58
9185,3.68,3.57
9186,3.67,3.55
9187,3.65,3.54
9188,3.63,3.53
9189,3.62,3.53
9191,3.62,3.52
9192,3.62,3.53
9193,3.62,3.54
9194,3.64,3.56
9195,3.66,3.58
9196,3.68,3.59
9197,3.70,3.60
9198,3.70,3.59
9200,3.70,3.58
9201,3.69,3.57
9202,3.67,3.56
9203,3.65,3.54
9204,3.64,3.53
9205,3.62,3.52
9206,3.62,3.53
9207,3.62,3.53
9209,3.62,3.54
9210,3.63,3.55
9211,3.65,3.57
9212,3.67,3.59
9213,3.70,3.60
9214,3.70,3.60
9216,3.70,3.59
9217,3.69,3.58
9219,3.68,3.56
9220,3.66,3.55
9221,3.65,3.54
9222,3.63,3.53
9223,3.62,3.53
9224,3.62,3.53
9225,3.62,3.53
9226,3.63,3.55
9228,3.64,3.56
9229,3.66,3.58
9230,3.69,3.59
9231,3.70,3.60
9232,3.70,3.59
9233,3.70,3.58
9234,3.69,3.57
9235,3.67,3.55
9237,3.65,3.54
9238,3.64,3.53
9239,3.62,3.52
9240,3.62,3.53
9241,3.62,3.53
9242,3.62,3.54
9243,3.64,3.55
9244,3.66,3.57
9246,3.68,3.59
9247,3.70,3.60
9248,3.70,3.59
9249,3.70,3.59
9250,3.69,3.58
9251,3.68,3.56
9252,3.66,3.55
9253,3.64,3.53
9255,3.63,3.52
9256,3.62,3.52
9257,3.62,3.53
9259,3.62,3.54
9260,3.63,3.55
9261,3.65,3.56
9262,3.67,3.58
9264,3.69,3.59
9265,3.70,3.60
9266,3.70,3.59
9267,3.70,3.58
9268,3.69,3.57
9269,3.67,3.56
9270,3.65,3.54
9271,3.63,3.53
9273,3.62,3.52
9274,3.62,3.53
9275,3.62,3.53
9276,3.63,3.54
9277,3.64,3.56
9278,3.66,3.57
9279,3.68,3.59
9280,3.70,3.60
9282,3.70,3.59
9283,3.70,3.58
9284,3.69,3.57
9285,3.68,3.56
9286,3.66,3.55
9287,3.64,3.53
9288,3.63,3.52
9289,3.62,3.53
9291,3.62,3.53
9292,3.62,3.54
9293,3.63,3.55
9294,3.65,3.57
9295,3.67,3.58
9296,3.70,3.60
9297,3.70,3.60
9298,3.70,3.59
9300,3.70,3.58
9302,3.69,3.57
9303,3.67,3.55
9304,3.65,3.54
9305,3.63,3.53
9306,3.62,3.52
9307,3.62,3.53
9308,3.62,3.53
9310,3.63,3.54
9311,3.64,3.56
9312,3.66,3.58
9313,3.69,3.59
9314,3.70,3.60
9315,3.70,3.59
9316,3.70,3.58
9317,3.70,3.57
9319,3.68,3.56
9320,3.66,3.55
9321,3.64,3.53
9322,3.63,3.52
9323,3.62,3.53
9324,3.62,3.53
9325,3.63,3.54
9326,3.64,3.55
9328,3.65,3.57
9329,3.68,3.59
9330,3.70,3.60
9331,3.71,3.60
9332,3.70,3.59
9333,3.70,3.57
9334,3.69,3.57
9335,3.67,3.55
9337,3.65,3.54
9338,3.63,3.53
9339,3.62,3.53
9340,3.62,3.53
9341,3.62,3.53
9342,3.63,3.55
9344,3.65,3.56
9345,3.67,3.58
9347,3.69,3.60
9348,3.70,3.60
9349,3.71,3.60
9350,3.70,3.59
9351,3.69,3.57
9352,3.68,3.56
9353,3.66,3.55
9354,3.64,3.53
9356,3.63,3.53
9357,3.62,3.53
9358,3.62,3.53
9359,3.63,3.54
9360,3.64,3.56
9361,3.66,3.57
9362,3.68,3.59
9364,3.70,3.60
9365,3.71,3.60
9366,3.70,3.59
9367,3.70,3.58
9368,3.68,3.57
9369,3.67,3.55
9370,3.65,3.54
9371,3.63,3.53
9373,3.62,3.53
9374,3.62,3.53
9375,3.63,3.54
9376,3.64,3.55
9377,3.65,3.57
9378,3.67,3.58
9379,3.70,3.60
9380,3.71,3.60
9382,3.71,3.59
9383,3.70,3.58
9384,3.69,3.57
9385,3.68,3.56
9387,3.66,3.55
9388,3.64,3.53
9389,3.63,3.53
9390,3.62,3.53
9392,3.63,3.53
9393,3.63,3.54
9394,3.64,3.56
9395,3.66,3.58
9396,3.69,3.59
9397,3.70,3.60
9398,3.71,3.59
9399,3.70,3.59
9401,3.70,3.57
9402,3.68,3.56
9403,3.67,3.55
9404,3.65,3.53
9405,3.63,3.53
9406,3.62,3.53
9407,3.62,3.53
9408,3.63,3.54
9410,3.64,3.55
9411,3.65,3.57
9412,3.68,3.58
9413,3.70,3.60
9414,3.71,3.59
9415,3.70,3.59
9416,3.70,3.58
9418,3.69,3.57
9419,3.67,3.56
9420,3.65,3.54
9421,3.63,3.53
9422,3.62,3.52
9423,3.62,3.53
9424,3.62,3.53
9425,3.63,3.54
9427,3.65,3.56
9428,3.67,3.58
9430,3.69,3.59
9431,3.70,3.60
9432,3.70,3.59
9433,3.70,3.58
9434,3.69,3.57
9435,3.68,3.56
9437,3.66,3.55
9438,3.64,3.53
9439,3.62,3.52
9440,3.62,3.53
9441,3.62,3.53
9442,3.63,3.54
9443,3.64,3.55
9444,3.66,3.57
9446,3.68,3.59
9447,3.70,3.60
9448,3.70,3.60
9449,3.70,3.59
9450,3.70,3.58
9451,3.68,3.56
9452,3.67,3.55
9453,3.65,3.54
9455,3.63,3.53
9456,3.62,3.53
9457,3.62,3.53
9458,3.62,3.53
9459,3.63,3.55
9460,3.65,3.56
9461,3.67,3.58
9463,3.69,3.59
9464,3.70,3.60
9465,3.70,3.59
9466,3.70,3.58
9467,3.69,3.57
9468,3.67,3.56
9469,3.66,3.54
9470,3.64,3.53
9473,3.62,3.53
9474,3.62,3.53
9475,3.62,3.53
9476,3.63,3.54
9477,3.64,3.56
9478,3.66,3.57
9479,3.68,3.59
9480,3.70,3.60
9482,3.70,3.59
9483,3.70,3.59
9484,3.69,3.58
9485,3.68,3.56
9486,3.66,3.55
9487,3.65,3.53
9488,3.63,3.53
9489,3.62,3.53
9491,3.62,3.53
9492,3.62,3.54
9493,3.63,3.55
9494,3.65,3.57
9495,3.67,3.58
9496,3.69,3.60
9497,3.70,3.60
9498,3.70,3.59
9500,3.70,3.58
9501,3.69,3.57
9502,3.67,3.56
9503,3.65,3.54
9504,3.63,3.53
9505,3.62,3.52
9506,3.62,3.53
9507,3.62,3.53
9509,3.63,3.54
9510,3.64,3.56
9511,3.66,3.57
9512,3.68,3.59
9513,3.70,3.60
9515,3.70,3.60
9516,3.70,3.59
9517,3.69,3.57
9519,3.68,3.56
9520,3.66,3.55
9521,3.64,3.53
9522,3.63,3.53
9523,3.62,3.53
9524,3.62,3.53
9525,3.62,3.54
9527,3.63,3.55
9528,3.65,3.57
9529,3.67,3.58
9530,3.70,3.60
9531,3.70,3.60
9532,3.70,3.59
9533,3.70,3.58
9534,3.69,3.57
9536,3.67,3.55
9537,3.65,3.54
9538,3.63,3.53
9539,3.62,3.53
9540,3.62,3.53
9541,3.62,3.54
9542,3.63,3.55
9543,3.64,3.56
9545,3.66,3.58
9546,3.69,3.59
9547,3.70,3.60
9548,3.70,3.59
9549,3.70,3.59
9550,3.69,3.57
9551,3.68,3.56
9552,3.66,3.55
9554,3.64,3.53
9555,3.63,3.53
9556,3.62,3.53
9558,3.62,3.53
9559,3.63,3.54
9560,3.64,3.56
9561,3.66,3.57
9562,3.68,3.59
9564,3.70,3.60
9565,3.71,3.60
9566,3.70,3.59
9567,3.70,3.58
9568,3.69,3.57
9569,3.67,3.55
9570,3.65,3.54
9571,3.63,3.52
9573,3.62,3.53
9574,3.62,3.53
9575,3.63,3.54
9576,3.63,3.55
9577,3.65,3.56
9578,3.67,3.58
9579,3.69,3.60
9581,3.70,3.60
9582,3.71,3.59
9583,3.70,3.58
9584,3.69,3.57
9585,3.68,3.56
9586,3.66,3.54
9587,3.64,3.53
9588,3.63,3.53
9590,3.62,3.53
9591,3.62,3.53
9592,3.63,3.54
9593,3.64,3.56
9594,3.66,3.58
9595,3.69,3.59
9596,3.70,3.60
9597,3.71,3.60
9600,3.70,3.59
9601,3.70,3.58
9602,3.68,3.57
9603,3.67,3.55
9604,3.65,3.54
9605,3.63,3.53
9606,3.62,3.53
9607,3.63,3.53
9609,3.63,3.54
9610,3.64,3.55
9611,3.66,3.57
9612,3.68,3.58
9613,3.70,3.60
9614,3.71,3.60
9615,3.71,3.59
9616,3.70,3.58
9618,3.69,3.57
9619,3.68,3.56
9620,3.66,3.55
9621,3.64,3.53
9622,3.63,3.53
9623,3.63,3.53
9624,3.63,3.54
9625,3.63,3.55
9627,3.65,3.56
9628,3.67,3.58
9629,3.69,3.60
9630,3.71,3.60
9631,3.71,3.60
9632,3.71,3.59
9633,3.70,3.58
9634,3.69,3.57
9636,3.67,3.55
9637,3.65,3.54
9638,3.63,3.53
9639,3.63,3.53
9640,3.63,3.53
9641,3.63,3.54
9643,3.64,3.56
9644,3.66,3.57
9646,3.68,3.59
9647,3.70,3.60
9648,3.71,3.60
9649,3.71,3.59
9650,3.70,3.59
9651,3.69,3.57
9652,3.68,3.56
9653,3.66,3.54
9655,3.64,3.53
9656,3.63,3.53
9657,3.63,3.53
9658,3.63,3.54
9659,3.64,3.55
9660,3.65,3.57
9661,3.67,3.58
9662,3.70,3.60
9664,3.71,3.60
9665,3.71,3.60
9666,3.71,3.59
9667,3.70,3.58
9668,3.69,3.57
9669,3.67,3.55
9670,3.65,3.54
9671,3.63,3.53
9673,3.63,3.53
9674,3.63,3.53
9675,3.64,3.54
9676,3.65,3.56
9677,3.66,3.57
9678,3.69,3.59
9679,3.70,3.60
9680,3.72,3.60
9682,3.71,3.60
9683,3.71,3.59
9684,3.70,3.57
9686,3.68,3.56
9687,3.66,3.55
9688,3.64,3.53
9689,3.63,3.53
9690,3.63,3.53
9692,3.63,3.54
9693,3.64,3.55
9694,3.66,3.57
9695,3.68,3.58
9696,3.70,3.60
9697,3.71,3.60
9698,3.72,3.60
9699,3.71,3.59
9701,3.70,3.58
9702,3.69,3.57
9703,3.67,3.55
9704,3.65,3.54
9705,3.63,3.53
9706,3.63,3.53
9707,3.63,3.54
9708,3.64,3.55
9710,3.65,3.56
9711,3.67,3.58
9712,3.69,3.60
9713,3.71,3.60
9714,3.72,3.60
9715,3.71,3.60
9716,3.70,3.58
9717,3.70,3.57
9719,3.68,3.56
9720,3.66,3.54
9721,3.64,3.54
9722,3.63,3.53
9723,3.63,3.53
9724,3.63,3.54
9725,3.64,3.55
9726,3.66,3.57
9729,3.68,3.58
9730,3.70,3.60
9731,3.71,3.60
9732,3.72,3.60
9733,3.71,3.59
9734,3.70,3.58
9735,3.68,3.56
9736,3.67,3.55
9738,3.65,3.53
9739,3.63,3.53
9740,3.63,3.53
9741,3.63,3.54
9742,3.63,3.55
9743,3.65,3.56
9744,3.67,3.58
9746,3.69,3.59
9747,3.71,3.60
9748,3.71,3.60
9749,3.71,3.59
9750,3.70,3.58
9751,3.69,3.57
9752,3.67,3.55
9753,3.66,3.54
9755,3.64,3.53
9756,3.63,3.53
9757,3.63,3.53
9758,3.63,3.54
9759,3.64,3.55
9760,3.66,3.57
9761,3.68,3.59
9762,3.70,3.60
9764,3.71,3.60
9765,3.71,3.60
9766,3.70,3.59
9767,3.70,3.57
9768,3.68,3.56
9769,3.66,3.55
9771,3.64,3.53
9772,3.63,3.53
9774,3.63,3.53
9775,3.63,3.53
9776,3.64,3.55
9777,3.65,3.56
9778,3.67,3.58
9779,3.69,3.60
9780,3.71,3.60
9781,3.71,3.60
9783,3.71,3.59
9784,3.70,3.58
9785,3.69,3.57
9786,3.67,3.55
9787,3.65,3.54
9788,3.63,3.53
9789,3.63,3.53
9790,3.63,3.53
9792,3.63,3.54
9793,3.64,3.55
9794,3.66,3.57
9795,3.68,3.59
9796,3.70,3.60
9797,3.71,3.60
9798,3.71,3.59
9799,3.70,3.58
9801,3.69,3.57
9802,3.68,3.56
9803,3.66,3.54
9804,3.64,3.53
9805,3.63,3.53
9806,3.63,3.53
9807,3.63,3.54
9809,3.64,3.55
9810,3.65,3.56
9811,3.67,3.58
9812,3.70,3.60
9814,3.71,3.60
9815,3.71,3.60
9816,3.71,3.59
9817,3.70,3.58
9819,3.69,3.57
9820,3.67,3.55
9821,3.65,3.54
9822,3.63,3.53
9823,3.63,3.53
9824,3.63,3.53
9825,3.63,3.54
9826,3.65,3.56
9828,3.66,3.57
9829,3.69,3.59
9830,3.70,3.60
9831,3.71,3.60
9832,3.71,3.59
9833,3.70,3.59
9834,3.69,3.57
9835,3.68,3.56
9837,3.66,3.54
9838,3.64,3.53
9839,3.63,3.53
9840,3.63,3.53
9841,3.63,3.54
9842,3.64,3.55
9843,3.66,3.57
9844,3.68,3.58
9846,3.70,3.60
9847,3.71,3.60
9848,3.72,3.60
9849,3.71,3.59
9850,3.70,3.58
9851,3.69,3.56
9852,3.67,3.55
9853,3.65,3.54
9856,3.63,3.52
9857,3.63,3.53
9858,3.63,3.53
9859,3.64,3.55
9860,3.65,3.56
9861,3.67,3.58
9862,3.69,3.60
9863,3.71,3.61
9865,3.72,3.60
9866,3.71,3.59
9867,3.70,3.58
9868,3.70,3.57
9869,3.68,3.56
9870,3.66,3.54
9871,3.64,3.53
9872,3.63,3.53
9874,3.63,3.54
9875,3.64,3.54
9876,3.65,3.56
9877,3.66,3.57
9878,3.68,3.59
9879,3.70,3.60
9880,3.72,3.61
9881,3.72,3.60
9883,3.71,3.59
9884,3.70,3.58
9885,3.69,3.56
9886,3.67,3.55
9887,3.65,3.54
9888,3.64,3.53
9889,3.63,3.53
9890,3.64,3.54
9892,3.64,3.55
9893,3.65,3.57
9894,3.67,3.58
9895,3.70,3.60
9896,3.71,3.61
9897,3.72,3.60
9899,3.72,3.60
9900,3.71,3.58
9902,3.70,3.57
9903,3.68,3.56
9904,3.66,3.54
9905,3.64,3.53
9906,3.64,3.53
9907,3.64,3.54
9908,3.64,3.54
9909,3.65,3.56
9911,3.67,3.57
9912,3.69,3.59
9913,3.71,3.61
9914,3.72,3.61
9915,3.72,3.60
9916,3.71,3.59
9917,3.70,3.58
9918,3.69,3.56
9920,3.67,3.55
9921,3.65,3.54
9922,3.64,3.53
9923,3.64,3.54
9924,3.64,3.54
9925,3.65,3.55
9926,3.66,3.57
9928,3.68,3.58
9929,3.70,3.60
9930,3.72,3.61
9931,3.72,3.60
9932,3.72,3.60
9933,3.71,3.58
9934,3.70,3.57
9935,3.68,3.56
9937,3.66,3.54
9938,3.64,3.53
9939,3.64,3.54
9940,3.64,3.54
9942,3.64,3.55
9943,3.65,3.56
9944,3.67,3.58
9945,3.69,3.59
9947,3.71,3.61
9948,3.72,3.61
9949,3.72,3.60
9950,3.71,3.59
9951,3.70,3.58
9952,3.69,3.56
9953,3.67,3.55
9954,3.65,3.54
9956,3.64,3.53
9957,3.64,3.54
9958,3.64,3.54
9959,3.65,3.56
9960,3.67,3.57
9961,3.68,3.59
9962,3.70,3.60
9963,3.72,3.61
9965,3.73,3.60
9966,3.72,3.59
9967,3.71,3.58
9968,3.70,3.57
9969,3.68,3.55
9970,3.66,3.54
9971,3.64,3.53
9972,3.64,3.54
9974,3.64,3.54
9975,3.64,3.55
9976,3.66,3.57
9977,3.68,3.58
9978,3.70,3.60
9979,3.72,3.61
9980,3.73,3.61
9982,3.72,3.60
9984,3.71,3.59
9985,3.70,3.58
9986,3.68,3.56
9987,3.67,3.55
9988,3.65,3.53
9989,3.64,3.54
9990,3.64,3.54
9992,3.64,3.54
9993,3.65,3.56
9994,3.67,3.57
9995,3.69,3.59
9996,3.71,3.61
9997,3.72,3.61
9998,3.72,3.60
9999,3.72,3.59
10001,3.70,3.58
10002,3.69,3.57
10003,3.67,3.55
10004,3.65,3.54
10005,3.64,3.53
10006,3.64,3.54
10008,3.64,3.54
10009,3.65,3.56
10010,3.67,3.57
10011,3.69,3.59
10012,3.71,3.61
10014,3.72,3.61
10015,3.73,3.60
10016,3.72,3.59
10017,3.70,3.58
10018,3.69,3.57
10019,3.67,3.55
10021,3.65,3.54
10022,3.64,3.54
10023,3.64,3.54
10024,3.64,3.55
10025,3.65,3.56
10028,3.67,3.58
10029,3.70,3.60
10030,3.71,3.61
10031,3.73,3.61
10032,3.72,3.60
10033,3.71,3.59
10035,3.70,3.58
10036,3.69,3.56
10037,3.67,3.55
10038,3.65,3.54
10039,3.64,3.53
10040,3.64,3.54
10042,3.65,3.55
10043,3.66,3.56
10044,3.68,3.58
10045,3.70,3.60
10046,3.72,3.61
10048,3.73,3.61
10049,3.72,3.60
10050,3.71,3.59
10051,3.70,3.57
10052,3.68,3.56
10053,3.66,3.54
10055,3.64,3.53
10056,3.64,3.54
10057,3.64,3.54
10058,3.65,3.55
10059,3.66,3.57
10061,3.68,3.59
10062,3.70,3.60
10063,3.72,3.61
10064,3.73,3.61
10065,3.72,3.60
10066,3.71,3.58
10068,3.70,3.57
10070,3.68,3.56
10071,3.66,3.54
10072,3.64,3.54
10073,3.64,3.54
10074,3.64,3.55
10076,3.65,3.56
10077,3.67,3.57
10078,3.69,3.59
10079,3.71,3.61
10080,3.72,3.61
10082,3.73,3.61
10083,3.72,3.60
10084,3.71,3.58
10085,3.69,3.57
10086,3.68,3.55
10087,3.66,3.54
10089,3.64,3.54
10090,3.64,3.54
10091,3.64,3.54
10092,3.65,3.56
10093,3.67,3.58
10095,3.69,3.59
10096,3.71,3.61
10097,3.73,3.61
10098,3.73,3.60
10099,3.72,3.59
10100,3.70,3.58
10102,3.69,3.56
10103,3.67,3.55
10104,3.65,3.54
10105,3.64,3.54
10106,3.64,3.54
10108,3.64,3.55
10109,3.66,3.56
10110,3.68,3.58
10112,3.70,3.60
10113,3.72,3.61
10114,3.73,3.61
10116,3.73,3.60
10117,3.72,3.59
10118,3.70,3.58
10119,3.69,3.56
10120,3.67,3.54
10121,3.65,3.54
10123,3.64,3.54
10124,3.64,3.54
10125,3.65,3.55
10126,3.66,3.57
10127,3.68,3.58
10129,3.70,3.60
10130,3.72,3.61
10131,3.73,3.61
10132,3.73,3.60
10133,3.71,3.59
10134,3.70,3.57
10136,3.68,3.56
10137,3.66,3.54
10138,3.65,3.54
10139,3.64,3.54
10140,3.64,3.54
10142,3.65,3.55
10143,3.66,3.57
10144,3.68,3.59
10145,3.70,3.61
10146,3.73,3.61
10147,3.73,3.61
10149,3.72,3.60
10150,3.71,3.59
10151,3.70,3.57
10152,3.68,3.56
10153,3.66,3.54
10156,3.64,3.53
10157,3.64,3.54
10158,3.64,3.55
10159,3.65,3.56
10160,3.67,3.57
10161,3.69,3.59
10163,3.71,3.61
10164,3.73,3.61
10165,3.73,3.61
10166,3.72,3.59
10167,3.71,3.58
10168,3.70,3.57
10170,3.68,3.55
10171,3.66,3.54
10172,3.64,3.54
10173,3.64,3.54
10174,3.65,3.55
10176,3.66,3.56
10177,3.67,3.58
10178,3.69,3.60
10179,3.71,3.61
10180,3.73,3.61
10181,3.73,3.60
10183,3.72,3.59
10184,3.70,3.58
10185,3.69,3.56
10186,3.67,3.55
10187,3.65,3.54
10189,3.64,3.54
10190,3.64,3.54
10191,3.65,3.55
10192,3.66,3.56
10193,3.68,3.58
10194,3.70,3.60
10196,3.72,3.61
10198,3.73,3.61
10199,3.73,3.60
10200,3.71,3.59
10201,3.70,3.58
10202,3.69,3.56
10204,3.67,3.54
10205,3.65,3.54
10206,3.64,3.54
10207,3.64,3.54
10208,3.65,3.55
10210,3.66,3.57
10211,3.68,3.58
10212,3.70,3.60
10213,3.72,3.61
10214,3.73,3.61
10215,3.72,3.60
10217,3.71,3.59
10218,3.70,3.57
10219,3.68,3.56
10220,3.66,3.54
10221,3.64,3.53
10223,3.64,3.54
10224,3.64,3.54
10225,3.65,3.55
10226,3.66,3.57
10227,3.69,3.59
10228,3.70,3.60
10230,3.72,3.61
10231,3.73,3.61
10232,3.72,3.60
10233,3.71,3.58
10234,3.70,3.57
10236,3.68,3.55
10237,3.66,3.54
10238,3.64,3.54
10240,3.64,3.54
10241,3.64,3.54
10242,3.65,3.55
10244,3.67,3.57
10245,3.69,3.59
10246,3.71,3.61
10247,3.73,3.61
10248,3.73,3.60
10249,3.72,3.59
10251,3.71,3.58
10252,3.69,3.56
10253,3.67,3.55
10254,3.65,3.54
10255,3.64,3.53
10257,3.64,3.54
10258,3.64,3.55
10259,3.65,3.56
10260,3.67,3.58
10261,3.69,3.59
10262,3.71,3.61
10264,3.73,3.61
10265,3.73,3.60
10266,3.72,3.59
10267,3.70,3.58
10268,3.69,3.56
10270,3.67,3.55
10271,3.65,3.54
10272,3.64,3.54
10273,3.64,3.54
10274,3.65,3.55
10275,3.66,3.56
10277,3.68,3.58
10278,3.70,3.60
10279,3.72,3.61
10280,3.73,3.61
10281,3.73,3.60
10283,3.72,3.59
10285,3.70,3.58
10286,3.69,3.56
10287,3.67,3.54
10288,3.65,3.54
10289,3.64,3.54
10291,3.64,3.54
10292,3.65,3.55
10293,3.66,3.57
10294,3.68,3.59
10295,3.70,3.60
10296,3.72,3.61
10298,3.73,3.61
10299,3.73,3.60
10300,3.71,3.58
10301,3.70,3.57
10302,3.68,3.56
10304,3.66,3.54
10305,3.65,3.54
10306,3.64,3.54
10307,3.64,3.54
10308,3.65,3.55
10309,3.67,3.57
10311,3.69,3.59
10312,3.71,3.61
10313,3.73,3.61
10314,3.73,3.61
10315,3.73,3.60
10316,3.71,3.58
10318,3.70,3.57
10319,3.68,3.56
10320,3.66,3.54
10321,3.65,3.54
10322,3.65,3.55
10324,3.65,3.55
10326,3.66,3.56
10327,3.67,3.58
10328,3.70,3.59
10329,3.72,3.61
10330,3.73,3.61
10332,3.74,3.61
10333,3.73,3.60
10334,3.71,3.58
10335,3.70,3.57
10336,3.68,3.56
10338,3.66,3.54
10339,3.65,3.54
10340,3.65,3.54
10341,3.65,3.55
10342,3.66,3.56
10343,3.68,3.58
10345,3.70,3.60
10346,3.72,3.61
10347,3.74,3.62
10348,3.74,3.61
10349,3.73,3.60
10351,3.71,3.58
10352,3.70,3.57
10353,3.68,3.55
10354,3.66,3.54
10355,3.65,3.54
10356,3.65,3.55
10358,3.66,3.55
10359,3.67,3.57
10360,3.69,3.59
10361,3.71,3.61
10362,3.73,3.62
10364,3.74,3.62
10365,3.74,3.61
10366,3.73,3.60
10368,3.71,3.58
10369,3.70,3.57
10370,3.68,3.55
10372,3.66,3.54
10373,3.65,3.54
10374,3.66,3.55
10375,3.66,3.56
10376,3.67,3.58
10377,3.70,3.60
10379,3.72,3.61
10380,3.74,3.62
10381,3.75,3.62
10382,3.74,3.61
10383,3.73,3.59
10385,3.71,3.58
10386,3.70,3.57
10387,3.67,3.55
10388,3.66,3.54
10389,3.66,3.55
10390,3.66,3.55
10392,3.67,3.56
10393,3.68,3.58
10394,3.70,3.60
10395,3.72,3.62
10396,3.74,3.62
10398,3.75,3.62
10399,3.74,3.61
10400,3.73,3.59
10401,3.71,3.58
10402,3.69,3.56
10403,3.67,3.55
10405,3.66,3.54
10406,3.66,3.55
10407,3.66,3.56
10408,3.67,3.57
10409,3.69,3.58
10412,3.71,3.60
10413,3.73,3.62
10414,3.75,3.62
10415,3.75,3.62
10416,3.74,3.60
10417,3.72,3.59
10419,3.71,3.57
10420,3.69,3.56
10421,3.67,3.55
10422,3.66,3.55
10423,3.66,3.55
10424,3.66,3.56
10426,3.67,3.57
10427,3.69,3.59
10428,3.71,3.61
10429,3.73,3.62
10430,3.75,3.62
10432,3.75,3.61
10433,3.74,3.60
10434,3.72,3.59
10435,3.70,3.57
10436,3.69,3.56
10437,3.66,3.54
10439,3.66,3.54
10440,3.66,3.55
10441,3.66,3.56
10442,3.68,3.57
10443,3.70,3.59
10445,3.71,3.61
10446,3.74,3.62
10447,3.75,3.62
10448,3.74,3.61
10449,3.73,3.59
10450,3.71,3.59
10452,3.70,3.57
10454,3.68,3.55
10455,3.66,3.54
10456,3.66,3.54
10457,3.66,3.55
10459,3.66,3.56
10460,3.68,3.58
10461,3.70,3.59
10462,3.72,3.61
10463,3.74,3.62
10464,3.75,3.61
10466,3.74,3.60
10467,3.72,3.59
10468,3.71,3.58
10469,3.69,3.56
10470,3.67,3.55
10472,3.66,3.54
10473,3.65,3.55
10474,3.66,3.55
10475,3.67,3.56
10476,3.68,3.58
10477,3.70,3.60
10479,3.72,3.61
10480,3.74,3.62
10481,3.74,3.61
10482,3.73,3.60
10483,3.72,3.59
10484,3.70,3.57
10486,3.69,3.56
10487,3.67,3.54
10488,3.65,3.54
10489,3.65,3.54
10490,3.65,3.55
10492,3.67,3.56
10493,3.68,3.58
10494,3.70,3.60
10496,3.72,3.61
10497,3.74,3.61
10498,3.74,3.60
10500,3.73,3.59
10501,3.71,3.58
10502,3.70,3.56
10503,3.68,3.55
10504,3.66,3.54
10506,3.65,3.54
10507,3.65,3.54
10508,3.65,3.55
10509,3.66,3.56
10510,3.68,3.58
10511,3.70,3.60
10513,3.73,3.61
10514,3.73,3.61
10515,3.73,3.60
10516,3.72,3.59
10517,3.70,3.57
10518,3.69,3.56
10520,3.67,3.55
10521,3.65,3.53
10522,3.64,3.54
10523,3.65,3.54
10524,3.65,3.55
10526,3.66,3.56
10527,3.68,3.58
10528,3.70,3.60
10529,3.72,3.61
10530,3.73,3.60
10531,3.72,3.59
10533,3.71,3.58
10534,3.70,3.57
10535,3.68,3.55
10536,3.66,3.54
10537,3.64,3.53
10540,3.64,3.53
10541,3.64,3.54
10542,3.64,3.55
10543,3.66,3.56
10544,3.68,3.58
10545,3.70,3.60
10547,3.72,3.60
10548,3.72,3.60
10549,3.72,3.59
10550,3.70,3.58
10551,3.69,3.56
10552,3.67,3.55
10554,3.65,3.53
10555,3.64,3.53
10556,3.64,3.53
10557,3.64,3.53
10558,3.64,3.55
10560,3.66,3.56
10561,3.68,3.58
10562,3.70,3.59
10563,3.72,3.60
10564,3.72,3.59
10565,3.71,3.58
10567,3.70,3.57
10568,3.68,3.55
10569,3.66,3.54
10570,3.64,3.52
10571,3.63,3.52
10573,3.63,3.52
10574,3.63,3.53
10575,3.64,3.55
10576,3.66,3.56
10577,3.68,3.58
10578,3.70,3.59
10580,3.71,3.59
10582,3.71,3.59
10583,3.70,3.58
10584,3.69,3.57
10585,3.67,3.55
10586,3.65,3.53
10588,3.63,3.52
10589,3.62,3.52
10590,3.62,3.52
10591,3.63,3.53
10592,3.64,3.55
10594,3.66,3.56
10595,3.68,3.58
10596,3.70,3.59
10597,3.71,3.59
10598,3.70,3.58
10599,3.70,3.57
10601,3.68,3.56
10602,3.66,3.54
10603,3.64,3.53
10604,3.63,3.52
10605,3.62,3.52
10607,3.62,3.53
10608,3.63,3.54
10609,3.64,3.55
10610,3.66,3.57
10611,3.68,3.59
10612,3.70,3.59
10614,3.70,3.59
10615,3.70,3.58
10616,3.69,3.57
10617,3.68,3.55
10618,3.66,3.54
10619,3.64,3.52
10621,3.62,3.52
10622,3.62,3.52
10624,3.62,3.53
10625,3.62,3.54
10626,3.64,3.55
10628,3.66,3.57
10629,3.68,3.59
10630,3.70,3.59
10631,3.70,3.59
10632,3.70,3.58
10633,3.69,3.57
10635,3.67,3.55
10636,3.65,3.54
10637,3.63,3.52
10638,3.62,3.52
10639,3.62,3.52
10641,3.62,3.53
10642,3.63,3.54
10643,3.64,3.56
10644,3.66,3.57
10645,3.69,3.59
10646,3.70,3.59
10648,3.70,3.58
10649,3.70,3.58
10650,3.68,3.56
10651,3.67,3.55
10652,3.65,3.53
10654,3.63,3.52
10655,3.62,3.52
10656,3.62,3.52
10657,3.62,3.53
10658,3.63,3.54
10659,3.65,3.56
10661,3.67,3.58
10662,3.69,3.59
10663,3.70,3.59
10664,3.70,3.59
10665,3.69,3.57
10667,3.68,3.56
10669,3.66,3.55
10670,3.64,3.53
10671,3.62,3.52
10672,3.62,3.52
10673,3.62,3.52
10675,3.62,3.53
10676,3.63,3.54
10677,3.65,3.56
10678,3.67,3.58
10679,3.69,3.59
10680,3.70,3.59
10682,3.70,3.58
10683,3.69,3.57
10684,3.67,3.56
10685,3.65,3.54
10686,3.64,3.53
10688,3.62,3.52
10689,3.61,3.52
10690,3.61,3.52
10691,3.62,3.53
10692,3.63,3.55
10693,3.65,3.57
10695,3.67,3.59
10696,3.69,3.59
10697,3.70,3.59
10698,3.69,3.58
10699,3.68,3.57
10701,3.67,3.55
10702,3.65,3.54
10703,3.63,3.52
10704,3.62,3.52
10705,3.61,3.52
10706,3.61,3.53
10708,3.62,3.54
10710,3.63,3.55
10711,3.65,3.57
10712,3.68,3.59
10713,3.69,3.59
10715,3.70,3.59
10716,3.69,3.58
10717,3.68,3.57
10718,3.66,3.55
10719,3.64,3.54
10720,3.62,3.52
10722,3.61,3.52
10723,3.61,3.53
10724,3.61,3.53
10725,3.62,3.54
10726,3.64,3.56
10728,3.66,3.58
10729,3.68,3.59
10730,3.70,3.59
10731,3.70,3.58
10732,3.69,3.57
10733,3.67,3.56
10735,3.66,3.54
10736,3.64,3.53
10737,3.62,3.52
10738,3.61,3.52
10739,3.61,3.52
10740,3.61,3.53
10742,3.63,3.54
10743,3.64,3.56
10744,3.67,3.58
10745,3.69,3.59
10746,3.70,3.59
10748,3.69,3.58
10749,3.68,3.57
10750,3.67,3.56
10752,3.65,3.55
10753,3.63,3.53
10754,3.61,3.52
10756,3.61,3.52
10757,3.61,3.52
10758,3.61,3.53
10759,3.63,3.54
10760,3.65,3.56
10762,3.67,3.58
10763,3.69,3.58
10764,3.69,3.58
10765,3.69,3.57
10766,3.68,3.56
10767,3.66,3.54
10769,3.64,3.52
10770,3.62,3.51
10771,3.61,3.51
10772,3.60,3.51
10773,3.60,3.51
10774,3.61,3.52
10776,3.62,3.54
10777,3.65,3.56
10778,3.67,3.57
10779,3.69,3.57
10780,3.69,3.57
10782,3.68,3.56
10783,3.67,3.55
10784,3.66,3.53
10785,3.64,3.52
10786,3.62,3.50
10787,3.60,3.50
10789,3.60,3.51
10790,3.60,3.51
10791,3.61,3.52
10792,3.63,3.54
10793,3.65,3.56
10795,3.67,3.57
10797,3.69,3.58
10798,3.69,3.57
10799,3.69,3.56
10800,3.68,3.55
10801,3.66,3.54
10803,3.64,3.52
10804,3.62,3.51
10805,3.61,3.51
10806,3.61,3.51
10807,3.61,3.51
10808,3.62,3.53
10810,3.64,3.55
10811,3.66,3.57
10812,3.69,3.58
10813,3.70,3.58
10814,3.70,3.57
10816,3.69,3.57
10817,3.68,3.55
10818,3.66,3.54
10819,3.64,3.52
10820,3.62,3.51
10821,3.62,3.51
10823,3.62,3.52
10824,3.62,3.53
10825,3.63,3.54
10826,3.65,3.56
10827,3.68,3.58
10829,3.70,3.59
10830,3.70,3.59
10831,3.70,3.58
10832,3.70,3.57
10833,3.68,3.56
10834,3.66,3.54
10836,3.64,3.53
10838,3.63,3.52
10839,3.62,3.52
10840,3.62,3.52
10841,3.63,3.54
10843,3.64,3.55
10844,3.66,3.57
10845,3.69,3.59
10846,3.70,3.60
10847,3.71,3.59
10848,3.71,3.59
10850,3.70,3.57
10851,3.68,3.56
10852,3.67,3.55
10853,3.65,3.53
10854,3.63,3.53
10856,3.62,3.53
10857,3.63,3.53
10858,3.64,3.55
10859,3.65,3.56
10860,3.67,3.58
10861,3.70,3.60
10863,3.71,3.61
10864,3.72,3.60
10865,3.71,3.60
10866,3.70,3.58
10867,3.69,3.57
10868,3.67,3.55
10870,3.64,3.54
10871,3.63,3.53
10872,3.63,3.54
10873,3.63,3.54
10874,3.64,3.56
10876,3.66,3.58
10877,3.68,3.60
10878,3.70,3.61
10880,3.72,3.61
10881,3.72,3.61
10882,3.71,3.60
10884,3.70,3.58
10885,3.68,3.57
10886,3.66,3.55
10887,3.64,3.54
10888,3.63,3.54
10889,3.63,3.54
10891,3.64,3.55
10892,3.65,3.57
10893,3.67,3.59
10894,3.69,3.61
10895,3.71,3.63
10897,3.73,3.63
10898,3.73,3.62
10899,3.72,3.61
10900,3.70,3.60
10901,3.69,3.58
10902,3.67,3.56
10904,3.65,3.56
10905,3.65,3.56
10906,3.66,3.58
10907,3.68,3.59
10908,3.70,3.61
10910,3.73,3.63
10911,3.76,3.66
10912,3.79,3.68
10913,3.82,3.70
10914,3.85,3.72
10915,3.89,3.75
10917,3.91,3.77
10918,3.94,3.80
10919,3.98,3.82
10920,4.01,3.84
10921,4.04,3.87
10923,4.06,3.89
10925,4.09,3.91
10926,4.11,3.92
10927,4.14,3.94
10928,4.16,3.97
10929,4.18,3.99
10931,4.20,4.01
10932,4.23,4.03
10933,4.26,4.05
10934,4.28,4.08
10935,4.31,4.10
10936,4.33,4.13
10938,4.35,4.15
10939,4.38,4.17
10940,4.40,4.19
10941,4.41,4.21
10942,4.43,4.22
10944,4.44,4.23
10945,4.45,4.24
10946,4.46,4.25
10947,4.46,4.26
10948,4.46,4.27
10949,4.46,4.27
10951,4.46,4.28
10952,4.46,4.28
10953,4.46,4.28
10954,4.45,4.28
10955,4.44,4.28
10957,4.43,4.27
10958,4.43,4.27
10959,4.42,4.27
10960,4.40,4.27
10961,4.39,4.26
10962,4.38,4.26
10964,4.37,4.26
10966,4.36,4.26
10967,4.35,4.26
10968,4.34,4.26
10969,4.33,4.26
10971,4.32,4.25
10972,4.31,4.25
10973,4.30,4.25
10974,4.29,4.25
10975,4.29,4.25
10976,4.28,4.25
10978,4.27,4.25
10979,4.26,4.25
10980,4.25,4.25
10981,4.25,4.25
10982,4.24,4.25
10984,4.24,4.26
10985,4.23,4.26
10986,4.23,4.26
10987,4.23,4.26
10988,4.22,4.26
10989,4.22,4.27
10991,4.22,4.27
10992,4.22,4.27
10993,4.22,4.28
10994,4.21,4.28
10995,4.21,4.28
10997,4.21,4.28
10998,4.21,4.29
10999,4.21,4.29
11000,4.21,4.29
11001,4.21,4.30
11002,4.21,4.30
11004,4.22,4.31
11005,4.22,4.31
11006,4.22,4.31
11008,4.22,4.32
11009,4.22,4.32
11011,4.22,4.32
11012,4.22,4.33
11013,4.22,4.33
11014,4.22,4.33
11015,4.23,4.34
11016,4.22,4.34
11018,4.22,4.34
11019,4.23,4.35
11020,4.23,4.35
11021,4.23,4.35
11022,4.23,4.35
11024,4.23,4.35
11025,4.23,4.36
11026,4.23,4.36
11027,4.23,4.36
11028,4.23,4.37
11029,4.23,4.37
11031,4.23,4.37
11032,4.23,4.38
11033,4.23,4.38
11034,4.23,4.38
11035,4.23,4.38
11037,4.23,4.39
11038,4.23,4.39
11039,4.23,4.39
11040,4.23,4.40
11041,4.23,4.40
11042,4.23,4.40
11044,4.23,4.40
11045,4.23,4.40
11046,4.22,4.40
11047,4.22,4.41
11048,4.22,4.41
11049,4.22,4.41
11052,4.22,4.41
11053,4.22,4.41
11054,4.22,4.41
11055,4.22,4.42
11056,4.22,4.42
11058,4.22,4.42
11059,4.22,4.42
11060,4.22,4.43
11061,4.22,4.43
11062,4.22,4.43
11063,4.22,4.43
11065,4.22,4.43
11066,4.22,4.44
11067,4.22,4.44
11068,4.22,4.44
11069,4.22,4.44
11071,4.22,4.44
11072,4.22,4.44
11073,4.22,4.45
11074,4.22,4.45
11075,4.22,4.45
11076,4.22,4.45
11078,4.22,4.46
11079,4.22,4.46
11080,4.22,4.46
11081,4.22,4.46
11082,4.22,4.46
11084,4.22,4.47
11085,4.22,4.47
11086,4.22,4.47
11087,4.22,4.47
11088,4.22,4.48
11089,4.22,4.48
11091,4.22,4.48
11092,4.22,4.48
11094,4.22,4.48
11095,4.22,4.49
11096,4.22,4.49
11098,4.22,4.49
11099,4.21,4.49
11100,4.21,4.50
11101,4.21,4.50
11102,4.21,4.50
11103,4.21,4.50
11105,4.22,4.50
11106,4.22,4.51
11107,4.22,4.51
11108,4.22,4.51
11109,4.22,4.52
11111,4.22,4.52
11112,4.22,4.52
11113,4.22,4.53
11114,4.22,4.53
11115,4.21,4.53
11116,4.22,4.53
11118,4.22,4.53
11119,4.22,4.54
11120,4.21,4.54
11121,4.21,4.54
11122,4.21,4.55
11124,4.21,4.55
11125,4.21,4.55
11126,4.21,4.56
11127,4.21,4.56
11128,4.21,4.56
11129,4.21,4.57
11131,4.21,4.57
11132,4.21,4.57
11133,4.21,4.57
11134,4.21,4.57
11136,4.21,4.57
11138,4.21,4.58
11139,4.21,4.58
11140,4.21,4.58
11141,4.21,4.59
11142,4.21,4.59
11143,4.21,4.60
11145,4.20,4.60
11146,4.21,4.60
11147,4.20,4.61
11148,4.20,4.61
11149,4.20,4.61
11150,4.20,4.62
11152,4.20,4.62
11153,4.20,4.62
11154,4.20,4.63
11155,4.20,4.63
11156,4.20,4.64
11158,4.20,4.64
11159,4.20,4.65
11160,4.20,4.65
11161,4.20,4.66
11162,4.20,4.66
11163,4.20,4.67
11165,4.20,4.67
11166,4.20,4.68
11167,4.20,4.68
11168,4.20,4.69
11169,4.20,4.69
11170,4.20,4.69
11172,4.20,4.70
11173,4.20,4.71
11174,4.19,4.71
11175,4.20,4.72
11176,4.19,4.72
11179,4.20,4.73
11180,4.19,4.73
11181,4.19,4.74
11182,4.19,4.74
11183,4.19,4.75
11184,4.19,4.75
11186,4.19,4.75
11187,4.19,4.76
11188,4.19,4.76
11189,4.19,4.77
11190,4.19,4.77
11192,4.19,4.77
11193,4.19,4.78
11194,4.19,4.78
11195,4.19,4.78
11196,4.19,4.78
11197,4.18,4.79
11199,4.18,4.79
11200,4.19,4.79
11201,4.19,4.80
11202,4.18,4.80
11203,4.18,4.80
11205,4.18,4.81
11206,4.19,4.81
11207,4.19,4.81
11208,4.19,4.82
11209,4.19,4.82
11210,4.19,4.82
11212,4.19,4.83
11213,4.19,4.83
11214,4.19,4.83
11215,4.19,4.83
11216,4.19,4.84
11217,4.19,4.84
11219,4.19,4.84
11220,4.19,4.84
11222,4.19,4.85
11223,4.19,4.85
11224,4.19,4.85
11226,4.19,4.85
11227,4.19,4.86
11228,4.19,4.86
11229,4.19,4.86
11230,4.20,4.86
11231,4.20,4.86
11233,4.20,4.87
11234,4.20,4.87
11235,4.20,4.87
11236,4.20,4.87
11237,4.20,4.87
11238,4.20,4.88
11240,4.20,4.88
11241,4.20,4.88
11242,4.20,4.88
11243,4.20,4.88
11244,4.20,4.88
11246,4.21,4.88
11247,4.21,4.89
11248,4.21,4.89
11249,4.21,4.89
11250,4.21,4.89
11251,4.21,4.89
11253,4.21,4.89
11254,4.21,4.89
11255,4.21,4.89
11256,4.21,4.90
11257,4.21,4.90
11258,4.21,4.90
11260,4.21,4.90
11261,4.21,4.90
11262,4.21,4.90
11264,4.21,4.90
11265,4.21,4.90
11266,4.21,4.91
11268,4.21,4.90
11269,4.21,4.91
11270,4.22,4.91
11271,4.21,4.91
11272,4.22,4.91
11274,4.22,4.91
11275,4.22,4.91
11276,4.22,4.91
11277,4.22,4.91
11278,4.22,4.91
11279,4.22,4.91
11281,4.22,4.92
11282,4.22,4.92
11283,4.22,4.92
11284,4.22,4.92
11285,4.22,4.92
11287,4.22,4.92
11288,4.22,4.92
11289,4.22,4.92
11290,4.22,4.92
11291,4.22,4.92
11292,4.22,4.92
11294,4.22,4.92
11295,4.22,4.92
11296,4.22,4.92
11297,4.22,4.92
11298,4.22,4.92
11300,4.22,4.92
11301,4.22,4.93
11302,4.22,4.93
11303,4.22,4.93
11304,4.22,4.93
11305,4.22,4.93
11308,4.22,4.93
11309,4.22,4.93
11310,4.22,4.93
11311,4.22,4.93
11312,4.22,4.93
11314,4.22,4.93
11315,4.22,4.93
11316,4.22,4.93
11317,4.22,4.93
11318,4.22,4.93
11319,4.22,4.93
11321,4.22,4.93
11322,4.22,4.93
11323,4.22,4.93
11324,4.22,4.93
11325,4.22,4.93
11327,4.22,4.93
11328,4.23,4.93
11329,4.22,4.93
11330,4.22,4.93
11331,4.22,4.93
11332,4.22,4.93
11334,4.22,4.93
11335,4.22,4.94
11336,4.22,4.94
11337,4.22,4.94
11338,4.22,4.94
11340,4.22,4.94
11341,4.22,4.94
11342,4.22,4.94
11343,4.22,4.94
11344,4.22,4.94
11345,4.22,4.94
11347,4.22,4.94
11348,4.22,4.94
11350,4.22,4.94
11351,4.22,4.94
11352,4.22,4.94
11354,4.22,4.94
11355,4.22,4.94
11356,4.23,4.93
11357,4.23,4.94
11358,4.22,4.94
11360,4.22,4.94
11361,4.22,4.94
11362,4.23,4.94
11363,4.22,4.94
11364,4.22,4.94
11365,4.22,4.94
11367,4.22,4.94
11368,4.23,4.94
11369,4.23,4.94
11370,4.22,4.94
11371,4.23,4.94
11373,4.23,4.94
11374,4.23,4.94
11375,4.23,4.94
11376,4.23,4.94
11377,4.23,4.94
11378,4.23,4.94
11380,4.23,4.94
11381,4.23,4.94
11382,4.22,4.94
11383,4.23,4.94
11384,4.23,4.94
11386,4.23,4.93
11387,4.23,4.93
11388,4.23,4.93
11389,4.22,4.92
11390,4.22,4.92
11393,4.23,4.91
11394,4.22,4.91
11395,4.22,4.90
11396,4.22,4.90
11397,4.22,4.89
11398,4.22,4.88
11400,4.22,4.87
11401,4.22,4.86
11402,4.22,4.86
11403,4.21,4.85
11404,4.21,4.84
11405,4.21,4.83
11407,4.21,4.83
11408,4.21,4.82
11409,4.21,4.81
11410,4.20,4.80
11411,4.20,4.80
11413,4.20,4.79
11414,4.20,4.78
11415,4.19,4.78
11416,4.19,4.77
11417,4.19,4.76
11418,4.19,4.75
11420,4.19,4.74
11421,4.18,4.74
11422,4.18,4.73
11423,4.18,4.72
11424,4.18,4.71
11426,4.17,4.70
11427,4.17,4.70
11428,4.17,4.69
11429,4.16,4.68
11430,4.16,4.67
11431,4.16,4.67
11433,4.16,4.66
11435,4.16,4.65
11436,4.16,4.64
11437,4.15,4.64
11438,4.15,4.63
11439,4.15,4.62
11441,4.15,4.61
11442,4.15,4.60
11443,4.14,4.60
11444,4.14,4.59
11445,4.14,4.58
11447,4.14,4.58
11448,4.14,4.57
11449,4.14,4.57
11450,4.14,4.56
11451,4.14,4.55
11452,4.13,4.55
11454,4.13,4.54
11455,4.13,4.54
11456,4.13,4.53
11457,4.13,4.52
11458,4.13,4.52
11460,4.13,4.51
11461,4.13,4.51
11462,4.13,4.50
11463,4.13,4.50
11464,4.13,4.49
11465,4.13,4.49
11467,4.13,4.48
11468,4.13,4.48
11469,4.13,4.47
11470,4.13,4.47
11471,4.13,4.46
11473,4.13,4.46
11474,4.13,4.45
11475,4.13,4.45
11476,4.13,4.44
11478,4.13,4.44
11479,4.13,4.44
11481,4.13,4.43
11482,4.13,4.43
11483,4.13,4.42
11484,4.13,4.42
11485,4.13,4.41
11487,4.13,4.41
11488,4.13,4.41
11489,4.14,4.40
11490,4.14,4.40
11491,4.14,4.40
11492,4.14,4.39
11494,4.14,4.39
11495,4.14,4.39
11496,4.14,4.38
11497,4.14,4.38
11498,4.14,4.38
11500,4.14,4.37
11501,4.14,4.37
11502,4.14,4.36
11503,4.14,4.36
11504,4.14,4.36
11505,4.15,4.35
11507,4.15,4.35
11508,4.15,4.35
11509,4.14,4.35
11510,4.15,4.35
11511,4.15,4.35
11513,4.15,4.35
11514,4.15,4.34
11515,4.15,4.34
11516,4.15,4.34
11517,4.15,4.34
11518,4.15,4.33
11521,4.15,4.33
11522,4.15,4.33
11523,4.15,4.32
11524,4.15,4.32
11525,4.16,4.32
11527,4.15,4.32
11528,4.16,4.32
11529,4.16,4.32
11530,4.16,4.31
11531,4.16,4.31
11532,4.16,4.31
11534,4.16,4.31
11535,4.16,4.30
11536,4.16,4.30
11537,4.16,4.30
11538,4.16,4.30
11540,4.16,4.29
11541,4.16,4.29
11542,4.16,4.29
11543,4.16,4.29
11544,4.16,4.28
11545,4.17,4.28
11547,4.17,4.28
11548,4.17,4.28
11549,4.17,4.28
11550,4.17,4.27
11551,4.17,4.27
11553,4.17,4.27
11554,4.17,4.27
11555,4.17,4.26
11556,4.17,4.26
11557,4.17,4.26
11558,4.17,4.26
11560,4.17,4.25
11561,4.17,4.25
11563,4.17,4.25
11564,4.17,4.25
11565,4.17,4.24
11567,4.17,4.24
11568,4.17,4.24
11569,4.17,4.23
11570,4.17,4.23
11571,4.18,4.23
11572,4.17,4.23
11574,4.18,4.22
11575,4.18,4.22
11576,4.17,4.22
11577,4.18,4.22
11578,4.17,4.22
11580,4.17,4.22
11581,4.18,4.21
11582,4.18,4.21
11583,4.18,4.21
11584,4.17,4.20
11585,4.18,4.20
11587,4.18,4.20
11588,4.18,4.20
11589,4.18,4.19
11590,4.18,4.19
11591,4.18,4.19
11592,4.18,4.19
11594,4.18,4.19
11595,4.18,4.18
11596,4.18,4.18
11597,4.18,4.18
11598,4.18,4.18
11600,4.18,4.18
11601,4.18,4.18
11602,4.18,4.17
11603,4.18,4.17
11604,4.18,4.17
11606,4.18,4.17
11608,4.18,4.17
11609,4.18,4.17
11610,4.18,4.16
11611,4.18,4.16
11612,4.18,4.16
11614,4.18,4.16
11615,4.18,4.16
11616,4.18,4.16
11617,4.18,4.15
11618,4.18,4.15
11619,4.18,4.15
11621,4.18,4.15
11622,4.18,4.15
11623,4.18,4.14
11624,4.18,4.14
11625,4.18,4.14
11627,4.18,4.14
11628,4.18,4.14
11629,4.19,4.14
11630,4.18,4.14
11631,4.18,4.13
11632,4.18,4.13
11634,4.19,4.13
11635,4.19,4.13
11636,4.19,4.13
11637,4.19,4.13
11638,4.19,4.13
11640,4.19,4.13
11641,4.19,4.13
11642,4.19,4.13
11643,4.19,4.13
11644,4.19,4.13
11645,4.19,4.13
11648,4.19,4.13
11649,4.19,4.13
11650,4.19,4.13
11651,4.19,4.13
11652,4.19,4.12
11654,4.19,4.12
11655,4.19,4.12
11656,4.19,4.12
11657,4.19,4.12
11658,4.19,4.12
11659,4.19,4.12
11661,4.19,4.12
11662,4.19,4.11
11663,4.19,4.11
11664,4.19,4.11
11665,4.19,4.11
11667,4.19,4.11
11668,4.19,4.11
11669,4.19,4.10
11670,4.19,4.10
11671,4.19,4.10
11672,4.19,4.10
11674,4.19,4.10
11675,4.19,4.10
11676,4.19,4.10
11677,4.19,4.10
11678,4.19,4.10
11679,4.19,4.10
11681,4.19,4.09
11682,4.19,4.09
11683,4.19,4.09
11684,4.19,4.09
11685,4.19,4.09
11687,4.19,4.09
11688,4.19,4.09
11689,4.19,4.09
11691,4.19,4.08
11692,4.19,4.08
11693,4.19,4.08
11695,4.19,4.08
11696,4.19,4.08
11697,4.19,4.08
11698,4.19,4.08
11699,4.19,4.08
11700,4.19,4.08
11702,4.19,4.07
11703,4.20,4.07
11704,4.19,4.07
11705,4.19,4.07
11706,4.19,4.07
11707,4.19,4.07
11709,4.19,4.07
11710,4.19,4.07
11711,4.19,4.07
11712,4.19,4.07
11713,4.19,4.06
11715,4.19,4.06
11716,4.19,4.06
11717,4.19,4.06
11718,4.19,4.06
11719,4.19,4.06
11720,4.19,4.06
11722,4.19,4.06
11723,4.19,4.06
11724,4.19,4.06
11725,4.19,4.06
11726,4.19,4.06
11728,4.19,4.06
11729,4.19,4.06
11730,4.19,4.06
11731,4.19,4.06
11732,4.19,4.06
11734,4.19,4.05
11736,4.20,4.06
11737,4.20,4.05
11738,4.20,4.05
11739,4.20,4.05
11740,4.20,4.05
11741,4.20,4.05
11743,4.20,4.05
11744,4.20,4.05
11745,4.20,4.05
11746,4.20,4.05
11747,4.20,4.05
11748,4.20,4.05
11750,4.20,4.05
11751,4.20,4.05
11752,4.20,4.05
11753,4.20,4.05
11754,4.20,4.05
11755,4.20,4.05
11757,4.20,4.05
11758,4.20,4.05
11759,4.20,4.05
11760,4.20,4.05
11761,4.20,4.05
11762,4.20,4.05
11764,4.20,4.05
11765,4.20,4.05
11766,4.20,4.05
11767,4.20,4.05
11768,4.20,4.05
11769,4.20,4.05
11771,4.20,4.05
11772,4.20,4.05
11773,4.20,4.05
11774,4.20,4.05
11776,4.20,4.05
11777,4.20,4.05
11779,4.20,4.05
11780,4.20,4.05
11781,4.20,4.05
11782,4.20,4.06
11783,4.20,4.05
11784,4.20,4.06
11786,4.21,4.05
11787,4.20,4.05
11788,4.20,4.05
11789,4.20,4.05
11790,4.20,4.05
11791,4.20,4.05
11793,4.20,4.05
11794,4.20,4.05
11795,4.20,4.05
11796,4.20,4.06
11797,4.20,4.06
11798,4.20,4.06
11800,4.20,4.06
11801,4.20,4.06
11802,4.20,4.06
11803,4.20,4.06
11804,4.21,4.06
11806,4.21,4.06
11807,4.20,4.06
11808,4.20,4.06
11809,4.21,4.06
11810,4.21,4.06
11811,4.21,4.06
11813,4.21,4.06
11814,4.21,4.06
11815,4.21,4.06
11816,4.21,4.06
11817,4.21,4.06
11819,4.21,4.06
11821,4.21,4.06
11822,4.21,4.06
11823,4.21,4.06
11824,4.21,4.06
11825,4.21,4.06
11827,4.21,4.06
11828,4.21,4.06
11829,4.21,4.06
11830,4.21,4.06
11831,4.21,4.06
11832,4.21,4.06
11834,4.21,4.06
11835,4.21,4.06
11836,4.21,4.07
11837,4.21,4.07
11838,4.21,4.07
11839,4.21,4.07
11841,4.21,4.07
11842,4.21,4.07
11843,4.21,4.07
11844,4.21,4.07
11845,4.21,4.07
11847,4.21,4.07
11848,4.21,4.07
11849,4.21,4.07
11850,4.21,4.07
11851,4.21,4.07
11852,4.21,4.07
11854,4.21,4.07
11855,4.21,4.07
11856,4.21,4.07
11857,4.21,4.07
11858,4.21,4.07
11860,4.21,4.07
11862,4.21,4.07
11863,4.21,4.07
11864,4.21,4.07
11865,4.21,4.07
11866,4.21,4.07
11868,4.21,4.07
11869,4.21,4.07
11870,4.21,4.07
11871,4.21,4.07
11872,4.21,4.07
11873,4.21,4.07
11875,4.21,4.07
11876,4.21,4.07
11877,4.21,4.07
11878,4.21,4.07
11879,4.21,4.07
11881,4.21,4.07
11882,4.21,4.07
11883,4.21,4.07
11884,4.21,4.07
11885,4.21,4.07
11886,4.21,4.08
11888,4.21,4.08
11889,4.21,4.07
11890,4.21,4.08
11891,4.21,4.08
11892,4.21,4.08
11893,4.21,4.08
11895,4.21,4.08
11896,4.21,4.08
11897,4.21,4.08
11898,4.21,4.08
11899,4.21,4.08
11901,4.21,4.08
11902,4.21,4.08
11904,4.21,4.08
11905,4.21,4.08
11906,4.21,4.08
11907,4.21,4.08
11909,4.21,4.08
11910,4.21,4.08
11911,4.21,4.08
11912,4.21,4.08
11913,4.21,4.08
11914,4.21,4.08
11916,4.21,4.08
11917,4.21,4.08
11918,4.21,4.08
11919,4.21,4.08
11920,4.21,4.08
11921,4.21,4.08
11923,4.21,4.08
11924,4.21,4.08
11925,4.21,4.08
11926,4.21,4.08
11927,4.21,4.08
11929,4.21,4.08
11930,4.21,4.08
11931,4.21,4.08
11932,4.21,4.08
11933,4.21,4.08
11934,4.21,4.08
11936,4.21,4.08
11937,4.21,4.08
11938,4.21,4.08
11939,4.21,4.08
11940,4.21,4.08
11941,4.21,4.08
11943,4.21,4.08
11944,4.21,4.08
11945,4.21,4.09
11947,4.21,4.09
11948,4.21,4.09
11949,4.21,4.09
11951,4.21,4.09
11952,4.21,4.09
11953,4.21,4.09
11954,4.21,4.09
11955,4.21,4.09
11957,4.21,4.09
11958,4.21,4.09
11959,4.21,4.09
11960,4.21,4.09
11961,4.21,4.09
11963,4.21,4.09
11964,4.21,4.09
11965,4.21,4.09
11966,4.21,4.09
11967,4.21,4.09
11968,4.21,4.09
11970,4.21,4.09
11971,4.21,4.09
11972,4.21,4.09
11973,4.21,4.09
11974,4.21,4.09
11975,4.21,4.09
11977,4.21,4.09
11978,4.21,4.09
11979,4.21,4.09
11980,4.21,4.09
11981,4.21,4.09
11983,4.21,4.09
11984,4.21,4.09
11985,4.21,4.09
11986,4.21,4.09
11987,4.21,4.09
11988,4.21,4.09
11991,4.21,4.09
11992,4.21,4.09
11993,4.20,4.09
11994,4.20,4.09
11995,4.20,4.09
11996,4.21,4.09
11998,4.21,4.09
11999,4.21,4.09
12000,4.21,4.09
12001,4.21,4.09
12002,4.21,4.09
12003,4.21,4.10
12005,4.21,4.09
12006,4.21,4.09
12007,4.21,4.09
12008,4.21,4.10
12009,4.21,4.09
12010,4.20,4.10
12012,4.21,4.10
12013,4.21,4.10
12014,4.21,4.10
12015,4.21,4.10
12016,4.21,4.10
12018,4.21,4.10
12019,4.21,4.10
12020,4.21,4.10
12021,4.21,4.10
12022,4.21,4.10
12023,4.21,4.10
12025,4.21,4.10
12026,4.21,4.10
12027,4.21,4.10
12028,4.21,4.10
12029,4.21,4.10
12032,4.21,4.10
12033,4.21,4.10
12034,4.21,4.10
12035,4.21,4.10
12036,4.21,4.10
12037,4.21,4.10
12039,4.21,4.10
12040,4.21,4.10
12041,4.21,4.10
12042,4.20,4.10
12043,4.20,4.10
12044,4.21,4.10
12046,4.21,4.10
12047,4.21,4.10
12048,4.20,4.10
12049,4.20,4.10
12050,4.20,4.10
12052,4.21,4.10
12053,4.21,4.10
12054,4.21,4.10
12055,4.21,4.10
12056,4.21,4.10
12057,4.21,4.10
12059,4.21,4.10
12060,4.21,4.10
12061,4.20,4.10
12062,4.21,4.10
12063,4.21,4.10
12065,4.20,4.10
12066,4.21,4.10
12067,4.20,4.10
12068,4.20,4.10
12069,4.21,4.10
12070,4.21,4.10
12072,4.21,4.10
12073,4.20,4.10
12075,4.21,4.10
12076,4.20,4.10
12077,4.21,4.10
12078,4.20,4.10
12080,4.21,4.10
12081,4.20,4.10
12082,4.21,4.10
12083,4.20,4.10
12084,4.21,4.10
12085,4.21,4.10
12087,4.21,4.10
12088,4.21,4.10
12089,4.21,4.10
12090,4.21,4.10
12091,4.20,4.10
12092,4.21,4.10
12094,4.20,4.10
12095,4.21,4.10
12096,4.20,4.10
12097,4.21,4.10
12098,4.21,4.10
12100,4.20,4.10
12101,4.21,4.11
12102,4.21,4.11
12103,4.21,4.11
12104,4.21,4.11
12105,4.20,4.11
12107,4.21,4.11
12108,4.21,4.11
12109,4.20,4.11
12110,4.21,4.11
12111,4.20,4.11
12113,4.20,4.11
12114,4.20,4.11
12115,4.20,4.11
12116,4.20,4.11
12118,4.20,4.11
12119,4.20,4.11
12121,4.21,4.11
12122,4.21,4.11
12123,4.21,4.11
12124,4.21,4.11
12125,4.21,4.12
12127,4.21,4.11
12128,4.21,4.12
12129,4.21,4.12
12130,4.21,4.12
12131,4.21,4.12
12132,4.21,4.12
12134,4.21,4.12
12135,4.21,4.12
12136,4.21,4.12
12137,4.21,4.12
12138,4.21,4.12
12140,4.21,4.12
12141,4.21,4.12
12142,4.21,4.12
12143,4.21,4.12
12144,4.21,4.12
12146,4.21,4.12
12147,4.21,4.12
12148,4.21,4.12
12149,4.21,4.12
12150,4.21,4.12
12151,4.21,4.12
12153,4.21,4.12
12154,4.21,4.12
12155,4.21,4.12
12156,4.21,4.12
12157,4.21,4.12
12160,4.21,4.13
12161,4.21,4.13
12162,4.21,4.13
12163,4.21,4.13
12164,4.21,4.13
12166,4.21,4.13
12167,4.21,4.13
12168,4.21,4.13
12169,4.21,4.13
12170,4.21,4.13
12171,4.21,4.13
12173,4.21,4.13
12174,4.21,4.13
12175,4.21,4.13
12176,4.21,4.13
12177,4.21,4.13
12179,4.21,4.13
12180,4.21,4.13
12181,4.21,4.13
12182,4.21,4.13
12183,4.21,4.13
12185,4.21,4.13
12186,4.21,4.13
12187,4.21,4.13
12188,4.21,4.13
12189,4.21,4.13
12190,4.21,4.13
12192,4.21,4.13
12193,4.21,4.13
12194,4.21,4.13
12195,4.21,4.13
12196,4.21,4.13
12198,4.21,4.13
12199,4.21,4.13
12200,4.21,4.13
12201,4.21,4.13
12203,4.21,4.13
12204,4.21,4.13
12206,4.21,4.13
12207,4.21,4.13
12208,4.21,4.13
12209,4.21,4.13
12210,4.21,4.14
12211,4.21,4.14
12213,4.21,4.14
12214,4.21,4.14
12215,4.21,4.14
12216,4.21,4.14
12217,4.21,4.14
12219,4.21,4.14
12220,4.21,4.14
12221,4.21,4.14
12222,4.21,4.14
12223,4.21,4.14
12224,4.21,4.14
12226,4.21,4.14
12227,4.21,4.14
12228,4.21,4.14
12229,4.21,4.14
12230,4.21,4.14
12232,4.21,4.14
12233,4.21,4.14
12234,4.21,4.14
12235,4.21,4.14
12236,4.21,4.14
12237,4.21,4.14
12239,4.21,4.14
12240,4.21,4.14
12241,4.21,4.14
12242,4.21,4.14
12243,4.21,4.14
12246,4.21,4.14
12247,4.21,4.14
12248,4.21,4.15
12249,4.21,4.14
12250,4.21,4.15
12251,4.21,4.15
12253,4.21,4.15
12254,4.21,4.15
12255,4.21,4.15
12256,4.21,4.15
12257,4.21,4.15
12259,4.21,4.16
12260,4.21,4.16
12261,4.21,4.16
12262,4.21,4.16
12263,4.21,4.16
12264,4.21,4.16
12266,4.20,4.16
12267,4.20,4.17
12268,4.20,4.16
12269,4.20,4.17
12270,4.20,4.17
12271,4.20,4.17
12273,4.20,4.17
12274,4.20,4.17
12275,4.20,4.18
12276,4.21,4.18
12277,4.20,4.18
12278,4.20,4.18
12280,4.20,4.18
12281,4.20,4.18
12282,4.20,4.18
12283,4.20,4.18
12284,4.20,4.19
12286,4.20,4.19
12288,4.20,4.19
12289,4.20,4.19
12290,4.20,4.19
12291,4.20,4.19
12292,4.20,4.19
12294,4.20,4.19
12295,4.20,4.20
12296,4.20,4.20
12297,4.20,4.20
12298,4.20,4.20
12299,4.20,4.20
12301,4.20,4.20
12302,4.20,4.20
12303,4.20,4.20
12304,4.20,4.21
12305,4.20,4.21
12306,4.20,4.21
12308,4.20,4.21
12309,4.20,4.21
12310,4.20,4.21
12311,4.20,4.22
12312,4.20,4.22
12313,4.20,4.22
12315,4.19,4.22
12316,4.20,4.22
12317,4.20,4.22
12318,4.20,4.22
12319,4.20,4.23
12321,4.19,4.23
12322,4.20,4.23
12323,4.20,4.23
12324,4.20,4.23
12325,4.20,4.24
12326,4.19,4.24
12328,4.20,4.24
12329,4.19,4.24
12331,4.20,4.24
12332,4.19,4.25
12333,4.19,4.25
12334,4.19,4.25
12336,4.19,4.25
12337,4.19,4.25
12338,4.19,4.25
12339,4.20,4.25
12340,4.19,4.26
12342,4.19,4.26
12343,4.19,4.26
12344,4.19,4.26
12345,4.19,4.26
12346,4.19,4.27
12347,4.19,4.26
12349,4.19,4.27
12350,4.19,4.27
12351,4.19,4.27
12352,4.19,4.27
12353,4.19,4.27
12355,4.19,4.27
12356,4.20,4.27
12357,4.19,4.27
12358,4.20,4.28
12359,4.20,4.27
12360,4.19,4.27
12362,4.20,4.28
12363,4.19,4.28
12364,4.19,4.28
12365,4.20,4.28
12366,4.19,4.28
12368,4.19,4.28
12369,4.19,4.28
12370,4.19,4.28
12371,4.20,4.28
12372,4.20,4.29
12374,4.20,4.29
12376,4.20,4.29
12377,4.20,4.29
12378,4.20,4.29
12379,4.20,4.29
12380,4.20,4.29
12381,4.20,4.29
12383,4.19,4.29
12384,4.20,4.29
12385,4.20,4.30
12386,4.20,4.30
12387,4.20,4.30
12389,4.20,4.30
12390,4.20,4.30
12391,4.20,4.30
12392,4.20,4.30
12393,4.20,4.30
12394,4.20,4.30
12396,4.20,4.30
12397,4.20,4.30
12398,4.20,4.30
12399,4.20,4.31
12400,4.20,4.31
12401,4.20,4.31
12403,4.20,4.31
12404,4.20,4.31
12405,4.20,4.31
12406,4.20,4.31
12407,4.20,4.31
12409,4.20,4.31
12410,4.20,4.31
12411,4.20,4.31
12412,4.20,4.31
12413,4.20,4.31
12414,4.20,4.31
12417,4.20,4.31
12418,4.20,4.31
12419,4.20,4.31
12420,4.20,4.32
12421,4.20,4.32
12422,4.20,4.32
12424,4.20,4.32
12425,4.20,4.32
12426,4.20,4.32
12427,4.20,4.32
12428,4.20,4.32
12430,4.20,4.32
12431,4.20,4.32
12432,4.20,4.33
12433,4.20,4.32
12434,4.20,4.33
12435,4.20,4.33
12437,4.20,4.33
12438,4.20,4.33
12439,4.20,4.33
12440,4.20,4.34
12441,4.20,4.34
12443,4.20,4.34
12444,4.20,4.34
12445,4.20,4.34
12446,4.20,4.34
12447,4.20,4.34
12448,4.20,4.34
12450,4.20,4.34
12451,4.20,4.35
12452,4.20,4.35
12453,4.20,4.35
12454,4.20,4.35
12456,4.20,4.35
12457,4.20,4.35
12459,4.20,4.35
12460,4.20,4.35
12461,4.20,4.36
12462,4.20,4.36
12464,4.20,4.36
12465,4.20,4.36
12466,4.20,4.36
12467,4.20,4.36
12468,4.19,4.36
12469,4.20,4.36
12471,4.19,4.36
12472,4.20,4.37
12473,4.20,4.37
12474,4.20,4.37
12475,4.20,4.37
12476,4.20,4.37
12478,4.19,4.37
12479,4.19,4.38
12480,4.19,4.38
12481,4.19,4.38
12482,4.19,4.38
12484,4.19,4.38
12485,4.19,4.38
12486,4.19,4.38
12487,4.19,4.38
12488,4.19,4.39
12489,4.19,4.39
12491,4.19,4.39
12492,4.19,4.39
12493,4.19,4.39
12494,4.19,4.39
12495,4.19,4.40
12497,4.19,4.40
12498,4.19,4.40
12499,4.19,4.40
12500,4.19,4.40
12502,4.19,4.40
12503,4.19,4.41
12505,4.19,4.41
12506,4.19,4.41
12507,4.19,4.41
12508,4.19,4.41
12509,4.19,4.41
12510,4.19,4.42
12512,4.19,4.42
12513,4.19,4.42
12514,4.19,4.42
12515,4.19,4.42
12516,4.19,4.43
12518,4.19,4.43
12519,4.19,4.43
12520,4.19,4.43
12521,4.19,4.43
12522,4.19,4.43
12523,4.19,4.44
12525,4.19,4.44
12526,4.19,4.44
12527,4.19,4.44
12528,4.19,4.45
12529,4.19,4.45
12531,4.19,4.45
12532,4.19,4.45
12533,4.19,4.45
12534,4.19,4.46
12535,4.19,4.46
12536,4.19,4.46
12538,4.19,4.46
12539,4.19,4.46
12540,4.19,4.47
12541,4.19,4.47
12542,4.19,4.48
12545,4.19,4.48
12546,4.19,4.48
12547,4.19,4.48
12548,4.19,4.49
12549,4.19,4.49
12550,4.18,4.49
12552,4.18,4.49
12553,4.19,4.49
12554,4.19,4.50
12555,4.19,4.50
12556,4.18,4.50
12558,4.18,4.51
12559,4.18,4.51
12560,4.18,4.51
12561,4.18,4.51
12562,4.18,4.52
12563,4.18,4.52
12565,4.18,4.52
12566,4.18,4.52
12567,4.18,4.52
12568,4.18,4.53
12569,4.18,4.53
12571,4.18,4.53
12572,4.18,4.53
12573,4.18,4.54
12574,4.18,4.54
12575,4.18,4.54
12576,4.18,4.55
12578,4.18,4.55
12579,4.18,4.55
12580,4.18,4.55
12581,4.18,4.56
12582,4.18,4.56
12584,4.18,4.56
12585,4.18,4.56
12587,4.18,4.56
12588,4.18,4.57
12589,4.18,4.57
12591,4.18,4.57
12592,4.18,4.57
12593,4.18,4.57
12594,4.18,4.57
12595,4.18,4.58
12596,4.18,4.58
12598,4.18,4.58
12599,4.18,4.58
12600,4.18,4.58
12601,4.18,4.58
12602,4.18,4.58
12604,4.18,4.59
12605,4.18,4.59
12606,4.18,4.59
12607,4.18,4.59
12608,4.18,4.59
12609,4.18,4.59
12611,4.18,4.60
12612,4.18,4.60
12613,4.18,4.60
12614,4.18,4.60
12615,4.18,4.60
12616,4.18,4.60
12618,4.18,4.60
12619,4.18,4.60
12620,4.18,4.59
12621,4.19,4.59
12622,4.19,4.59
12624,4.19,4.59
12625,4.19,4.59
12626,4.19,4.59
12627,4.19,4.59
12628,4.19,4.59
12630,4.19,4.59
12632,4.19,4.58
12633,4.19,4.58
12634,4.19,4.58
12635,4.19,4.58
12636,4.19,4.57
12637,4.19,4.57
12639,4.19,4.57
12640,4.19,4.57
12641,4.19,4.57
12642,4.19,4.56
12643,4.19,4.56
12645,4.19,4.56
12646,4.19,4.56
12647,4.19,4.55
12648,4.19,4.55
12649,4.18,4.54
12651,4.18,4.54
12652,4.18,4.53
12653,4.18,4.53
12654,4.18,4.53
12655,4.18,4.52
12656,4.18,4.52
12658,4.18,4.51
12659,4.18,4.51
12660,4.18,4.50
12661,4.18,4.50
12662,4.17,4.49
12664,4.17,4.49
12665,4.17,4.48
12666,4.17,4.48
12667,4.17,4.47
12668,4.17,4.47
12669,4.17,4.46
12672,4.17,4.46
12673,4.16,4.45
12674,4.16,4.45
12675,4.16,4.44
12676,4.16,4.44
12678,4.16,4.43
12679,4.16,4.43
12680,4.16,4.43
12681,4.16,4.42
12682,4.16,4.42
12683,4.16,4.41
12685,4.15,4.41
12686,4.15,4.40
12687,4.15,4.40
12688,4.15,4.40
12689,4.15,4.39
12690,4.15,4.39
12692,4.15,4.39
12693,4.15,4.38
12694,4.15,4.38
12695,4.14,4.38
12696,4.14,4.38
12698,4.14,4.37
12699,4.15,4.37
12700,4.14,4.37
12701,4.14,4.36
12702,4.14,4.36
12703,4.14,4.36
12705,4.14,4.36
12706,4.14,4.35
12707,4.14,4.35
12708,4.14,4.35
12709,4.14,4.35
12711,4.14,4.35
12712,4.14,4.35
12713,4.14,4.35
12715,4.14,4.35
12716,4.15,4.35
12717,4.14,4.35
12719,4.15,4.35
12720,4.15,4.35
12721,4.15,4.35
12722,4.15,4.35
12723,4.15,4.35
12725,4.15,4.34
12726,4.15,4.34
12727,4.15,4.34
12728,4.15,4.34
12729,4.15,4.35
12731,4.15,4.34
12732,4.15,4.34
12733,4.16,4.34
12734,4.16,4.34
12735,4.16,4.34
12736,4.16,4.35
12738,4.16,4.35
12739,4.16,4.35
12740,4.16,4.35
12741,4.16,4.35
12742,4.16,4.35
12744,4.16,4.35
12745,4.16,4.35
12746,4.17,4.35
12747,4.17,4.35
12748,4.17,4.35
12750,4.17,4.35
12751,4.17,4.35
12752,4.17,4.35
12753,4.17,4.35
12754,4.17,4.35
12755,4.17,4.35
12758,4.17,4.35
12759,4.18,4.35
12760,4.18,4.35
12761,4.18,4.35
12762,4.18,4.35
12764,4.18,4.35
12765,4.18,4.35
12766,4.18,4.35
12767,4.18,4.35
12768,4.18,4.35
12769,4.18,4.36
12771,4.18,4.36
12772,4.19,4.36
12773,4.19,4.36
12774,4.18,4.36
12775,4.19,4.36
12777,4.19,4.36
12778,4.19,4.36
12779,4.19,4.36
12780,4.19,4.36
12781,4.19,4.36
12782,4.19,4.36
12784,4.19,4.36
12785,4.19,4.36
12786,4.19,4.36
12787,4.19,4.36
12788,4.19,4.36
12790,4.19,4.36
12791,4.19,4.36
12792,4.19,4.36
12793,4.19,4.37
12794,4.19,4.36
12795,4.19,4.36
12797,4.19,4.36
12798,4.19,4.37
12800,4.19,4.37
12801,4.19,4.37
12802,4.19,4.37
12803,4.20,4.37
12805,4.20,4.37
12806,4.20,4.37
12807,4.20,4.37
12808,4.20,4.37
12809,4.20,4.37
12811,4.19,4.37
12812,4.19,4.37
12813,4.19,4.37
12814,4.20,4.37
12815,4.20,4.37
12816,4.20,4.37
12818,4.20,4.37
12819,4.20,4.37
12820,4.20,4.37
12821,4.20,4.37
12822,4.20,4.37
12823,4.20,4.36
12825,4.20,4.36
12826,4.20,4.37
12827,4.20,4.37
12828,4.20,4.37
12829,4.20,4.37
12830,4.20,4.36
12832,4.20,4.36
12833,4.20,4.36
12834,4.20,4.36
12835,4.20,4.36
12836,4.20,4.36
12837,4.19,4.36
12839,4.20,4.36
12840,4.20,4.36
12841,4.20,4.36
12843,4.19,4.36
12844,4.19,4.36
12846,4.19,4.36
12847,4.19,4.36
12848,4.19,4.36
12849,4.19,4.36
12850,4.19,4.36
12851,4.19,4.36
12853,4.19,4.36
12854,4.19,4.36
12855,4.19,4.36
12856,4.19,4.36
12857,4.19,4.36
12859,4.19,4.36
12860,4.19,4.36
12861,4.19,4.36
12862,4.19,4.36
12863,4.19,4.36
12864,4.19,4.36
12866,4.19,4.36
12867,4.19,4.36
12868,4.19,4.36
12869,4.19,4.35
12870,4.19,4.36
12872,4.19,4.35
12873,4.19,4.35
12874,4.19,4.36
12875,4.19,4.35
12876,4.19,4.36
12877,4.19,4.35
12879,4.19,4.35
12880,4.19,4.36
12881,4.19,4.35
12882,4.19,4.36
12883,4.19,4.35
12884,4.19,4.35
12887,4.19,4.35
12888,4.19,4.36
12889,4.19,4.35
12890,4.19,4.35
12891,4.19,4.35
12893,4.19,4.35
12894,4.19,4.35
12895,4.19,4.35
12896,4.19,4.35
12897,4.19,4.35
12898,4.19,4.35
12900,4.19,4.35
12901,4.19,4.35
12902,4.19,4.35
12903,4.19,4.35
12904,4.19,4.35
12906,4.19,4.35
12907,4.19,4.35
12908,4.19,4.35
12909,4.19,4.35
12910,4.19,4.35
12911,4.19,4.35
12913,4.19,4.35
12914,4.19,4.35
12915,4.19,4.35
12916,4.19,4.35
12917,4.19,4.35
12919,4.19,4.35
12920,4.19,4.35
12921,4.19,4.35
12922,4.19,4.35
12923,4.19,4.35
12924,4.19,4.35
12926,4.19,4.35
12928,4.19,4.35
12929,4.19,4.35
12930,4.19,4.35
12931,4.19,4.35
12933,4.19,4.35
12934,4.19,4.35
12935,4.19,4.35
12936,4.19,4.35
12937,4.19,4.35
12938,4.19,4.35
12940,4.19,4.35
12941,4.19,4.35
12942,4.19,4.35
12943,4.19,4.35
12944,4.19,4.35
12945,4.19,4.35
12947,4.19,4.35
12948,4.19,4.35
12949,4.19,4.35
12950,4.19,4.35
12951,4.19,4.35
12953,4.19,4.35
12954,4.19,4.35
12955,4.19,4.35
12956,4.19,4.35
12957,4.19,4.35
12958,4.19,4.35
12960,4.19,4.36
12961,4.19,4.34
12962,4.17,4.31
12963,4.14,4.27
12964,4.10,4.22
12966,4.06,4.17
12967,4.01,4.13
12968,3.96,4.08
12969,3.92,4.05
12971,3.89,4.02
12972,3.87,4.00
12974,3.85,3.99
12975,3.84,3.99
12976,3.84,3.99
12977,3.84,3.99
12978,3.84,3.97
12979,3.82,3.94
12981,3.79,3.91
12982,3.75,3.87
12983,3.72,3.83
12984,3.68,3.79
12985,3.64,3.75
12987,3.62,3.73
12988,3.60,3.72
12989,3.59,3.71
12990,3.59,3.71
12991,3.59,3.72
12992,3.60,3.73
12994,3.62,3.73
12995,3.62,3.72
12996,3.61,3.70
12997,3.59,3.68
12998,3.57,3.66
13000,3.54,3.63
13001,3.52,3.60
13002,3.49,3.58
13003,3.48,3.57
13004,3.48,3.56
13005,3.48,3.57
13007,3.49,3.58
13008,3.50,3.59
13009,3.52,3.61
13010,3.55,3.62
13011,3.56,3.61
13012,3.55,3.60
13015,3.54,3.58
13016,3.53,3.56
13017,3.51,3.54
13018,3.49,3.52
13019,3.48,3.51
13021,3.47,3.51
13022,3.48,3.52
13023,3.48,3.53
13024,3.50,3.54
13025,3.52,3.56
13026,3.55,3.59
13028,3.57,3.59
13029,3.58,3.59
13030,3.58,3.58
13031,3.57,3.57
13032,3.56,3.55
13034,3.54,3.53
13035,3.53,3.52
13036,3.51,3.51
13037,3.52,3.51
13038,3.52,3.52
13039,3.53,3.54
13041,3.55,3.55
13042,3.58,3.58
13043,3.61,3.60
13044,3.63,3.60
13045,3.64,3.60
13046,3.63,3.59
13048,3.62,3.58
13049,3.61,3.56
13050,3.59,3.55
13051,3.58,3.53
13052,3.57,3.53
13054,3.57,3.53
13056,3.57,3.54
13057,3.59,3.56
13058,3.61,3.58
13059,3.63,3.60
13060,3.66,3.62
13062,3.67,3.62
13063,3.68,3.61
13064,3.67,3.60
13065,3.66,3.59
13066,3.64,3.57
13068,3.63,3.56
13069,3.61,3.55
13070,3.60,3.55
13071,3.60,3.55
13072,3.61,3.55
13073,3.62,3.57
13075,3.64,3.59
13076,3.66,3.61
13077,3.69,3.63
13078,3.70,3.63
13079,3.70,3.62
13081,3.69,3.61
13082,3.68,3.59
13083,3.66,3.58
13084,3.64,3.56
13085,3.63,3.55
13086,3.62,3.56
13088,3.62,3.56
13089,3.63,3.57
13090,3.64,3.58
13091,3.66,3.60
13092,3.69,3.62
13094,3.71,3.63
13095,3.72,3.63
13096,3.71,3.62
13097,3.70,3.61
13099,3.69,3.60
13100,3.67,3.58
13102,3.65,3.56
13103,3.64,3.56
13104,3.63,3.56
13105,3.63,3.56
13106,3.64,3.57
13107,3.65,3.59
13109,3.67,3.61
13110,3.70,3.63
13111,3.72,3.63
13112,3.72,3.63
13113,3.71,3.62
13115,3.70,3.61
13116,3.69,3.59
13117,3.67,3.57
13118,3.65,3.56
13119,3.63,3.55
13120,3.63,3.56
13122,3.63,3.56
13123,3.64,3.57
13124,3.66,3.59
13125,3.68,3.61
13126,3.70,3.63
13128,3.72,3.63
13129,3.72,3.62
13130,3.71,3.61
13131,3.70,3.60
13132,3.68,3.58
13133,3.66,3.57
13135,3.64,3.55
13136,3.63,3.56
13137,3.63,3.55
13138,3.63,3.56
13139,3.64,3.57
13142,3.66,3.59
13143,3.68,3.61
13144,3.70,3.62
13145,3.71,3.62
13146,3.72,3.62
13147,3.70,3.60
13149,3.69,3.59
13150,3.68,3.57
13151,3.66,3.56
13152,3.64,3.55
13153,3.63,3.54
13155,3.63,3.54
13156,3.63,3.55
13157,3.64,3.57
13158,3.65,3.58
13159,3.67,3.60
13160,3.70,3.61
13162,3.70,3.61
13163,3.70,3.60
13164,3.69,3.58
13165,3.68,3.57
13166,3.66,3.56
13167,3.64,3.54
13169,3.62,3.53
13170,3.61,3.53
13171,3.61,3.53
13172,3.61,3.54
13173,3.62,3.55
13175,3.64,3.57
13176,3.67,3.59
13177,3.69,3.59
13178,3.69,3.59
13179,3.69,3.58
13180,3.68,3.57
13182,3.66,3.55
13184,3.64,3.54
13185,3.62,3.52
13186,3.61,3.52
13187,3.60,3.52
13189,3.60,3.52
13190,3.61,3.53
13191,3.62,3.55
13192,3.64,3.56
13193,3.67,3.58
13194,3.68,3.59
13196,3.69,3.58
13197,3.68,3.57
13198,3.67,3.56
13199,3.65,3.54
13200,3.63,3.53
13201,3.62,3.52
13203,3.60,3.51
13204,3.60,3.51
13205,3.60,3.52
13206,3.61,3.53
13207,3.62,3.54
13209,3.64,3.56
13210,3.67,3.58
13211,3.68,3.58
13212,3.68,3.58
13213,3.68,3.56
13214,3.67,3.55
13216,3.65,3.54
13217,3.63,3.53
13218,3.61,3.51
13219,3.60,3.51
13220,3.60,3.51
13222,3.60,3.52
13223,3.61,3.53
13224,3.63,3.55
13225,3.65,3.56
13227,3.67,3.58
13228,3.69,3.58
13230,3.69,3.57
13231,3.68,3.56
13232,3.66,3.55
13233,3.65,3.53
13234,3.63,3.52
13235,3.61,3.51
13237,3.60,3.51
13238,3.60,3.51
13239,3.60,3.52
13240,3.62,3.53
13241,3.63,3.55
13243,3.66,3.57
13244,3.68,3.58
13245,3.69,3.58
13246,3.69,3.57
13247,3.68,3.56
13248,3.66,3.55
13250,3.65,3.53
13251,3.63,3.52
13252,3.61,3.51
13253,3.61,3.51
13254,3.60,3.51
13256,3.61,3.52
13257,3.62,3.54
13258,3.64,3.56
13259,3.66,3.57
13260,3.68,3.58
13261,3.69,3.58
13263,3.69,3.57
13264,3.68,3.56
13265,3.66,3.54
13266,3.64,3.53
13267,3.63,3.51
13268,3.61,3.51
13271,3.61,3.51
13272,3.61,3.52
13273,3.61,3.53
13274,3.63,3.54
13275,3.65,3.56
13277,3.67,3.57
13278,3.69,3.58
13279,3.69,3.58
13280,3.69,3.57
13281,3.68,3.55
13282,3.66,3.54
13284,3.64,3.53
13285,3.62,3.51
13286,3.61,3.51
13287,3.61,3.51
13288,3.61,3.52
13290,3.62,3.53
13291,3.63,3.55
13292,3.65,3.56
13293,3.68,3.58
13294,3.69,3.58
13295,3.69,3.57
13297,3.69,3.56
13298,3.67,3.55
13299,3.66,3.54
13300,3.64,3.52
13301,3.62,3.51
13303,3.61,3.51
13304,3.61,3.50
13305,3.61,3.52
13306,3.62,3.53
13307,3.64,3.55
13308,3.66,3.57
13310,3.68,3.58
13312,3.69,3.58
13313,3.69,3.57
13314,3.68,3.56
13315,3.67,3.55
13317,3.65,3.53
13318,3.64,3.52
13319,3.62,3.51
13320,3.61,3.51
13321,3.61,3.51
13322,3.61,3.52
13324,3.62,3.53
13325,3.64,3.55
13326,3.66,3.57
13327,3.69,3.58
13328,3.70,3.58
13329,3.69,3.57
13331,3.68,3.56
13332,3.67,3.55
13333,3.65,3.53
13334,3.63,3.52
13335,3.62,3.51
13337,3.61,3.51
13338,3.61,3.51
13339,3.61,3.53
13340,3.63,3.54
13341,3.65,3.56
13342,3.67,3.57
13344,3.69,3.58
13345,3.70,3.57
13346,3.69,3.57
13347,3.68,3.56
13348,3.67,3.54
13350,3.65,3.53
13351,3.63,3.51
13352,3.61,3.51
13353,3.61,3.51
13355,3.61,3.51
13356,3.62,3.52
13358,3.63,3.54
13359,3.65,3.56
13360,3.68,3.58
13361,3.69,3.58
13362,3.70,3.57
13364,3.69,3.56
13365,3.68,3.55
13366,3.66,3.54
13367,3.64,3.52
13368,3.62,3.51
13369,3.61,3.51
13371,3.61,3.51
13372,3.61,3.52
13373,3.62,3.53
13374,3.64,3.54
13375,3.66,3.56
13377,3.68,3.58
13378,3.70,3.58
13379,3.70,3.57
13380,3.69,3.56
13381,3.68,3.55
13382,3.66,3.53
13384,3.64,3.52
13385,3.62,3.51
13386,3.61,3.51
13387,3.61,3.51
13388,3.61,3.52
13389,3.62,3.53
13391,3.64,3.55
13392,3.66,3.57
13393,3.69,3.58
13394,3.70,3.58
13395,3.70,3.57
13398,3.69,3.56
13399,3.67,3.55
13400,3.66,3.53
13401,3.64,3.52
13402,3.62,3.51
13403,3.61,3.51
13405,3.61,3.51
13406,3.62,3.52
13407,3.63,3.54
13408,3.65,3.55
13409,3.67,3.57
13411,3.69,3.58
13412,3.70,3.58
13413,3.70,3.57
13414,3.68,3.55
13415,3.67,3.54
13416,3.65,3.53
13418,3.63,3.52
13419,3.62,3.51
13420,3.61,3.51
13421,3.61,3.51
13422,3.62,3.52
13424,3.63,3.54
13425,3.65,3.56
13426,3.67,3.57
13427,3.70,3.58
13428,3.70,3.57
13429,3.69,3.56
13431,3.68,3.56
13432,3.67,3.54
13433,3.65,3.53
13434,3.63,3.51
13435,3.62,3.51
13437,3.61,3.51
13438,3.61,3.51
13440,3.62,3.53
13441,3.64,3.54
13442,3.66,3.56
13443,3.68,3.58
13445,3.70,3.58
13446,3.70,3.57
13447,3.69,3.56
13448,3.68,3.55
13449,3.66,3.53
13450,3.65,3.52
13452,3.63,3.51
13453,3.62,3.51
13454,3.62,3.51
13455,3.61,3.52
13456,3.62,3.53
13458,3.64,3.55
13459,3.66,3.56
13460,3.69,3.58
13461,3.70,3.58
13462,3.70,3.57
13463,3.69,3.56
13465,3.68,3.55
13466,3.66,3.54
13467,3.64,3.52
13468,3.62,3.51
13469,3.62,3.51
13471,3.61,3.51
13472,3.61,3.53
13473,3.63,3.53
13474,3.65,3.55
13475,3.67,3.57
13476,3.69,3.58
13478,3.70,3.58
13479,3.70,3.57
13480,3.69,3.56
13481,3.67,3.55
13483,3.66,3.53
13485,3.63,3.51
13486,3.62,3.51
13487,3.61,3.51
13488,3.61,3.51
13489,3.62,3.52
13490,3.63,3.54
13492,3.65,3.55
13493,3.67,3.57
13494,3.69,3.58
13495,3.70,3.57
13496,3.70,3.57
13498,3.68,3.55
13499,3.67,3.54
13500,3.65,3.53
13501,3.63,3.51
13502,3.62,3.51
13503,3.61,3.51
13505,3.61,3.51
13506,3.62,3.52
13507,3.63,3.54
13508,3.65,3.56
13509,3.68,3.57
13510,3.70,3.58
13512,3.70,3.57
13513,3.69,3.56
13514,3.68,3.55
13515,3.67,3.54
13516,3.65,3.52
13518,3.63,3.51
13519,3.61,3.51
13520,3.61,3.51
13521,3.61,3.51
13522,3.62,3.53
13523,3.64,3.54
13526,3.66,3.56
13527,3.68,3.57
13528,3.70,3.58
13529,3.70,3.57
13530,3.69,3.56
13532,3.68,3.55
13533,3.66,3.54
13534,3.64,3.52
13535,3.62,3.51
13536,3.61,3.51
13537,3.61,3.51
13539,3.62,3.52
13540,3.62,3.53
13541,3.64,3.55
13542,3.66,3.56
13543,3.69,3.57
13545,3.70,3.57
13546,3.70,3.57
13547,3.69,3.56
13548,3.67,3.54
13549,3.66,3.53
13550,3.64,3.52
13552,3.62,3.51
13553,3.61,3.51
13554,3.61,3.51
13555,3.62,3.52
13556,3.63,3.53
13558,3.65,3.55
13559,3.67,3.57
13560,3.69,3.58
13561,3.70,3.57
13562,3.70,3.57
13563,3.69,3.55
13565,3.67,3.54
13566,3.65,3.53
13568,3.64,3.51
13569,3.62,3.51
13570,3.61,3.51
13571,3.61,3.51
13573,3.62,3.52
13574,3.63,3.54
13575,3.65,3.55
13576,3.67,3.57
13577,3.70,3.58
13579,3.70,3.57
13580,3.70,3.56
13581,3.68,3.55
13582,3.67,3.54
13583,3.65,3.53
13584,3.63,3.51
13586,3.62,3.51
13587,3.61,3.51
13588,3.61,3.52
13589,3.62,3.52
13590,3.64,3.54
13592,3.66,3.56
13593,3.68,3.57
13594,3.70,3.58
13595,3.70,3.57
13596,3.69,3.56
13597,3.68,3.55
13599,3.66,3.54
13600,3.65,3.52
13601,3.63,3.51
13602,3.62,3.51
13603,3.62,3.51
13605,3.61,3.52
13606,3.62,3.53
13607,3.64,3.54
13608,3.66,3.56
13609,3.68,3.57
13611,3.70,3.57
13613,3.70,3.57
13614,3.69,3.56
13615,3.68,3.55
13616,3.66,3.53
13617,3.64,3.52
13619,3.62,3.51
13620,3.62,3.51
13621,3.61,3.51
13622,3.62,3.51
13623,3.63,3.53
13624,3.64,3.55
13626,3.67,3.57
13627,3.69,3.58
13628,3.70,3.57
13629,3.70,3.57
13630,3.69,3.56
13631,3.67,3.55
13633,3.66,3.53
13634,3.64,3.52
13635,3.62,3.51
13636,3.62,3.51
13637,3.61,3.51
13639,3.62,3.52
13640,3.63,3.53
13641,3.65,3.55
13642,3.67,3.57
13643,3.69,3.58
13644,3.70,3.57
13646,3.70,3.57
13647,3.69,3.55
13648,3.67,3.54
13649,3.65,3.53
13650,3.63,3.51
13652,3.62,3.50
13654,3.61,3.51
13655,3.61,3.51
13656,3.62,3.52
13657,3.63,3.54
13658,3.65,3.55
13660,3.68,3.57
13661,3.70,3.58
13662,3.70,3.57
13663,3.70,3.57
13664,3.68,3.55
13665,3.67,3.54
13667,3.65,3.52
13668,3.63,3.51
13669,3.62,3.51
13670,3.62,3.51
13671,3.62,3.51
13673,3.62,3.53
13674,3.64,3.54
13675,3.66,3.56
13676,3.68,3.57
13677,3.70,3.58
13678,3.70,3.57
13680,3.69,3.56
13681,3.68,3.55
13682,3.66,3.54
13683,3.65,3.52
13684,3.63,3.51
13686,3.62,3.51
13687,3.62,3.51
13688,3.62,3.52
13689,3.63,3.53
13690,3.64,3.55
13691,3.66,3.56
13693,3.69,3.58
13694,3.70,3.58
13696,3.70,3.57
13697,3.69,3.56
13698,3.68,3.54
13700,3.66,3.53
13701,3.64,3.52
13702,3.62,3.51
13703,3.62,3.51
13704,3.61,3.51
13705,3.62,3.52
13707,3.63,3.53
13708,3.65,3.55
13709,3.67,3.57
13710,3.69,3.58
13711,3.70,3.58
13712,3.70,3.57
13714,3.69,3.56
13715,3.68,3.54
13716,3.66,3.53
13717,3.64,3.52
13718,3.62,3.51
13720,3.62,3.51
13721,3.62,3.51
13722,3.62,3.52
13723,3.63,3.54
13724,3.65,3.55
13725,3.68,3.57
13727,3.70,3.58
13728,3.70,3.57
13729,3.70,3.57
13730,3.69,3.55
13731,3.68,3.54
13733,3.66,3.53
13734,3.64,3.51
13735,3.62,3.51
13736,3.62,3.51
13737,3.62,3.51
13739,3.62,3.53
13741,3.64,3.54
13742,3.66,3.56
13743,3.68,3.57
13744,3.70,3.58
13745,3.70,3.57
13746,3.70,3.57
13748,3.69,3.55
13749,3.67,3.54
13750,3.65,3.52
13751,3.63,3.51
13752,3.62,3.51
13754,3.62,3.51
13755,3.62,3.51
13756,3.63,3.53
13757,3.64,3.54
13758,3.66,3.56
13759,3.69,3.58
13761,3.70,3.58
13762,3.70,3.57
13763,3.70,3.56
13764,3.68,3.55
13765,3.67,3.54
13767,3.65,3.52
13768,3.63,3.51
13769,3.62,3.51
13770,3.62,3.51
13771,3.62,3.52
13772,3.63,3.53
13774,3.65,3.55
13775,3.67,3.56
13776,3.69,3.58
13777,3.70,3.58
13778,3.70,3.57
13780,3.69,3.56
13782,3.68,3.55
13783,3.67,3.53
13784,3.65,3.52
13785,3.63,3.51
13786,3.62,3.51
13788,3.62,3.51
13789,3.62,3.52
13790,3.63,3.53
13791,3.65,3.55
13792,3.67,3.57
13793,3.70,3.58
13795,3.70,3.58
13796,3.70,3.57
13797,3.69,3.56
13798,3.68,3.55
13799,3.66,3.54
13801,3.64,3.52
13802,3.62,3.50
13803,3.62,3.51
13804,3.62,3.51
13805,3.62,3.52
13806,3.64,3.54
13808,3.66,3.55
13809,3.68,3.57
13810,3.70,3.58
13811,3.70,3.58
13812,3.70,3.57
13814,3.69,3.56
13815,3.68,3.54
13816,3.66,3.53
13817,3.64,3.51
13818,3.62,3.51
13819,3.62,3.50
13821,3.62,3.51
13822,3.63,3.53
13824,3.64,3.54
13825,3.66,3.56
13826,3.68,3.57
13827,3.70,3.58
13829,3.70,3.57
13830,3.70,3.56
13831,3.69,3.55
13832,3.67,3.54
13833,3.66,3.52
13835,3.64,3.51
13836,3.62,3.51
13837,3.62,3.51
13838,3.62,3.51
13839,3.63,3.53
13840,3.65,3.54
13842,3.67,3.56
13843,3.69,3.57
13844,3.70,3.58
13845,3.70,3.57
13846,3.70,3.56
13847,3.69,3.55
13849,3.67,3.54
13850,3.65,3.52
13851,3.63,3.51
13852,3.62,3.51
13853,3.62,3.51
13855,3.62,3.51
13856,3.63,3.53
13857,3.65,3.55
13858,3.67,3.56
13859,3.70,3.58
13860,3.70,3.58
13862,3.70,3.57
13863,3.70,3.56
13864,3.68,3.55
13865,3.67,3.53
13867,3.65,3.52
13869,3.63,3.51
13870,3.62,3.51
13871,3.62,3.51
13872,3.62,3.52
13873,3.63,3.54
13874,3.65,3.55
13876,3.68,3.57
13877,3.70,3.58
13878,3.70,3.58
13879,3.70,3.57
13880,3.69,3.56
13882,3.68,3.55
13883,3.66,3.53
13884,3.64,3.52
13885,3.63,3.51
13886,3.62,3.51
13887,3.62,3.51
13889,3.63,3.52
13890,3.64,3.53
13891,3.66,3.55
13892,3.68,3.57
13893,3.70,3.58
13894,3.70,3.57
13896,3.70,3.56
13897,3.69,3.55
13898,3.68,3.54
13899,3.66,3.53
13900,3.64,3.51
13902,3.62,3.51
13903,3.62,3.51
13904,3.62,3.51
13905,3.63,3.53
13906,3.64,3.54
13907,3.66,3.56
13910,3.69,3.57
13911,3.70,3.58
13912,3.70,3.57
13913,3.70,3.57
13914,3.69,3.55
13915,3.67,3.54
13917,3.66,3.52
13918,3.64,3.51
13919,3.62,3.50
13920,3.62,3.51
13921,3.62,3.51
13923,3.63,3.53
13924,3.65,3.54
13925,3.66,3.56
13926,3.69,3.57
13927,3.70,3.58
13928,3.70,3.57
13930,3.70,3.56
13931,3.69,3.55
13932,3.67,3.54
13933,3.65,3.52
13934,3.63,3.51
13936,3.62,3.50
13937,3.62,3.51
13938,3.62,3.52
13939,3.63,3.53
13940,3.65,3.55
13941,3.67,3.56
13943,3.70,3.58
13944,3.70,3.58
13945,3.70,3.57
13946,3.70,3.56
13947,3.68,3.55
13948,3.67,3.53
13950,3.65,3.52
13952,3.63,3.51
13953,3.62,3.51
13954,3.62,3.51
13955,3.63,3.52
13957,3.63,3.53
13958,3.65,3.55
13959,3.68,3.57
13960,3.70,3.58
13961,3.70,3.58
13962,3.70,3.57
13964,3.70,3.56
13965,3.68,3.54
13966,3.66,3.53
13967,3.65,3.52
13968,3.63,3.51
13970,3.62,3.51
13971,3.62,3.51
13972,3.62,3.52
13973,3.64,3.54
13974,3.66,3.55
13975,3.68,3.57
13977,3.70,3.58
13978,3.71,3.57
13979,3.70,3.57
13980,3.69,3.56
13981,3.68,3.54
13982,3.66,3.53
13984,3.64,3.51
13985,3.63,3.51
13986,3.62,3.51
13987,3.62,3.52
13988,3.63,3.52
13990,3.64,3.54
13991,3.66,3.56
13992,3.69,3.57
13993,3.70,3.58
13995,3.71,3.57
13996,3.70,3.56
13998,3.69,3.55
13999,3.68,3.54
14000,3.66,3.52
14001,3.64,3.51
14002,3.62,3.51
14004,3.62,3.51
14005,3.62,3.52
14006,3.63,3.53
14007,3.65,3.54
14008,3.67,3.56
14009,3.69,3.58
14011,3.70,3.58
14012,3.70,3.57
14013,3.70,3.56
14014,3.69,3.55
14015,3.67,3.54
14016,3.66,3.52
14018,3.63,3.51
14019,3.62,3.51
14020,3.62,3.51
14021,3.62,3.52
14022,3.63,3.53
14024,3.65,3.55
14025,3.67,3.57
14026,3.70,3.58
14027,3.71,3.58
14028,3.71,3.57
14029,3.70,3.56
14031,3.69,3.55
14032,3.67,3.53
14033,3.65,3.52
14034,3.63,3.51
14035,3.62,3.51
14038,3.62,3.51
14039,3.63,3.52
14040,3.64,3.53
14041,3.66,3.55
14042,3.68,3.57
14043,3.70,3.58
14045,3.71,3.57
14046,3.70,3.57
14047,3.70,3.56
14048,3.68,3.54
14049,3.66,3.53
14051,3.65,3.51
14052,3.63,3.51
14053,3.62,3.51
14054,3.62,3.51
14055,3.63,3.52
14056,3.64,3.54
14058,3.66,3.55
14059,3.68,3.57
14060,3.70,3.58
14061,3.71,3.57
14062,3.70,3.57
14063,3.70,3.55
14065,3.68,3.54
14066,3.66,3.53
14067,3.64,3.51
14068,3.63,3.51
14069,3.62,3.51
14071,3.62,3.51
14072,3.63,3.52
14073,3.64,3.54
14074,3.67,3.56
14075,3.69,3.58
14076,3.70,3.58
14078,3.71,3.57
14080,3.70,3.56
14081,3.69,3.55
14082,3.68,3.54
14083,3.66,3.52
14085,3.64,3.51
14086,3.63,3.51
14087,3.62,3.51
14088,3.62,3.51
14089,3.63,3.53
14090,3.65,3.54
14092,3.67,3.56
14093,3.70,3.58
14094,3.70,3.58
14095,3.71,3.57
14096,3.70,3.56
14097,3.69,3.55
14099,3.67,3.54
14100,3.65,3.52
14101,3.64,3.51
14102,3.62,3.51
14103,3.62,3.51
14105,3.62,3.52
14106,3.64,3.53
14107,3.65,3.55
14108,3.68,3.57
14109,3.70,3.58
14110,3.71,3.58
14112,3.71,3.57
14113,3.70,3.56
14114,3.69,3.55
14115,3.67,3.53
14116,3.65,3.52
14118,3.63,3.51
14119,3.62,3.51
14120,3.62,3.51
14121,3.63,3.52
14123,3.64,3.53
14124,3.66,3.55
14126,3.68,3.57
14127,3.70,3.58
14128,3.71,3.58
14129,3.70,3.57
14130,3.70,3.56
14131,3.68,3.54
14133,3.67,3.53
14134,3.65,3.51
14135,3.63,3.51
14136,3.62,3.51
14137,3.63,3.51
14139,3.63,3.52
14140,3.64,3.54
14141,3.66,3.55
14142,3.69,3.57
14143,3.70,3.58
14144,3.71,3.57
14146,3.70,3.57
14147,3.70,3.55
14148,3.68,3.54
14149,3.66,3.53
14150,3.64,3.51
14152,3.63,3.51
14153,3.62,3.51
14154,3.62,3.51
14155,3.63,3.52
14156,3.65,3.54
14157,3.67,3.56
14159,3.69,3.57
14160,3.70,3.58
14161,3.71,3.57
14162,3.70,3.56
14163,3.69,3.55
14164,3.68,3.54
14167,3.66,3.52
14168,3.64,3.51
14169,3.62,3.51
14170,3.62,3.51
14171,3.63,3.52
14173,3.63,3.53
14174,3.65,3.54
14175,3.67,3.56
14176,3.70,3.58
14177,3.71,3.58
14178,3.71,3.57
14180,3.70,3.56
14181,3.69,3.55
14182,3.67,3.54
14183,3.66,3.52
14184,3.63,3.51
14186,3.62,3.51
14187,3.62,3.51
14188,3.63,3.52
14189,3.64,3.53
14190,3.65,3.55
14191,3.68,3.57
14193,3.70,3.58
14194,3.71,3.58
14195,3.71,3.57
14196,3.70,3.56
14197,3.69,3.55
14199,3.67,3.53
14200,3.65,3.52
14201,3.63,3.51
14202,3.63,3.51
14203,3.62,3.51
14204,3.63,3.52
14206,3.64,3.54
14208,3.66,3.55
14209,3.68,3.56
14210,3.70,3.58
14211,3.71,3.58
14212,3.70,3.57
14214,3.70,3.56
14215,3.68,3.54
14216,3.67,3.53
14217,3.65,3.51
14218,3.63,3.51
14220,3.62,3.51
14221,3.62,3.51
14222,3.63,3.52
14223,3.64,3.54
14224,3.66,3.55
14225,3.69,3.57
14227,3.70,3.58
14228,3.71,3.57
14229,3.70,3.57
14230,3.70,3.55
14231,3.68,3.54
14233,3.66,3.53
14234,3.64,3.51
14235,3.63,3.51
14236,3.62,3.51
14237,3.62,3.51
14238,3.63,3.53
14240,3.65,3.54
14241,3.67,3.56
14242,3.69,3.57
14243,3.70,3.58
14244,3.71,3.57
14245,3.70,3.56
14247,3.69,3.55
14248,3.68,3.54
14249,3.66,3.52
14251,3.64,3.51
14252,3.62,3.51
14254,3.62,3.51
14255,3.63,3.51
14256,3.63,3.53
14257,3.65,3.54
14258,3.67,3.56
14259,3.70,3.58
14261,3.71,3.58
14262,3.71,3.57
14263,3.70,3.56
14264,3.69,3.55
14265,3.67,3.54
14267,3.65,3.52
14268,3.63,3.51
14269,3.62,3.51
14270,3.62,3.52
14271,3.63,3.52
14272,3.64,3.53
14274,3.66,3.55
14275,3.68,3.57
14276,3.70,3.58
14277,3.71,3.58
14278,3.70,3.57
14279,3.70,3.56
14281,3.69,3.55
14282,3.67,3.53
14283,3.65,3.52
14284,3.63,3.51
14285,3.62,3.51
14287,3.63,3.51
14288,3.63,3.52
14289,3.64,3.53
14290,3.66,3.54
14291,3.68,3.57
14292,3.70,3.58
14295,3.71,3.57
14296,3.71,3.57
14297,3.70,3.56
14298,3.68,3.54
14299,3.67,3.53
14301,3.65,3.51
14302,3.63,3.50
14303,3.62,3.51
14304,3.63,3.51
14305,3.63,3.52
14306,3.64,3.54
14308,3.66,3.56
14309,3.69,3.57
14310,3.70,3.58
14311,3.71,3.57
14312,3.70,3.56
14313,3.70,3.55
14315,3.68,3.54
14316,3.66,3.53
14317,3.64,3.51
14318,3.63,3.51
14319,3.62,3.51
14321,3.62,3.51
14322,3.63,3.53
14323,3.65,3.54
14324,3.67,3.56
14325,3.69,3.57
14326,3.71,3.58
14328,3.71,3.57
14329,3.70,3.56
14330,3.69,3.55
14331,3.68,3.54
14332,3.66,3.52
14334,3.64,3.51
14336,3.63,3.51
14337,3.62,3.51
14338,3.62,3.51
14339,3.63,3.53
14340,3.65,3.54
14342,3.67,3.56
14343,3.70,3.58
14344,3.71,3.58
14345,3.71,3.57
14346,3.70,3.56
14348,3.69,3.55
14349,3.67,3.53
14350,3.66,3.52
14351,3.63,3.51
14352,3.63,3.51
14353,3.62,3.51
14355,3.62,3.52
14356,3.64,3.53
14357,3.66,3.55
14358,3.68,3.57
14359,3.70,3.58
14360,3.71,3.58
14362,3.71,3.57
14363,3.70,3.56
14364,3.69,3.55
14365,3.67,3.53
14366,3.65,3.52
14368,3.63,3.51
14369,3.62,3.51
14370,3.63,3.51
14371,3.63,3.52
14372,3.64,3.53
14373,3.66,3.55
14375,3.68,3.57
14376,3.70,3.58
14377,3.71,3.58
14379,3.70,3.57
14380,3.70,3.55
14382,3.68,3.54
14383,3.67,3.53
14384,3.65,3.52
14385,3.63,3.51
14386,3.62,3.51
14387,3.63,3.51
14389,3.63,3.52
14390,3.64,3.54
14391,3.66,3.55
14392,3.69,3.57
14393,3.71,3.58
14394,3.71,3.57
14396,3.70,3.56
14397,3.70,3.55
14398,3.68,3.54
14399,3.66,3.52
14400,3.64,3.51
14402,3.63,3.51
14403,3.62,3.51
14404,3.63,3.51
14405,3.63,3.52
14406,3.65,3.54
14407,3.67,3.56
14409,3.69,3.57
14410,3.71,3.58
14411,3.71,3.57
14412,3.70,3.56
14413,3.69,3.55
14415,3.68,3.54
14416,3.66,3.52
14417,3.64,3.51
14418,3.62,3.51
14419,3.62,3.51
14420,3.63,3.52
14423,3.64,3.53
14424,3.65,3.54
14425,3.67,3.56
14426,3.70,3.58
14427,3.71,3.58
14429,3.71,3.57
14430,3.70,3.56
14431,3.69,3.55
14432,3.67,3.53
14433,3.66,3.52
14434,3.63,3.51
14436,3.62,3.51
14437,3.63,3.51
14438,3.63,3.52
14439,3.64,3.53
14440,3.66,3.55
14441,3.68,3.57
14443,3.70,3.58
14444,3.71,3.57
14445,3.71,3.57
14446,3.70,3.56
14447,3.69,3.54
14449,3.67,3.53
14450,3.65,3.52
14451,3.63,3.51
14452,3.63,3.51
14453,3.63,3.51
14454,3.63,3.52
14456,3.64,3.54
14457,3.66,3.55
14458,3.69,3.57
14459,3.70,3.58
14460,3.71,3.57
14462,3.71,3.57
14464,3.70,3.56
14465,3.68,3.54
14466,3.67,3.53
14467,3.65,3.51
14468,3.63,3.51
14470,3.63,3.51
14471,3.63,3.51
14472,3.63,3.52
14473,3.65,3.54
14474,3.67,3.56
14475,3.69,3.57
14477,3.70,3.58
14478,3.71,3.57
14479,3.70,3.56
14480,3.70,3.55
14481,3.68,3.54
14483,3.66,3.52
14484,3.64,3.51
14485,3.63,3.51
14486,3.63,3.51
14487,3.63,3.52
14488,3.63,3.53
14490,3.65,3.54
14491,3.67,3.56
14492,3.70,3.57
14493,3.71,3.57
14494,3.71,3.57
14496,3.70,3.56
14497,3.69,3.55
14498,3.68,3.53
14499,3.66,3.52
14500,3.64,3.51
14501,3.63,3.51
14503,3.63,3.51
14504,3.63,3.52
14505,3.64,3.53
14507,3.65,3.54
14508,3.68,3.56
14510,3.70,3.58
14511,3.71,3.58
14512,3.71,3.57
14513,3.70,3.56
14514,3.69,3.55
14515,3.67,3.53
14517,3.66,3.52
14518,3.64,3.51
14519,3.63,3.51
14520,3.63,3.51
14521,3.63,3.52
14522,3.64,3.53
14524,3.66,3.55
14525,3.68,3.57
14526,3.70,3.58
14527,3.71,3.58
14528,3.71,3.57
14530,3.70,3.56
14531,3.69,3.54
14532,3.67,3.53
14533,3.65,3.52
14534,3.63,3.51
14535,3.63,3.51
14537,3.63,3.51
14538,3.63,3.52
14539,3.64,3.53
14540,3.66,3.55
14541,3.69,3.57
14543,3.70,3.58
14544,3.71,3.57
14545,3.71,3.56
14546,3.70,3.55
14547,3.68,3.54
14548,3.67,3.53
14551,3.65,3.51
14552,3.63,3.51
14553,3.63,3.51
14554,3.63,3.51
14555,3.63,3.52
14556,3.65,3.54
14558,3.67,3.56
14559,3.69,3.57
14560,3.71,3.58
14561,3.71,3.57
14562,3.71,3.56
14564,3.70,3.55
14565,3.68,3.54
14566,3.66,3.53
14567,3.64,3.51
14568,3.63,3.51
14569,3.63,3.51
14571,3.63,3.51
14572,3.64,3.53
14573,3.65,3.54
14574,3.67,3.55
14575,3.70,3.57
14577,3.71,3.58
14578,3.71,3.57
14579,3.70,3.56
14580,3.69,3.55
14581,3.68,3.53
14582,3.66,3.52
14584,3.64,3.51
14585,3.63,3.51
14586,3.63,3.51
14587,3.63,3.52
14588,3.64,3.53
14590,3.65,3.54
14592,3.68,3.56
14593,3.70,3.57
14594,3.71,3.58
14595,3.71,3.57
14596,3.70,3.56
14598,3.69,3.55
14599,3.67,3.53
14600,3.65,3.52
14601,3.64,3.51
14602,3.63,3.51
14603,3.63,3.51
14605,3.63,3.52
14606,3.64,3.53
14607,3.66,3.55
14608,3.68,3.57
14609,3.70,3.57
14611,3.71,3.57
14612,3.71,3.57
14613,3.70,3.56
14614,3.69,3.54
14615,3.67,3.53
14616,3.65,3.52
14618,3.63,3.51
14619,3.63,3.51
14620,3.63,3.51
14621,3.63,3.52
14622,3.64,3.54
14624,3.66,3.55
14625,3.69,3.57
14626,3.71,3.57
14627,3.71,3.57
14628,3.71,3.56
14629,3.70,3.55
14631,3.68,3.54
14632,3.67,3.52
14633,3.65,3.51
14635,3.63,3.51
14636,3.63,3.51
14637,3.63,3.51
14639,3.63,3.52
14640,3.65,3.54
14641,3.67,3.56
14642,3.69,3.57
14643,3.71,3.58
14645,3.71,3.57
14646,3.71,3.56
14647,3.70,3.55
14648,3.68,3.54
14649,3.66,3.52
14650,3.64,3.51
14652,3.63,3.51
14653,3.63,3.51
14654,3.63,3.51
14655,3.64,3.53
14656,3.65,3.54
14658,3.67,3.56
14659,3.70,3.57
14660,3.71,3.58
14661,3.71,3.57
14662,3.70,3.56
14663,3.69,3.55
14665,3.68,3.54
14666,3.66,3.52
14667,3.64,3.51
14668,3.63,3.51
14669,3.63,3.51
14671,3.63,3.52
14672,3.64,3.53
14673,3.66,3.55
14674,3.68,3.56
14675,3.70,3.58
14676,3.71,3.58
14679,3.71,3.57
14680,3.70,3.56
14681,3.69,3.55
14682,3.67,3.53
14683,3.66,3.52
14684,3.63,3.51
14686,3.63,3.51
14687,3.63,3.51
14688,3.63,3.52
14689,3.64,3.53
14690,3.66,3.55
14692,3.68,3.57
14693,3.70,3.58
14694,3.71,3.58
14695,3.71,3.57
14696,3.70,3.56
14697,3.69,3.54
14699,3.67,3.53
14700,3.65,3.52
14701,3.63,3.51
14702,3.63,3.51
14703,3.63,3.51
14705,3.63,3.52
14706,3.65,3.54
14707,3.67,3.55
14708,3.69,3.57
14709,3.71,3.58
14710,3.71,3.57
14712,3.71,3.57
14713,3.70,3.55
14714,3.68,3.54
14715,3.67,3.53
14716,3.65,3.51
14717,3.63,3.51
14720,3.63,3.51
14721,3.63,3.51
14722,3.63,3.52
14723,3.65,3.54
14724,3.67,3.56
14726,3.70,3.57
14727,3.71,3.58
14728,3.71,3.57
14729,3.71,3.56
14730,3.70,3.55
14731,3.68,3.54
14733,3.66,3.52
14734,3.64,3.51
14735,3.63,3.51
14736,3.63,3.51
14737,3.63,3.51
14739,3.64,3.53
14740,3.65,3.54
14741,3.68,3.56
14742,3.70,3.57
14743,3.71,3.58
14744,3.71,3.57
14746,3.70,3.56
14747,3.69,3.55
14748,3.68,3.53
14749,3.66,3.52
14750,3.64,3.51
14752,3.63,3.51
14753,3.63,3.51
14754,3.63,3.52
14755,3.64,3.53
14756,3.66,3.55
14757,3.68,3.56
14759,3.70,3.58
14760,3.71,3.58
14761,3.71,3.57
14763,3.70,3.56
14764,3.69,3.54
14765,3.67,3.53
14767,3.65,3.51
14768,3.63,3.51
14769,3.63,3.51
14770,3.63,3.51
14771,3.63,3.52
14773,3.64,3.53
14774,3.66,3.55
14775,3.68,3.57
14776,3.70,3.58
14777,3.71,3.57
14778,3.71,3.57
14780,3.70,3.56
14781,3.69,3.54
14782,3.67,3.53
14783,3.65,3.51
14784,3.63,3.50
14786,3.63,3.51
14787,3.63,3.51
14788,3.63,3.52
14789,3.65,3.53
14790,3.66,3.55
14791,3.69,3.57
14793,3.71,3.58
14794,3.71,3.57
14795,3.71,3.56
14796,3.70,3.55
14797,3.68,3.54
14798,3.67,3.53
14800,3.65,3.51
14801,3.63,3.51
14802,3.63,3.51
14803,3.63,3.51
14804,3.63,3.52
14807,3.65,3.54
14808,3.67,3.56
14809,3.70,3.57
14810,3.71,3.58
14811,3.71,3.57
14812,3.70,3.56
14814,3.70,3.55
14815,3.68,3.53
14816,3.66,3.52
14817,3.64,3.51
14818,3.63,3.51
14820,3.63,3.51
14821,3.63,3.52
14822,3.64,3.53
14823,3.65,3.54
14824,3.68,3.56
14825,3.70,3.58
14827,3.71,3.58
14828,3.71,3.57
14829,3.70,3.56
14830,3.69,3.55
14831,3.68,3.53
14833,3.66,3.52
14834,3.64,3.51
14835,3.63,3.51
14836,3.63,3.51
14837,3.63,3.52
14838,3.64,3.53
14840,3.66,3.55
14841,3.68,3.56
14842,3.70,3.58
14843,3.71,3.58
14844,3.71,3.57
14845,3.70,3.56
14848,3.69,3.55
14849,3.67,3.53
14850,3.65,3.52
14851,3.64,3.51
14852,3.63,3.51
14854,3.63,3.51
14855,3.63,3.52
14856,3.64,3.54
14857,3.66,3.55
14858,3.69,3.57
14859,3.70,3.58
14861,3.71,3.57
14862,3.71,3.57
14863,3.70,3.56
14864,3.69,3.54
14865,3.67,3.53
14867,3.65,3.52
14868,3.63,3.51
14869,3.63,3.51
14870,3.63,3.51
14871,3.63,3.52
14872,3.65,3.54
14874,3.67,3.55
14875,3.69,3.57
14876,3.71,3.58
14877,3.71,3.57
14878,3.71,3.56
14880,3.70,3.55
14881,3.68,3.54
14882,3.66,3.52
14883,3.65,3.51
14884,3.63,3.51
14885,3.63,3.51
14887,3.63,3.51
14888,3.63,3.53
14889,3.65,3.54
14891,3.67,3.56
14892,3.70,3.57
14893,3.71,3.58
14895,3.71,3.57
14896,3.71,3.56
14897,3.70,3.55
14898,3.68,3.54
14899,3.66,3.52
14901,3.64,3.51
14902,3.63,3.51
14903,3.63,3.51
14904,3.63,3.52
14905,3.64,3.53
14906,3.65,3.54
14908,3.68,3.56
14909,3.70,3.58
14910,3.71,3.58
14911,3.71,3.57
14912,3.70,3.56
14914,3.69,3.55
14915,3.68,3.53
14916,3.66,3.52
14917,3.64,3.51
14918,3.63,3.51
14919,3.63,3.51
14921,3.63,3.52
14922,3.64,3.53
14923,3.66,3.55
14924,3.68,3.56
14925,3.70,3.58
14926,3.71,3.57
14928,3.71,3.56
14929,3.70,3.56
14930,3.69,3.54
14931,3.67,3.53
14932,3.65,3.52
14935,3.64,3.51
14936,3.63,3.51
14937,3.63,3.51
14938,3.63,3.52
14939,3.64,3.53
14940,3.66,3.55
14942,3.69,3.57
14943,3.71,3.58
14944,3.71,3.57
14945,3.71,3.56
14946,3.70,3.55
14948,3.69,3.54
14949,3.67,3.53
14950,3.65,3.51
14951,3.63,3.50
14952,3.63,3.50
14953,3.63,3.51
14955,3.63,3.52
14956,3.65,3.54
14957,3.67,3.56
14958,3.69,3.57
14959,3.71,3.58
14960,3.71,3.57
14962,3.71,3.57
14963,3.70,3.55
14964,3.68,3.54
14965,3.67,3.52
14966,3.65,3.51
14968,3.63,3.51
14969,3.63,3.51
14970,3.63,3.51
14971,3.64,3.53
14972,3.65,3.54
14973,3.67,3.56
14976,3.70,3.57
14977,3.71,3.58
14978,3.71,3.57
14979,3.71,3.56
14980,3.70,3.55
14982,3.68,3.53
14983,3.66,3.52
14984,3.64,3.51
14985,3.63,3.51
14986,3.63,3.51
14987,3.63,3.51
14989,3.64,3.53
14990,3.66,3.55
14991,3.68,3.56
14992,3.70,3.58
14993,3.71,3.57
14995,3.71,3.57
14996,3.70,3.56
14997,3.69,3.55
14998,3.67,3.53
14999,3.66,3.52
15000,3.64,3.51
15002,3.63,3.51
15003,3.63,3.51
15004,3.63,3.51
15005,3.64,3.53
15006,3.66,3.55
15007,3.68,3.56
15009,3.70,3.58
15010,3.71,3.57
15011,3.71,3.57
15012,3.70,3.56
15013,3.69,3.54
15015,3.67,3.53
15016,3.65,3.52
15017,3.63,3.51
15019,3.63,3.51
15020,3.63,3.51
15021,3.63,3.52
15023,3.64,3.53
15024,3.67,3.55
15025,3.69,3.57
15026,3.71,3.58
15027,3.71,3.57
15029,3.71,3.56
15030,3.70,3.55
15031,3.69,3.54
15032,3.67,3.53
15033,3.65,3.51
15034,3.63,3.51
15036,3.63,3.51
15037,3.63,3.51
15038,3.63,3.52
15039,3.65,3.54
15040,3.67,3.55
15042,3.69,3.57
15043,3.71,3.58
15044,3.71,3.57
15045,3.71,3.56
15046,3.70,3.55
15047,3.68,3.54
15049,3.66,3.52
15050,3.65,3.51
15051,3.63,3.51
15052,3.63,3.51
15053,3.63,3.51
15054,3.64,3.53
15056,3.65,3.54
15057,3.68,3.56
15058,3.70,3.57
15059,3.71,3.58
15060,3.71,3.57
15063,3.70,3.56
15064,3.70,3.55
15065,3.68,3.53
15066,3.66,3.52
15067,3.64,3.51
15068,3.63,3.51
15070,3.63,3.51
15071,3.63,3.52
15072,3.64,3.53
15073,3.66,3.54
15074,3.68,3.56
15076,3.70,3.57
15077,3.71,3.57
15078,3.71,3.57
15079,3.70,3.56
15080,3.69,3.54
15081,3.68,3.53
15083,3.66,3.52
15084,3.64,3.51
15085,3.63,3.50
15086,3.63,3.51
15087,3.63,3.52
15088,3.64,3.53
15090,3.66,3.55
15091,3.68,3.57
15092,3.70,3.58
15093,3.71,3.57
15094,3.71,3.56
15096,3.70,3.55
15097,3.69,3.54
15098,3.67,3.53
15099,3.65,3.51
15100,3.63,3.51
15101,3.63,3.51
15104,3.63,3.51
15105,3.63,3.52
15106,3.65,3.53
15107,3.67,3.55
15108,3.69,3.56
15110,3.71,3.57
15111,3.71,3.57
15112,3.71,3.56
15113,3.70,3.55
15114,3.69,3.54
15115,3.67,3.53
15117,3.65,3.51
15118,3.63,3.51
15119,3.63,3.51
15120,3.63,3.52
15121,3.64,3.52
15122,3.65,3.54
15124,3.67,3.55
15125,3.70,3.57
15126,3.71,3.57
15127,3.71,3.57
15128,3.71,3.56
15130,3.70,3.55
15131,3.68,3.54
15132,3.66,3.52
15133,3.65,3.51
15134,3.63,3.51
15135,3.63,3.51
15137,3.63,3.51
15138,3.64,3.52
15139,3.65,3.54
15140,3.68,3.56
15141,3.70,3.57
15143,3.71,3.57
15144,3.71,3.57
15145,3.71,3.56
15147,3.70,3.55
15148,3.68,3.53
15149,3.66,3.52
15151,3.64,3.50
15152,3.63,3.51
15153,3.63,3.51
15154,3.63,3.52
15155,3.64,3.53
15157,3.66,3.54
15158,3.68,3.56
15159,3.70,3.57
15160,3.71,3.57
15161,3.71,3.57
15162,3.70,3.56
15164,3.69,3.54
15165,3.68,3.53
15166,3.66,3.51
15167,3.64,3.51
15168,3.63,3.51
15169,3.63,3.51
15171,3.63,3.52
15172,3.64,3.53
15173,3.66,3.55
15174,3.69,3.56
15175,3.70,3.57
15177,3.71,3.57
15178,3.71,3.56
15179,3.70,3.55
15180,3.69,3.54
15181,3.67,3.53
15182,3.65,3.51
15184,3.63,3.50
15185,3.63,3.51
15186,3.63,3.51
15187,3.63,3.52
15188,3.65,3.53
15191,3.67,3.55
15192,3.69,3.57
15193,3.71,3.58
15194,3.71,3.57
15195,3.71,3.56
15196,3.70,3.55
15198,3.69,3.54
15199,3.67,3.52
15200,3.65,3.51
15201,3.63,3.50
15202,3.63,3.51
15203,3.63,3.51
15205,3.64,3.52
15206,3.65,3.54
15207,3.67,3.55
15208,3.70,3.57
15209,3.71,3.57
15211,3.72,3.57
15212,3.71,3.56
15213,3.70,3.55
15214,3.68,3.53
15215,3.67,3.52
15216,3.65,3.51
15218,3.63,3.50
15219,3.63,3.50
15220,3.63,3.51
15221,3.64,3.52
15222,3.66,3.53
15223,3.68,3.56
15225,3.70,3.57
15226,3.71,3.57
15227,3.71,3.56
15228,3.71,3.55
15229,3.70,3.54
15232,3.68,3.53
15233,3.66,3.51
15234,3.64,3.50
15235,3.63,3.50
15236,3.63,3.50
15237,3.63,3.51
15239,3.64,3.52
15240,3.66,3.54
15241,3.68,3.55
15242,3.70,3.57
15243,3.71,3.56
15245,3.71,3.55
15246,3.70,3.55
15247,3.69,3.53
15248,3.67,3.52
15249,3.65,3.51
15250,3.63,3.50
15252,3.62,3.50
15253,3.62,3.50
15254,3.63,3.51
15255,3.64,3.52
15256,3.66,3.54
15257,3.68,3.56
15259,3.70,3.57
15260,3.71,3.57
15261,3.71,3.56
15262,3.70,3.55
15263,3.69,3.54
15265,3.67,3.52
15266,3.65,3.51
15267,3.63,3.50
15268,3.62,3.50
15269,3.62,3.50
15270,3.63,3.51
15272,3.64,3.53
15273,3.66,3.54
15275,3.68,3.56
15276,3.70,3.57
15277,3.71,3.57
15278,3.70,3.56
15280,3.70,3.55
15281,3.68,3.54
15282,3.66,3.52
15283,3.64,3.51
15284,3.63,3.50
15286,3.62,3.50
15287,3.62,3.50
15288,3.63,3.51
15289,3.64,3.53
15290,3.66,3.55
15291,3.69,3.56
15293,3.70,3.57
15294,3.71,3.56
15295,3.70,3.55
15296,3.69,3.54
15297,3.68,3.53
15298,3.66,3.52
15300,3.64,3.50
15301,3.63,3.50
15302,3.62,3.50
15303,3.62,3.50
15304,3.63,3.52
15306,3.65,3.53
15307,3.66,3.55
15308,3.69,3.56
15309,3.70,3.57
15310,3.70,3.56
15311,3.70,3.55
15313,3.69,3.54
15314,3.67,3.53
15315,3.65,3.52
15316,3.63,3.50
15318,3.62,3.50
15319,3.62,3.50
15321,3.62,3.51
15322,3.63,3.52
15323,3.65,3.53
15324,3.67,3.55
15325,3.69,3.57
15327,3.70,3.57
15328,3.70,3.56
15329,3.70,3.55
15330,3.68,3.54
15331,3.67,3.52
15332,3.65,3.51
15334,3.63,3.50
15335,3.62,3.50
15336,3.62,3.50
15337,3.62,3.51
15338,3.63,3.52
15339,3.65,3.54
15341,3.67,3.56
15342,3.69,3.57
15343,3.70,3.57
15344,3.70,3.56
15345,3.69,3.55
15347,3.68,3.53
15348,3.66,3.52
15349,3.64,3.51
15350,3.63,3.50
15351,3.62,3.50
15352,3.62,3.50
15354,3.62,3.51
15355,3.63,3.52
15356,3.65,3.54
15357,3.67,3.56
15358,3.70,3.57
15361,3.70,3.57
15362,3.70,3.56
15363,3.69,3.55
15364,3.67,3.53
15365,3.66,3.52
15366,3.64,3.51
15368,3.62,3.50
15369,3.62,3.50
15370,3.62,3.50
15371,3.62,3.52
15372,3.63,3.53
15373,3.65,3.55
15375,3.68,3.56
15376,3.70,3.57
15377,3.70,3.56
15378,3.70,3.56
15379,3.69,3.54
15381,3.67,3.53
15382,3.65,3.52
15383,3.63,3.50
15384,3.62,3.50
15385,3.62,3.50
15386,3.62,3.51
15388,3.63,3.52
15389,3.64,3.53
15390,3.66,3.55
15391,3.69,3.57
15392,3.70,3.57
15393,3.70,3.56
15395,3.70,3.55
15396,3.69,3.54
15397,3.67,3.53
15398,3.65,3.52
15399,3.63,3.51
15401,3.62,3.50
15403,3.62,3.50
15404,3.62,3.51
15405,3.63,3.52
15406,3.65,3.54
15407,3.67,3.56
15409,3.69,3.56
15410,3.70,3.56
15411,3.69,3.55
15412,3.68,3.54
15413,3.66,3.53
15415,3.65,3.51
15416,3.63,3.50
15417,3.61,3.49
15418,3.60,3.49
15419,3.60,3.49
15420,3.60,3.49
15422,3.62,3.51
15423,3.64,3.53
15424,3.66,3.54
15425,3.68,3.55
15426,3.69,3.55
15427,3.68,3.54
15429,3.67,3.52
15430,3.66,3.51
15431,3.64,3.50
15432,3.62,3.49
15433,3.60,3.48
15435,3.60,3.48
15436,3.60,3.49
15437,3.60,3.49
15438,3.62,3.51
15439,3.64,3.53
15440,3.67,3.54
15442,3.69,3.55
15443,3.70,3.55
15444,3.69,3.54
15446,3.68,3.53
15447,3.66,3.51
15448,3.65,3.51
15450,3.63,3.49
15451,3.61,3.49
15452,3.61,3.49
15453,3.61,3.49
15454,3.62,3.51
15456,3.63,3.52
15457,3.66,3.54
15458,3.68,3.55
15459,3.70,3.56
15460,3.70,3.56
15461,3.70,3.55
15463,3.69,3.54
15464,3.68,3.52
15465,3.66,3.51
15466,3.64,3.50
15467,3.62,3.49
15469,3.62,3.50
15470,3.62,3.51
15471,3.63,3.52
15472,3.65,3.53
15473,3.67,3.55
15474,3.70,3.57
15476,3.71,3.57
15477,3.72,3.57
15478,3.71,3.56
15479,3.70,3.55
15480,3.68,3.54
15481,3.66,3.52
15483,3.64,3.51
15484,3.63,3.50
15485,3.63,3.51
15486,3.63,3.52
15488,3.64,3.53
15490,3.66,3.55
15491,3.69,3.57
15492,3.71,3.58
15493,3.72,3.59
15494,3.72,3.58
15495,3.72,3.57
15497,3.70,3.56
15498,3.69,3.55
15499,3.68,3.55
15500,3.68,3.56
15501,3.70,3.57
15503,3.72,3.59
15504,3.74,3.61
15505,3.78,3.63
15506,3.81,3.65
15507,3.84,3.67
15508,3.87,3.70
15510,3.90,3.71
