time_ms,ch1_v,ch2_v
68,4.10,3.82
69,4.10,3.82
70,4.10,3.82
71,4.10,3.82
72,4.10,3.82
73,4.10,3.82
74,4.10,3.82
75,4.10,3.82
76,4.10,3.82
77,4.10,3.82
78,4.10,3.82
80,4.10,3.82
81,4.10,3.82
82,4.10,3.82
83,4.10,3.82
84,4.10,3.82
86,4.10,3.82
87,4.10,3.82
88,4.10,3.82
89,4.10,3.82
90,4.10,3.82
91,4.10,3.82
92,4.10,3.82
93,4.10,3.82
94,4.10,3.82
95,4.10,3.82
96,4.10,3.82
97,4.10,3.82
98,4.10,3.82
99,4.10,3.82
100,4.10,3.82
101,4.10,3.82
102,4.10,3.82
103,4.10,3.82
104,4.10,3.82
105,4.10,3.82
106,4.10,3.82
107,4.10,3.82
109,4.10,3.82
110,4.10,3.82
111,4.10,3.82
112,4.10,3.82
113,4.10,3.82
114,4.10,3.82
115,4.10,3.82
116,4.10,3.82
117,4.10,3.82
118,4.10,3.82
119,4.10,3.82
120,4.10,3.82
121,4.10,3.82
122,4.10,3.82
124,4.10,3.82
125,4.10,3.82
126,4.10,3.82
128,4.10,3.82
129,4.10,3.82
130,4.10,3.82
131,4.10,3.82
132,4.10,3.82
133,4.10,3.82
134,4.10,3.82
135,4.10,3.82
136,4.10,3.82
137,4.10,3.82
138,4.10,3.82
140,4.09,3.82
141,4.10,3.82
142,4.10,3.82
143,4.10,3.82
144,4.10,3.82
145,4.10,3.82
146,4.10,3.83
147,4.09,3.82
148,4.10,3.83
149,4.10,3.83
150,4.09,3.83
151,4.10,3.82
152,4.09,3.82
153,4.10,3.83
155,4.09,3.83
156,4.09,3.83
157,4.09,3.83
158,4.10,3.83
159,4.09,3.83
160,4.09,3.83
161,4.10,3.83
162,4.09,3.83
163,4.09,3.83
164,4.09,3.83
165,4.09,3.83
166,4.09,3.83
167,4.10,3.83
169,4.09,3.83
171,4.10,3.83
172,4.09,3.83
173,4.10,3.83
174,4.09,3.83
175,4.09,3.83
176,4.09,3.83
177,4.10,3.83
178,4.09,3.83
179,4.09,3.83
180,4.09,3.83
181,4.09,3.83
182,4.10,3.83
183,4.09,3.83
185,4.10,3.83
186,4.09,3.83
187,4.10,3.83
188,4.09,3.83
189,4.10,3.83
190,4.09,3.83
191,4.10,3.83
192,4.09,3.83
193,4.10,3.83
194,4.09,3.83
195,4.09,3.83
196,4.09,3.83
197,4.09,3.83
198,4.10,3.83
200,4.09,3.83
201,4.10,3.83
202,4.10,3.83
203,4.10,3.83
204,4.09,3.83
205,4.10,3.83
206,4.09,3.83
207,4.10,3.83
208,4.09,3.83
209,4.10,3.83
210,4.10,3.83
211,4.09,3.83
212,4.10,3.83
214,4.10,3.83
216,4.10,3.83
217,4.10,3.83
218,4.09,3.83
219,4.10,3.83
220,4.10,3.83
221,4.10,3.83
222,4.10,3.83
223,4.10,3.83
224,4.10,3.83
225,4.10,3.84
226,4.10,3.84
227,4.10,3.84
228,4.10,3.84
229,4.10,3.83
231,4.10,3.84
232,4.10,3.84
233,4.10,3.84
234,4.10,3.84
235,4.10,3.84
236,4.10,3.84
237,4.10,3.84
238,4.10,3.84
239,4.10,3.84
240,4.10,3.84
241,4.10,3.84
242,4.10,3.84
243,4.10,3.84
245,4.10,3.84
246,4.10,3.84
247,4.10,3.84
248,4.10,3.84
249,4.10,3.84
250,4.10,3.84
251,4.10,3.84
252,4.10,3.84
253,4.11,3.84
254,4.10,3.84
256,4.11,3.84
257,4.11,3.84
258,4.10,3.84
259,4.11,3.84
261,4.11,3.84
262,4.11,3.84
263,4.11,3.84
264,4.10,3.84
265,4.11,3.84
266,4.11,3.84
267,4.11,3.84
268,4.11,3.84
269,4.11,3.84
270,4.11,3.84
271,4.11,3.84
272,4.11,3.84
273,4.11,3.84
275,4.11,3.84
276,4.11,3.84
277,4.11,3.84
278,4.11,3.84
279,4.11,3.84
280,4.11,3.84
281,4.11,3.84
282,4.11,3.84
283,4.11,3.84
284,4.11,3.85
285,4.11,3.84
286,4.11,3.84
287,4.11,3.84
289,4.11,3.84
290,4.11,3.84
291,4.11,3.84
292,4.11,3.84
293,4.11,3.84
294,4.11,3.84
295,4.11,3.84
296,4.11,3.84
297,4.11,3.84
299,4.11,3.84
300,4.11,3.84
301,4.11,3.84
302,4.11,3.84
304,4.11,3.84
305,4.11,3.84
306,4.11,3.84
307,4.11,3.84
308,4.11,3.84
309,4.11,3.84
310,4.11,3.84
311,4.11,3.84
312,4.11,3.84
313,4.12,3.84
314,4.12,3.84
315,4.11,3.84
316,4.11,3.84
318,4.11,3.84
319,4.11,3.84
320,4.11,3.84
321,4.11,3.84
322,4.11,3.84
323,4.11,3.84
324,4.11,3.84
325,4.11,3.84
326,4.11,3.84
327,4.11,3.84
328,4.11,3.84
330,4.11,3.84
331,4.11,3.84
332,4.11,3.84
333,4.11,3.84
334,4.11,3.84
335,4.11,3.84
336,4.11,3.84
337,4.11,3.84
338,4.11,3.84
339,4.11,3.84
340,4.11,3.84
342,4.11,3.84
344,4.11,3.84
345,4.11,3.84
346,4.12,3.84
347,4.12,3.84
348,4.12,3.84
349,4.12,3.84
350,4.12,3.84
351,4.12,3.84
352,4.12,3.84
353,4.12,3.84
354,4.12,3.84
355,4.13,3.84
356,4.13,3.84
358,4.13,3.84
359,4.13,3.84
360,4.13,3.84
361,4.13,3.84
362,4.13,3.84
363,4.13,3.84
364,4.13,3.84
365,4.13,3.84
366,4.13,3.84
367,4.13,3.84
368,4.13,3.84
369,4.13,3.84
370,4.13,3.84
372,4.13,3.84
373,4.13,3.84
374,4.13,3.84
375,4.13,3.84
376,4.13,3.84
377,4.13,3.84
378,4.13,3.84
379,4.13,3.84
380,4.14,3.84
381,4.13,3.84
382,4.13,3.84
384,4.13,3.84
385,4.14,3.84
387,4.13,3.84
388,4.14,3.84
389,4.14,3.84
390,4.14,3.84
391,4.14,3.84
392,4.14,3.84
393,4.14,3.84
394,4.14,3.84
395,4.14,3.84
396,4.14,3.84
397,4.14,3.84
398,4.14,3.84
399,4.13,3.85
401,4.13,3.85
402,4.13,3.85
403,4.13,3.85
404,4.13,3.85
405,4.13,3.85
406,4.13,3.85
407,4.13,3.85
408,4.13,3.85
409,4.13,3.85
410,4.13,3.85
411,4.13,3.85
412,4.13,3.85
414,4.13,3.85
415,4.13,3.84
416,4.13,3.85
417,4.13,3.84
418,4.13,3.84
419,4.13,3.84
420,4.13,3.84
421,4.13,3.84
422,4.13,3.84
423,4.13,3.84
424,4.13,3.84
425,4.13,3.84
428,4.13,3.85
429,4.13,3.85
430,4.13,3.84
431,4.13,3.84
432,4.13,3.84
433,4.13,3.84
434,4.13,3.84
435,4.13,3.84
436,4.13,3.84
437,4.13,3.84
438,4.13,3.85
439,4.13,3.84
440,4.13,3.85
442,4.13,3.85
443,4.13,3.85
444,4.13,3.86
445,4.13,3.86
446,4.13,3.86
447,4.13,3.86
448,4.14,3.87
449,4.13,3.87
450,4.13,3.86
451,4.12,3.85
452,4.13,3.91
453,4.12,3.85
455,4.12,3.86
456,4.12,3.84
457,4.13,3.89
458,4.13,3.90
459,4.11,3.86
460,4.12,3.87
461,4.12,3.90
462,4.11,3.85
463,4.12,3.89
464,4.12,3.91
465,4.12,3.88
466,4.12,3.88
467,4.11,3.85
470,4.11,3.85
471,4.11,3.85
472,4.11,3.85
473,4.11,3.85
474,4.11,3.86
475,4.11,3.85
476,4.11,3.85
477,4.12,3.86
478,4.12,3.86
479,4.12,3.86
480,4.12,3.84
481,4.13,3.89
483,4.12,3.85
484,4.12,3.84
485,4.12,3.84
486,4.12,3.84
487,4.12,3.84
488,4.12,3.84
489,4.12,3.84
490,4.12,3.84
491,4.12,3.84
492,4.12,3.83
493,4.13,3.83
494,4.13,3.84
496,4.13,3.84
497,4.13,3.84
498,4.13,3.84
499,4.13,3.84
500,4.14,3.84
501,4.14,3.84
502,4.14,3.83
503,4.14,3.83
504,4.14,3.83
505,4.14,3.83
506,4.14,3.83
507,4.13,3.83
508,4.13,3.83
510,4.13,3.83
512,4.13,3.83
513,4.13,3.83
514,4.12,3.83
515,4.12,3.83
516,4.12,3.84
517,4.12,3.83
518,4.12,3.83
519,4.12,3.84
520,4.11,3.84
521,4.11,3.84
522,4.11,3.84
524,4.11,3.84
525,4.11,3.85
526,4.11,3.84
527,4.11,3.84
528,4.11,3.84
529,4.11,3.84
530,4.12,3.85
531,4.12,3.84
532,4.12,3.84
533,4.12,3.85
534,4.12,3.84
535,4.12,3.84
536,4.12,3.84
538,4.12,3.84
539,4.12,3.83
540,4.12,3.84
541,4.12,3.84
542,4.12,3.84
543,4.11,3.84
544,4.11,3.84
545,4.11,3.84
546,4.10,3.84
547,4.10,3.84
548,4.10,3.84
549,4.10,3.84
551,4.10,3.84
552,4.10,3.85
553,4.10,3.85
555,4.10,3.85
556,4.10,3.85
557,4.10,3.85
558,4.10,3.85
559,4.10,3.85
560,4.10,3.86
561,4.10,3.86
562,4.09,3.86
563,4.09,3.85
564,4.09,3.85
565,4.09,3.85
567,4.09,3.85
568,4.09,3.85
569,4.09,3.85
570,4.09,3.85
571,4.09,3.85
572,4.10,3.86
573,4.10,3.86
574,4.10,3.85
575,4.11,3.86
576,4.11,3.86
577,4.11,3.86
578,4.12,3.86
579,4.12,3.86
581,4.12,3.86
582,4.12,3.86
583,4.12,3.86
584,4.12,3.85
585,4.12,3.85
586,4.11,3.84
587,4.11,3.84
588,4.10,3.84
589,4.10,3.84
590,4.10,3.85
591,4.09,3.85
592,4.09,3.85
593,4.08,3.85
595,4.08,3.86
596,4.08,3.87
598,4.08,3.87
599,4.08,3.88
600,4.08,3.88
601,4.08,3.88
602,4.08,3.87
603,4.08,3.88
604,4.07,3.87
605,4.07,3.88
606,4.07,3.87
607,4.07,3.87
608,4.07,3.87
610,4.06,3.87
611,4.06,3.87
612,4.06,3.88
613,4.06,3.88
614,4.06,3.88
615,4.06,3.88
616,4.06,3.88
617,4.06,3.88
618,4.06,3.88
619,4.06,3.89
620,4.06,3.89
621,4.06,3.89
622,4.06,3.88
623,4.06,3.88
625,4.06,3.88
626,4.07,3.88
627,4.06,3.88
628,4.06,3.88
629,4.07,3.88
630,4.07,3.88
631,4.07,3.88
632,4.07,3.88
633,4.07,3.88
634,4.07,3.88
635,4.08,3.88
636,4.08,3.88
637,4.09,3.89
638,4.10,3.89
641,4.10,3.89
642,4.12,3.89
643,4.13,3.89
644,4.13,3.89
645,4.14,3.89
646,4.14,3.89
647,4.14,3.88
648,4.14,3.88
649,4.14,3.87
650,4.13,3.87
651,4.13,3.86
652,4.12,3.86
654,4.11,3.85
655,4.10,3.85
656,4.10,3.85
657,4.09,3.86
658,4.09,3.86
659,4.09,3.86
660,4.09,3.87
661,4.08,3.87
662,4.08,3.87
663,4.08,3.87
664,4.08,3.87
665,4.07,3.87
666,4.07,3.87
667,4.07,3.87
669,4.07,3.87
670,4.07,3.86
671,4.06,3.86
672,4.06,3.86
673,4.06,3.87
674,4.06,3.87
675,4.06,3.87
676,4.06,3.88
677,4.06,3.88
678,4.06,3.88
679,4.06,3.88
680,4.07,3.87
681,4.07,3.87
683,4.08,3.87
685,4.09,3.88
686,4.09,3.88
687,4.10,3.87
688,4.10,3.87
689,4.10,3.87
690,4.10,3.87
691,4.10,3.86
692,4.10,3.86
693,4.10,3.86
694,4.09,3.86
695,4.08,3.86
696,4.08,3.86
697,4.08,3.87
699,4.08,3.87
700,4.07,3.88
701,4.07,3.88
702,4.07,3.89
703,4.07,3.89
704,4.07,3.89
705,4.06,3.89
706,4.06,3.90
707,4.06,3.90
708,4.06,3.90
709,4.05,3.89
710,4.05,3.89
711,4.05,3.89
712,4.05,3.88
714,4.05,3.88
715,4.05,3.88
716,4.05,3.88
717,4.05,3.87
718,4.06,3.88
719,4.06,3.88
720,4.06,3.88
721,4.06,3.88
722,4.06,3.88
723,4.06,3.88
724,4.06,3.88
726,4.06,3.88
727,4.06,3.88
728,4.06,3.88
730,4.06,3.88
731,4.07,3.88
732,4.07,3.88
733,4.07,3.88
734,4.08,3.88
735,4.08,3.88
736,4.09,3.89
737,4.09,3.88
738,4.10,3.88
739,4.10,3.88
740,4.10,3.88
741,4.10,3.87
742,4.10,3.87
744,4.10,3.87
745,4.10,3.86
746,4.09,3.86
747,4.09,3.86
748,4.08,3.86
749,4.08,3.87
750,4.08,3.87
751,4.09,3.88
752,4.09,3.89
753,4.10,3.89
754,4.10,3.89
755,4.10,3.89
756,4.10,3.88
757,4.10,3.88
759,4.10,3.87
760,4.09,3.87
761,4.09,3.87
762,4.08,3.87
763,4.08,3.88
764,4.07,3.88
765,4.07,3.89
766,4.06,3.90
768,4.06,3.90
769,4.06,3.91
770,4.06,3.91
771,4.06,3.91
772,4.06,3.91
773,4.06,3.91
775,4.06,3.92
776,4.06,3.92
777,4.05,3.92
778,4.05,3.93
779,4.05,3.93
780,4.05,3.93
781,4.05,3.92
782,4.05,3.93
783,4.05,3.92
784,4.05,3.92
785,4.05,3.92
786,4.05,3.92
787,4.05,3.92
788,4.04,3.92
790,4.04,3.91
791,4.04,3.91
792,4.04,3.91
793,4.04,3.91
794,4.04,3.92
795,4.04,3.92
796,4.04,3.92
797,4.05,3.91
798,4.05,3.91
799,4.05,3.91
800,4.06,3.91
801,4.06,3.91
802,4.06,3.91
803,4.06,3.91
804,4.06,3.91
806,4.06,3.91
807,4.05,3.91
808,4.05,3.91
809,4.05,3.91
811,4.05,3.92
812,4.05,3.92
813,4.06,3.92
814,4.06,3.92
815,4.06,3.92
816,4.07,3.92
817,4.08,3.92
818,4.09,3.92
819,4.10,3.92
820,4.11,3.92
822,4.11,3.91
823,4.12,3.91
824,4.12,3.91
825,4.12,3.90
826,4.11,3.89
827,4.10,3.89
828,4.09,3.88
829,4.09,3.88
830,4.08,3.88
831,4.08,3.88
832,4.07,3.88
833,4.07,3.88
834,4.07,3.88
836,4.07,3.87
837,4.06,3.87
838,4.06,3.86
839,4.05,3.86
840,4.05,3.86
841,4.05,3.85
842,4.05,3.85
843,4.05,3.85
844,4.05,3.85
845,4.05,3.84
846,4.05,3.84
847,4.05,3.84
848,4.05,3.84
849,4.06,3.83
851,4.06,3.83
852,4.07,3.83
854,4.07,3.83
855,4.07,3.82
856,4.08,3.82
857,4.07,3.82
858,4.07,3.81
859,4.06,3.81
860,4.06,3.80
861,4.05,3.80
862,4.05,3.80
863,4.04,3.79
864,4.04,3.79
865,4.03,3.79
867,4.03,3.79
868,4.02,3.79
869,4.02,3.78
870,4.02,3.78
871,4.02,3.78
872,4.03,3.78
873,4.03,3.78
874,4.03,3.78
875,4.03,3.78
876,4.03,3.77
877,4.03,3.77
878,4.03,3.77
879,4.02,3.77
880,4.02,3.77
882,4.02,3.77
883,4.02,3.77
884,4.03,3.77
885,4.03,3.78
886,4.03,3.78
887,4.04,3.78
888,4.04,3.78
889,4.04,3.78
890,4.05,3.78
891,4.05,3.78
892,4.05,3.78
893,4.05,3.78
894,4.05,3.78
896,4.05,3.78
897,4.05,3.78
899,4.05,3.77
900,4.05,3.77
901,4.05,3.77
902,4.05,3.77
903,4.05,3.77
904,4.05,3.77
905,4.04,3.76
906,4.03,3.76
907,4.03,3.76
908,4.03,3.76
909,4.03,3.77
910,4.03,3.77
911,4.03,3.77
912,4.03,3.77
914,4.03,3.77
915,4.04,3.77
916,4.04,3.77
917,4.05,3.77
918,4.05,3.77
919,4.05,3.77
920,4.05,3.76
921,4.05,3.76
922,4.06,3.76
923,4.06,3.77
924,4.06,3.77
925,4.06,3.76
926,4.07,3.76
927,4.07,3.76
929,4.07,3.76
930,4.07,3.75
931,4.07,3.75
932,4.06,3.74
933,4.06,3.74
934,4.06,3.74
935,4.06,3.73
936,4.05,3.73
937,4.05,3.73
939,4.05,3.72
940,4.05,3.72
941,4.04,3.72
942,4.04,3.72
943,4.03,3.71
944,4.03,3.71
946,4.02,3.71
947,4.02,3.71
948,4.01,3.71
949,4.01,3.71
950,4.01,3.71
951,4.02,3.71
952,4.03,3.72
953,4.04,3.72
954,4.06,3.73
955,4.07,3.73
956,4.08,3.73
957,4.08,3.72
958,4.08,3.72
959,4.08,3.71
961,4.07,3.70
962,4.06,3.70
963,4.05,3.70
964,4.04,3.70
965,4.04,3.70
966,4.03,3.70
967,4.03,3.70
968,4.03,3.71
969,4.02,3.72
970,4.02,3.73
971,4.02,3.73
972,4.02,3.73
973,4.02,3.74
974,4.02,3.74
975,4.02,3.74
977,4.02,3.74
978,4.02,3.74
979,4.02,3.74
980,4.02,3.74
982,4.02,3.74
983,4.02,3.74
984,4.03,3.74
985,4.03,3.74
986,4.04,3.75
987,4.05,3.75
988,4.05,3.75
989,4.06,3.76
990,4.06,3.76
991,4.07,3.76
993,4.07,3.76
994,4.07,3.75
995,4.07,3.75
996,4.06,3.75
997,4.06,3.75
998,4.06,3.75
999,4.06,3.76
1000,4.05,3.77
1001,4.05,3.77
1002,4.05,3.78
1003,4.05,3.79
1004,4.05,3.79
1006,4.05,3.80
1007,4.05,3.80
1008,4.05,3.80
1009,4.05,3.80
1010,4.05,3.79
1011,4.05,3.79
1012,4.05,3.80
1013,4.05,3.80
1015,4.04,3.80
1016,4.04,3.80
1017,4.04,3.81
1018,4.04,3.81
1019,4.04,3.81
1020,4.04,3.82
1021,4.03,3.82
1022,4.03,3.82
1025,4.03,3.82
1026,4.03,3.83
1027,4.03,3.82
1028,4.03,3.82
1029,4.04,3.82
1030,4.04,3.82
1031,4.03,3.82
1032,4.03,3.81
1034,4.03,3.81
1035,4.03,3.81
1036,4.03,3.81
1037,4.03,3.81
1038,4.03,3.81
1039,4.04,3.81
1040,4.04,3.81
1041,4.05,3.81
1043,4.05,3.81
1044,4.05,3.81
1045,4.06,3.81
1046,4.06,3.81
1047,4.06,3.81
1048,4.05,3.80
1049,4.05,3.80
1050,4.04,3.80
1052,4.04,3.80
1053,4.04,3.80
1054,4.04,3.80
1055,4.03,3.80
1056,4.03,3.80
1057,4.03,3.80
1058,4.03,3.80
1059,4.03,3.80
1060,4.04,3.80
1062,4.04,3.80
1063,4.04,3.80
1064,4.05,3.80
1065,4.05,3.80
1067,4.05,3.80
1068,4.05,3.79
1069,4.04,3.78
1070,4.04,3.78
1072,4.03,3.77
1073,4.02,3.77
1074,4.02,3.76
1075,4.01,3.76
1076,4.01,3.76
1077,4.00,3.76
1078,4.00,3.76
1079,4.01,3.76
1081,4.01,3.75
1082,4.01,3.75
1083,4.02,3.75
1084,4.02,3.74
1085,4.02,3.74
1086,4.02,3.73
1087,4.02,3.73
1088,4.01,3.73
1090,4.01,3.72
1091,4.01,3.72
1092,4.01,3.72
1093,4.01,3.72
1094,4.01,3.73
1095,4.02,3.73
1096,4.02,3.73
1097,4.02,3.73
1099,4.03,3.72
1100,4.03,3.72
1101,4.03,3.72
1102,4.03,3.71
1103,4.03,3.71
1104,4.02,3.71
1105,4.02,3.71
1106,4.02,3.70
1108,4.02,3.71
1110,4.02,3.71
1111,4.02,3.71
1112,4.02,3.71
1113,4.01,3.71
1114,4.01,3.71
1115,4.01,3.72
1116,4.01,3.73
1118,4.01,3.73
1119,4.00,3.74
1120,4.00,3.75
1121,4.00,3.75
1122,4.00,3.76
1123,4.00,3.77
1124,4.01,3.77
1125,4.02,3.77
1126,4.02,3.78
1128,4.03,3.78
1129,4.03,3.78
1130,4.04,3.77
1131,4.04,3.77
1132,4.04,3.77
1133,4.04,3.78
1134,4.04,3.78
1135,4.04,3.79
1137,4.04,3.80
1138,4.03,3.81
1139,4.03,3.82
1140,4.03,3.83
1141,4.02,3.83
1142,4.02,3.84
1143,4.02,3.84
1144,4.02,3.84
1146,4.01,3.85
1147,4.01,3.85
1148,4.00,3.86
1149,4.00,3.87
1150,3.99,3.87
1152,3.99,3.87
1153,4.00,3.88
1154,4.00,3.88
1156,4.01,3.88
1157,4.02,3.88
1158,4.02,3.87
1159,4.03,3.87
1160,4.03,3.86
1161,4.02,3.86
1162,4.02,3.86
1163,4.02,3.86
1165,4.02,3.86
1166,4.02,3.87
1167,4.02,3.88
1168,4.02,3.89
1169,4.03,3.89
1170,4.03,3.89
1171,4.03,3.90
1172,4.03,3.90
1174,4.03,3.91
1175,4.03,3.91
1176,4.03,3.91
1177,4.02,3.91
1178,4.02,3.91
1179,4.02,3.91
1180,4.02,3.91
1182,4.01,3.91
1183,4.01,3.91
1184,4.00,3.92
1185,4.00,3.92
1186,4.00,3.92
1187,3.99,3.93
1188,3.99,3.93
1189,4.00,3.93
1190,4.00,3.93
1192,4.00,3.94
1193,4.00,3.94
1195,4.00,3.94
1196,4.00,3.94
1197,4.00,3.94
1198,4.00,3.94
1199,4.00,3.94
1200,4.00,3.95
1202,4.00,3.95
1203,4.00,3.96
1204,4.00,3.96
1205,4.00,3.96
1206,4.00,3.96
1207,4.00,3.96
1208,4.01,3.97
1209,4.01,3.97
1210,4.01,3.97
1212,4.00,3.98
1213,4.00,3.98
1214,4.00,3.98
1215,4.00,3.98
1216,4.00,3.99
1217,4.00,4.00
1218,4.00,4.00
1219,4.00,4.01
1221,3.99,4.01
1222,3.99,4.01
1223,3.99,4.01
1224,3.99,4.02
1225,3.98,4.02
1226,3.98,4.03
1227,3.98,4.03
1228,3.98,4.03
1230,3.98,4.04
1231,3.99,4.04
1232,3.99,4.05
1233,4.00,4.05
1234,4.00,4.05
1235,4.01,4.06
1236,4.01,4.06
1238,4.01,4.07
1239,4.01,4.08
1241,4.01,4.10
1242,4.01,4.11
1243,4.01,4.13
1244,4.01,4.14
1245,4.01,4.16
1246,4.01,4.19
1247,4.01,4.22
1248,4.01,4.24
1250,4.01,4.27
1251,4.01,4.30
1252,4.02,4.33
1253,4.02,4.35
1254,4.02,4.38
1255,4.03,4.40
1256,4.04,4.43
1257,4.05,4.45
1259,4.06,4.47
1260,4.07,4.49
1261,4.07,4.51
1262,4.07,4.53
1263,4.07,4.55
1264,4.06,4.57
1265,4.06,4.58
1266,4.06,4.60
1268,4.05,4.61
1269,4.05,4.62
1270,4.06,4.64
1271,4.06,4.65
1272,4.07,4.66
1273,4.07,4.68
1274,4.08,4.69
1275,4.08,4.70
1277,4.08,4.71
1278,4.08,4.72
1280,4.07,4.73
1281,4.07,4.74
1282,4.07,4.75
1283,4.07,4.75
1284,4.08,4.76
1285,4.08,4.77
1287,4.08,4.78
1288,4.09,4.78
1289,4.09,4.79
1290,4.09,4.79
1291,4.09,4.80
1292,4.09,4.80
1293,4.08,4.81
1294,4.07,4.81
1296,4.07,4.82
1297,4.06,4.83
1298,4.06,4.83
1299,4.05,4.83
1300,4.05,4.84
1301,4.05,4.84
1302,4.05,4.85
1303,4.04,4.85
1304,4.04,4.85
1306,4.04,4.86
1307,4.04,4.86
1308,4.04,4.86
1309,4.04,4.87
1310,4.04,4.87
1311,4.03,4.87
1312,4.03,4.87
1313,4.03,4.88
1315,4.03,4.88
1316,4.03,4.88
1317,4.03,4.88
1318,4.02,4.88
1319,4.02,4.89
1320,4.02,4.89
1321,4.02,4.89
1323,4.01,4.89
1324,4.01,4.90
1326,4.01,4.90
1327,4.00,4.90
1328,4.00,4.90
1329,3.99,4.90
1330,3.99,4.90
1331,3.99,4.91
1332,3.99,4.91
1333,3.99,4.91
1335,3.99,4.91
1336,4.00,4.91
1337,4.00,4.91
1338,4.00,4.91
1339,4.00,4.91
1340,4.00,4.92
1341,4.00,4.92
1342,3.99,4.92
1344,3.99,4.92
1345,3.99,4.92
1346,3.98,4.92
1347,3.99,4.92
1348,3.99,4.92
1349,3.99,4.93
1350,3.99,4.92
1351,4.00,4.93
1353,4.00,4.93
1354,4.00,4.93
1355,4.00,4.93
1356,4.00,4.93
1357,3.99,4.93
1358,3.99,4.93
1359,3.99,4.93
1360,3.99,4.94
1361,3.99,4.94
1363,3.99,4.94
1364,3.99,4.94
1366,3.98,4.94
1367,3.98,4.94
1368,3.98,4.94
1369,3.97,4.94
1370,3.97,4.94
1372,3.97,4.94
1373,3.97,4.94
1374,3.97,4.94
1375,3.97,4.94
1376,3.97,4.94
1377,3.98,4.94
1378,3.98,4.94
1379,3.98,4.94
1381,3.98,4.95
1382,3.97,4.95
1383,3.97,4.94
1384,3.98,4.95
1385,3.98,4.95
1386,3.98,4.95
1387,3.99,4.95
1388,3.99,4.95
1390,3.99,4.95
1391,3.99,4.95
1392,3.99,4.95
1393,3.99,4.95
1394,3.99,4.95
1395,3.99,4.95
1396,3.99,4.95
1397,3.99,4.96
1399,3.98,4.96
1400,3.98,4.96
1401,3.98,4.96
1402,3.98,4.96
1403,3.97,4.96
1404,3.97,4.96
1405,3.97,4.96
1408,3.97,4.95
1409,3.98,4.96
1410,3.97,4.96
1411,3.97,4.96
1412,3.97,4.96
1413,3.97,4.96
1414,3.97,4.96
1415,3.97,4.96
1417,3.97,4.96
1418,3.97,4.96
1419,3.97,4.95
1420,3.98,4.96
1421,3.98,4.95
1422,3.98,4.96
1423,3.98,4.96
1424,3.98,4.96
1426,3.98,4.96
1427,3.98,4.96
1428,3.97,4.96
1429,3.97,4.96
1430,3.97,4.96
1431,3.98,4.96
1432,3.98,4.96
1434,3.99,4.96
1435,3.99,4.96
1436,3.99,4.96
1437,3.99,4.96
1438,3.99,4.96
1439,3.99,4.96
1440,3.99,4.96
1441,3.99,4.96
1443,3.99,4.96
1444,3.98,4.96
1445,3.98,4.96
1446,3.98,4.96
1447,3.98,4.96
1448,3.98,4.96
1449,3.97,4.97
1451,3.97,4.96
1453,3.98,4.96
1454,3.98,4.96
1455,3.98,4.96
1456,3.99,4.96
1457,3.99,4.96
1458,3.99,4.96
1459,3.99,4.96
1460,3.98,4.96
1462,3.98,4.96
1463,3.98,4.96
1464,3.99,4.96
1465,3.99,4.96
1466,3.99,4.96
1467,3.98,4.96
1468,3.98,4.96
1469,3.98,4.97
1471,3.97,4.96
1472,3.97,4.96
1473,3.98,4.96
1474,3.98,4.96
1475,3.98,4.96
1476,3.98,4.96
1477,3.98,4.96
1478,3.98,4.96
1480,3.97,4.96
1481,3.97,4.96
1482,3.97,4.96
1483,3.97,4.96
1484,3.97,4.96
1485,3.98,4.96
1486,3.98,4.96
1487,3.98,4.96
1489,3.99,4.96
1490,3.99,4.96
1491,3.99,4.96
1492,3.99,4.96
1494,3.99,4.96
1495,3.98,4.96
1496,3.98,4.97
1497,3.98,4.97
1499,3.98,4.96
1500,3.98,4.96
1501,3.98,4.96
1502,3.98,4.96
1503,3.98,4.96
1504,3.99,4.96
1505,3.99,4.96
1506,4.00,4.97
1508,4.00,4.97
1509,4.00,4.97
1510,4.01,4.97
1511,4.01,4.97
1512,4.01,4.97
1513,4.01,4.96
1514,4.01,4.96
1515,4.01,4.96
1517,4.00,4.97
1518,4.00,4.97
1519,4.00,4.97
1520,3.99,4.97
1521,3.99,4.97
1522,3.99,4.97
1523,3.99,4.97
1524,3.99,4.96
1526,3.99,4.97
1527,3.99,4.96
1528,3.99,4.96
1529,4.00,4.96
1530,4.00,4.96
1531,4.00,4.96
1532,4.00,4.96
1533,4.00,4.96
1536,4.00,4.96
1537,4.00,4.97
1538,4.01,4.97
1539,4.01,4.97
1540,4.01,4.97
1541,4.01,4.97
1542,4.01,4.97
1543,4.00,4.97
1545,4.00,4.97
1546,4.00,4.97
1547,4.00,4.97
1548,4.00,4.97
1549,4.00,4.97
1550,4.00,4.97
1551,4.00,4.97
1552,4.00,4.97
1554,4.00,4.97
1555,4.00,4.97
1556,4.01,4.97
1557,4.01,4.97
1558,4.01,4.97
1559,4.00,4.97
1560,4.00,4.97
1561,4.00,4.97
1563,3.99,4.97
1564,3.99,4.97
1565,3.99,4.97
1566,3.99,4.97
1567,3.99,4.97
1568,3.99,4.97
1569,3.99,4.97
1570,3.99,4.97
1572,3.99,4.97
1573,3.99,4.97
1574,3.99,4.97
1575,4.00,4.97
1576,4.01,4.97
1577,4.01,4.97
1579,4.02,4.97
1580,4.02,4.97
1582,4.02,4.97
1583,4.01,4.97
1584,4.01,4.97
1585,4.01,4.97
1586,4.01,4.97
1587,4.01,4.97
1588,4.01,4.97
1590,4.01,4.97
1591,4.01,4.97
1592,4.01,4.97
1593,4.01,4.97
1594,4.01,4.97
1595,4.00,4.97
1596,4.00,4.97
1597,4.00,4.96
1599,4.00,4.96
1600,4.01,4.95
1601,4.01,4.95
1602,4.02,4.95
1603,4.02,4.94
1604,4.02,4.94
1605,4.02,4.93
1606,4.02,4.92
1608,4.02,4.91
1609,4.02,4.90
1610,4.03,4.89
1611,4.03,4.87
1612,4.03,4.86
1613,4.03,4.84
1614,4.02,4.83
1615,4.02,4.81
1616,4.02,4.79
1618,4.02,4.78
1619,4.01,4.76
1620,4.02,4.75
1622,4.02,4.73
1623,4.02,4.71
1624,4.02,4.69
1625,4.02,4.68
1626,4.02,4.66
1628,4.01,4.65
1629,4.01,4.63
1630,4.00,4.61
1631,4.00,4.60
1632,4.00,4.58
1633,4.00,4.57
1634,4.00,4.56
1635,4.00,4.55
1637,3.99,4.53
1638,3.99,4.52
1639,3.99,4.50
1640,3.99,4.49
1641,3.99,4.48
1642,3.99,4.47
1643,3.99,4.45
1644,3.99,4.44
1646,3.99,4.43
1647,3.99,4.41
1648,3.99,4.40
1649,3.99,4.39
1650,3.99,4.37
1651,3.99,4.36
1652,3.99,4.35
1653,3.99,4.35
1655,3.99,4.34
1656,4.00,4.33
1657,4.00,4.32
1658,4.00,4.31
1659,4.00,4.30
1660,4.00,4.29
1661,4.00,4.28
1662,4.00,4.27
1665,4.00,4.26
1666,4.00,4.25
1667,4.00,4.25
1668,4.00,4.24
1669,4.00,4.23
1670,4.00,4.22
1671,4.00,4.22
1672,4.00,4.21
1674,4.00,4.20
1675,4.00,4.19
1676,4.00,4.18
1677,4.00,4.18
1678,4.00,4.17
1679,4.00,4.16
1680,4.00,4.15
1681,4.01,4.15
1682,4.01,4.14
1684,4.01,4.13
1685,4.01,4.13
1686,4.01,4.12
1687,4.01,4.12
1688,4.02,4.12
1689,4.02,4.11
1690,4.02,4.11
1691,4.02,4.10
1693,4.02,4.10
1694,4.02,4.09
1695,4.02,4.09
1696,4.03,4.08
1697,4.03,4.08
1698,4.03,4.07
1699,4.04,4.07
1700,4.04,4.07
1702,4.05,4.07
1703,4.05,4.06
1704,4.05,4.06
1705,4.05,4.06
1707,4.05,4.05
1708,4.06,4.05
1709,4.06,4.05
1710,4.06,4.04
1712,4.06,4.04
1713,4.06,4.04
1714,4.06,4.03
1715,4.06,4.03
1716,4.06,4.03
1717,4.06,4.03
1718,4.06,4.02
1719,4.06,4.02
1720,4.06,4.02
1722,4.06,4.02
1723,4.06,4.02
1724,4.06,4.01
1725,4.05,4.01
1726,4.06,4.01
1727,4.06,4.01
1728,4.06,4.01
1729,4.06,4.01
1731,4.06,4.01
1732,4.06,4.01
1733,4.06,4.01
1734,4.06,4.00
1735,4.06,4.00
1736,4.06,4.00
1737,4.06,4.00
1738,4.06,4.00
1739,4.06,4.00
1741,4.06,4.00
1742,4.06,4.00
1743,4.07,4.00
1744,4.07,4.00
1745,4.07,4.00
1746,4.07,4.00
1747,4.07,4.00
1748,4.07,4.00
1750,4.07,4.00
1752,4.07,4.00
1753,4.07,4.00
1754,4.07,4.00
1755,4.07,3.99
1756,4.07,4.00
1757,4.07,4.00
1758,4.08,4.00
1759,4.08,4.00
1760,4.08,4.00
1762,4.08,4.00
1763,4.08,4.00
1764,4.08,4.00
1765,4.08,4.00
1766,4.09,4.00
1767,4.09,4.00
1768,4.09,4.00
1769,4.09,4.00
1770,4.09,4.00
1772,4.09,4.00
1773,4.09,4.00
1774,4.09,4.00
1775,4.09,4.00
1776,4.09,4.00
1777,4.09,4.00
1778,4.09,4.00
1779,4.09,4.00
1780,4.09,4.00
1782,4.09,4.00
1783,4.09,4.00
1784,4.09,4.00
1785,4.09,4.00
1786,4.09,3.99
1787,4.09,3.99
1788,4.09,3.99
1789,4.09,3.99
1790,4.09,3.99
1793,4.09,3.99
1794,4.09,3.99
1795,4.10,3.99
1796,4.10,3.99
1797,4.10,3.99
1798,4.10,3.99
1799,4.10,3.99
1800,4.10,3.99
1802,4.10,3.99
1803,4.10,3.99
1804,4.10,3.99
1805,4.10,3.99
1806,4.10,3.99
1807,4.10,3.99
1808,4.10,3.99
1809,4.10,3.99
1811,4.10,3.99
1812,4.10,3.98
1813,4.10,3.99
1814,4.10,3.98
1815,4.10,3.98
1816,4.10,3.98
1817,4.10,3.98
1818,4.10,3.98
1819,4.10,3.98
1821,4.10,3.98
1822,4.10,3.98
1823,4.10,3.98
1824,4.10,3.98
1825,4.11,3.98
1826,4.11,3.98
1827,4.11,3.98
1828,4.11,3.98
1830,4.11,3.98
1831,4.11,3.98
1832,4.11,3.98
1833,4.11,3.98
1835,4.11,3.98
1836,4.12,3.98
1837,4.11,3.97
1839,4.12,3.97
1840,4.12,3.97
1841,4.12,3.97
1842,4.12,3.97
1843,4.12,3.97
1844,4.12,3.97
1845,4.12,3.97
1846,4.12,3.97
1848,4.12,3.97
1849,4.12,3.97
1850,4.12,3.97
1851,4.12,3.97
1852,4.12,3.97
1853,4.12,3.97
1854,4.12,3.97
1855,4.12,3.97
1857,4.12,3.97
1858,4.12,3.97
1859,4.12,3.97
1860,4.12,3.97
1861,4.12,3.97
1862,4.12,3.97
1863,4.12,3.97
1864,4.12,3.97
1866,4.12,3.97
1867,4.12,3.97
1868,4.12,3.97
1869,4.12,3.97
1870,4.12,3.97
1871,4.12,3.97
1872,4.12,3.97
1873,4.13,3.97
1875,4.13,3.97
1876,4.13,3.97
1878,4.13,3.97
1879,4.13,3.97
1880,4.13,3.97
1881,4.13,3.97
1882,4.13,3.97
1883,4.13,3.97
1885,4.13,3.97
1886,4.13,3.97
1887,4.13,3.97
1888,4.13,3.97
1889,4.13,3.97
1890,4.13,3.97
1891,4.13,3.97
1892,4.13,3.97
1894,4.13,3.97
1895,4.13,3.97
1896,4.14,3.97
1897,4.14,3.97
1898,4.14,3.97
1899,4.14,3.97
1900,4.14,3.97
1901,4.14,3.97
1903,4.14,3.97
1904,4.14,3.97
1905,4.14,3.96
1906,4.14,3.96
1907,4.13,3.97
1908,4.13,3.97
1909,4.13,3.97
1910,4.13,3.97
1912,4.13,3.97
1913,4.13,3.97
1914,4.14,3.97
1915,4.14,3.97
1916,4.14,3.97
1917,4.14,3.98
1918,4.14,3.98
1920,4.14,3.98
1922,4.15,3.98
1923,4.15,3.98
1924,4.15,3.98
1925,4.15,3.98
1926,4.15,3.98
1927,4.15,3.98
1928,4.15,3.99
1929,4.15,3.99
1931,4.15,3.99
1932,4.15,3.99
1933,4.15,3.99
1934,4.16,3.99
1935,4.16,3.99
1936,4.16,3.99
1937,4.16,3.99
1938,4.16,3.99
1940,4.16,3.99
1941,4.16,3.99
1942,4.16,3.99
1943,4.16,3.99
1944,4.16,3.99
1945,4.16,3.99
1946,4.16,4.00
1947,4.16,4.00
1949,4.16,4.00
1950,4.16,4.00
1951,4.16,4.00
1952,4.17,4.00
1953,4.17,4.01
1954,4.17,4.01
1955,4.17,4.01
1956,4.17,4.01
1958,4.17,4.01
1959,4.17,4.02
1960,4.17,4.02
1961,4.17,4.02
1963,4.17,4.03
1964,4.18,4.03
1965,4.18,4.03
1966,4.18,4.03
1968,4.18,4.03
1969,4.18,4.04
1970,4.18,4.04
1971,4.19,4.04
1972,4.19,4.04
1973,4.19,4.05
1974,4.19,4.05
1975,4.19,4.05
1977,4.19,4.05
1978,4.19,4.05
1979,4.19,4.05
1980,4.20,4.05
1981,4.20,4.06
1982,4.20,4.06
1983,4.20,4.06
1984,4.20,4.06
1986,4.20,4.07
1987,4.20,4.07
1988,4.20,4.07
1989,4.20,4.08
1990,4.20,4.08
1991,4.20,4.08
1992,4.20,4.08
1993,4.20,4.09
1994,4.20,4.09
1996,4.20,4.10
1997,4.20,4.10
1998,4.20,4.10
1999,4.20,4.11
2000,4.20,4.11
2001,4.20,4.12
2002,4.20,4.12
2003,4.20,4.12
2006,4.20,4.13
2007,4.20,4.13
2008,4.20,4.13
2009,4.20,4.14
2010,4.20,4.14
2011,4.20,4.14
2012,4.19,4.15
2013,4.19,4.15
2015,4.19,4.16
2016,4.19,4.16
2017,4.19,4.16
2018,4.19,4.17
2019,4.19,4.18
2020,4.19,4.18
2021,4.19,4.19
2022,4.19,4.20
2024,4.19,4.21
2025,4.19,4.22
2026,4.19,4.23
2027,4.19,4.24
2028,4.20,4.25
2029,4.20,4.26
2030,4.19,4.27
2031,4.19,4.29
2033,4.19,4.30
2034,4.19,4.31
2035,4.19,4.33
2036,4.19,4.34
2037,4.19,4.36
2038,4.19,4.38
2039,4.19,4.40
2040,4.20,4.43
2042,4.20,4.45
2043,4.20,4.47
2044,4.20,4.49
2045,4.20,4.51
2046,4.21,4.53
2048,4.21,4.55
2049,4.22,4.57
2051,4.22,4.58
2052,4.22,4.60
2053,4.22,4.61
2054,4.23,4.63
2055,4.23,4.64
2056,4.23,4.65
2057,4.24,4.67
2058,4.24,4.68
2060,4.24,4.69
2061,4.24,4.70
2062,4.24,4.71
2063,4.24,4.72
2064,4.25,4.73
2065,4.25,4.74
2066,4.25,4.75
2067,4.25,4.76
2069,4.25,4.77
2070,4.25,4.77
2071,4.25,4.78
2072,4.25,4.78
2073,4.25,4.79
2074,4.25,4.80
2075,4.25,4.80
2076,4.24,4.81
2078,4.24,4.81
2079,4.24,4.82
2080,4.24,4.82
2081,4.24,4.83
2082,4.23,4.83
2083,4.23,4.84
2084,4.23,4.84
2085,4.23,4.85
2087,4.22,4.85
2088,4.23,4.85
2089,4.22,4.86
2091,4.22,4.86
2092,4.22,4.87
2093,4.22,4.87
2094,4.22,4.87
2095,4.22,4.87
2097,4.21,4.88
2098,4.21,4.88
2099,4.21,4.88
2100,4.20,4.88
2101,4.20,4.89
2102,4.20,4.89
2103,4.20,4.89
2104,4.19,4.89
2106,4.19,4.89
2107,4.19,4.90
2108,4.19,4.90
2109,4.19,4.90
2110,4.19,4.90
2111,4.19,4.90
2112,4.18,4.90
2113,4.18,4.91
2115,4.18,4.91
2116,4.18,4.91
2117,4.18,4.91
2118,4.18,4.91
2119,4.18,4.91
2120,4.18,4.92
2121,4.18,4.92
2122,4.18,4.92
2124,4.18,4.92
2125,4.18,4.92
2126,4.18,4.92
2127,4.18,4.92
2128,4.18,4.92
2129,4.17,4.93
2130,4.17,4.93
2131,4.17,4.93
2134,4.17,4.93
2135,4.17,4.93
2136,4.17,4.93
2137,4.17,4.93
2138,4.17,4.93
2139,4.17,4.94
2140,4.17,4.93
2141,4.17,4.93
2143,4.17,4.93
2144,4.17,4.93
2145,4.17,4.93
2146,4.17,4.94
2147,4.17,4.94
2148,4.17,4.94
2149,4.18,4.94
2151,4.18,4.94
2152,4.18,4.94
2153,4.18,4.94
2154,4.18,4.94
2155,4.18,4.94
2156,4.18,4.94
2157,4.18,4.94
2158,4.18,4.95
2160,4.19,4.95
2161,4.19,4.95
2162,4.19,4.95
2163,4.19,4.95
2164,4.19,4.95
2165,4.19,4.95
2166,4.19,4.95
2167,4.19,4.95
2169,4.19,4.95
2170,4.19,4.95
2171,4.19,4.95
2172,4.19,4.96
2173,4.18,4.95
2174,4.19,4.95
2176,4.19,4.95
2177,4.19,4.95
2179,4.19,4.95
2180,4.19,4.95
2181,4.19,4.95
2182,4.19,4.95
2183,4.19,4.95
2184,4.19,4.96
2185,4.19,4.95
2186,4.19,4.96
2188,4.19,4.96
2189,4.19,4.96
2190,4.19,4.96
2191,4.19,4.96
2192,4.19,4.96
2193,4.19,4.96
2194,4.19,4.96
2195,4.19,4.96
2197,4.19,4.96
2198,4.19,4.96
2199,4.19,4.96
2200,4.19,4.96
2201,4.19,4.96
2202,4.19,4.96
2203,4.19,4.96
2205,4.19,4.96
2206,4.19,4.96
2207,4.19,4.96
2208,4.19,4.96
2209,4.19,4.96
2210,4.19,4.96
2211,4.20,4.96
2212,4.20,4.96
2214,4.20,4.96
2215,4.20,4.96
2216,4.20,4.96
2217,4.20,4.96
2219,4.20,4.96
2220,4.20,4.96
2221,4.20,4.96
2222,4.20,4.96
2224,4.20,4.96
2225,4.20,4.96
2226,4.20,4.96
2227,4.20,4.96
2228,4.20,4.96
2229,4.20,4.96
2230,4.20,4.96
2231,4.20,4.96
2233,4.20,4.96
2234,4.20,4.96
2235,4.20,4.96
2236,4.21,4.96
2237,4.21,4.97
2238,4.21,4.96
2239,4.21,4.96
2240,4.21,4.96
2242,4.21,4.96
2243,4.21,4.96
2244,4.21,4.96
2245,4.21,4.96
2246,4.21,4.96
2247,4.21,4.96
2248,4.21,4.97
2249,4.21,4.96
2251,4.21,4.97
2252,4.21,4.97
2253,4.20,4.96
2254,4.20,4.97
2255,4.20,4.97
2256,4.20,4.97
2257,4.20,4.97
2258,4.20,4.97
2260,4.20,4.97
2262,4.20,4.97
2263,4.20,4.96
2264,4.20,4.96
2265,4.20,4.96
2266,4.20,4.96
2267,4.20,4.96
2268,4.20,4.96
2270,4.20,4.96
2271,4.20,4.96
2272,4.20,4.96
2273,4.20,4.96
2274,4.20,4.96
2275,4.20,4.96
2276,4.20,4.96
2277,4.20,4.96
2279,4.20,4.96
2280,4.20,4.96
2281,4.20,4.96
2282,4.20,4.96
2283,4.20,4.96
2284,4.20,4.96
2285,4.20,4.96
2286,4.20,4.96
2287,4.20,4.97
2289,4.20,4.96
2290,4.20,4.96
2291,4.21,4.96
2292,4.21,4.96
2293,4.21,4.96
2294,4.21,4.96
2295,4.21,4.96
2296,4.21,4.96
2298,4.22,4.97
2299,4.22,4.97
2300,4.22,4.97
2301,4.22,4.97
2302,4.22,4.96
2304,4.22,4.96
2305,4.22,4.97
2306,4.22,4.97
2308,4.21,4.97
2309,4.21,4.97
2310,4.21,4.97
2311,4.21,4.97
2312,4.20,4.97
2313,4.20,4.97
2314,4.20,4.97
2316,4.20,4.97
2317,4.20,4.97
2318,4.20,4.97
2319,4.20,4.97
2320,4.19,4.97
2321,4.19,4.96
2322,4.19,4.97
2323,4.19,4.96
2325,4.19,4.96
2326,4.19,4.96
2327,4.19,4.97
2328,4.19,4.96
2329,4.19,4.96
2330,4.19,4.96
2331,4.19,4.96
2333,4.19,4.96
2334,4.20,4.96
2335,4.19,4.97
2336,4.19,4.96
2337,4.19,4.96
2338,4.19,4.96
2339,4.19,4.96
2340,4.20,4.96
2342,4.20,4.96
2343,4.20,4.96
2344,4.20,4.96
2345,4.20,4.96
2347,4.20,4.96
2348,4.20,4.96
2349,4.20,4.97
2350,4.20,4.96
2352,4.20,4.96
2353,4.20,4.96
2354,4.20,4.96
2355,4.21,4.96
2356,4.21,4.97
2357,4.21,4.96
2358,4.21,4.97
2359,4.21,4.96
2361,4.21,4.97
2362,4.21,4.97
2363,4.21,4.97
2364,4.21,4.97
2365,4.21,4.97
2366,4.22,4.97
2367,4.22,4.97
2368,4.22,4.97
2370,4.22,4.97
2371,4.22,4.97
2372,4.22,4.97
2373,4.22,4.97
2374,4.22,4.97
2375,4.22,4.97
2376,4.21,4.97
2378,4.21,4.97
2379,4.21,4.97
2380,4.21,4.97
2381,4.20,4.97
2382,4.20,4.97
2383,4.20,4.97
2384,4.20,4.97
2385,4.20,4.97
2387,4.20,4.97
2388,4.19,4.97
2390,4.19,4.97
2391,4.19,4.97
2392,4.19,4.97
2393,4.19,4.97
2394,4.19,4.97
2395,4.19,4.97
2397,4.19,4.97
2398,4.19,4.97
2399,4.19,4.97
2400,4.19,4.96
2401,4.20,4.96
2402,4.20,4.95
2403,4.21,4.94
2405,4.21,4.93
2406,4.22,4.92
2407,4.23,4.90
2408,4.23,4.87
2409,4.23,4.84
2410,4.23,4.80
2411,4.23,4.77
2412,4.22,4.74
2414,4.22,4.70
2415,4.22,4.67
2416,4.22,4.64
2417,4.21,4.60
2418,4.21,4.57
2419,4.21,4.55
2420,4.21,4.52
2421,4.21,4.49
2423,4.21,4.46
2424,4.20,4.43
2425,4.20,4.40
2426,4.20,4.38
2427,4.19,4.35
2428,4.19,4.34
2429,4.18,4.31
2430,4.18,4.29
2433,4.17,4.27
2434,4.17,4.25
2435,4.17,4.22
2436,4.17,4.20
2437,4.16,4.19
2438,4.16,4.17
2439,4.16,4.15
2441,4.15,4.13
2442,4.15,4.12
2443,4.15,4.10
2444,4.15,4.09
2445,4.15,4.08
2446,4.15,4.07
2447,4.15,4.05
2448,4.15,4.04
2450,4.15,4.03
2451,4.15,4.01
2452,4.15,4.00
2453,4.15,3.99
2454,4.14,3.98
2455,4.14,3.97
2456,4.14,3.96
2457,4.14,3.95
2459,4.14,3.94
2460,4.14,3.94
2461,4.15,3.93
2462,4.15,3.92
2463,4.15,3.92
2464,4.15,3.91
2465,4.15,3.90
2466,4.15,3.90
2468,4.15,3.89
2469,4.15,3.88
2470,4.15,3.88
2471,4.15,3.87
2472,4.16,3.87
2473,4.16,3.86
2475,4.16,3.86
2476,4.16,3.85
2478,4.16,3.84
2479,4.16,3.84
2480,4.16,3.83
2481,4.16,3.83
2482,4.16,3.82
2483,4.16,3.82
2484,4.15,3.82
2486,4.16,3.81
2487,4.15,3.81
2488,4.15,3.81
2489,4.15,3.80
2490,4.16,3.80
2491,4.16,3.80
2492,4.16,3.79
2493,4.16,3.79
2495,4.16,3.79
2496,4.17,3.79
2497,4.17,3.79
2498,4.18,3.78
2499,4.18,3.78
2500,4.18,3.78
2501,4.19,3.78
2502,4.19,3.78
2504,4.19,3.77
2505,4.19,3.77
2506,4.19,3.77
2507,4.20,3.77
2508,4.20,3.77
2509,4.20,3.76
2510,4.20,3.76
2511,4.20,3.76
2513,4.19,3.76
2514,4.19,3.75
2515,4.19,3.75
2516,4.19,3.75
2518,4.19,3.75
2519,4.19,3.75
2520,4.19,3.75
2521,4.19,3.75
2523,4.19,3.75
2524,4.19,3.75
2525,4.19,3.74
2526,4.19,3.74
2527,4.19,3.74
2528,4.20,3.74
2529,4.20,3.74
2530,4.20,3.74
2532,4.20,3.74
2533,4.19,3.74
2534,4.19,3.73
2535,4.19,3.73
2536,4.18,3.73
2537,4.18,3.73
2538,4.18,3.73
2539,4.18,3.73
2541,4.17,3.73
2542,4.17,3.73
2543,4.17,3.73
2544,4.17,3.73
2545,4.17,3.73
2546,4.18,3.73
2547,4.18,3.73
2548,4.18,3.73
2550,4.19,3.73
2551,4.19,3.73
2552,4.20,3.73
2553,4.20,3.73
2554,4.20,3.73
2555,4.20,3.73
2556,4.20,3.73
2557,4.20,3.73
2560,4.20,3.73
2561,4.20,3.73
2562,4.20,3.73
2563,4.20,3.72
2564,4.19,3.72
2565,4.19,3.72
2566,4.19,3.72
2567,4.19,3.72
2569,4.19,3.72
2570,4.18,3.72
2571,4.18,3.72
2572,4.18,3.72
2573,4.18,3.72
2574,4.18,3.72
2575,4.18,3.72
2576,4.18,3.72
2578,4.18,3.72
2579,4.19,3.73
2580,4.19,3.73
2581,4.20,3.73
2582,4.20,3.73
2583,4.21,3.73
2584,4.21,3.73
2585,4.21,3.73
2587,4.21,3.73
2588,4.22,3.72
2589,4.22,3.72
2590,4.21,3.72
2591,4.21,3.72
2592,4.21,3.72
2593,4.21,3.72
2594,4.21,3.72
2596,4.21,3.72
2597,4.21,3.72
2598,4.22,3.72
2599,4.23,3.72
2600,4.23,3.73
2601,4.24,3.73
2603,4.24,3.72
2604,4.24,3.72
2606,4.23,3.71
2607,4.23,3.71
2608,4.22,3.70
2609,4.21,3.70
2610,4.20,3.70
2611,4.20,3.70
2612,4.20,3.71
2613,4.20,3.71
2615,4.19,3.72
2616,4.19,3.72
2617,4.19,3.72
2618,4.18,3.72
2619,4.18,3.72
2620,4.18,3.72
2621,4.18,3.72
2622,4.18,3.72
2624,4.18,3.72
2625,4.18,3.72
2626,4.19,3.72
2627,4.19,3.72
2628,4.19,3.72
2629,4.19,3.72
2630,4.19,3.71
2631,4.19,3.71
2633,4.19,3.71
2634,4.19,3.71
2635,4.18,3.71
2636,4.18,3.71
2637,4.18,3.71
2638,4.18,3.71
2639,4.18,3.71
2640,4.18,3.71
2642,4.17,3.72
2643,4.17,3.72
2644,4.17,3.72
2646,4.17,3.73
2647,4.17,3.73
2648,4.17,3.73
2649,4.17,3.73
2650,4.17,3.73
2652,4.17,3.73
2653,4.17,3.73
2654,4.18,3.73
2655,4.18,3.73
2656,4.19,3.73
2657,4.19,3.73
2658,4.20,3.73
2659,4.20,3.73
2661,4.20,3.73
2662,4.20,3.72
2663,4.20,3.72
2664,4.19,3.72
2665,4.19,3.72
2666,4.18,3.72
2667,4.18,3.73
2668,4.18,3.73
2670,4.18,3.74
2671,4.18,3.74
2672,4.18,3.74
2673,4.18,3.74
2674,4.18,3.74
2675,4.18,3.74
2676,4.19,3.74
2677,4.19,3.74
2679,4.19,3.74
2680,4.19,3.74
2681,4.19,3.74
2682,4.19,3.73
2683,4.19,3.73
2684,4.19,3.73
2685,4.19,3.73
2686,4.19,3.73
2689,4.18,3.73
2690,4.18,3.73
2691,4.18,3.73
2692,4.18,3.74
2693,4.18,3.74
2694,4.18,3.74
2695,4.18,3.74
2696,4.18,3.75
2698,4.18,3.75
2699,4.17,3.75
2700,4.17,3.75
2701,4.17,3.75
2702,4.17,3.75
2703,4.17,3.75
2704,4.17,3.75
2705,4.17,3.75
2707,4.17,3.76
2708,4.16,3.76
2709,4.17,3.76
2710,4.17,3.76
2711,4.17,3.76
2712,4.17,3.75
2713,4.18,3.75
2714,4.18,3.75
2716,4.18,3.75
2717,4.18,3.75
2718,4.18,3.75
2719,4.18,3.75
2720,4.18,3.75
2721,4.18,3.75
2722,4.18,3.75
2723,4.18,3.75
2725,4.18,3.76
2726,4.18,3.76
2727,4.18,3.76
2728,4.18,3.76
2729,4.18,3.76
2731,4.17,3.76
2732,4.17,3.76
2733,4.17,3.77
2735,4.17,3.77
2736,4.17,3.77
2737,4.17,3.77
2738,4.17,3.77
2739,4.17,3.78
2740,4.17,3.78
2741,4.17,3.78
2742,4.17,3.78
2744,4.17,3.78
2745,4.17,3.78
2746,4.17,3.78
2747,4.17,3.78
2748,4.17,3.77
2749,4.17,3.77
2750,4.17,3.78
2751,4.17,3.78
2753,4.17,3.78
2754,4.17,3.78
2755,4.17,3.78
2756,4.17,3.78
2757,4.17,3.78
2758,4.17,3.78
2759,4.18,3.78
2760,4.18,3.78
2762,4.18,3.78
2763,4.18,3.78
2764,4.19,3.78
2765,4.18,3.78
2766,4.18,3.78
2767,4.18,3.78
2768,4.18,3.78
2769,4.18,3.79
2771,4.18,3.79
2772,4.18,3.80
2774,4.18,3.80
2775,4.18,3.80
2776,4.18,3.80
2777,4.18,3.80
2778,4.18,3.79
2779,4.18,3.79
2781,4.18,3.79
2782,4.17,3.79
2783,4.17,3.79
2784,4.17,3.79
2785,4.17,3.79
2786,4.16,3.80
2787,4.16,3.80
2788,4.16,3.80
2790,4.16,3.80
2791,4.15,3.80
2792,4.15,3.81
2793,4.15,3.81
2794,4.15,3.81
2795,4.15,3.81
2796,4.15,3.81
2797,4.15,3.81
2799,4.15,3.81
2800,4.15,3.81
2801,4.15,3.81
2802,4.15,3.80
2803,4.16,3.80
2804,4.16,3.80
2805,4.16,3.80
2806,4.16,3.80
2808,4.16,3.80
2809,4.17,3.80
2810,4.17,3.80
2811,4.17,3.81
2812,4.17,3.81
2813,4.17,3.81
2814,4.17,3.81
2816,4.17,3.81
2818,4.17,3.80
2819,4.17,3.80
2820,4.17,3.80
2821,4.17,3.80
2822,4.17,3.80
2823,4.17,3.81
2824,4.17,3.81
2826,4.17,3.81
2827,4.17,3.81
2828,4.16,3.81
2829,4.16,3.81
2830,4.16,3.81
2831,4.16,3.82
2832,4.15,3.82
2833,4.15,3.82
2835,4.15,3.83
2836,4.15,3.83
2837,4.15,3.83
2838,4.15,3.83
2839,4.15,3.83
2840,4.15,3.83
2841,4.16,3.82
2842,4.16,3.82
2844,4.17,3.82
2845,4.18,3.82
2846,4.19,3.82
2847,4.19,3.82
2848,4.19,3.81
2849,4.19,3.81
2850,4.19,3.80
2851,4.18,3.80
2853,4.17,3.79
2854,4.16,3.79
2855,4.16,3.79
2856,4.15,3.80
2857,4.15,3.81
2859,4.15,3.82
2860,4.14,3.82
2861,4.14,3.83
2863,4.14,3.83
2864,4.13,3.83
2865,4.13,3.84
2866,4.13,3.84
2867,4.14,3.83
2868,4.14,3.83
2869,4.14,3.83
2871,4.15,3.82
2872,4.15,3.82
2873,4.16,3.82
2874,4.16,3.82
2875,4.16,3.82
2876,4.16,3.82
2877,4.16,3.81
2878,4.16,3.82
2880,4.16,3.82
2881,4.16,3.82
2882,4.16,3.82
2883,4.16,3.82
2884,4.16,3.82
2885,4.17,3.82
2886,4.17,3.82
2887,4.17,3.82
2889,4.16,3.82
2890,4.16,3.82
2891,4.16,3.82
2892,4.16,3.83
2893,4.16,3.83
2894,4.15,3.83
2895,4.15,3.84
2896,4.15,3.84
2898,4.15,3.84
2899,4.15,3.85
2900,4.15,3.85
2902,4.15,3.85
2903,4.14,3.85
2904,4.14,3.85
2905,4.14,3.85
2907,4.15,3.85
2908,4.15,3.85
2909,4.15,3.84
2910,4.15,3.84
2911,4.16,3.84
2912,4.16,3.84
2913,4.16,3.83
2914,4.16,3.83
2916,4.16,3.83
2917,4.16,3.83
2918,4.16,3.83
2919,4.15,3.84
2920,4.15,3.84
2921,4.15,3.85
2922,4.16,3.85
2923,4.16,3.85
2925,4.16,3.85
2926,4.16,3.85
2927,4.16,3.85
2928,4.17,3.85
2929,4.17,3.84
2930,4.17,3.84
2931,4.17,3.84
2933,4.17,3.84
2934,4.17,3.84
2935,4.17,3.84
2936,4.17,3.84
2937,4.17,3.84
2938,4.16,3.84
2939,4.16,3.84
2940,4.16,3.84
2942,4.16,3.84
2944,4.16,3.84
2945,4.16,3.84
2946,4.16,3.85
2947,4.16,3.85
2948,4.15,3.85
2949,4.15,3.85
2950,4.15,3.86
2952,4.14,3.86
2953,4.14,3.86
2954,4.14,3.86
2955,4.14,3.87
2956,4.14,3.87
2957,4.14,3.87
2958,4.14,3.87
2960,4.14,3.87
2961,4.14,3.87
2962,4.14,3.86
2963,4.13,3.86
2964,4.13,3.86
2965,4.13,3.86
2966,4.13,3.86
2967,4.14,3.86
2969,4.14,3.86
2970,4.15,3.86
2971,4.15,3.87
2972,4.16,3.87
2973,4.17,3.87
2974,4.17,3.87
2975,4.18,3.86
2977,4.17,3.86
2978,4.17,3.85
2979,4.17,3.85
2980,4.16,3.84
2981,4.15,3.84
2982,4.15,3.85
2983,4.14,3.85
2984,4.14,3.86
2987,4.14,3.87
2988,4.14,3.87
2989,4.14,3.87
2990,4.14,3.88
2991,4.13,3.88
2992,4.13,3.88
2993,4.13,3.88
2994,4.13,3.88
2996,4.13,3.88
2997,4.13,3.88
2998,4.13,3.88
2999,4.13,3.88
3000,4.13,3.88
3001,4.13,3.88
3002,4.13,3.88
3004,4.13,3.88
3005,4.13,3.88
3006,4.13,3.88
3007,4.13,3.88
3008,4.13,3.88
3009,4.13,3.88
3010,4.13,3.88
3011,4.13,3.88
3013,4.14,3.88
3014,4.14,3.88
3015,4.14,3.88
3016,4.14,3.88
3017,4.14,3.88
3018,4.14,3.88
3019,4.14,3.88
3021,4.14,3.88
3022,4.14,3.88
3023,4.14,3.88
3024,4.15,3.88
3025,4.15,3.88
3026,4.15,3.88
3027,4.15,3.88
3028,4.15,3.88
3031,4.15,3.88
3032,4.15,3.88
3033,4.15,3.88
3034,4.15,3.88
3035,4.15,3.88
3036,4.15,3.88
3037,4.15,3.88
3038,4.15,3.88
3040,4.16,3.88
3041,4.16,3.88
3042,4.16,3.88
3043,4.16,3.88
3044,4.16,3.88
3045,4.16,3.88
3046,4.16,3.88
3047,4.16,3.88
3049,4.16,3.88
3050,4.16,3.88
3051,4.16,3.88
3052,4.16,3.88
3053,4.16,3.88
3054,4.16,3.88
3055,4.16,3.88
3056,4.16,3.88
3058,4.16,3.88
3059,4.16,3.88
3060,4.16,3.88
3061,4.16,3.88
3062,4.17,3.88
3063,4.17,3.88
3064,4.17,3.88
3065,4.17,3.88
3067,4.18,3.88
3068,4.18,3.88
3069,4.18,3.87
3070,4.18,3.87
3072,4.18,3.87
3073,4.18,3.87
3074,4.18,3.87
3075,4.18,3.87
3077,4.18,3.87
3078,4.18,3.87
3079,4.18,3.87
3080,4.18,3.87
3081,4.18,3.87
3082,4.18,3.87
3083,4.18,3.87
3084,4.18,3.87
3086,4.18,3.87
3087,4.18,3.87
3088,4.18,3.87
3089,4.18,3.87
3090,4.18,3.87
3091,4.18,3.88
3092,4.17,3.88
3093,4.17,3.88
3095,4.17,3.88
3096,4.17,3.88
3097,4.17,3.88
3098,4.17,3.89
3099,4.17,3.89
3100,4.17,3.89
3101,4.17,3.89
3103,4.17,3.89
3104,4.17,3.89
3105,4.17,3.89
3106,4.17,3.89
3107,4.18,3.89
3108,4.18,3.88
3109,4.18,3.88
3110,4.18,3.89
3112,4.19,3.89
3113,4.19,3.89
3115,4.19,3.89
3116,4.20,3.89
3117,4.20,3.89
3118,4.20,3.89
3119,4.21,3.89
3120,4.21,3.89
3122,4.22,3.89
3123,4.22,3.89
3124,4.22,3.88
3125,4.22,3.88
3126,4.22,3.87
3127,4.21,3.87
3128,4.20,3.86
3130,4.20,3.86
3131,4.19,3.86
3132,4.18,3.87
3133,4.18,3.88
3134,4.18,3.88
3135,4.18,3.88
3136,4.17,3.89
3137,4.17,3.89
3139,4.17,3.89
3140,4.16,3.89
3141,4.16,3.89
3142,4.16,3.88
3143,4.16,3.88
3144,4.16,3.88
3145,4.16,3.88
3146,4.16,3.88
3148,4.16,3.88
3149,4.16,3.87
3150,4.17,3.87
3151,4.17,3.87
3152,4.17,3.87
3153,4.17,3.87
3154,4.17,3.87
3155,4.18,3.87
3158,4.18,3.88
3159,4.18,3.88
3160,4.18,3.88
3161,4.18,3.87
3162,4.18,3.87
3163,4.17,3.87
3164,4.17,3.87
3166,4.17,3.87
3167,4.16,3.87
3168,4.16,3.87
3169,4.16,3.88
3170,4.16,3.88
3171,4.16,3.89
3172,4.16,3.89
3173,4.16,3.89
3175,4.16,3.89
3176,4.16,3.89
3177,4.16,3.89
3178,4.16,3.88
3179,4.16,3.88
3180,4.16,3.88
3181,4.16,3.88
3183,4.16,3.87
3184,4.16,3.87
3185,4.16,3.87
3186,4.17,3.87
3187,4.17,3.87
3188,4.18,3.87
3189,4.18,3.87
3190,4.18,3.87
3192,4.18,3.87
3193,4.18,3.87
3194,4.17,3.87
3195,4.17,3.86
3196,4.17,3.86
3197,4.16,3.87
3198,4.16,3.87
3200,4.17,3.87
3202,4.18,3.87
3203,4.18,3.88
3204,4.18,3.87
3205,4.19,3.87
3206,4.19,3.87
3207,4.19,3.87
3208,4.19,3.86
3209,4.19,3.86
3211,4.19,3.86
3212,4.19,3.86
3213,4.19,3.86
3214,4.19,3.86
3215,4.19,3.86
3216,4.19,3.86
3217,4.19,3.86
3219,4.18,3.86
3220,4.18,3.86
3221,4.18,3.86
3222,4.17,3.86
3223,4.17,3.87
3224,4.17,3.87
3225,4.17,3.87
3226,4.18,3.88
3228,4.18,3.88
3229,4.18,3.88
3230,4.18,3.88
3231,4.19,3.88
3232,4.19,3.87
3233,4.19,3.87
3234,4.19,3.87
3235,4.20,3.87
3237,4.19,3.87
3238,4.19,3.87
3239,4.19,3.86
3240,4.19,3.86
3241,4.19,3.86
3243,4.18,3.86
3244,4.18,3.86
3246,4.19,3.86
3247,4.19,3.87
3248,4.21,3.87
3249,4.21,3.87
3250,4.22,3.87
3251,4.23,3.86
3252,4.22,3.86
3253,4.22,3.85
3255,4.21,3.84
3256,4.20,3.84
3257,4.19,3.84
3258,4.18,3.84
3259,4.18,3.86
3260,4.18,3.87
3261,4.18,3.87
3262,4.19,3.88
3264,4.19,3.87
3265,4.20,3.87
3266,4.19,3.86
3267,4.19,3.85
3268,4.19,3.85
3269,4.19,3.85
3270,4.19,3.85
3271,4.18,3.87
3273,4.18,3.88
3274,4.18,3.89
3275,4.18,3.89
3276,4.18,3.89
3277,4.18,3.89
3278,4.18,3.89
3279,4.18,3.89
3281,4.19,3.88
3282,4.19,3.88
3283,4.20,3.88
3284,4.20,3.88
3286,4.21,3.87
3287,4.20,3.87
3288,4.20,3.87
3289,4.19,3.87
3291,4.19,3.87
3292,4.18,3.88
3293,4.17,3.88
3294,4.17,3.89
3295,4.17,3.89
3296,4.17,3.89
3297,4.17,3.89
3298,4.17,3.89
3300,4.18,3.88
3301,4.19,3.88
3302,4.20,3.89
3303,4.21,3.88
3304,4.22,3.88
3305,4.22,3.88
3306,4.21,3.87
3307,4.20,3.87
3309,4.19,3.86
3310,4.19,3.86
3311,4.18,3.87
3312,4.18,3.88
3313,4.18,3.88
3314,4.19,3.89
3315,4.19,3.89
3317,4.19,3.88
3318,4.19,3.88
3319,4.18,3.87
3320,4.18,3.87
3321,4.18,3.87
3322,4.17,3.87
3323,4.17,3.88
3324,4.18,3.88
3326,4.18,3.89
3328,4.18,3.89
3329,4.19,3.89
3330,4.19,3.89
3331,4.20,3.89
3332,4.20,3.89
3333,4.20,3.89
3334,4.20,3.89
3336,4.20,3.89
3337,4.20,3.88
3338,4.19,3.88
3339,4.19,3.88
3340,4.19,3.88
3341,4.19,3.88
3342,4.19,3.89
3343,4.19,3.89
3345,4.19,3.88
3346,4.20,3.89
3347,4.21,3.89
3348,4.21,3.89
3349,4.22,3.89
3350,4.22,3.88
3351,4.21,3.88
3352,4.20,3.87
3354,4.19,3.87
3355,4.19,3.87
3356,4.18,3.88
3357,4.17,3.89
3358,4.17,3.89
3359,4.17,3.90
3360,4.17,3.90
3362,4.17,3.90
3363,4.18,3.90
3364,4.18,3.90
3365,4.19,3.89
3366,4.20,3.89
3367,4.21,3.89
3368,4.21,3.89
3369,4.21,3.88
3372,4.21,3.88
3373,4.20,3.87
3374,4.19,3.86
3375,4.18,3.86
3376,4.17,3.86
3377,4.17,3.87
3378,4.17,3.87
3379,4.18,3.88
3381,4.19,3.88
3382,4.20,3.89
3383,4.21,3.89
3384,4.22,3.88
3385,4.23,3.88
3386,4.22,3.87
3387,4.21,3.86
3388,4.20,3.85
3390,4.18,3.85
3391,4.17,3.85
3392,4.17,3.87
3393,4.17,3.88
3394,4.17,3.89
3395,4.17,3.89
3396,4.17,3.89
3397,4.17,3.89
3399,4.18,3.89
3400,4.18,3.89
3401,4.18,3.88
3402,4.18,3.88
3403,4.17,3.87
3404,4.17,3.87
3405,4.17,3.87
3407,4.17,3.88
3408,4.17,3.88
3409,4.17,3.88
3410,4.18,3.88
3411,4.18,3.88
3412,4.18,3.88
3414,4.17,3.88
3415,4.18,3.88
3417,4.18,3.88
3418,4.19,3.88
3419,4.19,3.88
3420,4.19,3.88
3421,4.19,3.88
3422,4.19,3.88
3423,4.19,3.88
3424,4.19,3.88
3426,4.19,3.88
3427,4.19,3.88
3428,4.20,3.88
3429,4.20,3.88
3430,4.21,3.89
3431,4.21,3.88
3432,4.22,3.88
3433,4.22,3.88
3435,4.22,3.88
3436,4.21,3.88
3437,4.21,3.88
3438,4.21,3.89
3439,4.21,3.89
3440,4.20,3.89
3441,4.20,3.89
3442,4.20,3.89
3444,4.20,3.89
3445,4.20,3.89
3446,4.19,3.89
3447,4.19,3.88
3448,4.19,3.89
3449,4.19,3.89
3450,4.18,3.90
3451,4.18,3.90
3453,4.18,3.91
3454,4.18,3.91
3456,4.18,3.91
3457,4.18,3.91
3458,4.19,3.91
3459,4.19,3.91
3460,4.20,3.91
3461,4.20,3.91
3463,4.20,3.90
3464,4.20,3.90
3465,4.19,3.89
3466,4.18,3.88
3467,4.18,3.88
3468,4.18,3.88
3469,4.18,3.89
3470,4.19,3.89
3472,4.19,3.90
3473,4.20,3.90
3474,4.20,3.90
3475,4.21,3.90
3476,4.21,3.90
3477,4.21,3.89
3478,4.21,3.89
3479,4.20,3.89
3481,4.20,3.89
3482,4.19,3.89
3483,4.19,3.89
3484,4.19,3.89
3485,4.19,3.90
3486,4.19,3.90
3487,4.19,3.90
3488,4.19,3.90
3490,4.19,3.90
3491,4.19,3.90
3492,4.19,3.90
3493,4.19,3.89
3494,4.19,3.89
3495,4.19,3.89
3496,4.19,3.89
3497,4.19,3.89
3500,4.19,3.89
3501,4.19,3.90
3502,4.19,3.89
3503,4.19,3.89
3504,4.18,3.89
3505,4.18,3.89
3506,4.18,3.89
3507,4.18,3.89
3509,4.18,3.90
3510,4.18,3.90
3511,4.18,3.90
3512,4.19,3.90
3513,4.19,3.90
3514,4.19,3.90
3515,4.20,3.90
3516,4.20,3.89
3518,4.20,3.89
3519,4.20,3.89
3520,4.20,3.89
3521,4.20,3.89
3522,4.20,3.89
3523,4.20,3.89
3524,4.20,3.89
3525,4.20,3.89
3527,4.20,3.89
3528,4.20,3.89
3529,4.21,3.89
3530,4.21,3.89
3531,4.21,3.89
3532,4.21,3.89
3533,4.21,3.89
3534,4.20,3.89
3536,4.20,3.89
3537,4.21,3.89
3538,4.21,3.89
3539,4.21,3.89
3540,4.21,3.89
3542,4.21,3.89
3543,4.21,3.88
3545,4.20,3.88
3546,4.19,3.87
3547,4.19,3.87
3548,4.18,3.87
3549,4.18,3.88
3550,4.18,3.88
3551,4.18,3.89
3552,4.18,3.89
3554,4.18,3.89
3555,4.18,3.89
3556,4.19,3.88
3557,4.20,3.89
3558,4.21,3.89
3559,4.22,3.89
3560,4.22,3.88
3561,4.22,3.88
3563,4.21,3.87
3564,4.21,3.87
3565,4.20,3.87
3566,4.20,3.86
3567,4.19,3.86
3568,4.19,3.86
3569,4.19,3.87
3571,4.19,3.87
3572,4.19,3.88
3573,4.19,3.88
3574,4.19,3.89
3575,4.19,3.88
3576,4.19,3.88
3577,4.19,3.88
3578,4.19,3.88
3580,4.19,3.87
3581,4.19,3.87
3582,4.19,3.87
3584,4.19,3.87
3585,4.19,3.87
3586,4.20,3.87
3587,4.20,3.88
3588,4.20,3.89
3590,4.20,3.89
3591,4.20,3.89
3592,4.20,3.89
3593,4.20,3.89
3594,4.20,3.88
3595,4.21,3.88
3596,4.21,3.88
3597,4.22,3.88
3599,4.22,3.88
3600,4.22,3.89
3601,4.22,3.89
3602,4.22,3.88
3603,4.22,3.88
3604,4.21,3.88
3605,4.21,3.88
3606,4.21,3.88
3608,4.20,3.88
3609,4.20,3.88
3610,4.20,3.88
3611,4.19,3.88
3612,4.19,3.89
3613,4.19,3.89
3614,4.18,3.89
3615,4.18,3.89
3617,4.19,3.90
3618,4.19,3.90
3619,4.19,3.90
3620,4.19,3.90
3621,4.20,3.90
3622,4.20,3.90
3623,4.20,3.89
3624,4.20,3.89
3627,4.20,3.89
3628,4.20,3.89
3629,4.20,3.89
3630,4.20,3.89
3631,4.20,3.89
3632,4.19,3.89
3633,4.19,3.89
3634,4.19,3.89
3636,4.19,3.89
3637,4.20,3.89
3638,4.20,3.90
3639,4.20,3.90
3640,4.21,3.90
3641,4.21,3.90
3642,4.21,3.90
3643,4.20,3.90
3645,4.20,3.89
3646,4.20,3.89
3647,4.19,3.89
3648,4.19,3.89
3649,4.20,3.89
3650,4.20,3.89
3651,4.20,3.90
3652,4.21,3.90
3653,4.21,3.90
3655,4.22,3.90
3656,4.22,3.90
3657,4.22,3.90
3658,4.22,3.90
3659,4.21,3.89
3660,4.21,3.89
3661,4.20,3.89
3662,4.20,3.89
3664,4.19,3.89
3665,4.19,3.89
3666,4.18,3.89
3667,4.18,3.90
3668,4.17,3.90
3670,4.17,3.91
3671,4.16,3.91
3672,4.16,3.92
3674,4.17,3.92
3675,4.17,3.92
3676,4.18,3.92
3677,4.18,3.92
3678,4.19,3.91
3679,4.19,3.91
3680,4.18,3.91
3681,4.18,3.90
3683,4.17,3.90
3684,4.16,3.91
3685,4.15,3.91
3686,4.15,3.92
3687,4.14,3.92
3688,4.14,3.93
3689,4.15,3.93
3690,4.15,3.94
3692,4.15,3.94
3693,4.15,3.94
3694,4.15,3.94
3695,4.15,3.93
3696,4.15,3.93
3697,4.15,3.93
3698,4.15,3.92
3699,4.15,3.92
3701,4.15,3.92
3702,4.15,3.92
3703,4.15,3.92
3704,4.15,3.93
3705,4.15,3.93
3706,4.15,3.94
3707,4.15,3.94
3708,4.15,3.94
3710,4.15,3.95
3712,4.15,3.95
3713,4.15,3.95
3714,4.15,3.95
3715,4.14,3.96
3716,4.15,3.96
3717,4.15,3.96
3718,4.15,3.97
3720,4.16,3.97
3721,4.16,3.97
3722,4.16,3.97
3723,4.17,3.97
3724,4.18,3.97
3725,4.18,3.97
3726,4.19,3.97
3727,4.19,3.97
3729,4.19,3.97
3730,4.19,3.97
3731,4.19,3.96
3732,4.19,3.97
3733,4.19,3.97
3734,4.18,3.98
3735,4.18,3.98
3736,4.18,3.99
3738,4.18,3.99
3739,4.18,4.00
3740,4.18,4.01
3741,4.18,4.01
3742,4.18,4.01
3743,4.18,4.02
3744,4.18,4.02
3745,4.18,4.02
3747,4.19,4.01
3748,4.19,4.02
3749,4.20,4.02
3750,4.20,4.02
3751,4.20,4.03
3752,4.20,4.03
3753,4.20,4.04
3755,4.19,4.04
3757,4.18,4.05
3758,4.18,4.06
3759,4.17,4.08
3760,4.16,4.09
3761,4.16,4.10
3762,4.16,4.10
3763,4.15,4.11
3764,4.16,4.12
3766,4.16,4.13
3767,4.16,4.13
3768,4.17,4.13
3769,4.17,4.14
3770,4.18,4.14
3771,4.18,4.14
3772,4.18,4.15
3773,4.19,4.16
3775,4.19,4.17
3776,4.19,4.19
3777,4.19,4.21
3778,4.18,4.23
3779,4.18,4.25
3780,4.17,4.27
3781,4.17,4.30
3783,4.17,4.33
3784,4.17,4.35
3785,4.17,4.37
3786,4.18,4.40
3787,4.18,4.42
3788,4.18,4.45
3789,4.18,4.47
3790,4.19,4.49
3792,4.20,4.51
3793,4.21,4.53
3794,4.22,4.55
3795,4.23,4.57
3796,4.23,4.58
3798,4.24,4.60
3799,4.25,4.61
3800,4.25,4.62
3802,4.25,4.64
3803,4.25,4.65
3804,4.26,4.66
3805,4.26,4.68
3806,4.26,4.69
3807,4.26,4.70
3808,4.27,4.71
3809,4.27,4.72
3811,4.27,4.73
3812,4.27,4.74
3813,4.27,4.75
3814,4.27,4.76
3815,4.27,4.76
3816,4.27,4.77
3817,4.27,4.78
3819,4.27,4.78
3820,4.26,4.79
3821,4.26,4.79
3822,4.26,4.80
3823,4.25,4.80
3824,4.25,4.81
3825,4.25,4.81
3826,4.25,4.82
3828,4.25,4.83
3829,4.25,4.83
3830,4.25,4.83
3831,4.25,4.84
3832,4.25,4.84
3833,4.25,4.85
3834,4.25,4.85
3835,4.24,4.85
3837,4.24,4.86
3838,4.24,4.86
3840,4.24,4.86
3841,4.23,4.87
3842,4.23,4.87
3843,4.22,4.87
3844,4.22,4.88
3845,4.21,4.88
3847,4.20,4.88
3848,4.20,4.88
3849,4.20,4.89
3850,4.20,4.89
3851,4.20,4.89
3852,4.20,4.89
3853,4.20,4.89
3854,4.19,4.89
3856,4.19,4.90
3857,4.19,4.90
3858,4.18,4.90
3859,4.18,4.90
3860,4.18,4.90
3861,4.18,4.90
3862,4.18,4.90
3863,4.19,4.90
3864,4.19,4.91
3866,4.19,4.91
3867,4.19,4.91
3868,4.19,4.91
3869,4.18,4.91
3870,4.18,4.92
3871,4.17,4.92
3872,4.17,4.92
3873,4.16,4.92
3875,4.16,4.92
3876,4.16,4.92
3877,4.16,4.92
3878,4.17,4.92
3879,4.17,4.92
3880,4.17,4.92
3881,4.18,4.92
3884,4.18,4.93
3885,4.18,4.92
3886,4.18,4.93
3887,4.18,4.93
3888,4.18,4.93
3889,4.18,4.93
3890,4.18,4.93
3891,4.18,4.94
3893,4.18,4.94
3894,4.18,4.94
3895,4.17,4.94
3896,4.17,4.94
3897,4.17,4.94
3898,4.17,4.94
3899,4.17,4.94
3900,4.17,4.94
3902,4.17,4.94
3903,4.17,4.94
3904,4.17,4.94
3905,4.17,4.94
3906,4.17,4.94
3907,4.17,4.94
3908,4.17,4.94
3909,4.17,4.95
3911,4.17,4.95
3912,4.17,4.95
3913,4.17,4.95
3914,4.17,4.95
3915,4.17,4.95
3916,4.17,4.95
3917,4.17,4.95
3919,4.17,4.95
3920,4.17,4.95
3921,4.17,4.95
3922,4.17,4.95
3923,4.17,4.95
3924,4.17,4.95
3926,4.16,4.95
3927,4.17,4.95
3929,4.17,4.95
3930,4.17,4.95
3931,4.17,4.95
3932,4.17,4.95
3933,4.17,4.95
3934,4.18,4.95
3935,4.18,4.95
3936,4.18,4.95
3938,4.19,4.95
3939,4.19,4.96
3940,4.20,4.96
3941,4.19,4.95
3942,4.19,4.96
3943,4.19,4.96
3944,4.19,4.96
3945,4.18,4.96
3947,4.18,4.96
3948,4.18,4.96
3949,4.18,4.96
3950,4.18,4.96
3951,4.19,4.96
3952,4.19,4.96
3953,4.19,4.96
3955,4.19,4.96
3956,4.19,4.96
3957,4.19,4.96
3958,4.19,4.96
3959,4.19,4.96
3960,4.19,4.96
3961,4.19,4.96
3962,4.18,4.96
3964,4.18,4.96
3965,4.18,4.96
3966,4.18,4.96
3968,4.19,4.96
3969,4.19,4.96
3970,4.19,4.96
3971,4.19,4.96
3972,4.19,4.96
3974,4.18,4.96
3975,4.18,4.96
3976,4.18,4.96
3977,4.18,4.96
3978,4.18,4.96
3979,4.18,4.96
3980,4.19,4.96
3981,4.19,4.96
3983,4.19,4.96
3984,4.20,4.96
3985,4.20,4.96
3986,4.20,4.96
3987,4.20,4.96
3988,4.19,4.96
3989,4.19,4.96
3990,4.19,4.96
3992,4.19,4.97
3993,4.19,4.97
3994,4.18,4.97
3995,4.18,4.97
3996,4.18,4.97
3997,4.18,4.97
3998,4.18,4.96
3999,4.18,4.96
4001,4.18,4.96
4002,4.18,4.96
4003,4.19,4.96
4004,4.19,4.96
4005,4.19,4.96
4006,4.19,4.96
4007,4.19,4.96
4008,4.19,4.96
4011,4.19,4.96
4012,4.19,4.96
4013,4.19,4.96
4014,4.19,4.97
4015,4.18,4.96
4016,4.18,4.96
4017,4.18,4.96
4018,4.18,4.96
4020,4.19,4.96
4021,4.19,4.96
4022,4.19,4.97
4023,4.19,4.96
4024,4.18,4.97
4025,4.18,4.97
4026,4.18,4.97
4027,4.17,4.97
4029,4.17,4.97
4030,4.17,4.97
4031,4.17,4.97
4032,4.17,4.96
4033,4.17,4.96
4034,4.17,4.96
4035,4.17,4.97
4037,4.17,4.96
4038,4.17,4.96
4039,4.17,4.97
4040,4.17,4.96
4041,4.16,4.96
4042,4.16,4.96
4043,4.16,4.96
4044,4.16,4.96
4046,4.17,4.96
4047,4.17,4.96
4048,4.17,4.96
4049,4.16,4.96
4050,4.16,4.97
4051,4.16,4.97
4052,4.16,4.97
4054,4.16,4.97
4056,4.16,4.96
4057,4.15,4.97
4058,4.15,4.97
4059,4.15,4.97
4060,4.15,4.97
4061,4.15,4.97
4062,4.15,4.96
4063,4.15,4.97
4065,4.16,4.97
4066,4.16,4.97
4067,4.16,4.97
4068,4.16,4.97
4069,4.16,4.97
4070,4.16,4.96
4071,4.16,4.97
4073,4.16,4.97
4074,4.16,4.97
4075,4.16,4.97
4076,4.16,4.97
4077,4.16,4.97
4078,4.16,4.97
4079,4.16,4.97
4080,4.16,4.97
4082,4.16,4.97
4083,4.15,4.96
4084,4.15,4.95
4085,4.15,4.94
4086,4.15,4.94
4087,4.15,4.93
4088,4.15,4.92
4090,4.16,4.91
4091,4.16,4.90
4092,4.16,4.89
4093,4.17,4.87
4094,4.17,4.86
4096,4.17,4.84
4097,4.17,4.82
4098,4.17,4.79
4100,4.16,4.77
4101,4.16,4.75
4102,4.16,4.73
4103,4.16,4.70
4104,4.16,4.68
4105,4.15,4.65
4106,4.15,4.63
4107,4.15,4.61
4109,4.15,4.59
4110,4.15,4.57
4111,4.15,4.54
4112,4.15,4.52
4113,4.16,4.50
4114,4.16,4.47
4115,4.16,4.46
4116,4.16,4.44
4118,4.16,4.42
4119,4.16,4.40
4120,4.16,4.39
4121,4.15,4.37
4122,4.15,4.36
4123,4.15,4.35
4124,4.15,4.33
4126,4.14,4.32
4127,4.14,4.31
4128,4.14,4.29
4129,4.14,4.28
4130,4.14,4.27
4131,4.14,4.25
4132,4.14,4.24
4133,4.14,4.23
4135,4.14,4.22
4136,4.13,4.21
4137,4.14,4.20
4139,4.14,4.19
4140,4.14,4.18
4141,4.14,4.17
4142,4.14,4.16
4143,4.13,4.15
4145,4.13,4.14
4146,4.13,4.13
4147,4.13,4.13
4148,4.13,4.12
4149,4.13,4.11
4150,4.13,4.11
4151,4.13,4.10
4153,4.13,4.09
4154,4.13,4.09
4155,4.13,4.08
4156,4.13,4.07
4157,4.13,4.07
4158,4.13,4.06
4159,4.13,4.06
4160,4.13,4.05
4162,4.13,4.05
4163,4.14,4.04
4164,4.14,4.04
4165,4.14,4.03
4166,4.14,4.03
4167,4.14,4.02
4168,4.15,4.02
4169,4.15,4.01
4171,4.15,4.00
4172,4.15,4.00
4173,4.15,3.99
4174,4.15,3.99
4175,4.15,3.99
4176,4.16,3.98
4177,4.16,3.98
4178,4.16,3.97
4180,4.16,3.97
4182,4.16,3.97
4183,4.17,3.96
4184,4.17,3.96
4185,4.17,3.96
4186,4.17,3.95
4187,4.18,3.95
4188,4.18,3.95
4190,4.18,3.94
4191,4.18,3.94
4192,4.18,3.94
4193,4.18,3.94
4194,4.18,3.94
4195,4.18,3.93
4196,4.18,3.93
4197,4.18,3.93
4199,4.18,3.93
4200,4.19,3.93
4201,4.19,3.93
4202,4.19,3.93
4203,4.20,3.93
4204,4.20,3.93
4205,4.20,3.92
4206,4.20,3.92
4208,4.20,3.92
4209,4.20,3.92
4210,4.20,3.91
4211,4.19,3.91
4212,4.19,3.91
4213,4.19,3.91
4214,4.19,3.91
4215,4.19,3.91
4217,4.19,3.91
4218,4.19,3.91
4219,4.19,3.91
4220,4.19,3.90
4221,4.19,3.90
4222,4.19,3.90
4224,4.19,3.90
4225,4.18,3.90
4227,4.18,3.90
4228,4.18,3.89
4229,4.18,3.89
4230,4.18,3.89
4231,4.18,3.89
4232,4.18,3.89
4233,4.18,3.89
4234,4.18,3.89
4236,4.18,3.89
4237,4.18,3.89
4238,4.18,3.89
4239,4.18,3.89
4240,4.18,3.89
4241,4.18,3.89
4242,4.18,3.89
4243,4.18,3.89
4245,4.18,3.89
4246,4.19,3.89
4247,4.19,3.88
4248,4.19,3.88
4249,4.19,3.88
4250,4.19,3.88
4251,4.19,3.88
4253,4.19,3.88
4254,4.19,3.88
4255,4.19,3.88
4256,4.19,3.87
4257,4.19,3.87
4258,4.19,3.87
4259,4.19,3.87
4260,4.18,3.87
4262,4.18,3.86
4263,4.18,3.86
4264,4.19,3.86
4265,4.19,3.86
4267,4.19,3.86
4268,4.19,3.86
4269,4.19,3.86
4270,4.19,3.86
4272,4.19,3.85
4273,4.19,3.85
4274,4.19,3.85
4275,4.18,3.85
4276,4.18,3.85
4277,4.18,3.85
4278,4.18,3.85
4279,4.18,3.85
4281,4.18,3.85
4282,4.18,3.85
4283,4.18,3.85
4284,4.18,3.84
4285,4.18,3.85
4286,4.19,3.84
4287,4.19,3.84
4289,4.19,3.84
4290,4.19,3.84
4291,4.19,3.84
4292,4.19,3.84
4293,4.19,3.84
4294,4.19,3.84
4295,4.19,3.84
4296,4.20,3.83
4298,4.20,3.83
4299,4.20,3.83
4300,4.20,3.83
4301,4.20,3.83
4302,4.20,3.83
4303,4.20,3.83
4304,4.20,3.82
4305,4.20,3.82
4307,4.20,3.82
4308,4.20,3.82
4310,4.21,3.82
4311,4.21,3.82
4312,4.21,3.82
4313,4.21,3.82
4314,4.21,3.82
4315,4.21,3.82
4317,4.21,3.82
4318,4.21,3.81
4319,4.21,3.81
4320,4.22,3.81
4321,4.21,3.81
4322,4.21,3.81
4323,4.21,3.80
4325,4.21,3.81
4326,4.21,3.80
4327,4.21,3.80
4328,4.21,3.80
4329,4.21,3.80
4330,4.21,3.80
4331,4.21,3.80
4332,4.21,3.80
4334,4.21,3.80
4335,4.21,3.80
4336,4.21,3.80
4337,4.21,3.80
4338,4.21,3.80
4339,4.21,3.80
4340,4.21,3.79
4341,4.21,3.79
4343,4.21,3.79
4344,4.20,3.79
4345,4.20,3.79
4346,4.20,3.79
4347,4.20,3.79
4348,4.20,3.79
4349,4.20,3.79
4350,4.20,3.79
4353,4.21,3.79
4354,4.21,3.79
4355,4.21,3.78
4356,4.21,3.78
4357,4.21,3.78
4358,4.21,3.78
4359,4.21,3.78
4360,4.22,3.78
4362,4.22,3.78
4363,4.22,3.78
4364,4.22,3.78
4365,4.22,3.78
4366,4.22,3.78
4367,4.22,3.78
4368,4.22,3.78
4369,4.22,3.78
4371,4.22,3.78
4372,4.21,3.77
4373,4.21,3.77
4374,4.21,3.77
4375,4.21,3.77
4376,4.21,3.77
4377,4.21,3.77
4378,4.21,3.77
4380,4.21,3.76
4381,4.21,3.76
4382,4.21,3.76
4383,4.21,3.76
4384,4.21,3.76
4385,4.21,3.76
4386,4.21,3.76
4387,4.21,3.76
4389,4.20,3.76
4390,4.20,3.76
4391,4.20,3.76
4392,4.20,3.76
4393,4.20,3.76
4395,4.20,3.76
4396,4.20,3.75
4397,4.20,3.75
4399,4.20,3.75
4400,4.20,3.75
4401,4.20,3.75
4402,4.20,3.75
4403,4.20,3.75
4404,4.20,3.75
4405,4.20,3.75
4406,4.19,3.74
4408,4.19,3.74
4409,4.19,3.74
4410,4.19,3.74
4411,4.19,3.74
4412,4.19,3.74
4413,4.19,3.74
4414,4.19,3.74
4415,4.19,3.74
4417,4.19,3.74
4418,4.19,3.74
4419,4.19,3.74
4420,4.19,3.74
4421,4.19,3.74
4422,4.19,3.74
4423,4.19,3.74
4424,4.19,3.74
4426,4.19,3.74
4427,4.19,3.74
4428,4.19,3.74
4429,4.19,3.74
4430,4.19,3.74
4431,4.19,3.74
4432,4.19,3.74
4433,4.19,3.74
4435,4.19,3.74
4436,4.19,3.74
4438,4.19,3.75
4439,4.19,3.75
4440,4.19,3.75
4441,4.18,3.75
4442,4.18,3.74
4443,4.19,3.75
4445,4.19,3.75
4446,4.19,3.75
4447,4.19,3.75
4448,4.19,3.75
4449,4.19,3.75
4450,4.19,3.75
4451,4.19,3.75
4452,4.19,3.75
4454,4.19,3.75
4455,4.19,3.75
4456,4.19,3.75
4457,4.19,3.75
4458,4.19,3.75
4459,4.19,3.75
4460,4.19,3.75
4461,4.19,3.76
4463,4.19,3.76
4464,4.19,3.76
4465,4.19,3.76
4466,4.19,3.76
4467,4.19,3.76
4468,4.19,3.76
4469,4.19,3.76
4470,4.19,3.76
4472,4.19,3.76
4473,4.19,3.76
4474,4.19,3.76
4475,4.19,3.76
4476,4.18,3.76
4477,4.18,3.77
4478,4.18,3.77
4480,4.18,3.77
4482,4.18,3.77
4483,4.18,3.76
4484,4.18,3.76
4485,4.18,3.76
4486,4.18,3.76
4487,4.18,3.76
4488,4.18,3.76
4489,4.18,3.76
4491,4.18,3.76
4492,4.18,3.76
4493,4.17,3.76
4494,4.17,3.76
4495,4.17,3.76
4496,4.17,3.76
4497,4.18,3.76
4498,4.18,3.76
4500,4.18,3.76
4501,4.18,3.76
4502,4.18,3.76
4503,4.18,3.76
4504,4.18,3.76
4505,4.18,3.76
4506,4.19,3.76
4507,4.19,3.76
4509,4.19,3.76
4510,4.19,3.76
4511,4.18,3.76
4512,4.19,3.76
4513,4.19,3.76
4514,4.19,3.77
4515,4.19,3.77
4516,4.19,3.77
4518,4.19,3.77
4519,4.19,3.77
4520,4.19,3.77
4521,4.19,3.77
4523,4.19,3.78
4524,4.19,3.78
4525,4.19,3.78
4526,4.19,3.78
4528,4.19,3.78
4529,4.20,3.79
4530,4.20,3.79
4531,4.20,3.79
4532,4.20,3.79
4533,4.20,3.80
4534,4.20,3.80
4535,4.20,3.80
4537,4.20,3.80
4538,4.19,3.81
4539,4.19,3.81
4540,4.19,3.81
4541,4.19,3.82
4542,4.19,3.82
4543,4.19,3.82
4544,4.19,3.83
4546,4.19,3.83
4547,4.19,3.84
4548,4.18,3.85
4549,4.18,3.85
4550,4.18,3.86
4551,4.19,3.87
4552,4.19,3.87
4553,4.19,3.88
4555,4.19,3.89
4556,4.19,3.90
4557,4.19,3.90
4558,4.19,3.91
4559,4.19,3.92
4560,4.19,3.93
4561,4.20,3.94
4562,4.20,3.95
4564,4.20,3.96
4566,4.20,3.97
4567,4.20,3.98
4568,4.20,4.00
4569,4.20,4.01
4570,4.20,4.02
4571,4.20,4.04
4572,4.20,4.05
4573,4.20,4.07
4575,4.20,4.09
4576,4.20,4.12
4577,4.20,4.14
4578,4.20,4.17
4579,4.20,4.20
4580,4.21,4.23
4581,4.21,4.27
4582,4.21,4.30
4584,4.22,4.33
4585,4.22,4.35
4586,4.23,4.37
4587,4.23,4.40
4588,4.24,4.42
4589,4.24,4.45
4590,4.25,4.47
4591,4.25,4.49
4593,4.26,4.51
4594,4.26,4.53
4595,4.26,4.55
4596,4.26,4.57
4597,4.26,4.58
4598,4.27,4.59
4599,4.27,4.61
4601,4.27,4.62
4602,4.27,4.64
4603,4.27,4.65
4604,4.27,4.66
4605,4.28,4.67
4606,4.28,4.69
4608,4.28,4.69
4609,4.28,4.71
4611,4.28,4.72
4612,4.28,4.73
4613,4.28,4.74
4614,4.28,4.75
4615,4.28,4.75
4616,4.27,4.76
4617,4.27,4.77
4618,4.27,4.78
4620,4.27,4.78
4621,4.27,4.79
4622,4.27,4.79
4623,4.27,4.80
4624,4.27,4.80
4625,4.26,4.81
4626,4.26,4.81
4628,4.26,4.82
4629,4.26,4.82
4630,4.25,4.83
4631,4.25,4.83
4632,4.25,4.84
4633,4.25,4.84
4634,4.24,4.85
4635,4.24,4.85
4637,4.23,4.85
4638,4.23,4.86
4639,4.23,4.86
4640,4.22,4.86
4641,4.22,4.87
4642,4.22,4.87
4643,4.21,4.87
4644,4.21,4.88
4646,4.21,4.88
4647,4.20,4.88
4648,4.20,4.88
4649,4.20,4.88
4651,4.20,4.89
4652,4.19,4.89
4653,4.19,4.89
4654,4.19,4.89
4656,4.18,4.89
4657,4.18,4.89
4658,4.18,4.90
4659,4.18,4.90
4660,4.18,4.90
4661,4.17,4.90
4662,4.17,4.90
4663,4.17,4.90
4665,4.17,4.91
4666,4.17,4.91
4667,4.17,4.91
4668,4.17,4.91
4669,4.17,4.91
4670,4.17,4.91
4671,4.16,4.91
4672,4.17,4.92
4674,4.16,4.92
4675,4.17,4.92
4676,4.17,4.92
4677,4.17,4.92
4678,4.17,4.92
4679,4.17,4.92
4680,4.17,4.92
4681,4.17,4.92
4683,4.17,4.93
4684,4.17,4.93
4685,4.17,4.93
4686,4.17,4.93
4687,4.18,4.93
4688,4.18,4.93
4689,4.17,4.93
4691,4.17,4.93
4692,4.17,4.93
4694,4.18,4.94
4695,4.18,4.94
4696,4.18,4.94
4697,4.18,4.94
4698,4.18,4.94
4699,4.18,4.94
4701,4.18,4.94
4702,4.18,4.94
4703,4.18,4.94
4704,4.18,4.94
4705,4.18,4.94
4706,4.18,4.94
4707,4.18,4.94
4708,4.18,4.95
4710,4.18,4.95
4711,4.18,4.95
4712,4.18,4.95
4713,4.18,4.95
4714,4.18,4.95
4715,4.18,4.95
4716,4.18,4.95
4717,4.18,4.95
4719,4.17,4.95
4720,4.18,4.95
4721,4.18,4.95
4722,4.18,4.95
4723,4.18,4.95
4724,4.18,4.95
4725,4.18,4.95
4727,4.18,4.95
4728,4.18,4.95
4729,4.18,4.95
4730,4.18,4.95
4731,4.18,4.95
4732,4.18,4.95
4733,4.18,4.95
4734,4.18,4.95
4737,4.18,4.96
4738,4.18,4.96
4739,4.18,4.96
4740,4.18,4.96
4741,4.18,4.96
4742,4.17,4.96
4743,4.17,4.96
4744,4.17,4.96
4746,4.17,4.96
4747,4.17,4.96
4748,4.17,4.96
4749,4.17,4.96
4750,4.18,4.96
4751,4.18,4.96
4752,4.18,4.96
4754,4.18,4.96
4755,4.18,4.96
4756,4.18,4.96
4757,4.18,4.96
4758,4.18,4.96
4759,4.18,4.96
4760,4.18,4.96
4761,4.18,4.96
4763,4.18,4.96
4764,4.18,4.96
4765,4.18,4.96
4766,4.18,4.96
4767,4.18,4.96
4768,4.18,4.96
4769,4.18,4.96
4771,4.18,4.96
4772,4.19,4.96
4773,4.19,4.96
4774,4.19,4.96
4775,4.19,4.96
4776,4.19,4.96
4777,4.19,4.96
4779,4.19,4.96
4781,4.19,4.96
4782,4.18,4.96
4783,4.18,4.96
4784,4.18,4.96
4785,4.18,4.96
4786,4.18,4.96
4787,4.18,4.96
4788,4.18,4.96
4790,4.18,4.96
4791,4.19,4.96
4792,4.18,4.96
4793,4.18,4.96
4794,4.18,4.96
4795,4.18,4.96
4796,4.18,4.96
4797,4.18,4.96
4799,4.18,4.96
4800,4.18,4.96
4801,4.18,4.96
4802,4.18,4.96
4803,4.18,4.96
4804,4.18,4.96
4805,4.18,4.96
4806,4.18,4.96
4808,4.18,4.96
4809,4.18,4.96
4810,4.18,4.96
4811,4.18,4.96
4812,4.18,4.96
4813,4.18,4.96
4814,4.18,4.96
4815,4.18,4.96
4817,4.18,4.96
4818,4.18,4.96
4819,4.18,4.96
4820,4.18,4.96
4822,4.18,4.96
4823,4.18,4.96
4824,4.18,4.96
4825,4.18,4.96
4827,4.18,4.96
4828,4.18,4.96
4829,4.18,4.96
4830,4.18,4.96
4831,4.18,4.96
4832,4.18,4.96
4833,4.18,4.96
4834,4.18,4.96
4836,4.19,4.96
4837,4.19,4.96
4838,4.19,4.96
4839,4.19,4.96
4840,4.19,4.96
4841,4.20,4.96
4842,4.19,4.96
4843,4.20,4.96
4845,4.19,4.97
4846,4.19,4.97
4847,4.19,4.97
4848,4.19,4.97
4849,4.19,4.97
4850,4.19,4.97
4851,4.19,4.97
4852,4.19,4.97
4854,4.19,4.97
4855,4.19,4.97
4856,4.19,4.97
4857,4.18,4.97
4858,4.18,4.97
4859,4.18,4.96
4860,4.19,4.97
4862,4.19,4.97
4864,4.19,4.96
4865,4.19,4.97
4866,4.19,4.96
4867,4.20,4.96
4868,4.20,4.97
4869,4.20,4.97
4870,4.20,4.97
4872,4.20,4.97
4873,4.19,4.97
4874,4.19,4.97
4875,4.19,4.97
4876,4.19,4.97
4877,4.19,4.97
4878,4.19,4.97
4879,4.19,4.97
4881,4.20,4.96
4882,4.20,4.96
4883,4.21,4.96
4884,4.21,4.94
4885,4.22,4.93
4886,4.22,4.91
4887,4.22,4.89
4888,4.22,4.87
4890,4.22,4.84
4891,4.21,4.81
4892,4.21,4.78
4893,4.20,4.75
4894,4.20,4.72
4895,4.20,4.68
4896,4.19,4.65
4897,4.19,4.62
4899,4.19,4.59
4900,4.19,4.57
4901,4.18,4.53
4902,4.18,4.50
4903,4.18,4.48
4904,4.17,4.45
4905,4.16,4.42
4908,4.16,4.39
4909,4.15,4.37
4910,4.15,4.35
4911,4.14,4.33
4912,4.14,4.30
4913,4.14,4.28
4914,4.14,4.26
4915,4.14,4.24
4917,4.14,4.22
4918,4.14,4.21
4919,4.14,4.19
4920,4.14,4.17
4921,4.14,4.15
4922,4.14,4.13
4923,4.13,4.12
4924,4.13,4.11
4926,4.13,4.10
4927,4.13,4.09
4928,4.13,4.08
4929,4.13,4.07
4930,4.13,4.06
4931,4.13,4.05
4932,4.13,4.04
4934,4.12,4.03
4935,4.12,4.02
4936,4.12,4.01
4937,4.13,4.00
4938,4.13,3.99
4939,4.13,3.98
4940,4.13,3.97
4941,4.13,3.96
4943,4.13,3.95
4944,4.13,3.94
4945,4.13,3.93
4946,4.13,3.92
4947,4.13,3.92
4948,4.13,3.91
4950,4.13,3.91
4951,4.14,3.90
4953,4.14,3.89
4954,4.13,3.88
4955,4.13,3.88
4956,4.13,3.87
4957,4.13,3.86
4958,4.13,3.86
4959,4.13,3.85
4960,4.13,3.85
4962,4.13,3.84
4963,4.13,3.84
4964,4.13,3.83
4965,4.13,3.83
4966,4.13,3.82
4967,4.13,3.82
4968,4.13,3.81
4970,4.14,3.81
4971,4.14,3.81
4972,4.14,3.80
4973,4.14,3.80
4974,4.14,3.79
4975,4.15,3.79
4976,4.15,3.78
4977,4.15,3.78
4979,4.15,3.77
4980,4.15,3.77
4981,4.15,3.77
4982,4.16,3.77
4983,4.16,3.76
4984,4.16,3.76
4985,4.16,3.75
4986,4.16,3.75
4988,4.15,3.75
4989,4.15,3.74
4990,4.15,3.74
4992,4.15,3.74
4993,4.14,3.74
4994,4.15,3.74
4995,4.15,3.74
4996,4.15,3.74
4998,4.15,3.73
4999,4.16,3.73
5000,4.16,3.73
5001,4.16,3.73
5002,4.16,3.73
5003,4.16,3.73
5004,4.16,3.72
5005,4.16,3.72
5007,4.16,3.72
5008,4.16,3.72
5009,4.17,3.72
5010,4.17,3.72
5011,4.17,3.72
5012,4.17,3.72
5013,4.17,3.72
5015,4.17,3.71
5016,4.18,3.71
5017,4.18,3.71
5018,4.18,3.71
5019,4.18,3.71
5020,4.17,3.71
5021,4.17,3.71
5022,4.17,3.71
5024,4.18,3.71
5025,4.18,3.71
5026,4.18,3.71
5027,4.18,3.71
5028,4.18,3.71
5029,4.18,3.71
5030,4.18,3.70
5031,4.18,3.70
5033,4.18,3.70
5035,4.17,3.70
5036,4.17,3.70
5037,4.17,3.70
5038,4.17,3.70
5039,4.18,3.70
5040,4.18,3.71
5041,4.18,3.71
5043,4.18,3.71
5044,4.18,3.70
5045,4.18,3.70
5046,4.17,3.70
5047,4.17,3.70
5048,4.17,3.70
5049,4.17,3.70
5050,4.16,3.70
5052,4.16,3.70
5053,4.16,3.70
5054,4.16,3.70
5055,4.17,3.70
5056,4.17,3.70
5057,4.17,3.70
5058,4.17,3.70
5059,4.17,3.70
5061,4.17,3.70
5062,4.17,3.70
5063,4.17,3.70
5064,4.18,3.70
5065,4.18,3.70
5066,4.18,3.70
5067,4.18,3.70
5068,4.18,3.70
5070,4.18,3.70
5071,4.18,3.70
5072,4.18,3.70
5073,4.18,3.70
5074,4.17,3.70
5075,4.17,3.70
5076,4.17,3.70
5078,4.17,3.70
5080,4.17,3.70
5081,4.17,3.70
5082,4.17,3.71
5083,4.17,3.71
5084,4.17,3.71
5085,4.17,3.70
5086,4.17,3.70
5087,4.18,3.70
5089,4.18,3.71
5090,4.19,3.71
5091,4.20,3.71
5092,4.20,3.71
5093,4.21,3.71
5094,4.21,3.71
5095,4.21,3.71
5097,4.21,3.71
5098,4.21,3.71
5099,4.21,3.70
5100,4.20,3.70
5101,4.20,3.70
5102,4.20,3.70
5103,4.19,3.70
5104,4.19,3.70
5106,4.19,3.71
5107,4.19,3.71
5108,4.19,3.70
5109,4.19,3.70
5110,4.18,3.70
5111,4.18,3.70
5112,4.18,3.70
5113,4.18,3.70
5115,4.18,3.71
5116,4.18,3.71
5117,4.18,3.71
5118,4.18,3.71
5120,4.18,3.71
5121,4.18,3.71
5122,4.18,3.71
5123,4.18,3.72
5125,4.18,3.72
5126,4.18,3.72
5127,4.18,3.72
5128,4.18,3.72
5129,4.18,3.72
5130,4.18,3.71
5131,4.19,3.71
5132,4.19,3.71
5134,4.19,3.71
5135,4.19,3.71
5136,4.19,3.71
5137,4.19,3.71
5138,4.19,3.72
5139,4.19,3.72
5140,4.19,3.72
5141,4.19,3.72
5143,4.19,3.73
5144,4.19,3.73
5145,4.19,3.73
5146,4.19,3.73
5147,4.20,3.73
5148,4.19,3.73
5149,4.19,3.73
5150,4.20,3.73
5152,4.20,3.73
5153,4.20,3.73
5154,4.21,3.73
5155,4.21,3.73
5156,4.21,3.73
5157,4.21,3.73
5158,4.21,3.73
5159,4.21,3.72
5161,4.21,3.72
5163,4.21,3.73
5164,4.21,3.73
5165,4.22,3.73
5166,4.22,3.73
5167,4.22,3.73
5168,4.22,3.73
5170,4.22,3.73
5171,4.22,3.73
5172,4.21,3.73
5173,4.21,3.73
5174,4.21,3.73
5175,4.20,3.73
5176,4.20,3.73
5177,4.20,3.73
5179,4.20,3.74
5180,4.19,3.74
5181,4.19,3.74
5182,4.19,3.74
5183,4.19,3.75
5184,4.19,3.75
5185,4.19,3.75
5186,4.18,3.75
5188,4.19,3.75
5189,4.18,3.75
5190,4.18,3.75
5191,4.19,3.75
5192,4.19,3.74
5193,4.19,3.74
5194,4.19,3.74
5195,4.20,3.74
5197,4.20,3.74
5198,4.20,3.74
5199,4.21,3.74
5200,4.21,3.74
5201,4.21,3.74
5202,4.21,3.74
5203,4.22,3.74
5204,4.22,3.74
5207,4.21,3.74
5208,4.21,3.74
5209,4.21,3.73
5210,4.20,3.74
5211,4.20,3.74
5212,4.20,3.74
5213,4.19,3.75
5214,4.19,3.75
5216,4.19,3.75
5217,4.19,3.75
5218,4.19,3.76
5219,4.19,3.76
5220,4.19,3.76
5221,4.19,3.76
5222,4.19,3.76
5223,4.19,3.75
5225,4.19,3.75
5226,4.19,3.75
5227,4.19,3.75
5228,4.19,3.75
5229,4.19,3.75
5230,4.19,3.75
5231,4.18,3.75
5232,4.18,3.75
5234,4.18,3.75
5235,4.18,3.75
5236,4.18,3.76
5237,4.18,3.76
5238,4.18,3.76
5239,4.18,3.76
5240,4.18,3.77
5241,4.18,3.77
5243,4.18,3.77
5244,4.19,3.77
5245,4.19,3.77
5246,4.19,3.77
5248,4.19,3.77
5249,4.19,3.77
5250,4.19,3.77
5251,4.19,3.77
5253,4.20,3.77
5254,4.20,3.77
5255,4.20,3.76
5256,4.20,3.76
5257,4.20,3.76
5258,4.20,3.76
5259,4.19,3.76
5260,4.19,3.77
5262,4.19,3.77
5263,4.19,3.78
5264,4.19,3.78
5265,4.20,3.78
5266,4.20,3.78
5267,4.20,3.79
5268,4.21,3.79
5269,4.21,3.78
5271,4.21,3.78
5272,4.21,3.78
5273,4.21,3.78
5274,4.21,3.78
5275,4.21,3.78
5276,4.20,3.78
5277,4.20,3.78
5278,4.20,3.79
5280,4.20,3.79
5281,4.20,3.79
5282,4.20,3.79
5283,4.20,3.80
5284,4.20,3.80
5285,4.20,3.80
5286,4.20,3.80
5287,4.20,3.80
5288,4.20,3.80
5291,4.20,3.80
5292,4.20,3.80
5293,4.20,3.80
5294,4.20,3.80
5295,4.20,3.80
5296,4.20,3.80
5297,4.21,3.80
5298,4.21,3.80
5300,4.21,3.80
5301,4.22,3.80
5302,4.22,3.80
5303,4.22,3.80
5304,4.22,3.80
5305,4.22,3.80
5306,4.21,3.80
5307,4.21,3.80
5309,4.21,3.80
5310,4.21,3.81
5311,4.20,3.81
5312,4.20,3.81
5313,4.20,3.82
5314,4.20,3.82
5315,4.19,3.82
5316,4.19,3.82
5318,4.19,3.82
5319,4.19,3.82
5320,4.19,3.82
5321,4.19,3.82
5322,4.19,3.82
5323,4.19,3.82
5324,4.19,3.82
5325,4.19,3.82
5327,4.19,3.82
5328,4.19,3.82
5329,4.19,3.82
5330,4.19,3.82
5331,4.19,3.82
5332,4.19,3.82
5334,4.19,3.83
5335,4.19,3.83
5337,4.19,3.83
5338,4.19,3.83
5339,4.19,3.83
5340,4.19,3.83
5341,4.20,3.83
5342,4.20,3.83
5343,4.20,3.83
5344,4.20,3.83
5346,4.20,3.83
5347,4.20,3.83
5348,4.20,3.83
5349,4.20,3.83
5350,4.20,3.83
5351,4.20,3.83
5352,4.20,3.83
5353,4.20,3.83
5355,4.21,3.83
5356,4.21,3.84
5357,4.22,3.84
5358,4.23,3.84
5359,4.24,3.84
5360,4.24,3.84
5361,4.24,3.84
5362,4.24,3.83
5364,4.23,3.83
5365,4.23,3.83
5366,4.22,3.82
5367,4.22,3.83
5368,4.21,3.83
5369,4.21,3.84
5370,4.21,3.84
5372,4.20,3.85
5373,4.20,3.85
5374,4.20,3.85
5376,4.19,3.85
5377,4.19,3.85
5378,4.19,3.85
5379,4.19,3.85
5380,4.19,3.85
5382,4.19,3.85
5383,4.18,3.85
5384,4.18,3.85
5385,4.18,3.85
5386,4.18,3.85
5387,4.18,3.85
5388,4.19,3.85
5389,4.19,3.85
5391,4.19,3.85
5392,4.19,3.85
5393,4.20,3.85
5394,4.20,3.85
5395,4.20,3.84
5396,4.20,3.84
5397,4.20,3.84
5399,4.21,3.84
5400,4.20,3.84
5401,4.20,3.84
5402,4.20,3.84
5403,4.20,3.84
5404,4.20,3.84
5405,4.20,3.85
5406,4.20,3.85
5408,4.20,3.85
5409,4.19,3.85
5410,4.19,3.85
5411,4.19,3.85
5412,4.19,3.85
5413,4.19,3.85
5414,4.19,3.85
5415,4.19,3.85
5417,4.19,3.85
5419,4.19,3.85
5420,4.19,3.85
5421,4.19,3.85
5422,4.19,3.85
5423,4.19,3.85
5424,4.19,3.85
5425,4.20,3.85
5427,4.20,3.85
5428,4.20,3.85
5429,4.20,3.85
5430,4.21,3.85
5431,4.20,3.84
5432,4.20,3.84
5433,4.20,3.84
5434,4.20,3.84
5436,4.20,3.84
5437,4.19,3.84
5438,4.19,3.84
5439,4.19,3.84
5440,4.19,3.84
5441,4.19,3.84
5442,4.19,3.84
5443,4.19,3.84
5445,4.19,3.84
5446,4.20,3.84
5447,4.21,3.84
5448,4.22,3.85
5449,4.23,3.85
5450,4.23,3.84
5451,4.24,3.84
5452,4.24,3.84
5454,4.24,3.83
5455,4.24,3.83
5456,4.23,3.82
5457,4.22,3.81
5458,4.22,3.81
5459,4.21,3.81
5460,4.20,3.81
5463,4.19,3.81
5464,4.19,3.81
5465,4.19,3.81
5466,4.19,3.82
5467,4.18,3.82
5468,4.18,3.82
5469,4.18,3.82
5470,4.18,3.82
5472,4.17,3.82
5473,4.17,3.82
5474,4.17,3.81
5475,4.17,3.81
5476,4.17,3.81
5477,4.17,3.81
5478,4.17,3.81
5479,4.17,3.81
5481,4.18,3.81
5482,4.18,3.81
5483,4.18,3.81
5484,4.18,3.81
5485,4.18,3.81
5486,4.18,3.81
5487,4.18,3.81
5488,4.18,3.81
5490,4.19,3.81
5491,4.19,3.81
5492,4.19,3.81
5493,4.19,3.81
5494,4.20,3.81
5495,4.20,3.81
5496,4.20,3.81
5497,4.20,3.81
5499,4.19,3.80
5500,4.19,3.80
5501,4.19,3.81
5502,4.19,3.81
5504,4.19,3.80
5505,4.19,3.80
5506,4.19,3.80
5507,4.19,3.80
5509,4.19,3.80
5510,4.19,3.81
5511,4.19,3.81
5512,4.20,3.81
5513,4.21,3.81
5514,4.21,3.81
5515,4.21,3.81
5516,4.22,3.81
5518,4.22,3.81
5519,4.22,3.80
5520,4.22,3.80
5521,4.21,3.80
5522,4.21,3.79
5523,4.20,3.79
5524,4.20,3.79
5525,4.20,3.79
5527,4.19,3.79
5528,4.19,3.79
5529,4.19,3.79
5530,4.19,3.80
5531,4.19,3.80
5532,4.19,3.80
5533,4.19,3.80
5535,4.19,3.80
5536,4.19,3.80
5537,4.19,3.79
5538,4.19,3.79
5539,4.19,3.79
5540,4.19,3.79
5541,4.19,3.79
5542,4.19,3.79
5544,4.19,3.79
5545,4.18,3.79
5547,4.18,3.79
5548,4.19,3.79
5549,4.19,3.79
5550,4.18,3.79
5551,4.19,3.79
5552,4.19,3.80
5554,4.19,3.79
5555,4.19,3.79
5556,4.19,3.79
5557,4.19,3.80
5558,4.20,3.79
5559,4.20,3.79
5560,4.20,3.79
5561,4.20,3.80
5563,4.20,3.80
5564,4.21,3.80
5565,4.21,3.80
5566,4.21,3.80
5567,4.21,3.79
5568,4.21,3.79
5569,4.21,3.79
5570,4.20,3.79
5572,4.20,3.79
5573,4.20,3.79
5574,4.20,3.80
5575,4.19,3.80
5576,4.19,3.80
5577,4.19,3.80
5578,4.19,3.80
5579,4.19,3.80
5581,4.19,3.80
5582,4.20,3.80
5583,4.20,3.80
5584,4.20,3.80
5585,4.20,3.80
5586,4.21,3.80
5587,4.21,3.80
5588,4.21,3.79
5590,4.22,3.79
5592,4.22,3.79
5593,4.22,3.79
5594,4.22,3.79
5595,4.21,3.79
5596,4.21,3.79
5597,4.21,3.78
5598,4.20,3.78
5600,4.20,3.78
5601,4.20,3.79
5602,4.20,3.79
5603,4.19,3.79
5604,4.19,3.79
5605,4.19,3.79
5606,4.19,3.79
5607,4.19,3.79
5609,4.19,3.79
5610,4.19,3.79
5611,4.19,3.79
5612,4.19,3.79
5613,4.19,3.79
5614,4.19,3.78
5615,4.19,3.78
5616,4.20,3.79
5618,4.20,3.79
5619,4.21,3.79
5620,4.21,3.79
5621,4.22,3.79
5622,4.22,3.79
5623,4.23,3.79
5624,4.23,3.78
5625,4.23,3.78
5627,4.23,3.78
5628,4.22,3.77
5629,4.22,3.77
5630,4.21,3.77
5632,4.20,3.77
5633,4.20,3.77
5634,4.20,3.77
5635,4.19,3.78
5637,4.19,3.78
5638,4.19,3.78
5639,4.19,3.78
5640,4.19,3.78
5641,4.19,3.78
5642,4.19,3.78
5643,4.20,3.78
5644,4.21,3.78
5646,4.23,3.79
5647,4.24,3.78
5648,4.25,3.78
5649,4.25,3.78
5650,4.25,3.77
5651,4.25,3.76
5652,4.24,3.75
5653,4.22,3.75
5655,4.21,3.74
5656,4.20,3.74
5657,4.19,3.75
5658,4.18,3.77
5659,4.18,3.78
5660,4.17,3.79
5661,4.17,3.79
5662,4.16,3.80
5664,4.16,3.80
5665,4.16,3.80
5666,4.16,3.80
5667,4.16,3.80
5668,4.17,3.80
5669,4.17,3.79
5670,4.18,3.79
5671,4.18,3.78
5673,4.20,3.79
5675,4.20,3.79
5676,4.22,3.79
5677,4.22,3.78
5678,4.23,3.78
5679,4.24,3.78
5680,4.25,3.77
5681,4.25,3.77
5683,4.25,3.76
5684,4.25,3.76
5685,4.25,3.75
5686,4.24,3.74
5687,4.23,3.74
5688,4.22,3.73
5689,4.21,3.73
5690,4.20,3.73
5692,4.19,3.73
5693,4.19,3.74
5694,4.19,3.75
5695,4.19,3.75
5696,4.19,3.76
5697,4.19,3.76
5698,4.20,3.76
5699,4.21,3.76
5701,4.22,3.76
5702,4.23,3.76
5703,4.24,3.75
5704,4.25,3.75
5705,4.25,3.74
5706,4.24,3.73
5707,4.24,3.73
5708,4.23,3.73
5710,4.23,3.73
5711,4.23,3.73
5712,4.23,3.74
5713,4.23,3.74
5714,4.23,3.74
5715,4.24,3.74
5716,4.24,3.74
5718,4.24,3.74
5720,4.23,3.73
5721,4.22,3.74
5722,4.22,3.74
5723,4.22,3.74
5724,4.21,3.75
5725,4.20,3.75
5726,4.20,3.75
5727,4.20,3.75
5729,4.20,3.76
5730,4.20,3.75
5731,4.20,3.75
5732,4.20,3.76
5733,4.19,3.76
5734,4.19,3.75
5735,4.18,3.76
5736,4.18,3.76
5738,4.18,3.76
5739,4.17,3.76
5740,4.17,3.77
5741,4.17,3.77
5742,4.17,3.77
5743,4.17,3.77
5744,4.17,3.77
5745,4.17,3.77
5747,4.18,3.76
5748,4.18,3.76
5749,4.19,3.76
5750,4.20,3.76
5751,4.20,3.75
5752,4.21,3.75
5753,4.20,3.75
5754,4.20,3.74
5756,4.19,3.74
5757,4.18,3.74
5758,4.17,3.74
5760,4.17,3.75
5761,4.18,3.76
5762,4.18,3.77
5763,4.19,3.77
5764,4.19,3.77
5766,4.20,3.77
5767,4.20,3.76
5768,4.21,3.76
5769,4.21,3.75
5770,4.21,3.75
5771,4.21,3.75
5772,4.20,3.75
5773,4.20,3.75
5775,4.20,3.75
5776,4.19,3.75
5777,4.20,3.76
5778,4.20,3.76
5779,4.19,3.76
5780,4.19,3.76
5781,4.19,3.76
5782,4.19,3.76
5784,4.20,3.76
5785,4.20,3.76
5786,4.20,3.76
5787,4.20,3.76
5788,4.20,3.76
5789,4.20,3.75
5790,4.20,3.75
5791,4.19,3.75
5793,4.19,3.75
5794,4.18,3.76
5795,4.18,3.76
5796,4.19,3.77
5797,4.19,3.77
5798,4.20,3.77
5799,4.21,3.77
5800,4.21,3.77
5803,4.21,3.76
5804,4.21,3.76
5805,4.20,3.75
5806,4.19,3.75
5807,4.18,3.76
5808,4.18,3.76
5809,4.17,3.77
5810,4.17,3.78
5812,4.17,3.79
5813,4.18,3.79
5814,4.19,3.79
5815,4.20,3.78
5816,4.20,3.78
5817,4.21,3.77
5818,4.21,3.77
5819,4.21,3.76
5821,4.20,3.76
5822,4.19,3.75
5823,4.18,3.75
5824,4.18,3.76
5825,4.17,3.78
5826,4.17,3.79
5827,4.17,3.80
5828,4.17,3.80
5830,4.17,3.80
5831,4.17,3.81
5832,4.17,3.80
5833,4.17,3.80
5834,4.17,3.80
5835,4.17,3.79
5836,4.17,3.79
5837,4.17,3.79
5839,4.17,3.79
5840,4.16,3.79
5841,4.16,3.79
5842,4.16,3.79
5843,4.16,3.79
5844,4.16,3.79
5846,4.16,3.80
5847,4.16,3.80
5849,4.16,3.80
5850,4.17,3.80
5851,4.17,3.80
5852,4.17,3.80
5853,4.17,3.80
5854,4.17,3.80
5855,4.17,3.79
5856,4.17,3.79
5858,4.17,3.79
5859,4.17,3.80
5860,4.17,3.80
5861,4.17,3.80
5862,4.17,3.80
5863,4.18,3.81
5864,4.19,3.81
5865,4.19,3.81
5867,4.20,3.81
5868,4.20,3.81
5869,4.21,3.80
5870,4.21,3.80
5871,4.20,3.80
5872,4.20,3.80
5873,4.19,3.80
5874,4.19,3.80
5876,4.19,3.81
5877,4.18,3.81
5878,4.18,3.81
5879,4.18,3.82
5880,4.18,3.82
5881,4.18,3.82
5882,4.19,3.82
5883,4.19,3.82
5885,4.19,3.81
5886,4.20,3.81
5888,4.20,3.81
5889,4.20,3.81
5890,4.20,3.80
5891,4.19,3.80
5892,4.19,3.81
5893,4.18,3.81
5895,4.18,3.81
5896,4.17,3.82
5897,4.17,3.83
5898,4.17,3.83
5899,4.18,3.83
5900,4.18,3.83
5901,4.19,3.83
5903,4.20,3.83
5904,4.21,3.83
5905,4.21,3.82
5906,4.21,3.82
5907,4.20,3.81
5908,4.19,3.80
5909,4.18,3.79
5910,4.17,3.80
5912,4.16,3.80
5913,4.16,3.82
5914,4.15,3.82
5915,4.15,3.83
5916,4.15,3.83
5917,4.15,3.83
5918,4.15,3.83
5919,4.15,3.83
5921,4.16,3.83
5922,4.16,3.82
5923,4.16,3.82
5924,4.17,3.83
5925,4.17,3.83
5926,4.18,3.83
5927,4.19,3.83
5928,4.19,3.83
5931,4.19,3.83
5932,4.19,3.82
5933,4.19,3.82
5934,4.19,3.82
5935,4.19,3.82
5936,4.19,3.81
5937,4.18,3.81
5939,4.18,3.81
5940,4.18,3.81
5941,4.17,3.81
5942,4.17,3.81
5943,4.17,3.82
5944,4.17,3.82
5945,4.17,3.83
5946,4.17,3.83
5948,4.18,3.84
5949,4.18,3.84
5950,4.19,3.83
5951,4.19,3.83
5952,4.20,3.83
5953,4.20,3.83
5954,4.20,3.83
5955,4.20,3.82
5957,4.20,3.82
5958,4.19,3.82
5959,4.19,3.82
5960,4.19,3.82
5961,4.19,3.82
5962,4.20,3.82
5963,4.20,3.82
5964,4.21,3.82
5966,4.20,3.82
5967,4.20,3.81
5968,4.19,3.81
5969,4.18,3.81
5970,4.17,3.81
5971,4.17,3.81
5972,4.17,3.82
5975,4.17,3.83
5976,4.17,3.83
5977,4.17,3.84
5978,4.18,3.84
5979,4.18,3.83
5980,4.19,3.83
5981,4.18,3.82
5982,4.18,3.82
5984,4.18,3.81
5985,4.17,3.81
5986,4.17,3.81
5987,4.16,3.81
5988,4.15,3.81
5989,4.15,3.81
5990,4.15,3.82
5992,4.15,3.82
5993,4.15,3.82
5994,4.16,3.83
5995,4.18,3.83
5996,4.19,3.84
5997,4.21,3.84
5998,4.21,3.84
5999,4.21,3.83
6001,4.21,3.82
6002,4.20,3.81
6003,4.19,3.80
6004,4.19,3.80
6005,4.18,3.80
6006,4.19,3.80
6007,4.19,3.81
6008,4.20,3.81
6010,4.20,3.82
6011,4.21,3.81
6012,4.20,3.81
6013,4.20,3.80
6014,4.19,3.79
6016,4.17,3.79
6017,4.17,3.79
6018,4.16,3.80
6020,4.16,3.80
6021,4.16,3.82
6022,4.16,3.83
6023,4.17,3.83
6024,4.17,3.83
6025,4.18,3.83
6026,4.18,3.82
6028,4.18,3.81
6029,4.19,3.81
6030,4.19,3.81
6031,4.19,3.80
6032,4.19,3.80
6033,4.18,3.80
6034,4.17,3.80
6035,4.16,3.80
6037,4.16,3.81
6038,4.16,3.81
6039,4.16,3.81
6040,4.16,3.81
6041,4.16,3.81
6042,4.17,3.81
6043,4.17,3.81
6044,4.18,3.81
6046,4.18,3.81
6047,4.19,3.81
6048,4.19,3.80
6049,4.19,3.80
6050,4.18,3.80
6051,4.17,3.80
6052,4.17,3.80
6053,4.17,3.80
6055,4.17,3.81
6056,4.16,3.81
6057,4.16,3.81
6059,4.16,3.81
6060,4.16,3.81
6061,4.17,3.81
6062,4.17,3.81
6063,4.17,3.81
6065,4.17,3.81
6066,4.17,3.81
6067,4.18,3.81
6068,4.18,3.81
6069,4.18,3.81
6070,4.18,3.81
6071,4.18,3.81
6073,4.18,3.81
6074,4.18,3.81
6075,4.18,3.81
6076,4.17,3.81
6077,4.16,3.81
6078,4.16,3.81
6079,4.15,3.81
6080,4.15,3.82
6082,4.15,3.82
6083,4.15,3.82
6084,4.15,3.82
6085,4.15,3.82
6086,4.16,3.82
6087,4.16,3.83
6088,4.17,3.83
6090,4.17,3.83
6091,4.17,3.83
6092,4.17,3.83
6093,4.17,3.83
6094,4.16,3.82
6095,4.16,3.82
6096,4.15,3.82
6097,4.15,3.82
6099,4.14,3.82
6100,4.14,3.83
6102,4.15,3.83
6103,4.15,3.83
6104,4.16,3.84
6105,4.17,3.84
6106,4.17,3.84
6107,4.18,3.84
6109,4.19,3.84
6110,4.19,3.83
6111,4.19,3.83
6112,4.19,3.82
6113,4.18,3.82
6114,4.16,3.81
6115,4.16,3.82
6117,4.15,3.82
6118,4.15,3.83
6119,4.15,3.83
6120,4.15,3.83
6121,4.16,3.83
6122,4.16,3.83
6123,4.17,3.83
6124,4.17,3.83
6126,4.17,3.83
6127,4.17,3.82
6128,4.18,3.82
6129,4.18,3.82
6130,4.18,3.82
6131,4.18,3.82
6132,4.17,3.82
6133,4.17,3.82
6135,4.16,3.83
6136,4.16,3.83
6137,4.16,3.83
6138,4.16,3.82
6139,4.16,3.82
6140,4.16,3.82
6141,4.16,3.82
6144,4.16,3.82
6145,4.16,3.82
6146,4.16,3.82
6147,4.16,3.83
6148,4.15,3.83
6149,4.15,3.83
6150,4.14,3.83
6151,4.14,3.83
6153,4.13,3.83
6154,4.13,3.83
6155,4.13,3.83
6156,4.13,3.83
6157,4.12,3.83
6158,4.13,3.83
6159,4.13,3.83
6161,4.14,3.83
6162,4.16,3.84
6163,4.18,3.84
6164,4.19,3.84
6165,4.19,3.84
6166,4.19,3.83
6167,4.18,3.82
6168,4.17,3.81
6170,4.16,3.81
6171,4.15,3.80
6172,4.14,3.81
6173,4.14,3.81
6174,4.15,3.82
6175,4.15,3.82
6176,4.16,3.83
6178,4.16,3.83
6179,4.16,3.83
6180,4.16,3.83
6181,4.15,3.83
6182,4.15,3.82
6183,4.14,3.82
6184,4.14,3.82
6185,4.14,3.83
6188,4.14,3.83
6189,4.14,3.84
6190,4.15,3.84
6191,4.16,3.84
6192,4.16,3.84
6193,4.17,3.84
6194,4.17,3.84
6195,4.17,3.84
6197,4.16,3.83
6198,4.15,3.83
6199,4.14,3.83
6200,4.14,3.83
6201,4.13,3.83
6202,4.13,3.83
6203,4.13,3.84
6205,4.13,3.84
6206,4.13,3.84
6207,4.14,3.84
6208,4.14,3.83
6209,4.15,3.84
6210,4.16,3.84
6211,4.16,3.84
6212,4.16,3.83
6214,4.16,3.83
6215,4.15,3.83
6216,4.15,3.83
6217,4.14,3.83
6218,4.14,3.83
6219,4.13,3.83
6220,4.13,3.83
6222,4.13,3.84
6223,4.13,3.84
6224,4.13,3.84
6225,4.14,3.85
6226,4.15,3.85
6227,4.16,3.85
6228,4.16,3.85
6230,4.16,3.85
6232,4.16,3.84
6233,4.15,3.84
6234,4.15,3.83
6235,4.14,3.82
6236,4.14,3.82
6237,4.13,3.83
6238,4.13,3.83
6240,4.13,3.84
6241,4.13,3.84
6242,4.13,3.85
6243,4.13,3.85
6244,4.13,3.84
6245,4.13,3.84
6246,4.13,3.84
6247,4.13,3.84
6249,4.13,3.84
6250,4.13,3.83
6251,4.13,3.84
6252,4.13,3.84
6253,4.13,3.84
6254,4.13,3.84
6255,4.13,3.84
6257,4.13,3.85
6258,4.13,3.85
6259,4.14,3.85
6260,4.14,3.85
6261,4.14,3.85
6262,4.14,3.85
6263,4.14,3.85
6264,4.14,3.85
6266,4.13,3.85
6267,4.13,3.85
6268,4.13,3.85
6269,4.13,3.85
6270,4.14,3.85
6272,4.15,3.85
6273,4.16,3.86
6275,4.17,3.86
6276,4.17,3.86
6277,4.17,3.86
6278,4.17,3.85
6279,4.16,3.84
6280,4.14,3.83
6281,4.14,3.84
6283,4.13,3.84
6284,4.12,3.85
6285,4.12,3.85
6286,4.11,3.85
6287,4.11,3.85
6288,4.12,3.86
6289,4.12,3.86
6290,4.13,3.86
6292,4.13,3.86
6293,4.13,3.86
6294,4.13,3.86
6295,4.13,3.86
6296,4.13,3.85
6297,4.13,3.86
6298,4.13,3.86
6300,4.13,3.85
6301,4.13,3.86
6302,4.13,3.86
6303,4.13,3.86
6304,4.13,3.86
6305,4.12,3.86
6306,4.12,3.86
6308,4.12,3.86
6309,4.12,3.86
6310,4.12,3.86
6311,4.12,3.86
6312,4.12,3.87
6313,4.13,3.87
6315,4.13,3.87
6316,4.13,3.88
6318,4.13,3.88
6319,4.14,3.87
6320,4.14,3.87
6321,4.14,3.87
6322,4.14,3.86
6323,4.14,3.86
6324,4.13,3.86
6326,4.13,3.87
6327,4.13,3.87
6328,4.13,3.87
6329,4.13,3.88
6330,4.13,3.88
6331,4.13,3.88
6332,4.13,3.88
6333,4.13,3.89
6335,4.12,3.89
6336,4.13,3.89
6337,4.13,3.89
6338,4.13,3.89
6339,4.13,3.89
6340,4.13,3.89
6341,4.13,3.89
6343,4.13,3.89
6344,4.13,3.88
6345,4.13,3.88
6346,4.13,3.88
6347,4.13,3.88
6348,4.14,3.88
6349,4.14,3.89
6350,4.14,3.89
6352,4.14,3.90
6353,4.14,3.90
6354,4.14,3.90
6355,4.13,3.90
6356,4.13,3.90
6358,4.13,3.90
6359,4.13,3.91
6360,4.13,3.91
6362,4.13,3.91
6363,4.13,3.91
6364,4.12,3.91
6365,4.12,3.92
6366,4.13,3.92
6367,4.13,3.92
6368,4.13,3.92
6369,4.14,3.93
6371,4.14,3.93
6372,4.15,3.93
6373,4.15,3.93
6374,4.15,3.93
6375,4.14,3.94
6376,4.14,3.94
6377,4.13,3.94
6379,4.13,3.95
6380,4.13,3.95
6381,4.13,3.96
6382,4.13,3.97
6383,4.13,3.97
6384,4.13,3.98
6385,4.13,3.98
6386,4.13,3.98
6388,4.14,3.99
6389,4.14,3.99
6390,4.14,3.99
6391,4.13,3.99
6392,4.13,3.99
6393,4.13,3.99
6394,4.13,3.99
6395,4.12,3.99
6397,4.12,4.00
6398,4.12,4.00
6400,4.12,4.01
6401,4.12,4.01
6402,4.12,4.01
6403,4.12,4.02
6404,4.12,4.02
6405,4.12,4.03
6407,4.12,4.04
6408,4.11,4.04
6409,4.11,4.05
6410,4.11,4.06
6411,4.11,4.06
6412,4.11,4.07
6413,4.11,4.08
6414,4.11,4.08
6416,4.11,4.09
6417,4.12,4.09
6418,4.13,4.09
6419,4.13,4.10
6420,4.13,4.10
6421,4.13,4.11
6422,4.13,4.11
6423,4.13,4.11
6425,4.13,4.12
6426,4.12,4.13
6427,4.11,4.14
6428,4.11,4.17
6429,4.10,4.19
6430,4.11,4.22
6431,4.11,4.24
6433,4.11,4.27
6434,4.12,4.30
6435,4.12,4.33
6436,4.12,4.35
6437,4.12,4.38
6438,4.12,4.40
6439,4.12,4.43
6440,4.12,4.45
6443,4.12,4.47
6444,4.12,4.49
6445,4.12,4.51
6446,4.12,4.53
6447,4.13,4.55
6448,4.13,4.57
6449,4.13,4.58
6450,4.14,4.60
6452,4.14,4.61
6453,4.15,4.62
6454,4.15,4.64
6455,4.15,4.65
6456,4.16,4.66
6457,4.17,4.68
6458,4.18,4.69
6459,4.19,4.70
6461,4.20,4.71
6462,4.19,4.72
6463,4.19,4.73
6464,4.19,4.74
6465,4.18,4.75
6466,4.17,4.75
6467,4.17,4.76
6468,4.16,4.77
6470,4.16,4.78
6471,4.16,4.78
6472,4.16,4.79
6473,4.15,4.79
6474,4.15,4.80
6475,4.15,4.80
6476,4.15,4.81
6477,4.15,4.81
6479,4.15,4.82
6480,4.15,4.82
6481,4.15,4.83
6482,4.16,4.83
6483,4.17,4.84
6484,4.17,4.84
6486,4.18,4.85
6487,4.18,4.85
6489,4.18,4.85
6490,4.17,4.86
6491,4.17,4.86
6492,4.16,4.86
6493,4.15,4.87
6494,4.15,4.87
6495,4.14,4.87
6496,4.14,4.88
6498,4.13,4.88
6499,4.13,4.88
6500,4.12,4.88
6501,4.12,4.89
6502,4.11,4.89
6503,4.11,4.89
6504,4.10,4.89
6505,4.10,4.89
6507,4.10,4.89
6508,4.10,4.90
6509,4.10,4.89
6510,4.10,4.89
6511,4.11,4.90
6512,4.11,4.90
6513,4.11,4.90
6514,4.11,4.90
6516,4.11,4.90
6517,4.11,4.91
6518,4.10,4.91
6519,4.10,4.91
6520,4.10,4.91
6521,4.09,4.92
6522,4.09,4.92
6523,4.09,4.92
6525,4.09,4.92
6526,4.09,4.92
6528,4.10,4.92
6529,4.10,4.92
6530,4.10,4.92
6531,4.10,4.92
6532,4.10,4.92
6533,4.09,4.93
6535,4.09,4.93
6536,4.09,4.93
6537,4.09,4.93
6538,4.09,4.93
6539,4.10,4.93
6540,4.10,4.93
6541,4.10,4.93
6542,4.10,4.93
6544,4.10,4.93
6545,4.10,4.94
6546,4.09,4.94
6547,4.09,4.94
6548,4.08,4.94
6549,4.08,4.94
6550,4.08,4.94
6551,4.08,4.94
6553,4.07,4.94
6554,4.07,4.94
6555,4.07,4.94
6556,4.07,4.94
6557,4.07,4.94
6558,4.07,4.94
6559,4.07,4.94
6560,4.07,4.94
6562,4.07,4.94
6563,4.08,4.94
6564,4.08,4.94
6565,4.09,4.94
6566,4.09,4.94
6567,4.09,4.94
6568,4.09,4.95
6569,4.09,4.95
6571,4.08,4.95
6573,4.08,4.95
6574,4.08,4.95
6575,4.08,4.95
6576,4.08,4.95
6577,4.08,4.95
6578,4.08,4.95
6579,4.08,4.95
6580,4.07,4.96
6582,4.07,4.95
6583,4.07,4.95
6584,4.07,4.95
6585,4.07,4.95
6586,4.07,4.95
6587,4.07,4.95
6588,4.08,4.95
6589,4.08,4.95
6590,4.08,4.95
6592,4.08,4.95
6593,4.08,4.96
6594,4.07,4.96
6595,4.07,4.96
6596,4.07,4.96
6597,4.07,4.96
6598,4.08,4.95
6600,4.08,4.95
6601,4.09,4.95
6602,4.09,4.96
6603,4.10,4.96
6604,4.10,4.96
6605,4.10,4.96
6606,4.10,4.95
6607,4.10,4.96
6609,4.10,4.96
6610,4.09,4.96
6611,4.09,4.96
6612,4.09,4.96
6614,4.09,4.96
6615,4.08,4.96
6616,4.08,4.96
6617,4.08,4.96
6618,4.08,4.96
6620,4.08,4.96
6621,4.08,4.96
6622,4.08,4.96
6623,4.08,4.96
6624,4.08,4.96
6625,4.08,4.96
6626,4.08,4.96
6627,4.08,4.96
6629,4.08,4.96
6630,4.08,4.96
6631,4.09,4.96
6632,4.09,4.96
6633,4.09,4.96
6634,4.10,4.96
6635,4.09,4.96
6636,4.09,4.96
6638,4.09,4.96
6639,4.09,4.96
6640,4.09,4.96
6641,4.08,4.96
6642,4.08,4.97
6643,4.08,4.96
6644,4.08,4.96
6645,4.08,4.96
6647,4.08,4.96
6648,4.08,4.96
6649,4.08,4.96
6650,4.07,4.96
6651,4.07,4.96
6652,4.07,4.96
6653,4.07,4.96
6654,4.07,4.96
6656,4.07,4.96
6658,4.07,4.96
6659,4.07,4.97
6660,4.06,4.96
6661,4.06,4.96
6662,4.06,4.97
6663,4.05,4.96
6664,4.06,4.96
6665,4.06,4.96
6667,4.06,4.96
6668,4.06,4.96
6669,4.06,4.96
6670,4.07,4.96
6671,4.07,4.96
6672,4.07,4.96
6673,4.07,4.96
6674,4.07,4.96
6676,4.07,4.96
6677,4.07,4.96
6678,4.07,4.96
6679,4.08,4.96
6680,4.08,4.96
6681,4.08,4.95
6682,4.08,4.94
6683,4.09,4.93
6684,4.09,4.92
6686,4.09,4.91
6687,4.09,4.90
6688,4.09,4.88
6689,4.09,4.87
6690,4.09,4.85
6691,4.09,4.83
6692,4.09,4.81
6693,4.09,4.78
6695,4.09,4.76
6696,4.09,4.74
6697,4.09,4.71
6699,4.09,4.68
6700,4.09,4.65
6701,4.09,4.62
6702,4.09,4.60
6703,4.09,4.57
6705,4.08,4.55
6706,4.08,4.52
6707,4.08,4.50
6708,4.08,4.47
6709,4.08,4.45
6710,4.07,4.43
6711,4.07,4.40
6712,4.07,4.38
6714,4.07,4.36
6715,4.06,4.35
6716,4.06,4.33
6717,4.05,4.31
6718,4.05,4.30
6719,4.05,4.28
6720,4.04,4.26
6721,4.04,4.25
6723,4.04,4.23
6724,4.04,4.22
6725,4.04,4.20
6726,4.04,4.18
6727,4.04,4.17
6728,4.04,4.15
6729,4.04,4.13
6730,4.04,4.12
6732,4.04,4.11
6733,4.04,4.10
6734,4.03,4.09
6735,4.04,4.08
6736,4.04,4.07
6737,4.04,4.06
6738,4.04,4.05
6739,4.04,4.04
6740,4.04,4.03
6743,4.04,4.02
6744,4.04,4.01
6745,4.04,4.01
6746,4.04,4.00
6747,4.04,3.99
6748,4.04,3.99
6749,4.04,3.98
6750,4.04,3.98
6752,4.04,3.97
6753,4.04,3.97
6754,4.04,3.96
6755,4.04,3.96
6756,4.04,3.95
6757,4.04,3.95
6758,4.04,3.94
6759,4.05,3.94
6761,4.05,3.93
6762,4.05,3.93
6763,4.05,3.92
6764,4.05,3.92
6765,4.05,3.91
6766,4.06,3.91
6767,4.06,3.91
6768,4.06,3.90
6770,4.06,3.90
6771,4.06,3.89
6772,4.07,3.89
6773,4.07,3.89
6774,4.07,3.88
6775,4.07,3.88
6776,4.07,3.88
6777,4.07,3.87
6779,4.07,3.87
6780,4.07,3.87
6781,4.08,3.87
6782,4.08,3.86
6784,4.08,3.86
6785,4.08,3.86
6786,4.08,3.86
6787,4.08,3.85
6789,4.08,3.85
6790,4.08,3.85
6791,4.08,3.85
6792,4.08,3.85
6793,4.08,3.84
6794,4.08,3.84
6795,4.08,3.84
6796,4.08,3.84
6798,4.08,3.84
6799,4.08,3.84
6800,4.08,3.84
6801,4.08,3.83
6802,4.08,3.83
6803,4.08,3.83
6804,4.09,3.83
6805,4.09,3.83
6807,4.09,3.83
6808,4.09,3.83
6809,4.09,3.82
6810,4.09,3.82
6811,4.09,3.82
6812,4.09,3.82
6813,4.09,3.82
6814,4.09,3.82
6816,4.08,3.82
6817,4.08,3.82
6818,4.08,3.82
6819,4.08,3.82
6820,4.08,3.82
6821,4.08,3.81
6822,4.08,3.81
6823,4.08,3.81
6825,4.08,3.81
6827,4.08,3.81
6828,4.08,3.81
6829,4.08,3.81
6830,4.08,3.81
6831,4.08,3.81
6832,4.08,3.81
6833,4.08,3.80
6835,4.08,3.80
6836,4.08,3.80
6837,4.07,3.80
6838,4.07,3.80
6839,4.07,3.80
6840,4.07,3.80
6841,4.07,3.80
6842,4.07,3.79
6843,4.07,3.79
6845,4.07,3.79
6846,4.07,3.79
6847,4.07,3.79
6848,4.07,3.79
6849,4.07,3.79
6850,4.07,3.79
6851,4.07,3.78
6852,4.07,3.78
6854,4.07,3.78
6855,4.07,3.78
6856,4.06,3.78
6857,4.06,3.78
6858,4.06,3.78
6859,4.06,3.77
6860,4.06,3.77
6861,4.06,3.77
6863,4.06,3.77
6864,4.06,3.77
6865,4.06,3.77
6866,4.07,3.77
6867,4.07,3.77
6868,4.07,3.77
6870,4.07,3.76
6871,4.07,3.76
6873,4.07,3.76
6874,4.07,3.76
6875,4.07,3.75
6876,4.07,3.75
6877,4.07,3.75
6878,4.07,3.75
6879,4.07,3.75
6880,4.07,3.75
6882,4.07,3.75
6883,4.07,3.75
6884,4.07,3.75
6885,4.06,3.75
6886,4.06,3.75
6887,4.06,3.75
6888,4.06,3.74
6889,4.06,3.74
6891,4.06,3.74
6892,4.06,3.74
6893,4.06,3.74
6894,4.06,3.74
6895,4.06,3.74
6896,4.06,3.74
6897,4.06,3.73
6898,4.06,3.73
6900,4.06,3.73
6901,4.06,3.73
6902,4.06,3.73
6903,4.06,3.73
6904,4.06,3.73
6905,4.05,3.73
6906,4.05,3.73
6907,4.06,3.73
6909,4.05,3.73
6910,4.05,3.73
6912,4.05,3.73
6913,4.05,3.73
6914,4.06,3.73
6915,4.06,3.73
6916,4.06,3.73
6917,4.06,3.73
6919,4.06,3.73
6920,4.06,3.73
6921,4.06,3.72
6922,4.06,3.72
6923,4.06,3.72
6924,4.06,3.72
6925,4.06,3.72
6926,4.06,3.72
6928,4.06,3.72
6929,4.06,3.72
6930,4.06,3.72
6931,4.06,3.72
6932,4.06,3.72
6933,4.06,3.72
6934,4.06,3.72
6935,4.06,3.72
6937,4.06,3.72
6938,4.06,3.72
6939,4.06,3.72
6940,4.06,3.72
6941,4.06,3.72
6942,4.07,3.72
6943,4.06,3.72
6944,4.07,3.72
6946,4.07,3.72
6947,4.07,3.71
6948,4.07,3.71
6949,4.07,3.71
6950,4.07,3.71
6951,4.07,3.71
6952,4.07,3.71
6953,4.07,3.71
6956,4.07,3.71
6957,4.07,3.71
6958,4.07,3.71
6959,4.07,3.71
6960,4.07,3.71
6961,4.07,3.71
6962,4.07,3.71
6963,4.07,3.71
6965,4.07,3.71
6966,4.07,3.71
6967,4.07,3.70
6968,4.07,3.70
6969,4.07,3.70
6970,4.07,3.70
6971,4.07,3.70
6972,4.07,3.70
6973,4.07,3.70
6975,4.07,3.70
6976,4.06,3.70
6977,4.06,3.70
6978,4.06,3.70
6979,4.06,3.70
6980,4.06,3.70
6981,4.06,3.70
6982,4.06,3.70
6984,4.06,3.70
6985,4.06,3.70
6986,4.06,3.70
6987,4.06,3.70
6988,4.06,3.70
6989,4.06,3.70
6990,4.06,3.70
6991,4.06,3.70
6992,4.06,3.70
6994,4.06,3.70
6995,4.06,3.70
6996,4.06,3.70
6998,4.06,3.70
6999,4.06,3.70
7000,4.06,3.70
7001,4.06,3.70
7002,4.06,3.70
7004,4.06,3.70
7005,4.06,3.70
7006,4.06,3.70
7007,4.06,3.70
7008,4.06,3.70
7009,4.06,3.70
7010,4.06,3.70
7011,4.06,3.70
7013,4.06,3.70
7014,4.06,3.70
7015,4.07,3.70
7016,4.07,3.70
7017,4.07,3.70
7018,4.07,3.70
7019,4.06,3.70
7020,4.06,3.70
7022,4.07,3.70
7023,4.07,3.70
7024,4.07,3.70
7025,4.07,3.70
7026,4.07,3.70
7027,4.07,3.69
7028,4.07,3.70
7029,4.07,3.70
7031,4.07,3.70
7032,4.07,3.69
7033,4.07,3.69
7034,4.07,3.69
7035,4.07,3.69
7036,4.07,3.69
7037,4.07,3.69
7038,4.07,3.69
7041,4.07,3.69
7042,4.07,3.69
7043,4.07,3.69
7044,4.07,3.69
7045,4.07,3.69
7046,4.07,3.69
7047,4.07,3.69
7048,4.07,3.69
7050,4.07,3.69
7051,4.07,3.69
7052,4.07,3.69
7053,4.07,3.69
7054,4.07,3.69
7055,4.07,3.69
7056,4.07,3.69
7057,4.07,3.69
7058,4.08,3.69
7060,4.08,3.69
7061,4.08,3.69
7062,4.08,3.69
7063,4.08,3.70
7064,4.08,3.69
7065,4.08,3.69
7066,4.08,3.69
7067,4.08,3.69
7069,4.08,3.69
7070,4.08,3.69
7071,4.08,3.69
7072,4.08,3.69
7073,4.08,3.69
7074,4.08,3.69
7075,4.08,3.69
7076,4.08,3.69
7078,4.08,3.69
7079,4.08,3.69
7080,4.09,3.69
7081,4.09,3.69
7083,4.09,3.69
7084,4.09,3.69
7085,4.08,3.69
7086,4.08,3.69
7088,4.08,3.68
7089,4.08,3.68
7090,4.08,3.68
7091,4.08,3.68
7092,4.08,3.68
7093,4.09,3.68
7094,4.09,3.68
7095,4.09,3.68
7097,4.09,3.68
7098,4.09,3.68
7099,4.09,3.68
7100,4.09,3.68
7101,4.09,3.68
7102,4.09,3.68
7103,4.09,3.68
7104,4.09,3.68
7106,4.09,3.68
7107,4.09,3.68
7108,4.09,3.68
7109,4.09,3.68
7110,4.09,3.68
7111,4.09,3.68
7112,4.09,3.69
7113,4.09,3.69
7115,4.08,3.69
7116,4.09,3.69
7117,4.09,3.69
7118,4.09,3.69
7119,4.09,3.70
7120,4.09,3.70
7121,4.09,3.70
7122,4.09,3.70
7124,4.09,3.71
7126,4.09,3.71
7127,4.09,3.71
7128,4.09,3.71
7129,4.09,3.72
7130,4.09,3.72
7131,4.09,3.72
7132,4.09,3.73
7134,4.09,3.73
7135,4.09,3.74
7136,4.09,3.74
7137,4.09,3.75
7138,4.09,3.76
7139,4.09,3.77
7140,4.10,3.77
7141,4.10,3.78
7143,4.10,3.79
7144,4.10,3.80
7145,4.10,3.81
7146,4.10,3.81
7147,4.10,3.82
7148,4.10,3.84
7149,4.10,3.85
7150,4.10,3.86
7152,4.10,3.87
7153,4.10,3.89
7154,4.10,3.90
7155,4.10,3.91
7156,4.10,3.93
7157,4.10,3.94
7158,4.10,3.96
7159,4.10,3.98
7161,4.10,4.01
7162,4.10,4.03
7163,4.10,4.07
7164,4.10,4.10
7165,4.10,4.13
7166,4.11,4.17
7168,4.11,4.20
7169,4.11,4.23
7171,4.12,4.27
7172,4.12,4.29
7173,4.12,4.33
7174,4.13,4.35
7175,4.13,4.37
7176,4.14,4.40
7177,4.14,4.42
7178,4.15,4.45
7180,4.15,4.47
7181,4.16,4.49
7182,4.17,4.51
7183,4.17,4.53
7184,4.18,4.55
7185,4.18,4.56
7186,4.19,4.58
7188,4.19,4.59
7189,4.19,4.61
7190,4.20,4.62
7191,4.20,4.64
7192,4.20,4.65
7193,4.20,4.66
7194,4.20,4.67
7195,4.20,4.68
7197,4.20,4.69
7198,4.21,4.71
7199,4.21,4.71
7200,4.21,4.72
7201,4.21,4.73
7202,4.21,4.74
7203,4.21,4.75
7204,4.20,4.76
7206,4.20,4.77
7207,4.20,4.77
7208,4.20,4.78
7209,4.19,4.78
7211,4.19,4.79
7212,4.19,4.79
7213,4.19,4.80
7214,4.19,4.81
7216,4.18,4.81
7217,4.18,4.82
7218,4.18,4.82
7219,4.18,4.83
7220,4.17,4.83
7221,4.17,4.84
7222,4.16,4.84
7223,4.16,4.84
7225,4.15,4.85
7226,4.15,4.85
7227,4.14,4.86
7228,4.14,4.86
7229,4.14,4.86
7230,4.13,4.86
7231,4.13,4.87
7232,4.13,4.87
7234,4.13,4.87
7235,4.12,4.88
7236,4.12,4.88
7237,4.12,4.88
7238,4.11,4.88
7239,4.11,4.88
7240,4.10,4.89
7241,4.10,4.89
7243,4.10,4.89
7244,4.10,4.89
7245,4.09,4.89
7246,4.09,4.89
7247,4.09,4.90
7248,4.09,4.90
7249,4.09,4.90
7250,4.08,4.90
7252,4.08,4.90
7254,4.08,4.90
7255,4.08,4.91
7256,4.08,4.91
7257,4.08,4.91
7258,4.08,4.91
7259,4.08,4.91
7260,4.08,4.91
7262,4.08,4.91
7263,4.08,4.91
7264,4.08,4.92
7265,4.08,4.92
7266,4.08,4.92
7267,4.08,4.92
7268,4.08,4.92
7269,4.08,4.92
7271,4.08,4.92
7272,4.08,4.93
7273,4.08,4.93
7274,4.08,4.93
7275,4.08,4.93
7276,4.08,4.93
7277,4.08,4.93
7278,4.08,4.93
7280,4.08,4.93
7281,4.08,4.93
7282,4.08,4.93
7283,4.08,4.93
7284,4.08,4.93
7285,4.08,4.94
7286,4.08,4.94
7287,4.08,4.94
7289,4.08,4.94
7290,4.09,4.94
7291,4.09,4.94
7292,4.09,4.94
7293,4.09,4.94
7294,4.09,4.94
7296,4.09,4.94
7297,4.09,4.95
7298,4.08,4.95
7300,4.08,4.95
7301,4.08,4.95
7302,4.08,4.95
7303,4.08,4.95
7304,4.08,4.95
7305,4.07,4.95
7306,4.08,4.95
7308,4.07,4.95
7309,4.07,4.95
7310,4.07,4.95
7311,4.07,4.95
7312,4.07,4.95
7313,4.07,4.95
7314,4.07,4.95
7315,4.07,4.95
7317,4.07,4.95
7318,4.07,4.95
7319,4.07,4.95
7320,4.08,4.95
7321,4.08,4.95
7322,4.08,4.95
7323,4.08,4.95
7324,4.08,4.95
7326,4.08,4.95
7327,4.08,4.95
7328,4.08,4.95
7329,4.07,4.96
7330,4.07,4.96
7331,4.07,4.96
7332,4.07,4.96
7333,4.07,4.96
7335,4.07,4.96
7336,4.07,4.96
7337,4.07,4.96
7339,4.07,4.96
7340,4.07,4.96
7341,4.07,4.96
7342,4.07,4.96
7343,4.07,4.96
7345,4.07,4.96
7346,4.07,4.96
7347,4.07,4.96
7348,4.07,4.96
7349,4.07,4.96
7350,4.07,4.96
7351,4.07,4.96
7353,4.07,4.96
7354,4.07,4.96
7355,4.07,4.96
7356,4.07,4.96
7357,4.07,4.96
7358,4.07,4.96
7359,4.07,4.96
7360,4.07,4.96
7362,4.07,4.96
7363,4.07,4.96
7364,4.07,4.96
7365,4.07,4.96
7366,4.07,4.96
7367,4.07,4.96
7368,4.08,4.96
7370,4.08,4.96
7371,4.08,4.96
7372,4.08,4.96
7373,4.08,4.96
7374,4.08,4.96
7375,4.08,4.96
7376,4.08,4.96
7377,4.08,4.96
7379,4.07,4.96
7380,4.07,4.96
7382,4.07,4.96
7383,4.07,4.96
7384,4.07,4.96
7385,4.07,4.96
7386,4.07,4.96
7387,4.07,4.96
7388,4.07,4.96
7390,4.07,4.96
7391,4.07,4.96
7392,4.07,4.96
7393,4.07,4.96
7394,4.07,4.96
7395,4.07,4.96
7396,4.07,4.96
7397,4.07,4.96
7399,4.07,4.96
7400,4.07,4.96
7401,4.07,4.96
7402,4.07,4.96
7403,4.07,4.96
7404,4.07,4.96
7405,4.07,4.96
7406,4.07,4.96
7408,4.07,4.96
7409,4.07,4.96
7410,4.06,4.96
7411,4.06,4.96
7412,4.06,4.96
7413,4.06,4.96
7414,4.06,4.96
7415,4.06,4.96
7416,4.06,4.96
7418,4.06,4.96
7419,4.07,4.96
7420,4.07,4.96
7421,4.07,4.96
7422,4.07,4.96
7424,4.07,4.96
7425,4.07,4.96
7426,4.07,4.96
7428,4.07,4.96
7429,4.07,4.96
7430,4.07,4.96
7431,4.07,4.96
7432,4.07,4.96
7433,4.07,4.96
7434,4.07,4.96
7435,4.07,4.96
7437,4.07,4.96
7438,4.07,4.96
7439,4.07,4.96
7440,4.07,4.96
7441,4.07,4.96
7442,4.07,4.96
7443,4.07,4.96
7444,4.07,4.97
7446,4.07,4.96
7447,4.07,4.96
7448,4.07,4.97
7449,4.07,4.96
7450,4.08,4.96
7451,4.08,4.96
7452,4.08,4.96
7453,4.08,4.96
7454,4.08,4.96
7456,4.08,4.97
7457,4.07,4.97
7458,4.07,4.97
7459,4.07,4.97
7460,4.07,4.97
7461,4.07,4.97
7462,4.07,4.96
7464,4.07,4.97
7465,4.07,4.96
7467,4.07,4.96
7468,4.07,4.97
7469,4.07,4.97
7470,4.07,4.97
7471,4.07,4.96
7472,4.07,4.96
7474,4.07,4.96
7475,4.07,4.96
7476,4.07,4.96
7477,4.07,4.97
7478,4.07,4.97
7479,4.07,4.97
7480,4.07,4.96
7481,4.07,4.97
7483,4.07,4.97
7484,4.07,4.97
7485,4.07,4.97
7486,4.07,4.96
7487,4.07,4.96
7488,4.07,4.96
7489,4.07,4.96
7490,4.08,4.96
7492,4.08,4.96
7493,4.08,4.97
7494,4.08,4.96
7495,4.08,4.97
7496,4.08,4.97
7497,4.08,4.97
7498,4.08,4.97
7499,4.07,4.97
7501,4.07,4.97
7502,4.07,4.97
7503,4.07,4.97
7504,4.07,4.97
7505,4.07,4.97
7506,4.07,4.97
7507,4.07,4.97
7510,4.07,4.97
7511,4.07,4.97
7512,4.07,4.97
7513,4.07,4.97
7514,4.07,4.97
7515,4.07,4.97
7516,4.08,4.97
7517,4.08,4.97
7519,4.08,4.97
7520,4.08,4.96
7521,4.08,4.96
7522,4.08,4.95
7523,4.08,4.94
7524,4.08,4.92
7525,4.09,4.90
7526,4.09,4.89
7528,4.09,4.86
7529,4.09,4.83
7530,4.09,4.79
7531,4.09,4.76
7532,4.09,4.73
7533,4.09,4.69
7534,4.09,4.65
7535,4.09,4.61
7537,4.09,4.57
7538,4.08,4.54
7539,4.08,4.51
7540,4.08,4.48
7541,4.08,4.44
7542,4.08,4.41
7543,4.08,4.38
7544,4.08,4.35
7546,4.08,4.32
7547,4.08,4.29
7548,4.07,4.26
7549,4.07,4.23
7550,4.06,4.20
7552,4.06,4.18
7553,4.05,4.15
7554,4.05,4.13
7556,4.04,4.11
7557,4.03,4.09
7558,4.03,4.07
7559,4.02,4.05
7560,4.02,4.03
7561,4.02,4.02
7562,4.01,4.00
7563,4.01,3.98
7564,4.01,3.97
7566,4.01,3.95
7567,4.01,3.94
7568,4.02,3.93
7569,4.02,3.91
7570,4.02,3.90
7571,4.02,3.89
7572,4.02,3.88
7573,4.02,3.87
7575,4.02,3.85
7576,4.02,3.84
7577,4.02,3.83
7578,4.02,3.82
7579,4.02,3.81
7580,4.02,3.80
7581,4.02,3.79
7582,4.02,3.78
7584,4.02,3.77
7585,4.02,3.76
7586,4.02,3.76
7587,4.02,3.75
7588,4.03,3.74
7589,4.03,3.73
7590,4.03,3.73
7591,4.03,3.72
7593,4.04,3.71
7595,4.04,3.71
7596,4.04,3.70
7597,4.04,3.70
7598,4.05,3.70
7599,4.04,3.69
7600,4.05,3.68
7601,4.05,3.68
7603,4.05,3.67
7604,4.05,3.67
7605,4.05,3.66
7606,4.05,3.66
7607,4.05,3.65
7608,4.05,3.65
7609,4.05,3.64
7610,4.05,3.63
7612,4.05,3.63
7613,4.04,3.62
7614,4.04,3.62
7615,4.04,3.61
7616,4.04,3.61
7617,4.04,3.61
7618,4.04,3.61
7619,4.05,3.61
7621,4.05,3.61
7622,4.05,3.61
7623,4.05,3.61
7624,4.05,3.61
7625,4.06,3.60
7626,4.06,3.60
7627,4.06,3.60
7628,4.06,3.59
7630,4.06,3.59
7631,4.06,3.59
7632,4.06,3.59
7633,4.06,3.59
7634,4.06,3.58
7635,4.06,3.58
7636,4.06,3.58
7638,4.06,3.58
7640,4.06,3.58
7641,4.06,3.58
7642,4.06,3.58
7643,4.06,3.58
7644,4.06,3.58
7645,4.06,3.58
7646,4.06,3.58
7647,4.06,3.58
7649,4.06,3.58
7650,4.06,3.58
7651,4.07,3.58
7652,4.07,3.58
7653,4.07,3.58
7654,4.08,3.58
7655,4.08,3.58
7656,4.09,3.59
7658,4.09,3.58
7659,4.09,3.58
7660,4.09,3.58
7661,4.09,3.58
7662,4.09,3.58
7663,4.09,3.57
7664,4.08,3.57
7665,4.07,3.57
7667,4.07,3.57
7668,4.07,3.58
7669,4.07,3.58
7670,4.07,3.58
7671,4.07,3.59
7672,4.06,3.59
7673,4.06,3.59
7674,4.06,3.59
7676,4.06,3.59
7677,4.06,3.59
7678,4.06,3.59
7680,4.05,3.59
7681,4.05,3.59
7682,4.05,3.59
7683,4.05,3.59
7684,4.05,3.59
7686,4.05,3.59
7687,4.05,3.59
7688,4.04,3.59
7689,4.04,3.59
7690,4.04,3.59
7691,4.04,3.59
7692,4.04,3.59
7693,4.04,3.59
7695,4.04,3.59
7696,4.04,3.59
7697,4.04,3.59
7698,4.04,3.59
7699,4.04,3.59
7700,4.04,3.59
7701,4.05,3.59
7702,4.05,3.60
7703,4.05,3.60
7705,4.06,3.60
7706,4.06,3.60
7707,4.06,3.60
7708,4.06,3.60
7709,4.06,3.60
7710,4.06,3.60
7711,4.06,3.60
7712,4.07,3.60
7714,4.06,3.60
7715,4.07,3.59
7716,4.07,3.60
7717,4.07,3.59
7718,4.07,3.60
7719,4.07,3.60
7720,4.07,3.60
7721,4.07,3.60
7723,4.07,3.60
7725,4.07,3.60
7726,4.07,3.60
7727,4.07,3.60
7728,4.07,3.60
7729,4.07,3.60
7730,4.07,3.60
7731,4.07,3.61
7732,4.08,3.61
7734,4.08,3.61
7735,4.08,3.61
7736,4.08,3.61
7737,4.08,3.61
7738,4.08,3.61
7739,4.08,3.61
7740,4.08,3.61
7741,4.07,3.61
7743,4.07,3.61
7744,4.07,3.61
7745,4.07,3.61
7746,4.07,3.61
7747,4.07,3.61
7748,4.06,3.61
7749,4.06,3.61
7750,4.07,3.61
7752,4.07,3.61
7753,4.07,3.61
7754,4.07,3.61
7755,4.08,3.61
7756,4.09,3.61
7757,4.09,3.61
7758,4.09,3.61
7759,4.09,3.61
7761,4.08,3.60
7762,4.08,3.60
7763,4.08,3.60
7764,4.07,3.60
7766,4.07,3.60
7767,4.07,3.60
7768,4.07,3.60
7769,4.07,3.61
7771,4.07,3.61
7772,4.07,3.61
7773,4.07,3.61
7774,4.07,3.61
7775,4.07,3.61
7776,4.07,3.61
7777,4.07,3.61
7778,4.08,3.61
7780,4.08,3.61
7781,4.08,3.61
7782,4.09,3.61
7783,4.09,3.61
7784,4.09,3.61
7785,4.09,3.61
7786,4.10,3.61
7787,4.10,3.60
7789,4.10,3.60
7790,4.09,3.60
7791,4.09,3.60
7792,4.08,3.59
7793,4.08,3.59
7794,4.07,3.59
7795,4.07,3.60
7796,4.06,3.60
7797,4.06,3.60
7799,4.06,3.61
7800,4.06,3.61
7801,4.05,3.61
7802,4.05,3.61
7803,4.05,3.61
7804,4.05,3.62
7805,4.05,3.61
7806,4.05,3.61
7809,4.05,3.61
7810,4.05,3.61
7811,4.05,3.61
7812,4.05,3.61
7813,4.05,3.61
7814,4.05,3.61
7815,4.05,3.61
7816,4.06,3.61
7818,4.06,3.61
7819,4.06,3.61
7820,4.06,3.61
7821,4.06,3.61
7822,4.06,3.62
7823,4.06,3.61
7824,4.07,3.62
7825,4.07,3.62
7827,4.07,3.62
7828,4.07,3.62
7829,4.07,3.62
7830,4.07,3.62
7831,4.07,3.62
7832,4.07,3.62
7833,4.07,3.61
7834,4.07,3.61
7836,4.08,3.62
7837,4.08,3.62
7838,4.08,3.62
7839,4.09,3.62
7840,4.09,3.62
7841,4.09,3.62
7842,4.09,3.62
7843,4.09,3.61
7845,4.09,3.62
7846,4.08,3.62
7847,4.08,3.62
7848,4.08,3.62
7849,4.08,3.62
7851,4.07,3.63
7852,4.07,3.63
7853,4.07,3.63
7855,4.07,3.63
7856,4.06,3.63
7857,4.06,3.63
7858,4.06,3.63
7859,4.06,3.63
7860,4.06,3.63
7861,4.06,3.63
7862,4.06,3.63
7864,4.06,3.63
7865,4.06,3.62
7866,4.06,3.62
7867,4.07,3.62
7868,4.07,3.62
7869,4.08,3.62
7870,4.08,3.62
7871,4.08,3.62
7873,4.08,3.62
7874,4.07,3.62
7875,4.07,3.62
7876,4.07,3.62
7877,4.06,3.61
7878,4.06,3.62
7879,4.06,3.62
7881,4.06,3.62
7882,4.06,3.63
7883,4.06,3.63
7884,4.06,3.63
7885,4.06,3.63
7886,4.06,3.63
7887,4.06,3.63
7888,4.06,3.63
7890,4.05,3.63
7891,4.06,3.63
7892,4.06,3.63
7894,4.06,3.63
7895,4.06,3.63
7896,4.06,3.63
7897,4.07,3.63
7898,4.07,3.63
7900,4.07,3.63
7901,4.08,3.63
7902,4.08,3.63
7903,4.08,3.63
7904,4.07,3.62
7905,4.07,3.62
7906,4.07,3.62
7907,4.07,3.63
7909,4.07,3.63
7910,4.07,3.63
7911,4.07,3.63
7912,4.06,3.64
7913,4.06,3.64
7914,4.07,3.64
7915,4.07,3.64
7916,4.07,3.64
7918,4.07,3.64
7919,4.07,3.64
7920,4.08,3.63
7921,4.08,3.64
7922,4.08,3.64
7923,4.09,3.64
7924,4.10,3.64
7925,4.10,3.64
7927,4.10,3.64
7928,4.11,3.64
7929,4.11,3.64
7930,4.11,3.63
7931,4.10,3.63
7932,4.10,3.63
7933,4.09,3.62
7936,4.09,3.62
7937,4.08,3.63
7938,4.08,3.63
7939,4.08,3.63
7940,4.08,3.64
7941,4.08,3.64
7942,4.08,3.64
7943,4.08,3.64
7945,4.08,3.64
7946,4.08,3.64
7947,4.08,3.64
7948,4.07,3.64
7949,4.07,3.64
7950,4.07,3.64
7951,4.07,3.64
7952,4.07,3.64
7954,4.07,3.64
7955,4.07,3.64
7956,4.07,3.64
7957,4.07,3.65
7958,4.08,3.65
7959,4.07,3.65
7960,4.07,3.65
7961,4.07,3.65
7963,4.07,3.65
7964,4.08,3.65
7965,4.08,3.65
7966,4.08,3.65
7967,4.09,3.65
7968,4.09,3.65
7969,4.09,3.65
7970,4.09,3.65
7972,4.09,3.65
7973,4.09,3.65
7974,4.09,3.65
7975,4.09,3.65
7976,4.08,3.66
7977,4.08,3.67
7979,4.08,3.67
7980,4.08,3.67
7982,4.08,3.67
7983,4.08,3.68
7984,4.07,3.68
7985,4.07,3.68
7986,4.07,3.68
7987,4.07,3.68
7988,4.07,3.68
7990,4.07,3.68
7991,4.06,3.68
7992,4.06,3.68
7993,4.06,3.68
7994,4.06,3.69
7995,4.06,3.69
7996,4.06,3.69
7997,4.06,3.69
7999,4.06,3.69
8000,4.06,3.69
8001,4.06,3.70
8002,4.06,3.69
8003,4.06,3.69
8004,4.06,3.69
8005,4.06,3.69
8006,4.06,3.69
8007,4.06,3.69
8009,4.06,3.69
8010,4.06,3.69
8011,4.06,3.69
8012,4.06,3.69
8013,4.06,3.70
8014,4.06,3.70
8015,4.06,3.70
8016,4.06,3.70
8018,4.07,3.70
8019,4.07,3.69
8020,4.08,3.70
8022,4.09,3.70
8023,4.09,3.70
8024,4.10,3.70
8025,4.10,3.70
8026,4.11,3.70
8028,4.11,3.70
8029,4.10,3.69
8030,4.10,3.69
8031,4.09,3.68
8032,4.08,3.68
8033,4.08,3.68
8034,4.08,3.69
8035,4.07,3.70
8037,4.07,3.70
8038,4.06,3.70
8039,4.06,3.71
8040,4.06,3.71
8041,4.06,3.71
8042,4.06,3.71
8043,4.05,3.71
8044,4.05,3.71
8046,4.05,3.71
8047,4.05,3.71
8048,4.05,3.71
8049,4.05,3.71
8050,4.05,3.71
8051,4.05,3.71
8052,4.05,3.71
8053,4.05,3.71
8055,4.05,3.71
8056,4.05,3.71
8057,4.05,3.71
8058,4.05,3.71
8059,4.05,3.71
8060,4.05,3.71
8061,4.05,3.71
8062,4.05,3.71
8065,4.04,3.71
8066,4.05,3.72
8067,4.05,3.72
8068,4.05,3.72
8069,4.05,3.72
8070,4.06,3.72
8071,4.06,3.72
8072,4.07,3.72
8074,4.07,3.72
8075,4.07,3.72
8076,4.08,3.72
8077,4.08,3.72
8078,4.08,3.71
8079,4.08,3.71
8080,4.08,3.71
8081,4.08,3.71
8083,4.08,3.72
8084,4.08,3.72
8085,4.08,3.72
8086,4.08,3.71
8087,4.08,3.71
8088,4.08,3.71
8089,4.08,3.72
8090,4.08,3.72
8092,4.08,3.72
8093,4.08,3.72
8094,4.08,3.72
8095,4.08,3.72
8096,4.08,3.72
8097,4.08,3.72
8098,4.08,3.72
8099,4.08,3.72
8100,4.08,3.72
8102,4.07,3.72
8103,4.07,3.72
8104,4.07,3.73
8105,4.07,3.73
8107,4.07,3.73
8108,4.06,3.73
8109,4.06,3.73
8110,4.06,3.73
8112,4.06,3.73
8113,4.06,3.74
8114,4.05,3.74
8115,4.05,3.73
8116,4.05,3.74
8117,4.05,3.74
8118,4.05,3.74
8119,4.05,3.74
8121,4.05,3.74
8122,4.05,3.74
8123,4.05,3.74
8124,4.05,3.74
8125,4.05,3.74
8126,4.05,3.74
8127,4.05,3.74
8128,4.05,3.73
8130,4.05,3.73
8131,4.05,3.73
8132,4.05,3.73
8133,4.05,3.73
8134,4.05,3.74
8135,4.05,3.74
8136,4.06,3.74
8137,4.06,3.74
8139,4.06,3.74
8140,4.06,3.74
8141,4.06,3.74
8142,4.06,3.74
8143,4.06,3.74
8144,4.06,3.74
8145,4.06,3.74
8146,4.06,3.74
8148,4.07,3.74
8150,4.07,3.74
8151,4.07,3.74
8152,4.07,3.74
8153,4.07,3.74
8154,4.07,3.74
8155,4.07,3.74
8156,4.07,3.75
8158,4.07,3.75
8159,4.06,3.75
8160,4.06,3.75
8161,4.06,3.75
8162,4.06,3.75
8163,4.06,3.75
8164,4.07,3.75
8165,4.07,3.75
8167,4.07,3.75
8168,4.07,3.74
8169,4.07,3.74
8170,4.07,3.74
8171,4.07,3.74
8172,4.06,3.74
8173,4.06,3.74
8174,4.06,3.74
8176,4.06,3.74
8177,4.06,3.75
8178,4.06,3.75
8179,4.06,3.75
8180,4.06,3.75
8181,4.06,3.75
8182,4.06,3.75
8183,4.06,3.75
8185,4.06,3.75
8186,4.06,3.75
8187,4.06,3.75
8188,4.06,3.75
8189,4.06,3.74
8190,4.06,3.74
8192,4.06,3.74
8193,4.06,3.74
8195,4.06,3.74
8196,4.06,3.74
8197,4.06,3.74
8198,4.06,3.75
8199,4.06,3.75
8200,4.06,3.75
8201,4.06,3.75
8202,4.07,3.75
8204,4.07,3.75
8205,4.07,3.75
8206,4.07,3.75
8207,4.08,3.75
8208,4.08,3.75
8209,4.08,3.75
8210,4.08,3.75
8211,4.08,3.75
8213,4.08,3.74
8214,4.08,3.74
8215,4.07,3.74
8216,4.07,3.74
8217,4.07,3.74
8218,4.07,3.75
8219,4.07,3.75
8220,4.07,3.75
8222,4.07,3.75
8223,4.07,3.75
8224,4.07,3.75
8225,4.06,3.75
8226,4.06,3.75
8227,4.07,3.75
8228,4.07,3.75
8229,4.07,3.75
8231,4.07,3.75
8232,4.07,3.75
8233,4.07,3.75
8235,4.07,3.75
8236,4.07,3.74
8237,4.07,3.74
8238,4.07,3.74
8239,4.07,3.74
8241,4.07,3.74
8242,4.07,3.74
8243,4.07,3.74
8244,4.07,3.74
8245,4.07,3.74
8246,4.07,3.75
8247,4.07,3.75
8248,4.07,3.75
8250,4.07,3.75
8251,4.07,3.75
8252,4.07,3.75
8253,4.07,3.75
8254,4.07,3.75
8255,4.07,3.75
8256,4.07,3.75
8257,4.07,3.75
8258,4.07,3.75
8260,4.08,3.75
8261,4.08,3.75
8262,4.09,3.75
8263,4.10,3.76
8264,4.10,3.75
8265,4.10,3.75
8266,4.11,3.75
8268,4.10,3.75
8269,4.10,3.74
8270,4.10,3.74
8271,4.09,3.74
8272,4.09,3.73
8273,4.08,3.73
8274,4.08,3.74
8275,4.08,3.74
8278,4.08,3.74
8279,4.07,3.75
8280,4.07,3.75
8281,4.07,3.75
8282,4.07,3.75
8283,4.07,3.75
8284,4.07,3.75
8285,4.07,3.75
8287,4.07,3.74
8288,4.07,3.74
8289,4.07,3.74
8290,4.07,3.74
8291,4.07,3.74
8292,4.07,3.74
8293,4.07,3.74
8294,4.07,3.75
8296,4.07,3.75
8297,4.07,3.75
8298,4.07,3.75
8299,4.07,3.75
8300,4.07,3.75
8301,4.07,3.75
8302,4.07,3.75
8303,4.07,3.75
8305,4.07,3.75
8306,4.07,3.75
8307,4.07,3.75
8308,4.07,3.75
8309,4.08,3.75
8310,4.08,3.75
8311,4.08,3.74
8312,4.08,3.75
8314,4.08,3.74
8315,4.07,3.74
8316,4.07,3.75
8317,4.07,3.75
8318,4.07,3.75
8320,4.07,3.75
8321,4.07,3.75
8322,4.07,3.75
8324,4.07,3.75
8325,4.07,3.75
8326,4.08,3.75
8327,4.08,3.75
8328,4.09,3.75
8329,4.09,3.76
8330,4.10,3.75
8331,4.11,3.75
8333,4.11,3.75
8334,4.11,3.75
8335,4.11,3.74
8336,4.11,3.74
8337,4.11,3.74
8338,4.10,3.73
8339,4.10,3.73
8340,4.09,3.73
8342,4.08,3.73
8343,4.08,3.73
8344,4.08,3.74
8345,4.08,3.74
8346,4.08,3.75
8347,4.07,3.75
8348,4.07,3.75
8349,4.07,3.75
8351,4.07,3.75
8352,4.07,3.75
8353,4.07,3.75
8354,4.07,3.75
8355,4.07,3.74
8356,4.08,3.74
8357,4.07,3.74
8358,4.08,3.74
8360,4.08,3.74
8361,4.08,3.74
8363,4.08,3.74
8364,4.08,3.74
8365,4.08,3.74
8366,4.08,3.74
8367,4.08,3.74
8368,4.09,3.74
8370,4.09,3.74
8371,4.09,3.75
8372,4.10,3.75
8373,4.10,3.74
8374,4.10,3.74
8375,4.10,3.74
8376,4.10,3.74
8377,4.10,3.74
8379,4.10,3.73
8380,4.10,3.73
8381,4.10,3.73
8382,4.10,3.73
8383,4.10,3.73
8384,4.10,3.73
8385,4.10,3.73
8386,4.10,3.73
8388,4.09,3.73
8389,4.09,3.73
8390,4.09,3.73
8391,4.09,3.73
8392,4.09,3.73
8393,4.09,3.74
8394,4.09,3.74
8395,4.09,3.74
8397,4.09,3.74
8398,4.10,3.74
8399,4.11,3.74
8400,4.11,3.73
8401,4.12,3.73
8402,4.12,3.73
8403,4.11,3.72
8404,4.11,3.72
8407,4.10,3.72
8408,4.10,3.72
8409,4.10,3.72
8410,4.10,3.72
8411,4.10,3.73
8412,4.11,3.72
8413,4.11,3.73
8414,4.12,3.73
8416,4.12,3.72
8417,4.12,3.72
8418,4.12,3.71
8419,4.12,3.71
8420,4.11,3.71
8421,4.11,3.70
8422,4.10,3.70
8423,4.10,3.70
8425,4.10,3.70
8426,4.10,3.71
8427,4.10,3.71
8428,4.10,3.71
8429,4.11,3.71
8430,4.11,3.71
8431,4.12,3.71
8432,4.12,3.71
8434,4.12,3.71
8435,4.11,3.70
8436,4.11,3.70
8437,4.10,3.70
8438,4.10,3.70
8439,4.09,3.71
8440,4.09,3.71
8441,4.09,3.72
8443,4.09,3.72
8444,4.09,3.72
8445,4.09,3.72
8446,4.09,3.71
8448,4.09,3.71
8449,4.10,3.71
8450,4.11,3.71
8451,4.12,3.71
8453,4.12,3.71
8454,4.13,3.70
8455,4.13,3.70
8456,4.12,3.70
8457,4.12,3.70
8458,4.12,3.69
8459,4.11,3.69
8460,4.11,3.69
8462,4.10,3.68
8463,4.09,3.69
8464,4.09,3.69
8465,4.09,3.70
8466,4.09,3.70
8467,4.09,3.70
8468,4.10,3.71
8470,4.11,3.71
8471,4.12,3.71
8472,4.13,3.71
8473,4.13,3.71
8474,4.13,3.71
8475,4.13,3.70
8476,4.13,3.70
8477,4.12,3.69
8479,4.11,3.69
8480,4.10,3.69
8481,4.10,3.69
8482,4.10,3.70
8483,4.10,3.70
8484,4.10,3.70
8485,4.11,3.70
8486,4.11,3.70
8488,4.12,3.69
8489,4.12,3.69
8491,4.12,3.69
8492,4.12,3.69
8493,4.12,3.69
8494,4.12,3.70
8495,4.12,3.70
8496,4.12,3.71
8498,4.12,3.72
8499,4.11,3.72
8500,4.11,3.73
8501,4.11,3.73
8502,4.12,3.73
8503,4.12,3.72
8504,4.13,3.72
8506,4.13,3.72
8507,4.14,3.72
8508,4.15,3.71
8509,4.15,3.71
8510,4.14,3.70
8511,4.13,3.69
8512,4.12,3.69
8513,4.11,3.69
8515,4.10,3.70
8516,4.10,3.71
8517,4.09,3.72
8518,4.09,3.73
8519,4.09,3.74
8520,4.10,3.74
8521,4.10,3.74
8522,4.10,3.74
8524,4.10,3.73
8525,4.10,3.73
8526,4.10,3.73
8527,4.10,3.73
8528,4.10,3.73
8529,4.10,3.74
8530,4.10,3.74
8531,4.09,3.74
8534,4.09,3.74
8535,4.09,3.73
8536,4.09,3.72
8537,4.09,3.72
8538,4.08,3.71
8539,4.08,3.71
8540,4.08,3.71
8541,4.07,3.71
8543,4.07,3.71
8544,4.07,3.72
8545,4.07,3.73
8546,4.07,3.74
8547,4.07,3.75
8548,4.07,3.75
8549,4.08,3.75
8550,4.09,3.74
8552,4.10,3.74
8553,4.11,3.75
8554,4.12,3.75
8555,4.13,3.75
8556,4.13,3.75
8557,4.13,3.75
8558,4.13,3.74
8559,4.13,3.73
8561,4.12,3.72
8562,4.10,3.72
8563,4.09,3.72
8564,4.09,3.73
8565,4.08,3.74
8566,4.08,3.75
8567,4.07,3.76
8568,4.07,3.77
8570,4.07,3.78
8571,4.07,3.78
8572,4.07,3.78
8573,4.08,3.77
8574,4.08,3.77
8576,4.08,3.77
8577,4.09,3.76
8578,4.09,3.76
8580,4.09,3.75
8581,4.09,3.76
8582,4.09,3.75
8583,4.09,3.76
8584,4.09,3.76
8585,4.10,3.76
8586,4.10,3.76
8587,4.11,3.77
8589,4.11,3.76
8590,4.11,3.76
8591,4.10,3.75
8592,4.10,3.75
8593,4.09,3.75
8594,4.08,3.75
8595,4.08,3.76
8596,4.07,3.76
8598,4.07,3.77
8599,4.07,3.78
8600,4.07,3.79
8601,4.06,3.79
8602,4.06,3.79
8603,4.06,3.79
8604,4.07,3.79
8605,4.07,3.79
8607,4.08,3.79
8608,4.08,3.78
8609,4.09,3.78
8610,4.09,3.78
8611,4.10,3.78
8612,4.10,3.77
8613,4.11,3.77
8614,4.11,3.77
8616,4.11,3.77
8617,4.11,3.77
8619,4.11,3.77
8620,4.11,3.77
8621,4.11,3.77
8622,4.11,3.77
8623,4.11,3.77
8624,4.11,3.77
8626,4.11,3.77
8627,4.11,3.76
8628,4.11,3.76
8629,4.11,3.76
8630,4.11,3.76
8631,4.11,3.76
8632,4.11,3.76
8634,4.11,3.76
8635,4.11,3.76
8636,4.11,3.76
8637,4.12,3.76
8638,4.12,3.76
8639,4.13,3.76
8640,4.13,3.76
8641,4.12,3.75
8643,4.12,3.75
8644,4.11,3.75
8645,4.11,3.75
8646,4.10,3.75
8647,4.10,3.76
8648,4.10,3.77
8649,4.10,3.78
8650,4.10,3.78
8652,4.09,3.79
8653,4.08,3.79
8654,4.08,3.78
8655,4.08,3.78
8656,4.07,3.78
8657,4.08,3.77
8658,4.08,3.77
8659,4.09,3.77
8662,4.10,3.77
8663,4.11,3.78
8664,4.12,3.78
8665,4.13,3.78
8666,4.13,3.77
8667,4.13,3.77
8668,4.13,3.77
8669,4.14,3.76
8671,4.14,3.76
8672,4.13,3.76
8673,4.13,3.75
8674,4.13,3.75
8675,4.12,3.74
8676,4.11,3.74
8677,4.11,3.74
8678,4.11,3.74
8680,4.11,3.75
8681,4.12,3.75
8682,4.13,3.76
8683,4.13,3.76
8684,4.14,3.76
8685,4.14,3.76
8686,4.14,3.75
8688,4.14,3.75
8689,4.13,3.74
8690,4.13,3.73
8691,4.12,3.73
8692,4.11,3.73
8693,4.10,3.73
8694,4.10,3.73
8695,4.10,3.74
8697,4.10,3.74
8698,4.10,3.75
8699,4.10,3.75
8700,4.10,3.75
8701,4.10,3.75
8702,4.10,3.75
8704,4.10,3.75
8705,4.10,3.75
8707,4.11,3.75
8708,4.11,3.75
8709,4.12,3.75
8710,4.13,3.75
8711,4.13,3.75
8712,4.13,3.75
8713,4.13,3.75
8714,4.13,3.74
8716,4.13,3.74
8717,4.13,3.73
8718,4.12,3.73
8719,4.11,3.73
8720,4.10,3.74
8721,4.10,3.75
8722,4.10,3.75
8723,4.10,3.76
8725,4.11,3.76
8726,4.11,3.76
8727,4.11,3.75
8728,4.12,3.75
8729,4.12,3.75
8730,4.11,3.74
8731,4.11,3.74
8733,4.11,3.74
8734,4.10,3.74
8735,4.10,3.74
8736,4.10,3.74
8737,4.09,3.74
8738,4.09,3.74
8739,4.08,3.74
8740,4.08,3.74
8742,4.07,3.74
8743,4.07,3.75
8744,4.08,3.75
8745,4.08,3.75
8747,4.09,3.76
8748,4.10,3.76
8749,4.11,3.76
8750,4.12,3.77
8752,4.13,3.76
8753,4.13,3.76
8754,4.13,3.75
8755,4.12,3.74
8756,4.11,3.74
8757,4.10,3.73
8758,4.09,3.73
8759,4.09,3.73
8761,4.09,3.74
8762,4.09,3.75
8763,4.10,3.75
8764,4.11,3.76
8765,4.11,3.76
8766,4.11,3.76
8767,4.11,3.75
8768,4.11,3.75
8770,4.11,3.75
8771,4.11,3.75
8772,4.11,3.75
8773,4.11,3.75
8774,4.11,3.75
8775,4.10,3.75
8776,4.11,3.75
8778,4.11,3.75
8779,4.11,3.75
8780,4.11,3.75
8781,4.11,3.75
8782,4.11,3.75
8783,4.11,3.75
8784,4.11,3.75
8785,4.11,3.75
8787,4.11,3.75
8788,4.11,3.75
8790,4.12,3.75
8791,4.13,3.76
8792,4.14,3.76
8793,4.15,3.76
8794,4.15,3.76
8796,4.15,3.75
8797,4.15,3.75
8798,4.14,3.74
8799,4.13,3.73
8800,4.13,3.73
8801,4.11,3.72
8802,4.11,3.73
8803,4.10,3.74
8805,4.09,3.75
8806,4.08,3.75
8807,4.08,3.75
8808,4.07,3.76
8809,4.07,3.76
8810,4.07,3.76
8811,4.08,3.76
8812,4.09,3.77
8814,4.09,3.77
8815,4.10,3.77
8816,4.10,3.76
8817,4.11,3.76
8818,4.11,3.75
8819,4.10,3.75
8820,4.10,3.74
8821,4.09,3.74
8823,4.08,3.74
8824,4.08,3.74
8825,4.07,3.75
8826,4.07,3.76
8827,4.07,3.77
8828,4.07,3.77
8829,4.08,3.77
8830,4.09,3.77
8833,4.10,3.77
8834,4.11,3.78
8835,4.13,3.78
8836,4.14,3.78
8837,4.14,3.78
8838,4.14,3.77
8839,4.13,3.76
8840,4.13,3.75
8842,4.11,3.74
8843,4.10,3.73
8844,4.09,3.74
8845,4.08,3.75
8846,4.08,3.76
8847,4.09,3.77
8848,4.09,3.78
8849,4.11,3.79
8851,4.12,3.79
8852,4.13,3.79
8853,4.13,3.78
8854,4.14,3.78
8855,4.14,3.78
8856,4.14,3.77
8857,4.13,3.76
8858,4.13,3.75
8860,4.12,3.75
8861,4.11,3.75
8862,4.11,3.76
8863,4.11,3.77
8864,4.11,3.78
8865,4.11,3.78
8866,4.12,3.79
8867,4.13,3.79
8869,4.13,3.79
8870,4.13,3.78
8871,4.14,3.78
8872,4.15,3.78
8873,4.15,3.77
8875,4.15,3.77
8876,4.14,3.76
8877,4.14,3.76
8879,4.13,3.76
8880,4.13,3.76
8881,4.13,3.76
8882,4.13,3.77
8883,4.12,3.77
8884,4.12,3.77
8885,4.12,3.77
8887,4.12,3.77
8888,4.12,3.77
8889,4.12,3.77
8890,4.11,3.77
8891,4.11,3.77
8892,4.10,3.77
8893,4.09,3.77
8894,4.08,3.77
8896,4.08,3.77
8897,4.08,3.78
8898,4.08,3.78
8899,4.08,3.78
8900,4.08,3.78
8901,4.08,3.78
8902,4.08,3.78
8903,4.08,3.78
8905,4.08,3.77
8906,4.08,3.77
8907,4.08,3.77
8908,4.08,3.77
8909,4.07,3.78
8910,4.07,3.78
8911,4.07,3.78
8912,4.07,3.79
8914,4.07,3.79
8915,4.07,3.79
8916,4.07,3.79
8918,4.07,3.79
8919,4.08,3.79
8920,4.09,3.79
8921,4.11,3.80
8922,4.12,3.80
8924,4.12,3.79
8925,4.12,3.79
8926,4.12,3.79
8927,4.12,3.78
8928,4.11,3.77
8929,4.10,3.77
8930,4.09,3.77
8931,4.09,3.77
8933,4.09,3.77
8934,4.10,3.78
8935,4.11,3.79
8936,4.12,3.80
8937,4.13,3.80
8938,4.13,3.80
8939,4.14,3.80
8940,4.14,3.80
8942,4.14,3.80
8943,4.14,3.79
8944,4.13,3.78
8945,4.12,3.78
8946,4.11,3.78
8947,4.11,3.78
8948,4.10,3.78
8949,4.09,3.79
8951,4.09,3.79
8952,4.08,3.79
8953,4.08,3.80
8954,4.08,3.80
8955,4.07,3.80
8956,4.07,3.80
8957,4.07,3.81
8958,4.07,3.81
8961,4.07,3.80
8962,4.07,3.80
8963,4.08,3.80
8964,4.09,3.80
8965,4.09,3.80
8966,4.10,3.80
8967,4.11,3.80
8968,4.11,3.80
8969,4.11,3.80
8971,4.11,3.80
8972,4.11,3.80
8973,4.11,3.80
8974,4.11,3.80
8975,4.11,3.81
8976,4.12,3.81
8977,4.12,3.81
8978,4.12,3.82
8980,4.12,3.82
8981,4.12,3.81
8982,4.12,3.81
8983,4.12,3.81
8984,4.11,3.81
8985,4.11,3.80
8986,4.11,3.80
8988,4.10,3.80
8989,4.11,3.81
8990,4.11,3.81
8991,4.11,3.81
8992,4.11,3.81
8993,4.11,3.81
8994,4.11,3.81
8995,4.11,3.80
8997,4.11,3.80
8998,4.11,3.81
8999,4.11,3.81
9000,4.12,3.82
9001,4.12,3.82
9003,4.12,3.82
9004,4.12,3.82
9005,4.12,3.82
9007,4.12,3.82
9008,4.11,3.82
9009,4.11,3.82
9010,4.11,3.82
9011,4.11,3.82
9012,4.11,3.81
9013,4.12,3.81
9015,4.12,3.81
9016,4.12,3.81
9017,4.12,3.81
9018,4.11,3.81
9019,4.11,3.81
9020,4.10,3.81
9021,4.10,3.82
9023,4.09,3.82
9024,4.09,3.83
9025,4.09,3.83
9026,4.09,3.84
9027,4.09,3.84
9028,4.10,3.84
9029,4.10,3.84
9030,4.10,3.84
9032,4.10,3.84
9033,4.10,3.83
9034,4.10,3.83
9035,4.10,3.83
9036,4.10,3.83
9037,4.10,3.83
9038,4.10,3.84
9039,4.10,3.84
9041,4.10,3.85
9042,4.10,3.85
9043,4.10,3.85
9044,4.10,3.85
9046,4.10,3.85
9047,4.10,3.85
9048,4.10,3.84
9049,4.09,3.84
9051,4.09,3.84
9052,4.09,3.84
9053,4.09,3.84
9054,4.09,3.85
9055,4.09,3.85
9056,4.10,3.86
9057,4.10,3.86
9058,4.10,3.86
9060,4.10,3.86
9061,4.10,3.86
9062,4.10,3.86
9063,4.10,3.86
9064,4.11,3.86
9065,4.11,3.86
9066,4.11,3.86
9068,4.11,3.86
9069,4.11,3.86
9070,4.11,3.86
9071,4.10,3.86
9072,4.10,3.86
9073,4.10,3.86
9074,4.09,3.86
9075,4.09,3.87
9077,4.09,3.87
9078,4.09,3.87
9079,4.09,3.87
9080,4.09,3.87
9081,4.09,3.87
9082,4.09,3.87
9083,4.10,3.87
9084,4.12,3.87
9086,4.13,3.88
9088,4.13,3.88
9089,4.13,3.88
9090,4.13,3.88
9091,4.13,3.87
9092,4.12,3.87
9093,4.12,3.86
9095,4.11,3.86
9096,4.11,3.86
9097,4.11,3.87
9098,4.11,3.88
9099,4.12,3.88
9100,4.12,3.89
9101,4.12,3.89
9102,4.12,3.90
9104,4.11,3.90
9105,4.11,3.90
9106,4.11,3.91
9107,4.11,3.91
9108,4.11,3.91
9109,4.11,3.91
9110,4.12,3.91
9112,4.12,3.92
9113,4.12,3.92
9114,4.12,3.92
9115,4.12,3.91
9116,4.12,3.91
9117,4.12,3.91
9118,4.12,3.91
9119,4.12,3.91
9121,4.12,3.91
9122,4.12,3.91
9123,4.11,3.91
9124,4.11,3.92
9125,4.11,3.92
9126,4.11,3.92
9127,4.12,3.92
9129,4.12,3.93
9131,4.12,3.93
9132,4.12,3.93
9133,4.12,3.93
9134,4.12,3.93
9135,4.12,3.93
9136,4.12,3.94
9137,4.12,3.95
9139,4.12,3.96
9140,4.12,3.97
9141,4.12,3.98
9142,4.13,3.98
9143,4.13,3.99
9144,4.13,3.99
9145,4.13,4.00
9147,4.12,4.00
9148,4.12,4.00
9149,4.12,4.00
9150,4.11,4.00
9151,4.11,4.01
9152,4.11,4.01
9153,4.11,4.02
9154,4.12,4.03
9155,4.12,4.03
9157,4.12,4.04
9158,4.13,4.05
9159,4.13,4.06
9160,4.13,4.07
9161,4.14,4.08
9162,4.14,4.09
9163,4.15,4.10
9165,4.15,4.11
9166,4.15,4.13
9167,4.15,4.14
9168,4.14,4.16
9169,4.14,4.19
9170,4.13,4.22
9171,4.13,4.25
9172,4.13,4.28
9175,4.13,4.31
9176,4.14,4.34
9177,4.15,4.36
9178,4.16,4.39
9179,4.17,4.41
9180,4.18,4.43
9181,4.19,4.46
9183,4.19,4.48
9184,4.19,4.50
9185,4.20,4.52
9186,4.20,4.54
9187,4.20,4.56
9188,4.20,4.57
9189,4.20,4.59
9190,4.20,4.60
9192,4.20,4.62
9193,4.21,4.63
9194,4.21,4.64
9195,4.22,4.66
9196,4.22,4.67
9197,4.22,4.68
9198,4.23,4.69
9199,4.23,4.70
9201,4.23,4.71
9202,4.23,4.72
9203,4.23,4.73
9204,4.23,4.74
9205,4.23,4.75
9206,4.23,4.76
9207,4.23,4.76
9208,4.22,4.77
9210,4.23,4.78
9211,4.23,4.78
9212,4.24,4.79
9213,4.24,4.79
9214,4.24,4.80
9216,4.24,4.81
9217,4.23,4.81
9218,4.22,4.82
9220,4.21,4.82
9221,4.21,4.83
9222,4.20,4.83
9223,4.20,4.84
9224,4.19,4.84
9225,4.19,4.84
9226,4.18,4.85
9227,4.18,4.85
9229,4.18,4.86
9230,4.17,4.86
9231,4.17,4.86
9232,4.17,4.86
9233,4.17,4.87
9234,4.17,4.87
9235,4.17,4.87
9236,4.17,4.88
9238,4.17,4.88
9239,4.16,4.88
9240,4.16,4.88
9241,4.16,4.88
9242,4.16,4.89
9243,4.15,4.89
9244,4.15,4.89
9246,4.15,4.89
9247,4.15,4.89
9248,4.15,4.89
9249,4.15,4.90
9250,4.15,4.90
9251,4.15,4.90
9252,4.14,4.90
9253,4.14,4.90
9255,4.14,4.90
9256,4.15,4.91
9257,4.15,4.91
9259,4.15,4.91
9260,4.15,4.91
9261,4.14,4.91
9262,4.14,4.92
9263,4.14,4.92
9265,4.13,4.92
9266,4.13,4.92
9267,4.13,4.92
9268,4.13,4.92
9269,4.13,4.92
9270,4.13,4.92
9271,4.12,4.93
9272,4.12,4.93
9274,4.13,4.93
9275,4.13,4.92
9276,4.13,4.92
9277,4.14,4.93
9278,4.14,4.93
9279,4.14,4.93
9280,4.14,4.93
9282,4.14,4.93
9283,4.14,4.93
9284,4.13,4.94
9285,4.13,4.94
9286,4.13,4.94
9287,4.13,4.94
9288,4.13,4.94
9289,4.13,4.94
9291,4.13,4.94
9292,4.13,4.94
9293,4.14,4.94
9294,4.14,4.94
9295,4.14,4.94
9296,4.13,4.94
9297,4.13,4.95
9298,4.13,4.95
9300,4.13,4.95
9302,4.13,4.95
9303,4.13,4.95
9304,4.13,4.95
9305,4.13,4.95
9306,4.13,4.95
9307,4.13,4.95
9309,4.13,4.95
9310,4.13,4.95
9311,4.13,4.95
9312,4.13,4.95
9313,4.12,4.95
9314,4.12,4.95
9315,4.13,4.95
9317,4.13,4.95
9318,4.13,4.95
9319,4.13,4.95
9320,4.13,4.95
9321,4.14,4.95
9322,4.14,4.95
9323,4.14,4.95
9324,4.14,4.95
9326,4.13,4.95
9327,4.14,4.96
9328,4.13,4.95
9329,4.13,4.95
9330,4.13,4.96
9331,4.14,4.96
9332,4.14,4.96
9334,4.14,4.95
9335,4.14,4.96
9336,4.14,4.96
9337,4.14,4.96
9338,4.14,4.96
9339,4.14,4.96
9340,4.14,4.96
9341,4.15,4.96
9344,4.15,4.96
9345,4.15,4.96
9346,4.15,4.96
9347,4.14,4.96
9348,4.14,4.96
9349,4.13,4.96
9350,4.13,4.96
9352,4.13,4.97
9353,4.12,4.97
9354,4.12,4.96
9355,4.12,4.96
9356,4.12,4.96
9357,4.12,4.96
9358,4.12,4.96
9359,4.13,4.96
9361,4.13,4.96
9362,4.13,4.96
9363,4.13,4.96
9364,4.13,4.96
9365,4.13,4.96
9366,4.13,4.96
9367,4.13,4.96
9369,4.13,4.96
9370,4.13,4.96
9371,4.13,4.96
9372,4.13,4.96
9373,4.13,4.96
9374,4.13,4.96
9375,4.14,4.96
9377,4.14,4.96
9378,4.14,4.96
9379,4.14,4.96
9380,4.13,4.96
9381,4.13,4.96
9382,4.13,4.96
9383,4.13,4.96
9384,4.13,4.96
9387,4.13,4.96
9388,4.13,4.96
9389,4.14,4.96
9390,4.14,4.96
9391,4.14,4.96
9392,4.14,4.96
9393,4.13,4.96
9394,4.13,4.97
9396,4.13,4.97
9397,4.13,4.97
9398,4.12,4.97
9399,4.12,4.97
9400,4.12,4.96
9401,4.12,4.96
9402,4.12,4.96
9404,4.13,4.96
9405,4.13,4.96
9406,4.13,4.96
9407,4.13,4.96
9408,4.13,4.96
9409,4.13,4.96
9410,4.13,4.96
9411,4.13,4.96
9413,4.13,4.97
9414,4.13,4.96
9415,4.13,4.97
9416,4.13,4.96
9417,4.13,4.96
9418,4.13,4.96
9419,4.13,4.96
9421,4.13,4.96
9422,4.13,4.96
9423,4.13,4.96
9424,4.13,4.96
9425,4.12,4.96
9426,4.12,4.96
9427,4.12,4.97
9428,4.12,4.96
9431,4.12,4.96
9432,4.11,4.97
9433,4.11,4.97
9434,4.11,4.97
9435,4.11,4.97
9436,4.11,4.96
9437,4.11,4.96
9439,4.11,4.96
9440,4.11,4.96
9441,4.12,4.96
9442,4.12,4.96
9443,4.12,4.96
9444,4.11,4.96
9445,4.11,4.97
9446,4.11,4.97
9448,4.11,4.97
9449,4.11,4.97
9450,4.11,4.97
9451,4.10,4.97
9452,4.10,4.97
9453,4.10,4.97
9454,4.09,4.96
9456,4.09,4.95
9457,4.09,4.94
9458,4.09,4.93
9459,4.09,4.92
9460,4.09,4.91
9461,4.10,4.89
9462,4.10,4.88
9463,4.11,4.87
9465,4.11,4.85
9466,4.11,4.82
9467,4.10,4.80
9468,4.10,4.77
9469,4.10,4.75
9470,4.10,4.72
9472,4.09,4.69
9473,4.09,4.67
9475,4.08,4.64
9476,4.08,4.62
9477,4.08,4.59
9478,4.07,4.57
9479,4.07,4.55
9480,4.07,4.52
9481,4.07,4.49
9482,4.07,4.47
9484,4.07,4.44
9485,4.06,4.41
9486,4.06,4.39
9487,4.06,4.37
9488,4.05,4.35
9489,4.05,4.34
9490,4.05,4.32
9491,4.05,4.30
9493,4.04,4.28
9494,4.04,4.26
9495,4.04,4.24
9496,4.04,4.23
9497,4.04,4.21
9498,4.04,4.20
9499,4.04,4.18
9500,4.04,4.17
9502,4.04,4.15
9503,4.04,4.14
9504,4.04,4.13
9505,4.04,4.12
9506,4.04,4.11
9507,4.04,4.09
9508,4.05,4.08
9509,4.05,4.07
9511,4.05,4.06
9512,4.05,4.05
9513,4.06,4.04
9515,4.06,4.03
9516,4.06,4.02
9517,4.07,4.01
9518,4.07,4.00
9519,4.08,3.99
9521,4.08,3.98
9522,4.09,3.98
9523,4.08,3.97
9524,4.08,3.96
9525,4.08,3.96
9526,4.08,3.96
9527,4.08,3.95
9528,4.08,3.95
9529,4.08,3.95
9531,4.08,3.94
9532,4.08,3.94
9533,4.08,3.93
9534,4.08,3.93
9535,4.08,3.92
9536,4.08,3.91
9537,4.08,3.91
9538,4.08,3.91
9540,4.08,3.90
9541,4.08,3.90
9542,4.08,3.89
9543,4.08,3.89
9544,4.08,3.88
9545,4.08,3.87
9546,4.08,3.87
9547,4.09,3.86
9549,4.09,3.86
9550,4.09,3.86
9551,4.09,3.85
9552,4.09,3.85
9553,4.09,3.84
9554,4.09,3.84
9555,4.09,3.83
9556,4.09,3.83
9559,4.09,3.83
9560,4.09,3.83
9561,4.09,3.82
9562,4.09,3.82
9563,4.09,3.82
9564,4.09,3.82
9565,4.09,3.82
9566,4.09,3.81
9568,4.09,3.81
9569,4.08,3.81
9570,4.08,3.81
9571,4.08,3.80
9572,4.08,3.80
9573,4.08,3.80
9574,4.08,3.80
9575,4.08,3.80
9577,4.08,3.80
9578,4.08,3.79
9579,4.08,3.79
9580,4.08,3.79
9581,4.08,3.79
9582,4.08,3.79
9583,4.08,3.79
9584,4.08,3.79
9586,4.08,3.79
9587,4.08,3.78
9588,4.08,3.78
9589,4.08,3.78
9590,4.08,3.78
9591,4.08,3.78
9592,4.08,3.78
9593,4.09,3.77
9594,4.09,3.77
9596,4.09,3.77
9597,4.09,3.77
9598,4.09,3.76
9600,4.09,3.76
9601,4.09,3.76
9602,4.09,3.76
9603,4.09,3.76
9604,4.09,3.76
9606,4.09,3.75
9607,4.09,3.75
9608,4.09,3.75
9609,4.08,3.75
9610,4.08,3.74
9611,4.08,3.74
9612,4.08,3.74
9613,4.08,3.74
9615,4.08,3.73
9616,4.08,3.73
9617,4.08,3.73
9618,4.08,3.72
9619,4.08,3.72
9620,4.08,3.72
9621,4.08,3.72
9622,4.08,3.71
9624,4.08,3.71
9625,4.08,3.71
9626,4.08,3.70
9627,4.08,3.70
9628,4.08,3.70
9629,4.08,3.70
9630,4.08,3.69
9631,4.08,3.69
9633,4.08,3.68
9634,4.08,3.68
9635,4.08,3.68
9636,4.08,3.68
9637,4.08,3.67
9638,4.08,3.67
9639,4.08,3.66
9640,4.08,3.66
9641,4.09,3.66
9644,4.08,3.65
9645,4.08,3.65
9646,4.09,3.65
9647,4.09,3.64
9648,4.09,3.64
9649,4.09,3.64
9650,4.09,3.63
9652,4.09,3.63
9653,4.09,3.62
9654,4.09,3.62
9655,4.09,3.62
9656,4.09,3.61
9657,4.09,3.61
9658,4.09,3.61
9659,4.09,3.60
9661,4.09,3.60
9662,4.09,3.59
9663,4.09,3.59
9664,4.09,3.59
9665,4.09,3.59
9666,4.09,3.58
9667,4.09,3.58
9668,4.09,3.58
9670,4.09,3.57
9671,4.09,3.57
9672,4.09,3.57
9673,4.09,3.57
9674,4.10,3.56
9675,4.10,3.56
9676,4.10,3.56
9677,4.10,3.56
9678,4.10,3.56
9680,4.10,3.55
9681,4.10,3.55
9682,4.10,3.55
9683,4.10,3.55
9684,4.10,3.54
9686,4.10,3.54
9687,4.10,3.54
9688,4.10,3.54
9690,4.10,3.54
9691,4.10,3.54
9692,4.10,3.53
9693,4.10,3.53
9694,4.10,3.53
9695,4.11,3.53
9696,4.11,3.53
9697,4.11,3.52
9699,4.11,3.52
9700,4.11,3.52
9701,4.11,3.52
9702,4.11,3.52
9703,4.11,3.52
9704,4.11,3.51
9705,4.11,3.51
9707,4.11,3.51
9708,4.11,3.51
9709,4.11,3.51
9710,4.11,3.51
9711,4.11,3.51
9712,4.11,3.51
9713,4.11,3.50
9714,4.11,3.50
9716,4.11,3.50
9717,4.11,3.50
9718,4.11,3.50
9719,4.11,3.50
9720,4.11,3.50
9721,4.11,3.49
9722,4.11,3.49
9723,4.11,3.49
9725,4.11,3.49
9726,4.11,3.49
9728,4.11,3.49
9729,4.11,3.49
9730,4.11,3.48
9731,4.11,3.48
9732,4.11,3.48
9733,4.11,3.48
9735,4.11,3.48
9736,4.11,3.48
9737,4.11,3.48
9738,4.11,3.48
9739,4.11,3.48
9740,4.11,3.48
9741,4.11,3.48
9742,4.11,3.48
9744,4.11,3.48
9745,4.11,3.48
9746,4.11,3.48
9747,4.11,3.48
9748,4.11,3.48
9749,4.11,3.48
9750,4.11,3.48
9752,4.11,3.48
9753,4.11,3.48
9754,4.11,3.48
9755,4.11,3.48
9756,4.11,3.48
9757,4.11,3.48
9758,4.11,3.48
9759,4.11,3.48
9761,4.11,3.48
9762,4.12,3.48
9763,4.12,3.48
9764,4.12,3.48
9765,4.12,3.48
9766,4.12,3.48
9767,4.11,3.48
9769,4.12,3.48
9771,4.12,3.48
9772,4.12,3.48
9773,4.12,3.48
9774,4.12,3.48
9775,4.12,3.48
9776,4.12,3.48
9778,4.12,3.48
9779,4.11,3.48
9780,4.11,3.48
9781,4.11,3.48
9782,4.11,3.48
9783,4.11,3.48
9784,4.11,3.48
9785,4.11,3.48
9787,4.11,3.48
9788,4.11,3.48
9789,4.11,3.48
9790,4.11,3.48
9791,4.11,3.48
9792,4.11,3.48
9793,4.11,3.48
9794,4.11,3.48
9796,4.11,3.48
9797,4.11,3.48
9798,4.12,3.48
9799,4.12,3.48
9800,4.12,3.48
9801,4.12,3.48
9802,4.12,3.48
9804,4.12,3.48
9805,4.12,3.48
9806,4.12,3.48
9807,4.12,3.48
9808,4.12,3.48
9809,4.12,3.48
9810,4.12,3.48
9812,4.12,3.48
9814,4.12,3.48
9815,4.12,3.47
9816,4.12,3.47
9817,4.12,3.47
9818,4.12,3.47
9819,4.12,3.47
9820,4.12,3.47
9822,4.12,3.47
9823,4.12,3.47
9824,4.12,3.47
9825,4.12,3.47
9826,4.12,3.47
9827,4.12,3.47
9828,4.12,3.47
9830,4.12,3.47
9831,4.12,3.47
9832,4.12,3.47
9833,4.12,3.47
9834,4.12,3.47
9835,4.12,3.47
9836,4.12,3.47
9837,4.13,3.47
9839,4.13,3.47
9840,4.13,3.47
9841,4.13,3.47
9842,4.13,3.47
9843,4.13,3.48
9844,4.13,3.48
9845,4.13,3.48
9847,4.13,3.48
9848,4.13,3.48
9849,4.13,3.48
9850,4.13,3.48
9851,4.13,3.48
9852,4.13,3.48
9853,4.13,3.48
9856,4.13,3.48
9857,4.13,3.48
9858,4.13,3.48
9859,4.13,3.48
9860,4.13,3.48
9861,4.13,3.48
9862,4.13,3.48
9863,4.13,3.48
9865,4.13,3.48
9866,4.13,3.48
9867,4.13,3.48
9868,4.13,3.48
9869,4.13,3.48
9870,4.13,3.48
9871,4.13,3.49
9872,4.13,3.48
9874,4.13,3.48
9875,4.13,3.49
9876,4.13,3.48
9877,4.13,3.48
9878,4.13,3.49
9879,4.13,3.49
9880,4.14,3.49
9881,4.14,3.49
9883,4.14,3.49
9884,4.14,3.49
9885,4.14,3.49
9886,4.14,3.49
9887,4.14,3.49
9888,4.14,3.49
9889,4.14,3.49
9890,4.14,3.49
9892,4.14,3.49
9893,4.14,3.49
9894,4.14,3.49
9895,4.14,3.49
9896,4.14,3.49
9897,4.14,3.49
9899,4.14,3.49
9900,4.14,3.49
9902,4.14,3.49
9903,4.14,3.49
9904,4.14,3.49
9905,4.14,3.49
9906,4.14,3.49
9907,4.14,3.49
9908,4.14,3.49
9909,4.14,3.49
9911,4.13,3.49
9912,4.13,3.49
9913,4.13,3.49
9914,4.13,3.49
9915,4.13,3.49
9916,4.13,3.50
9917,4.13,3.50
9918,4.13,3.50
9920,4.13,3.50
9921,4.13,3.50
9922,4.13,3.50
9923,4.13,3.50
9924,4.13,3.50
9925,4.13,3.50
9926,4.13,3.50
9927,4.13,3.50
9929,4.13,3.50
9930,4.13,3.50
9931,4.13,3.50
9932,4.12,3.50
9933,4.12,3.50
9934,4.12,3.50
9935,4.12,3.50
9936,4.12,3.50
9938,4.12,3.50
9939,4.12,3.51
9940,4.13,3.51
9942,4.13,3.51
9943,4.13,3.51
9944,4.13,3.51
9945,4.13,3.51
9947,4.13,3.51
9948,4.13,3.51
9949,4.13,3.51
9950,4.13,3.51
9951,4.13,3.51
9952,4.13,3.52
9953,4.13,3.52
9954,4.14,3.52
9956,4.14,3.52
9957,4.14,3.52
9958,4.14,3.52
9959,4.14,3.52
9960,4.14,3.52
9961,4.14,3.52
9962,4.14,3.53
9963,4.14,3.53
9965,4.15,3.53
9966,4.15,3.53
9967,4.15,3.54
9968,4.15,3.54
9969,4.15,3.54
9970,4.15,3.54
9971,4.15,3.55
9972,4.15,3.55
9974,4.16,3.55
9975,4.16,3.55
9976,4.16,3.56
9977,4.16,3.56
9978,4.16,3.56
9979,4.16,3.56
9980,4.16,3.56
9982,4.16,3.56
9984,4.16,3.57
9985,4.16,3.57
9986,4.16,3.57
9987,4.16,3.57
9988,4.16,3.57
9989,4.16,3.57
9990,4.16,3.58
9992,4.16,3.58
9993,4.15,3.58
9994,4.15,3.59
9995,4.15,3.59
9996,4.15,3.59
9997,4.15,3.60
9998,4.15,3.60
9999,4.15,3.60
10001,4.16,3.60
10002,4.16,3.61
10003,4.16,3.61
10004,4.16,3.61
10005,4.16,3.62
10006,4.16,3.62
10008,4.16,3.63
10009,4.16,3.64
10010,4.16,3.65
10011,4.16,3.66
10012,4.17,3.66
10014,4.17,3.67
10015,4.17,3.68
10016,4.17,3.69
10017,4.17,3.70
10018,4.17,3.70
10019,4.17,3.71
10021,4.17,3.72
10022,4.17,3.73
10023,4.17,3.74
10024,4.17,3.75
10025,4.17,3.76
10028,4.17,3.77
10029,4.17,3.78
10030,4.17,3.79
10031,4.17,3.80
10032,4.17,3.81
10033,4.17,3.82
10035,4.18,3.83
10036,4.18,3.84
10037,4.17,3.86
10038,4.18,3.87
10039,4.18,3.88
10041,4.18,3.90
10042,4.18,3.91
10043,4.18,3.93
10044,4.18,3.95
10045,4.18,3.98
10046,4.19,4.01
10048,4.19,4.04
10049,4.19,4.08
10050,4.19,4.12
10051,4.20,4.15
10052,4.20,4.18
10053,4.20,4.22
10055,4.21,4.25
10056,4.21,4.29
10057,4.21,4.32
10058,4.22,4.34
10059,4.22,4.37
10061,4.23,4.40
10062,4.23,4.42
10063,4.23,4.44
10064,4.24,4.47
10065,4.24,4.49
10066,4.25,4.51
10068,4.25,4.53
10070,4.26,4.55
10071,4.26,4.57
10072,4.26,4.58
10073,4.27,4.59
10075,4.27,4.61
10076,4.27,4.62
10077,4.27,4.64
10078,4.27,4.65
10079,4.28,4.66
10080,4.28,4.68
10082,4.28,4.69
10083,4.28,4.70
10084,4.28,4.71
10085,4.28,4.72
10086,4.28,4.73
10088,4.28,4.74
10089,4.28,4.75
10090,4.28,4.76
10091,4.28,4.77
10092,4.28,4.77
10093,4.28,4.78
10095,4.27,4.78
10096,4.27,4.79
10097,4.27,4.80
10098,4.27,4.80
10099,4.26,4.81
10101,4.26,4.81
10102,4.26,4.82
10103,4.25,4.82
10104,4.25,4.83
10105,4.25,4.83
10106,4.24,4.84
10108,4.24,4.84
10109,4.23,4.85
10110,4.23,4.85
10112,4.23,4.85
10113,4.22,4.86
10115,4.22,4.86
10116,4.21,4.86
10117,4.21,4.87
10118,4.20,4.87
10119,4.20,4.87
10120,4.20,4.88
10122,4.19,4.88
10123,4.19,4.88
10124,4.19,4.88
10125,4.19,4.89
10126,4.18,4.89
10127,4.18,4.89
10129,4.18,4.89
10130,4.18,4.89
10131,4.17,4.89
10132,4.17,4.90
10133,4.17,4.90
10135,4.16,4.90
10136,4.16,4.90
10137,4.16,4.90
10138,4.16,4.90
10139,4.16,4.90
10140,4.16,4.90
10142,4.16,4.91
10143,4.16,4.91
10144,4.16,4.91
10145,4.16,4.91
10146,4.16,4.91
10147,4.16,4.91
10149,4.16,4.92
10150,4.16,4.92
10151,4.17,4.92
10152,4.16,4.92
10153,4.16,4.92
10156,4.17,4.92
10157,4.17,4.92
10158,4.17,4.92
10159,4.17,4.93
10160,4.17,4.93
10161,4.17,4.93
10163,4.17,4.93
10164,4.17,4.93
10165,4.17,4.93
10166,4.17,4.93
10167,4.17,4.93
10169,4.17,4.93
10170,4.17,4.93
10171,4.17,4.94
10172,4.17,4.94
10173,4.17,4.94
10174,4.17,4.94
10176,4.17,4.94
10177,4.17,4.94
10178,4.17,4.94
10179,4.17,4.94
10180,4.17,4.94
10182,4.17,4.94
10183,4.17,4.95
10184,4.17,4.94
10185,4.17,4.95
10186,4.16,4.95
10187,4.17,4.95
10189,4.17,4.95
10190,4.17,4.95
10191,4.17,4.95
10192,4.17,4.95
10193,4.17,4.95
10195,4.17,4.95
10196,4.17,4.95
10198,4.17,4.95
10199,4.17,4.95
10200,4.17,4.95
10202,4.17,4.95
10203,4.17,4.95
10204,4.17,4.95
10205,4.18,4.95
10206,4.18,4.95
10207,4.18,4.95
10209,4.18,4.95
10210,4.18,4.95
10211,4.18,4.96
10212,4.18,4.95
10213,4.18,4.95
10215,4.18,4.95
10216,4.18,4.96
10217,4.18,4.96
10218,4.18,4.96
10219,4.18,4.96
10220,4.18,4.96
10222,4.18,4.96
10223,4.18,4.96
10224,4.18,4.96
10225,4.18,4.96
10226,4.18,4.96
10228,4.18,4.96
10229,4.18,4.96
10230,4.18,4.96
10231,4.18,4.96
10232,4.18,4.96
10234,4.18,4.96
10235,4.18,4.96
10236,4.18,4.96
10237,4.18,4.96
10238,4.18,4.96
10240,4.18,4.96
10242,4.18,4.96
10243,4.18,4.96
10244,4.18,4.96
10245,4.17,4.96
10246,4.18,4.96
10248,4.18,4.96
10249,4.17,4.96
10250,4.18,4.96
10251,4.18,4.96
10252,4.18,4.96
10254,4.18,4.96
10255,4.18,4.96
10256,4.18,4.96
10257,4.18,4.96
10258,4.18,4.96
10259,4.18,4.96
10261,4.18,4.96
10262,4.18,4.96
10263,4.18,4.96
10264,4.19,4.96
10265,4.19,4.96
10266,4.19,4.96
10268,4.18,4.96
10269,4.18,4.96
10270,4.18,4.96
10271,4.18,4.96
10272,4.18,4.96
10274,4.18,4.96
10275,4.18,4.96
10276,4.18,4.96
10277,4.18,4.96
10278,4.19,4.96
10279,4.19,4.96
10281,4.19,4.96
10283,4.19,4.96
10284,4.19,4.96
10285,4.19,4.96
10286,4.19,4.96
10288,4.19,4.96
10289,4.19,4.96
10290,4.18,4.96
10291,4.19,4.96
10292,4.19,4.96
10293,4.19,4.96
10295,4.19,4.96
10296,4.19,4.96
10297,4.19,4.96
10298,4.19,4.96
10299,4.19,4.96
10300,4.19,4.96
10302,4.19,4.96
10303,4.19,4.96
10304,4.19,4.96
10305,4.19,4.96
10306,4.19,4.96
10308,4.19,4.96
10309,4.20,4.96
10310,4.20,4.96
10311,4.20,4.96
10312,4.20,4.96
10313,4.20,4.96
10315,4.19,4.96
10316,4.19,4.97
10317,4.19,4.97
10318,4.19,4.97
10319,4.19,4.96
10321,4.19,4.96
10322,4.19,4.96
10323,4.19,4.96
10324,4.19,4.96
10326,4.19,4.96
10327,4.19,4.96
10329,4.19,4.97
10330,4.19,4.96
10331,4.19,4.97
10332,4.19,4.96
10333,4.19,4.97
10335,4.19,4.96
10336,4.19,4.96
10337,4.19,4.96
10338,4.19,4.96
10339,4.19,4.96
10340,4.19,4.97
10342,4.19,4.96
10343,4.19,4.96
10344,4.19,4.96
10345,4.19,4.96
10346,4.19,4.96
10347,4.19,4.96
10349,4.19,4.96
10350,4.20,4.97
10351,4.20,4.97
10352,4.21,4.97
10353,4.21,4.97
10355,4.21,4.97
10356,4.21,4.96
10357,4.20,4.96
10358,4.20,4.96
10359,4.20,4.97
10360,4.19,4.97
10362,4.19,4.97
10363,4.19,4.97
10364,4.19,4.97
10365,4.19,4.97
10366,4.18,4.97
10369,4.18,4.96
10370,4.18,4.96
10371,4.18,4.96
10372,4.18,4.96
10373,4.19,4.96
10374,4.19,4.96
10376,4.19,4.96
10377,4.19,4.96
10378,4.19,4.96
10379,4.19,4.96
10380,4.19,4.96
10382,4.19,4.96
10383,4.19,4.96
10384,4.19,4.96
10385,4.19,4.96
10386,4.20,4.96
10387,4.20,4.96
10389,4.20,4.96
10390,4.20,4.97
10391,4.19,4.97
10392,4.19,4.97
10393,4.19,4.97
10395,4.19,4.97
10396,4.19,4.97
10397,4.19,4.97
10398,4.19,4.97
10399,4.19,4.96
10400,4.19,4.97
10402,4.19,4.97
10403,4.19,4.97
10404,4.19,4.97
10405,4.19,4.97
10406,4.19,4.96
10408,4.19,4.96
10409,4.19,4.96
10411,4.20,4.97
10412,4.20,4.97
10413,4.20,4.97
10414,4.20,4.97
10416,4.19,4.97
10417,4.19,4.97
10418,4.19,4.96
10419,4.19,4.95
10420,4.19,4.94
10422,4.20,4.93
10423,4.20,4.91
10424,4.22,4.90
10425,4.22,4.87
10426,4.23,4.83
10427,4.23,4.79
10429,4.23,4.75
10430,4.22,4.71
10431,4.22,4.66
10432,4.21,4.62
10433,4.20,4.57
10434,4.20,4.54
10436,4.19,4.50
10437,4.19,4.46
10438,4.19,4.42
10439,4.18,4.39
10440,4.18,4.36
10442,4.18,4.33
10443,4.18,4.30
10444,4.17,4.27
10445,4.17,4.24
10446,4.16,4.21
10447,4.16,4.19
10449,4.15,4.16
10450,4.15,4.14
10451,4.15,4.12
10452,4.15,4.10
10454,4.15,4.08
10456,4.15,4.06
10457,4.15,4.04
10458,4.14,4.01
10459,4.14,4.00
10460,4.14,3.98
10461,4.13,3.96
10463,4.13,3.94
10464,4.13,3.93
10465,4.13,3.91
10466,4.13,3.90
10467,4.13,3.89
10468,4.13,3.88
10470,4.13,3.87
10471,4.13,3.86
10472,4.13,3.85
10473,4.13,3.83
10474,4.13,3.82
10476,4.14,3.81
10477,4.14,3.80
10478,4.14,3.79
10479,4.14,3.78
10480,4.14,3.77
10481,4.14,3.76
10483,4.14,3.75
10484,4.14,3.75
10485,4.14,3.74
10486,4.14,3.73
10487,4.14,3.73
10489,4.14,3.72
10490,4.14,3.72
10491,4.15,3.71
10492,4.15,3.71
10493,4.15,3.70
10494,4.16,3.70
10497,4.16,3.70
10498,4.16,3.69
10499,4.16,3.68
10500,4.16,3.68
10501,4.16,3.67
10503,4.15,3.67
10504,4.15,3.66
10505,4.15,3.65
10506,4.15,3.65
10507,4.14,3.65
10508,4.14,3.64
10510,4.14,3.64
10511,4.14,3.64
10512,4.14,3.63
10513,4.14,3.63
10514,4.14,3.63
10516,4.14,3.63
10517,4.14,3.63
10518,4.15,3.63
10519,4.15,3.63
10520,4.15,3.62
10521,4.16,3.62
10523,4.16,3.62
10524,4.16,3.62
10525,4.16,3.62
10526,4.16,3.62
10527,4.17,3.62
10529,4.16,3.62
10530,4.16,3.62
10531,4.16,3.61
10532,4.17,3.61
10533,4.17,3.62
10534,4.17,3.62
10536,4.18,3.62
10537,4.18,3.62
10539,4.19,3.62
10540,4.19,3.62
10541,4.19,3.62
10543,4.20,3.62
10544,4.20,3.62
10545,4.20,3.62
10546,4.20,3.62
10547,4.20,3.62
10548,4.21,3.62
10550,4.21,3.62
10551,4.22,3.62
10552,4.22,3.61
10553,4.22,3.61
10554,4.21,3.60
10556,4.21,3.60
10557,4.20,3.60
10558,4.20,3.60
10559,4.19,3.60
10560,4.19,3.60
10561,4.19,3.60
10563,4.19,3.60
10564,4.19,3.60
10565,4.19,3.61
10566,4.19,3.61
10567,4.19,3.61
10568,4.19,3.61
10570,4.19,3.61
10571,4.18,3.61
10572,4.18,3.61
10573,4.18,3.61
10574,4.18,3.61
10576,4.18,3.61
10577,4.17,3.61
10578,4.17,3.61
10579,4.18,3.61
10580,4.18,3.61
10582,4.18,3.61
10584,4.18,3.61
10585,4.18,3.61
10586,4.18,3.61
10587,4.19,3.61
10588,4.19,3.61
10590,4.19,3.61
10591,4.19,3.61
10592,4.20,3.61
10593,4.20,3.61
10594,4.20,3.61
10595,4.21,3.61
10597,4.21,3.61
10598,4.21,3.61
10599,4.21,3.61
10600,4.21,3.61
10601,4.21,3.61
10603,4.21,3.61
10604,4.20,3.61
10605,4.20,3.61
10606,4.20,3.61
10607,4.20,3.61
10608,4.20,3.61
10610,4.20,3.61
10611,4.20,3.61
10612,4.20,3.61
10613,4.20,3.61
10614,4.20,3.61
10615,4.20,3.61
10617,4.21,3.61
10618,4.21,3.61
10619,4.22,3.61
10620,4.22,3.61
10621,4.22,3.61
10624,4.22,3.61
10625,4.22,3.61
10626,4.21,3.61
10627,4.21,3.61
10628,4.21,3.61
10629,4.21,3.61
10631,4.20,3.61
10632,4.20,3.61
10633,4.20,3.61
10634,4.20,3.61
10635,4.20,3.61
10636,4.20,3.61
10638,4.20,3.62
10639,4.20,3.61
10640,4.20,3.61
10641,4.20,3.61
10642,4.20,3.61
10644,4.21,3.61
10645,4.21,3.61
10646,4.21,3.61
10647,4.22,3.62
10648,4.22,3.61
10649,4.22,3.61
10651,4.22,3.61
10652,4.22,3.61
10653,4.22,3.61
10654,4.22,3.61
10655,4.21,3.60
10656,4.21,3.60
10658,4.21,3.60
10659,4.20,3.60
10660,4.20,3.61
10661,4.20,3.61
10662,4.20,3.61
10664,4.20,3.61
10665,4.21,3.61
10667,4.21,3.61
10668,4.21,3.61
10669,4.21,3.61
10670,4.21,3.61
10672,4.21,3.61
10673,4.21,3.61
10674,4.21,3.61
10675,4.20,3.61
10676,4.20,3.61
10677,4.20,3.61
10679,4.20,3.61
10680,4.20,3.62
10681,4.20,3.62
10682,4.20,3.62
10683,4.20,3.62
10685,4.20,3.62
10686,4.20,3.62
10687,4.20,3.62
10688,4.20,3.62
10689,4.20,3.62
10690,4.20,3.62
10692,4.20,3.62
10693,4.20,3.62
10694,4.20,3.62
10695,4.21,3.62
10696,4.21,3.62
10697,4.21,3.63
10699,4.22,3.63
10700,4.22,3.63
10701,4.22,3.63
10702,4.22,3.63
10703,4.22,3.63
10705,4.22,3.63
10706,4.22,3.63
10707,4.23,3.63
10708,4.24,3.63
10710,4.24,3.63
10711,4.25,3.63
10713,4.25,3.63
10714,4.25,3.63
10715,4.25,3.63
10716,4.24,3.62
10717,4.24,3.62
10719,4.23,3.61
10720,4.23,3.61
10721,4.22,3.61
10722,4.22,3.61
10723,4.22,3.61
10724,4.21,3.61
10726,4.21,3.61
10727,4.21,3.62
10728,4.22,3.61
10729,4.22,3.61
10730,4.22,3.61
10732,4.22,3.61
10733,4.22,3.61
10734,4.22,3.61
10735,4.22,3.61
10736,4.21,3.61
10737,4.21,3.61
10739,4.21,3.61
10740,4.21,3.62
10741,4.21,3.62
10742,4.21,3.62
10743,4.20,3.62
10745,4.20,3.63
10746,4.20,3.63
10747,4.20,3.63
10748,4.20,3.63
10749,4.20,3.63
10750,4.21,3.62
10753,4.21,3.62
10754,4.21,3.62
10755,4.21,3.62
10756,4.22,3.62
10757,4.22,3.62
10758,4.22,3.63
10760,4.22,3.62
10761,4.23,3.62
10762,4.23,3.62
10763,4.23,3.62
10764,4.22,3.62
10766,4.22,3.62
10767,4.22,3.62
10768,4.22,3.62
10769,4.22,3.62
10770,4.22,3.62
10771,4.22,3.63
10773,4.22,3.63
10774,4.22,3.63
10775,4.22,3.63
10776,4.22,3.63
10777,4.23,3.63
10779,4.23,3.63
10780,4.23,3.63
10781,4.23,3.63
10782,4.24,3.63
10783,4.24,3.63
10785,4.24,3.63
10786,4.24,3.62
10787,4.24,3.62
10788,4.23,3.62
10789,4.23,3.62
10790,4.23,3.62
10792,4.23,3.62
10793,4.22,3.62
10795,4.22,3.63
10796,4.22,3.63
10797,4.22,3.63
10799,4.21,3.63
10800,4.21,3.63
10801,4.21,3.63
10802,4.21,3.63
10803,4.21,3.63
10804,4.21,3.63
10806,4.21,3.63
10807,4.21,3.64
10808,4.21,3.64
10809,4.21,3.64
10810,4.21,3.64
10812,4.21,3.63
10813,4.22,3.64
10814,4.23,3.64
10815,4.24,3.64
10816,4.24,3.63
10817,4.24,3.63
10819,4.24,3.63
10820,4.24,3.63
10821,4.23,3.63
10822,4.23,3.62
10823,4.22,3.62
10825,4.22,3.63
10826,4.22,3.63
10827,4.22,3.63
10828,4.22,3.64
10829,4.22,3.64
10830,4.22,3.64
10832,4.21,3.64
10833,4.21,3.64
10834,4.21,3.64
10835,4.21,3.64
10836,4.21,3.64
10839,4.21,3.64
10840,4.21,3.64
10841,4.21,3.64
10842,4.21,3.64
10843,4.21,3.64
10845,4.21,3.64
10846,4.22,3.64
10847,4.22,3.64
10848,4.22,3.64
10849,4.21,3.64
10850,4.21,3.64
10852,4.21,3.64
10853,4.21,3.64
10854,4.21,3.64
10855,4.21,3.64
10856,4.21,3.65
10858,4.21,3.65
10859,4.21,3.65
10860,4.21,3.65
10861,4.21,3.65
10862,4.21,3.65
10863,4.21,3.65
10865,4.21,3.65
10866,4.21,3.65
10867,4.21,3.65
10868,4.22,3.65
10869,4.22,3.65
10871,4.22,3.65
10872,4.23,3.65
10873,4.23,3.65
10874,4.23,3.65
10875,4.23,3.65
10877,4.23,3.65
10878,4.23,3.65
10880,4.23,3.65
10881,4.24,3.65
10882,4.24,3.65
10883,4.24,3.65
10885,4.24,3.65
10886,4.24,3.65
10887,4.23,3.65
10888,4.23,3.65
10889,4.23,3.65
10891,4.23,3.65
10892,4.23,3.65
10893,4.23,3.65
10894,4.23,3.65
10895,4.23,3.66
10896,4.23,3.66
10898,4.22,3.66
10899,4.22,3.66
10900,4.22,3.65
10901,4.22,3.66
10902,4.22,3.66
10904,4.22,3.66
10905,4.22,3.66
10906,4.22,3.66
10907,4.22,3.66
10908,4.22,3.66
10909,4.22,3.66
10911,4.22,3.66
10912,4.21,3.66
10913,4.21,3.66
10914,4.21,3.66
10915,4.21,3.66
10917,4.21,3.66
10918,4.21,3.66
10919,4.21,3.66
10920,4.21,3.66
10921,4.21,3.66
10923,4.21,3.66
10925,4.21,3.66
10926,4.21,3.66
10927,4.21,3.66
10928,4.21,3.66
10929,4.22,3.66
10931,4.22,3.67
10932,4.23,3.67
10933,4.23,3.67
10934,4.24,3.67
10935,4.24,3.66
10936,4.24,3.66
10938,4.24,3.66
10939,4.25,3.66
10940,4.25,3.66
10941,4.24,3.66
10942,4.24,3.66
10944,4.24,3.66
10945,4.24,3.65
10946,4.23,3.65
10947,4.23,3.66
10948,4.23,3.66
10949,4.23,3.66
10951,4.22,3.67
10952,4.22,3.67
10953,4.22,3.67
10954,4.22,3.67
10955,4.22,3.67
10957,4.22,3.68
10958,4.22,3.68
10959,4.22,3.68
10960,4.22,3.67
10961,4.23,3.67
10963,4.23,3.67
10964,4.23,3.67
10966,4.23,3.67
10967,4.23,3.67
10968,4.22,3.67
10969,4.22,3.67
10971,4.22,3.67
10972,4.22,3.68
10973,4.22,3.68
10974,4.21,3.68
10975,4.21,3.68
10977,4.21,3.68
10978,4.21,3.68
10979,4.21,3.68
10980,4.21,3.69
10981,4.21,3.69
10982,4.21,3.69
10984,4.21,3.69
10985,4.21,3.69
10986,4.21,3.69
10987,4.21,3.69
10988,4.21,3.69
10990,4.21,3.69
10991,4.21,3.69
10992,4.21,3.69
10993,4.21,3.69
10994,4.21,3.69
10995,4.22,3.69
10997,4.22,3.69
10998,4.23,3.69
10999,4.23,3.69
11000,4.24,3.69
11001,4.24,3.70
11003,4.24,3.69
11004,4.25,3.69
11005,4.25,3.69
11006,4.25,3.69
11008,4.25,3.69
11009,4.24,3.69
11011,4.24,3.69
11012,4.24,3.69
11013,4.24,3.69
11014,4.24,3.69
11015,4.24,3.69
11017,4.24,3.69
11018,4.24,3.69
11019,4.24,3.69
11020,4.24,3.69
11021,4.24,3.69
11023,4.24,3.69
11024,4.24,3.70
11025,4.24,3.70
11026,4.23,3.70
11027,4.23,3.70
11028,4.23,3.70
11030,4.23,3.70
11031,4.23,3.70
11032,4.23,3.70
11033,4.23,3.70
11034,4.23,3.70
11035,4.22,3.70
11037,4.22,3.70
11038,4.22,3.70
11039,4.22,3.70
11040,4.22,3.70
11041,4.22,3.70
11042,4.22,3.70
11044,4.22,3.71
11045,4.22,3.71
11046,4.22,3.71
11047,4.22,3.71
11048,4.22,3.71
11051,4.22,3.71
11052,4.22,3.71
11053,4.21,3.71
11054,4.21,3.71
11055,4.21,3.71
11056,4.21,3.71
11058,4.21,3.71
11059,4.21,3.71
11060,4.21,3.71
11061,4.21,3.71
11062,4.21,3.71
11064,4.21,3.71
11065,4.21,3.71
11066,4.21,3.71
11067,4.22,3.71
11068,4.22,3.71
11069,4.22,3.71
11071,4.23,3.71
11072,4.23,3.71
11073,4.23,3.71
11074,4.23,3.71
11075,4.23,3.71
11077,4.23,3.71
11078,4.23,3.71
11079,4.23,3.71
11080,4.23,3.71
11081,4.23,3.71
11082,4.23,3.71
11084,4.23,3.71
11085,4.23,3.71
11086,4.24,3.72
11087,4.24,3.72
11088,4.24,3.72
11089,4.24,3.72
11091,4.24,3.72
11092,4.24,3.72
11094,4.24,3.72
11095,4.24,3.72
11096,4.24,3.72
11098,4.24,3.73
11099,4.24,3.73
11100,4.24,3.73
11101,4.24,3.73
11102,4.24,3.73
11103,4.24,3.73
11105,4.24,3.73
11106,4.24,3.73
11107,4.24,3.73
11108,4.23,3.73
11109,4.23,3.73
11111,4.23,3.74
11112,4.23,3.74
11113,4.23,3.74
11114,4.22,3.74
11115,4.22,3.74
11116,4.22,3.75
11118,4.22,3.75
11119,4.22,3.74
11120,4.22,3.75
11121,4.22,3.75
11122,4.22,3.75
11124,4.22,3.75
11125,4.21,3.75
11126,4.21,3.75
11127,4.21,3.75
11128,4.21,3.75
11129,4.21,3.75
11131,4.21,3.75
11132,4.21,3.75
11133,4.21,3.75
11134,4.22,3.75
11136,4.21,3.75
11138,4.21,3.75
11139,4.22,3.75
11140,4.22,3.75
11141,4.22,3.75
11142,4.22,3.75
11143,4.22,3.75
11145,4.23,3.75
11146,4.23,3.76
11147,4.23,3.76
11148,4.24,3.76
11149,4.24,3.76
11150,4.24,3.76
11152,4.24,3.76
11153,4.25,3.76
11154,4.25,3.76
11155,4.25,3.75
11156,4.25,3.76
11158,4.25,3.75
11159,4.25,3.75
11160,4.26,3.75
11161,4.26,3.75
11162,4.26,3.75
11163,4.26,3.75
11165,4.26,3.75
11166,4.26,3.75
11167,4.26,3.75
11168,4.25,3.75
11169,4.25,3.75
11171,4.25,3.75
11172,4.25,3.75
11173,4.25,3.76
11174,4.24,3.76
11175,4.25,3.76
11176,4.25,3.76
11179,4.24,3.76
11180,4.24,3.76
11181,4.24,3.76
11182,4.24,3.75
11183,4.24,3.75
11185,4.24,3.75
11186,4.24,3.76
11187,4.23,3.76
11188,4.23,3.76
11189,4.23,3.76
11190,4.23,3.76
11192,4.23,3.76
11193,4.22,3.76
11194,4.22,3.76
11195,4.22,3.77
11196,4.22,3.77
11198,4.22,3.77
11199,4.23,3.76
11200,4.23,3.76
11201,4.24,3.76
11202,4.25,3.76
11203,4.26,3.77
11205,4.26,3.76
11206,4.27,3.76
11207,4.27,3.76
11208,4.28,3.76
11209,4.28,3.76
11210,4.28,3.75
11212,4.27,3.75
11213,4.27,3.75
11214,4.27,3.74
11215,4.26,3.74
11216,4.25,3.74
11218,4.25,3.74
11219,4.24,3.74
11220,4.24,3.74
11222,4.24,3.75
11223,4.23,3.75
11224,4.23,3.76
11226,4.23,3.76
11227,4.24,3.76
11228,4.24,3.77
11229,4.25,3.76
11230,4.25,3.76
11232,4.26,3.76
11233,4.27,3.76
11234,4.28,3.76
11235,4.29,3.76
11236,4.29,3.75
11237,4.29,3.75
11239,4.29,3.74
11240,4.28,3.74
11241,4.28,3.74
11242,4.28,3.73
11243,4.27,3.73
11245,4.27,3.73
11246,4.27,3.73
11247,4.26,3.73
11248,4.27,3.73
11249,4.27,3.73
11250,4.27,3.73
11252,4.28,3.74
11253,4.28,3.74
11254,4.29,3.74
11255,4.31,3.74
11256,4.31,3.74
11258,4.32,3.73
11259,4.33,3.73
11260,4.33,3.72
11261,4.32,3.72
11262,4.31,3.71
11264,4.30,3.71
11266,4.29,3.70
11267,4.27,3.70
11268,4.26,3.71
11269,4.26,3.72
11270,4.25,3.73
11271,4.25,3.74
11273,4.25,3.74
11274,4.24,3.74
11275,4.24,3.74
11276,4.24,3.74
11277,4.24,3.73
11279,4.24,3.73
11280,4.23,3.72
11281,4.23,3.71
11282,4.23,3.71
11283,4.24,3.71
11284,4.24,3.72
11286,4.25,3.72
11287,4.25,3.72
11288,4.26,3.72
11289,4.26,3.72
11290,4.26,3.72
11292,4.26,3.72
11293,4.25,3.72
11294,4.25,3.72
11295,4.25,3.72
11296,4.24,3.73
11297,4.24,3.73
11299,4.24,3.74
11300,4.23,3.75
11301,4.23,3.75
11302,4.23,3.75
11303,4.24,3.75
11305,4.25,3.74
11307,4.26,3.74
11308,4.27,3.74
11309,4.29,3.74
11310,4.29,3.74
11311,4.30,3.73
11313,4.30,3.72
11314,4.29,3.71
11315,4.29,3.70
11316,4.28,3.70
11317,4.27,3.70
11318,4.27,3.70
11320,4.26,3.71
11321,4.25,3.71
11322,4.25,3.72
11323,4.25,3.72
11324,4.25,3.73
11326,4.24,3.73
11327,4.24,3.73
11328,4.23,3.74
11329,4.22,3.74
11330,4.22,3.75
11331,4.22,3.75
11333,4.22,3.75
11334,4.22,3.75
11335,4.22,3.75
11336,4.23,3.75
11337,4.24,3.74
11339,4.24,3.74
11340,4.25,3.74
11341,4.26,3.74
11342,4.27,3.74
11343,4.27,3.74
11344,4.27,3.73
11346,4.27,3.73
11347,4.27,3.73
11348,4.27,3.72
11350,4.26,3.72
11351,4.26,3.72
11352,4.26,3.73
11354,4.26,3.73
11355,4.26,3.73
11356,4.26,3.73
11357,4.26,3.73
11358,4.26,3.74
11360,4.25,3.74
11361,4.25,3.74
11362,4.25,3.74
11363,4.25,3.74
11364,4.26,3.74
11365,4.27,3.74
11367,4.29,3.75
11368,4.30,3.75
11369,4.31,3.75
11370,4.31,3.74
11371,4.30,3.74
11373,4.29,3.73
11374,4.28,3.72
11375,4.27,3.71
11376,4.26,3.72
11377,4.25,3.73
11378,4.25,3.74
11380,4.25,3.75
11381,4.24,3.75
11382,4.24,3.75
11383,4.24,3.75
11384,4.24,3.75
11386,4.24,3.75
11387,4.24,3.74
11388,4.24,3.74
11389,4.24,3.74
11390,4.24,3.74
11392,4.25,3.74
11394,4.25,3.74
11395,4.26,3.75
11396,4.27,3.75
11397,4.27,3.75
11398,4.26,3.74
11399,4.26,3.74
11401,4.25,3.74
11402,4.25,3.74
11403,4.24,3.74
11404,4.24,3.74
11405,4.23,3.75
11407,4.23,3.75
11408,4.23,3.75
11409,4.24,3.75
11410,4.24,3.75
11411,4.25,3.75
11412,4.26,3.75
11414,4.27,3.75
11415,4.27,3.75
11416,4.27,3.75
11417,4.27,3.75
11418,4.27,3.75
11420,4.26,3.74
11421,4.26,3.75
11422,4.26,3.75
11423,4.25,3.75
11424,4.25,3.75
11425,4.24,3.75
11427,4.25,3.75
11428,4.25,3.75
11429,4.26,3.75
11430,4.27,3.76
11431,4.29,3.76
11433,4.30,3.76
11435,4.31,3.75
11436,4.31,3.75
11437,4.30,3.74
11438,4.29,3.73
11439,4.28,3.72
11441,4.26,3.72
11442,4.25,3.72
11443,4.25,3.73
11444,4.25,3.75
11445,4.25,3.76
11446,4.25,3.76
11448,4.26,3.77
11449,4.26,3.76
11450,4.26,3.76
11451,4.26,3.76
11452,4.26,3.75
11454,4.25,3.74
11455,4.25,3.74
11456,4.26,3.74
11457,4.27,3.74
11458,4.28,3.74
11459,4.28,3.74
11461,4.28,3.74
11462,4.28,3.73
11463,4.28,3.73
11464,4.27,3.72
11465,4.26,3.72
11467,4.25,3.72
11468,4.25,3.73
11469,4.25,3.74
11470,4.25,3.75
11471,4.25,3.76
11472,4.25,3.76
11474,4.25,3.76
11475,4.25,3.76
11476,4.26,3.75
11478,4.26,3.75
11479,4.28,3.75
11481,4.28,3.75
11482,4.29,3.75
11483,4.30,3.74
11484,4.30,3.74
11485,4.30,3.73
11486,4.30,3.73
11488,4.30,3.73
11489,4.29,3.72
11490,4.29,3.72
11491,4.28,3.72
11492,4.27,3.72
11493,4.26,3.73
11495,4.26,3.73
11496,4.25,3.73
11497,4.24,3.73
11498,4.23,3.73
11499,4.22,3.74
11501,4.22,3.74
11502,4.21,3.74
11503,4.21,3.75
11504,4.22,3.75
11505,4.23,3.75
11506,4.24,3.75
11508,4.26,3.76
11509,4.28,3.76
11510,4.30,3.76
11511,4.31,3.76
11512,4.32,3.75
11514,4.31,3.74
11515,4.30,3.73
11516,4.29,3.72
11517,4.28,3.71
11518,4.27,3.71
11520,4.26,3.71
11522,4.26,3.72
11523,4.26,3.72
11524,4.26,3.73
11525,4.26,3.74
11526,4.26,3.74
11528,4.27,3.74
11529,4.27,3.74
11530,4.27,3.73
11531,4.27,3.73
11532,4.27,3.73
11533,4.27,3.73
11535,4.27,3.73
11536,4.28,3.73
11537,4.28,3.72
11538,4.28,3.72
11539,4.28,3.72
11540,4.28,3.72
11542,4.29,3.73
11543,4.30,3.73
11544,4.29,3.73
11545,4.29,3.73
11546,4.29,3.73
11548,4.28,3.73
11549,4.28,3.72
11550,4.28,3.73
11551,4.27,3.73
11552,4.27,3.73
11553,4.26,3.73
11555,4.26,3.73
11556,4.26,3.73
11557,4.26,3.73
11558,4.26,3.73
11559,4.27,3.72
11561,4.27,3.73
11563,4.27,3.73
11564,4.28,3.73
11565,4.28,3.73
11566,4.28,3.72
11567,4.28,3.72
11569,4.27,3.72
11570,4.27,3.72
11571,4.26,3.73
11572,4.26,3.73
11573,4.26,3.73
11575,4.25,3.73
11576,4.25,3.74
11577,4.25,3.74
11578,4.26,3.74
11579,4.27,3.74
11580,4.28,3.75
11582,4.30,3.75
11583,4.31,3.75
11584,4.33,3.75
11585,4.33,3.75
11586,4.33,3.74
11587,4.33,3.73
11589,4.32,3.72
11590,4.31,3.71
11591,4.30,3.71
11592,4.29,3.71
11593,4.28,3.72
11595,4.28,3.73
11596,4.28,3.74
11597,4.27,3.75
11598,4.27,3.75
11599,4.26,3.74
11600,4.26,3.74
11602,4.27,3.74
11603,4.27,3.74
11604,4.28,3.73
11606,4.28,3.74
11607,4.29,3.74
11609,4.29,3.73
11610,4.29,3.73
11611,4.29,3.73
11612,4.28,3.72
11613,4.27,3.72
11614,4.27,3.73
11616,4.27,3.74
11617,4.27,3.74
11618,4.26,3.75
11619,4.26,3.75
11620,4.26,3.74
11622,4.26,3.74
11623,4.27,3.74
11624,4.27,3.74
11625,4.27,3.73
11626,4.27,3.73
11627,4.27,3.73
11629,4.27,3.73
11630,4.27,3.73
11631,4.27,3.74
11632,4.28,3.74
11633,4.28,3.74
11635,4.29,3.74
11636,4.29,3.74
11637,4.30,3.74
11638,4.29,3.74
11639,4.29,3.73
11640,4.28,3.74
11642,4.28,3.74
11643,4.27,3.74
11644,4.27,3.74
11645,4.26,3.74
11646,4.26,3.75
11648,4.26,3.75
11650,4.26,3.75
11651,4.25,3.74
11652,4.25,3.74
11653,4.24,3.74
11654,4.24,3.74
11656,4.25,3.75
11657,4.25,3.75
11658,4.26,3.76
11659,4.27,3.76
11660,4.28,3.76
11661,4.29,3.76
11663,4.30,3.76
11664,4.30,3.76
11665,4.30,3.76
11666,4.30,3.75
11667,4.29,3.75
11668,4.28,3.75
11670,4.28,3.75
11671,4.28,3.75
11672,4.28,3.75
11673,4.28,3.75
11674,4.28,3.75
11676,4.28,3.75
11677,4.28,3.74
11678,4.28,3.74
11679,4.28,3.74
11680,4.27,3.74
11681,4.27,3.74
11683,4.27,3.74
11684,4.26,3.74
11685,4.26,3.75
11686,4.26,3.75
11687,4.27,3.75
11689,4.29,3.75
11691,4.30,3.76
11692,4.31,3.76
11693,4.31,3.76
11694,4.31,3.75
11695,4.31,3.74
11697,4.29,3.73
11698,4.27,3.72
11699,4.26,3.73
11700,4.25,3.73
11701,4.24,3.74
11703,4.24,3.75
11704,4.24,3.76
11705,4.23,3.76
11706,4.24,3.77
11707,4.24,3.77
11708,4.25,3.77
11710,4.26,3.76
11711,4.27,3.76
11712,4.29,3.77
11713,4.30,3.77
11714,4.30,3.76
11715,4.30,3.76
11717,4.29,3.75
11718,4.28,3.74
11719,4.27,3.74
11720,4.27,3.74
11721,4.26,3.74
11723,4.27,3.75
11724,4.27,3.76
11725,4.27,3.76
11726,4.28,3.77
11727,4.27,3.77
11728,4.27,3.77
11730,4.27,3.76
11731,4.26,3.76
11732,4.25,3.76
11734,4.25,3.76
11735,4.25,3.76
11737,4.25,3.77
11738,4.26,3.77
11739,4.26,3.77
11740,4.27,3.77
11741,4.27,3.78
11742,4.27,3.78
11744,4.27,3.77
11745,4.28,3.77
11746,4.28,3.77
11747,4.27,3.77
11748,4.27,3.77
11750,4.27,3.77
11751,4.26,3.77
11752,4.26,3.77
11753,4.25,3.77
11754,4.25,3.77
11755,4.25,3.78
11757,4.25,3.78
11758,4.26,3.78
11759,4.26,3.78
11760,4.27,3.78
11761,4.28,3.79
11763,4.30,3.79
11764,4.30,3.79
11765,4.30,3.78
11766,4.30,3.78
11767,4.29,3.77
11768,4.28,3.77
11770,4.27,3.77
11771,4.27,3.78
11772,4.26,3.78
11773,4.25,3.79
11774,4.25,3.79
11776,4.24,3.79
11778,4.24,3.80
11779,4.24,3.80
11780,4.24,3.80
11781,4.24,3.80
11782,4.24,3.80
11784,4.24,3.80
11785,4.24,3.80
11786,4.25,3.80
11787,4.25,3.80
11788,4.26,3.80
11789,4.26,3.80
11791,4.27,3.80
11792,4.28,3.80
11793,4.28,3.80
11794,4.29,3.80
11795,4.29,3.80
11796,4.29,3.80
11798,4.29,3.79
11799,4.28,3.79
11800,4.28,3.78
11801,4.27,3.78
11802,4.26,3.78
11803,4.26,3.78
11805,4.26,3.78
11806,4.26,3.78
11807,4.27,3.79
11808,4.28,3.79
11809,4.29,3.80
11811,4.29,3.80
11812,4.30,3.80
11813,4.30,3.79
11814,4.29,3.79
11815,4.29,3.78
11816,4.28,3.78
11819,4.28,3.79
11820,4.27,3.79
11821,4.27,3.80
11822,4.26,3.80
11823,4.26,3.80
11825,4.26,3.80
11826,4.27,3.80
11827,4.27,3.80
11828,4.27,3.79
11829,4.27,3.79
11830,4.26,3.78
11832,4.26,3.78
11833,4.26,3.78
11834,4.26,3.77
11835,4.25,3.78
11836,4.25,3.78
11837,4.24,3.78
11839,4.24,3.79
11840,4.24,3.79
11841,4.24,3.80
11842,4.24,3.80
11843,4.24,3.80
11845,4.24,3.80
11846,4.25,3.80
11847,4.25,3.80
11848,4.26,3.81
11849,4.27,3.81
11850,4.28,3.81
11852,4.29,3.81
11853,4.29,3.81
11854,4.30,3.81
11855,4.30,3.81
11856,4.29,3.80
11857,4.29,3.79
11859,4.28,3.79
11860,4.27,3.78
11862,4.26,3.78
11863,4.25,3.77
11864,4.25,3.78
11866,4.25,3.78
11867,4.26,3.79
11868,4.26,3.80
11869,4.27,3.80
11870,4.27,3.81
11871,4.27,3.81
11873,4.26,3.82
11874,4.26,3.82
11875,4.25,3.82
11876,4.25,3.82
11877,4.24,3.82
11879,4.24,3.82
11880,4.24,3.81
11881,4.24,3.81
11882,4.25,3.81
11883,4.25,3.80
11884,4.26,3.81
11886,4.27,3.81
11887,4.28,3.81
11888,4.28,3.80
11889,4.28,3.80
11890,4.27,3.80
11892,4.27,3.80
11893,4.27,3.80
11894,4.26,3.80
11895,4.26,3.81
11896,4.26,3.81
11897,4.27,3.82
11899,4.26,3.82
11900,4.27,3.82
11901,4.26,3.82
11902,4.26,3.81
11904,4.26,3.81
11905,4.26,3.81
11907,4.26,3.80
11908,4.26,3.80
11909,4.25,3.80
11910,4.25,3.80
11911,4.26,3.81
11913,4.26,3.81
11914,4.27,3.82
11915,4.29,3.83
11916,4.30,3.83
11917,4.30,3.83
11918,4.30,3.83
11920,4.30,3.83
11921,4.29,3.83
11922,4.29,3.83
11923,4.28,3.83
11924,4.27,3.83
11926,4.27,3.83
11927,4.27,3.84
11928,4.27,3.84
11929,4.28,3.84
11930,4.28,3.84
11931,4.28,3.84
11933,4.28,3.84
11934,4.28,3.83
11935,4.28,3.83
11936,4.28,3.83
11937,4.27,3.83
11939,4.28,3.83
11940,4.28,3.84
11941,4.28,3.84
11942,4.28,3.84
11943,4.27,3.84
11944,4.27,3.84
11947,4.27,3.85
11948,4.26,3.85
11949,4.26,3.85
11950,4.25,3.86
11951,4.25,3.86
11953,4.24,3.86
11954,4.24,3.86
11955,4.24,3.87
11956,4.24,3.87
11957,4.24,3.87
11958,4.24,3.87
11960,4.24,3.87
11961,4.25,3.87
11962,4.25,3.88
11963,4.25,3.88
11964,4.25,3.88
11966,4.25,3.88
11967,4.25,3.87
11968,4.26,3.87
11969,4.26,3.87
11970,4.27,3.87
11971,4.27,3.88
11973,4.27,3.88
11974,4.27,3.88
11975,4.27,3.89
11976,4.27,3.89
11977,4.26,3.90
11979,4.26,3.90
11980,4.26,3.91
11981,4.26,3.91
11982,4.26,3.91
11983,4.26,3.92
11984,4.26,3.92
11986,4.26,3.92
11987,4.26,3.92
11988,4.26,3.92
11990,4.26,3.92
11991,4.27,3.92
11993,4.27,3.93
11994,4.27,3.93
11995,4.28,3.94
11996,4.28,3.94
11997,4.29,3.95
11998,4.29,3.95
12000,4.29,3.96
12001,4.29,3.96
12002,4.29,3.96
12003,4.28,3.97
12004,4.28,3.97
12006,4.27,3.97
12007,4.27,3.98
12008,4.27,3.98
12009,4.27,3.99
12010,4.27,3.99
12011,4.27,4.00
12013,4.28,4.00
12014,4.28,4.01
12015,4.28,4.01
12016,4.29,4.02
12017,4.29,4.02
12018,4.28,4.03
12020,4.28,4.04
12021,4.28,4.04
12022,4.28,4.06
12023,4.27,4.07
12024,4.27,4.08
12026,4.27,4.09
12027,4.28,4.11
12028,4.28,4.13
12029,4.28,4.14
12030,4.29,4.16
12032,4.29,4.18
12034,4.29,4.21
12035,4.29,4.24
12036,4.29,4.27
12037,4.29,4.30
12038,4.29,4.33
12039,4.29,4.36
12041,4.28,4.38
12042,4.28,4.41
12043,4.28,4.43
12044,4.29,4.46
12045,4.29,4.48
12047,4.30,4.50
12048,4.32,4.52
12049,4.33,4.54
12050,4.35,4.56
12051,4.35,4.57
12052,4.36,4.59
12054,4.36,4.61
12055,4.36,4.62
12056,4.35,4.64
12057,4.35,4.65
12058,4.34,4.66
12060,4.34,4.68
12061,4.33,4.69
12062,4.34,4.70
12063,4.34,4.71
12064,4.35,4.72
12065,4.36,4.73
12067,4.36,4.74
12068,4.37,4.75
12069,4.38,4.76
12070,4.37,4.77
12071,4.36,4.77
12073,4.36,4.78
12075,4.35,4.78
12076,4.35,4.79
12077,4.34,4.80
12078,4.34,4.80
12079,4.34,4.81
12081,4.34,4.81
12082,4.34,4.82
12083,4.34,4.82
12084,4.33,4.83
12085,4.33,4.83
12087,4.32,4.84
12088,4.31,4.84
12089,4.31,4.85
12090,4.31,4.85
12091,4.30,4.86
12092,4.30,4.86
12094,4.29,4.86
12095,4.29,4.86
12096,4.29,4.87
12097,4.29,4.87
12098,4.29,4.87
12099,4.29,4.88
12101,4.29,4.88
12102,4.29,4.88
12103,4.28,4.88
12104,4.28,4.88
12105,4.28,4.88
12107,4.27,4.89
12108,4.27,4.89
12109,4.27,4.89
12110,4.27,4.89
12111,4.27,4.90
12112,4.27,4.90
12114,4.27,4.90
12115,4.27,4.90
12116,4.28,4.90
12118,4.29,4.90
12119,4.29,4.90
12120,4.30,4.90
12122,4.30,4.91
12123,4.29,4.91
12124,4.29,4.92
12125,4.28,4.92
12126,4.27,4.92
12128,4.26,4.92
12129,4.26,4.92
12130,4.26,4.92
12131,4.26,4.92
12132,4.27,4.92
12133,4.27,4.92
12135,4.27,4.92
12136,4.27,4.93
12137,4.26,4.93
12138,4.26,4.93
12139,4.26,4.93
12141,4.25,4.93
12142,4.25,4.93
12143,4.25,4.93
12144,4.25,4.93
12145,4.25,4.93
12146,4.25,4.93
12148,4.26,4.93
12149,4.26,4.93
12150,4.27,4.93
12151,4.26,4.94
12152,4.26,4.94
12154,4.26,4.94
12155,4.26,4.94
12156,4.27,4.94
12157,4.27,4.94
12158,4.27,4.94
12160,4.28,4.94
12162,4.28,4.94
12163,4.27,4.94
12164,4.27,4.95
12165,4.27,4.95
12166,4.27,4.95
12168,4.27,4.95
12169,4.27,4.95
12170,4.27,4.95
12171,4.27,4.95
12172,4.27,4.95
12173,4.27,4.95
12175,4.27,4.95
12176,4.27,4.95
12177,4.26,4.95
12178,4.26,4.95
12179,4.26,4.95
12181,4.27,4.95
12182,4.27,4.95
12183,4.28,4.95
12184,4.28,4.95
12185,4.29,4.95
12186,4.29,4.95
12188,4.29,4.95
12189,4.29,4.95
12190,4.29,4.95
12191,4.29,4.95
12192,4.29,4.96
12194,4.29,4.96
12195,4.29,4.96
12196,4.29,4.96
12197,4.29,4.96
12198,4.29,4.96
12199,4.29,4.96
12201,4.29,4.96
12203,4.29,4.96
12204,4.29,4.96
12205,4.29,4.96
12206,4.29,4.96
12208,4.29,4.96
12209,4.29,4.96
12210,4.29,4.96
12211,4.29,4.96
12212,4.29,4.96
12214,4.29,4.96
12215,4.29,4.96
12216,4.28,4.96
12217,4.28,4.96
12218,4.28,4.96
12219,4.27,4.96
12221,4.27,4.96
12222,4.27,4.96
12223,4.27,4.96
12224,4.27,4.96
12225,4.27,4.96
12227,4.28,4.96
12228,4.28,4.96
12229,4.29,4.96
12230,4.29,4.96
12231,4.29,4.96
12232,4.29,4.96
12234,4.29,4.96
12235,4.28,4.96
12236,4.28,4.96
12237,4.28,4.96
12238,4.28,4.96
12240,4.28,4.96
12241,4.28,4.96
12242,4.28,4.96
12243,4.28,4.96
12244,4.28,4.96
12246,4.28,4.96
12248,4.28,4.96
12249,4.28,4.96
12250,4.28,4.96
12251,4.28,4.96
12252,4.28,4.96
12254,4.29,4.96
12255,4.29,4.96
12256,4.30,4.96
12257,4.30,4.96
12258,4.29,4.96
12259,4.29,4.96
12261,4.29,4.96
12262,4.28,4.97
12263,4.28,4.97
12264,4.28,4.97
12265,4.27,4.96
12267,4.27,4.97
12268,4.27,4.97
12269,4.27,4.96
12270,4.27,4.96
12271,4.26,4.97
12272,4.26,4.96
12274,4.27,4.96
12275,4.27,4.96
12276,4.27,4.96
12277,4.28,4.96
12278,4.28,4.96
12280,4.28,4.96
12281,4.29,4.96
12282,4.28,4.96
12283,4.28,4.96
12284,4.28,4.96
12285,4.28,4.97
12288,4.27,4.97
12289,4.27,4.97
12290,4.27,4.97
12291,4.27,4.97
12292,4.28,4.97
12294,4.28,4.97
12295,4.28,4.97
12296,4.28,4.96
12297,4.28,4.96
12298,4.28,4.95
12299,4.28,4.94
12301,4.28,4.93
12302,4.28,4.92
12303,4.29,4.91
12304,4.29,4.89
12305,4.30,4.87
12307,4.30,4.85
12308,4.31,4.82
12309,4.31,4.78
12310,4.30,4.76
12311,4.29,4.72
12312,4.29,4.69
12314,4.28,4.66
12315,4.28,4.62
12316,4.27,4.59
12317,4.27,4.56
12318,4.27,4.52
12320,4.27,4.49
12321,4.26,4.46
12322,4.26,4.43
12323,4.26,4.40
12324,4.26,4.37
12325,4.26,4.35
12327,4.26,4.32
12328,4.25,4.29
12329,4.25,4.27
12331,4.25,4.24
12332,4.25,4.22
12334,4.25,4.20
12335,4.24,4.18
12336,4.24,4.16
12337,4.24,4.14
12338,4.24,4.12
12339,4.23,4.10
12341,4.23,4.08
12342,4.23,4.06
12343,4.22,4.05
12344,4.22,4.03
12345,4.22,4.02
12346,4.21,4.01
12348,4.21,3.99
12349,4.21,3.98
12350,4.21,3.97
12351,4.21,3.95
12352,4.21,3.94
12354,4.21,3.93
12355,4.21,3.91
12356,4.21,3.91
12357,4.21,3.90
12358,4.21,3.89
12359,4.21,3.88
12361,4.21,3.86
12362,4.22,3.85
12363,4.22,3.84
12364,4.22,3.83
12365,4.22,3.82
12367,4.22,3.82
12368,4.22,3.81
12369,4.22,3.81
12370,4.23,3.80
12371,4.23,3.79
12372,4.23,3.79
12375,4.23,3.78
12376,4.24,3.78
12377,4.24,3.77
12378,4.24,3.76
12379,4.24,3.76
12381,4.25,3.75
12382,4.25,3.75
12383,4.25,3.74
12384,4.26,3.74
12385,4.26,3.73
12386,4.26,3.73
12388,4.27,3.72
12389,4.27,3.72
12390,4.27,3.71
12391,4.27,3.71
12392,4.27,3.70
12394,4.27,3.70
12395,4.27,3.70
12396,4.27,3.69
12397,4.27,3.69
12398,4.27,3.69
12399,4.27,3.68
12401,4.27,3.68
12402,4.27,3.68
12403,4.28,3.67
12404,4.28,3.67
12405,4.28,3.67
12407,4.28,3.66
12408,4.28,3.66
12409,4.28,3.66
12410,4.28,3.66
12411,4.28,3.66
12412,4.28,3.65
12414,4.28,3.65
12416,4.27,3.65
12417,4.27,3.65
12418,4.28,3.65
12419,4.28,3.64
12421,4.28,3.64
12422,4.29,3.64
12423,4.29,3.64
12424,4.29,3.63
12425,4.29,3.63
12426,4.29,3.63
12428,4.29,3.63
12429,4.29,3.63
12430,4.29,3.63
12431,4.29,3.62
12432,4.29,3.62
12434,4.28,3.62
12435,4.28,3.62
12436,4.28,3.61
12437,4.28,3.61
12438,4.28,3.61
12439,4.28,3.61
12441,4.28,3.61
12442,4.28,3.60
12443,4.28,3.60
12444,4.28,3.60
12445,4.28,3.59
12447,4.28,3.59
12448,4.28,3.59
12449,4.28,3.59
12450,4.28,3.59
12451,4.28,3.58
12452,4.28,3.58
12454,4.28,3.58
12455,4.28,3.58
12456,4.28,3.58
12457,4.28,3.57
12459,4.28,3.57
12461,4.28,3.57
12462,4.28,3.56
12463,4.28,3.56
12464,4.28,3.56
12465,4.28,3.56
12466,4.28,3.55
12468,4.28,3.55
12469,4.28,3.55
12470,4.28,3.55
12471,4.28,3.54
12472,4.28,3.54
12473,4.28,3.54
12475,4.28,3.54
12476,4.28,3.53
12477,4.28,3.53
12478,4.28,3.53
12479,4.28,3.52
12481,4.28,3.52
12482,4.28,3.52
12483,4.28,3.51
12484,4.28,3.51
12485,4.28,3.51
12486,4.28,3.50
12488,4.28,3.50
12489,4.28,3.50
12490,4.28,3.49
12491,4.28,3.49
12492,4.28,3.49
12494,4.28,3.49
12495,4.28,3.48
12496,4.28,3.48
12497,4.28,3.48
12498,4.28,3.48
12499,4.28,3.48
12502,4.28,3.47
12503,4.28,3.47
12504,4.28,3.47
12505,4.28,3.47
12506,4.28,3.46
12508,4.28,3.46
12509,4.28,3.46
12510,4.28,3.46
12511,4.28,3.46
12512,4.28,3.45
12513,4.28,3.45
12515,4.28,3.45
12516,4.28,3.45
12517,4.28,3.45
12518,4.28,3.45
12519,4.28,3.44
12521,4.28,3.44
12522,4.28,3.44
12523,4.28,3.44
12524,4.28,3.44
12525,4.28,3.44
12526,4.28,3.43
12528,4.28,3.43
12529,4.28,3.43
12530,4.28,3.43
12531,4.28,3.43
12532,4.28,3.43
12534,4.28,3.43
12535,4.28,3.42
12536,4.28,3.42
12537,4.28,3.42
12538,4.28,3.42
12539,4.28,3.42
12541,4.28,3.42
12542,4.28,3.42
12544,4.28,3.42
12545,4.28,3.41
12546,4.29,3.41
12548,4.28,3.41
12549,4.29,3.41
12550,4.29,3.41
12551,4.29,3.41
12552,4.29,3.40
12553,4.29,3.40
12555,4.29,3.40
12556,4.29,3.40
12557,4.29,3.40
12558,4.29,3.40
12559,4.29,3.40
12560,4.29,3.40
12562,4.29,3.40
12563,4.29,3.40
12564,4.29,3.40
12565,4.29,3.40
12566,4.29,3.40
12568,4.29,3.40
12569,4.29,3.40
12570,4.28,3.40
12571,4.28,3.40
12572,4.28,3.40
12573,4.28,3.40
12575,4.28,3.40
12576,4.28,3.40
12577,4.28,3.39
12578,4.29,3.39
12579,4.29,3.39
12580,4.29,3.39
12582,4.29,3.39
12583,4.29,3.39
12584,4.29,3.39
12585,4.29,3.39
12587,4.29,3.39
12589,4.29,3.39
12590,4.29,3.39
12591,4.29,3.39
12592,4.29,3.39
12593,4.29,3.39
12594,4.29,3.39
12596,4.29,3.39
12597,4.29,3.39
12598,4.29,3.39
12599,4.29,3.39
12600,4.29,3.38
12602,4.29,3.39
12603,4.29,3.38
12604,4.29,3.39
12605,4.29,3.38
12606,4.29,3.38
12607,4.29,3.39
12609,4.29,3.39
12610,4.29,3.38
12611,4.29,3.38
12612,4.29,3.38
12613,4.29,3.38
12615,4.29,3.38
12616,4.29,3.38
12617,4.29,3.38
12618,4.29,3.39
12619,4.29,3.39
12620,4.29,3.39
12622,4.29,3.39
12623,4.29,3.39
12624,4.29,3.39
12625,4.29,3.39
12626,4.29,3.39
12628,4.29,3.39
12630,4.29,3.39
12631,4.29,3.39
12632,4.29,3.39
12633,4.29,3.39
12635,4.29,3.39
12636,4.29,3.38
12637,4.30,3.38
12638,4.29,3.38
12639,4.29,3.38
12640,4.29,3.38
12642,4.29,3.38
12643,4.29,3.38
12644,4.29,3.39
12645,4.29,3.38
12646,4.29,3.39
12648,4.29,3.39
12649,4.29,3.39
12650,4.29,3.38
12651,4.29,3.39
12652,4.28,3.38
12653,4.28,3.38
12655,4.28,3.39
12656,4.28,3.38
12657,4.28,3.39
12658,4.28,3.39
12659,4.28,3.39
12661,4.27,3.39
12662,4.27,3.39
12663,4.27,3.39
12664,4.27,3.39
12665,4.26,3.39
12666,4.26,3.39
12668,4.26,3.39
12669,4.26,3.39
12670,4.26,3.39
12672,4.26,3.39
12673,4.26,3.39
12675,4.25,3.39
12676,4.25,3.40
12677,4.25,3.40
12678,4.25,3.40
12679,4.25,3.40
12680,4.25,3.40
12682,4.25,3.40
12683,4.25,3.40
12684,4.25,3.40
12685,4.25,3.40
12686,4.25,3.40
12687,4.25,3.40
12689,4.26,3.41
12690,4.26,3.41
12691,4.26,3.41
12692,4.26,3.41
12693,4.26,3.41
12695,4.26,3.41
12696,4.26,3.41
12697,4.25,3.41
12698,4.26,3.41
12699,4.25,3.41
12700,4.26,3.41
12702,4.26,3.41
12703,4.26,3.41
12704,4.26,3.41
12705,4.26,3.41
12706,4.26,3.41
12708,4.26,3.41
12709,4.26,3.41
12710,4.26,3.42
12711,4.27,3.42
12712,4.27,3.42
12713,4.27,3.42
12716,4.27,3.42
12717,4.27,3.42
12718,4.27,3.42
12719,4.27,3.42
12720,4.27,3.42
12722,4.27,3.42
12723,4.27,3.42
12724,4.27,3.42
12725,4.27,3.42
12726,4.27,3.42
12727,4.27,3.43
12729,4.27,3.42
12730,4.27,3.43
12731,4.27,3.43
12732,4.27,3.43
12733,4.27,3.43
12735,4.27,3.43
12736,4.27,3.43
12737,4.27,3.43
12738,4.27,3.43
12739,4.27,3.43
12740,4.27,3.44
12742,4.27,3.44
12743,4.27,3.44
12744,4.28,3.44
12745,4.28,3.44
12746,4.28,3.44
12748,4.28,3.44
12749,4.28,3.44
12750,4.28,3.44
12751,4.28,3.44
12752,4.28,3.44
12753,4.28,3.44
12755,4.28,3.44
12756,4.28,3.45
12758,4.28,3.45
12759,4.28,3.45
12760,4.28,3.45
12762,4.28,3.46
12763,4.28,3.46
12764,4.28,3.46
12765,4.28,3.46
12766,4.29,3.47
12768,4.29,3.47
12769,4.29,3.47
12770,4.30,3.47
12771,4.29,3.47
12772,4.29,3.48
12773,4.29,3.48
12775,4.29,3.48
12776,4.29,3.48
12777,4.29,3.48
12778,4.30,3.48
12779,4.29,3.49
12781,4.29,3.49
12782,4.29,3.49
12783,4.30,3.50
12784,4.29,3.50
12785,4.30,3.51
12786,4.30,3.52
12788,4.30,3.53
12789,4.30,3.54
12790,4.30,3.55
12791,4.31,3.56
12792,4.31,3.57
12793,4.31,3.58
12795,4.31,3.59
12796,4.32,3.61
12797,4.32,3.62
12798,4.32,3.63
12800,4.33,3.64
12802,4.33,3.66
12803,4.33,3.67
12804,4.33,3.68
12805,4.33,3.69
12806,4.33,3.70
12807,4.33,3.71
12809,4.33,3.72
12810,4.33,3.73
12811,4.33,3.75
12812,4.33,3.76
12813,4.33,3.78
12815,4.33,3.80
12816,4.33,3.82
12817,4.33,3.84
12818,4.34,3.86
12819,4.34,3.89
12820,4.34,3.92
12822,4.35,3.96
12823,4.35,4.00
12824,4.35,4.05
12825,4.36,4.09
12826,4.36,4.13
12828,4.36,4.16
12829,4.37,4.20
12830,4.37,4.23
12831,4.38,4.27
12832,4.38,4.30
12833,4.39,4.33
12835,4.40,4.35
12836,4.41,4.38
12837,4.41,4.40
12838,4.42,4.43
12839,4.43,4.45
12840,4.44,4.47
12843,4.44,4.49
12844,4.45,4.52
12845,4.45,4.53
12846,4.46,4.55
12847,4.46,4.57
12849,4.46,4.58
12850,4.46,4.60
12851,4.46,4.61
12852,4.47,4.63
12853,4.47,4.64
12854,4.47,4.65
12856,4.47,4.67
12857,4.47,4.68
12858,4.47,4.69
12859,4.47,4.70
12860,4.47,4.71
12862,4.47,4.72
12863,4.46,4.73
12864,4.46,4.74
12865,4.46,4.75
12866,4.45,4.76
12867,4.45,4.77
12869,4.45,4.77
12870,4.45,4.78
12871,4.44,4.78
12872,4.44,4.79
12873,4.44,4.80
12875,4.43,4.80
12876,4.43,4.81
12877,4.42,4.81
12878,4.42,4.82
12879,4.41,4.82
12880,4.41,4.83
12882,4.41,4.83
12883,4.40,4.84
12884,4.40,4.84
12886,4.39,4.85
12887,4.39,4.85
12888,4.38,4.85
12890,4.38,4.86
12891,4.38,4.86
12892,4.38,4.86
12893,4.37,4.87
12894,4.37,4.87
12896,4.37,4.87
12897,4.36,4.88
12898,4.36,4.88
12899,4.36,4.88
12900,4.35,4.88
12901,4.35,4.88
12903,4.35,4.89
12904,4.35,4.89
12905,4.35,4.89
12906,4.35,4.89
12907,4.35,4.89
12908,4.35,4.89
12910,4.35,4.90
12911,4.34,4.90
12912,4.34,4.90
12913,4.34,4.90
12914,4.34,4.90
12916,4.34,4.90
12917,4.33,4.91
12918,4.33,4.91
12919,4.33,4.91
12920,4.33,4.91
12921,4.33,4.91
12923,4.33,4.91
12924,4.33,4.92
12925,4.33,4.92
12926,4.33,4.92
12928,4.33,4.92
12930,4.33,4.92
12931,4.33,4.92
12932,4.33,4.92
12933,4.33,4.92
12934,4.33,4.92
12935,4.33,4.93
12937,4.33,4.93
12938,4.33,4.93
12939,4.33,4.93
12940,4.32,4.93
12941,4.33,4.93
12943,4.33,4.93
12944,4.33,4.93
12945,4.33,4.93
12946,4.33,4.93
12947,4.33,4.94
12948,4.33,4.94
12950,4.33,4.94
12951,4.33,4.94
12952,4.33,4.94
12953,4.33,4.94
12954,4.33,4.94
12956,4.33,4.94
12957,4.33,4.94
12958,4.33,4.94
12959,4.33,4.94
12960,4.33,4.94
12961,4.33,4.94
12963,4.33,4.94
12964,4.33,4.95
12965,4.33,4.95
12966,4.33,4.95
12967,4.33,4.95
12969,4.34,4.95
12971,4.34,4.95
12972,4.34,4.95
12973,4.34,4.95
12974,4.34,4.95
12975,4.34,4.95
12977,4.34,4.95
12978,4.34,4.95
12979,4.33,4.95
12980,4.33,4.95
12981,4.33,4.95
12983,4.33,4.95
12984,4.33,4.95
12985,4.33,4.95
12986,4.33,4.95
12987,4.33,4.95
12988,4.34,4.95
12990,4.34,4.95
12991,4.34,4.95
12992,4.34,4.95
12993,4.34,4.96
12994,4.34,4.96
12996,4.33,4.96
12997,4.34,4.95
12998,4.34,4.96
12999,4.34,4.96
13000,4.34,4.96
13001,4.34,4.96
13003,4.34,4.96
13004,4.34,4.96
13005,4.34,4.96
13006,4.34,4.96
13007,4.34,4.96
13009,4.34,4.96
13010,4.34,4.96
13011,4.34,4.96
13012,4.34,4.96
13014,4.34,4.96
13016,4.34,4.96
13017,4.34,4.96
13018,4.34,4.96
13019,4.34,4.96
13020,4.34,4.96
13021,4.34,4.96
13023,4.34,4.96
13024,4.34,4.96
13025,4.34,4.96
13026,4.34,4.96
13027,4.35,4.96
13029,4.35,4.96
13030,4.35,4.96
13031,4.35,4.96
13032,4.35,4.96
13033,4.35,4.96
13034,4.35,4.96
13036,4.35,4.96
13037,4.35,4.96
13038,4.35,4.96
13039,4.35,4.96
13040,4.35,4.96
13042,4.35,4.96
13043,4.35,4.96
13044,4.35,4.96
13045,4.35,4.96
13046,4.35,4.96
13047,4.36,4.96
13049,4.36,4.96
13050,4.36,4.96
13051,4.36,4.96
13052,4.36,4.96
13053,4.36,4.96
13056,4.36,4.96
13057,4.36,4.96
13058,4.36,4.96
13059,4.36,4.97
13060,4.35,4.96
13061,4.35,4.97
13063,4.35,4.97
13064,4.35,4.97
13065,4.35,4.97
13066,4.35,4.96
13067,4.34,4.96
13069,4.34,4.97
13070,4.34,4.96
13071,4.34,4.96
13072,4.34,4.96
13073,4.34,4.96
13074,4.34,4.96
13076,4.34,4.96
13077,4.34,4.96
13078,4.34,4.96
13079,4.34,4.96
13080,4.35,4.96
13082,4.35,4.96
13083,4.35,4.96
13084,4.35,4.96
13085,4.35,4.96
13086,4.35,4.96
13087,4.35,4.96
13089,4.35,4.96
13090,4.35,4.96
13091,4.35,4.96
13092,4.35,4.96
13093,4.35,4.96
13095,4.35,4.96
13096,4.35,4.96
13097,4.35,4.96
13099,4.35,4.96
13100,4.35,4.96
13101,4.35,4.96
13103,4.35,4.96
13104,4.35,4.96
13105,4.35,4.96
13106,4.35,4.96
13107,4.36,4.96
13109,4.36,4.96
13110,4.36,4.96
13111,4.36,4.96
13112,4.36,4.96
13113,4.36,4.97
13114,4.36,4.97
13116,4.36,4.97
13117,4.36,4.96
13118,4.36,4.96
13119,4.36,4.96
13120,4.36,4.96
13122,4.36,4.96
13123,4.36,4.96
13124,4.36,4.96
13125,4.36,4.97
13126,4.36,4.97
13127,4.36,4.97
13129,4.35,4.97
13130,4.35,4.97
13131,4.35,4.97
13132,4.35,4.97
13133,4.35,4.97
13135,4.35,4.97
13136,4.35,4.97
13137,4.35,4.97
13138,4.35,4.97
13139,4.35,4.97
13140,4.35,4.96
13143,4.35,4.96
13144,4.35,4.96
13145,4.35,4.96
13146,4.35,4.96
13147,4.35,4.96
13149,4.35,4.96
13150,4.35,4.96
13151,4.35,4.96
13152,4.35,4.96
13153,4.35,4.96
13154,4.35,4.96
13156,4.35,4.96
13157,4.35,4.96
13158,4.35,4.96
13159,4.35,4.96
13160,4.35,4.96
13162,4.35,4.96
13163,4.35,4.96
13164,4.35,4.96
13165,4.35,4.97
13166,4.35,4.96
13167,4.35,4.96
13169,4.35,4.96
13170,4.35,4.96
13171,4.35,4.96
13172,4.35,4.96
13173,4.35,4.96
13175,4.35,4.96
13176,4.35,4.96
13177,4.35,4.96
13178,4.35,4.97
13179,4.35,4.97
13180,4.35,4.96
13182,4.36,4.96
13184,4.36,4.97
13185,4.36,4.97
13186,4.37,4.97
13187,4.37,4.97
13189,4.37,4.97
13190,4.37,4.97
13191,4.37,4.96
13192,4.37,4.96
13193,4.37,4.97
13194,4.37,4.97
13196,4.36,4.97
13197,4.36,4.97
13198,4.36,4.97
13199,4.36,4.97
13200,4.36,4.96
13202,4.37,4.96
13203,4.37,4.97
13204,4.38,4.97
13205,4.37,4.97
13206,4.37,4.97
13208,4.37,4.97
13209,4.36,4.97
13210,4.36,4.97
13211,4.36,4.97
13212,4.35,4.97
13213,4.35,4.97
13215,4.35,4.97
13216,4.35,4.97
13217,4.34,4.97
13218,4.34,4.97
13219,4.34,4.96
13221,4.33,4.94
13222,4.34,4.93
13223,4.34,4.92
13224,4.35,4.90
13225,4.35,4.88
13227,4.36,4.85
13229,4.36,4.80
13230,4.36,4.76
13231,4.36,4.71
13232,4.36,4.66
13233,4.36,4.62
13235,4.36,4.57
13236,4.35,4.53
13237,4.35,4.48
13238,4.35,4.44
13239,4.35,4.40
13240,4.35,4.36
13242,4.34,4.33
13243,4.34,4.29
13244,4.35,4.26
13245,4.35,4.23
13246,4.35,4.20
13248,4.35,4.17
13249,4.35,4.14
13250,4.35,4.12
13251,4.34,4.09
13252,4.34,4.07
13253,4.33,4.04
13255,4.33,4.02
13256,4.32,4.00
13257,4.32,3.98
13258,4.31,3.95
13259,4.31,3.94
13261,4.30,3.92
13262,4.30,3.91
13263,4.29,3.89
13264,4.29,3.88
13265,4.29,3.86
13266,4.29,3.85
13268,4.29,3.84
13270,4.29,3.82
13271,4.29,3.81
13272,4.29,3.80
13273,4.30,3.79
13274,4.30,3.78
13276,4.30,3.77
13277,4.30,3.76
13278,4.30,3.75
13279,4.30,3.74
13280,4.30,3.73
13282,4.30,3.72
13283,4.30,3.71
13284,4.30,3.70
13285,4.30,3.70
13286,4.30,3.69
13287,4.30,3.68
13289,4.30,3.67
13290,4.30,3.67
13291,4.31,3.66
13292,4.31,3.66
13293,4.31,3.65
13294,4.31,3.64
13296,4.31,3.64
13297,4.31,3.63
13298,4.31,3.63
13299,4.32,3.62
13300,4.32,3.62
13302,4.33,3.62
13303,4.34,3.61
13304,4.34,3.61
13305,4.35,3.60
13306,4.35,3.60
13308,4.35,3.59
13309,4.35,3.58
13310,4.35,3.58
13312,4.34,3.57
13313,4.34,3.56
13314,4.33,3.56
13316,4.33,3.55
13317,4.32,3.55
13318,4.32,3.54
13319,4.32,3.55
13320,4.32,3.55
13321,4.31,3.55
13323,4.31,3.55
13324,4.32,3.54
13325,4.31,3.54
13326,4.31,3.54
13327,4.31,3.54
13329,4.31,3.54
13330,4.31,3.54
13331,4.31,3.54
13332,4.31,3.54
13333,4.31,3.54
13334,4.31,3.54
13336,4.31,3.54
13337,4.31,3.54
13338,4.31,3.54
13339,4.31,3.54
13340,4.32,3.54
13342,4.32,3.54
13343,4.32,3.54
13344,4.32,3.54
13345,4.32,3.54
13346,4.32,3.54
13347,4.33,3.54
13349,4.33,3.54
13350,4.33,3.55
13351,4.33,3.55
13352,4.33,3.55
13353,4.34,3.55
13356,4.35,3.56
13357,4.35,3.56
13358,4.36,3.56
13359,4.37,3.57
13360,4.37,3.57
13361,4.38,3.56
13363,4.38,3.56
13364,4.38,3.56
13365,4.37,3.56
13366,4.37,3.55
13367,4.37,3.55
13369,4.36,3.55
13370,4.36,3.55
13371,4.35,3.55
13372,4.35,3.55
13373,4.35,3.55
13374,4.34,3.55
13376,4.34,3.55
13377,4.34,3.55
13378,4.34,3.55
13379,4.34,3.55
13380,4.34,3.55
13381,4.34,3.55
13383,4.35,3.55
13384,4.35,3.55
13385,4.35,3.55
13386,4.35,3.55
13387,4.35,3.55
13389,4.35,3.55
13390,4.35,3.54
13391,4.34,3.54
13392,4.34,3.54
13393,4.34,3.54
13394,4.34,3.54
13396,4.34,3.55
13398,4.34,3.55
13399,4.33,3.55
13400,4.33,3.55
13401,4.33,3.55
13403,4.33,3.55
13404,4.33,3.55
13405,4.34,3.55
13406,4.34,3.56
13407,4.34,3.56
13408,4.34,3.56
13410,4.34,3.56
13411,4.34,3.56
13412,4.35,3.56
13413,4.35,3.56
13414,4.35,3.56
13416,4.35,3.56
13417,4.35,3.56
13418,4.35,3.56
13419,4.35,3.57
13420,4.36,3.57
13421,4.36,3.57
13423,4.36,3.57
13424,4.36,3.57
13425,4.37,3.57
13426,4.37,3.57
13427,4.37,3.56
13429,4.37,3.56
13430,4.37,3.56
13431,4.37,3.56
13432,4.36,3.56
13433,4.36,3.56
13434,4.36,3.56
13436,4.36,3.56
13437,4.36,3.56
13438,4.36,3.56
13440,4.36,3.56
13441,4.36,3.56
13442,4.35,3.56
13444,4.35,3.56
13445,4.35,3.56
13446,4.35,3.57
13447,4.35,3.57
13448,4.35,3.57
13450,4.34,3.57
13451,4.34,3.57
13452,4.34,3.57
13453,4.34,3.57
13454,4.33,3.57
13455,4.33,3.57
13457,4.33,3.57
13458,4.33,3.57
13459,4.33,3.57
13460,4.33,3.57
13461,4.33,3.58
13463,4.32,3.58
13464,4.32,3.57
13465,4.32,3.57
13466,4.32,3.57
13467,4.32,3.57
13468,4.33,3.57
13470,4.33,3.57
13471,4.34,3.58
13472,4.35,3.58
13473,4.35,3.58
13474,4.35,3.58
13476,4.35,3.58
13477,4.35,3.57
13478,4.35,3.57
13479,4.35,3.57
13480,4.34,3.57
13481,4.34,3.57
13484,4.34,3.58
13485,4.34,3.58
13486,4.34,3.58
13487,4.34,3.59
13488,4.34,3.59
13490,4.34,3.59
13491,4.34,3.58
13492,4.34,3.58
13493,4.34,3.58
13494,4.34,3.58
13495,4.34,3.58
13497,4.34,3.58
13498,4.33,3.58
13499,4.33,3.58
13500,4.33,3.58
13501,4.34,3.58
13503,4.34,3.58
13504,4.34,3.59
13505,4.34,3.59
13506,4.34,3.59
13507,4.34,3.59
13508,4.33,3.59
13510,4.33,3.59
13511,4.33,3.59
13512,4.33,3.59
13513,4.33,3.59
13514,4.33,3.59
13516,4.33,3.59
13517,4.33,3.59
13518,4.33,3.59
13519,4.33,3.59
13520,4.33,3.59
13521,4.33,3.59
13523,4.33,3.59
13524,4.33,3.59
13526,4.33,3.59
13527,4.33,3.59
13528,4.33,3.59
13530,4.33,3.59
13531,4.33,3.59
13532,4.33,3.59
13533,4.33,3.59
13534,4.33,3.59
13535,4.33,3.59
13537,4.33,3.59
13538,4.34,3.59
13539,4.35,3.59
13540,4.35,3.60
13541,4.35,3.60
13543,4.36,3.59
13544,4.36,3.59
13545,4.37,3.59
13546,4.37,3.59
13547,4.37,3.59
13548,4.36,3.59
13550,4.36,3.58
13551,4.36,3.58
13552,4.35,3.58
13553,4.35,3.57
13554,4.34,3.57
13556,4.34,3.58
13557,4.34,3.58
13558,4.33,3.58
13559,4.33,3.59
13560,4.33,3.59
13561,4.33,3.59
13563,4.33,3.59
13564,4.33,3.59
13565,4.33,3.59
13566,4.33,3.59
13568,4.33,3.59
13570,4.32,3.59
13571,4.32,3.59
13572,4.32,3.59
13573,4.32,3.59
13574,4.32,3.59
13575,4.32,3.59
13577,4.32,3.59
13578,4.32,3.59
13579,4.32,3.59
13580,4.32,3.59
13581,4.32,3.60
13583,4.32,3.60
13584,4.32,3.60
13585,4.32,3.60
13586,4.33,3.60
13587,4.33,3.60
13588,4.33,3.60
13590,4.33,3.60
13591,4.33,3.60
13592,4.34,3.60
13593,4.35,3.61
13594,4.35,3.60
13595,4.35,3.60
13597,4.35,3.60
13598,4.35,3.60
13599,4.35,3.60
13600,4.35,3.60
13601,4.35,3.60
13603,4.35,3.59
13604,4.35,3.60
13605,4.34,3.60
13606,4.34,3.60
13607,4.34,3.60
13608,4.34,3.60
13611,4.33,3.60
13612,4.33,3.60
13613,4.33,3.60
13614,4.32,3.61
13615,4.33,3.61
13616,4.33,3.61
13618,4.33,3.61
13619,4.33,3.61
13620,4.33,3.61
13621,4.33,3.61
13622,4.33,3.61
13624,4.33,3.61
13625,4.32,3.60
13626,4.32,3.60
13627,4.32,3.60
13628,4.32,3.60
13629,4.32,3.60
13631,4.32,3.60
13632,4.31,3.61
13633,4.32,3.61
13634,4.31,3.61
13635,4.31,3.61
13636,4.31,3.61
13638,4.31,3.61
13639,4.32,3.61
13640,4.31,3.61
13641,4.32,3.62
13642,4.31,3.62
13644,4.32,3.62
13645,4.31,3.62
13646,4.31,3.62
13647,4.31,3.62
13648,4.32,3.62
13649,4.32,3.62
13651,4.32,3.62
13652,4.32,3.62
13654,4.33,3.62
13655,4.33,3.62
13656,4.34,3.63
13658,4.34,3.62
13659,4.35,3.62
13660,4.35,3.62
13661,4.34,3.62
13662,4.34,3.62
13663,4.34,3.62
13665,4.34,3.62
13666,4.34,3.62
13667,4.35,3.62
13668,4.35,3.62
13669,4.35,3.62
13671,4.35,3.62
13672,4.35,3.62
13673,4.35,3.62
13674,4.35,3.62
13675,4.35,3.62
13676,4.35,3.62
13678,4.35,3.62
13679,4.35,3.62
13680,4.35,3.62
13681,4.35,3.62
13682,4.34,3.62
13684,4.34,3.62
13685,4.34,3.62
13686,4.33,3.63
13687,4.33,3.62
13688,4.33,3.63
13689,4.32,3.63
13691,4.32,3.63
13692,4.31,3.63
13693,4.31,3.64
13694,4.31,3.64
13696,4.31,3.64
13698,4.31,3.64
13699,4.30,3.64
13700,4.30,3.65
13701,4.30,3.65
13702,4.30,3.65
13703,4.30,3.65
13705,4.30,3.65
13706,4.30,3.65
13707,4.30,3.65
13708,4.31,3.65
13709,4.31,3.65
13711,4.31,3.65
13712,4.31,3.65
13713,4.31,3.66
13714,4.31,3.66
13715,4.31,3.66
13716,4.31,3.66
13718,4.31,3.66
13719,4.32,3.66
13720,4.32,3.66
13721,4.33,3.67
13722,4.34,3.67
13724,4.35,3.67
13725,4.35,3.67
13726,4.35,3.67
13727,4.35,3.66
13728,4.35,3.66
13729,4.35,3.66
13731,4.35,3.66
13732,4.34,3.66
13733,4.34,3.66
13734,4.34,3.67
13735,4.33,3.68
13737,4.33,3.68
13739,4.33,3.68
13740,4.33,3.68
13741,4.33,3.69
13742,4.33,3.69
13743,4.33,3.69
13745,4.34,3.68
13746,4.34,3.68
13747,4.34,3.68
13748,4.34,3.68
13749,4.34,3.67
13751,4.34,3.67
13752,4.34,3.67
13753,4.33,3.67
13754,4.33,3.68
13755,4.33,3.68
13757,4.33,3.68
13758,4.32,3.69
13759,4.32,3.69
13760,4.32,3.69
13761,4.32,3.70
13762,4.31,3.70
13764,4.31,3.70
13765,4.31,3.70
13766,4.32,3.70
13767,4.32,3.70
13768,4.32,3.70
13769,4.33,3.70
13771,4.33,3.70
13772,4.33,3.70
13773,4.33,3.70
13774,4.33,3.70
13775,4.33,3.70
13777,4.33,3.70
13778,4.33,3.70
13779,4.33,3.70
13780,4.33,3.70
13782,4.33,3.71
13783,4.32,3.71
13785,4.32,3.71
13786,4.32,3.72
13787,4.32,3.72
13788,4.32,3.72
13789,4.32,3.72
13791,4.32,3.72
13792,4.32,3.72
13793,4.32,3.72
13794,4.32,3.72
13795,4.32,3.72
13796,4.32,3.72
13798,4.32,3.72
13799,4.32,3.72
13800,4.32,3.72
13801,4.32,3.72
13802,4.32,3.72
13803,4.32,3.72
13805,4.32,3.72
13806,4.32,3.72
13807,4.32,3.72
13808,4.32,3.72
13809,4.32,3.72
13811,4.32,3.72
13812,4.32,3.73
13813,4.32,3.73
13814,4.32,3.73
13815,4.32,3.73
13816,4.32,3.73
13818,4.32,3.73
13819,4.33,3.73
13820,4.33,3.73
13821,4.33,3.73
13822,4.34,3.73
13825,4.35,3.73
13826,4.35,3.73
13827,4.35,3.73
13828,4.35,3.73
13829,4.36,3.73
13830,4.35,3.72
13832,4.35,3.72
13833,4.35,3.72
13834,4.35,3.71
13835,4.34,3.71
13836,4.34,3.71
13838,4.34,3.72
13839,4.34,3.72
13840,4.34,3.73
13841,4.34,3.73
13842,4.34,3.73
13843,4.34,3.73
13845,4.34,3.73
13846,4.33,3.73
13847,4.33,3.73
13848,4.32,3.73
13849,4.32,3.73
13851,4.32,3.73
13852,4.31,3.73
13853,4.31,3.73
13854,4.31,3.73
13855,4.31,3.73
13856,4.30,3.73
13858,4.30,3.73
13859,4.30,3.73
13860,4.30,3.73
13861,4.30,3.74
13862,4.30,3.73
13863,4.30,3.73
13865,4.30,3.73
13867,4.30,3.73
13868,4.30,3.73
13869,4.30,3.73
13870,4.30,3.73
13871,4.30,3.73
13873,4.30,3.73
13874,4.30,3.74
13875,4.31,3.73
13876,4.31,3.74
13877,4.31,3.74
13879,4.31,3.74
13880,4.31,3.74
13881,4.31,3.74
13882,4.32,3.74
13883,4.32,3.74
13884,4.32,3.74
13886,4.32,3.74
13887,4.32,3.74
13888,4.32,3.74
13889,4.32,3.74
13890,4.32,3.74
13892,4.33,3.74
13893,4.33,3.74
13894,4.33,3.75
13895,4.33,3.74
13896,4.33,3.75
13897,4.33,3.75
13899,4.33,3.75
13900,4.33,3.75
13901,4.34,3.75
13902,4.34,3.75
13903,4.34,3.75
13905,4.34,3.75
13906,4.34,3.75
13907,4.34,3.75
13908,4.34,3.75
13910,4.35,3.75
13911,4.34,3.75
13913,4.35,3.75
13914,4.35,3.75
13915,4.35,3.75
13916,4.35,3.75
13917,4.35,3.75
13918,4.35,3.75
13920,4.35,3.75
13921,4.34,3.75
13922,4.34,3.75
13923,4.34,3.76
13924,4.34,3.76
13926,4.34,3.76
13927,4.34,3.76
13928,4.34,3.76
13929,4.34,3.76
13930,4.33,3.75
13931,4.33,3.75
13933,4.33,3.75
13934,4.33,3.75
13935,4.33,3.75
13936,4.33,3.75
13937,4.33,3.75
13939,4.33,3.75
13940,4.33,3.75
13941,4.33,3.75
13942,4.33,3.76
13943,4.33,3.76
13944,4.33,3.76
13946,4.33,3.76
13947,4.33,3.76
13948,4.33,3.76
13949,4.32,3.76
13950,4.33,3.76
13953,4.32,3.76
13954,4.33,3.76
13955,4.32,3.76
13956,4.33,3.76
13957,4.33,3.76
13958,4.33,3.76
13960,4.33,3.76
13961,4.34,3.76
13962,4.34,3.76
13963,4.34,3.76
13964,4.34,3.76
13966,4.34,3.76
13967,4.35,3.76
13968,4.34,3.76
13969,4.35,3.76
13970,4.34,3.76
13971,4.35,3.76
13973,4.35,3.76
13974,4.35,3.76
13975,4.35,3.76
13976,4.35,3.76
13977,4.35,3.76
13978,4.36,3.76
13980,4.36,3.76
13981,4.36,3.76
13982,4.36,3.75
13983,4.35,3.75
13984,4.35,3.75
13986,4.35,3.75
13987,4.35,3.75
13988,4.35,3.75
13989,4.35,3.75
13990,4.34,3.75
13991,4.34,3.75
13993,4.34,3.76
13995,4.34,3.76
13996,4.33,3.76
13997,4.33,3.76
13998,4.33,3.76
14000,4.33,3.76
14001,4.33,3.76
14002,4.32,3.76
14003,4.32,3.76
14004,4.33,3.76
14005,4.32,3.76
14007,4.32,3.76
14008,4.33,3.76
14009,4.32,3.76
14010,4.33,3.76
14011,4.32,3.75
14013,4.32,3.75
14014,4.33,3.76
14015,4.33,3.76
14016,4.33,3.76
14017,4.34,3.76
14018,4.34,3.76
14020,4.35,3.76
14021,4.35,3.76
14022,4.36,3.76
14023,4.36,3.76
14024,4.36,3.75
14026,4.36,3.75
14027,4.36,3.75
14028,4.36,3.75
14029,4.35,3.75
14030,4.35,3.75
14031,4.35,3.75
14033,4.35,3.74
14034,4.34,3.74
14035,4.35,3.75
14036,4.34,3.75
14038,4.35,3.75
14039,4.35,3.75
14041,4.35,3.75
14042,4.35,3.75
14043,4.35,3.75
14044,4.36,3.75
14045,4.36,3.75
14047,4.36,3.75
14048,4.36,3.74
14049,4.35,3.74
14050,4.35,3.74
14051,4.35,3.74
14052,4.35,3.74
14054,4.35,3.74
14055,4.35,3.74
14056,4.35,3.74
14057,4.35,3.74
14058,4.35,3.74
14060,4.35,3.74
14061,4.35,3.74
14062,4.35,3.74
14063,4.35,3.74
14064,4.35,3.73
14065,4.35,3.73
14067,4.35,3.73
14068,4.35,3.73
14069,4.35,3.73
14070,4.35,3.73
14071,4.35,3.73
14073,4.35,3.73
14074,4.34,3.73
14075,4.34,3.74
14076,4.34,3.74
14077,4.34,3.74
14078,4.34,3.74
14081,4.34,3.74
14082,4.34,3.74
14083,4.34,3.74
14084,4.34,3.74
14085,4.35,3.74
14087,4.35,3.73
14088,4.35,3.73
14089,4.35,3.73
14090,4.35,3.73
14091,4.35,3.73
14092,4.35,3.73
14094,4.35,3.73
14095,4.35,3.73
14096,4.35,3.73
14097,4.35,3.73
14098,4.35,3.73
14099,4.35,3.73
14101,4.35,3.73
14102,4.35,3.72
14103,4.35,3.72
14104,4.35,3.72
14105,4.35,3.72
14107,4.34,3.72
14108,4.35,3.72
14109,4.34,3.72
14110,4.34,3.72
14111,4.34,3.72
14112,4.34,3.72
14114,4.34,3.72
14115,4.34,3.72
14116,4.33,3.72
14117,4.33,3.72
14118,4.34,3.71
14120,4.34,3.72
14121,4.34,3.72
14123,4.35,3.72
14124,4.35,3.72
14125,4.36,3.72
14126,4.36,3.72
14128,4.36,3.72
14129,4.36,3.71
14130,4.36,3.71
14131,4.35,3.71
14132,4.35,3.71
14134,4.35,3.70
14135,4.35,3.70
14136,4.35,3.70
14137,4.35,3.70
14138,4.35,3.70
14139,4.35,3.70
14141,4.35,3.70
14142,4.35,3.70
14143,4.35,3.70
14144,4.35,3.70
14145,4.35,3.70
14146,4.35,3.70
14148,4.36,3.70
14149,4.36,3.70
14150,4.36,3.70
14151,4.36,3.70
14152,4.36,3.70
14153,4.36,3.69
14155,4.36,3.70
14156,4.36,3.70
14157,4.37,3.70
14158,4.38,3.70
14159,4.39,3.70
14161,4.40,3.71
14162,4.41,3.70
14163,4.42,3.70
14164,4.42,3.69
14166,4.42,3.68
14167,4.41,3.67
14169,4.40,3.66
14170,4.39,3.65
14171,4.39,3.65
14172,4.38,3.66
14173,4.38,3.66
14175,4.39,3.66
14176,4.39,3.66
14177,4.39,3.66
14178,4.38,3.66
14179,4.38,3.65
14180,4.37,3.65
14182,4.36,3.65
14183,4.36,3.66
14184,4.35,3.67
14185,4.35,3.68
14186,4.35,3.69
14188,4.35,3.69
14189,4.35,3.70
14190,4.36,3.70
14191,4.36,3.69
14192,4.36,3.69
14193,4.36,3.68
14195,4.36,3.67
14196,4.36,3.67
14197,4.35,3.67
14198,4.35,3.67
14199,4.34,3.67
14201,4.34,3.68
14202,4.33,3.69
14203,4.34,3.70
14204,4.34,3.71
14205,4.33,3.71
14206,4.33,3.72
14209,4.33,3.72
14210,4.32,3.72
14211,4.32,3.72
14212,4.31,3.71
14213,4.31,3.72
14215,4.30,3.72
14216,4.30,3.72
14217,4.29,3.73
14218,4.29,3.73
14219,4.29,3.74
14220,4.29,3.74
14222,4.30,3.74
14223,4.30,3.73
14224,4.31,3.73
14225,4.32,3.72
14226,4.33,3.73
14227,4.34,3.73
14229,4.35,3.72
14230,4.34,3.72
14231,4.34,3.71
14232,4.33,3.70
14233,4.32,3.70
14235,4.31,3.71
14236,4.31,3.72
14237,4.31,3.73
14238,4.32,3.74
14239,4.33,3.75
14240,4.33,3.75
14242,4.34,3.75
14243,4.35,3.74
14244,4.35,3.74
14245,4.35,3.73
14246,4.35,3.73
14248,4.35,3.73
14249,4.35,3.72
14251,4.34,3.72
14252,4.34,3.73
14253,4.34,3.73
14254,4.33,3.74
14256,4.33,3.74
14257,4.32,3.74
14258,4.32,3.74
14259,4.32,3.75
14260,4.32,3.75
14262,4.33,3.75
14263,4.33,3.75
14264,4.34,3.75
14265,4.34,3.75
14266,4.35,3.75
14267,4.35,3.75
14269,4.36,3.75
14270,4.37,3.75
14271,4.37,3.75
14272,4.37,3.75
14273,4.38,3.74
14275,4.37,3.74
14276,4.37,3.73
14277,4.36,3.73
14278,4.36,3.72
14279,4.35,3.72
14280,4.34,3.71
14282,4.33,3.72
14283,4.33,3.73
14284,4.32,3.74
14285,4.31,3.75
14286,4.31,3.77
14287,4.30,3.78
14289,4.29,3.79
14290,4.29,3.79
14291,4.28,3.80
14292,4.28,3.80
14294,4.28,3.80
14296,4.29,3.79
14297,4.30,3.79
14298,4.31,3.78
14299,4.32,3.78
14300,4.33,3.78
14301,4.34,3.77
14303,4.35,3.77
14304,4.35,3.76
14305,4.35,3.76
14306,4.34,3.75
14307,4.34,3.74
14309,4.33,3.74
14310,4.32,3.74
14311,4.31,3.74
14312,4.31,3.74
14313,4.31,3.74
14314,4.31,3.74
14316,4.31,3.74
14317,4.31,3.75
14318,4.31,3.75
14319,4.32,3.75
14320,4.32,3.76
14321,4.32,3.76
14323,4.32,3.76
14324,4.33,3.76
14325,4.33,3.76
14326,4.34,3.77
14327,4.34,3.77
14329,4.34,3.77
14330,4.34,3.77
14331,4.34,3.77
14332,4.34,3.76
14333,4.33,3.76
14334,4.33,3.75
14337,4.32,3.75
14338,4.32,3.75
14339,4.32,3.75
14340,4.31,3.76
14341,4.31,3.76
14343,4.31,3.76
14344,4.30,3.77
14345,4.30,3.77
14346,4.30,3.77
14347,4.30,3.78
14348,4.29,3.78
14350,4.29,3.79
14351,4.29,3.79
14352,4.29,3.79
14353,4.29,3.79
14354,4.28,3.79
14355,4.29,3.79
14357,4.29,3.79
14358,4.29,3.79
14359,4.30,3.79
14360,4.30,3.78
14361,4.31,3.79
14363,4.32,3.79
14364,4.33,3.79
14365,4.33,3.79
14366,4.34,3.79
14367,4.35,3.78
14368,4.35,3.78
14370,4.35,3.78
14371,4.35,3.77
14372,4.35,3.77
14373,4.35,3.76
14374,4.35,3.76
14376,4.36,3.76
14377,4.36,3.76
14379,4.36,3.76
14380,4.35,3.75
14381,4.35,3.75
14382,4.35,3.75
14384,4.34,3.74
14385,4.33,3.74
14386,4.33,3.74
14387,4.32,3.74
14388,4.32,3.75
14390,4.33,3.75
14391,4.33,3.75
14392,4.33,3.76
14393,4.33,3.75
14394,4.33,3.75
14395,4.33,3.75
14397,4.33,3.75
14398,4.33,3.74
14399,4.32,3.74
14400,4.32,3.74
14401,4.32,3.74
14403,4.33,3.75
14404,4.33,3.75
14405,4.34,3.75
14406,4.34,3.75
14407,4.34,3.75
14408,4.35,3.75
14410,4.35,3.75
14411,4.35,3.75
14412,4.36,3.75
14413,4.36,3.75
14414,4.36,3.74
14415,4.36,3.74
14417,4.36,3.73
14418,4.35,3.73
14419,4.35,3.72
14420,4.33,3.72
14422,4.33,3.72
14424,4.32,3.72
14425,4.33,3.73
14426,4.33,3.74
14427,4.33,3.74
14428,4.34,3.74
14429,4.34,3.74
14431,4.34,3.74
14432,4.34,3.73
14433,4.34,3.72
14434,4.33,3.72
14435,4.33,3.72
14437,4.33,3.71
14438,4.32,3.72
14439,4.32,3.72
14440,4.32,3.72
14441,4.31,3.73
14442,4.31,3.73
14444,4.31,3.74
14445,4.31,3.74
14446,4.31,3.74
14447,4.32,3.74
14448,4.33,3.74
14450,4.34,3.74
14451,4.35,3.74
14452,4.35,3.74
14453,4.36,3.73
14454,4.36,3.73
14455,4.35,3.72
14457,4.35,3.71
14458,4.34,3.71
14459,4.34,3.71
14460,4.33,3.71
14461,4.33,3.72
14464,4.33,3.72
14465,4.33,3.73
14466,4.32,3.73
14467,4.32,3.73
14468,4.32,3.73
14469,4.32,3.72
14471,4.32,3.72
14472,4.34,3.73
14473,4.35,3.73
14474,4.37,3.74
14475,4.38,3.74
14476,4.38,3.74
14478,4.38,3.73
14479,4.38,3.72
14480,4.37,3.71
14481,4.36,3.70
14482,4.35,3.70
14484,4.34,3.70
14485,4.34,3.70
14486,4.33,3.70
14487,4.33,3.70
14488,4.33,3.71
14489,4.34,3.72
14491,4.33,3.72
14492,4.33,3.71
14493,4.33,3.71
14494,4.33,3.70
14495,4.33,3.70
14496,4.33,3.70
14498,4.32,3.70
14499,4.32,3.70
14500,4.32,3.71
14501,4.32,3.71
14502,4.32,3.71
14504,4.32,3.71
14505,4.32,3.72
14507,4.32,3.72
14508,4.32,3.72
14509,4.32,3.73
14510,4.33,3.72
14512,4.33,3.72
14513,4.35,3.72
14514,4.35,3.73
14515,4.36,3.72
14516,4.36,3.72
14518,4.37,3.72
14519,4.37,3.71
14520,4.36,3.71
14521,4.36,3.70
14522,4.36,3.70
14523,4.36,3.70
14525,4.36,3.70
14526,4.36,3.70
14527,4.36,3.70
14528,4.36,3.70
14529,4.36,3.70
14530,4.36,3.70
14532,4.35,3.70
14533,4.35,3.70
14534,4.35,3.70
14535,4.34,3.70
14536,4.34,3.71
14537,4.34,3.71
14539,4.34,3.71
14540,4.35,3.72
14541,4.35,3.71
14542,4.35,3.71
14543,4.35,3.71
14545,4.34,3.70
14546,4.34,3.70
14547,4.33,3.70
14548,4.32,3.70
14550,4.32,3.71
14551,4.31,3.71
14553,4.30,3.72
14554,4.30,3.72
14555,4.31,3.72
14556,4.31,3.72
14557,4.32,3.72
14559,4.34,3.73
14560,4.35,3.73
14561,4.35,3.73
14562,4.35,3.72
14563,4.35,3.72
14564,4.35,3.72
14566,4.35,3.71
14567,4.35,3.71
14568,4.34,3.71
14569,4.34,3.70
14570,4.34,3.70
14572,4.33,3.70
14573,4.33,3.71
14574,4.33,3.71
14575,4.33,3.71
14576,4.32,3.71
14577,4.32,3.72
14579,4.32,3.72
14580,4.32,3.72
14581,4.32,3.72
14582,4.32,3.72
14583,4.33,3.72
14584,4.33,3.72
14586,4.33,3.72
14587,4.35,3.73
14588,4.35,3.73
14589,4.36,3.73
14590,4.36,3.73
14593,4.35,3.72
14594,4.35,3.72
14595,4.34,3.72
14596,4.34,3.72
14597,4.33,3.72
14598,4.33,3.72
14600,4.33,3.72
14601,4.34,3.73
14602,4.34,3.73
14603,4.35,3.74
14604,4.37,3.74
14606,4.38,3.75
14607,4.38,3.75
14608,4.38,3.74
14609,4.37,3.74
14610,4.36,3.74
14611,4.36,3.73
14613,4.35,3.73
14614,4.33,3.73
14615,4.33,3.73
14616,4.32,3.73
14617,4.32,3.73
14619,4.31,3.73
14620,4.32,3.74
14621,4.32,3.74
14622,4.32,3.74
14623,4.33,3.74
14624,4.33,3.74
14626,4.34,3.74
14627,4.35,3.74
14628,4.35,3.74
14629,4.35,3.74
14630,4.35,3.74
14632,4.34,3.74
14633,4.34,3.74
14635,4.34,3.74
14636,4.33,3.74
14637,4.33,3.75
14638,4.32,3.75
14640,4.32,3.75
14641,4.32,3.75
14642,4.32,3.75
14643,4.32,3.75
14644,4.32,3.75
14645,4.32,3.75
14647,4.32,3.75
14648,4.32,3.75
14649,4.32,3.75
14650,4.32,3.75
14651,4.32,3.75
14653,4.32,3.75
14654,4.32,3.75
14655,4.32,3.76
14656,4.32,3.76
14657,4.32,3.76
14658,4.32,3.76
14660,4.31,3.76
14661,4.31,3.76
14662,4.31,3.77
14663,4.31,3.77
14664,4.32,3.77
14666,4.32,3.76
14667,4.32,3.76
14668,4.33,3.76
14669,4.34,3.76
14670,4.34,3.77
14671,4.35,3.77
14673,4.35,3.76
14674,4.35,3.76
14675,4.35,3.76
14676,4.35,3.75
14678,4.34,3.75
14680,4.33,3.75
14681,4.33,3.76
14682,4.33,3.76
14683,4.33,3.77
14684,4.34,3.77
14685,4.35,3.78
14687,4.35,3.78
14688,4.35,3.78
14689,4.36,3.78
14690,4.36,3.78
14691,4.36,3.77
14693,4.35,3.77
14694,4.35,3.76
14695,4.34,3.76
14696,4.33,3.76
14697,4.32,3.77
14698,4.33,3.78
14700,4.33,3.78
14701,4.33,3.79
14702,4.33,3.80
14703,4.34,3.80
14704,4.34,3.80
14705,4.33,3.81
14707,4.33,3.81
14708,4.33,3.81
14709,4.32,3.82
14710,4.32,3.82
14711,4.32,3.82
14713,4.32,3.83
14714,4.32,3.83
14715,4.32,3.84
14716,4.33,3.84
14717,4.33,3.84
14718,4.34,3.84
14721,4.34,3.84
14722,4.34,3.84
14723,4.34,3.84
14724,4.34,3.83
14725,4.35,3.84
14727,4.34,3.84
14728,4.34,3.85
14729,4.34,3.85
14730,4.33,3.85
14731,4.32,3.85
14732,4.32,3.85
14734,4.32,3.86
14735,4.31,3.86
14736,4.31,3.87
14737,4.31,3.87
14738,4.31,3.88
14740,4.31,3.88
14741,4.31,3.88
14742,4.31,3.89
14743,4.32,3.89
14744,4.33,3.90
14745,4.34,3.91
14747,4.34,3.91
14748,4.34,3.92
14749,4.35,3.92
14750,4.34,3.92
14751,4.34,3.92
14753,4.34,3.92
14754,4.34,3.92
14755,4.33,3.93
14756,4.33,3.93
14757,4.33,3.94
14758,4.33,3.95
14760,4.33,3.96
14761,4.34,3.97
14763,4.33,3.97
14764,4.33,3.98
14765,4.33,3.99
14767,4.33,3.99
14768,4.33,4.00
14769,4.33,4.00
14770,4.33,4.01
14771,4.33,4.02
14772,4.33,4.03
14774,4.33,4.04
14775,4.33,4.05
14776,4.33,4.06
14777,4.34,4.07
14778,4.34,4.09
14779,4.35,4.10
14781,4.36,4.12
14782,4.36,4.13
14783,4.37,4.15
14784,4.37,4.17
14785,4.37,4.20
14787,4.37,4.23
14788,4.36,4.26
14789,4.35,4.29
14790,4.35,4.32
14791,4.34,4.35
14792,4.34,4.37
14794,4.34,4.40
14795,4.34,4.43
14796,4.34,4.45
14797,4.35,4.47
14798,4.36,4.49
14800,4.37,4.52
14801,4.38,4.53
14802,4.39,4.55
14803,4.39,4.57
14804,4.39,4.58
14806,4.39,4.60
14808,4.39,4.62
14809,4.39,4.63
14810,4.40,4.64
14811,4.40,4.66
14812,4.41,4.67
14814,4.41,4.68
14815,4.42,4.69
14816,4.42,4.71
14817,4.42,4.71
14818,4.42,4.73
14819,4.41,4.74
14821,4.42,4.74
14822,4.42,4.75
14823,4.42,4.76
14824,4.42,4.77
14825,4.42,4.78
14827,4.42,4.78
14828,4.42,4.79
14829,4.41,4.79
14830,4.41,4.80
14831,4.40,4.81
14832,4.40,4.81
14834,4.39,4.82
14835,4.39,4.82
14836,4.40,4.83
14837,4.40,4.83
14838,4.40,4.84
14839,4.40,4.84
14841,4.40,4.84
14842,4.40,4.85
14843,4.40,4.85
14844,4.40,4.86
14845,4.39,4.86
14846,4.39,4.86
14849,4.38,4.87
14850,4.37,4.87
14851,4.37,4.87
14852,4.36,4.88
14853,4.35,4.88
14855,4.35,4.88
14856,4.34,4.88
14857,4.34,4.89
14858,4.33,4.89
14859,4.33,4.89
14860,4.32,4.89
14862,4.32,4.90
14863,4.32,4.89
14864,4.32,4.89
14865,4.32,4.90
14866,4.32,4.90
14868,4.32,4.90
14869,4.32,4.90
14870,4.33,4.90
14871,4.33,4.90
14872,4.33,4.90
14873,4.33,4.91
14875,4.33,4.91
14876,4.33,4.91
14877,4.33,4.91
14878,4.33,4.92
14879,4.33,4.92
14880,4.33,4.92
14882,4.33,4.92
14883,4.32,4.92
14884,4.32,4.92
14885,4.32,4.93
14886,4.31,4.93
14888,4.31,4.93
14889,4.30,4.93
14891,4.30,4.93
14892,4.30,4.93
14893,4.31,4.93
14894,4.31,4.93
14896,4.31,4.93
14897,4.32,4.93
14898,4.32,4.93
14899,4.32,4.93
14900,4.32,4.93
14902,4.32,4.93
14903,4.33,4.93
14904,4.33,4.94
14905,4.33,4.94
14906,4.33,4.94
14907,4.33,4.94
14909,4.33,4.94
14910,4.33,4.94
14911,4.33,4.94
14912,4.33,4.94
14913,4.33,4.94
14915,4.33,4.95
14916,4.33,4.95
14917,4.33,4.95
14918,4.33,4.95
14919,4.33,4.95
14921,4.32,4.95
14922,4.32,4.95
14923,4.32,4.95
14924,4.32,4.95
14925,4.33,4.95
14926,4.33,4.95
14928,4.34,4.95
14929,4.35,4.95
14930,4.35,4.95
14931,4.35,4.95
14932,4.35,4.95
14935,4.35,4.95
14936,4.35,4.95
14937,4.34,4.96
14938,4.34,4.96
14939,4.33,4.96
14940,4.33,4.96
14942,4.33,4.96
14943,4.33,4.95
14944,4.34,4.95
14945,4.34,4.95
14946,4.35,4.95
14948,4.35,4.96
14949,4.35,4.96
14950,4.35,4.96
14951,4.34,4.96
14952,4.34,4.96
14954,4.33,4.96
14955,4.33,4.96
14956,4.33,4.96
14957,4.33,4.96
14958,4.33,4.96
14959,4.33,4.96
14961,4.33,4.96
14962,4.34,4.96
14963,4.34,4.96
14964,4.34,4.96
14965,4.35,4.96
14967,4.35,4.96
14968,4.35,4.96
14969,4.35,4.96
14970,4.34,4.96
14971,4.34,4.96
14972,4.33,4.96
14974,4.33,4.96
14976,4.33,4.96
14977,4.33,4.96
14978,4.33,4.96
14979,4.33,4.96
14981,4.34,4.96
14982,4.35,4.97
14983,4.37,4.97
14984,4.38,4.97
14985,4.38,4.97
14986,4.37,4.96
14988,4.37,4.96
14989,4.36,4.96
14990,4.35,4.96
14991,4.35,4.96
14992,4.35,4.96
14994,4.35,4.96
14995,4.35,4.96
14996,4.35,4.96
14997,4.35,4.96
14998,4.35,4.96
14999,4.35,4.96
15001,4.35,4.96
15002,4.35,4.96
15003,4.35,4.96
15004,4.35,4.96
15005,4.35,4.96
15007,4.34,4.96
15008,4.35,4.96
15009,4.35,4.96
15010,4.35,4.96
15011,4.35,4.96
15012,4.35,4.96
15014,4.35,4.96
15015,4.35,4.96
15016,4.34,4.96
15017,4.34,4.96
15019,4.35,4.96
15021,4.35,4.96
15022,4.35,4.96
15023,4.35,4.96
15024,4.35,4.96
15025,4.36,4.96
15026,4.35,4.96
15028,4.35,4.96
15029,4.35,4.96
15030,4.35,4.97
15031,4.35,4.96
15032,4.35,4.96
15034,4.35,4.96
15035,4.35,4.96
15036,4.35,4.96
15037,4.35,4.96
15038,4.35,4.96
15039,4.36,4.96
15041,4.36,4.96
15042,4.35,4.96
15043,4.35,4.97
15044,4.35,4.97
15045,4.35,4.97
15047,4.34,4.97
15048,4.35,4.96
15049,4.35,4.96
15050,4.35,4.96
15051,4.35,4.96
15052,4.35,4.96
15054,4.35,4.96
15055,4.35,4.97
15056,4.35,4.97
15057,4.34,4.96
15058,4.34,4.97
15060,4.33,4.97
15062,4.33,4.97
15063,4.33,4.97
15064,4.33,4.96
15065,4.34,4.96
15066,4.34,4.96
15068,4.34,4.96
15069,4.35,4.96
15070,4.35,4.96
15071,4.35,4.96
15072,4.35,4.96
15074,4.35,4.96
15075,4.35,4.96
15076,4.35,4.96
15077,4.35,4.96
15078,4.35,4.96
15079,4.35,4.96
15081,4.35,4.96
15082,4.35,4.96
15083,4.35,4.96
15084,4.35,4.96
15085,4.35,4.97
15087,4.35,4.97
15088,4.34,4.97
15089,4.34,4.97
15090,4.34,4.97
15091,4.33,4.97
15092,4.33,4.97
15094,4.33,4.97
15095,4.33,4.97
15096,4.33,4.97
15097,4.32,4.96
15098,4.32,4.97
15100,4.32,4.97
15101,4.32,4.97
15102,4.32,4.96
15104,4.32,4.96
15105,4.32,4.96
15106,4.32,4.96
15108,4.32,4.96
15109,4.33,4.96
15110,4.33,4.96
15111,4.34,4.97
15112,4.34,4.97
15114,4.35,4.97
15115,4.35,4.97
15116,4.35,4.97
15117,4.35,4.96
15118,4.34,4.96
15120,4.34,4.96
15121,4.34,4.96
15122,4.33,4.97
15123,4.33,4.97
15124,4.32,4.97
15125,4.32,4.97
15127,4.32,4.96
15128,4.32,4.96
15129,4.33,4.96
15130,4.33,4.96
15131,4.34,4.96
15133,4.34,4.96
15134,4.33,4.96
15135,4.33,4.96
15136,4.33,4.97
15137,4.32,4.96
15138,4.32,4.97
15140,4.31,4.97
15141,4.31,4.97
15142,4.31,4.96
15143,4.31,4.96
15144,4.32,4.96
15147,4.32,4.96
15148,4.32,4.96
15149,4.33,4.96
15150,4.33,4.96
15151,4.33,4.96
15152,4.33,4.96
15154,4.32,4.96
15155,4.32,4.97
15156,4.32,4.97
15157,4.31,4.97
15158,4.31,4.96
15160,4.31,4.96
15161,4.32,4.96
15162,4.32,4.96
15163,4.32,4.96
15164,4.32,4.96
15165,4.32,4.96
15167,4.32,4.97
15168,4.32,4.97
15169,4.31,4.97
15170,4.31,4.97
15171,4.31,4.97
15173,4.31,4.97
15174,4.31,4.97
15175,4.31,4.96
15176,4.32,4.96
15177,4.32,4.96
15178,4.33,4.97
15180,4.33,4.97
15181,4.33,4.97
15182,4.33,4.96
15183,4.33,4.96
15184,4.32,4.97
15186,4.32,4.97
15187,4.31,4.97
15188,4.31,4.97
15190,4.31,4.97
15191,4.31,4.97
15193,4.31,4.97
15194,4.31,4.96
15195,4.32,4.96
15196,4.32,4.96
15197,4.32,4.97
15198,4.32,4.96
15200,4.33,4.97
15201,4.32,4.96
15202,4.32,4.96
15203,4.32,4.96
15204,4.33,4.96
15206,4.33,4.96
15207,4.33,4.97
15208,4.34,4.97
15209,4.35,4.97
15210,4.35,4.97
15211,4.34,4.97
15213,4.34,4.97
15214,4.34,4.97
15215,4.33,4.97
15216,4.33,4.97
15217,4.33,4.97
15219,4.33,4.97
15220,4.33,4.97
15221,4.33,4.97
15222,4.33,4.97
15223,4.33,4.96
15224,4.33,4.95
15226,4.32,4.94
15227,4.33,4.92
15228,4.33,4.91
15229,4.33,4.89
15230,4.34,4.88
15233,4.35,4.85
15234,4.35,4.81
15235,4.35,4.77
15236,4.35,4.73
15237,4.35,4.69
15238,4.34,4.65
15240,4.34,4.61
15241,4.34,4.57
15242,4.33,4.54
15243,4.33,4.50
15244,4.32,4.46
15246,4.32,4.43
15247,4.31,4.40
15248,4.31,4.36
15249,4.31,4.33
15250,4.30,4.30
15251,4.30,4.27
15253,4.30,4.23
15254,4.30,4.20
15255,4.30,4.17
15256,4.30,4.13
15257,4.30,4.11
15259,4.29,4.08
15260,4.29,4.06
15261,4.29,4.03
15262,4.28,4.01
15263,4.28,3.99
15264,4.28,3.97
15266,4.27,3.95
15267,4.27,3.93
15268,4.27,3.91
15269,4.27,3.89
15270,4.27,3.87
15271,4.27,3.86
15273,4.27,3.84
15275,4.27,3.82
15276,4.27,3.81
15277,4.27,3.79
15278,4.27,3.78
15280,4.27,3.76
15281,4.27,3.75
15282,4.27,3.74
15283,4.27,3.73
15284,4.27,3.72
15285,4.27,3.71
15287,4.27,3.70
15288,4.27,3.69
15289,4.27,3.68
15290,4.28,3.67
15291,4.28,3.66
15293,4.28,3.65
15294,4.28,3.64
15295,4.28,3.63
15296,4.28,3.62
15297,4.29,3.61
15298,4.29,3.60
15300,4.29,3.60
15301,4.29,3.59
15302,4.29,3.59
15303,4.29,3.58
15304,4.29,3.58
15306,4.30,3.57
15307,4.30,3.57
15308,4.31,3.56
15309,4.31,3.56
15310,4.31,3.55
15311,4.32,3.54
15313,4.32,3.54
15314,4.32,3.53
15315,4.32,3.52
15316,4.32,3.52
15318,4.32,3.51
15319,4.32,3.51
15321,4.31,3.50
15322,4.32,3.50
15323,4.32,3.49
15324,4.32,3.49
15325,4.32,3.49
15327,4.32,3.48
15328,4.32,3.48
15329,4.33,3.47
15330,4.33,3.47
15331,4.33,3.47
15332,4.33,3.46
15334,4.33,3.45
15335,4.33,3.45
15336,4.33,3.45
15337,4.33,3.44
15338,4.33,3.44
15340,4.33,3.44
15341,4.33,3.43
15342,4.33,3.43
15343,4.33,3.43
15344,4.33,3.43
15346,4.33,3.42
15347,4.33,3.42
15348,4.33,3.42
15349,4.33,3.41
15350,4.33,3.41
15351,4.33,3.41
15353,4.33,3.41
15354,4.33,3.40
15355,4.33,3.40
15356,4.33,3.40
15357,4.34,3.39
15360,4.33,3.39
15361,4.34,3.38
15362,4.34,3.38
15363,4.34,3.37
15364,4.34,3.37
15365,4.34,3.36
15367,4.33,3.36
15368,4.34,3.35
15369,4.34,3.35
15370,4.34,3.34
15371,4.35,3.34
15373,4.35,3.33
15374,4.35,3.32
15375,4.35,3.32
15376,4.34,3.31
15377,4.34,3.30
15378,4.34,3.30
15380,4.33,3.29
15381,4.33,3.29
15382,4.33,3.28
15383,4.33,3.28
15384,4.32,3.27
15385,4.32,3.26
15387,4.32,3.26
15388,4.32,3.26
15389,4.32,3.25
15390,4.32,3.24
15391,4.32,3.24
15393,4.31,3.23
15394,4.31,3.22
15395,4.31,3.22
15396,4.31,3.21
15397,4.31,3.21
15398,4.31,3.20
15400,4.30,3.20
15401,4.30,3.19
15403,4.30,3.19
15404,4.30,3.18
15405,4.30,3.18
15407,4.30,3.17
15408,4.30,3.17
15409,4.30,3.16
15410,4.29,3.16
15411,4.30,3.16
15412,4.29,3.15
15414,4.29,3.15
15415,4.29,3.14
15416,4.29,3.14
15417,4.29,3.13
15418,4.29,3.13
15420,4.29,3.13
15421,4.29,3.12
15422,4.29,3.12
15423,4.29,3.11
15424,4.29,3.11
15425,4.29,3.11
15427,4.29,3.10
15428,4.29,3.10
15429,4.29,3.10
15430,4.28,3.10
15431,4.28,3.09
15432,4.28,3.09
15434,4.28,3.09
15435,4.28,3.09
15436,4.28,3.08
15437,4.28,3.08
15438,4.28,3.08
15440,4.28,3.07
15441,4.28,3.07
15442,4.28,3.07
15443,4.28,3.07
15444,4.27,3.07
15446,4.28,3.07
15448,4.28,3.07
15449,4.28,3.06
15450,4.28,3.06
15451,4.28,3.06
15452,4.28,3.06
15453,4.29,3.05
15455,4.29,3.05
15456,4.28,3.05
15457,4.28,3.05
15458,4.28,3.05
15459,4.28,3.05
15460,4.28,3.05
15462,4.28,3.05
15463,4.28,3.05
15464,4.28,3.05
15465,4.28,3.05
15466,4.29,3.04
15467,4.28,3.04
15469,4.29,3.04
15470,4.29,3.04
15471,4.29,3.04
15472,4.29,3.04
15473,4.28,3.03
15475,4.28,3.03
15476,4.28,3.03
15477,4.28,3.03
15478,4.28,3.03
15479,4.28,3.04
15480,4.28,3.04
15482,4.28,3.04
15483,4.28,3.04
15484,4.29,3.03
15485,4.29,3.03
15486,4.29,3.03
15488,4.29,3.03
15490,4.29,3.03
15491,4.29,3.03
15492,4.28,3.03
15493,4.28,3.03
15494,4.28,3.03
15496,4.28,3.03
15497,4.28,3.03
15498,4.28,3.03
15499,4.28,3.03
15500,4.28,3.03
15501,4.28,3.02
15503,4.28,3.02
15504,4.29,3.02
15505,4.29,3.02
15506,4.29,3.01
15507,4.29,3.01
15508,4.29,3.01
15510,4.29,3.01
15511,4.29,3.01
