time_ms,ch1_v,ch2_v
490780,1.7334,2.5401
490781,1.7382,2.5377
490782,1.7318,2.5344
490783,1.7326,2.5401
490784,1.7334,2.5393
490785,1.7350,2.5393
490786,1.7358,2.5385
490787,1.7382,2.5401
490788,1.7399,2.5409
490789,1.7366,2.5385
490790,1.7350,2.5401
490791,1.7302,2.5401
490792,1.7350,2.5393
490793,1.7390,2.5401
490794,1.7318,2.5401
490795,1.7382,2.5377
490796,1.7366,2.5401
490797,1.7334,2.5393
490798,1.7447,2.5401
490799,1.7350,2.5328
490800,1.7374,2.5385
490801,1.7390,2.5393
490802,1.7326,2.5377
490803,1.7366,2.5393
490804,1.7382,2.5368
490805,1.7318,2.5401
490806,1.7350,2.5393
490807,1.7374,2.5385
490808,1.7350,2.5401
490809,1.7318,2.5393
490810,1.7407,2.5401
490811,1.7366,2.5352
490812,1.7399,2.5401
490813,1.7350,2.5393
490814,1.7366,2.5385
490815,1.7374,2.5401
490816,1.7390,2.5393
490817,1.7334,2.5393
490818,1.7374,2.5401
490819,1.7358,2.5401
490820,1.7358,2.5401
490821,1.7390,2.5377
490822,1.7366,2.5393
490823,1.7358,2.5393
490824,1.7358,2.5385
490825,1.7407,2.5393
490826,1.7294,2.5401
490827,1.7262,2.5401
490828,1.7358,2.5401
490829,1.7479,2.5409
490830,1.7366,2.5401
490831,1.7350,2.5377
490832,1.7382,2.5385
490833,1.7374,2.5401
490834,1.7374,2.5368
490835,1.7382,2.5401
490836,1.7382,2.5393
490837,1.7318,2.5401
490838,1.7334,2.5385
490839,1.7390,2.5401
490840,1.7366,2.5401
490841,1.7382,2.5401
490842,1.7366,2.5385
490843,1.7399,2.5385
490844,1.7334,2.5401
490845,1.7358,2.5401
490846,1.7374,2.5377
490847,1.7334,2.5393
490848,1.7366,2.5393
490849,1.7511,2.5393
490850,1.7358,2.5401
490851,1.7382,2.5393
490852,1.7382,2.5401
490853,1.7415,2.5401
490854,1.7358,2.5401
490855,1.7407,2.5401
490856,1.7390,2.5377
490857,1.7407,2.5401
490858,1.7390,2.5401
490859,1.7382,2.5401
490860,1.7334,2.5409
490861,1.7366,2.5385
490862,1.7382,2.5401
490863,1.7407,2.5401
490864,1.7326,2.5401
490865,1.7334,2.5401
490866,1.7334,2.5401
490867,1.7366,2.5385
490868,1.7366,2.5393
490869,1.7382,2.5393
490870,1.7342,2.5401
490871,1.7527,2.5393
490872,1.7366,2.5401
490873,1.7390,2.5393
490874,1.7366,2.5401
490875,1.7382,2.5401
490876,1.7382,2.5409
490877,1.7366,2.5385
490878,1.7318,2.5401
490879,1.7358,2.5401
490880,1.7366,2.5401
490881,1.7350,2.5385
490882,1.7390,2.5401
490883,1.7318,2.5401
490884,1.7366,2.5401
490885,1.7358,2.5385
490886,1.7358,2.5473
490887,1.7366,2.5739
490888,1.7326,2.5425
490889,1.7358,2.5401
490890,1.7390,2.5393
490891,1.7390,2.5401
490892,1.7374,2.5409
490893,1.7382,2.5401
490894,1.7366,2.5393
490895,1.7366,2.5401
490896,1.7358,2.5344
490897,1.7399,2.5401
490898,1.7342,2.5393
490899,1.7350,2.5401
490900,1.7350,2.5272
490901,1.7382,2.5401
490902,1.7366,2.5385
490903,1.7382,2.5393
490904,1.7334,2.5417
490905,1.7366,2.5401
490906,1.7399,2.5377
490907,1.7350,2.5393
490908,1.7382,2.5401
490909,1.7326,2.5401
490910,1.7366,2.5368
490911,1.7334,2.5401
490912,1.7390,2.5425
490913,1.7318,2.5393
490914,1.7366,2.5401
490915,1.7399,2.5393
490916,1.7318,2.5393
490917,1.7423,2.5401
490918,1.7399,2.5425
490919,1.7390,2.5401
490920,1.7399,2.5401
490921,1.7350,2.5570
490922,1.7358,2.5385
490923,1.7350,2.5393
490924,1.7382,2.5401
490925,1.7302,2.5401
490926,1.7334,2.5393
490927,1.7390,2.5417
490928,1.7334,2.5401
490929,1.7407,2.5425
490930,1.7390,2.5401
490931,1.7407,2.5417
490932,1.7358,2.5385
490933,1.7366,2.5401
490934,1.7399,2.5377
490935,1.7350,2.5409
490936,1.7318,2.5433
490937,1.7358,2.5401
490938,1.7390,2.5401
490939,1.7407,2.5401
490940,1.7358,2.5401
490941,1.7390,2.5409
490942,1.7334,2.5223
490943,1.7334,2.5401
490944,1.7366,2.5401
490945,1.7366,2.5401
490946,1.7399,2.5385
490947,1.7318,2.5401
490948,1.7334,2.5223
490949,1.7334,2.5659
490950,1.7382,2.5385
490951,1.7358,2.5393
490952,1.7382,2.5401
490953,1.7326,2.5522
490954,1.7334,2.5401
490955,1.7366,2.5167
490956,1.7366,2.5296
490957,1.7390,2.5401
490958,1.7382,2.5514
490959,1.7334,2.5360
490960,1.7399,2.5505
490961,1.7366,2.5481
490962,1.7407,2.5401
490963,1.7399,2.5401
490964,1.7350,2.5393
490965,1.7407,2.5401
490966,1.7358,2.5401
490967,1.7334,2.5272
490968,1.7382,2.5377
490969,1.7358,2.5401
490970,1.7358,2.5401
490971,1.7399,2.5401
490972,1.7366,2.5401
490973,1.7382,2.5417
490974,1.7390,2.5393
490975,1.7358,2.5425
490976,1.7374,2.5425
490977,1.7407,2.5401
490978,1.7407,2.5401
490979,1.7382,2.5183
490980,1.7326,2.5296
490981,1.7382,2.5401
490982,1.7350,2.5441
490983,1.7334,2.5393
490984,1.7326,2.5191
490985,1.7399,2.5401
490986,1.7366,2.5304
490987,1.7382,2.5385
490988,1.7302,2.5393
490989,1.7358,2.5425
490990,1.7390,2.5223
490991,1.7358,2.5401
490992,1.7382,2.5417
490993,1.7334,2.5401
490994,1.7407,2.5602
490995,1.7382,2.5401
490996,1.7358,2.5151
490997,1.7302,2.5401
490998,1.7334,2.5304
490999,1.7366,2.5401
491000,1.7326,2.5401
491001,1.7390,2.5401
491002,1.7350,2.5401
491003,1.7382,2.5360
491004,1.7350,2.5409
491005,1.7334,2.5183
491006,1.7374,2.5401
491007,1.7358,2.5401
491008,1.7399,2.5393
491009,1.7326,2.5401
491010,1.7350,2.5393
491011,1.7390,2.5401
491012,1.7390,2.5401
491013,1.7334,2.5312
491014,1.7350,2.5417
491015,1.7350,2.5393
491016,1.7374,2.5425
491017,1.7382,2.5401
491018,1.7358,2.5393
491019,1.7374,2.5401
491020,1.7334,2.5385
491021,1.7350,2.5393
491022,1.7382,2.5409
491023,1.7390,2.5401
491024,1.7334,2.5409
491025,1.7350,2.5401
491026,1.7334,2.5393
491027,1.7358,2.5401
491028,1.7334,2.5401
491029,1.7382,2.5401
491030,1.7358,2.5401
491031,1.7350,2.5401
491032,1.7334,2.5401
491033,1.7366,2.5377
491034,1.7407,2.5385
491035,1.7350,2.5360
491036,1.7326,2.5401
491037,1.7366,2.5393
491038,1.7334,2.5401
491039,1.7374,2.5393
491040,1.7390,2.5417
491041,1.7374,2.5377
491042,1.7390,2.5401
491043,1.7399,2.5401
491044,1.7390,2.5401
491045,1.7326,2.5191
491046,1.7382,2.5401
491047,1.7366,2.5401
491048,1.7366,2.5401
491049,1.7390,2.5401
491050,1.7390,2.5401
491051,1.7390,2.5401
491052,1.7334,2.5401
491053,1.7358,2.5425
491054,1.7366,2.5377
491055,1.7350,2.5401
491056,1.7382,2.5401
491057,1.7382,2.5417
491058,1.7334,2.5401
491059,1.7382,2.5393
491060,1.7366,2.5401
491061,1.7374,2.5401
491062,1.7374,2.5393
491063,1.7358,2.5401
491064,1.7382,2.5401
491065,1.7358,2.5409
491066,1.7334,2.5393
491067,1.7374,2.5401
491068,1.7382,2.5417
491069,1.7334,2.5409
491070,1.7374,2.5401
491071,1.7358,2.5401
491072,1.7407,2.5417
491073,1.7334,2.5401
491074,1.7399,2.5401
491075,1.7366,2.5344
491076,1.7399,2.5433
491077,1.7358,2.5409
491078,1.7382,2.5401
491079,1.7382,2.5393
491080,1.7366,2.5393
491081,1.7366,2.5328
491082,1.7350,2.5377
491083,1.7390,2.5393
491084,1.7390,2.5393
491085,1.7350,2.5401
491086,1.7390,2.5401
491087,1.7382,2.5401
491088,1.7366,2.5401
491089,1.7399,2.5401
491090,1.7390,2.5425
491091,1.7407,2.5417
491092,1.7382,2.5401
491093,1.7334,2.5409
491094,1.7382,2.5401
491095,1.7334,2.5401
491096,1.7334,2.5401
491097,1.7326,2.5401
491098,1.7390,2.5393
491099,1.7342,2.5385
491100,1.7350,2.5401
491101,1.7407,2.5320
491102,1.7382,2.5385
491103,1.7366,2.5409
491104,1.7366,2.5401
491105,1.7382,2.5393
491106,1.7407,2.5409
491107,1.7334,2.5401
491108,1.7350,2.5457
491109,1.7366,2.5401
491110,1.7350,2.5441
491111,1.7390,2.5401
491112,1.7350,2.5401
491113,1.7350,2.5409
491114,1.7342,2.5401
491115,1.7334,2.5360
491116,1.7358,2.5401
491117,1.7366,2.5385
491118,1.7382,2.5401
491119,1.7366,2.5401
491120,1.7390,2.5377
491121,1.7382,2.5401
491122,1.7358,2.5409
491123,1.7366,2.5385
491124,1.7366,2.5393
491125,1.7326,2.5385
491126,1.7366,2.5401
491127,1.7374,2.5409
491128,1.7390,2.5401
491129,1.7334,2.5409
491130,1.7382,2.5449
491131,1.7399,2.5433
491132,1.7399,2.5409
491133,1.7382,2.5425
491134,1.7366,2.5401
491135,1.7382,2.5401
491136,1.7358,2.5409
491137,1.7366,2.5409
491138,1.7326,2.5425
491139,1.7334,2.5401
491140,1.7366,2.5473
491141,1.7334,2.5401
491142,1.7399,2.5401
491143,1.7366,2.5481
491144,1.7366,2.5401
491145,1.7407,2.5401
491146,1.7366,2.5401
491147,1.7382,2.5401
491148,1.7366,2.5401
491149,1.7358,2.5401
491150,1.7358,2.5385
491151,1.7310,2.5401
491152,1.7358,2.5449
491153,1.7366,2.5401
491154,1.7382,2.5401
491155,1.7407,2.5401
491156,1.7407,2.5409
491157,1.7342,2.5401
491158,1.7334,2.5401
491159,1.7374,2.5401
491160,1.7350,2.5425
491161,1.7358,2.5401
491162,1.7358,2.5401
491163,1.7358,2.5401
491164,1.7390,2.5393
491165,1.7390,2.5417
491166,1.7390,2.5401
491167,1.7350,2.5457
491168,1.7366,2.5401
491169,1.7350,2.5401
491170,1.7374,2.5401
491171,1.7382,2.5441
491172,1.7382,2.5401
491173,1.7407,2.5385
491174,1.7399,2.5401
491175,1.7358,2.5401
491176,1.7382,2.5401
491177,1.7390,2.5401
491178,1.7366,2.5409
491179,1.7334,2.5409
491180,1.7399,2.5409
491181,1.7390,2.5401
491182,1.7390,2.5409
491183,1.7390,2.5352
491184,1.7407,2.5401
491185,1.7334,2.5401
491186,1.7366,2.5409
491187,1.7407,2.5401
491188,1.7407,2.5401
491189,1.7366,2.5401
491190,1.7664,2.5409
491191,1.7366,2.5401
491192,1.7358,2.5401
491193,1.7382,2.5417
491194,1.7382,2.5401
491195,1.7382,2.5417
491196,1.7407,2.5409
491197,1.7366,2.5401
491198,1.7358,2.5401
491199,1.7334,2.5401
491200,1.7382,2.5401
491201,1.7350,2.5401
491202,1.7382,2.5393
491203,1.7382,2.5401
491204,1.7399,2.5409
491205,1.7390,2.5401
491206,1.7366,2.5377
491207,1.7350,2.5401
491208,1.7342,2.5385
491209,1.7350,2.5401
491210,1.7366,2.5457
491211,1.7366,2.5360
491212,1.7407,2.5425
491213,1.7407,2.5401
491214,1.7366,2.5441
491215,1.7382,2.5409
491216,1.7390,2.5401
491217,1.7399,2.5417
491218,1.7431,2.5401
491219,1.7326,2.5377
491220,1.7358,2.5401
491221,1.7399,2.5473
491222,1.7366,2.5401
491223,1.7399,2.5409
491224,1.7358,2.5393
491225,1.7390,2.5401
491226,1.7511,2.5401
491227,1.7382,2.5409
491228,1.7390,2.5409
491229,1.7358,2.5393
491230,1.7390,2.5425
491231,1.7399,2.5401
491232,1.7431,2.5385
491233,1.7407,2.5409
491234,1.7390,2.5401
491235,1.7382,2.5425
491236,1.7407,2.5393
491237,1.7407,2.5409
491238,1.7447,2.5409
491239,1.7407,2.5401
491240,1.7407,2.5401
491241,1.7382,2.5409
491242,1.7366,2.5401
491243,1.7245,2.5401
491244,1.7382,2.5393
491245,1.7407,2.5401
491246,1.7407,2.5401
491247,1.7399,2.5417
491248,1.7382,2.5401
491249,1.7407,2.5401
491250,1.7407,2.5401
491251,1.7366,2.5401
491252,1.7358,2.5401
491253,1.7382,2.5417
491254,1.7407,2.5401
491255,1.7382,2.5425
491256,1.7390,2.5409
491257,1.7366,2.5393
491258,1.7423,2.5401
491259,1.7382,2.5393
491260,1.7358,2.5401
491261,1.7407,2.5368
491262,1.7407,2.5417
491263,1.7407,2.5360
491264,1.7302,2.5417
491265,1.7390,2.5401
491266,1.7326,2.5401
491267,1.7374,2.5409
491268,1.7415,2.5417
491269,1.7399,2.5417
491270,1.7382,2.5401
491271,1.7382,2.5401
491272,1.7334,2.5417
491273,1.7447,2.5393
491274,1.7407,2.5401
491275,1.7358,2.5377
491276,1.7390,2.5385
491277,1.7399,2.5401
491278,1.7399,2.5393
491279,1.7447,2.5401
491280,1.7407,2.5393
491281,1.7415,2.5352
491282,1.7407,2.5328
491283,1.7399,2.5360
491284,1.7415,2.5393
491285,1.7294,2.5344
491286,1.7382,2.5385
491287,1.7382,2.5385
491288,1.7390,2.5377
491289,1.7431,2.5352
491290,1.7439,2.5352
491291,1.7399,2.5360
491292,1.7423,2.5352
491293,1.7407,2.5377
491294,1.7407,2.5377
491295,1.7487,2.5385
491296,1.7407,2.5377
491297,1.7415,2.5393
491298,1.7415,2.5393
491299,1.7407,2.5457
491300,1.7382,2.5401
491301,1.7382,2.5401
491302,1.7407,2.5417
491303,1.7407,2.5401
491304,1.7205,2.5401
491305,1.7407,2.5401
491306,1.7407,2.5409
491307,1.7270,2.5393
491308,1.7407,2.5401
491309,1.7407,2.5425
491310,1.7407,2.5425
491311,1.7415,2.5401
491312,1.7407,2.5425
491313,1.7423,2.5425
491314,1.7407,2.5409
491315,1.7407,2.5409
491316,1.7407,2.5425
491317,1.7552,2.5401
491318,1.7407,2.5401
491319,1.7407,2.5401
491320,1.7407,2.5401
491321,1.7407,2.5393
491322,1.7415,2.5401
491323,1.7415,2.5401
491324,1.7479,2.5401
491325,1.7286,2.5401
491326,1.7439,2.5401
491327,1.7407,2.5417
491328,1.7415,2.5401
491329,1.7423,2.5401
491330,1.7447,2.5409
491331,1.7423,2.5409
491332,1.7447,2.5401
491333,1.7431,2.5401
491334,1.7407,2.5409
491335,1.7390,2.5401
491336,1.7407,2.5401
491337,1.7399,2.5409
491338,1.7423,2.5417
491339,1.7423,2.5401
491340,1.7407,2.5425
491341,1.7423,2.5409
491342,1.7407,2.5409
491343,1.7431,2.5401
491344,1.7431,2.5393
491345,1.7415,2.5409
491346,1.7415,2.5393
491347,1.7407,2.5409
491348,1.7423,2.5401
491349,1.7439,2.5393
491350,1.7431,2.5409
491351,1.7310,2.5401
491352,1.7447,2.5393
491353,1.7479,2.5385
491354,1.7455,2.5393
491355,1.7455,2.5425
491356,1.7447,2.5409
491357,1.7407,2.5401
491358,1.7511,2.5401
491359,1.7431,2.5377
491360,1.7455,2.5401
491361,1.7479,2.5401
491362,1.7439,2.5401
491363,1.7463,2.5401
491364,1.7423,2.5409
491365,1.7374,2.5401
491366,1.7431,2.5401
491367,1.7439,2.5401
491368,1.7519,2.5288
491369,1.7431,2.5401
491370,1.7431,2.5409
491371,1.7479,2.5401
491372,1.7439,2.5409
491373,1.7407,2.5409
491374,1.7519,2.5401
491375,1.7519,2.5167
491376,1.7519,2.5401
491377,1.7447,2.5393
491378,1.7487,2.5449
491379,1.7584,2.5393
491380,1.7511,2.5401
491381,1.7382,2.5401
491382,1.7495,2.5385
491383,1.7527,2.5401
491384,1.7487,2.5401
491385,1.7527,2.5377
491386,1.7463,2.5288
491387,1.7431,2.5377
491388,1.7527,2.5530
491389,1.7479,2.5385
491390,1.7495,2.5393
491391,1.7527,2.5401
491392,1.7560,2.5377
491393,1.7455,2.5288
491394,1.7479,2.5377
491395,1.7463,2.5360
491396,1.7495,2.4885
491397,1.7455,2.5393
491398,1.7536,2.5401
491399,1.7544,2.5401
491400,1.7511,2.5401
491401,1.7479,2.5401
491402,1.7536,2.5401
491403,1.7519,2.5401
491404,1.7463,2.5377
491405,1.7503,2.5377
491406,1.7527,2.5377
491407,1.7536,2.5393
491408,1.7536,2.5393
491409,1.7495,2.5385
491410,1.7479,2.5393
491411,1.7350,2.5393
491412,1.7527,2.5401
491413,1.7495,2.5393
491414,1.7511,2.5401
491415,1.7511,2.5377
491416,1.7511,2.5401
491417,1.7536,2.5401
491418,1.7536,2.5385
491419,1.7495,2.5385
491420,1.7503,2.5360
491421,1.7495,2.5401
491422,1.7536,2.5546
491423,1.7544,2.5312
491424,1.7527,2.5368
491425,1.7536,2.5352
491426,1.7552,2.5344
491427,1.7536,2.5393
491428,1.7519,2.5401
491429,1.7511,2.5320
491430,1.7536,2.5377
491431,1.7536,2.5385
491432,1.7511,2.5393
491433,1.7479,2.5352
491434,1.7511,2.5280
491435,1.7536,2.5360
491436,1.7527,2.5377
491437,1.7592,2.5368
491438,1.7455,2.5296
491439,1.7576,2.5352
491440,1.7527,2.5328
491441,1.7536,2.5360
491442,1.7527,2.5352
491443,1.7560,2.5320
491444,1.7536,2.5377
491445,1.7544,2.4974
491446,1.7536,2.5377
491447,1.7511,2.5038
491448,1.7640,2.5336
491449,1.7536,2.5562
491450,1.7552,2.5360
491451,1.7536,2.5360
491452,1.7552,2.5272
491453,1.7527,2.5336
491454,1.7568,2.5352
491455,1.7536,2.5360
491456,1.7544,2.5401
491457,1.7576,2.5328
491458,1.7592,2.5344
491459,1.7584,2.5280
491460,1.7624,2.5368
491461,1.7568,2.5344
491462,1.7479,2.5288
491463,1.7592,2.5320
491464,1.7560,2.5344
491465,1.7527,2.5328
491466,1.7536,2.5264
491467,1.7544,2.5328
491468,1.7536,2.5352
491469,1.7536,2.5368
491470,1.7560,2.5586
491471,1.7511,2.5328
491472,1.7536,2.5328
491473,1.7552,2.5272
491474,1.7576,2.5320
491475,1.7536,2.5360
491476,1.7552,2.4998
491477,1.7592,2.5328
491478,1.7560,2.5264
491479,1.7576,2.5030
491480,1.7584,2.5320
491481,1.7576,2.5159
491482,1.7616,2.5296
491483,1.7616,2.5642
491484,1.7624,2.5328
491485,1.7584,2.5296
491486,1.7616,2.5312
491487,1.7608,2.5401
491488,1.7632,2.5360
491489,1.7592,2.5296
491490,1.7616,2.5328
491491,1.7664,2.5240
491492,1.7592,2.4966
491493,1.7536,2.5352
491494,1.7576,2.5304
491495,1.7640,2.5344
491496,1.7560,2.5328
491497,1.7560,2.5151
491498,1.7592,2.5296
491499,1.7560,2.5312
491500,1.7616,2.5288
491501,1.7576,2.5312
491502,1.7640,2.5272
491503,1.7576,2.5320
491504,1.7624,2.5280
491505,1.7632,2.5304
491506,1.7568,2.5344
491507,1.7592,2.5304
491508,1.7640,2.5296
491509,1.7624,2.5159
491510,1.7664,2.5272
491511,1.7584,2.5304
491512,1.7552,2.5272
491513,1.7624,2.5328
491514,1.7576,2.5328
491515,1.7576,2.5296
491516,1.7560,2.5288
491517,1.7576,2.5272
491518,1.7640,2.5280
491519,1.7592,2.5320
491520,1.7624,2.5272
491521,1.7592,2.5272
492750,1.7270,2.5151
492751,1.7302,2.5151
492752,1.7318,2.5143
492752,1.7318,2.5143
492752,1.7318,2.5143
492752,1.7286,2.5135
492754,1.7278,2.5143
492755,1.7270,2.5143
492756,1.7286,2.5143
492757,1.7205,2.5143
492758,1.7415,2.5151
492759,1.7270,2.5159
492760,1.7286,2.5135
492761,1.7189,2.5183
492762,1.7278,2.5143
492763,1.7253,2.5151
492764,1.7278,2.5151
492765,1.7262,2.5135
492766,1.7326,2.5199
492767,1.7294,2.5143
492768,1.7294,2.5143
492769,1.7294,2.5127
492770,1.7286,2.5135
492771,1.7245,2.5127
492772,1.7334,2.5135
492773,1.7350,2.5159
492774,1.7262,2.5143
492775,1.7278,2.5143
492776,1.7270,2.5127
492777,1.7278,2.5191
492778,1.7399,2.5119
492779,1.7237,2.5143
492780,1.7318,2.5143
492781,1.7253,2.5135
492782,1.7237,2.5143
492783,1.7278,2.5143
492784,1.7205,2.5143
492785,1.7447,2.5143
492786,1.7237,2.5127
492787,1.7262,2.5135
492788,1.7253,2.5119
492789,1.7173,2.5135
492790,1.7205,2.5143
492791,1.7197,2.5127
492792,1.7221,2.5127
492793,1.7463,2.5135
492794,1.7262,2.5135
492795,1.7399,2.5175
492796,1.7318,2.5143
492797,1.7189,2.5135
492798,1.7374,2.5143
492799,1.7270,2.5143
492800,1.7052,2.5151
492801,1.7133,2.5143
492802,1.7237,2.5143
492803,1.7133,2.5135
492804,1.7237,2.5143
492805,1.7245,2.5143
492806,1.7278,2.5151
492807,1.7229,2.5151
492808,1.7229,2.5167
492809,1.7229,2.5151
492810,1.7358,2.5135
492811,1.7181,2.5143
492812,1.7221,2.5143
492813,1.7141,2.5151
492814,1.7181,2.5151
492815,1.7253,2.5183
492816,1.7237,2.5143
492817,1.7286,2.5159
492818,1.7221,2.5159
492819,1.7197,2.5151
492820,1.7253,2.5151
492821,1.7350,2.5167
492822,1.7213,2.5167
492823,1.7229,2.5151
492824,1.7237,2.5151
492825,1.7262,2.5175
492826,1.7253,2.5143
492827,1.7197,2.5151
492828,1.7350,2.5143
492829,1.7229,2.5175
492830,1.7229,2.5167
492831,1.7229,2.5191
492832,1.7221,2.5191
492833,1.7245,2.5143
492834,1.7197,2.5151
492835,1.7245,2.5167
492836,1.7253,2.5183
492837,1.7205,2.5143
492838,1.7205,2.5159
492839,1.7407,2.5143
492840,1.7213,2.5183
492841,1.7270,2.5143
492842,1.7205,2.5151
492843,1.7197,2.5167
492844,1.7229,2.4627
492845,1.7262,2.5191
492846,1.7205,2.5183
492847,1.7399,2.5183
492848,1.7237,2.5199
492849,1.7229,2.5167
492850,1.7197,2.5191
492851,1.7229,2.5167
492852,1.7278,2.5377
492853,1.7237,2.5183
492854,1.7205,2.5151
492855,1.7205,2.5191
492856,1.7229,2.5320
492857,1.7262,2.5272
492858,1.7173,2.5151
492859,1.7253,2.5183
492860,1.7262,2.5159
492861,1.7262,2.5191
492862,1.7157,2.5199
492863,1.7189,2.5232
492864,1.7173,2.5215
492865,1.7229,2.5159
492866,1.7205,2.5191
492867,1.7237,2.5167
492868,1.7237,2.5457
492869,1.7205,2.5191
492870,1.7205,2.5191
492871,1.7237,2.5199
492872,1.7205,2.5191
492873,1.7237,2.5199
492874,1.7237,2.5215
492875,1.7173,2.5232
492876,1.7245,2.5272
492877,1.7173,2.5191
492878,1.7286,2.5143
492879,1.7253,2.5248
492880,1.7237,2.5215
492881,1.7197,2.5207
492882,1.7253,2.5199
492883,1.7165,2.5232
492884,1.7221,2.5207
492885,1.7334,2.5215
492886,1.7237,2.4998
492887,1.7213,2.5240
492888,1.7197,2.5223
492889,1.7100,2.5191
492890,1.7221,2.5159
492891,1.7358,2.5199
492892,1.7205,2.5159
492893,1.7205,2.5248
492894,1.7149,2.5151
492895,1.7197,2.5393
492896,1.7237,2.5175
492897,1.7245,2.5199
492898,1.7173,2.5232
492899,1.7229,2.5264
492900,1.7221,2.5199
492901,1.7245,2.5191
492902,1.7229,2.4958
492903,1.7165,2.5248
492904,1.7165,2.5248
492905,1.7165,2.5191
492906,1.7165,2.5199
492907,1.7229,2.5256
492908,1.7165,2.5232
492909,1.7205,2.5344
492910,1.7165,2.5191
492911,1.7165,2.5256
492912,1.7173,2.5320
492913,1.7197,2.5280
492914,1.7221,2.5232
492915,1.7229,2.5232
492916,1.7205,2.5425
492917,1.7221,2.5280
492918,1.7253,2.5248
492919,1.7205,2.5215
492920,1.7157,2.5240
492921,1.7173,2.5248
492922,1.7165,2.5095
492923,1.7197,2.4990
492924,1.7205,2.5248
492925,1.7229,2.5223
492926,1.7229,2.5264
492927,1.7205,2.5280
492928,1.7181,2.5248
492929,1.7205,2.5038
492930,1.7157,2.5223
492931,1.7229,2.5248
492932,1.7165,2.5248
492933,1.7149,2.5264
492934,1.7205,2.5240
492935,1.7181,2.5272
492936,1.7205,2.4941
492937,1.7229,2.5248
492938,1.7253,2.5248
492939,1.7189,2.5248
492940,1.7221,2.5256
492941,1.7173,2.5256
492942,1.7165,2.5232
492943,1.7173,2.5199
492944,1.7149,2.4958
492945,1.7205,2.5264
492946,1.7149,2.5272
492947,1.7165,2.5248
492948,1.7173,2.5248
492949,1.7157,2.5240
492950,1.7173,2.5401
492951,1.7149,2.5264
492952,1.7189,2.5530
492953,1.7181,2.5232
492954,1.7157,2.5264
492955,1.7165,2.5248
492956,1.7165,2.5248
492957,1.7157,2.5232
492958,1.7173,2.5256
492959,1.7173,2.5207
492960,1.7165,2.5264
492961,1.7165,2.5215
492962,1.7189,2.4974
492963,1.7157,2.5199
492964,1.7189,2.5167
492965,1.7149,2.5232
492966,1.7205,2.5232
492967,1.7197,2.5385
492968,1.7205,2.5248
492969,1.7173,2.5256
492970,1.7157,2.5232
492971,1.7141,2.5312
492972,1.7173,2.5232
492973,1.7149,2.5183
492974,1.7197,2.5183
492975,1.7149,2.5248
492976,1.7149,2.5248
492977,1.7149,2.5159
492978,1.7149,2.5199
492979,1.7181,2.5223
492980,1.7149,2.5248
492981,1.7165,2.5223
492982,1.7149,2.5385
492983,1.7173,2.5232
492984,1.7149,2.5159
492985,1.7149,2.5248
492986,1.7165,2.5368
492987,1.7149,2.5320
492988,1.7149,2.5215
492989,1.7165,2.5191
492990,1.7165,2.5215
492991,1.7157,2.5207
492992,1.7149,2.5215
492993,1.7149,2.5199
492994,1.7149,2.5199
492995,1.7157,2.5215
492996,1.7189,2.5191
492997,1.7149,2.5183
492998,1.7189,2.5199
492999,1.7149,2.5336
493000,1.7149,2.5215
493001,1.7141,2.5183
493002,1.7149,2.5199
493003,1.7149,2.5215
493004,1.7149,2.5183
493005,1.7149,2.5199
493006,1.7149,2.5272
493007,1.7149,2.5167
493008,1.7149,2.5199
493009,1.7149,2.5223
493010,1.7157,2.5183
493011,1.7149,2.5143
493012,1.7149,2.5175
493013,1.7133,2.5191
493014,1.7173,2.5167
493015,1.7173,2.5232
493016,1.7149,2.5183
493017,1.7149,2.5232
493018,1.7189,2.5232
493019,1.7149,2.4982
493020,1.7149,2.5183
493021,1.7149,2.5232
493022,1.7149,2.5167
493023,1.7149,2.5199
493024,1.7125,2.5199
493025,1.7149,2.5199
493026,1.7157,2.5256
493027,1.7149,2.5377
493028,1.7149,2.5167
493029,1.7149,2.5167
493030,1.7149,2.5151
493031,1.7157,2.5167
493032,1.7108,2.5232
493033,1.7141,2.5199
493034,1.7149,2.5223
493035,1.7165,2.5215
493036,1.7149,2.5151
493037,1.7149,2.5199
493038,1.7141,2.5175
493039,1.7141,2.5199
493040,1.7149,2.5272
493041,1.7149,2.5127
493042,1.7149,2.5183
493043,1.7149,2.5232
493044,1.7165,2.5199
493045,1.7149,2.5223
493046,1.7149,2.5191
493047,1.7141,2.5215
493048,1.7149,2.5248
493049,1.7149,2.5232
493050,1.7149,2.5223
493051,1.7165,2.5377
493052,1.7125,2.5215
493053,1.7221,2.5223
493054,1.7149,2.5207
493055,1.7149,2.5215
493056,1.7149,2.5232
493057,1.7149,2.5215
493058,1.7149,2.5215
493059,1.7157,2.5232
493060,1.7141,2.5199
493061,1.7165,2.5240
493062,1.7165,2.5183
493063,1.7149,2.5215
493064,1.7149,2.5248
493065,1.7181,2.5232
493066,1.7141,2.5240
493067,1.7108,2.5248
493068,1.7141,2.5199
493069,1.7173,2.5207
493070,1.7157,2.5232
493071,1.7125,2.5248
493072,1.7149,2.5159
493073,1.7173,2.5232
493074,1.7165,2.5232
493075,1.7165,2.5328
493076,1.7149,2.5232
493077,1.7149,2.5264
493078,1.7149,2.5256
493079,1.7165,2.5256
493080,1.7149,2.5223
493081,1.7157,2.5272
493082,1.7157,2.5223
493083,1.7165,2.5256
493084,1.7165,2.5280
493085,1.7149,2.5232
493086,1.7157,2.5264
493087,1.7189,2.5256
493088,1.7157,2.5240
493089,1.7157,2.5232
493090,1.7149,2.5191
493091,1.7149,2.5232
493092,1.7149,2.5248
493093,1.7149,2.5248
493094,1.7149,2.5256
493095,1.7149,2.5264
493096,1.7165,2.5232
493097,1.7173,2.5256
493098,1.7181,2.5272
493099,1.7157,2.5320
493100,1.7181,2.5272
493101,1.7173,2.5264
493102,1.7157,2.5296
493103,1.7149,2.5256
493104,1.7181,2.5256
493105,1.7173,2.5256
493106,1.7149,2.5272
493107,1.7173,2.5280
493108,1.7157,2.5264
493109,1.7157,2.5256
493110,1.7149,2.5272
493111,1.7165,2.5248
493112,1.7173,2.5232
493113,1.7149,2.5248
493114,1.7173,2.5280
493115,1.7149,2.5272
493116,1.7149,2.5328
493117,1.7165,2.5256
493118,1.7173,2.5264
493119,1.7173,2.5256
493120,1.7173,2.5248
493121,1.7157,2.5248
493122,1.7165,2.5288
493123,1.7173,2.5272
493124,1.7149,2.5393
493125,1.7189,2.5272
493126,1.7165,2.5272
493127,1.7157,2.5240
493128,1.7149,2.5272
493129,1.7173,2.5264
493130,1.7157,2.5280
493131,1.7181,2.5264
493132,1.7157,2.5280
493133,1.7173,2.5264
493134,1.7173,2.5280
493135,1.7189,2.5280
493136,1.7157,2.5215
493137,1.7205,2.5280
493138,1.7157,2.5256
493139,1.7157,2.5280
493140,1.7157,2.5232
493141,1.7173,2.5280
493142,1.7149,2.5280
493143,1.7149,2.5280
493144,1.7173,2.5280
493145,1.7157,2.5288
493146,1.7189,2.5328
493147,1.7149,2.5288
493148,1.7173,2.5280
493149,1.7149,2.5256
493150,1.7165,2.5280
493151,1.7189,2.5280
493152,1.7173,2.5360
493153,1.7149,2.5296
493154,1.7157,2.5256
493155,1.7189,2.5280
493156,1.7157,2.5328
493157,1.7189,2.5312
493158,1.7157,2.5288
493159,1.7149,2.5288
493160,1.7141,2.5264
493161,1.7141,2.5264
493162,1.7415,2.5199
493163,1.7173,2.5272
493164,1.7149,2.5296
493165,1.7149,2.5288
493166,1.7141,2.5280
493167,1.7157,2.5280
493168,1.7189,2.5280
493169,1.7205,2.5296
493170,1.7149,2.5312
493171,1.7165,2.5288
493172,1.7165,2.5280
493173,1.7149,2.5272
493174,1.7157,2.5304
493175,1.7149,2.5312
493176,1.7197,2.5272
493177,1.7149,2.5304
493178,1.7181,2.5296
493179,1.7149,2.5272
493180,1.7173,2.5296
493181,1.7149,2.5312
493182,1.7157,2.5393
493183,1.7149,2.5280
493184,1.7149,2.5272
493185,1.7157,2.5272
493186,1.7173,2.5272
493187,1.7165,2.5280
493188,1.7036,2.5272
493189,1.7157,2.5280
493190,1.7157,2.5288
493191,1.7173,2.5288
493192,1.7197,2.5280
493193,1.7165,2.5320
493194,1.7173,2.5377
493195,1.7173,2.5288
493196,1.7141,2.5352
493197,1.7181,2.5393
493198,1.7197,2.5312
493199,1.7157,2.5320
493200,1.7157,2.5296
493201,1.7149,2.5296
493202,1.7165,2.5272
493203,1.7189,2.5312
493204,1.7149,2.5328
493205,1.7165,2.5288
493206,1.7149,2.5272
493207,1.7189,2.5320
493208,1.7157,2.5336
493209,1.7149,2.5352
493210,1.7052,2.5296
493211,1.7197,2.5304
493212,1.7197,2.5320
493213,1.7149,2.5288
493214,1.7165,2.5272
493215,1.7060,2.5320
493216,1.7157,2.5304
493217,1.7173,2.5288
493218,1.7149,2.5385
493219,1.7221,2.5328
493220,1.7076,2.5328
493221,1.7157,2.5296
493222,1.7221,2.5232
493223,1.7165,2.5320
493224,1.7173,2.5320
493225,1.7157,2.5312
493226,1.7205,2.5320
493227,1.7237,2.5344
493228,1.7205,2.5352
493229,1.7165,2.5296
493230,1.7189,2.5320
493231,1.7133,2.5320
493232,1.7197,2.5312
493233,1.7221,2.5336
493234,1.7318,2.5280
493235,1.7165,2.5401
493236,1.7197,2.5328
493237,1.7221,2.5377
493238,1.7165,2.5344
493239,1.7157,2.5328
493240,1.7294,2.5344
493241,1.7253,2.5377
493242,1.7149,2.5328
493243,1.7189,2.5288
493244,1.7173,2.5344
493245,1.7197,2.5312
493246,1.7149,2.5312
493247,1.7149,2.5360
493248,1.7165,2.5368
493249,1.7189,2.5360
493250,1.7189,2.5352
493251,1.7149,2.5360
493252,1.7165,2.5352
493253,1.7197,2.5288
493254,1.7205,2.5344
493255,1.7205,2.5360
493256,1.7173,2.5377
493257,1.7165,2.5360
493258,1.7189,2.5352
493259,1.7173,2.5360
493260,1.7052,2.5360
493261,1.7334,2.5352
493262,1.7229,2.5344
493263,1.7173,2.5360
493264,1.7149,2.5312
493265,1.7149,2.5352
493266,1.7197,2.5328
493267,1.7157,2.5336
493268,1.7125,2.5344
493269,1.7108,2.5328
493270,1.7165,2.5377
493271,1.7181,2.5320
493272,1.7189,2.5320
493273,1.7197,2.5352
493274,1.7165,2.5377
493275,1.7189,2.5328
493276,1.7181,2.5344
493277,1.7149,2.5352
493278,1.7149,2.5352
493279,1.7173,2.5360
493280,1.7213,2.5360
493281,1.7197,2.5352
493282,1.7197,2.5328
493283,1.7149,2.5393
493284,1.7229,2.5385
493285,1.7197,2.5368
493286,1.7197,2.5360
493287,1.7173,2.5377
493288,1.7149,2.5344
493289,1.7205,2.5385
493290,1.7149,2.5360
493291,1.7165,2.5312
493292,1.7229,2.5360
493293,1.7165,2.5368
493294,1.7165,2.5360
493295,1.7270,2.5393
493296,1.7149,2.5393
493297,1.7221,2.5385
493298,1.7173,2.5377
493299,1.7197,2.5360
493300,1.7189,2.5385
493301,1.7149,2.5393
493302,1.7221,2.5360
493303,1.7229,2.5360
493304,1.7229,2.5360
493305,1.7302,2.5377
493306,1.7165,2.5377
493307,1.7173,2.5393
493308,1.7205,2.5377
493309,1.7157,2.5360
493310,1.7189,2.5360
493311,1.7229,2.5377
493312,1.7189,2.5360
493313,1.7205,2.5393
493314,1.7278,2.5385
493315,1.7173,2.5360
493316,1.7173,2.5393
493317,1.7149,2.5385
493318,1.7173,2.5360
493319,1.7149,2.5385
493320,1.7205,2.5393
493321,1.7189,2.5393
493322,1.7173,2.5352
493323,1.7165,2.5377
493324,1.7189,2.5385
493325,1.7141,2.5377
493326,1.7173,2.5352
493327,1.7229,2.5393
493328,1.7197,2.5377
493329,1.7229,2.5393
493330,1.7189,2.5401
493331,1.7205,2.5385
493332,1.7205,2.5393
493333,1.7165,2.5401
493334,1.7197,2.5377
493335,1.7189,2.5377
493336,1.7197,2.5385
493337,1.7221,2.5385
493338,1.7189,2.5393
493339,1.7181,2.5401
493340,1.7181,2.5401
493341,1.7205,2.5401
493342,1.7221,2.5393
493343,1.7157,2.5401
493344,1.7237,2.5385
493345,1.7197,2.5401
493346,1.7237,2.5401
493347,1.7165,2.5401
493348,1.7205,2.5401
493349,1.7149,2.5401
493350,1.7237,2.5368
493351,1.7221,2.5401
493352,1.7149,2.5377
493353,1.7189,2.5417
493354,1.7181,2.5360
493355,1.7213,2.5401
493356,1.7181,2.5393
493357,1.7213,2.5393
493358,1.7253,2.5385
493359,1.7253,2.5401
493360,1.7253,2.5393
493361,1.7181,2.5401
493362,1.7213,2.5401
493363,1.7253,2.5401
493364,1.7165,2.5401
493365,1.7286,2.5409
493366,1.7165,2.5320
493367,1.7157,2.5401
493368,1.7221,2.5433
493369,1.7197,2.5377
493370,1.7221,2.5368
493371,1.7197,2.5393
493372,1.7197,2.5401
493373,1.7197,2.5304
493374,1.7205,2.5425
493375,1.7237,2.5401
493376,1.7221,2.5377
493377,1.7173,2.5425
493378,1.7189,2.5401
493379,1.7181,2.5393
493380,1.7221,2.5401
493381,1.7197,2.5401
493382,1.7221,2.5546
493383,1.7221,2.5401
493384,1.7165,2.5401
493385,1.7205,2.5401
493386,1.7221,2.5401
493387,1.7205,2.5401
493388,1.7189,2.5401
493389,1.7173,2.5417
493390,1.7197,2.5393
493391,1.7229,2.5401
493392,1.7181,2.5401
493393,1.7173,2.5409
493394,1.7197,2.5417
493395,1.7262,2.5401
493396,1.7237,2.5296
493397,1.7189,2.5425
493398,1.7197,2.5401
493399,1.7197,2.5385
493400,1.7181,2.5570
493401,1.7189,2.5417
493402,1.7197,2.5401
493403,1.7237,2.5417
493404,1.7205,2.5401
493405,1.7229,2.5417
493406,1.7205,2.5401
493407,1.7205,2.5401
493408,1.7237,2.5401
493409,1.7253,2.5425
493410,1.7253,2.5401
493411,1.7205,2.5425
493412,1.7189,2.5409
493413,1.7197,2.5449
493414,1.7221,2.5401
493415,1.7229,2.5409
493416,1.7237,2.5425
493417,1.7245,2.5401
493418,1.7237,2.5457
493419,1.7253,2.5401
493420,1.7286,2.5377
493421,1.7245,2.5409
493422,1.7165,2.5554
493423,1.7221,2.5441
493424,1.7245,2.5409
493425,1.7229,2.5417
493426,1.7157,2.5409
493427,1.7245,2.5417
493428,1.7229,2.5409
493429,1.7165,2.5417
493430,1.7221,2.5675
493431,1.7237,2.5425
493432,1.7221,2.5417
493433,1.7189,2.5449
493434,1.7253,2.5457
493435,1.7173,2.5417
493436,1.7205,2.5570
493437,1.7205,2.5425
493438,1.7229,2.5417
493439,1.7205,2.5417
493440,1.7237,2.5433
493441,1.7253,2.5473
493442,1.7237,2.5425
493443,1.7189,2.5441
493444,1.7270,2.5457
493445,1.7294,2.5425
493446,1.7189,2.5433
493447,1.7229,2.5457
493448,1.7205,2.5425
493449,1.7262,2.5441
493450,1.7221,2.5401
493451,1.7237,2.5836
493452,1.7270,2.5425
493453,1.7213,2.5417
493454,1.7262,2.5401
493455,1.7253,2.5433
493456,1.7253,2.5288
493457,1.7221,2.5401
493458,1.7221,2.5441
493459,1.7253,2.5457
493460,1.7237,2.5449
493461,1.7197,2.5538
493462,1.7262,2.5401
493463,1.7253,2.5409
493464,1.7253,2.5441
493465,1.7197,2.5465
493466,1.7262,2.5288
493467,1.7221,2.5393
493468,1.7294,2.5433
493469,1.7253,2.5441
493470,1.7286,2.5425
493471,1.7221,2.5296
493472,1.7262,2.5449
493473,1.7221,2.5441
493474,1.7237,2.5441
493475,1.7229,2.5417
493476,1.7197,2.5449
493477,1.7229,2.5457
493478,1.7205,2.5248
493479,1.7197,2.5522
493480,1.7237,2.5465
493481,1.7237,2.5457
493482,1.7278,2.5457
493483,1.7173,2.5425
493484,1.7205,2.5530
493485,1.7221,2.5457
493486,1.7253,2.5505
493487,1.7237,2.5489
493488,1.7229,2.5441
493489,1.7221,2.5441
493490,1.7278,2.5489
493491,1.7253,2.5449
493492,1.7253,2.5473
493493,1.7253,2.5481
493494,1.7253,2.5473
493495,1.7205,2.5449
493496,1.7229,2.5449
493497,1.7205,2.5715
493498,1.7237,2.5409
493499,1.7270,2.5659
493500,1.7253,2.5465
493501,1.7237,2.5401
493502,1.7245,2.5441
493503,1.7270,2.5457
493504,1.7189,2.5481
493505,1.7221,2.5457
493506,1.7262,2.5457
493507,1.7270,2.5497
493508,1.7262,2.5457
493509,1.7262,2.5651
493510,1.7189,2.5473
493511,1.7213,2.5755
493512,1.7237,2.5441
493513,1.7270,2.5457
493514,1.7270,2.5425
493515,1.7237,2.5457
493516,1.7270,2.5401
493517,1.7229,2.5465
493518,1.7229,2.5457
493519,1.7237,2.5610
493520,1.7270,2.5473
493521,1.7262,2.5481
493522,1.7253,2.5449
493523,1.7270,2.5489
493524,1.7253,2.5441
493525,1.7270,2.5505
493526,1.7237,2.5481
493527,1.7253,2.5272
493528,1.7197,2.5546
493529,1.7302,2.5457
493530,1.7294,2.5481
493531,1.7270,2.5449
493532,1.7245,2.5489
493533,1.7229,2.5240
493534,1.7326,2.5457
493535,1.7237,2.5417
493536,1.7229,2.5473
493537,1.7237,2.5489
493538,1.7253,2.5505
493539,1.7270,2.5514
493540,1.7245,2.5433
493541,1.7253,2.5473
493542,1.7205,2.5489
493543,1.7270,2.5449
493544,1.7237,2.5522
493545,1.7221,2.5457
493546,1.7270,2.5489
493547,1.7205,2.5433
493548,1.7294,2.5457
493549,1.7262,2.5481
493550,1.7270,2.5457
493551,1.7229,2.5465
493552,1.7237,2.5505
493553,1.7302,2.5489
493554,1.7237,2.5481
493555,1.7237,2.5473
493556,1.7270,2.5489
493557,1.7237,2.5489
493558,1.7237,2.5489
493559,1.7205,2.5675
493560,1.7278,2.5505
493561,1.7270,2.5505
493562,1.7237,2.5425
493563,1.7221,2.5481
493564,1.7229,2.5497
493565,1.7286,2.5497
493566,1.7245,2.5449
493567,1.7181,2.5457
493568,1.7278,2.5481
493569,1.7205,2.5505
493570,1.7221,2.5489
493571,1.7245,2.5505
493572,1.7253,2.5489
493573,1.7237,2.5505
493574,1.7245,2.5481
493575,1.7237,2.5530
493576,1.7229,2.5473
493577,1.7181,2.5505
493578,1.7262,2.5489
493579,1.7278,2.5546
493580,1.7237,2.5481
493581,1.7278,2.5530
493582,1.7197,2.5473
493583,1.7229,2.5514
493584,1.7253,2.5489
493585,1.7221,2.5417
493586,1.7237,2.5514
493587,1.7197,2.5505
493588,1.7262,2.5505
493589,1.7205,2.5489
493590,1.7205,2.5570
493591,1.7205,2.5505
493592,1.7229,2.5441
493593,1.7270,2.5457
493594,1.7237,2.5514
493595,1.7286,2.5514
493596,1.7262,2.5489
493597,1.7253,2.5522
493598,1.7286,2.5481
493599,1.7237,2.5562
493600,1.7294,2.5514
493601,1.7253,2.5497
493602,1.7262,2.5514
493603,1.7270,2.5522
493604,1.7286,2.5481
493605,1.7229,2.5489
493606,1.7221,2.5505
493607,1.7237,2.5505
493608,1.7253,2.5457
493609,1.7286,2.5505
493610,1.7237,2.5505
493611,1.7237,2.5514
493612,1.7253,2.5522
493613,1.7286,2.5522
493614,1.7229,2.5522
493615,1.7278,2.5505
493616,1.7229,2.5514
493617,1.7270,2.5489
493618,1.7262,2.5522
493619,1.7189,2.5530
493620,1.7237,2.5586
493621,1.7253,2.5473
493622,1.7245,2.5481
493623,1.7253,2.5538
493624,1.7278,2.5530
493625,1.7262,2.5514
493626,1.7278,2.5514
493627,1.7237,2.5522
493628,1.7270,2.5514
493629,1.7237,2.5522
493630,1.7270,2.5489
493631,1.7270,2.5578
493632,1.7237,2.5530
493633,1.7189,2.5514
493634,1.7253,2.5522
493635,1.7253,2.5505
493636,1.7262,2.5522
493637,1.7253,2.5505
493638,1.7278,2.5505
493639,1.7245,2.5505
493640,1.7262,2.5530
493641,1.7237,2.5489
493642,1.7278,2.5441
493643,1.7286,2.5538
493644,1.7237,2.5489
493645,1.7253,2.5538
493646,1.7237,2.5530
493647,1.7270,2.5530
493648,1.7262,2.5586
493649,1.7237,2.5505
493650,1.7245,2.5530
493651,1.7253,2.5514
493652,1.7262,2.5554
493653,1.7237,2.5530
493654,1.7270,2.5546
493655,1.7286,2.5538
493656,1.7253,2.5505
493657,1.7262,2.5538
493658,1.7237,2.5530
493659,1.7294,2.5530
493660,1.7237,2.5546
493661,1.7229,2.5497
493662,1.7237,2.5530
493663,1.7237,2.5554
493664,1.7229,2.5586
493665,1.7278,2.5530
493666,1.7149,2.5522
493667,1.7286,2.5514
493668,1.7294,2.5554
493669,1.7245,2.5522
493670,1.7245,2.5554
493671,1.7237,2.5562
493672,1.7278,2.5530
493673,1.7253,2.5554
493674,1.7262,2.5546
493675,1.7253,2.5554
493676,1.7253,2.5546
493677,1.7245,2.5522
493678,1.7270,2.5522
493679,1.7270,2.5554
493680,1.7262,2.5538
493681,1.7253,2.5586
493682,1.7286,2.5538
493683,1.7205,2.5538
493684,1.7270,2.5546
493685,1.7302,2.5505
493686,1.7286,2.5481
493687,1.7302,2.5570
493688,1.7294,2.5546
493689,1.7262,2.5538
493690,1.7229,2.5546
493691,1.7237,2.5522
493692,1.7278,2.5522
493693,1.7262,2.5530
493694,1.7237,2.5514
493695,1.7278,2.5578
493696,1.7286,2.5570
493697,1.7302,2.5618
493698,1.7407,2.5554
493699,1.7253,2.5554
493700,1.7286,2.5578
493701,1.7253,2.5594
493702,1.7237,2.5554
493703,1.7270,2.5554
493704,1.7278,2.5554
493705,1.7253,2.5570
493706,1.7262,2.5546
493707,1.7302,2.5570
493708,1.7189,2.5538
493709,1.7278,2.5610
493710,1.7286,2.5554
493711,1.7221,2.5570
493712,1.7270,2.5554
493713,1.7294,2.5546
493714,1.7286,2.5538
493715,1.7278,2.5554
493716,1.7286,2.5546
493717,1.7270,2.5570
493718,1.7253,2.5514
493719,1.7262,2.5554
493720,1.7253,2.5554
493721,1.7294,2.5586
493722,1.7294,2.5562
493723,1.7294,2.5546
493724,1.7310,2.5546
493725,1.7253,2.5570
493726,1.7253,2.5473
493727,1.7237,2.5578
493728,1.7237,2.5546
493729,1.7253,2.5570
493730,1.7278,2.5562
493731,1.7116,2.5554
493732,1.7302,2.5586
493733,1.7318,2.5586
493734,1.7149,2.5554
493735,1.7318,2.5570
493736,1.7229,2.5554
493737,1.7270,2.5554
493738,1.7253,2.5554
493739,1.7270,2.5554
493740,1.7253,2.5578
493741,1.7294,2.5570
493742,1.7286,2.5578
493743,1.7270,2.5505
493744,1.7278,2.5578
493745,1.7366,2.5554
493746,1.7302,2.5586
493747,1.7278,2.5578
493748,1.7237,2.5570
493749,1.7302,2.5602
493750,1.7286,2.5586
493751,1.7270,2.5570
493752,1.7286,2.5578
493753,1.7278,2.5570
493754,1.7310,2.5578
493755,1.7278,2.5610
493756,1.7253,2.5610
493757,1.7302,2.5642
493758,1.7294,2.5602
493759,1.7149,2.5586
493760,1.7270,2.5554
493761,1.7278,2.5554
493762,1.7237,2.5554
493763,1.7149,2.5610
493764,1.7407,2.5586
493765,1.7278,2.5570
493766,1.7286,2.5570
493767,1.7390,2.5538
493768,1.7245,2.5602
493769,1.7253,2.5586
493770,1.7334,2.5586
493771,1.7278,2.5586
493772,1.7278,2.5618
493773,1.7253,2.5610
493774,1.7366,2.5586
493775,1.7270,2.5651
493776,1.7334,2.5586
493777,1.7278,2.5578
493778,1.7253,2.5618
493779,1.7286,2.5586
493780,1.7302,2.5562
493781,1.7302,2.5586
493782,1.7149,2.5610
493783,1.7270,2.5570
493784,1.7262,2.5578
493785,1.7270,2.5578
493786,1.7270,2.5602
493787,1.7294,2.5610
493788,1.7237,2.5594
493789,1.7302,2.5618
493790,1.7253,2.5578
493791,1.7302,2.5602
493792,1.7407,2.5626
493793,1.7278,2.5651
493794,1.7286,2.5586
493795,1.7294,2.5554
493796,1.7262,2.5602
493797,1.7302,2.5610
493798,1.7173,2.5586
493799,1.7286,2.5618
493800,1.7294,2.5618
493801,1.7310,2.5578
493802,1.7286,2.5586
493803,1.7294,2.5634
493804,1.7407,2.5602
493805,1.7318,2.5642
493806,1.7286,2.5618
493807,1.7286,2.5610
493808,1.7350,2.5586
493809,1.7286,2.5578
493810,1.7270,2.5602
493811,1.7334,2.5626
493812,1.7318,2.5634
493813,1.7334,2.5618
493814,1.7286,2.5618
493815,1.7270,2.5610
493816,1.7334,2.5642
493817,1.7286,2.5634
493818,1.7237,2.5610
493819,1.7294,2.5602
493820,1.7294,2.5570
493821,1.7310,2.5610
493822,1.7278,2.5594
493823,1.7286,2.5610
493824,1.7318,2.5618
493825,1.7326,2.5602
493826,1.7286,2.5642
493827,1.7318,2.5610
493828,1.7318,2.5618
493829,1.7262,2.5610
493830,1.7318,2.5578
493831,1.7286,2.5586
493832,1.7270,2.5610
493833,1.7270,2.5610
493834,1.7286,2.5457
493835,1.7286,2.5642
493836,1.7294,2.5634
493837,1.7262,2.5610
493838,1.7270,2.5610
493839,1.7294,2.5618
493840,1.7270,2.5610
493841,1.7318,2.5634
493842,1.7302,2.5586
493843,1.7318,2.5586
493844,1.7302,2.5642
493845,1.7253,2.5626
493846,1.7318,2.5642
493847,1.7407,2.5570
493848,1.7302,2.5618
493849,1.7358,2.5618
493850,1.7326,2.5610
493851,1.7366,2.5586
493852,1.7366,2.5586
493853,1.7358,2.5586
493854,1.7382,2.5610
493855,1.7350,2.5618
493856,1.7318,2.5618
493857,1.7334,2.5602
493858,1.7358,2.5812
493859,1.7326,2.5586
493860,1.7366,2.5618
493861,1.7390,2.5642
493862,1.7286,2.5610
493863,1.7423,2.5634
493864,1.7294,2.5618
493865,1.7407,2.5651
493866,1.7358,2.5634
493867,1.7302,2.5642
493868,1.7318,2.5578
493869,1.7407,2.5634
493870,1.7334,2.5667
493871,1.7318,2.5578
493872,1.7407,2.5634
493873,1.7366,2.5626
493874,1.7326,2.5707
493875,1.7294,2.5578
493876,1.7294,2.5634
493877,1.7350,2.5602
493878,1.7286,2.5602
493879,1.7253,2.5618
493880,1.7350,2.5522
493881,1.7326,2.5602
493882,1.7294,2.5586
493883,1.7366,2.5280
493884,1.7326,2.5538
493885,1.7415,2.5651
493886,1.7382,2.5659
493887,1.7318,2.5634
493888,1.7326,2.5626
493889,1.7350,2.5651
493890,1.7326,2.5651
493891,1.7366,2.5602
493892,1.7318,2.5642
493893,1.7302,2.5642
493894,1.7318,2.5651
493895,1.7302,2.5634
493896,1.7302,2.5739
493897,1.7310,2.5651
493898,1.7310,2.5651
493899,1.7302,2.5788
493900,1.7294,2.5659
493901,1.7302,2.5651
493902,1.7302,2.5651
493903,1.7286,2.5659
493904,1.7294,2.5675
493905,1.7302,2.5659
493906,1.7366,2.5675
493907,1.7302,2.5683
493908,1.7358,2.5659
493909,1.7286,2.5667
493910,1.7294,2.5659
493911,1.7350,2.5675
493912,1.7390,2.5771
493913,1.7366,2.5667
493914,1.7326,2.5675
493915,1.7302,2.5747
493916,1.7350,2.5707
493917,1.7407,2.5642
493918,1.7350,2.5659
493919,1.7310,2.5546
493920,1.7334,2.5667
493921,1.7318,2.5578
493922,1.7350,2.5699
493923,1.7334,2.5683
493924,1.7366,2.5683
493925,1.7326,2.5659
493926,1.7358,2.5659
493927,1.7390,2.5707
493928,1.7334,2.5699
493929,1.7342,2.5699
493930,1.7270,2.5739
493931,1.7399,2.5739
493932,1.7334,2.5747
493933,1.7399,2.5731
493934,1.7407,2.5683
493935,1.7407,2.5699
493936,1.7382,2.5763
493937,1.7390,2.5739
493938,1.7366,2.5659
493939,1.7407,2.5747
493940,1.7366,2.5586
493941,1.7350,2.5771
493942,1.7399,2.5788
493943,1.7334,2.5796
493944,1.7407,2.5779
493945,1.7382,2.5788
493946,1.7294,2.5659
493947,1.7399,2.5747
493948,1.7278,2.5941
493949,1.7382,2.5779
493950,1.7399,2.5788
493951,1.7382,2.5554
493952,1.7366,2.5779
493953,1.7390,2.5812
493954,1.7390,2.5747
493955,1.7382,2.5804
493956,1.7415,2.5788
493957,1.7407,2.5489
493958,1.7366,2.5747
493959,1.7399,2.5699
493960,1.7439,2.5731
493961,1.7407,2.5659
493962,1.7399,2.5820
493963,1.7407,2.5868
493964,1.7382,2.5788
493965,1.7439,2.5828
493966,1.7407,2.5844
493967,1.7415,2.5828
493968,1.7415,2.5844
493969,1.7407,2.5828
493970,1.7431,2.5876
493971,1.7431,2.5828
493972,1.7407,2.5997
493973,1.7423,2.5836
493974,1.7431,2.5828
493975,1.7431,2.5860
493976,1.7407,2.5876
493977,1.7407,2.5868
493978,1.7415,2.5876
493979,1.7399,2.5844
493980,1.7407,2.5892
493981,1.7407,2.5941
493982,1.7415,2.5844
493983,1.7511,2.6037
493984,1.7431,2.5860
493985,1.7399,2.5602
493986,1.7407,2.5836
493987,1.7455,2.6053
493988,1.7431,2.5860
493989,1.7487,2.5884
493990,1.7415,2.5860
493991,1.7431,2.5868
493992,1.7407,2.5828
493993,1.7407,2.5844
493994,1.7407,2.5836
493995,1.7463,2.5860
493996,1.7431,2.5876
493997,1.7487,2.5796
493998,1.7423,2.5844
493999,1.7495,2.5989
494000,1.7487,2.5844
494001,1.7495,2.5973
494002,1.7423,2.5876
494003,1.7431,2.5570
494004,1.7415,2.5828
494005,1.7463,2.5828
494006,1.7463,2.5868
494007,1.7447,2.6182
494008,1.7455,2.5844
494009,1.7431,2.5788
494010,1.7431,2.5844
494011,1.7431,2.5957
494012,1.7455,2.5844
494013,1.7463,2.5908
494014,1.7487,2.5868
494015,1.7519,2.5925
494016,1.7463,2.5876
494017,1.7479,2.5812
494018,1.7527,2.5868
494019,1.7511,2.5836
494020,1.7431,2.5868
494021,1.7495,2.5659
494022,1.7495,2.5836
494023,1.7455,2.5860
494024,1.7447,2.5884
494025,1.7455,2.5836
494026,1.7463,2.5876
494027,1.7511,2.5836
494028,1.7519,2.5828
494029,1.7479,2.5860
494030,1.7536,2.5860
494031,1.7463,2.5473
494032,1.7463,2.5820
494033,1.7519,2.5788
494034,1.7495,2.5779
494035,1.7463,2.5796
494036,1.7423,2.5804
494037,1.7439,2.5667
494038,1.7455,2.5828
494039,1.7487,2.5796
494040,1.7439,2.5828
494041,1.7495,2.5812
494042,1.7527,2.5804
494043,1.7463,2.5804
494044,1.7519,2.5796
494045,1.7431,2.5779
494046,1.7471,2.5788
494047,1.7487,2.5804
494048,1.7487,2.5779
494049,1.7431,2.5796
494050,1.7487,2.5763
494051,1.7455,2.5796
494052,1.7415,2.5788
494053,1.7447,2.5941
494054,1.7495,2.5763
494055,1.7471,2.5788
494056,1.7455,2.5788
494057,1.7447,2.5788
494058,1.7487,2.5779
494059,1.7455,2.5796
494060,1.7527,2.5788
494061,1.7511,2.5804
494062,1.7487,2.5788
494063,1.7511,2.5788
494064,1.7495,2.5747
494065,1.7511,2.5779
494066,1.7536,2.5731
494067,1.7415,2.5747
494068,1.7479,2.5788
494069,1.7463,2.5771
494070,1.7463,2.5771
494071,1.7527,2.5747
494072,1.7487,2.5763
494073,1.7503,2.5788
494074,1.7503,2.5715
494075,1.7487,2.5739
494076,1.7519,2.5763
494077,1.7511,2.5771
494078,1.7527,2.5788
494079,1.7576,2.5788
494080,1.7536,2.5779
494081,1.7471,2.5699
494082,1.7527,2.5771
494083,1.7544,2.5763
494084,1.7536,2.5755
494085,1.7536,2.5788
494086,1.7527,2.5747
494087,1.7503,2.5747
494088,1.7527,2.5731
494089,1.7544,2.5755
494090,1.7527,2.5771
494091,1.7487,2.5771
494092,1.7495,2.5715
494093,1.7495,2.5763
494094,1.7536,2.5747
494095,1.7511,2.5739
494096,1.7560,2.5747
494097,1.7536,2.5771
494098,1.7544,2.5771
494099,1.7511,2.5763
494100,1.7544,2.5739
494101,1.7495,2.5788
494102,1.7552,2.5747
494103,1.7519,2.5788
494104,1.7560,2.5755
494105,1.7527,2.5755
494106,1.7495,2.5788
494107,1.7527,2.5707
494108,1.7544,2.5699
494109,1.7552,2.5763
494110,1.7544,2.5796
494111,1.7576,2.5763
494112,1.7536,2.5779
494113,1.7544,2.5868
494114,1.7544,2.5739
494115,1.7552,2.5771
494116,1.7576,2.5771
494117,1.7544,2.5836
494118,1.7576,2.5659
494119,1.7608,2.5771
494120,1.7584,2.5747
494121,1.7576,2.5731
494122,1.7560,2.5747
494123,1.7560,2.5731
494124,1.7544,2.5747
494125,1.7584,2.5804
494126,1.7560,2.5747
494127,1.7592,2.5771
494128,1.7576,2.5771
494129,1.7511,2.5747
494130,1.7536,2.5691
494131,1.7527,2.5788
494132,1.7560,2.5683
494133,1.7624,2.5667
494134,1.7560,2.5755
494135,1.7552,2.5763
494136,1.7592,2.5731
494137,1.7552,2.5763
494138,1.7552,2.5731
494139,1.7560,2.5747
494140,1.7584,2.5779
494141,1.7560,2.5747
494142,1.7576,2.5747
494143,1.7536,2.5747
494144,1.7592,2.5747
494145,1.7560,2.5755
494146,1.7536,2.5763
494147,1.7552,2.5779
494148,1.7584,2.5771
494149,1.7560,2.5771
494150,1.7608,2.5763
494151,1.7608,2.5820
494152,1.7560,2.5731
494153,1.7576,2.5683
494154,1.7592,2.5771
494155,1.7568,2.5731
494156,1.7624,2.5739
494157,1.7560,2.5804
494158,1.7632,2.5755
494159,1.7568,2.5771
494160,1.7576,2.5763
494161,1.7560,2.5747
494162,1.7576,2.5779
494163,1.7592,2.5763
494164,1.7584,2.5779
494165,1.7592,2.5788
494166,1.7616,2.5779
494167,1.7576,2.5779
494168,1.7600,2.5739
494169,1.7584,2.5812
494170,1.7608,2.5755
494171,1.7592,2.5779
494172,1.7584,2.5731
494173,1.7592,2.5763
494174,1.7527,2.5771
494175,1.7576,2.5659
494176,1.7560,2.5747
494177,1.7608,2.5844
494178,1.7608,2.5763
494179,1.7576,2.5779
494180,1.7592,2.5763
494181,1.7608,2.5788
494182,1.7592,2.5788
494183,1.7576,2.5715
494184,1.7801,2.5779
494185,1.7544,2.5747
494186,1.7640,2.5788
494187,1.7568,2.5796
494188,1.7584,2.5796
494189,1.7616,2.5804
494190,1.7552,2.5812
494191,1.7544,2.5788
494192,1.7592,2.5788
494193,1.7560,2.5796
494194,1.7576,2.5844
494195,1.7592,2.5739
494196,1.7624,2.5796
494197,1.7592,2.5812
494198,1.7664,2.5804
494199,1.7584,2.5812
494200,1.7608,2.5804
494201,1.7624,2.5828
494202,1.7536,2.5812
494203,1.7616,2.5836
494204,1.7640,2.5812
494205,1.7560,2.5812
494206,1.7648,2.5828
494207,1.7608,2.5925
494208,1.7624,2.5828
494209,1.7584,2.5836
494210,1.7608,2.5892
494211,1.7560,2.5844
494212,1.7834,2.5876
494213,1.7584,2.5876
494214,1.7648,2.5763
494215,1.7624,2.5844
494216,1.7640,2.5828
494217,1.7640,2.5916
494218,1.7608,2.5844
494219,1.7568,2.5860
494220,1.7608,2.5892
494221,1.7656,2.5884
494222,1.7592,2.5884
494223,1.7552,2.5892
494224,1.7584,2.5908
494225,1.7616,2.5860
494226,1.7560,2.5900
494227,1.7592,2.5844
494228,1.7664,2.5908
494229,1.7624,2.5933
494230,1.7568,2.5892
494231,1.7624,2.5900
494232,1.7632,2.5916
494233,1.7592,2.5868
494234,1.7640,2.5908
494235,1.7648,2.5892
494236,1.7656,2.5916
494237,1.7616,2.5828
494238,1.7648,2.5876
494239,1.7640,2.5916
494240,1.7495,2.5908
494241,1.7584,2.5916
494242,1.7624,2.5916
494243,1.7656,2.5933
494244,1.7648,2.5916
494245,1.7608,2.5933
494246,1.7656,2.5925
494247,1.7656,2.5933
494248,1.7584,2.5925
494249,1.7584,2.5916
494250,1.7600,2.5933
494251,1.7624,2.5916
494252,1.7616,2.5925
494253,1.7495,2.5925
494254,1.7648,2.5933
494255,1.7616,2.5916
494256,1.7616,2.5933
494257,1.7664,2.5925
494258,1.7608,2.5941
494259,1.7624,2.5876
494260,1.7664,2.5965
494261,1.7624,2.5925
494262,1.7785,2.5957
494263,1.7632,2.5916
494264,1.7664,2.5965
494265,1.7584,2.5957
494266,1.7648,2.5965
494267,1.7664,2.5965
494268,1.7705,2.5957
494269,1.7664,2.6005
494270,1.7640,2.6029
494271,1.7648,2.5941
494272,1.7753,2.6029
494273,1.7664,2.6053
494274,1.7664,2.6005
494275,1.7616,2.6134
494276,1.7592,2.6037
494277,1.7616,2.6045
494278,1.7527,2.6062
494279,1.7624,2.6086
494280,1.7648,2.6053
494281,1.7640,2.6102
494282,1.7713,2.6045
494283,1.7656,2.6070
494284,1.7640,2.6134
494285,1.7624,2.6037
494286,1.7616,2.6118
494287,1.7632,2.6094
494288,1.7664,2.6102
494289,1.7664,2.6126
494290,1.7664,2.6142
494291,1.7616,2.6134
494292,1.7648,2.6158
494293,1.7624,2.6150
494294,1.7463,2.6174
494295,1.7664,2.6158
494296,1.7664,2.6166
494297,1.7705,2.6223
494298,1.7640,2.6182
494299,1.7745,2.6174
494300,1.7681,2.6174
494301,1.7689,2.6190
494302,1.7616,2.6174
494303,1.7640,2.6182
494304,1.7664,2.6190
494305,1.7632,2.6182
494306,1.7624,2.6174
494307,1.7640,2.6174
494308,1.7761,2.6199
494309,1.7624,2.6223
494310,1.7664,2.6199
494311,1.7673,2.6215
494312,1.7664,2.6255
494313,1.7656,2.6263
494314,1.7664,2.6215
494315,1.7592,2.6247
494316,1.7640,2.6279
494317,1.7656,2.6255
494318,1.7664,2.6295
494319,1.7640,2.6287
494320,1.7632,2.6295
494321,1.7664,2.6279
494322,1.7616,2.6279
494323,1.7664,2.6295
494324,1.7664,2.6319
494325,1.7673,2.6311
494326,1.7664,2.6376
494327,1.7664,2.6344
494328,1.7664,2.6327
494329,1.7640,2.6327
494330,1.7608,2.6384
494331,1.7664,2.6416
494332,1.7664,2.6424
494333,1.7769,2.6432
494334,1.7705,2.6473
494335,1.7656,2.6464
494336,1.7664,2.6553
494337,1.7640,2.6610
494338,1.7664,2.6690
494339,1.7664,2.6811
494340,1.7664,2.6900
494341,1.7705,2.6964
494342,1.7697,2.7101
494343,1.7705,2.7206
494344,1.7745,2.7343
494345,1.7785,2.7464
494346,1.7673,2.7585
494347,1.7753,2.7722
494348,1.7713,2.7859
494349,1.7947,2.7971
494350,1.7737,2.7979
494351,1.7818,2.8237
494352,1.7785,2.8358
494353,1.7801,2.8519
494354,1.7810,2.8640
494355,1.7810,2.8826
494356,1.7818,2.8874
494357,1.7721,2.9092
494358,1.7906,2.9229
494359,1.7906,2.9374
494360,1.7906,2.9478
494361,1.7914,2.9615
494362,1.7938,2.9712
494363,1.7979,2.9841
494364,1.7963,2.9922
494365,1.7979,3.0099
494366,1.7971,3.0155
494367,1.7963,3.0341
494368,1.8043,3.0349
494369,1.8003,3.0550
494370,1.8043,3.0679
494371,1.8067,3.0736
494372,1.8067,3.0816
494373,1.8027,3.0929
494374,1.8075,3.1380
494375,1.8180,3.0953
494376,1.8172,3.0816
494377,1.8132,3.1308
494378,1.8140,3.1332
494379,1.8124,3.1453
494380,1.8172,3.1308
494381,1.8188,3.1590
494382,1.8180,3.1686
494383,1.8172,3.1759
494384,1.8196,3.1823
494385,1.8188,3.1904
494386,1.8172,3.1775
494387,1.8188,3.1864
494388,1.8180,3.2081
494389,1.8172,3.2154
494390,1.8180,3.2162
494391,1.8180,3.2226
494392,1.8180,3.2130
494393,1.8156,3.2323
494394,1.8188,3.2371
494395,1.8188,3.2460
494396,1.8172,3.2275
494397,1.8196,3.2508
494398,1.8180,3.2581
494399,1.8180,3.2565
494400,1.8253,3.2613
494401,1.8180,3.2766
494402,1.8172,3.3000
494403,1.8180,3.2742
494404,1.8172,3.2726
494405,1.8180,3.3000
494406,1.8140,3.2823
494407,1.8180,3.2887
494408,1.8156,3.2887
494409,1.8140,3.2887
494410,1.8132,3.2968
494411,1.8108,3.3000
494412,1.8092,3.3000
494413,1.8148,3.3000
494414,1.8132,3.3000
494415,1.8092,3.3000
494416,1.8067,3.3000
494417,1.8092,3.3000
494418,1.8108,3.3000
494419,1.8043,3.3000
494420,1.8067,3.3000
494421,1.8059,3.3000
494422,1.8084,3.3000
494423,1.8059,3.3000
494424,1.8059,3.3000
494425,1.8100,3.3000
494426,1.8035,3.3000
494427,1.8011,3.3000
494428,1.8043,3.3000
494429,1.8035,3.3000
494430,1.8027,3.3000
494431,1.8043,3.3000
494432,1.8035,3.3000
494433,1.8043,3.3000
494434,1.7995,3.3000
494435,1.7963,3.3000
494436,1.7971,3.3000
494437,1.8027,3.3000
494438,1.8003,3.3000
494439,1.7979,3.3000
494440,1.7947,3.3000
494441,1.7947,3.3000
494442,1.7955,3.3000
494443,1.7947,3.3000
494444,1.7930,3.3000
494445,1.7995,3.3000
494446,1.7971,3.3000
494447,1.7922,3.3000
494448,1.7930,3.3000
494449,1.7922,3.3000
494450,1.7922,3.3000
494451,1.7947,3.3000
494452,1.7930,3.3000
494453,1.7930,3.3000
494454,1.7914,3.3000
494455,1.7930,3.3000
494456,1.7922,3.3000
494457,1.7906,3.3000
494458,1.7914,3.3000
494459,1.7922,3.3000
494460,1.7995,3.3000
494461,1.7882,3.3000
494462,1.7914,3.3000
494463,1.7922,3.3000
494464,1.7914,3.3000
494465,1.7922,3.3000
494466,1.7898,3.3000
494467,1.7914,3.3000
494468,1.7898,3.3000
494469,1.7914,3.3000
494470,1.7922,3.3000
494471,1.7882,3.3000
494472,1.7874,3.3000
494473,1.7898,3.3000
494474,1.7850,3.3000
494475,1.7914,3.3000
494476,1.7882,3.3000
494477,1.7898,3.3000
494478,1.7898,3.3000
494479,1.7906,3.3000
494480,1.7834,3.3000
494481,1.7922,3.3000
494482,1.7850,3.3000
494483,1.7834,3.3000
494484,1.7842,3.3000
494485,1.7882,3.3000
494486,1.7850,3.3000
494487,1.7842,3.3000
494488,1.7914,3.3000
494489,1.7882,3.3000
494490,1.7834,3.3000
494491,1.7882,3.3000
494492,1.7801,3.3000
494493,1.7850,3.3000
494494,1.7882,3.3000
494495,1.7801,3.3000
494496,1.7801,3.3000
494497,1.7785,3.3000
494498,1.7834,3.3000
494499,1.7874,3.3000
494500,1.7834,3.3000
494501,1.7793,3.3000
494502,1.7745,3.3000
494503,1.7834,3.3000
494504,1.7842,3.3000
494505,1.7801,3.3000
494506,1.7801,3.3000
494507,1.7793,3.3000
494508,1.7793,3.3000
494509,1.7793,3.3000
494510,1.7826,3.3000
494511,1.7785,3.3000
494512,1.7801,3.2903
494513,1.7793,3.3000
494514,1.7810,3.3000
494515,1.7810,3.3000
494516,1.7850,3.3000
494517,1.7834,3.3000
494518,1.7810,3.3000
494519,1.7842,3.3000
494520,1.7801,3.3000
494521,1.7785,3.3000
494522,1.7785,3.3000
494523,1.7914,3.3000
494524,1.7826,3.3000
494525,1.7834,3.3000
494526,1.7834,3.3000
494527,1.7801,3.3000
494528,1.7826,3.2976
494529,1.7810,3.2968
494530,1.7842,3.2927
494531,1.7761,3.2879
494532,1.7842,3.2871
494533,1.7810,3.2549
494534,1.7801,3.2855
494535,1.7793,3.2871
494536,1.7834,3.2790
494537,1.7801,3.2879
494538,1.7842,3.2621
494539,1.7801,3.2710
494540,1.7866,3.2863
494541,1.7810,3.2887
494542,1.7793,3.2790
494543,1.7801,3.2742
494544,1.7810,3.2758
494545,1.7785,3.2799
494546,1.7842,3.2718
494547,1.7810,3.2702
494548,1.7818,3.2662
494549,1.7818,3.2702
494550,1.7818,3.2645
494551,1.7834,3.2637
494552,1.7801,3.2621
494553,1.7801,3.2492
494554,1.7890,3.2710
494555,1.7850,3.2621
494556,1.7818,3.2597
494557,1.7850,3.2541
494558,1.7834,3.2573
494559,1.7842,3.2404
494560,1.7858,3.2516
494561,1.7834,3.2549
494562,1.7818,3.2484
494563,1.7801,3.2452
494564,1.7810,3.2492
494565,1.7818,3.2460
494566,1.7866,3.2444
494567,1.7874,3.2371
494568,1.7777,3.2371
494569,1.7818,3.2444
494570,1.7922,3.2323
494571,1.7850,3.2363
494572,1.7858,3.2218
494573,1.7850,3.2452
494574,1.7834,3.2242
494575,1.7801,3.2242
494576,1.7898,3.2202
494577,1.7842,3.2186
494578,1.7866,3.2146
494579,1.7898,3.2114
494580,1.7826,3.2105
494581,1.7858,3.2130
494582,1.7850,3.2105
494583,1.7866,3.1960
494584,1.7834,3.1952
494585,1.7930,3.1872
494586,1.7874,3.1840
494587,1.7826,3.1807
494588,1.7874,3.1678
494589,1.7842,3.1622
494590,1.7842,3.1541
494591,1.7834,3.1453
494592,1.7850,3.1348
494593,1.7834,3.1292
494594,1.7801,3.1090
494595,1.7818,3.1001
494596,1.7810,3.0848
494597,1.7842,3.0776
494598,1.7866,3.0663
494599,1.7793,3.0413
494600,1.7810,3.0179
494601,1.7793,3.0034
494602,1.7801,2.9793
494603,1.7777,2.9551
494604,1.7769,2.9269
494605,1.7761,2.9011
494606,1.7777,2.8600
494607,1.7753,2.8366
494608,1.7705,2.8245
494609,1.7713,2.8229
494610,1.7737,2.8237
494611,1.7793,2.8245
494612,1.7721,2.8294
494613,1.7673,2.8366
494614,1.7713,2.8455
494615,1.7721,2.8608
494616,1.7769,2.8664
494617,1.7721,2.8761
494618,1.7721,2.8793
494619,1.7737,2.9035
494620,1.7689,2.9067
494621,1.7801,2.9261
494622,1.7753,2.9349
494623,1.7769,2.9414
494624,1.7793,2.9551
494625,1.7793,2.9648
494626,1.7777,2.9632
494627,1.7753,2.9905
494628,1.7818,2.9922
494629,1.7801,3.0042
494630,1.7761,3.0131
494631,1.7850,3.0196
494632,1.7818,3.0171
494633,1.7834,3.0445
494634,1.7801,3.0462
494635,1.7850,3.0550
494636,1.7866,3.0639
494637,1.7882,3.0703
494638,1.7914,3.0816
494639,1.7906,3.0977
494640,1.7898,3.1034
494641,1.7922,3.1066
494642,1.7914,3.1082
494643,1.7898,3.1147
494644,1.7922,3.1259
494645,1.7922,3.1332
494646,1.7938,3.1332
494647,1.7979,3.1380
494648,1.7979,3.1509
494649,1.7922,3.1533
494650,1.8003,3.1598
494651,1.8003,3.1799
494652,1.7979,3.1735
494653,1.7979,3.1735
494654,1.8035,3.1823
494655,1.8035,3.1848
494656,1.8035,3.1968
494657,1.8035,3.2009
494658,1.8019,3.2097
494659,1.8075,3.2097
494660,1.8075,3.2130
494661,1.8051,3.2162
494662,1.8067,3.2218
494663,1.8075,3.2242
494664,1.8100,3.2283
494665,1.8043,3.2371
494666,1.8075,3.2396
494667,1.8140,3.2371
494668,1.8156,3.2492
494669,1.8108,3.2702
494670,1.8132,3.2597
494671,1.8100,3.2589
494672,1.8164,3.2653
494673,1.8148,3.2613
494674,1.8108,3.2734
494675,1.8075,3.2702
494676,1.8124,3.2766
494677,1.8108,3.2863
494678,1.8124,3.2879
494679,1.8156,3.2936
494680,1.8108,3.2887
494681,1.8140,3.2960
494682,1.8092,3.3000
494683,1.8132,3.3000
494684,1.8172,3.3000
494685,1.8100,3.3000
494686,1.8108,3.3000
494687,1.8132,3.3000
494688,1.8100,3.3000
494689,1.8124,3.3000
494690,1.8132,3.3000
494691,1.8075,3.3000
494692,1.8100,3.3000
494693,1.8132,3.3000
494694,1.8100,3.3000
494695,1.8108,3.3000
494696,1.8132,3.3000
494697,1.8124,3.3000
494698,1.8132,3.3000
494699,1.8067,3.3000
494700,1.8067,3.3000
494701,1.8067,3.3000
494702,1.8124,3.3000
494703,1.8067,3.3000
494704,1.8124,3.3000
494705,1.8059,3.3000
494706,1.8100,3.3000
494707,1.8059,3.3000
494708,1.8140,3.3000
494709,1.8140,3.3000
494710,1.8092,3.3000
494711,1.8075,3.3000
494712,1.8075,3.3000
494713,1.8092,3.3000
494714,1.8051,3.3000
494715,1.8100,3.3000
494716,1.8132,3.3000
494717,1.7769,3.3000
494718,1.8140,3.3000
494719,1.8067,3.3000
494720,1.8051,3.3000
494721,1.8059,3.3000
494722,1.8051,3.3000
494723,1.8124,3.3000
494724,1.8043,3.3000
494725,1.8100,3.3000
494726,1.8108,3.3000
494727,1.8067,3.3000
494728,1.8075,3.3000
494729,1.8043,3.3000
494730,1.7938,3.3000
494731,1.8100,3.3000
494732,1.8075,3.3000
494733,1.8156,3.3000
494734,1.8051,3.3000
494735,1.8067,3.3000
494736,1.8051,3.3000
494737,1.8051,3.3000
494738,1.8075,3.3000
494739,1.8156,3.3000
494740,1.8051,3.3000
494741,1.8075,3.3000
494742,1.8084,3.3000
494743,1.8124,3.3000
494744,1.8035,3.3000
494745,1.8180,3.3000
494746,1.8100,3.3000
494747,1.8043,3.3000
494748,1.8043,3.3000
494749,1.8108,3.3000
494750,1.8003,3.3000
494751,1.8067,3.3000
494752,1.7995,3.3000
494753,1.8051,3.3000
494754,1.8035,3.3000
494755,1.8188,3.3000
494756,1.8075,3.3000
494757,1.8067,3.3000
494758,1.8100,3.3000
494759,1.8067,3.3000
494760,1.8092,3.3000
494761,1.8067,3.3000
494762,1.8059,3.3000
494763,1.8027,3.3000
494764,1.8043,3.3000
494765,1.8051,3.3000
494766,1.7810,3.3000
494767,1.8051,3.3000
494768,1.8059,3.3000
494769,1.7906,3.3000
494770,1.8196,3.3000
494771,1.8043,3.3000
494772,1.8059,3.3000
494773,1.8059,3.3000
494774,1.7979,3.3000
494775,1.8035,3.3000
494776,1.8051,3.3000
494777,1.7995,3.3000
494778,1.8051,3.3000
494779,1.8059,3.3000
494780,1.7979,3.3000
494781,1.7979,3.3000
494782,1.8180,3.3000
494783,1.7955,3.3000
494784,1.8003,3.3000
494785,1.7922,3.3000
494786,1.7906,3.3000
494787,1.7947,3.3000
494788,1.8035,3.3000
494789,1.8043,3.3000
494790,1.8011,3.3000
494791,1.7955,3.3000
494792,1.7963,3.3000
494793,1.7842,3.3000
494794,1.7955,3.3000
494795,1.7995,3.3000
494796,1.7995,3.3000
494797,1.7963,3.3000
494798,1.7938,3.3000
494799,1.7930,3.3000
494800,1.7947,3.3000
494801,1.7979,3.3000
494802,1.7971,3.3000
494803,1.8027,3.3000
494804,1.7850,3.3000
494805,1.7979,3.3000
494806,1.7938,3.3000
494807,1.7938,3.3000
494808,1.7955,3.3000
494809,1.7898,3.3000
494810,1.7963,3.3000
494811,1.7938,3.3000
494812,1.7963,3.3000
494813,1.7938,3.3000
494814,1.7930,3.3000
494815,1.7922,3.3000
494816,1.7922,3.3000
494817,1.7938,3.3000
494818,1.7930,3.3000
494819,1.7922,3.3000
494820,1.7938,3.3000
494821,1.7971,3.3000
494822,1.7922,3.3000
494823,1.7793,3.3000
494824,1.7882,3.3000
494825,1.7850,3.3000
494826,1.7898,3.3000
494827,1.7842,3.3000
494828,1.7922,3.3000
494829,1.7882,3.3000
494830,1.7882,3.3000
494831,1.7914,3.3000
494832,1.7914,3.3000
494833,1.7922,3.3000
494834,1.7995,3.3000
494835,1.8043,3.3000
494836,1.7914,3.3000
494837,1.7882,3.3000
494838,1.7922,3.3000
494839,1.7850,3.3000
494840,1.7874,3.3000
494841,1.7938,3.3000
494842,1.7882,3.3000
494843,1.7745,3.3000
494844,1.7874,3.3000
494845,1.7922,3.3000
494846,1.7906,3.3000
494847,1.7874,3.3000
494848,1.7810,3.3000
494849,1.7882,3.3000
494850,1.7906,3.3000
494851,1.7882,3.3000
494852,1.7866,3.3000
494853,1.7890,3.3000
494854,1.7866,3.3000
494855,1.7874,3.3000
494856,1.7850,3.3000
494857,1.7866,3.3000
494858,1.7874,3.3000
494859,1.7745,3.3000
494860,1.7874,3.3000
494861,1.7890,3.3000
494862,1.7882,3.3000
494863,1.7866,3.3000
494864,1.7850,3.3000
494865,1.7850,3.3000
494866,1.7866,3.3000
494867,1.7834,3.3000
494868,1.7850,3.3000
494869,1.7882,3.3000
494870,1.7810,3.3000
494871,1.7850,3.3000
494872,1.7850,3.3000
494873,1.7850,3.3000
494874,1.7874,3.3000
494875,1.7842,3.3000
494876,1.7850,3.3000
494877,1.7826,3.3000
494878,1.7842,3.3000
494879,1.7850,3.3000
494880,1.7882,3.3000
494881,1.7801,3.3000
494882,1.7866,3.3000
494883,1.7850,3.3000
494884,1.7890,3.3000
494885,1.7801,3.3000
494886,1.7777,3.3000
494887,1.7810,3.3000
494888,1.7810,3.3000
494889,1.7810,3.3000
494890,1.7785,3.3000
494891,1.7810,3.3000
494892,1.7721,3.3000
494893,1.7721,3.3000
494894,1.7801,3.3000
494895,1.7793,3.3000
494896,1.7737,3.3000
494897,1.7793,3.3000
494898,1.7810,3.3000
494899,1.7810,3.3000
494900,1.7785,3.3000
494901,1.7810,3.3000
494902,1.7745,3.3000
494903,1.7721,3.3000
494904,1.7874,3.3000
494905,1.7753,3.3000
494906,1.7761,3.3000
494907,1.7777,3.3000
494908,1.7753,3.3000
494909,1.7753,3.3000
494910,1.7785,3.3000
494911,1.7801,3.3000
494912,1.7664,3.3000
494913,1.7737,3.3000
494914,1.7777,3.3000
494915,1.7713,3.3000
494916,1.7753,3.3000
494917,1.7737,3.3000
494918,1.7664,3.3000
494919,1.7737,3.3000
494920,1.7721,3.3000
494921,1.7689,3.3000
494922,1.7664,3.3000
494923,1.7705,3.3000
494924,1.7753,3.3000
494925,1.7664,3.3000
494926,1.7664,3.3000
494927,1.7664,3.3000
494928,1.7689,3.3000
494929,1.7624,3.3000
494930,1.7673,3.3000
494931,1.7664,3.3000
494932,1.7656,3.3000
494933,1.7656,3.3000
494934,1.7624,3.3000
494935,1.7664,3.3000
494936,1.7664,3.3000
494937,1.7664,3.3000
494938,1.7624,3.3000
494939,1.7592,3.3000
494940,1.7632,3.3000
494941,1.7664,3.3000
494942,1.7616,3.3000
494943,1.7664,3.3000
494944,1.7640,3.3000
494945,1.7664,3.3000
494946,1.7656,3.3000
494947,1.7608,3.3000
494948,1.7544,3.3000
494949,1.7632,3.3000
494950,1.7592,3.3000
494951,1.7624,3.3000
494952,1.7576,3.3000
494953,1.7584,3.3000
494954,1.7568,3.3000
494955,1.7624,3.3000
494956,1.7592,3.3000
494957,1.7552,3.3000
494958,1.7624,3.3000
494959,1.7536,3.3000
494960,1.7592,3.3000
494961,1.7536,3.3000
494962,1.7560,3.3000
494963,1.7584,3.3000
494964,1.7592,3.3000
494965,1.7544,3.3000
494966,1.7592,3.3000
494967,1.7463,3.3000
494968,1.7576,3.3000
494969,1.7536,3.3000
494970,1.7576,3.3000
494971,1.7592,3.3000
494972,1.7616,3.3000
494973,1.7519,3.3000
494974,1.7495,3.3000
494975,1.7487,3.3000
494976,1.7511,3.3000
494977,1.7552,3.3000
494978,1.7511,3.3000
494979,1.7495,3.3000
494980,1.7495,3.3000
494981,1.7479,3.3000
494982,1.7544,3.3000
494983,1.7527,3.3000
494984,1.7495,3.3000
494985,1.7527,3.3000
494986,1.7463,3.3000
494987,1.7536,3.3000
494988,1.7519,3.3000
494989,1.7479,3.3000
494990,1.7455,3.3000
494991,1.7527,3.3000
494992,1.7487,3.3000
494993,1.7495,3.3000
494994,1.7423,3.3000
494995,1.7479,3.3000
494996,1.7463,3.3000
494997,1.7439,3.3000
494998,1.7463,3.3000
494999,1.7479,3.3000
495000,1.7487,3.3000
495001,1.7439,3.3000
495002,1.7431,3.3000
495003,1.7415,3.3000
495004,1.7423,3.3000
495005,1.7399,3.3000
495006,1.7423,3.3000
495007,1.7415,3.3000
495008,1.7382,3.3000
495009,1.7407,3.3000
495010,1.7382,3.3000
495011,1.7407,3.3000
495012,1.7407,3.3000
495013,1.7439,3.3000
495014,1.7366,3.3000
495015,1.7390,3.3000
495016,1.7390,3.3000
495017,1.7407,3.3000
495018,1.7407,3.3000
495019,1.7407,3.3000
495020,1.7366,3.3000
495021,1.7382,3.3000
495022,1.7407,3.3000
495023,1.7366,3.3000
495024,1.7407,3.3000
495025,1.7382,3.3000
495026,1.7407,3.3000
495027,1.7358,3.3000
495028,1.7358,3.3000
495029,1.7326,3.3000
495030,1.7407,3.3000
495031,1.7318,3.3000
495032,1.7302,3.3000
495033,1.7407,3.3000
495034,1.7366,3.3000
495035,1.7358,3.3000
495036,1.7286,3.3000
495037,1.7302,3.3000
495038,1.7286,3.3000
495039,1.7302,3.3000
495040,1.7302,3.3000
495041,1.7334,3.3000
495042,1.7318,3.3000
495043,1.7310,3.3000
495044,1.7399,3.3000
495045,1.7302,3.3000
495046,1.7253,3.3000
495047,1.7366,3.2992
495048,1.7310,3.2855
495049,1.7278,3.2710
495050,1.7229,3.2452
495051,1.7270,3.2363
495052,1.7318,3.2105
495053,1.7294,3.1888
495054,1.7253,3.1614
495055,1.7245,3.1372
495056,1.7270,3.1082
495057,1.7262,3.0873
495058,1.7221,3.0623
495059,1.7197,3.0357
495060,1.7205,3.0188
495061,1.7205,2.9930
495062,1.7189,2.9801
495063,1.7173,2.9543
495064,1.7157,2.9398
495065,1.7181,2.9188
495066,1.7149,2.9035
495067,1.7149,2.8858
495068,1.7100,2.8721
495069,1.7092,2.8568
495070,1.7108,2.8447
495071,1.7108,2.8229
495072,1.7100,2.8157
495073,1.7052,2.8060
495074,1.7060,2.7931
495075,1.7076,2.7891
495076,1.7060,2.7738
495077,1.7044,2.7641
495078,1.7100,2.7568
495079,1.7052,2.7480
495080,1.7044,2.7407
495081,1.7044,2.7278
495082,1.7012,2.7206
495083,1.7052,2.7190
495084,1.7020,2.7085
495085,1.6979,2.6988
495086,1.7004,2.6972
495087,1.6979,2.6763
495088,1.6988,2.6819
495089,1.6923,2.6747
495090,1.7004,2.6682
495091,1.7004,2.6634
495092,1.7004,2.6650
495093,1.6979,2.6650
495094,1.6931,2.6505
495095,1.6988,2.6432
495096,1.6996,2.6384
495097,1.6923,2.6352
495098,1.7004,2.6279
495099,1.7012,2.6247
495100,1.6947,2.6190
495101,1.6988,2.6182
495102,1.6939,2.6166
495103,1.6971,2.6158
495104,1.6971,2.6045
495105,1.6979,2.6070
495106,1.6963,2.5965
495107,1.6915,2.5973
495108,1.6939,2.5973
495109,1.6931,2.5933
495110,1.6979,2.5957
495111,1.6963,2.5941
495112,1.6915,2.5908
495113,1.6947,2.5868
495114,1.6963,2.5836
495115,1.6931,2.5763
495116,1.6939,2.5788
495117,1.6963,2.5796
495118,1.7012,2.5699
495119,1.6979,2.5763
495120,1.6947,2.5699
495121,1.6963,2.5707
495122,1.6947,2.5683
495123,1.6971,2.5659
495124,1.6939,2.5610
495125,1.6947,2.5659
495126,1.6939,2.5642
495127,1.7012,2.5618
495128,1.7012,2.5642
495129,1.6996,2.5578
495130,1.7020,2.5618
495131,1.7012,2.5538
495132,1.6979,2.5578
495133,1.6996,2.5618
495134,1.7012,2.5570
495135,1.6996,2.5514
495136,1.7012,2.5522
495137,1.7012,2.5522
495138,1.7012,2.5530
495139,1.7004,2.5530
495140,1.6996,2.5522
495141,1.7004,2.5505
495142,1.7060,2.5530
495143,1.7020,2.5481
495144,1.7076,2.5497
495145,1.7036,2.5522
495146,1.7060,2.5409
495147,1.7052,2.5505
495148,1.7100,2.5425
495149,1.7028,2.5514
495150,1.7028,2.5457
495151,1.7060,2.5489
495152,1.7076,2.5457
495153,1.7100,2.5457
495154,1.7125,2.5457
495155,1.7068,2.5546
495156,1.7141,2.5473
495157,1.7125,2.5441
495158,1.7125,2.5514
495159,1.7149,2.5489
495160,1.7133,2.5481
495161,1.7125,2.5489
495162,1.7149,2.5473
495163,1.7141,2.5489
495164,1.7157,2.5481
495165,1.7149,2.5473
495166,1.7149,2.5514
495167,1.7149,2.5417
495168,1.7189,2.5489
495169,1.7189,2.5473
495170,1.7173,2.5449
495171,1.7181,2.5554
495172,1.7229,2.5481
495173,1.7189,2.5522
495174,1.7197,2.5530
495175,1.7237,2.5514
495176,1.7189,2.5505
495177,1.7149,2.5481
495178,1.7221,2.5522
495179,1.7173,2.5489
495180,1.7221,2.5457
495181,1.7165,2.5497
495182,1.7229,2.5457
495183,1.7221,2.5481
495184,1.7189,2.5514
495185,1.7205,2.5546
495186,1.7270,2.5481
495187,1.7237,2.5489
495188,1.7262,2.5522
495189,1.7229,2.5497
495190,1.7278,2.5489
495191,1.7237,2.5522
495192,1.7294,2.5522
495193,1.7205,2.5514
495194,1.7262,2.5489
495195,1.7262,2.5554
495196,1.7286,2.5522
495197,1.7294,2.5562
495198,1.7245,2.5554
495199,1.7229,2.5554
495200,1.7286,2.5570
495201,1.7270,2.5538
495202,1.7245,2.5546
495203,1.7253,2.5554
495204,1.7262,2.5546
495205,1.7270,2.5602
495206,1.7302,2.5538
495207,1.7270,2.5489
495208,1.7237,2.5610
495209,1.7253,2.5538
495210,1.7310,2.5546
495211,1.7318,2.5610
495212,1.7334,2.5570
495213,1.7310,2.5546
495214,1.7382,2.5522
495215,1.7286,2.5554
495216,1.7318,2.5570
495217,1.7278,2.5578
495218,1.7318,2.5546
495219,1.7286,2.5570
495220,1.7286,2.5562
495221,1.7334,2.5554
495222,1.7286,2.5570
495223,1.7245,2.5546
495224,1.7302,2.5594
495225,1.7326,2.5538
495226,1.7302,2.5546
495227,1.7302,2.5546
495228,1.7294,2.5642
495229,1.7286,2.5554
495230,1.7358,2.5538
495231,1.7310,2.5570
495232,1.7358,2.5562
495233,1.7358,2.5578
495234,1.7326,2.5578
495235,1.7310,2.5610
495236,1.7294,2.5546
495237,1.7286,2.5602
495238,1.7262,2.5586
495239,1.7262,2.5570
495240,1.7366,2.5570
495241,1.7318,2.5554
495242,1.7334,2.5651
495243,1.7350,2.5570
495244,1.7358,2.5610
495245,1.7278,2.5626
495246,1.7294,2.5554
495247,1.7270,2.5570
495248,1.7358,2.5642
495249,1.7334,2.5578
495250,1.7334,2.5610
495251,1.7350,2.5489
495252,1.7334,2.5570
495253,1.7278,2.5570
495254,1.7366,2.5618
495255,1.7286,2.5562
495256,1.7318,2.5570
495257,1.7286,2.5562
495258,1.7262,2.5554
495259,1.7399,2.5562
495260,1.7439,2.5594
495261,1.7334,2.5610
495262,1.7350,2.5546
495263,1.7100,2.5586
495264,1.7294,2.5554
495265,1.7334,2.5602
495266,1.7431,2.5586
495267,1.7374,2.5634
495268,1.7229,2.5610
495269,1.7358,2.5530
495270,1.7270,2.5586
495271,1.7318,2.5570
495272,1.7294,2.5610
495273,1.7366,2.5530
495274,1.7350,2.5586
495275,1.7407,2.5626
495276,1.7294,2.5618
495277,1.7358,2.5602
495278,1.7350,2.5610
495279,1.7374,2.5570
495280,1.7350,2.5610
495281,1.7366,2.5578
495282,1.7270,2.5602
495283,1.7278,2.5570
495284,1.7366,2.5570
495285,1.7229,2.5618
495286,1.7262,2.5602
495287,1.7262,2.5618
495288,1.7382,2.5618
495289,1.7350,2.5659
495290,1.7374,2.5618
495291,1.7382,2.5586
495292,1.7350,2.5546
495293,1.7382,2.5610
495294,1.7334,2.5578
495295,1.7334,2.5602
495296,1.7302,2.5586
495297,1.7334,2.5586
495298,1.7294,2.5602
495299,1.7382,2.5578
495300,1.7431,2.5610
495301,1.7342,2.5586
495302,1.7358,2.5610
495303,1.7302,2.5651
495304,1.7318,2.5642
495305,1.7415,2.5610
495306,1.7366,2.5634
495307,1.7326,2.5586
495308,1.7108,2.5642
495309,1.7358,2.5651
495310,1.7334,2.5659
495311,1.7366,2.5634
495312,1.7390,2.5578
495313,1.7358,2.5610
495314,1.7334,2.5651
495315,1.7399,2.5610
495316,1.7390,2.5618
495317,1.7374,2.5642
495318,1.7318,2.5634
495319,1.7358,2.5610
495320,1.7278,2.5578
495321,1.7366,2.5618
495322,1.7366,2.5586
495323,1.7294,2.5610
495324,1.7366,2.5610
495325,1.7374,2.5578
495326,1.7310,2.5626
495327,1.7302,2.5602
495328,1.7358,2.5618
495329,1.7205,2.5642
495330,1.7366,2.5618
495331,1.7270,2.5610
495332,1.7302,2.5618
495333,1.7326,2.5618
495334,1.7294,2.5618
495335,1.7390,2.5602
495336,1.7334,2.5634
495337,1.7318,2.5659
495338,1.7350,2.5634
495339,1.7326,2.5618
495340,1.7350,2.5634
495341,1.7350,2.5626
495342,1.7229,2.5651
495343,1.7407,2.5651
495344,1.7334,2.5634
495345,1.7334,2.5634
495346,1.7350,2.5651
495347,1.7415,2.5642
495348,1.7278,2.5667
495349,1.7334,2.5642
495350,1.7358,2.5634
495351,1.7326,2.5651
495352,1.7310,2.5642
495353,1.7326,2.5634
495354,1.7334,2.5634
495355,1.7318,2.5659
495356,1.7350,2.5651
495357,1.7302,2.5602
495358,1.7366,2.5602
495359,1.7358,2.5634
495360,1.7358,2.5320
495361,1.7326,2.5651
495362,1.7302,2.5586
495363,1.7334,2.5642
495364,1.7342,2.5522
495365,1.7358,2.5651
495366,1.7382,2.5417
495367,1.7407,2.5634
495368,1.7350,2.5602
495369,1.7382,2.5651
495370,1.7302,2.5457
495371,1.7334,2.5659
495372,1.7302,2.5651
495373,1.7286,2.5651
495374,1.7334,2.5642
495375,1.7318,2.5659
495376,1.7278,2.5659
495377,1.7326,2.5634
495378,1.7302,2.5634
495379,1.7358,2.5602
495380,1.7286,2.5659
495381,1.7286,2.5634
495382,1.7334,2.5642
495383,1.7302,2.5626
495384,1.7358,2.5796
495385,1.7278,2.5634
495386,1.7270,2.5618
495387,1.7334,2.5634
495388,1.7366,2.5642
495389,1.7415,2.5659
495390,1.7366,2.5634
495391,1.7294,2.5659
495392,1.7350,2.5659
495393,1.7358,2.5610
495394,1.7399,2.5610
495395,1.7294,2.5634
495396,1.7205,2.5554
495397,1.7318,2.5602
495398,1.7237,2.5659
495399,1.7302,2.5642
495400,1.7334,2.5618
495401,1.7294,2.5651
495402,1.7302,2.5586
495403,1.7278,2.5707
495404,1.7253,2.5779
495405,1.7310,2.5651
495406,1.7302,2.5651
495407,1.7294,2.5618
495408,1.7326,2.5417
495409,1.7286,2.5642
495410,1.7270,2.5618
495411,1.7310,2.5642
495412,1.7286,2.5626
495413,1.7310,2.5626
495414,1.7262,2.5401
495415,1.7294,2.5626
495416,1.7318,2.5586
495417,1.7302,2.5610
495418,1.7253,2.5651
495419,1.7278,2.5578
495420,1.7286,2.5634
495421,1.7286,2.5651
495422,1.7286,2.5514
495423,1.7310,2.5280
495424,1.7294,2.5626
495425,1.7302,2.5586
495426,1.7294,2.5933
495427,1.7270,2.5755
495428,1.7278,2.5578
495429,1.7318,2.5626
495430,1.7358,2.5659
495431,1.7302,2.5634
495432,1.7334,2.5602
495433,1.7318,2.5610
495434,1.7326,2.5618
495435,1.7334,2.5602
495436,1.7278,2.5602
495437,1.7270,2.5634
495438,1.7326,2.5634
495439,1.7278,2.5618
495440,1.7302,2.5610
495441,1.7326,2.5312
495442,1.7366,2.5570
495443,1.7334,2.5586
495444,1.7286,2.5360
495445,1.7253,2.5586
495446,1.7262,2.5916
495447,1.7302,2.5618
495448,1.7286,2.5602
495449,1.7318,2.5634
495450,1.7286,2.5594
495451,1.7237,2.5602
495452,1.7278,2.5570
495453,1.7334,2.5578
495454,1.7302,2.5554
495455,1.7253,2.5610
495456,1.7278,2.5489
495457,1.7302,2.5747
495458,1.7270,2.5489
495459,1.7294,2.5916
495460,1.7310,2.5393
495461,1.7253,2.5272
495462,1.7270,2.5634
495463,1.7278,2.5473
495464,1.7278,2.5836
495465,1.7358,2.5570
495466,1.7302,2.5618
495467,1.7270,2.5651
495468,1.7302,2.5634
495469,1.7205,2.5634
495470,1.7270,2.5586
495471,1.7253,2.5578
495472,1.7286,2.5570
495473,1.7262,2.5634
495474,1.7278,2.5586
495475,1.7253,2.5618
495476,1.7253,2.5618
495477,1.7278,2.5578
495478,1.7278,2.5634
495479,1.7318,2.5562
495480,1.7278,2.5634
495481,1.7294,2.5489
495482,1.7286,2.5586
495483,1.7278,2.5651
495484,1.7294,2.5594
495485,1.7294,2.5626
495486,1.7237,2.5618
495487,1.7286,2.5618
495488,1.7286,2.5651
495489,1.7197,2.5594
495490,1.7262,2.5602
495491,1.7294,2.5570
495492,1.7253,2.5618
495493,1.7262,2.5610
495494,1.7318,2.5602
495495,1.7253,2.5610
495496,1.7286,2.5562
495497,1.7278,2.5586
495498,1.7302,2.5610
495499,1.7278,2.5586
495500,1.7237,2.5618
495501,1.7278,2.5723
495502,1.7253,2.5522
495503,1.7262,2.5715
495504,1.7294,2.5651
495505,1.7302,2.5618
495506,1.7262,2.5618
495507,1.7310,2.5618
495508,1.7237,2.5618
495509,1.7294,2.5610
495510,1.7253,2.5610
495511,1.7294,2.5586
495512,1.7302,2.5699
495513,1.7270,2.5618
495514,1.7229,2.5602
495515,1.7245,2.5441
495516,1.7278,2.5602
495517,1.7237,2.5538
495518,1.7294,2.5586
495519,1.7278,2.5610
495520,1.7310,2.5554
495521,1.7302,2.5618
495522,1.7286,2.5586
495523,1.7253,2.5602
495524,1.7245,2.5610
495525,1.7294,2.5618
495526,1.7278,2.5602
495527,1.7302,2.5626
495528,1.7294,2.5602
495529,1.7262,2.5481
495530,1.7270,2.5634
495531,1.7262,2.5602
495532,1.7302,2.5538
495533,1.7278,2.5610
495534,1.7270,2.5554
495535,1.7262,2.5602
495536,1.7278,2.5586
495537,1.7262,2.5618
495538,1.7270,2.5651
495539,1.7270,2.5610
495540,1.7286,2.5602
495541,1.7310,2.5602
495542,1.7253,2.5659
495543,1.7286,2.5610
495544,1.7229,2.5602
495545,1.7253,2.5602
495546,1.7294,2.5618
495547,1.7253,2.5602
495548,1.7318,2.5634
495549,1.7237,2.5610
495550,1.7262,2.5610
495551,1.7286,2.5610
495552,1.7253,2.5586
495553,1.7270,2.5586
495554,1.7253,2.5602
495555,1.7286,2.5586
495556,1.7262,2.5586
495557,1.7253,2.5530
495558,1.7253,2.5602
495559,1.7237,2.5570
495560,1.7253,2.5578
495561,1.7253,2.5578
495562,1.7253,2.5578
495563,1.7229,2.5618
495564,1.7253,2.5570
495565,1.7237,2.5530
495566,1.7229,2.5586
495567,1.7237,2.5618
495568,1.7237,2.5570
495569,1.7245,2.5578
495570,1.7205,2.5554
495571,1.7197,2.5626
495572,1.7229,2.5586
495573,1.7253,2.5586
495574,1.7278,2.5594
495575,1.7262,2.5546
495576,1.7253,2.5602
495577,1.7197,2.5578
495578,1.7237,2.5618
495579,1.7221,2.5586
495580,1.7278,2.5602
495581,1.7253,2.5602
495582,1.7237,2.5610
495583,1.7245,2.5618
495584,1.7221,2.5578
495585,1.7262,2.5610
495586,1.7221,2.5538
495587,1.7229,2.5610
495588,1.7229,2.5586
495589,1.7237,2.5651
495590,1.7286,2.5610
495591,1.7253,2.5586
495592,1.7286,2.5586
495593,1.7229,2.5602
495594,1.7237,2.5586
495595,1.7149,2.5602
495596,1.7278,2.5610
495597,1.7205,2.5578
495598,1.7253,2.5570
495599,1.7253,2.5578
495600,1.7197,2.5578
495601,1.7205,2.5514
495602,1.7278,2.5578
495603,1.7221,2.5586
495604,1.7253,2.5570
495605,1.7253,2.5586
495606,1.7229,2.5578
495607,1.7270,2.5618
495608,1.7262,2.5578
495609,1.7253,2.5578
495610,1.7237,2.5578
495611,1.7253,2.5586
495612,1.7197,2.5505
495613,1.7205,2.5586
495614,1.7205,2.5554
495615,1.7253,2.5602
495616,1.7253,2.5586
495617,1.7237,2.5586
495618,1.7245,2.5586
495619,1.7262,2.5554
495620,1.7237,2.5505
495621,1.7229,2.5651
495622,1.7245,2.5602
495623,1.7205,2.5554
495624,1.7253,2.5586
495625,1.7270,2.5642
495626,1.7197,2.5578
495627,1.7237,2.5562
495628,1.7262,2.5578
495629,1.7205,2.5659
495630,1.7262,2.5570
495631,1.7205,2.5578
495632,1.7229,2.5586
495633,1.7278,2.5586
495634,1.7205,2.5586
495635,1.7278,2.5578
495636,1.7221,2.5538
495637,1.7262,2.5570
495638,1.7262,2.5546
495639,1.7237,2.5546
495640,1.7205,2.5562
495641,1.7237,2.5570
495642,1.7237,2.5554
495643,1.7197,2.5586
495644,1.7278,2.5570
495645,1.7237,2.5554
495646,1.7229,2.5538
495647,1.7237,2.5562
495648,1.7270,2.5570
495649,1.7270,2.5618
495650,1.7229,2.5570
495651,1.7253,2.5554
495652,1.7262,2.5570
495653,1.7278,2.5586
495654,1.7245,2.5530
495655,1.7229,2.5530
495656,1.7229,2.5538
495657,1.7229,2.5586
495658,1.7205,2.5651
495659,1.7205,2.5530
495660,1.7262,2.5554
495661,1.7253,2.5538
495662,1.7205,2.5554
495663,1.7221,2.5659
495664,1.7253,2.5546
495665,1.7270,2.5610
495666,1.7229,2.5522
495667,1.7245,2.5554
495668,1.7237,2.5530
495669,1.7189,2.5570
495670,1.7245,2.5522
495671,1.7237,2.5562
495672,1.7270,2.5530
495673,1.7262,2.5618
495674,1.7205,2.5554
495675,1.7253,2.5634
495676,1.7253,2.5546
495677,1.7253,2.5546
495678,1.7229,2.5522
495679,1.7270,2.5522
495680,1.7221,2.5546
495681,1.7253,2.5530
495682,1.7253,2.5530
495683,1.7262,2.5562
495684,1.7229,2.5570
495685,1.7237,2.5554
495686,1.7270,2.5546
495687,1.7229,2.5538
495688,1.7270,2.5602
495689,1.7270,2.5505
495690,1.7253,2.5538
495691,1.7197,2.5546
495692,1.7237,2.5489
495693,1.7229,2.5530
495694,1.7205,2.5586
495695,1.7221,2.5538
495696,1.7262,2.5562
495697,1.7278,2.5570
495698,1.7278,2.5570
495699,1.7221,2.5554
495700,1.7270,2.5530
495701,1.7229,2.5602
495702,1.7213,2.5546
495703,1.7221,2.5578
495704,1.6971,2.5570
495705,1.7262,2.5602
495706,1.7060,2.5602
495707,1.7205,2.5554
495708,1.7253,2.5570
495709,1.7221,2.5578
495710,1.7253,2.5578
495711,1.7262,2.5602
495712,1.7229,2.5578
495713,1.7253,2.5554
495714,1.7221,2.5578
495715,1.7262,2.5570
495716,1.7253,2.5570
495717,1.7270,2.5602
495718,1.7068,2.5538
495719,1.7253,2.5586
495720,1.7237,2.5570
495721,1.7253,2.5546
495722,1.7262,2.5578
495723,1.7189,2.5538
495724,1.7350,2.5522
495725,1.7237,2.5586
495726,1.7302,2.5594
495727,1.7278,2.5554
495728,1.7334,2.5522
495729,1.7205,2.5578
495730,1.7237,2.5659
495731,1.7262,2.5554
495732,1.7262,2.5610
495733,1.7270,2.5570
495734,1.7205,2.5578
495735,1.7229,2.5610
495736,1.7262,2.5514
495737,1.7262,2.5538
495738,1.7229,2.5554
495739,1.7294,2.5570
495740,1.7237,2.5570
495741,1.7221,2.5578
495742,1.7270,2.5570
495743,1.7189,2.5578
495744,1.7245,2.5578
495745,1.7350,2.5578
495746,1.7366,2.5651
495747,1.7237,2.5586
495748,1.7221,2.5602
495749,1.7229,2.5562
495750,1.7270,2.5546
495751,1.7310,2.5610
495752,1.7205,2.5602
495753,1.7221,2.5554
495754,1.7286,2.5546
495755,1.7237,2.5514
495756,1.7237,2.5578
495757,1.7229,2.5602
495758,1.7229,2.5586
495759,1.7262,2.5610
495760,1.7237,2.5546
495761,1.7205,2.5530
495762,1.7229,2.5618
495763,1.7262,2.5586
495764,1.7157,2.5602
495765,1.7237,2.5610
495766,1.7270,2.5578
495767,1.7245,2.5578
495768,1.7294,2.5586
495769,1.7270,2.5594
495770,1.7253,2.5578
495771,1.7318,2.5602
495772,1.7253,2.5586
495773,1.7237,2.5586
495774,1.7189,2.5586
495775,1.7286,2.5634
495776,1.7253,2.5578
495777,1.7253,2.5659
495778,1.7205,2.5586
495779,1.7245,2.5562
495780,1.7221,2.5618
495781,1.7237,2.5610
495782,1.7253,2.5634
495783,1.7294,2.5610
495784,1.7205,2.5602
495785,1.7237,2.5642
495786,1.7205,2.5634
495787,1.7294,2.5546
495788,1.7294,2.5610
495789,1.7294,2.5610
495790,1.7253,2.5618
495791,1.7157,2.5618
495792,1.7229,2.5634
495793,1.7229,2.5618
495794,1.7390,2.5554
495795,1.7262,2.5618
495796,1.7278,2.5578
495797,1.7237,2.5618
495798,1.7253,2.5618
495799,1.7237,2.5562
495800,1.7205,2.5618
495801,1.7229,2.5626
495802,1.7262,2.5634
495803,1.7262,2.5642
495804,1.7262,2.5610
495805,1.7245,2.5586
495806,1.7237,2.5634
495807,1.7318,2.5618
495808,1.7262,2.5570
495809,1.7237,2.5610
495810,1.7286,2.5570
495811,1.7100,2.5618
495812,1.7350,2.5634
495813,1.7286,2.5610
495814,1.7286,2.5602
495815,1.7262,2.5602
495816,1.7310,2.5618
495817,1.7205,2.5610
495818,1.7205,2.5642
495819,1.7229,2.5626
495820,1.7262,2.5618
495821,1.7286,2.5634
495822,1.7229,2.5626
495823,1.7278,2.5610
495824,1.7229,2.5586
495825,1.7253,2.5642
495826,1.7286,2.5634
495827,1.7302,2.5586
495828,1.7302,2.5642
495829,1.7262,2.5626
495830,1.7205,2.5610
495831,1.7253,2.5634
495832,1.7270,2.5618
495833,1.7253,2.5634
495834,1.7245,2.5651
495835,1.7253,2.5651
495836,1.7270,2.5642
495837,1.7237,2.5634
495838,1.7253,2.5634
495839,1.7350,2.5651
495840,1.7294,2.5634
495841,1.7076,2.5642
495842,1.7270,2.5610
495843,1.7278,2.5634
495844,1.7253,2.5659
495845,1.7237,2.5634
495846,1.7270,2.5618
495847,1.7245,2.5634
495848,1.7253,2.5618
495849,1.7302,2.5651
495850,1.7245,2.5634
495851,1.7270,2.5642
495852,1.7270,2.5659
495853,1.7270,2.5651
495854,1.7278,2.5642
495855,1.7237,2.5610
495856,1.7262,2.5618
495857,1.7278,2.5651
495858,1.7286,2.5659
495859,1.7245,2.5642
495860,1.7270,2.5610
495861,1.7253,2.5651
495862,1.7270,2.5610
495863,1.7253,2.5651
495864,1.7237,2.5634
495865,1.7245,2.5634
495866,1.7270,2.5642
495867,1.7270,2.5618
495868,1.7270,2.5642
495869,1.7278,2.5642
495870,1.7270,2.5634
495871,1.7286,2.5634
495872,1.7229,2.5634
495873,1.7245,2.5634
495874,1.7221,2.5659
495875,1.7221,2.5642
495876,1.7286,2.5642
495877,1.7237,2.5642
495878,1.7286,2.5659
495879,1.7237,2.5651
495880,1.7270,2.5659
495881,1.7262,2.5618
495882,1.7253,2.5651
495883,1.7270,2.5634
495884,1.7278,2.5651
495885,1.7278,2.5618
495886,1.7237,2.5651
495887,1.7294,2.5642
495888,1.7262,2.5651
495889,1.7294,2.5659
495890,1.7318,2.5642
495891,1.7278,2.5659
495892,1.7237,2.5667
495893,1.7253,2.5659
495894,1.7229,2.5659
495895,1.7302,2.5659
495896,1.7270,2.5651
495897,1.7181,2.5667
495898,1.7286,2.5497
495899,1.7262,2.5651
495900,1.7286,2.5659
495901,1.7262,2.5659
495902,1.7278,2.5659
495903,1.7237,2.5618
495904,1.7270,2.5916
495905,1.7253,2.5747
495906,1.7278,2.5659
495907,1.7221,2.5659
495908,1.7278,2.5651
495909,1.7334,2.5409
495910,1.7253,2.5796
495911,1.7270,2.5634
495912,1.7278,2.5634
495913,1.7294,2.5659
495914,1.7253,2.5651
495915,1.7270,2.5659
495916,1.7253,2.5659
495917,1.7278,2.5659
495918,1.7286,2.5651
495919,1.7278,2.5659
495920,1.7286,2.5675
495921,1.7270,2.5659
495922,1.7294,2.5546
495923,1.7294,2.5667
495924,1.7229,2.5812
495925,1.7286,2.5699
495926,1.7237,2.5651
495927,1.7294,2.5651
495928,1.7262,2.5642
495929,1.7157,2.5651
495930,1.7294,2.5514
495931,1.7286,2.5457
495932,1.7262,2.5651
495933,1.7294,2.5683
495934,1.7302,2.5667
495935,1.7286,2.5642
495936,1.7262,2.5642
495937,1.7302,2.5667
495938,1.7278,2.5489
495939,1.7270,2.5659
495940,1.7270,2.5659
495941,1.7278,2.5659
495942,1.7302,2.5667
495943,1.7278,2.5659
495944,1.7270,2.5715
495945,1.7286,2.5441
495946,1.7310,2.5836
495947,1.7286,2.5675
495948,1.7318,2.5651
495949,1.7326,2.5699
495950,1.7270,2.5683
495951,1.7253,2.5634
495952,1.7262,2.5659
495953,1.7278,2.5659
495954,1.7270,2.5675
495955,1.7270,2.5425
495956,1.7286,2.5659
495957,1.7278,2.5659
495958,1.7262,2.5925
495959,1.7270,2.5659
495960,1.7334,2.5892
495961,1.7278,2.5659
495962,1.7237,2.5530
495963,1.7237,2.5659
495964,1.7237,2.5634
495965,1.7270,2.5667
495966,1.7294,2.5505
495967,1.7253,2.5659
495968,1.7262,2.5844
495969,1.7245,2.5659
495970,1.7294,2.5667
495971,1.7294,2.5683
495972,1.7286,2.5683
495973,1.7237,2.5788
495974,1.7302,2.5659
495975,1.7286,2.5449
495976,1.7286,2.5634
495977,1.7262,2.5401
495978,1.7270,2.5659
495979,1.7270,2.5675
495980,1.7302,2.5683
495981,1.7278,2.5610
495982,1.7278,2.5659
495983,1.7286,2.5659
495984,1.7286,2.5659
495985,1.7294,2.5667
495986,1.7278,2.5659
495987,1.7278,2.5683
495988,1.7310,2.5667
495989,1.7262,2.5667
495990,1.7270,2.5691
495991,1.7286,2.5659
495992,1.7318,2.5546
495993,1.7262,2.5659
495994,1.7278,2.5707
495995,1.7278,2.5659
495996,1.7278,2.5691
495997,1.7278,2.5667
495998,1.7302,2.5667
495999,1.7294,2.5691
496000,1.7294,2.5715
496001,1.7237,2.5659
496002,1.7294,2.5667
496003,1.7270,2.5651
496004,1.7278,2.5699
496005,1.7278,2.5731
496006,1.7253,2.5659
496007,1.7302,2.5578
496008,1.7270,2.5667
496009,1.7278,2.5683
496010,1.7253,2.5659
496011,1.7278,2.5747
496012,1.7262,2.5683
496013,1.7302,2.5820
496014,1.7318,2.5683
496015,1.7302,2.5417
496016,1.7253,2.5675
496017,1.7310,2.5667
496018,1.7237,2.5659
496019,1.7253,2.5667
496020,1.7262,2.5675
496021,1.7294,2.5699
496022,1.7294,2.5683
496023,1.7270,2.5667
496024,1.7270,2.5659
496025,1.7270,2.5731
496026,1.7286,2.5683
496027,1.7278,2.5707
496028,1.7245,2.5659
496029,1.7302,2.5683
496030,1.7253,2.5699
496031,1.7278,2.5659
496032,1.7294,2.5723
496033,1.7270,2.5691
496034,1.7278,2.5715
496035,1.7302,2.5634
496036,1.7302,2.5699
496037,1.7270,2.5691
496038,1.7278,2.5731
496039,1.7278,2.5707
496040,1.7229,2.5691
496041,1.7221,2.5675
496042,1.7294,2.5683
496043,1.7237,2.5683
496044,1.7270,2.5707
496045,1.7253,2.5675
496046,1.7270,2.5715
496047,1.7278,2.5699
496048,1.7237,2.5707
496049,1.7278,2.5667
496050,1.7270,2.5699
496051,1.7302,2.5699
496052,1.7278,2.5699
496053,1.7286,2.5699
496054,1.7270,2.5683
496055,1.7278,2.5699
496056,1.7302,2.5667
496057,1.7278,2.5659
496058,1.7245,2.5715
496059,1.7318,2.5836
496060,1.7310,2.5667
496061,1.7270,2.5683
496062,1.7318,2.5779
496063,1.7229,2.5683
496064,1.7286,2.5715
496065,1.7237,2.5699
496066,1.7286,2.5699
496067,1.7302,2.5675
496068,1.7229,2.5707
496069,1.7270,2.5691
496070,1.7286,2.5715
496071,1.7286,2.5731
496072,1.7286,2.5683
496073,1.7286,2.5651
496074,1.7286,2.5691
496075,1.7294,2.5699
496076,1.7294,2.5715
496077,1.7286,2.5707
496078,1.7286,2.5715
496079,1.7302,2.5731
496080,1.7294,2.5667
496081,1.7302,2.5683
496082,1.7294,2.5731
496083,1.7278,2.5699
496084,1.7286,2.5739
496085,1.7270,2.5659
496086,1.7286,2.5715
496087,1.7294,2.5659
496088,1.7278,2.5699
496089,1.7302,2.5683
496090,1.7302,2.5675
496091,1.7278,2.5715
496092,1.7253,2.5715
496093,1.7278,2.5699
496094,1.7294,2.5675
496095,1.7286,2.5699
496096,1.7294,2.5731
496097,1.7262,2.5715
496098,1.7310,2.5659
496099,1.7302,2.5707
496100,1.7318,2.5739
496101,1.7286,2.5715
496102,1.7294,2.5699
496103,1.7310,2.5715
496104,1.7302,2.5723
496105,1.7294,2.5715
496106,1.7278,2.5699
496107,1.7270,2.5715
496108,1.7318,2.5763
496109,1.7278,2.5763
496110,1.7286,2.5715
496111,1.7294,2.5675
496112,1.7302,2.5707
496113,1.7253,2.5763
496114,1.7270,2.5828
496115,1.7318,2.5659
496116,1.7302,2.5699
496117,1.7294,2.5715
496118,1.7286,2.5739
496119,1.7270,2.5739
496120,1.7270,2.5699
496121,1.7278,2.5739
496122,1.7270,2.5747
496123,1.7302,2.5683
496124,1.7278,2.5707
496125,1.7278,2.5796
496126,1.7350,2.5707
496127,1.7334,2.5739
496128,1.7326,2.5699
496129,1.7302,2.5675
496130,1.7270,2.5707
496131,1.7286,2.5707
496132,1.7286,2.5771
496133,1.7294,2.5755
496134,1.7286,2.5739
496135,1.7286,2.5747
496136,1.7270,2.5747
496137,1.7286,2.5667
496138,1.7286,2.5715
496139,1.7318,2.5715
496140,1.7310,2.5755
496141,1.7270,2.5659
496142,1.7294,2.5739
496143,1.7278,2.5707
496144,1.7286,2.5715
496145,1.7318,2.5747
496146,1.7310,2.5788
496147,1.7318,2.5739
496148,1.7310,2.5659
496149,1.7294,2.5771
496150,1.7334,2.5707
496151,1.7278,2.5715
496152,1.7318,2.5747
496153,1.7270,2.5715
496154,1.7318,2.5747
496155,1.7278,2.5747
496156,1.7294,2.5747
496157,1.7278,2.5715
496158,1.7302,2.5739
496159,1.7286,2.5747
496160,1.7326,2.5731
496161,1.7286,2.5747
496162,1.7318,2.5755
496163,1.7278,2.5675
496164,1.7294,2.5707
496165,1.7334,2.5739
496166,1.7286,2.5739
496167,1.7294,2.5747
496168,1.7302,2.5731
496169,1.7286,2.5699
496170,1.7302,2.5739
496171,1.7286,2.5731
496172,1.7302,2.5715
496173,1.7334,2.5707
496174,1.7334,2.5715
496175,1.7286,2.5771
496176,1.7318,2.5747
496177,1.7318,2.5707
496178,1.7278,2.5699
496179,1.7294,2.5763
496180,1.7189,2.5707
496181,1.7294,2.5731
496182,1.7302,2.5707
496183,1.7278,2.5707
496184,1.7326,2.5739
496185,1.7318,2.5771
496186,1.7318,2.5715
496187,1.7302,2.5804
496188,1.7334,2.5739
496189,1.7302,2.5659
496190,1.7286,2.5747
496191,1.7286,2.5739
496192,1.7326,2.5707
496193,1.7334,2.5755
496194,1.7326,2.5707
496195,1.7302,2.5747
496196,1.7310,2.5763
496197,1.7302,2.5683
496198,1.7310,2.5715
496199,1.7334,2.5747
496200,1.7286,2.5715
496201,1.7294,2.5739
496202,1.7286,2.5739
496203,1.7294,2.5779
496204,1.7286,2.5739
496205,1.7334,2.5747
496206,1.7334,2.5747
496207,1.7342,2.5747
496208,1.7302,2.5763
496209,1.7318,2.5747
496210,1.7270,2.5755
496211,1.7294,2.5771
496212,1.7278,2.5779
496213,1.7318,2.5763
496214,1.7286,2.5747
496215,1.7302,2.5747
496216,1.7302,2.5747
496217,1.7286,2.5788
496218,1.7149,2.5747
496219,1.7278,2.5739
496220,1.7149,2.5836
496221,1.7310,2.5788
496222,1.7270,2.5779
496223,1.7286,2.5788
496224,1.7310,2.5747
496225,1.7407,2.5763
496226,1.7302,2.5699
496227,1.7270,2.5739
496228,1.7286,2.5747
496229,1.7278,2.5739
496230,1.7334,2.5739
496231,1.7286,2.5739
496232,1.7278,2.5739
496233,1.7310,2.5796
496234,1.7253,2.5771
496235,1.7286,2.5755
496236,1.7342,2.5771
496237,1.7262,2.5755
496238,1.7302,2.5739
496239,1.7302,2.5771
496240,1.7302,2.5699
496241,1.7302,2.5796
496242,1.7326,2.5779
496243,1.7399,2.5763
496244,1.7334,2.5771
496245,1.7302,2.5747
496246,1.7278,2.5755
496247,1.7270,2.5731
496248,1.7350,2.5739
496249,1.7302,2.5731
496250,1.7334,2.5715
496251,1.7310,2.5739
496252,1.7286,2.5747
496253,1.7302,2.5763
496254,1.7302,2.5779
496255,1.7334,2.5747
496256,1.7294,2.5763
496257,1.7326,2.5804
496258,1.7342,2.5747
496259,1.7310,2.5779
496260,1.7407,2.5788
496261,1.7318,2.5747
496262,1.7326,2.5779
496263,1.7302,2.5779
496264,1.7326,2.5796
496265,1.7350,2.5771
496266,1.7326,2.5771
496267,1.7286,2.5788
496268,1.7262,2.5796
496269,1.7286,2.5771
496270,1.7326,2.5788
496271,1.7350,2.5788
496272,1.7286,2.5779
496273,1.7334,2.5788
496274,1.7326,2.5779
496275,1.7358,2.5820
496276,1.7318,2.5788
496277,1.7334,2.5771
496278,1.7302,2.5763
496279,1.7334,2.5771
496280,1.7334,2.5788
496281,1.7463,2.5771
496282,1.7326,2.5771
496283,1.7350,2.5771
496284,1.7399,2.5788
496285,1.7511,2.5763
496286,1.7326,2.5796
496287,1.7286,2.5779
496288,1.7278,2.5812
496289,1.7350,2.5796
496290,1.7334,2.5796
496291,1.7334,2.5788
496292,1.7286,2.5739
496293,1.7350,2.5820
496294,1.7334,2.5804
496295,1.7310,2.5788
496296,1.7423,2.5779
496297,1.7382,2.5788
496298,1.7173,2.5796
496299,1.7302,2.5788
496300,1.7318,2.5788
496301,1.7366,2.5796
496302,1.7318,2.5788
496303,1.7294,2.5804
496304,1.7310,2.5779
496305,1.7237,2.5812
496306,1.7326,2.5779
496307,1.7407,2.5763
496308,1.7326,2.5804
496309,1.7334,2.5796
496310,1.7326,2.5779
496311,1.7334,2.5788
496312,1.7350,2.5804
496313,1.7334,2.5828
496314,1.7270,2.5788
496315,1.7302,2.5812
496316,1.7407,2.5796
496317,1.7318,2.5788
496318,1.7302,2.5812
496319,1.7479,2.5788
496320,1.7253,2.5812
496321,1.7423,2.5804
496322,1.7366,2.5812
496323,1.7116,2.5820
496324,1.7302,2.5796
496325,1.7326,2.5788
496326,1.7318,2.5804
496327,1.7278,2.5779
496328,1.7294,2.5788
496329,1.7455,2.5796
496330,1.7350,2.5779
496331,1.7358,2.5828
496332,1.7294,2.5836
496333,1.7358,2.5828
496334,1.7334,2.5812
496335,1.7318,2.5788
496336,1.7334,2.5779
496337,1.7366,2.5804
496338,1.7407,2.5796
496339,1.7286,2.5771
496340,1.7326,2.5820
496341,1.7294,2.5788
496342,1.7350,2.5804
496343,1.7310,2.5796
496344,1.7358,2.5763
496345,1.7326,2.5796
496346,1.7326,2.5804
496347,1.7366,2.5788
496348,1.7318,2.5788
496349,1.7334,2.5779
496350,1.7334,2.5876
496351,1.7286,2.5796
496352,1.7334,2.5828
496353,1.7358,2.5788
496354,1.7302,2.5796
496355,1.7278,2.5796
496356,1.7294,2.5812
496357,1.7302,2.5804
496358,1.7334,2.5812
496359,1.7358,2.5820
496360,1.7302,2.5836
496361,1.7350,2.5796
496362,1.7334,2.5812
496363,1.7407,2.5796
496364,1.7278,2.6005
496365,1.7302,2.5788
496366,1.7326,2.5796
496367,1.7415,2.5812
496368,1.7358,2.5788
496369,1.7302,2.5860
496370,1.7334,2.5796
496371,1.7334,2.5812
496372,1.7350,2.5489
496373,1.7302,2.5779
496374,1.7326,2.5788
496375,1.7318,2.5788
496376,1.7334,2.5739
496377,1.7358,2.5820
496378,1.7334,2.5804
496379,1.7302,2.5812
496380,1.7326,2.5796
496381,1.7310,2.5804
496382,1.7302,2.5836
496383,1.7334,2.5812
496384,1.7286,2.5820
496385,1.7326,2.5820
496386,1.7358,2.5812
496387,1.7318,2.5804
496388,1.7302,2.5771
496389,1.7310,2.5844
496390,1.7318,2.5779
496391,1.7302,2.5812
496392,1.7366,2.5844
496393,1.7302,2.5828
496394,1.7366,2.5828
496395,1.7342,2.5804
496396,1.7286,2.5844
496397,1.7334,2.5836
496398,1.7326,2.5723
496399,1.7270,2.5804
496400,1.7366,2.5796
496401,1.7358,2.5788
496402,1.7358,2.5796
496403,1.7334,2.5804
496404,1.7382,2.5707
496405,1.7350,2.5828
496406,1.7310,2.5634
496407,1.7302,2.5844
496408,1.7366,2.5804
496409,1.7350,2.5828
496410,1.7334,2.5884
496411,1.7302,2.5796
496412,1.7350,2.5651
496413,1.7326,2.5804
496414,1.7334,2.5844
496415,1.7310,2.5828
496416,1.7334,2.5796
496417,1.7399,2.5812
496418,1.7334,2.5828
496419,1.7366,2.5836
496420,1.7407,2.5836
496421,1.7294,2.5836
496422,1.7358,2.5828
496423,1.7326,2.5715
496424,1.7390,2.5812
496425,1.7366,2.5820
496426,1.7302,2.5828
496427,1.7374,2.5836
496428,1.7366,2.5836
496429,1.7326,2.5804
496430,1.7326,2.5651
496431,1.7358,2.5796
496432,1.7310,2.5836
496433,1.7399,2.5844
496434,1.7334,2.5788
496435,1.7334,2.5804
496436,1.7302,2.5820
496437,1.7334,2.5828
496438,1.7366,2.5828
496439,1.7334,2.5941
496440,1.7334,2.5844
496441,1.7358,2.5812
496442,1.7302,2.5828
496443,1.7366,2.5812
496444,1.7374,2.5828
496445,1.7366,2.5876
496446,1.7318,2.5844
496447,1.7302,2.5812
496448,1.7318,2.5868
496449,1.7366,2.5812
496450,1.7374,2.5828
496451,1.7358,2.5586
496452,1.7334,2.5836
496453,1.7407,2.5884
496454,1.7302,2.5844
496455,1.7294,2.5828
496456,1.7374,2.5771
496457,1.7350,2.5908
496458,1.7334,2.5997
496459,1.7286,2.5868
496460,1.7358,2.5916
496461,1.7286,2.5804
496462,1.7342,2.5916
496463,1.7302,2.5876
496464,1.7318,2.5675
496465,1.7334,2.5844
496466,1.7318,2.5892
496467,1.7310,2.5836
496468,1.7366,2.5876
496469,1.7358,2.6102
496470,1.7358,2.5739
496471,1.7318,2.5796
496472,1.7326,2.5852
496473,1.7310,2.5844
496474,1.7318,2.5667
496475,1.7407,2.5659
496476,1.7358,2.5844
496477,1.7366,2.5836
496478,1.7318,2.5828
496479,1.7294,2.5908
496480,1.7358,2.5836
496481,1.7302,2.5884
496482,1.7366,2.5868
496483,1.7382,2.5860
496484,1.7334,2.5844
496485,1.7326,2.5876
496486,1.7318,2.5997
496487,1.7302,2.5860
496488,1.7358,2.5900
496489,1.7318,2.5844
496490,1.7334,2.5844
496491,1.7334,2.5828
496492,1.7334,2.5820
496493,1.7334,2.5828
496494,1.7294,2.5779
496495,1.7318,2.5755
496496,1.7294,2.5828
496497,1.7334,2.5908
496498,1.7382,2.5868
496499,1.7374,2.5796
496500,1.7366,2.5876
496501,1.7358,2.5892
496502,1.7334,2.5828
496503,1.7334,2.5884
496504,1.7294,2.5820
496505,1.7407,2.5949
496506,1.7366,2.5900
496507,1.7342,2.5876
496508,1.7366,2.5868
496509,1.7326,2.5868
496510,1.7334,2.5828
496511,1.7342,2.5997
496512,1.7318,2.5836
496513,1.7326,2.5828
496514,1.7350,2.5868
496515,1.7366,2.5788
496516,1.7366,2.5860
496517,1.7358,2.5868
496518,1.7358,2.5884
496519,1.7390,2.5876
496520,1.7318,2.5868
496521,1.7334,2.6021
496522,1.7358,2.5828
496523,1.7366,2.5916
496524,1.7310,2.5812
496525,1.7374,2.5868
496526,1.7366,2.5908
496527,1.7407,2.5836
496528,1.7350,2.5876
496529,1.7390,2.5820
496530,1.7350,2.5868
496531,1.7310,2.5844
496532,1.7334,2.5860
496533,1.7382,2.5779
496534,1.7350,2.5828
496535,1.7358,2.5868
496536,1.7326,2.5844
496537,1.7390,2.5820
496538,1.7374,2.5868
496539,1.7358,2.5828
496540,1.7334,2.5860
496541,1.7350,2.5860
496542,1.7350,2.5860
496543,1.7326,2.5868
496544,1.7366,2.5836
496545,1.7382,2.5876
496546,1.7399,2.5828
496547,1.7366,2.5916
496548,1.7334,2.5876
496549,1.7350,2.5892
496550,1.7302,2.5876
496551,1.7326,2.5836
496552,1.7334,2.5876
496553,1.7399,2.5876
496554,1.7407,2.5779
496555,1.7318,2.5876
496556,1.7366,2.5900
496557,1.7382,2.5844
496558,1.7342,2.5868
496559,1.7334,2.5844
496560,1.7366,2.5884
496561,1.7366,2.5949
496562,1.7366,2.5876
496563,1.7374,2.5884
496564,1.7366,2.5860
496565,1.7390,2.5884
496566,1.7334,2.5908
496567,1.7334,2.5876
496568,1.7407,2.5908
496569,1.7390,2.5892
496570,1.7366,2.5892
496571,1.7334,2.5900
496572,1.7334,2.5892
496573,1.7366,2.5884
496574,1.7326,2.5892
496575,1.7350,2.5860
496576,1.7415,2.5892
496577,1.7366,2.5908
496578,1.7366,2.5941
496579,1.7358,2.5715
496580,1.7382,2.5876
496581,1.7374,2.5900
496582,1.7326,2.5908
496583,1.7382,2.5844
496584,1.7326,2.5892
496585,1.7350,2.5788
496586,1.7390,2.5900
496587,1.7423,2.5860
496588,1.7334,2.5860
496589,1.7358,2.5892
496590,1.7334,2.5892
496591,1.7382,2.5892
496592,1.7366,2.5933
496593,1.7374,2.5876
496594,1.7407,2.5916
496595,1.7366,2.5916
496596,1.7358,2.5900
496597,1.7366,2.5868
496598,1.7407,2.5876
496599,1.7390,2.5868
496600,1.7358,2.5900
496601,1.7350,2.5892
496602,1.7407,2.5892
496603,1.7382,2.5868
496604,1.7390,2.5900
496605,1.7415,2.5828
496606,1.7374,2.5876
496607,1.7382,2.5916
496608,1.7382,2.5925
496609,1.7399,2.5892
496610,1.7374,2.5844
496611,1.7382,2.5908
496612,1.7399,2.5900
496613,1.7399,2.5892
496614,1.7366,2.5908
496615,1.7382,2.5916
496616,1.7382,2.5892
496617,1.7374,2.5933
496618,1.7382,2.5941
496619,1.7350,2.5900
496620,1.7350,2.5852
496621,1.7358,2.5908
496622,1.7407,2.5925
496623,1.7366,2.5884
496624,1.7407,2.5916
496625,1.7334,2.5892
496626,1.7366,2.5892
496627,1.7366,2.5876
496628,1.7366,2.5925
496629,1.7358,2.5916
496630,1.7382,2.5933
496631,1.7407,2.5916
496632,1.7399,2.5836
496633,1.7374,2.5860
496634,1.7407,2.5868
496635,1.7358,2.5892
496636,1.7358,2.5892
496637,1.7350,2.5933
496638,1.7390,2.5892
496639,1.7382,2.5892
496640,1.7374,2.5908
496641,1.7407,2.5908
496642,1.7399,2.5868
496643,1.7390,2.5876
496644,1.7407,2.5900
496645,1.7358,2.5925
496646,1.7382,2.5892
496647,1.7350,2.5916
496648,1.7374,2.5908
496649,1.7366,2.5892
496650,1.7399,2.5844
496651,1.7366,2.5933
496652,1.7366,2.5908
496653,1.7382,2.5900
496654,1.7382,2.5916
496655,1.7366,2.5908
496656,1.7358,2.5908
496657,1.7382,2.5908
496658,1.7390,2.5908
496659,1.7399,2.5900
496660,1.7366,2.5892
496661,1.7399,2.5916
496662,1.7358,2.5916
496663,1.7366,2.5900
496664,1.7366,2.5892
496665,1.7382,2.5892
496666,1.7334,2.5916
496667,1.7382,2.5908
496668,1.7382,2.5916
496669,1.7382,2.5908
496670,1.7382,2.5916
496671,1.7407,2.5957
496672,1.7358,2.5916
496673,1.7390,2.5892
496674,1.7334,2.5892
496675,1.7358,2.5916
496676,1.7382,2.5892
496677,1.7390,2.5908
496678,1.7358,2.5900
496679,1.7350,2.5908
496680,1.7399,2.5892
496681,1.7350,2.5916
496682,1.7358,2.5908
496683,1.7366,2.5892
496684,1.7382,2.5916
496685,1.7366,2.5916
496686,1.7358,2.5916
496687,1.7366,2.5916
496688,1.7407,2.5916
496689,1.7382,2.5916
496690,1.7350,2.5908
496691,1.7390,2.5908
496692,1.7358,2.5908
496693,1.7399,2.5908
496694,1.7399,2.5916
496695,1.7390,2.5933
496696,1.7431,2.5916
496697,1.7382,2.5957
496698,1.7382,2.5916
496699,1.7382,2.5916
496700,1.7358,2.5916
496701,1.7374,2.5916
496702,1.7390,2.5916
496703,1.7407,2.5933
496704,1.7407,2.5916
496705,1.7374,2.5916
496706,1.7366,2.5916
496707,1.7358,2.5892
496708,1.7407,2.5916
496709,1.7407,2.5916
496710,1.7415,2.5925
496711,1.7407,2.5925
496712,1.7374,2.5916
496713,1.7382,2.5908
496714,1.7253,2.5941
496715,1.7407,2.5916
496716,1.7366,2.5900
496717,1.7382,2.5925
496718,1.7390,2.5916
496719,1.7382,2.5900
496720,1.7664,2.5916
496721,1.7431,2.5916
496722,1.7407,2.5925
496723,1.7374,2.5916
496724,1.7350,2.5916
496725,1.7439,2.5916
496726,1.7390,2.5876
496727,1.7358,2.5916
496728,1.7366,2.5916
496729,1.7334,2.5916
496730,1.7390,2.5916
496731,1.7358,2.5916
496732,1.7366,2.5900
496733,1.7173,2.5916
496734,1.7399,2.5916
496735,1.7390,2.5916
496736,1.7262,2.5900
496737,1.7350,2.5916
496738,1.7495,2.5908
496739,1.7407,2.5916
496740,1.7382,2.5876
496741,1.7399,2.5908
496742,1.7382,2.5908
496743,1.7407,2.5892
496744,1.7407,2.5916
496745,1.7294,2.5997
496746,1.7399,2.5925
496747,1.7407,2.5916
496748,1.7197,2.5916
496749,1.7382,2.5908
496750,1.7399,2.5916
496751,1.7350,2.5916
496752,1.7463,2.5916
496753,1.7382,2.5965
496754,1.7399,2.5916
496755,1.7390,2.5900
496756,1.7253,2.5916
496757,1.7374,2.5949
496758,1.7382,2.5933
496759,1.7358,2.5908
496760,1.7374,2.5916
496761,1.7407,2.5836
496762,1.7399,2.5916
496763,1.7407,2.5916
496764,1.7407,2.5916
496765,1.7318,2.5916
496766,1.7407,2.5916
496767,1.7382,2.5941
496768,1.7399,2.5916
496769,1.7286,2.5933
496770,1.7382,2.5916
496771,1.7358,2.5965
496772,1.7382,2.5916
496773,1.7366,2.5916
496774,1.7221,2.5933
496775,1.7399,2.5908
496776,1.7407,2.5916
496777,1.7318,2.5933
496778,1.7278,2.5916
496779,1.7399,2.5925
496780,1.7407,2.5916
496781,1.7326,2.5916
496782,1.7463,2.5916
496783,1.7407,2.5949
496784,1.7374,2.5916
496785,1.7399,2.5916
496786,1.7366,2.5916
496787,1.7382,2.5916
496788,1.7326,2.5916
496789,1.7399,2.5925
496790,1.7173,2.5925
496791,1.7455,2.5916
496792,1.7253,2.5916
496793,1.7447,2.5916
496794,1.7423,2.5916
496795,1.7399,2.5916
496796,1.7390,2.5916
496797,1.7407,2.5933
496798,1.7399,2.5916
496799,1.7407,2.5949
496800,1.7415,2.5916
496801,1.7390,2.5925
496802,1.7366,2.5925
496803,1.7407,2.5933
496804,1.7350,2.5916
496805,1.7318,2.5957
496806,1.7407,2.5916
496807,1.7407,2.5916
496808,1.7326,2.5925
496809,1.7358,2.5925
496810,1.7382,2.5957
496811,1.7390,2.5941
496812,1.7382,2.5925
496813,1.7423,2.5949
496814,1.7407,2.5925
496815,1.7487,2.5933
496816,1.7511,2.5916
496817,1.7390,2.5933
496818,1.7390,2.5933
496819,1.7407,2.5957
496820,1.7350,2.5916
496821,1.7294,2.5916
496822,1.7399,2.5925
496823,1.7407,2.5925
496824,1.7350,2.5916
496825,1.7407,2.5925
496826,1.7390,2.5941
496827,1.7447,2.5916
496828,1.7407,2.5957
496829,1.7399,2.5925
496830,1.7407,2.5957
496831,1.7399,2.5941
496832,1.7399,2.5941
496833,1.7382,2.5973
496834,1.7399,2.5949
496835,1.7374,2.5925
496836,1.7334,2.5925
496837,1.7415,2.5925
496838,1.7390,2.5925
496839,1.7382,2.5925
496840,1.7350,2.5925
496841,1.7390,2.5949
496842,1.7399,2.5957
496843,1.7399,2.5957
496844,1.7390,2.5925
496845,1.7390,2.5916
496846,1.7390,2.5957
496847,1.7366,2.5933
496848,1.7407,2.5933
496849,1.7415,2.5916
496850,1.7399,2.5941
496851,1.7399,2.5957
496852,1.7399,2.5925
496853,1.7431,2.5941
496854,1.7431,2.5933
496855,1.7399,2.5941
496856,1.7374,2.5916
496857,1.7415,2.5916
496858,1.7334,2.6142
496859,1.7390,2.5957
496860,1.7407,2.5925
496861,1.7407,2.5933
496862,1.7407,2.5933
496863,1.7407,2.5925
496864,1.7407,2.5933
496865,1.7399,2.5925
496866,1.7382,2.5916
496867,1.7382,2.5941
496868,1.7407,2.5900
496869,1.7447,2.5925
496870,1.7390,2.5941
496871,1.7399,2.5933
496872,1.7407,2.5957
496873,1.7423,2.5941
496874,1.7382,2.5916
496875,1.7407,2.5973
496876,1.7407,2.5933
496877,1.7302,2.5957
496878,1.7399,2.6118
496879,1.7407,2.5788
496880,1.7399,2.6432
496881,1.7407,2.5933
496882,1.7399,2.6053
496883,1.7374,2.5941
496884,1.7382,2.5941
496885,1.7407,2.5941
496886,1.7382,2.5763
496887,1.7407,2.5916
496888,1.7407,2.5957
496889,1.7374,2.5933
496890,1.7399,2.5916
496891,1.7415,2.5933
496892,1.7407,2.5941
496893,1.7407,2.5957
496894,1.7407,2.6102
496895,1.7399,2.5957
496896,1.7415,2.6005
496897,1.7407,2.5957
496898,1.7407,2.5957
496899,1.7407,2.5941
496900,1.7390,2.5941
496901,1.7382,2.5949
496902,1.7382,2.5925
496903,1.7390,2.5957
496904,1.7407,2.5957
496905,1.7415,2.5925
496906,1.7415,2.5997
496907,1.7415,2.5933
496908,1.7407,2.5941
496909,1.7407,2.5957
496910,1.7407,2.5933
496911,1.7382,2.5570
496912,1.7407,2.5957
496913,1.7407,2.5933
496914,1.7382,2.5957
496915,1.7415,2.5973
496916,1.7431,2.5973
496917,1.7407,2.5957
496918,1.7407,2.5949
496919,1.7407,2.5941
496920,1.7423,2.5957
496921,1.7407,2.5941
496922,1.7399,2.5933
496923,1.7399,2.6279
496924,1.7407,2.5965
496925,1.7407,2.5949
496926,1.7407,2.5925
496927,1.7399,2.5925
496928,1.7399,2.5933
496929,1.7407,2.5989
496930,1.7407,2.5916
496931,1.7423,2.5973
496932,1.7407,2.5941
496933,1.7390,2.5941
496934,1.7374,2.5957
496935,1.7399,2.5965
496936,1.7407,2.6134
496937,1.7407,2.5941
496938,1.7407,2.5949
496939,1.7407,2.5957
496940,1.7463,2.6166
496941,1.7415,2.6013
496942,1.7415,2.5973
496943,1.7407,2.5989
496944,1.7399,2.5941
496945,1.7382,2.5941
496946,1.7399,2.5941
496947,1.7399,2.5957
496948,1.7407,2.5828
496949,1.7423,2.5973
496950,1.7423,2.5957
496951,1.7399,2.6279
496952,1.7399,2.5973
496953,1.7407,2.5949
496954,1.7390,2.5957
496955,1.7399,2.5957
496956,1.7407,2.5989
496957,1.7399,2.6013
496958,1.7399,2.5933
496959,1.7407,2.5941
496960,1.7390,2.5973
496961,1.7407,2.5925
496962,1.7366,2.5957
496963,1.7399,2.5941
496964,1.7415,2.6005
496965,1.7399,2.5965
496966,1.7399,2.5788
496967,1.7399,2.5908
496968,1.7423,2.5957
496969,1.7382,2.5916
496970,1.7415,2.5828
496971,1.7407,2.5957
496972,1.7407,2.6158
496973,1.7399,2.5949
496974,1.7399,2.5997
496975,1.7390,2.5965
496976,1.7390,2.5820
496977,1.7407,2.5965
496978,1.7407,2.5957
496979,1.7399,2.6255
496980,1.7407,2.6174
496981,1.7407,2.5933
496982,1.7382,2.5925
496983,1.7415,2.5989
496984,1.7407,2.5925
496985,1.7415,2.5965
496986,1.7407,2.5908
496987,1.7407,2.6005
496988,1.7415,2.5989
496989,1.7399,2.6021
496990,1.7390,2.6086
496991,1.7366,2.5957
496992,1.7399,2.5941
496993,1.7407,2.5916
496994,1.7399,2.5941
496995,1.7407,2.5941
496996,1.7382,2.5828
496997,1.7407,2.5933
496998,1.7374,2.5933
496999,1.7407,2.5876
497000,1.7390,2.5957
497001,1.7390,2.6158
497002,1.7390,2.5933
497003,1.7407,2.5925
497004,1.7407,2.5916
497005,1.7399,2.5997
497006,1.7423,2.5957
497007,1.7390,2.5989
497008,1.7382,2.5941
497009,1.7407,2.5957
497010,1.7382,2.5957
497011,1.7407,2.5957
497012,1.7407,2.5916
497013,1.7374,2.5941
497014,1.7399,2.5941
497015,1.7407,2.6134
497016,1.7407,2.6029
497017,1.7407,2.5973
497018,1.7407,2.5973
497019,1.7407,2.5941
497020,1.7407,2.5989
497021,1.7366,2.6126
497022,1.7399,2.5957
497023,1.7399,2.5997
497024,1.7382,2.5957
497025,1.7407,2.5957
497026,1.7455,2.5957
497027,1.7407,2.5973
497028,1.7407,2.5965
497029,1.7407,2.5941
497030,1.7415,2.5949
497031,1.7399,2.5973
497032,1.7407,2.5957
497033,1.7407,2.5916
497034,1.7431,2.5949
497035,1.7399,2.5957
497036,1.7423,2.5957
497037,1.7407,2.5771
497038,1.7399,2.5973
497039,1.7415,2.5941
497040,1.7415,2.5933
497041,1.7407,2.5997
497042,1.7399,2.5949
497043,1.7407,2.5973
497044,1.7390,2.5989
497045,1.7407,2.6037
497046,1.7382,2.5997
497047,1.7407,2.6134
497048,1.7390,2.5973
497049,1.7415,2.5997
497050,1.7407,2.5973
497051,1.7423,2.6053
497052,1.7407,2.5965
497053,1.7399,2.5973
497054,1.7415,2.5941
497055,1.7407,2.5989
497056,1.7407,2.5957
497057,1.7415,2.5916
497058,1.7382,2.5997
497059,1.7423,2.5973
497060,1.7439,2.6005
497061,1.7407,2.6013
497062,1.7407,2.5973
497063,1.7407,2.5973
497064,1.7431,2.6005
497065,1.7382,2.5957
497066,1.7407,2.5965
497067,1.7407,2.5933
497068,1.7431,2.5965
497069,1.7439,2.6005
497070,1.7407,2.6013
497071,1.7407,2.5997
497072,1.7390,2.6029
497073,1.7407,2.5941
497074,1.7407,2.6005
497075,1.7390,2.5989
497076,1.7415,2.5997
497077,1.7407,2.5973
497078,1.7415,2.6037
497079,1.7407,2.6005
497080,1.7399,2.5973
497081,1.7407,2.6029
497082,1.7407,2.5949
497083,1.7415,2.5973
497084,1.7431,2.5941
497085,1.7390,2.5973
497086,1.7407,2.5997
497087,1.7407,2.5989
497088,1.7399,2.5973
497089,1.7423,2.6013
497090,1.7407,2.5997
497091,1.7407,2.5997
497092,1.7415,2.5997
497093,1.7415,2.6013
497094,1.7407,2.6021
497095,1.7399,2.6005
497096,1.7431,2.6005
497097,1.7407,2.6021
497098,1.7431,2.5997
497099,1.7407,2.5997
497100,1.7415,2.6021
497101,1.7431,2.5973
497102,1.7399,2.5973
497103,1.7407,2.5989
497104,1.7399,2.5949
497105,1.7407,2.5949
497106,1.7423,2.6005
497107,1.7407,2.6029
497108,1.7407,2.6045
497109,1.7423,2.5989
497110,1.7415,2.6037
497111,1.7415,2.5989
497112,1.7415,2.5973
497113,1.7415,2.6029
497114,1.7407,2.6045
497115,1.7407,2.5997
497116,1.7423,2.6005
497117,1.7399,2.6037
497118,1.7407,2.6021
497119,1.7415,2.5997
497120,1.7415,2.5965
497121,1.7407,2.5997
497122,1.7407,2.6021
497123,1.7399,2.6005
497124,1.7415,2.6005
497125,1.7415,2.5925
497126,1.7407,2.5965
497127,1.7439,2.5965
497128,1.7439,2.5997
497129,1.7407,2.6005
497130,1.7407,2.6013
497131,1.7407,2.5997
497132,1.7390,2.5997
497133,1.7423,2.6005
497134,1.7439,2.6029
497135,1.7423,2.6005
497136,1.7431,2.6005
497137,1.7407,2.6029
497138,1.7423,2.6013
497139,1.7407,2.5997
497140,1.7423,2.6021
497141,1.7407,2.6070
497142,1.7407,2.5989
497143,1.7407,2.6029
497144,1.7447,2.5933
497145,1.7415,2.6013
497146,1.7407,2.5989
497147,1.7415,2.6062
497148,1.7407,2.5965
497149,1.7407,2.5997
497150,1.7415,2.5973
497151,1.7407,2.5989
497152,1.7415,2.5965
497153,1.7407,2.5989
497154,1.7407,2.5997
497155,1.7415,2.6005
497156,1.7407,2.5965
497157,1.7415,2.5965
497158,1.7407,2.5973
497159,1.7407,2.6005
497160,1.7415,2.5997
497161,1.7407,2.6005
497162,1.7399,2.6021
497163,1.7407,2.5989
497164,1.7415,2.5997
497165,1.7407,2.6037
497166,1.7431,2.6013
497167,1.7415,2.6005
497168,1.7447,2.5973
497169,1.7415,2.5916
497170,1.7399,2.5997
497171,1.7407,2.5997
497172,1.7415,2.6005
497173,1.7407,2.6005
497174,1.7399,2.5989
497175,1.7407,2.6005
497176,1.7431,2.6005
497177,1.7407,2.5973
497178,1.7407,2.6021
497179,1.7415,2.5997
497180,1.7407,2.5925
497181,1.7407,2.5965
497182,1.7407,2.5973
497183,1.7399,2.6021
497184,1.7415,2.5973
497185,1.7407,2.6005
497186,1.7407,2.6005
497187,1.7447,2.6013
497188,1.7431,2.6037
497189,1.7423,2.6021
497190,1.7407,2.6053
497191,1.7423,2.5989
497192,1.7407,2.5941
497193,1.7407,2.5997
497194,1.7447,2.5973
497195,1.7407,2.5997
497196,1.7431,2.6005
497197,1.7447,2.5997
497198,1.7390,2.5997
497199,1.7407,2.5973
497200,1.7407,2.6005
497201,1.7407,2.5973
497202,1.7431,2.5973
497203,1.7407,2.5989
497204,1.7447,2.6021
497205,1.7407,2.6005
497206,1.7455,2.6013
497207,1.7423,2.6005
497208,1.7407,2.5997
497209,1.7407,2.6005
497210,1.7407,2.6021
497211,1.7423,2.6013
497212,1.7407,2.6021
497213,1.7431,2.5973
497214,1.7390,2.5941
497215,1.7423,2.6021
497216,1.7382,2.5997
497217,1.7495,2.6005
497218,1.7407,2.6013
497219,1.7431,2.6021
497220,1.7407,2.6029
497221,1.7431,2.6013
497222,1.7407,2.6021
497223,1.7407,2.5997
497224,1.7407,2.6029
497225,1.7407,2.6021
497226,1.7439,2.5997
497227,1.7423,2.6005
497228,1.7415,2.6005
497229,1.7439,2.6037
497230,1.7407,2.6005
497231,1.7423,2.6037
497232,1.7415,2.6021
497233,1.7358,2.6021
497234,1.7407,2.5989
497235,1.7431,2.6013
497236,1.7415,2.6021
497237,1.7382,2.6005
497238,1.7415,2.6021
497239,1.7407,2.6037
497240,1.7407,2.6029
497241,1.7407,2.6037
497242,1.7399,2.6021
497243,1.7439,2.6021
497244,1.7407,2.6005
497245,1.7423,2.6037
497246,1.7527,2.6070
497247,1.7479,2.6037
497248,1.7447,2.6013
497249,1.7415,2.6021
497250,1.7447,2.5973
497251,1.7439,2.6029
497252,1.7415,2.5965
497253,1.7487,2.6005
497254,1.7415,2.6037
497255,1.7463,2.6045
497256,1.7407,2.6005
497257,1.7431,2.6005
497258,1.7455,2.6045
497259,1.7431,2.6005
497260,1.7399,2.5989
497261,1.7407,2.5997
497262,1.7423,2.6029
497263,1.7407,2.6037
497264,1.7423,2.6037
497265,1.7447,2.6070
497266,1.7431,2.6021
497267,1.7407,2.6062
497268,1.7407,2.6037
497269,1.7431,2.6029
497270,1.7415,2.6086
497271,1.7455,2.6062
497272,1.7407,2.6021
497273,1.7382,2.5965
497274,1.7463,2.6029
497275,1.7455,2.6053
497276,1.7576,2.6037
497277,1.7423,2.6053
497278,1.7423,2.6037
497279,1.7439,2.6053
497280,1.7552,2.6045
497281,1.7407,2.6045
497282,1.7423,2.6045
497283,1.7326,2.6086
497284,1.7511,2.6021
497285,1.7431,2.6070
497286,1.7415,2.6029
497287,1.7439,2.6094
497288,1.7390,2.6037
497289,1.7455,2.6037
497290,1.7415,2.6029
497291,1.7455,2.6037
497292,1.7463,2.6053
497293,1.7447,2.6062
497294,1.7415,2.6062
497295,1.7382,2.6045
497296,1.7407,2.6045
497297,1.7447,2.6037
497298,1.7463,2.6102
497299,1.7536,2.6037
497300,1.7423,2.6053
497301,1.7415,2.6102
497302,1.7624,2.6094
497303,1.7431,2.6062
497304,1.7519,2.6045
497305,1.7463,2.6053
497306,1.7447,2.6070
497307,1.7423,2.6086
497308,1.7407,2.6070
497309,1.7455,2.6070
497310,1.7487,2.6086
497311,1.7431,2.6070
497312,1.7439,2.6070
497313,1.7495,2.6053
497314,1.7407,2.6086
497315,1.7431,2.6045
497316,1.7447,2.6086
497317,1.7576,2.6045
497318,1.7527,2.6062
497319,1.7487,2.6070
497320,1.7487,2.6062
497321,1.7463,2.6102
497322,1.7415,2.6086
497323,1.7447,2.6078
497324,1.7487,2.6053
497325,1.7463,2.6094
497326,1.7519,2.6126
497327,1.7431,2.6094
497328,1.7479,2.6102
497329,1.7487,2.6118
497330,1.7479,2.6102
497331,1.7495,2.6062
497332,1.7511,2.6110
497333,1.7479,2.6086
497334,1.7487,2.6126
497335,1.7407,2.6102
497336,1.7455,2.6102
497337,1.7463,2.6126
497338,1.7519,2.6086
497339,1.7519,2.6126
497340,1.7519,2.6086
497341,1.7463,2.6150
497342,1.7519,2.6102
497343,1.7463,2.6102
497344,1.7511,2.6126
497345,1.7536,2.6126
497346,1.7544,2.6102
497347,1.7487,2.6102
497348,1.7415,2.6118
497349,1.7544,2.6166
497350,1.7495,2.6102
497351,1.7519,2.6134
497352,1.7447,2.6102
497353,1.7447,2.6094
497354,1.7487,2.6102
497355,1.7560,2.6118
497356,1.7511,2.6118
497357,1.7536,2.6158
497358,1.7471,2.6126
497359,1.7503,2.6142
497360,1.7511,2.6215
497361,1.7495,2.6158
497362,1.7536,2.6158
497363,1.7519,2.6134
497364,1.7455,2.6134
497365,1.7519,2.6094
497366,1.7544,2.6150
497367,1.7536,2.6134
497368,1.7503,2.6134
497369,1.7511,2.6094
497370,1.7527,2.6094
497371,1.7495,2.6086
497372,1.7536,2.6094
497373,1.7495,2.6126
497374,1.7479,2.6126
497375,1.7640,2.6070
497376,1.7527,2.6102
497377,1.7527,2.6102
497378,1.7495,2.6062
497379,1.7487,2.6126
497380,1.7503,2.6094
497381,1.7479,2.6134
497382,1.7527,2.6126
497383,1.7552,2.6150
497384,1.7511,2.6166
497385,1.7511,2.6102
497386,1.7511,2.6126
497387,1.7536,2.6062
497388,1.7431,2.6086
497389,1.7527,2.6086
497390,1.7503,2.6231
497391,1.7544,2.6126
497392,1.7536,2.6094
497393,1.7519,2.6102
497394,1.7536,2.5997
497395,1.7568,2.6094
497396,1.7519,2.6102
497397,1.7544,2.5900
497398,1.7536,2.6174
497399,1.7519,2.6062
497400,1.7519,2.6223
497401,1.7519,2.6070
497402,1.7536,2.6287
497403,1.7527,2.6070
497404,1.7544,2.6029
497405,1.7519,2.6062
497406,1.7439,2.6255
497407,1.7552,2.6045
497408,1.7536,2.6070
497409,1.7536,2.6086
497410,1.7527,2.5820
497411,1.7519,2.6021
497412,1.7527,2.6086
497413,1.7511,2.6062
497414,1.7527,2.6053
497415,1.7463,2.5989
497416,1.7544,2.6029
497417,1.7519,2.6053
497418,1.7536,2.5868
497419,1.7576,2.5860
497420,1.7576,2.5925
497421,1.7536,2.5683
497422,1.7536,2.5804
497423,1.7519,2.6215
497424,1.7519,2.6062
497425,1.7519,2.6070
497426,1.7527,2.6070
497427,1.7552,2.6029
497428,1.7536,2.6029
497429,1.7544,2.6005
497430,1.7544,2.6021
497431,1.7552,2.6005
497432,1.7576,2.6190
497433,1.7560,2.6045
497434,1.7527,2.6021
497435,1.7560,2.5892
497436,1.7544,2.6005
497437,1.7552,2.6037
497438,1.7527,2.6174
497439,1.7544,2.6037
497440,1.7536,2.6263
497441,1.7527,2.5981
497442,1.7503,2.6166
497443,1.7544,2.6021
497444,1.7552,2.5916
497445,1.7536,2.6005
497446,1.7544,2.6070
497447,1.7536,2.6005
497448,1.7560,2.5965
497449,1.7544,2.6021
497450,1.7544,2.5973
497451,1.7536,2.5908
497452,1.7592,2.6021
497453,1.7576,2.6037
497454,1.7455,2.6094
497455,1.7552,2.5868
497456,1.7463,2.6045
497457,1.7568,2.5997
497458,1.7560,2.5659
497459,1.7552,2.5788
497460,1.7544,2.6021
497461,1.7592,2.6013
497462,1.7519,2.5916
497463,1.7576,2.5941
497464,1.7527,2.6037
497465,1.7527,2.5973
497466,1.7536,2.6174
497467,1.7544,2.5965
497468,1.7552,2.6150
497469,1.7568,2.6005
497470,1.7608,2.5973
497471,1.7552,2.5949
497472,1.7544,2.5981
497473,1.7560,2.5957
497474,1.7519,2.5916
497475,1.7600,2.5828
497476,1.7552,2.6215
497477,1.7576,2.5965
497478,1.7544,2.5933
497479,1.7511,2.5925
497480,1.7552,2.6215
497481,1.7560,2.5965
497482,1.7536,2.5747
497483,1.7576,2.5892
497484,1.7584,2.5957
497485,1.7616,2.5916
497486,1.7560,2.5933
497487,1.7592,2.5965
497488,1.7560,2.5933
497489,1.7624,2.6053
497490,1.7560,2.5965
497491,1.7584,2.5957
497492,1.7552,2.5941
497493,1.7592,2.5941
497494,1.7584,2.5957
497495,1.7576,2.5949
497496,1.7576,2.5933
497497,1.7584,2.5957
497498,1.7576,2.5973
497499,1.7576,2.5973
497500,1.7576,2.5941
497501,1.7576,2.5908
497502,1.7576,2.6118
497503,1.7544,2.5933
497504,1.7592,2.5779
497505,1.7560,2.5642
497506,1.7576,2.5925
497507,1.7552,2.5957
497508,1.7608,2.5965
497509,1.7640,2.5925
497510,1.7584,2.5916
497511,1.7600,2.5957
497512,1.7656,2.5933
497513,1.7664,2.5908
497514,1.7616,2.5965
497515,1.7576,2.5779
497516,1.7656,2.5957
497517,1.7640,2.5755
497518,1.7656,2.5925
497519,1.7648,2.5965
497520,1.7608,2.5941
497521,1.7624,2.5941
497522,1.7584,2.5933
497523,1.7616,2.6021
497524,1.7632,2.5965
497525,1.7624,2.5941
497526,1.7608,2.5989
497527,1.7640,2.5812
497528,1.7624,2.5957
497529,1.7616,2.5981
497530,1.7664,2.5965
497531,1.7681,2.5933
497532,1.7608,2.5925
497533,1.7648,2.5973
497534,1.7664,2.5973
497535,1.7656,2.5989
497536,1.7664,2.5973
497537,1.7568,2.5941
497538,1.7664,2.5900
497539,1.7664,2.6021
497540,1.7616,2.5965
497541,1.7648,2.5957
497542,1.7664,2.5916
497543,1.7656,2.5916
497544,1.7608,2.6005
497545,1.7640,2.5884
497546,1.7664,2.5941
497547,1.7664,2.5957
497548,1.7640,2.5965
497549,1.7584,2.5997
497550,1.7656,2.6005
497551,1.7673,2.5973
497552,1.7673,2.5989
497553,1.7656,2.5973
497554,1.7664,2.5973
497555,1.7616,2.5965
497556,1.7640,2.5997
497557,1.7664,2.6005
497558,1.7632,2.6029
497559,1.7673,2.5989
497560,1.7664,2.6045
497561,1.7648,2.6005
497562,1.7681,2.6013
497563,1.7648,2.6037
497564,1.7624,2.6021
497565,1.7656,2.6037
497566,1.7664,2.6021
497567,1.7656,2.6021
497568,1.7664,2.5997
497569,1.7673,2.6037
497570,1.7648,2.6021
497571,1.7640,2.5965
497572,1.7640,2.6013
497573,1.7664,2.6094
497574,1.7640,2.6021
497575,1.7664,2.6005
497576,1.7673,2.6037
497577,1.7664,2.6037
497578,1.7681,2.6037
497579,1.7664,2.6037
497580,1.7664,2.6062
497581,1.7648,2.6021
497582,1.7664,2.6029
497583,1.7664,2.6037
497584,1.7664,2.6021
497585,1.7713,2.6062
497586,1.7689,2.6070
497587,1.7664,2.5941
497588,1.7664,2.6005
497589,1.7664,2.6102
497590,1.7664,2.6053
497591,1.7673,2.6037
497592,1.7664,2.6021
497593,1.7664,2.6045
497594,1.7673,2.6062
497595,1.7689,2.6078
497596,1.7673,2.6021
497597,1.7648,2.6118
497598,1.7673,2.6062
497599,1.7664,2.6078
497600,1.7664,2.6070
497601,1.7664,2.6110
497602,1.7664,2.6094
497603,1.7592,2.6094
497604,1.7664,2.6062
497605,1.7664,2.6134
497606,1.7664,2.6102
497607,1.7608,2.6134
497608,1.7664,2.6126
497609,1.7656,2.6126
497610,1.7664,2.6134
497611,1.7624,2.6158
497612,1.7664,2.6158
497613,1.7656,2.6118
497614,1.7673,2.6174
497615,1.7681,2.6150
497616,1.7664,2.6158
497617,1.7664,2.6158
497618,1.7664,2.6134
497619,1.7664,2.6094
497620,1.7681,2.6174
497621,1.7697,2.6134
497622,1.7681,2.6174
497623,1.7673,2.6174
497624,1.7697,2.6150
497625,1.7664,2.6174
497626,1.7697,2.6174
497627,1.7664,2.6174
497628,1.7673,2.6174
497629,1.7673,2.6190
497630,1.7689,2.6174
497631,1.7681,2.6182
497632,1.7664,2.6190
497633,1.7664,2.6190
497634,1.7664,2.6231
497635,1.7729,2.6231
497636,1.7664,2.6231
497637,1.7673,2.6247
497638,1.7673,2.6247
497639,1.7673,2.6263
497640,1.7689,2.6295
497641,1.7705,2.6263
497642,1.7689,2.6303
497643,1.7673,2.6263
497644,1.7664,2.6287
497645,1.7673,2.6231
497646,1.7673,2.6295
497647,1.7689,2.6295
497648,1.7673,2.6384
497649,1.7721,2.6319
497650,1.7681,2.6352
497651,1.7664,2.6344
497652,1.7673,2.6344
497653,1.7664,2.6392
497654,1.7664,2.6392
497655,1.7673,2.6408
497656,1.7689,2.6263
497657,1.7664,2.6408
497658,1.7697,2.6424
497659,1.7721,2.6432
497660,1.7705,2.6416
497661,1.7664,2.6432
497662,1.7705,2.6440
497663,1.7689,2.6448
497664,1.7673,2.6432
497665,1.7713,2.6456
497666,1.7697,2.6456
497667,1.7673,2.6432
497668,1.7705,2.6505
497669,1.7689,2.6489
497670,1.7713,2.6481
497671,1.7721,2.6521
497672,1.7689,2.6537
497673,1.7681,2.6521
497674,1.7705,2.6513
497675,1.7705,2.6513
497676,1.7681,2.6553
497677,1.7697,2.6553
497678,1.7689,2.6561
497679,1.7697,2.6553
497680,1.7721,2.6553
497681,1.7721,2.6666
497682,1.7721,2.6610
497683,1.7697,2.6610
497684,1.7737,2.6585
497685,1.7697,2.6674
497686,1.7777,2.6674
497687,1.7713,2.6690
497688,1.7721,2.6722
497689,1.7785,2.6779
497690,1.7713,2.6827
497691,1.7753,2.6908
497692,1.7713,2.6988
497693,1.7721,2.7085
497694,1.7769,2.7133
497695,1.7769,2.7295
497696,1.7793,2.7448
497697,1.7785,2.7520
497698,1.7737,2.7681
497699,1.7793,2.7818
497700,1.7721,2.7955
497701,1.7777,2.8052
497702,1.7938,2.8213
497703,1.7818,2.8358
497704,1.7818,2.8519
497705,1.7850,2.8624
497706,1.7906,2.8777
497707,1.7906,2.9011
497708,1.7914,2.9148
497709,1.7922,2.9212
497710,1.7930,2.9390
497711,1.7930,2.9519
497712,1.7689,2.9664
497713,1.7922,2.9785
497714,1.7971,2.9922
497715,1.8011,3.0051
497716,1.7995,3.0204
497717,1.8051,3.0300
497718,1.8051,3.0429
497719,1.8067,3.0550
497720,1.8124,3.0679
497721,1.8075,3.0840
497722,1.8075,3.0905
497723,1.8140,3.1026
497724,1.8148,3.1235
497725,1.8164,3.1292
497726,1.8172,3.1340
497727,1.8172,3.1445
497728,1.8237,3.1590
497729,1.8269,3.1678
497730,1.8261,3.1759
497731,1.8156,3.1880
497732,1.8180,3.1936
497733,1.8253,3.2081
497734,1.8156,3.2130
497735,1.8204,3.2210
497736,1.8180,3.2355
497737,1.8277,3.2363
497738,1.8269,3.2468
497739,1.8285,3.2533
497740,1.8277,3.2621
497741,1.8011,3.2662
497742,1.8301,3.2742
497743,1.8301,3.2879
497744,1.8132,3.2887
497745,1.8269,3.2903
497746,1.8269,3.2903
497747,1.8261,3.3000
497748,1.8317,3.3000
497749,1.8293,3.3000
497750,1.8301,3.3000
497751,1.8148,3.3000
497752,1.8478,3.3000
497753,1.8261,3.3000
497754,1.8398,3.3000
497755,1.8253,3.3000
497756,1.8293,3.3000
497757,1.8221,3.3000
497758,1.8414,3.3000
497759,1.8277,3.3000
497760,1.8285,3.3000
497761,1.8229,3.3000
497762,1.8269,3.3000
497763,1.8317,3.3000
497764,1.8237,3.3000
497765,1.8196,3.3000
497766,1.8180,3.3000
497767,1.8253,3.3000
497768,1.8196,3.3000
497769,1.8180,3.3000
497770,1.8188,3.3000
497771,1.8180,3.3000
497772,1.8229,3.3000
497773,1.8180,3.3000
497774,1.8180,3.3000
497775,1.8180,3.3000
497776,1.8204,3.3000
497777,1.8156,3.3000
497778,1.8261,3.3000
497779,1.8438,3.3000
497780,1.8180,3.3000
497781,1.8156,3.3000
497782,1.8172,3.3000
497783,1.8180,3.3000
497784,1.8092,3.3000
497785,1.7922,3.3000
497786,1.8180,3.3000
497787,1.8075,3.3000
497788,1.8092,3.3000
497789,1.8092,3.3000
497790,1.8156,3.3000
497791,1.8051,3.3000
497792,1.7947,3.3000
497793,1.8108,3.3000
497794,1.8075,3.3000
497795,1.8067,3.3000
497796,1.8132,3.3000
497797,1.8100,3.3000
497798,1.8196,3.3000
497799,1.8059,3.3000
497800,1.8051,3.3000
497801,1.8067,3.3000
497802,1.8075,3.3000
497803,1.8051,3.3000
497804,1.8100,3.3000
497805,1.8043,3.3000
497806,1.8059,3.3000
497807,1.8043,3.3000
497808,1.8075,3.3000
497809,1.7979,3.3000
497810,1.8092,3.3000
497811,1.8075,3.3000
497812,1.8156,3.3000
497813,1.8043,3.3000
497814,1.8011,3.3000
497815,1.7930,3.3000
497816,1.8003,3.3000
497817,1.8011,3.3000
497818,1.7979,3.3000
497819,1.7979,3.3000
497820,1.8035,3.3000
497821,1.7971,3.3000
497822,1.7979,3.3000
497823,1.8003,3.3000
497824,1.8075,3.3000
497825,1.7938,3.3000
497826,1.8132,3.3000
497827,1.8011,3.3000
497828,1.7979,3.3000
497829,1.7922,3.3000
497830,1.7938,3.3000
497831,1.8035,3.3000
497832,1.7963,3.3000
497833,1.7971,3.3000
497834,1.7947,3.3000
497835,1.7979,3.3000
497836,1.8100,3.3000
497837,1.8011,3.3000
497838,1.7922,3.3000
497839,1.7995,3.3000
497840,1.7930,3.3000
497841,1.7930,3.3000
497842,1.7947,3.3000
497843,1.7979,3.3000
497844,1.8043,3.3000
497845,1.7971,3.3000
497846,1.7971,3.3000
497847,1.7947,3.3000
497848,1.7930,3.3000
497849,1.7971,3.3000
497850,1.7947,3.3000
497851,1.7938,3.3000
497852,1.7971,3.3000
497853,1.7938,3.3000
497854,1.7922,3.3000
497855,1.7922,3.3000
497856,1.7947,3.3000
497857,1.7963,3.3000
497858,1.7930,3.3000
497859,1.7938,3.3000
497860,1.7938,3.3000
497861,1.7947,3.3000
497862,1.7979,3.3000
497863,1.7995,3.3000
497864,1.7938,3.3000
497865,1.7947,3.3000
497866,1.7922,3.2984
497867,1.7979,3.2936
497868,1.8051,3.2927
497869,1.7914,3.2936
497870,1.7979,3.2903
497871,1.7955,3.2895
497872,1.7922,3.2879
497873,1.7938,3.2887
497874,1.7947,3.2799
497875,1.7922,3.2855
497876,1.7979,3.2734
497877,1.8067,3.2758
497878,1.7971,3.3000
497879,1.7922,3.2702
497880,1.8003,3.2992
497881,1.7922,3.2678
497882,1.8067,3.2194
497883,1.7955,3.2637
497884,1.7979,3.2581
497885,1.7930,3.2621
497886,1.7922,3.2629
497887,1.7947,3.2516
497888,1.7963,3.2879
497889,1.7930,3.2444
497890,1.7938,3.2379
497891,1.7922,3.2355
497892,1.7922,3.2001
497893,1.7922,3.2275
497894,1.7922,3.2194
497895,1.7947,3.2154
497896,1.7922,3.1888
497897,1.7922,3.2001
497898,1.7955,3.1888
497899,1.7914,3.1807
497900,1.7922,3.1630
497901,1.7963,3.1630
497902,1.7866,3.0897
497903,1.7947,3.1404
497904,1.7922,3.1598
497905,1.7938,3.1130
497906,1.7914,3.0816
497907,1.7898,3.0816
497908,1.7898,3.0655
497909,1.7922,3.0494
497910,1.7914,3.0220
497911,1.7882,3.0002
497912,1.7882,2.9664
497913,1.7914,2.9398
497914,1.7882,2.9116
497915,1.7834,2.8842
497916,1.7866,2.8648
497917,1.7850,2.8552
497918,1.7777,2.8624
497919,1.7842,2.8552
497920,1.7801,2.8874
497921,1.7850,2.8753
497922,1.7842,2.8826
497923,1.7761,2.8874
497924,1.7842,2.9108
497925,1.7850,2.9180
497926,1.7898,2.9285
497927,1.7898,2.9495
497928,1.7850,2.9527
497929,1.7834,2.9615
497930,1.7882,2.9760
497931,1.7922,2.9809
497932,1.7914,2.9938
497933,1.7922,3.0083
497934,1.7922,3.0196
497935,1.7874,3.0276
497936,1.7882,2.9833
497937,1.7922,3.0445
497938,1.7922,3.0615
497939,1.7995,3.0663
497940,1.7898,3.0800
497941,1.7963,3.0816
497942,1.7963,3.0897
497943,1.8051,3.0881
497944,1.7995,3.1042
497945,1.7995,3.1203
497946,1.7979,3.1243
497947,1.8011,3.1348
497948,1.7930,3.1437
497949,1.8043,3.1549
497950,1.8027,3.1517
497951,1.8035,3.1735
497952,1.8043,3.1646
497953,1.8035,3.1711
497954,1.8108,3.1848
497955,1.8075,3.1888
497956,1.8092,3.1952
497957,1.8075,3.2049
497958,1.8084,3.2363
497959,1.8164,3.2105
497960,1.8059,3.2146
497961,1.8156,3.2251
497962,1.8140,3.2323
497963,1.8180,3.2363
497964,1.8180,3.2541
497965,1.8180,3.2927
497966,1.8180,3.2484
497967,1.8180,3.2573
497968,1.8204,3.2645
497969,1.8180,3.2710
497970,1.8180,3.2766
497971,1.8221,3.2799
497972,1.8180,3.2645
497973,1.8204,3.2702
497974,1.8196,3.3000
497975,1.8229,3.3000
497976,1.8229,3.3000
497977,1.8237,3.3000
497978,1.8277,3.3000
497979,1.8204,3.3000
497980,1.8245,3.3000
497981,1.8237,3.3000
497982,1.8221,3.3000
497983,1.8180,3.3000
497984,1.8229,3.3000
497985,1.8221,3.3000
497986,1.8204,3.3000
497987,1.8237,3.3000
497988,1.8204,3.3000
497989,1.8221,3.3000
497990,1.8229,3.3000
497991,1.8196,3.3000
497992,1.8301,3.3000
497993,1.8277,3.3000
497994,1.8237,3.3000
497995,1.8253,3.3000
497996,1.8229,3.3000
497997,1.8261,3.3000
497998,1.8285,3.3000
497999,1.8212,3.3000
498000,1.8285,3.3000
498001,1.8333,3.3000
498002,1.8261,3.3000
498003,1.8237,3.3000
498004,1.8253,3.3000
498005,1.8293,3.3000
498006,1.8269,3.3000
498007,1.8188,3.3000
498008,1.8221,3.3000
498009,1.8285,3.3000
498010,1.8180,3.3000
498011,1.8221,3.3000
498012,1.8253,3.3000
498013,1.8221,3.3000
498014,1.8301,3.3000
498015,1.8204,3.3000
498016,1.8309,3.3000
498017,1.8229,3.3000
498018,1.8237,3.3000
498019,1.8212,3.3000
498020,1.8269,3.3000
498021,1.8261,3.3000
498022,1.8253,3.3000
498023,1.8253,3.3000
498024,1.8204,3.3000
498025,1.8221,3.3000
498026,1.8229,3.3000
498027,1.8221,3.3000
498028,1.8204,3.3000
498029,1.8221,3.3000
498030,1.8229,3.3000
498031,1.8269,3.3000
498032,1.8221,3.3000
498033,1.8253,3.3000
498034,1.8204,3.3000
498035,1.8229,3.3000
498036,1.8253,3.3000
498037,1.8269,3.3000
498038,1.8180,3.3000
498039,1.8196,3.3000
498040,1.8253,3.3000
498041,1.8196,3.3000
498042,1.8212,3.3000
498043,1.8156,3.3000
498044,1.8196,3.3000
498045,1.8237,3.3000
498046,1.8196,3.3000
498047,1.8180,3.3000
498048,1.8229,3.3000
498049,1.8140,3.3000
498050,1.8196,3.3000
498051,1.8180,3.3000
498052,1.8180,3.3000
498053,1.8180,3.3000
498054,1.8188,3.3000
498055,1.8180,3.3000
498056,1.8180,3.3000
498057,1.8180,3.3000
498058,1.8180,3.3000
498059,1.8204,3.3000
498060,1.8180,3.3000
498061,1.8164,3.3000
498062,1.8261,3.3000
498063,1.8164,3.3000
498064,1.8140,3.3000
498065,1.8180,3.3000
498066,1.8180,3.3000
498067,1.8164,3.3000
498068,1.8140,3.3000
498069,1.8172,3.3000
498070,1.8188,3.3000
498071,1.8180,3.3000
498072,1.8092,3.3000
498073,1.8180,3.3000
498074,1.8156,3.3000
498075,1.8156,3.3000
498076,1.8148,3.3000
498077,1.8221,3.3000
498078,1.8140,3.3000
498079,1.8132,3.3000
498080,1.8180,3.3000
498081,1.8156,3.3000
498082,1.8156,3.3000
498083,1.8108,3.3000
498084,1.8124,3.3000
498085,1.8108,3.3000
498086,1.8132,3.3000
498087,1.8075,3.3000
498088,1.8172,3.3000
498089,1.8100,3.3000
498090,1.8059,3.3000
498091,1.8075,3.3000
498092,1.8124,3.3000
498093,1.8092,3.3000
498094,1.8059,3.3000
498095,1.8108,3.3000
498096,1.8084,3.3000
498097,1.8108,3.3000
498098,1.8124,3.3000
498099,1.8108,3.3000
498100,1.8100,3.3000
498101,1.8100,3.3000
498102,1.8059,3.3000
498103,1.8084,3.3000
498104,1.8100,3.3000
498105,1.8108,3.3000
498106,1.8059,3.3000
498107,1.8003,3.3000
498108,1.8092,3.3000
498109,1.8075,3.3000
498110,1.8043,3.3000
498111,1.8140,3.3000
498112,1.8084,3.3000
498113,1.8059,3.3000
498114,1.8051,3.3000
498115,1.8075,3.3000
498116,1.8027,3.3000
498117,1.8027,3.3000
498118,1.8067,3.3000
498119,1.8092,3.3000
498120,1.8043,3.3000
498121,1.8051,3.3000
498122,1.8043,3.3000
498123,1.8043,3.3000
498124,1.8067,3.3000
498125,1.8100,3.3000
498126,1.8043,3.3000
498127,1.8075,3.3000
498128,1.8051,3.3000
498129,1.8019,3.3000
498130,1.8043,3.3000
498131,1.8043,3.3000
498132,1.8035,3.3000
498133,1.8043,3.3000
498134,1.8059,3.3000
498135,1.8019,3.3000
498136,1.8051,3.3000
498137,1.8011,3.3000
498138,1.8043,3.3000
498139,1.8027,3.3000
498140,1.8011,3.3000
498141,1.8051,3.3000
498142,1.8027,3.3000
498143,1.7979,3.3000
498144,1.8035,3.3000
498145,1.8003,3.3000
498146,1.7971,3.3000
498147,1.8011,3.3000
498148,1.8003,3.3000
498149,1.7995,3.3000
498150,1.7971,3.3000
498151,1.7971,3.3000
498152,1.8011,3.3000
498153,1.7930,3.3000
498154,1.7971,3.3000
498155,1.8059,3.3000
498156,1.7995,3.3000
498157,1.7995,3.3000
498158,1.8011,3.3000
498159,1.7963,3.3000
498160,1.7963,3.3000
498161,1.7971,3.3000
498162,1.8011,3.3000
498163,1.7979,3.3000
498164,1.7938,3.3000
498165,1.7922,3.3000
498166,1.7938,3.3000
498167,1.7963,3.3000
498168,1.7987,3.3000
498169,1.7995,3.3000
498170,1.7922,3.3000
498171,1.7947,3.3000
498172,1.7938,3.3000
498173,1.7922,3.3000
498174,1.7922,3.3000
498175,1.7922,3.3000
498176,1.7922,3.3000
498177,1.7914,3.3000
498178,1.7922,3.3000
498179,1.7930,3.3000
498180,1.7906,3.3000
498181,1.7922,3.3000
498182,1.7930,3.3000
498183,1.7922,3.3000
498184,1.7898,3.3000
498185,1.7914,3.3000
498186,1.7914,3.3000
498187,1.7906,3.3000
498188,1.7906,3.3000
498189,1.7882,3.3000
498190,1.7922,3.3000
498191,1.7898,3.3000
498192,1.7858,3.3000
498193,1.7922,3.3000
498194,1.7930,3.3000
498195,1.7914,3.3000
498196,1.7866,3.3000
498197,1.7874,3.3000
498198,1.7882,3.3000
498199,1.7850,3.3000
498200,1.7866,3.3000
498201,1.7866,3.3000
498202,1.7810,3.3000
498203,1.7906,3.3000
498204,1.7906,3.3000
498205,1.7882,3.3000
498206,1.7947,3.3000
498207,1.7842,3.3000
498208,1.7818,3.3000
498209,1.7874,3.3000
498210,1.7842,3.3000
498211,1.7818,3.3000
498212,1.7793,3.3000
498213,1.7866,3.3000
498214,1.7818,3.3000
498215,1.7850,3.3000
498216,1.7801,3.3000
498217,1.7866,3.3000
498218,1.7801,3.3000
498219,1.7834,3.3000
498220,1.7761,3.3000
498221,1.7818,3.3000
498222,1.7713,3.3000
498223,1.7777,3.3000
498224,1.7785,3.3000
498225,1.7769,3.3000
498226,1.7793,3.3000
498227,1.8019,3.3000
498228,1.7785,3.3000
498229,1.7455,3.3000
498230,1.7769,3.3000
498231,1.7785,3.3000
498232,1.7753,3.3000
498233,1.7761,3.3000
498234,1.7745,3.3000
498235,1.7737,3.3000
498236,1.7785,3.3000
498237,1.7785,3.3000
498238,1.7810,3.3000
498239,1.7681,3.3000
498240,1.7785,3.3000
498241,1.7721,3.3000
498242,1.7737,3.3000
498243,1.7785,3.3000
498244,1.7737,3.3000
498245,1.7737,3.3000
498246,1.7721,3.3000
498247,1.7753,3.3000
498248,1.7721,3.3000
498249,1.7640,3.3000
498250,1.7664,3.3000
498251,1.7721,3.3000
498252,1.7721,3.3000
498253,1.7713,3.3000
498254,1.7673,3.3000
498255,1.7616,3.3000
498256,1.7713,3.3000
498257,1.7527,3.3000
498258,1.7713,3.3000
498259,1.7769,3.3000
498260,1.7737,3.3000
498261,1.7664,3.3000
498262,1.7874,3.3000
498263,1.7673,3.3000
498264,1.7664,3.3000
498265,1.7664,3.3000
498266,1.7705,3.3000
498267,1.7664,3.3000
498268,1.7681,3.3000
498269,1.7866,3.3000
498270,1.7664,3.3000
498271,1.7664,3.3000
498272,1.7673,3.3000
498273,1.7664,3.3000
498274,1.7664,3.3000
498275,1.7673,3.3000
498276,1.7664,3.3000
498277,1.7616,3.3000
498278,1.7487,3.3000
498279,1.7664,3.3000
498280,1.7616,3.3000
498281,1.7600,3.3000
498282,1.7656,3.3000
498283,1.7624,3.3000
498284,1.7527,3.3000
498285,1.7616,3.3000
498286,1.7624,3.3000
498287,1.7624,3.3000
498288,1.7648,3.3000
498289,1.7544,3.3000
498290,1.7608,3.3000
498291,1.7624,3.3000
498292,1.7576,3.3000
498293,1.7632,3.3000
498294,1.7592,3.3000
498295,1.7576,3.3000
498296,1.7568,3.3000
498297,1.7560,3.3000
498298,1.7640,3.3000
498299,1.7640,3.3000
498300,1.7536,3.3000
498301,1.7536,3.3000
498302,1.7568,3.3000
498303,1.7584,3.3000
498304,1.7640,3.3000
498305,1.7544,3.3000
498306,1.7447,3.3000
498307,1.7536,3.3000
498308,1.7407,3.3000
498309,1.7536,3.3000
498310,1.7495,3.3000
498311,1.7552,3.3000
498312,1.7527,3.3000
498313,1.7495,3.3000
498314,1.7382,3.3000
498315,1.7560,3.3000
498316,1.7664,3.3000
498317,1.7431,3.3000
498318,1.7584,3.3000
498319,1.7447,3.3000
498320,1.7527,3.3000
498321,1.7487,3.3000
498322,1.7455,3.3000
498323,1.7656,3.3000
498324,1.7463,3.3000
498325,1.7527,3.3000
498326,1.7487,3.3000
498327,1.7407,3.3000
498328,1.7455,3.3000
498329,1.7415,3.3000
498330,1.7511,3.3000
498331,1.7479,3.3000
498332,1.7431,3.3000
498333,1.7439,3.3000
498334,1.7455,3.3000
498335,1.7664,3.3000
498336,1.7407,3.3000
498337,1.7455,3.3000
498338,1.7407,3.3000
498339,1.7536,3.3000
498340,1.7511,3.3000
498341,1.7447,3.3000
498342,1.7407,3.3000
498343,1.7431,3.3000
498344,1.7423,3.3000
498345,1.7407,3.3000
498346,1.7415,3.3000
498347,1.7463,3.3000
498348,1.7407,3.3000
498349,1.7310,3.3000
498350,1.7415,3.2879
498351,1.7374,3.2621
498352,1.7390,3.2339
498353,1.7407,3.2081
498354,1.7407,3.1840
498355,1.7382,3.1590
498356,1.7326,3.1292
498357,1.7334,3.1050
498358,1.7358,3.0816
498359,1.7318,3.0582
498360,1.7334,3.0349
498361,1.7334,3.0131
498362,1.7262,2.9938
498363,1.7407,2.9801
498364,1.7270,2.9607
498365,1.7245,2.9398
498366,1.7205,2.9277
498367,1.7245,2.9116
498368,1.7229,2.9003
498369,1.7237,2.8777
498370,1.7205,2.8664
498371,1.7157,2.8511
498372,1.7197,2.8455
498373,1.7173,2.8262
498374,1.7157,2.8229
498375,1.7173,2.8100
498376,1.7165,2.7996
498377,1.7149,2.7875
498378,1.7133,2.7802
498379,1.7149,2.7722
498380,1.7149,2.7633
498381,1.7125,2.7544
498382,1.7141,2.7480
498383,1.7108,2.7432
498384,1.7125,2.7335
498385,1.7141,2.7286
498386,1.7141,2.7246
498387,1.7141,2.7166
498388,1.7125,2.7335
498389,1.7125,2.7069
498390,1.7076,2.7045
498391,1.7092,2.6956
498392,1.7125,2.6867
498393,1.7108,2.6851
498394,1.7141,2.6819
498395,1.7149,2.6771
498396,1.7076,2.6730
498397,1.7125,2.6674
498398,1.7108,2.6634
498399,1.7125,2.6569
498400,1.7068,2.6569
498401,1.7060,2.6513
498402,1.7036,2.6489
498403,1.7116,2.6456
498404,1.7133,2.6432
498405,1.7036,2.6432
498406,1.7036,2.6553
498407,1.7068,2.6336
498408,1.7100,2.6344
498409,1.7173,2.6311
498410,1.7092,2.6255
498411,1.7044,2.6255
498412,1.7116,2.5908
498413,1.7141,2.6190
498414,1.7125,2.6199
498415,1.7125,2.6166
498416,1.7116,2.6166
498417,1.7125,2.6263
498418,1.7076,2.6102
498419,1.7116,2.6078
498420,1.7076,2.6432
498421,1.7100,2.6053
498422,1.7076,2.6062
498423,1.7116,2.6078
498424,1.7141,2.6037
498425,1.7149,2.6005
498426,1.7133,2.6062
498427,1.7133,2.5933
498428,1.7100,2.6279
498429,1.7149,2.5989
498430,1.7108,2.5925
498431,1.7173,2.5916
498432,1.7149,2.5949
498433,1.7149,2.5941
498434,1.7149,2.6174
498435,1.7133,2.5933
498436,1.7149,2.5884
498437,1.7181,2.5844
498438,1.7125,2.5860
498439,1.7173,2.5925
498440,1.7197,2.6078
498441,1.7149,2.5908
498442,1.7221,2.5925
498443,1.7197,2.6086
498444,1.7181,2.5916
498445,1.7165,2.5933
498446,1.7221,2.5892
498447,1.7149,2.5868
498448,1.7205,2.5925
498449,1.7253,2.5916
498450,1.7205,2.5908
498451,1.7189,2.6295
498452,1.7205,2.5916
498453,1.7205,2.5562
498454,1.7245,2.5908
498455,1.7270,2.5933
498456,1.7286,2.5916
498457,1.7278,2.5908
498458,1.7213,2.5554
498459,1.7310,2.5812
498460,1.7253,2.5916
498461,1.7245,2.5916
498462,1.7334,2.5659
498463,1.7221,2.5916
498464,1.7318,2.5957
498465,1.7302,2.5916
498466,1.7237,2.6037
498467,1.7278,2.5892
498468,1.7294,2.5941
498469,1.7302,2.5868
498470,1.7318,2.5916
498471,1.7326,2.5908
498472,1.7318,2.5941
498473,1.7399,2.5925
498474,1.7310,2.5916
498475,1.7294,2.5892
498476,1.7334,2.6166
498477,1.7423,2.5916
498478,1.7318,2.5916
498479,1.7358,2.5933
498480,1.7294,2.5908
498481,1.7374,2.5916
498482,1.7278,2.6070
498483,1.7326,2.5933
498484,1.7318,2.5965
498485,1.7399,2.5916
498486,1.7382,2.6070
498487,1.7399,2.5916
498488,1.7342,2.5973
498489,1.7423,2.5997
498490,1.7358,2.5916
498491,1.7390,2.5957
498492,1.7358,2.5916
498493,1.7399,2.5973
498494,1.7407,2.5957
498495,1.7358,2.5957
498496,1.7407,2.5957
498497,1.7407,2.5973
498498,1.7407,2.5925
498499,1.7407,2.6021
498500,1.7382,2.5973
498501,1.7431,2.5933
498502,1.7399,2.5892
498503,1.7407,2.5997
498504,1.7286,2.5957
498505,1.7407,2.5949
498506,1.7407,2.5804
498507,1.7431,2.5965
498508,1.7399,2.6037
498509,1.7390,2.5916
498510,1.7407,2.5981
498511,1.7407,2.5941
498512,1.7407,2.5957
498513,1.7382,2.6021
498514,1.7399,2.6223
498515,1.7415,2.6182
498516,1.7390,2.5965
498517,1.7455,2.6045
498518,1.7415,2.5949
498519,1.7455,2.5997
498520,1.7407,2.5973
498521,1.7407,2.6037
498522,1.7366,2.5973
498523,1.7366,2.5916
498524,1.7407,2.6021
498525,1.7407,2.5957
498526,1.7399,2.5925
498527,1.7447,2.6142
498528,1.7407,2.6021
498529,1.7390,2.6126
498530,1.7407,2.5997
498531,1.7407,2.5900
498532,1.7423,2.5997
498533,1.7423,2.5989
498534,1.7431,2.5973
498535,1.7431,2.5989
498536,1.7423,2.6045
498537,1.7415,2.6037
498538,1.7415,2.6029
498539,1.7407,2.6118
498540,1.7423,2.6045
498541,1.7407,2.6174
498542,1.7407,2.6029
498543,1.7447,2.6062
498544,1.7415,2.6021
498545,1.7431,2.5908
498546,1.7447,2.5997
498547,1.7479,2.6013
498548,1.7431,2.6045
498549,1.7399,2.6029
498550,1.7407,2.5957
498551,1.7455,2.5916
498552,1.7455,2.5997
498553,1.7487,2.6005
498554,1.7407,2.6021
498555,1.7415,2.6005
498556,1.7415,2.6029
498557,1.7447,2.6215
498558,1.7431,2.6045
498559,1.7447,2.5973
498560,1.7415,2.6021
498561,1.7455,2.6037
498562,1.7407,2.6013
498563,1.7407,2.5957
498564,1.7431,2.6029
498565,1.7423,2.6037
498566,1.7423,2.6021
498567,1.7463,2.5997
498568,1.7415,2.6013
498569,1.7447,2.6005
498570,1.7407,2.6053
498571,1.7407,2.6053
498572,1.7399,2.6045
498573,1.7455,2.5957
498574,1.7407,2.6053
498575,1.7374,2.6037
498576,1.7487,2.6037
498577,1.7407,2.5997
498578,1.7455,2.6029
498579,1.7423,2.6005
498580,1.7399,2.6037
498581,1.7447,2.5916
498582,1.7447,2.6029
498583,1.7423,2.5989
498584,1.7407,2.6037
498585,1.7447,2.6005
498586,1.7407,2.6021
498587,1.7407,2.6021
498588,1.7407,2.6053
498589,1.7399,2.6037
498590,1.7399,2.6005
498591,1.7415,2.6037
498592,1.7407,2.6021
498593,1.7415,2.6053
498594,1.7390,2.6037
498595,1.7358,2.6037
498596,1.7399,2.6021
498597,1.7407,2.6029
498598,1.7407,2.6134
498599,1.7399,2.6005
498600,1.7399,2.6045
498601,1.7407,2.6037
498602,1.7407,2.6029
498603,1.7423,2.6021
498604,1.7415,2.6053
498605,1.7407,2.5957
498606,1.7415,2.5965
498607,1.7407,2.6021
498608,1.7399,2.5981
498609,1.7407,2.6045
498610,1.7415,2.6005
498611,1.7407,2.6037
498612,1.7407,2.6053
498613,1.7415,2.6062
498614,1.7407,2.6037
498615,1.7390,2.6021
498616,1.7415,2.6053
498617,1.7374,2.6029
498618,1.7399,2.6021
498619,1.7415,2.6045
498620,1.7407,2.6053
498621,1.7374,2.6053
498622,1.7439,2.6029
498623,1.7455,2.6062
498624,1.7407,2.6029
498625,1.7431,2.6021
498626,1.7431,2.6045
498627,1.7415,2.6045
498628,1.7399,2.6070
498629,1.7415,2.6029
498630,1.7407,2.6037
498631,1.7447,2.6070
498632,1.7407,2.5997
498633,1.7431,2.6029
498634,1.7431,2.6062
498635,1.7407,2.6029
498636,1.7399,2.6029
498637,1.7390,2.6086
498638,1.7447,2.6053
498639,1.7463,2.6021
498640,1.7447,2.6053
498641,1.7407,2.6110
498642,1.7431,2.6070
498643,1.7390,2.6053
498644,1.7431,2.6070
498645,1.7423,2.6126
498646,1.7407,2.6158
498647,1.7447,2.6045
498648,1.7407,2.6029
498649,1.7415,2.6062
498650,1.7382,2.6150
498651,1.7407,2.6045
498652,1.7382,2.6013
498653,1.7407,2.6086
498654,1.7407,2.6021
498655,1.7366,2.6037
498656,1.7399,2.6029
498657,1.7407,2.6021
498658,1.7431,2.6045
498659,1.7431,2.6094
498660,1.7407,2.6062
498661,1.7407,2.6029
498662,1.7407,2.6037
498663,1.7415,2.6070
498664,1.7407,2.6062
498665,1.7382,2.6037
498666,1.7407,2.6021
498667,1.7399,2.6053
498668,1.7382,2.6037
498669,1.7407,2.6021
498670,1.7407,2.6053
498671,1.7407,2.6037
498672,1.7447,2.6070
498673,1.7390,2.6029
498674,1.7382,2.6037
498675,1.7390,2.6037
498676,1.7382,2.6078
498677,1.7407,2.6053
498678,1.7407,2.6062
498679,1.7399,2.6021
498680,1.7415,2.6078
498681,1.7407,2.5973
498682,1.7399,2.6053
498683,1.7399,2.6070
498684,1.7390,2.5973
498685,1.7399,2.6053
498686,1.7366,2.6029
498687,1.7399,2.6062
498688,1.7407,2.6062
498689,1.7407,2.6005
498690,1.7423,2.6053
498691,1.7399,2.6021
498692,1.7407,2.6029
498693,1.7390,2.6070
498694,1.7407,2.6037
498695,1.7382,2.6005
498696,1.7407,2.6021
498697,1.7407,2.6053
498698,1.7390,2.6037
498699,1.7399,2.6045
498700,1.7423,2.6005
498701,1.7390,2.6021
498702,1.7415,2.6062
498703,1.7407,2.6037
498704,1.7399,2.6037
498705,1.7415,2.6021
498706,1.7399,2.5965
498707,1.7399,2.6053
498708,1.7407,2.6037
498709,1.7399,2.6021
498710,1.7399,2.6021
498711,1.7407,2.6045
498712,1.7399,2.6053
498713,1.7407,2.6029
498714,1.7382,2.6078
498715,1.7399,2.6045
498716,1.7374,2.5997
498717,1.7382,2.6021
498718,1.7407,2.6086
498719,1.7382,2.6053
498720,1.7431,2.6134
498721,1.7358,2.6045
498722,1.7334,2.6021
498723,1.7407,2.6053
498724,1.7350,2.6037
498725,1.7407,2.6037
498726,1.7382,2.6005
498727,1.7350,2.6005
498728,1.7664,2.6005
498729,1.7374,2.6029
498730,1.7407,2.6005
498731,1.7399,2.6005
498732,1.7399,2.6021
498733,1.7366,2.5957
498734,1.7374,2.6037
498735,1.7399,2.6013
498736,1.7390,2.5965
498737,1.7334,2.6037
498738,1.7358,2.5981
498739,1.7399,2.5965
498740,1.7382,2.5997
498741,1.7382,2.6070
498742,1.7407,2.5997
498743,1.7366,2.6045
498744,1.7399,2.6029
498745,1.7415,2.6005
498746,1.7390,2.5981
498747,1.7366,2.6029
498748,1.7302,2.6037
498749,1.7358,2.6021
498750,1.7399,2.6005
498751,1.7382,2.6005
498752,1.7374,2.6021
498753,1.7326,2.6037
498754,1.7495,2.5997
498755,1.7552,2.6029
498756,1.7366,2.6021
498757,1.7262,2.6053
498758,1.7366,2.5973
498759,1.7407,2.6021
498760,1.7407,2.5989
498761,1.7415,2.5997
498762,1.7366,2.5973
498763,1.7358,2.5973
498764,1.7366,2.6062
498765,1.7358,2.6005
498766,1.7334,2.6021
498767,1.7423,2.6005
498768,1.7366,2.6005
498769,1.7390,2.6005
498770,1.7407,2.6021
498771,1.7382,2.6053
498772,1.7374,2.6013
498773,1.7390,2.6021
498774,1.7366,2.6029
498775,1.7390,2.6005
498776,1.7366,2.5941
498777,1.7399,2.5989
498778,1.7366,2.6005
498779,1.7374,2.5997
498780,1.7318,2.5989
498781,1.7390,2.6037
498782,1.7350,2.5989
498783,1.7334,2.5965
498784,1.7399,2.6029
498785,1.7382,2.6021
498786,1.7245,2.5973
498787,1.7576,2.6021
498788,1.7366,2.6005
498789,1.7286,2.6021
498790,1.7399,2.5965
498791,1.7374,2.6029
498792,1.7334,2.6005
498793,1.7374,2.6021
498794,1.7326,2.6021
498795,1.7358,2.6005
498796,1.7229,2.5989
498797,1.7382,2.6005
498798,1.7350,2.5973
498799,1.7334,2.6029
498800,1.7326,2.5989
498801,1.7302,2.6029
498802,1.7326,2.5989
498803,1.7366,2.5916
498804,1.7141,2.5981
498805,1.7382,2.5973
498806,1.7399,2.5941
498807,1.7334,2.5973
498808,1.7358,2.5973
498809,1.7407,2.6013
498810,1.7479,2.5973
498811,1.7382,2.5949
498812,1.7318,2.6005
498813,1.7366,2.5965
498814,1.7423,2.5957
498815,1.7334,2.5965
498816,1.7358,2.5957
498817,1.7326,2.5973
498818,1.7407,2.6005
498819,1.7318,2.5965
498820,1.7423,2.5941
498821,1.7310,2.5973
498822,1.7447,2.5989
498823,1.7407,2.5941
498824,1.7382,2.5941
498825,1.7342,2.5973
498826,1.7310,2.5957
498827,1.7334,2.5925
498828,1.7407,2.5973
498829,1.7382,2.5941
498830,1.7318,2.5941
498831,1.7149,2.5949
498832,1.7334,2.5925
498833,1.7527,2.5933
498834,1.7366,2.5941
498835,1.7439,2.5957
498836,1.7358,2.5933
498837,1.7374,2.5916
498838,1.7318,2.5916
498839,1.7447,2.5916
498840,1.7366,2.5941
498841,1.7358,2.5916
498842,1.7382,2.5941
498843,1.7318,2.5925
498844,1.7326,2.5916
498845,1.7326,2.5916
498846,1.7310,2.5916
498847,1.7382,2.5916
498848,1.7302,2.5933
498849,1.7302,2.5933
498850,1.7350,2.5916
498851,1.7326,2.5941
498852,1.7358,2.5916
498853,1.7278,2.5941
498854,1.7358,2.5933
498855,1.7302,2.5916
498856,1.7318,2.5925
498857,1.7318,2.5916
498858,1.7253,2.5916
498859,1.7318,2.5941
498860,1.7302,2.5916
498861,1.7390,2.5933
498862,1.7366,2.5900
498863,1.7278,2.5908
498864,1.7326,2.5933
498865,1.7270,2.5916
498866,1.7350,2.5916
498867,1.7302,2.5916
498868,1.7358,2.5941
498869,1.7302,2.5916
498870,1.7318,2.5916
498871,1.7455,2.5925
498872,1.7294,2.5908
498873,1.7286,2.5908
498874,1.7366,2.5908
498875,1.7366,2.5916
498876,1.7302,2.5900
498877,1.7390,2.5916
498878,1.7350,2.5908
498879,1.7350,2.5925
498880,1.7334,2.5892
498881,1.7318,2.5925
498882,1.7350,2.5933
498883,1.7334,2.5908
498884,1.7350,2.5916
498885,1.7326,2.5916
498886,1.7310,2.5925
498887,1.7326,2.5941
498888,1.7350,2.6062
498889,1.7382,2.5900
498890,1.7366,2.5916
498891,1.7310,2.5916
498892,1.7358,2.5916
498893,1.7310,2.5884
498894,1.7318,2.5916
498895,1.7326,2.5916
498896,1.7302,2.5900
498897,1.7358,2.5916
498898,1.7350,2.5916
498899,1.7294,2.5916
498900,1.7318,2.5925
498901,1.7350,2.5916
498902,1.7334,2.5916
498903,1.7350,2.5916
498904,1.7310,2.5916
498905,1.7350,2.5925
498906,1.7294,2.5916
498907,1.7294,2.5916
498908,1.7294,2.5916
498909,1.7366,2.5908
498910,1.7382,2.5916
498911,1.7358,2.5908
498912,1.7334,2.5892
498913,1.7358,2.5916
498914,1.7302,2.5916
498915,1.7374,2.5916
498916,1.7382,2.5900
498917,1.7382,2.6166
498918,1.7318,2.5916
498919,1.7318,2.5916
498920,1.7286,2.5908
498921,1.7374,2.5916
498922,1.7294,2.5925
498923,1.7326,2.5916
498924,1.7366,2.5916
498925,1.7326,2.5908
498926,1.7326,2.5747
498927,1.7318,2.5908
498928,1.7358,2.5916
498929,1.7350,2.5900
498930,1.7302,2.6094
498931,1.7374,2.5916
498932,1.7334,2.5908
498933,1.7374,2.5916
498934,1.7399,2.5916
498935,1.7326,2.5916
498936,1.7318,2.5916
498937,1.7326,2.5916
498938,1.7366,2.5715
498939,1.7334,2.5908
498940,1.7350,2.5916
498941,1.7350,2.5916
498942,1.7390,2.5900
498943,1.7294,2.5908
498944,1.7326,2.5916
498945,1.7358,2.5900
498946,1.7310,2.5916
498947,1.7326,2.5908
498948,1.7342,2.5925
498949,1.7350,2.5916
498950,1.7294,2.5916
498951,1.7334,2.5916
498952,1.7326,2.5925
498953,1.7326,2.5949
498954,1.7286,2.5916
498955,1.7350,2.5916
498956,1.7350,2.5715
498957,1.7302,2.5908
498958,1.7334,2.5916
498959,1.7350,2.5916
498960,1.7334,2.6070
498961,1.7358,2.5908
498962,1.7366,2.6150
498963,1.7318,2.5908
498964,1.7278,2.5916
498965,1.7350,2.5965
498966,1.7334,2.5925
498967,1.7366,2.5900
498968,1.7382,2.5949
498969,1.7334,2.6166
498970,1.7366,2.5925
498971,1.7326,2.5933
498972,1.7382,2.5916
498973,1.7334,2.5916
498974,1.7350,2.6207
498975,1.7294,2.5844
498976,1.7326,2.5908
498977,1.7358,2.6062
498978,1.7318,2.5941
498979,1.7358,2.5916
498980,1.7366,2.5965
498981,1.7399,2.5755
498982,1.7318,2.5916
498983,1.7350,2.5916
498984,1.7270,2.5916
498985,1.7358,2.6102
498986,1.7358,2.5804
498987,1.7326,2.6078
498988,1.7350,2.6134
498989,1.7382,2.5925
498990,1.7318,2.5916
498991,1.7358,2.5739
498992,1.7318,2.5916
498993,1.7326,2.5916
498994,1.7318,2.5925
498995,1.7390,2.5941
498996,1.7350,2.5949
498997,1.7294,2.5916
498998,1.7310,2.5916
498999,1.7366,2.5916
499000,1.7358,2.6150
499001,1.7326,2.5916
499002,1.7350,2.6094
499003,1.7318,2.5925
499004,1.7326,2.5916
499005,1.7334,2.5941
499006,1.7399,2.5933
499007,1.7374,2.5667
499008,1.7326,2.5933
499009,1.7390,2.5747
499010,1.7326,2.5916
499011,1.7334,2.5916
499012,1.7374,2.5941
499013,1.7366,2.5763
499014,1.7334,2.5916
499015,1.7358,2.5796
499016,1.7318,2.5916
499017,1.7342,2.5941
499018,1.7310,2.5925
499019,1.7366,2.6118
499020,1.7326,2.6247
499021,1.7350,2.5916
499022,1.7358,2.5916
499023,1.7390,2.5916
499024,1.7366,2.5916
499025,1.7326,2.5941
499026,1.7334,2.5965
499027,1.7302,2.5788
499028,1.7374,2.5925
499029,1.7366,2.5916
499030,1.7350,2.5916
499031,1.7326,2.5925
499032,1.7342,2.5925
499033,1.7350,2.5699
499034,1.7358,2.5949
499035,1.7318,2.5933
499036,1.7358,2.5925
499037,1.7334,2.6005
499038,1.7374,2.5916
499039,1.7350,2.5900
499040,1.7318,2.5916
499041,1.7294,2.5933
499042,1.7334,2.5925
499043,1.7350,2.5949
499044,1.7334,2.5925
499045,1.7334,2.5925
499046,1.7302,2.5925
499047,1.7326,2.5925
499048,1.7350,2.5916
499049,1.7334,2.5925
499050,1.7318,2.5941
499051,1.7334,2.5925
499052,1.7334,2.5925
499053,1.7302,2.5916
499054,1.7294,2.5916
499055,1.7326,2.5916
499056,1.7350,2.5925
499057,1.7310,2.5916
499058,1.7334,2.6021
499059,1.7350,2.6199
499060,1.7326,2.5925
499061,1.7294,2.5933
499062,1.7350,2.5957
499063,1.7326,2.5925
499064,1.7318,2.5884
499065,1.7415,2.5916
499066,1.7310,2.5949
499067,1.7326,2.5933
499068,1.7326,2.5941
499069,1.7366,2.5925
499070,1.7310,2.5965
499071,1.7366,2.5941
499072,1.7245,2.5933
499073,1.7350,2.5916
499074,1.7326,2.5916
499075,1.7302,2.5925
499076,1.7358,2.5925
499077,1.7302,2.5925
499078,1.7302,2.5965
499079,1.7326,2.5933
499080,1.7278,2.5925
499081,1.7350,2.5941
499082,1.7326,2.5965
499083,1.7318,2.5933
499084,1.7366,2.5925
499085,1.7294,2.5941
499086,1.7286,2.5941
499087,1.7334,2.5908
499088,1.7366,2.5916
499089,1.7334,2.5973
499090,1.7302,2.5900
499091,1.7326,2.5933
499092,1.7302,2.5925
499093,1.7366,2.5925
499094,1.7334,2.5957
499095,1.7318,2.5925
499096,1.7302,2.5916
499097,1.7326,2.5933
499098,1.7310,2.5933
499099,1.7302,2.5916
499100,1.7302,2.5916
499101,1.7358,2.5933
499102,1.7342,2.5949
499103,1.7350,2.5941
499104,1.7350,2.5933
499105,1.7318,2.5925
499106,1.7350,2.5933
499107,1.7390,2.5916
499108,1.7286,2.5933
499109,1.7302,2.5933
499110,1.7302,2.5925
499111,1.7302,2.5941
499112,1.7318,2.6005
499113,1.7358,2.5925
499114,1.7294,2.5916
499115,1.7334,2.5965
499116,1.7318,2.5933
499117,1.7302,2.5916
499118,1.7366,2.5916
499119,1.7310,2.5933
499120,1.7382,2.5925
499121,1.7286,2.6021
499122,1.7318,2.5941
499123,1.7302,2.5941
499124,1.7366,2.5933
499125,1.7358,2.5949
499126,1.7366,2.5949
499127,1.7294,2.5925
499128,1.7342,2.5933
499129,1.7334,2.5916
499130,1.7358,2.5925
499131,1.7302,2.5949
499132,1.7366,2.5916
499133,1.7334,2.5941
499134,1.7334,2.5925
499135,1.7358,2.5957
499136,1.7350,2.5941
499137,1.7334,2.5933
499138,1.7326,2.5916
499139,1.7399,2.5933
499140,1.7350,2.5925
499141,1.7366,2.5957
499142,1.7302,2.5941
499143,1.7350,2.5925
499144,1.7366,2.5957
499145,1.7326,2.5908
499146,1.7334,2.5965
499147,1.7342,2.5949
499148,1.7366,2.5957
499149,1.7326,2.5933
499150,1.7358,2.5908
499151,1.7326,2.5973
499152,1.7334,2.5925
499153,1.7342,2.5965
499154,1.7366,2.5949
499155,1.7326,2.5916
499156,1.7326,2.5925
499157,1.7334,2.5997
499158,1.7374,2.5989
499159,1.7318,2.5925
499160,1.7334,2.5949
499161,1.7302,2.5941
499162,1.7334,2.5957
499163,1.7334,2.5941
499164,1.7310,2.5941
499165,1.7350,2.5965
499166,1.7326,2.5941
499167,1.7366,2.5973
499168,1.7334,2.5965
499169,1.7350,2.5989
499170,1.7350,2.5916
499171,1.7302,2.5965
499172,1.7318,2.5933
499173,1.7350,2.5965
499174,1.7334,2.5892
499175,1.7366,2.5973
499176,1.7318,2.5941
499177,1.7310,2.5965
499178,1.7358,2.5957
499179,1.7294,2.5941
499180,1.7334,2.6070
499181,1.7358,2.6021
499182,1.7302,2.5941
499183,1.7294,2.5949
499184,1.7358,2.5916
499185,1.7358,2.5973
499186,1.7302,2.5973
499187,1.7334,2.5965
499188,1.7390,2.5989
499189,1.7326,2.5949
499190,1.7366,2.5957
499191,1.7358,2.5925
499192,1.7334,2.6021
499193,1.7334,2.5965
499194,1.7334,2.5925
499195,1.7334,2.5965
499196,1.7358,2.5965
499197,1.7366,2.5941
499198,1.7334,2.5965
499199,1.7366,2.5989
499200,1.7350,2.5973
499201,1.7382,2.5916
499202,1.7350,2.5973
499203,1.7334,2.5973
499204,1.7302,2.5949
499205,1.7334,2.5965
499206,1.7334,2.5965
499207,1.7366,2.5957
499208,1.7358,2.5916
499209,1.7350,2.5957
499210,1.7358,2.5957
499211,1.7302,2.6005
499212,1.7326,2.5965
499213,1.7366,2.6013
499214,1.7358,2.5957
499215,1.7366,2.5989
499216,1.7318,2.5941
499217,1.7326,2.6045
499218,1.7318,2.5989
499219,1.7358,2.6013
499220,1.7366,2.5973
499221,1.7318,2.5957
499222,1.7334,2.5957
499223,1.7294,2.5989
499224,1.7358,2.5957
499225,1.7334,2.5965
499226,1.7382,2.5973
499227,1.7334,2.5973
499228,1.7350,2.5957
499229,1.7350,2.5973
499230,1.7286,2.6029
499231,1.7310,2.6005
499232,1.7358,2.5965
499233,1.7374,2.5973
499234,1.7350,2.5965
499235,1.7318,2.5997
499236,1.7366,2.5925
499237,1.7310,2.5957
499238,1.7326,2.5941
499239,1.7358,2.5997
499240,1.7334,2.5989
499241,1.7318,2.5989
499242,1.7326,2.5965
499243,1.7302,2.5973
499244,1.7294,2.5989
499245,1.7318,2.5957
499246,1.7366,2.5957
499247,1.7358,2.6005
499248,1.7366,2.5973
499249,1.7374,2.5989
499250,1.7302,2.6029
499251,1.7318,2.6013
499252,1.7366,2.5925
499253,1.7407,2.5997
499254,1.7358,2.5973
499255,1.7527,2.5989
499256,1.7423,2.6013
499257,1.7334,2.5973
499258,1.7318,2.6045
499259,1.7302,2.6005
499260,1.7326,2.5973
499261,1.7350,2.6005
499262,1.7382,2.5997
499263,1.7350,2.6021
499264,1.7503,2.5908
499265,1.7358,2.5973
499266,1.7390,2.5981
499267,1.7366,2.6021
499268,1.7358,2.6086
499269,1.7382,2.6013
499270,1.7382,2.6029
499271,1.7358,2.5965
499272,1.7326,2.6045
499273,1.7374,2.5989
499274,1.7350,2.5989
499275,1.7318,2.5989
499276,1.7399,2.6021
499277,1.7463,2.5997
499278,1.7334,2.5973
499279,1.7350,2.6013
499280,1.7310,2.5957
499281,1.7286,2.5973
499282,1.7374,2.6029
499283,1.7366,2.6005
499284,1.7399,2.5916
499285,1.7342,2.6021
499286,1.7358,2.6005
499287,1.7253,2.5973
499288,1.7326,2.5997
499289,1.7358,2.5965
499290,1.7382,2.5973
499291,1.7318,2.5997
499292,1.7358,2.5965
499293,1.7326,2.5957
499294,1.7536,2.5997
499295,1.7326,2.6029
499296,1.7350,2.5989
499297,1.7149,2.6021
499298,1.7407,2.5973
499299,1.7318,2.5973
499300,1.7334,2.6013
499301,1.7374,2.5989
499302,1.7326,2.6005
499303,1.7350,2.6037
499304,1.7407,2.5973
499305,1.7334,2.5957
499306,1.7326,2.5965
499307,1.7286,2.6021
499308,1.7286,2.6005
499309,1.7390,2.5997
499310,1.7334,2.6029
499311,1.7334,2.5933
499312,1.7237,2.5973
499313,1.7487,2.5933
499314,1.7318,2.6021
499315,1.7366,2.5997
499316,1.7382,2.6005
499317,1.7358,2.6005
499318,1.7350,2.6005
499319,1.7253,2.6021
499320,1.7495,2.5997
499321,1.7399,2.5973
499322,1.7439,2.6005
499323,1.7213,2.5997
499324,1.7334,2.6005
499325,1.7334,2.6021
499326,1.7366,2.6005
499327,1.7407,2.6005
499328,1.7390,2.5997
499329,1.7310,2.5989
499330,1.7399,2.5973
499331,1.7350,2.6005
499332,1.7423,2.6029
499333,1.7334,2.6013
499334,1.7342,2.5997
499335,1.7447,2.6013
499336,1.7350,2.5989
499337,1.7197,2.6021
499338,1.7358,2.6005
499339,1.7358,2.5997
499340,1.7334,2.6005
499341,1.7286,2.5989
499342,1.7382,2.6005
499343,1.7205,2.6021
499344,1.7350,2.5989
499345,1.7527,2.5997
499346,1.7382,2.6005
499347,1.7350,2.6005
499348,1.7334,2.6021
499349,1.7278,2.6021
499350,1.7407,2.6021
499351,1.7544,2.6005
499352,1.7350,2.6037
499353,1.7366,2.6037
499354,1.7382,2.5997
499355,1.7221,2.5989
499356,1.7374,2.6005
499357,1.7390,2.6045
499358,1.7326,2.6005
499359,1.7149,2.6021
499360,1.7366,2.6029
499361,1.7399,2.5997
499362,1.7382,2.6021
499363,1.7334,2.6013
499364,1.7334,2.6005
499365,1.7334,2.5997
499366,1.7366,2.6029
499367,1.7374,2.6053
499368,1.7399,2.6013
499369,1.7205,2.5989
499370,1.7350,2.5973
499371,1.7358,2.6021
499372,1.7399,2.5997
499373,1.7270,2.6013
499374,1.7358,2.5957
499375,1.7326,2.6013
499376,1.7407,2.6029
499377,1.7415,2.6029
499378,1.7237,2.6013
499379,1.7407,2.6021
499380,1.7390,2.5973
499381,1.7366,2.6021
499382,1.7350,2.5997
499383,1.7334,2.6005
499384,1.7358,2.6037
499385,1.7374,2.6013
499386,1.7350,2.6029
499387,1.7366,2.6021
499388,1.7399,2.6021
499389,1.7374,2.6005
499390,1.7366,2.6166
499391,1.7326,2.5997
499392,1.7382,2.5965
499393,1.7350,2.6029
499394,1.7374,2.6021
499395,1.7399,2.6037
499396,1.7358,2.6021
499397,1.7390,2.6037
499398,1.7318,2.5989
499399,1.7366,2.6037
499400,1.7350,2.6029
499401,1.7366,2.6021
499402,1.7390,2.6392
499403,1.7358,2.6005
499404,1.7366,2.5965
499405,1.7407,2.6037
499406,1.7358,2.5916
499407,1.7399,2.6021
499408,1.7366,2.5973
499409,1.7366,2.6029
499410,1.7366,2.6021
499411,1.7358,2.6045
499412,1.7350,2.5997
499413,1.7366,2.6005
499414,1.7350,2.6005
499415,1.7358,2.6037
499416,1.7350,2.6424
499417,1.7318,2.6037
499418,1.7390,2.6029
499419,1.7374,2.6037
499420,1.7358,2.5860
499421,1.7374,2.6021
499422,1.7318,2.6029
499423,1.7318,2.6037
499424,1.7334,2.5916
499425,1.7334,2.6021
499426,1.7382,2.5989
499427,1.7318,2.6029
499428,1.7326,2.6005
499429,1.7326,2.6013
499430,1.7374,2.6005
499431,1.7382,2.6005
499432,1.7358,2.5933
499433,1.7390,2.6029
499434,1.7366,2.5973
499435,1.7390,2.5844
499436,1.7358,2.6029
499437,1.7366,2.5876
499438,1.7358,2.6021
499439,1.7366,2.5997
499440,1.7358,2.6021
499441,1.7390,2.6021
499442,1.7366,2.6053
499443,1.7294,2.6037
499444,1.7390,2.6021
499445,1.7382,2.5973
499446,1.7334,2.6005
499447,1.7366,2.6021
499448,1.7358,2.6029
499449,1.7366,2.5949
499450,1.7358,2.6021
499451,1.7382,2.6013
499452,1.7390,2.5925
499453,1.7399,2.5941
499454,1.7358,2.6029
499455,1.7374,2.5949
499456,1.7407,2.6021
499457,1.7358,2.6207
499458,1.7358,2.6021
499459,1.7390,2.6021
499460,1.7399,2.6045
499461,1.7302,2.6021
499462,1.7399,2.5997
499463,1.7382,2.6005
499464,1.7358,2.5957
499465,1.7350,2.6319
499466,1.7350,2.5981
499467,1.7358,2.6021
499468,1.7407,2.6045
499469,1.7390,2.6021
499470,1.7382,2.6029
499471,1.7334,2.6045
499472,1.7350,2.6174
499473,1.7399,2.6037
499474,1.7350,2.6070
499475,1.7350,2.6037
499476,1.7382,2.6021
499477,1.7407,2.6053
499478,1.7334,2.6053
499479,1.7334,2.6174
499480,1.7390,2.6045
499481,1.7382,2.6062
499482,1.7366,2.5989
499483,1.7407,2.6053
499484,1.7366,2.6013
499485,1.7366,2.6005
499486,1.7390,2.6037
499487,1.7407,2.6021
499488,1.7382,2.6021
499489,1.7407,2.6045
499490,1.7399,2.5957
499491,1.7399,2.6029
499492,1.7407,2.6045
499493,1.7366,2.6037
499494,1.7407,2.6021
499495,1.7399,2.6005
499496,1.7399,2.6005
499497,1.7342,2.6070
499498,1.7423,2.6005
499499,1.7382,2.6037
499500,1.7382,2.6062
499501,1.7399,2.6062
499502,1.7390,2.6062
499503,1.7407,2.6174
499504,1.7399,2.6045
499505,1.7407,2.6021
499506,1.7390,2.6303
499507,1.7334,2.6021
499508,1.7407,2.6126
499509,1.7390,2.6070
499510,1.7407,2.6053
499511,1.7366,2.6021
499512,1.7350,2.6045
499513,1.7447,2.6053
499514,1.7390,2.6053
499515,1.7382,2.6053
499516,1.7390,2.6078
499517,1.7390,2.6029
499518,1.7382,2.6053
499519,1.7342,2.6062
499520,1.7366,2.5868
499521,1.7390,2.5941
499522,1.7382,2.6070
499523,1.7399,2.6029
499524,1.7407,2.6045
499525,1.7399,2.6094
499526,1.7374,2.6045
499527,1.7382,2.5884
499528,1.7407,2.6037
499529,1.7390,2.6037
499530,1.7407,2.6086
499531,1.7407,2.6118
499532,1.7407,2.5876
499533,1.7366,2.6094
499534,1.7390,2.6070
499535,1.7390,2.6102
499536,1.7382,2.6078
499537,1.7407,2.6053
499538,1.7407,2.6037
499539,1.7399,2.6053
499540,1.7382,2.6070
499541,1.7382,2.5916
499542,1.7358,2.6037
499543,1.7407,2.6037
499544,1.7399,2.6062
499545,1.7390,2.5916
499546,1.7407,2.6094
499547,1.7366,2.6037
499548,1.7382,2.6078
499549,1.7407,2.5876
499550,1.7366,2.6053
499551,1.7407,2.6070
499552,1.7407,2.6062
499553,1.7407,2.5989
499554,1.7390,2.6070
499555,1.7407,2.6199
499556,1.7407,2.6062
499557,1.7399,2.5933
499558,1.7399,2.6045
499559,1.7399,2.6150
499560,1.7390,2.6070
499561,1.7407,2.6078
499562,1.7407,2.5941
499563,1.7399,2.6070
499564,1.7366,2.6045
499565,1.7366,2.6053
499566,1.7390,2.6053
499567,1.7399,2.5997
499568,1.7407,2.6070
499569,1.7399,2.6045
499570,1.7382,2.6062
499571,1.7399,2.6062
499572,1.7399,2.6094
499573,1.7407,2.6231
499574,1.7358,2.6094
499575,1.7390,2.6037
499576,1.7407,2.6142
499577,1.7350,2.6037
499578,1.7423,2.6062
499579,1.7399,2.6062
499580,1.7382,2.6086
499581,1.7366,2.6045
499582,1.7374,2.6062
499583,1.7407,2.6062
499584,1.7390,2.6070
499585,1.7358,2.6053
499586,1.7366,2.6053
499587,1.7407,2.6174
499588,1.7366,2.6045
499589,1.7390,2.6062
499590,1.7382,2.6086
499591,1.7399,2.6094
499592,1.7374,2.6070
499593,1.7382,2.6086
499594,1.7415,2.6053
499595,1.7407,2.6086
499596,1.7390,2.6070
499597,1.7399,2.6070
499598,1.7399,2.6062
499599,1.7358,2.6094
499600,1.7390,2.6045
499601,1.7390,2.6078
499602,1.7407,2.6070
499603,1.7407,2.6062
499604,1.7382,2.6045
499605,1.7407,2.6005
499606,1.7382,2.6086
499607,1.7382,2.6029
499608,1.7407,2.6102
499609,1.7407,2.5965
499610,1.7366,2.6070
499611,1.7358,2.6102
499612,1.7399,2.6053
499613,1.7439,2.6053
499614,1.7407,2.6078
499615,1.7390,2.6053
499616,1.7407,2.6070
499617,1.7382,2.6070
499618,1.7407,2.6053
499619,1.7374,2.6086
499620,1.7390,2.6062
499621,1.7407,2.6070
499622,1.7366,2.5997
499623,1.7358,2.6086
499624,1.7407,2.6078
499625,1.7399,2.6062
499626,1.7399,2.6078
499627,1.7366,2.6070
499628,1.7407,2.6062
499629,1.7407,2.6166
499630,1.7374,2.6078
499631,1.7399,2.6062
499632,1.7399,2.6086
499633,1.7407,2.6070
499634,1.7407,2.6062
499635,1.7382,2.6053
499636,1.7382,2.6053
499637,1.7407,2.6070
499638,1.7382,2.6053
499639,1.7407,2.6062
499640,1.7407,2.6094
499641,1.7399,2.6094
499642,1.7407,2.6094
499643,1.7382,2.6086
499644,1.7390,2.6070
499645,1.7390,2.6070
499646,1.7382,2.6021
499647,1.7407,2.6078
499648,1.7390,2.6070
499649,1.7399,2.6005
499650,1.7390,2.6045
499651,1.7407,2.6062
499652,1.7399,2.6078
499653,1.7407,2.6118
499654,1.7390,2.6134
499655,1.7407,2.6005
499656,1.7399,2.6102
499657,1.7382,2.6062
499658,1.7366,2.6166
499659,1.7423,2.6062
499660,1.7390,2.6126
499661,1.7390,2.6118
499662,1.7407,2.6021
499663,1.7407,2.6134
499664,1.7366,2.6094
499665,1.7390,2.6062
499666,1.7382,2.6062
499667,1.7407,2.6070
499668,1.7390,2.5997
499669,1.7366,2.6078
499670,1.7382,2.6078
499671,1.7407,2.6086
499672,1.7399,2.6045
499673,1.7358,2.6045
499674,1.7399,2.6086
499675,1.7399,2.6078
499676,1.7407,2.6126
499677,1.7407,2.6086
499678,1.7390,2.6086
499679,1.7390,2.6070
499680,1.7407,2.6062
499681,1.7390,2.6086
499682,1.7399,2.6078
499683,1.7390,2.6086
499684,1.7399,2.6086
499685,1.7390,2.6110
499686,1.7407,2.6045
499687,1.7407,2.6078
499688,1.7399,2.6078
499689,1.7407,2.6086
499690,1.7382,2.6053
499691,1.7374,2.6102
499692,1.7407,2.6053
499693,1.7399,2.6062
499694,1.7390,2.6110
499695,1.7399,2.6102
499696,1.7415,2.6086
499697,1.7407,2.6086
499698,1.7399,2.6078
499699,1.7399,2.6070
499700,1.7407,2.6086
499701,1.7366,2.6062
499702,1.7407,2.6118
499703,1.7423,2.6102
499704,1.7423,2.6070
499705,1.7407,2.6029
499706,1.7407,2.6102
499707,1.7407,2.6062
499708,1.7382,2.6062
499709,1.7407,2.6070
499710,1.7374,2.6118
499711,1.7415,2.6094
499712,1.7407,2.6126
499713,1.7407,2.6102
499714,1.7399,2.6053
499715,1.7374,2.6086
499716,1.7407,2.6086
499717,1.7382,2.6062
499718,1.7407,2.6086
499719,1.7390,2.6086
499720,1.7407,2.6045
499721,1.7407,2.6053
499722,1.7407,2.6094
499723,1.7407,2.6086
499724,1.7407,2.6086
499725,1.7407,2.6094
499726,1.7390,2.6062
499727,1.7390,2.6070
499728,1.7374,2.6094
499729,1.7407,2.6070
499730,1.7399,2.6062
499731,1.7399,2.6094
499732,1.7415,2.6086
499733,1.7390,2.6134
499734,1.7407,2.6094
499735,1.7415,2.6118
499736,1.7358,2.6094
499737,1.7407,2.6037
499738,1.7407,2.6094
499739,1.7382,2.6086
499740,1.7390,2.6062
499741,1.7415,2.6094
499742,1.7415,2.6134
499743,1.7399,2.6094
499744,1.7382,2.6005
499745,1.7374,2.6110
499746,1.7366,2.6037
499747,1.7382,2.6102
499748,1.7358,2.6094
499749,1.7407,2.6078
499750,1.7399,2.6086
499751,1.7439,2.6150
499752,1.7455,2.6086
499753,1.7407,2.6134
499754,1.7407,2.6102
499755,1.7407,2.6102
499756,1.7399,2.6174
499757,1.7407,2.6086
499758,1.7415,2.6078
499759,1.7407,2.6094
499760,1.7399,2.6102
499761,1.7407,2.6102
499762,1.7382,2.6094
499763,1.7407,2.6070
499764,1.7407,2.6102
499765,1.7399,2.6086
499766,1.7407,2.6166
499767,1.7407,2.6102
499768,1.7527,2.6005
499769,1.7407,2.6086
499770,1.7407,2.6118
499771,1.7527,2.6118
499772,1.7407,2.6070
499773,1.7431,2.6086
499774,1.7415,2.6094
499775,1.7407,2.6102
499776,1.7407,2.6102
499777,1.7431,2.6070
499778,1.7423,2.6086
499779,1.7382,2.6086
499780,1.7407,2.6062
499781,1.7390,2.6094
499782,1.7390,2.6094
499783,1.7407,2.6102
499784,1.7415,2.6126
499785,1.7407,2.6110
499786,1.7399,2.6086
499787,1.7407,2.6150
499788,1.7390,2.6126
499789,1.7302,2.6094
499790,1.7407,2.6086
499791,1.7366,2.6126
499792,1.7399,2.6118
499793,1.7407,2.6070
499794,1.7431,2.6094
499795,1.7326,2.6118
499796,1.7431,2.6102
499797,1.7407,2.6045
499798,1.7399,2.6102
499799,1.7415,2.6118
499800,1.7407,2.6070
499801,1.7407,2.6086
499802,1.7399,2.6102
499803,1.7407,2.6102
499804,1.7399,2.6094
499805,1.7407,2.6102
499806,1.7407,2.6086
499807,1.7407,2.6086
499808,1.7407,2.6102
499809,1.7407,2.6086
499810,1.7407,2.6118
499811,1.7407,2.6166
499812,1.7407,2.6126
499813,1.7407,2.6150
499814,1.7407,2.6126
499815,1.7407,2.6126
499816,1.7407,2.6094
499817,1.7399,2.6102
499818,1.7431,2.6094
499819,1.7399,2.6102
499820,1.7407,2.6102
499821,1.7358,2.6094
499822,1.7431,2.6070
499823,1.7407,2.6126
499824,1.7382,2.6094
499825,1.7431,2.6094
499826,1.7278,2.6118
499827,1.7294,2.6102
499828,1.7407,2.6086
499829,1.7407,2.6102
499830,1.7382,2.6086
499831,1.7407,2.6094
499832,1.7431,2.6134
499833,1.7415,2.6102
499834,1.7399,2.6118
499835,1.7407,2.6094
499836,1.7407,2.6150
499837,1.7407,2.6086
499838,1.7382,2.6134
499839,1.7423,2.6102
499840,1.7382,2.6086
499841,1.7399,2.6110
499842,1.7407,2.6094
499843,1.7415,2.6134
499844,1.7568,2.6102
499845,1.7455,2.6070
499846,1.7399,2.6086
499847,1.7536,2.6070
499848,1.7431,2.6102
499849,1.7431,2.6134
499850,1.7390,2.6086
499851,1.7407,2.6118
499852,1.7431,2.6118
499853,1.7423,2.6070
499854,1.7382,2.6094
499855,1.7519,2.6118
499856,1.7278,2.6118
499857,1.7608,2.6102
499858,1.7415,2.6078
499859,1.7495,2.6094
499860,1.7423,2.6086
499861,1.7399,2.6134
499862,1.7350,2.6102
499863,1.7407,2.6102
499864,1.7415,2.6118
499865,1.7423,2.6086
499866,1.7415,2.6102
499867,1.7390,2.6126
499868,1.7407,2.6142
499869,1.7173,2.6118
499870,1.7415,2.6094
499871,1.7407,2.6118
499872,1.7407,2.6102
499873,1.7415,2.6118
499874,1.7415,2.6134
499875,1.7407,2.6094
499876,1.7366,2.6118
499877,1.7407,2.6094
499878,1.7407,2.5812
499879,1.7270,2.6142
499880,1.7382,2.6134
499881,1.7399,2.6134
499882,1.7407,2.6134
499883,1.7407,2.6126
499884,1.7407,2.6070
499885,1.7399,2.6118
499886,1.7407,2.6126
499887,1.7407,2.6086
499888,1.7423,2.6094
499889,1.7399,2.6118
499890,1.7415,2.6102
499891,1.7415,2.6094
499892,1.7407,2.6150
499893,1.7431,2.6094
499894,1.7407,2.6102
499895,1.7390,2.6094
499896,1.7407,2.6102
499897,1.7407,2.6102
499898,1.7407,2.6134
499899,1.7407,2.6102
499900,1.7431,2.6118
499901,1.7415,2.6118
499902,1.7399,2.6158
499903,1.7399,2.6086
499904,1.7407,2.6247
499905,1.7390,2.6102
499906,1.7431,2.6126
499907,1.7463,2.6142
499908,1.7439,2.6489
499909,1.7407,2.6110
499910,1.7374,2.6336
499911,1.7423,2.6150
499912,1.7382,2.6134
499913,1.7399,2.6102
499914,1.7399,2.5916
499915,1.7407,2.6134
499916,1.7390,2.6118
499917,1.7407,2.6118
499918,1.7366,2.6295
499919,1.7407,2.6126
499920,1.7423,2.6102
499921,1.7407,2.6086
499922,1.7399,2.6134
499923,1.7390,2.6126
499924,1.7407,2.6070
499925,1.7407,2.6126
499926,1.7407,2.6094
499927,1.7407,2.6134
499928,1.7407,2.6037
499929,1.7415,2.6126
499930,1.7415,2.6086
499931,1.7415,2.6102
499932,1.7407,2.6118
499933,1.7431,2.6126
499934,1.7415,2.6126
499935,1.7407,2.5933
499936,1.7431,2.6126
499937,1.7447,2.6070
499938,1.7431,2.6126
499939,1.7415,2.6102
499940,1.7431,2.6126
499941,1.7415,2.6150
499942,1.7407,2.6102
499943,1.7423,2.5828
499944,1.7407,2.6094
499945,1.7415,2.6150
499946,1.7382,2.6126
499947,1.7423,2.6102
499948,1.7407,2.6118
499949,1.7407,2.6102
499950,1.7407,2.6126
499951,1.7423,2.5997
499952,1.7399,2.6110
499953,1.7407,2.6134
499954,1.7407,2.6142
499955,1.7431,2.6150
499956,1.7447,2.6142
499957,1.7455,2.6134
499958,1.7407,2.6134
499959,1.7407,2.6053
499960,1.7423,2.6102
499961,1.7366,2.6094
499962,1.7431,2.6094
499963,1.7407,2.6102
499964,1.7431,2.6102
499965,1.7399,2.6118
499966,1.7399,2.6142
499967,1.7407,2.6142
499968,1.7399,2.5973
499969,1.7415,2.5916
499970,1.7407,2.6126
499971,1.7407,2.6110
499972,1.7407,2.6134
499973,1.7407,2.6134
499974,1.7439,2.6078
499975,1.7407,2.6142
499976,1.7382,2.6150
499977,1.7431,2.6134
499978,1.7407,2.6150
499979,1.7431,2.5925
499980,1.7407,2.6078
499981,1.7407,2.6126
499982,1.7399,2.6158
499983,1.7415,2.6166
499984,1.7399,2.6134
499985,1.7415,2.6215
499986,1.7423,2.6102
499987,1.7407,2.6134
499988,1.7431,2.6166
499989,1.7407,2.6190
499990,1.7407,2.6134
499991,1.7407,2.6126
499992,1.7399,2.6062
499993,1.7407,2.6102
499994,1.7407,2.6166
499995,1.7407,2.6158
499996,1.7431,2.6134
499997,1.7407,2.6134
499998,1.7415,2.6118
499999,1.7407,2.6134
500000,1.7407,2.6158
500001,1.7407,2.6166
500002,1.7415,2.6086
500003,1.7423,2.6118
500004,1.7407,2.6118
500005,1.7415,2.6126
500006,1.7399,2.6166
500007,1.7407,2.6263
500008,1.7399,2.6247
500009,1.7415,2.5916
500010,1.7407,2.6150
500011,1.7407,2.6126
500012,1.7407,2.5925
500013,1.7407,2.6078
500014,1.7415,2.6102
500015,1.7431,2.6134
500016,1.7471,2.6150
500017,1.7423,2.6134
500018,1.7423,2.5957
500019,1.7431,2.6344
500020,1.7511,2.6199
500021,1.7415,2.6166
500022,1.7407,2.6174
500023,1.7415,2.6150
500024,1.7447,2.6118
500025,1.7447,2.6134
500026,1.7415,2.6102
500027,1.7415,2.6126
500028,1.7431,2.6134
500029,1.7415,2.6150
500030,1.7455,2.6134
500031,1.7431,2.6053
500032,1.7463,2.6126
500033,1.7447,2.6166
500034,1.7455,2.6126
500035,1.7447,2.5989
500036,1.7463,2.6118
500037,1.7455,2.6005
500038,1.7407,2.6150
500039,1.7415,2.5965
500040,1.7431,2.6166
500041,1.7382,2.6134
500042,1.7423,2.6150
500043,1.7447,2.6126
500044,1.7463,2.6118
500045,1.7415,2.6126
500046,1.7431,2.6134
500047,1.7407,2.6287
500048,1.7423,2.6118
500049,1.7431,2.6094
500050,1.7431,2.6102
500051,1.7431,2.6094
500052,1.7431,2.6166
500053,1.7407,2.6150
500054,1.7431,2.6102
500055,1.7415,2.5916
500056,1.7415,2.6102
500057,1.7407,2.6118
500058,1.7455,2.6134
500059,1.7407,2.6150
500060,1.7423,2.6126
500061,1.7455,2.6158
500062,1.7415,2.6126
500063,1.7407,2.6070
500064,1.7407,2.6166
500065,1.7423,2.6408
500066,1.7415,2.6134
500067,1.7407,2.6166
500068,1.7423,2.6158
500069,1.7431,2.6134
500070,1.7423,2.6150
500071,1.7463,2.6166
500072,1.7407,2.6166
500073,1.7455,2.6215
500074,1.7423,2.6070
500075,1.7407,2.6126
500076,1.7423,2.6174
500077,1.7415,2.6150
500078,1.7439,2.6158
500079,1.7495,2.6150
500080,1.7407,2.6086
500081,1.7423,2.6102
500082,1.7447,2.6158
500083,1.7415,2.6279
500084,1.7415,2.6150
500085,1.7447,2.6142
500086,1.7447,2.6134
500087,1.7423,2.6174
500088,1.7431,2.6166
500089,1.7407,2.6166
500090,1.7447,2.6158
500091,1.7423,2.6150
500092,1.7447,2.6166
500093,1.7423,2.6150
500094,1.7407,2.6182
500095,1.7407,2.6150
500096,1.7447,2.6166
500097,1.7407,2.6166
500098,1.7455,2.6174
500099,1.7431,2.6094
500100,1.7487,2.6166
500101,1.7439,2.6231
500102,1.7423,2.6174
500103,1.7479,2.6279
500104,1.7463,2.6166
500105,1.7479,2.6174
500106,1.7431,2.6182
500107,1.7447,2.6174
500108,1.7423,2.6182
500109,1.7431,2.6182
500110,1.7455,2.6182
500111,1.7447,2.6182
500112,1.7447,2.6174
500113,1.7431,2.6174
500114,1.7487,2.6199
500115,1.7447,2.6174
500116,1.7463,2.6199
500117,1.7423,2.6199
500118,1.7423,2.6190
500119,1.7439,2.6182
500120,1.7431,2.6223
500121,1.7455,2.6182
500122,1.7423,2.6199
500123,1.7439,2.6182
500124,1.7439,2.6207
500125,1.7463,2.6190
500126,1.7463,2.6190
500127,1.7407,2.6199
500128,1.7487,2.6166
500129,1.7423,2.6182
500130,1.7479,2.6287
500131,1.7463,2.6182
500132,1.7415,2.6174
500133,1.7455,2.6215
500134,1.7487,2.6158
500135,1.7479,2.6174
500136,1.7455,2.6182
500137,1.7487,2.6199
500138,1.7479,2.6295
500139,1.7423,2.6223
500140,1.7487,2.6182
500141,1.7471,2.6190
500142,1.7487,2.6207
500143,1.7455,2.6207
500144,1.7431,2.6182
500145,1.7431,2.6199
500146,1.7463,2.6215
500147,1.7511,2.6215
500148,1.7479,2.6255
500149,1.7503,2.6190
500150,1.7439,2.6199
500151,1.7455,2.6231
500152,1.7487,2.6199
500153,1.7455,2.6158
500154,1.7479,2.6182
500155,1.7519,2.6263
500156,1.7479,2.6207
500157,1.7495,2.6223
500158,1.7479,2.6174
500159,1.7479,2.6215
500160,1.7463,2.6182
500161,1.7487,2.6190
500162,1.7479,2.6174
500163,1.7463,2.6231
500164,1.7495,2.6247
500165,1.7511,2.6199
500166,1.7463,2.6287
500167,1.7536,2.6215
500168,1.7487,2.6223
500169,1.7519,2.6247
500170,1.7536,2.6199
500171,1.7519,2.6174
500172,1.7503,2.6311
500173,1.7511,2.6174
500174,1.7495,2.6174
500175,1.7519,2.6231
500176,1.7463,2.6215
500177,1.7495,2.6223
500178,1.7455,2.6231
500179,1.7511,2.6199
500180,1.7552,2.6182
500181,1.7487,2.6190
500182,1.7527,2.6247
500183,1.7511,2.6231
500184,1.7519,2.6215
500185,1.7495,2.6199
500186,1.7536,2.6231
500187,1.7503,2.6174
500188,1.7511,2.6223
500189,1.7527,2.6231
500190,1.7527,2.6199
500191,1.7544,2.6215
500192,1.7455,2.6199
500193,1.7487,2.6199
500194,1.7463,2.6223
500195,1.7536,2.6255
500196,1.7511,2.6223
500197,1.7511,2.6207
500198,1.7511,2.6223
500199,1.7503,2.6166
500200,1.7560,2.6199
500201,1.7536,2.6215
500202,1.7544,2.6247
500203,1.7495,2.6231
500204,1.7487,2.6215
500205,1.7527,2.6190
500206,1.7495,2.6223
500207,1.7560,2.6174
500208,1.7536,2.6231
500209,1.7511,2.6215
500210,1.7519,2.6231
500211,1.7519,2.6174
500212,1.7560,2.6223
500213,1.7527,2.6231
500214,1.7519,2.6166
500215,1.7519,2.6182
500216,1.7552,2.6190
500217,1.7552,2.6174
500218,1.7552,2.6207
500219,1.7519,2.6174
500220,1.7544,2.6182
500221,1.7519,2.6279
500222,1.7544,2.6174
500223,1.7544,2.6199
500224,1.7576,2.6158
500225,1.7527,2.6223
500226,1.7536,2.6174
500227,1.7552,2.6174
500228,1.7495,2.6174
500229,1.7527,2.6174
500230,1.7487,2.6182
500231,1.7576,2.6142
500232,1.7681,2.6190
500233,1.7503,2.6182
500234,1.7544,2.6158
500235,1.7544,2.6239
500236,1.7519,2.6190
500237,1.7519,2.6174
500238,1.7350,2.6182
500239,1.7544,2.6134
500240,1.7544,2.6166
500241,1.7552,2.6174
500242,1.7519,2.6158
500243,1.7568,2.6174
500244,1.7560,2.6174
500245,1.7536,2.6174
500246,1.7495,2.6134
500247,1.7624,2.6174
500248,1.7552,2.6174
500249,1.7552,2.6142
500250,1.7536,2.6174
500251,1.7511,2.6166
500252,1.7544,2.6150
500253,1.7536,2.6174
500254,1.7544,2.6158
500255,1.7527,2.6174
500256,1.7544,2.6174
500257,1.7560,2.6190
500258,1.7536,2.6166
500259,1.7576,2.6158
500260,1.7584,2.6174
500261,1.7592,2.6174
500262,1.7536,2.6150
500263,1.7898,2.6166
500264,1.7745,2.6190
500265,1.7616,2.6166
500266,1.7536,2.6166
500267,1.7503,2.6158
500268,1.7560,2.6174
500269,1.7664,2.6126
500270,1.7544,2.6174
500271,1.7527,2.6158
500272,1.7576,2.6150
500273,1.7664,2.6174
500274,1.7560,2.6223
500275,1.7536,2.6150
500276,1.7560,2.6166
500277,1.7487,2.6110
500278,1.7616,2.6174
500279,1.7544,2.6166
500280,1.7592,2.6150
500281,1.7519,2.6126
500282,1.7544,2.6174
500283,1.7536,2.6215
500284,1.7544,2.6158
500285,1.7560,2.6118
500286,1.7544,2.6142
500287,1.7560,2.6150
500288,1.7616,2.6142
500289,1.7624,2.6134
500290,1.7519,2.6166
500291,1.7568,2.6094
500292,1.7608,2.6086
500293,1.7536,2.6174
500294,1.7584,2.6166
500295,1.7576,2.6086
500296,1.7616,2.6134
500297,1.7568,2.6126
500298,1.7592,2.6086
500299,1.7608,2.6142
500300,1.7584,2.6134
500301,1.7576,2.6134
500302,1.7608,2.6150
500303,1.7560,2.6070
500304,1.7447,2.6190
500305,1.7560,2.6053
500306,1.7624,2.6118
500307,1.7568,2.6110
500308,1.7616,2.6102
500309,1.7584,2.6134
500310,1.7423,2.6190
500311,1.7592,2.6078
500312,1.7624,2.6166
500313,1.7640,2.6102
500314,1.7608,2.6118
500315,1.7640,2.6126
500316,1.7600,2.6110
500317,1.7785,2.6102
500318,1.7624,2.6102
500319,1.7648,2.6150
500320,1.7608,2.6126
500321,1.7616,2.6102
500322,1.7632,2.6134
500323,1.7608,2.6126
500324,1.7616,2.6134
500325,1.7616,2.6134
500326,1.7463,2.6126
500327,1.7689,2.6126
500328,1.7584,2.6134
500329,1.7592,2.6070
500330,1.7777,2.6094
500331,1.7640,2.6166
500332,1.7616,2.6094
500333,1.7624,2.6118
500334,1.7624,2.6094
500335,1.7608,2.6102
500336,1.7616,2.6118
500337,1.7608,2.6142
500338,1.7648,2.6118
500339,1.7745,2.6126
500340,1.7640,2.6102
500341,1.7536,2.6126
500342,1.7358,2.6126
500343,1.7664,2.6134
500344,1.7664,2.6134
500345,1.7640,2.6134
500346,1.7592,2.6102
500347,1.7479,2.6150
500348,1.7656,2.6166
500349,1.7632,2.6174
500350,1.7721,2.6094
500351,1.7664,2.6158
500352,1.7624,2.6158
500353,1.7673,2.6126
500354,1.7656,2.6158
500355,1.7600,2.6158
500356,1.7616,2.6134
500357,1.7664,2.6126
500358,1.7705,2.6118
500359,1.7664,2.6166
500360,1.7664,2.6166
500361,1.7785,2.6134
500362,1.7664,2.6126
500363,1.7624,2.6134
500364,1.7664,2.6126
500365,1.7664,2.6142
500366,1.7656,2.6150
500367,1.7664,2.6158
500368,1.7648,2.6142
500369,1.7640,2.6134
500370,1.7648,2.6166
500371,1.7536,2.6142
500372,1.7632,2.6158
500373,1.7664,2.6158
500374,1.7681,2.6166
500375,1.7777,2.6174
500376,1.7664,2.6158
500377,1.7673,2.6150
500378,1.7648,2.6150
500379,1.7648,2.6166
500380,1.7664,2.6158
500381,1.7656,2.6158
500382,1.7664,2.6158
500383,1.7664,2.6166
500384,1.7664,2.6174
500385,1.7648,2.6158
500386,1.7656,2.6174
500387,1.7616,2.6174
500388,1.7673,2.6174
500389,1.7689,2.6166
500390,1.7673,2.6150
500391,1.7664,2.6174
500392,1.7656,2.6174
500393,1.7681,2.6182
500394,1.7681,2.6199
500395,1.7818,2.6166
500396,1.7656,2.6174
500397,1.7673,2.6174
500398,1.7592,2.6086
500399,1.7673,2.6174
500400,1.7656,2.6182
500401,1.7689,2.6190
500402,1.7648,2.6190
500403,1.7519,2.6207
500404,1.7681,2.6174
500405,1.7664,2.6207
500406,1.7705,2.6174
500407,1.7681,2.6182
500408,1.7664,2.6231
500409,1.7656,2.6190
500410,1.7705,2.6199
500411,1.7664,2.6199
500412,1.7664,2.6223
500413,1.7664,2.6231
500414,1.7721,2.6360
500415,1.7689,2.6263
500416,1.7697,2.6263
500417,1.7673,2.6247
500418,1.7697,2.6053
500419,1.7673,2.6247
500420,1.7664,2.6295
500421,1.7664,2.6263
500422,1.7721,2.6432
500423,1.7664,2.6311
500424,1.7689,2.6311
500425,1.7705,2.6303
500426,1.7713,2.6336
500427,1.7697,2.6360
500428,1.7681,2.6319
500429,1.7705,2.6327
500430,1.7673,2.6215
500431,1.7721,2.6247
500432,1.7705,2.6384
500433,1.7664,2.6352
500434,1.7713,2.6360
500435,1.7705,2.6336
500436,1.7664,2.6392
500437,1.7681,2.6319
500438,1.7697,2.6384
500439,1.7656,2.6497
500440,1.7689,2.6424
500441,1.7673,2.6440
500442,1.7664,2.6432
500443,1.7664,2.6456
500444,1.7664,2.6432
500445,1.7656,2.6432
500446,1.7697,2.6432
500447,1.7721,2.6473
500448,1.7689,2.6481
500449,1.7664,2.6577
500450,1.7705,2.6505
500451,1.7681,2.6553
500452,1.7673,2.6561
500453,1.7673,2.6561
500454,1.7737,2.6569
500455,1.7713,2.6553
500456,1.7737,2.6553
500457,1.7689,2.6577
500458,1.7713,2.6610
500459,1.7664,2.6610
500460,1.7689,2.6593
500461,1.7713,2.6650
500462,1.7705,2.6666
500463,1.7713,2.6690
500464,1.7705,2.6634
500465,1.7697,2.6714
500466,1.7689,2.6795
500467,1.7713,2.6706
500468,1.7721,2.6714
500469,1.7737,2.6730
500470,1.7721,2.6771
500471,1.7737,2.6795
500472,1.7713,2.6843
500473,1.7745,2.6779
500474,1.7753,2.6972
500475,1.7729,2.6924
500476,1.7810,2.6948
500477,1.7673,2.7004
500478,1.7753,2.7093
500479,1.7753,2.7206
500480,1.7769,2.7262
500481,1.7793,2.7448
500482,1.7793,2.7577
500483,1.7785,2.7722
500484,1.7842,2.8004
500485,1.7801,2.7955
500486,1.7801,2.8149
500487,1.7834,2.8262
500488,1.7818,2.8439
500489,1.7826,2.8592
500490,1.7874,2.8721
500491,1.7874,2.8745
500492,1.7914,2.9309
500493,1.7914,2.9253
500494,1.7906,2.9349
500495,1.7898,2.9543
500496,1.7922,2.9817
500497,1.7930,2.9938
500498,1.7995,3.0067
500499,1.7995,3.0244
500500,1.8027,3.0316
500501,1.8035,3.0453
500502,1.8043,3.0550
500503,1.8035,3.0453
500504,1.8011,3.0824
500505,1.8075,3.0953
500506,1.8148,3.1114
500507,1.8140,3.1187
500508,1.8108,3.1324
500509,1.8180,3.1477
500510,1.8140,3.1654
500511,1.8180,3.1727
500512,1.8180,3.1832
500513,1.8180,3.1743
500514,1.8180,3.2073
500515,1.8212,3.2081
500516,1.8221,3.2315
500517,1.8237,3.2242
500518,1.8237,3.2436
500519,1.8253,3.2581
500520,1.8269,3.2565
500521,1.8317,3.2565
500522,1.8325,3.2790
500523,1.8333,3.2871
500524,1.8285,3.2879
500525,1.8325,3.2976
500526,1.8366,3.3000
500527,1.8301,3.3000
500528,1.8309,3.3000
500529,1.8325,3.3000
500530,1.8333,3.3000
500531,1.8317,3.2678
500532,1.8341,3.3000
500533,1.8333,3.3000
500534,1.8317,3.3000
500535,1.8333,3.3000
500536,1.8333,3.3000
500537,1.8285,3.3000
500538,1.8317,3.3000
500539,1.8309,3.3000
500540,1.8358,3.3000
500541,1.8341,3.3000
500542,1.8317,3.3000
500543,1.8301,3.3000
500544,1.8325,3.3000
500545,1.8293,3.3000
500546,1.8301,3.3000
500547,1.8285,3.3000
500548,1.8269,3.3000
500549,1.8301,3.3000
500550,1.8277,3.3000
500551,1.8269,3.3000
500552,1.8293,3.3000
500553,1.8261,3.3000
500554,1.8269,3.3000
500555,1.8204,3.3000
500556,1.8261,3.3000
500557,1.8204,3.3000
500558,1.8221,3.3000
500559,1.8237,3.3000
500560,1.8204,3.3000
500561,1.8212,3.3000
500562,1.8221,3.3000
500563,1.8180,3.3000
500564,1.8196,3.3000
500565,1.8156,3.3000
500566,1.8172,3.3000
500567,1.8188,3.3000
500568,1.8180,3.3000
500569,1.8180,3.3000
500570,1.8108,3.3000
500571,1.8180,3.3000
500572,1.8188,3.3000
500573,1.8180,3.3000
500574,1.8156,3.3000
500575,1.8092,3.3000
500576,1.8156,3.3000
500577,1.8180,3.3000
500578,1.8180,3.3000
500579,1.8156,3.3000
500580,1.8172,3.3000
500581,1.8100,3.3000
500582,1.8067,3.3000
500583,1.8140,3.3000
500584,1.8156,3.3000
500585,1.8084,3.3000
500586,1.8132,3.3000
500587,1.8108,3.3000
500588,1.8148,3.3000
500589,1.8092,3.3000
500590,1.8164,3.3000
500591,1.8075,3.3000
500592,1.8108,3.3000
500593,1.8108,3.3000
500594,1.8084,3.3000
500595,1.8075,3.3000
500596,1.8092,3.3000
500597,1.8075,3.3000
500598,1.8067,3.3000
500599,1.8092,3.3000
500600,1.8067,3.3000
500601,1.8067,3.3000
500602,1.8108,3.3000
500603,1.8059,3.3000
500604,1.8059,3.3000
500605,1.8043,3.3000
500606,1.8051,3.3000
500607,1.8108,3.3000
500608,1.8035,3.3000
500609,1.8027,3.3000
500610,1.8059,3.3000
500611,1.8027,3.3000
500612,1.8092,3.3000
500613,1.8067,3.3000
500614,1.8011,3.3000
500615,1.8043,3.3000
500616,1.8059,3.3000
500617,1.8051,3.3000
500618,1.8051,3.3000
500619,1.8019,3.3000
500620,1.8067,3.3000
500621,1.8011,3.3000
500622,1.8051,3.3000
500623,1.8027,3.3000
500624,1.8035,3.3000
500625,1.8051,3.3000
500626,1.8027,3.3000
500627,1.8067,3.3000
500628,1.7979,3.3000
500629,1.8051,3.3000
500630,1.8035,3.3000
500631,1.8035,3.3000
500632,1.8035,3.3000
500633,1.8043,3.3000
500634,1.8027,3.3000
500635,1.8051,3.3000
500636,1.8011,3.3000
500637,1.8003,3.3000
500638,1.8051,3.3000
500639,1.8067,3.3000
500640,1.8011,3.3000
500641,1.7963,3.3000
500642,1.8035,3.3000
500643,1.8035,3.3000
500644,1.8059,3.3000
500645,1.8051,3.3000
500646,1.7995,3.3000
500647,1.8011,3.3000
500648,1.8043,3.3000
500649,1.8067,3.3000
500650,1.8043,3.3000
500651,1.8043,3.3000
500652,1.8027,3.3000
500653,1.7995,3.3000
500654,1.7995,3.3000
500655,1.8035,3.3000
500656,1.8003,3.3000
500657,1.8059,3.3000
500658,1.7979,3.3000
500659,1.8027,3.3000
500660,1.8075,3.3000
500661,1.8035,3.3000
500662,1.8035,3.3000
500663,1.8011,3.2887
500664,1.8027,3.2927
500665,1.8051,3.2895
500666,1.8035,3.2847
500667,1.8011,3.2758
500668,1.8043,3.2621
500669,1.8043,3.2621
500670,1.8011,3.2549
500671,1.7963,3.2484
500672,1.7979,3.2355
500673,1.8011,3.2307
500674,1.8035,3.2138
500675,1.7979,3.2041
500676,1.7947,3.1823
500677,1.7930,3.1727
500678,1.7947,3.1549
500679,1.7979,3.1445
500680,1.8003,3.1090
500681,1.7947,3.0937
500682,1.7955,3.0647
500683,1.7947,3.0341
500684,1.7922,3.0188
500685,1.7930,2.9914
500686,1.7914,2.9777
500687,1.7922,2.9728
500688,1.7938,2.9752
500689,1.7963,2.9785
500690,1.7922,2.9841
500691,1.7922,2.9905
500692,1.7922,3.0034
500693,1.7922,3.0099
500694,1.7963,3.0260
500695,1.7955,3.0300
500696,1.7947,3.0357
500697,1.7971,3.0526
500698,1.7930,3.0615
500699,1.8011,3.0768
500700,1.7979,3.0808
500701,1.8019,3.0969
500702,1.8003,3.1034
500703,1.7979,3.1098
500704,1.7947,3.1227
500705,1.7995,3.1292
500706,1.7963,3.1404
500707,1.7995,3.1549
500708,1.8051,3.1566
500709,1.7971,3.1614
500710,1.8003,3.1743
500711,1.8011,3.1791
500712,1.8051,3.1896
500713,1.8051,3.1936
500714,1.8067,3.2105
500715,1.8051,3.2178
500716,1.8092,3.2186
500717,1.8059,3.2226
500718,1.8059,3.2355
500719,1.8092,3.2291
500720,1.8075,3.2460
500721,1.8180,3.2484
500722,1.8140,3.2573
500723,1.8164,3.2621
500724,1.8140,3.2726
500725,1.8084,3.2903
500726,1.8092,3.2807
500727,1.8156,3.2839
500728,1.8180,3.2879
500729,1.8180,3.2903
500730,1.8172,3.3000
500731,1.8172,3.3000
500732,1.8180,3.3000
500733,1.8221,3.3000
500734,1.8188,3.3000
500735,1.8180,3.3000
500736,1.8180,3.3000
500737,1.8180,3.3000
500738,1.8140,3.3000
500739,1.8229,3.3000
500740,1.8204,3.3000
500741,1.8261,3.3000
500742,1.8229,3.3000
500743,1.8253,3.3000
500744,1.8180,3.3000
500745,1.8229,3.3000
500746,1.8221,3.3000
500747,1.8221,3.3000
500748,1.8237,3.3000
500749,1.8229,3.3000
500750,1.8277,3.3000
500751,1.8237,3.3000
500752,1.8269,3.3000
500753,1.8237,3.3000
500754,1.8301,3.3000
500755,1.8229,3.3000
500756,1.8349,3.3000
500757,1.8204,3.3000
500758,1.8237,3.3000
500759,1.8285,3.3000
500760,1.8261,3.3000
500761,1.8237,3.3000
500762,1.8253,3.3000
500763,1.8196,3.3000
500764,1.8317,3.3000
500765,1.8180,3.3000
500766,1.8132,3.3000
500767,1.8204,3.3000
500768,1.8454,3.3000
500769,1.8341,3.3000
500770,1.8196,3.3000
500771,1.8293,3.3000
500772,1.8196,3.3000
500773,1.8221,3.3000
500774,1.8188,3.3000
500775,1.8180,3.3000
500776,1.8204,3.3000
500777,1.8204,3.3000
500778,1.8229,3.3000
500779,1.8229,3.3000
500780,1.8132,3.3000
500781,1.7890,3.3000
500782,1.8204,3.3000
500783,1.8237,3.3000
500784,1.8164,3.3000
500785,1.8196,3.3000
500786,1.8180,3.3000
500787,1.8180,3.3000
500788,1.8180,3.3000
500789,1.8140,3.3000
500790,1.8180,3.3000
500791,1.8188,3.3000
500792,1.8172,3.3000
500793,1.8398,3.3000
500794,1.8180,3.3000
500795,1.8180,3.3000
500796,1.8164,3.3000
500797,1.8172,3.3000
500798,1.8180,3.3000
500799,1.8180,3.3000
500800,1.8172,3.3000
500801,1.8124,3.3000
500802,1.8204,3.3000
500803,1.8180,3.3000
500804,1.8188,3.3000
500805,1.8164,3.3000
500806,1.8188,3.3000
500807,1.8382,3.3000
500808,1.8140,3.3000
500809,1.8100,3.3000
500810,1.8180,3.3000
500811,1.8156,3.3000
500812,1.8100,3.3000
500813,1.8140,3.3000
500814,1.8188,3.3000
500815,1.8180,3.3000
500816,1.8180,3.3000
500817,1.8100,3.3000
500818,1.8124,3.3000
500819,1.8148,3.3000
500820,1.8180,3.3000
500821,1.8180,3.3000
500822,1.8092,3.3000
500823,1.8084,3.3000
500824,1.8180,3.3000
500825,1.8172,3.3000
500826,1.8164,3.3000
500827,1.8132,3.3000
500828,1.8140,3.3000
500829,1.8092,3.3000
500830,1.8261,3.3000
500831,1.8180,3.3000
500832,1.8156,3.3000
500833,1.8156,3.3000
500834,1.8269,3.3000
500835,1.8156,3.3000
500836,1.8124,3.3000
500837,1.8148,3.3000
500838,1.7971,3.3000
500839,1.8100,3.3000
500840,1.8204,3.3000
500841,1.8164,3.3000
500842,1.8067,3.3000
500843,1.8059,3.3000
500844,1.8180,3.3000
500845,1.8172,3.3000
500846,1.8100,3.3000
500847,1.8092,3.3000
500848,1.8358,3.3000
500849,1.8051,3.3000
500850,1.8092,3.3000
500851,1.8059,3.3000
500852,1.8172,3.3000
500853,1.8349,3.3000
500854,1.8084,3.3000
500855,1.8092,3.3000
500856,1.8124,3.3000
500857,1.8084,3.3000
500858,1.8051,3.3000
500859,1.8051,3.3000
500860,1.8132,3.3000
500861,1.8100,3.3000
500862,1.8172,3.3000
500863,1.8156,3.3000
500864,1.8084,3.3000
500865,1.8108,3.3000
500866,1.8067,3.3000
500867,1.7930,3.3000
500868,1.8092,3.3000
500869,1.8100,3.3000
500870,1.8051,3.3000
500871,1.8092,3.3000
500872,1.8156,3.3000
500873,1.8051,3.3000
500874,1.8051,3.3000
500875,1.8269,3.3000
500876,1.8027,3.3000
500877,1.8075,3.3000
500878,1.8059,3.3000
500879,1.8059,3.3000
500880,1.8059,3.3000
500881,1.8180,3.3000
500882,1.8059,3.3000
500883,1.8075,3.3000
500884,1.8011,3.3000
500885,1.8011,3.3000
500886,1.8059,3.3000
500887,1.8132,3.3000
500888,1.8059,3.3000
500889,1.7922,3.3000
500890,1.8011,3.3000
500891,1.8051,3.3000
500892,1.8027,3.3000
500893,1.8019,3.3000
500894,1.8084,3.3000
500895,1.7930,3.3000
500896,1.8035,3.3000
500897,1.7971,3.3000
500898,1.8027,3.3000
500899,1.7971,3.3000
500900,1.8035,3.3000
500901,1.7979,3.3000
500902,1.8043,3.3000
500903,1.8011,3.3000
500904,1.8027,3.3000
500905,1.8011,3.3000
500906,1.8027,3.3000
500907,1.7979,3.3000
500908,1.8035,3.3000
500909,1.7995,3.3000
500910,1.7979,3.3000
500911,1.8027,3.3000
500912,1.8043,3.3000
500913,1.8019,3.3000
500914,1.7979,3.3000
500915,1.7979,3.3000
500916,1.8011,3.3000
500917,1.7979,3.3000
500918,1.7979,3.3000
500919,1.7979,3.3000
500920,1.8003,3.3000
500921,1.7938,3.3000
500922,1.7947,3.3000
500923,1.7963,3.3000
500924,1.8011,3.3000
500925,1.8003,3.3000
500926,1.7930,3.3000
500927,1.8043,3.3000
500928,1.8003,3.3000
500929,1.7995,3.3000
500930,1.8027,3.3000
500931,1.8003,3.3000
500932,1.8011,3.3000
500933,1.7947,3.3000
500934,1.8059,3.3000
500935,1.8011,3.3000
500936,1.7963,3.3000
500937,1.7971,3.3000
500938,1.7955,3.3000
500939,1.7979,3.3000
500940,1.7995,3.3000
500941,1.7963,3.3000
500942,1.7963,3.3000
500943,1.7947,3.3000
500944,1.7922,3.3000
500945,1.7955,3.3000
500946,1.7979,3.3000
500947,1.8043,3.3000
500948,1.7971,3.3000
500949,1.7963,3.3000
500950,1.7938,3.3000
500951,1.7947,3.3000
500952,1.7995,3.3000
500953,1.7979,3.3000
500954,1.7963,3.3000
500955,1.7938,3.3000
500956,1.8011,3.3000
500957,1.7979,3.3000
500958,1.7971,3.3000
500959,1.7938,3.3000
500960,1.7995,3.3000
500961,1.7930,3.3000
500962,1.7947,3.3000
500963,1.7930,3.3000
500964,1.7922,3.3000
500965,1.7947,3.3000
500966,1.7922,3.3000
500967,1.7947,3.3000
500968,1.7979,3.3000
500969,1.7947,3.3000
500970,1.7947,3.3000
500971,1.7955,3.3000
500972,1.7979,3.3000
500973,1.7947,3.3000
500974,1.7922,3.3000
500975,1.7947,3.3000
500976,1.7955,3.3000
500977,1.8011,3.3000
500978,1.7963,3.3000
500979,1.7938,3.3000
500980,1.8011,3.3000
500981,1.7963,3.3000
500982,1.7963,3.3000
500983,1.7955,3.3000
500984,1.7922,3.3000
500985,1.7971,3.3000
500986,1.7971,3.3000
500987,1.7930,3.3000
500988,1.7930,3.3000
500989,1.7947,3.3000
500990,1.7922,3.3000
500991,1.7947,3.3000
500992,1.7947,3.3000
500993,1.7971,3.3000
500994,1.7963,3.3000
500995,1.7938,3.3000
500996,1.7963,3.3000
500997,1.7922,3.3000
500998,1.7914,3.3000
500999,1.7963,3.3000
501000,1.7938,3.3000
501001,1.7938,3.3000
501002,1.7963,3.3000
501003,1.7947,3.3000
501004,1.7930,3.3000
501005,1.7938,3.3000
501006,1.7947,3.3000
501007,1.7930,3.3000
501008,1.7947,3.3000
501009,1.7947,3.3000
501010,1.7922,3.3000
501011,1.7947,3.3000
501012,1.7979,3.3000
501013,1.7922,3.3000
501014,1.7922,3.3000
501015,1.7979,3.3000
501016,1.7898,3.3000
501017,1.7938,3.3000
501018,1.7947,3.3000
501019,1.7922,3.3000
501020,1.7898,3.3000
501021,1.7922,3.3000
501022,1.7922,3.3000
501023,1.7898,3.3000
501024,1.7947,3.3000
501025,1.7922,3.3000
501026,1.7938,3.3000
501027,1.7922,3.3000
501028,1.7979,3.3000
501029,1.7906,3.3000
501030,1.7922,3.3000
501031,1.7850,3.3000
501032,1.7874,3.3000
501033,1.7930,3.3000
501034,1.7898,3.3000
501035,1.7898,3.3000
501036,1.7818,3.3000
501037,1.7866,3.3000
501038,1.7914,3.3000
501039,1.7922,3.3000
501040,1.7914,3.3000
501041,1.7874,3.3000
501042,1.7882,3.3000
501043,1.7922,3.3000
501044,1.7914,3.3000
501045,1.7914,3.3000
501046,1.7922,3.3000
501047,1.7842,3.3000
501048,1.7874,3.3000
501049,1.7834,3.3000
501050,1.7882,3.3000
501051,1.7834,3.3000
501052,1.7801,3.3000
501053,1.7834,3.3000
501054,1.7866,3.3000
501055,1.7826,3.3000
501056,1.7826,3.3000
501057,1.7842,3.3000
501058,1.7834,3.3000
501059,1.7793,3.3000
501060,1.7834,3.3000
501061,1.7818,3.3000
501062,1.7785,3.3000
501063,1.7777,3.3000
501064,1.7842,3.3000
501065,1.7769,3.3000
501066,1.7810,3.3000
501067,1.7785,3.3000
501068,1.7810,3.3000
501069,1.7721,3.3000
501070,1.7753,3.3000
501071,1.7785,3.3000
501072,1.7810,3.3000
501073,1.7801,3.3000
501074,1.7801,3.3000
501075,1.7810,3.3000
501076,1.7745,3.3000
501077,1.7753,3.3000
501078,1.7777,3.3000
501079,1.7769,3.3000
501080,1.7801,3.3000
501081,1.7818,3.3000
501082,1.7721,3.3000
501083,1.7793,3.3000
501084,1.7777,3.3000
501085,1.7801,3.3000
501086,1.7785,3.3000
501087,1.7737,3.3000
501088,1.7689,3.3000
501089,1.7689,3.3000
501090,1.7769,3.3000
501091,1.7721,3.3000
501092,1.7705,3.3000
501093,1.7745,3.3000
501094,1.7753,3.3000
501095,1.7761,3.3000
501096,1.7664,3.3000
501097,1.7745,3.3000
501098,1.7745,3.3000
501099,1.7664,3.3000
501100,1.7689,3.3000
501101,1.7673,3.3000
501102,1.7689,3.3000
501103,1.7689,3.3000
501104,1.7745,3.3000
501105,1.7664,3.3000
501106,1.7689,3.3000
501107,1.7664,3.3000
501108,1.7681,3.3000
501109,1.7705,3.3000
501110,1.7664,3.3000
501111,1.7664,3.3000
501112,1.7664,3.3000
501113,1.7673,3.3000
501114,1.7664,3.3000
501115,1.7648,3.3000
501116,1.7656,3.3000
501117,1.7648,3.3000
501118,1.7648,3.3000
501119,1.7664,3.3000
501120,1.7656,3.3000
501121,1.7616,3.3000
501122,1.7640,3.3000
501123,1.7608,3.3000
501124,1.7664,3.3000
501125,1.7640,3.3000
501126,1.7616,3.3000
501127,1.7656,3.3000
501128,1.7624,3.3000
501129,1.7664,3.3000
501130,1.7656,3.3000
501131,1.7616,3.3000
501132,1.7656,3.3000
501133,1.7584,3.3000
501134,1.7624,3.3000
501135,1.7560,3.3000
501136,1.7608,3.3000
501137,1.7624,3.3000
501138,1.7624,3.3000
501139,1.7648,3.3000
501140,1.7560,3.3000
501141,1.7624,3.3000
501142,1.7624,3.3000
501143,1.7648,3.3000
501144,1.7584,3.3000
501145,1.7640,3.3000
501146,1.7568,3.3000
501147,1.7584,3.3000
501148,1.7576,3.3000
501149,1.7560,3.3000
501150,1.7576,3.3000
501151,1.7576,3.3000
501152,1.7536,3.3000
501153,1.7536,3.3000
501154,1.7536,3.3000
501155,1.7552,3.3000
501156,1.7495,3.3000
501157,1.7536,3.3000
501158,1.7527,3.3000
501159,1.7568,3.3000
501160,1.7527,3.3000
501161,1.7511,3.3000
501162,1.7552,3.3000
501163,1.7536,3.3000
501164,1.7519,3.3000
501165,1.7503,3.3000
501166,1.7527,3.3000
501167,1.7447,3.3000
501168,1.7511,3.3000
501169,1.7536,3.3000
501170,1.7519,3.3000
501171,1.7487,3.3000
501172,1.7463,3.3000
501173,1.7439,3.3000
501174,1.7487,3.3000
501175,1.7479,3.3000
501176,1.7463,3.3000
501177,1.7431,3.3000
501178,1.7439,3.3000
501179,1.7479,3.3000
501180,1.7463,3.3000
501181,1.7447,3.3000
501182,1.7455,3.3000
501183,1.7431,3.3000
501184,1.7447,3.3000
501185,1.7423,3.3000
501186,1.7495,3.3000
501187,1.7495,3.3000
501188,1.7415,3.3000
501189,1.7447,3.3000
501190,1.7431,3.3000
501191,1.7439,3.3000
501192,1.7407,3.3000
501193,1.7471,3.3000
501194,1.7447,3.3000
501195,1.7487,3.3000
501196,1.7439,3.3000
501197,1.7415,3.3000
501198,1.7407,3.3000
501199,1.7407,3.3000
501200,1.7423,3.3000
501201,1.7455,3.3000
501202,1.7415,3.3000
501203,1.7407,3.3000
501204,1.7431,3.3000
501205,1.7407,3.3000
501206,1.7415,3.3000
501207,1.7382,3.2871
501208,1.7407,3.2549
501209,1.7334,3.2226
501210,1.7407,3.1985
501211,1.7390,3.1695
501212,1.7326,3.1412
501213,1.7342,3.1187
501214,1.7334,3.0953
501215,1.7318,3.0615
501216,1.7294,3.0526
501217,1.7278,3.0220
501218,1.7253,3.0042
501219,1.7237,2.9873
501220,1.7253,2.9664
501221,1.7229,2.9486
501222,1.7173,2.9277
501223,1.7221,2.9221
501224,1.7205,2.9011
501225,1.7189,2.8842
501226,1.7173,2.8713
501227,1.7165,2.8584
501228,1.7149,2.8487
501229,1.7149,2.8318
501230,1.7133,2.8229
501231,1.7157,2.8108
501232,1.7165,2.8012
501233,1.7157,2.7883
501234,1.7149,2.7826
501235,1.7076,2.7754
501236,1.7125,2.7609
501237,1.7076,2.7568
501238,1.7133,2.7504
501239,1.7068,2.7448
501240,1.7052,2.7343
501241,1.7108,2.7214
501242,1.7020,2.7214
501243,1.7052,2.7093
501244,1.7036,2.7053
501245,1.7068,2.6972
501246,1.7068,2.6948
501247,1.7060,2.6867
501248,1.7100,2.6835
501249,1.7076,2.6811
501250,1.7084,2.6747
501251,1.7020,2.6706
501252,1.7076,2.6610
501253,1.7108,2.6610
501254,1.7060,2.6601
501255,1.7020,2.6537
501256,1.7068,2.6440
501257,1.7012,2.6440
501258,1.7028,2.6408
501259,1.6883,2.6360
501260,1.7036,2.6360
501261,1.7076,2.6344
501262,1.7116,2.6295
501263,1.7100,2.6215
501264,1.7116,2.6199
501265,1.7108,2.6190
501266,1.7020,2.6190
501267,1.7036,2.6134
501268,1.7205,2.6150
501269,1.7036,2.6094
501270,1.7052,2.6086
501271,1.7052,2.6070
501272,1.7036,2.6037
501273,1.7092,2.6045
501274,1.7020,2.5997
501275,1.7068,2.5965
501276,1.6947,2.5925
501277,1.7108,2.5957
501278,1.7076,2.5908
501279,1.7076,2.5941
501280,1.7060,2.5916
501281,1.7149,2.5916
501282,1.7125,2.5892
501283,1.7060,2.5916
501284,1.7068,2.5908
501285,1.6875,2.5884
501286,1.7141,2.5908
501287,1.7125,2.5844
501288,1.7141,2.5828
501289,1.7100,2.5860
501290,1.7141,2.5828
501291,1.7141,2.5804
501292,1.7149,2.5868
501293,1.7149,2.5812
501294,1.7237,2.5828
501295,1.7108,2.5836
501296,1.7149,2.5788
501297,1.7149,2.5763
501298,1.6971,2.5804
501299,1.7173,2.5779
501300,1.7141,2.5747
501301,1.7165,2.5779
501302,1.7157,2.5788
501303,1.6891,2.5779
501304,1.7197,2.5779
501305,1.7173,2.5763
501306,1.7149,2.5683
501307,1.7157,2.5779
501308,1.7173,2.5788
501309,1.7197,2.5763
501310,1.7221,2.5771
501311,1.7262,2.5755
501312,1.7229,2.5747
501313,1.7213,2.5739
501314,1.7189,2.5747
501315,1.7221,2.5747
501316,1.7245,2.5763
501317,1.7237,2.5788
501318,1.7270,2.5747
501319,1.7229,2.5659
501320,1.7253,2.5763
501321,1.7270,2.5771
501322,1.7278,2.5771
501323,1.7294,2.5812
501324,1.7237,2.5876
501325,1.7270,2.5868
501326,1.7278,2.5763
501327,1.7278,2.5796
501328,1.7302,2.5771
501329,1.7294,2.5779
501330,1.7407,2.5747
501331,1.7270,2.5804
501332,1.7350,2.5788
501333,1.7237,2.5804
501334,1.7431,2.5779
501335,1.7334,2.5796
501336,1.7350,2.5771
501337,1.7358,2.5771
501338,1.7350,2.5779
501339,1.7350,2.5844
501340,1.7334,2.5771
501341,1.7382,2.5804
501342,1.7358,2.5796
501343,1.7358,2.5763
501344,1.7495,2.5804
501345,1.7245,2.5779
501346,1.7141,2.5771
501347,1.7399,2.5828
501348,1.7407,2.5812
501349,1.7342,2.5731
501350,1.7342,2.5804
501351,1.7399,2.5779
501352,1.7382,2.5788
501353,1.7399,2.5828
501354,1.7189,2.5779
501355,1.7390,2.5812
501356,1.7527,2.5820
501357,1.7527,2.5812
501358,1.7447,2.5812
501359,1.7407,2.5828
501360,1.7382,2.5844
501361,1.7431,2.5828
501362,1.7382,2.5828
501363,1.7431,2.5860
501364,1.7616,2.5820
501365,1.7423,2.5836
501366,1.7390,2.5796
501367,1.7407,2.5860
501368,1.7407,2.5836
501369,1.7350,2.5860
501370,1.7431,2.5820
501371,1.7455,2.5876
501372,1.7399,2.5860
501373,1.7407,2.5844
501374,1.7455,2.5884
501375,1.7407,2.5844
501376,1.7431,2.5828
501377,1.7407,2.5812
501378,1.7415,2.5876
501379,1.7431,2.5836
501380,1.7407,2.5812
501381,1.7431,2.5860
501382,1.7407,2.5828
501383,1.7149,2.5868
501384,1.7407,2.5812
501385,1.7407,2.5844
501386,1.7407,2.5868
501387,1.7382,2.5828
501388,1.7423,2.5868
501389,1.7431,2.5844
501390,1.7407,2.5691
501391,1.7407,2.5836
501392,1.7318,2.5868
501393,1.7407,2.5868
501394,1.7407,2.5868
501395,1.7423,2.5836
501396,1.7423,2.5876
501397,1.7423,2.5844
501398,1.7407,2.5836
501399,1.7407,2.5892
501400,1.7415,2.5892
501401,1.7423,2.5908
501402,1.7407,2.5892
501403,1.7366,2.5876
501404,1.7407,2.5900
501405,1.7463,2.5876
501406,1.7447,2.5876
501407,1.7431,2.5860
501408,1.7439,2.5876
501409,1.7423,2.5908
501410,1.7431,2.5876
501411,1.7407,2.5916
501412,1.7407,2.5908
501413,1.7407,2.5916
501414,1.7423,2.5868
501415,1.7415,2.5908
501416,1.7447,2.5916
501417,1.7463,2.5868
501418,1.7423,2.5868
501419,1.7407,2.5908
501420,1.7415,2.5892
501421,1.7415,2.5892
501422,1.7431,2.5876
501423,1.7447,2.5892
501424,1.7407,2.5989
501425,1.7423,2.5916
501426,1.7423,2.5916
501427,1.7407,2.5876
501428,1.7431,2.5876
501429,1.7407,2.5900
501430,1.7431,2.5788
501431,1.7407,2.5916
501432,1.7407,2.5860
501433,1.7407,2.5916
501434,1.7390,2.5562
501435,1.7358,2.6062
501436,1.7431,2.5892
501437,1.7415,2.5900
501438,1.7423,2.5965
501439,1.7423,2.5900
501440,1.7407,2.5876
501441,1.7447,2.5916
501442,1.7431,2.5900
501443,1.7407,2.5916
501444,1.7439,2.5908
501445,1.7431,2.5876
501446,1.7423,2.5876
501447,1.7431,2.5933
501448,1.7447,2.5916
501449,1.7407,2.5884
501450,1.7399,2.5908
501451,1.7407,2.5916
501452,1.7407,2.5876
501453,1.7407,2.5860
501454,1.7399,2.5892
501455,1.7455,2.5916
501456,1.7382,2.5900
501457,1.7415,2.5892
501458,1.7407,2.5771
501459,1.7511,2.5933
501460,1.7407,2.5925
501461,1.7431,2.5602
501462,1.7407,2.5916
501463,1.7415,2.5900
501464,1.7407,2.5892
501465,1.7431,2.5908
501466,1.7431,2.5916
501467,1.7423,2.5916
501468,1.7390,2.5916
501469,1.7407,2.5925
501470,1.7407,2.5844
501471,1.7399,2.5941
501472,1.7423,2.5916
501473,1.7407,2.5916
501474,1.7318,2.5916
501475,1.7423,2.5916
501476,1.7350,2.6045
501477,1.7423,2.5941
501478,1.7407,2.5941
501479,1.7399,2.5892
501480,1.7431,2.5916
501481,1.7431,2.5925
501482,1.7407,2.5916
501483,1.7399,2.5916
501484,1.7407,2.5916
501485,1.7431,2.5916
501486,1.7407,2.5908
501487,1.7399,2.5916
501488,1.7390,2.5916
501489,1.7399,2.5957
501490,1.7407,2.5916
501491,1.7407,2.5925
501492,1.7334,2.5900
501493,1.7407,2.5916
501494,1.7415,2.5916
501495,1.7423,2.6199
501496,1.7390,2.5933
501497,1.7382,2.5916
501498,1.7382,2.5916
501499,1.7407,2.5916
501500,1.7407,2.5796
501501,1.7407,2.5916
501502,1.7447,2.5602
501503,1.7358,2.5925
501504,1.7399,2.5900
501505,1.7390,2.5916
501506,1.7399,2.5916
501507,1.7415,2.5908
501508,1.7407,2.5941
501509,1.7390,2.5916
501510,1.7399,2.5941
501511,1.7399,2.5796
501512,1.7390,2.5916
501513,1.7407,2.5925
501514,1.7390,2.5916
501515,1.7407,2.6174
501516,1.7390,2.5925
501517,1.7390,2.5892
501518,1.7407,2.5916
501519,1.7382,2.5916
501520,1.7399,2.6037
501521,1.7407,2.6215
501522,1.7407,2.5916
501523,1.7415,2.5916
501524,1.7407,2.5949
501525,1.7374,2.5683
501526,1.7366,2.5965
501527,1.7390,2.5876
501528,1.7407,2.5916
501529,1.7366,2.6102
501530,1.7334,2.5965
501531,1.7382,2.5908
501532,1.7463,2.6078
501533,1.7366,2.5916
501534,1.7407,2.5860
501535,1.7374,2.5941
501536,1.7382,2.5747
501537,1.7350,2.5788
501538,1.7399,2.5868
501539,1.7399,2.5941
501540,1.7350,2.5933
501541,1.7447,2.5868
501542,1.7358,2.5916
501543,1.7407,2.5908
501544,1.7366,2.5916
501545,1.7399,2.6134
501546,1.7390,2.5925
501547,1.7399,2.6005
501548,1.7399,2.5916
501549,1.7407,2.5812
501550,1.7382,2.5916
501551,1.7390,2.5916
501552,1.7382,2.5916
501553,1.7455,2.5844
501554,1.7390,2.5916
501555,1.7399,2.5933
501556,1.7407,2.5916
501557,1.7366,2.6029
501558,1.7407,2.5925
501559,1.7342,2.5900
501560,1.7407,2.5916
501561,1.7302,2.5876
501562,1.7374,2.5868
501563,1.7399,2.5900
501564,1.7399,2.5916
501565,1.7390,2.5908
501566,1.7366,2.5916
501567,1.7382,2.5916
501568,1.7390,2.5925
501569,1.7399,2.5900
501570,1.7407,2.5916
501571,1.7390,2.5892
501572,1.7390,2.5925
501573,1.7399,2.5933
501574,1.7390,2.5916
501575,1.7390,2.5925
501576,1.7415,2.5925
501577,1.7407,2.5916
501578,1.7358,2.5916
501579,1.7366,2.5916
501580,1.7382,2.5908
501581,1.7366,2.5916
501582,1.7390,2.5916
501583,1.7390,2.5916
501584,1.7407,2.5916
501585,1.7358,2.5916
501586,1.7399,2.5925
501587,1.7390,2.5925
501588,1.7382,2.5916
501589,1.7415,2.5916
501590,1.7358,2.5916
501591,1.7390,2.5941
501592,1.7350,2.6005
501593,1.7382,2.5916
501594,1.7390,2.5916
501595,1.7407,2.5916
501596,1.7399,2.5860
501597,1.7358,2.5900
501598,1.7423,2.5900
501599,1.7399,2.6134
501600,1.7382,2.5916
501601,1.7358,2.5916
501602,1.7399,2.5925
501603,1.7407,2.6005
501604,1.7407,2.5933
501605,1.7366,2.5957
501606,1.7407,2.5941
501607,1.7399,2.5925
501608,1.7382,2.5916
501609,1.7407,2.5804
501610,1.7390,2.5933
501611,1.7366,2.5925
501612,1.7374,2.5941
501613,1.7374,2.5916
501614,1.7382,2.5925
501615,1.7407,2.5965
501616,1.7382,2.5941
501617,1.7382,2.6005
501618,1.7407,2.5957
501619,1.7399,2.5941
501620,1.7407,2.5941
501621,1.7407,2.5916
501622,1.7431,2.5925
501623,1.7407,2.5916
501624,1.7366,2.5925
501625,1.7382,2.5916
501626,1.7415,2.5916
501627,1.7366,2.5933
501628,1.7399,2.5941
501629,1.7407,2.5941
501630,1.7455,2.5925
501631,1.7399,2.5916
501632,1.7382,2.5941
501633,1.7399,2.5916
501634,1.7407,2.5916
501635,1.7390,2.5900
501636,1.7399,2.5941
501637,1.7407,2.5957
501638,1.7390,2.5908
501639,1.7374,2.5925
501640,1.7366,2.5941
501641,1.7415,2.5933
501642,1.7390,2.5933
501643,1.7407,2.5933
501644,1.7407,2.5908
501645,1.7407,2.5957
501646,1.7407,2.5916
501647,1.7407,2.5925
501648,1.7407,2.5916
501649,1.7374,2.5908
501650,1.7358,2.5957
501651,1.7407,2.5916
501652,1.7407,2.5941
501653,1.7407,2.5941
501654,1.7326,2.5957
501655,1.7390,2.5965
501656,1.7399,2.5916
501657,1.7382,2.5925
501658,1.7407,2.5941
501659,1.7431,2.5916
501660,1.7415,2.5925
501661,1.7382,2.5965
501662,1.7415,2.5949
501663,1.7382,2.5997
501664,1.7390,2.5973
501665,1.7407,2.5941
501666,1.7407,2.5916
501667,1.7455,2.5941
501668,1.7399,2.5908
501669,1.7407,2.5916
501670,1.7423,2.5916
501671,1.7399,2.5933
501672,1.7415,2.5941
501673,1.7431,2.5941
501674,1.7382,2.5997
501675,1.7407,2.5916
501676,1.7415,2.5876
501677,1.7390,2.5925
501678,1.7415,2.5925
501679,1.7407,2.5957
501680,1.7399,2.5916
501681,1.7415,2.5925
501682,1.7407,2.5965
501683,1.7374,2.5965
501684,1.7407,2.5933
501685,1.7366,2.5916
501686,1.7407,2.5916
501687,1.7407,2.5949
501688,1.7407,2.5916
501689,1.7399,2.5941
501690,1.7407,2.5916
501691,1.7415,2.5925
501692,1.7399,2.5925
501693,1.7382,2.5916
501694,1.7407,2.5916
501695,1.7407,2.5916
501696,1.7366,2.5933
501697,1.7399,2.5916
501698,1.7366,2.5900
501699,1.7407,2.5916
501700,1.7399,2.5916
501701,1.7407,2.5916
501702,1.7366,2.5933
501703,1.7366,2.5916
501704,1.7399,2.5892
501705,1.7407,2.5900
501706,1.7374,2.5925
501707,1.7407,2.5900
501708,1.7407,2.5941
501709,1.7366,2.5916
501710,1.7358,2.5916
501711,1.7366,2.5908
501712,1.7350,2.5941
501713,1.7382,2.5908
501714,1.7399,2.5900
501715,1.7382,2.5876
501716,1.7407,2.5908
501717,1.7366,2.5916
501718,1.7374,2.5916
501719,1.7374,2.5916
501720,1.7350,2.5876
501721,1.7390,2.5884
501722,1.7366,2.5916
501723,1.7318,2.5908
501724,1.7407,2.5916
501725,1.7366,2.5908
501726,1.7374,2.5900
501727,1.7326,2.5892
501728,1.7358,2.5916
501729,1.7382,2.5916
501730,1.7366,2.5876
501731,1.7374,2.5900
501732,1.7366,2.5876
501733,1.7407,2.5860
501734,1.7374,2.5900
501735,1.7399,2.5868
501736,1.7399,2.5892
501737,1.7399,2.5860
501738,1.7350,2.5900
501739,1.7350,2.5892
501740,1.7399,2.5860
501741,1.7382,2.5892
501742,1.7374,2.5908
501743,1.7366,2.5892
501744,1.7366,2.5844
501745,1.7326,2.5900
501746,1.7366,2.5892
501747,1.7358,2.5860
501748,1.7399,2.5779
501749,1.7350,2.5876
501750,1.7358,2.5876
501751,1.7407,2.5876
501752,1.7366,2.5900
501753,1.7407,2.5876
501754,1.7382,2.5884
501755,1.7390,2.5908
501756,1.7350,2.5804
501757,1.7350,2.5876
501758,1.7358,2.5876
501759,1.7407,2.5860
501760,1.7366,2.5836
501761,1.7399,2.5876
501762,1.7358,2.5876
501763,1.7350,2.5884
501764,1.7390,2.5884
501765,1.7399,2.5876
501766,1.7149,2.5884
501767,1.7399,2.5876
501768,1.7366,2.5884
501769,1.7326,2.5876
501770,1.7358,2.5820
501771,1.7358,2.5876
501772,1.7262,2.5844
501773,1.7382,2.5916
501774,1.7399,2.5860
501775,1.7334,2.5836
501776,1.7479,2.5868
501777,1.7374,2.5868
501778,1.7439,2.5884
501779,1.7399,2.5876
501780,1.7358,2.5844
501781,1.7366,2.5876
501782,1.7366,2.5876
501783,1.7390,2.5812
501784,1.7358,2.5852
501785,1.7382,2.5828
501786,1.7326,2.5820
501787,1.7350,2.5812
501788,1.7366,2.5828
501789,1.7334,2.5852
501790,1.7318,2.5836
501791,1.7519,2.5844
501792,1.7310,2.5852
501793,1.7358,2.5844
501794,1.7382,2.5836
501795,1.7382,2.5868
501796,1.7350,2.5828
501797,1.7390,2.5828
501798,1.7399,2.5820
501799,1.7366,2.5860
501800,1.7294,2.5868
501801,1.7366,2.5836
501802,1.7390,2.5868
501803,1.7366,2.5844
501804,1.7358,2.5828
501805,1.7390,2.5876
501806,1.7407,2.5876
501807,1.7399,2.5844
501808,1.7326,2.5868
501809,1.7350,2.5836
501810,1.7350,2.5860
501811,1.7366,2.5779
501812,1.7382,2.5868
501813,1.7399,2.5860
501814,1.7399,2.5844
501815,1.7390,2.5828
501816,1.7447,2.5812
501817,1.7455,2.5820
501818,1.7382,2.5860
501819,1.7350,2.5804
501820,1.7390,2.5836
501821,1.7366,2.5820
501822,1.7407,2.5828
501823,1.7407,2.5925
501824,1.7407,2.5812
501825,1.7366,2.5747
501826,1.7326,2.5804
501827,1.7390,2.5812
501828,1.7334,2.5812
501829,1.7374,2.5804
501830,1.7366,2.5779
501831,1.7205,2.5828
501832,1.7334,2.5804
501833,1.7350,2.5812
501834,1.7407,2.5788
501835,1.7358,2.5804
501836,1.7334,2.5796
501837,1.7366,2.5812
501838,1.7358,2.5836
501839,1.7350,2.5804
501840,1.7390,2.5788
501841,1.7318,2.5828
501842,1.7278,2.5796
501843,1.7390,2.5796
501844,1.7334,2.5804
501845,1.7374,2.5788
501846,1.7310,2.5812
501847,1.7350,2.5812
501848,1.7366,2.5788
501849,1.7294,2.5747
501850,1.7334,2.5788
501851,1.7229,2.5804
501852,1.7358,2.5788
501853,1.7358,2.5788
501854,1.7334,2.5779
501855,1.7382,2.5804
501856,1.7447,2.5820
501857,1.7358,2.5812
501858,1.7326,2.5796
501859,1.7334,2.5779
501860,1.7334,2.5763
501861,1.7189,2.5788
501862,1.7382,2.5788
501863,1.7302,2.5788
501864,1.7374,2.5796
501865,1.7302,2.5779
501866,1.7350,2.5788
501867,1.7350,2.5779
501868,1.7278,2.5779
501869,1.7358,2.5771
501870,1.7294,2.5796
501871,1.7350,2.5779
501872,1.7366,2.5788
501873,1.7366,2.5779
501874,1.7358,2.5779
501875,1.7310,2.5796
501876,1.7286,2.5788
501877,1.7358,2.5771
501878,1.7399,2.5796
501879,1.7399,2.5788
501880,1.7334,2.5779
501881,1.7318,2.5788
501882,1.7366,2.5788
501883,1.7350,2.5763
501884,1.7334,2.5763
501885,1.7326,2.5771
501886,1.7326,2.5779
501887,1.7141,2.5796
501888,1.7382,2.5812
501889,1.7326,2.5796
501890,1.7358,2.5779
501891,1.7334,2.5763
501892,1.7399,2.5779
501893,1.7390,2.5747
501894,1.7382,2.5779
501895,1.7350,2.5788
501896,1.7399,2.5804
501897,1.7318,2.5788
501898,1.7407,2.5796
501899,1.7382,2.5788
501900,1.7229,2.5763
501901,1.7536,2.5771
501902,1.7326,2.5779
501903,1.7358,2.5779
501904,1.7382,2.5788
501905,1.7318,2.5779
501906,1.7334,2.5788
501907,1.7366,2.5788
501908,1.7407,2.5788
501909,1.7366,2.5771
501910,1.7407,2.5779
501911,1.7382,2.5779
501912,1.7326,2.5788
501913,1.7382,2.5788
501914,1.7358,2.5796
501915,1.7358,2.5804
501916,1.7342,2.5804
501917,1.7366,2.5788
501918,1.7294,2.5779
501919,1.7358,2.5788
501920,1.7399,2.5812
501921,1.7350,2.5804
501922,1.7382,2.5763
501923,1.7358,2.5747
501924,1.7439,2.5763
501925,1.7390,2.5779
501926,1.7390,2.5812
501927,1.7326,2.5796
501928,1.7399,2.5804
501929,1.7407,2.5779
501930,1.7407,2.5771
501931,1.7318,2.5763
501932,1.7407,2.5925
501933,1.7382,2.5771
501934,1.7382,2.5796
501935,1.7399,2.5796
501936,1.7350,2.5804
501937,1.7374,2.5788
501938,1.7399,2.5481
501939,1.7366,2.5779
501940,1.7390,2.5812
501941,1.7334,2.5788
501942,1.7334,2.5747
501943,1.7382,2.5812
501944,1.7342,2.5812
501945,1.7382,2.5788
501946,1.7366,2.5804
501947,1.7407,2.5804
501948,1.7390,2.5779
501949,1.7334,2.5796
501950,1.7390,2.5812
501951,1.7399,2.5779
501952,1.7407,2.5796
501953,1.7399,2.5828
501954,1.7382,2.5804
501955,1.7358,2.5804
501956,1.7366,2.5796
501957,1.7407,2.5796
501958,1.7358,2.5788
501959,1.7390,2.5788
501960,1.7407,2.5804
501961,1.7407,2.5820
501962,1.7374,2.5812
501963,1.7358,2.5844
501964,1.7334,2.5812
501965,1.7399,2.5788
501966,1.7382,2.5796
501967,1.7390,2.5828
501968,1.7366,2.5788
501969,1.7382,2.5836
501970,1.7366,2.5804
501971,1.7399,2.5804
501972,1.7382,2.5788
501973,1.7382,2.5788
501974,1.7358,2.5747
501975,1.7382,2.5828
501976,1.7366,2.5860
501977,1.7390,2.5844
501978,1.7334,2.5812
501979,1.7374,2.5876
501980,1.7423,2.5876
501981,1.7407,2.5876
501982,1.7407,2.5796
501983,1.7407,2.5908
501984,1.7399,2.5828
501985,1.7399,2.5844
501986,1.7399,2.5796
501987,1.7399,2.5844
501988,1.7382,2.5796
501989,1.7358,2.5820
501990,1.7390,2.5788
501991,1.7407,2.5828
501992,1.7390,2.5804
501993,1.7382,2.5796
501994,1.7407,2.5804
501995,1.7334,2.5844
501996,1.7374,2.5804
501997,1.7399,2.5844
501998,1.7390,2.5836
501999,1.7366,2.5747
502000,1.7399,2.5908
502001,1.7407,2.5820
502002,1.7447,2.5820
502003,1.7415,2.5836
502004,1.7358,2.5836
502005,1.7407,2.5844
502006,1.7407,2.5836
502007,1.7390,2.5828
502008,1.7407,2.5957
502009,1.7407,2.5828
502010,1.7407,2.5804
502011,1.7399,2.5836
502012,1.7350,2.5844
502013,1.7407,2.5836
502014,1.7366,2.5796
502015,1.7423,2.5796
502016,1.7390,2.5836
502017,1.7407,2.5836
502018,1.7382,2.5715
502019,1.7374,2.5763
502020,1.7366,2.5844
502021,1.7399,2.5804
502022,1.7326,2.5836
502023,1.7407,2.5828
502024,1.7390,2.5538
502025,1.7390,2.5836
502026,1.7374,2.5796
502027,1.7366,2.5747
502028,1.7366,2.5941
502029,1.7390,2.5812
502030,1.7390,2.5747
502031,1.7358,2.5812
502032,1.7390,2.5804
502033,1.7415,2.5659
502034,1.7399,2.5828
502035,1.7399,2.5965
502036,1.7390,2.5892
502037,1.7407,2.5933
502038,1.7366,2.5659
502039,1.7407,2.5828
502040,1.7374,2.5836
502041,1.7399,2.5796
502042,1.7382,2.5812
502043,1.7399,2.5820
502044,1.7399,2.5747
502045,1.7382,2.5804
502046,1.7407,2.5820
502047,1.7407,2.5844
502048,1.7366,2.5836
502049,1.7407,2.5828
502050,1.7390,2.5836
502051,1.7374,2.5812
502052,1.7382,2.5812
502053,1.7399,2.5699
502054,1.7390,2.5796
502055,1.7382,2.5957
502056,1.7350,2.5900
502057,1.7407,2.5892
502058,1.7415,2.5828
502059,1.7358,2.5820
502060,1.7374,2.5812
502061,1.7407,2.5836
502062,1.7374,2.5779
502063,1.7390,2.6142
502064,1.7399,2.5868
502065,1.7407,2.5828
502066,1.7463,2.5675
502067,1.7407,2.5860
502068,1.7390,2.5860
502069,1.7399,2.5836
502070,1.7399,2.5860
502071,1.7382,2.5747
502072,1.7358,2.5957
502073,1.7382,2.5828
502074,1.7366,2.5900
502075,1.7382,2.5820
502076,1.7407,2.5836
502077,1.7382,2.5812
502078,1.7366,2.5796
502079,1.7382,2.5812
502080,1.7407,2.5812
502081,1.7342,2.5651
502082,1.7366,2.5884
502083,1.7358,2.6053
502084,1.7366,2.5812
502085,1.7390,2.5812
502086,1.7399,2.5836
502087,1.7390,2.5860
502088,1.7407,2.5836
502089,1.7407,2.5796
502090,1.7382,2.5820
502091,1.7390,2.5868
502092,1.7407,2.5916
502093,1.7407,2.5892
502094,1.7390,2.5876
502095,1.7423,2.5836
502096,1.7407,2.5812
502097,1.7407,2.5844
502098,1.7423,2.5828
502099,1.7382,2.5852
502100,1.7407,2.5812
502101,1.7390,2.5820
502102,1.7407,2.5828
502103,1.7407,2.5852
502104,1.7399,2.5836
502105,1.7407,2.5868
502106,1.7374,2.5820
502107,1.7407,2.5844
502108,1.7407,2.5860
502109,1.7407,2.5836
502110,1.7399,2.5771
502111,1.7358,2.5828
502112,1.7390,2.5836
502113,1.7382,2.5860
502114,1.7399,2.5828
502115,1.7399,2.5836
502116,1.7358,2.5788
502117,1.7382,2.5844
502118,1.7407,2.5868
502119,1.7407,2.5828
502120,1.7390,2.5860
502121,1.7390,2.5868
502122,1.7366,2.5860
502123,1.7407,2.5860
502124,1.7382,2.5836
502125,1.7382,2.5916
502126,1.7366,2.5779
502127,1.7407,2.5892
502128,1.7407,2.5876
502129,1.7407,2.5900
502130,1.7407,2.5884
502131,1.7390,2.5844
502132,1.7479,2.5908
502133,1.7390,2.5868
502134,1.7407,2.5925
502135,1.7358,2.5884
502136,1.7382,2.5812
502137,1.7407,2.5844
502138,1.7399,2.5860
502139,1.7407,2.5860
502140,1.7366,2.5876
502141,1.7407,2.5828
502142,1.7390,2.5844
502143,1.7407,2.5916
502144,1.7415,2.5900
502145,1.7399,2.5836
502146,1.7407,2.5860
502147,1.7455,2.5925
502148,1.7407,2.5876
502149,1.7415,2.5876
502150,1.7407,2.5844
502151,1.7399,2.5844
502152,1.7390,2.5868
502153,1.7390,2.5876
502154,1.7407,2.5892
502155,1.7407,2.5836
502156,1.7407,2.5844
502157,1.7399,2.5884
502158,1.7407,2.5876
502159,1.7431,2.5884
502160,1.7399,2.5844
502161,1.7382,2.5836
502162,1.7390,2.5876
502163,1.7407,2.5868
502164,1.7399,2.5836
502165,1.7407,2.5836
502166,1.7382,2.5876
502167,1.7407,2.5868
502168,1.7407,2.5876
502169,1.7407,2.5884
502170,1.7407,2.5908
502171,1.7407,2.5916
502172,1.7407,2.5892
502173,1.7382,2.5876
502174,1.7407,2.5892
502175,1.7399,2.5868
502176,1.7399,2.5844
502177,1.7366,2.5892
502178,1.7407,2.5900
502179,1.7366,2.5876
502180,1.7423,2.5876
502181,1.7407,2.5860
502182,1.7415,2.5788
502183,1.7407,2.5876
502184,1.7382,2.5884
502185,1.7463,2.5860
502186,1.7407,2.5900
502187,1.7407,2.5908
502188,1.7407,2.5900
502189,1.7407,2.5876
502190,1.7407,2.5860
502191,1.7390,2.5900
502192,1.7423,2.5892
502193,1.7407,2.5860
502194,1.7407,2.5876
502195,1.7407,2.5876
502196,1.7415,2.5892
502197,1.7407,2.5892
502198,1.7423,2.5916
502199,1.7423,2.5892
502200,1.7415,2.5908
502201,1.7423,2.5884
502202,1.7407,2.5916
502203,1.7407,2.5876
502204,1.7407,2.5916
502205,1.7415,2.5900
502206,1.7415,2.5892
502207,1.7407,2.5916
502208,1.7415,2.5900
502209,1.7390,2.5900
502210,1.7390,2.5844
502211,1.7407,2.5868
502212,1.7407,2.5957
502213,1.7447,2.5892
502214,1.7399,2.5804
502215,1.7407,2.5916
502216,1.7407,2.5908
502217,1.7407,2.5876
502218,1.7407,2.5900
502219,1.7407,2.5876
502220,1.7407,2.5908
502221,1.7407,2.5892
502222,1.7407,2.5876
502223,1.7407,2.5941
502224,1.7415,2.5916
502225,1.7407,2.5892
502226,1.7415,2.5892
502227,1.7399,2.5908
502228,1.7407,2.5908
502229,1.7415,2.5852
502230,1.7415,2.5900
502231,1.7407,2.5892
502232,1.7423,2.5892
502233,1.7399,2.5900
502234,1.7447,2.5868
502235,1.7407,2.5916
502236,1.7399,2.5860
502237,1.7415,2.5908
502238,1.7431,2.5892
502239,1.7407,2.5925
502240,1.7407,2.5908
502241,1.7390,2.5900
502242,1.7407,2.5892
502243,1.7407,2.5892
502244,1.7382,2.5908
502245,1.7399,2.5916
502246,1.7407,2.5892
502247,1.7407,2.5916
502248,1.7399,2.5949
502249,1.7423,2.5916
502250,1.7407,2.5900
502251,1.7423,2.5916
502252,1.7390,2.5916
502253,1.7407,2.5916
502254,1.7407,2.5916
502255,1.7407,2.5892
502256,1.7407,2.5844
502257,1.7415,2.5908
502258,1.7511,2.5916
502259,1.7431,2.5916
502260,1.7407,2.5900
502261,1.7407,2.5908
502262,1.7423,2.5892
502263,1.7431,2.5916
502264,1.7407,2.5916
502265,1.7407,2.5916
502266,1.7431,2.5908
502267,1.7431,2.5916
502268,1.7407,2.5916
502269,1.7407,2.5941
502270,1.7407,2.5900
502271,1.7407,2.5997
502272,1.7133,2.5900
502273,1.7423,2.5916
502274,1.7407,2.5900
502275,1.7407,2.5916
502276,1.7366,2.5908
502277,1.7407,2.5916
502278,1.7423,2.5908
502279,1.7463,2.5916
502280,1.7399,2.5933
502281,1.7415,2.5933
502282,1.7447,2.5916
502283,1.7390,2.5908
502284,1.7407,2.5916
502285,1.7479,2.5908
502286,1.7407,2.5916
502287,1.7503,2.5916
502288,1.7415,2.5957
502289,1.7519,2.5916
502290,1.7415,2.5916
502291,1.7407,2.5916
502292,1.7407,2.5916
502293,1.7423,2.5925
502294,1.7487,2.5916
502295,1.7423,2.5876
502296,1.7407,2.5916
502297,1.7399,2.5916
502298,1.7423,2.5916
502299,1.7407,2.5925
502300,1.7431,2.5916
502301,1.7447,2.5876
502302,1.7407,2.5916
502303,1.7431,2.5916
502304,1.7479,2.5900
502305,1.7407,2.5916
502306,1.7423,2.5916
502307,1.7423,2.5900
502308,1.7616,2.5916
502309,1.7407,2.5916
502310,1.7536,2.5900
502311,1.7407,2.5916
502312,1.7407,2.5916
502313,1.7407,2.5908
502314,1.7439,2.5908
502315,1.7407,2.5900
502316,1.7390,2.5925
502317,1.7399,2.5900
502318,1.7407,2.5916
502319,1.7407,2.5916
502320,1.7415,2.5941
502321,1.7407,2.5916
502322,1.7439,2.5916
502323,1.7407,2.5916
502324,1.7407,2.5997
502325,1.7415,2.5916
502326,1.7431,2.5916
502327,1.7326,2.5900
502328,1.7407,2.5908
502329,1.7447,2.5949
502330,1.7439,2.5925
502331,1.7407,2.5900
502332,1.7407,2.5916
502333,1.7407,2.5933
502334,1.7407,2.5916
502335,1.7407,2.5892
502336,1.7407,2.5916
502337,1.7431,2.5916
502338,1.7479,2.5916
502339,1.7294,2.5925
502340,1.7479,2.5933
502341,1.7366,2.5916
502342,1.7463,2.5916
502343,1.7399,2.5908
502344,1.7407,2.5916
502345,1.7544,2.5916
502346,1.7407,2.5925
502347,1.7487,2.5973
502348,1.7407,2.5925
502349,1.7286,2.5916
502350,1.7390,2.5916
502351,1.7423,2.5916
502352,1.7527,2.5916
502353,1.7407,2.5868
502354,1.7286,2.5925
502355,1.7431,2.5900
502356,1.7407,2.5916
502357,1.7415,2.5916
502358,1.7302,2.5933
502359,1.7407,2.5916
502360,1.7407,2.5916
502361,1.7407,2.5941
502362,1.7527,2.5916
502363,1.7423,2.5916
502364,1.7407,2.5908
502365,1.7407,2.5908
502366,1.7407,2.5933
502367,1.7447,2.5949
502368,1.7407,2.5916
502369,1.7431,2.5933
502370,1.7616,2.5925
502371,1.7455,2.5957
502372,1.7399,2.5933
502373,1.7407,2.5908
502374,1.7431,2.5925
502375,1.7463,2.5925
502376,1.7455,2.5916
502377,1.7415,2.5925
502378,1.7407,2.5916
502379,1.7423,2.5916
502380,1.7536,2.5957
502381,1.7511,2.5916
502382,1.7407,2.5916
502383,1.7463,2.5916
502384,1.7552,2.5941
502385,1.7431,2.5933
502386,1.7415,2.5916
502387,1.7423,2.5925
502388,1.7447,2.5916
502389,1.7431,2.5916
502390,1.7423,2.5933
502391,1.7407,2.5925
502392,1.7503,2.5933
502393,1.7407,2.5916
502394,1.7463,2.5925
502395,1.7415,2.5925
502396,1.7407,2.5916
502397,1.7447,2.5941
502398,1.7536,2.5916
502399,1.7415,2.5925
502400,1.7616,2.5941
502401,1.7407,2.5941
502402,1.7326,2.5965
502403,1.7407,2.5925
502404,1.7423,2.5916
502405,1.7294,2.5941
502406,1.7439,2.5659
502407,1.7399,2.5925
502408,1.7415,2.5941
502409,1.7536,2.5916
502410,1.7407,2.5925
502411,1.7648,2.5916
502412,1.7439,2.5916
502413,1.7431,2.5925
502414,1.7431,2.5941
502415,1.7423,2.5949
502416,1.7423,2.5973
502417,1.7415,2.5957
502418,1.7407,2.5916
502419,1.7423,2.5916
502420,1.7407,2.5925
502421,1.7423,2.5916
502422,1.7415,2.5916
502423,1.7407,2.5933
502424,1.7439,2.5941
502425,1.7487,2.5933
502426,1.7455,2.5925
502427,1.7447,2.5965
502428,1.7423,2.5941
502429,1.7407,2.5925
502430,1.7463,2.5941
502431,1.7447,2.5957
502432,1.7407,2.5925
502433,1.7407,2.5925
502434,1.7366,2.5925
502435,1.7407,2.5965
502436,1.7447,2.5933
502437,1.7366,2.5933
502438,1.7415,2.5949
502439,1.7407,2.5957
502440,1.7407,2.5941
502441,1.7415,2.5973
502442,1.7407,2.5916
502443,1.7407,2.5957
502444,1.7407,2.5957
502445,1.7415,2.5916
502446,1.7407,2.5925
502447,1.7407,2.5933
502448,1.7415,2.5973
502449,1.7423,2.5916
502450,1.7407,2.5933
502451,1.7495,2.5965
502452,1.7439,2.5925
502453,1.7431,2.5933
502454,1.7495,2.5844
502455,1.7495,2.5997
502456,1.7439,2.5941
502457,1.7455,2.5941
502458,1.7407,2.5715
502459,1.7447,2.5957
502460,1.7447,2.6062
502461,1.7423,2.5957
502462,1.7423,2.6126
502463,1.7463,2.5973
502464,1.7439,2.5941
502465,1.7382,2.5941
502466,1.7431,2.6174
502467,1.7447,2.5933
502468,1.7407,2.5925
502469,1.7407,2.6037
502470,1.7431,2.5941
502471,1.7439,2.5941
502472,1.7423,2.5933
502473,1.7407,2.5892
502474,1.7415,2.5957
502475,1.7431,2.6408
502476,1.7447,2.6005
502477,1.7447,2.5973
502478,1.7423,2.5941
502479,1.7407,2.5941
502480,1.7431,2.5941
502481,1.7455,2.5965
502482,1.7423,2.5957
502483,1.7463,2.5925
502484,1.7407,2.5933
502485,1.7447,2.6134
502486,1.7447,2.5941
502487,1.7455,2.5973
502488,1.7423,2.5941
502489,1.7415,2.5989
502490,1.7431,2.5933
502491,1.7423,2.5957
502492,1.7407,2.5965
502493,1.7415,2.5989
502494,1.7431,2.5965
502495,1.7447,2.5933
502496,1.7447,2.5933
502497,1.7447,2.5973
502498,1.7447,2.5973
502499,1.7431,2.5941
502500,1.7447,2.6263
502501,1.7431,2.5941
502502,1.7415,2.5973
502503,1.7423,2.5941
502504,1.7415,2.5973
502505,1.7536,2.5989
502506,1.7423,2.5965
502507,1.7431,2.5973
502508,1.7463,2.5997
502509,1.7447,2.5941
502510,1.7423,2.5812
502511,1.7431,2.5965
502512,1.7447,2.5675
502513,1.7447,2.5933
502514,1.7431,2.5957
502515,1.7447,2.5949
502516,1.7455,2.5965
502517,1.7447,2.5957
502518,1.7431,2.5957
502519,1.7431,2.5973
502520,1.7455,2.5965
502521,1.7439,2.5965
502522,1.7431,2.5973
502523,1.7471,2.5957
502524,1.7431,2.5908
502525,1.7455,2.5973
502526,1.7407,2.6231
502527,1.7423,2.5941
502528,1.7431,2.5941
502529,1.7463,2.5796
502530,1.7447,2.5973
502531,1.7407,2.5965
502532,1.7431,2.5965
502533,1.7407,2.5771
502534,1.7407,2.5699
502535,1.7439,2.5949
502536,1.7439,2.5957
502537,1.7431,2.6029
502538,1.7455,2.5844
502539,1.7415,2.5933
502540,1.7415,2.5957
502541,1.7415,2.6005
502542,1.7431,2.5989
502543,1.7447,2.5965
502544,1.7415,2.6174
502545,1.7455,2.5908
502546,1.7463,2.5965
502547,1.7455,2.5771
502548,1.7415,2.5788
502549,1.7439,2.5973
502550,1.7423,2.5957
502551,1.7447,2.5973
502552,1.7423,2.5941
502553,1.7463,2.5796
502554,1.7415,2.5957
502555,1.7447,2.5973
502556,1.7447,2.6005
502557,1.7431,2.6078
502558,1.7519,2.5973
502559,1.7431,2.5933
502560,1.7390,2.5820
502561,1.7439,2.6005
502562,1.7447,2.6005
502563,1.7447,2.6021
502564,1.7463,2.6021
502565,1.7423,2.5916
502566,1.7487,2.5900
502567,1.7431,2.5788
502568,1.7399,2.6005
502569,1.7447,2.5989
502570,1.7471,2.5989
502571,1.7431,2.5989
502572,1.7407,2.6070
502573,1.7463,2.5957
502574,1.7407,2.5957
502575,1.7487,2.5892
502576,1.7431,2.5908
502577,1.7415,2.5997
502578,1.7431,2.5941
502579,1.7463,2.5925
502580,1.7423,2.5965
502581,1.7431,2.5989
502582,1.7431,2.5989
502583,1.7415,2.6005
502584,1.7463,2.5957
502585,1.7447,2.5965
502586,1.7447,2.6005
502587,1.7431,2.6013
502588,1.7463,2.5965
502589,1.7447,2.5973
502590,1.7415,2.6053
502591,1.7487,2.6021
502592,1.7431,2.6005
502593,1.7447,2.5997
502594,1.7407,2.5973
502595,1.7447,2.6037
502596,1.7447,2.5973
502597,1.7479,2.5973
502598,1.7463,2.6005
502599,1.7447,2.6166
502600,1.7495,2.6005
502601,1.7455,2.5965
502602,1.7463,2.5965
502603,1.7431,2.5868
502604,1.7463,2.6110
502605,1.7423,2.5989
502606,1.7487,2.5997
502607,1.7455,2.5973
502608,1.7455,2.6005
502609,1.7431,2.5965
502610,1.7447,2.5981
502611,1.7407,2.6021
502612,1.7463,2.5941
502613,1.7447,2.5973
502614,1.7447,2.5997
502615,1.7455,2.6005
502616,1.7423,2.5989
502617,1.7431,2.5997
502618,1.7495,2.5957
502619,1.7415,2.5916
502620,1.7519,2.6013
502621,1.7463,2.5973
502622,1.7423,2.5957
502623,1.7455,2.5973
502624,1.7447,2.5973
502625,1.7487,2.5957
502626,1.7431,2.6029
502627,1.7431,2.6013
502628,1.7439,2.5933
502629,1.7463,2.5973
502630,1.7431,2.5973
502631,1.7471,2.5997
502632,1.7495,2.5997
502633,1.7447,2.5997
502634,1.7447,2.6005
502635,1.7423,2.5957
502636,1.7431,2.5965
502637,1.7415,2.5997
502638,1.7407,2.5981
502639,1.7390,2.5973
502640,1.7431,2.6045
502641,1.7455,2.6021
502642,1.7431,2.6005
502643,1.7423,2.5965
502644,1.7423,2.5997
502645,1.7495,2.5989
502646,1.7407,2.5973
502647,1.7447,2.5989
502648,1.7439,2.6005
502649,1.7479,2.6005
502650,1.7423,2.5957
502651,1.7447,2.5973
502652,1.7415,2.5997
502653,1.7487,2.6021
502654,1.7479,2.6029
502655,1.7447,2.5973
502656,1.7423,2.5989
502657,1.7495,2.5965
502658,1.7415,2.6021
502659,1.7439,2.5989
502660,1.7431,2.6013
502661,1.7431,2.5989
502662,1.7431,2.5941
502663,1.7527,2.6013
502664,1.7447,2.6029
502665,1.7447,2.5989
502666,1.7479,2.5973
502667,1.7423,2.6029
502668,1.7431,2.5957
502669,1.7423,2.6013
502670,1.7447,2.6005
502671,1.7455,2.5973
502672,1.7487,2.6053
502673,1.7423,2.6053
502674,1.7447,2.6005
502675,1.7431,2.5997
502676,1.7447,2.5997
502677,1.7431,2.5997
502678,1.7447,2.6037
502679,1.7431,2.6029
502680,1.7487,2.5989
502681,1.7439,2.5973
502682,1.7439,2.5933
502683,1.7423,2.5949
502684,1.7447,2.6037
502685,1.7463,2.6029
502686,1.7495,2.5957
502687,1.7423,2.6053
502688,1.7455,2.5957
502689,1.7463,2.5997
502690,1.7455,2.6029
502691,1.7463,2.6029
502692,1.7463,2.6005
502693,1.7431,2.5949
502694,1.7447,2.6021
502695,1.7447,2.6005
502696,1.7495,2.6021
502697,1.7463,2.5965
502698,1.7447,2.6021
502699,1.7455,2.6005
502700,1.7439,2.6029
502701,1.7463,2.6005
502702,1.7487,2.5997
502703,1.7447,2.6005
502704,1.7463,2.6029
502705,1.7487,2.6086
502706,1.7495,2.5916
502707,1.7479,2.5965
502708,1.7447,2.5997
502709,1.7455,2.6005
502710,1.7431,2.6029
502711,1.7423,2.5973
502712,1.7455,2.5957
502713,1.7455,2.5997
502714,1.7463,2.6037
502715,1.7455,2.6029
502716,1.7439,2.5989
502717,1.7495,2.6021
502718,1.7455,2.6013
502719,1.7455,2.5997
502720,1.7479,2.6029
502721,1.7479,2.6005
502722,1.7431,2.6037
502723,1.7439,2.6037
502724,1.7463,2.6045
502725,1.7431,2.6029
502726,1.7479,2.6037
502727,1.7455,2.5941
502728,1.7487,2.6013
502729,1.7439,2.6021
502730,1.7479,2.6013
502731,1.7479,2.5997
502732,1.7455,2.5997
502733,1.7439,2.6037
502734,1.7447,2.5997
502735,1.7431,2.6021
502736,1.7455,2.6029
502737,1.7447,2.5997
502738,1.7463,2.6037
502739,1.7455,2.6021
502740,1.7447,2.6062
502741,1.7455,2.6037
502742,1.7487,2.6021
502743,1.7463,2.6021
502744,1.7463,2.6005
502745,1.7463,2.6005
502746,1.7407,2.6005
502747,1.7503,2.6013
502748,1.7447,2.6029
502749,1.7479,2.6013
502750,1.7576,2.6029
502751,1.7455,2.6029
502752,1.7455,2.6005
502753,1.7447,2.6021
502754,1.7455,2.6029
502755,1.7455,2.6037
502756,1.7519,2.6021
502757,1.7463,2.5997
502758,1.7463,2.6037
502759,1.7455,2.6029
502760,1.7439,2.6062
502761,1.7447,2.6013
502762,1.7463,2.6053
502763,1.7487,2.6013
502764,1.7479,2.6021
502765,1.7487,2.6021
502766,1.7455,2.6029
502767,1.7487,2.6013
502768,1.7463,2.6086
502769,1.7447,2.6005
502770,1.7487,2.6005
502771,1.7471,2.6029
502772,1.7447,2.6037
502773,1.7479,2.6021
502774,1.7463,2.6086
502775,1.7431,2.6062
502776,1.7487,2.6029
502777,1.7463,2.6021
502778,1.7479,2.6005
502779,1.7447,2.6029
502780,1.7511,2.6005
502781,1.7463,2.6070
502782,1.7447,2.6021
502783,1.7479,2.6029
502784,1.7455,2.6037
502785,1.7479,2.6062
502786,1.7463,2.6005
502787,1.7431,2.6005
502788,1.7447,2.6037
502789,1.7487,2.6029
502790,1.7463,2.5989
502791,1.7479,2.6037
502792,1.7415,2.6053
502793,1.7407,2.6021
502794,1.7262,2.6021
502795,1.7487,2.6053
502796,1.7382,2.6021
502797,1.7479,2.6045
502798,1.7431,2.6029
502799,1.7511,2.5989
502800,1.7189,2.5916
502801,1.7487,2.6037
502802,1.7479,2.6037
502803,1.7487,2.6021
502804,1.7479,2.6013
502805,1.7463,2.6037
502806,1.7447,2.6053
502807,1.7455,2.6037
502808,1.7455,2.6021
502809,1.7503,2.6070
502810,1.7519,2.6029
502811,1.7423,2.6070
502812,1.7431,2.6029
502813,1.7455,2.6053
502814,1.7737,2.6021
502815,1.7487,2.6126
502816,1.7479,2.6029
502817,1.7519,2.6037
502818,1.7487,2.6021
502819,1.7479,2.6005
502820,1.7455,2.6029
502821,1.7487,2.6029
502822,1.7463,2.6005
502823,1.7463,2.6053
502824,1.7455,2.5989
502825,1.7479,2.6045
502826,1.7431,2.6037
502827,1.7495,2.6045
502828,1.7495,2.6045
502829,1.7479,2.6078
502830,1.7455,2.6037
502831,1.7415,2.6053
502832,1.7495,2.6070
502833,1.7463,2.6070
502834,1.7439,2.6029
502835,1.7479,2.6053
502836,1.7560,2.6021
502837,1.7511,2.6029
502838,1.7455,2.6053
502839,1.7560,2.6062
502840,1.7479,2.5997
502841,1.7487,2.5957
502842,1.7463,2.6053
502843,1.7511,2.6045
502844,1.7511,2.6062
502845,1.7447,2.6037
502846,1.7463,2.6045
502847,1.7495,2.6086
502848,1.7463,2.6053
502849,1.7495,2.6062
502850,1.7439,2.6029
502851,1.7487,2.6037
502852,1.7519,2.6045
502853,1.7487,2.6005
502854,1.7487,2.6070
502855,1.7487,2.6094
502856,1.7487,2.6029
502857,1.7527,2.6053
502858,1.7431,2.6062
502859,1.7439,2.6037
502860,1.7479,2.6029
502861,1.7552,2.6029
502862,1.7495,2.6053
502863,1.7511,2.6029
502864,1.7455,2.6021
502865,1.7447,2.6037
502866,1.7463,2.6053
502867,1.7423,2.6045
502868,1.7455,2.6053
502869,1.7455,2.6037
502870,1.7455,2.6045
502871,1.7294,2.6021
502872,1.7495,2.6086
502873,1.7463,2.6037
502874,1.7463,2.6078
502875,1.7664,2.6062
502876,1.7463,2.6029
502877,1.7664,2.6037
502878,1.7431,2.6045
502879,1.7487,2.6062
502880,1.7326,2.6078
502881,1.7511,2.6045
502882,1.7455,2.6037
502883,1.7503,2.6070
502884,1.7455,2.6053
502885,1.7511,2.6021
502886,1.7511,2.6062
502887,1.7431,2.6037
502888,1.7664,2.6037
502889,1.7447,2.6045
502890,1.7487,2.6029
502891,1.7544,2.6070
502892,1.7407,2.6078
502893,1.7463,2.6070
502894,1.7536,2.6053
502895,1.7544,2.6037
502896,1.7455,2.6078
502897,1.7407,2.6070
502898,1.7447,2.6029
502899,1.7463,2.6078
502900,1.7439,2.6045
502901,1.7527,2.6045
502902,1.7471,2.6053
502903,1.7503,2.6045
502904,1.7447,2.6062
502905,1.7664,2.6029
502906,1.7455,2.6086
502907,1.7511,2.6053
502908,1.7503,2.6045
502909,1.7431,2.6021
502910,1.7664,2.6053
502911,1.7463,2.6045
502912,1.7447,2.6053
502913,1.7519,2.6037
502914,1.7455,2.6005
502915,1.7519,2.6062
502916,1.7463,2.6070
502917,1.7487,2.6053
502918,1.7495,2.6070
502919,1.7447,2.6062
502920,1.7479,2.6029
502921,1.7479,2.6037
502922,1.7495,2.6062
502923,1.7495,2.6094
502924,1.7536,2.6037
502925,1.7536,2.6053
502926,1.7519,2.6053
502927,1.7447,2.6045
502928,1.7487,2.6094
502929,1.7463,2.6062
502930,1.7431,2.6070
502931,1.7479,2.6070
502932,1.7495,2.6070
502933,1.7479,2.6094
502934,1.7519,2.6094
502935,1.7503,2.6062
502936,1.7463,2.6070
502937,1.7447,2.6045
502938,1.7431,2.6037
502939,1.7463,2.6070
502940,1.7487,2.6078
502941,1.7487,2.6045
502942,1.7495,2.6037
502943,1.7527,2.6070
502944,1.7503,2.6062
502945,1.7479,2.6062
502946,1.7527,2.6078
502947,1.7503,2.6086
502948,1.7495,2.6086
502949,1.7503,2.6070
502950,1.7495,2.6045
502951,1.7487,2.6078
502952,1.7471,2.6053
502953,1.7455,2.6062
502954,1.7519,2.6045
502955,1.7511,2.6086
502956,1.7511,2.6070
502957,1.7511,2.6053
502958,1.7536,2.6174
502959,1.7463,2.6078
502960,1.7511,2.6070
502961,1.7495,2.6053
502962,1.7511,2.6053
502963,1.7407,2.6053
502964,1.7487,2.6062
502965,1.7511,2.6062
502966,1.7455,2.6070
502967,1.7511,2.6070
502968,1.7511,2.6070
502969,1.7527,2.6070
502970,1.7431,2.6005
502971,1.7487,2.6062
502972,1.7479,2.6053
502973,1.7455,2.6086
502974,1.7495,2.6045
502975,1.7519,2.5933
502976,1.7455,2.6053
502977,1.7495,2.6053
502978,1.7503,2.6303
502979,1.7487,2.6045
502980,1.7544,2.6086
502981,1.7536,2.6263
502982,1.7527,2.6053
502983,1.7536,2.5796
502984,1.7536,2.6053
502985,1.7536,2.6070
502986,1.7503,2.5908
502987,1.7511,2.6045
502988,1.7552,2.6021
502989,1.7479,2.6021
502990,1.7487,2.6005
502991,1.7519,2.6021
502992,1.7463,2.5933
502993,1.7519,2.6029
502994,1.7495,2.6045
502995,1.7519,2.6053
502996,1.7519,2.6070
502997,1.7511,2.6086
502998,1.7487,2.6070
502999,1.7511,2.6053
503000,1.7560,2.6070
503001,1.7495,2.6086
503002,1.7487,2.6070
503003,1.7479,2.6126
503004,1.7527,2.6134
503005,1.7495,2.6070
503006,1.7447,2.6086
503007,1.7463,2.6053
503008,1.7536,2.6086
503009,1.7503,2.6166
503010,1.7503,2.6070
503011,1.7495,2.6070
503012,1.7503,2.6078
503013,1.7544,2.6126
503014,1.7495,2.6102
503015,1.7495,2.6102
503016,1.7536,2.6134
503017,1.7495,2.6102
503018,1.7463,2.6134
503019,1.7536,2.5957
503020,1.7487,2.6037
503021,1.7536,2.6150
503022,1.7519,2.6118
503023,1.7519,2.6126
503024,1.7519,2.6126
503025,1.7527,2.6190
503026,1.7536,2.6126
503027,1.7544,2.6166
503028,1.7536,2.6110
503029,1.7511,2.6158
503030,1.7511,2.6013
503031,1.7527,2.6150
503032,1.7544,2.6174
503033,1.7536,2.6182
503034,1.7536,2.6126
503035,1.7544,2.6158
503036,1.7511,2.6150
503037,1.7536,2.6150
503038,1.7552,2.6150
503039,1.7536,2.5916
503040,1.7479,2.5941
503041,1.7536,2.6174
503042,1.7527,2.6158
503043,1.7552,2.6158
503044,1.7536,2.6174
503045,1.7536,2.6174
503046,1.7495,2.6150
503047,1.7544,2.6174
503048,1.7560,2.6142
503049,1.7568,2.6199
503050,1.7560,2.6174
503051,1.7544,2.6062
503052,1.7552,2.6134
503053,1.7592,2.5925
503054,1.7536,2.6182
503055,1.7495,2.6319
503056,1.7536,2.6166
503057,1.7536,2.6440
503058,1.7576,2.6134
503059,1.7479,2.6013
503060,1.7536,2.6182
503061,1.7544,2.6174
503062,1.7560,2.6166
503063,1.7624,2.6174
503064,1.7560,2.6174
503065,1.7560,2.6352
503066,1.7527,2.6174
503067,1.7495,2.6327
503068,1.7527,2.6182
503069,1.7487,2.6174
503070,1.7568,2.6174
503071,1.7536,2.6166
503072,1.7560,2.6174
503073,1.7495,2.6207
503074,1.7544,2.6174
503075,1.7560,2.6199
503076,1.7576,2.6182
503077,1.7608,2.6174
503078,1.7592,2.6086
503079,1.7560,2.6174
503080,1.7592,2.6199
503081,1.7576,2.6295
503082,1.7608,2.6158
503083,1.7536,2.6174
503084,1.7560,2.6150
503085,1.7560,2.6150
503086,1.7527,2.6021
503087,1.7608,2.6166
503088,1.7592,2.6142
503089,1.7600,2.6142
503090,1.7584,2.6150
503091,1.7640,2.6126
503092,1.7568,2.6150
503093,1.7568,2.6134
503094,1.7560,2.6150
503095,1.7560,2.6166
503096,1.7584,2.6182
503097,1.7600,2.6263
503098,1.7560,2.6134
503099,1.7584,2.6134
503100,1.7592,2.6158
503101,1.7616,2.6094
503102,1.7560,2.6174
503103,1.7536,2.6158
503104,1.7560,2.6142
503105,1.7576,2.6118
503106,1.7608,2.6150
503107,1.7616,2.6174
503108,1.7592,2.6094
503109,1.7608,2.6134
503110,1.7592,2.6126
503111,1.7560,2.6126
503112,1.7552,2.6174
503113,1.7624,2.6118
503114,1.7608,2.6215
503115,1.7544,2.6102
503116,1.7640,2.6126
503117,1.7584,2.6166
503118,1.7624,2.6150
503119,1.7624,2.6166
503120,1.7584,2.6150
503121,1.7568,2.6150
503122,1.7592,2.6062
503123,1.7640,2.6126
503124,1.7584,2.6158
503125,1.7560,2.6150
503126,1.7608,2.6118
503127,1.7592,2.6134
503128,1.7656,2.6086
503129,1.7592,2.6102
503130,1.7592,2.6126
503131,1.7624,2.6134
503132,1.7592,2.6102
503133,1.7584,2.6166
503134,1.7664,2.6142
503135,1.7656,2.6158
503136,1.7608,2.6158
503137,1.7624,2.6102
503138,1.7616,2.6150
503139,1.7640,2.6126
503140,1.7640,2.6134
503141,1.7656,2.6126
503142,1.7664,2.6086
503143,1.7640,2.6126
503144,1.7673,2.6142
503145,1.7592,2.6094
503146,1.7568,2.6158
503147,1.7616,2.6166
503148,1.7640,2.6134
503149,1.7640,2.6134
503150,1.7664,2.6231
503151,1.7656,2.6166
503152,1.7648,2.6126
503153,1.7624,2.6126
503154,1.7624,2.6094
503155,1.7648,2.6045
503156,1.7664,2.6174
503157,1.7664,2.6166
503158,1.7664,2.6158
503159,1.7664,2.6166
503160,1.7681,2.6174
503161,1.7689,2.6037
503162,1.7624,2.6182
503163,1.7608,2.6150
503164,1.7632,2.6102
503165,1.7648,2.6134
503166,1.7640,2.6118
503167,1.7632,2.6150
503168,1.7664,2.6134
503169,1.7681,2.6094
503170,1.7664,2.6174
503171,1.7681,2.6158
503172,1.7656,2.6150
503173,1.7713,2.6158
503174,1.7648,2.6166
503175,1.7664,2.6142
503176,1.7624,2.6126
503177,1.7673,2.6158
503178,1.7664,2.6142
503179,1.7664,2.6126
503180,1.7664,2.6070
503181,1.7664,2.6150
503182,1.7664,2.6182
503183,1.7664,2.6174
503184,1.7689,2.6166
503185,1.7664,2.6134
503186,1.7624,2.6150
503187,1.7673,2.6102
503188,1.7664,2.6158
503189,1.7681,2.6102
503190,1.7664,2.6021
503191,1.7648,2.6174
503192,1.7673,2.6110
503193,1.7673,2.6174
503194,1.7705,2.6134
503195,1.7664,2.6190
503196,1.7664,2.6190
503197,1.7664,2.6174
503198,1.7664,2.6134
503199,1.7624,2.6166
503200,1.7664,2.6053
503201,1.7721,2.6142
503202,1.7664,2.6166
503203,1.7648,2.6150
503204,1.7689,2.6118
503205,1.7664,2.6094
503206,1.7681,2.6150
503207,1.7664,2.6142
503208,1.7664,2.6223
503209,1.7664,2.6134
503210,1.7673,2.6094
503211,1.7689,2.6150
503212,1.7689,2.6166
503213,1.7681,2.6134
503214,1.7705,2.6174
503215,1.7664,2.6174
503216,1.7673,2.6150
503217,1.7664,2.6166
503218,1.7713,2.6174
503219,1.7689,2.6150
503220,1.7705,2.6174
503221,1.7681,2.6174
503222,1.7713,2.6150
503223,1.7705,2.6045
503224,1.7664,2.6174
503225,1.7681,2.6174
503226,1.7681,2.6118
503227,1.7673,2.6174
503228,1.7673,2.6174
503229,1.7664,2.6166
503230,1.7721,2.6166
503231,1.7705,2.6126
503232,1.7673,2.6142
503233,1.7721,2.6174
503234,1.7721,2.6174
503235,1.7721,2.6182
503236,1.7705,2.6174
503237,1.7737,2.6158
503238,1.7737,2.6182
503239,1.7697,2.6247
503240,1.7745,2.6199
503241,1.7689,2.6182
503242,1.7689,2.6174
503243,1.7753,2.6174
503244,1.7721,2.6182
503245,1.7697,2.6174
503246,1.7713,2.6182
503247,1.7721,2.6190
503248,1.7737,2.6182
503249,1.7713,2.6190
503250,1.7721,2.6190
503251,1.7713,2.6223
503252,1.7689,2.6174
503253,1.7721,2.6215
503254,1.7721,2.6166
503255,1.7721,2.6174
503256,1.7721,2.6182
503257,1.7705,2.6182
503258,1.7745,2.6215
503259,1.7713,2.6199
503260,1.7713,2.6182
503261,1.7721,2.6182
503262,1.7713,2.6190
503263,1.7737,2.6231
503264,1.7785,2.6231
503265,1.7689,2.6231
503266,1.7721,2.6223
503267,1.7713,2.6223
503268,1.7777,2.6174
503269,1.7697,2.6255
503270,1.7785,2.6231
503271,1.7737,2.6231
503272,1.7769,2.6263
503273,1.7721,2.6263
503274,1.7761,2.6215
503275,1.7713,2.6287
503276,1.7777,2.6231
503277,1.7721,2.6174
503278,1.7753,2.6255
503279,1.7785,2.6247
503280,1.7769,2.6279
503281,1.7753,2.6255
503282,1.7801,2.6295
503283,1.7713,2.6279
503284,1.7737,2.6263
503285,1.7785,2.6255
503286,1.7769,2.6231
503287,1.7745,2.6263
503288,1.7785,2.6295
503289,1.7769,2.6279
503290,1.7713,2.6287
503291,1.7721,2.6279
503292,1.7753,2.6263
503293,1.7721,2.6303
503294,1.7769,2.6311
503295,1.7761,2.6295
503296,1.7761,2.6247
503297,1.7761,2.6295
503298,1.7874,2.6303
503299,1.7737,2.6279
503300,1.7898,2.6295
503301,1.7769,2.6303
503302,1.7777,2.6279
503303,1.7745,2.6295
503304,1.7801,2.6303
503305,1.7785,2.6303
503306,1.7842,2.6295
503307,1.7584,2.6352
503308,1.7834,2.6287
503309,1.7777,2.6295
503310,1.7785,2.6303
503311,1.7737,2.6327
503312,1.7753,2.6303
503313,1.7785,2.6303
503314,1.7729,2.6327
503315,1.7713,2.6295
503316,1.7801,2.6327
503317,1.7801,2.6344
503318,1.7769,2.6360
503319,1.7721,2.6311
503320,1.7793,2.6327
503321,1.7761,2.6344
503322,1.7785,2.6311
503323,1.7777,2.6311
503324,1.7544,2.6319
503325,1.7753,2.6344
503326,1.7664,2.6392
503327,1.7632,2.6376
503328,1.7810,2.6432
503329,1.7713,2.6327
503330,1.7737,2.6303
503331,1.7785,2.6392
503332,1.7753,2.6384
503333,1.7777,2.6392
503334,1.7761,2.6384
503335,1.7801,2.6384
503336,1.7793,2.6408
503337,1.7914,2.6448
503338,1.7777,2.6376
503339,1.7689,2.6319
503340,1.7785,2.6424
503341,1.7745,2.6432
503342,1.7737,2.6424
503343,1.7793,2.6400
503344,1.7769,2.6424
503345,1.7753,2.6424
503346,1.7793,2.6416
503347,1.7745,2.6400
503348,1.7785,2.6440
503349,1.7753,2.6473
503350,1.7689,2.6440
503351,1.7745,2.6448
503352,1.7769,2.6456
503353,1.7697,2.6440
503354,1.7745,2.6432
503355,1.7777,2.6456
503356,1.7681,2.6456
503357,1.7761,2.6473
503358,1.7818,2.6456
503359,1.7834,2.6473
503360,1.7745,2.6481
503361,1.7769,2.6521
503362,1.7793,2.6513
503363,1.7769,2.6473
503364,1.7777,2.6545
503365,1.7801,2.6545
503366,1.7761,2.6521
503367,1.7761,2.6553
503368,1.7785,2.6521
503369,1.7777,2.6553
503370,1.7801,2.6553
503371,1.7608,2.6569
503372,1.7785,2.6561
503373,1.7810,2.6569
503374,1.7511,2.6618
503375,1.7785,2.6610
503376,1.7777,2.6618
503377,1.7971,2.6618
503378,1.7785,2.6618
503379,1.7785,2.6585
503380,1.7753,2.6658
503381,1.7721,2.6682
503382,1.7818,2.6666
503383,1.7777,2.6690
503384,1.7818,2.6666
503385,1.7769,2.6682
503386,1.7785,2.6690
503387,1.7801,2.6690
503388,1.7769,2.6706
503389,1.7777,2.6714
503390,1.7769,2.6714
503391,1.7898,2.6730
503392,1.7769,2.6755
503393,1.7810,2.6779
503394,1.7801,2.6763
503395,1.7818,2.6763
503396,1.7769,2.6787
503397,1.7697,2.6819
503398,1.7914,2.6811
503399,1.7810,2.6795
503400,1.7769,2.6811
503401,1.7801,2.6819
503402,1.7785,2.6867
503403,1.7793,2.6835
503404,1.7745,2.6867
503405,1.7906,2.6875
503406,1.7810,2.6900
503407,1.7769,2.6900
503408,1.7834,2.6948
503409,1.7842,2.6924
503410,1.7810,2.6940
503411,1.7842,2.6948
503412,1.7801,2.6948
503413,1.7777,2.6964
503414,1.7801,2.6972
503415,1.7713,2.6996
503416,1.7810,2.7037
503417,1.7898,2.7061
503418,1.7801,2.7101
503419,1.7834,2.7166
503420,1.7818,2.7198
503421,1.7801,2.7286
503422,1.7793,2.7375
503423,1.7826,2.7456
503424,1.7801,2.7568
503425,1.7834,2.7681
503426,1.7874,2.7730
503427,1.7882,2.7955
503428,1.7850,2.8116
503429,1.7882,2.8237
503430,1.7834,2.8407
503431,1.7834,2.8544
503432,1.7906,2.8737
503433,1.7922,2.8874
503434,1.7898,2.9084
503435,1.7922,2.9269
503436,1.7842,2.9446
503437,1.7922,2.9575
503438,1.7971,2.9785
503439,1.7963,2.9954
503440,1.7922,3.0042
503441,1.8003,3.0276
503442,1.8051,3.0453
503443,1.8059,3.0631
503444,1.8084,3.0864
503445,1.8100,3.0913
503446,1.8132,3.1074
503447,1.8124,3.1219
503448,1.8108,3.1340
503449,1.8156,3.1541
503450,1.8140,3.2122
503451,1.8180,3.1840
503452,1.8196,3.2484
503453,1.8196,3.2033
503454,1.8229,3.2452
503455,1.8204,3.2307
503456,1.8229,3.2404
503457,1.8269,3.2500
503458,1.8309,3.2653
503459,1.8269,3.2742
503460,1.8301,3.2863
503461,1.8317,3.2936
503462,1.8285,3.3000
503463,1.8277,3.3000
503464,1.8349,3.3000
503465,1.8366,3.3000
503466,1.8349,3.3000
503467,1.8438,3.3000
503468,1.8390,3.3000
503469,1.8398,3.3000
503470,1.8422,3.3000
503471,1.8438,3.3000
503472,1.8382,3.3000
503473,1.8406,3.3000
503474,1.8398,3.3000
503475,1.8430,3.3000
503476,1.8438,3.3000
503477,1.8390,3.3000
503478,1.8438,3.3000
503479,1.8398,3.3000
503480,1.8349,3.3000
503481,1.8390,3.3000
503482,1.8414,3.3000
503483,1.8398,3.3000
503484,1.8390,3.3000
503485,1.8349,3.3000
503486,1.8398,3.3000
503487,1.8366,3.3000
503488,1.8333,3.3000
503489,1.8349,3.3000
503490,1.8366,3.3000
503491,1.8333,3.3000
503492,1.8406,3.3000
503493,1.8349,3.3000
503494,1.8325,3.3000
503495,1.8317,3.3000
503496,1.8325,3.3000
503497,1.8293,3.3000
503498,1.8333,3.3000
503499,1.8309,3.3000
503500,1.8309,3.3000
503501,1.8285,3.3000
503502,1.8333,3.3000
503503,1.8325,3.3000
503504,1.8317,3.3000
503505,1.8196,3.3000
503506,1.8261,3.3000
503507,1.8301,3.3000
503508,1.8269,3.3000
503509,1.8229,3.3000
503510,1.8269,3.3000
503511,1.8229,3.3000
503512,1.8253,3.3000
503513,1.8196,3.3000
503514,1.8188,3.3000
503515,1.8204,3.3000
503516,1.8221,3.3000
503517,1.8229,3.3000
503518,1.8204,3.3000
503519,1.8180,3.3000
503520,1.8172,3.3000
503521,1.8180,3.3000
503522,1.8180,3.3000
503523,1.8180,3.3000
503524,1.8180,3.3000
503525,1.8140,3.3000
503526,1.8156,3.3000
503527,1.8180,3.3000
503528,1.8180,3.3000
503529,1.8108,3.3000
503530,1.8140,3.3000
503531,1.8156,3.3000
503532,1.8132,3.3000
503533,1.8140,3.3000
503534,1.8140,3.3000
503535,1.8059,3.3000
503536,1.8108,3.3000
503537,1.8172,3.3000
503538,1.8108,3.3000
503539,1.8100,3.3000
503540,1.8051,3.3000
503541,1.8100,3.3000
503542,1.8108,3.3000
503543,1.8092,3.3000
503544,1.8059,3.3000
503545,1.8132,3.3000
503546,1.8108,3.3000
503547,1.8051,3.3000
503548,1.8043,3.3000
503549,1.8067,3.3000
503550,1.8075,3.3000
503551,1.8067,3.3000
503552,1.8075,3.3000
503553,1.8035,3.3000
503554,1.8043,3.3000
503555,1.8043,3.3000
503556,1.8067,3.3000
503557,1.8027,3.3000
503558,1.8067,3.3000
503559,1.8003,3.3000
503560,1.8043,3.3000
503561,1.8084,3.3000
503562,1.8075,3.3000
503563,1.8035,3.3000
503564,1.8043,3.3000
503565,1.8067,3.3000
503566,1.8043,3.3000
503567,1.8059,3.3000
503568,1.7955,3.3000
503569,1.8051,3.3000
503570,1.7947,3.3000
503571,1.8051,3.3000
503572,1.7995,3.3000
503573,1.7995,3.3000
503574,1.7930,3.3000
503575,1.8027,3.3000
503576,1.8051,3.3000
503577,1.8011,3.3000
503578,1.7971,3.3000
503579,1.8043,3.3000
503580,1.8027,3.3000
503581,1.7947,3.3000
503582,1.8051,3.3000
503583,1.8027,3.3000
503584,1.8011,3.3000
503585,1.8027,3.3000
503586,1.8003,3.3000
503587,1.8067,3.3000
503588,1.7995,3.3000
503589,1.8011,3.3000
503590,1.8011,3.3000
503591,1.8043,3.3000
503592,1.7955,3.3000
503593,1.7938,3.3000
503594,1.8027,3.3000
503595,1.8019,3.3000
503596,1.8075,3.3000
503597,1.8003,3.3000
503598,1.8003,3.3000
503599,1.8011,3.3000
503600,1.7955,3.3000
503601,1.8043,3.3000
503602,1.8027,3.3000
503603,1.8027,3.3000
503604,1.8011,3.3000
503605,1.8035,3.3000
503606,1.7938,3.3000
503607,1.8019,3.3000
503608,1.8019,3.3000
503609,1.8100,3.3000
503610,1.7995,3.3000
503611,1.8051,3.3000
503612,1.8011,3.3000
503613,1.8003,3.3000
503614,1.8027,3.3000
503615,1.7963,3.3000
503616,1.7963,3.3000
503617,1.8011,3.3000
503618,1.7955,3.3000
503619,1.7995,3.3000
503620,1.7963,3.3000
503621,1.8043,3.3000
503622,1.8003,3.3000
503623,1.8100,3.3000
503624,1.8003,3.3000
503625,1.8011,3.3000
503626,1.7995,3.3000
503627,1.8067,3.3000
503628,1.7979,3.3000
503629,1.8019,3.3000
503630,1.8035,3.3000
503631,1.8043,3.3000
503632,1.7922,3.3000
503633,1.7947,3.3000
503634,1.8011,3.3000
503635,1.8027,3.3000
503636,1.8011,3.3000
503637,1.8019,3.3000
503638,1.8019,3.3000
503639,1.8003,3.3000
503640,1.8003,3.3000
503641,1.8003,3.3000
503642,1.7995,3.3000
503643,1.7995,3.3000
503644,1.8027,3.3000
503645,1.7987,3.3000
503646,1.8051,3.3000
503647,1.8003,3.3000
503648,1.7979,3.3000
503649,1.8003,3.3000
503650,1.8003,3.3000
503651,1.8043,3.3000
503652,1.7995,3.3000
503653,1.8035,3.3000
503654,1.8003,3.3000
503655,1.7979,3.2887
503656,1.8035,3.2871
503657,1.8003,3.2541
503658,1.8043,3.2645
503659,1.8011,3.2500
503660,1.8003,3.2355
503661,1.8011,3.2242
503662,1.8003,3.2001
503663,1.7963,3.1856
503664,1.7963,3.1678
503665,1.8043,3.1453
503666,1.7971,3.1380
503667,1.8019,3.1001
503668,1.7947,3.0695
503669,1.7979,3.0333
503670,1.7955,3.0026
503671,1.7971,2.9575
503672,1.7906,2.9269
503673,1.7842,2.9075
503674,1.7930,2.8874
503675,1.7850,2.8874
503676,1.7914,2.8874
503677,1.7890,2.8874
503678,1.7898,2.9067
503679,1.7906,2.9188
503680,1.7947,2.9374
503681,1.7922,2.9527
503682,1.7922,2.9527
503683,1.7922,2.9615
503684,1.8003,2.9672
503685,1.7947,2.9873
503686,1.7922,3.0026
503687,1.7938,3.0099
503688,1.7947,3.0228
503689,1.7930,3.0341
503690,1.7979,3.0429
503691,1.7971,3.0518
503692,1.7938,3.0727
503693,1.8011,3.0808
503694,1.7979,3.0921
503695,1.8011,3.0969
503696,1.8027,3.1074
503697,1.8011,3.1114
503698,1.8043,3.1155
503699,1.8035,3.1340
503700,1.8003,3.1445
503701,1.8059,3.1493
503702,1.8043,3.1582
503703,1.8035,3.1719
503704,1.8075,3.1775
503705,1.8051,3.1832
503706,1.8075,3.1896
503707,1.8124,3.1904
503708,1.8108,3.2081
503709,1.8100,3.2105
503710,1.8132,3.2146
503711,1.8140,3.2259
503712,1.8156,3.2379
503713,1.8180,3.2226
503714,1.8172,3.2476
503715,1.8124,3.2420
503716,1.8164,3.2516
503717,1.8180,3.2549
503718,1.8180,3.2605
503719,1.8221,3.2662
503720,1.8188,3.2694
503721,1.8188,3.2742
503722,1.8253,3.2718
503723,1.8261,3.2847
503724,1.8221,3.2879
503725,1.8229,3.2911
503726,1.8253,3.3000
503727,1.8221,3.3000
503728,1.8212,3.3000
503729,1.8237,3.3000
503730,1.8253,3.3000
503731,1.8237,3.3000
503732,1.8204,3.3000
503733,1.8269,3.3000
503734,1.8204,3.3000
503735,1.8229,3.3000
503736,1.8229,3.3000
503737,1.8261,3.3000
503738,1.8229,3.3000
503739,1.8317,3.3000
503740,1.8285,3.3000
503741,1.8253,3.3000
503742,1.8285,3.3000
503743,1.8309,3.3000
503744,1.8269,3.3000
503745,1.8253,3.3000
503746,1.8301,3.3000
503747,1.8309,3.3000
503748,1.8229,3.3000
503749,1.8261,3.3000
503750,1.8269,3.3000
503751,1.8269,3.3000
503752,1.8237,3.3000
503753,1.8277,3.3000
503754,1.8261,3.3000
503755,1.8269,3.3000
503756,1.8301,3.3000
503757,1.8285,3.3000
503758,1.8317,3.3000
503759,1.8261,3.3000
503760,1.8285,3.3000
503761,1.8293,3.3000
503762,1.8221,3.3000
503763,1.8293,3.3000
503764,1.8293,3.3000
503765,1.8269,3.3000
503766,1.8293,3.3000
503767,1.8293,3.3000
503768,1.8269,3.3000
503769,1.8221,3.3000
503770,1.8269,3.3000
503771,1.8261,3.3000
503772,1.8229,3.3000
503773,1.8301,3.3000
503774,1.8269,3.3000
503775,1.8180,3.3000
503776,1.8229,3.3000
503777,1.8237,3.3000
503778,1.8269,3.3000
503779,1.8221,3.3000
503780,1.8188,3.3000
503781,1.8212,3.3000
503782,1.8237,3.3000
503783,1.8229,3.3000
503784,1.8221,3.3000
503785,1.8180,3.3000
503786,1.8188,3.3000
503787,1.8204,3.3000
503788,1.8180,3.3000
503789,1.8180,3.3000
503790,1.8285,3.3000
503791,1.8156,3.3000
503792,1.8156,3.3000
503793,1.8140,3.3000
503794,1.8140,3.3000
503795,1.8132,3.3000
503796,1.8261,3.3000
503797,1.8092,3.3000
503798,1.8172,3.3000
503799,1.8092,3.3000
503800,1.8132,3.3000
503801,1.8124,3.3000
503802,1.8156,3.3000
503803,1.8140,3.3000
503804,1.8180,3.3000
503805,1.8140,3.3000
503806,1.8148,3.3000
503807,1.8140,3.3000
503808,1.8180,3.3000
503809,1.8140,3.3000
503810,1.8100,3.3000
503811,1.8100,3.3000
503812,1.8124,3.3000
503813,1.8132,3.3000
503814,1.8140,3.3000
503815,1.8092,3.3000
503816,1.8140,3.3000
503817,1.8164,3.3000
503818,1.8164,3.3000
503819,1.8003,3.3000
503820,1.8204,3.3000
503821,1.8180,3.3000
503822,1.8124,3.3000
503823,1.8124,3.3000
503824,1.8140,3.3000
503825,1.8180,3.3000
503826,1.8108,3.3000
503827,1.8164,3.3000
503828,1.8156,3.3000
503829,1.8059,3.3000
503830,1.8132,3.3000
503831,1.8285,3.3000
503832,1.8188,3.3000
503833,1.8124,3.3000
503834,1.8180,3.3000
503835,1.8180,3.3000
503836,1.8172,3.3000
503837,1.8156,3.3000
503838,1.8172,3.3000
503839,1.8164,3.3000
503840,1.8124,3.3000
503841,1.8172,3.3000
503842,1.8422,3.3000
503843,1.8172,3.3000
503844,1.7922,3.3000
503845,1.8148,3.3000
503846,1.8035,3.3000
503847,1.8140,3.3000
503848,1.8140,3.3000
503849,1.8075,3.3000
503850,1.8180,3.3000
503851,1.8180,3.3000
503852,1.7955,3.3000
503853,1.8180,3.3000
503854,1.8148,3.3000
503855,1.8172,3.3000
503856,1.8180,3.3000
503857,1.8180,3.3000
503858,1.8108,3.3000
503859,1.8156,3.3000
503860,1.8180,3.3000
503861,1.8156,3.3000
503862,1.8180,3.3000
503863,1.8156,3.3000
503864,1.8164,3.3000
503865,1.8180,3.3000
503866,1.8156,3.3000
503867,1.8156,3.3000
503868,1.8164,3.3000
503869,1.8084,3.3000
503870,1.8051,3.3000
503871,1.8156,3.3000
503872,1.7971,3.3000
503873,1.8156,3.3000
503874,1.7947,3.3000
503875,1.8164,3.3000
503876,1.8124,3.3000
503877,1.8358,3.3000
503878,1.8172,3.3000
503879,1.8180,3.3000
503880,1.8180,3.3000
503881,1.8059,3.3000
503882,1.8132,3.3000
503883,1.8140,3.3000
503884,1.8051,3.3000
503885,1.8132,3.3000
503886,1.8124,3.3000
503887,1.8333,3.3000
503888,1.8140,3.3000
503889,1.8108,3.3000
503890,1.8116,3.3000
503891,1.8180,3.3000
503892,1.8140,3.3000
503893,1.8092,3.3000
503894,1.8180,3.3000
503895,1.8075,3.3000
503896,1.8108,3.3000
503897,1.8132,3.3000
503898,1.8067,3.3000
503899,1.8003,3.3000
503900,1.8108,3.3000
503901,1.8108,3.3000
503902,1.8124,3.3000
503903,1.8067,3.3000
503904,1.8051,3.3000
503905,1.8100,3.3000
503906,1.8092,3.3000
503907,1.8172,3.3000
503908,1.8075,3.3000
503909,1.8140,3.3000
503910,1.8237,3.3000
503911,1.8124,3.3000
503912,1.8108,3.3000
503913,1.8100,3.3000
503914,1.8164,3.3000
503915,1.8051,3.3000
503916,1.8051,3.3000
503917,1.8172,3.3000
503918,1.8092,3.3000
503919,1.8108,3.3000
503920,1.8059,3.3000
503921,1.8075,3.3000
503922,1.8059,3.3000
503923,1.8067,3.3000
503924,1.8084,3.3000
503925,1.8027,3.3000
503926,1.8092,3.3000
503927,1.8108,3.3000
503928,1.8075,3.3000
503929,1.8140,3.3000
503930,1.8067,3.3000
503931,1.8075,3.3000
503932,1.8084,3.3000
503933,1.8140,3.3000
503934,1.7922,3.3000
503935,1.8067,3.3000
503936,1.8051,3.3000
503937,1.8132,3.3000
503938,1.8067,3.3000
503939,1.8067,3.3000
503940,1.8092,3.3000
503941,1.8100,3.3000
503942,1.8043,3.3000
503943,1.8075,3.3000
503944,1.8108,3.3000
503945,1.8124,3.3000
503946,1.8092,3.3000
503947,1.8059,3.3000
503948,1.8067,3.3000
503949,1.8051,3.3000
503950,1.8051,3.3000
503951,1.8108,3.3000
503952,1.8092,3.3000
503953,1.8027,3.3000
503954,1.8059,3.3000
503955,1.8019,3.3000
503956,1.8051,3.3000
503957,1.8059,3.3000
503958,1.8003,3.3000
503959,1.8075,3.3000
503960,1.8084,3.3000
503961,1.8003,3.3000
503962,1.8059,3.3000
503963,1.8011,3.3000
503964,1.8051,3.3000
503965,1.8043,3.3000
503966,1.8051,3.3000
503967,1.8051,3.3000
503968,1.8011,3.3000
503969,1.8051,3.3000
503970,1.8043,3.3000
503971,1.8108,3.3000
503972,1.8011,3.3000
503973,1.8027,3.3000
503974,1.8035,3.3000
503975,1.8043,3.3000
503976,1.8035,3.3000
503977,1.8027,3.3000
503978,1.7979,3.3000
503979,1.8027,3.3000
503980,1.8035,3.3000
503981,1.7963,3.3000
503982,1.7963,3.3000
503983,1.7995,3.3000
503984,1.8035,3.3000
503985,1.7930,3.3000
503986,1.8027,3.3000
503987,1.7979,3.3000
503988,1.8043,3.3000
503989,1.8003,3.3000
503990,1.7938,3.3000
503991,1.8027,3.3000
503992,1.8027,3.3000
503993,1.7979,3.3000
503994,1.7979,3.3000
503995,1.7971,3.3000
503996,1.7971,3.3000
503997,1.7963,3.3000
503998,1.8003,3.3000
503999,1.7979,3.3000
504000,1.8011,3.3000
504001,1.7947,3.3000
504002,1.7922,3.3000
504003,1.7995,3.3000
504004,1.7963,3.3000
504005,1.7979,3.3000
504006,1.7963,3.3000
504007,1.7922,3.3000
504008,1.7979,3.3000
504009,1.8043,3.3000
504010,1.7947,3.3000
504011,1.7930,3.3000
504012,1.7995,3.3000
504013,1.7947,3.3000
504014,1.7922,3.3000
504015,1.7922,3.3000
504016,1.7947,3.3000
504017,1.7947,3.3000
504018,1.7874,3.3000
504019,1.7938,3.3000
504020,1.7930,3.3000
504021,1.7882,3.3000
504022,1.7922,3.3000
504023,1.7890,3.3000
504024,1.7890,3.3000
504025,1.7922,3.3000
504026,1.7898,3.3000
504027,1.7947,3.3000
504028,1.7898,3.3000
504029,1.7922,3.3000
504030,1.7882,3.3000
504031,1.7890,3.3000
504032,1.7842,3.3000
504033,1.7922,3.3000
504034,1.7898,3.3000
504035,1.7898,3.3000
504036,1.7850,3.3000
504037,1.7842,3.3000
504038,1.7906,3.3000
504039,1.7850,3.3000
504040,1.7922,3.3000
504041,1.7874,3.3000
504042,1.7906,3.3000
504043,1.7898,3.3000
504044,1.7882,3.3000
504045,1.7882,3.3000
504046,1.7834,3.3000
504047,1.7866,3.3000
504048,1.7866,3.3000
504049,1.7850,3.3000
504050,1.7914,3.3000
504051,1.7801,3.3000
504052,1.7850,3.3000
504053,1.7810,3.3000
504054,1.7785,3.3000
504055,1.7842,3.3000
504056,1.7801,3.3000
504057,1.7810,3.3000
504058,1.7818,3.3000
504059,1.7826,3.3000
504060,1.7801,3.3000
504061,1.7777,3.3000
504062,1.7785,3.3000
504063,1.7753,3.3000
504064,1.7842,3.3000
504065,1.7793,3.3000
504066,1.7834,3.3000
504067,1.7834,3.3000
504068,1.7753,3.3000
504069,1.7801,3.3000
504070,1.7842,3.3000
504071,1.7777,3.3000
504072,1.7753,3.3000
504073,1.7810,3.3000
504074,1.7745,3.3000
504075,1.7785,3.3000
504076,1.7705,3.3000
504077,1.7745,3.3000
504078,1.7713,3.3000
504079,1.7810,3.3000
504080,1.7761,3.3000
504081,1.7785,3.3000
504082,1.7745,3.3000
504083,1.7777,3.3000
504084,1.7673,3.3000
504085,1.7737,3.3000
504086,1.7745,3.3000
504087,1.7713,3.3000
504088,1.7793,3.3000
504089,1.7785,3.3000
504090,1.7681,3.3000
504091,1.7673,3.3000
504092,1.7705,3.3000
504093,1.7697,3.3000
504094,1.7664,3.3000
504095,1.7721,3.3000
504096,1.7697,3.3000
504097,1.7721,3.3000
504098,1.7664,3.3000
504099,1.7673,3.3000
504100,1.7664,3.3000
504101,1.7689,3.3000
504102,1.7673,3.3000
504103,1.7673,3.3000
504104,1.7664,3.3000
504105,1.7705,3.3000
504106,1.7673,3.3000
504107,1.7689,3.3000
504108,1.7664,3.3000
504109,1.7664,3.3000
504110,1.7656,3.3000
504111,1.7664,3.3000
504112,1.7656,3.3000
504113,1.7624,3.3000
504114,1.7664,3.3000
504115,1.7664,3.3000
504116,1.7664,3.3000
504117,1.7640,3.3000
504118,1.7576,3.3000
504119,1.7664,3.3000
504120,1.7648,3.3000
504121,1.7624,3.3000
504122,1.7656,3.3000
504123,1.7592,3.3000
504124,1.7592,3.3000
504125,1.7624,3.3000
504126,1.7640,3.3000
504127,1.7552,3.3000
504128,1.7576,3.3000
504129,1.7656,3.3000
504130,1.7560,3.3000
504131,1.7568,3.3000
504132,1.7560,3.3000
504133,1.7592,3.3000
504134,1.7608,3.3000
504135,1.7544,3.3000
504136,1.7584,3.3000
504137,1.7608,3.3000
504138,1.7536,3.3000
504139,1.7576,3.3000
504140,1.7584,3.3000
504141,1.7544,3.3000
504142,1.7592,3.3000
504143,1.7544,3.3000
504144,1.7552,3.3000
504145,1.7519,3.3000
504146,1.7519,3.3000
504147,1.7527,3.2871
504148,1.7471,3.2637
504149,1.7519,3.2251
504150,1.7503,3.2001
504151,1.7495,3.1662
504152,1.7447,3.1404
504153,1.7431,3.1171
504154,1.7407,3.0937
504155,1.7407,3.0558
504156,1.7407,3.0534
504157,1.7390,3.0325
504158,1.7407,3.0034
504159,1.7366,2.9889
504160,1.7382,2.9623
504161,1.7318,2.9454
504162,1.7374,2.9325
504163,1.7350,2.9156
504164,1.7318,2.9011
504165,1.7334,2.8777
504166,1.7318,2.8576
504167,1.7318,2.8536
504168,1.7294,2.8399
504169,1.7286,2.8326
504170,1.7237,2.8165
504171,1.7286,2.8100
504172,1.7270,2.7979
504173,1.7278,2.7867
504174,1.7270,2.7778
504175,1.7253,2.7705
504176,1.7197,2.7649
504177,1.7245,2.7504
504178,1.7197,2.7440
504179,1.7253,2.7359
504180,1.7189,2.7286
504181,1.7229,2.7230
504182,1.7270,2.7206
504183,1.7229,2.7125
504184,1.7205,2.7077
504185,1.7157,2.7021
504186,1.7181,2.6956
504187,1.7197,2.6924
504188,1.7229,2.6851
504189,1.7237,2.6819
504190,1.7205,2.6763
504191,1.7157,2.6698
504192,1.7189,2.6690
504193,1.7197,2.6642
504194,1.7173,2.6618
504195,1.7205,2.6569
504196,1.7205,2.6537
504197,1.7189,2.6489
504198,1.7157,2.6464
504199,1.7149,2.6432
504200,1.7165,2.6432
504201,1.7149,2.6384
504202,1.7197,2.6408
504203,1.7181,2.6279
504204,1.7189,2.6303
504205,1.7189,2.6271
504206,1.7197,2.6255
504207,1.7173,2.6182
504208,1.7189,2.6223
504209,1.7221,2.6174
504210,1.7229,2.6150
504211,1.7173,2.6118
504212,1.7237,2.6182
504213,1.7173,2.6094
504214,1.7173,2.6102
504215,1.7189,2.6102
504216,1.7237,2.6053
504217,1.7157,2.5997
504218,1.7229,2.6086
504219,1.7205,2.5965
504220,1.7181,2.5973
504221,1.7221,2.5997
504222,1.7181,2.6005
504223,1.7245,2.6062
504224,1.7237,2.5933
504225,1.7229,2.5973
504226,1.7229,2.6005
504227,1.7221,2.5925
504228,1.7270,2.5916
504229,1.7205,2.5989
504230,1.7237,2.5941
504231,1.7270,2.5957
504232,1.7237,2.5916
504233,1.7270,2.5916
504234,1.7245,2.5900
504235,1.7237,2.5892
504236,1.7310,2.5892
504237,1.7262,2.5908
504238,1.7270,2.5916
504239,1.7253,2.5900
504240,1.7294,2.5876
504241,1.7318,2.5876
504242,1.7334,2.5868
504243,1.7270,2.5916
504244,1.7278,2.5804
504245,1.7294,2.5812
504246,1.7366,2.5828
504247,1.7318,2.5868
504248,1.7318,2.5868
504249,1.7350,2.5868
504250,1.7382,2.5876
504251,1.7326,2.5868
504252,1.7350,2.5804
504253,1.7326,2.5868
504254,1.7382,2.5836
504255,1.7358,2.5812
504256,1.7358,2.5860
504257,1.7366,2.5892
504258,1.7366,2.5860
504259,1.7366,2.5916
504260,1.7407,2.5892
504261,1.7407,2.5916
504262,1.7407,2.5860
504263,1.7407,2.5844
504264,1.7407,2.5892
504265,1.7407,2.5925
504266,1.7399,2.5892
504267,1.7407,2.5892
504268,1.7407,2.5925
504269,1.7407,2.5876
504270,1.7399,2.5908
504271,1.7431,2.5916
504272,1.7415,2.5868
504273,1.7431,2.5916
504274,1.7407,2.5916
504275,1.7407,2.5892
504276,1.7423,2.5900
504277,1.7423,2.5916
504278,1.7423,2.5892
504279,1.7447,2.5916
504280,1.7455,2.5892
504281,1.7479,2.5884
504282,1.7431,2.5900
504283,1.7447,2.5900
504284,1.7423,2.5916
504285,1.7407,2.5916
504286,1.7431,2.5908
504287,1.7463,2.5836
504288,1.7423,2.5876
504289,1.7455,2.5868
504290,1.7431,2.5884
504291,1.7455,2.5900
504292,1.7463,2.5916
504293,1.7511,2.5908
504294,1.7519,2.5916
504295,1.7455,2.5908
504296,1.7487,2.5892
504297,1.7536,2.5892
504298,1.7511,2.5916
504299,1.7487,2.5916
504300,1.7479,2.5892
504301,1.7487,2.5916
504302,1.7527,2.5925
504303,1.7536,2.5884
504304,1.7487,2.5925
504305,1.7519,2.5916
504306,1.7399,2.5908
504307,1.7519,2.5908
504308,1.7503,2.5916
504309,1.7495,2.5916
504310,1.7527,2.5908
504311,1.7527,2.5916
504312,1.7536,2.5925
504313,1.7527,2.5908
504314,1.7511,2.5900
504315,1.7495,2.5916
504316,1.7584,2.5925
504317,1.7552,2.5925
504318,1.7536,2.5916
504319,1.7447,2.5900
504320,1.7721,2.5933
504321,1.7568,2.5949
504322,1.7527,2.5900
504323,1.7656,2.5916
504324,1.7673,2.5916
504325,1.7689,2.5933
504326,1.7552,2.5925
504327,1.7399,2.5916
504328,1.7511,2.5925
504329,1.7536,2.5916
504330,1.7536,2.5933
504331,1.7463,2.5916
504332,1.7552,2.5916
504333,1.7576,2.5941
504334,1.7552,2.5916
504335,1.7560,2.5949
504336,1.7511,2.5957
504337,1.7519,2.5941
504338,1.7536,2.5933
504339,1.7479,2.5933
504340,1.7511,2.5916
504341,1.7536,2.5925
504342,1.7552,2.5965
504343,1.7552,2.5925
504344,1.7527,2.5965
504345,1.7664,2.5925
504346,1.7536,2.5925
504347,1.7552,2.5965
504348,1.7560,2.5933
504349,1.7544,2.5941
504350,1.7536,2.5916
504351,1.7479,2.5949
504352,1.7552,2.5957
504353,1.7519,2.5965
504354,1.7544,2.5941
504355,1.7536,2.5916
504356,1.7527,2.5933
504357,1.7664,2.5925
504358,1.7544,2.5941
504359,1.7648,2.5925
504360,1.7294,2.5933
504361,1.7495,2.5933
504362,1.7487,2.5933
504363,1.7544,2.5949
504364,1.7511,2.5949
504365,1.7544,2.5933
504366,1.7527,2.5916
504367,1.7527,2.5941
504368,1.7503,2.5941
504369,1.7544,2.5916
504370,1.7536,2.5965
504371,1.7527,2.5965
504372,1.7560,2.5973
504373,1.7536,2.5941
504374,1.7382,2.5957
504375,1.7536,2.5925
504376,1.7536,2.5973
504377,1.7664,2.5989
504378,1.7592,2.5957
504379,1.7544,2.5973
504380,1.7560,2.5933
504381,1.7511,2.5973
504382,1.7689,2.5925
504383,1.7560,2.5933
504384,1.7399,2.5933
504385,1.7640,2.5925
504386,1.7447,2.6005
504387,1.7544,2.5949
504388,1.7552,2.5973
504389,1.7527,2.5957
504390,1.7552,2.5957
504391,1.7527,2.5997
504392,1.7584,2.5965
504393,1.7552,2.5916
504394,1.7536,2.5941
504395,1.7519,2.5997
504396,1.7560,2.5949
504397,1.7519,2.5997
504398,1.7495,2.5989
504399,1.7592,2.5965
504400,1.7544,2.5965
504401,1.7536,2.5997
504402,1.7552,2.5957
504403,1.7544,2.5973
504404,1.7519,2.5989
504405,1.7616,2.5973
504406,1.7399,2.5965
504407,1.7536,2.5989
504408,1.7423,2.5933
504409,1.7592,2.5997
504410,1.7552,2.5949
504411,1.7479,2.5933
504412,1.7511,2.5965
504413,1.7673,2.5989
504414,1.7527,2.5989
504415,1.7519,2.5965
504416,1.7536,2.5949
504417,1.7560,2.5941
504418,1.7560,2.5965
504419,1.7519,2.5933
504420,1.7552,2.5957
504421,1.7511,2.5941
504422,1.7536,2.5973
504423,1.7536,2.5973
504424,1.7616,2.5989
504425,1.7560,2.5941
504426,1.7479,2.5957
504427,1.7552,2.5957
504428,1.7656,2.5973
504429,1.7576,2.5989
504430,1.7479,2.5997
504431,1.7495,2.5957
504432,1.7560,2.5957
504433,1.7399,2.5997
504434,1.7552,2.5957
504435,1.7608,2.5941
504436,1.7536,2.5973
504437,1.7664,2.5973
504438,1.7536,2.5965
504439,1.7592,2.5965
504440,1.7544,2.5933
504441,1.7552,2.5965
504442,1.7495,2.5973
504443,1.7431,2.5941
504444,1.7552,2.5941
504445,1.7536,2.5997
504446,1.7536,2.5997
504447,1.7544,2.5965
504448,1.7536,2.5941
504449,1.7552,2.5973
504450,1.7527,2.6021
504451,1.7536,2.5965
504452,1.7544,2.5989
504453,1.7536,2.5949
504454,1.7519,2.5933
504455,1.7503,2.5941
504456,1.7495,2.5997
504457,1.7536,2.5957
504458,1.7495,2.6400
504459,1.7527,2.5957
504460,1.7447,2.5965
504461,1.7519,2.5973
504462,1.7536,2.5973
504463,1.7495,2.5973
504464,1.7495,2.5989
504465,1.7487,2.5933
504466,1.7544,2.5957
504467,1.7503,2.5941
504468,1.7503,2.5997
504469,1.7536,2.5957
504470,1.7511,2.5973
504471,1.7471,2.5973
504472,1.7503,2.5965
504473,1.7511,2.5957
504474,1.7487,2.5933
504475,1.7536,2.5997
504476,1.7479,2.5941
504477,1.7552,2.5949
504478,1.7487,2.5916
504479,1.7487,2.5933
504480,1.7527,2.5771
504481,1.7527,2.5989
504482,1.7527,2.5925
504483,1.7487,2.5788
504484,1.7479,2.5965
504485,1.7544,2.5965
504486,1.7536,2.5925
504487,1.7447,2.5957
504488,1.7479,2.5933
504489,1.7495,2.5941
504490,1.7536,2.5957
504491,1.7527,2.5933
504492,1.7463,2.5941
504493,1.7527,2.5941
504494,1.7471,2.5965
504495,1.7487,2.5949
504496,1.7527,2.5957
504497,1.7487,2.5957
504498,1.7536,2.5836
504499,1.7455,2.5965
504500,1.7495,2.5892
504501,1.7463,2.5941
504502,1.7495,2.5933
504503,1.7463,2.5900
504504,1.7479,2.5836
504505,1.7487,2.5973
504506,1.7519,2.5957
504507,1.7487,2.5900
504508,1.7487,2.5916
504509,1.7527,2.5916
504510,1.7527,2.6070
504511,1.7495,2.5933
504512,1.7495,2.5997
504513,1.7527,2.5965
504514,1.7471,2.5941
504515,1.7447,2.5941
504516,1.7527,2.5933
504517,1.7511,2.5933
504518,1.7463,2.5925
504519,1.7447,2.5844
504520,1.7511,2.5941
504521,1.7511,2.5925
504522,1.7455,2.5916
504523,1.7519,2.5916
504524,1.7511,2.5941
504525,1.7479,2.5957
504526,1.7511,2.5949
504527,1.7463,2.5900
504528,1.7479,2.5933
504529,1.7455,2.5933
504530,1.7439,2.5933
504531,1.7487,2.5933
504532,1.7576,2.5957
504533,1.7455,2.5949
504534,1.7495,2.5933
504535,1.7511,2.5925
504536,1.7439,2.5925
504537,1.7511,2.5916
504538,1.7455,2.5925
504539,1.7503,2.6134
504540,1.7455,2.5916
504541,1.7463,2.5916
504542,1.7455,2.6037
504543,1.7479,2.5908
504544,1.7455,2.5941
504545,1.7439,2.5925
504546,1.7495,2.5916
504547,1.7487,2.5925
504548,1.7495,2.5916
504549,1.7503,2.5908
504550,1.7447,2.5916
504551,1.7455,2.5916
504552,1.7511,2.5916
504553,1.7423,2.5900
504554,1.7487,2.5900
504555,1.7431,2.5788
504556,1.7439,2.5965
504557,1.7423,2.5925
504558,1.7487,2.5820
504559,1.7407,2.5916
504560,1.7487,2.5908
504561,1.7455,2.5908
504562,1.7495,2.5908
504563,1.7431,2.5916
504564,1.7495,2.5916
504565,1.7455,2.5916
504566,1.7447,2.5925
504567,1.7447,2.5908
504568,1.7423,2.5949
504569,1.7431,2.5844
504570,1.7447,2.5908
504571,1.7463,2.5892
504572,1.7463,2.5949
504573,1.7495,2.6053
504574,1.7447,2.5916
504575,1.7487,2.5884
504576,1.7479,2.5739
504577,1.7447,2.5916
504578,1.7455,2.5916
504579,1.7495,2.6005
504580,1.7463,2.5925
504581,1.7455,2.5908
504582,1.7415,2.5908
504583,1.7463,2.5957
504584,1.7455,2.5908
504585,1.7431,2.5892
504586,1.7415,2.5916
504587,1.7431,2.5933
504588,1.7447,2.5916
504589,1.7463,2.5916
504590,1.7415,2.5916
504591,1.7439,2.5916
504592,1.7479,2.5876
504593,1.7415,2.5860
504594,1.7423,2.5788
504595,1.7463,2.5844
504596,1.7431,2.5900
504597,1.7431,2.5908
504598,1.7431,2.6029
504599,1.7415,2.5916
504600,1.7455,2.5900
504601,1.7455,2.5828
504602,1.7415,2.5707
504603,1.7423,2.5916
504604,1.7447,2.5908
504605,1.7455,2.5876
504606,1.7487,2.5876
504607,1.7423,2.5925
504608,1.7439,2.5916
504609,1.7423,2.5876
504610,1.7423,2.5916
504611,1.7407,2.5900
504612,1.7447,2.5949
504613,1.7431,2.6013
504614,1.7431,2.5908
504615,1.7431,2.5908
504616,1.7431,2.6037
504617,1.7447,2.5892
504618,1.7407,2.5908
504619,1.7423,2.5908
504620,1.7431,2.5916
504621,1.7447,2.5892
504622,1.7415,2.5900
504623,1.7447,2.5916
504624,1.7447,2.5916
504625,1.7415,2.5916
504626,1.7415,2.5916
504627,1.7407,2.5916
504628,1.7399,2.5908
504629,1.7447,2.5900
504630,1.7407,2.5916
504631,1.7415,2.5916
504632,1.7407,2.5908
504633,1.7407,2.5916
504634,1.7415,2.5892
504635,1.7407,2.5916
504636,1.7423,2.5908
504637,1.7423,2.5916
504638,1.7439,2.5892
504639,1.7455,2.5908
504640,1.7390,2.5916
504641,1.7415,2.5900
504642,1.7423,2.5916
504643,1.7423,2.5916
504644,1.7407,2.5892
504645,1.7431,2.5868
504646,1.7415,2.5965
504647,1.7431,2.5916
504648,1.7407,2.5916
504649,1.7415,2.5908
504650,1.7439,2.5908
504651,1.7439,2.5908
504652,1.7423,2.5916
504653,1.7407,2.5908
504654,1.7407,2.5925
504655,1.7503,2.5916
504656,1.7431,2.5916
504657,1.7407,2.5916
504658,1.7407,2.5908
504659,1.7415,2.5989
504660,1.7415,2.5916
504661,1.7415,2.5916
504662,1.7415,2.5925
504663,1.7495,2.5925
504664,1.7423,2.5933
504665,1.7415,2.5868
504666,1.7447,2.5916
504667,1.7487,2.5900
504668,1.7479,2.5925
504669,1.7407,2.5916
504670,1.7399,2.5884
504671,1.7423,2.5916
504672,1.7407,2.5925
504673,1.7399,2.5892
504674,1.7447,2.5916
504675,1.7479,2.5900
504676,1.7423,2.5916
504677,1.7423,2.5916
504678,1.7423,2.5908
504679,1.7415,2.5916
504680,1.7407,2.5916
504681,1.7415,2.5916
504682,1.7423,2.5925
504683,1.7463,2.5916
504684,1.7407,2.5916
504685,1.7407,2.5916
504686,1.7423,2.5925
504687,1.7415,2.5892
504688,1.7431,2.5925
504689,1.7407,2.5916
504690,1.7399,2.5925
504691,1.7407,2.5949
504692,1.7431,2.5916
504693,1.7407,2.5868
504694,1.7463,2.5916
504695,1.7423,2.5892
504696,1.7407,2.5957
504697,1.7431,2.5916
504698,1.7407,2.5957
504699,1.7407,2.5916
504700,1.7390,2.5925
504701,1.7407,2.5892
504702,1.7415,2.5916
504703,1.7399,2.5916
504704,1.7407,2.5916
504705,1.7415,2.5925
504706,1.7415,2.5916
504707,1.7415,2.5925
504708,1.7423,2.5900
504709,1.7431,2.5925
504710,1.7407,2.5868
504711,1.7407,2.5941
504712,1.7399,2.5828
504713,1.7407,2.5900
504714,1.7447,2.5916
504715,1.7407,2.5916
504716,1.7399,2.5916
504717,1.7407,2.5916
504718,1.7407,2.5916
504719,1.7407,2.5916
504720,1.7407,2.5908
504721,1.7415,2.5916
504722,1.7407,2.5908
504723,1.7415,2.5916
504724,1.7407,2.5900
504725,1.7415,2.5916
504726,1.7431,2.5908
504727,1.7415,2.5916
504728,1.7415,2.5892
504729,1.7399,2.5900
504730,1.7407,2.5908
504731,1.7407,2.5916
504732,1.7423,2.5828
504733,1.7407,2.5916
504734,1.7423,2.5941
504735,1.7415,2.5908
504736,1.7407,2.5916
504737,1.7390,2.5900
504738,1.7431,2.5900
504739,1.7407,2.5900
504740,1.7447,2.5900
504741,1.7407,2.5908
504742,1.7407,2.5900
504743,1.7407,2.5836
504744,1.7399,2.5892
504745,1.7407,2.5876
504746,1.7407,2.5916
504747,1.7423,2.5916
504748,1.7415,2.5900
504749,1.7407,2.5836
504750,1.7415,2.5892
504751,1.7382,2.5860
504752,1.7423,2.5884
504753,1.7439,2.5892
504754,1.7407,2.5860
504755,1.7407,2.5900
504756,1.7390,2.5916
504757,1.7415,2.5900
504758,1.7407,2.5900
504759,1.7407,2.5941
504760,1.7407,2.5908
504761,1.7407,2.5876
504762,1.7415,2.5876
504763,1.7399,2.5908
504764,1.7407,2.5916
504765,1.7407,2.5941
504766,1.7415,2.5916
504767,1.7407,2.5908
504768,1.7431,2.5876
504769,1.7407,2.5892
504770,1.7407,2.5900
504771,1.7415,2.5892
504772,1.7399,2.5892
504773,1.7407,2.5868
504774,1.7415,2.5892
504775,1.7415,2.5900
504776,1.7431,2.5908
504777,1.7407,2.5908
504778,1.7407,2.5908
504779,1.7407,2.5908
504780,1.7407,2.5900
504781,1.7407,2.5900
504782,1.7407,2.5892
504783,1.7407,2.5908
504784,1.7407,2.5965
504785,1.7447,2.5916
504786,1.7415,2.5957
504787,1.7415,2.5900
504788,1.7407,2.5900
504789,1.7407,2.5884
504790,1.7431,2.5900
504791,1.7407,2.5868
504792,1.7399,2.5892
504793,1.7407,2.5900
504794,1.7415,2.5876
504795,1.7415,2.5892
504796,1.7439,2.5844
504797,1.7407,2.5908
504798,1.7423,2.5892
504799,1.7407,2.5908
504800,1.7415,2.5892
504801,1.7407,2.5908
504802,1.7407,2.5844
504803,1.7407,2.5925
504804,1.7423,2.5916
504805,1.7423,2.5876
504806,1.7431,2.5892
504807,1.7399,2.5916
504808,1.7407,2.5876
504809,1.7407,2.5916
504810,1.7415,2.5908
504811,1.7584,2.5892
504812,1.7407,2.5900
504813,1.7407,2.5876
504814,1.7415,2.5908
504815,1.7415,2.5876
504816,1.7431,2.5900
504817,1.7423,2.5900
504818,1.7632,2.5908
504819,1.7431,2.5908
504820,1.7407,2.5916
504821,1.7415,2.5900
504822,1.7415,2.5884
504823,1.7399,2.5900
504824,1.7407,2.5908
504825,1.7407,2.5892
504826,1.7431,2.5860
504827,1.7439,2.5876
504828,1.7415,2.5884
504829,1.7407,2.5892
504830,1.7399,2.5916
504831,1.7632,2.5908
504832,1.7318,2.5860
504833,1.7536,2.6005
504834,1.7415,2.5908
504835,1.7407,2.5916
504836,1.7431,2.5900
504837,1.7382,2.5860
504838,1.7407,2.5916
504839,1.7415,2.5973
504840,1.7527,2.5925
504841,1.7495,2.5900
504842,1.7423,2.5892
504843,1.7407,2.5925
504844,1.7463,2.5900
504845,1.7423,2.5892
504846,1.7407,2.5900
504847,1.7407,2.5916
504848,1.7399,2.5908
504849,1.7519,2.5916
504850,1.7415,2.5876
504851,1.7407,2.5941
504852,1.7439,2.5900
504853,1.7407,2.5884
504854,1.7431,2.5925
504855,1.7407,2.5900
504856,1.7519,2.5957
504857,1.7407,2.5892
504858,1.7439,2.5892
504859,1.7447,2.5900
504860,1.7431,2.5916
504861,1.7447,2.5892
504862,1.7407,2.5908
504863,1.7407,2.5860
504864,1.7407,2.5892
504865,1.7407,2.5916
504866,1.7455,2.5892
504867,1.7407,2.5892
504868,1.7431,2.5908
504869,1.7415,2.5900
504870,1.7527,2.5908
504871,1.7407,2.5916
504872,1.7407,2.5916
504873,1.7431,2.5908
504874,1.7407,2.5868
504875,1.7390,2.5916
504876,1.7495,2.5876
504877,1.7399,2.5884
504878,1.7423,2.5916
504879,1.7423,2.5916
504880,1.7205,2.5860
504881,1.7407,2.5900
504882,1.7423,2.5892
504883,1.7407,2.5908
504884,1.7390,2.5925
504885,1.7616,2.5900
504886,1.7237,2.5916
504887,1.7431,2.5892
504888,1.7399,2.5916
504889,1.7407,2.5908
504890,1.7407,2.5908
504891,1.7415,2.5916
504892,1.7326,2.5900
504893,1.7407,2.5908
504894,1.7455,2.5900
504895,1.7415,2.5916
504896,1.7407,2.5916
504897,1.7503,2.5916
504898,1.7463,2.5908
504899,1.7423,2.5900
504900,1.7423,2.5908
504901,1.7407,2.5916
504902,1.7407,2.5916
504903,1.7415,2.5916
504904,1.7439,2.5916
504905,1.7503,2.5900
504906,1.7423,2.5916
504907,1.7423,2.5916
504908,1.7495,2.5916
504909,1.7656,2.5916
504910,1.7415,2.5916
504911,1.7423,2.5900
504912,1.7407,2.5916
504913,1.7302,2.5916
504914,1.7390,2.5916
504915,1.7423,2.5925
504916,1.7527,2.5925
504917,1.7334,2.5916
504918,1.7407,2.5916
504919,1.7407,2.5908
504920,1.7431,2.5925
504921,1.7407,2.5916
504922,1.7536,2.5916
504923,1.7471,2.5925
504924,1.7495,2.5933
504925,1.7415,2.5916
504926,1.7463,2.5916
504927,1.7447,2.5908
504928,1.7294,2.5916
504929,1.7399,2.5941
504930,1.7423,2.5916
504931,1.7407,2.5916
504932,1.7431,2.5908
504933,1.7431,2.5916
504934,1.7270,2.5916
504935,1.7407,2.5925
504936,1.7399,2.5916
504937,1.7407,2.5916
504938,1.7431,2.5916
504939,1.7463,2.5916
504940,1.7455,2.5916
504941,1.7423,2.5933
504942,1.7455,2.5916
504943,1.7407,2.5916
504944,1.7407,2.5916
504945,1.7423,2.5916
504946,1.7431,2.5916
504947,1.7455,2.5916
504948,1.7423,2.5916
504949,1.7407,2.5916
504950,1.7407,2.5916
504951,1.7439,2.5933
504952,1.7407,2.5916
504953,1.7407,2.5933
504954,1.7415,2.5925
504955,1.7431,2.5925
504956,1.7407,2.5916
504957,1.7423,2.5916
504958,1.7407,2.5916
504959,1.7407,2.5916
504960,1.7415,2.5933
504961,1.7431,2.5916
504962,1.7407,2.5916
504963,1.7431,2.5933
504964,1.7455,2.6174
504965,1.7407,2.5933
504966,1.7479,2.5933
504967,1.7415,2.5941
504968,1.7415,2.5916
504969,1.7463,2.5933
504970,1.7431,2.5916
504971,1.7447,2.5925
504972,1.7415,2.5933
504973,1.7431,2.5925
504974,1.7374,2.5916
504975,1.7423,2.5957
504976,1.7415,2.5900
504977,1.7447,2.5933
504978,1.7463,2.5925
504979,1.7415,2.5941
504980,1.7415,2.5916
504981,1.7447,2.5916
504982,1.7439,2.5941
504983,1.7463,2.5925
504984,1.7423,2.6182
504985,1.7447,2.5916
504986,1.7455,2.5925
504987,1.7447,2.5941
504988,1.7455,2.5916
504989,1.7423,2.6021
504990,1.7415,2.5925
504991,1.7431,2.5941
504992,1.7407,2.5925
504993,1.7447,2.5941
504994,1.7463,2.5916
504995,1.7447,2.6118
504996,1.7463,2.5916
504997,1.7471,2.5852
504998,1.7431,2.5779
504999,1.7447,2.5925
505000,1.7415,2.5997
505001,1.7407,2.5916
505002,1.7407,2.5933
505003,1.7415,2.5949
505004,1.7463,2.5916
505005,1.7447,2.6094
505006,1.7407,2.5949
505007,1.7423,2.5868
505008,1.7415,2.5925
505009,1.7407,2.5916
505010,1.7407,2.5965
505011,1.7431,2.6094
505012,1.7423,2.5916
505013,1.7407,2.5916
505014,1.7407,2.5892
505015,1.7423,2.5925
505016,1.7431,2.5941
505017,1.7423,2.5916
505018,1.7415,2.5925
505019,1.7415,2.5916
505020,1.7407,2.5933
505021,1.7463,2.5916
505022,1.7439,2.5925
505023,1.7447,2.5941
505024,1.7407,2.5925
505025,1.7407,2.5916
505026,1.7431,2.5933
505027,1.7487,2.5933
505028,1.7407,2.5957
505029,1.7455,2.5965
505030,1.7407,2.5933
505031,1.7431,2.5949
505032,1.7407,2.5925
505033,1.7439,2.5925
505034,1.7407,2.5925
505035,1.7447,2.5949
505036,1.7407,2.5916
505037,1.7431,2.6215
505038,1.7399,2.6199
505039,1.7479,2.5949
505040,1.7415,2.5868
505041,1.7455,2.5957
505042,1.7487,2.5804
505043,1.7423,2.5925
505044,1.7423,2.6118
505045,1.7415,2.5989
505046,1.7439,2.5957
505047,1.7423,2.5957
505048,1.7455,2.5973
505049,1.7407,2.5933
505050,1.7431,2.5868
505051,1.7407,2.5941
505052,1.7431,2.5868
505053,1.7423,2.5989
505054,1.7487,2.5941
505055,1.7447,2.5925
505056,1.7423,2.5900
505057,1.7415,2.6005
505058,1.7415,2.5925
505059,1.7447,2.5965
505060,1.7399,2.5779
505061,1.7415,2.5916
505062,1.7479,2.5965
505063,1.7415,2.5925
505064,1.7431,2.5892
505065,1.7439,2.5957
505066,1.7431,2.5965
505067,1.7407,2.5965
505068,1.7463,2.5965
505069,1.7431,2.5973
505070,1.7423,2.5989
505071,1.7415,2.5933
505072,1.7415,2.5973
505073,1.7479,2.5916
505074,1.7431,2.5788
505075,1.7431,2.5965
505076,1.7423,2.5965
505077,1.7431,2.5965
505078,1.7479,2.6150
505079,1.7431,2.5925
505080,1.7423,2.5949
505081,1.7447,2.5900
505082,1.7431,2.5973
505083,1.7431,2.6005
505084,1.7455,2.5965
505085,1.7439,2.5804
505086,1.7455,2.5989
505087,1.7431,2.5916
505088,1.7415,2.5973
505089,1.7447,2.6029
505090,1.7423,2.6005
505091,1.7447,2.6021
505092,1.7447,2.5941
505093,1.7431,2.5981
505094,1.7447,2.5957
505095,1.7455,2.6094
505096,1.7463,2.5997
505097,1.7439,2.6021
505098,1.7431,2.5973
505099,1.7463,2.5828
505100,1.7415,2.6029
505101,1.7407,2.5957
505102,1.7407,2.5973
505103,1.7455,2.5973
505104,1.7431,2.5997
505105,1.7455,2.5884
505106,1.7487,2.6029
505107,1.7431,2.5973
505108,1.7431,2.5997
505109,1.7431,2.5989
505110,1.7479,2.5973
505111,1.7431,2.5941
505112,1.7463,2.5949
505113,1.7495,2.5933
505114,1.7415,2.5973
505115,1.7495,2.6021
505116,1.7415,2.5989
505117,1.7447,2.5957
505118,1.7439,2.5796
505119,1.7455,2.5828
505120,1.7439,2.5965
505121,1.7439,2.5925
505122,1.7455,2.6005
505123,1.7431,2.5973
505124,1.7423,2.5973
505125,1.7439,2.5941
505126,1.7463,2.5973
505127,1.7431,2.5965
505128,1.7463,2.5941
505129,1.7423,2.5965
505130,1.7479,2.5949
505131,1.7439,2.5973
505132,1.7439,2.6005
505133,1.7479,2.5973
505134,1.7479,2.5965
505135,1.7447,2.5965
505136,1.7455,2.5973
505137,1.7423,2.5997
505138,1.7415,2.5973
505139,1.7447,2.5957
505140,1.7447,2.5973
505141,1.7431,2.5965
505142,1.7503,2.5997
505143,1.7431,2.5973
505144,1.7431,2.5965
505145,1.7455,2.5973
505146,1.7431,2.6005
505147,1.7463,2.5997
505148,1.7495,2.6029
505149,1.7455,2.5981
505150,1.7463,2.5933
505151,1.7415,2.5916
505152,1.7463,2.5989
505153,1.7447,2.5997
505154,1.7455,2.5997
505155,1.7447,2.5941
505156,1.7415,2.5997
505157,1.7463,2.6070
505158,1.7463,2.5957
505159,1.7431,2.5965
505160,1.7447,2.5973
505161,1.7487,2.5965
505162,1.7415,2.5989
505163,1.7455,2.6005
505164,1.7463,2.6021
505165,1.7463,2.5941
505166,1.7463,2.5989
505167,1.7431,2.6062
505168,1.7423,2.5997
505169,1.7423,2.6062
505170,1.7407,2.5973
505171,1.7455,2.5989
505172,1.7431,2.6005
505173,1.7511,2.5997
505174,1.7463,2.5989
505175,1.7447,2.5989
505176,1.7439,2.6029
505177,1.7423,2.5973
505178,1.7455,2.5997
505179,1.7463,2.6021
505180,1.7447,2.5973
505181,1.7455,2.6021
505182,1.7463,2.6013
505183,1.7479,2.5997
505184,1.7536,2.5916
505185,1.7463,2.5997
505186,1.7431,2.5989
505187,1.7415,2.5997
505188,1.7431,2.6013
505189,1.7463,2.5957
505190,1.7463,2.5997
505191,1.7415,2.6021
505192,1.7487,2.5965
505193,1.7503,2.5973
505194,1.7431,2.5957
505195,1.7415,2.5981
505196,1.7495,2.5989
505197,1.7479,2.6013
505198,1.7463,2.6005
505199,1.7431,2.6013
505200,1.7431,2.5997
505201,1.7455,2.6005
505202,1.7463,2.5973
505203,1.7431,2.6005
505204,1.7439,2.6029
505205,1.7447,2.6005
505206,1.7431,2.5997
505207,1.7447,2.5997
505208,1.7495,2.5997
505209,1.7431,2.5941
505210,1.7439,2.6021
505211,1.7431,2.6021
505212,1.7463,2.6013
505213,1.7447,2.5973
505214,1.7431,2.6005
505215,1.7544,2.6021
505216,1.7431,2.6013
505217,1.7463,2.6037
505218,1.7495,2.5997
505219,1.7447,2.5949
505220,1.7415,2.5989
505221,1.7463,2.6021
505222,1.7415,2.5989
505223,1.7463,2.5973
505224,1.7487,2.6021
505225,1.7447,2.6021
505226,1.7463,2.6029
505227,1.7463,2.6029
505228,1.7463,2.6029
505229,1.7487,2.6005
505230,1.7415,2.6029
505231,1.7463,2.5989
505232,1.7479,2.6029
505233,1.7463,2.5997
505234,1.7455,2.6005
505235,1.7455,2.6021
505236,1.7447,2.6005
505237,1.7447,2.6021
505238,1.7487,2.6045
505239,1.7455,2.6005
505240,1.7479,2.6037
505241,1.7495,2.6013
505242,1.7479,2.6029
505243,1.7463,2.6029
505244,1.7455,2.6005
505245,1.7479,2.5957
505246,1.7479,2.6021
505247,1.7463,2.5957
505248,1.7455,2.6029
505249,1.7495,2.6021
505250,1.7479,2.6029
505251,1.7455,2.6021
505252,1.7479,2.6021
505253,1.7479,2.6021
505254,1.7455,2.6045
505255,1.7479,2.6013
505256,1.7423,2.6037
505257,1.7415,2.6005
505258,1.7463,2.6045
505259,1.7431,2.6021
505260,1.7431,2.5973
505261,1.7431,2.5997
505262,1.7463,2.6037
505263,1.7479,2.6029
505264,1.7431,2.6005
505265,1.7455,2.6029
505266,1.7431,2.6005
505267,1.7455,2.6021
505268,1.7479,2.6005
505269,1.7479,2.5973
505270,1.7447,2.6005
505271,1.7463,2.6005
505272,1.7447,2.6013
505273,1.7455,2.6062
505274,1.7487,2.6045
505275,1.7463,2.6021
505276,1.7463,2.6053
505277,1.7463,2.5997
505278,1.7495,2.6037
505279,1.7487,2.6037
505280,1.7447,2.6029
505281,1.7455,2.6021
505282,1.7495,2.6005
505283,1.7495,2.6045
505284,1.7431,2.6021
505285,1.7455,2.6021
505286,1.7447,2.6029
505287,1.7503,2.6037
505288,1.7463,2.6053
505289,1.7487,2.6029
505290,1.7431,2.6053
505291,1.7447,2.6045
505292,1.7455,2.6021
505293,1.7487,2.6021
505294,1.7495,2.6021
505295,1.7431,2.5973
505296,1.7479,2.6037
505297,1.7455,2.6029
505298,1.7431,2.6037
505299,1.7479,2.6029
505300,1.7463,2.6045
505301,1.7463,2.6029
505302,1.7431,2.6045
505303,1.7431,2.6037
505304,1.7479,2.6045
505305,1.7479,2.6021
505306,1.7455,2.6062
505307,1.7487,2.6037
505308,1.7511,2.6070
505309,1.7487,2.6037
505310,1.7527,2.6029
505311,1.7415,2.5989
505312,1.7431,2.6005
505313,1.7495,2.6021
505314,1.7439,2.6045
505315,1.7463,2.6037
505316,1.7423,2.6045
505317,1.7495,2.6013
505318,1.7487,2.6037
505319,1.7479,2.6053
505320,1.7495,2.6086
505321,1.7487,2.6062
505322,1.7455,2.6053
505323,1.7407,2.6045
505324,1.7495,2.6021
505325,1.7447,2.6053
505326,1.7334,2.6005
505327,1.7455,2.6029
505328,1.7479,2.6045
505329,1.7423,2.6062
505330,1.7511,2.6062
505331,1.7447,2.6086
505332,1.7487,2.6053
505333,1.7463,2.6053
505334,1.7350,2.6037
505335,1.7479,2.6021
505336,1.7455,2.6029
505337,1.7495,2.6078
505338,1.7471,2.5989
505339,1.7447,2.6045
505340,1.7463,2.6037
505341,1.7350,2.6045
505342,1.7447,2.6062
505343,1.7189,2.6062
505344,1.7455,2.6005
505345,1.7519,2.6037
505346,1.7447,2.6062
505347,1.7431,2.6037
505348,1.7407,2.6037
505349,1.7544,2.6053
505350,1.7447,2.6053
505351,1.7479,2.6021
505352,1.7439,2.6045
505353,1.7463,2.6029
505354,1.7487,2.6045
505355,1.7495,2.6053
505356,1.7455,2.6062
505357,1.7447,2.6086
505358,1.7479,2.6062
505359,1.7447,2.6053
505360,1.7463,2.6078
505361,1.7455,2.5989
505362,1.7463,2.6037
505363,1.7415,2.6062
505364,1.7511,2.6029
505365,1.7358,2.6062
505366,1.7463,2.6070
505367,1.7479,2.6062
505368,1.7487,2.6070
505369,1.7495,2.6037
505370,1.7519,2.6070
505371,1.7519,2.6062
505372,1.7447,2.6070
505373,1.7584,2.6102
505374,1.7463,2.6070
505375,1.7511,2.6062
505376,1.7503,2.6094
505377,1.7503,2.6037
505378,1.7592,2.6070
505379,1.7423,2.6037
505380,1.7511,2.6070
505381,1.7334,2.6062
505382,1.7495,2.6053
505383,1.7479,2.6045
505384,1.7495,2.6062
505385,1.7592,2.6053
505386,1.7471,2.6078
505387,1.7495,2.6070
505388,1.7479,2.6070
505389,1.7495,2.6070
505390,1.7584,2.6094
505391,1.7511,2.6086
505392,1.7423,2.6062
505393,1.7487,2.6086
505394,1.7495,2.6094
505395,1.7463,2.6070
505396,1.7511,2.6070
505397,1.7495,2.6070
505398,1.7431,2.6070
505399,1.7503,2.6070
505400,1.7471,2.6062
505401,1.7447,2.6037
505402,1.7399,2.6086
505403,1.7366,2.6094
505404,1.7463,2.6070
505405,1.7479,2.6070
505406,1.7350,2.6102
505407,1.7584,2.6062
505408,1.7463,2.6045
505409,1.7447,2.6062
505410,1.7511,2.6078
505411,1.7495,2.6053
505412,1.7431,2.6037
505413,1.7463,2.6062
505414,1.7656,2.6086
505415,1.7463,2.6070
505416,1.7495,2.6070
505417,1.7463,2.6094
505418,1.7471,2.6102
505419,1.7503,2.6062
505420,1.7423,2.6037
505421,1.7495,2.6078
505422,1.7519,2.6062
505423,1.7455,2.6094
505424,1.7334,2.6070
505425,1.7487,2.6053
505426,1.7463,2.6062
505427,1.7560,2.6094
505428,1.7487,2.6053
505429,1.7527,2.6062
505430,1.7487,2.6053
505431,1.7447,2.6094
505432,1.7431,2.6102
505433,1.7447,2.6062
505434,1.7519,2.6086
505435,1.7495,2.6070
505436,1.7511,2.6086
505437,1.7503,2.6102
505438,1.7455,2.6086
505439,1.7503,2.6094
505440,1.7463,2.6070
505441,1.7455,2.6053
505442,1.7479,2.6094
505443,1.7511,2.6086
505444,1.7415,2.6062
505445,1.7511,2.6078
505446,1.7447,2.6078
505447,1.7479,2.6045
505448,1.7487,2.6078
505449,1.7463,2.6118
505450,1.7487,2.6062
505451,1.7479,2.6086
505452,1.7455,2.6094
505453,1.7439,2.6094
505454,1.7495,2.6078
505455,1.7503,2.6086
505456,1.7471,2.6062
505457,1.7439,2.6094
505458,1.7463,2.6102
505459,1.7503,2.6102
505460,1.7495,2.6062
505461,1.7495,2.6086
505462,1.7519,2.6086
505463,1.7527,2.6062
505464,1.7503,2.6070
505465,1.7511,2.6078
505466,1.7519,2.6062
505467,1.7479,2.6086
505468,1.7519,2.6182
505469,1.7519,2.6070
505470,1.7463,2.5739
505471,1.7527,2.6062
505472,1.7487,2.6053
505473,1.7471,2.6086
505474,1.7495,2.6102
505475,1.7495,2.6086
505476,1.7527,2.6094
505477,1.7479,2.6053
505478,1.7487,2.6102
505479,1.7455,2.6102
505480,1.7536,2.6102
505481,1.7503,2.6078
505482,1.7519,2.6045
505483,1.7463,2.6078
505484,1.7479,2.5788
505485,1.7487,2.6078
505486,1.7479,2.6094
505487,1.7511,2.6062
505488,1.7511,2.6086
505489,1.7495,2.6102
505490,1.7511,2.6070
505491,1.7495,2.6102
505492,1.7447,2.6086
505493,1.7487,2.6102
505494,1.7495,2.6078
505495,1.7495,2.6078
505496,1.7479,2.6102
505497,1.7495,2.5973
505498,1.7511,2.6102
505499,1.7527,2.6150
505500,1.7463,2.6062
505501,1.7536,2.5989
505502,1.7511,2.6094
505503,1.7447,2.6070
505504,1.7463,2.6118
505505,1.7463,2.6086
505506,1.7503,2.6078
505507,1.7536,2.6118
505508,1.7511,2.6029
505509,1.7447,2.6029
505510,1.7495,2.6118
505511,1.7495,2.6134
505512,1.7527,2.6070
505513,1.7511,2.6190
505514,1.7479,2.6094
505515,1.7527,2.6102
505516,1.7511,2.6126
505517,1.7495,2.6134
505518,1.7463,2.6102
505519,1.7495,2.6086
505520,1.7511,2.6102
505521,1.7536,2.6094
505522,1.7495,2.6037
505523,1.7511,2.6094
505524,1.7463,2.6070
505525,1.7519,2.5747
505526,1.7511,2.6086
505527,1.7479,2.5675
505528,1.7455,2.6102
505529,1.7511,2.6118
505530,1.7463,2.6126
505531,1.7511,2.6045
505532,1.7568,2.6078
505533,1.7495,2.6126
505534,1.7463,2.6078
505535,1.7447,2.5981
505536,1.7511,2.6158
505537,1.7536,2.6102
505538,1.7463,2.6255
505539,1.7495,2.6102
505540,1.7495,2.6102
505541,1.7511,2.6005
505542,1.7495,2.6134
505543,1.7447,2.6110
505544,1.7487,2.6134
505545,1.7463,2.6118
505546,1.7527,2.6126
505547,1.7447,2.6094
505548,1.7495,2.6118
505549,1.7463,2.6102
505550,1.7495,2.6110
505551,1.7519,2.6126
505552,1.7519,2.6118
505553,1.7527,2.6118
505554,1.7487,2.5860
505555,1.7463,2.6102
505556,1.7495,2.6053
505557,1.7511,2.6287
505558,1.7560,2.6126
505559,1.7495,2.6126
505560,1.7527,2.6150
505561,1.7463,2.6126
505562,1.7536,2.6158
505563,1.7552,2.6094
505564,1.7495,2.6102
505565,1.7527,2.6134
505566,1.7495,2.6174
505567,1.7463,2.6102
505568,1.7431,2.6126
505569,1.7495,2.6118
505570,1.7455,2.6255
505571,1.7511,2.6118
505572,1.7527,2.6134
505573,1.7503,2.6134
505574,1.7536,2.6094
505575,1.7455,2.6134
505576,1.7455,2.6174
505577,1.7487,2.6215
505578,1.7527,2.6134
505579,1.7519,2.6215
505580,1.7511,2.6086
505581,1.7423,2.6150
505582,1.7511,2.6070
505583,1.7495,2.6247
505584,1.7511,2.6102
505585,1.7536,2.5844
505586,1.7479,2.6126
505587,1.7503,2.6174
505588,1.7503,2.6150
505589,1.7519,2.6126
505590,1.7503,2.6166
505591,1.7536,2.6150
505592,1.7519,2.5997
505593,1.7495,2.5860
505594,1.7455,2.6102
505595,1.7495,2.6134
505596,1.7487,2.6102
505597,1.7527,2.6029
505598,1.7511,2.6086
505599,1.7527,2.6174
505600,1.7463,2.6118
505601,1.7511,2.5957
505602,1.7463,2.6134
505603,1.7463,2.6174
505604,1.7527,2.6094
505605,1.7511,2.6142
505606,1.7536,2.6158
505607,1.7527,2.6158
505608,1.7511,2.6126
505609,1.7463,2.5933
505610,1.7495,2.6158
505611,1.7527,2.6174
505612,1.7487,2.6255
505613,1.7447,2.6118
505614,1.7511,2.6142
505615,1.7495,2.6319
505616,1.7511,2.6150
505617,1.7519,2.6150
505618,1.7527,2.6158
505619,1.7511,2.5973
505620,1.7536,2.6158
505621,1.7495,2.6134
505622,1.7511,2.6134
505623,1.7495,2.6174
505624,1.7527,2.6118
505625,1.7511,2.6102
505626,1.7527,2.6142
505627,1.7511,2.6166
505628,1.7503,2.6150
505629,1.7527,2.6134
505630,1.7495,2.6150
505631,1.7519,2.6158
505632,1.7487,2.6118
505633,1.7527,2.6094
505634,1.7544,2.6134
505635,1.7487,2.6126
505636,1.7511,2.6134
505637,1.7495,2.6150
505638,1.7519,2.6134
505639,1.7503,2.6126
505640,1.7536,2.6126
505641,1.7495,2.6166
505642,1.7495,2.6150
505643,1.7511,2.6126
505644,1.7495,2.6126
505645,1.7495,2.6150
505646,1.7495,2.6126
505647,1.7495,2.6142
505648,1.7527,2.6158
505649,1.7527,2.6126
505650,1.7455,2.6102
505651,1.7487,2.6158
505652,1.7519,2.6150
505653,1.7519,2.6134
505654,1.7463,2.6150
505655,1.7495,2.6134
505656,1.7495,2.6182
505657,1.7519,2.6102
505658,1.7519,2.6150
505659,1.7503,2.6199
505660,1.7527,2.6070
505661,1.7431,2.6102
505662,1.7487,2.6158
505663,1.7519,2.6053
505664,1.7511,2.6142
505665,1.7519,2.6150
505666,1.7455,2.6126
505667,1.7519,2.6118
505668,1.7511,2.6070
505669,1.7552,2.6142
505670,1.7487,2.6166
505671,1.7447,2.6134
505672,1.7495,2.6142
505673,1.7463,2.6142
505674,1.7527,2.6158
505675,1.7511,2.6134
505676,1.7495,2.6166
505677,1.7527,2.6134
505678,1.7487,2.6174
505679,1.7463,2.6134
505680,1.7487,2.6134
505681,1.7463,2.6118
505682,1.7495,2.6166
505683,1.7511,2.6150
505684,1.7544,2.6142
505685,1.7527,2.6142
505686,1.7527,2.6150
505687,1.7511,2.6158
505688,1.7536,2.6126
505689,1.7463,2.6158
505690,1.7487,2.6134
505691,1.7552,2.6166
505692,1.7463,2.6158
505693,1.7447,2.6134
505694,1.7536,2.6166
505695,1.7527,2.6158
505696,1.7487,2.6158
505697,1.7431,2.6150
505698,1.7511,2.6134
505699,1.7519,2.6150
505700,1.7519,2.6174
505701,1.7536,2.6174
505702,1.7536,2.6174
505703,1.7519,2.6142
505704,1.7495,2.6142
505705,1.7527,2.6158
505706,1.7527,2.6174
505707,1.7527,2.6150
505708,1.7527,2.6158
505709,1.7503,2.6126
505710,1.7487,2.6174
505711,1.7519,2.6166
505712,1.7527,2.6166
505713,1.7463,2.6199
505714,1.7487,2.6142
505715,1.7527,2.6070
505716,1.7544,2.6158
505717,1.7519,2.6166
505718,1.7536,2.6166
505719,1.7527,2.6158
505720,1.7495,2.6166
505721,1.7495,2.6174
505722,1.7536,2.6134
505723,1.7519,2.6158
505724,1.7519,2.6150
505725,1.7503,2.6158
505726,1.7519,2.6134
505727,1.7527,2.6126
505728,1.7519,2.6174
505729,1.7527,2.6150
505730,1.7527,2.6158
505731,1.7527,2.6174
505732,1.7519,2.6158
505733,1.7552,2.6174
505734,1.7527,2.6174
505735,1.7536,2.6215
505736,1.7503,2.6134
505737,1.7519,2.6174
505738,1.7527,2.6150
505739,1.7536,2.6174
505740,1.7519,2.6150
505741,1.7519,2.6094
505742,1.7503,2.6174
505743,1.7511,2.6166
505744,1.7511,2.6142
505745,1.7527,2.6190
505746,1.7519,2.6174
505747,1.7511,2.6166
505748,1.7527,2.6174
505749,1.7487,2.6174
505750,1.7552,2.6150
505751,1.7527,2.6207
505752,1.7519,2.6166
505753,1.7536,2.6166
505754,1.7519,2.6174
505755,1.7536,2.6142
505756,1.7519,2.6150
505757,1.7527,2.6102
505758,1.7527,2.6150
505759,1.7527,2.6174
505760,1.7511,2.6174
505761,1.7527,2.6174
505762,1.7511,2.6158
505763,1.7519,2.6150
505764,1.7495,2.6150
505765,1.7487,2.6174
505766,1.7527,2.6174
505767,1.7519,2.6126
505768,1.7479,2.6182
505769,1.7536,2.6174
505770,1.7527,2.6166
505771,1.7495,2.6174
505772,1.7527,2.6150
505773,1.7544,2.6166
505774,1.7487,2.6158
505775,1.7536,2.6174
505776,1.7527,2.6126
505777,1.7536,2.6166
505778,1.7511,2.6142
505779,1.7487,2.6174
505780,1.7519,2.6158
505781,1.7511,2.6158
505782,1.7552,2.6174
505783,1.7544,2.6174
505784,1.7519,2.6174
505785,1.7536,2.6158
505786,1.7527,2.6166
505787,1.7527,2.6182
505788,1.7519,2.6174
505789,1.7536,2.6158
505790,1.7527,2.6126
505791,1.7536,2.6174
505792,1.7511,2.6174
505793,1.7511,2.6166
505794,1.7544,2.6174
505795,1.7527,2.6166
505796,1.7495,2.6174
505797,1.7536,2.6174
505798,1.7431,2.6174
505799,1.7527,2.6174
505800,1.7527,2.6174
505801,1.7487,2.6166
505802,1.7536,2.6174
505803,1.7527,2.6174
505804,1.7495,2.6134
505805,1.7503,2.6166
505806,1.7487,2.6158
505807,1.7527,2.6166
505808,1.7503,2.6150
505809,1.7487,2.6150
505810,1.7503,2.6174
505811,1.7503,2.6174
505812,1.7495,2.6166
505813,1.7511,2.6158
505814,1.7536,2.6158
505815,1.7463,2.6150
505816,1.7326,2.6166
505817,1.7407,2.6086
505818,1.7487,2.6166
505819,1.7536,2.6126
505820,1.7495,2.6166
505821,1.7463,2.6166
505822,1.7544,2.6174
505823,1.7536,2.6174
505824,1.7423,2.6174
505825,1.7536,2.6174
505826,1.7487,2.6174
505827,1.7527,2.6158
505828,1.7495,2.6150
505829,1.7536,2.6174
505830,1.7648,2.6158
505831,1.7527,2.6166
505832,1.7801,2.6174
505833,1.7616,2.6199
505834,1.7471,2.6174
505835,1.7519,2.6174
505836,1.7511,2.6150
505837,1.7519,2.6199
505838,1.7519,2.6166
505839,1.7503,2.6166
505840,1.7495,2.6158
505841,1.7536,2.6166
505842,1.7463,2.6174
505843,1.7536,2.6150
505844,1.7544,2.6166
505845,1.7511,2.6158
505846,1.7407,2.6158
505847,1.7527,2.6182
505848,1.7511,2.6166
505849,1.7455,2.6166
505850,1.7527,2.6174
505851,1.7495,2.6199
505852,1.7519,2.6150
505853,1.7527,2.6134
505854,1.7536,2.6174
505855,1.7479,2.6174
505856,1.7511,2.6174
505857,1.7527,2.6158
505858,1.7511,2.6166
505859,1.7527,2.6182
505860,1.7519,2.6182
505861,1.7536,2.6182
505862,1.7536,2.6166
505863,1.7536,2.6174
505864,1.7487,2.6150
505865,1.7527,2.6174
505866,1.7487,2.6174
505867,1.7511,2.6215
505868,1.7527,2.6207
505869,1.7536,2.6150
505870,1.7536,2.6126
505871,1.7390,2.6174
505872,1.7511,2.6158
505873,1.7519,2.6199
505874,1.7463,2.6166
505875,1.7536,2.6118
505876,1.7536,2.6174
505877,1.7511,2.6150
505878,1.7527,2.6174
505879,1.7519,2.6174
505880,1.7503,2.6174
505881,1.7536,2.6199
505882,1.7536,2.6166
505883,1.7536,2.6166
505884,1.7495,2.6174
505885,1.7487,2.6166
505886,1.7511,2.6166
505887,1.7544,2.6158
505888,1.7552,2.6174
505889,1.7511,2.6174
505890,1.7463,2.6174
505891,1.7519,2.6174
505892,1.7536,2.6166
505893,1.7439,2.6182
505894,1.7544,2.6174
505895,1.7544,2.6166
505896,1.7536,2.6166
505897,1.7536,2.6158
505898,1.7560,2.6174
505899,1.7326,2.6166
505900,1.7527,2.6166
505901,1.7544,2.6182
505902,1.7544,2.6174
505903,1.7664,2.6174
505904,1.7624,2.6174
505905,1.7527,2.6174
505906,1.7536,2.6166
505907,1.7640,2.6174
505908,1.7584,2.6174
505909,1.7511,2.6174
505910,1.7536,2.6174
505911,1.7527,2.6166
505912,1.7463,2.6182
505913,1.7568,2.6174
505914,1.7447,2.6174
505915,1.7552,2.6174
505916,1.7544,2.6174
505917,1.7519,2.6190
505918,1.7536,2.6174
505919,1.7536,2.6199
505920,1.7544,2.6182
505921,1.7447,2.6174
505922,1.7463,2.6174
505923,1.7511,2.6174
505924,1.7648,2.6174
505925,1.7527,2.6174
505926,1.7519,2.6174
505927,1.7552,2.6166
505928,1.7616,2.6174
505929,1.7536,2.6174
505930,1.7681,2.6182
505931,1.7503,2.6182
505932,1.7536,2.6174
505933,1.7536,2.6182
505934,1.7536,2.6174
505935,1.7560,2.6166
505936,1.7584,2.6174
505937,1.7544,2.6182
505938,1.7463,2.6174
505939,1.7664,2.6190
505940,1.7544,2.6174
505941,1.7487,2.6174
505942,1.7560,2.6174
505943,1.7544,2.6182
505944,1.7519,2.6166
505945,1.7576,2.6174
505946,1.7519,2.6174
505947,1.7544,2.6199
505948,1.7431,2.6174
505949,1.7536,2.6174
505950,1.7511,2.6174
505951,1.7560,2.6182
505952,1.7576,2.6150
505953,1.7536,2.6182
505954,1.7560,2.6174
505955,1.7536,2.6182
505956,1.7552,2.6174
505957,1.7544,2.6174
505958,1.7544,2.6182
505959,1.7495,2.6190
505960,1.7503,2.6174
505961,1.7527,2.6190
505962,1.7536,2.6174
505963,1.7519,2.6174
505964,1.7519,2.6174
505965,1.7519,2.6182
505966,1.7536,2.6182
505967,1.7544,2.6190
505968,1.7536,2.6174
505969,1.7527,2.6182
505970,1.7511,2.6174
505971,1.7536,2.6207
505972,1.7536,2.6174
505973,1.7527,2.6174
505974,1.7519,2.6174
505975,1.7527,2.6174
505976,1.7495,2.6174
505977,1.7536,2.6174
505978,1.7511,2.6174
505979,1.7536,2.6174
505980,1.7487,2.6182
505981,1.7560,2.6182
505982,1.7487,2.6174
505983,1.7511,2.6174
505984,1.7536,2.6166
505985,1.7536,2.6190
505986,1.7519,2.6182
505987,1.7536,2.6174
505988,1.7544,2.6199
505989,1.7552,2.6190
505990,1.7536,2.6190
505991,1.7511,2.6207
505992,1.7495,2.6166
505993,1.7536,2.6182
505994,1.7536,2.6174
505995,1.7511,2.6053
505996,1.7536,2.6199
505997,1.7511,2.6190
505998,1.7536,2.6174
505999,1.7511,2.6182
506000,1.7511,2.6174
506001,1.7536,2.6174
506002,1.7552,2.6174
506003,1.7527,2.6158
506004,1.7527,2.6013
506005,1.7511,2.6199
506006,1.7544,2.6037
506007,1.7544,2.5796
506008,1.7527,2.6174
506009,1.7495,2.6174
506010,1.7552,2.6174
506011,1.7536,2.6174
506012,1.7544,2.6182
506013,1.7624,2.6207
506014,1.7511,2.5989
506015,1.7511,2.6247
506016,1.7527,2.6126
506017,1.7511,2.6182
506018,1.7447,2.6021
506019,1.7552,2.6174
506020,1.7576,2.6215
506021,1.7536,2.6174
506022,1.7511,2.6158
506023,1.7511,2.6182
506024,1.7544,2.6174
506025,1.7536,2.6174
506026,1.7519,2.6174
506027,1.7544,2.6190
506028,1.7511,2.6376
506029,1.7552,2.6295
506030,1.7536,2.6174
506031,1.7536,2.6311
506032,1.7479,2.6174
506033,1.7527,2.6182
506034,1.7527,2.6182
506035,1.7463,2.6174
506036,1.7527,2.6174
506037,1.7552,2.6174
506038,1.7527,2.6199
506039,1.7536,2.6190
506040,1.7495,2.6174
506041,1.7519,2.6279
506042,1.7536,2.6182
506043,1.7463,2.6166
506044,1.7519,2.6190
506045,1.7536,2.6190
506046,1.7560,2.6182
506047,1.7519,2.5997
506048,1.7511,2.6182
506049,1.7552,2.6174
506050,1.7519,2.6199
506051,1.7527,2.6078
506052,1.7519,2.6174
506053,1.7527,2.6174
506054,1.7536,2.6166
506055,1.7527,2.6199
506056,1.7536,2.6190
506057,1.7495,2.6190
506058,1.7503,2.6037
506059,1.7536,2.6182
506060,1.7495,2.6182
506061,1.7552,2.6174
506062,1.7536,2.6174
506063,1.7495,2.6182
506064,1.7527,2.5973
506065,1.7527,2.6174
506066,1.7544,2.6182
506067,1.7608,2.6182
506068,1.7544,2.6174
506069,1.7487,2.6207
506070,1.7560,2.6215
506071,1.7495,2.5941
506072,1.7495,2.6174
506073,1.7527,2.6174
506074,1.7519,2.6190
506075,1.7560,2.6174
506076,1.7536,2.6174
506077,1.7544,2.5941
506078,1.7544,2.6182
506079,1.7536,2.6182
506080,1.7495,2.6223
506081,1.7527,2.6360
506082,1.7495,2.6207
506083,1.7495,2.6174
506084,1.7536,2.6005
506085,1.7536,2.6199
506086,1.7536,2.6174
506087,1.7544,2.6182
506088,1.7495,2.6182
506089,1.7536,2.6174
506090,1.7519,2.6199
506091,1.7527,2.6005
506092,1.7536,2.6174
506093,1.7536,2.6182
506094,1.7527,2.6005
506095,1.7519,2.6134
506096,1.7536,2.6174
506097,1.7536,2.6166
506098,1.7495,2.6182
506099,1.7552,2.6190
506100,1.7487,2.6223
506101,1.7536,2.6247
506102,1.7536,2.6174
506103,1.7552,2.6013
506104,1.7544,2.6223
506105,1.7527,2.6215
506106,1.7527,2.6295
506107,1.7511,2.6142
506108,1.7544,2.6182
506109,1.7608,2.6231
506110,1.7519,2.6182
506111,1.7527,2.6432
506112,1.7519,2.6182
506113,1.7519,2.6199
506114,1.7503,2.6199
506115,1.7536,2.6456
506116,1.7527,2.6182
506117,1.7536,2.6174
506118,1.7527,2.6255
506119,1.7536,2.6182
506120,1.7544,2.6215
506121,1.7519,2.6215
506122,1.7560,2.6199
506123,1.7560,2.6029
506124,1.7536,2.6190
506125,1.7544,2.6223
506126,1.7527,2.6174
506127,1.7544,2.6190
506128,1.7536,2.6190
506129,1.7527,2.6150
506130,1.7536,2.6215
506131,1.7519,2.6215
506132,1.7536,2.6190
506133,1.7552,2.6182
506134,1.7519,2.6199
506135,1.7511,2.6174
506136,1.7519,2.6182
506137,1.7527,2.6207
506138,1.7527,2.6199
506139,1.7560,2.6215
506140,1.7527,2.6223
506141,1.7544,2.6182
506142,1.7536,2.6223
506143,1.7503,2.6174
506144,1.7568,2.6190
506145,1.7536,2.6174
506146,1.7544,2.6190
506147,1.7568,2.6182
506148,1.7544,2.6190
506149,1.7552,2.6174
506150,1.7519,2.6190
506151,1.7519,2.6215
506152,1.7536,2.6223
506153,1.7568,2.6174
506154,1.7536,2.6182
506155,1.7536,2.6190
506156,1.7536,2.6182
506157,1.7527,2.6215
506158,1.7519,2.6215
506159,1.7536,2.6126
506160,1.7536,2.6303
506161,1.7527,2.6215
506162,1.7544,2.6231
506163,1.7552,2.6182
506164,1.7527,2.6182
506165,1.7536,2.6174
506166,1.7527,2.6174
506167,1.7527,2.6190
506168,1.7536,2.6190
506169,1.7568,2.6199
506170,1.7519,2.6174
506171,1.7584,2.6199
506172,1.7495,2.6174
506173,1.7536,2.6207
506174,1.7552,2.6199
506175,1.7544,2.6207
506176,1.7511,2.6190
506177,1.7560,2.6182
506178,1.7511,2.6174
506179,1.7536,2.6199
506180,1.7544,2.6182
506181,1.7519,2.6223
506182,1.7536,2.6215
506183,1.7544,2.6199
506184,1.7544,2.6215
506185,1.7519,2.6182
506186,1.7568,2.6182
506187,1.7511,2.6223
506188,1.7552,2.6190
506189,1.7576,2.6223
506190,1.7536,2.6182
506191,1.7592,2.6215
506192,1.7576,2.6182
506193,1.7552,2.6215
506194,1.7495,2.6182
506195,1.7560,2.6174
506196,1.7552,2.6223
506197,1.7560,2.6215
506198,1.7536,2.6182
506199,1.7527,2.6231
506200,1.7536,2.6215
506201,1.7519,2.6199
506202,1.7527,2.6223
506203,1.7560,2.6190
506204,1.7536,2.6174
506205,1.7552,2.6174
506206,1.7536,2.6215
506207,1.7552,2.6174
506208,1.7536,2.6215
506209,1.7511,2.6247
506210,1.7544,2.6223
506211,1.7495,2.6223
506212,1.7544,2.6223
506213,1.7519,2.6174
506214,1.7527,2.6207
506215,1.7544,2.6255
506216,1.7527,2.6223
506217,1.7560,2.6263
506218,1.7536,2.6223
506219,1.7560,2.6207
506220,1.7536,2.6166
506221,1.7519,2.6215
506222,1.7576,2.6207
506223,1.7527,2.6231
506224,1.7584,2.6223
506225,1.7536,2.6182
506226,1.7527,2.6223
506227,1.7552,2.6215
506228,1.7560,2.6231
506229,1.7536,2.6174
506230,1.7536,2.6199
506231,1.7536,2.6223
506232,1.7511,2.6190
506233,1.7544,2.6190
506234,1.7552,2.6199
506235,1.7519,2.6190
506236,1.7544,2.6207
506237,1.7584,2.6231
506238,1.7552,2.6207
506239,1.7552,2.6190
506240,1.7519,2.6182
506241,1.7560,2.6190
506242,1.7536,2.6215
506243,1.7527,2.6271
506244,1.7584,2.6295
506245,1.7536,2.6207
506246,1.7536,2.6174
506247,1.7527,2.6239
506248,1.7560,2.6231
506249,1.7527,2.6158
506250,1.7519,2.6207
506251,1.7527,2.6215
506252,1.7536,2.6150
506253,1.7544,2.6231
506254,1.7552,2.6231
506255,1.7560,2.6231
506256,1.7544,2.6182
506257,1.7560,2.6231
506258,1.7544,2.6231
506259,1.7576,2.6182
506260,1.7544,2.6174
506261,1.7560,2.6174
506262,1.7544,2.6182
506263,1.7536,2.6199
506264,1.7536,2.6215
506265,1.7568,2.6174
506266,1.7527,2.6255
506267,1.7536,2.6263
506268,1.7536,2.6199
506269,1.7552,2.6215
506270,1.7536,2.6199
506271,1.7544,2.6215
506272,1.7519,2.6207
506273,1.7560,2.6215
506274,1.7544,2.6231
506275,1.7552,2.6215
506276,1.7544,2.6303
506277,1.7568,2.6207
506278,1.7560,2.6223
506279,1.7536,2.6199
506280,1.7536,2.6223
506281,1.7544,2.6271
506282,1.7552,2.6231
506283,1.7560,2.6182
506284,1.7560,2.6199
506285,1.7584,2.6231
506286,1.7536,2.6223
506287,1.7560,2.6190
506288,1.7544,2.6231
506289,1.7544,2.6215
506290,1.7584,2.6223
506291,1.7527,2.6174
506292,1.7527,2.6199
506293,1.7536,2.6303
506294,1.7527,2.6207
506295,1.7536,2.6199
506296,1.7560,2.6182
506297,1.7552,2.6199
506298,1.7552,2.6247
506299,1.7536,2.6215
506300,1.7560,2.6215
506301,1.7560,2.6215
506302,1.7544,2.6231
506303,1.7560,2.6223
506304,1.7536,2.6190
506305,1.7552,2.6255
506306,1.7511,2.6174
506307,1.7560,2.6199
506308,1.7552,2.6223
506309,1.7584,2.6199
506310,1.7568,2.6174
506311,1.7552,2.6199
506312,1.7552,2.6190
506313,1.7527,2.6223
506314,1.7552,2.6190
506315,1.7552,2.6190
506316,1.7681,2.6231
506317,1.7576,2.6231
506318,1.7544,2.6215
506319,1.7552,2.6174
506320,1.7560,2.6190
506321,1.7544,2.6199
506322,1.7592,2.6223
506323,1.7560,2.6182
506324,1.7576,2.6215
506325,1.7463,2.6207
506326,1.7664,2.6199
506327,1.7527,2.6247
506328,1.7552,2.6166
506329,1.7552,2.6255
506330,1.7560,2.6199
506331,1.7544,2.6215
506332,1.7552,2.6223
506333,1.7519,2.6215
506334,1.7664,2.6199
506335,1.7536,2.6174
506336,1.7576,2.6255
506337,1.7527,2.6295
506338,1.7560,2.6190
506339,1.7487,2.6239
506340,1.7544,2.6190
506341,1.7560,2.6199
506342,1.7544,2.6223
506343,1.7544,2.6182
506344,1.7544,2.6215
506345,1.7576,2.6190
506346,1.7536,2.6199
506347,1.7527,2.6231
506348,1.7536,2.6223
506349,1.7544,2.6174
506350,1.7463,2.6223
506351,1.7608,2.6247
506352,1.7544,2.6215
506353,1.7415,2.6263
506354,1.7527,2.6215
506355,1.7431,2.6223
506356,1.7560,2.6231
506357,1.7576,2.6199
506358,1.7640,2.6223
506359,1.7527,2.6190
506360,1.7544,2.6199
506361,1.7552,2.6255
506362,1.7527,2.6199
506363,1.7568,2.6231
506364,1.7544,2.6215
506365,1.7568,2.6199
506366,1.7536,2.6231
506367,1.7407,2.6215
506368,1.7536,2.6279
506369,1.7576,2.6207
506370,1.7608,2.6223
506371,1.7552,2.6190
506372,1.7536,2.6199
506373,1.7576,2.6215
506374,1.7544,2.6199
506375,1.7407,2.6319
506376,1.7536,2.6247
506377,1.7592,2.6199
506378,1.7560,2.6279
506379,1.7552,2.6231
506380,1.7536,2.6231
506381,1.7544,2.6263
506382,1.7415,2.6215
506383,1.7560,2.6215
506384,1.7576,2.6174
506385,1.7721,2.6239
506386,1.7536,2.6199
506387,1.7560,2.6215
506388,1.7544,2.6215
506389,1.7552,2.6182
506390,1.7527,2.6247
506391,1.7527,2.6215
506392,1.7568,2.6190
506393,1.7519,2.6247
506394,1.7519,2.6231
506395,1.7544,2.6199
506396,1.7600,2.6223
506397,1.7407,2.6199
506398,1.7544,2.6231
506399,1.7552,2.6199
506400,1.7536,2.6247
506401,1.7576,2.6182
506402,1.7544,2.6255
506403,1.7552,2.6199
506404,1.7463,2.6231
506405,1.7536,2.6247
506406,1.7447,2.6215
506407,1.7560,2.6223
506408,1.7576,2.6247
506409,1.7552,2.6231
506410,1.7519,2.6231
506411,1.7544,2.6263
506412,1.7511,2.6215
506413,1.7527,2.6223
506414,1.7487,2.6215
506415,1.7407,2.6199
506416,1.7511,2.6215
506417,1.7664,2.6231
506418,1.7447,2.6174
506419,1.7568,2.6182
506420,1.7568,2.6223
506421,1.7632,2.6223
506422,1.7705,2.6215
506423,1.7592,2.6215
506424,1.7544,2.6215
506425,1.7536,2.6223
506426,1.7560,2.6223
506427,1.7560,2.6223
506428,1.7544,2.6182
506429,1.7568,2.6215
506430,1.7536,2.6199
506431,1.7584,2.6199
506432,1.7673,2.6215
506433,1.7584,2.6223
506434,1.7544,2.6190
506435,1.7536,2.6247
506436,1.7721,2.6199
506437,1.7511,2.6223
506438,1.7552,2.6199
506439,1.7584,2.6239
506440,1.7584,2.6223
506441,1.7673,2.6199
506442,1.7536,2.6223
506443,1.7552,2.6223
506444,1.7527,2.6215
506445,1.7552,2.6231
506446,1.7552,2.6231
506447,1.7576,2.6190
506448,1.7576,2.6190
506449,1.7552,2.6199
506450,1.7560,2.6207
506451,1.7584,2.6215
506452,1.7536,2.6215
506453,1.7536,2.6215
506454,1.7536,2.6223
506455,1.7536,2.6199
506456,1.7519,2.6223
506457,1.7552,2.6231
506458,1.7560,2.6199
506459,1.7737,2.6207
506460,1.7511,2.6231
506461,1.7552,2.6199
506462,1.7560,2.6215
506463,1.7560,2.6215
506464,1.7568,2.6215
506465,1.7527,2.6231
506466,1.7536,2.6199
506467,1.7576,2.6199
506468,1.7536,2.6231
506469,1.7527,2.6215
506470,1.7536,2.6231
506471,1.7568,2.6223
506472,1.7544,2.6215
506473,1.7552,2.6231
506474,1.7568,2.6247
506475,1.7544,2.6263
506476,1.7592,2.6199
506477,1.7544,2.6223
506478,1.7536,2.6352
506479,1.7560,2.6231
506480,1.7560,2.6223
506481,1.7568,2.6231
506482,1.7552,2.6223
506483,1.7544,2.6190
506484,1.7536,2.6279
506485,1.7536,2.6255
506486,1.7576,2.6255
506487,1.7527,2.6215
506488,1.7511,2.6231
506489,1.7592,2.6231
506490,1.7527,2.6215
506491,1.7544,2.6239
506492,1.7536,2.6231
506493,1.7519,2.6215
506494,1.7544,2.6199
506495,1.7560,2.6199
506496,1.7511,2.6327
506497,1.7519,2.6223
506498,1.7544,2.6215
506499,1.7576,2.6263
506500,1.7568,2.6223
506501,1.7552,2.6223
506502,1.7536,2.6053
506503,1.7536,2.6215
506504,1.7584,2.6432
506505,1.7576,2.6223
506506,1.7568,2.6247
506507,1.7560,2.6464
506508,1.7568,2.6231
506509,1.7527,2.6215
506510,1.7536,2.6231
506511,1.7544,2.6255
506512,1.7544,2.6231
506513,1.7584,2.6207
506514,1.7544,2.6223
506515,1.7576,2.6392
506516,1.7527,2.6223
506517,1.7576,2.6199
506518,1.7584,2.6199
506519,1.7616,2.6271
506520,1.7511,2.6279
506521,1.7536,2.6247
506522,1.7527,2.6400
506523,1.7552,2.6231
506524,1.7552,2.6199
506525,1.7552,2.6247
506526,1.7544,2.6255
506527,1.7544,2.6231
506528,1.7584,2.6207
506529,1.7560,2.6223
506530,1.7592,2.6215
506531,1.7527,2.6239
506532,1.7592,2.6207
506533,1.7592,2.6223
506534,1.7552,2.6263
506535,1.7544,2.6199
506536,1.7560,2.6263
506537,1.7544,2.6223
506538,1.7584,2.6231
506539,1.7552,2.6215
506540,1.7592,2.6231
506541,1.7544,2.6207
506542,1.7536,2.6215
506543,1.7536,2.6223
506544,1.7544,2.6424
506545,1.7495,2.6263
506546,1.7552,2.6110
506547,1.7544,2.6231
506548,1.7568,2.6231
506549,1.7552,2.6190
506550,1.7544,2.6263
506551,1.7568,2.6231
506552,1.7584,2.6174
506553,1.7544,2.6231
506554,1.7608,2.6223
506555,1.7568,2.6215
506556,1.7568,2.6199
506557,1.7560,2.6384
506558,1.7552,2.6247
506559,1.7544,2.6215
506560,1.7527,2.6190
506561,1.7584,2.6223
506562,1.7560,2.6207
506563,1.7568,2.6223
506564,1.7544,2.6432
506565,1.7592,2.6231
506566,1.7560,2.6279
506567,1.7592,2.6207
506568,1.7544,2.6207
506569,1.7576,2.6223
506570,1.7560,2.6207
506571,1.7576,2.6247
506572,1.7536,2.6190
506573,1.7600,2.6271
506574,1.7560,2.6215
506575,1.7519,2.6231
506576,1.7584,2.6279
506577,1.7552,2.6215
506578,1.7592,2.6215
506579,1.7576,2.6352
506580,1.7584,2.6199
506581,1.7592,2.6239
506582,1.7552,2.6174
506583,1.7544,2.6255
506584,1.7608,2.6247
506585,1.7568,2.6231
506586,1.7592,2.6231
506587,1.7560,2.6223
506588,1.7576,2.6263
506589,1.7584,2.6247
506590,1.7576,2.6231
506591,1.7536,2.6231
506592,1.7568,2.6174
506593,1.7576,2.6199
506594,1.7544,2.6255
506595,1.7560,2.6344
506596,1.7584,2.5973
506597,1.7536,2.6432
506598,1.7552,2.6263
506599,1.7568,2.6174
506600,1.7616,2.6424
506601,1.7544,2.6215
506602,1.7576,2.6279
506603,1.7519,2.6223
506604,1.7568,2.6247
506605,1.7592,2.6231
506606,1.7576,2.6053
506607,1.7584,2.6279
506608,1.7616,2.6126
506609,1.7544,2.6223
506610,1.7560,2.6231
506611,1.7552,2.6247
506612,1.7592,2.6239
506613,1.7552,2.6207
506614,1.7552,2.6215
506615,1.7536,2.6344
506616,1.7536,2.6223
506617,1.7584,2.6215
506618,1.7552,2.6174
506619,1.7560,2.6174
506620,1.7584,2.6287
506621,1.7560,2.6029
506622,1.7552,2.6231
506623,1.7560,2.6247
506624,1.7536,2.6303
506625,1.7552,2.6223
506626,1.7600,2.6263
506627,1.7560,2.6255
506628,1.7552,2.6303
506629,1.7552,2.6247
506630,1.7552,2.6199
506631,1.7568,2.6215
506632,1.7560,2.6255
506633,1.7560,2.6174
506634,1.7544,2.6223
506635,1.7560,2.6231
506636,1.7584,2.6231
506637,1.7544,2.6255
506638,1.7616,2.6223
506639,1.7576,2.6247
506640,1.7576,2.6271
506641,1.7560,2.6271
506642,1.7552,2.6255
506643,1.7560,2.6102
506644,1.7568,2.6215
506645,1.7576,2.6263
506646,1.7584,2.6255
506647,1.7576,2.6150
506648,1.7616,2.6215
506649,1.7608,2.6223
506650,1.7592,2.6287
506651,1.7584,2.6223
506652,1.7624,2.6295
506653,1.7608,2.6231
506654,1.7576,2.6158
506655,1.7576,2.6255
506656,1.7576,2.6263
506657,1.7576,2.6150
506658,1.7568,2.6174
506659,1.7592,2.6263
506660,1.7560,2.6215
506661,1.7552,2.6279
506662,1.7592,2.6231
506663,1.7536,2.6247
506664,1.7592,2.6279
506665,1.7584,2.6287
506666,1.7560,2.6255
506667,1.7592,2.6279
506668,1.7560,2.6182
506669,1.7592,2.6263
506670,1.7600,2.6263
506671,1.7648,2.6287
506672,1.7576,2.6247
506673,1.7576,2.6271
506674,1.7624,2.6247
506675,1.7624,2.6295
506676,1.7640,2.6319
506677,1.7584,2.6279
506678,1.7592,2.6303
506679,1.7624,2.6255
506680,1.7648,2.6174
506681,1.7608,2.6207
506682,1.7576,2.6263
506683,1.7576,2.6311
506684,1.7616,2.6255
506685,1.7656,2.6303
506686,1.7592,2.6287
506687,1.7544,2.6303
506688,1.7616,2.6352
506689,1.7560,2.6190
506690,1.7560,2.6360
506691,1.7656,2.6279
506692,1.7648,2.6295
506693,1.7648,2.6287
506694,1.7592,2.6295
506695,1.7664,2.6279
506696,1.7624,2.6311
506697,1.7576,2.6327
506698,1.7664,2.6295
506699,1.7592,2.6303
506700,1.7584,2.6263
506701,1.7648,2.6303
506702,1.7624,2.6263
506703,1.7664,2.6319
506704,1.7616,2.6295
506705,1.7664,2.6295
506706,1.7648,2.6231
506707,1.7664,2.6295
506708,1.7648,2.6279
506709,1.7640,2.6287
506710,1.7664,2.6295
506711,1.7640,2.6295
506712,1.7656,2.6295
506713,1.7648,2.6279
506714,1.7664,2.6319
506715,1.7664,2.6295
506716,1.7648,2.6279
506717,1.7664,2.6432
506718,1.7664,2.6295
506719,1.7664,2.6311
506720,1.7616,2.6319
506721,1.7656,2.6319
506722,1.7632,2.6295
506723,1.7640,2.6279
506724,1.7640,2.6311
506725,1.7648,2.6279
506726,1.7632,2.6303
506727,1.7656,2.6319
506728,1.7656,2.6303
506729,1.7656,2.6255
506730,1.7640,2.6327
506731,1.7648,2.6279
506732,1.7664,2.6303
506733,1.7664,2.6287
506734,1.7673,2.6352
506735,1.7656,2.6303
506736,1.7664,2.6295
506737,1.7664,2.6295
506738,1.7664,2.6319
506739,1.7656,2.6279
506740,1.7640,2.6287
506741,1.7681,2.6295
506742,1.7648,2.6263
506743,1.7673,2.6303
506744,1.7681,2.6303
506745,1.7640,2.6287
506746,1.7664,2.6263
506747,1.7664,2.6255
506748,1.7673,2.6263
506749,1.7673,2.6295
506750,1.7656,2.6287
506751,1.7681,2.6295
506752,1.7664,2.6416
506753,1.7664,2.6287
506754,1.7648,2.6295
506755,1.7673,2.6255
506756,1.7681,2.6263
506757,1.7664,2.6279
506758,1.7632,2.6352
506759,1.7656,2.6215
506760,1.7664,2.6295
506761,1.7697,2.6311
506762,1.7664,2.6303
506763,1.7664,2.6174
506764,1.7689,2.6231
506765,1.7664,2.6223
506766,1.7664,2.6255
506767,1.7640,2.6247
506768,1.7664,2.6231
506769,1.7681,2.6295
506770,1.7673,2.6271
506771,1.7664,2.6247
506772,1.7664,2.6150
506773,1.7673,2.6263
506774,1.7673,2.6231
506775,1.7664,2.6231
506776,1.7664,2.6215
506777,1.7664,2.6247
506778,1.7648,2.6215
506779,1.7673,2.6263
506780,1.7673,2.6231
506781,1.7664,2.6223
506782,1.7673,2.6287
506783,1.7713,2.6263
506784,1.7673,2.6255
506785,1.7673,2.6263
506786,1.7664,2.6295
506787,1.7681,2.6215
506788,1.7673,2.6231
506789,1.7673,2.6279
506790,1.7689,2.6279
506791,1.7681,2.6223
506792,1.7689,2.6263
506793,1.7656,2.6215
506794,1.7656,2.6279
506795,1.7664,2.6207
506796,1.7681,2.6207
506797,1.7648,2.6287
506798,1.7697,2.6223
506799,1.7705,2.6247
506800,1.7664,2.6255
506801,1.7673,2.6360
506802,1.7673,2.6223
506803,1.7673,2.6231
506804,1.7664,2.6271
506805,1.7705,2.6295
506806,1.7664,2.6207
506807,1.7673,2.6239
506808,1.7681,2.6279
506809,1.7673,2.6247
506810,1.7664,2.6247
506811,1.7673,2.6247
506812,1.7697,2.6279
506813,1.7664,2.6223
506814,1.7955,2.6231
506815,1.7664,2.6247
506816,1.7681,2.6231
506817,1.7519,2.6231
506818,1.7681,2.6215
506819,1.7697,2.6231
506820,1.7624,2.6231
506821,1.7689,2.6247
506822,1.7713,2.6174
506823,1.7713,2.6215
506824,1.7697,2.6199
506825,1.7737,2.6279
506826,1.7697,2.6247
506827,1.7737,2.6247
506828,1.7713,2.6207
506829,1.7713,2.6239
506830,1.7673,2.6231
506831,1.7721,2.6247
506832,1.7842,2.6303
506833,1.7689,2.6247
506834,1.7681,2.6223
506835,1.7689,2.6150
506836,1.7681,2.6182
506837,1.7898,2.6303
506838,1.7713,2.6182
506839,1.7777,2.6263
506840,1.7576,2.6263
506841,1.7745,2.6215
506842,1.7681,2.6255
506843,1.7769,2.6231
506844,1.8011,2.6263
506845,1.7753,2.6263
506846,1.7737,2.6255
506847,1.7664,2.6279
506848,1.7681,2.6223
506849,1.7705,2.6295
506850,1.7705,2.6287
506851,1.7745,2.6231
506852,1.7576,2.6303
506853,1.7753,2.6303
506854,1.7753,2.6223
506855,1.7721,2.6263
506856,1.7737,2.6287
506857,1.7777,2.6311
506858,1.7745,2.6311
506859,1.7890,2.6271
506860,1.7785,2.6295
506861,1.7753,2.6263
506862,1.7697,2.6271
506863,1.7721,2.6319
506864,1.7777,2.6279
506865,1.7721,2.6384
506866,1.7777,2.6311
506867,1.7737,2.6263
506868,1.7922,2.6279
506869,1.7785,2.6295
506870,1.7761,2.6303
506871,1.7777,2.6295
506872,1.7753,2.6303
506873,1.7737,2.6295
506874,1.7785,2.6295
506875,1.7785,2.6360
506876,1.7785,2.6319
506877,1.7785,2.6344
506878,1.7777,2.6279
506879,1.7801,2.6392
506880,1.7608,2.6311
506881,1.7801,2.6344
506882,1.7801,2.6295
506883,1.7737,2.6303
506884,1.7777,2.6336
506885,1.7753,2.6360
506886,1.7810,2.6360
506887,1.7785,2.6448
506888,1.7793,2.6360
506889,1.7785,2.6384
506890,1.7793,2.6384
506891,1.7777,2.6344
506892,1.7818,2.6352
506893,1.7818,2.6432
506894,1.7737,2.6432
506895,1.7753,2.6327
506896,1.7801,2.6352
506897,1.7761,2.6416
506898,1.7793,2.6352
506899,1.7777,2.6384
506900,1.7769,2.6392
506901,1.7632,2.6392
506902,1.7777,2.6416
506903,1.7576,2.6432
506904,1.7648,2.6432
506905,1.7753,2.6432
506906,1.7793,2.6440
506907,1.7753,2.6432
506908,1.7810,2.6448
506909,1.7737,2.6432
506910,1.7818,2.6473
506911,1.7777,2.6432
506912,1.7769,2.6432
506913,1.7777,2.6481
506914,1.7785,2.6481
506915,1.7785,2.6473
506916,1.7810,2.6473
506917,1.7922,2.6456
506918,1.7810,2.6489
506919,1.7810,2.6521
506920,1.7681,2.6513
506921,1.7801,2.6529
506922,1.7785,2.6521
506923,1.7769,2.6545
506924,1.7818,2.6529
506925,1.7818,2.6553
506926,1.7785,2.6569
506927,1.7995,2.6561
506928,1.7842,2.6553
506929,1.7721,2.6553
506930,1.7818,2.6593
506931,1.7769,2.6577
506932,1.7664,2.6585
506933,1.7850,2.6610
506934,1.7745,2.6642
506935,1.7938,2.6585
506936,1.7850,2.6642
506937,1.7785,2.6666
506938,1.7842,2.6650
506939,1.7673,2.6666
506940,1.7947,2.6642
506941,1.7681,2.6650
506942,1.7922,2.6690
506943,1.7705,2.6690
506944,1.7810,2.6698
506945,1.8043,2.6682
506946,1.7826,2.6779
506947,1.7801,2.6738
506948,1.7810,2.6722
506949,1.7681,2.6747
506950,1.7874,2.6763
506951,1.7810,2.6779
506952,1.7850,2.6747
506953,1.7850,2.6819
506954,1.7930,2.6795
506955,1.7882,2.6787
506956,1.7810,2.6835
506957,1.7834,2.6859
506958,1.7850,2.6827
506959,1.7866,2.6827
506960,1.7826,2.6859
506961,1.7826,2.6843
506962,1.7793,2.6851
506963,1.7882,2.6924
506964,1.7842,2.6892
506965,1.7834,2.6924
506966,1.7834,2.6916
506967,1.7834,2.6940
506968,1.7850,2.6932
506969,1.7818,2.6940
506970,1.7842,2.6948
506971,1.7818,2.6940
506972,1.7842,2.6948
506973,1.7834,2.6972
506974,1.7793,2.6956
506975,1.7818,2.6988
506976,1.7818,2.7004
506977,1.7874,2.7021
506978,1.7858,2.7021
506979,1.7874,2.7037
506980,1.7810,2.7053
506981,1.7890,2.7093
506982,1.7922,2.7085
506983,1.7850,2.7149
506984,1.7850,2.7182
506985,1.7874,2.7262
506986,1.7850,2.7311
506987,1.7874,2.7391
506988,1.7914,2.7464
506989,1.7882,2.7609
506990,1.7850,2.7681
506991,1.7906,2.7875
506992,1.7922,2.7988
506993,1.7906,2.8197
506994,1.7922,2.8334
506995,1.7906,2.8503
506996,1.7963,2.8689
506997,1.7914,2.8810
506998,1.7922,2.9084
506999,1.7955,2.9253
507000,1.8011,2.9454
507001,1.8035,2.9615
507002,1.8011,2.9897
507003,1.8027,2.9962
507004,1.8035,3.0131
507005,1.8043,3.0260
507006,1.8051,3.0486
507007,1.8059,3.0639
507008,1.8124,3.0848
507009,1.8132,3.0985
507010,1.8180,3.1122
507011,1.8108,3.1590
507012,1.8180,3.1445
507013,1.8180,3.1590
507014,1.8196,3.1759
507015,1.8253,3.1888
507016,1.8229,3.1872
507017,1.8188,3.2234
507018,1.8285,3.2226
507019,1.8269,3.2452
507020,1.8285,3.2653
507021,1.8309,3.2831
507022,1.8325,3.2621
507023,1.8366,3.2903
507024,1.8301,3.3000
507025,1.8390,3.3000
507026,1.8414,3.2927
507027,1.8414,3.3000
507028,1.8462,3.3000
507029,1.8414,3.3000
507030,1.8430,3.3000
507031,1.8438,3.3000
507032,1.8358,3.3000
507033,1.8422,3.3000
507034,1.8438,3.3000
507035,1.8430,3.3000
507036,1.8430,3.3000
507037,1.8462,3.3000
507038,1.8398,3.3000
507039,1.8438,3.3000
507040,1.8430,3.3000
507041,1.8438,3.3000
507042,1.8511,3.3000
507043,1.8454,3.3000
507044,1.8446,3.3000
507045,1.8462,3.3000
507046,1.8446,3.3000
507047,1.8438,3.3000
507048,1.8438,3.3000
507049,1.8438,3.3000
507050,1.8438,3.3000
507051,1.8349,3.3000
507052,1.8422,3.3000
507053,1.8390,3.3000
507054,1.8446,3.3000
507055,1.8333,3.3000
507056,1.8406,3.3000
507057,1.8366,3.3000
507058,1.8438,3.3000
507059,1.8406,3.3000
507060,1.8382,3.3000
507061,1.8382,3.3000
507062,1.8422,3.3000
507063,1.8317,3.3000
507064,1.8366,3.3000
507065,1.8366,3.3000
507066,1.8349,3.3000
507067,1.8317,3.3000
507068,1.8382,3.3000
507069,1.8301,3.3000
507070,1.8309,3.3000
507071,1.8301,3.3000
507072,1.8317,3.3000
507073,1.8309,3.3000
507074,1.8309,3.3000
507075,1.8285,3.3000
507076,1.8237,3.3000
507077,1.8237,3.3000
507078,1.8301,3.3000
507079,1.8269,3.3000
507080,1.8253,3.3000
507081,1.8261,3.3000
507082,1.8204,3.3000
507083,1.8204,3.3000
507084,1.8293,3.3000
507085,1.8180,3.3000
507086,1.8212,3.3000
507087,1.8212,3.3000
507088,1.8221,3.3000
507089,1.8180,3.3000
507090,1.8221,3.3000
507091,1.8229,3.3000
507092,1.8229,3.3000
507093,1.8140,3.3000
507094,1.8180,3.3000
507095,1.8172,3.3000
507096,1.8172,3.3000
507097,1.8140,3.3000
507098,1.8180,3.3000
507099,1.8196,3.3000
507100,1.8172,3.3000
507101,1.8172,3.3000
507102,1.8188,3.3000
507103,1.8140,3.3000
507104,1.8164,3.3000
507105,1.8132,3.3000
507106,1.8180,3.3000
507107,1.8180,3.3000
507108,1.8180,3.3000
507109,1.8140,3.3000
507110,1.8164,3.3000
507111,1.8116,3.3000
507112,1.8100,3.3000
507113,1.8172,3.3000
507114,1.8124,3.3000
507115,1.8164,3.3000
507116,1.8156,3.3000
507117,1.8100,3.3000
507118,1.8180,3.3000
507119,1.8124,3.3000
507120,1.8148,3.3000
507121,1.8172,3.3000
507122,1.8108,3.3000
507123,1.8124,3.3000
507124,1.8116,3.3000
507125,1.8100,3.3000
507126,1.8140,3.3000
507127,1.8084,3.3000
507128,1.8100,3.3000
507129,1.8156,3.3000
507130,1.8156,3.3000
507131,1.8075,3.3000
507132,1.8108,3.3000
507133,1.8051,3.3000
507134,1.8140,3.3000
507135,1.8100,3.3000
507136,1.8075,3.3000
507137,1.8164,3.3000
507138,1.8075,3.3000
507139,1.8051,3.3000
507140,1.8059,3.3000
507141,1.8075,3.3000
507142,1.8108,3.3000
507143,1.8092,3.3000
507144,1.8100,3.3000
507145,1.8075,3.3000
507146,1.8140,3.3000
507147,1.8092,3.3000
507148,1.8116,3.3000
507149,1.8035,3.3000
507150,1.8092,3.3000
507151,1.8075,3.3000
507152,1.8124,3.3000
507153,1.8100,3.3000
507154,1.8156,3.3000
507155,1.8100,3.3000
507156,1.8084,3.3000
507157,1.8051,3.3000
507158,1.8075,3.3000
507159,1.8140,3.3000
507160,1.8092,3.3000
507161,1.8100,3.3000
507162,1.8067,3.3000
507163,1.8067,3.3000
507164,1.8075,3.3000
507165,1.8092,3.3000
507166,1.8067,3.3000
507167,1.8100,3.3000
507168,1.8092,3.3000
507169,1.8075,3.3000
507170,1.8092,3.3000
507171,1.8075,3.3000
507172,1.8059,3.3000
507173,1.8132,3.3000
507174,1.8051,3.3000
507175,1.8067,3.3000
507176,1.8100,3.3000
507177,1.8035,3.3000
507178,1.8035,3.3000
507179,1.8067,3.3000
507180,1.8075,3.3000
507181,1.8108,3.3000
507182,1.8092,3.3000
507183,1.8075,3.3000
507184,1.8108,3.3000
507185,1.8108,3.3000
507186,1.8132,3.3000
507187,1.8116,3.3000
507188,1.8075,3.3000
507189,1.8075,3.3000
507190,1.8100,3.3000
507191,1.8100,3.3000
507192,1.8084,3.3000
507193,1.8108,3.3000
507194,1.8100,3.3000
507195,1.8100,3.3000
507196,1.8084,3.3000
507197,1.8100,3.3000
507198,1.8100,3.3000
507199,1.8100,3.3000
507200,1.8059,3.3000
507201,1.8092,3.3000
507202,1.8092,3.3000
507203,1.8100,3.3000
507204,1.8092,3.3000
507205,1.8075,3.3000
507206,1.8075,3.3000
507207,1.8100,3.3000
507208,1.8100,3.3000
507209,1.8051,3.3000
507210,1.8100,3.3000
507211,1.8124,3.3000
507212,1.8092,3.3000
507213,1.8067,3.3000
507214,1.8051,3.3000
507215,1.8084,3.3000
507216,1.8172,3.3000
507217,1.8059,3.3000
507218,1.8108,3.3000
507219,1.8108,3.3000
507220,1.8059,3.3000
507221,1.8051,3.3000
507222,1.8100,3.3000
507223,1.8100,3.3000
507224,1.8124,3.3000
507225,1.8059,3.2799
507226,1.8035,3.2710
507227,1.8100,3.2452
507228,1.8051,3.2291
507229,1.8051,3.2105
507230,1.8067,3.1936
507231,1.8059,3.1719
507232,1.8067,3.1356
507233,1.8067,3.1187
507234,1.8059,3.0961
507235,1.8043,3.0873
507236,1.8019,3.0679
507237,1.8019,3.0824
507238,1.8035,3.0703
507239,1.8043,3.0816
507240,1.8027,3.0864
507241,1.7979,3.0937
507242,1.8051,3.1058
507243,1.8027,3.1163
507244,1.8003,3.1243
507245,1.8043,3.1421
507246,1.8051,3.1421
507247,1.8067,3.1678
507248,1.8059,3.1686
507249,1.8051,3.1928
507250,1.8035,3.1928
507251,1.8043,3.2065
507252,1.8043,3.2138
507253,1.8067,3.2323
507254,1.8059,3.2234
507255,1.8075,3.2484
507256,1.8059,3.2525
507257,1.8092,3.2605
507258,1.8075,3.2742
507259,1.8108,3.2790
507260,1.8067,3.2637
507261,1.8108,3.2992
507262,1.8124,3.2992
507263,1.8124,3.3000
507264,1.8156,3.3000
507265,1.8140,3.3000
507266,1.8156,3.3000
507267,1.8172,3.3000
507268,1.8180,3.3000
507269,1.8156,3.3000
507270,1.8180,3.3000
507271,1.8172,3.3000
507272,1.8172,3.3000
507273,1.8204,3.3000
507274,1.8237,3.3000
507275,1.8204,3.3000
507276,1.8221,3.3000
507277,1.8229,3.3000
507278,1.8229,3.3000
507279,1.8261,3.3000
507280,1.8229,3.3000
507281,1.8221,3.3000
507282,1.8293,3.3000
507283,1.8301,3.3000
507284,1.8269,3.3000
507285,1.8253,3.3000
507286,1.8269,3.3000
507287,1.8293,3.3000
507288,1.8301,3.3000
507289,1.8269,3.3000
507290,1.8253,3.3000
507291,1.8333,3.3000
507292,1.8309,3.3000
507293,1.8317,3.3000
507294,1.8341,3.3000
507295,1.8358,3.3000
507296,1.8317,3.3000
507297,1.8317,3.3000
507298,1.8293,3.3000
507299,1.8349,3.3000
507300,1.8285,3.3000
507301,1.8382,3.3000
507302,1.8301,3.3000
507303,1.8349,3.3000
507304,1.8317,3.3000
507305,1.8325,3.3000
507306,1.8301,3.3000
507307,1.8333,3.3000
507308,1.8325,3.3000
507309,1.8285,3.3000
507310,1.8309,3.3000
507311,1.8333,3.3000
507312,1.8398,3.3000
507313,1.8333,3.3000
507314,1.8325,3.3000
507315,1.8301,3.3000
507316,1.8317,3.3000
507317,1.8325,3.3000
507318,1.8301,3.3000
507319,1.8301,3.3000
507320,1.8269,3.3000
507321,1.8277,3.3000
507322,1.8309,3.3000
507323,1.8293,3.3000
507324,1.8317,3.3000
507325,1.8285,3.3000
507326,1.8325,3.3000
507327,1.8261,3.3000
507328,1.8317,3.3000
507329,1.8333,3.3000
507330,1.8293,3.3000
507331,1.8293,3.3000
507332,1.8261,3.3000
507333,1.8382,3.3000
507334,1.8309,3.3000
507335,1.8285,3.3000
507336,1.8237,3.3000
507337,1.8301,3.3000
507338,1.8035,3.3000
507339,1.8309,3.3000
507340,1.8285,3.3000
507341,1.8229,3.3000
507342,1.8301,3.3000
507343,1.8301,3.3000
507344,1.8237,3.3000
507345,1.8285,3.3000
507346,1.8237,3.3000
507347,1.8317,3.3000
507348,1.8261,3.3000
507349,1.8229,3.3000
507350,1.8301,3.3000
507351,1.8309,3.3000
507352,1.8269,3.3000
507353,1.8317,3.3000
507354,1.8390,3.3000
507355,1.8253,3.3000
507356,1.8212,3.3000
507357,1.8261,3.3000
507358,1.8180,3.3000
507359,1.8253,3.3000
507360,1.8229,3.3000
507361,1.8180,3.3000
507362,1.8221,3.3000
507363,1.8285,3.3000
507364,1.8253,3.3000
507365,1.8075,3.3000
507366,1.8366,3.3000
507367,1.8204,3.3000
507368,1.8269,3.3000
507369,1.8196,3.3000
507370,1.8221,3.3000
507371,1.8221,3.3000
507372,1.8204,3.3000
507373,1.8204,3.3000
507374,1.8188,3.3000
507375,1.8108,3.3000
507376,1.8188,3.3000
507377,1.8188,3.3000
507378,1.8180,3.3000
507379,1.8043,3.3000
507380,1.8075,3.3000
507381,1.8180,3.3000
507382,1.8156,3.3000
507383,1.8180,3.3000
507384,1.8164,3.3000
507385,1.8180,3.3000
507386,1.8180,3.3000
507387,1.8148,3.3000
507388,1.8188,3.3000
507389,1.8180,3.3000
507390,1.8269,3.3000
507391,1.8188,3.3000
507392,1.8204,3.3000
507393,1.8180,3.3000
507394,1.8285,3.3000
507395,1.8172,3.3000
507396,1.8180,3.3000
507397,1.8180,3.3000
507398,1.8180,3.3000
507399,1.8172,3.3000
507400,1.8196,3.3000
507401,1.8180,3.3000
507402,1.8100,3.3000
507403,1.8293,3.3000
507404,1.8180,3.3000
507405,1.8180,3.3000
507406,1.8180,3.3000
507407,1.8132,3.3000
507408,1.8172,3.3000
507409,1.8180,3.3000
507410,1.8172,3.3000
507411,1.8196,3.3000
507412,1.8156,3.3000
507413,1.8156,3.3000
507414,1.8180,3.3000
507415,1.8180,3.3000
507416,1.8084,3.3000
507417,1.8003,3.3000
507418,1.8132,3.3000
507419,1.8164,3.3000
507420,1.8172,3.3000
507421,1.8212,3.3000
507422,1.8172,3.3000
507423,1.8253,3.3000
507424,1.8261,3.3000
507425,1.8180,3.3000
507426,1.8172,3.3000
507427,1.8124,3.3000
507428,1.8156,3.3000
507429,1.8108,3.3000
507430,1.8180,3.3000
507431,1.8333,3.3000
507432,1.8293,3.3000
507433,1.8156,3.3000
507434,1.8124,3.3000
507435,1.8180,3.3000
507436,1.8204,3.3000
507437,1.8172,3.3000
507438,1.8180,3.3000
507439,1.8116,3.3000
507440,1.8011,3.3000
507441,1.8100,3.3000
507442,1.8180,3.3000
507443,1.8245,3.3000
507444,1.8366,3.3000
507445,1.8156,3.3000
507446,1.8180,3.3000
507447,1.8156,3.3000
507448,1.8237,3.3000
507449,1.8108,3.3000
507450,1.8156,3.3000
507451,1.8188,3.3000
507452,1.8035,3.3000
507453,1.8148,3.3000
507454,1.8140,3.3000
507455,1.8301,3.3000
507456,1.8108,3.3000
507457,1.8124,3.3000
507458,1.8108,3.3000
507459,1.8204,3.3000
507460,1.8059,3.3000
507461,1.8140,3.3000
507462,1.8156,3.3000
507463,1.8124,3.3000
507464,1.8092,3.3000
507465,1.8140,3.3000
507466,1.8180,3.3000
507467,1.8180,3.3000
507468,1.8180,3.3000
507469,1.8172,3.3000
507470,1.8108,3.3000
507471,1.8124,3.3000
507472,1.8075,3.3000
507473,1.8100,3.3000
507474,1.8140,3.3000
507475,1.8172,3.3000
507476,1.8132,3.3000
507477,1.8156,3.3000
507478,1.8124,3.3000
507479,1.8108,3.3000
507480,1.8100,3.3000
507481,1.8132,3.3000
507482,1.8124,3.3000
507483,1.8156,3.3000
507484,1.8051,3.3000
507485,1.8172,3.3000
507486,1.8156,3.3000
507487,1.8100,3.3000
507488,1.8148,3.3000
507489,1.8116,3.3000
507490,1.8100,3.3000
507491,1.8100,3.3000
507492,1.8132,3.3000
507493,1.8124,3.3000
507494,1.8148,3.3000
507495,1.8132,3.3000
507496,1.8156,3.3000
507497,1.8084,3.3000
507498,1.8164,3.3000
507499,1.8092,3.3000
507500,1.8100,3.3000
507501,1.8124,3.3000
507502,1.8092,3.3000
507503,1.8172,3.3000
507504,1.8108,3.3000
507505,1.8084,3.3000
507506,1.8140,3.3000
507507,1.8124,3.3000
507508,1.8108,3.3000
507509,1.8100,3.3000
507510,1.8108,3.3000
507511,1.8092,3.3000
507512,1.8075,3.3000
507513,1.8132,3.3000
507514,1.8164,3.3000
507515,1.8108,3.3000
507516,1.8108,3.3000
507517,1.8092,3.3000
507518,1.8180,3.3000
507519,1.8003,3.3000
507520,1.8132,3.3000
507521,1.8075,3.3000
507522,1.8051,3.3000
507523,1.8059,3.3000
507524,1.8027,3.3000
507525,1.8100,3.3000
507526,1.8059,3.3000
507527,1.8092,3.3000
507528,1.8092,3.3000
507529,1.8100,3.3000
507530,1.8092,3.3000
507531,1.8051,3.3000
507532,1.8043,3.3000
507533,1.8043,3.3000
507534,1.8075,3.3000
507535,1.8067,3.3000
507536,1.8051,3.3000
507537,1.8043,3.3000
507538,1.8092,3.3000
507539,1.8051,3.3000
507540,1.8051,3.3000
507541,1.8124,3.3000
507542,1.8027,3.3000
507543,1.8059,3.3000
507544,1.8003,3.3000
507545,1.8011,3.3000
507546,1.8011,3.3000
507547,1.8051,3.3000
507548,1.8051,3.3000
507549,1.8003,3.3000
507550,1.8019,3.3000
507551,1.8011,3.3000
507552,1.7979,3.3000
507553,1.7963,3.3000
507554,1.7947,3.3000
507555,1.8019,3.3000
507556,1.8027,3.3000
507557,1.7938,3.3000
507558,1.7971,3.3000
507559,1.7930,3.3000
507560,1.7938,3.3000
507561,1.7914,3.3000
507562,1.7963,3.3000
507563,1.7979,3.3000
507564,1.7955,3.3000
507565,1.7971,3.3000
507566,1.7930,3.3000
507567,1.8003,3.3000
507568,1.7938,3.3000
507569,1.8003,3.3000
507570,1.7922,3.3000
507571,1.7930,3.3000
507572,1.7995,3.3000
507573,1.8003,3.3000
507574,1.7922,3.3000
507575,1.7922,3.3000
507576,1.7922,3.3000
507577,1.7947,3.3000
507578,1.7930,3.3000
507579,1.7938,3.3000
507580,1.7914,3.3000
507581,1.7938,3.3000
507582,1.7914,3.3000
507583,1.7922,3.3000
507584,1.7914,3.3000
507585,1.7866,3.3000
507586,1.7922,3.3000
507587,1.7922,3.3000
507588,1.7930,3.3000
507589,1.7874,3.3000
507590,1.7906,3.3000
507591,1.7914,3.3000
507592,1.7866,3.3000
507593,1.7922,3.3000
507594,1.7874,3.3000
507595,1.7898,3.3000
507596,1.7890,3.3000
507597,1.7834,3.3000
507598,1.7834,3.3000
507599,1.7882,3.3000
507600,1.7882,3.3000
507601,1.7874,3.3000
507602,1.7898,3.3000
507603,1.7810,3.3000
507604,1.7866,3.3000
507605,1.7810,3.3000
507606,1.7866,3.3000
507607,1.7818,3.3000
507608,1.7866,3.3000
507609,1.7818,3.3000
507610,1.7834,3.3000
507611,1.7834,3.3000
507612,1.7810,3.3000
507613,1.7818,3.3000
507614,1.7874,3.3000
507615,1.7801,3.3000
507616,1.7801,3.3000
507617,1.7834,3.3000
507618,1.7826,3.3000
507619,1.7801,3.3000
507620,1.7810,3.3000
507621,1.7810,3.3000
507622,1.7801,3.3000
507623,1.7842,3.3000
507624,1.7785,3.3000
507625,1.7761,3.3000
507626,1.7826,3.3000
507627,1.7769,3.3000
507628,1.7713,3.3000
507629,1.7753,3.3000
507630,1.7801,3.3000
507631,1.7777,3.3000
507632,1.7785,3.3000
507633,1.7721,3.3000
507634,1.7769,3.3000
507635,1.7673,3.3000
507636,1.7753,3.3000
507637,1.7777,3.3000
507638,1.7737,3.3000
507639,1.7769,3.3000
507640,1.7785,3.3000
507641,1.7793,3.3000
507642,1.7753,3.3000
507643,1.7753,3.3000
507644,1.7664,3.3000
507645,1.7818,3.3000
507646,1.7769,3.3000
507647,1.7745,3.3000
507648,1.7745,3.3000
507649,1.7777,3.3000
507650,1.7721,3.3000
507651,1.7753,3.3000
507652,1.7673,3.3000
507653,1.7721,3.3000
507654,1.7769,3.3000
507655,1.7737,3.3000
507656,1.7753,3.3000
507657,1.7721,3.3000
507658,1.7745,3.3000
507659,1.7697,3.3000
507660,1.7745,3.3000
507661,1.7689,3.3000
507662,1.7753,3.3000
507663,1.7673,3.3000
507664,1.7769,3.3000
507665,1.7737,3.3000
507666,1.7769,3.3000
507667,1.7745,3.3000
507668,1.7721,3.3000
507669,1.7721,3.3000
507670,1.7664,3.3000
507671,1.7753,3.3000
507672,1.7673,3.3000
507673,1.7681,3.3000
507674,1.7664,3.3000
507675,1.7721,3.3000
507676,1.7705,3.3000
507677,1.7664,3.3000
507678,1.7745,3.3000
507679,1.7721,3.3000
507680,1.7713,3.3000
507681,1.7640,3.3000
507682,1.7656,3.3000
507683,1.7664,3.3000
507684,1.7664,3.3000
507685,1.7664,3.3000
507686,1.7664,3.3000
507687,1.7664,3.3000
507688,1.7713,3.3000
507689,1.7673,3.3000
507690,1.7705,3.3000
507691,1.7664,3.3000
507692,1.7673,3.3000
507693,1.7664,3.3000
507694,1.7721,3.3000
507695,1.7689,3.3000
507696,1.7673,3.3000
507697,1.7664,3.3000
507698,1.7656,3.3000
507699,1.7656,3.3000
507700,1.7681,3.3000
507701,1.7713,3.3000
507702,1.7673,3.3000
507703,1.7656,3.3000
507704,1.7664,3.3000
507705,1.7664,3.3000
507706,1.7664,3.3000
507707,1.7608,3.3000
507708,1.7648,3.3000
507709,1.7592,3.3000
507710,1.7616,3.3000
507711,1.7584,3.2839
507712,1.7544,3.2533
507713,1.7536,3.2242
507714,1.7544,3.1928
507715,1.7616,3.1646
507716,1.7536,3.1566
507717,1.7495,3.1195
507718,1.7527,3.0969
507719,1.7544,3.0703
507720,1.7487,3.0502
507721,1.7447,3.0300
507722,1.7423,3.0115
507723,1.7415,2.9946
507724,1.7407,2.9768
507725,1.7423,2.9615
507726,1.7431,2.9527
507727,1.7407,2.9333
507728,1.7423,2.9229
507729,1.7390,2.9132
507730,1.7407,2.8834
507731,1.7294,2.8753
507732,1.7310,2.8664
507733,1.7407,2.8552
507734,1.7334,2.8439
507735,1.7350,2.8326
507736,1.7334,2.8237
507737,1.7302,2.8133
507738,1.7310,2.8060
507739,1.7334,2.7979
507740,1.7294,2.7907
