time_ms,ch1_v,ch2_v
49,1.15,1.28
50,1.13,1.26
51,1.11,1.24
52,1.09,1.23
53,1.07,1.21
54,1.05,1.21
55,1.05,1.22
56,1.06,1.23
57,1.07,1.24
58,1.09,1.26
59,1.11,1.27
61,1.14,1.30
62,1.16,1.30
63,1.17,1.30
64,1.17,1.30
65,1.16,1.29
66,1.15,1.27
67,1.13,1.26
68,1.11,1.24
69,1.09,1.22
70,1.07,1.21
71,1.05,1.21
72,1.05,1.21
73,1.06,1.23
74,1.08,1.24
75,1.09,1.26
76,1.11,1.28
77,1.14,1.29
78,1.16,1.30
79,1.17,1.30
80,1.17,1.30
81,1.16,1.29
82,1.15,1.27
83,1.13,1.25
84,1.11,1.24
86,1.09,1.22
87,1.06,1.20
88,1.05,1.20
89,1.05,1.21
90,1.06,1.22
91,1.08,1.24
92,1.09,1.26
93,1.12,1.28
94,1.14,1.29
95,1.17,1.30
96,1.18,1.30
97,1.17,1.30
98,1.16,1.28
99,1.15,1.27
100,1.13,1.25
101,1.10,1.23
102,1.09,1.22
104,1.06,1.20
105,1.05,1.20
106,1.05,1.21
107,1.06,1.23
108,1.09,1.25
109,1.10,1.26
110,1.13,1.28
111,1.16,1.30
112,1.17,1.30
113,1.18,1.30
114,1.17,1.29
115,1.15,1.27
116,1.13,1.25
117,1.11,1.24
119,1.09,1.22
120,1.07,1.20
121,1.05,1.20
122,1.05,1.21
123,1.06,1.23
124,1.08,1.24
125,1.10,1.26
126,1.12,1.28
128,1.15,1.30
129,1.17,1.30
130,1.18,1.30
131,1.17,1.29
132,1.15,1.27
133,1.14,1.26
135,1.11,1.24
136,1.09,1.22
137,1.07,1.20
138,1.05,1.20
139,1.05,1.21
140,1.06,1.22
141,1.08,1.24
142,1.09,1.26
143,1.12,1.28
144,1.15,1.30
145,1.17,1.30
146,1.17,1.30
147,1.17,1.29
148,1.16,1.28
150,1.14,1.26
151,1.12,1.24
152,1.09,1.22
153,1.07,1.20
154,1.05,1.20
155,1.05,1.21
156,1.06,1.22
157,1.07,1.23
158,1.09,1.25
159,1.11,1.27
160,1.14,1.29
161,1.17,1.30
162,1.18,1.30
163,1.17,1.29
164,1.16,1.28
166,1.14,1.26
167,1.12,1.25
168,1.10,1.23
169,1.08,1.21
171,1.05,1.20
172,1.05,1.20
173,1.06,1.21
174,1.07,1.23
175,1.09,1.25
176,1.11,1.27
177,1.14,1.29
178,1.16,1.30
179,1.17,1.30
180,1.17,1.29
182,1.16,1.28
183,1.14,1.26
184,1.12,1.25
185,1.10,1.23
186,1.08,1.21
187,1.06,1.20
188,1.05,1.20
189,1.05,1.21
190,1.07,1.23
191,1.09,1.24
192,1.11,1.26
193,1.13,1.28
194,1.16,1.30
195,1.17,1.30
197,1.17,1.29
198,1.16,1.28
199,1.15,1.27
200,1.13,1.25
201,1.11,1.23
202,1.09,1.21
203,1.06,1.20
204,1.05,1.19
205,1.05,1.21
206,1.06,1.22
207,1.08,1.24
208,1.10,1.26
209,1.13,1.28
210,1.15,1.30
212,1.17,1.30
214,1.17,1.29
215,1.17,1.28
216,1.15,1.27
217,1.13,1.25
218,1.11,1.23
219,1.09,1.21
220,1.07,1.20
221,1.05,1.20
222,1.05,1.20
223,1.06,1.22
224,1.08,1.23
225,1.09,1.25
226,1.12,1.27
227,1.15,1.29
229,1.17,1.30
230,1.17,1.29
231,1.17,1.28
232,1.15,1.27
233,1.14,1.25
234,1.11,1.24
235,1.09,1.22
236,1.07,1.20
237,1.05,1.19
238,1.05,1.20
239,1.06,1.21
240,1.07,1.23
241,1.09,1.25
242,1.11,1.27
244,1.14,1.29
245,1.16,1.30
246,1.17,1.29
247,1.17,1.28
248,1.16,1.27
249,1.14,1.26
250,1.12,1.24
251,1.09,1.22
252,1.07,1.20
253,1.05,1.19
254,1.05,1.20
256,1.05,1.21
257,1.07,1.23
258,1.09,1.24
260,1.11,1.26
261,1.14,1.29
262,1.16,1.30
263,1.17,1.30
264,1.17,1.29
265,1.16,1.27
266,1.14,1.26
267,1.12,1.24
268,1.10,1.22
269,1.08,1.20
270,1.06,1.19
271,1.05,1.20
272,1.05,1.20
273,1.06,1.22
275,1.08,1.23
276,1.10,1.25
277,1.12,1.27
278,1.15,1.28
279,1.16,1.28
280,1.16,1.28
281,1.15,1.26
282,1.13,1.24
283,1.12,1.23
284,1.09,1.22
285,1.07,1.20
286,1.05,1.18
287,1.04,1.18
288,1.04,1.19
289,1.05,1.21
291,1.07,1.22
292,1.09,1.24
293,1.11,1.26
294,1.13,1.28
295,1.15,1.28
296,1.15,1.27
297,1.15,1.26
299,1.13,1.25
300,1.11,1.23
301,1.09,1.21
302,1.07,1.19
303,1.05,1.18
304,1.03,1.18
306,1.03,1.19
307,1.04,1.20
308,1.06,1.22
309,1.08,1.23
310,1.10,1.25
311,1.13,1.27
312,1.15,1.27
313,1.15,1.27
314,1.15,1.26
315,1.13,1.25
316,1.11,1.23
317,1.09,1.21
318,1.07,1.20
319,1.05,1.18
321,1.03,1.17
322,1.03,1.18
323,1.04,1.20
324,1.06,1.21
325,1.08,1.23
326,1.10,1.25
327,1.13,1.27
328,1.15,1.28
329,1.16,1.28
330,1.16,1.27
331,1.15,1.26
332,1.13,1.24
333,1.11,1.22
334,1.09,1.21
336,1.07,1.19
337,1.05,1.18
338,1.04,1.19
339,1.05,1.20
340,1.07,1.22
342,1.09,1.24
343,1.11,1.26
344,1.14,1.28
345,1.16,1.29
346,1.17,1.29
347,1.17,1.28
348,1.16,1.27
349,1.14,1.25
350,1.12,1.24
352,1.10,1.22
353,1.08,1.20
354,1.06,1.19
355,1.05,1.19
356,1.05,1.20
357,1.07,1.22
358,1.09,1.24
359,1.11,1.26
360,1.14,1.28
361,1.16,1.29
362,1.17,1.29
363,1.17,1.29
364,1.16,1.27
365,1.15,1.26
367,1.13,1.24
368,1.10,1.22
369,1.08,1.20
370,1.06,1.19
371,1.05,1.19
372,1.05,1.20
373,1.07,1.22
374,1.09,1.23
375,1.10,1.25
376,1.12,1.27
377,1.15,1.28
378,1.16,1.28
379,1.16,1.28
380,1.15,1.26
382,1.14,1.25
384,1.12,1.23
385,1.09,1.21
386,1.07,1.20
387,1.05,1.18
388,1.04,1.18
389,1.04,1.19
390,1.05,1.21
391,1.07,1.22
392,1.09,1.24
393,1.11,1.26
394,1.14,1.27
395,1.15,1.28
396,1.16,1.27
398,1.15,1.26
399,1.13,1.25
400,1.12,1.23
401,1.09,1.21
402,1.07,1.19
403,1.05,1.18
404,1.03,1.18
405,1.03,1.19
406,1.05,1.20
407,1.06,1.21
408,1.08,1.23
409,1.10,1.25
410,1.13,1.27
411,1.15,1.27
412,1.15,1.27
414,1.15,1.26
415,1.13,1.25
416,1.12,1.23
417,1.09,1.21
418,1.08,1.19
419,1.05,1.18
420,1.03,1.17
421,1.03,1.18
422,1.04,1.19
423,1.06,1.21
424,1.08,1.22
425,1.09,1.24
427,1.12,1.26
428,1.14,1.27
430,1.15,1.27
431,1.15,1.26
432,1.14,1.25
433,1.12,1.23
434,1.10,1.22
435,1.08,1.20
436,1.06,1.18
437,1.04,1.17
438,1.03,1.18
439,1.04,1.19
440,1.05,1.20
441,1.08,1.23
442,1.09,1.25
443,1.12,1.27
445,1.15,1.28
446,1.16,1.28
447,1.16,1.27
448,1.15,1.26
449,1.14,1.25
450,1.12,1.23
451,1.09,1.21
452,1.07,1.19
453,1.05,1.18
454,1.04,1.18
455,1.05,1.20
456,1.06,1.21
457,1.08,1.23
458,1.10,1.25
459,1.13,1.27
461,1.15,1.29
462,1.17,1.29
463,1.17,1.28
464,1.16,1.27
465,1.15,1.26
466,1.13,1.24
467,1.11,1.22
468,1.09,1.20
470,1.06,1.19
471,1.05,1.19
472,1.05,1.20
473,1.06,1.21
474,1.08,1.23
475,1.10,1.25
477,1.13,1.27
478,1.15,1.29
479,1.17,1.29
480,1.18,1.29
481,1.17,1.28
482,1.15,1.26
483,1.13,1.24
484,1.11,1.23
485,1.09,1.20
486,1.07,1.19
487,1.05,1.19
488,1.05,1.20
489,1.06,1.21
490,1.08,1.23
492,1.09,1.25
493,1.12,1.27
494,1.15,1.29
495,1.17,1.29
496,1.17,1.29
497,1.17,1.28
498,1.15,1.26
499,1.13,1.25
500,1.11,1.23
501,1.09,1.21
502,1.07,1.19
503,1.05,1.19
504,1.05,1.20
506,1.06,1.21
507,1.07,1.22
508,1.09,1.23
509,1.10,1.24
510,1.12,1.26
512,1.13,1.27
513,1.14,1.26
514,1.13,1.24
515,1.12,1.23
516,1.10,1.21
517,1.08,1.20
518,1.06,1.18
519,1.03,1.16
520,1.01,1.15
522,1.01,1.16
523,1.02,1.17
524,1.04,1.19
525,1.04,1.19
526,1.05,1.20
527,1.07,1.21
528,1.08,1.22
529,1.09,1.21
530,1.08,1.20
531,1.07,1.19
532,1.05,1.17
533,1.03,1.15
534,1.01,1.14
535,0.99,1.12
536,0.97,1.11
538,0.96,1.12
539,0.97,1.13
540,0.99,1.14
541,0.99,1.14
542,0.99,1.13
543,0.97,1.11
544,0.96,1.09
545,0.94,1.08
546,0.92,1.06
547,0.90,1.05
548,0.88,1.03
549,0.86,1.02
550,0.84,1.00
551,0.82,0.99
552,0.80,0.97
553,0.78,0.96
556,0.76,0.95
557,0.74,0.93
558,0.72,0.92
559,0.71,0.91
560,0.69,0.90
561,0.67,0.88
562,0.66,0.88
563,0.65,0.87
564,0.64,0.86
565,0.63,0.85
566,0.62,0.85
567,0.61,0.84
568,0.60,0.83
569,0.59,0.82
570,0.59,0.81
571,0.58,0.81
573,0.57,0.80
574,0.57,0.79
575,0.56,0.79
576,0.56,0.78
577,0.55,0.78
578,0.55,0.77
579,0.55,0.77
580,0.54,0.76
581,0.54,0.76
582,0.54,0.75
583,0.54,0.75
584,0.54,0.75
585,0.54,0.75
586,0.54,0.74
587,0.54,0.74
588,0.55,0.74
590,0.55,0.73
591,0.55,0.73
592,0.55,0.73
593,0.55,0.73
594,0.55,0.72
595,0.55,0.72
596,0.56,0.72
598,0.56,0.72
599,0.56,0.72
600,0.56,0.72
601,0.57,0.72
602,0.57,0.71
603,0.58,0.71
604,0.58,0.71
605,0.58,0.71
606,0.58,0.71
608,0.59,0.71
609,0.59,0.71
610,0.59,0.70
611,0.59,0.70
612,0.60,0.70
613,0.60,0.70
614,0.60,0.70
615,0.60,0.70
616,0.61,0.70
617,0.61,0.70
618,0.61,0.70
619,0.61,0.70
620,0.62,0.69
621,0.62,0.69
622,0.62,0.69
623,0.62,0.69
624,0.63,0.69
626,0.62,0.69
627,0.63,0.69
628,0.63,0.69
629,0.63,0.68
630,0.63,0.69
631,0.63,0.68
632,0.64,0.68
633,0.64,0.68
634,0.64,0.68
635,0.64,0.68
636,0.64,0.68
637,0.64,0.68
638,0.64,0.68
640,0.64,0.68
641,0.64,0.68
642,0.64,0.68
644,0.64,0.68
645,0.64,0.68
646,0.64,0.68
647,0.64,0.68
648,0.65,0.68
649,0.65,0.68
650,0.65,0.68
651,0.65,0.68
652,0.65,0.67
653,0.65,0.67
654,0.65,0.67
655,0.65,0.67
656,0.65,0.67
657,0.65,0.67
658,0.65,0.67
659,0.65,0.67
661,0.65,0.67
662,0.65,0.67
663,0.65,0.67
664,0.65,0.67
665,0.65,0.67
666,0.65,0.67
667,0.65,0.66
668,0.65,0.67
669,0.66,0.67
670,0.66,0.66
671,0.66,0.67
672,0.66,0.66
673,0.66,0.66
674,0.66,0.66
675,0.66,0.66
676,0.66,0.66
678,0.66,0.66
679,0.66,0.66
680,0.66,0.66
681,0.66,0.66
683,0.66,0.66
684,0.66,0.66
685,0.66,0.66
686,0.66,0.65
687,0.67,0.65
688,0.67,0.65
689,0.67,0.65
690,0.67,0.65
691,0.67,0.65
692,0.67,0.65
693,0.67,0.65
694,0.67,0.65
695,0.67,0.65
697,0.67,0.65
698,0.67,0.65
699,0.67,0.65
700,0.67,0.65
701,0.67,0.65
702,0.67,0.65
703,0.67,0.65
704,0.67,0.65
705,0.67,0.65
706,0.67,0.65
707,0.67,0.65
708,0.67,0.65
709,0.67,0.65
710,0.67,0.65
711,0.67,0.65
713,0.67,0.65
714,0.67,0.65
715,0.67,0.64
716,0.67,0.64
717,0.67,0.64
718,0.67,0.64
719,0.67,0.64
720,0.67,0.64
721,0.67,0.64
722,0.67,0.64
723,0.67,0.64
724,0.67,0.64
726,0.67,0.64
727,0.67,0.64
728,0.67,0.64
729,0.67,0.64
731,0.67,0.64
732,0.67,0.64
733,0.67,0.64
734,0.67,0.64
735,0.67,0.64
736,0.67,0.64
737,0.67,0.64
738,0.67,0.64
739,0.67,0.64
740,0.67,0.64
741,0.66,0.64
742,0.67,0.64
743,0.67,0.64
744,0.66,0.64
745,0.66,0.64
746,0.67,0.64
748,0.67,0.64
749,0.67,0.64
750,0.67,0.64
751,0.67,0.64
752,0.67,0.64
753,0.67,0.64
754,0.67,0.64
755,0.67,0.64
756,0.67,0.64
757,0.67,0.64
758,0.67,0.64
759,0.67,0.64
760,0.67,0.64
761,0.67,0.64
762,0.67,0.64
764,0.67,0.64
765,0.67,0.64
766,0.67,0.64
768,0.67,0.64
769,0.67,0.64
770,0.67,0.64
771,0.67,0.64
772,0.67,0.64
773,0.67,0.64
774,0.67,0.64
775,0.67,0.64
776,0.67,0.64
777,0.67,0.64
778,0.67,0.64
779,0.67,0.64
781,0.67,0.64
782,0.67,0.63
783,0.67,0.64
784,0.67,0.64
785,0.67,0.63
786,0.67,0.64
787,0.67,0.63
788,0.67,0.63
789,0.67,0.63
790,0.67,0.63
791,0.67,0.63
792,0.67,0.63
793,0.67,0.63
794,0.67,0.63
795,0.67,0.63
797,0.67,0.63
798,0.67,0.63
799,0.67,0.63
800,0.67,0.63
801,0.67,0.63
802,0.67,0.63
803,0.67,0.63
804,0.68,0.63
805,0.67,0.63
806,0.67,0.63
807,0.67,0.63
808,0.67,0.63
809,0.67,0.63
811,0.67,0.63
812,0.67,0.63
814,0.67,0.63
815,0.67,0.63
816,0.67,0.63
817,0.67,0.63
818,0.67,0.63
819,0.67,0.63
820,0.67,0.63
821,0.67,0.62
822,0.68,0.62
823,0.68,0.62
824,0.67,0.62
825,0.67,0.62
826,0.68,0.62
827,0.68,0.62
828,0.68,0.62
830,0.68,0.62
831,0.68,0.62
832,0.68,0.62
833,0.68,0.62
834,0.68,0.62
835,0.68,0.62
836,0.68,0.62
837,0.68,0.62
838,0.68,0.62
839,0.68,0.62
840,0.68,0.62
841,0.68,0.62
842,0.68,0.62
843,0.68,0.62
844,0.68,0.62
845,0.68,0.62
847,0.68,0.62
848,0.68,0.62
849,0.68,0.62
850,0.67,0.62
851,0.68,0.62
852,0.68,0.62
854,0.68,0.61
855,0.68,0.62
856,0.67,0.61
857,0.68,0.61
858,0.67,0.62
859,0.67,0.61
860,0.67,0.61
861,0.67,0.61
862,0.67,0.61
864,0.67,0.61
865,0.67,0.61
866,0.68,0.61
867,0.68,0.61
868,0.68,0.61
869,0.68,0.61
870,0.68,0.61
871,0.68,0.61
872,0.68,0.61
873,0.68,0.61
874,0.68,0.61
875,0.68,0.61
876,0.68,0.61
877,0.68,0.61
878,0.68,0.61
880,0.68,0.61
881,0.68,0.61
882,0.68,0.60
883,0.68,0.60
884,0.68,0.60
885,0.68,0.60
886,0.68,0.60
887,0.68,0.60
888,0.68,0.60
889,0.68,0.60
890,0.68,0.60
891,0.68,0.60
892,0.68,0.60
893,0.68,0.60
894,0.68,0.60
896,0.68,0.60
897,0.68,0.60
898,0.68,0.60
900,0.68,0.60
901,0.68,0.60
902,0.68,0.60
903,0.68,0.60
904,0.68,0.59
905,0.68,0.59
906,0.68,0.59
907,0.68,0.59
908,0.68,0.59
909,0.68,0.59
910,0.68,0.59
911,0.68,0.59
912,0.68,0.59
913,0.68,0.59
914,0.68,0.59
915,0.68,0.59
916,0.68,0.59
918,0.68,0.59
919,0.68,0.59
920,0.68,0.59
921,0.68,0.59
922,0.68,0.59
923,0.68,0.58
924,0.68,0.58
925,0.68,0.58
926,0.68,0.58
927,0.68,0.58
928,0.68,0.58
929,0.68,0.58
930,0.68,0.58
931,0.68,0.58
932,0.68,0.58
934,0.68,0.58
935,0.68,0.58
936,0.68,0.57
937,0.68,0.57
939,0.68,0.57
940,0.68,0.57
941,0.68,0.57
942,0.68,0.57
943,0.68,0.57
944,0.68,0.57
945,0.68,0.57
946,0.68,0.56
947,0.68,0.56
948,0.68,0.56
949,0.68,0.56
951,0.68,0.56
952,0.68,0.56
953,0.68,0.56
954,0.68,0.56
955,0.68,0.55
956,0.68,0.56
957,0.68,0.55
958,0.68,0.55
959,0.68,0.55
960,0.68,0.55
961,0.68,0.55
962,0.68,0.55
963,0.68,0.55
964,0.68,0.54
965,0.68,0.54
967,0.68,0.54
968,0.68,0.54
969,0.68,0.54
970,0.68,0.54
971,0.68,0.54
972,0.68,0.54
973,0.68,0.53
974,0.68,0.53
975,0.68,0.53
976,0.68,0.53
977,0.68,0.53
978,0.68,0.53
979,0.68,0.53
980,0.68,0.53
982,0.68,0.52
983,0.68,0.52
985,0.68,0.52
986,0.68,0.52
987,0.68,0.52
988,0.68,0.52
989,0.68,0.52
990,0.68,0.51
991,0.68,0.51
992,0.68,0.51
993,0.68,0.51
994,0.68,0.51
995,0.68,0.51
996,0.68,0.51
997,0.68,0.51
998,0.68,0.50
999,0.68,0.50
1000,0.68,0.50
1002,0.68,0.50
1003,0.68,0.50
1004,0.68,0.50
1005,0.68,0.50
1006,0.68,0.50
1007,0.68,0.49
1008,0.68,0.49
1009,0.67,0.49
1010,0.67,0.49
1012,0.67,0.49
1013,0.67,0.49
1014,0.67,0.49
1015,0.67,0.48
1016,0.67,0.48
1017,0.67,0.48
1018,0.67,0.48
1019,0.67,0.48
1020,0.67,0.48
1022,0.67,0.47
1024,0.67,0.47
1025,0.67,0.47
1026,0.67,0.47
1027,0.67,0.47
1028,0.67,0.47
1029,0.67,0.47
1030,0.67,0.46
1031,0.67,0.46
1033,0.67,0.46
1034,0.67,0.46
1035,0.67,0.46
1036,0.67,0.45
1037,0.67,0.45
1038,0.67,0.45
1039,0.67,0.45
1040,0.67,0.44
1041,0.67,0.44
1042,0.67,0.44
1044,0.67,0.44
1045,0.67,0.43
1046,0.67,0.43
1047,0.67,0.43
1048,0.67,0.43
1049,0.67,0.43
1050,0.67,0.42
1051,0.67,0.42
1053,0.67,0.42
1054,0.67,0.41
1055,0.67,0.41
1056,0.67,0.41
1057,0.67,0.41
1058,0.67,0.40
1059,0.67,0.40
1060,0.67,0.40
1061,0.67,0.40
1063,0.67,0.40
1064,0.67,0.40
1065,0.67,0.39
1067,0.67,0.39
1068,0.67,0.39
1069,0.67,0.39
1070,0.67,0.39
1071,0.67,0.39
1072,0.67,0.39
1074,0.67,0.39
1075,0.67,0.39
1076,0.67,0.39
1077,0.67,0.39
1078,0.67,0.39
1079,0.67,0.39
1080,0.67,0.38
1081,0.67,0.38
1083,0.67,0.38
1084,0.67,0.38
1085,0.67,0.38
1086,0.67,0.38
1087,0.67,0.38
1088,0.67,0.38
1089,0.67,0.38
1090,0.67,0.38
1091,0.67,0.38
1093,0.67,0.38
1094,0.67,0.38
1095,0.67,0.38
1096,0.67,0.38
1097,0.67,0.38
1098,0.67,0.38
1099,0.67,0.38
1100,0.67,0.39
1101,0.67,0.38
1103,0.67,0.39
1104,0.67,0.39
1105,0.67,0.39
1106,0.67,0.39
1107,0.67,0.39
1108,0.67,0.39
1110,0.67,0.39
1111,0.67,0.39
1113,0.67,0.39
1114,0.67,0.39
1115,0.67,0.39
1116,0.67,0.39
1117,0.67,0.39
1118,0.67,0.39
1119,0.67,0.39
1120,0.67,0.39
1121,0.67,0.39
1123,0.67,0.39
1124,0.67,0.39
1125,0.67,0.39
1126,0.67,0.39
1127,0.67,0.39
1128,0.67,0.39
1129,0.67,0.39
1130,0.67,0.39
1131,0.67,0.39
1133,0.67,0.39
1134,0.67,0.39
1135,0.67,0.39
1136,0.67,0.39
1137,0.67,0.39
1138,0.67,0.39
1139,0.67,0.40
1140,0.67,0.40
1141,0.67,0.40
1143,0.67,0.40
1144,0.67,0.40
1145,0.67,0.40
1146,0.67,0.40
1147,0.67,0.40
1148,0.67,0.40
1149,0.67,0.40
1150,0.67,0.40
1152,0.67,0.40
1154,0.67,0.40
1155,0.67,0.40
1156,0.67,0.40
1157,0.67,0.41
1158,0.67,0.41
1159,0.67,0.41
1160,0.67,0.41
1161,0.67,0.41
1162,0.67,0.41
1164,0.67,0.41
1165,0.67,0.41
1166,0.67,0.41
1167,0.67,0.41
1168,0.67,0.41
1169,0.67,0.41
1170,0.67,0.41
1171,0.67,0.41
1173,0.67,0.41
1174,0.67,0.41
1175,0.67,0.41
1176,0.67,0.42
1177,0.67,0.42
1178,0.67,0.42
1179,0.67,0.42
1180,0.67,0.42
1181,0.67,0.42
1183,0.67,0.42
1184,0.67,0.42
1185,0.67,0.42
1186,0.67,0.42
1187,0.67,0.42
1188,0.67,0.42
1189,0.67,0.42
1190,0.67,0.42
1191,0.67,0.42
1193,0.67,0.42
1195,0.67,0.43
1196,0.67,0.43
1197,0.67,0.43
1198,0.67,0.43
1199,0.67,0.43
1200,0.67,0.43
1201,0.67,0.43
1203,0.67,0.43
1204,0.67,0.43
1205,0.67,0.43
1206,0.67,0.43
1207,0.67,0.43
1208,0.67,0.43
1209,0.67,0.43
1210,0.67,0.44
1211,0.67,0.44
1213,0.67,0.44
1214,0.67,0.44
1215,0.67,0.44
1216,0.67,0.44
1217,0.67,0.45
1218,0.67,0.45
1219,0.67,0.45
1220,0.67,0.45
1221,0.67,0.45
1223,0.67,0.45
1224,0.67,0.46
1225,0.67,0.46
1226,0.67,0.46
1227,0.67,0.46
1228,0.67,0.47
1229,0.67,0.47
1230,0.67,0.47
1231,0.67,0.47
1233,0.67,0.48
1234,0.67,0.48
1235,0.67,0.48
1236,0.67,0.48
1238,0.67,0.48
1239,0.67,0.48
1240,0.67,0.49
1241,0.67,0.49
1242,0.67,0.49
1244,0.67,0.50
1245,0.67,0.50
1246,0.67,0.50
1247,0.67,0.51
1248,0.67,0.51
1249,0.67,0.51
1250,0.67,0.51
1251,0.67,0.51
1252,0.67,0.52
1254,0.67,0.52
1255,0.67,0.52
1256,0.67,0.52
1257,0.67,0.52
1258,0.67,0.53
1259,0.67,0.53
1260,0.67,0.53
1261,0.67,0.53
1262,0.67,0.54
1264,0.67,0.54
1265,0.67,0.54
1266,0.67,0.54
1267,0.67,0.54
1268,0.67,0.55
1269,0.67,0.55
1270,0.67,0.55
1271,0.67,0.55
1272,0.67,0.55
1274,0.67,0.56
1275,0.67,0.56
1276,0.67,0.56
1277,0.67,0.56
1278,0.67,0.57
1280,0.67,0.57
1281,0.67,0.57
1282,0.67,0.57
1284,0.67,0.58
1285,0.67,0.58
1286,0.67,0.58
1287,0.67,0.58
1288,0.67,0.58
1289,0.67,0.59
1290,0.67,0.59
1291,0.67,0.59
1292,0.67,0.59
1294,0.67,0.59
1295,0.67,0.60
1296,0.67,0.60
1297,0.67,0.60
1298,0.67,0.60
1299,0.67,0.60
1300,0.67,0.60
1301,0.67,0.61
1302,0.67,0.61
1304,0.67,0.61
1305,0.67,0.61
1306,0.67,0.61
1307,0.67,0.62
1308,0.67,0.62
1309,0.67,0.62
1310,0.67,0.62
1311,0.67,0.62
1312,0.67,0.63
1314,0.67,0.63
1315,0.67,0.63
1316,0.67,0.63
1317,0.67,0.63
1318,0.67,0.63
1319,0.67,0.63
1320,0.67,0.63
1321,0.67,0.64
1324,0.67,0.64
1325,0.67,0.64
1326,0.67,0.64
1327,0.67,0.64
1328,0.67,0.65
1329,0.67,0.65
1330,0.67,0.65
1331,0.67,0.65
1332,0.67,0.65
1334,0.67,0.65
1335,0.67,0.65
1336,0.67,0.65
1337,0.67,0.65
1338,0.67,0.65
1339,0.67,0.65
1340,0.67,0.66
1341,0.67,0.66
1342,0.67,0.66
1344,0.67,0.66
1345,0.67,0.66
1346,0.67,0.66
1347,0.67,0.66
1348,0.67,0.66
1349,0.67,0.66
1350,0.67,0.66
1351,0.67,0.66
1352,0.67,0.67
1354,0.67,0.67
1355,0.67,0.67
1356,0.67,0.67
1357,0.67,0.67
1358,0.67,0.67
1359,0.67,0.67
1360,0.67,0.67
1361,0.67,0.67
1362,0.67,0.67
1364,0.67,0.67
1366,0.67,0.67
1367,0.67,0.67
1368,0.67,0.68
1369,0.67,0.68
1370,0.67,0.68
1371,0.67,0.68
1372,0.67,0.68
1373,0.67,0.68
1375,0.67,0.68
1376,0.67,0.68
1377,0.67,0.68
1378,0.67,0.68
1379,0.67,0.68
1380,0.67,0.68
1381,0.67,0.68
1382,0.67,0.68
1383,0.67,0.68
1385,0.67,0.69
1386,0.67,0.69
1387,0.67,0.69
1388,0.67,0.69
1389,0.67,0.69
1390,0.67,0.69
1391,0.67,0.69
1392,0.67,0.69
1393,0.67,0.69
1395,0.67,0.69
1396,0.67,0.69
1397,0.67,0.69
1398,0.67,0.69
1399,0.67,0.69
1400,0.67,0.69
1401,0.67,0.69
1402,0.67,0.69
1403,0.67,0.69
1405,0.67,0.69
1406,0.67,0.69
1408,0.67,0.69
1409,0.67,0.69
1410,0.67,0.69
1411,0.67,0.69
1412,0.67,0.69
1413,0.67,0.69
1414,0.67,0.69
1416,0.67,0.69
1417,0.67,0.69
1418,0.67,0.69
1419,0.67,0.69
1420,0.67,0.69
1421,0.67,0.69
1422,0.67,0.69
1423,0.67,0.69
1424,0.67,0.69
1426,0.67,0.69
1427,0.67,0.69
1428,0.67,0.69
1429,0.67,0.69
1430,0.67,0.69
1431,0.67,0.69
1432,0.67,0.69
1433,0.67,0.69
1434,0.67,0.69
1436,0.67,0.69
1437,0.67,0.69
1438,0.67,0.69
1439,0.67,0.69
1440,0.67,0.69
1441,0.67,0.69
1442,0.67,0.69
1443,0.67,0.70
1444,0.67,0.70
1445,0.67,0.70
1447,0.67,0.69
1448,0.67,0.70
1449,0.67,0.69
1451,0.67,0.70
1452,0.67,0.69
1453,0.67,0.70
1454,0.67,0.69
1455,0.67,0.69
1456,0.67,0.69
1458,0.67,0.69
1459,0.67,0.69
1460,0.67,0.69
1461,0.67,0.69
1462,0.67,0.69
1463,0.67,0.69
1464,0.67,0.69
1465,0.67,0.69
1466,0.67,0.69
1468,0.67,0.69
1469,0.67,0.69
1470,0.67,0.69
1471,0.67,0.69
1472,0.67,0.69
1473,0.67,0.69
1474,0.67,0.70
1475,0.67,0.70
1476,0.67,0.70
1478,0.67,0.70
1479,0.67,0.70
1480,0.67,0.69
1481,0.67,0.70
1482,0.67,0.69
1483,0.67,0.69
1484,0.67,0.69
1485,0.67,0.69
1486,0.67,0.69
1488,0.67,0.69
1489,0.67,0.69
1490,0.67,0.69
1491,0.67,0.69
1492,0.67,0.69
1494,0.67,0.70
1495,0.67,0.69
1496,0.67,0.70
1497,0.67,0.70
1499,0.67,0.70
1500,0.67,0.70
1501,0.67,0.69
1502,0.67,0.69
1503,0.67,0.69
1504,0.67,0.69
1505,0.67,0.69
1506,0.67,0.69
1507,0.67,0.69
1509,0.67,0.70
1510,0.67,0.69
1511,0.67,0.69
1512,0.67,0.69
1513,0.67,0.70
1514,0.67,0.69
1515,0.67,0.69
1516,0.67,0.69
1517,0.67,0.69
1518,0.67,0.69
1520,0.67,0.69
1521,0.67,0.69
1522,0.67,0.69
1523,0.67,0.69
1524,0.67,0.69
1525,0.67,0.69
1526,0.67,0.69
1527,0.67,0.69
1528,0.67,0.69
1530,0.67,0.69
1531,0.67,0.69
1532,0.67,0.69
1533,0.67,0.69
1534,0.67,0.69
1536,0.67,0.69
1537,0.67,0.69
1538,0.67,0.69
1539,0.67,0.69
1541,0.67,0.69
1542,0.67,0.69
1543,0.67,0.69
1544,0.67,0.69
1545,0.67,0.69
1546,0.67,0.69
1547,0.67,0.69
1548,0.67,0.69
1549,0.67,0.69
1551,0.67,0.69
1552,0.67,0.69
1553,0.67,0.69
1554,0.67,0.69
1555,0.67,0.69
1556,0.67,0.69
1557,0.67,0.69
1558,0.67,0.69
1559,0.67,0.69
1561,0.67,0.69
1562,0.67,0.69
1563,0.67,0.69
1564,0.67,0.69
1565,0.67,0.69
1566,0.67,0.69
1567,0.67,0.69
1568,0.67,0.69
1569,0.67,0.69
1571,0.67,0.69
1572,0.67,0.69
1573,0.67,0.69
1574,0.67,0.69
1575,0.67,0.69
1576,0.67,0.69
1577,0.67,0.69
1579,0.67,0.69
1580,0.67,0.69
1582,0.67,0.69
1583,0.67,0.69
1584,0.67,0.69
1585,0.67,0.69
1586,0.67,0.69
1587,0.67,0.69
1588,0.67,0.69
1589,0.67,0.69
1590,0.67,0.69
1592,0.67,0.69
1593,0.67,0.69
1594,0.67,0.69
1595,0.67,0.69
1596,0.67,0.69
1597,0.67,0.69
1598,0.67,0.69
1599,0.67,0.69
1600,0.67,0.69
1602,0.67,0.69
1603,0.67,0.69
1604,0.67,0.69
1605,0.67,0.69
1606,0.67,0.69
1607,0.67,0.69
1608,0.67,0.68
1609,0.67,0.69
1610,0.67,0.69
1612,0.67,0.69
1613,0.67,0.69
1614,0.67,0.69
1615,0.67,0.69
1616,0.67,0.69
1617,0.67,0.69
1618,0.67,0.69
1619,0.67,0.68
1620,0.67,0.68
1623,0.67,0.68
1624,0.67,0.68
1625,0.67,0.68
1626,0.67,0.68
1627,0.67,0.68
1628,0.67,0.68
1629,0.67,0.68
1630,0.67,0.68
1631,0.67,0.68
1633,0.67,0.68
1634,0.67,0.68
1635,0.67,0.68
1636,0.67,0.68
1637,0.67,0.68
1638,0.67,0.68
1639,0.67,0.68
1640,0.67,0.68
1641,0.67,0.68
1643,0.67,0.68
1644,0.67,0.68
1645,0.67,0.68
1646,0.67,0.68
1647,0.67,0.68
1648,0.67,0.68
1649,0.67,0.68
1650,0.67,0.68
1651,0.67,0.68
1652,0.67,0.68
1654,0.67,0.68
1655,0.67,0.68
1656,0.67,0.68
1657,0.67,0.68
1658,0.67,0.68
1659,0.67,0.68
1660,0.67,0.68
1661,0.67,0.68
1664,0.67,0.68
1665,0.67,0.67
1666,0.67,0.68
1667,0.67,0.67
1668,0.67,0.67
1669,0.67,0.67
1670,0.67,0.67
1671,0.67,0.67
1672,0.67,0.67
1674,0.67,0.67
1675,0.67,0.67
1676,0.67,0.67
1677,0.67,0.67
1678,0.67,0.67
1679,0.67,0.67
1680,0.67,0.67
1681,0.67,0.67
1682,0.67,0.67
1684,0.67,0.67
1685,0.67,0.67
1686,0.67,0.67
1687,0.67,0.67
1688,0.67,0.67
1689,0.67,0.67
1690,0.67,0.67
1691,0.67,0.67
1692,0.67,0.67
1693,0.67,0.67
1695,0.67,0.67
1696,0.67,0.67
1697,0.67,0.67
1698,0.67,0.67
1699,0.67,0.67
1700,0.67,0.67
1701,0.67,0.67
1702,0.67,0.67
1703,0.67,0.67
1705,0.67,0.67
1707,0.67,0.67
1708,0.67,0.68
1709,0.67,0.68
1710,0.67,0.68
1711,0.67,0.68
1712,0.67,0.68
1713,0.67,0.68
1714,0.67,0.69
1716,0.67,0.69
1717,0.67,0.69
1718,0.68,0.69
1719,0.68,0.69
1720,0.68,0.69
1721,0.68,0.69
1722,0.68,0.69
1723,0.68,0.69
1725,0.67,0.69
1726,0.67,0.69
1727,0.68,0.69
1728,0.68,0.69
1729,0.68,0.69
1730,0.68,0.69
1731,0.67,0.69
1732,0.68,0.69
1733,0.67,0.69
1735,0.68,0.69
1736,0.68,0.68
1737,0.68,0.68
1738,0.68,0.68
1739,0.67,0.68
1740,0.68,0.68
1741,0.67,0.68
1742,0.67,0.68
1743,0.67,0.68
1745,0.67,0.68
1746,0.67,0.68
1747,0.67,0.67
1748,0.67,0.67
1750,0.67,0.67
1751,0.67,0.67
1752,0.67,0.67
1753,0.67,0.67
1754,0.67,0.67
1756,0.68,0.66
1757,0.67,0.66
1758,0.67,0.66
1759,0.67,0.66
1760,0.67,0.66
1761,0.67,0.66
1762,0.67,0.66
1763,0.67,0.66
1764,0.68,0.65
1766,0.68,0.65
1767,0.67,0.65
1768,0.68,0.65
1769,0.68,0.65
1770,0.68,0.65
1771,0.68,0.65
1772,0.68,0.65
1773,0.68,0.64
1774,0.68,0.64
1776,0.68,0.64
1777,0.68,0.64
1778,0.68,0.64
1779,0.68,0.64
1780,0.68,0.64
1781,0.68,0.63
1782,0.68,0.63
1783,0.68,0.63
1784,0.68,0.63
1786,0.68,0.63
1787,0.68,0.63
1788,0.68,0.63
1789,0.67,0.63
1790,0.67,0.62
1792,0.67,0.62
1793,0.67,0.62
1794,0.68,0.62
1796,0.67,0.62
1797,0.67,0.62
1798,0.67,0.61
1799,0.68,0.61
1800,0.67,0.61
1801,0.68,0.61
1802,0.68,0.61
1803,0.67,0.61
1804,0.68,0.61
1806,0.68,0.61
1807,0.68,0.61
1808,0.67,0.60
1809,0.67,0.60
1810,0.67,0.60
1811,0.67,0.60
1812,0.67,0.60
1813,0.67,0.60
1815,0.67,0.60
1816,0.67,0.60
1817,0.67,0.60
1818,0.68,0.59
1819,0.68,0.59
1820,0.68,0.59
1821,0.68,0.59
1822,0.68,0.59
1823,0.68,0.59
1825,0.68,0.59
1826,0.68,0.59
1827,0.68,0.59
1828,0.68,0.58
1829,0.68,0.58
1830,0.68,0.58
1831,0.68,0.58
1832,0.68,0.58
1833,0.68,0.58
1836,0.68,0.58
1837,0.68,0.58
1838,0.68,0.57
1839,0.68,0.57
1840,0.68,0.57
1841,0.68,0.57
1842,0.68,0.57
1843,0.68,0.57
1844,0.68,0.57
1846,0.68,0.56
1847,0.68,0.56
1848,0.68,0.56
1849,0.68,0.56
1850,0.68,0.56
1851,0.68,0.56
1852,0.68,0.56
1853,0.68,0.56
1854,0.68,0.56
1856,0.68,0.55
1857,0.68,0.55
1858,0.68,0.55
1859,0.68,0.55
1860,0.68,0.55
1861,0.68,0.55
1862,0.68,0.54
1863,0.68,0.54
1865,0.68,0.54
1866,0.68,0.54
1867,0.68,0.53
1868,0.68,0.53
1869,0.68,0.53
1870,0.68,0.52
1871,0.68,0.52
1872,0.68,0.52
1873,0.68,0.52
1875,0.68,0.52
1876,0.68,0.51
1878,0.68,0.51
1879,0.68,0.51
1880,0.68,0.51
1881,0.68,0.50
1882,0.68,0.50
1883,0.68,0.50
1884,0.68,0.50
1886,0.68,0.49
1887,0.68,0.49
1888,0.68,0.49
1889,0.68,0.49
1890,0.68,0.48
1891,0.68,0.48
1892,0.68,0.48
1893,0.68,0.48
1894,0.68,0.47
1896,0.68,0.47
1897,0.68,0.47
1898,0.68,0.47
1899,0.68,0.46
1900,0.68,0.46
1901,0.68,0.46
1902,0.68,0.46
1903,0.68,0.45
1904,0.68,0.45
1906,0.67,0.45
1907,0.68,0.44
1908,0.67,0.44
1909,0.68,0.44
1910,0.68,0.44
1911,0.68,0.44
1912,0.67,0.43
1913,0.67,0.43
1914,0.68,0.43
1916,0.67,0.43
1917,0.68,0.42
1918,0.68,0.42
1920,0.68,0.42
1921,0.68,0.41
1922,0.68,0.41
1923,0.67,0.40
1924,0.68,0.40
1925,0.68,0.40
1927,0.67,0.39
1928,0.68,0.39
1929,0.68,0.39
1930,0.68,0.38
1931,0.67,0.38
1932,0.68,0.37
1933,0.68,0.37
1934,0.68,0.36
1935,0.68,0.35
1937,0.68,0.35
1938,0.68,0.34
1939,0.68,0.34
1940,0.68,0.33
1941,0.68,0.33
1942,0.67,0.32
1943,0.68,0.32
1944,0.67,0.31
1946,0.67,0.31
1947,0.67,0.30
1948,0.67,0.30
1949,0.67,0.29
1950,0.67,0.28
1951,0.67,0.28
1952,0.67,0.27
1953,0.67,0.27
1954,0.67,0.26
1956,0.67,0.26
1957,0.67,0.25
1958,0.67,0.25
1959,0.67,0.25
1960,0.67,0.24
1961,0.67,0.24
1963,0.67,0.23
1964,0.67,0.23
1965,0.67,0.23
1967,0.67,0.22
1968,0.67,0.22
1969,0.67,0.22
1970,0.67,0.22
1971,0.67,0.22
1972,0.67,0.22
1973,0.67,0.22
1974,0.67,0.21
1975,0.67,0.21
1977,0.67,0.21
1978,0.67,0.21
1979,0.67,0.21
1980,0.67,0.21
1981,0.68,0.21
1982,0.67,0.21
1983,0.68,0.21
1984,0.68,0.21
1985,0.68,0.21
1987,0.68,0.21
1988,0.68,0.22
1989,0.68,0.22
1990,0.68,0.22
1991,0.68,0.22
1992,0.68,0.23
1993,0.68,0.24
1994,0.68,0.24
1995,0.68,0.25
1997,0.68,0.25
1998,0.68,0.26
1999,0.68,0.27
2000,0.68,0.27
2001,0.68,0.28
2002,0.69,0.29
2003,0.69,0.30
2004,0.69,0.30
2006,0.69,0.31
2008,0.69,0.32
2009,0.69,0.33
2010,0.69,0.34
2011,0.69,0.35
2012,0.69,0.35
2013,0.69,0.36
2014,0.69,0.37
2015,0.69,0.38
2016,0.70,0.38
2018,0.70,0.39
2019,0.70,0.40
2020,0.70,0.40
2021,0.70,0.41
2022,0.70,0.42
2023,0.70,0.43
2024,0.70,0.43
2025,0.70,0.43
2026,0.70,0.44
2028,0.70,0.45
2029,0.70,0.45
2030,0.70,0.46
2031,0.70,0.46
2032,0.70,0.47
2033,0.70,0.48
2034,0.70,0.48
2035,0.70,0.49
2036,0.70,0.49
2038,0.70,0.50
2039,0.70,0.50
2040,0.70,0.51
2041,0.70,0.51
2042,0.70,0.52
2043,0.70,0.52
2044,0.70,0.52
2045,0.70,0.53
2046,0.70,0.53
2049,0.70,0.53
2050,0.70,0.54
2051,0.70,0.54
2052,0.70,0.54
2053,0.70,0.55
2054,0.70,0.55
2055,0.70,0.55
2056,0.70,0.56
2057,0.70,0.56
2059,0.70,0.56
2060,0.70,0.56
2061,0.70,0.56
2062,0.70,0.57
2063,0.70,0.57
2064,0.70,0.57
2065,0.70,0.57
2066,0.70,0.57
2067,0.70,0.58
2069,0.70,0.58
2070,0.70,0.58
2071,0.70,0.58
2072,0.70,0.58
2073,0.70,0.58
2074,0.70,0.58
2075,0.70,0.59
2076,0.70,0.59
2077,0.70,0.59
2079,0.70,0.59
2080,0.70,0.59
2081,0.70,0.59
2082,0.70,0.59
2083,0.70,0.59
2084,0.70,0.60
2085,0.70,0.60
2086,0.70,0.60
2087,0.70,0.60
2088,0.70,0.60
2091,0.70,0.60
2092,0.70,0.60
2093,0.70,0.60
2094,0.70,0.60
2095,0.70,0.60
2096,0.70,0.60
2097,0.70,0.60
2098,0.70,0.60
2099,0.70,0.61
2100,0.70,0.61
2102,0.70,0.61
2103,0.70,0.61
2104,0.70,0.61
2105,0.70,0.61
2106,0.70,0.61
2107,0.70,0.61
2108,0.70,0.61
2109,0.70,0.61
2111,0.70,0.61
2112,0.70,0.61
2113,0.70,0.61
2114,0.70,0.61
2115,0.70,0.61
2116,0.70,0.61
2117,0.70,0.61
2118,0.70,0.61
2119,0.70,0.61
2121,0.70,0.61
2122,0.70,0.61
2123,0.70,0.61
2124,0.70,0.61
2125,0.70,0.61
2126,0.70,0.61
2127,0.70,0.61
2128,0.70,0.61
2130,0.70,0.61
2131,0.70,0.61
2132,0.70,0.61
2134,0.70,0.61
2135,0.70,0.61
2136,0.70,0.61
2137,0.70,0.61
2138,0.69,0.61
2139,0.70,0.61
2141,0.69,0.61
2142,0.70,0.61
2143,0.69,0.61
2144,0.69,0.61
2145,0.69,0.61
2146,0.69,0.61
2147,0.69,0.61
2148,0.69,0.61
2150,0.70,0.61
2151,0.70,0.61
2152,0.69,0.61
2153,0.69,0.61
2154,0.69,0.61
2155,0.70,0.61
2156,0.70,0.61
2157,0.69,0.61
2158,0.70,0.61
2160,0.69,0.61
2161,0.70,0.61
2162,0.69,0.61
2163,0.70,0.61
2164,0.69,0.61
2165,0.70,0.61
2166,0.70,0.61
2167,0.70,0.61
2168,0.70,0.61
2170,0.70,0.61
2171,0.70,0.61
2172,0.69,0.61
2173,0.69,0.61
2174,0.70,0.61
2176,0.70,0.61
2177,0.69,0.61
2178,0.69,0.61
2179,0.69,0.62
2181,0.69,0.61
2182,0.69,0.62
2183,0.69,0.62
2184,0.70,0.62
2185,0.69,0.62
2186,0.70,0.62
2187,0.69,0.62
2188,0.69,0.62
2189,0.70,0.62
2191,0.69,0.62
2192,0.69,0.62
2193,0.69,0.62
2194,0.69,0.62
2195,0.69,0.62
2196,0.69,0.62
2197,0.69,0.62
2198,0.70,0.62
2200,0.69,0.62
2201,0.69,0.62
2202,0.69,0.62
2203,0.70,0.62
2204,0.69,0.62
2205,0.69,0.62
2206,0.69,0.62
2207,0.70,0.62
2209,0.70,0.62
2210,0.70,0.62
2211,0.70,0.62
2212,0.70,0.62
2213,0.70,0.62
2214,0.70,0.62
2215,0.70,0.62
2216,0.70,0.62
2217,0.70,0.62
2220,0.70,0.62
2221,0.70,0.62
2222,0.70,0.62
2223,0.70,0.62
2224,0.70,0.62
2225,0.70,0.62
2226,0.70,0.62
2227,0.70,0.62
2228,0.70,0.62
2230,0.70,0.62
2231,0.70,0.62
2232,0.70,0.62
2233,0.70,0.62
2234,0.70,0.62
2235,0.70,0.62
2236,0.70,0.62
2237,0.70,0.62
2238,0.70,0.62
2240,0.70,0.62
2241,0.70,0.62
2242,0.70,0.62
2243,0.70,0.62
2244,0.70,0.62
2245,0.70,0.62
2246,0.70,0.62
2247,0.70,0.62
2248,0.70,0.62
2249,0.70,0.62
2251,0.70,0.62
2252,0.70,0.62
2253,0.70,0.63
2254,0.70,0.62
2255,0.70,0.62
2256,0.70,0.62
2257,0.70,0.62
2258,0.70,0.62
2259,0.70,0.62
2262,0.70,0.62
2263,0.70,0.62
2264,0.70,0.62
2265,0.70,0.62
2266,0.70,0.62
2267,0.70,0.62
2268,0.70,0.62
2269,0.70,0.62
2270,0.70,0.62
2272,0.69,0.62
2273,0.69,0.62
2274,0.69,0.62
2275,0.69,0.62
2276,0.69,0.62
2277,0.69,0.62
2278,0.69,0.62
2279,0.69,0.62
2280,0.69,0.62
2282,0.69,0.62
2283,0.69,0.62
2284,0.69,0.62
2285,0.69,0.62
2286,0.70,0.62
2287,0.70,0.62
2288,0.70,0.62
2289,0.70,0.62
2290,0.70,0.62
2292,0.70,0.62
2293,0.70,0.62
2294,0.70,0.62
2295,0.70,0.62
2296,0.70,0.62
2297,0.70,0.62
2298,0.70,0.62
2299,0.70,0.62
2300,0.70,0.62
2302,0.70,0.62
2304,0.70,0.62
2305,0.70,0.62
2306,0.71,0.62
2307,0.71,0.62
2308,0.70,0.62
2309,0.70,0.62
2310,0.71,0.62
2311,0.70,0.62
2313,0.70,0.62
2314,0.71,0.62
2315,0.71,0.61
2316,0.71,0.61
2317,0.71,0.61
2318,0.71,0.61
2319,0.71,0.61
2320,0.71,0.61
2322,0.71,0.61
2323,0.71,0.61
2324,0.71,0.61
2325,0.71,0.61
2326,0.71,0.61
2327,0.70,0.61
2328,0.70,0.61
2329,0.70,0.61
2330,0.70,0.61
2332,0.70,0.61
2333,0.70,0.61
2334,0.70,0.61
2335,0.71,0.61
2336,0.71,0.63
2337,0.73,0.65
2338,0.75,0.66
2339,0.76,0.66
2341,0.77,0.68
2342,0.79,0.71
2343,0.82,0.73
2344,0.83,0.74
2345,0.84,0.75
2347,0.85,0.75
2348,0.85,0.75
2349,0.85,0.75
2350,0.85,0.75
2352,0.85,0.76
2353,0.86,0.78
2354,0.88,0.81
2355,0.91,0.85
2356,0.95,0.89
2357,0.99,0.93
2358,1.04,0.97
2359,1.08,1.01
2360,1.11,1.04
2362,1.14,1.06
2363,1.17,1.08
2364,1.19,1.09
2365,1.21,1.09
2366,1.21,1.09
2367,1.21,1.09
2368,1.22,1.09
2369,1.23,1.11
2371,1.25,1.14
2372,1.28,1.17
2373,1.30,1.20
2374,1.33,1.23
2375,1.36,1.26
2376,1.39,1.28
2377,1.41,1.30
2378,1.42,1.30
2380,1.43,1.31
2381,1.44,1.31
2382,1.44,1.30
2383,1.43,1.30
2384,1.41,1.29
2385,1.41,1.30
2386,1.41,1.30
2387,1.42,1.32
2390,1.44,1.34
2391,1.46,1.36
2392,1.48,1.38
2393,1.49,1.40
2394,1.50,1.41
2395,1.51,1.41
2396,1.51,1.41
2397,1.51,1.40
2399,1.50,1.39
2400,1.48,1.38
2401,1.46,1.36
2402,1.44,1.36
2403,1.44,1.36
2404,1.44,1.37
2405,1.44,1.38
2406,1.45,1.40
2408,1.47,1.41
2409,1.48,1.43
2410,1.49,1.44
2411,1.49,1.44
2412,1.49,1.44
2413,1.48,1.43
2414,1.47,1.41
2415,1.46,1.40
2417,1.44,1.38
2418,1.42,1.37
2419,1.40,1.37
2420,1.40,1.38
2421,1.40,1.39
2422,1.41,1.40
2423,1.42,1.41
2424,1.43,1.43
2426,1.45,1.44
2427,1.45,1.44
2428,1.45,1.44
2429,1.45,1.43
2430,1.45,1.42
2432,1.43,1.41
2433,1.42,1.39
2434,1.39,1.38
2436,1.38,1.38
2437,1.37,1.38
2438,1.37,1.39
2439,1.38,1.40
2440,1.39,1.41
2441,1.41,1.42
2442,1.42,1.44
2443,1.43,1.45
2445,1.44,1.45
2446,1.44,1.44
2447,1.43,1.43
2448,1.43,1.42
2449,1.41,1.41
2450,1.39,1.39
2451,1.38,1.39
2452,1.36,1.39
2454,1.37,1.39
2455,1.37,1.40
2456,1.38,1.41
2457,1.39,1.43
2458,1.41,1.44
2459,1.43,1.45
2460,1.43,1.46
2461,1.43,1.45
2463,1.43,1.45
2464,1.43,1.44
2465,1.42,1.42
2466,1.40,1.41
2467,1.38,1.40
2468,1.37,1.39
2469,1.37,1.40
2470,1.37,1.41
2472,1.38,1.42
2473,1.39,1.43
2475,1.41,1.45
2476,1.42,1.46
2477,1.43,1.47
2478,1.44,1.46
2479,1.44,1.46
2480,1.44,1.45
2482,1.43,1.44
2483,1.41,1.42
2484,1.39,1.41
2485,1.38,1.40
2486,1.37,1.41
2487,1.37,1.41
2488,1.38,1.42
2490,1.39,1.43
2491,1.40,1.45
2492,1.42,1.46
2493,1.43,1.47
2494,1.44,1.47
2495,1.44,1.47
2496,1.44,1.46
2497,1.43,1.45
2499,1.42,1.44
2500,1.40,1.42
2501,1.38,1.41
2502,1.37,1.41
2503,1.37,1.41
2504,1.38,1.42
2505,1.38,1.44
2506,1.40,1.45
2508,1.41,1.46
2509,1.43,1.47
2510,1.44,1.48
2511,1.44,1.47
2512,1.44,1.47
2513,1.44,1.46
2514,1.43,1.45
2515,1.41,1.43
2518,1.39,1.42
2519,1.38,1.41
2520,1.37,1.42
2521,1.37,1.42
2522,1.38,1.43
2523,1.39,1.45
2524,1.41,1.46
2526,1.42,1.47
2527,1.43,1.48
2528,1.44,1.48
2529,1.44,1.47
2530,1.44,1.47
2531,1.43,1.46
2532,1.42,1.44
2533,1.40,1.43
2535,1.38,1.42
2536,1.37,1.42
2537,1.37,1.42
2538,1.38,1.43
2539,1.39,1.44
2540,1.40,1.46
2541,1.41,1.47
2542,1.43,1.48
2544,1.44,1.48
2545,1.44,1.48
2546,1.44,1.47
2547,1.43,1.46
2548,1.42,1.45
2549,1.41,1.44
2550,1.39,1.42
2551,1.37,1.42
2553,1.37,1.42
2554,1.37,1.43
2555,1.38,1.44
2556,1.39,1.45
2557,1.41,1.47
2558,1.42,1.48
2560,1.44,1.48
2561,1.44,1.48
2563,1.44,1.48
2564,1.44,1.47
2565,1.43,1.46
2566,1.41,1.44
2567,1.40,1.43
2568,1.38,1.42
2569,1.37,1.42
2570,1.37,1.43
2572,1.38,1.44
2573,1.39,1.45
2574,1.40,1.46
2575,1.42,1.47
2576,1.43,1.48
2577,1.44,1.49
2578,1.44,1.48
2580,1.44,1.47
2581,1.43,1.46
2582,1.42,1.45
2583,1.40,1.44
2584,1.38,1.43
2585,1.37,1.42
2586,1.37,1.43
2587,1.37,1.44
2589,1.38,1.45
2590,1.39,1.46
2591,1.41,1.47
2592,1.42,1.48
2593,1.44,1.49
2594,1.44,1.49
2595,1.44,1.48
2596,1.43,1.47
2598,1.42,1.46
2599,1.41,1.45
2600,1.39,1.43
2601,1.37,1.43
2603,1.37,1.43
2604,1.37,1.44
2605,1.38,1.45
2606,1.39,1.46
2608,1.40,1.47
2609,1.42,1.48
2610,1.43,1.49
2611,1.43,1.49
2612,1.44,1.49
2613,1.43,1.48
2614,1.43,1.46
2616,1.41,1.45
2617,1.40,1.44
2618,1.38,1.43
2619,1.37,1.43
2620,1.37,1.44
2621,1.37,1.44
2622,1.38,1.45
2623,1.40,1.46
2625,1.41,1.48
2626,1.43,1.49
2627,1.43,1.49
2628,1.43,1.49
2629,1.43,1.48
2630,1.43,1.47
2631,1.42,1.46
2632,1.40,1.45
2634,1.38,1.43
2635,1.37,1.43
2636,1.36,1.43
2637,1.37,1.44
2638,1.38,1.45
2639,1.39,1.46
2640,1.40,1.47
2641,1.42,1.48
2643,1.43,1.49
2644,1.43,1.49
2646,1.43,1.48
2647,1.43,1.48
2648,1.42,1.47
2649,1.41,1.45
2650,1.39,1.44
2652,1.37,1.43
2653,1.36,1.43
2654,1.36,1.44
2655,1.37,1.45
2656,1.38,1.45
2657,1.40,1.47
2658,1.41,1.48
2659,1.43,1.49
2661,1.43,1.49
2662,1.43,1.49
2663,1.43,1.48
2664,1.43,1.47
2665,1.41,1.46
2666,1.40,1.45
2667,1.38,1.43
2668,1.36,1.43
2670,1.36,1.44
2671,1.37,1.44
2672,1.38,1.45
2673,1.39,1.47
2674,1.40,1.48
2675,1.42,1.49
2676,1.43,1.49
2677,1.43,1.49
2679,1.43,1.48
2680,1.43,1.48
2681,1.42,1.46
2682,1.40,1.45
2683,1.39,1.44
2684,1.37,1.43
2685,1.36,1.44
2686,1.36,1.44
2689,1.37,1.45
2690,1.38,1.46
2691,1.40,1.47
2692,1.41,1.48
2693,1.42,1.49
2694,1.43,1.49
2695,1.43,1.49
2696,1.43,1.48
2698,1.43,1.47
2699,1.41,1.46
2700,1.39,1.44
2701,1.38,1.44
2702,1.36,1.43
2703,1.36,1.44
2704,1.37,1.45
2706,1.38,1.45
2707,1.39,1.47
2708,1.40,1.48
2709,1.42,1.49
2710,1.43,1.49
2711,1.43,1.49
2712,1.43,1.48
2713,1.43,1.48
2715,1.42,1.46
2716,1.40,1.45
2717,1.38,1.44
2718,1.36,1.43
2719,1.36,1.44
2720,1.36,1.44
2721,1.37,1.45
2722,1.38,1.46
2724,1.40,1.48
2725,1.41,1.49
2726,1.43,1.49
2727,1.43,1.49
2728,1.43,1.49
2729,1.43,1.48
2731,1.42,1.47
2732,1.41,1.46
2734,1.39,1.44
2735,1.37,1.44
2736,1.36,1.44
2737,1.36,1.44
2738,1.37,1.45
2739,1.38,1.46
2740,1.39,1.47
2742,1.41,1.48
2743,1.42,1.49
2744,1.43,1.49
2745,1.43,1.49
2746,1.43,1.48
2747,1.43,1.47
2748,1.41,1.46
2749,1.40,1.45
2751,1.38,1.43
2752,1.36,1.43
2753,1.36,1.44
2754,1.36,1.45
2755,1.37,1.46
2756,1.38,1.47
2757,1.40,1.48
2758,1.42,1.49
2760,1.43,1.49
2761,1.43,1.49
2762,1.43,1.49
2763,1.43,1.48
2764,1.42,1.47
2765,1.40,1.46
2766,1.39,1.44
2767,1.37,1.43
2769,1.36,1.44
2770,1.36,1.44
2771,1.37,1.45
2772,1.38,1.46
2774,1.39,1.47
2775,1.41,1.49
2776,1.42,1.49
2777,1.43,1.49
2779,1.43,1.49
2780,1.43,1.48
2781,1.42,1.47
2782,1.41,1.46
2783,1.39,1.45
2784,1.37,1.44
2785,1.36,1.43
2787,1.36,1.44
2788,1.36,1.45
2789,1.37,1.46
2790,1.39,1.47
2791,1.40,1.48
2792,1.42,1.49
2793,1.43,1.49
2794,1.43,1.49
2796,1.43,1.48
2797,1.42,1.48
2798,1.41,1.47
2799,1.40,1.45
2800,1.38,1.44
2801,1.36,1.44
2802,1.36,1.44
2803,1.36,1.45
2805,1.37,1.45
2806,1.38,1.46
2807,1.39,1.48
2808,1.41,1.49
2809,1.42,1.49
2810,1.43,1.49
2811,1.43,1.49
2812,1.43,1.48
2814,1.42,1.47
2816,1.41,1.46
2817,1.39,1.45
2818,1.37,1.43
2819,1.36,1.43
2820,1.36,1.44
2821,1.36,1.45
2822,1.37,1.46
2824,1.39,1.47
2825,1.40,1.48
2826,1.42,1.49
2827,1.43,1.49
2828,1.43,1.49
2829,1.43,1.49
2830,1.42,1.48
2832,1.41,1.46
2833,1.39,1.45
2834,1.38,1.44
2835,1.36,1.44
2836,1.35,1.44
2837,1.36,1.45
2838,1.37,1.46
2839,1.38,1.47
2841,1.40,1.48
2842,1.41,1.49
2843,1.42,1.49
2844,1.43,1.49
2845,1.43,1.49
2846,1.42,1.48
2847,1.41,1.47
2848,1.40,1.45
2850,1.38,1.44
2851,1.36,1.44
2852,1.35,1.44
2853,1.36,1.44
2854,1.36,1.45
2855,1.37,1.46
2856,1.39,1.47
2859,1.40,1.49
2860,1.42,1.49
2861,1.42,1.50
2862,1.43,1.49
2863,1.42,1.48
2864,1.42,1.47
2865,1.41,1.46
2866,1.39,1.45
2868,1.37,1.44
2869,1.35,1.43
2870,1.35,1.44
2871,1.36,1.45
2872,1.37,1.46
2873,1.38,1.47
2874,1.40,1.48
2875,1.41,1.49
2877,1.42,1.50
2878,1.42,1.49
2879,1.42,1.49
2880,1.42,1.48
2881,1.41,1.47
2882,1.39,1.45
2883,1.38,1.44
2884,1.36,1.44
2886,1.35,1.44
2887,1.35,1.44
2888,1.36,1.45
2889,1.37,1.46
2890,1.39,1.48
2891,1.40,1.49
2892,1.42,1.49
2894,1.42,1.49
2895,1.42,1.49
2896,1.42,1.48
2897,1.42,1.47
2898,1.40,1.46
2899,1.38,1.44
2900,1.36,1.44
2902,1.35,1.44
2904,1.35,1.44
2905,1.36,1.45
2906,1.37,1.46
2907,1.38,1.47
2908,1.40,1.48
2909,1.41,1.49
2910,1.42,1.49
2911,1.42,1.49
2913,1.42,1.49
2914,1.42,1.48
2915,1.41,1.47
2916,1.39,1.45
2917,1.37,1.44
2918,1.35,1.43
2919,1.35,1.44
2920,1.35,1.45
2922,1.36,1.46
2923,1.38,1.47
2924,1.39,1.48
2925,1.41,1.49
2926,1.42,1.49
2927,1.42,1.49
2928,1.42,1.49
2930,1.42,1.48
2931,1.41,1.47
2932,1.40,1.46
2933,1.38,1.44
2934,1.36,1.44
2935,1.35,1.44
2936,1.35,1.44
2937,1.36,1.45
2939,1.37,1.46
2940,1.38,1.47
2941,1.40,1.48
2942,1.41,1.49
2944,1.42,1.49
2945,1.42,1.49
2946,1.42,1.48
2947,1.41,1.47
2949,1.40,1.46
2950,1.39,1.45
2951,1.36,1.44
2952,1.35,1.43
2953,1.35,1.44
2954,1.35,1.45
2955,1.36,1.46
2956,1.38,1.47
2958,1.39,1.48
2959,1.41,1.49
2960,1.42,1.49
2961,1.42,1.49
2962,1.42,1.49
2963,1.42,1.48
2964,1.41,1.46
2966,1.39,1.45
2967,1.37,1.44
2968,1.35,1.43
2969,1.35,1.44
2970,1.35,1.44
2971,1.36,1.45
2972,1.37,1.46
2973,1.38,1.47
2975,1.40,1.49
2976,1.41,1.49
2977,1.42,1.49
2978,1.42,1.49
2979,1.42,1.48
2980,1.41,1.47
2981,1.40,1.46
2982,1.38,1.44
2984,1.36,1.43
2985,1.35,1.43
2987,1.35,1.44
2988,1.35,1.45
2989,1.36,1.46
2990,1.38,1.47
2991,1.39,1.48
2992,1.41,1.49
2994,1.42,1.49
2995,1.42,1.49
2996,1.42,1.48
2997,1.41,1.47
2998,1.40,1.46
2999,1.39,1.45
3000,1.37,1.43
3001,1.35,1.43
3003,1.35,1.44
3004,1.35,1.45
3005,1.36,1.45
3006,1.37,1.46
3007,1.39,1.48
3008,1.40,1.49
3009,1.41,1.49
3011,1.42,1.49
3012,1.42,1.49
3013,1.42,1.48
3014,1.41,1.47
3015,1.39,1.46
3016,1.37,1.44
3017,1.35,1.43
3018,1.34,1.43
3020,1.35,1.44
3021,1.35,1.45
3022,1.37,1.46
3023,1.38,1.47
3024,1.40,1.48
3025,1.41,1.49
3026,1.42,1.49
3027,1.42,1.49
3030,1.42,1.48
3031,1.41,1.47
3032,1.40,1.46
3033,1.38,1.45
3034,1.36,1.43
3035,1.35,1.43
3036,1.34,1.44
3038,1.35,1.45
3039,1.36,1.45
3040,1.37,1.46
3041,1.39,1.48
3042,1.40,1.49
3043,1.41,1.49
3044,1.42,1.49
3045,1.42,1.48
3047,1.41,1.48
3048,1.40,1.47
3049,1.39,1.45
3050,1.37,1.44
3051,1.35,1.43
3052,1.34,1.44
3053,1.34,1.44
3054,1.35,1.45
3056,1.37,1.46
3057,1.38,1.47
3058,1.40,1.49
3059,1.41,1.49
3060,1.42,1.49
3061,1.42,1.49
3062,1.41,1.48
3063,1.41,1.47
3065,1.39,1.46
3066,1.38,1.44
3067,1.36,1.43
3068,1.34,1.43
3069,1.34,1.44
3070,1.35,1.45
3072,1.36,1.46
3074,1.37,1.47
3075,1.39,1.48
3076,1.41,1.49
3077,1.41,1.49
3078,1.41,1.49
3079,1.41,1.48
3080,1.41,1.47
3081,1.40,1.46
3083,1.38,1.45
3084,1.36,1.44
3085,1.35,1.43
3086,1.34,1.44
3087,1.34,1.44
3088,1.36,1.45
3089,1.37,1.46
3090,1.38,1.48
3092,1.40,1.49
3093,1.41,1.49
3094,1.41,1.49
3095,1.41,1.49
3096,1.41,1.48
3097,1.40,1.47
3098,1.39,1.45
3100,1.37,1.44
3101,1.35,1.43
3102,1.34,1.43
3103,1.34,1.44
3104,1.35,1.45
3105,1.36,1.46
3106,1.37,1.48
3107,1.39,1.48
3109,1.41,1.49
3110,1.41,1.49
3111,1.41,1.49
3112,1.41,1.48
3113,1.41,1.47
3115,1.39,1.46
3116,1.38,1.45
3117,1.36,1.43
3119,1.34,1.43
3120,1.34,1.44
3121,1.35,1.44
3122,1.36,1.45
3123,1.37,1.47
3124,1.38,1.48
3125,1.40,1.49
3127,1.41,1.49
3128,1.41,1.49
3129,1.41,1.48
3130,1.41,1.48
3131,1.40,1.46
3132,1.38,1.45
3133,1.36,1.44
3134,1.35,1.43
3136,1.34,1.44
3137,1.34,1.44
3138,1.35,1.45
3139,1.36,1.46
3140,1.38,1.47
3141,1.39,1.49
3142,1.41,1.49
3143,1.41,1.49
3145,1.41,1.49
3146,1.41,1.48
3147,1.40,1.47
3148,1.39,1.46
3149,1.37,1.44
3150,1.35,1.44
3151,1.34,1.44
3153,1.34,1.44
3154,1.35,1.45
3155,1.36,1.46
3156,1.37,1.47
3158,1.39,1.48
3159,1.41,1.49
3160,1.41,1.50
3161,1.41,1.49
3163,1.41,1.48
3164,1.41,1.47
3165,1.40,1.46
3166,1.38,1.45
3167,1.36,1.43
3168,1.34,1.44
3169,1.34,1.44
3170,1.34,1.45
3172,1.35,1.45
3173,1.37,1.46
3174,1.38,1.48
3175,1.40,1.49
3176,1.41,1.49
3177,1.41,1.49
3178,1.41,1.49
3180,1.41,1.48
3181,1.40,1.47
3182,1.39,1.45
3183,1.37,1.44
3184,1.35,1.43
3185,1.34,1.43
3186,1.34,1.44
3187,1.35,1.45
3189,1.36,1.46
3190,1.38,1.47
3191,1.39,1.49
3192,1.41,1.49
3193,1.41,1.49
3194,1.41,1.49
3195,1.41,1.48
3196,1.41,1.47
3198,1.39,1.46
3200,1.38,1.45
3201,1.36,1.44
3202,1.34,1.43
3203,1.34,1.44
3204,1.35,1.45
3205,1.36,1.46
3207,1.37,1.47
3208,1.39,1.48
3209,1.41,1.49
3210,1.41,1.49
3211,1.41,1.49
3212,1.41,1.49
3213,1.41,1.48
3214,1.40,1.46
3216,1.38,1.45
3217,1.36,1.44
3218,1.35,1.44
3219,1.34,1.44
3220,1.34,1.44
3221,1.35,1.46
3222,1.37,1.47
3223,1.38,1.48
3225,1.40,1.49
3226,1.41,1.50
3227,1.41,1.49
3228,1.42,1.49
3229,1.41,1.48
3230,1.41,1.47
3231,1.39,1.46
3232,1.37,1.44
3234,1.35,1.44
3235,1.34,1.44
3236,1.34,1.44
3237,1.35,1.45
3238,1.36,1.46
3239,1.38,1.47
3240,1.39,1.48
3243,1.41,1.49
3244,1.41,1.50
3245,1.42,1.49
3246,1.42,1.49
3247,1.41,1.48
3248,1.40,1.46
3249,1.38,1.45
3250,1.36,1.44
3252,1.35,1.43
3253,1.34,1.44
3254,1.35,1.45
3255,1.36,1.46
3256,1.37,1.47
3257,1.39,1.48
3258,1.40,1.49
3259,1.41,1.49
3261,1.42,1.49
3262,1.42,1.49
3263,1.41,1.48
3264,1.40,1.47
3265,1.39,1.46
3266,1.37,1.44
3267,1.35,1.44
3268,1.34,1.44
3270,1.34,1.45
3271,1.35,1.45
3272,1.37,1.46
3273,1.38,1.48
3274,1.39,1.49
3275,1.41,1.50
3276,1.42,1.50
3278,1.42,1.49
3279,1.42,1.48
3280,1.41,1.47
3281,1.40,1.46
3282,1.38,1.45
3283,1.36,1.44
3284,1.35,1.44
3286,1.34,1.44
3288,1.35,1.45
3289,1.36,1.46
3290,1.37,1.47
3291,1.39,1.48
3292,1.41,1.49
3293,1.41,1.50
3294,1.41,1.49
3295,1.42,1.49
3297,1.41,1.48
3298,1.40,1.47
3299,1.39,1.45
3300,1.37,1.44
3301,1.35,1.44
3302,1.34,1.44
3303,1.35,1.45
3304,1.36,1.45
3306,1.37,1.47
3307,1.38,1.48
3308,1.40,1.49
3309,1.41,1.49
3310,1.42,1.49
3311,1.42,1.49
3312,1.41,1.48
3314,1.41,1.47
3315,1.39,1.46
3316,1.37,1.44
3317,1.35,1.44
3318,1.34,1.44
3319,1.34,1.44
3320,1.35,1.45
3321,1.36,1.46
3323,1.38,1.47
3324,1.39,1.48
3325,1.41,1.49
3326,1.41,1.50
3328,1.41,1.49
3329,1.41,1.48
3330,1.41,1.48
3331,1.40,1.46
3333,1.38,1.45
3334,1.36,1.44
3335,1.35,1.43
3336,1.34,1.44
3337,1.35,1.45
3338,1.36,1.46
3339,1.37,1.47
3340,1.38,1.48
3342,1.40,1.49
3343,1.41,1.50
3344,1.41,1.49
3345,1.41,1.49
3346,1.41,1.48
3347,1.40,1.47
3348,1.39,1.46
3350,1.37,1.44
3351,1.35,1.44
3352,1.34,1.44
3353,1.34,1.44
3354,1.35,1.45
3355,1.36,1.46
3356,1.38,1.47
3357,1.39,1.49
3359,1.41,1.49
3360,1.41,1.49
3361,1.42,1.49
3362,1.41,1.48
3363,1.41,1.47
3364,1.39,1.47
3365,1.38,1.45
3366,1.36,1.44
3368,1.34,1.44
3369,1.34,1.44
3371,1.35,1.45
3372,1.36,1.46
3373,1.37,1.47
3374,1.39,1.48
3375,1.40,1.49
3376,1.41,1.50
3378,1.41,1.49
3379,1.41,1.49
3380,1.41,1.48
3381,1.40,1.47
3382,1.38,1.45
3383,1.36,1.44
3384,1.35,1.43
3386,1.34,1.44
3387,1.34,1.45
3388,1.35,1.45
3389,1.37,1.46
3390,1.38,1.48
3391,1.40,1.49
3392,1.41,1.49
3393,1.41,1.49
3395,1.41,1.49
3396,1.41,1.48
3397,1.40,1.47
3398,1.39,1.46
3399,1.37,1.45
3400,1.35,1.43
3401,1.34,1.44
3402,1.34,1.44
3404,1.35,1.45
3405,1.36,1.46
3406,1.37,1.47
3407,1.39,1.48
3408,1.41,1.49
3409,1.41,1.49
3410,1.41,1.49
3411,1.41,1.49
3414,1.41,1.48
3415,1.40,1.46
3416,1.38,1.45
3417,1.36,1.44
3418,1.34,1.43
3419,1.34,1.44
3420,1.34,1.45
3421,1.35,1.46
3423,1.37,1.47
3424,1.38,1.48
3425,1.40,1.49
3426,1.41,1.49
3427,1.41,1.49
3428,1.41,1.49
3429,1.41,1.48
3431,1.40,1.47
3432,1.39,1.46
3433,1.37,1.44
3434,1.35,1.44
3435,1.34,1.44
3436,1.34,1.44
3437,1.35,1.45
3438,1.36,1.46
3440,1.38,1.47
3441,1.39,1.49
3442,1.41,1.49
3443,1.41,1.49
3444,1.41,1.49
3445,1.41,1.48
3446,1.41,1.47
3447,1.39,1.46
3449,1.38,1.45
3450,1.35,1.44
3451,1.34,1.43
3452,1.34,1.44
3453,1.34,1.45
3454,1.36,1.46
3456,1.37,1.47
3457,1.39,1.48
3459,1.40,1.49
3460,1.41,1.50
3461,1.41,1.49
3462,1.41,1.49
3463,1.41,1.47
3464,1.40,1.47
3465,1.38,1.45
3467,1.36,1.44
3468,1.35,1.44
3469,1.34,1.44
3470,1.34,1.45
3471,1.35,1.46
3472,1.36,1.46
3473,1.38,1.48
3474,1.40,1.49
3476,1.41,1.49
3477,1.41,1.49
3478,1.41,1.49
3479,1.41,1.48
3480,1.40,1.47
3481,1.39,1.46
3482,1.37,1.45
3483,1.35,1.44
3485,1.34,1.44
3486,1.34,1.44
3487,1.35,1.45
3488,1.36,1.46
3489,1.37,1.47
3490,1.39,1.48
3491,1.41,1.49
3493,1.41,1.49
3494,1.41,1.49
3495,1.41,1.48
3496,1.41,1.47
3497,1.40,1.46
3499,1.38,1.45
3500,1.36,1.44
3501,1.34,1.44
3503,1.34,1.44
3504,1.34,1.44
3505,1.35,1.45
3506,1.37,1.47
3507,1.38,1.48
3508,1.40,1.49
3509,1.41,1.49
3510,1.41,1.50
3512,1.41,1.49
3513,1.41,1.48
3514,1.40,1.47
3515,1.39,1.46
3516,1.37,1.44
3517,1.35,1.44
3518,1.34,1.44
3519,1.34,1.44
3521,1.35,1.45
3522,1.36,1.46
3523,1.38,1.47
3524,1.39,1.49
3525,1.41,1.49
3526,1.41,1.49
3527,1.41,1.49
3528,1.41,1.48
3530,1.41,1.47
3531,1.39,1.46
3532,1.38,1.45
3533,1.36,1.44
3534,1.34,1.44
3535,1.34,1.44
3536,1.35,1.45
3537,1.36,1.46
3539,1.37,1.47
3540,1.39,1.48
3542,1.40,1.49
3543,1.41,1.50
3544,1.41,1.49
3545,1.41,1.49
3546,1.41,1.48
3547,1.40,1.47
3549,1.39,1.45
3550,1.37,1.44
3551,1.35,1.44
3552,1.34,1.44
3553,1.34,1.45
3554,1.35,1.46
3555,1.37,1.46
3557,1.38,1.48
3558,1.40,1.49
3559,1.41,1.50
3560,1.41,1.50
3561,1.41,1.49
3562,1.41,1.48
3563,1.41,1.47
3564,1.39,1.46
3566,1.38,1.45
3567,1.36,1.44
3568,1.34,1.44
3569,1.34,1.44
3570,1.35,1.45
3571,1.36,1.46
3572,1.37,1.47
3573,1.39,1.48
3575,1.41,1.49
3576,1.41,1.50
3577,1.41,1.49
3578,1.41,1.49
3579,1.41,1.48
3580,1.40,1.47
3581,1.38,1.45
3582,1.36,1.44
3585,1.35,1.44
3586,1.34,1.44
3587,1.35,1.45
3588,1.36,1.46
3589,1.37,1.47
3590,1.38,1.48
3591,1.40,1.49
3593,1.41,1.50
3594,1.42,1.50
3595,1.42,1.49
3596,1.41,1.48
3597,1.41,1.47
3598,1.39,1.46
3599,1.37,1.45
3600,1.35,1.44
3602,1.34,1.44
3603,1.35,1.45
3604,1.35,1.46
3605,1.36,1.47
3606,1.38,1.48
3607,1.39,1.49
3608,1.41,1.50
3609,1.42,1.50
3611,1.42,1.49
3612,1.42,1.49
3613,1.41,1.48
3614,1.40,1.47
3615,1.38,1.45
3616,1.36,1.44
3617,1.35,1.44
3618,1.34,1.44
3620,1.35,1.45
3621,1.36,1.46
3622,1.37,1.48
3623,1.39,1.48
3624,1.40,1.50
3625,1.41,1.50
3627,1.42,1.50
3628,1.42,1.49
3630,1.41,1.48
3631,1.41,1.47
3632,1.39,1.46
3633,1.37,1.45
3634,1.35,1.44
3635,1.35,1.44
3636,1.35,1.45
3638,1.36,1.46
3639,1.37,1.47
3640,1.38,1.48
3641,1.40,1.49
3642,1.41,1.50
3643,1.42,1.50
3644,1.42,1.50
3645,1.42,1.49
3647,1.41,1.48
3648,1.40,1.46
3649,1.38,1.45
3650,1.36,1.44
3651,1.35,1.44
3652,1.35,1.45
3653,1.35,1.45
3654,1.36,1.46
3656,1.38,1.47
3657,1.39,1.49
3658,1.41,1.50
3659,1.42,1.50
3660,1.42,1.50
3661,1.42,1.49
3662,1.41,1.48
3663,1.40,1.47
3665,1.39,1.45
3666,1.37,1.44
3667,1.35,1.44
3668,1.35,1.44
3670,1.35,1.45
3671,1.36,1.46
3672,1.37,1.47
3674,1.39,1.48
3675,1.40,1.49
3676,1.42,1.50
3677,1.42,1.50
3678,1.42,1.49
3679,1.42,1.48
3680,1.41,1.47
3681,1.39,1.46
3683,1.38,1.45
3684,1.36,1.44
3685,1.35,1.44
3686,1.35,1.45
3687,1.35,1.45
3688,1.37,1.46
3689,1.38,1.48
3690,1.39,1.49
3692,1.41,1.50
3693,1.42,1.50
3694,1.42,1.49
3695,1.42,1.49
3696,1.41,1.48
3697,1.40,1.47
3698,1.38,1.45
3699,1.36,1.44
3701,1.35,1.44
3702,1.34,1.44
3703,1.35,1.45
3704,1.36,1.46
3705,1.37,1.47
3706,1.39,1.48
3707,1.40,1.49
3709,1.41,1.50
3710,1.42,1.50
3712,1.42,1.49
3713,1.41,1.49
3714,1.40,1.47
3715,1.39,1.46
3716,1.37,1.44
3717,1.35,1.44
3719,1.34,1.44
3720,1.35,1.45
3721,1.35,1.46
3722,1.37,1.47
3723,1.38,1.48
3724,1.40,1.49
3725,1.41,1.50
3726,1.42,1.50
3728,1.42,1.49
3729,1.42,1.48
3730,1.41,1.47
3731,1.40,1.46
3732,1.38,1.45
3733,1.36,1.44
3734,1.35,1.44
3735,1.35,1.44
3737,1.35,1.45
3738,1.36,1.46
3739,1.38,1.47
3740,1.39,1.48
3741,1.41,1.49
3742,1.42,1.50
3743,1.42,1.50
3744,1.42,1.49
3746,1.41,1.48
3747,1.40,1.47
3748,1.39,1.46
3749,1.37,1.45
3750,1.35,1.44
3751,1.34,1.44
3752,1.35,1.45
3753,1.36,1.46
3756,1.37,1.47
3757,1.38,1.48
3758,1.40,1.50
3759,1.41,1.50
3760,1.42,1.50
3761,1.42,1.49
3762,1.42,1.49
3763,1.41,1.47
3765,1.39,1.47
3766,1.37,1.45
3767,1.36,1.44
3768,1.35,1.44
3769,1.34,1.45
3770,1.35,1.46
3771,1.36,1.47
3773,1.38,1.48
3774,1.39,1.49
3775,1.41,1.50
3776,1.42,1.50
3777,1.42,1.50
3778,1.42,1.49
3779,1.41,1.48
3780,1.40,1.47
3782,1.38,1.46
3783,1.36,1.45
3784,1.35,1.44
3785,1.34,1.45
3786,1.35,1.45
3787,1.36,1.46
3788,1.37,1.47
3789,1.38,1.49
3791,1.40,1.50
3792,1.41,1.50
3793,1.41,1.50
3794,1.42,1.50
3795,1.41,1.49
3796,1.41,1.48
3798,1.39,1.47
3799,1.37,1.45
3801,1.35,1.45
3802,1.35,1.45
3803,1.35,1.45
3804,1.36,1.46
3805,1.37,1.47
3806,1.38,1.48
3807,1.40,1.50
3809,1.41,1.51
3810,1.42,1.50
3811,1.42,1.50
3812,1.42,1.49
3813,1.41,1.49
3814,1.40,1.47
3815,1.38,1.46
3816,1.36,1.45
3818,1.35,1.45
3819,1.35,1.46
3820,1.35,1.46
3821,1.36,1.47
3822,1.38,1.48
3823,1.39,1.49
3824,1.41,1.51
3825,1.42,1.51
3827,1.42,1.51
3828,1.42,1.50
3829,1.42,1.49
3830,1.41,1.48
3831,1.39,1.47
3832,1.37,1.45
3833,1.36,1.45
3834,1.35,1.45
3836,1.35,1.46
3837,1.36,1.47
3838,1.38,1.48
3840,1.39,1.49
3841,1.41,1.50
3842,1.42,1.51
3843,1.42,1.51
3845,1.42,1.50
3846,1.42,1.49
3847,1.42,1.48
3848,1.40,1.47
3849,1.38,1.46
3850,1.36,1.45
3851,1.35,1.45
3852,1.35,1.46
3854,1.36,1.46
3855,1.37,1.47
3856,1.39,1.48
3857,1.40,1.50
3858,1.42,1.51
3859,1.42,1.51
3860,1.43,1.50
3861,1.43,1.50
3863,1.42,1.49
3864,1.41,1.48
3865,1.39,1.47
3866,1.37,1.45
3867,1.36,1.45
3868,1.35,1.45
3869,1.36,1.46
3871,1.37,1.47
3872,1.38,1.48
3873,1.40,1.49
3874,1.41,1.50
3875,1.42,1.51
3876,1.43,1.51
3877,1.43,1.50
3878,1.42,1.49
3880,1.42,1.48
3881,1.40,1.47
3883,1.38,1.46
3884,1.36,1.45
3885,1.35,1.46
3886,1.36,1.46
3887,1.36,1.47
3888,1.37,1.48
3890,1.39,1.49
3891,1.40,1.50
3892,1.42,1.51
3893,1.42,1.51
3894,1.43,1.50
3895,1.42,1.49
3896,1.41,1.48
3897,1.40,1.47
3899,1.38,1.46
3900,1.36,1.45
3901,1.34,1.45
3902,1.34,1.45
3903,1.34,1.45
3904,1.35,1.46
3905,1.35,1.45
3907,1.33,1.44
3908,1.31,1.43
3909,1.29,1.41
3910,1.26,1.39
3911,1.23,1.38
3912,1.20,1.36
3913,1.17,1.34
3914,1.14,1.32
3916,1.12,1.30
3917,1.09,1.29
3918,1.06,1.27
3919,1.03,1.25
3920,1.01,1.23
3921,0.98,1.22
3922,0.95,1.20
3923,0.93,1.19
3924,0.91,1.17
3927,0.88,1.16
3928,0.87,1.15
3929,0.85,1.13
3930,0.83,1.12
3931,0.81,1.11
3932,0.79,1.10
3933,0.78,1.09
3934,0.76,1.08
3936,0.75,1.07
3937,0.74,1.06
3938,0.73,1.05
3939,0.71,1.04
3940,0.70,1.03
3941,0.70,1.02
3942,0.69,1.02
3943,0.68,1.01
3944,0.67,1.00
3946,0.67,0.99
3947,0.66,0.98
3948,0.66,0.98
3949,0.66,0.97
3950,0.65,0.96
3951,0.65,0.96
3952,0.65,0.95
3953,0.65,0.95
3954,0.65,0.94
3956,0.65,0.93
3957,0.65,0.93
3958,0.65,0.92
3959,0.65,0.92
3960,0.65,0.91
3961,0.65,0.91
3962,0.65,0.90
3963,0.65,0.90
3964,0.65,0.89
3966,0.65,0.89
3968,0.65,0.89
3969,0.65,0.88
3970,0.65,0.88
3971,0.65,0.87
3972,0.65,0.87
3973,0.66,0.87
3974,0.66,0.87
3975,0.66,0.86
3977,0.66,0.86
3978,0.66,0.86
3979,0.66,0.85
3980,0.66,0.85
3981,0.67,0.85
3982,0.67,0.84
3983,0.67,0.84
3984,0.67,0.84
3985,0.67,0.84
3987,0.67,0.83
3988,0.67,0.83
3989,0.67,0.83
3990,0.67,0.82
3991,0.68,0.82
3992,0.68,0.82
3993,0.68,0.82
3994,0.68,0.81
3996,0.68,0.81
3997,0.68,0.81
3998,0.68,0.81
3999,0.68,0.80
4000,0.68,0.80
4001,0.68,0.80
4002,0.68,0.80
4003,0.68,0.80
4004,0.68,0.79
4006,0.68,0.79
4007,0.68,0.79
4008,0.68,0.79
4009,0.68,0.79
4011,0.68,0.78
4012,0.68,0.78
4013,0.68,0.78
4014,0.68,0.78
4015,0.69,0.77
4017,0.68,0.78
4018,0.69,0.77
4019,0.69,0.77
4020,0.69,0.77
4021,0.69,0.77
4022,0.69,0.76
4023,0.69,0.77
4024,0.68,0.76
4025,0.68,0.76
4027,0.68,0.76
4028,0.68,0.76
4029,0.68,0.75
4030,0.68,0.75
4031,0.68,0.75
4032,0.68,0.75
4033,0.68,0.75
4034,0.68,0.75
4035,0.68,0.74
4037,0.68,0.74
4038,0.68,0.74
4039,0.68,0.74
4040,0.68,0.74
4041,0.68,0.74
4042,0.68,0.73
4043,0.68,0.73
4044,0.68,0.73
4045,0.68,0.73
4047,0.68,0.73
4048,0.68,0.73
4049,0.68,0.73
4050,0.68,0.72
4051,0.68,0.72
4052,0.68,0.72
4054,0.68,0.72
4055,0.68,0.72
4056,0.68,0.72
4058,0.68,0.72
4059,0.68,0.71
4060,0.68,0.71
4061,0.68,0.71
4062,0.68,0.71
4063,0.68,0.71
4064,0.68,0.71
4065,0.68,0.70
4066,0.68,0.70
4068,0.68,0.70
4069,0.68,0.70
4070,0.68,0.70
4071,0.68,0.70
4072,0.68,0.70
4073,0.68,0.70
4074,0.68,0.69
4075,0.68,0.69
4076,0.68,0.69
4078,0.68,0.69
4079,0.68,0.69
4080,0.68,0.69
4081,0.68,0.69
4082,0.68,0.69
4083,0.68,0.69
4084,0.68,0.68
4085,0.68,0.68
4086,0.68,0.68
4088,0.68,0.68
4089,0.68,0.68
4090,0.68,0.68
4091,0.68,0.68
4092,0.68,0.68
4093,0.68,0.67
4094,0.68,0.67
4096,0.68,0.67
4097,0.68,0.67
4099,0.68,0.67
4100,0.68,0.67
4101,0.68,0.67
4102,0.68,0.67
4103,0.68,0.67
4104,0.68,0.67
4105,0.68,0.66
4106,0.68,0.66
4107,0.68,0.66
4109,0.68,0.66
4110,0.68,0.66
4111,0.68,0.66
4112,0.68,0.66
4113,0.68,0.66
4114,0.68,0.65
4115,0.68,0.65
4116,0.68,0.65
4117,0.68,0.65
4119,0.68,0.65
4120,0.68,0.65
4121,0.68,0.65
4122,0.68,0.65
4123,0.68,0.65
4124,0.68,0.65
4125,0.68,0.65
4126,0.68,0.65
4127,0.68,0.64
4129,0.68,0.64
4130,0.68,0.64
4131,0.68,0.64
4132,0.68,0.64
4133,0.68,0.64
4134,0.68,0.64
4135,0.68,0.63
4136,0.68,0.63
4139,0.68,0.63
4140,0.68,0.63
4141,0.68,0.63
4142,0.68,0.63
4143,0.68,0.63
4144,0.68,0.63
4145,0.68,0.62
4146,0.68,0.62
4147,0.68,0.62
4149,0.68,0.62
4150,0.68,0.62
4151,0.68,0.62
4152,0.68,0.61
4153,0.68,0.61
4154,0.68,0.61
4155,0.68,0.61
4156,0.68,0.61
4158,0.68,0.61
4159,0.68,0.61
4160,0.68,0.60
4161,0.68,0.60
4162,0.68,0.60
4163,0.68,0.60
4164,0.68,0.60
4165,0.68,0.60
4166,0.68,0.59
4168,0.68,0.59
4169,0.68,0.59
4170,0.68,0.59
4171,0.68,0.59
4172,0.68,0.58
4173,0.68,0.58
4174,0.68,0.58
4175,0.68,0.58
4176,0.68,0.58
4178,0.68,0.57
4179,0.68,0.57
4180,0.68,0.57
4182,0.68,0.57
4183,0.68,0.57
4184,0.68,0.57
4185,0.68,0.56
4186,0.68,0.56
4188,0.68,0.56
4189,0.68,0.56
4190,0.68,0.56
4191,0.67,0.56
4192,0.67,0.55
4193,0.67,0.55
4194,0.67,0.55
4195,0.67,0.55
4196,0.67,0.55
4198,0.67,0.54
4199,0.67,0.54
4200,0.67,0.54
4201,0.67,0.54
4202,0.67,0.54
4203,0.67,0.54
4204,0.67,0.53
4205,0.67,0.53
4206,0.67,0.53
4208,0.67,0.53
4209,0.67,0.53
4210,0.67,0.53
4211,0.67,0.52
4212,0.67,0.52
4213,0.67,0.52
4214,0.67,0.52
4215,0.67,0.52
4217,0.67,0.51
4218,0.67,0.51
4219,0.67,0.51
4220,0.67,0.51
4221,0.67,0.51
4222,0.67,0.51
4224,0.67,0.50
4225,0.67,0.50
4226,0.67,0.50
4228,0.67,0.50
4229,0.67,0.50
4230,0.67,0.50
4231,0.67,0.49
4232,0.67,0.49
4233,0.67,0.49
4234,0.67,0.49
4235,0.67,0.49
4236,0.67,0.48
4238,0.67,0.48
4239,0.67,0.48
4240,0.67,0.48
4241,0.67,0.48
4242,0.67,0.47
4243,0.67,0.47
4244,0.67,0.47
4245,0.67,0.47
4246,0.67,0.46
4248,0.67,0.46
4249,0.67,0.46
4250,0.67,0.46
4251,0.67,0.45
4252,0.67,0.45
4253,0.67,0.45
4254,0.67,0.45
4255,0.67,0.44
4256,0.67,0.44
4258,0.67,0.44
4259,0.67,0.43
4260,0.67,0.43
4261,0.67,0.43
4262,0.67,0.43
4263,0.67,0.43
4264,0.67,0.42
4265,0.67,0.42
4267,0.67,0.42
4269,0.67,0.42
4270,0.67,0.41
4271,0.67,0.41
4272,0.67,0.41
4273,0.67,0.41
4274,0.67,0.41
4275,0.67,0.41
4276,0.67,0.41
4278,0.67,0.41
4279,0.67,0.40
4280,0.67,0.40
4281,0.67,0.40
4282,0.67,0.40
4283,0.67,0.40
4284,0.67,0.40
4285,0.67,0.40
4286,0.67,0.40
4288,0.67,0.40
4289,0.67,0.40
4290,0.67,0.40
4291,0.66,0.40
4292,0.66,0.40
4293,0.66,0.40
4294,0.66,0.40
4295,0.67,0.40
4296,0.67,0.40
4298,0.67,0.40
4299,0.67,0.40
4300,0.67,0.40
4301,0.67,0.40
4302,0.67,0.40
4303,0.67,0.40
4304,0.67,0.40
4305,0.67,0.40
4306,0.67,0.40
4308,0.67,0.40
4310,0.67,0.40
4311,0.67,0.40
4312,0.67,0.40
4313,0.67,0.40
4314,0.66,0.40
4315,0.67,0.40
4316,0.66,0.40
4317,0.67,0.40
4318,0.67,0.40
4320,0.67,0.40
4321,0.67,0.40
4322,0.67,0.40
4323,0.67,0.41
4324,0.67,0.40
4325,0.67,0.40
4326,0.67,0.41
4327,0.67,0.41
4329,0.67,0.41
4330,0.67,0.41
4331,0.67,0.40
4332,0.67,0.41
4333,0.67,0.41
4334,0.67,0.41
4335,0.67,0.41
4336,0.67,0.41
4337,0.67,0.41
4339,0.67,0.41
4340,0.67,0.41
4341,0.67,0.41
4342,0.67,0.41
4343,0.67,0.41
4344,0.67,0.41
4345,0.67,0.41
4346,0.67,0.41
4348,0.67,0.41
4349,0.67,0.41
4350,0.67,0.41
4352,0.67,0.41
4353,0.67,0.41
4354,0.67,0.41
4355,0.67,0.41
4356,0.67,0.41
4358,0.67,0.41
4359,0.67,0.42
4360,0.67,0.42
4361,0.66,0.42
4362,0.66,0.42
4363,0.66,0.42
4364,0.66,0.42
4365,0.66,0.42
4367,0.66,0.42
4368,0.66,0.42
4369,0.66,0.42
4370,0.66,0.42
4371,0.66,0.42
4372,0.66,0.42
4373,0.66,0.42
4374,0.66,0.42
4376,0.66,0.42
4377,0.66,0.42
4378,0.66,0.42
4379,0.66,0.43
4380,0.66,0.43
4381,0.66,0.43
4382,0.66,0.43
4383,0.66,0.43
4384,0.66,0.43
4386,0.66,0.43
4387,0.66,0.43
4388,0.66,0.43
4389,0.66,0.43
4390,0.66,0.43
4391,0.66,0.43
4392,0.66,0.43
4393,0.66,0.43
4396,0.66,0.43
4397,0.66,0.43
4398,0.66,0.43
4399,0.66,0.43
4400,0.66,0.43
4401,0.66,0.43
4402,0.66,0.43
4403,0.66,0.43
4404,0.66,0.43
4406,0.66,0.44
4407,0.66,0.44
4408,0.66,0.44
4409,0.66,0.44
4410,0.66,0.44
4411,0.66,0.44
4412,0.66,0.44
4413,0.66,0.44
4414,0.66,0.44
4416,0.66,0.45
4417,0.66,0.45
4418,0.66,0.45
4419,0.66,0.45
4420,0.66,0.45
4421,0.66,0.45
4422,0.66,0.45
4423,0.66,0.46
4424,0.66,0.46
4426,0.66,0.46
4427,0.66,0.46
4428,0.66,0.47
4429,0.66,0.47
4430,0.66,0.47
4431,0.66,0.47
4432,0.66,0.48
4433,0.66,0.48
4434,0.66,0.48
4436,0.66,0.49
4438,0.66,0.49
4439,0.66,0.49
4440,0.66,0.49
4441,0.66,0.50
4442,0.66,0.50
4443,0.66,0.50
4444,0.66,0.51
4445,0.66,0.51
4447,0.66,0.51
4448,0.66,0.52
4449,0.66,0.52
4450,0.66,0.52
4451,0.66,0.52
4452,0.66,0.53
4453,0.66,0.53
4454,0.66,0.53
4455,0.66,0.53
4457,0.66,0.54
4458,0.66,0.54
4459,0.66,0.54
4460,0.66,0.55
4461,0.66,0.55
4462,0.66,0.55
4463,0.66,0.55
4464,0.66,0.55
4465,0.66,0.56
4467,0.66,0.56
4468,0.66,0.56
4469,0.66,0.56
4470,0.66,0.57
4471,0.66,0.57
4472,0.66,0.57
4473,0.66,0.57
4474,0.66,0.58
4476,0.66,0.58
4477,0.66,0.58
4478,0.66,0.58
4480,0.66,0.59
4481,0.66,0.59
4482,0.66,0.59
4483,0.66,0.59
4484,0.66,0.60
4485,0.66,0.60
4487,0.66,0.60
4488,0.66,0.61
4489,0.66,0.61
4490,0.66,0.61
4491,0.66,0.61
4492,0.66,0.62
4493,0.66,0.62
4494,0.66,0.62
4496,0.66,0.62
4497,0.66,0.62
4498,0.66,0.62
4499,0.66,0.63
4500,0.66,0.63
4501,0.67,0.63
4502,0.66,0.63
4503,0.67,0.64
4504,0.66,0.64
4506,0.66,0.64
4507,0.66,0.64
4508,0.66,0.65
4509,0.66,0.65
4510,0.66,0.65
4511,0.66,0.65
4512,0.66,0.65
4513,0.67,0.65
4514,0.66,0.65
4516,0.67,0.65
4517,0.66,0.66
4518,0.67,0.66
4519,0.67,0.66
4520,0.66,0.66
4521,0.66,0.66
4523,0.66,0.67
4524,0.66,0.67
4526,0.66,0.67
4527,0.67,0.67
4528,0.67,0.67
4529,0.66,0.68
4530,0.66,0.68
4531,0.67,0.68
4532,0.66,0.68
4533,0.66,0.68
4534,0.66,0.68
4536,0.67,0.68
4537,0.66,0.69
4538,0.66,0.69
4539,0.66,0.69
4540,0.66,0.69
4541,0.66,0.69
4542,0.66,0.69
4543,0.66,0.69
4544,0.67,0.69
4546,0.67,0.69
4547,0.67,0.69
4548,0.66,0.70
4549,0.67,0.70
4550,0.67,0.70
4551,0.67,0.70
4552,0.67,0.70
4553,0.67,0.70
4554,0.67,0.70
4556,0.67,0.70
4557,0.67,0.71
4558,0.67,0.71
4559,0.67,0.71
4560,0.67,0.71
4561,0.67,0.71
4562,0.67,0.71
4563,0.67,0.71
4564,0.67,0.71
4567,0.67,0.71
4568,0.67,0.71
4569,0.67,0.71
4570,0.67,0.72
4571,0.67,0.71
4572,0.67,0.72
4573,0.67,0.72
4574,0.67,0.72
4575,0.67,0.72
4577,0.67,0.72
4578,0.67,0.72
4579,0.67,0.72
4580,0.67,0.72
4581,0.67,0.72
4582,0.67,0.72
4583,0.67,0.72
4584,0.67,0.73
4586,0.67,0.72
4587,0.67,0.73
4588,0.67,0.73
4589,0.66,0.73
4590,0.67,0.73
4591,0.67,0.73
4592,0.67,0.73
4593,0.67,0.73
4594,0.67,0.73
4596,0.66,0.73
4597,0.67,0.73
4598,0.66,0.73
4599,0.66,0.73
4600,0.67,0.73
4601,0.67,0.73
4602,0.67,0.73
4603,0.67,0.73
4605,0.67,0.73
4606,0.67,0.73
4608,0.66,0.73
4609,0.67,0.73
4610,0.66,0.73
4611,0.66,0.73
4612,0.66,0.73
4613,0.67,0.74
4614,0.67,0.73
4616,0.67,0.73
4617,0.67,0.73
4618,0.67,0.73
4619,0.67,0.73
4620,0.67,0.73
4621,0.67,0.73
4622,0.67,0.73
4623,0.66,0.73
4625,0.67,0.73
4626,0.66,0.74
4627,0.67,0.74
4628,0.67,0.74
4629,0.67,0.73
4630,0.67,0.73
4631,0.67,0.73
4632,0.67,0.73
4633,0.67,0.73
4635,0.67,0.73
4636,0.66,0.73
4637,0.67,0.73
4638,0.67,0.74
4639,0.66,0.74
4640,0.66,0.73
4641,0.66,0.74
4642,0.67,0.73
4644,0.66,0.73
4645,0.66,0.73
4646,0.66,0.73
4647,0.67,0.73
4648,0.66,0.73
4649,0.67,0.73
4651,0.66,0.73
4652,0.66,0.73
4653,0.67,0.73
4655,0.67,0.73
4656,0.66,0.73
4657,0.66,0.73
4658,0.66,0.73
4659,0.66,0.73
4660,0.66,0.73
4661,0.66,0.73
4662,0.66,0.73
4663,0.67,0.73
4665,0.66,0.73
4666,0.66,0.73
4667,0.66,0.73
4668,0.66,0.73
4669,0.66,0.73
4670,0.66,0.73
4671,0.66,0.73
4672,0.67,0.73
4674,0.67,0.73
4675,0.66,0.73
4676,0.66,0.73
4677,0.66,0.73
4678,0.66,0.73
4679,0.67,0.73
4680,0.67,0.73
4681,0.67,0.72
4682,0.67,0.73
4684,0.67,0.72
4685,0.67,0.73
4686,0.67,0.73
4687,0.67,0.73
4688,0.66,0.72
4689,0.67,0.72
4690,0.66,0.73
4691,0.66,0.72
4694,0.67,0.72
4695,0.67,0.72
4696,0.67,0.72
4697,0.67,0.72
4698,0.67,0.72
4699,0.66,0.72
4700,0.67,0.72
4701,0.67,0.72
4702,0.67,0.72
4704,0.67,0.72
4705,0.67,0.72
4706,0.67,0.72
4707,0.66,0.72
4708,0.67,0.72
4709,0.66,0.72
4710,0.66,0.72
4711,0.67,0.72
4713,0.67,0.72
4714,0.67,0.71
4715,0.67,0.72
4716,0.67,0.71
4717,0.67,0.71
4718,0.67,0.71
4719,0.67,0.71
4720,0.67,0.71
4721,0.67,0.71
4723,0.66,0.71
4724,0.66,0.71
4725,0.66,0.71
4726,0.67,0.71
4727,0.67,0.71
4728,0.67,0.71
4729,0.67,0.71
4730,0.66,0.71
4732,0.67,0.71
4733,0.67,0.71
4734,0.67,0.71
4736,0.67,0.71
4737,0.67,0.71
4738,0.67,0.71
4739,0.67,0.71
4740,0.67,0.71
4741,0.67,0.71
4743,0.67,0.71
4744,0.67,0.71
4745,0.67,0.71
4746,0.67,0.71
4747,0.67,0.71
4748,0.67,0.71
4749,0.67,0.71
4750,0.67,0.71
4751,0.67,0.71
4753,0.67,0.71
4754,0.67,0.70
4755,0.67,0.71
4756,0.67,0.71
4757,0.67,0.71
4758,0.67,0.70
4759,0.67,0.70
4760,0.67,0.70
4762,0.67,0.71
4763,0.67,0.70
4764,0.67,0.70
4765,0.67,0.70
4766,0.67,0.70
4767,0.67,0.70
4768,0.67,0.70
4769,0.67,0.70
4770,0.67,0.70
4771,0.67,0.70
4773,0.67,0.70
4774,0.67,0.70
4775,0.67,0.70
4776,0.67,0.70
4777,0.67,0.70
4779,0.67,0.70
4780,0.67,0.70
4781,0.67,0.70
4782,0.67,0.70
4784,0.67,0.70
4785,0.67,0.70
4786,0.67,0.70
4787,0.67,0.70
4788,0.67,0.70
4789,0.67,0.70
4790,0.67,0.70
4791,0.67,0.71
4792,0.67,0.70
4794,0.67,0.70
4795,0.67,0.70
4796,0.67,0.70
4797,0.67,0.70
4798,0.67,0.70
4799,0.67,0.70
4800,0.67,0.70
4801,0.67,0.70
4802,0.67,0.70
4804,0.67,0.70
4805,0.67,0.69
4806,0.67,0.69
4807,0.67,0.69
4808,0.67,0.69
4809,0.67,0.69
4810,0.67,0.69
4811,0.67,0.69
4812,0.67,0.69
4814,0.67,0.69
4815,0.67,0.69
4816,0.67,0.68
4817,0.67,0.68
4818,0.67,0.68
4819,0.67,0.68
4820,0.67,0.68
4822,0.67,0.68
4823,0.67,0.68
4825,0.67,0.68
4826,0.67,0.67
4827,0.67,0.67
4828,0.67,0.67
4829,0.67,0.67
4830,0.67,0.67
4831,0.67,0.67
4832,0.67,0.67
4833,0.67,0.66
4835,0.67,0.66
4836,0.67,0.66
4837,0.67,0.66
4838,0.67,0.66
4839,0.67,0.66
4840,0.67,0.66
4841,0.67,0.65
4842,0.67,0.65
4843,0.67,0.65
4845,0.67,0.65
4846,0.67,0.65
4847,0.67,0.65
4848,0.67,0.65
4849,0.67,0.65
4850,0.67,0.64
4851,0.67,0.64
4852,0.67,0.64
4854,0.67,0.64
4855,0.67,0.64
4856,0.67,0.64
4857,0.67,0.63
4858,0.67,0.63
4859,0.67,0.63
4860,0.67,0.63
4861,0.67,0.63
4864,0.67,0.62
4865,0.67,0.62
4866,0.67,0.62
4867,0.67,0.62
4868,0.67,0.62
4869,0.67,0.62
4870,0.67,0.61
4871,0.67,0.61
4872,0.67,0.61
4874,0.67,0.61
4875,0.67,0.61
4876,0.67,0.61
4877,0.67,0.61
4878,0.67,0.60
4879,0.67,0.60
4880,0.67,0.60
4881,0.67,0.60
4882,0.67,0.60
4884,0.67,0.60
4885,0.67,0.60
4886,0.67,0.60
4887,0.67,0.59
4888,0.67,0.59
4889,0.67,0.59
4890,0.67,0.59
4891,0.67,0.59
4892,0.67,0.59
4894,0.67,0.59
4895,0.67,0.59
4896,0.67,0.59
4897,0.67,0.58
4898,0.67,0.58
4899,0.67,0.58
4900,0.67,0.58
4901,0.67,0.58
4903,0.67,0.58
4904,0.67,0.58
4905,0.67,0.58
4907,0.67,0.58
4908,0.67,0.58
4909,0.67,0.57
4910,0.67,0.57
4911,0.67,0.57
4912,0.67,0.57
4914,0.67,0.56
4915,0.67,0.56
4916,0.67,0.56
4917,0.67,0.56
4918,0.67,0.55
4919,0.67,0.55
4920,0.67,0.55
4921,0.67,0.55
4923,0.67,0.54
4924,0.67,0.54
4925,0.67,0.54
4926,0.67,0.53
4927,0.67,0.53
4928,0.67,0.53
4929,0.67,0.52
4930,0.67,0.52
4931,0.67,0.51
4933,0.67,0.51
4934,0.67,0.51
4935,0.67,0.50
4936,0.67,0.50
4937,0.67,0.49
4938,0.67,0.49
4939,0.67,0.49
4940,0.67,0.48
4941,0.67,0.48
4943,0.67,0.47
4944,0.67,0.47
4945,0.67,0.46
4946,0.67,0.46
4947,0.67,0.45
4948,0.67,0.45
4950,0.67,0.44
4951,0.67,0.44
4952,0.67,0.43
4954,0.67,0.43
4955,0.67,0.42
4956,0.67,0.42
4957,0.66,0.41
4958,0.67,0.40
4959,0.66,0.40
4960,0.67,0.39
4961,0.67,0.38
4963,0.66,0.37
4964,0.67,0.36
4965,0.66,0.36
4966,0.66,0.35
4967,0.66,0.34
4968,0.66,0.33
4969,0.66,0.32
4970,0.66,0.31
4971,0.66,0.31
4973,0.66,0.30
4974,0.66,0.29
4975,0.66,0.28
4976,0.66,0.27
4977,0.66,0.26
4978,0.66,0.26
4979,0.66,0.25
4980,0.66,0.24
4981,0.66,0.23
4983,0.66,0.23
4984,0.66,0.22
4985,0.66,0.22
4986,0.66,0.21
4987,0.66,0.21
4988,0.65,0.20
4989,0.66,0.20
4990,0.65,0.19
4993,0.65,0.19
4994,0.65,0.18
4995,0.65,0.18
4996,0.65,0.17
4997,0.65,0.17
4998,0.65,0.16
4999,0.65,0.16
5000,0.65,0.15
5001,0.66,0.15
5003,0.65,0.15
5004,0.66,0.14
5005,0.66,0.14
5006,0.65,0.14
5007,0.65,0.13
5008,0.66,0.13
5009,0.65,0.13
5010,0.66,0.13
5012,0.66,0.13
5013,0.66,0.13
5014,0.66,0.13
5015,0.66,0.13
5016,0.66,0.14
5017,0.66,0.14
5018,0.66,0.14
5019,0.66,0.15
5020,0.66,0.15
5022,0.66,0.16
5023,0.66,0.16
5024,0.67,0.17
5025,0.67,0.18
5026,0.67,0.19
5027,0.67,0.20
5028,0.67,0.21
5029,0.67,0.22
5031,0.67,0.22
5032,0.67,0.23
5033,0.68,0.24
5035,0.68,0.25
5036,0.68,0.26
5037,0.68,0.27
5038,0.68,0.28
5039,0.68,0.29
5040,0.68,0.30
5042,0.68,0.31
5043,0.68,0.32
5044,0.68,0.33
5045,0.69,0.33
5046,0.69,0.34
5047,0.69,0.35
5048,0.69,0.36
5049,0.69,0.37
5050,0.69,0.38
5052,0.69,0.39
5053,0.69,0.40
5054,0.69,0.40
5055,0.69,0.41
5056,0.69,0.42
5057,0.69,0.43
5058,0.69,0.43
5059,0.70,0.44
5060,0.70,0.45
5062,0.70,0.45
5063,0.70,0.46
5064,0.70,0.47
5065,0.70,0.47
5066,0.70,0.48
5067,0.70,0.49
5068,0.70,0.49
5069,0.70,0.50
5070,0.70,0.50
5072,0.70,0.51
5073,0.70,0.51
5074,0.70,0.52
5075,0.70,0.52
5076,0.70,0.52
5078,0.70,0.53
5079,0.70,0.53
5080,0.70,0.53
5081,0.70,0.54
5083,0.70,0.54
5084,0.70,0.54
5085,0.70,0.55
5086,0.69,0.55
5087,0.69,0.55
5088,0.69,0.56
5089,0.69,0.56
5090,0.69,0.56
5091,0.69,0.56
5093,0.69,0.56
5094,0.69,0.56
5095,0.69,0.57
5096,0.69,0.57
5097,0.69,0.57
5098,0.69,0.57
5099,0.69,0.57
5100,0.69,0.57
5101,0.69,0.58
5103,0.69,0.58
5104,0.69,0.58
5105,0.69,0.58
5106,0.69,0.58
5107,0.69,0.58
5108,0.69,0.58
5109,0.69,0.58
5110,0.69,0.58
5112,0.69,0.58
5113,0.69,0.59
5114,0.69,0.59
5115,0.69,0.59
5116,0.69,0.59
5117,0.69,0.59
5118,0.69,0.59
5120,0.69,0.59
5121,0.69,0.59
5123,0.69,0.59
5124,0.69,0.59
5125,0.69,0.59
5126,0.69,0.59
5127,0.69,0.60
5128,0.69,0.60
5129,0.69,0.60
5130,0.69,0.60
5131,0.69,0.60
5133,0.69,0.60
5134,0.69,0.60
5135,0.69,0.60
5136,0.69,0.60
5137,0.69,0.60
5138,0.69,0.60
5139,0.69,0.60
5140,0.69,0.60
5141,0.69,0.60
5143,0.69,0.60
5144,0.69,0.60
5145,0.69,0.60
5146,0.69,0.60
5147,0.69,0.60
5148,0.69,0.60
5149,0.69,0.60
5150,0.69,0.60
5151,0.69,0.60
5153,0.69,0.60
5154,0.69,0.60
5155,0.69,0.60
5156,0.69,0.60
5157,0.69,0.60
5158,0.69,0.61
5159,0.69,0.60
5160,0.69,0.61
5161,0.69,0.61
5164,0.69,0.61
5165,0.69,0.61
5166,0.69,0.61
5167,0.69,0.61
5168,0.69,0.61
5169,0.69,0.61
5170,0.69,0.61
5171,0.69,0.61
5173,0.69,0.61
5174,0.69,0.61
5175,0.69,0.61
5176,0.69,0.61
5177,0.69,0.61
5178,0.69,0.61
5179,0.69,0.61
5180,0.69,0.61
5182,0.69,0.61
5183,0.69,0.61
5184,0.69,0.61
5185,0.69,0.61
5186,0.69,0.61
5187,0.69,0.61
5188,0.69,0.61
5189,0.69,0.61
5190,0.69,0.61
5192,0.69,0.61
5193,0.69,0.61
5194,0.69,0.61
5195,0.69,0.61
5196,0.69,0.61
5197,0.69,0.61
5198,0.69,0.61
5199,0.69,0.61
5201,0.69,0.61
5202,0.69,0.62
5203,0.69,0.61
5204,0.69,0.62
5206,0.69,0.61
5207,0.69,0.61
5208,0.69,0.61
5209,0.69,0.61
5210,0.69,0.61
5212,0.69,0.61
5213,0.69,0.61
5214,0.69,0.61
5215,0.69,0.61
5216,0.69,0.61
5217,0.69,0.61
5218,0.69,0.61
5219,0.69,0.61
5220,0.69,0.61
5222,0.69,0.61
5223,0.69,0.61
5224,0.69,0.61
5225,0.69,0.61
5226,0.69,0.61
5227,0.69,0.62
5228,0.69,0.62
5229,0.69,0.62
5230,0.69,0.61
5232,0.70,0.61
5233,0.70,0.61
5234,0.70,0.61
5235,0.70,0.61
5236,0.69,0.62
5237,0.69,0.61
5238,0.69,0.61
5239,0.69,0.62
5240,0.69,0.61
5242,0.69,0.61
5243,0.69,0.61
5244,0.69,0.62
5245,0.70,0.61
5246,0.70,0.62
5248,0.70,0.61
5249,0.70,0.62
5250,0.70,0.61
5251,0.70,0.62
5253,0.70,0.62
5254,0.70,0.62
5255,0.70,0.62
5256,0.70,0.62
5257,0.70,0.62
5258,0.69,0.62
5259,0.70,0.62
5260,0.70,0.62
5262,0.70,0.62
5263,0.70,0.61
5264,0.70,0.62
5265,0.70,0.62
5266,0.69,0.62
5267,0.69,0.62
5268,0.69,0.62
5269,0.69,0.62
5270,0.69,0.62
5272,0.69,0.62
5273,0.69,0.62
5274,0.69,0.62
5275,0.69,0.62
5276,0.69,0.62
5277,0.69,0.62
5278,0.69,0.61
5279,0.70,0.62
5281,0.70,0.61
5282,0.70,0.62
5283,0.70,0.61
5284,0.70,0.61
5285,0.69,0.61
5286,0.70,0.61
5287,0.70,0.61
5288,0.70,0.61
5289,0.70,0.61
5292,0.70,0.61
5293,0.70,0.61
5294,0.70,0.61
5295,0.70,0.61
5296,0.70,0.61
5297,0.70,0.61
5298,0.70,0.61
5299,0.70,0.61
5300,0.70,0.61
5302,0.70,0.61
5303,0.70,0.61
5304,0.70,0.61
5305,0.70,0.61
5306,0.70,0.61
5307,0.70,0.61
5308,0.70,0.61
5309,0.70,0.61
5310,0.70,0.61
5312,0.70,0.61
5313,0.70,0.61
5314,0.70,0.61
5315,0.70,0.60
5316,0.70,0.61
5317,0.70,0.60
5318,0.70,0.60
5319,0.70,0.60
5320,0.70,0.60
5322,0.70,0.60
5323,0.70,0.60
5324,0.70,0.60
5325,0.70,0.60
5326,0.70,0.60
5327,0.70,0.60
5328,0.70,0.60
5329,0.70,0.60
5330,0.70,0.60
5331,0.70,0.60
5334,0.71,0.63
5335,0.74,0.66
5336,0.78,0.70
5337,0.82,0.75
5338,0.87,0.80
5339,0.91,0.84
5340,0.96,0.88
5341,0.99,0.90
5342,1.02,0.92
5344,1.04,0.93
5345,1.06,0.94
5346,1.07,0.94
5347,1.07,0.94
5348,1.07,0.93
5349,1.07,0.95
5350,1.09,0.97
5351,1.11,1.00
5352,1.14,1.04
5354,1.17,1.07
5355,1.21,1.11
5356,1.25,1.14
5357,1.28,1.17
5358,1.30,1.19
5359,1.32,1.20
5360,1.34,1.21
5361,1.35,1.21
5363,1.35,1.20
5364,1.34,1.19
5365,1.33,1.19
5366,1.33,1.20
5367,1.34,1.22
5368,1.36,1.24
5369,1.38,1.27
5370,1.40,1.29
5372,1.42,1.31
5373,1.45,1.33
5374,1.46,1.35
5376,1.47,1.35
5377,1.48,1.36
5378,1.48,1.35
5379,1.47,1.34
5380,1.46,1.33
5382,1.44,1.31
5383,1.43,1.31
5384,1.42,1.32
5385,1.43,1.33
5386,1.44,1.35
5387,1.45,1.36
5388,1.46,1.38
5389,1.48,1.40
5391,1.49,1.41
5392,1.49,1.41
5393,1.49,1.41
5394,1.49,1.40
5395,1.48,1.39
5396,1.47,1.37
5397,1.44,1.35
5398,1.42,1.34
5400,1.41,1.35
5401,1.41,1.35
5402,1.41,1.36
5403,1.42,1.38
5404,1.43,1.39
5405,1.44,1.41
5406,1.46,1.42
5407,1.46,1.42
5409,1.46,1.42
5410,1.46,1.41
5411,1.45,1.40
5412,1.44,1.39
5413,1.42,1.37
5414,1.40,1.36
5415,1.38,1.35
5416,1.38,1.36
5419,1.38,1.37
5420,1.39,1.38
5421,1.40,1.39
5422,1.41,1.41
5423,1.43,1.42
5424,1.44,1.43
5425,1.44,1.43
5426,1.44,1.42
5428,1.43,1.41
5429,1.42,1.40
5430,1.41,1.39
5431,1.39,1.37
5432,1.37,1.36
5433,1.36,1.37
5434,1.36,1.37
5435,1.37,1.38
5437,1.38,1.40
5438,1.40,1.41
5439,1.41,1.43
5440,1.42,1.44
5441,1.43,1.44
5442,1.43,1.43
5443,1.43,1.43
5444,1.42,1.42
5446,1.41,1.40
5447,1.40,1.39
5448,1.38,1.37
5449,1.36,1.38
5450,1.36,1.38
5451,1.36,1.39
5452,1.38,1.40
5453,1.39,1.41
5455,1.40,1.43
5456,1.42,1.44
5457,1.43,1.45
5458,1.43,1.45
5459,1.43,1.44
5460,1.43,1.43
5462,1.42,1.42
5463,1.41,1.41
5465,1.39,1.39
5466,1.37,1.38
5467,1.36,1.39
5468,1.37,1.40
5469,1.37,1.41
5470,1.38,1.42
5471,1.40,1.43
5472,1.41,1.45
5474,1.43,1.46
5475,1.43,1.46
5476,1.44,1.45
5477,1.43,1.45
5478,1.43,1.43
5479,1.41,1.42
5480,1.40,1.41
5482,1.38,1.39
5483,1.37,1.39
5484,1.37,1.40
5485,1.37,1.41
5486,1.38,1.42
5487,1.39,1.43
5488,1.41,1.45
5489,1.42,1.46
5491,1.43,1.46
5492,1.44,1.46
5493,1.44,1.46
5494,1.43,1.44
5495,1.42,1.43
5496,1.41,1.42
5497,1.39,1.40
5498,1.37,1.40
5500,1.37,1.40
5501,1.37,1.41
5502,1.38,1.42
5504,1.39,1.43
5505,1.40,1.45
5506,1.42,1.46
5507,1.43,1.47
5508,1.43,1.47
5510,1.44,1.46
5511,1.43,1.45
5512,1.43,1.44
5513,1.41,1.43
5514,1.40,1.41
5515,1.38,1.40
5516,1.37,1.40
5517,1.37,1.41
5519,1.37,1.42
5520,1.38,1.43
5521,1.40,1.45
5522,1.41,1.46
5523,1.43,1.47
5524,1.43,1.47
5525,1.44,1.47
5527,1.43,1.46
5528,1.43,1.45
5529,1.42,1.44
5530,1.40,1.42
5531,1.38,1.41
5532,1.37,1.41
5533,1.36,1.41
5534,1.37,1.42
5536,1.38,1.43
5537,1.39,1.44
5538,1.41,1.46
5539,1.42,1.47
5540,1.43,1.47
5541,1.43,1.47
5542,1.44,1.47
5543,1.43,1.46
5545,1.42,1.44
5547,1.41,1.43
5548,1.39,1.42
5549,1.37,1.41
5550,1.36,1.41
5551,1.37,1.42
5552,1.37,1.43
5554,1.38,1.44
5555,1.40,1.45
5556,1.41,1.46
5557,1.43,1.47
5558,1.43,1.47
5559,1.43,1.47
5560,1.43,1.46
5561,1.43,1.45
5563,1.41,1.44
5564,1.40,1.42
5565,1.38,1.41
5566,1.36,1.41
5567,1.36,1.42
5568,1.37,1.43
5569,1.38,1.44
5570,1.39,1.45
5572,1.41,1.46
5573,1.42,1.47
5574,1.43,1.48
5575,1.43,1.47
5576,1.43,1.47
5577,1.43,1.46
5578,1.42,1.45
5580,1.40,1.43
5581,1.38,1.42
5582,1.37,1.41
5583,1.36,1.41
5584,1.36,1.42
5585,1.37,1.43
5586,1.38,1.44
5587,1.40,1.46
5590,1.41,1.47
5591,1.43,1.48
5592,1.43,1.48
5593,1.43,1.47
5594,1.43,1.46
5595,1.42,1.45
5596,1.41,1.44
5597,1.39,1.43
5599,1.37,1.41
5600,1.36,1.41
5601,1.36,1.42
5602,1.37,1.43
5603,1.38,1.44
5604,1.39,1.45
5605,1.41,1.47
5606,1.42,1.48
5608,1.43,1.48
5609,1.43,1.47
5610,1.43,1.47
5611,1.42,1.46
5612,1.41,1.44
5613,1.40,1.43
5614,1.38,1.42
5616,1.36,1.41
5617,1.36,1.42
5618,1.36,1.43
5619,1.37,1.44
5620,1.38,1.45
5621,1.40,1.46
5622,1.41,1.47
5623,1.43,1.48
5625,1.43,1.48
5626,1.43,1.47
5627,1.42,1.46
5628,1.42,1.45
5629,1.40,1.44
5630,1.38,1.42
5632,1.36,1.41
5633,1.36,1.42
5635,1.36,1.42
5636,1.36,1.43
5637,1.38,1.44
5638,1.39,1.46
5639,1.40,1.47
5640,1.42,1.48
5641,1.42,1.48
5642,1.43,1.47
5644,1.42,1.47
5645,1.42,1.45
5646,1.40,1.44
5647,1.39,1.43
5648,1.37,1.42
5649,1.35,1.41
5650,1.35,1.42
5651,1.36,1.43
5653,1.37,1.44
5654,1.38,1.45
5655,1.39,1.46
5656,1.41,1.47
5657,1.42,1.48
5658,1.42,1.47
5659,1.42,1.47
5661,1.42,1.46
5662,1.41,1.45
5663,1.39,1.43
5664,1.37,1.42
5665,1.35,1.41
5666,1.35,1.41
5667,1.35,1.42
5668,1.36,1.43
5670,1.37,1.44
5671,1.38,1.46
5672,1.40,1.47
5673,1.41,1.47
5675,1.42,1.47
5676,1.42,1.47
5677,1.42,1.46
5678,1.41,1.45
5680,1.39,1.44
5681,1.37,1.42
5682,1.36,1.41
5683,1.34,1.41
5684,1.34,1.42
5685,1.35,1.42
5686,1.36,1.44
5687,1.37,1.45
5689,1.39,1.46
5690,1.41,1.47
5691,1.41,1.47
5692,1.41,1.47
5693,1.41,1.46
5694,1.41,1.45
5695,1.40,1.44
5697,1.38,1.43
5698,1.36,1.41
5699,1.34,1.41
5700,1.34,1.41
5701,1.34,1.42
5702,1.35,1.43
5703,1.36,1.44
5704,1.38,1.46
5706,1.40,1.47
5707,1.41,1.47
5708,1.41,1.47
5709,1.41,1.47
5710,1.41,1.46
5711,1.40,1.45
5712,1.38,1.43
5713,1.36,1.42
5715,1.34,1.41
5716,1.33,1.41
5718,1.33,1.42
5719,1.34,1.43
5720,1.35,1.44
5721,1.37,1.45
5722,1.38,1.46
5724,1.40,1.47
5725,1.41,1.47
5726,1.41,1.47
5727,1.40,1.46
5728,1.40,1.45
5729,1.38,1.43
5730,1.37,1.42
5731,1.35,1.41
5733,1.33,1.41
5734,1.33,1.41
5735,1.33,1.42
5736,1.34,1.43
5737,1.36,1.44
5738,1.38,1.46
5739,1.39,1.47
5740,1.40,1.47
5742,1.40,1.47
5743,1.40,1.46
5744,1.40,1.46
5745,1.39,1.44
5746,1.37,1.43
5747,1.35,1.41
5748,1.33,1.41
5750,1.33,1.41
5751,1.33,1.42
5752,1.34,1.43
5753,1.35,1.44
5754,1.37,1.45
5755,1.39,1.47
5756,1.40,1.48
5757,1.40,1.47
5760,1.41,1.47
5761,1.40,1.46
5762,1.39,1.45
5763,1.38,1.44
5764,1.36,1.42
5765,1.34,1.41
5766,1.33,1.41
5767,1.33,1.42
5769,1.34,1.43
5770,1.35,1.44
5771,1.36,1.45
5772,1.38,1.46
5773,1.40,1.47
5774,1.40,1.47
5775,1.41,1.47
5776,1.40,1.47
5778,1.40,1.46
5779,1.39,1.44
5780,1.37,1.43
5781,1.35,1.42
5782,1.33,1.41
5783,1.33,1.42
5784,1.33,1.43
5785,1.34,1.43
5787,1.36,1.45
5788,1.37,1.46
5789,1.39,1.47
5790,1.40,1.48
5791,1.41,1.48
5792,1.41,1.47
5793,1.40,1.46
5795,1.40,1.45
5796,1.38,1.44
5797,1.36,1.42
5798,1.34,1.41
5799,1.33,1.42
5800,1.33,1.42
5801,1.34,1.43
5803,1.35,1.45
5805,1.37,1.46
5806,1.39,1.47
5807,1.40,1.48
5808,1.41,1.48
5809,1.41,1.47
5810,1.41,1.46
5811,1.40,1.45
5812,1.39,1.44
5814,1.37,1.43
5815,1.35,1.42
5816,1.33,1.42
5817,1.33,1.42
5818,1.34,1.43
5819,1.35,1.44
5820,1.36,1.45
5822,1.38,1.47
5823,1.40,1.48
5824,1.41,1.48
5825,1.41,1.48
5826,1.41,1.47
5827,1.40,1.46
5828,1.39,1.45
5829,1.38,1.44
5831,1.36,1.42
5832,1.34,1.41
5833,1.33,1.42
5834,1.34,1.43
5835,1.35,1.44
5836,1.36,1.45
5837,1.37,1.46
5838,1.39,1.47
5840,1.41,1.48
5841,1.41,1.48
5842,1.41,1.48
5843,1.41,1.47
5844,1.40,1.45
5846,1.38,1.44
5847,1.37,1.43
5849,1.35,1.42
5850,1.33,1.42
5851,1.33,1.43
5852,1.34,1.43
5853,1.35,1.44
5854,1.37,1.46
5855,1.38,1.47
5856,1.40,1.48
5858,1.41,1.48
5859,1.41,1.48
5860,1.41,1.47
5861,1.40,1.46
5862,1.39,1.45
5863,1.37,1.43
5864,1.35,1.42
5866,1.34,1.42
5867,1.33,1.42
5868,1.34,1.43
5869,1.35,1.44
5870,1.36,1.45
5871,1.38,1.46
5872,1.39,1.48
5873,1.41,1.48
5875,1.41,1.48
5876,1.41,1.48
5877,1.40,1.46
5878,1.40,1.45
5879,1.38,1.44
5880,1.36,1.42
5881,1.34,1.42
5882,1.33,1.42
5884,1.33,1.43
5885,1.34,1.44
5886,1.36,1.45
5888,1.37,1.46
5889,1.39,1.47
5890,1.40,1.48
5891,1.41,1.48
5892,1.41,1.48
5894,1.41,1.47
5895,1.40,1.46
5896,1.39,1.44
5897,1.37,1.43
5898,1.35,1.42
5899,1.33,1.42
5900,1.33,1.42
5902,1.34,1.43
5903,1.35,1.44
5904,1.36,1.46
5905,1.38,1.47
5906,1.40,1.48
5907,1.41,1.48
5908,1.41,1.48
5909,1.41,1.47
5911,1.40,1.47
5912,1.39,1.45
5913,1.37,1.44
5914,1.35,1.42
5915,1.34,1.42
5916,1.33,1.42
5917,1.34,1.43
5919,1.35,1.44
5920,1.36,1.45
5921,1.37,1.46
5922,1.39,1.48
5923,1.40,1.48
5924,1.41,1.48
5925,1.41,1.47
5926,1.40,1.47
5928,1.39,1.45
5929,1.38,1.44
5931,1.36,1.43
5932,1.34,1.42
5933,1.33,1.42
5934,1.33,1.43
5935,1.34,1.43
5936,1.35,1.45
5938,1.37,1.46
5939,1.38,1.47
5940,1.40,1.48
5941,1.41,1.48
5942,1.41,1.48
5943,1.41,1.47
5944,1.40,1.46
5946,1.39,1.45
5947,1.37,1.43
5948,1.35,1.42
5949,1.33,1.42
5950,1.33,1.42
5951,1.34,1.43
5952,1.35,1.44
5953,1.36,1.45
5955,1.38,1.47
5956,1.39,1.48
5957,1.40,1.48
5958,1.41,1.48
5959,1.41,1.47
5960,1.40,1.46
5961,1.39,1.45
5962,1.38,1.44
5964,1.36,1.42
5965,1.34,1.42
5966,1.33,1.42
5967,1.33,1.43
5968,1.34,1.44
5969,1.36,1.45
5970,1.37,1.46
5971,1.39,1.48
5974,1.40,1.48
5975,1.41,1.48
5976,1.41,1.48
5977,1.41,1.47
5978,1.40,1.46
5979,1.38,1.45
5980,1.37,1.43
5982,1.34,1.42
5983,1.33,1.42
5984,1.33,1.43
5985,1.34,1.43
5986,1.35,1.45
5987,1.36,1.46
5988,1.38,1.47
5989,1.40,1.48
5991,1.40,1.48
5992,1.41,1.48
5993,1.41,1.47
5994,1.40,1.46
5995,1.39,1.45
5996,1.37,1.44
5997,1.35,1.42
5998,1.34,1.42
6000,1.33,1.42
6001,1.34,1.43
6002,1.34,1.44
6003,1.36,1.45
6004,1.37,1.46
6005,1.39,1.48
6006,1.40,1.48
6007,1.41,1.48
6009,1.41,1.48
6010,1.40,1.47
6011,1.40,1.46
6012,1.38,1.44
6013,1.36,1.43
6014,1.34,1.42
6016,1.33,1.42
6018,1.33,1.43
6019,1.34,1.44
6020,1.35,1.45
6021,1.37,1.46
6022,1.38,1.47
6023,1.40,1.48
6024,1.41,1.49
6025,1.41,1.48
6027,1.41,1.47
6028,1.40,1.46
6029,1.39,1.45
6030,1.37,1.44
6031,1.35,1.42
6032,1.33,1.42
6033,1.33,1.43
6034,1.34,1.43
6036,1.35,1.44
6037,1.36,1.46
6038,1.38,1.47
6039,1.40,1.48
6040,1.41,1.48
6041,1.41,1.48
6042,1.41,1.48
6043,1.40,1.47
6045,1.39,1.45
6046,1.38,1.44
6047,1.36,1.43
6048,1.34,1.42
6049,1.33,1.42
6050,1.34,1.43
6051,1.34,1.44
6052,1.36,1.45
6054,1.37,1.46
6055,1.39,1.48
6056,1.40,1.48
6057,1.41,1.48
6059,1.41,1.48
6060,1.41,1.47
6061,1.40,1.46
6063,1.39,1.45
6064,1.37,1.43
6065,1.35,1.42
6066,1.34,1.42
6067,1.33,1.43
6068,1.34,1.44
6069,1.35,1.45
6070,1.37,1.46
6072,1.38,1.47
6073,1.40,1.48
6074,1.41,1.48
6075,1.41,1.48
6076,1.41,1.47
6077,1.40,1.46
6078,1.39,1.45
6079,1.38,1.44
6081,1.36,1.43
6082,1.34,1.42
6083,1.33,1.43
6084,1.34,1.43
6085,1.35,1.44
6086,1.36,1.45
6087,1.37,1.47
6088,1.39,1.48
6090,1.40,1.49
6091,1.41,1.48
6092,1.41,1.48
6093,1.41,1.47
6094,1.40,1.46
6095,1.38,1.45
6096,1.36,1.43
6098,1.34,1.42
6099,1.33,1.42
6100,1.33,1.43
6102,1.34,1.44
6103,1.35,1.45
6104,1.37,1.46
6105,1.38,1.47
6106,1.40,1.48
6108,1.41,1.49
6109,1.41,1.48
6110,1.41,1.47
6111,1.40,1.46
6112,1.39,1.45
6113,1.37,1.44
6114,1.35,1.42
6115,1.33,1.42
6117,1.33,1.43
6118,1.34,1.43
6119,1.35,1.45
6120,1.36,1.46
6121,1.38,1.47
6122,1.39,1.48
6123,1.41,1.48
6125,1.41,1.48
6126,1.41,1.47
6127,1.40,1.47
6128,1.39,1.45
6129,1.38,1.44
6130,1.36,1.43
6131,1.34,1.42
6132,1.33,1.42
6134,1.33,1.43
6135,1.34,1.44
6136,1.35,1.45
6137,1.37,1.46
6138,1.38,1.48
6139,1.40,1.48
6140,1.40,1.48
6141,1.40,1.48
6144,1.40,1.47
6145,1.40,1.46
6146,1.38,1.45
6147,1.36,1.43
6148,1.34,1.42
6149,1.33,1.42
6150,1.33,1.43
6151,1.33,1.43
6153,1.35,1.44
6154,1.36,1.46
6155,1.38,1.47
6156,1.39,1.48
6157,1.40,1.48
6158,1.40,1.48
6159,1.40,1.47
6160,1.40,1.46
6162,1.39,1.45
6163,1.37,1.44
6164,1.35,1.42
6165,1.33,1.42
6166,1.33,1.42
6167,1.33,1.43
6168,1.34,1.44
6169,1.35,1.45
6171,1.37,1.46
6172,1.38,1.47
6173,1.40,1.48
6174,1.40,1.48
6175,1.40,1.47
6176,1.40,1.47
6177,1.39,1.46
6178,1.38,1.44
6180,1.36,1.43
6181,1.34,1.42
6182,1.32,1.42
6183,1.32,1.42
6184,1.33,1.43
6185,1.34,1.44
6187,1.36,1.46
6189,1.37,1.47
6190,1.39,1.48
6191,1.40,1.48
6192,1.40,1.48
6193,1.40,1.47
6194,1.39,1.46
6195,1.38,1.45
6196,1.36,1.43
6198,1.34,1.42
6199,1.33,1.42
6200,1.32,1.42
6201,1.33,1.43
6202,1.34,1.44
6203,1.35,1.45
6204,1.37,1.46
6206,1.38,1.48
6207,1.39,1.48
6208,1.40,1.48
6209,1.40,1.47
6210,1.40,1.46
6211,1.39,1.45
6212,1.37,1.44
6213,1.35,1.42
6215,1.33,1.42
6216,1.32,1.42
6217,1.32,1.43
6218,1.33,1.44
6219,1.35,1.45
6220,1.36,1.46
6221,1.38,1.47
6222,1.39,1.48
6224,1.40,1.48
6225,1.40,1.47
6226,1.40,1.47
6227,1.39,1.46
6228,1.38,1.44
6230,1.36,1.43
6231,1.34,1.42
6233,1.32,1.42
6234,1.32,1.42
6235,1.33,1.43
6236,1.34,1.44
6237,1.36,1.46
6238,1.37,1.47
6239,1.39,1.48
6240,1.40,1.48
6242,1.40,1.48
6243,1.40,1.47
6244,1.39,1.46
6245,1.38,1.45
6246,1.37,1.44
6247,1.34,1.42
6248,1.33,1.42
6250,1.32,1.42
6251,1.33,1.43
6252,1.34,1.44
6253,1.35,1.45
6254,1.37,1.46
6255,1.38,1.48
6256,1.40,1.48
6257,1.40,1.48
6259,1.40,1.48
6260,1.40,1.47
6261,1.39,1.45
6262,1.37,1.44
6263,1.35,1.43
6264,1.33,1.42
6265,1.32,1.42
6266,1.33,1.43
6268,1.33,1.44
6269,1.35,1.45
6270,1.36,1.46
6272,1.38,1.47
6273,1.39,1.48
6274,1.40,1.48
6275,1.40,1.48
6277,1.40,1.47
6278,1.39,1.46
6279,1.38,1.45
6280,1.36,1.43
6281,1.34,1.42
6282,1.33,1.42
6283,1.33,1.43
6284,1.33,1.43
6286,1.34,1.44
6287,1.36,1.46
6288,1.37,1.47
6289,1.39,1.48
6290,1.40,1.48
6291,1.40,1.48
6292,1.40,1.47
6293,1.40,1.46
6295,1.39,1.45
6296,1.37,1.44
6297,1.35,1.43
6298,1.33,1.42
6299,1.33,1.42
6300,1.33,1.43
6301,1.34,1.44
6302,1.35,1.45
6304,1.37,1.46
6305,1.38,1.48
6306,1.40,1.48
6307,1.40,1.48
6308,1.40,1.48
6309,1.40,1.47
6310,1.39,1.46
6312,1.38,1.45
6313,1.36,1.43
6315,1.34,1.42
6316,1.33,1.42
6317,1.33,1.43
6318,1.33,1.43
6319,1.35,1.45
6320,1.36,1.46
6322,1.38,1.47
6323,1.39,1.48
6324,1.40,1.48
6325,1.40,1.48
6326,1.40,1.47
6327,1.40,1.46
6328,1.39,1.45
6329,1.37,1.44
6331,1.35,1.42
6332,1.33,1.42
6333,1.33,1.42
6334,1.33,1.43
6335,1.34,1.44
6336,1.35,1.45
6337,1.37,1.47
6338,1.39,1.48
6340,1.40,1.48
6341,1.40,1.48
6342,1.40,1.48
6343,1.40,1.47
6344,1.39,1.46
6345,1.38,1.44
6346,1.36,1.43
6348,1.34,1.42
6349,1.33,1.42
6350,1.33,1.43
6351,1.34,1.44
6352,1.35,1.45
6353,1.36,1.46
6354,1.38,1.47
6355,1.40,1.48
6358,1.40,1.48
6359,1.40,1.48
6360,1.40,1.47
6361,1.40,1.46
6362,1.38,1.45
6363,1.37,1.44
6364,1.34,1.42
6365,1.33,1.42
6367,1.33,1.43
6368,1.33,1.44
6369,1.34,1.45
6370,1.36,1.46
6371,1.37,1.47
6372,1.39,1.48
6373,1.40,1.49
6375,1.40,1.48
6376,1.40,1.47
6377,1.40,1.47
6378,1.39,1.45
6379,1.37,1.44
6380,1.35,1.43
6381,1.33,1.42
6382,1.33,1.42
6384,1.33,1.43
6385,1.34,1.44
6386,1.35,1.45
6387,1.37,1.47
6388,1.38,1.48
6389,1.40,1.48
6390,1.40,1.48
6391,1.40,1.48
6393,1.40,1.47
6394,1.39,1.46
6395,1.38,1.45
6396,1.36,1.43
6397,1.34,1.42
6398,1.33,1.42
6400,1.33,1.43
6402,1.34,1.44
6403,1.35,1.45
6404,1.36,1.46
6405,1.38,1.47
6406,1.39,1.48
6407,1.40,1.48
6408,1.40,1.48
6409,1.40,1.47
6411,1.40,1.46
6412,1.39,1.45
6413,1.37,1.44
6414,1.35,1.42
6415,1.33,1.42
6416,1.33,1.43
6417,1.33,1.43
6418,1.34,1.44
6420,1.35,1.46
6421,1.37,1.46
6422,1.39,1.48
6423,1.40,1.48
6424,1.40,1.48
6425,1.40,1.48
6426,1.40,1.47
6427,1.39,1.46
6429,1.37,1.44
6430,1.36,1.43
6431,1.33,1.42
6432,1.33,1.42
6433,1.33,1.43
6434,1.33,1.44
6435,1.35,1.45
6436,1.36,1.46
6438,1.38,1.47
6439,1.39,1.48
6440,1.40,1.48
6441,1.40,1.48
6443,1.40,1.47
6444,1.39,1.46
6445,1.38,1.45
6446,1.36,1.43
6448,1.34,1.42
6449,1.33,1.42
6450,1.32,1.42
6451,1.33,1.43
6452,1.34,1.44
6453,1.35,1.45
6454,1.37,1.47
6455,1.39,1.48
6457,1.40,1.48
6458,1.40,1.48
6459,1.40,1.47
6460,1.40,1.46
6461,1.38,1.45
6462,1.37,1.44
6463,1.35,1.43
6464,1.33,1.42
6466,1.32,1.42
6467,1.32,1.43
6468,1.33,1.44
6469,1.34,1.45
6470,1.36,1.46
6471,1.38,1.47
6472,1.39,1.48
6474,1.39,1.48
6475,1.39,1.47
6476,1.39,1.47
6477,1.39,1.45
6478,1.37,1.44
6479,1.35,1.43
6480,1.33,1.42
6481,1.32,1.42
6483,1.32,1.42
6484,1.32,1.43
6486,1.33,1.44
6487,1.35,1.45
6488,1.37,1.46
6489,1.38,1.48
6490,1.39,1.48
6491,1.39,1.48
6493,1.39,1.47
6494,1.39,1.46
6495,1.37,1.44
6496,1.36,1.43
6497,1.34,1.42
6498,1.32,1.41
6499,1.31,1.42
6500,1.31,1.42
6502,1.32,1.43
6503,1.34,1.45
6504,1.35,1.46
6505,1.37,1.47
6506,1.39,1.48
6507,1.39,1.47
6508,1.39,1.47
6510,1.39,1.46
6511,1.38,1.45
6512,1.36,1.43
6513,1.34,1.42
6514,1.32,1.41
6515,1.31,1.41
6516,1.31,1.42
6517,1.31,1.43
6519,1.33,1.44
6520,1.34,1.45
6521,1.36,1.46
6522,1.38,1.47
6523,1.38,1.47
6524,1.38,1.47
6525,1.38,1.46
6526,1.38,1.45
6529,1.36,1.44
6530,1.34,1.42
6531,1.32,1.41
6532,1.30,1.41
6533,1.30,1.41
6534,1.30,1.42
6535,1.31,1.43
6536,1.33,1.44
6538,1.34,1.45
6539,1.36,1.46
6540,1.37,1.47
6541,1.38,1.47
6542,1.38,1.46
6543,1.37,1.45
6544,1.36,1.44
6546,1.34,1.43
6547,1.32,1.41
6548,1.30,1.40
6549,1.30,1.41
6550,1.30,1.41
6551,1.30,1.42
6552,1.32,1.43
6553,1.33,1.44
6555,1.35,1.46
6556,1.37,1.47
6557,1.37,1.47
6558,1.37,1.46
6559,1.37,1.45
6560,1.36,1.44
6561,1.35,1.43
6562,1.33,1.42
6564,1.31,1.40
6565,1.30,1.40
6566,1.29,1.41
6567,1.30,1.42
6568,1.31,1.43
6569,1.32,1.44
6571,1.34,1.45
6572,1.36,1.46
6574,1.37,1.47
6575,1.37,1.46
6576,1.37,1.46
6577,1.36,1.45
6578,1.35,1.43
6579,1.33,1.42
6580,1.31,1.41
6582,1.30,1.40
6583,1.29,1.40
6584,1.29,1.41
6585,1.30,1.42
6586,1.31,1.43
6587,1.33,1.45
6588,1.35,1.46
6589,1.36,1.47
6591,1.37,1.46
6592,1.37,1.46
6593,1.36,1.45
6594,1.36,1.44
6595,1.34,1.43
6596,1.32,1.41
6597,1.30,1.40
6598,1.29,1.40
6600,1.29,1.41
6601,1.30,1.42
6602,1.31,1.43
6603,1.32,1.44
6604,1.34,1.45
6605,1.36,1.46
6606,1.37,1.46
6607,1.37,1.46
6609,1.37,1.46
6610,1.36,1.44
6611,1.35,1.43
6612,1.33,1.42
6614,1.31,1.40
6615,1.29,1.40
6616,1.29,1.40
6617,1.29,1.41
6619,1.30,1.42
6620,1.31,1.43
6621,1.33,1.45
6622,1.35,1.46
6623,1.36,1.47
6624,1.36,1.46
6625,1.36,1.46
6626,1.36,1.45
6628,1.35,1.44
6629,1.34,1.42
6630,1.31,1.41
6631,1.30,1.40
6632,1.29,1.40
6633,1.29,1.41
6634,1.30,1.42
6636,1.31,1.43
6637,1.32,1.44
6638,1.34,1.46
6639,1.36,1.46
6640,1.36,1.46
6641,1.36,1.46
6642,1.36,1.45
6643,1.36,1.44
6645,1.34,1.43
6646,1.32,1.41
6647,1.30,1.40
6648,1.29,1.40
6649,1.29,1.40
6650,1.29,1.41
6651,1.30,1.42
6652,1.31,1.43
6654,1.33,1.45
6656,1.35,1.46
6657,1.36,1.46
6658,1.36,1.46
6659,1.36,1.46
6660,1.36,1.45
6661,1.35,1.43
6662,1.33,1.42
6664,1.31,1.40
6665,1.29,1.39
6666,1.28,1.40
6667,1.29,1.41
6668,1.30,1.42
6669,1.30,1.43
6670,1.32,1.44
6671,1.34,1.45
6673,1.36,1.46
6674,1.36,1.46
6675,1.36,1.46
6676,1.36,1.45
6677,1.35,1.44
6678,1.33,1.42
6679,1.31,1.41
6681,1.30,1.40
6682,1.28,1.40
6683,1.28,1.40
6684,1.29,1.41
6685,1.30,1.42
6686,1.31,1.43
6687,1.33,1.45
6688,1.35,1.46
6690,1.36,1.46
6691,1.36,1.46
6692,1.36,1.45
6693,1.35,1.44
6694,1.34,1.43
6695,1.32,1.41
6696,1.30,1.40
6697,1.28,1.40
6700,1.28,1.40
6701,1.28,1.40
6702,1.29,1.42
6703,1.30,1.43
6704,1.32,1.44
6705,1.34,1.45
6706,1.35,1.46
6707,1.36,1.46
6709,1.35,1.45
6710,1.35,1.44
6711,1.34,1.43
6712,1.33,1.42
6713,1.31,1.41
6714,1.29,1.39
6715,1.28,1.39
6716,1.28,1.40
6718,1.28,1.41
6719,1.30,1.42
6720,1.31,1.44
6721,1.33,1.45
6722,1.34,1.46
6723,1.35,1.46
6724,1.35,1.45
6725,1.35,1.45
6727,1.35,1.44
6728,1.33,1.42
6729,1.31,1.41
6730,1.30,1.40
6731,1.28,1.39
6732,1.27,1.40
6733,1.28,1.41
6735,1.29,1.42
6736,1.30,1.43
6737,1.32,1.44
6738,1.34,1.46
6739,1.35,1.46
6740,1.35,1.46
6742,1.35,1.45
6743,1.35,1.44
6745,1.34,1.43
6746,1.32,1.42
6747,1.30,1.40
6748,1.28,1.39
6749,1.28,1.40
6750,1.28,1.40
6751,1.29,1.41
6752,1.30,1.42
6754,1.31,1.44
6755,1.33,1.45
6756,1.35,1.46
6757,1.35,1.46
6758,1.35,1.45
6759,1.35,1.45
6760,1.34,1.44
6761,1.33,1.42
6763,1.31,1.41
6764,1.29,1.40
6765,1.28,1.40
6766,1.28,1.40
6767,1.28,1.41
6768,1.29,1.42
6769,1.30,1.43
6770,1.32,1.45
6772,1.34,1.46
6773,1.35,1.46
6774,1.35,1.46
6775,1.35,1.45
6776,1.35,1.45
6777,1.34,1.43
6778,1.32,1.42
6779,1.30,1.40
6781,1.29,1.40
6782,1.28,1.40
6784,1.28,1.41
6785,1.29,1.42
6786,1.30,1.43
6787,1.32,1.44
6788,1.34,1.46
6789,1.35,1.46
6791,1.36,1.46
6792,1.36,1.46
6793,1.35,1.45
6794,1.35,1.44
6795,1.33,1.42
6796,1.31,1.41
6797,1.29,1.40
6799,1.28,1.40
6800,1.28,1.40
6801,1.29,1.41
6802,1.30,1.43
6803,1.31,1.44
6804,1.33,1.45
6805,1.35,1.46
6806,1.36,1.46
6808,1.36,1.46
6809,1.36,1.45
6810,1.35,1.44
6811,1.34,1.43
6812,1.32,1.42
6813,1.30,1.40
6814,1.29,1.40
6815,1.28,1.40
6817,1.29,1.41
6818,1.30,1.42
6819,1.31,1.44
6820,1.33,1.45
6821,1.35,1.46
6822,1.36,1.47
6823,1.36,1.47
6824,1.36,1.46
6827,1.36,1.45
6828,1.35,1.44
6829,1.33,1.42
6830,1.31,1.41
6831,1.30,1.40
6832,1.29,1.40
6833,1.29,1.41
6835,1.30,1.42
6836,1.31,1.43
6837,1.32,1.45
6838,1.34,1.46
6839,1.36,1.47
6840,1.37,1.47
6841,1.37,1.46
6842,1.37,1.45
6844,1.36,1.44
6845,1.34,1.43
6846,1.33,1.42
6847,1.30,1.41
6848,1.29,1.41
6849,1.29,1.41
6850,1.30,1.42
6851,1.30,1.43
6853,1.32,1.44
6854,1.34,1.46
6855,1.36,1.47
6856,1.37,1.47
6857,1.37,1.47
6858,1.37,1.46
6859,1.37,1.45
6860,1.36,1.44
6862,1.34,1.43
6863,1.32,1.41
6864,1.30,1.41
6865,1.30,1.41
6866,1.30,1.42
6867,1.31,1.43
6868,1.32,1.44
6871,1.34,1.45
6872,1.36,1.47
6873,1.37,1.48
6874,1.38,1.47
6875,1.38,1.47
6876,1.38,1.46
6877,1.37,1.45
6878,1.35,1.44
6880,1.33,1.42
6881,1.31,1.41
6882,1.30,1.41
6883,1.30,1.42
6884,1.31,1.43
6885,1.32,1.44
6886,1.34,1.45
6887,1.36,1.47
6889,1.37,1.48
6890,1.38,1.48
6891,1.38,1.47
6892,1.38,1.47
6893,1.38,1.46
6894,1.37,1.44
6895,1.35,1.43
6897,1.33,1.42
6898,1.31,1.42
6899,1.31,1.42
6900,1.31,1.43
6901,1.32,1.44
6902,1.34,1.45
6903,1.36,1.47
6904,1.37,1.48
6906,1.39,1.48
6907,1.39,1.48
6908,1.39,1.48
6909,1.39,1.46
6910,1.38,1.46
6912,1.36,1.44
6913,1.34,1.43
6914,1.32,1.43
6916,1.31,1.43
6917,1.32,1.44
6918,1.32,1.44
6919,1.34,1.46
6920,1.35,1.47
6921,1.37,1.48
6922,1.39,1.49
6924,1.39,1.49
6925,1.39,1.49
6926,1.39,1.48
6927,1.39,1.47
6928,1.37,1.45
6929,1.36,1.44
6930,1.33,1.43
6931,1.32,1.43
6933,1.32,1.44
6934,1.33,1.45
6935,1.34,1.45
6936,1.35,1.47
6937,1.37,1.48
6938,1.39,1.49
6939,1.40,1.49
6940,1.40,1.49
6942,1.40,1.48
6943,1.40,1.47
6944,1.39,1.46
6945,1.37,1.45
6946,1.35,1.44
6947,1.34,1.43
6948,1.33,1.44
6950,1.34,1.44
6951,1.35,1.45
6952,1.36,1.46
6953,1.38,1.47
6955,1.40,1.49
6956,1.41,1.49
6957,1.41,1.49
6958,1.41,1.49
6960,1.41,1.48
6961,1.40,1.47
6962,1.39,1.45
6963,1.37,1.44
6964,1.35,1.43
6965,1.34,1.43
6966,1.34,1.44
6967,1.35,1.45
6969,1.36,1.46
6970,1.37,1.47
6971,1.39,1.48
6972,1.41,1.49
6973,1.41,1.49
6974,1.41,1.49
6975,1.41,1.48
6976,1.41,1.48
6978,1.39,1.47
6979,1.38,1.45
6980,1.36,1.44
6981,1.34,1.44
6982,1.34,1.45
6983,1.34,1.45
6984,1.35,1.46
6985,1.37,1.47
6987,1.38,1.49
6988,1.40,1.50
6989,1.41,1.50
6990,1.41,1.50
6991,1.41,1.49
6992,1.41,1.48
6993,1.40,1.47
6994,1.38,1.46
6996,1.36,1.45
6998,1.34,1.44
6999,1.33,1.44
7000,1.33,1.45
7001,1.34,1.46
7002,1.35,1.47
7003,1.37,1.48
7005,1.39,1.49
7006,1.40,1.50
7007,1.41,1.50
7008,1.41,1.49
7009,1.41,1.49
7010,1.40,1.48
7011,1.38,1.46
7012,1.36,1.45
7014,1.34,1.44
7015,1.33,1.44
7016,1.33,1.44
7017,1.33,1.45
7018,1.34,1.46
7019,1.36,1.47
7020,1.37,1.48
7021,1.39,1.49
7023,1.39,1.49
7024,1.38,1.48
7025,1.36,1.47
7026,1.34,1.45
7027,1.31,1.44
7028,1.29,1.42
7029,1.26,1.40
7031,1.23,1.38
7032,1.19,1.36
7033,1.16,1.34
7034,1.12,1.32
7035,1.09,1.30
7036,1.06,1.28
7037,1.03,1.26
7038,1.00,1.24
7041,0.97,1.22
7042,0.94,1.20
7043,0.91,1.18
7044,0.89,1.17
7045,0.87,1.15
7046,0.85,1.14
7047,0.82,1.13
7048,0.80,1.12
7049,0.78,1.10
7051,0.77,1.09
7052,0.75,1.08
7053,0.73,1.07
7054,0.72,1.06
7055,0.70,1.05
7056,0.69,1.04
7057,0.68,1.03
7058,0.67,1.02
7059,0.66,1.01
7061,0.65,1.00
7062,0.65,1.00
7063,0.64,0.99
7064,0.63,0.98
7065,0.63,0.97
7066,0.63,0.97
7067,0.62,0.96
7068,0.62,0.95
7069,0.62,0.95
7071,0.61,0.94
7072,0.61,0.93
7073,0.61,0.93
7074,0.61,0.92
7075,0.61,0.92
7076,0.61,0.91
7077,0.61,0.91
7078,0.61,0.90
7080,0.61,0.90
7081,0.61,0.89
7083,0.62,0.89
7084,0.62,0.88
7085,0.62,0.88
7086,0.62,0.88
7087,0.62,0.87
7088,0.63,0.87
7089,0.63,0.87
7091,0.63,0.86
7092,0.63,0.86
7093,0.63,0.86
7094,0.64,0.86
7095,0.64,0.85
7096,0.64,0.85
7097,0.64,0.85
7098,0.64,0.84
7099,0.65,0.84
7101,0.65,0.84
7102,0.65,0.84
7103,0.65,0.83
7104,0.65,0.83
7105,0.65,0.83
7106,0.65,0.82
7107,0.65,0.82
7108,0.65,0.82
7110,0.65,0.82
7111,0.66,0.82
7112,0.66,0.81
7113,0.66,0.81
7114,0.66,0.81
7115,0.66,0.81
7116,0.66,0.80
7117,0.66,0.80
7118,0.66,0.80
7120,0.67,0.80
7121,0.67,0.80
7122,0.67,0.80
7123,0.67,0.79
7124,0.67,0.79
7126,0.67,0.79
7127,0.67,0.79
7128,0.67,0.79
7130,0.67,0.78
7131,0.67,0.78
7132,0.67,0.78
7133,0.67,0.78
7134,0.67,0.78
7135,0.67,0.77
7136,0.67,0.77
7137,0.67,0.77
7138,0.67,0.77
7140,0.67,0.77
7141,0.67,0.76
7142,0.67,0.76
7143,0.67,0.76
7144,0.67,0.76
7145,0.67,0.76
7146,0.67,0.76
7147,0.67,0.76
7149,0.67,0.75
7150,0.67,0.75
7151,0.67,0.75
7152,0.67,0.75
7153,0.67,0.75
7154,0.67,0.75
7155,0.67,0.75
7156,0.67,0.74
7157,0.67,0.74
7159,0.67,0.74
7160,0.67,0.74
7161,0.67,0.74
7162,0.67,0.74
7163,0.67,0.74
7164,0.67,0.73
7165,0.67,0.73
7166,0.67,0.73
7169,0.67,0.73
7170,0.67,0.73
7171,0.67,0.73
7172,0.67,0.73
7173,0.67,0.73
7174,0.67,0.72
7175,0.67,0.72
7176,0.67,0.72
7177,0.67,0.72
7179,0.67,0.72
7180,0.67,0.72
7181,0.67,0.71
7182,0.67,0.71
7183,0.67,0.71
7184,0.67,0.71
7185,0.67,0.71
7186,0.67,0.71
7188,0.67,0.71
7189,0.67,0.71
7190,0.67,0.70
7191,0.67,0.70
7192,0.67,0.70
7193,0.67,0.70
7194,0.67,0.70
7195,0.67,0.70
7196,0.67,0.70
7198,0.67,0.70
7199,0.67,0.70
7200,0.67,0.69
7201,0.67,0.69
7202,0.67,0.69
7203,0.67,0.69
7204,0.67,0.69
7205,0.67,0.69
7206,0.67,0.69
7207,0.67,0.69
7209,0.67,0.69
7211,0.67,0.69
7212,0.67,0.68
7213,0.67,0.68
7214,0.67,0.68
7215,0.67,0.68
7216,0.67,0.68
7217,0.67,0.68
7218,0.67,0.68
7220,0.67,0.68
7221,0.67,0.68
7222,0.67,0.68
7223,0.67,0.67
7224,0.67,0.67
7225,0.67,0.67
7226,0.67,0.67
7227,0.67,0.67
7228,0.67,0.67
7230,0.67,0.67
7231,0.67,0.67
7232,0.67,0.67
7233,0.67,0.67
7234,0.67,0.67
7235,0.67,0.66
7236,0.67,0.66
7237,0.67,0.66
7239,0.67,0.66
7240,0.67,0.66
7241,0.67,0.66
7242,0.67,0.66
7243,0.67,0.66
7244,0.67,0.66
7245,0.67,0.66
7246,0.67,0.66
7247,0.67,0.66
7249,0.67,0.66
7250,0.67,0.66
7251,0.67,0.65
7252,0.67,0.65
7254,0.67,0.65
7255,0.67,0.65
7256,0.67,0.65
7257,0.67,0.65
7258,0.67,0.65
7260,0.67,0.65
7261,0.67,0.65
7262,0.67,0.65
7263,0.67,0.65
7264,0.67,0.65
7265,0.67,0.65
7266,0.67,0.65
7267,0.67,0.65
7268,0.67,0.65
7270,0.67,0.65
7271,0.67,0.65
7272,0.67,0.65
7273,0.67,0.65
7274,0.67,0.65
7275,0.67,0.65
7276,0.67,0.64
7277,0.67,0.64
7279,0.67,0.64
7280,0.67,0.64
7281,0.67,0.64
7282,0.67,0.64
7283,0.67,0.64
7284,0.67,0.64
7285,0.67,0.64
7286,0.67,0.64
7287,0.67,0.64
7289,0.67,0.64
7290,0.67,0.63
7291,0.67,0.64
7292,0.67,0.63
7293,0.67,0.63
7294,0.67,0.63
7296,0.67,0.63
7297,0.67,0.63
7299,0.67,0.63
7300,0.67,0.63
7301,0.67,0.63
7302,0.67,0.63
7303,0.67,0.63
7304,0.67,0.63
7305,0.67,0.63
7306,0.67,0.62
7308,0.67,0.62
7309,0.67,0.62
7310,0.67,0.62
7311,0.67,0.62
7312,0.67,0.62
7313,0.67,0.62
7314,0.67,0.62
7315,0.67,0.62
7316,0.67,0.62
7318,0.67,0.61
7319,0.67,0.61
7320,0.67,0.61
7321,0.67,0.61
7322,0.67,0.61
7323,0.67,0.61
7324,0.67,0.61
7325,0.67,0.61
7327,0.67,0.61
7328,0.67,0.61
7329,0.67,0.60
7330,0.67,0.60
7331,0.67,0.60
7332,0.67,0.60
7333,0.67,0.60
7334,0.67,0.60
7335,0.67,0.60
7337,0.67,0.60
7339,0.67,0.59
7340,0.67,0.60
7341,0.67,0.59
7342,0.67,0.59
7343,0.67,0.59
7344,0.67,0.59
7345,0.67,0.59
7346,0.67,0.59
7348,0.67,0.59
7349,0.67,0.58
7350,0.67,0.58
7351,0.67,0.58
7352,0.67,0.58
7353,0.67,0.58
7354,0.67,0.58
7355,0.67,0.58
7357,0.67,0.58
7358,0.67,0.57
7359,0.67,0.57
7360,0.67,0.57
7361,0.67,0.57
7362,0.67,0.57
7363,0.67,0.57
7364,0.67,0.56
7365,0.67,0.56
7367,0.67,0.56
7368,0.67,0.56
7369,0.67,0.56
7370,0.67,0.56
7371,0.67,0.55
7372,0.67,0.55
7373,0.67,0.55
7374,0.67,0.55
7376,0.67,0.55
7377,0.67,0.54
7378,0.67,0.54
7379,0.67,0.54
7380,0.67,0.54
7382,0.67,0.54
7383,0.67,0.53
7384,0.67,0.53
7385,0.67,0.53
7387,0.67,0.53
7388,0.67,0.52
7389,0.67,0.52
7390,0.67,0.52
7391,0.67,0.52
7392,0.67,0.51
7393,0.67,0.51
7394,0.67,0.51
7396,0.67,0.51
7397,0.67,0.51
7398,0.67,0.50
7399,0.67,0.50
7400,0.66,0.49
7401,0.66,0.49
7402,0.66,0.49
7403,0.66,0.49
7404,0.66,0.48
7406,0.66,0.48
7407,0.66,0.48
7408,0.66,0.47
7409,0.66,0.47
7410,0.66,0.47
7411,0.66,0.46
7412,0.66,0.46
7413,0.66,0.46
7414,0.66,0.45
7416,0.66,0.45
7417,0.66,0.45
7418,0.66,0.44
7419,0.66,0.44
7420,0.66,0.44
7421,0.66,0.43
7422,0.66,0.43
7424,0.66,0.43
7425,0.66,0.43
7427,0.66,0.42
7428,0.66,0.42
7429,0.66,0.41
7430,0.66,0.41
7431,0.66,0.40
7432,0.66,0.40
7433,0.66,0.39
7434,0.66,0.39
7435,0.66,0.38
7437,0.66,0.38
7438,0.66,0.37
7439,0.66,0.37
7440,0.65,0.36
7441,0.65,0.36
7442,0.65,0.35
7443,0.65,0.35
7444,0.65,0.34
7446,0.66,0.33
7447,0.66,0.33
7448,0.66,0.32
7449,0.66,0.31
7450,0.66,0.31
7451,0.66,0.30
7452,0.66,0.30
7453,0.65,0.29
7454,0.65,0.28
7456,0.65,0.28
7457,0.65,0.27
7458,0.65,0.26
7459,0.65,0.26
7460,0.65,0.25
7461,0.65,0.24
7462,0.65,0.24
7463,0.65,0.23
7464,0.65,0.22
7467,0.65,0.22
7468,0.65,0.22
7469,0.65,0.21
7470,0.65,0.21
7471,0.65,0.20
7472,0.65,0.19
7473,0.65,0.19
7474,0.65,0.18
7475,0.65,0.18
7477,0.65,0.18
7478,0.65,0.17
7479,0.65,0.17
7480,0.65,0.16
7481,0.65,0.16
7482,0.65,0.15
7483,0.65,0.15
7484,0.65,0.15
7486,0.65,0.14
7487,0.65,0.14
7488,0.65,0.14
7489,0.65,0.13
7490,0.65,0.13
7491,0.65,0.13
7492,0.65,0.12
7493,0.65,0.12
7494,0.65,0.12
7496,0.65,0.12
7497,0.65,0.11
7498,0.65,0.11
7499,0.65,0.11
7500,0.65,0.11
7501,0.65,0.11
7502,0.65,0.10
7503,0.65,0.10
7505,0.65,0.10
7506,0.65,0.10
7507,0.65,0.10
7508,0.65,0.09
7510,0.65,0.09
7511,0.65,0.09
7512,0.65,0.09
7513,0.65,0.09
7514,0.65,0.09
7516,0.65,0.08
7517,0.65,0.08
7518,0.65,0.08
7519,0.65,0.08
7520,0.65,0.08
7521,0.65,0.08
7522,0.65,0.08
7523,0.65,0.08
7524,0.65,0.08
7526,0.65,0.08
7527,0.65,0.07
7528,0.65,0.07
7529,0.65,0.07
7530,0.65,0.07
7531,0.65,0.07
7532,0.65,0.07
7533,0.65,0.07
7534,0.65,0.07
7535,0.65,0.07
7537,0.65,0.07
7538,0.65,0.07
7539,0.65,0.06
7540,0.65,0.07
7541,0.65,0.06
7542,0.65,0.06
7543,0.65,0.06
7544,0.65,0.06
7545,0.65,0.06
7547,0.65,0.06
7548,0.65,0.06
7549,0.65,0.06
7550,0.65,0.06
7552,0.65,0.06
7553,0.65,0.06
7554,0.65,0.06
7555,0.65,0.06
7556,0.65,0.06
7558,0.65,0.06
7559,0.65,0.06
7560,0.65,0.06
7561,0.65,0.06
7562,0.65,0.05
7563,0.65,0.05
7564,0.65,0.05
7565,0.65,0.05
7566,0.65,0.05
7568,0.65,0.05
7569,0.65,0.05
7570,0.65,0.05
7571,0.65,0.05
7572,0.65,0.05
7573,0.65,0.05
7574,0.65,0.05
7575,0.65,0.05
7576,0.65,0.05
7577,0.65,0.05
7579,0.65,0.05
7580,0.65,0.05
7581,0.65,0.05
7582,0.65,0.05
7583,0.65,0.05
7584,0.65,0.05
7585,0.65,0.05
7586,0.65,0.05
7587,0.65,0.05
7589,0.65,0.05
7590,0.65,0.05
7591,0.65,0.05
7592,0.65,0.05
7593,0.65,0.05
7595,0.65,0.05
7596,0.65,0.05
7597,0.65,0.05
7598,0.65,0.05
7600,0.65,0.05
7601,0.65,0.05
7602,0.65,0.05
7603,0.65,0.05
7604,0.65,0.04
7605,0.65,0.05
7606,0.65,0.05
7607,0.65,0.05
7608,0.65,0.05
7609,0.65,0.05
7611,0.65,0.05
7612,0.65,0.05
7613,0.65,0.04
7614,0.65,0.04
7615,0.65,0.04
7616,0.65,0.04
7617,0.65,0.04
7618,0.65,0.04
7619,0.65,0.04
7621,0.65,0.04
7622,0.65,0.04
7623,0.65,0.04
7624,0.65,0.04
7625,0.65,0.04
7626,0.65,0.04
7627,0.65,0.04
7628,0.65,0.04
7629,0.65,0.04
7630,0.65,0.04
7632,0.65,0.04
7633,0.65,0.04
7634,0.65,0.04
7635,0.65,0.04
7636,0.65,0.04
7638,0.65,0.04
7639,0.65,0.04
7640,0.65,0.04
7641,0.65,0.04
7642,0.65,0.04
7644,0.65,0.04
7645,0.65,0.04
7646,0.65,0.04
7647,0.65,0.04
7648,0.65,0.04
7649,0.65,0.04
7650,0.65,0.04
7651,0.65,0.04
7652,0.65,0.04
7653,0.65,0.04
7655,0.65,0.04
7656,0.65,0.04
7657,0.65,0.04
7658,0.65,0.04
7659,0.65,0.04
7660,0.65,0.04
7661,0.65,0.04
7662,0.65,0.04
7663,0.65,0.04
7665,0.65,0.04
7666,0.65,0.04
7667,0.65,0.04
7668,0.65,0.04
7669,0.65,0.04
7670,0.65,0.04
7671,0.65,0.04
7672,0.65,0.04
7673,0.65,0.04
7675,0.65,0.04
7676,0.65,0.04
7677,0.65,0.04
7678,0.65,0.04
7680,0.65,0.04
7681,0.65,0.05
7682,0.65,0.05
7683,0.65,0.05
7684,0.65,0.05
7685,0.65,0.06
7687,0.65,0.06
7688,0.65,0.07
7689,0.65,0.07
7690,0.65,0.08
7691,0.65,0.08
7692,0.65,0.08
7693,0.65,0.08
7694,0.65,0.09
7695,0.65,0.09
7697,0.65,0.10
7698,0.65,0.10
7699,0.65,0.11
7700,0.65,0.11
7701,0.65,0.11
7702,0.65,0.12
7703,0.65,0.12
7704,0.65,0.12
7705,0.65,0.13
7707,0.65,0.13
7708,0.65,0.13
7709,0.65,0.14
7710,0.65,0.14
7711,0.65,0.15
7712,0.65,0.15
7713,0.65,0.15
7714,0.65,0.16
7715,0.65,0.17
7717,0.65,0.17
7718,0.65,0.17
7719,0.65,0.18
7720,0.65,0.19
7721,0.65,0.19
7723,0.65,0.20
7724,0.65,0.20
7725,0.66,0.20
7727,0.66,0.21
7728,0.66,0.21
7729,0.66,0.22
7730,0.66,0.22
7731,0.66,0.22
7732,0.66,0.23
7733,0.66,0.23
7734,0.66,0.24
7735,0.66,0.24
7737,0.66,0.24
7738,0.66,0.25
7739,0.66,0.25
7740,0.66,0.26
7741,0.66,0.26
7742,0.66,0.26
7743,0.66,0.27
7744,0.66,0.27
7746,0.66,0.27
7747,0.66,0.28
7748,0.66,0.28
7749,0.66,0.28
7750,0.66,0.29
7751,0.66,0.29
7752,0.66,0.29
7753,0.66,0.30
7754,0.66,0.30
7756,0.66,0.31
7757,0.66,0.31
7758,0.66,0.31
7759,0.66,0.32
7760,0.66,0.32
7761,0.66,0.32
7762,0.66,0.32
7763,0.66,0.33
7764,0.66,0.33
7767,0.66,0.34
7768,0.66,0.34
7769,0.66,0.34
7770,0.66,0.34
7771,0.66,0.35
7772,0.66,0.35
7773,0.66,0.35
7774,0.66,0.35
7776,0.66,0.36
7777,0.66,0.36
7778,0.66,0.36
7779,0.66,0.36
7780,0.67,0.37
7781,0.66,0.37
7782,0.66,0.37
7783,0.66,0.37
7784,0.67,0.37
7786,0.67,0.38
7787,0.67,0.38
7788,0.67,0.38
7789,0.66,0.39
7790,0.67,0.39
7791,0.66,0.39
7792,0.66,0.39
7793,0.66,0.39
7795,0.66,0.39
7796,0.67,0.39
7797,0.67,0.40
7798,0.67,0.40
7799,0.67,0.40
7800,0.67,0.40
7801,0.67,0.40
7802,0.67,0.41
7803,0.67,0.41
7805,0.67,0.41
7806,0.67,0.41
7808,0.67,0.42
7809,0.67,0.42
7810,0.67,0.42
7811,0.67,0.42
7812,0.67,0.42
7813,0.67,0.42
7815,0.67,0.42
7816,0.67,0.42
7817,0.67,0.42
7818,0.67,0.42
7819,0.67,0.43
7820,0.67,0.43
7821,0.67,0.43
7822,0.67,0.43
7823,0.67,0.43
7825,0.67,0.43
7826,0.67,0.43
7827,0.67,0.43
7828,0.67,0.43
7829,0.67,0.43
7830,0.67,0.43
7831,0.67,0.43
7832,0.67,0.43
7833,0.68,0.44
7835,0.67,0.44
7836,0.67,0.44
7837,0.68,0.44
7838,0.67,0.44
7839,0.67,0.44
7840,0.67,0.44
7841,0.67,0.44
7842,0.67,0.44
7843,0.68,0.44
7845,0.68,0.44
7846,0.68,0.45
7847,0.68,0.45
7848,0.68,0.45
7849,0.68,0.45
7851,0.68,0.45
7852,0.68,0.45
7853,0.68,0.45
7854,0.68,0.45
7856,0.68,0.45
7857,0.68,0.45
7858,0.68,0.45
7859,0.68,0.45
7860,0.68,0.45
7861,0.68,0.45
7862,0.68,0.45
7863,0.68,0.45
7864,0.68,0.45
7866,0.68,0.46
7867,0.68,0.46
7868,0.68,0.46
7869,0.68,0.46
7870,0.68,0.46
7871,0.68,0.46
7872,0.68,0.46
7873,0.68,0.46
7874,0.68,0.46
7876,0.68,0.46
7877,0.68,0.46
7878,0.68,0.46
7879,0.68,0.46
7880,0.68,0.46
7881,0.68,0.46
7882,0.68,0.46
7883,0.68,0.46
7884,0.68,0.46
7886,0.68,0.46
7887,0.68,0.46
7888,0.68,0.46
7889,0.68,0.46
7890,0.68,0.46
7891,0.68,0.46
7892,0.68,0.46
7894,0.68,0.46
7895,0.68,0.46
7897,0.68,0.46
7898,0.68,0.46
7899,0.68,0.46
7900,0.68,0.46
7901,0.68,0.46
7902,0.68,0.46
7903,0.68,0.46
7904,0.68,0.46
7905,0.68,0.46
7906,0.68,0.46
7908,0.68,0.46
7909,0.68,0.46
7910,0.68,0.46
7911,0.68,0.46
7912,0.68,0.46
7913,0.68,0.46
7914,0.68,0.46
7915,0.68,0.46
7916,0.68,0.46
7918,0.68,0.47
7919,0.68,0.46
7920,0.68,0.47
7921,0.68,0.47
7922,0.68,0.47
7923,0.68,0.47
7924,0.68,0.46
7925,0.68,0.47
7926,0.68,0.47
7928,0.68,0.46
7929,0.68,0.46
7930,0.68,0.46
7931,0.68,0.47
7932,0.68,0.47
7933,0.68,0.47
7934,0.68,0.47
7936,0.68,0.47
7937,0.68,0.47
7939,0.68,0.47
7940,0.68,0.47
7941,0.68,0.47
7942,0.68,0.47
7943,0.68,0.46
7944,0.68,0.47
7945,0.68,0.47
7946,0.68,0.46
7947,0.68,0.47
7949,0.68,0.47
7950,0.68,0.47
7951,0.68,0.47
7952,0.68,0.47
7953,0.68,0.47
7954,0.68,0.47
7955,0.68,0.47
7956,0.68,0.47
7957,0.68,0.47
7959,0.68,0.47
7960,0.68,0.46
7961,0.68,0.47
7962,0.68,0.47
7963,0.68,0.47
7964,0.68,0.47
7965,0.68,0.47
7966,0.68,0.47
7967,0.68,0.46
7969,0.68,0.47
7970,0.68,0.47
7971,0.68,0.47
7972,0.68,0.47
7973,0.68,0.47
7974,0.68,0.47
7975,0.68,0.47
7976,0.68,0.47
7977,0.68,0.47
7980,0.68,0.47
7981,0.68,0.47
7982,0.68,0.47
7983,0.68,0.47
7984,0.68,0.47
7985,0.68,0.48
7986,0.68,0.48
7987,0.68,0.48
7988,0.68,0.48
7990,0.68,0.48
7991,0.68,0.48
7992,0.68,0.48
7993,0.68,0.48
7994,0.68,0.48
7995,0.68,0.48
7996,0.68,0.48
7997,0.68,0.48
7998,0.68,0.48
8000,0.68,0.48
8001,0.68,0.48
8002,0.68,0.48
8003,0.68,0.48
8004,0.68,0.48
8005,0.68,0.48
8006,0.68,0.48
8007,0.68,0.48
8008,0.68,0.48
8010,0.68,0.48
8011,0.68,0.48
8012,0.68,0.47
8013,0.68,0.47
8014,0.68,0.47
8015,0.68,0.47
8016,0.68,0.47
8017,0.68,0.47
8018,0.68,0.47
8019,0.67,0.47
8022,0.67,0.47
8023,0.67,0.47
8024,0.67,0.47
8025,0.67,0.47
8026,0.67,0.47
8027,0.67,0.46
8028,0.67,0.46
8029,0.67,0.46
8030,0.67,0.46
8032,0.67,0.46
8033,0.67,0.46
8034,0.67,0.46
8035,0.67,0.46
8036,0.67,0.45
8037,0.67,0.45
8038,0.67,0.45
8039,0.67,0.45
8040,0.67,0.45
8042,0.67,0.45
8043,0.67,0.44
8044,0.67,0.44
8045,0.67,0.44
8046,0.67,0.44
8047,0.67,0.43
8048,0.67,0.43
8049,0.67,0.43
8050,0.67,0.43
8052,0.67,0.43
8053,0.67,0.43
8054,0.67,0.43
8055,0.67,0.42
8056,0.67,0.42
8057,0.67,0.42
8058,0.67,0.42
8059,0.67,0.41
8060,0.67,0.41
8062,0.67,0.40
8064,0.67,0.40
8065,0.67,0.40
8066,0.67,0.39
8067,0.67,0.39
8068,0.67,0.39
8069,0.67,0.38
8070,0.67,0.38
8072,0.67,0.38
8073,0.67,0.37
8074,0.67,0.37
8075,0.67,0.37
8076,0.67,0.36
8077,0.67,0.36
8078,0.67,0.36
8079,0.67,0.35
8080,0.67,0.35
8082,0.67,0.35
8083,0.67,0.34
8084,0.67,0.34
8085,0.67,0.34
8086,0.67,0.33
8087,0.67,0.33
8088,0.67,0.33
8089,0.67,0.32
8091,0.67,0.32
8092,0.67,0.32
8093,0.67,0.31
8094,0.67,0.31
8095,0.67,0.30
8096,0.67,0.30
8097,0.67,0.30
8098,0.67,0.29
8099,0.67,0.29
8101,0.67,0.29
8102,0.66,0.28
8103,0.66,0.28
8104,0.66,0.27
8105,0.66,0.27
8107,0.66,0.27
8108,0.66,0.26
8109,0.66,0.26
8110,0.66,0.25
8112,0.66,0.25
8113,0.66,0.24
8114,0.66,0.24
8115,0.66,0.23
8116,0.66,0.23
8117,0.66,0.23
8118,0.66,0.23
8119,0.66,0.22
8120,0.66,0.22
8122,0.66,0.22
8123,0.66,0.21
8124,0.66,0.21
8125,0.66,0.20
8126,0.66,0.20
8127,0.66,0.19
8128,0.66,0.19
8129,0.66,0.18
8130,0.66,0.18
8132,0.66,0.17
8133,0.66,0.17
8134,0.66,0.16
8135,0.66,0.16
8136,0.66,0.15
8137,0.66,0.15
8138,0.66,0.15
8139,0.66,0.14
8141,0.66,0.14
8142,0.66,0.14
8143,0.66,0.13
8144,0.66,0.13
8145,0.66,0.12
8146,0.66,0.12
8147,0.66,0.12
8148,0.66,0.12
8150,0.66,0.11
8152,0.66,0.11
8153,0.66,0.11
8154,0.66,0.10
8155,0.66,0.10
8156,0.66,0.10
8157,0.66,0.10
8158,0.66,0.10
8159,0.66,0.09
8160,0.66,0.09
8162,0.66,0.09
8163,0.66,0.09
8164,0.66,0.09
8165,0.66,0.08
8166,0.66,0.08
8167,0.66,0.08
8168,0.66,0.08
8169,0.66,0.08
8170,0.66,0.08
8172,0.66,0.08
8173,0.66,0.08
8174,0.66,0.07
8175,0.66,0.07
8176,0.66,0.07
8177,0.66,0.07
8178,0.66,0.07
8179,0.66,0.07
8180,0.66,0.07
8182,0.67,0.06
8183,0.67,0.06
8184,0.66,0.06
8185,0.67,0.06
8186,0.67,0.06
8187,0.67,0.06
8188,0.67,0.06
8189,0.67,0.06
8190,0.67,0.06
8193,0.67,0.06
8194,0.67,0.06
8195,0.67,0.06
8196,0.67,0.06
8197,0.67,0.06
8198,0.67,0.05
8199,0.67,0.05
8200,0.67,0.05
8201,0.67,0.05
8202,0.67,0.05
8204,0.67,0.05
8205,0.67,0.05
8206,0.67,0.05
8207,0.67,0.05
8208,0.67,0.05
8209,0.67,0.05
8210,0.67,0.05
8211,0.67,0.05
8212,0.67,0.05
8214,0.67,0.05
8215,0.67,0.05
8216,0.67,0.05
8217,0.67,0.05
8218,0.67,0.05
8219,0.67,0.05
8220,0.67,0.05
8221,0.67,0.05
8222,0.67,0.05
8224,0.67,0.04
8225,0.67,0.04
8226,0.67,0.04
8227,0.67,0.04
8228,0.67,0.04
8229,0.67,0.04
8230,0.67,0.04
8231,0.67,0.04
8232,0.67,0.04
8233,0.67,0.04
8236,0.67,0.04
8237,0.67,0.04
8238,0.67,0.04
8239,0.67,0.04
8240,0.67,0.04
8241,0.67,0.04
8242,0.67,0.04
8243,0.67,0.04
8244,0.67,0.04
8245,0.67,0.04
8247,0.67,0.04
8248,0.67,0.04
8249,0.67,0.04
8250,0.67,0.04
8251,0.67,0.04
8252,0.67,0.04
8253,0.67,0.04
8254,0.67,0.04
8255,0.67,0.04
8257,0.67,0.04
8258,0.67,0.04
8259,0.67,0.04
8260,0.67,0.04
8261,0.67,0.04
8262,0.67,0.04
8263,0.68,0.04
8264,0.68,0.04
8265,0.67,0.04
8267,0.68,0.04
8268,0.68,0.04
8269,0.68,0.04
8270,0.67,0.04
8271,0.67,0.04
8272,0.67,0.04
8273,0.67,0.04
8274,0.67,0.04
8275,0.67,0.04
8276,0.67,0.04
8279,0.67,0.04
8280,0.67,0.04
8281,0.67,0.04
8282,0.68,0.04
8283,0.67,0.04
8284,0.67,0.04
8285,0.67,0.04
8286,0.67,0.04
8287,0.67,0.04
8289,0.67,0.04
8290,0.67,0.04
8291,0.67,0.04
8292,0.68,0.04
8293,0.68,0.04
8294,0.68,0.04
8295,0.68,0.04
8296,0.68,0.04
8297,0.68,0.04
8299,0.68,0.04
8300,0.68,0.04
8301,0.68,0.04
8302,0.68,0.04
8303,0.68,0.04
8304,0.68,0.04
8305,0.68,0.03
8306,0.68,0.04
8307,0.68,0.04
8309,0.68,0.03
8310,0.68,0.04
8311,0.68,0.03
8312,0.68,0.04
8313,0.68,0.04
8314,0.68,0.03
8315,0.68,0.04
8316,0.68,0.03
8317,0.68,0.04
8320,0.68,0.03
8321,0.68,0.03
8322,0.68,0.03
8323,0.68,0.03
8324,0.68,0.03
8325,0.67,0.03
8326,0.68,0.03
8327,0.67,0.03
8328,0.68,0.03
8329,0.68,0.03
8331,0.68,0.03
8332,0.68,0.04
8333,0.68,0.04
8334,0.68,0.04
8335,0.68,0.04
8336,0.68,0.05
8337,0.68,0.06
8338,0.68,0.06
8339,0.68,0.07
8340,0.68,0.08
8342,0.68,0.09
8343,0.68,0.09
8344,0.68,0.10
8345,0.68,0.11
8346,0.68,0.12
8347,0.68,0.13
8348,0.68,0.14
8349,0.68,0.15
8351,0.68,0.16
8352,0.68,0.17
8353,0.68,0.18
8354,0.68,0.19
8355,0.68,0.20
8356,0.69,0.21
8357,0.68,0.22
8358,0.69,0.22
8359,0.69,0.23
8361,0.69,0.24
8363,0.69,0.25
8364,0.69,0.26
8365,0.69,0.27
8366,0.69,0.28
8367,0.69,0.29
8368,0.69,0.29
8369,0.69,0.30
8370,0.69,0.31
8372,0.69,0.32
8373,0.69,0.33
8374,0.69,0.34
8375,0.69,0.35
8376,0.69,0.36
8377,0.69,0.36
8378,0.69,0.37
8379,0.70,0.38
8381,0.70,0.38
8382,0.70,0.39
8383,0.70,0.40
8384,0.70,0.40
8385,0.70,0.41
8386,0.70,0.42
8387,0.70,0.42
8388,0.70,0.43
8389,0.70,0.43
8391,0.70,0.43
8392,0.70,0.44
8393,0.70,0.44
8394,0.70,0.44
8395,0.70,0.45
8396,0.70,0.45
8397,0.70,0.46
8398,0.70,0.46
8399,0.70,0.46
8400,0.69,0.47
8402,0.70,0.47
8403,0.69,0.48
8404,0.69,0.48
8406,0.69,0.48
8407,0.69,0.49
8408,0.69,0.49
8409,0.69,0.49
8410,0.69,0.49
8411,0.69,0.50
8413,0.69,0.50
8414,0.69,0.50
8415,0.69,0.51
8416,0.69,0.51
8417,0.69,0.51
8418,0.69,0.51
8419,0.69,0.52
8420,0.69,0.52
8421,0.69,0.52
8423,0.69,0.52
8424,0.69,0.53
8425,0.69,0.53
8426,0.69,0.53
8427,0.69,0.53
8428,0.69,0.53
8429,0.69,0.53
8430,0.69,0.53
8431,0.69,0.54
8433,0.69,0.54
8434,0.68,0.54
8435,0.69,0.54
8436,0.68,0.54
8437,0.68,0.55
8438,0.68,0.55
8439,0.68,0.55
8440,0.68,0.55
8441,0.68,0.55
8443,0.68,0.55
8444,0.68,0.55
8445,0.68,0.55
8446,0.68,0.55
8448,0.68,0.55
8449,0.68,0.56
8450,0.68,0.56
8451,0.68,0.56
8453,0.68,0.56
8454,0.68,0.56
8455,0.68,0.56
8456,0.68,0.56
8457,0.68,0.56
8458,0.68,0.56
8459,0.68,0.56
8460,0.68,0.56
8461,0.68,0.56
8463,0.68,0.56
8464,0.68,0.56
8465,0.68,0.56
8466,0.68,0.56
8467,0.68,0.56
8468,0.68,0.56
8469,0.68,0.56
8470,0.68,0.56
8471,0.68,0.57
8473,0.68,0.57
8474,0.68,0.57
8475,0.68,0.57
8476,0.68,0.57
8477,0.68,0.57
8478,0.68,0.57
8479,0.68,0.57
8480,0.68,0.57
8482,0.68,0.57
8483,0.68,0.57
8484,0.68,0.57
8485,0.68,0.57
8486,0.68,0.57
8487,0.68,0.57
8488,0.68,0.57
8489,0.68,0.57
8491,0.68,0.57
8493,0.68,0.57
8494,0.68,0.57
8495,0.68,0.57
8496,0.68,0.57
8497,0.68,0.57
8498,0.69,0.57
8499,0.68,0.57
8500,0.69,0.57
8501,0.69,0.58
8503,0.69,0.58
8504,0.69,0.58
8505,0.68,0.58
8506,0.68,0.58
8507,0.69,0.58
8508,0.68,0.58
8509,0.69,0.58
8510,0.69,0.58
8511,0.69,0.58
8513,0.69,0.58
8514,0.69,0.58
8515,0.69,0.58
8516,0.69,0.58
8517,0.69,0.58
8518,0.69,0.58
8519,0.68,0.58
8520,0.68,0.58
8522,0.68,0.58
8523,0.68,0.58
8524,0.68,0.58
8525,0.68,0.58
8526,0.68,0.59
8527,0.68,0.58
8528,0.68,0.58
8529,0.68,0.58
8530,0.69,0.58
8532,0.69,0.58
8534,0.69,0.58
8535,0.69,0.58
8536,0.69,0.58
8537,0.68,0.58
8538,0.68,0.58
8539,0.68,0.58
8540,0.68,0.58
8541,0.69,0.58
8542,0.69,0.58
8544,0.68,0.58
8545,0.68,0.58
8546,0.69,0.59
8547,0.69,0.59
8548,0.69,0.59
8549,0.69,0.59
8550,0.69,0.59
8551,0.69,0.59
8553,0.69,0.58
8554,0.69,0.59
8555,0.69,0.59
8556,0.69,0.59
8557,0.69,0.59
8558,0.69,0.59
8559,0.69,0.59
8560,0.69,0.58
8561,0.69,0.59
8563,0.69,0.59
8564,0.69,0.59
8565,0.69,0.59
8566,0.69,0.59
8567,0.69,0.59
8568,0.69,0.59
8569,0.69,0.59
8570,0.69,0.59
8571,0.69,0.59
8573,0.69,0.59
8574,0.69,0.59
8576,0.69,0.59
8577,0.69,0.59
8578,0.69,0.59
8579,0.69,0.59
8580,0.69,0.59
8581,0.69,0.59
8583,0.69,0.59
8584,0.69,0.59
8585,0.69,0.59
8586,0.69,0.59
8587,0.69,0.59
8588,0.69,0.59
8589,0.69,0.59
8590,0.69,0.59
8591,0.69,0.59
8593,0.69,0.59
8594,0.69,0.59
8595,0.69,0.59
8596,0.69,0.59
8597,0.69,0.59
8598,0.69,0.59
8599,0.69,0.59
8600,0.69,0.59
8602,0.69,0.59
8603,0.69,0.59
8604,0.69,0.59
8605,0.69,0.59
8606,0.69,0.59
8607,0.69,0.59
8608,0.69,0.59
8609,0.69,0.59
8610,0.69,0.59
8612,0.69,0.59
8613,0.69,0.59
8614,0.69,0.59
8615,0.69,0.59
8616,0.69,0.59
8617,0.69,0.59
8619,0.69,0.59
8620,0.69,0.59
8622,0.69,0.59
8623,0.69,0.59
8624,0.69,0.58
8625,0.69,0.59
8626,0.69,0.59
8627,0.69,0.59
8628,0.69,0.59
8629,0.69,0.59
8630,0.69,0.59
8632,0.69,0.58
8633,0.69,0.59
8634,0.69,0.59
8635,0.69,0.59
8636,0.69,0.59
8637,0.69,0.59
8638,0.69,0.59
8639,0.69,0.58
8640,0.69,0.59
8642,0.69,0.58
8643,0.69,0.59
8644,0.69,0.58
8645,0.69,0.58
8646,0.69,0.58
8647,0.69,0.59
8648,0.69,0.58
8649,0.69,0.58
8650,0.69,0.58
8652,0.69,0.58
8653,0.69,0.58
8654,0.69,0.58
8655,0.69,0.58
8656,0.69,0.58
8657,0.69,0.58
8658,0.69,0.58
8659,0.69,0.58
8660,0.69,0.58
8663,0.69,0.58
8664,0.69,0.58
8665,0.69,0.58
8666,0.69,0.59
8667,0.69,0.58
8668,0.69,0.58
8669,0.69,0.58
8670,0.69,0.58
8671,0.69,0.58
8673,0.69,0.59
8674,0.69,0.58
8675,0.69,0.58
8676,0.69,0.58
8677,0.69,0.58
8678,0.69,0.58
8679,0.70,0.58
8680,0.70,0.58
8681,0.69,0.58
8683,0.70,0.58
8684,0.69,0.58
8685,0.69,0.58
8686,0.69,0.58
8687,0.69,0.58
8688,0.69,0.58
8689,0.69,0.58
8690,0.69,0.58
8691,0.69,0.58
8693,0.69,0.58
8694,0.69,0.58
8695,0.69,0.58
8696,0.69,0.58
8697,0.69,0.58
8698,0.69,0.58
8699,0.69,0.58
8700,0.69,0.58
8701,0.69,0.58
8704,0.69,0.58
8705,0.69,0.58
8706,0.69,0.58
8707,0.69,0.58
8708,0.69,0.58
8709,0.69,0.58
8710,0.70,0.58
8711,0.69,0.58
8712,0.70,0.58
8714,0.70,0.58
8715,0.69,0.57
8716,0.69,0.57
8717,0.68,0.57
8718,0.68,0.57
8719,0.68,0.56
8720,0.68,0.56
8721,0.67,0.56
8722,0.67,0.56
8724,0.67,0.56
8725,0.67,0.56
8726,0.67,0.56
8727,0.67,0.56
8728,0.67,0.56
8729,0.67,0.58
8730,0.70,0.61
8731,0.73,0.65
8733,0.77,0.69
8734,0.82,0.74
8735,0.86,0.79
8736,0.91,0.84
8737,0.95,0.87
8738,0.99,0.89
8739,1.02,0.92
8740,1.05,0.93
8741,1.07,0.94
8743,1.08,0.94
8744,1.09,0.93
8745,1.09,0.94
8747,1.11,0.97
8748,1.13,0.99
8749,1.16,1.03
8750,1.20,1.07
8751,1.24,1.10
8753,1.27,1.14
8754,1.30,1.17
8755,1.33,1.19
8756,1.36,1.20
8757,1.37,1.21
8758,1.38,1.21
8759,1.38,1.20
8760,1.37,1.19
8762,1.36,1.18
8763,1.36,1.19
8764,1.36,1.20
8765,1.37,1.22
8766,1.39,1.25
8767,1.41,1.27
8768,1.43,1.30
8769,1.46,1.32
8771,1.48,1.33
8772,1.48,1.34
8773,1.49,1.34
8774,1.49,1.33
8775,1.48,1.32
8776,1.46,1.30
8777,1.45,1.29
8778,1.42,1.28
8780,1.42,1.28
8781,1.41,1.30
8782,1.42,1.31
8783,1.43,1.32
8784,1.45,1.34
8785,1.46,1.36
8786,1.47,1.37
8787,1.48,1.37
8790,1.48,1.37
8791,1.47,1.37
8792,1.46,1.35
8793,1.45,1.33
8794,1.42,1.31
8795,1.40,1.30
8796,1.38,1.29
8797,1.37,1.30
8799,1.38,1.30
8800,1.38,1.32
8801,1.39,1.33
8802,1.41,1.35
8803,1.42,1.37
8804,1.43,1.37
8805,1.43,1.37
8806,1.43,1.37
8808,1.43,1.36
8809,1.41,1.34
8810,1.39,1.32
8811,1.37,1.30
8812,1.35,1.29
8813,1.34,1.30
8814,1.34,1.30
8815,1.34,1.31
8817,1.36,1.33
8818,1.37,1.34
8819,1.39,1.36
8820,1.40,1.37
8821,1.41,1.37
8822,1.41,1.37
8823,1.41,1.36
8824,1.40,1.35
8826,1.38,1.33
8827,1.36,1.31
8828,1.34,1.30
8829,1.33,1.30
8830,1.32,1.30
8832,1.33,1.31
8833,1.34,1.33
8835,1.36,1.34
8836,1.37,1.36
8837,1.39,1.38
8838,1.40,1.38
8839,1.40,1.38
8840,1.40,1.37
8841,1.40,1.36
8842,1.39,1.35
8844,1.37,1.33
8845,1.35,1.31
8846,1.33,1.30
8847,1.32,1.31
8848,1.33,1.32
8849,1.34,1.33
8850,1.35,1.34
8851,1.37,1.36
8853,1.38,1.38
8854,1.40,1.39
8855,1.40,1.39
8856,1.41,1.39
8857,1.41,1.37
8858,1.40,1.36
8859,1.38,1.34
8860,1.36,1.33
8862,1.34,1.31
8863,1.33,1.31
8864,1.33,1.32
8865,1.34,1.33
8866,1.35,1.35
8867,1.36,1.36
8868,1.38,1.38
8869,1.40,1.39
8871,1.40,1.40
8872,1.41,1.39
8873,1.41,1.39
8875,1.40,1.38
8876,1.39,1.36
8877,1.37,1.34
8878,1.35,1.32
8879,1.33,1.32
8881,1.33,1.32
8882,1.33,1.33
8883,1.34,1.35
8884,1.36,1.36
8885,1.37,1.38
8886,1.39,1.39
8887,1.40,1.40
8888,1.41,1.40
8890,1.41,1.40
8891,1.41,1.39
8892,1.40,1.37
8893,1.38,1.35
8894,1.36,1.33
8895,1.34,1.32
8896,1.33,1.32
8897,1.33,1.33
8899,1.34,1.34
8900,1.35,1.36
8901,1.37,1.37
8902,1.38,1.39
8903,1.40,1.40
8904,1.41,1.40
8905,1.41,1.40
8906,1.41,1.39
8908,1.40,1.38
8909,1.39,1.37
8910,1.37,1.34
8911,1.35,1.33
8912,1.33,1.32
8913,1.33,1.33
8914,1.33,1.34
8915,1.35,1.35
8918,1.36,1.37
8919,1.38,1.38
8920,1.39,1.40
8921,1.41,1.40
8922,1.41,1.41
8923,1.41,1.40
8924,1.41,1.39
8925,1.40,1.38
8927,1.38,1.36
8928,1.36,1.34
8929,1.34,1.33
8930,1.33,1.33
8931,1.33,1.34
8932,1.34,1.35
8933,1.35,1.37
8935,1.37,1.38
8936,1.39,1.40
8937,1.40,1.41
8938,1.41,1.41
8939,1.41,1.41
8940,1.41,1.40
8941,1.40,1.38
8942,1.39,1.37
8944,1.37,1.35
8945,1.35,1.33
8946,1.33,1.33
8947,1.33,1.34
8948,1.34,1.35
8949,1.35,1.36
8950,1.36,1.38
8951,1.38,1.39
8953,1.40,1.41
8954,1.41,1.41
8955,1.41,1.41
8956,1.41,1.41
8957,1.41,1.39
8958,1.40,1.38
8960,1.38,1.36
8961,1.36,1.34
8963,1.34,1.33
8964,1.33,1.34
8965,1.34,1.35
8966,1.34,1.36
8967,1.36,1.38
8968,1.37,1.39
8969,1.39,1.41
8970,1.40,1.41
8972,1.41,1.41
8973,1.41,1.41
8974,1.41,1.40
8975,1.40,1.39
8976,1.39,1.37
8977,1.37,1.35
8978,1.35,1.34
8979,1.33,1.34
8981,1.33,1.35
8982,1.34,1.36
8983,1.35,1.37
8984,1.37,1.38
8985,1.38,1.40
8986,1.40,1.41
8987,1.41,1.42
8988,1.41,1.42
8990,1.41,1.41
8991,1.41,1.40
8992,1.39,1.38
8993,1.38,1.36
8994,1.35,1.35
8995,1.34,1.34
8996,1.33,1.34
8998,1.33,1.36
8999,1.35,1.37
9000,1.36,1.38
9001,1.37,1.40
9003,1.39,1.41
9004,1.40,1.42
9005,1.41,1.42
9006,1.41,1.41
9008,1.41,1.40
9009,1.40,1.39
9010,1.38,1.37
9011,1.36,1.35
9012,1.34,1.34
9013,1.33,1.34
9014,1.33,1.35
9015,1.34,1.36
9017,1.35,1.38
9018,1.37,1.39
9019,1.38,1.41
9020,1.40,1.42
9021,1.41,1.42
9022,1.41,1.42
9023,1.41,1.41
9024,1.40,1.40
9026,1.39,1.38
9027,1.37,1.36
9028,1.35,1.35
9029,1.33,1.34
9030,1.33,1.35
9031,1.33,1.36
9032,1.34,1.37
9033,1.36,1.39
9035,1.37,1.40
9036,1.39,1.42
9037,1.40,1.42
9038,1.41,1.42
9039,1.41,1.41
9040,1.40,1.40
9041,1.39,1.39
9042,1.38,1.37
9044,1.36,1.35
9046,1.34,1.34
9047,1.33,1.35
9048,1.33,1.35
9049,1.34,1.37
9050,1.35,1.38
9051,1.37,1.39
9052,1.38,1.41
9054,1.40,1.42
9055,1.41,1.42
9056,1.41,1.42
9057,1.41,1.41
9058,1.40,1.40
9059,1.38,1.38
9060,1.37,1.36
9061,1.34,1.35
9063,1.33,1.34
9064,1.33,1.35
9065,1.33,1.36
9066,1.34,1.37
9067,1.36,1.39
9068,1.37,1.40
9069,1.39,1.42
9071,1.40,1.42
9072,1.41,1.42
9073,1.41,1.41
9074,1.40,1.40
9075,1.39,1.39
9076,1.37,1.37
9077,1.35,1.35
9078,1.33,1.34
9080,1.33,1.35
9081,1.33,1.36
9082,1.34,1.37
9083,1.35,1.38
9084,1.37,1.40
9085,1.38,1.41
9086,1.40,1.42
9088,1.40,1.42
9090,1.41,1.42
9091,1.40,1.41
9092,1.39,1.39
9093,1.38,1.38
9094,1.36,1.36
9095,1.34,1.35
9096,1.33,1.34
9097,1.33,1.35
9099,1.33,1.36
9100,1.35,1.38
9101,1.36,1.39
9102,1.38,1.41
9103,1.39,1.42
9104,1.40,1.42
9105,1.40,1.42
9107,1.40,1.41
9108,1.40,1.40
9109,1.39,1.39
9110,1.37,1.37
9111,1.35,1.35
9112,1.33,1.34
9113,1.32,1.35
9114,1.33,1.36
9116,1.34,1.37
9117,1.35,1.39
9118,1.37,1.40
9119,1.39,1.42
9120,1.40,1.42
9121,1.40,1.42
9122,1.40,1.42
9123,1.40,1.41
9125,1.39,1.39
9126,1.38,1.37
9127,1.35,1.36
9128,1.33,1.35
9129,1.32,1.35
9131,1.33,1.35
9132,1.33,1.37
9133,1.35,1.38
9135,1.36,1.40
9136,1.38,1.41
9137,1.39,1.42
9138,1.40,1.42
9139,1.40,1.42
9140,1.40,1.41
9141,1.40,1.40
9142,1.38,1.38
9144,1.36,1.36
9145,1.34,1.35
9146,1.33,1.35
9147,1.32,1.35
9148,1.33,1.36
9149,1.34,1.37
9150,1.35,1.39
9151,1.37,1.40
9153,1.39,1.41
9154,1.40,1.42
9155,1.40,1.42
9156,1.40,1.41
9157,1.40,1.40
9158,1.39,1.39
9159,1.37,1.37
9160,1.35,1.36
9162,1.33,1.35
9163,1.32,1.35
9164,1.33,1.36
9165,1.33,1.37
9166,1.35,1.38
9167,1.36,1.40
9168,1.38,1.41
9169,1.40,1.42
9171,1.40,1.42
9172,1.40,1.42
9174,1.40,1.41
9175,1.39,1.40
9176,1.38,1.38
9177,1.36,1.36
9178,1.34,1.35
9179,1.33,1.35
9181,1.32,1.35
9182,1.33,1.36
9183,1.34,1.38
9184,1.36,1.39
9185,1.37,1.41
9186,1.39,1.42
9187,1.40,1.42
9189,1.40,1.42
9190,1.40,1.41
9191,1.40,1.40
9192,1.39,1.39
9193,1.37,1.37
9194,1.35,1.35
9195,1.33,1.35
9196,1.32,1.35
9198,1.33,1.36
9199,1.34,1.37
9200,1.35,1.38
9201,1.37,1.40
9202,1.38,1.42
9203,1.40,1.42
9204,1.40,1.42
9205,1.40,1.42
9207,1.40,1.41
9208,1.39,1.40
9209,1.38,1.38
9210,1.36,1.36
9211,1.34,1.35
9212,1.32,1.35
9213,1.32,1.35
9214,1.33,1.36
9217,1.34,1.38
9218,1.36,1.39
9219,1.37,1.41
9220,1.39,1.42
9221,1.40,1.42
9222,1.40,1.42
9223,1.40,1.41
9224,1.40,1.40
9226,1.38,1.39
9227,1.37,1.37
9228,1.34,1.35
9229,1.33,1.35
9230,1.32,1.35
9231,1.33,1.36
9232,1.34,1.37
9233,1.35,1.39
9235,1.37,1.40
9236,1.38,1.42
9237,1.40,1.42
9238,1.40,1.42
9239,1.40,1.42
9240,1.40,1.41
9241,1.39,1.39
9242,1.37,1.38
9244,1.35,1.36
9245,1.33,1.34
9246,1.32,1.35
9247,1.33,1.36
9248,1.33,1.37
9249,1.35,1.38
9250,1.36,1.40
9252,1.38,1.41
9253,1.39,1.42
9254,1.40,1.42
9255,1.40,1.42
9256,1.40,1.41
9257,1.40,1.40
9259,1.38,1.38
9260,1.36,1.37
9262,1.34,1.35
9263,1.33,1.35
9264,1.32,1.35
9265,1.33,1.36
9266,1.34,1.37
9267,1.35,1.39
9268,1.37,1.40
9269,1.39,1.42
9271,1.40,1.42
9272,1.40,1.42
9273,1.40,1.42
9274,1.40,1.41
9275,1.39,1.39
9276,1.37,1.37
9277,1.35,1.36
9278,1.33,1.35
9280,1.32,1.35
9281,1.33,1.36
9282,1.33,1.37
9283,1.35,1.38
9284,1.36,1.40
9285,1.38,1.41
9286,1.40,1.42
9287,1.40,1.42
9289,1.40,1.42
9290,1.40,1.41
9291,1.40,1.40
9292,1.38,1.38
9293,1.36,1.37
9294,1.34,1.35
9295,1.33,1.35
9296,1.33,1.35
9298,1.33,1.36
9299,1.34,1.38
9300,1.36,1.39
9302,1.37,1.41
9303,1.39,1.42
9304,1.40,1.42
9305,1.40,1.42
9306,1.40,1.42
9308,1.40,1.41
9309,1.39,1.39
9310,1.37,1.37
9311,1.35,1.36
9312,1.33,1.35
9313,1.32,1.35
9314,1.33,1.36
9315,1.34,1.37
9317,1.35,1.39
9318,1.36,1.40
9319,1.38,1.41
9320,1.40,1.42
9321,1.40,1.42
9322,1.40,1.42
9323,1.40,1.41
9324,1.39,1.40
9326,1.38,1.38
9327,1.36,1.36
9328,1.34,1.35
9329,1.33,1.35
9330,1.33,1.36
9331,1.33,1.37
9332,1.34,1.38
9333,1.36,1.39
9335,1.37,1.41
9336,1.39,1.42
9337,1.40,1.43
9338,1.40,1.42
9339,1.40,1.42
9340,1.40,1.40
9341,1.39,1.39
9342,1.37,1.37
9345,1.35,1.35
9346,1.33,1.35
9347,1.32,1.35
9348,1.33,1.36
9349,1.34,1.37
9350,1.35,1.39
9351,1.37,1.40
9353,1.38,1.42
9354,1.40,1.42
9355,1.40,1.43
9356,1.40,1.42
9357,1.40,1.41
9358,1.39,1.39
9359,1.38,1.38
9360,1.36,1.36
9362,1.33,1.35
9363,1.32,1.35
9364,1.32,1.36
9365,1.33,1.37
9366,1.34,1.38
9367,1.36,1.40
9368,1.38,1.41
9369,1.39,1.42
9371,1.40,1.43
9372,1.40,1.43
9373,1.40,1.42
9374,1.40,1.40
9375,1.38,1.39
9376,1.37,1.37
9377,1.34,1.35
9378,1.33,1.35
9380,1.32,1.35
9381,1.33,1.36
9382,1.34,1.38
9383,1.35,1.39
9384,1.37,1.41
9385,1.39,1.42
9387,1.40,1.42
9388,1.40,1.43
9390,1.40,1.42
9391,1.40,1.41
9392,1.39,1.39
9393,1.37,1.38
9394,1.35,1.36
9395,1.33,1.35
9396,1.32,1.35
9398,1.33,1.36
9399,1.33,1.37
9400,1.35,1.39
9401,1.36,1.40
9402,1.38,1.41
9403,1.39,1.43
9404,1.40,1.43
9405,1.40,1.42
9407,1.40,1.41
9408,1.40,1.40
9409,1.38,1.38
9410,1.36,1.37
9411,1.34,1.35
9412,1.32,1.35
9413,1.32,1.36
9414,1.33,1.37
9416,1.34,1.38
9417,1.36,1.39
9418,1.37,1.41
9419,1.39,1.42
9420,1.40,1.43
9421,1.40,1.43
9422,1.40,1.42
9423,1.40,1.40
9425,1.38,1.39
9426,1.37,1.37
9427,1.35,1.36
9428,1.33,1.35
9430,1.32,1.35
9431,1.33,1.36
9432,1.33,1.37
9434,1.35,1.39
9435,1.37,1.40
9436,1.38,1.42
9437,1.40,1.43
9438,1.40,1.43
9439,1.40,1.42
9440,1.40,1.41
9441,1.39,1.40
9443,1.37,1.38
9444,1.35,1.36
9445,1.33,1.35
9446,1.32,1.35
9447,1.32,1.36
9448,1.33,1.37
9449,1.34,1.38
9450,1.36,1.40
9452,1.37,1.41
9453,1.39,1.42
9454,1.40,1.42
9455,1.40,1.42
9456,1.40,1.42
9457,1.39,1.40
9458,1.38,1.39
9459,1.36,1.37
9461,1.34,1.35
9462,1.33,1.35
9463,1.32,1.35
9464,1.33,1.36
9465,1.34,1.38
9466,1.35,1.39
9467,1.37,1.40
9468,1.38,1.42
9470,1.40,1.43
9472,1.40,1.42
9473,1.40,1.42
9474,1.40,1.41
9475,1.39,1.40
9476,1.37,1.38
9477,1.35,1.36
9478,1.33,1.35
9480,1.32,1.35
9481,1.32,1.36
9482,1.33,1.37
9483,1.34,1.38
9484,1.36,1.40
9485,1.38,1.41
9486,1.39,1.42
9487,1.40,1.43
9489,1.40,1.42
9490,1.40,1.41
9491,1.39,1.40
9492,1.38,1.39
9493,1.36,1.37
9494,1.34,1.35
9495,1.32,1.35
9497,1.32,1.36
9498,1.33,1.36
9499,1.34,1.38
9500,1.35,1.39
9501,1.37,1.41
9502,1.39,1.42
9503,1.40,1.42
9504,1.40,1.42
9506,1.40,1.42
9507,1.40,1.41
9508,1.39,1.39
9509,1.37,1.37
9510,1.35,1.36
9511,1.33,1.35
9512,1.32,1.35
9513,1.33,1.36
9516,1.33,1.37
9517,1.35,1.39
9518,1.36,1.40
9519,1.38,1.42
9520,1.40,1.43
9521,1.40,1.43
9522,1.40,1.42
9523,1.40,1.41
9525,1.39,1.40
9526,1.38,1.38
9527,1.36,1.36
9528,1.34,1.35
9529,1.32,1.35
9530,1.32,1.36
9531,1.33,1.37
9533,1.34,1.38
9534,1.36,1.39
9535,1.37,1.41
9536,1.39,1.42
9537,1.40,1.43
9538,1.40,1.42
9539,1.40,1.42
9540,1.40,1.40
9542,1.38,1.39
9543,1.37,1.37
9544,1.34,1.35
9545,1.33,1.35
9546,1.32,1.35
9547,1.33,1.36
9548,1.34,1.38
9549,1.35,1.39
9551,1.37,1.40
9552,1.38,1.42
9553,1.40,1.43
9554,1.40,1.43
9555,1.40,1.42
9556,1.40,1.41
9558,1.39,1.39
9559,1.37,1.38
9561,1.35,1.36
9562,1.33,1.35
9563,1.32,1.35
9564,1.32,1.36
9565,1.33,1.37
9566,1.34,1.38
9567,1.36,1.40
9568,1.38,1.41
9570,1.39,1.42
9571,1.40,1.43
9572,1.40,1.42
9573,1.40,1.41
9574,1.40,1.40
9575,1.38,1.39
9576,1.36,1.37
9577,1.34,1.35
9579,1.33,1.35
9580,1.32,1.36
9581,1.33,1.37
9582,1.34,1.38
9583,1.35,1.39
9584,1.37,1.41
9585,1.39,1.42
9587,1.40,1.43
9588,1.40,1.43
9589,1.40,1.42
9590,1.40,1.41
9591,1.39,1.39
9592,1.37,1.38
9593,1.35,1.36
9594,1.33,1.35
9596,1.32,1.35
9597,1.33,1.36
9598,1.33,1.37
9600,1.35,1.39
9601,1.36,1.40
9602,1.38,1.41
9603,1.40,1.43
9604,1.40,1.43
9606,1.40,1.42
9607,1.40,1.41
9608,1.39,1.40
9609,1.38,1.39
9610,1.36,1.36
9611,1.34,1.35
9612,1.33,1.35
9613,1.32,1.36
9615,1.33,1.37
9616,1.34,1.38
9617,1.36,1.39
9618,1.37,1.41
9619,1.39,1.42
9620,1.40,1.43
9621,1.40,1.43
9622,1.40,1.42
9624,1.40,1.41
9625,1.39,1.39
9626,1.37,1.37
9627,1.35,1.36
9628,1.33,1.35
9629,1.32,1.35
9630,1.33,1.36
9631,1.34,1.37
9633,1.35,1.39
9634,1.37,1.40
9635,1.38,1.42
9636,1.40,1.42
9637,1.40,1.43
9638,1.40,1.42
9639,1.40,1.42
9640,1.39,1.40
9643,1.38,1.38
9644,1.36,1.36
9645,1.34,1.35
9646,1.33,1.35
9647,1.33,1.36
9648,1.33,1.37
9649,1.34,1.38
9650,1.36,1.40
9652,1.38,1.41
9653,1.39,1.42
9654,1.40,1.43
9655,1.40,1.42
9656,1.40,1.42
9657,1.40,1.41
9658,1.39,1.39
9659,1.37,1.37
9661,1.35,1.35
9662,1.33,1.35
9663,1.32,1.36
9664,1.33,1.36
9665,1.34,1.38
9666,1.35,1.39
9667,1.37,1.41
9669,1.39,1.42
9670,1.40,1.43
9671,1.40,1.43
9672,1.40,1.42
9673,1.40,1.41
9674,1.39,1.40
9675,1.38,1.38
9676,1.36,1.36
9678,1.33,1.35
9679,1.33,1.35
9680,1.33,1.36
9681,1.33,1.37
9682,1.35,1.38
9683,1.36,1.40
9684,1.38,1.41
9686,1.40,1.42
9688,1.40,1.43
9689,1.40,1.42
9690,1.40,1.42
9691,1.40,1.40
9692,1.38,1.39
9693,1.36,1.37
9694,1.34,1.35
9695,1.33,1.35
9697,1.33,1.36
9698,1.33,1.37
9699,1.34,1.38
9700,1.36,1.39
9701,1.37,1.41
9702,1.39,1.42
9703,1.40,1.43
9704,1.40,1.43
9706,1.40,1.42
9707,1.40,1.41
9708,1.39,1.39
9709,1.37,1.38
9710,1.35,1.36
9711,1.33,1.35
9712,1.33,1.35
9713,1.33,1.36
9715,1.34,1.37
9716,1.35,1.39
9717,1.36,1.40
9718,1.38,1.42
9719,1.40,1.43
9720,1.40,1.43
9721,1.40,1.42
9722,1.40,1.41
9724,1.40,1.40
9725,1.38,1.38
9726,1.36,1.37
9728,1.34,1.35
9729,1.33,1.35
9730,1.33,1.35
9731,1.33,1.37
9733,1.34,1.38
9734,1.36,1.39
9735,1.37,1.41
9736,1.39,1.42
9737,1.40,1.42
9738,1.40,1.43
9739,1.40,1.42
9740,1.40,1.41
9742,1.39,1.39
9743,1.37,1.38
9744,1.35,1.36
9745,1.33,1.35
9746,1.33,1.35
9747,1.33,1.36
9748,1.34,1.37
9749,1.35,1.39
9751,1.37,1.40
9752,1.38,1.42
9753,1.40,1.43
9754,1.40,1.43
9755,1.40,1.42
9756,1.40,1.41
9757,1.39,1.40
9758,1.38,1.38
9760,1.36,1.36
9761,1.34,1.35
9762,1.33,1.35
9763,1.33,1.36
9764,1.34,1.37
9765,1.35,1.38
9766,1.36,1.40
9767,1.38,1.41
9769,1.39,1.42
9771,1.40,1.43
9772,1.40,1.42
9773,1.40,1.42
9774,1.40,1.40
9775,1.39,1.39
9776,1.37,1.37
9777,1.35,1.36
9779,1.33,1.35
9780,1.33,1.35
9781,1.33,1.36
9782,1.34,1.38
9783,1.35,1.39
9784,1.37,1.41
9785,1.39,1.42
9786,1.40,1.43
9788,1.40,1.43
9789,1.41,1.42
9790,1.40,1.41
9791,1.39,1.40
9792,1.38,1.38
9793,1.36,1.36
9794,1.34,1.35
9796,1.33,1.35
9797,1.33,1.36
9798,1.34,1.37
9799,1.35,1.39
9800,1.36,1.40
9801,1.38,1.42
9802,1.40,1.43
9803,1.40,1.42
9805,1.41,1.42
9806,1.40,1.42
9807,1.40,1.40
9808,1.38,1.39
9809,1.37,1.37
9810,1.34,1.35
9811,1.33,1.35
9812,1.33,1.36
9815,1.33,1.37
9816,1.34,1.38
9817,1.36,1.39
9818,1.37,1.41
9819,1.39,1.42
9820,1.40,1.43
9821,1.41,1.43
9822,1.41,1.42
9824,1.40,1.41
9825,1.39,1.39
9826,1.37,1.38
9827,1.35,1.36
9828,1.33,1.35
9829,1.33,1.35
9830,1.33,1.36
9831,1.34,1.37
9833,1.35,1.39
9834,1.37,1.40
9835,1.38,1.42
9836,1.40,1.43
9837,1.40,1.43
9838,1.40,1.42
9839,1.40,1.42
9840,1.40,1.40
9842,1.38,1.38
9843,1.36,1.37
9844,1.34,1.35
9845,1.33,1.35
9846,1.33,1.35
9847,1.33,1.37
9848,1.34,1.38
9849,1.36,1.39
9851,1.37,1.41
9852,1.39,1.42
9853,1.40,1.43
9854,1.41,1.42
9856,1.41,1.42
9857,1.40,1.40
9858,1.39,1.39
9859,1.37,1.37
9861,1.35,1.35
9862,1.33,1.35
9863,1.33,1.35
9864,1.33,1.36
9865,1.34,1.37
9866,1.35,1.39
9867,1.37,1.40
9869,1.38,1.42
9870,1.40,1.42
9871,1.40,1.43
9872,1.41,1.42
9873,1.40,1.41
9874,1.40,1.40
9875,1.38,1.38
9876,1.36,1.36
9878,1.34,1.34
9879,1.33,1.35
9880,1.33,1.35
9881,1.33,1.36
9882,1.35,1.38
9883,1.36,1.39
9884,1.38,1.41
9885,1.40,1.42
9887,1.40,1.42
9888,1.41,1.42
9889,1.41,1.41
9890,1.40,1.40
9891,1.39,1.39
9892,1.37,1.37
9893,1.35,1.35
9894,1.33,1.35
9896,1.33,1.35
9897,1.33,1.36
9899,1.34,1.37
9900,1.35,1.39
9901,1.37,1.40
9902,1.39,1.42
9903,1.40,1.42
9904,1.41,1.42
9906,1.41,1.42
9907,1.40,1.41
9908,1.39,1.39
9909,1.38,1.38
9910,1.36,1.36
9911,1.34,1.35
9912,1.33,1.35
9914,1.33,1.36
9915,1.34,1.37
9916,1.35,1.38
9917,1.37,1.40
9918,1.38,1.41
9919,1.40,1.43
9920,1.40,1.43
9921,1.41,1.43
9923,1.41,1.41
9924,1.40,1.40
9925,1.38,1.39
9926,1.37,1.37
9927,1.34,1.35
9928,1.33,1.35
9929,1.33,1.36
9930,1.33,1.37
9932,1.34,1.38
9933,1.36,1.39
9934,1.37,1.41
9935,1.39,1.42
9936,1.40,1.43
9937,1.41,1.43
9938,1.41,1.42
9939,1.40,1.41
9942,1.39,1.40
9943,1.38,1.38
9944,1.35,1.36
9945,1.33,1.35
9946,1.33,1.36
9947,1.33,1.36
9948,1.34,1.38
9949,1.35,1.39
9951,1.37,1.40
9952,1.38,1.42
9953,1.40,1.43
9954,1.40,1.43
9955,1.41,1.43
9956,1.41,1.42
9957,1.40,1.40
9959,1.38,1.39
9960,1.36,1.37
9961,1.34,1.35
9962,1.33,1.35
9963,1.33,1.36
9964,1.34,1.37
9965,1.35,1.38
9966,1.36,1.40
9968,1.38,1.42
9969,1.39,1.43
9970,1.40,1.43
9971,1.41,1.43
9972,1.41,1.42
9973,1.40,1.41
9974,1.39,1.39
9975,1.37,1.38
9977,1.35,1.36
9978,1.33,1.35
9979,1.33,1.36
9980,1.33,1.37
9981,1.34,1.38
9982,1.35,1.39
9984,1.37,1.41
9985,1.39,1.42
9987,1.40,1.43
9988,1.40,1.43
9989,1.41,1.42
9990,1.40,1.42
9991,1.39,1.40
9992,1.38,1.38
9993,1.36,1.36
9994,1.34,1.35
9996,1.33,1.35
9997,1.33,1.37
9998,1.34,1.37
9999,1.35,1.39
10000,1.36,1.40
10001,1.38,1.42
10002,1.40,1.43
10004,1.40,1.43
10005,1.41,1.43
10006,1.41,1.42
10007,1.40,1.40
10008,1.38,1.39
10010,1.36,1.37
10011,1.34,1.35
10012,1.33,1.36
10013,1.33,1.36
10014,1.34,1.38
10015,1.35,1.39
10017,1.37,1.40
10018,1.38,1.42
10019,1.40,1.43
10020,1.41,1.43
10021,1.41,1.42
10023,1.40,1.41
10024,1.39,1.40
10025,1.38,1.38
10027,1.36,1.36
10028,1.34,1.35
10029,1.33,1.36
10031,1.33,1.37
10032,1.34,1.38
10033,1.35,1.39
10034,1.37,1.41
10035,1.39,1.42
10036,1.40,1.43
10038,1.40,1.43
10039,1.41,1.42
10040,1.40,1.41
10041,1.39,1.39
10042,1.37,1.38
10044,1.35,1.36
10045,1.33,1.35
10046,1.33,1.36
10047,1.33,1.37
10048,1.34,1.38
10049,1.36,1.39
10051,1.37,1.41
10052,1.39,1.42
10053,1.40,1.43
10054,1.41,1.43
10055,1.41,1.42
10057,1.40,1.41
10058,1.39,1.39
10059,1.37,1.37
10060,1.35,1.36
10061,1.33,1.35
10062,1.33,1.36
10064,1.33,1.37
10065,1.35,1.38
10066,1.36,1.40
10067,1.38,1.41
10068,1.40,1.43
10071,1.40,1.43
10072,1.41,1.43
10073,1.41,1.42
10074,1.40,1.41
10075,1.38,1.39
10076,1.36,1.37
10078,1.34,1.35
10079,1.33,1.36
10080,1.33,1.36
10081,1.34,1.37
10082,1.35,1.39
10083,1.36,1.40
10085,1.38,1.41
10086,1.40,1.43
10087,1.40,1.43
10088,1.41,1.43
10089,1.41,1.42
10091,1.40,1.40
10092,1.38,1.38
10093,1.36,1.36
10094,1.34,1.35
10095,1.33,1.35
10096,1.33,1.36
10098,1.34,1.37
10099,1.35,1.39
10100,1.37,1.40
10101,1.38,1.42
10102,1.40,1.43
10104,1.40,1.43
10105,1.41,1.42
10106,1.41,1.41
10107,1.39,1.40
10108,1.38,1.38
10109,1.36,1.36
10112,1.34,1.35
10113,1.33,1.36
10114,1.33,1.37
10115,1.34,1.38
10116,1.36,1.39
10117,1.37,1.41
10119,1.39,1.42
10120,1.40,1.43
10121,1.41,1.43
10122,1.41,1.42
10123,1.40,1.41
10125,1.39,1.39
10126,1.37,1.38
10127,1.35,1.36
10128,1.33,1.35
10129,1.33,1.36
10130,1.33,1.37
10132,1.35,1.38
10133,1.36,1.40
10134,1.38,1.41
10135,1.39,1.43
10136,1.40,1.43
10138,1.41,1.43
10139,1.41,1.42
10140,1.40,1.41
10141,1.39,1.39
10142,1.37,1.38
10143,1.35,1.36
10145,1.33,1.35
10146,1.33,1.36
10147,1.34,1.37
10148,1.35,1.38
10149,1.36,1.40
10150,1.38,1.41
10152,1.40,1.43
10153,1.40,1.43
10155,1.41,1.43
10156,1.41,1.42
10157,1.40,1.41
10159,1.38,1.39
10160,1.37,1.37
10161,1.34,1.36
10162,1.33,1.36
10163,1.33,1.36
10164,1.34,1.37
10166,1.35,1.39
10167,1.37,1.40
10168,1.38,1.42
10169,1.40,1.43
10170,1.41,1.43
10172,1.41,1.43
10173,1.41,1.42
10174,1.40,1.40
10175,1.38,1.39
10176,1.36,1.37
10177,1.34,1.35
10179,1.33,1.36
10180,1.33,1.37
10181,1.34,1.38
10182,1.35,1.39
10183,1.37,1.41
10185,1.39,1.42
10186,1.40,1.43
10187,1.41,1.43
10188,1.41,1.43
10189,1.40,1.42
10190,1.39,1.40
10192,1.38,1.38
10193,1.36,1.36
10194,1.34,1.36
10195,1.33,1.36
10196,1.33,1.37
10198,1.34,1.38
10200,1.36,1.40
10201,1.37,1.41
10202,1.39,1.43
10203,1.40,1.43
10204,1.41,1.43
10206,1.41,1.42
10207,1.41,1.41
10208,1.39,1.40
10209,1.37,1.38
10210,1.35,1.36
10211,1.33,1.36
10213,1.33,1.36
10214,1.33,1.37
10215,1.35,1.38
10216,1.36,1.40
10217,1.38,1.41
10219,1.39,1.43
10220,1.40,1.43
10221,1.41,1.43
10222,1.41,1.42
10223,1.40,1.41
10224,1.39,1.39
10226,1.37,1.37
10227,1.35,1.36
10228,1.33,1.36
10229,1.33,1.36
10230,1.34,1.37
10231,1.35,1.39
10233,1.36,1.40
10234,1.38,1.42
10235,1.40,1.43
10236,1.41,1.43
10237,1.41,1.43
10240,1.41,1.42
10241,1.40,1.41
10242,1.38,1.39
10243,1.37,1.37
10244,1.34,1.36
10245,1.33,1.36
10247,1.33,1.36
10248,1.34,1.38
10249,1.35,1.39
10250,1.37,1.41
10251,1.38,1.42
10253,1.40,1.43
10254,1.41,1.43
10255,1.41,1.43
10256,1.41,1.42
10257,1.40,1.40
10258,1.38,1.38
10260,1.36,1.37
10261,1.34,1.36
10262,1.33,1.36
10263,1.33,1.37
10264,1.34,1.38
10265,1.36,1.39
10267,1.37,1.41
10268,1.39,1.42
10269,1.40,1.43
10270,1.41,1.43
10271,1.41,1.43
10273,1.41,1.41
10274,1.39,1.40
10275,1.38,1.38
10276,1.36,1.36
10277,1.34,1.36
10278,1.33,1.36
10280,1.33,1.37
10281,1.34,1.38
10283,1.36,1.40
10284,1.37,1.41
10285,1.39,1.43
10287,1.40,1.43
10288,1.41,1.43
10289,1.41,1.42
10290,1.40,1.41
10291,1.39,1.40
10292,1.37,1.38
10294,1.35,1.36
10295,1.33,1.36
10296,1.33,1.36
10297,1.34,1.37
10298,1.35,1.39
10299,1.36,1.40
10301,1.38,1.42
10302,1.39,1.43
10303,1.41,1.43
10304,1.41,1.43
10305,1.41,1.42
10307,1.40,1.41
10308,1.39,1.39
10309,1.37,1.38
10310,1.35,1.36
10311,1.33,1.36
10312,1.33,1.36
10314,1.34,1.37
10315,1.35,1.39
10316,1.36,1.40
10317,1.38,1.42
10318,1.40,1.43
10320,1.41,1.43
10321,1.41,1.43
10322,1.41,1.42
10323,1.40,1.41
10324,1.38,1.39
10326,1.36,1.37
10328,1.34,1.36
10329,1.33,1.36
10330,1.33,1.37
10331,1.34,1.38
10332,1.35,1.39
10334,1.37,1.41
10335,1.38,1.42
10336,1.40,1.43
10337,1.41,1.43
10338,1.41,1.43
10339,1.41,1.42
10341,1.39,1.40
10342,1.38,1.39
10343,1.36,1.37
10344,1.34,1.36
10345,1.33,1.36
10346,1.33,1.37
10348,1.34,1.38
10349,1.35,1.39
10350,1.37,1.41
10351,1.39,1.43
10352,1.40,1.43
10354,1.41,1.43
10355,1.41,1.43
10356,1.41,1.41
10357,1.39,1.40
10358,1.38,1.38
10359,1.35,1.36
10361,1.34,1.36
10362,1.33,1.36
10363,1.33,1.37
10364,1.34,1.38
10365,1.36,1.40
10368,1.37,1.41
10369,1.39,1.43
10370,1.40,1.43
10371,1.41,1.43
10372,1.41,1.42
10373,1.40,1.41
10375,1.39,1.40
10376,1.37,1.38
10377,1.35,1.36
10378,1.33,1.36
10379,1.33,1.36
10380,1.33,1.37
10382,1.35,1.39
10383,1.36,1.40
10384,1.38,1.42
10385,1.40,1.43
10386,1.41,1.43
10388,1.41,1.43
10389,1.41,1.42
10390,1.40,1.41
10391,1.39,1.39
10392,1.37,1.38
10393,1.35,1.36
10395,1.33,1.36
10396,1.33,1.36
10397,1.34,1.38
10398,1.35,1.39
10399,1.36,1.40
10400,1.38,1.42
10402,1.40,1.43
10403,1.41,1.43
10404,1.41,1.43
10405,1.41,1.42
10406,1.40,1.41
10408,1.38,1.39
10409,1.36,1.37
10411,1.34,1.36
10412,1.33,1.36
10413,1.33,1.37
10414,1.34,1.38
10416,1.35,1.39
10417,1.37,1.41
10418,1.39,1.42
10419,1.40,1.43
10420,1.41,1.43
10422,1.41,1.43
10423,1.41,1.42
10424,1.40,1.40
10425,1.38,1.38
10426,1.36,1.37
10427,1.34,1.36
10429,1.33,1.36
10430,1.33,1.37
10431,1.34,1.38
10432,1.35,1.39
10433,1.37,1.41
10434,1.39,1.42
10436,1.40,1.43
10437,1.41,1.43
10438,1.41,1.43
10439,1.40,1.42
10440,1.39,1.40
10442,1.38,1.38
10443,1.36,1.36
10444,1.34,1.35
10445,1.33,1.36
10446,1.33,1.37
10447,1.34,1.38
10449,1.36,1.40
10450,1.37,1.41
10451,1.39,1.43
10452,1.40,1.43
10454,1.41,1.43
10456,1.41,1.42
10457,1.40,1.41
10458,1.39,1.40
10459,1.37,1.38
10460,1.35,1.36
10461,1.33,1.36
10463,1.33,1.36
10464,1.34,1.37
10465,1.35,1.39
10466,1.36,1.40
10467,1.38,1.42
10468,1.40,1.43
10470,1.41,1.43
10471,1.41,1.43
10472,1.41,1.42
10473,1.40,1.41
10474,1.39,1.39
10476,1.37,1.38
10477,1.35,1.36
10478,1.33,1.36
10479,1.33,1.36
10480,1.34,1.38
10481,1.35,1.39
10483,1.36,1.40
10484,1.38,1.42
10485,1.40,1.43
10486,1.41,1.43
10487,1.41,1.43
10489,1.41,1.42
10490,1.40,1.41
10491,1.39,1.39
10492,1.36,1.37
10493,1.34,1.36
10494,1.33,1.36
10497,1.33,1.37
10498,1.34,1.38
10499,1.35,1.39
10500,1.37,1.41
10501,1.38,1.42
10503,1.40,1.43
10504,1.41,1.43
10505,1.41,1.43
10506,1.41,1.42
10507,1.40,1.40
10508,1.38,1.39
10510,1.36,1.36
10511,1.34,1.36
10512,1.33,1.36
10513,1.33,1.37
10514,1.34,1.38
10515,1.36,1.39
10517,1.37,1.41
10518,1.39,1.43
10519,1.40,1.43
10520,1.41,1.43
10521,1.41,1.43
10523,1.40,1.41
10524,1.39,1.40
10525,1.37,1.38
10526,1.35,1.36
10527,1.33,1.36
10528,1.33,1.36
10530,1.33,1.37
10531,1.34,1.38
10532,1.36,1.40
10533,1.37,1.41
10534,1.39,1.43
10536,1.40,1.43
10537,1.41,1.43
10539,1.41,1.42
10540,1.40,1.41
10541,1.39,1.40
10542,1.37,1.38
10544,1.35,1.36
10545,1.33,1.36
10546,1.33,1.36
10547,1.34,1.37
10548,1.35,1.38
10549,1.36,1.40
10551,1.38,1.42
10552,1.39,1.43
10553,1.40,1.43
10554,1.41,1.43
10555,1.41,1.42
10557,1.40,1.41
10558,1.39,1.39
10559,1.37,1.37
10560,1.34,1.36
10561,1.33,1.36
10562,1.33,1.36
10564,1.34,1.37
10565,1.35,1.39
10566,1.36,1.40
10567,1.38,1.42
10568,1.40,1.43
10570,1.41,1.43
10571,1.41,1.43
10572,1.41,1.42
10573,1.40,1.40
10574,1.38,1.39
10575,1.36,1.37
10577,1.34,1.36
10578,1.33,1.36
10579,1.33,1.36
10580,1.34,1.38
10582,1.35,1.39
10583,1.37,1.41
10585,1.38,1.42
10586,1.40,1.43
10587,1.41,1.43
10588,1.41,1.43
10589,1.40,1.42
10591,1.39,1.40
10592,1.38,1.38
10593,1.36,1.36
10594,1.34,1.35
10595,1.33,1.36
10596,1.33,1.37
10598,1.34,1.38
10599,1.35,1.39
10600,1.37,1.41
10601,1.39,1.43
10602,1.40,1.43
10604,1.41,1.43
10605,1.41,1.42
10606,1.40,1.41
10607,1.39,1.40
10608,1.37,1.38
10609,1.35,1.36
10611,1.33,1.36
10612,1.33,1.36
10613,1.33,1.37
10614,1.34,1.38
10615,1.36,1.40
10616,1.37,1.41
10618,1.39,1.43
10619,1.40,1.43
10620,1.41,1.43
10621,1.41,1.42
10622,1.40,1.41
10625,1.39,1.39
10626,1.37,1.38
10627,1.35,1.36
10628,1.33,1.36
10629,1.33,1.36
10630,1.34,1.37
10632,1.35,1.38
10633,1.36,1.40
10634,1.38,1.42
10635,1.40,1.43
10636,1.40,1.43
10638,1.41,1.43
10639,1.41,1.42
10640,1.40,1.41
10641,1.39,1.39
10642,1.37,1.37
10643,1.34,1.36
10645,1.33,1.36
10646,1.33,1.36
10647,1.34,1.38
10648,1.35,1.39
10649,1.37,1.40
10650,1.38,1.42
10652,1.40,1.43
10653,1.41,1.43
10654,1.41,1.43
10655,1.41,1.42
10656,1.40,1.40
10658,1.38,1.39
10659,1.36,1.37
10660,1.34,1.36
10661,1.33,1.36
10662,1.33,1.37
10663,1.34,1.38
10665,1.35,1.39
10667,1.37,1.41
10668,1.39,1.42
10669,1.40,1.43
10670,1.41,1.43
10672,1.41,1.43
10673,1.41,1.42
10674,1.40,1.40
10675,1.38,1.38
10676,1.36,1.37
10677,1.34,1.36
10679,1.33,1.36
10680,1.33,1.37
10681,1.34,1.38
10682,1.36,1.40
10683,1.37,1.41
10684,1.39,1.43
10686,1.40,1.43
10687,1.41,1.43
10688,1.41,1.43
10689,1.40,1.41
10690,1.39,1.40
10692,1.37,1.38
10693,1.35,1.36
10694,1.34,1.35
10695,1.33,1.36
10696,1.33,1.37
10697,1.34,1.38
10699,1.36,1.40
10700,1.38,1.41
10701,1.39,1.43
10702,1.40,1.43
10703,1.41,1.43
10705,1.41,1.42
10706,1.40,1.41
10707,1.39,1.40
10708,1.37,1.38
10710,1.35,1.36
10711,1.33,1.36
10713,1.33,1.36
10714,1.34,1.37
10715,1.35,1.39
10716,1.36,1.40
10717,1.38,1.42
10718,1.40,1.43
10720,1.41,1.43
10721,1.41,1.43
10722,1.41,1.42
10723,1.40,1.41
10724,1.39,1.39
10726,1.37,1.37
10727,1.34,1.36
10728,1.33,1.36
10729,1.33,1.37
10730,1.34,1.38
10731,1.35,1.39
10733,1.37,1.40
10734,1.38,1.42
10735,1.40,1.43
10736,1.41,1.43
10737,1.41,1.43
10739,1.41,1.42
10740,1.40,1.41
10741,1.38,1.39
10742,1.36,1.37
10743,1.34,1.36
10744,1.33,1.36
10746,1.33,1.37
10747,1.34,1.38
10748,1.35,1.39
10749,1.37,1.41
10750,1.38,1.42
10753,1.40,1.43
10754,1.40,1.44
10755,1.41,1.43
10756,1.40,1.42
10757,1.39,1.40
10758,1.38,1.39
10760,1.36,1.37
10761,1.34,1.36
10762,1.33,1.36
10763,1.33,1.37
10764,1.34,1.39
10765,1.36,1.40
10767,1.37,1.41
10768,1.39,1.43
10769,1.40,1.43
10770,1.41,1.43
10771,1.41,1.43
10773,1.40,1.41
10774,1.39,1.40
10775,1.37,1.38
10776,1.35,1.37
10777,1.33,1.36
10778,1.33,1.37
10780,1.33,1.37
10781,1.34,1.39
10782,1.36,1.40
10783,1.37,1.42
10784,1.39,1.43
10786,1.40,1.43
10787,1.41,1.43
10788,1.41,1.43
10789,1.40,1.41
10790,1.39,1.40
10791,1.37,1.38
10793,1.35,1.36
10795,1.33,1.36
10796,1.33,1.37
10797,1.33,1.38
10798,1.34,1.39
10799,1.36,1.40
10801,1.38,1.42
10802,1.39,1.43
10803,1.40,1.43
10804,1.41,1.43
10805,1.40,1.42
10807,1.40,1.41
10808,1.38,1.39
10809,1.36,1.37
10810,1.34,1.36
10811,1.33,1.36
10812,1.32,1.37
10814,1.33,1.38
10815,1.34,1.39
10816,1.36,1.41
10817,1.38,1.42
10818,1.40,1.43
10820,1.40,1.43
10821,1.40,1.43
10822,1.40,1.42
10823,1.39,1.41
10824,1.38,1.39
10825,1.36,1.37
10827,1.34,1.35
10828,1.33,1.36
10829,1.33,1.37
10830,1.34,1.38
10831,1.35,1.39
10832,1.37,1.41
10834,1.38,1.42
10835,1.40,1.43
10836,1.40,1.43
10838,1.41,1.43
10839,1.40,1.42
10841,1.39,1.40
10842,1.37,1.38
10843,1.35,1.37
10844,1.34,1.36
10845,1.33,1.36
10846,1.33,1.37
10848,1.34,1.38
10849,1.36,1.40
10850,1.37,1.41
10851,1.39,1.42
10852,1.40,1.43
10853,1.41,1.43
10855,1.41,1.43
10856,1.40,1.41
10857,1.39,1.40
10858,1.37,1.38
10859,1.35,1.36
10861,1.33,1.36
10862,1.33,1.36
10863,1.33,1.37
10864,1.34,1.38
10865,1.36,1.40
10866,1.37,1.41
10868,1.39,1.43
10869,1.40,1.43
10870,1.41,1.43
10871,1.41,1.42
10872,1.40,1.41
10874,1.39,1.39
10875,1.37,1.38
10876,1.34,1.36
10877,1.33,1.36
10878,1.33,1.36
10880,1.33,1.37
10882,1.34,1.39
10883,1.36,1.40
10884,1.38,1.42
10885,1.39,1.43
10886,1.40,1.43
10887,1.40,1.43
10889,1.40,1.42
10890,1.40,1.41
10891,1.38,1.39
10892,1.36,1.37
10893,1.34,1.36
10895,1.33,1.36
10896,1.33,1.37
10897,1.34,1.38
10898,1.35,1.39
10899,1.36,1.41
10900,1.38,1.42
10902,1.40,1.43
10903,1.41,1.43
10904,1.41,1.43
10905,1.41,1.42
10906,1.40,1.41
10907,1.38,1.39
10909,1.36,1.37
10910,1.34,1.36
10911,1.33,1.36
10912,1.33,1.37
10913,1.34,1.38
10915,1.35,1.39
10916,1.37,1.41
10917,1.38,1.42
10918,1.40,1.43
10919,1.40,1.43
10920,1.40,1.42
10923,1.40,1.41
10924,1.38,1.40
10925,1.36,1.38
10926,1.34,1.36
10927,1.32,1.34
10928,1.30,1.35
10930,1.31,1.36
10931,1.31,1.36
10932,1.31,1.35
10933,1.30,1.33
10934,1.27,1.30
10936,1.24,1.28
10937,1.21,1.26
10938,1.18,1.23
10939,1.14,1.21
10940,1.11,1.19
10941,1.09,1.17
10943,1.06,1.15
10944,1.03,1.13
10945,1.00,1.12
10946,0.97,1.10
10947,0.94,1.08
10948,0.91,1.07
10950,0.89,1.05
10951,0.87,1.04
10952,0.84,1.02
10953,0.82,1.01
10954,0.80,0.99
10955,0.79,0.98
10957,0.77,0.96
10958,0.75,0.95
10959,0.74,0.94
10960,0.72,0.93
10961,0.71,0.92
10962,0.70,0.91
10964,0.69,0.90
10966,0.68,0.89
10967,0.67,0.88
10968,0.66,0.87
10969,0.65,0.87
10970,0.65,0.86
10972,0.65,0.85
10973,0.64,0.85
10974,0.64,0.84
10975,0.63,0.83
10976,0.63,0.82
10977,0.63,0.82
10979,0.63,0.81
10980,0.63,0.81
10981,0.63,0.80
10982,0.63,0.80
10983,0.63,0.79
10984,0.63,0.79
10986,0.63,0.78
10987,0.63,0.78
10988,0.63,0.78
10989,0.63,0.77
10990,0.64,0.77
10991,0.64,0.76
10993,0.64,0.76
10994,0.64,0.76
10995,0.64,0.75
10996,0.65,0.75
10997,0.65,0.75
10998,0.65,0.75
11000,0.65,0.74
11001,0.65,0.74
11002,0.65,0.74
11003,0.65,0.74
11004,0.66,0.73
11005,0.66,0.73
11008,0.66,0.73
11009,0.66,0.73
11010,0.66,0.72
11011,0.66,0.72
11012,0.66,0.72
11013,0.67,0.72
11015,0.67,0.71
11016,0.67,0.71
11017,0.67,0.71
11018,0.67,0.71
11019,0.67,0.71
11020,0.67,0.70
11022,0.67,0.70
11023,0.68,0.70
11024,0.68,0.70
11025,0.68,0.70
11026,0.68,0.70
11027,0.68,0.69
11028,0.68,0.69
11030,0.68,0.69
11031,0.68,0.69
11032,0.68,0.69
11033,0.68,0.69
11034,0.68,0.68
11035,0.68,0.68
11037,0.68,0.68
11038,0.68,0.68
11039,0.68,0.68
11040,0.68,0.68
11041,0.68,0.68
11042,0.68,0.68
11044,0.68,0.67
11045,0.68,0.67
11046,0.68,0.67
11047,0.68,0.67
11048,0.68,0.67
11049,0.68,0.67
11052,0.68,0.67
11053,0.68,0.66
11054,0.68,0.66
11055,0.68,0.66
11056,0.68,0.66
11057,0.68,0.66
11059,0.68,0.66
11060,0.68,0.66
11061,0.68,0.66
11062,0.68,0.66
11063,0.68,0.65
11064,0.68,0.65
11066,0.68,0.65
11067,0.68,0.65
11068,0.68,0.65
11069,0.68,0.65
11070,0.68,0.65
11071,0.68,0.65
11073,0.68,0.65
11074,0.68,0.65
11075,0.68,0.65
11076,0.68,0.65
11077,0.68,0.65
11078,0.68,0.65
11080,0.68,0.64
11081,0.68,0.64
11082,0.68,0.64
11083,0.68,0.64
11084,0.68,0.64
11085,0.68,0.64
11087,0.68,0.64
11088,0.68,0.64
11089,0.68,0.64
11090,0.68,0.64
11091,0.68,0.64
11092,0.68,0.64
11095,0.68,0.63
11096,0.68,0.63
11097,0.68,0.63
11098,0.68,0.63
11099,0.68,0.63
11100,0.68,0.63
11102,0.68,0.63
11103,0.68,0.63
11104,0.68,0.63
11105,0.68,0.63
11106,0.68,0.63
11107,0.68,0.62
11109,0.68,0.62
11110,0.68,0.62
11111,0.68,0.62
11112,0.68,0.62
11113,0.68,0.62
11114,0.68,0.62
11116,0.68,0.62
11117,0.68,0.62
11118,0.68,0.62
11119,0.68,0.61
11120,0.68,0.61
11121,0.68,0.61
11123,0.68,0.61
11124,0.68,0.61
11125,0.68,0.61
11126,0.68,0.61
11127,0.68,0.61
11128,0.68,0.61
11130,0.68,0.61
11131,0.68,0.61
11132,0.68,0.61
11133,0.68,0.60
11134,0.68,0.60
11136,0.68,0.60
11138,0.68,0.60
11139,0.68,0.60
11140,0.68,0.60
11141,0.68,0.60
11142,0.68,0.60
11143,0.68,0.60
11145,0.68,0.60
11146,0.68,0.60
11147,0.68,0.60
11148,0.68,0.60
11149,0.68,0.60
11150,0.68,0.59
11151,0.68,0.59
11153,0.68,0.59
11154,0.68,0.59
11155,0.68,0.59
11156,0.68,0.59
11157,0.68,0.59
11158,0.68,0.59
11160,0.68,0.59
11161,0.68,0.59
11162,0.68,0.59
11163,0.68,0.59
11164,0.68,0.59
11165,0.68,0.59
11167,0.68,0.59
11168,0.68,0.59
11169,0.68,0.59
11170,0.68,0.58
11171,0.68,0.58
11172,0.68,0.58
11174,0.68,0.58
11175,0.68,0.58
11176,0.68,0.58
11177,0.68,0.58
11179,0.68,0.58
11180,0.68,0.58
11182,0.68,0.58
11183,0.68,0.58
11184,0.68,0.58
11185,0.68,0.58
11186,0.68,0.58
11187,0.68,0.58
11189,0.68,0.57
11190,0.68,0.57
11191,0.68,0.57
11192,0.68,0.57
11193,0.68,0.57
11194,0.68,0.57
11196,0.68,0.57
11197,0.68,0.57
11198,0.68,0.57
11199,0.68,0.57
11200,0.68,0.57
11201,0.68,0.57
11203,0.68,0.57
11204,0.68,0.57
11205,0.68,0.57
11206,0.68,0.57
11207,0.68,0.57
11208,0.68,0.56
11210,0.68,0.56
11211,0.68,0.56
11212,0.68,0.56
11213,0.68,0.56
11214,0.68,0.56
11215,0.68,0.56
11217,0.68,0.56
11218,0.68,0.56
11219,0.68,0.56
11220,0.68,0.56
11222,0.68,0.55
11223,0.68,0.55
11225,0.68,0.55
11226,0.68,0.55
11227,0.68,0.55
11228,0.68,0.55
11229,0.68,0.55
11230,0.68,0.55
11232,0.68,0.55
11233,0.68,0.55
11234,0.68,0.55
11235,0.68,0.55
11236,0.68,0.54
11237,0.68,0.54
11239,0.68,0.55
11240,0.68,0.54
11241,0.68,0.54
11242,0.68,0.54
11243,0.68,0.54
11244,0.68,0.54
11246,0.68,0.54
11247,0.67,0.54
11248,0.68,0.54
11249,0.68,0.54
11250,0.67,0.53
11251,0.67,0.54
11253,0.67,0.54
11254,0.67,0.53
11255,0.68,0.53
11256,0.67,0.53
11257,0.67,0.53
11258,0.68,0.53
11260,0.68,0.53
11261,0.68,0.53
11262,0.67,0.53
11264,0.67,0.52
11265,0.67,0.52
11266,0.67,0.52
11268,0.67,0.52
11269,0.67,0.52
11270,0.67,0.52
11271,0.67,0.52
11272,0.67,0.52
11273,0.67,0.51
11275,0.67,0.51
11276,0.67,0.51
11277,0.67,0.51
11278,0.67,0.51
11279,0.67,0.51
11280,0.67,0.51
11282,0.67,0.50
11283,0.67,0.50
11284,0.67,0.50
11285,0.67,0.50
11286,0.67,0.50
11287,0.67,0.50
11288,0.67,0.49
11290,0.67,0.49
11291,0.67,0.49
11292,0.67,0.49
11293,0.67,0.49
11294,0.67,0.49
11295,0.67,0.49
11297,0.67,0.48
11298,0.67,0.48
11299,0.67,0.48
11300,0.67,0.48
11301,0.67,0.48
11302,0.67,0.47
11304,0.67,0.47
11305,0.67,0.47
11307,0.67,0.47
11308,0.67,0.47
11309,0.67,0.47
11310,0.68,0.46
11312,0.67,0.46
11313,0.67,0.46
11314,0.67,0.46
11315,0.67,0.45
11316,0.67,0.45
11317,0.67,0.45
11319,0.67,0.45
11320,0.67,0.45
11321,0.67,0.44
11322,0.67,0.44
11323,0.67,0.44
11324,0.67,0.44
11326,0.67,0.44
11327,0.67,0.44
11328,0.67,0.43
11329,0.67,0.43
11330,0.67,0.43
11331,0.67,0.43
11333,0.67,0.43
11334,0.67,0.43
11335,0.67,0.43
11336,0.67,0.42
11337,0.67,0.42
11338,0.67,0.42
11340,0.67,0.42
11341,0.67,0.41
11342,0.67,0.41
11343,0.67,0.41
11344,0.67,0.40
11345,0.67,0.40
11347,0.67,0.40
11348,0.67,0.40
11350,0.67,0.39
11351,0.67,0.39
11352,0.67,0.39
11353,0.67,0.39
11355,0.67,0.38
11356,0.67,0.38
11357,0.67,0.38
11358,0.67,0.37
11359,0.67,0.37
11360,0.67,0.37
11362,0.67,0.37
11363,0.67,0.36
11364,0.67,0.36
11365,0.67,0.36
11366,0.66,0.36
11367,0.66,0.35
11369,0.66,0.35
11370,0.66,0.35
11371,0.66,0.35
11372,0.66,0.34
11373,0.66,0.34
11374,0.66,0.34
11376,0.66,0.33
11377,0.66,0.33
11378,0.67,0.33
11379,0.66,0.33
11380,0.66,0.32
11381,0.67,0.32
11383,0.66,0.32
11384,0.66,0.32
11385,0.66,0.31
11386,0.66,0.31
11387,0.66,0.31
11388,0.66,0.30
11390,0.67,0.30
11392,0.66,0.30
11393,0.67,0.30
11394,0.67,0.30
11395,0.66,0.29
11396,0.66,0.29
11398,0.66,0.29
11399,0.66,0.29
11400,0.66,0.28
11401,0.66,0.28
11402,0.66,0.28
11403,0.66,0.28
11405,0.67,0.27
11406,0.67,0.27
11407,0.67,0.27
11408,0.67,0.26
11409,0.67,0.26
11410,0.67,0.26
11412,0.67,0.25
11413,0.67,0.25
11414,0.66,0.25
11415,0.67,0.24
11416,0.66,0.24
11417,0.66,0.24
11419,0.66,0.23
11420,0.66,0.23
11421,0.66,0.23
11422,0.66,0.23
11423,0.66,0.23
11424,0.66,0.22
11426,0.66,0.22
11427,0.66,0.22
11428,0.66,0.22
11429,0.66,0.22
11430,0.66,0.22
11431,0.66,0.22
11433,0.66,0.22
11435,0.66,0.22
11436,0.66,0.22
11437,0.66,0.22
11438,0.66,0.22
11439,0.66,0.21
11441,0.66,0.21
11442,0.66,0.21
11443,0.66,0.21
11444,0.66,0.21
11445,0.66,0.21
11446,0.66,0.21
11448,0.66,0.21
11449,0.66,0.21
11450,0.66,0.21
11451,0.66,0.21
11452,0.66,0.21
11453,0.66,0.21
11455,0.66,0.21
11456,0.66,0.21
11457,0.66,0.21
11458,0.66,0.21
11459,0.66,0.21
11460,0.66,0.21
11462,0.66,0.22
11463,0.66,0.21
11464,0.66,0.22
11465,0.66,0.22
11466,0.66,0.22
11467,0.66,0.22
11469,0.66,0.22
11470,0.66,0.22
11471,0.66,0.22
11472,0.66,0.22
11473,0.67,0.22
11474,0.66,0.22
11476,0.66,0.22
11478,0.66,0.22
11479,0.66,0.22
11480,0.67,0.22
11481,0.66,0.22
11482,0.67,0.23
11484,0.67,0.23
11485,0.67,0.23
11486,0.67,0.23
11487,0.67,0.23
11488,0.67,0.24
11489,0.67,0.24
11491,0.67,0.24
11492,0.67,0.24
11493,0.67,0.24
11494,0.67,0.24
11495,0.67,0.24
11496,0.67,0.25
11498,0.67,0.25
11499,0.67,0.25
11500,0.67,0.25
11501,0.67,0.25
11502,0.67,0.25
11503,0.67,0.25
11505,0.67,0.25
11506,0.67,0.26
11507,0.67,0.26
11508,0.67,0.26
11509,0.67,0.26
11510,0.67,0.26
11512,0.67,0.26
11513,0.67,0.26
11514,0.67,0.27
11515,0.66,0.27
11516,0.67,0.27
11517,0.67,0.27
11520,0.66,0.27
11521,0.66,0.27
11522,0.67,0.27
11523,0.66,0.27
11524,0.66,0.28
11525,0.66,0.28
11527,0.66,0.28
11528,0.66,0.28
11529,0.66,0.28
11530,0.66,0.28
11531,0.66,0.29
11532,0.66,0.29
11534,0.66,0.29
11535,0.66,0.29
11536,0.66,0.29
11537,0.66,0.29
11538,0.66,0.29
11539,0.66,0.29
11541,0.66,0.30
11542,0.66,0.30
11543,0.66,0.30
11544,0.66,0.30
11545,0.66,0.30
11546,0.66,0.30
11547,0.66,0.30
11549,0.66,0.31
11550,0.66,0.31
11551,0.66,0.31
11552,0.66,0.31
11553,0.66,0.31
11554,0.66,0.32
11556,0.66,0.32
11557,0.66,0.32
11558,0.66,0.32
11559,0.66,0.32
11560,0.66,0.32
11561,0.66,0.32
11564,0.66,0.33
11565,0.66,0.33
11566,0.66,0.33
11567,0.66,0.33
11568,0.66,0.33
11569,0.66,0.33
11571,0.66,0.34
11572,0.66,0.34
11573,0.66,0.34
11574,0.66,0.34
11575,0.66,0.34
11576,0.66,0.34
11578,0.66,0.34
11579,0.66,0.34
11580,0.66,0.34
11581,0.66,0.35
11582,0.66,0.35
11583,0.66,0.35
11585,0.66,0.35
11586,0.66,0.35
11587,0.66,0.35
11588,0.66,0.35
11589,0.66,0.36
11590,0.66,0.36
11592,0.66,0.36
11593,0.66,0.36
11594,0.66,0.37
11595,0.66,0.37
11596,0.66,0.37
11597,0.66,0.37
11599,0.66,0.37
11600,0.66,0.38
11601,0.66,0.38
11602,0.66,0.38
11603,0.66,0.39
11604,0.66,0.39
11607,0.66,0.39
11608,0.66,0.39
11609,0.66,0.39
11610,0.66,0.40
11611,0.66,0.40
11612,0.66,0.40
11614,0.66,0.41
11615,0.66,0.41
11616,0.66,0.41
11617,0.66,0.42
11618,0.66,0.42
11619,0.66,0.42
11621,0.66,0.42
11622,0.66,0.43
11623,0.66,0.43
11624,0.66,0.43
11625,0.66,0.43
11626,0.66,0.43
11628,0.66,0.44
11629,0.66,0.44
11630,0.66,0.44
11631,0.66,0.44
11632,0.66,0.45
11633,0.66,0.45
11635,0.66,0.45
11636,0.66,0.46
11637,0.66,0.46
11638,0.66,0.46
11639,0.66,0.46
11640,0.66,0.47
11642,0.66,0.47
11643,0.66,0.47
11644,0.66,0.48
11645,0.66,0.48
11646,0.66,0.49
11648,0.66,0.49
11650,0.66,0.49
11651,0.66,0.50
11652,0.67,0.50
11653,0.66,0.50
11654,0.67,0.50
11655,0.66,0.51
11657,0.66,0.51
11658,0.66,0.51
11659,0.66,0.52
11660,0.66,0.52
11661,0.66,0.52
11662,0.67,0.53
11664,0.66,0.53
11665,0.66,0.53
11666,0.66,0.54
11667,0.66,0.54
11668,0.66,0.54
11669,0.66,0.54
11671,0.66,0.55
11672,0.66,0.55
11673,0.66,0.55
11674,0.66,0.55
11675,0.67,0.55
11676,0.67,0.56
11678,0.66,0.56
11679,0.66,0.56
11680,0.66,0.57
11681,0.66,0.57
11682,0.67,0.57
11683,0.67,0.57
11685,0.66,0.58
11686,0.66,0.58
11687,0.67,0.58
11688,0.67,0.59
11689,0.66,0.59
11691,0.66,0.59
11693,0.67,0.60
11694,0.67,0.60
11695,0.66,0.60
11696,0.66,0.60
11697,0.67,0.61
11698,0.66,0.61
11700,0.66,0.61
11701,0.66,0.61
11702,0.66,0.62
11703,0.66,0.62
11704,0.67,0.62
11705,0.66,0.62
11707,0.66,0.62
11708,0.66,0.63
11709,0.66,0.63
11710,0.66,0.63
11711,0.66,0.63
11712,0.67,0.64
11714,0.66,0.64
11715,0.66,0.64
11716,0.66,0.64
11717,0.67,0.65
11718,0.66,0.65
11719,0.66,0.65
11721,0.66,0.65
11722,0.67,0.65
11723,0.67,0.65
11724,0.67,0.65
11725,0.67,0.66
11726,0.67,0.66
11728,0.66,0.66
11729,0.67,0.66
11730,0.67,0.66
11731,0.66,0.66
11732,0.66,0.67
11734,0.67,0.67
11736,0.66,0.67
11737,0.67,0.67
11738,0.67,0.67
11739,0.67,0.67
11740,0.67,0.68
11741,0.67,0.68
11743,0.67,0.68
11744,0.67,0.68
11745,0.67,0.68
11746,0.67,0.68
11747,0.67,0.68
11748,0.67,0.69
11750,0.67,0.69
11751,0.67,0.69
11752,0.67,0.69
11753,0.67,0.69
11754,0.67,0.69
11755,0.67,0.70
11757,0.67,0.70
11758,0.67,0.70
11759,0.67,0.70
11760,0.67,0.70
11761,0.67,0.70
11762,0.67,0.70
11763,0.67,0.70
11765,0.67,0.70
11766,0.67,0.70
11767,0.67,0.71
11768,0.66,0.71
11769,0.66,0.71
11770,0.66,0.71
11772,0.66,0.71
11773,0.67,0.71
11774,0.66,0.71
11776,0.66,0.71
11777,0.67,0.71
11778,0.67,0.71
11780,0.67,0.71
11781,0.67,0.71
11782,0.67,0.71
11783,0.67,0.71
11784,0.67,0.72
11785,0.67,0.72
11787,0.67,0.72
11788,0.67,0.72
11789,0.67,0.72
11790,0.67,0.72
11791,0.66,0.72
11792,0.67,0.72
11794,0.67,0.72
11795,0.66,0.72
11796,0.67,0.73
11797,0.67,0.73
11798,0.66,0.73
11799,0.67,0.73
11801,0.66,0.73
11802,0.67,0.73
11803,0.67,0.73
11804,0.66,0.73
11805,0.66,0.73
11806,0.66,0.73
11808,0.67,0.73
11809,0.67,0.73
11810,0.67,0.73
11811,0.67,0.73
11812,0.66,0.73
11813,0.66,0.73
11815,0.66,0.73
11816,0.67,0.73
11817,0.67,0.73
11819,0.67,0.73
11820,0.67,0.73
11821,0.66,0.73
11823,0.66,0.73
11824,0.67,0.73
11825,0.67,0.73
11826,0.67,0.73
11827,0.67,0.73
11828,0.67,0.74
11830,0.67,0.74
11831,0.67,0.73
11832,0.67,0.73
11833,0.67,0.74
11834,0.67,0.74
11835,0.67,0.74
11836,0.67,0.74
11838,0.66,0.74
11839,0.67,0.74
11840,0.67,0.74
11841,0.67,0.74
11842,0.67,0.74
11843,0.67,0.74
11845,0.67,0.74
11846,0.67,0.74
11847,0.67,0.74
11848,0.66,0.74
11849,0.66,0.74
11850,0.67,0.74
11852,0.67,0.74
11853,0.67,0.74
11854,0.67,0.74
11855,0.67,0.74
11856,0.67,0.74
11857,0.67,0.74
11859,0.67,0.74
11860,0.67,0.74
11862,0.67,0.74
11863,0.67,0.74
11864,0.67,0.74
11865,0.67,0.74
11867,0.67,0.74
11868,0.67,0.74
11869,0.67,0.74
11870,0.67,0.74
11871,0.67,0.74
11872,0.67,0.74
11874,0.67,0.74
11875,0.67,0.74
11876,0.67,0.74
11877,0.67,0.74
11878,0.67,0.74
11879,0.67,0.74
11881,0.67,0.74
11882,0.67,0.74
11883,0.67,0.74
11884,0.67,0.74
11885,0.67,0.74
11886,0.67,0.74
11888,0.67,0.74
11889,0.67,0.74
11890,0.67,0.74
11891,0.67,0.74
11892,0.67,0.74
11893,0.67,0.74
11895,0.67,0.74
11896,0.67,0.74
11897,0.67,0.74
11898,0.67,0.74
11899,0.67,0.74
11900,0.67,0.74
11902,0.67,0.74
11904,0.67,0.74
11905,0.67,0.74
11906,0.67,0.74
11907,0.67,0.74
11908,0.67,0.74
11910,0.67,0.74
11911,0.67,0.74
11912,0.67,0.73
11913,0.67,0.73
11914,0.67,0.73
11915,0.67,0.73
11916,0.67,0.73
11918,0.67,0.73
11919,0.67,0.73
11920,0.67,0.73
11921,0.67,0.73
11922,0.67,0.73
11923,0.67,0.73
11925,0.67,0.73
11926,0.67,0.73
11927,0.67,0.73
11928,0.67,0.73
11929,0.67,0.73
11930,0.67,0.73
11932,0.67,0.73
11933,0.67,0.73
11934,0.66,0.73
11935,0.66,0.72
11936,0.66,0.72
11937,0.67,0.72
11939,0.66,0.72
11940,0.66,0.72
11941,0.66,0.72
11942,0.66,0.72
11943,0.67,0.72
11944,0.67,0.72
11947,0.67,0.72
11948,0.66,0.72
11949,0.66,0.72
11950,0.67,0.72
11951,0.66,0.72
11952,0.66,0.72
11954,0.66,0.72
11955,0.67,0.72
11956,0.66,0.72
11957,0.67,0.72
11958,0.67,0.71
11959,0.66,0.71
11961,0.67,0.71
11962,0.67,0.71
11963,0.67,0.71
11964,0.67,0.71
11965,0.67,0.71
11966,0.67,0.71
11968,0.66,0.71
11969,0.67,0.71
11970,0.66,0.71
11971,0.67,0.71
11972,0.67,0.71
11973,0.67,0.71
11975,0.67,0.71
11976,0.67,0.71
11977,0.67,0.70
11978,0.67,0.71
11979,0.67,0.70
11980,0.67,0.70
11981,0.67,0.70
11983,0.67,0.70
11984,0.67,0.70
11985,0.67,0.70
11986,0.67,0.70
11987,0.67,0.70
11988,0.67,0.70
11991,0.67,0.70
11992,0.67,0.70
11993,0.67,0.70
11994,0.67,0.69
11995,0.67,0.69
11996,0.67,0.69
11998,0.67,0.69
11999,0.67,0.69
12000,0.67,0.69
12001,0.67,0.69
12002,0.67,0.69
12003,0.67,0.69
12005,0.67,0.69
12006,0.67,0.68
12007,0.67,0.68
12008,0.67,0.68
12009,0.67,0.68
12010,0.67,0.68
12012,0.67,0.68
12013,0.67,0.68
12014,0.67,0.68
12015,0.67,0.68
12016,0.67,0.68
12017,0.67,0.68
12019,0.67,0.68
12020,0.67,0.67
12021,0.67,0.68
12022,0.67,0.67
12023,0.67,0.67
12024,0.67,0.67
12026,0.67,0.67
12027,0.67,0.67
12028,0.67,0.67
12029,0.67,0.67
12030,0.67,0.67
12032,0.67,0.67
12034,0.67,0.67
12035,0.67,0.67
12036,0.67,0.66
12037,0.67,0.66
12038,0.67,0.66
12039,0.67,0.66
12041,0.67,0.66
12042,0.67,0.66
12043,0.67,0.66
12044,0.67,0.65
12045,0.67,0.65
12046,0.67,0.65
12048,0.67,0.65
12049,0.67,0.65
12050,0.67,0.65
12051,0.67,0.65
12052,0.67,0.65
12053,0.67,0.65
12055,0.67,0.64
12056,0.67,0.64
12057,0.67,0.64
12058,0.67,0.64
12059,0.67,0.64
12060,0.67,0.63
12062,0.67,0.63
12063,0.67,0.63
12064,0.67,0.63
12065,0.67,0.63
12066,0.67,0.63
12067,0.67,0.62
12069,0.67,0.62
12070,0.67,0.62
12071,0.67,0.62
12072,0.67,0.61
12073,0.67,0.61
12075,0.67,0.61
12077,0.67,0.61
12078,0.67,0.61
12079,0.67,0.60
12080,0.67,0.60
12081,0.67,0.60
12082,0.67,0.60
12084,0.67,0.60
12085,0.67,0.60
12086,0.67,0.60
12087,0.67,0.59
12088,0.67,0.59
12089,0.67,0.59
12090,0.67,0.59
12092,0.67,0.59
12093,0.67,0.58
12094,0.67,0.58
12095,0.67,0.58
12096,0.67,0.58
12097,0.67,0.58
12099,0.67,0.58
12100,0.67,0.57
12101,0.67,0.57
12102,0.67,0.57
12103,0.67,0.57
12104,0.67,0.57
12106,0.67,0.57
12107,0.67,0.57
12108,0.67,0.56
12109,0.67,0.56
12110,0.67,0.56
12111,0.67,0.56
12113,0.67,0.56
12114,0.67,0.55
12115,0.67,0.55
12116,0.67,0.55
12118,0.67,0.55
12119,0.67,0.55
12121,0.67,0.55
12122,0.67,0.55
12123,0.67,0.54
12124,0.67,0.54
12125,0.67,0.54
12126,0.67,0.54
12128,0.67,0.54
12129,0.67,0.53
12130,0.67,0.53
12131,0.67,0.53
12132,0.67,0.53
12133,0.67,0.53
12135,0.67,0.53
12136,0.67,0.52
12137,0.67,0.52
12138,0.67,0.52
12139,0.67,0.52
12140,0.67,0.52
12142,0.67,0.52
12143,0.67,0.51
12144,0.67,0.51
12145,0.67,0.51
12146,0.67,0.51
12147,0.67,0.51
12149,0.67,0.50
12150,0.67,0.50
12151,0.67,0.50
12152,0.67,0.50
12153,0.67,0.50
12154,0.67,0.50
12156,0.67,0.50
12157,0.67,0.49
12158,0.67,0.49
12160,0.67,0.49
12161,0.67,0.49
12162,0.67,0.49
12164,0.67,0.48
12165,0.67,0.48
12166,0.67,0.48
12167,0.67,0.48
12168,0.67,0.48
12169,0.67,0.48
12171,0.67,0.48
12172,0.67,0.47
12173,0.67,0.47
12174,0.67,0.47
12175,0.67,0.47
12176,0.67,0.46
12178,0.67,0.46
12179,0.67,0.46
12180,0.67,0.46
12181,0.67,0.45
12182,0.67,0.45
12183,0.67,0.45
12185,0.67,0.44
12186,0.67,0.44
12187,0.67,0.44
12188,0.67,0.43
12189,0.67,0.43
12190,0.67,0.43
12192,0.67,0.42
12193,0.67,0.42
12194,0.67,0.42
12195,0.67,0.41
12196,0.67,0.41
12197,0.67,0.40
12198,0.67,0.40
12200,0.67,0.40
12201,0.67,0.39
12203,0.67,0.39
12204,0.67,0.38
12205,0.67,0.38
12206,0.67,0.37
12208,0.67,0.37
12209,0.67,0.36
12210,0.67,0.36
12211,0.67,0.35
12212,0.67,0.35
12213,0.67,0.34
12215,0.67,0.34
12216,0.67,0.33
12217,0.67,0.33
12218,0.67,0.32
12219,0.67,0.31
12220,0.66,0.31
12222,0.67,0.30
12223,0.67,0.29
12224,0.67,0.29
12225,0.66,0.28
12226,0.66,0.27
12227,0.66,0.27
12229,0.67,0.26
12230,0.66,0.25
12231,0.66,0.25
12232,0.66,0.24
12233,0.66,0.23
12234,0.66,0.22
12236,0.66,0.22
12237,0.66,0.22
12238,0.66,0.21
12239,0.66,0.20
12240,0.66,0.20
12241,0.66,0.19
12243,0.66,0.19
12244,0.66,0.18
12246,0.66,0.18
12247,0.66,0.17
12248,0.66,0.17
12249,0.66,0.16
12251,0.66,0.16
12252,0.66,0.15
12253,0.66,0.15
12254,0.66,0.14
12255,0.66,0.14
12256,0.66,0.14
12258,0.66,0.13
12259,0.66,0.13
12260,0.66,0.13
12261,0.66,0.12
12262,0.66,0.12
12263,0.66,0.12
12265,0.66,0.11
12266,0.66,0.11
12267,0.66,0.11
12268,0.66,0.11
12269,0.66,0.10
12270,0.66,0.10
12272,0.66,0.10
12273,0.66,0.10
12274,0.66,0.10
12275,0.66,0.09
12276,0.66,0.09
12277,0.66,0.09
12279,0.66,0.09
12280,0.66,0.08
12281,0.67,0.08
12282,0.67,0.08
12283,0.67,0.08
12284,0.67,0.08
12285,0.67,0.08
12288,0.67,0.08
12289,0.67,0.08
12290,0.67,0.08
12291,0.67,0.07
12292,0.67,0.07
12293,0.67,0.07
12295,0.67,0.07
12296,0.67,0.07
12297,0.67,0.07
12298,0.67,0.07
12299,0.67,0.07
12300,0.67,0.06
12301,0.67,0.06
12303,0.67,0.06
12304,0.67,0.06
12305,0.67,0.06
12306,0.67,0.06
12307,0.67,0.06
12308,0.67,0.06
12310,0.67,0.06
12311,0.67,0.06
12312,0.67,0.06
12313,0.67,0.06
12314,0.67,0.05
12315,0.68,0.05
12317,0.68,0.05
12318,0.68,0.05
12319,0.68,0.05
12320,0.68,0.05
12321,0.68,0.05
12322,0.68,0.05
12323,0.68,0.05
12325,0.68,0.05
12326,0.68,0.05
12327,0.68,0.05
12328,0.68,0.05
12329,0.68,0.05
12331,0.68,0.05
12333,0.68,0.05
12334,0.68,0.05
12335,0.68,0.05
12336,0.68,0.05
12337,0.68,0.05
12338,0.68,0.05
12339,0.68,0.05
12341,0.68,0.05
12342,0.68,0.05
12343,0.68,0.05
12344,0.68,0.05
12345,0.68,0.05
12346,0.68,0.06
12348,0.68,0.06
12349,0.68,0.07
12350,0.68,0.08
12351,0.68,0.08
12352,0.68,0.09
12353,0.68,0.10
12355,0.68,0.10
12356,0.68,0.11
12357,0.68,0.12
12358,0.68,0.13
12359,0.68,0.13
12360,0.69,0.14
12362,0.69,0.15
12363,0.69,0.16
12364,0.69,0.16
12365,0.69,0.17
12366,0.69,0.18
12367,0.69,0.19
12369,0.69,0.20
12370,0.69,0.21
12371,0.69,0.21
12372,0.69,0.22
12374,0.69,0.22
12375,0.69,0.23
12377,0.69,0.24
12378,0.69,0.25
12379,0.69,0.26
12380,0.70,0.27
12381,0.69,0.27
12382,0.70,0.28
12383,0.70,0.29
12385,0.69,0.30
12386,0.70,0.31
12387,0.70,0.31
12388,0.70,0.32
12389,0.70,0.33
12390,0.70,0.33
12392,0.70,0.34
12393,0.70,0.35
12394,0.70,0.35
12395,0.70,0.36
12396,0.70,0.37
12397,0.70,0.37
12399,0.70,0.38
12400,0.70,0.39
12401,0.70,0.39
12402,0.70,0.39
12403,0.70,0.40
12404,0.70,0.41
12406,0.70,0.41
12407,0.70,0.42
12408,0.70,0.42
12409,0.70,0.42
12410,0.70,0.43
12411,0.69,0.43
12413,0.70,0.43
12414,0.69,0.44
12416,0.69,0.44
12417,0.69,0.44
12418,0.69,0.45
12419,0.69,0.45
12421,0.69,0.45
12422,0.69,0.46
12423,0.69,0.46
12424,0.69,0.46
12425,0.69,0.46
12426,0.69,0.47
12428,0.69,0.47
12429,0.69,0.47
12430,0.69,0.48
12431,0.69,0.48
12432,0.69,0.48
12433,0.69,0.48
12435,0.69,0.48
12436,0.69,0.49
12437,0.69,0.49
12438,0.69,0.49
12439,0.69,0.49
12440,0.69,0.49
12442,0.69,0.49
12443,0.69,0.49
12444,0.69,0.49
12445,0.69,0.50
12446,0.69,0.50
12447,0.69,0.50
12449,0.69,0.50
12450,0.69,0.50
12451,0.69,0.51
12452,0.69,0.51
12453,0.69,0.51
12454,0.69,0.51
12455,0.69,0.51
12457,0.69,0.51
12459,0.69,0.51
12460,0.69,0.51
12461,0.69,0.51
12462,0.69,0.52
12463,0.69,0.52
12465,0.69,0.52
12466,0.69,0.52
12467,0.69,0.52
12468,0.69,0.52
12469,0.69,0.52
12470,0.69,0.52
12472,0.69,0.52
12473,0.69,0.52
12474,0.69,0.52
12475,0.69,0.52
12476,0.69,0.52
12477,0.69,0.53
12479,0.69,0.53
12480,0.69,0.53
12481,0.69,0.53
12482,0.69,0.53
12483,0.69,0.53
12484,0.69,0.53
12486,0.69,0.53
12487,0.69,0.53
12488,0.69,0.53
12489,0.69,0.53
12490,0.69,0.53
12491,0.69,0.53
12493,0.69,0.53
12494,0.69,0.53
12495,0.69,0.53
12496,0.69,0.53
12497,0.69,0.53
12498,0.69,0.53
12500,0.69,0.53
12502,0.69,0.53
12503,0.69,0.53
12504,0.69,0.54
12505,0.69,0.54
12506,0.69,0.54
12508,0.69,0.54
12509,0.69,0.53
12510,0.69,0.54
12511,0.69,0.54
12512,0.69,0.54
12513,0.69,0.54
12515,0.69,0.54
12516,0.69,0.54
12517,0.69,0.54
12518,0.69,0.54
12519,0.69,0.54
12520,0.69,0.54
12522,0.69,0.54
12523,0.69,0.54
12524,0.69,0.54
12525,0.69,0.54
12526,0.69,0.54
12527,0.69,0.54
12529,0.69,0.54
12530,0.69,0.54
12531,0.69,0.54
12532,0.69,0.54
12533,0.69,0.54
12534,0.69,0.54
12535,0.68,0.54
12537,0.69,0.54
12538,0.69,0.55
12539,0.69,0.55
12540,0.69,0.55
12541,0.69,0.55
12542,0.69,0.54
12545,0.69,0.54
12546,0.69,0.55
12547,0.69,0.54
12548,0.69,0.55
12549,0.69,0.55
12551,0.69,0.55
12552,0.69,0.55
12553,0.69,0.55
12554,0.69,0.55
12555,0.69,0.55
12556,0.69,0.55
12558,0.69,0.55
12559,0.69,0.55
12560,0.69,0.55
12561,0.69,0.54
12562,0.69,0.55
12563,0.69,0.55
12565,0.69,0.55
12566,0.69,0.55
12567,0.69,0.55
12568,0.69,0.55
12569,0.69,0.55
12570,0.69,0.55
12572,0.69,0.55
12573,0.69,0.55
12574,0.69,0.55
12575,0.69,0.55
12576,0.69,0.55
12577,0.69,0.55
12579,0.69,0.55
12580,0.69,0.55
12581,0.69,0.55
12582,0.69,0.55
12583,0.69,0.55
12584,0.69,0.55
12587,0.69,0.55
12588,0.69,0.55
12589,0.69,0.55
12590,0.69,0.55
12591,0.69,0.55
12592,0.69,0.55
12594,0.69,0.55
12595,0.69,0.55
12596,0.69,0.55
12597,0.69,0.55
12598,0.69,0.55
12600,0.69,0.55
12601,0.69,0.55
12602,0.69,0.55
12603,0.69,0.55
12604,0.69,0.55
12605,0.69,0.55
12607,0.69,0.55
12608,0.69,0.55
12609,0.69,0.55
12610,0.69,0.55
12611,0.69,0.55
12612,0.69,0.55
12613,0.69,0.55
12615,0.69,0.55
12616,0.69,0.55
12617,0.69,0.55
12618,0.69,0.55
12619,0.69,0.55
12620,0.69,0.55
12622,0.69,0.55
12623,0.69,0.55
12624,0.69,0.55
12625,0.69,0.55
12626,0.69,0.55
12627,0.69,0.55
12630,0.69,0.55
12631,0.70,0.55
12632,0.70,0.55
12633,0.69,0.55
12634,0.70,0.55
12635,0.70,0.55
12637,0.70,0.55
12638,0.70,0.55
12639,0.70,0.55
12640,0.70,0.55
12641,0.70,0.55
12642,0.70,0.55
12643,0.70,0.55
12645,0.70,0.55
12646,0.70,0.55
12647,0.70,0.55
12648,0.70,0.55
12649,0.70,0.55
12650,0.70,0.55
12652,0.70,0.55
12653,0.70,0.55
12654,0.70,0.55
12655,0.70,0.55
12656,0.70,0.55
12657,0.70,0.55
12659,0.70,0.55
12660,0.70,0.55
12661,0.70,0.55
12662,0.70,0.55
12663,0.70,0.55
12664,0.70,0.55
12665,0.70,0.55
12667,0.70,0.55
12668,0.70,0.55
12669,0.70,0.55
12670,0.70,0.55
12672,0.70,0.55
12673,0.70,0.55
12675,0.70,0.55
12676,0.70,0.55
12677,0.70,0.55
12678,0.70,0.55
12679,0.70,0.55
12680,0.70,0.55
12682,0.70,0.55
12683,0.70,0.55
12684,0.70,0.55
12685,0.70,0.55
12686,0.70,0.55
12687,0.70,0.55
12689,0.70,0.55
12690,0.70,0.55
12691,0.70,0.55
12692,0.69,0.55
12693,0.70,0.55
12694,0.69,0.55
12696,0.69,0.55
12697,0.70,0.55
12698,0.69,0.55
12699,0.69,0.55
12700,0.69,0.55
12701,0.69,0.55
12703,0.69,0.55
12704,0.69,0.55
12705,0.69,0.55
12706,0.69,0.55
12707,0.69,0.55
12708,0.69,0.55
12710,0.69,0.55
12711,0.69,0.55
12712,0.70,0.55
12713,0.69,0.55
12715,0.70,0.55
12716,0.70,0.55
12718,0.70,0.55
12719,0.70,0.55
12720,0.70,0.54
12721,0.70,0.54
12722,0.70,0.54
12723,0.70,0.54
12725,0.70,0.54
12726,0.70,0.56
12727,0.72,0.59
12728,0.75,0.62
12729,0.77,0.64
12730,0.79,0.65
12732,0.80,0.65
12733,0.80,0.65
12734,0.80,0.65
12735,0.80,0.66
12736,0.81,0.66
12737,0.81,0.66
12739,0.81,0.66
12740,0.81,0.66
12741,0.81,0.66
12742,0.81,0.68
12743,0.84,0.71
12744,0.87,0.75
12746,0.90,0.79
12747,0.95,0.84
12748,0.99,0.88
12749,1.04,0.93
12750,1.08,0.95
12751,1.10,0.98
12753,1.13,0.99
12754,1.15,1.00
12755,1.16,1.00
12756,1.16,0.99
12758,1.15,0.99
12759,1.16,1.00
12761,1.17,1.02
12762,1.20,1.06
12763,1.23,1.09
12764,1.26,1.12
12765,1.29,1.16
12766,1.32,1.19
12768,1.35,1.20
12769,1.36,1.22
12770,1.38,1.22
12771,1.38,1.22
12772,1.38,1.21
12774,1.36,1.19
12775,1.35,1.18
12776,1.34,1.18
12777,1.34,1.20
12778,1.35,1.22
12779,1.37,1.24
12781,1.39,1.27
12782,1.41,1.29
12783,1.44,1.31
12784,1.45,1.31
12785,1.45,1.32
12787,1.45,1.31
12788,1.44,1.30
12789,1.43,1.28
12790,1.40,1.26
12791,1.38,1.24
12792,1.37,1.24
12794,1.36,1.26
12795,1.37,1.27
12796,1.38,1.29
12797,1.40,1.30
12798,1.41,1.32
12800,1.43,1.34
12802,1.43,1.34
12803,1.43,1.33
12804,1.43,1.32
12805,1.41,1.30
12806,1.39,1.29
12808,1.37,1.26
12809,1.34,1.25
12810,1.33,1.25
12811,1.33,1.26
12812,1.34,1.28
12813,1.35,1.30
12815,1.37,1.31
12816,1.39,1.33
12817,1.40,1.34
12818,1.40,1.34
12819,1.40,1.34
12821,1.40,1.32
12822,1.39,1.31
12823,1.37,1.29
12824,1.34,1.27
12825,1.32,1.26
12826,1.31,1.26
12828,1.32,1.27
12829,1.33,1.29
12830,1.34,1.30
12831,1.36,1.32
12832,1.38,1.34
12834,1.39,1.34
12835,1.39,1.35
12836,1.40,1.34
12837,1.39,1.33
12838,1.38,1.31
12839,1.36,1.30
12841,1.34,1.28
12843,1.32,1.27
12844,1.32,1.28
12845,1.32,1.29
12846,1.34,1.30
12847,1.35,1.32
12849,1.37,1.34
12850,1.39,1.36
12851,1.40,1.36
12852,1.40,1.36
12853,1.40,1.36
12855,1.40,1.34
12856,1.38,1.32
12857,1.36,1.30
12858,1.34,1.29
12859,1.33,1.29
12860,1.33,1.30
12862,1.33,1.30
12863,1.35,1.32
12864,1.36,1.34
12865,1.38,1.36
12866,1.40,1.37
12868,1.41,1.37
12869,1.41,1.37
12870,1.41,1.37
12871,1.40,1.35
12872,1.39,1.33
12873,1.37,1.31
12875,1.34,1.30
12876,1.33,1.30
12877,1.33,1.30
12878,1.34,1.32
12879,1.35,1.33
12880,1.37,1.35
12882,1.39,1.37
12883,1.40,1.38
12884,1.41,1.38
12886,1.41,1.38
12887,1.41,1.37
12889,1.40,1.36
12890,1.38,1.34
12891,1.36,1.31
12892,1.34,1.30
12893,1.33,1.30
12894,1.33,1.31
12896,1.35,1.33
12897,1.36,1.35
12898,1.37,1.36
12899,1.39,1.38
12900,1.41,1.39
12901,1.41,1.39
12903,1.42,1.39
12904,1.41,1.38
12905,1.40,1.37
12906,1.39,1.35
12907,1.37,1.33
12909,1.35,1.32
12910,1.35,1.33
12911,1.35,1.34
12912,1.36,1.35
12913,1.38,1.37
12914,1.39,1.39
12916,1.41,1.40
12917,1.42,1.41
12918,1.43,1.41
12919,1.43,1.41
12920,1.43,1.40
12922,1.41,1.39
12923,1.40,1.37
12924,1.38,1.35
12925,1.36,1.35
12926,1.36,1.35
12928,1.36,1.36
12930,1.37,1.38
12931,1.39,1.39
12932,1.40,1.41
12933,1.42,1.42
12934,1.43,1.43
12935,1.44,1.43
12937,1.44,1.42
12938,1.43,1.41
12939,1.42,1.40
12940,1.40,1.38
12941,1.38,1.36
12943,1.37,1.36
12944,1.37,1.37
12945,1.37,1.38
12946,1.38,1.39
12947,1.39,1.41
12948,1.41,1.42
12950,1.43,1.44
12951,1.43,1.44
12952,1.44,1.44
12953,1.44,1.43
12954,1.43,1.42
12956,1.42,1.40
12957,1.40,1.39
12958,1.38,1.37
12959,1.37,1.37
12960,1.37,1.38
12961,1.37,1.39
12963,1.38,1.40
12964,1.40,1.42
12965,1.41,1.43
12966,1.43,1.44
12967,1.43,1.44
12968,1.44,1.44
12971,1.44,1.43
12972,1.43,1.42
12973,1.41,1.41
12974,1.39,1.39
12975,1.37,1.38
12977,1.36,1.38
12978,1.37,1.39
12979,1.37,1.40
12980,1.38,1.41
12981,1.40,1.43
12982,1.42,1.44
12984,1.43,1.45
12985,1.43,1.45
12986,1.43,1.45
12987,1.43,1.44
12988,1.42,1.42
12990,1.41,1.41
12991,1.39,1.39
12992,1.37,1.38
12993,1.36,1.39
12994,1.37,1.40
12995,1.37,1.41
12997,1.39,1.42
12998,1.40,1.44
12999,1.42,1.45
13000,1.43,1.46
13001,1.43,1.46
13003,1.43,1.45
13004,1.43,1.44
13005,1.42,1.42
13006,1.40,1.41
13007,1.38,1.39
13008,1.37,1.39
13010,1.36,1.40
13011,1.37,1.40
13012,1.38,1.42
13014,1.39,1.43
13015,1.40,1.44
13016,1.42,1.46
13018,1.43,1.46
13019,1.43,1.46
13020,1.43,1.45
13021,1.43,1.44
13022,1.41,1.43
13024,1.40,1.41
13025,1.38,1.40
13026,1.36,1.39
13027,1.36,1.40
13028,1.37,1.41
13029,1.38,1.42
13031,1.39,1.44
13032,1.41,1.45
13033,1.43,1.46
13034,1.43,1.46
13035,1.43,1.46
13037,1.43,1.45
13038,1.42,1.44
13039,1.41,1.43
13040,1.39,1.41
13041,1.37,1.40
13042,1.36,1.40
13044,1.36,1.40
13045,1.37,1.41
13046,1.38,1.43
13047,1.39,1.44
13048,1.41,1.45
13050,1.43,1.47
13051,1.43,1.46
13052,1.43,1.46
13053,1.43,1.45
13054,1.42,1.44
13056,1.41,1.42
13058,1.39,1.41
13059,1.37,1.40
13060,1.36,1.40
13061,1.36,1.41
13062,1.37,1.42
13064,1.38,1.43
13065,1.40,1.45
13066,1.41,1.46
13067,1.43,1.47
13068,1.43,1.47
13069,1.43,1.46
13071,1.43,1.45
13072,1.42,1.44
13073,1.40,1.42
13074,1.38,1.41
13075,1.37,1.40
13076,1.36,1.41
13078,1.36,1.41
13079,1.37,1.42
13080,1.39,1.44
13081,1.40,1.45
13082,1.42,1.46
13084,1.43,1.47
13085,1.43,1.47
13086,1.43,1.46
13087,1.43,1.45
13088,1.42,1.44
13089,1.40,1.42
13091,1.38,1.41
13092,1.36,1.40
13093,1.36,1.41
13094,1.37,1.41
13095,1.37,1.43
13097,1.39,1.44
13099,1.41,1.46
13100,1.42,1.47
13101,1.43,1.47
13102,1.43,1.47
13103,1.43,1.46
13105,1.42,1.45
13106,1.41,1.44
13107,1.39,1.42
13108,1.37,1.41
13109,1.36,1.41
13111,1.36,1.41
13112,1.37,1.42
13113,1.38,1.43
13114,1.39,1.45
13115,1.41,1.46
13116,1.42,1.47
13118,1.43,1.47
13119,1.43,1.47
13120,1.43,1.46
13121,1.42,1.45
13122,1.41,1.43
13124,1.39,1.42
13125,1.37,1.41
13126,1.36,1.41
13127,1.36,1.42
13128,1.37,1.43
13129,1.38,1.44
13131,1.39,1.45
13132,1.41,1.46
13133,1.43,1.47
13134,1.43,1.47
13135,1.43,1.47
13137,1.43,1.46
13138,1.42,1.44
13139,1.40,1.43
13140,1.38,1.41
13142,1.36,1.41
13143,1.36,1.41
13145,1.36,1.42
13146,1.37,1.43
13147,1.38,1.44
13148,1.40,1.45
13149,1.42,1.47
13151,1.43,1.47
13152,1.43,1.47
13153,1.43,1.47
13154,1.42,1.46
13155,1.41,1.44
13156,1.40,1.43
13158,1.38,1.41
13159,1.36,1.41
13160,1.36,1.41
13161,1.36,1.42
13162,1.37,1.43
13164,1.39,1.44
13165,1.40,1.46
13166,1.42,1.47
13167,1.43,1.47
13168,1.43,1.47
13169,1.43,1.46
13171,1.42,1.45
13172,1.41,1.44
13173,1.39,1.42
13174,1.37,1.41
13175,1.36,1.41
13177,1.36,1.42
13178,1.36,1.43
13179,1.37,1.44
13180,1.39,1.45
13181,1.40,1.46
13182,1.42,1.47
13185,1.43,1.47
13186,1.43,1.47
13187,1.43,1.46
13188,1.42,1.45
13189,1.41,1.44
13191,1.39,1.42
13192,1.37,1.41
13193,1.36,1.41
13194,1.36,1.42
13195,1.36,1.43
13196,1.38,1.44
13198,1.39,1.45
13199,1.41,1.47
13200,1.42,1.47
13201,1.43,1.47
13202,1.43,1.47
13204,1.43,1.46
13205,1.42,1.45
13206,1.40,1.43
13207,1.38,1.42
13208,1.36,1.41
13209,1.35,1.41
13211,1.36,1.42
13212,1.37,1.43
13213,1.38,1.44
13214,1.39,1.46
13215,1.41,1.47
13217,1.42,1.48
13218,1.43,1.48
13219,1.43,1.47
13220,1.42,1.46
13221,1.41,1.45
13222,1.40,1.43
13224,1.38,1.42
13225,1.36,1.41
13227,1.36,1.42
13228,1.36,1.43
13229,1.37,1.44
13231,1.38,1.45
13232,1.40,1.46
13233,1.42,1.47
13234,1.43,1.47
13235,1.43,1.47
13236,1.43,1.47
13238,1.42,1.46
13239,1.41,1.44
13240,1.39,1.43
13241,1.37,1.41
13242,1.36,1.41
13244,1.36,1.42
13245,1.36,1.43
13246,1.37,1.44
13247,1.39,1.45
13248,1.40,1.47
13249,1.42,1.48
13251,1.43,1.48
13252,1.43,1.47
13253,1.43,1.47
13254,1.42,1.45
13255,1.41,1.44
13257,1.39,1.42
13258,1.37,1.41
13259,1.36,1.41
13260,1.36,1.42
13261,1.37,1.43
13262,1.38,1.44
13264,1.39,1.46
13265,1.41,1.47
13266,1.42,1.48
13267,1.43,1.48
13268,1.43,1.47
13271,1.43,1.46
13272,1.42,1.45
13273,1.40,1.44
13274,1.38,1.42
13275,1.36,1.41
13276,1.36,1.42
13278,1.36,1.42
13279,1.37,1.43
13280,1.38,1.45
13281,1.39,1.46
13282,1.41,1.47
13284,1.42,1.48
13285,1.43,1.48
13286,1.43,1.47
13287,1.42,1.46
13288,1.41,1.45
13289,1.40,1.43
13291,1.38,1.42
13292,1.36,1.41
13293,1.36,1.42
13294,1.36,1.43
13295,1.37,1.44
13297,1.38,1.45
13298,1.40,1.46
13299,1.42,1.47
13300,1.43,1.48
13301,1.43,1.48
13302,1.43,1.47
13304,1.42,1.46
13305,1.41,1.45
13306,1.39,1.43
13307,1.37,1.41
13308,1.36,1.42
13310,1.36,1.42
13312,1.36,1.43
13313,1.37,1.44
13314,1.39,1.45
13315,1.40,1.47
13316,1.42,1.48
13318,1.43,1.48
13319,1.43,1.47
13320,1.43,1.46
13321,1.42,1.46
13322,1.41,1.44
13324,1.39,1.43
13325,1.37,1.41
13326,1.36,1.42
13327,1.36,1.42
13328,1.37,1.43
13330,1.38,1.44
13331,1.39,1.46
13332,1.41,1.47
13333,1.42,1.48
13334,1.43,1.48
13335,1.43,1.47
13337,1.43,1.47
13338,1.42,1.45
13339,1.40,1.44
13340,1.38,1.42
13341,1.36,1.42
13343,1.36,1.42
13344,1.36,1.43
13345,1.37,1.44
13346,1.38,1.45
13347,1.40,1.46
13348,1.41,1.47
13350,1.43,1.48
13351,1.43,1.48
13352,1.43,1.47
13353,1.42,1.46
13355,1.42,1.45
13357,1.40,1.43
13358,1.38,1.42
13359,1.36,1.41
13360,1.36,1.42
13361,1.36,1.43
13362,1.37,1.44
13364,1.39,1.45
13365,1.40,1.46
13366,1.42,1.48
13367,1.43,1.48
13368,1.43,1.48
13370,1.43,1.47
13371,1.42,1.46
13372,1.41,1.45
13373,1.39,1.43
13374,1.37,1.42
13375,1.36,1.42
13377,1.36,1.42
13378,1.36,1.43
13379,1.37,1.44
13380,1.39,1.45
13381,1.40,1.47
13383,1.42,1.48
13384,1.43,1.48
13385,1.43,1.48
13386,1.43,1.47
13387,1.42,1.46
13388,1.41,1.44
13390,1.39,1.43
13391,1.37,1.42
13392,1.36,1.42
13393,1.36,1.43
13394,1.36,1.43
13396,1.38,1.45
13398,1.39,1.46
13399,1.41,1.47
13400,1.42,1.48
13401,1.43,1.48
13402,1.43,1.48
13404,1.43,1.47
13405,1.42,1.45
13406,1.40,1.44
13407,1.38,1.42
13408,1.36,1.42
13410,1.36,1.42
13411,1.36,1.43
13412,1.37,1.44
13413,1.38,1.45
13414,1.40,1.46
13415,1.41,1.48
13417,1.42,1.48
13418,1.43,1.48
13419,1.43,1.47
13420,1.43,1.46
13421,1.41,1.45
13423,1.40,1.44
13424,1.38,1.42
13425,1.36,1.42
13426,1.36,1.42
13427,1.36,1.43
13428,1.37,1.44
13430,1.38,1.45
13431,1.40,1.47
13432,1.42,1.48
13433,1.43,1.48
13434,1.43,1.48
13436,1.43,1.47
13437,1.42,1.46
13438,1.41,1.45
13440,1.39,1.43
13441,1.37,1.42
13442,1.36,1.42
13444,1.36,1.42
13445,1.36,1.43
13446,1.37,1.44
13447,1.39,1.46
13448,1.40,1.47
13450,1.42,1.48
13451,1.43,1.48
13452,1.43,1.48
13453,1.43,1.47
13454,1.42,1.46
13455,1.41,1.45
13457,1.39,1.43
13458,1.37,1.42
13459,1.36,1.42
13460,1.36,1.43
13461,1.36,1.44
13463,1.38,1.45
13464,1.39,1.46
13465,1.41,1.47
13466,1.42,1.48
13467,1.43,1.48
13468,1.43,1.48
13470,1.43,1.47
13471,1.42,1.46
13472,1.40,1.44
13473,1.38,1.43
13474,1.36,1.42
13476,1.36,1.42
13477,1.36,1.43
13478,1.37,1.44
13479,1.38,1.45
13480,1.40,1.46
13481,1.41,1.48
13484,1.42,1.48
13485,1.43,1.48
13486,1.43,1.48
13487,1.42,1.46
13488,1.41,1.45
13490,1.40,1.44
13491,1.38,1.42
13492,1.36,1.42
13493,1.36,1.42
13494,1.36,1.43
13495,1.37,1.44
13497,1.38,1.46
13498,1.40,1.47
13499,1.42,1.48
13500,1.43,1.48
13501,1.43,1.48
13503,1.43,1.47
13504,1.42,1.46
13505,1.41,1.45
13506,1.39,1.43
13507,1.37,1.42
13508,1.36,1.42
13510,1.36,1.42
13511,1.36,1.43
13512,1.37,1.45
13513,1.39,1.46
13514,1.40,1.47
13516,1.42,1.48
13517,1.43,1.48
13518,1.43,1.48
13519,1.43,1.47
13520,1.42,1.46
13521,1.41,1.45
13523,1.39,1.43
13524,1.37,1.42
13526,1.36,1.42
13527,1.36,1.43
13528,1.36,1.43
13530,1.38,1.45
13531,1.39,1.46
13532,1.41,1.47
13533,1.42,1.48
13534,1.43,1.48
13535,1.43,1.48
13537,1.43,1.47
13538,1.42,1.46
13539,1.40,1.44
13540,1.39,1.43
13541,1.36,1.42
13543,1.36,1.42
13544,1.36,1.43
13545,1.37,1.44
13546,1.38,1.45
13547,1.40,1.46
13548,1.41,1.47
13550,1.42,1.48
13551,1.43,1.48
13552,1.43,1.48
13553,1.42,1.46
13554,1.41,1.45
13556,1.40,1.44
13557,1.38,1.43
13558,1.36,1.42
13559,1.36,1.42
13560,1.36,1.43
13561,1.37,1.44
13563,1.38,1.45
13564,1.40,1.47
13565,1.42,1.48
13566,1.43,1.48
13568,1.43,1.48
13570,1.43,1.47
13571,1.42,1.46
13572,1.41,1.45
13573,1.39,1.44
13574,1.37,1.42
13575,1.36,1.42
13577,1.36,1.42
13578,1.36,1.43
13579,1.37,1.44
13580,1.39,1.46
13581,1.40,1.47
13583,1.42,1.48
13584,1.43,1.48
13585,1.43,1.48
13586,1.43,1.47
13587,1.42,1.46
13588,1.41,1.45
13590,1.39,1.43
13591,1.37,1.42
13592,1.36,1.42
13593,1.36,1.43
13594,1.36,1.44
13596,1.37,1.45
13597,1.39,1.46
13598,1.40,1.47
13599,1.42,1.48
13600,1.43,1.48
13601,1.43,1.48
13603,1.42,1.47
13604,1.42,1.46
13605,1.40,1.44
13606,1.38,1.43
13607,1.36,1.42
13609,1.36,1.42
13611,1.36,1.43
13612,1.36,1.43
13613,1.38,1.45
13614,1.39,1.46
13615,1.41,1.48
13617,1.42,1.48
13618,1.42,1.48
13619,1.43,1.47
13620,1.42,1.47
13621,1.41,1.45
13623,1.40,1.44
13624,1.38,1.42
13625,1.36,1.42
13626,1.35,1.42
13627,1.36,1.43
13628,1.37,1.44
13630,1.38,1.45
13631,1.40,1.47
13632,1.41,1.48
13633,1.42,1.48
13634,1.42,1.48
13636,1.43,1.47
13637,1.42,1.46
13638,1.41,1.45
13639,1.39,1.43
13640,1.37,1.42
13641,1.36,1.42
13643,1.35,1.42
13644,1.36,1.43
13645,1.37,1.44
13646,1.38,1.45
13647,1.40,1.47
13649,1.41,1.48
13650,1.42,1.48
13651,1.43,1.48
13652,1.42,1.47
13654,1.42,1.46
13655,1.41,1.45
13657,1.39,1.43
13658,1.37,1.42
13659,1.35,1.42
13660,1.35,1.42
13661,1.36,1.43
13663,1.37,1.44
13664,1.39,1.46
13665,1.40,1.47
13666,1.42,1.48
13667,1.42,1.48
13668,1.43,1.48
13670,1.42,1.47
13671,1.42,1.46
13672,1.40,1.44
13673,1.38,1.43
13674,1.36,1.42
13676,1.35,1.42
13677,1.36,1.43
13678,1.36,1.44
13679,1.38,1.45
13680,1.39,1.46
13681,1.41,1.47
13683,1.42,1.48
13684,1.42,1.48
13685,1.43,1.47
13686,1.42,1.47
13687,1.41,1.45
13689,1.40,1.44
13690,1.38,1.42
13691,1.36,1.42
13692,1.35,1.42
13693,1.36,1.43
13694,1.37,1.44
13697,1.38,1.45
13698,1.40,1.47
13699,1.41,1.48
13700,1.42,1.48
13701,1.43,1.48
13703,1.43,1.47
13704,1.42,1.46
13705,1.41,1.45
13706,1.39,1.43
13707,1.37,1.42
13708,1.36,1.42
13710,1.35,1.42
13711,1.36,1.43
13712,1.37,1.44
13713,1.38,1.45
13714,1.40,1.47
13716,1.42,1.48
13717,1.42,1.48
13718,1.43,1.48
13719,1.42,1.47
13720,1.42,1.46
13721,1.41,1.45
13723,1.39,1.43
13724,1.37,1.42
13725,1.35,1.42
13726,1.35,1.42
13727,1.36,1.43
13729,1.37,1.44
13730,1.39,1.46
13731,1.40,1.47
13732,1.42,1.48
13733,1.42,1.48
13734,1.43,1.48
13736,1.42,1.47
13737,1.42,1.46
13739,1.40,1.44
13740,1.38,1.43
13741,1.36,1.42
13743,1.35,1.42
13744,1.35,1.42
13745,1.36,1.43
13746,1.38,1.45
13747,1.39,1.46
13748,1.41,1.47
13750,1.42,1.48
13751,1.42,1.48
13752,1.43,1.47
13753,1.42,1.46
13754,1.41,1.45
13756,1.40,1.44
13757,1.38,1.42
13758,1.36,1.42
13759,1.35,1.42
13760,1.36,1.43
13762,1.37,1.44
13763,1.38,1.45
13764,1.40,1.46
13765,1.41,1.48
13766,1.42,1.48
13767,1.43,1.48
13769,1.43,1.47
13770,1.42,1.46
13771,1.41,1.45
13772,1.39,1.44
13773,1.37,1.42
13775,1.36,1.42
13776,1.35,1.42
13777,1.36,1.43
13778,1.37,1.44
13779,1.38,1.45
13780,1.40,1.47
13783,1.42,1.48
13784,1.42,1.48
13785,1.43,1.48
13786,1.43,1.47
13787,1.42,1.46
13789,1.41,1.45
13790,1.39,1.43
13791,1.37,1.42
13792,1.36,1.42
13793,1.35,1.42
13794,1.36,1.43
13796,1.37,1.44
13797,1.39,1.46
13798,1.40,1.47
13799,1.42,1.48
13800,1.43,1.48
13802,1.43,1.48
13803,1.42,1.47
13804,1.42,1.46
13805,1.40,1.44
13806,1.39,1.43
13807,1.36,1.42
13809,1.36,1.42
13810,1.36,1.43
13811,1.37,1.43
13812,1.38,1.45
13813,1.39,1.46
13815,1.41,1.47
13816,1.42,1.48
13817,1.43,1.48
13818,1.43,1.48
13819,1.42,1.47
13820,1.42,1.45
13822,1.40,1.44
13824,1.38,1.42
13825,1.36,1.42
13826,1.36,1.42
13827,1.36,1.43
13829,1.37,1.44
13830,1.38,1.45
13831,1.40,1.46
13832,1.41,1.48
13833,1.42,1.48
13834,1.43,1.48
13836,1.43,1.47
13837,1.42,1.46
13838,1.41,1.45
13839,1.40,1.44
13840,1.38,1.42
13842,1.36,1.42
13843,1.35,1.42
13844,1.36,1.43
13845,1.37,1.44
13846,1.39,1.46
13847,1.40,1.47
13849,1.42,1.48
13850,1.42,1.48
13851,1.43,1.48
13852,1.43,1.47
13853,1.42,1.46
13855,1.41,1.45
13856,1.39,1.43
13857,1.37,1.42
13858,1.36,1.42
13859,1.36,1.42
13860,1.36,1.43
13862,1.38,1.44
13863,1.39,1.46
13864,1.40,1.47
13865,1.42,1.48
13867,1.43,1.48
13869,1.43,1.48
13870,1.43,1.47
13871,1.42,1.46
13872,1.40,1.44
13873,1.39,1.43
13874,1.37,1.42
13876,1.36,1.42
13877,1.36,1.43
13878,1.36,1.44
13879,1.38,1.45
13880,1.39,1.46
13882,1.41,1.47
13883,1.42,1.48
13884,1.43,1.48
13885,1.43,1.48
13886,1.43,1.47
13887,1.42,1.45
13889,1.40,1.44
13890,1.38,1.43
13891,1.36,1.42
13892,1.36,1.42
13893,1.36,1.43
13895,1.37,1.44
13896,1.38,1.45
13897,1.40,1.46
13898,1.41,1.48
13899,1.42,1.48
13900,1.43,1.48
13902,1.43,1.47
13903,1.42,1.46
13904,1.41,1.45
13905,1.40,1.44
13906,1.38,1.42
13908,1.36,1.42
13910,1.36,1.42
13911,1.36,1.43
13912,1.37,1.44
13913,1.38,1.45
13914,1.40,1.47
13916,1.42,1.48
13917,1.42,1.48
13918,1.43,1.48
13919,1.43,1.47
13920,1.42,1.46
13922,1.41,1.45
13923,1.39,1.43
13924,1.37,1.42
13925,1.36,1.42
13926,1.36,1.42
13927,1.36,1.43
13929,1.37,1.44
13930,1.39,1.46
13931,1.40,1.47
13932,1.42,1.48
13933,1.43,1.48
13935,1.43,1.48
13936,1.43,1.47
13937,1.42,1.46
13938,1.41,1.45
13939,1.39,1.43
13940,1.37,1.42
13942,1.36,1.42
13943,1.36,1.43
13944,1.36,1.44
13945,1.38,1.45
13946,1.39,1.46
13948,1.41,1.47
13949,1.42,1.48
13950,1.43,1.48
13952,1.43,1.48
13953,1.43,1.47
13954,1.42,1.46
13956,1.40,1.44
13957,1.38,1.43
13958,1.36,1.42
13959,1.36,1.42
13960,1.36,1.43
13962,1.37,1.44
13963,1.38,1.45
13964,1.40,1.46
13965,1.41,1.48
13966,1.42,1.48
13967,1.43,1.48
13969,1.43,1.48
13970,1.42,1.47
13971,1.41,1.45
13972,1.40,1.44
13973,1.38,1.42
13975,1.36,1.42
13976,1.36,1.42
13977,1.36,1.43
13978,1.37,1.44
13979,1.38,1.45
13980,1.40,1.47
13982,1.42,1.48
13983,1.43,1.48
13984,1.43,1.48
13985,1.43,1.47
13986,1.42,1.46
13988,1.41,1.45
13989,1.39,1.43
13990,1.37,1.42
13991,1.36,1.42
13992,1.36,1.42
13993,1.36,1.43
13996,1.37,1.44
13997,1.39,1.46
13998,1.40,1.47
13999,1.42,1.48
14000,1.43,1.48
14002,1.43,1.48
14003,1.43,1.47
14004,1.42,1.46
14005,1.41,1.45
14006,1.39,1.43
14007,1.37,1.42
14009,1.36,1.42
14010,1.36,1.43
14011,1.36,1.44
14012,1.38,1.45
14013,1.39,1.46
14015,1.41,1.47
14016,1.42,1.48
14017,1.43,1.48
14018,1.43,1.48
14019,1.43,1.47
14020,1.42,1.46
14022,1.40,1.44
14023,1.38,1.43
14024,1.36,1.42
14025,1.36,1.42
14026,1.36,1.43
14028,1.37,1.44
14029,1.38,1.45
14030,1.39,1.46
14031,1.41,1.48
14032,1.42,1.48
14033,1.43,1.48
14035,1.43,1.47
14036,1.43,1.47
14038,1.41,1.45
14039,1.40,1.44
14040,1.38,1.42
14042,1.36,1.42
14043,1.36,1.42
14044,1.36,1.43
14045,1.37,1.44
14046,1.38,1.45
14047,1.40,1.46
14049,1.42,1.48
14050,1.43,1.48
14051,1.43,1.48
14052,1.43,1.47
14053,1.42,1.46
14055,1.41,1.45
14056,1.40,1.44
14057,1.37,1.42
14058,1.36,1.42
14059,1.36,1.42
14060,1.36,1.43
14062,1.37,1.44
14063,1.39,1.46
14064,1.40,1.47
14065,1.42,1.48
14066,1.43,1.48
14068,1.43,1.48
14069,1.43,1.47
14070,1.42,1.46
14071,1.41,1.45
14072,1.39,1.43
14073,1.37,1.42
14075,1.36,1.42
14076,1.36,1.42
14077,1.37,1.44
14078,1.38,1.45
14080,1.39,1.46
14082,1.41,1.47
14083,1.42,1.48
14084,1.43,1.48
14085,1.43,1.48
14086,1.43,1.47
14087,1.42,1.46
14089,1.40,1.44
14090,1.39,1.43
14091,1.37,1.42
14092,1.36,1.42
14093,1.36,1.43
14095,1.37,1.44
14096,1.38,1.45
14097,1.39,1.46
14098,1.41,1.48
14099,1.42,1.48
14100,1.43,1.48
14102,1.43,1.48
14103,1.42,1.47
14104,1.41,1.46
14105,1.40,1.44
14106,1.38,1.43
14108,1.36,1.42
14109,1.36,1.42
14110,1.36,1.43
14111,1.37,1.44
14112,1.38,1.45
14113,1.40,1.47
14115,1.42,1.48
14116,1.42,1.48
14117,1.43,1.48
14118,1.43,1.47
14119,1.42,1.46
14121,1.41,1.45
14123,1.40,1.44
14124,1.38,1.42
14125,1.36,1.42
14126,1.36,1.42
14127,1.36,1.43
14129,1.37,1.44
14130,1.39,1.46
14131,1.40,1.47
14132,1.42,1.48
14133,1.43,1.49
14135,1.43,1.48
14136,1.43,1.47
14137,1.42,1.46
14138,1.41,1.45
14139,1.39,1.43
14140,1.37,1.42
14142,1.36,1.42
14143,1.36,1.43
14144,1.36,1.44
14145,1.37,1.45
14146,1.39,1.46
14148,1.41,1.47
14149,1.42,1.48
14150,1.43,1.48
14151,1.43,1.48
14152,1.43,1.47
14153,1.42,1.46
14155,1.40,1.44
14156,1.39,1.43
14157,1.37,1.42
14158,1.36,1.42
14159,1.36,1.43
14161,1.37,1.44
14162,1.38,1.45
14163,1.39,1.46
14164,1.41,1.48
14166,1.42,1.48
14167,1.43,1.48
14169,1.43,1.48
14170,1.43,1.47
14171,1.42,1.45
14172,1.40,1.44
14173,1.38,1.42
14175,1.36,1.42
14176,1.36,1.42
14177,1.36,1.43
14178,1.37,1.44
14179,1.38,1.45
14180,1.40,1.47
14182,1.41,1.48
14183,1.43,1.48
14184,1.43,1.48
14185,1.43,1.48
14186,1.42,1.46
14188,1.41,1.45
14189,1.40,1.44
14190,1.38,1.42
14191,1.36,1.42
14192,1.36,1.42
14193,1.36,1.43
14195,1.37,1.44
14196,1.39,1.46
14197,1.40,1.47
14198,1.42,1.48
14199,1.43,1.48
14201,1.43,1.48
14202,1.43,1.47
14203,1.42,1.46
14204,1.41,1.45
14205,1.39,1.43
14206,1.37,1.42
14209,1.36,1.42
14210,1.36,1.43
14211,1.36,1.44
14212,1.38,1.45
14213,1.39,1.46
14215,1.41,1.47
14216,1.42,1.48
14217,1.43,1.48
14218,1.43,1.48
14219,1.43,1.47
14220,1.42,1.46
14222,1.41,1.45
14223,1.39,1.43
14224,1.37,1.42
14225,1.36,1.42
14226,1.36,1.43
14228,1.37,1.44
14229,1.38,1.45
14230,1.39,1.46
14231,1.41,1.48
14232,1.42,1.48
14233,1.43,1.48
14235,1.43,1.48
14236,1.43,1.47
14237,1.42,1.46
14238,1.40,1.44
14239,1.38,1.43
14241,1.36,1.42
14242,1.36,1.42
14243,1.36,1.43
14244,1.37,1.44
14245,1.38,1.45
14246,1.40,1.47
14248,1.41,1.48
14249,1.43,1.48
14251,1.43,1.48
14252,1.43,1.47
14253,1.43,1.47
14255,1.41,1.45
14256,1.40,1.44
14257,1.38,1.42
14258,1.36,1.42
14259,1.36,1.42
14260,1.36,1.43
14262,1.37,1.44
14263,1.39,1.46
14264,1.40,1.47
14265,1.42,1.48
14266,1.43,1.48
14268,1.43,1.48
14269,1.43,1.47
14270,1.42,1.46
14271,1.41,1.45
14272,1.39,1.43
14273,1.37,1.42
14275,1.36,1.42
14276,1.36,1.43
14277,1.36,1.44
14278,1.37,1.45
14279,1.39,1.46
14281,1.41,1.47
14282,1.42,1.48
14283,1.43,1.48
14284,1.43,1.48
14285,1.43,1.47
14286,1.42,1.46
14288,1.41,1.45
14289,1.39,1.43
14290,1.37,1.42
14291,1.36,1.42
14292,1.36,1.43
14295,1.37,1.44
14296,1.38,1.45
14297,1.39,1.46
14298,1.41,1.48
14299,1.42,1.48
14300,1.43,1.48
14302,1.43,1.48
14303,1.43,1.47
14304,1.42,1.46
14305,1.40,1.44
14306,1.38,1.43
14308,1.36,1.42
14309,1.36,1.42
14310,1.36,1.43
14311,1.37,1.44
14312,1.38,1.45
14313,1.40,1.47
14315,1.41,1.48
14316,1.43,1.48
14317,1.43,1.48
14318,1.43,1.48
14319,1.43,1.47
14321,1.41,1.45
14322,1.40,1.44
14323,1.38,1.43
14324,1.36,1.42
14325,1.36,1.42
14326,1.36,1.43
14328,1.37,1.45
14329,1.38,1.46
14330,1.40,1.47
14331,1.42,1.48
14332,1.43,1.48
14334,1.43,1.48
14336,1.43,1.47
14337,1.42,1.46
14338,1.41,1.45
14339,1.40,1.44
14340,1.37,1.42
14342,1.36,1.42
14343,1.36,1.43
14344,1.36,1.44
14345,1.37,1.45
14346,1.39,1.46
14348,1.40,1.47
14349,1.42,1.48
14350,1.43,1.48
14351,1.43,1.48
14352,1.43,1.47
14353,1.42,1.46
14355,1.41,1.45
14356,1.39,1.43
14357,1.37,1.42
14358,1.36,1.42
14359,1.36,1.43
14361,1.37,1.44
14362,1.38,1.45
14363,1.39,1.46
14364,1.41,1.48
14365,1.42,1.48
14366,1.43,1.48
14368,1.43,1.48
14369,1.43,1.47
14370,1.42,1.46
14371,1.40,1.44
14372,1.38,1.43
14374,1.36,1.42
14375,1.36,1.42
14376,1.36,1.43
14377,1.37,1.44
14379,1.38,1.45
14380,1.40,1.47
14382,1.41,1.48
14383,1.43,1.48
14384,1.43,1.48
14385,1.43,1.48
14386,1.42,1.47
14388,1.41,1.45
14389,1.40,1.44
14390,1.38,1.43
14391,1.36,1.42
14392,1.36,1.43
14393,1.36,1.43
14395,1.37,1.44
14396,1.38,1.46
14397,1.40,1.47
14398,1.42,1.48
14399,1.43,1.48
14401,1.43,1.48
14402,1.43,1.48
14403,1.42,1.46
14404,1.41,1.45
14405,1.40,1.44
14406,1.37,1.42
14408,1.36,1.42
14409,1.36,1.43
14410,1.36,1.44
14411,1.37,1.45
14412,1.39,1.46
14414,1.40,1.47
14415,1.42,1.48
14416,1.43,1.48
14417,1.43,1.48
14418,1.43,1.47
14419,1.42,1.46
14422,1.41,1.45
14423,1.39,1.43
14424,1.37,1.42
14425,1.36,1.42
14426,1.36,1.43
14428,1.37,1.44
14429,1.38,1.45
14430,1.39,1.46
14431,1.41,1.48
14432,1.42,1.48
14433,1.43,1.48
14435,1.43,1.48
14436,1.43,1.47
14437,1.42,1.46
14438,1.40,1.44
14439,1.38,1.43
14441,1.36,1.42
14442,1.36,1.42
14443,1.36,1.43
14444,1.37,1.44
14445,1.38,1.45
14446,1.40,1.47
14448,1.41,1.48
14449,1.43,1.48
14450,1.43,1.48
14451,1.43,1.48
14452,1.43,1.47
14454,1.41,1.46
14455,1.40,1.44
14456,1.38,1.43
14457,1.36,1.42
14458,1.36,1.43
14459,1.36,1.43
14461,1.37,1.44
14462,1.38,1.46
14464,1.40,1.47
14465,1.42,1.48
14466,1.43,1.49
14468,1.43,1.48
14469,1.43,1.47
14470,1.42,1.47
14471,1.41,1.45
14472,1.39,1.44
14473,1.37,1.42
14475,1.36,1.42
14476,1.36,1.43
14477,1.36,1.44
14478,1.37,1.45
14479,1.39,1.46
14481,1.40,1.47
14482,1.42,1.48
14483,1.43,1.48
14484,1.43,1.48
14485,1.43,1.47
14486,1.42,1.46
14488,1.41,1.45
14489,1.39,1.44
14490,1.37,1.42
14491,1.36,1.42
14492,1.36,1.43
14494,1.36,1.44
14495,1.38,1.45
14496,1.39,1.46
14497,1.41,1.48
14498,1.42,1.49
14499,1.43,1.48
14501,1.43,1.48
14502,1.43,1.47
14503,1.42,1.46
14504,1.40,1.45
14505,1.39,1.43
14508,1.37,1.42
14509,1.36,1.42
14510,1.36,1.43
14511,1.37,1.44
14512,1.38,1.45
14513,1.40,1.47
14515,1.41,1.48
14516,1.42,1.48
14517,1.43,1.48
14518,1.43,1.48
14519,1.43,1.47
14521,1.42,1.46
14522,1.40,1.44
14523,1.38,1.42
14524,1.36,1.42
14525,1.36,1.43
14526,1.36,1.43
14528,1.37,1.44
14529,1.39,1.46
14530,1.40,1.47
14531,1.42,1.48
14532,1.43,1.48
14534,1.43,1.48
14535,1.43,1.48
14536,1.42,1.47
14537,1.41,1.45
14538,1.40,1.44
14539,1.38,1.43
14541,1.36,1.42
14542,1.36,1.43
14543,1.36,1.44
14544,1.37,1.45
14545,1.39,1.46
14547,1.40,1.47
14548,1.42,1.48
14550,1.43,1.49
14551,1.43,1.48
14552,1.43,1.47
14553,1.42,1.46
14555,1.41,1.45
14556,1.39,1.44
14557,1.37,1.42
14558,1.36,1.42
14559,1.36,1.43
14561,1.37,1.44
14562,1.38,1.45
14563,1.39,1.46
14564,1.41,1.47
14565,1.42,1.48
14566,1.43,1.49
14568,1.43,1.48
14569,1.43,1.47
14570,1.42,1.46
14571,1.41,1.45
14572,1.39,1.43
14574,1.37,1.42
14575,1.36,1.42
14576,1.36,1.43
14577,1.37,1.44
14578,1.38,1.45
14579,1.40,1.47
14581,1.41,1.48
14582,1.42,1.48
14583,1.43,1.48
14584,1.43,1.48
14585,1.43,1.47
14587,1.42,1.46
14588,1.40,1.44
14589,1.38,1.43
14590,1.36,1.42
14592,1.36,1.43
14593,1.36,1.43
14595,1.37,1.44
14596,1.38,1.46
14597,1.40,1.47
14598,1.41,1.48
14599,1.43,1.48
14601,1.43,1.48
14602,1.43,1.48
14603,1.42,1.47
14604,1.41,1.45
14605,1.40,1.44
14606,1.38,1.43
14608,1.36,1.42
14609,1.36,1.43
14610,1.36,1.44
14611,1.37,1.45
14612,1.39,1.46
14614,1.40,1.47
14615,1.42,1.48
14616,1.43,1.49
14617,1.43,1.48
14618,1.43,1.47
14619,1.42,1.46
14621,1.41,1.45
14622,1.39,1.44
14623,1.37,1.42
14624,1.36,1.42
14625,1.36,1.43
14627,1.37,1.44
14628,1.38,1.45
14629,1.39,1.46
14630,1.41,1.48
14631,1.42,1.49
14632,1.43,1.49
14635,1.43,1.48
14636,1.43,1.47
14637,1.42,1.46
14638,1.41,1.45
14639,1.39,1.43
14641,1.37,1.42
14642,1.36,1.42
14643,1.36,1.43
14644,1.37,1.44
14645,1.38,1.45
14646,1.39,1.47
14648,1.41,1.48
14649,1.42,1.49
14650,1.43,1.49
14651,1.43,1.48
14652,1.43,1.47
14654,1.42,1.46
14655,1.40,1.44
14656,1.38,1.43
14657,1.36,1.42
14658,1.36,1.43
14659,1.36,1.43
14661,1.37,1.44
14662,1.38,1.46
14663,1.40,1.47
14664,1.41,1.48
14665,1.43,1.49
14667,1.43,1.48
14668,1.43,1.48
14669,1.42,1.47
14670,1.41,1.45
14671,1.40,1.44
14672,1.38,1.43
14674,1.36,1.42
14675,1.36,1.43
14676,1.36,1.44
14678,1.37,1.45
14679,1.39,1.46
14681,1.40,1.47
14682,1.42,1.48
14683,1.43,1.49
14684,1.43,1.49
14685,1.43,1.47
14687,1.42,1.46
14688,1.41,1.45
14689,1.39,1.44
14690,1.37,1.43
14691,1.36,1.42
14692,1.36,1.43
14694,1.37,1.44
14695,1.38,1.45
14696,1.39,1.46
14697,1.41,1.48
14698,1.42,1.49
14700,1.43,1.48
14701,1.43,1.48
14702,1.43,1.47
14703,1.42,1.46
14704,1.41,1.45
14705,1.39,1.43
14707,1.37,1.42
14708,1.36,1.42
14709,1.36,1.43
14710,1.37,1.44
14711,1.38,1.45
14713,1.39,1.46
14714,1.41,1.48
14715,1.42,1.49
14716,1.43,1.48
14717,1.43,1.48
14718,1.43,1.47
14721,1.42,1.46
14722,1.40,1.44
14723,1.38,1.43
14724,1.36,1.42
14725,1.36,1.43
14727,1.36,1.43
14728,1.37,1.45
14729,1.38,1.46
14730,1.40,1.47
14731,1.42,1.48
14732,1.43,1.49
14734,1.43,1.48
14735,1.43,1.48
14736,1.42,1.47
14737,1.41,1.45
14738,1.40,1.44
14740,1.38,1.43
14741,1.36,1.42
14742,1.36,1.43
14743,1.36,1.44
14744,1.37,1.45
14745,1.39,1.46
14747,1.40,1.47
14748,1.42,1.48
14749,1.43,1.49
14750,1.43,1.48
14751,1.43,1.48
14753,1.42,1.46
14754,1.41,1.45
14755,1.39,1.44
14756,1.37,1.43
14757,1.36,1.42
14758,1.36,1.43
14760,1.36,1.44
14761,1.38,1.45
14763,1.39,1.46
14764,1.41,1.47
14765,1.42,1.49
14767,1.43,1.49
14768,1.43,1.48
14769,1.43,1.47
14770,1.42,1.46
14771,1.41,1.45
14772,1.39,1.43
14774,1.37,1.42
14775,1.36,1.42
14776,1.36,1.43
14777,1.37,1.44
14778,1.38,1.45
14780,1.40,1.47
14781,1.41,1.48
14782,1.42,1.49
14783,1.43,1.49
14784,1.43,1.48
14785,1.43,1.47
14787,1.42,1.46
14788,1.40,1.45
14789,1.38,1.43
14790,1.36,1.42
14791,1.36,1.43
14793,1.36,1.43
14794,1.37,1.44
14795,1.38,1.46
14796,1.40,1.47
14797,1.42,1.48
14798,1.43,1.49
14800,1.43,1.48
14801,1.43,1.48
14802,1.43,1.47
14803,1.41,1.46
14804,1.40,1.44
14807,1.38,1.43
14808,1.36,1.42
14809,1.36,1.43
14810,1.36,1.44
14811,1.37,1.45
14812,1.39,1.46
14814,1.40,1.47
14815,1.42,1.48
14816,1.43,1.49
14817,1.43,1.48
14818,1.43,1.48
14820,1.42,1.46
14821,1.41,1.45
14822,1.39,1.44
14823,1.37,1.43
14824,1.36,1.42
14825,1.36,1.43
14827,1.37,1.44
14828,1.38,1.45
14829,1.39,1.46
14830,1.41,1.48
14831,1.42,1.49
14833,1.43,1.49
14834,1.43,1.48
14835,1.43,1.47
14836,1.42,1.46
14837,1.41,1.45
14838,1.39,1.43
14840,1.37,1.42
14841,1.36,1.42
14842,1.36,1.43
14843,1.37,1.44
14844,1.38,1.45
14846,1.39,1.46
14848,1.41,1.48
14849,1.43,1.49
14850,1.43,1.49
14851,1.43,1.48
14852,1.43,1.47
14854,1.42,1.46
14855,1.40,1.44
14856,1.39,1.43
14857,1.37,1.42
14858,1.36,1.43
14860,1.36,1.43
14861,1.37,1.44
14862,1.38,1.46
14863,1.40,1.47
14864,1.41,1.48
14865,1.43,1.49
14867,1.43,1.49
14868,1.43,1.48
14869,1.43,1.47
14870,1.41,1.46
14871,1.40,1.44
14873,1.38,1.43
14874,1.36,1.42
14875,1.36,1.43
14876,1.36,1.44
14877,1.37,1.45
14878,1.39,1.46
14880,1.40,1.47
14881,1.42,1.48
14882,1.43,1.49
14883,1.43,1.48
14884,1.43,1.48
14886,1.42,1.47
14887,1.41,1.45
14888,1.40,1.44
14889,1.37,1.42
14891,1.36,1.42
14892,1.36,1.43
14894,1.37,1.44
14895,1.38,1.45
14896,1.39,1.46
14897,1.41,1.47
14898,1.42,1.48
14900,1.43,1.49
14901,1.43,1.48
14902,1.43,1.47
14903,1.42,1.46
14904,1.41,1.45
14905,1.39,1.44
14907,1.37,1.42
14908,1.36,1.42
14909,1.36,1.43
14910,1.37,1.44
14911,1.38,1.45
14913,1.39,1.46
14914,1.41,1.48
14915,1.42,1.49
14916,1.43,1.48
14917,1.43,1.48
14918,1.43,1.47
14920,1.42,1.46
14921,1.41,1.45
14922,1.39,1.43
14923,1.37,1.42
14924,1.36,1.43
14926,1.36,1.43
14927,1.37,1.44
14928,1.38,1.46
14929,1.40,1.47
14930,1.41,1.48
14931,1.43,1.49
14934,1.43,1.49
14935,1.43,1.48
14936,1.43,1.47
14937,1.42,1.46
14938,1.40,1.44
14940,1.38,1.43
14941,1.36,1.42
14942,1.36,1.43
14943,1.36,1.44
14944,1.37,1.45
14945,1.39,1.46
14947,1.40,1.47
14948,1.42,1.48
14949,1.43,1.49
14950,1.43,1.48
14951,1.43,1.48
14953,1.43,1.47
14954,1.41,1.45
14955,1.40,1.44
14956,1.37,1.43
14957,1.36,1.42
14958,1.36,1.43
14960,1.36,1.44
14961,1.38,1.45
14962,1.39,1.46
14963,1.41,1.47
14964,1.42,1.49
14966,1.43,1.49
14967,1.43,1.48
14968,1.43,1.47
14969,1.42,1.46
14970,1.41,1.45
14971,1.39,1.44
14973,1.37,1.43
14974,1.36,1.42
14976,1.36,1.43
14977,1.37,1.44
14978,1.38,1.45
14980,1.39,1.46
14981,1.41,1.48
14982,1.42,1.49
14983,1.43,1.49
14984,1.43,1.48
14985,1.43,1.47
14987,1.42,1.46
14988,1.41,1.45
14989,1.39,1.43
14990,1.37,1.42
14991,1.36,1.43
14993,1.36,1.43
14994,1.37,1.45
14995,1.38,1.46
14996,1.40,1.47
14997,1.41,1.48
14998,1.43,1.49
15000,1.43,1.49
15001,1.43,1.48
15002,1.43,1.47
15003,1.42,1.46
15004,1.40,1.44
15006,1.38,1.43
15007,1.36,1.42
15008,1.36,1.43
15009,1.36,1.44
15010,1.37,1.45
15012,1.39,1.46
15013,1.40,1.47
15014,1.42,1.48
15015,1.43,1.49
15016,1.43,1.48
15017,1.43,1.48
15020,1.43,1.47
15021,1.41,1.45
15022,1.40,1.44
15023,1.37,1.42
15024,1.36,1.42
15026,1.36,1.43
15027,1.36,1.44
15028,1.38,1.45
15029,1.39,1.46
15030,1.41,1.47
15031,1.42,1.48
15033,1.43,1.49
15034,1.43,1.48
15035,1.43,1.48
15036,1.42,1.46
15037,1.41,1.45
15039,1.39,1.44
15040,1.37,1.42
15041,1.36,1.43
15042,1.36,1.43
15043,1.37,1.44
15044,1.38,1.45
15046,1.39,1.47
15047,1.41,1.48
15048,1.42,1.49
15049,1.43,1.49
15050,1.43,1.48
15052,1.43,1.47
15053,1.42,1.46
15054,1.41,1.45
15055,1.39,1.43
15056,1.37,1.42
15057,1.36,1.43
15059,1.36,1.43
15060,1.37,1.44
15062,1.38,1.45
15063,1.40,1.47
15064,1.41,1.48
15066,1.43,1.49
15067,1.43,1.49
15068,1.43,1.48
15069,1.43,1.47
15070,1.41,1.46
15071,1.40,1.44
15073,1.38,1.43
15074,1.36,1.43
15075,1.36,1.43
15076,1.36,1.43
15077,1.37,1.45
15079,1.38,1.46
15080,1.40,1.47
15081,1.42,1.48
15082,1.43,1.49
15083,1.43,1.48
15084,1.43,1.48
15086,1.42,1.47
15087,1.41,1.45
15088,1.40,1.44
15089,1.37,1.43
15090,1.36,1.43
15092,1.36,1.43
15093,1.36,1.44
15094,1.37,1.45
15095,1.39,1.46
15096,1.41,1.47
15097,1.42,1.49
15099,1.43,1.49
15100,1.43,1.48
15101,1.43,1.47
15102,1.42,1.46
15104,1.41,1.45
15106,1.39,1.44
15107,1.37,1.42
15108,1.36,1.42
15109,1.36,1.43
15110,1.37,1.44
15111,1.38,1.45
15113,1.39,1.46
15114,1.41,1.48
15115,1.42,1.49
15116,1.43,1.49
15117,1.43,1.48
15119,1.43,1.47
15120,1.42,1.46
15121,1.40,1.44
15122,1.38,1.43
15123,1.37,1.42
15124,1.36,1.43
15126,1.36,1.43
15127,1.37,1.44
15128,1.38,1.46
15129,1.39,1.47
15130,1.41,1.48
15132,1.42,1.49
15133,1.43,1.49
15134,1.43,1.48
15135,1.43,1.47
15136,1.42,1.46
15137,1.40,1.44
15139,1.38,1.43
15140,1.36,1.42
15141,1.36,1.43
15142,1.36,1.44
15143,1.37,1.45
15145,1.38,1.46
15147,1.40,1.47
15148,1.42,1.48
15149,1.43,1.49
15150,1.43,1.48
15151,1.43,1.48
15153,1.42,1.47
15154,1.41,1.46
15155,1.39,1.44
15156,1.38,1.43
15157,1.36,1.42
15159,1.36,1.43
15160,1.36,1.44
15161,1.37,1.45
15162,1.39,1.46
15163,1.40,1.47
15164,1.42,1.48
15166,1.43,1.49
15167,1.43,1.48
15168,1.43,1.48
15169,1.42,1.46
15170,1.41,1.45
15172,1.39,1.44
15173,1.37,1.43
15174,1.36,1.42
15175,1.36,1.43
15176,1.37,1.44
15177,1.38,1.45
15179,1.39,1.46
15180,1.41,1.48
15181,1.42,1.49
15182,1.43,1.49
15183,1.43,1.48
15185,1.43,1.47
15186,1.42,1.46
15187,1.41,1.45
15188,1.39,1.43
15190,1.37,1.42
15191,1.36,1.43
15193,1.36,1.43
15194,1.37,1.44
15195,1.38,1.46
15196,1.39,1.47
15197,1.41,1.48
15199,1.43,1.49
15200,1.43,1.48
15201,1.43,1.48
15202,1.43,1.47
15203,1.42,1.46
15205,1.40,1.44
15206,1.38,1.43
15207,1.36,1.43
15208,1.36,1.43
15209,1.36,1.43
15210,1.37,1.45
15212,1.38,1.46
15213,1.40,1.47
15214,1.42,1.48
15215,1.43,1.49
15216,1.43,1.49
15218,1.43,1.48
15219,1.42,1.47
15220,1.41,1.45
15221,1.40,1.44
15222,1.37,1.43
15223,1.36,1.42
15225,1.36,1.43
15226,1.36,1.44
15227,1.37,1.45
15228,1.39,1.46
15229,1.40,1.47
15232,1.42,1.48
15233,1.43,1.49
15234,1.43,1.48
15235,1.43,1.48
15236,1.42,1.47
15237,1.41,1.45
15239,1.39,1.44
15240,1.37,1.42
15241,1.36,1.43
15242,1.36,1.43
15243,1.37,1.44
15245,1.38,1.45
15246,1.39,1.46
15247,1.41,1.48
15248,1.42,1.49
15249,1.43,1.49
15250,1.43,1.48
15252,1.43,1.47
15253,1.42,1.46
15254,1.41,1.45
15255,1.38,1.43
15256,1.37,1.43
15258,1.36,1.43
15259,1.36,1.43
15260,1.37,1.45
15261,1.38,1.46
15262,1.39,1.47
15263,1.41,1.48
15265,1.43,1.49
15266,1.43,1.49
15267,1.43,1.48
15268,1.43,1.47
15269,1.41,1.46
15271,1.40,1.44
15272,1.38,1.43
15273,1.36,1.42
15275,1.36,1.43
15276,1.36,1.44
15277,1.37,1.45
15279,1.38,1.46
15280,1.40,1.47
15281,1.42,1.48
15282,1.43,1.49
15283,1.43,1.49
15285,1.43,1.48
15286,1.42,1.47
15287,1.41,1.46
15288,1.39,1.44
15289,1.37,1.43
15291,1.36,1.43
15292,1.36,1.43
15293,1.36,1.44
15294,1.37,1.45
15295,1.39,1.46
15296,1.41,1.48
15298,1.42,1.49
15299,1.43,1.49
15300,1.43,1.48
15301,1.43,1.48
15302,1.42,1.46
15304,1.41,1.45
15305,1.39,1.44
15306,1.37,1.43
15307,1.36,1.42
15308,1.36,1.43
15309,1.37,1.44
15311,1.38,1.45
15312,1.39,1.46
15313,1.41,1.48
15314,1.42,1.49
15315,1.43,1.49
15318,1.43,1.48
15319,1.43,1.47
15320,1.42,1.46
15321,1.41,1.45
15322,1.38,1.43
15323,1.37,1.42
15325,1.36,1.43
15326,1.36,1.43
15327,1.37,1.44
15328,1.38,1.46
15329,1.40,1.47
15331,1.41,1.48
15332,1.43,1.49
15333,1.43,1.49
15334,1.43,1.48
15335,1.43,1.47
15336,1.41,1.46
15338,1.40,1.44
15339,1.38,1.43
15340,1.36,1.43
15341,1.36,1.43
15342,1.36,1.44
15344,1.37,1.45
15345,1.38,1.46
15346,1.40,1.47
15347,1.42,1.48
15348,1.43,1.49
15349,1.43,1.49
15351,1.43,1.48
15352,1.42,1.47
15353,1.41,1.45
15354,1.40,1.44
15355,1.37,1.43
15357,1.36,1.43
15358,1.36,1.44
15360,1.36,1.44
15361,1.37,1.45
15362,1.39,1.46
15363,1.41,1.48
15365,1.42,1.49
15366,1.43,1.49
15367,1.43,1.48
15368,1.43,1.48
15369,1.42,1.47
15371,1.41,1.45
15372,1.39,1.44
15373,1.37,1.43
15374,1.36,1.43
15375,1.36,1.43
15377,1.37,1.44
15378,1.38,1.46
15379,1.39,1.47
15380,1.41,1.48
15381,1.42,1.49
15382,1.43,1.49
15384,1.43,1.48
15385,1.43,1.47
15386,1.42,1.46
15387,1.40,1.45
15388,1.38,1.43
15390,1.37,1.43
15391,1.36,1.43
15392,1.36,1.44
15393,1.37,1.45
15394,1.38,1.46
15395,1.40,1.47
15397,1.41,1.48
15398,1.43,1.49
15399,1.43,1.49
15400,1.43,1.48
15401,1.43,1.47
15404,1.42,1.46
15405,1.40,1.44
15406,1.38,1.43
15407,1.36,1.43
15408,1.36,1.43
15409,1.36,1.44
15411,1.37,1.45
15412,1.38,1.46
15413,1.40,1.47
15414,1.42,1.49
15415,1.43,1.49
15417,1.43,1.48
15418,1.43,1.48
15419,1.42,1.47
15420,1.41,1.46
15421,1.39,1.44
15422,1.37,1.43
15424,1.36,1.43
15425,1.36,1.43
15426,1.36,1.44
15427,1.38,1.45
15428,1.39,1.46
15430,1.41,1.48
15431,1.42,1.49
15432,1.43,1.49
15433,1.43,1.49
15434,1.43,1.48
15435,1.42,1.46
15437,1.41,1.45
15438,1.39,1.44
15439,1.37,1.43
15440,1.36,1.43
15441,1.36,1.43
15443,1.37,1.44
15444,1.38,1.46
15446,1.39,1.47
15447,1.41,1.48
15448,1.42,1.49
15450,1.43,1.49
15451,1.43,1.48
15452,1.43,1.47
15453,1.42,1.46
15454,1.40,1.45
15455,1.38,1.43
15457,1.36,1.42
15458,1.36,1.43
15459,1.36,1.44
15460,1.37,1.45
15461,1.38,1.46
15463,1.40,1.47
15464,1.41,1.48
15465,1.43,1.49
15466,1.43,1.49
15467,1.43,1.48
15468,1.43,1.47
15470,1.42,1.46
15471,1.40,1.44
15472,1.38,1.43
15473,1.36,1.43
15474,1.36,1.43
15476,1.36,1.44
15477,1.37,1.45
15478,1.39,1.46
15479,1.40,1.47
15480,1.42,1.49
15481,1.43,1.49
15483,1.43,1.49
15484,1.43,1.48
15485,1.42,1.47
15486,1.41,1.45
15488,1.39,1.44
15490,1.37,1.43
15491,1.36,1.43
15492,1.36,1.43
15493,1.37,1.44
15494,1.37,1.45
15495,1.39,1.46
15497,1.41,1.48
15498,1.42,1.49
15499,1.43,1.49
15500,1.43,1.48
15501,1.43,1.48
15503,1.42,1.47
15504,1.41,1.45
15505,1.39,1.44
