time_ms,ch1_v,ch2_v
,3.74,3.77
65,3.74,3.77
66,3.74,3.77
67,3.74,3.77
68,3.74,3.77
69,3.74,3.77
70,3.74,3.77
71,3.74,3.77
72,3.74,3.77
73,3.74,3.77
74,3.74,3.77
75,3.74,3.77
76,3.74,3.77
77,3.74,3.77
78,3.74,3.77
79,3.74,3.77
80,3.74,3.77
81,3.74,3.77
82,3.74,3.77
83,3.74,3.77
84,3.74,3.77
86,3.74,3.77
87,3.74,3.77
89,3.74,3.77
90,3.74,3.77
91,3.74,3.77
92,3.74,3.77
93,3.74,3.77
94,3.74,3.77
95,3.74,3.77
96,3.74,3.77
97,3.74,3.77
98,3.74,3.77
99,3.74,3.77
100,3.74,3.77
101,3.74,3.77
102,3.74,3.77
103,3.74,3.77
104,3.74,3.77
105,3.74,3.77
106,3.74,3.77
107,3.74,3.77
108,3.74,3.77
109,3.74,3.77
110,3.74,3.77
111,3.74,3.77
112,3.74,3.77
113,3.74,3.77
114,3.74,3.77
115,3.74,3.77
117,3.74,3.77
118,3.74,3.77
119,3.74,3.77
120,3.74,3.77
121,3.74,3.77
122,3.74,3.77
123,3.74,3.77
124,3.74,3.77
125,3.74,3.77
126,3.74,3.77
128,3.74,3.77
129,3.74,3.77
130,3.74,3.77
131,3.74,3.77
132,3.74,3.77
133,3.74,3.77
134,3.74,3.77
135,3.74,3.77
137,3.74,3.77
138,3.74,3.77
139,3.74,3.77
140,3.74,3.77
141,3.74,3.77
142,3.74,3.77
143,3.74,3.77
144,3.74,3.77
145,3.74,3.77
146,3.74,3.77
147,3.74,3.77
148,3.74,3.77
149,3.74,3.77
150,3.74,3.77
151,3.74,3.77
152,3.74,3.77
153,3.74,3.77
154,3.74,3.77
156,3.74,3.77
157,3.74,3.77
158,3.74,3.77
159,3.74,3.77
160,3.74,3.77
161,3.74,3.77
162,3.74,3.77
163,3.74,3.77
164,3.74,3.77
165,3.74,3.77
166,3.74,3.77
167,3.74,3.76
168,3.74,3.77
169,3.74,3.77
171,3.74,3.77
172,3.74,3.77
173,3.74,3.77
174,3.74,3.77
176,3.74,3.77
177,3.74,3.77
178,3.74,3.77
179,3.74,3.77
180,3.74,3.77
181,3.74,3.77
182,3.74,3.77
183,3.74,3.77
184,3.74,3.77
185,3.74,3.77
186,3.74,3.77
187,3.74,3.77
188,3.74,3.77
189,3.74,3.77
190,3.74,3.77
191,3.74,3.77
192,3.74,3.77
193,3.74,3.77
194,3.74,3.76
196,3.74,3.77
197,3.74,3.77
198,3.74,3.77
199,3.74,3.77
200,3.74,3.77
201,3.74,3.77
202,3.74,3.77
203,3.74,3.77
204,3.74,3.77
205,3.74,3.77
206,3.74,3.77
207,3.74,3.77
208,3.74,3.77
209,3.74,3.77
210,3.74,3.77
211,3.74,3.77
212,3.74,3.77
214,3.74,3.77
216,3.74,3.77
217,3.74,3.77
218,3.74,3.77
219,3.74,3.77
220,3.74,3.77
221,3.74,3.77
222,3.74,3.77
223,3.74,3.77
224,3.74,3.77
225,3.74,3.77
226,3.74,3.77
227,3.74,3.77
228,3.74,3.77
229,3.74,3.77
230,3.74,3.77
231,3.74,3.77
232,3.74,3.77
233,3.74,3.77
235,3.74,3.77
236,3.74,3.77
237,3.74,3.77
238,3.74,3.77
239,3.74,3.77
240,3.74,3.77
241,3.74,3.77
242,3.74,3.77
243,3.74,3.77
244,3.74,3.77
245,3.74,3.77
246,3.74,3.77
247,3.74,3.77
248,3.74,3.77
249,3.74,3.77
250,3.74,3.77
251,3.74,3.77
252,3.74,3.77
253,3.74,3.77
256,3.74,3.77
257,3.74,3.77
258,3.74,3.77
259,3.74,3.77
260,3.74,3.77
261,3.74,3.77
262,3.74,3.77
263,3.74,3.77
264,3.74,3.77
265,3.74,3.77
266,3.74,3.77
267,3.74,3.77
268,3.74,3.77
269,3.74,3.77
270,3.74,3.77
271,3.74,3.77
272,3.74,3.77
273,3.74,3.77
275,3.74,3.77
276,3.74,3.77
277,3.74,3.77
278,3.74,3.77
279,3.74,3.77
280,3.74,3.77
281,3.74,3.77
282,3.74,3.77
283,3.74,3.77
284,3.74,3.77
285,3.74,3.77
286,3.74,3.77
287,3.74,3.77
288,3.74,3.77
289,3.74,3.77
290,3.74,3.77
291,3.74,3.77
292,3.74,3.77
294,3.74,3.77
295,3.74,3.77
296,3.74,3.77
297,3.74,3.77
299,3.74,3.77
300,3.74,3.77
301,3.74,3.77
302,3.74,3.77
303,3.74,3.77
304,3.74,3.77
305,3.74,3.77
306,3.74,3.77
307,3.74,3.77
308,3.74,3.77
309,3.74,3.77
310,3.74,3.77
311,3.74,3.77
312,3.74,3.77
314,3.74,3.77
315,3.74,3.77
316,3.74,3.77
317,3.74,3.77
318,3.74,3.77
319,3.74,3.77
320,3.74,3.77
321,3.74,3.77
322,3.74,3.77
323,3.74,3.77
324,3.74,3.77
325,3.74,3.77
326,3.74,3.77
327,3.74,3.77
328,3.74,3.77
329,3.74,3.77
330,3.74,3.77
331,3.74,3.77
332,3.74,3.77
334,3.74,3.77
335,3.74,3.77
336,3.74,3.77
337,3.74,3.77
338,3.74,3.77
339,3.74,3.77
340,3.74,3.77
342,3.74,3.77
343,3.74,3.77
344,3.74,3.77
345,3.74,3.77
346,3.74,3.77
347,3.74,3.77
348,3.74,3.77
349,3.74,3.77
350,3.74,3.77
351,3.74,3.77
352,3.74,3.77
354,3.74,3.77
355,3.74,3.77
356,3.74,3.77
357,3.74,3.77
358,3.74,3.77
359,3.74,3.77
360,3.74,3.77
361,3.74,3.77
362,3.74,3.77
363,3.74,3.77
364,3.74,3.77
365,3.74,3.77
366,3.74,3.77
367,3.74,3.77
368,3.74,3.77
369,3.74,3.77
370,3.74,3.77
371,3.74,3.77
373,3.74,3.77
374,3.74,3.77
375,3.74,3.77
376,3.74,3.77
377,3.74,3.77
378,3.74,3.77
379,3.74,3.77
380,3.74,3.77
381,3.74,3.77
382,3.74,3.77
384,3.74,3.77
385,3.74,3.77
386,3.74,3.77
387,3.74,3.77
388,3.74,3.77
389,3.74,3.77
390,3.74,3.77
391,3.74,3.77
392,3.74,3.77
394,3.74,3.77
395,3.74,3.77
396,3.74,3.77
397,3.74,3.77
398,3.74,3.77
399,3.74,3.77
400,3.74,3.77
401,3.74,3.77
402,3.74,3.77
403,3.74,3.77
404,3.74,3.77
405,3.74,3.77
406,3.74,3.77
407,3.74,3.77
408,3.74,3.77
409,3.74,3.77
410,3.74,3.77
411,3.74,3.77
413,3.74,3.77
414,3.74,3.77
415,3.74,3.77
416,3.74,3.77
417,3.74,3.77
418,3.74,3.77
419,3.74,3.77
420,3.74,3.77
421,3.74,3.77
422,3.74,3.77
423,3.74,3.77
424,3.74,3.77
425,3.74,3.77
427,3.74,3.76
428,3.74,3.77
429,3.74,3.76
430,3.74,3.77
431,3.74,3.77
433,3.74,3.77
434,3.74,3.77
435,3.74,3.77
436,3.74,3.76
437,3.74,3.76
438,3.74,3.76
439,3.74,3.77
440,3.74,3.76
441,3.74,3.76
442,3.74,3.76
443,3.74,3.76
444,3.74,3.76
445,3.74,3.76
446,3.74,3.76
447,3.74,3.76
448,3.74,3.76
449,3.74,3.76
450,3.74,3.76
451,3.74,3.76
453,3.74,3.76
454,3.74,3.76
455,3.74,3.76
456,3.74,3.76
457,3.74,3.76
458,3.74,3.76
459,3.74,3.76
460,3.74,3.76
461,3.74,3.76
462,3.74,3.76
463,3.74,3.76
464,3.74,3.76
465,3.74,3.76
466,3.74,3.77
467,3.74,3.76
468,3.74,3.76
470,3.74,3.77
471,3.74,3.76
473,3.74,3.76
474,3.74,3.76
475,3.74,3.76
476,3.74,3.76
477,3.74,3.76
478,3.74,3.76
479,3.74,3.76
480,3.74,3.77
481,3.74,3.77
482,3.74,3.76
483,3.74,3.76
484,3.74,3.76
485,3.74,3.76
486,3.74,3.76
487,3.74,3.76
488,3.74,3.76
489,3.74,3.76
490,3.74,3.76
491,3.74,3.77
493,3.74,3.77
494,3.74,3.77
495,3.74,3.76
496,3.74,3.76
497,3.74,3.76
498,3.74,3.77
499,3.74,3.76
500,3.74,3.76
501,3.74,3.77
502,3.74,3.77
503,3.74,3.76
504,3.74,3.77
505,3.74,3.77
506,3.74,3.77
507,3.74,3.77
508,3.74,3.77
509,3.74,3.77
510,3.74,3.77
513,3.74,3.77
514,3.74,3.77
515,3.74,3.76
516,3.74,3.76
517,3.74,3.76
518,3.74,3.76
519,3.74,3.76
520,3.74,3.76
521,3.74,3.76
522,3.74,3.76
523,3.74,3.76
524,3.74,3.76
525,3.74,3.76
526,3.74,3.76
527,3.74,3.76
528,3.74,3.76
529,3.74,3.76
530,3.74,3.76
531,3.73,3.76
533,3.73,3.76
534,3.73,3.76
535,3.73,3.76
536,3.74,3.76
537,3.74,3.76
538,3.73,3.76
539,3.74,3.76
540,3.74,3.76
541,3.74,3.76
542,3.74,3.76
543,3.74,3.76
544,3.73,3.76
545,3.73,3.76
546,3.73,3.76
547,3.73,3.76
548,3.73,3.76
549,3.73,3.76
550,3.74,3.76
552,3.73,3.76
553,3.73,3.76
555,3.73,3.76
556,3.74,3.76
557,3.74,3.76
558,3.73,3.76
559,3.73,3.76
560,3.73,3.76
561,3.73,3.76
562,3.73,3.76
563,3.73,3.76
564,3.73,3.76
565,3.73,3.76
566,3.73,3.76
567,3.73,3.76
568,3.73,3.76
569,3.73,3.76
570,3.73,3.76
571,3.73,3.76
573,3.73,3.76
574,3.73,3.76
575,3.73,3.76
576,3.73,3.75
577,3.73,3.75
578,3.73,3.75
579,3.73,3.75
580,3.73,3.75
581,3.73,3.75
582,3.72,3.75
583,3.72,3.75
584,3.72,3.75
585,3.72,3.75
586,3.72,3.75
587,3.72,3.75
588,3.72,3.75
589,3.72,3.75
590,3.72,3.75
592,3.72,3.75
593,3.72,3.75
594,3.72,3.75
595,3.72,3.75
596,3.72,3.75
598,3.72,3.75
599,3.72,3.75
600,3.72,3.75
601,3.72,3.75
602,3.72,3.75
603,3.72,3.75
604,3.72,3.75
605,3.72,3.75
606,3.72,3.75
607,3.72,3.75
608,3.72,3.75
609,3.72,3.75
610,3.72,3.75
612,3.72,3.75
613,3.72,3.75
614,3.72,3.75
615,3.72,3.75
616,3.72,3.75
617,3.72,3.75
618,3.72,3.75
619,3.72,3.75
620,3.72,3.75
621,3.72,3.75
622,3.72,3.75
623,3.72,3.75
624,3.72,3.75
625,3.72,3.75
626,3.72,3.75
627,3.72,3.75
628,3.72,3.75
629,3.72,3.75
631,3.72,3.75
632,3.72,3.75
633,3.72,3.75
634,3.72,3.75
635,3.72,3.75
636,3.72,3.75
637,3.72,3.75
638,3.72,3.75
640,3.72,3.75
641,3.72,3.75
642,3.72,3.75
643,3.72,3.75
644,3.72,3.75
645,3.72,3.75
646,3.72,3.75
647,3.72,3.75
648,3.72,3.75
649,3.72,3.75
651,3.72,3.75
652,3.72,3.75
653,3.72,3.75
654,3.72,3.75
655,3.72,3.75
656,3.72,3.75
657,3.72,3.75
658,3.72,3.75
659,3.72,3.75
660,3.72,3.75
661,3.72,3.75
662,3.73,3.75
663,3.72,3.75
664,3.72,3.75
665,3.73,3.75
666,3.72,3.75
667,3.73,3.75
668,3.73,3.75
670,3.73,3.75
671,3.73,3.75
672,3.73,3.76
673,3.73,3.76
674,3.73,3.76
675,3.73,3.76
676,3.73,3.76
677,3.73,3.76
678,3.73,3.76
679,3.73,3.76
680,3.73,3.76
681,3.73,3.76
683,3.73,3.76
684,3.73,3.76
685,3.73,3.76
686,3.74,3.76
687,3.74,3.76
688,3.74,3.76
689,3.74,3.77
691,3.74,3.77
692,3.74,3.77
693,3.74,3.77
694,3.74,3.77
695,3.74,3.77
696,3.74,3.77
697,3.74,3.77
698,3.74,3.77
699,3.74,3.77
700,3.74,3.77
701,3.74,3.77
702,3.75,3.77
703,3.75,3.78
704,3.75,3.78
705,3.75,3.78
706,3.75,3.78
707,3.75,3.78
708,3.75,3.78
710,3.75,3.78
711,3.75,3.78
712,3.75,3.78
713,3.75,3.78
714,3.75,3.78
715,3.75,3.78
716,3.76,3.78
717,3.76,3.78
718,3.76,3.79
719,3.76,3.79
720,3.76,3.79
721,3.76,3.79
722,3.76,3.79
723,3.76,3.79
724,3.76,3.79
726,3.76,3.79
727,3.76,3.79
728,3.76,3.79
729,3.76,3.79
731,3.76,3.79
732,3.76,3.79
733,3.76,3.79
734,3.76,3.79
735,3.77,3.79
736,3.77,3.79
737,3.77,3.80
738,3.77,3.80
739,3.77,3.80
740,3.77,3.80
741,3.77,3.80
742,3.77,3.80
743,3.77,3.80
744,3.77,3.80
745,3.77,3.80
746,3.77,3.80
747,3.77,3.80
748,3.77,3.80
749,3.77,3.80
751,3.77,3.80
752,3.77,3.80
753,3.77,3.80
754,3.77,3.80
755,3.77,3.80
756,3.78,3.80
757,3.78,3.81
758,3.78,3.80
759,3.78,3.81
760,3.78,3.81
761,3.78,3.81
762,3.78,3.81
763,3.78,3.81
764,3.78,3.81
765,3.78,3.81
766,3.78,3.81
768,3.78,3.81
769,3.79,3.81
770,3.79,3.82
772,3.79,3.81
773,3.79,3.82
774,3.79,3.82
775,3.79,3.82
776,3.79,3.82
777,3.79,3.82
778,3.79,3.82
779,3.79,3.82
780,3.79,3.82
781,3.80,3.82
782,3.80,3.83
783,3.80,3.83
784,3.80,3.83
785,3.80,3.83
786,3.80,3.83
787,3.80,3.83
788,3.80,3.83
789,3.81,3.83
790,3.81,3.83
792,3.81,3.84
793,3.81,3.84
794,3.81,3.84
795,3.81,3.84
796,3.81,3.84
797,3.81,3.84
798,3.82,3.84
799,3.82,3.85
800,3.82,3.85
801,3.82,3.85
802,3.82,3.85
803,3.82,3.85
804,3.83,3.86
805,3.83,3.86
806,3.83,3.86
807,3.83,3.86
808,3.83,3.86
811,3.83,3.86
812,3.84,3.87
813,3.84,3.87
814,3.84,3.87
815,3.84,3.87
816,3.85,3.88
817,3.85,3.88
818,3.85,3.88
819,3.85,3.88
820,3.86,3.89
821,3.86,3.89
822,3.86,3.89
823,3.87,3.89
824,3.87,3.90
825,3.87,3.90
826,3.87,3.90
827,3.88,3.91
828,3.88,3.91
829,3.88,3.91
831,3.89,3.91
832,3.89,3.91
833,3.89,3.92
834,3.90,3.92
835,3.90,3.93
836,3.90,3.93
837,3.91,3.93
838,3.91,3.94
839,3.91,3.94
840,3.92,3.95
841,3.92,3.95
842,3.93,3.96
843,3.93,3.96
844,3.94,3.97
845,3.94,3.98
846,3.95,3.98
847,3.96,3.99
848,3.96,4.00
849,3.97,4.00
851,3.98,4.01
852,3.99,4.02
854,4.00,4.03
855,4.01,4.04
856,4.02,4.06
857,4.03,4.07
858,4.05,4.09
859,4.06,4.10
860,4.08,4.12
861,4.09,4.13
862,4.11,4.15
863,4.13,4.16
864,4.14,4.18
865,4.16,4.20
866,4.18,4.22
867,4.19,4.24
868,4.21,4.26
869,4.23,4.28
870,4.25,4.30
872,4.27,4.32
873,4.29,4.33
874,4.31,4.35
875,4.32,4.37
876,4.34,4.38
877,4.35,4.40
878,4.37,4.42
879,4.39,4.43
880,4.40,4.45
881,4.42,4.47
882,4.43,4.48
883,4.45,4.50
884,4.47,4.51
885,4.48,4.53
886,4.50,4.54
887,4.51,4.56
888,4.52,4.57
889,4.54,4.58
891,4.55,4.59
892,4.56,4.60
893,4.57,4.61
894,4.58,4.62
896,4.59,4.63
897,4.60,4.64
898,4.61,4.65
899,4.62,4.66
900,4.63,4.67
901,4.63,4.68
902,4.64,4.69
903,4.65,4.69
904,4.66,4.70
905,4.66,4.71
906,4.67,4.71
907,4.67,4.72
908,4.68,4.72
909,4.68,4.73
910,4.69,4.73
912,4.69,4.73
913,4.69,4.74
914,4.70,4.74
915,4.70,4.74
916,4.70,4.75
917,4.71,4.75
918,4.71,4.75
919,4.71,4.75
920,4.71,4.75
921,4.72,4.76
922,4.72,4.76
923,4.72,4.76
924,4.72,4.76
925,4.72,4.76
926,4.72,4.76
927,4.73,4.77
928,4.73,4.77
929,4.73,4.77
931,4.73,4.77
932,4.73,4.77
933,4.73,4.77
934,4.73,4.76
935,4.73,4.77
936,4.73,4.77
937,4.73,4.77
939,4.73,4.77
940,4.73,4.77
941,4.73,4.77
942,4.73,4.77
943,4.73,4.77
944,4.73,4.77
945,4.73,4.76
946,4.72,4.76
947,4.72,4.76
948,4.72,4.76
950,4.72,4.76
951,4.72,4.76
952,4.72,4.76
953,4.72,4.76
954,4.72,4.76
955,4.72,4.76
956,4.72,4.76
957,4.72,4.76
958,4.72,4.76
959,4.72,4.76
960,4.72,4.76
961,4.72,4.76
962,4.72,4.75
963,4.72,4.75
964,4.72,4.75
965,4.72,4.75
966,4.72,4.76
968,4.72,4.76
969,4.72,4.76
970,4.72,4.76
971,4.72,4.76
972,4.72,4.76
973,4.72,4.76
974,4.72,4.76
975,4.72,4.76
976,4.72,4.77
977,4.73,4.77
978,4.73,4.77
979,4.73,4.77
980,4.73,4.77
982,4.73,4.77
983,4.73,4.77
984,4.73,4.77
985,4.73,4.77
986,4.73,4.77
988,4.73,4.77
989,4.73,4.77
990,4.74,4.77
991,4.74,4.78
992,4.74,4.78
993,4.74,4.78
994,4.74,4.78
995,4.74,4.78
996,4.74,4.77
997,4.74,4.77
998,4.73,4.77
999,4.73,4.77
1000,4.73,4.77
1001,4.73,4.77
1002,4.73,4.76
1004,4.72,4.76
1005,4.72,4.76
1006,4.72,4.75
1007,4.71,4.75
1008,4.71,4.75
1009,4.71,4.74
1010,4.70,4.74
1011,4.69,4.73
1012,4.69,4.72
1014,4.68,4.71
1015,4.67,4.71
1016,4.66,4.70
1017,4.66,4.69
1018,4.65,4.68
1019,4.64,4.67
1020,4.63,4.66
1021,4.62,4.64
1022,4.60,4.63
1024,4.59,4.62
1026,4.57,4.60
1027,4.56,4.58
1028,4.55,4.57
1029,4.52,4.54
1030,4.50,4.52
1031,4.48,4.49
1032,4.45,4.46
1033,4.41,4.42
1034,4.38,4.38
1036,4.34,4.34
1037,4.29,4.29
1038,4.23,4.22
1039,4.18,4.18
1040,4.15,4.16
1041,4.13,4.14
1042,4.12,4.14
1043,4.12,4.14
1044,4.12,4.14
1046,4.12,4.15
1047,4.13,4.16
1048,4.13,4.17
1049,4.14,4.18
1050,4.16,4.20
1051,4.17,4.21
1052,4.19,4.23
1053,4.20,4.25
1054,4.22,4.27
1056,4.24,4.28
1057,4.26,4.30
1058,4.28,4.32
1059,4.30,4.35
1060,4.32,4.36
1061,4.34,4.38
1062,4.36,4.41
1063,4.38,4.43
1064,4.40,4.45
1065,4.42,4.47
1068,4.44,4.49
1069,4.46,4.51
1070,4.48,4.53
1071,4.49,4.54
1072,4.51,4.56
1073,4.53,4.57
1074,4.54,4.59
1075,4.56,4.60
1076,4.57,4.61
1078,4.58,4.63
1079,4.59,4.64
1080,4.61,4.65
1081,4.62,4.67
1082,4.63,4.68
1083,4.64,4.69
1084,4.65,4.70
1085,4.66,4.71
1086,4.67,4.72
1088,4.68,4.73
1089,4.69,4.73
1090,4.70,4.74
1091,4.71,4.75
1092,4.71,4.76
1093,4.72,4.76
1094,4.73,4.77
1095,4.73,4.78
1096,4.74,4.78
1097,4.74,4.78
1099,4.75,4.79
1100,4.75,4.79
1101,4.76,4.80
1102,4.77,4.81
1103,4.77,4.81
1104,4.77,4.81
1105,4.78,4.82
1106,4.78,4.82
1107,4.78,4.83
1110,4.79,4.83
1111,4.79,4.83
1112,4.79,4.84
1113,4.80,4.84
1114,4.80,4.84
1115,4.80,4.85
1116,4.81,4.85
1117,4.81,4.85
1118,4.81,4.86
1120,4.81,4.86
1121,4.82,4.86
1122,4.82,4.86
1123,4.82,4.87
1124,4.82,4.87
1125,4.83,4.87
1126,4.83,4.87
1127,4.83,4.87
1128,4.83,4.88
1129,4.83,4.88
1131,4.84,4.88
1132,4.84,4.88
1133,4.84,4.88
1134,4.84,4.88
1135,4.84,4.89
1136,4.84,4.89
1137,4.85,4.89
1138,4.85,4.89
1139,4.85,4.89
1141,4.85,4.89
1142,4.85,4.90
1143,4.85,4.89
1144,4.85,4.90
1145,4.85,4.90
1146,4.85,4.90
1147,4.86,4.90
1148,4.86,4.90
1149,4.86,4.90
1150,4.86,4.90
1153,4.86,4.90
1154,4.86,4.90
1155,4.86,4.90
1156,4.86,4.91
1157,4.86,4.91
1158,4.86,4.91
1159,4.86,4.91
1160,4.86,4.91
1161,4.86,4.91
1163,4.86,4.91
1164,4.87,4.91
1165,4.87,4.91
1166,4.87,4.91
1167,4.87,4.91
1168,4.87,4.91
1169,4.87,4.91
1170,4.87,4.91
1171,4.87,4.91
1172,4.87,4.91
1174,4.87,4.91
1175,4.87,4.91
1176,4.87,4.91
1177,4.87,4.91
1178,4.87,4.91
1179,4.87,4.92
1180,4.87,4.91
1181,4.87,4.92
1182,4.87,4.92
1184,4.87,4.92
1185,4.87,4.92
1186,4.87,4.92
1187,4.87,4.92
1188,4.87,4.92
1189,4.87,4.92
1190,4.88,4.92
1191,4.88,4.92
1192,4.88,4.92
1195,4.88,4.92
1196,4.88,4.92
1197,4.88,4.92
1198,4.88,4.92
1199,4.88,4.92
1200,4.88,4.92
1201,4.88,4.92
1202,4.88,4.92
1203,4.88,4.92
1205,4.88,4.92
1206,4.88,4.92
1207,4.88,4.92
1208,4.88,4.92
1209,4.88,4.92
1210,4.88,4.92
1211,4.88,4.92
1212,4.88,4.92
1213,4.88,4.92
1214,4.88,4.92
1216,4.88,4.92
1217,4.88,4.92
1218,4.88,4.92
1219,4.88,4.92
1220,4.88,4.92
1221,4.88,4.92
1222,4.88,4.92
1223,4.88,4.92
1224,4.88,4.92
1226,4.88,4.92
1227,4.88,4.92
1228,4.88,4.92
1229,4.88,4.92
1230,4.88,4.92
1231,4.88,4.92
1232,4.88,4.92
1233,4.88,4.92
1234,4.88,4.92
1236,4.88,4.92
1238,4.88,4.92
1239,4.88,4.92
1240,4.88,4.92
1241,4.88,4.92
1242,4.88,4.92
1243,4.88,4.92
1244,4.88,4.92
1245,4.88,4.92
1247,4.88,4.92
1248,4.88,4.92
1249,4.88,4.92
1250,4.88,4.92
1251,4.88,4.92
1252,4.88,4.92
1253,4.88,4.92
1254,4.88,4.92
1255,4.88,4.92
1257,4.88,4.92
1258,4.88,4.92
1259,4.88,4.92
1260,4.88,4.92
1261,4.88,4.92
1262,4.88,4.92
1263,4.88,4.92
1264,4.88,4.92
1265,4.88,4.92
1266,4.88,4.92
1268,4.88,4.92
1269,4.88,4.92
1270,4.88,4.92
1271,4.88,4.93
1272,4.88,4.92
1273,4.88,4.92
1274,4.88,4.92
1275,4.88,4.92
1276,4.88,4.92
1278,4.88,4.92
1280,4.88,4.92
1281,4.88,4.92
1282,4.88,4.92
1283,4.88,4.92
1284,4.88,4.92
1285,4.88,4.92
1286,4.88,4.92
1287,4.88,4.92
1288,4.88,4.92
1290,4.88,4.92
1291,4.88,4.92
1292,4.88,4.93
1293,4.88,4.92
1294,4.88,4.92
1295,4.88,4.92
1296,4.88,4.92
1297,4.88,4.92
1298,4.88,4.92
1300,4.88,4.92
1301,4.88,4.92
1302,4.88,4.92
1303,4.88,4.92
1304,4.88,4.92
1305,4.88,4.92
1306,4.88,4.92
1307,4.88,4.92
1308,4.88,4.92
1310,4.88,4.92
1311,4.88,4.92
1312,4.88,4.92
1313,4.88,4.92
1314,4.88,4.92
1315,4.88,4.92
1316,4.88,4.92
1317,4.88,4.92
1318,4.88,4.92
1319,4.88,4.93
1321,4.88,4.92
1323,4.88,4.92
1324,4.88,4.93
1325,4.88,4.92
1326,4.88,4.92
1327,4.88,4.92
1328,4.88,4.92
1329,4.88,4.92
1330,4.88,4.93
1332,4.88,4.93
1333,4.88,4.92
1334,4.88,4.92
1335,4.88,4.92
1336,4.88,4.92
1337,4.88,4.92
1338,4.88,4.92
1339,4.88,4.92
1340,4.88,4.92
1342,4.88,4.92
1343,4.88,4.92
1344,4.88,4.92
1345,4.88,4.92
1346,4.88,4.92
1347,4.88,4.92
1348,4.88,4.92
1349,4.88,4.92
1350,4.88,4.92
1351,4.88,4.92
1353,4.88,4.92
1354,4.88,4.92
1355,4.88,4.92
1356,4.88,4.92
1357,4.88,4.92
1358,4.88,4.92
1359,4.88,4.92
1360,4.88,4.92
1361,4.88,4.92
1363,4.88,4.92
1364,4.88,4.92
1366,4.88,4.92
1367,4.88,4.92
1368,4.87,4.92
1369,4.87,4.92
1370,4.87,4.91
1371,4.87,4.91
1372,4.87,4.91
1374,4.87,4.91
1375,4.87,4.91
1376,4.87,4.91
1377,4.87,4.91
1378,4.87,4.91
1379,4.87,4.92
1380,4.87,4.91
1381,4.87,4.92
1382,4.87,4.92
1384,4.87,4.92
1385,4.87,4.92
1386,4.87,4.92
1387,4.87,4.92
1388,4.87,4.92
1389,4.87,4.92
1390,4.87,4.92
1391,4.87,4.92
1392,4.87,4.92
1393,4.87,4.92
1395,4.87,4.92
1396,4.88,4.92
1397,4.88,4.92
1398,4.88,4.92
1399,4.88,4.92
1400,4.88,4.92
1401,4.88,4.92
1402,4.88,4.92
1403,4.88,4.92
1405,4.88,4.92
1406,4.88,4.92
1408,4.88,4.92
1409,4.88,4.92
1410,4.88,4.92
1411,4.88,4.92
1412,4.88,4.92
1413,4.88,4.92
1414,4.88,4.92
1416,4.88,4.92
1417,4.88,4.92
1418,4.88,4.92
1419,4.88,4.92
1420,4.88,4.92
1421,4.88,4.92
1422,4.88,4.92
1423,4.88,4.92
1424,4.88,4.92
1426,4.88,4.92
1427,4.88,4.92
1428,4.88,4.92
1429,4.88,4.92
1430,4.88,4.92
1431,4.88,4.92
1432,4.88,4.92
1433,4.88,4.92
1434,4.88,4.92
1435,4.88,4.92
1437,4.88,4.92
1438,4.88,4.92
1439,4.88,4.93
1440,4.88,4.92
1441,4.88,4.92
1442,4.88,4.92
1443,4.88,4.92
1444,4.88,4.92
1445,4.88,4.92
1447,4.88,4.92
1448,4.88,4.92
1449,4.88,4.92
1451,4.88,4.92
1452,4.88,4.92
1453,4.88,4.93
1454,4.88,4.92
1455,4.88,4.92
1456,4.88,4.92
1458,4.88,4.92
1459,4.88,4.92
1460,4.88,4.92
1461,4.88,4.92
1462,4.88,4.92
1463,4.88,4.92
1464,4.88,4.92
1465,4.88,4.92
1466,4.88,4.93
1468,4.88,4.92
1469,4.88,4.92
1470,4.88,4.92
1471,4.88,4.92
1472,4.88,4.92
1473,4.88,4.92
1474,4.88,4.92
1475,4.88,4.92
1476,4.88,4.92
1477,4.88,4.92
1479,4.88,4.92
1480,4.88,4.92
1481,4.88,4.92
1482,4.88,4.92
1483,4.88,4.92
1484,4.88,4.92
1485,4.88,4.92
1486,4.88,4.92
1487,4.88,4.92
1489,4.88,4.92
1490,4.88,4.92
1491,4.88,4.92
1492,4.88,4.92
1494,4.88,4.92
1495,4.88,4.92
1496,4.88,4.92
1497,4.88,4.92
1498,4.88,4.92
1500,4.88,4.92
1501,4.88,4.92
1502,4.88,4.93
1503,4.88,4.92
1504,4.88,4.92
1505,4.88,4.92
1506,4.88,4.92
1507,4.88,4.93
1508,4.88,4.92
1509,4.88,4.92
1511,4.88,4.92
1512,4.88,4.92
1513,4.88,4.92
1514,4.88,4.92
1515,4.88,4.92
1516,4.88,4.92
1517,4.88,4.92
1518,4.88,4.92
1519,4.88,4.92
1521,4.88,4.92
1522,4.88,4.92
1523,4.88,4.92
1524,4.88,4.92
1525,4.88,4.93
1526,4.88,4.92
1527,4.88,4.92
1528,4.88,4.92
1529,4.88,4.92
1531,4.88,4.92
1532,4.88,4.92
1533,4.88,4.93
1534,4.88,4.92
1536,4.88,4.92
1537,4.88,4.92
1538,4.88,4.92
1539,4.88,4.92
1540,4.88,4.92
1542,4.88,4.92
1543,4.88,4.92
1544,4.88,4.92
1545,4.88,4.92
1546,4.88,4.92
1547,4.88,4.92
1548,4.88,4.92
1549,4.88,4.92
1550,4.88,4.92
1551,4.88,4.92
1553,4.88,4.92
1554,4.88,4.92
1555,4.88,4.92
1556,4.88,4.92
1557,4.88,4.92
1558,4.88,4.92
1559,4.88,4.92
1560,4.88,4.92
1561,4.88,4.92
1563,4.88,4.92
1564,4.88,4.92
1565,4.88,4.92
1566,4.88,4.92
1567,4.88,4.92
1568,4.88,4.92
1569,4.88,4.92
1570,4.88,4.92
1571,4.88,4.92
1573,4.88,4.92
1574,4.88,4.92
1575,4.88,4.93
1576,4.88,4.92
1577,4.88,4.92
1579,4.88,4.92
1580,4.88,4.92
1581,4.88,4.92
1582,4.88,4.92
1584,4.88,4.92
1585,4.88,4.92
1586,4.88,4.92
1587,4.88,4.92
1588,4.88,4.92
1589,4.88,4.92
1590,4.88,4.92
1591,4.88,4.92
1592,4.88,4.92
1594,4.88,4.92
1595,4.88,4.92
1596,4.88,4.92
1597,4.88,4.92
1598,4.88,4.92
1599,4.88,4.92
1600,4.88,4.93
1601,4.88,4.92
1602,4.88,4.93
1603,4.88,4.92
1605,4.88,4.92
1606,4.88,4.92
1607,4.88,4.92
1608,4.88,4.92
1609,4.88,4.92
1610,4.88,4.92
1611,4.88,4.92
1612,4.88,4.92
1613,4.88,4.92
1615,4.88,4.92
1616,4.88,4.92
1617,4.88,4.92
1618,4.88,4.92
1619,4.88,4.92
1620,4.88,4.92
1622,4.88,4.92
1623,4.88,4.92
1624,4.88,4.92
1625,4.88,4.92
1627,4.88,4.92
1628,4.88,4.93
1629,4.88,4.92
1630,4.88,4.92
1631,4.88,4.92
1632,4.88,4.92
1633,4.88,4.92
1634,4.88,4.92
1635,4.88,4.93
1637,4.88,4.92
1638,4.88,4.92
1639,4.88,4.92
1640,4.88,4.93
1641,4.88,4.92
1642,4.88,4.92
1643,4.88,4.92
1644,4.88,4.92
1645,4.88,4.92
1647,4.88,4.92
1648,4.88,4.92
1649,4.88,4.92
1650,4.88,4.92
1651,4.88,4.92
1652,4.88,4.92
1653,4.88,4.92
1654,4.88,4.92
1655,4.88,4.92
1657,4.88,4.92
1658,4.87,4.91
1659,4.86,4.89
1660,4.84,4.87
1661,4.82,4.84
1662,4.79,4.81
1664,4.77,4.78
1665,4.74,4.76
1666,4.71,4.73
1667,4.68,4.69
1669,4.65,4.66
1670,4.62,4.63
1671,4.59,4.60
1672,4.56,4.57
1673,4.53,4.54
1674,4.50,4.51
1675,4.47,4.48
1676,4.44,4.45
1677,4.41,4.42
1679,4.38,4.39
1680,4.35,4.36
1681,4.33,4.34
1682,4.30,4.32
1683,4.28,4.29
1684,4.25,4.27
1685,4.23,4.24
1686,4.21,4.22
1687,4.18,4.20
1689,4.16,4.18
1690,4.14,4.16
1691,4.13,4.14
1692,4.11,4.12
1693,4.09,4.11
1694,4.07,4.09
1695,4.05,4.07
1696,4.04,4.05
1697,4.02,4.04
1698,4.01,4.02
1700,3.99,4.01
1701,3.98,4.00
1702,3.96,3.98
1703,3.95,3.97
1704,3.94,3.96
1705,3.93,3.95
1707,3.92,3.94
1708,3.91,3.93
1709,3.90,3.92
1711,3.89,3.91
1712,3.89,3.91
1713,3.88,3.90
1714,3.87,3.89
1715,3.86,3.89
1716,3.86,3.88
1717,3.85,3.88
1718,3.85,3.87
1719,3.84,3.87
1720,3.84,3.86
1722,3.83,3.86
1723,3.83,3.86
1724,3.83,3.85
1725,3.82,3.85
1726,3.82,3.85
1727,3.82,3.85
1728,3.82,3.84
1729,3.82,3.84
1730,3.81,3.84
1732,3.81,3.84
1733,3.81,3.84
1734,3.81,3.84
1735,3.81,3.84
1736,3.81,3.84
1737,3.81,3.84
1738,3.81,3.84
1739,3.81,3.84
1740,3.81,3.84
1742,3.81,3.84
1743,3.81,3.84
1744,3.81,3.84
1745,3.81,3.84
1746,3.82,3.84
1747,3.82,3.84
1748,3.82,3.85
1750,3.82,3.85
1751,3.82,3.85
1753,3.82,3.85
1754,3.82,3.85
1755,3.82,3.85
1756,3.83,3.85
1757,3.83,3.85
1758,3.83,3.86
1759,3.83,3.86
1760,3.83,3.86
1761,3.83,3.86
1762,3.83,3.86
1764,3.83,3.86
1765,3.83,3.86
1766,3.83,3.86
1767,3.83,3.87
1768,3.84,3.87
1769,3.84,3.87
1770,3.84,3.87
1771,3.84,3.87
1772,3.84,3.87
1774,3.84,3.87
1775,3.84,3.87
1776,3.84,3.87
1777,3.84,3.87
1778,3.84,3.87
1779,3.85,3.87
1780,3.85,3.87
1781,3.85,3.87
1782,3.85,3.88
1784,3.85,3.88
1785,3.85,3.88
1786,3.85,3.88
1787,3.85,3.88
1788,3.85,3.88
1789,3.85,3.88
1790,3.85,3.88
1792,3.85,3.88
1793,3.85,3.88
1795,3.85,3.88
1796,3.85,3.88
1797,3.85,3.88
1798,3.85,3.88
1799,3.85,3.88
1800,3.85,3.88
1801,3.85,3.88
1802,3.85,3.88
1803,3.85,3.88
1804,3.85,3.88
1806,3.85,3.88
1807,3.85,3.88
1808,3.85,3.88
1809,3.85,3.88
1810,3.85,3.88
1811,3.85,3.88
1812,3.85,3.88
1813,3.85,3.88
1814,3.85,3.88
1816,3.85,3.88
1817,3.85,3.88
1818,3.85,3.88
1819,3.85,3.88
1820,3.85,3.88
1821,3.85,3.88
1822,3.85,3.88
1823,3.85,3.87
1824,3.85,3.88
1826,3.85,3.87
1827,3.85,3.87
1828,3.85,3.88
1829,3.85,3.88
1830,3.85,3.88
1831,3.85,3.87
1832,3.85,3.87
1833,3.85,3.87
1835,3.85,3.87
1837,3.85,3.88
1838,3.85,3.87
1839,3.85,3.87
1840,3.85,3.87
1841,3.85,3.87
1842,3.84,3.87
1843,3.84,3.87
1844,3.85,3.87
1845,3.85,3.87
1846,3.84,3.87
1848,3.84,3.87
1849,3.84,3.87
1850,3.84,3.87
1851,3.84,3.87
1852,3.84,3.87
1853,3.84,3.87
1854,3.84,3.87
1855,3.84,3.87
1856,3.84,3.87
1858,3.84,3.87
1859,3.84,3.87
1860,3.84,3.87
1861,3.84,3.87
1862,3.84,3.87
1863,3.84,3.87
1864,3.84,3.87
1865,3.84,3.87
1866,3.84,3.87
1868,3.84,3.87
1869,3.84,3.87
1870,3.84,3.87
1871,3.84,3.87
1872,3.84,3.87
1873,3.84,3.87
1874,3.84,3.87
1875,3.84,3.87
1876,3.84,3.87
1879,3.84,3.87
1880,3.84,3.87
1881,3.84,3.87
1882,3.84,3.87
1883,3.84,3.87
1884,3.84,3.87
1885,3.84,3.87
1886,3.84,3.87
1887,3.84,3.87
1889,3.84,3.87
1890,3.84,3.87
1891,3.84,3.87
1892,3.84,3.87
1893,3.84,3.87
1894,3.84,3.87
1895,3.84,3.87
1896,3.84,3.87
1897,3.84,3.87
1898,3.84,3.87
1900,3.84,3.87
1901,3.84,3.87
1902,3.84,3.87
1903,3.84,3.87
1904,3.84,3.87
1905,3.84,3.87
1906,3.84,3.87
1907,3.84,3.87
1908,3.84,3.87
1910,3.84,3.87
1911,3.84,3.87
1912,3.84,3.87
1913,3.84,3.87
1914,3.84,3.87
1915,3.84,3.87
1916,3.84,3.87
1917,3.84,3.87
1918,3.84,3.87
1921,3.84,3.87
1922,3.84,3.87
1923,3.84,3.87
1924,3.84,3.87
1925,3.84,3.87
1926,3.84,3.87
1927,3.84,3.87
1928,3.84,3.87
1929,3.84,3.87
1931,3.84,3.87
1932,3.84,3.87
1933,3.84,3.87
1934,3.84,3.87
1935,3.84,3.87
1936,3.84,3.87
1937,3.84,3.87
1938,3.84,3.87
1939,3.84,3.87
1940,3.84,3.87
1942,3.84,3.87
1943,3.84,3.87
1944,3.84,3.87
1945,3.84,3.87
1946,3.84,3.87
1947,3.84,3.87
1948,3.84,3.87
1949,3.84,3.87
1950,3.84,3.87
1952,3.84,3.87
1953,3.84,3.87
1954,3.84,3.87
1955,3.84,3.87
1956,3.84,3.87
1957,3.84,3.87
1958,3.84,3.87
1959,3.84,3.87
1960,3.84,3.87
1963,3.84,3.87
1964,3.84,3.87
1965,3.84,3.87
1966,3.84,3.87
1967,3.84,3.87
1968,3.84,3.87
1969,3.84,3.87
1970,3.84,3.87
1971,3.84,3.87
1973,3.84,3.87
1974,3.84,3.87
1975,3.84,3.87
1976,3.84,3.87
1977,3.84,3.87
1978,3.84,3.87
1979,3.84,3.87
1980,3.84,3.87
1981,3.84,3.87
1982,3.84,3.87
1984,3.84,3.87
1985,3.84,3.87
1986,3.84,3.87
1987,3.84,3.87
1988,3.84,3.87
1989,3.84,3.87
1990,3.84,3.87
1991,3.84,3.87
1992,3.84,3.87
1994,3.84,3.87
1995,3.84,3.87
1996,3.84,3.87
1997,3.84,3.87
1998,3.84,3.87
1999,3.84,3.87
2000,3.84,3.87
2001,3.84,3.87
2002,3.84,3.87
2004,3.84,3.87
2006,3.84,3.87
2007,3.84,3.87
2008,3.84,3.87
2009,3.84,3.87
2010,3.84,3.87
2011,3.84,3.87
2012,3.85,3.88
2013,3.85,3.87
2015,3.85,3.87
2016,3.85,3.87
2017,3.85,3.87
2018,3.85,3.87
2019,3.85,3.87
2020,3.85,3.88
2021,3.85,3.87
2022,3.85,3.88
2023,3.85,3.87
2025,3.85,3.87
2026,3.85,3.88
2027,3.85,3.88
2028,3.85,3.88
2029,3.85,3.88
2030,3.85,3.88
2031,3.85,3.88
2032,3.85,3.87
2033,3.85,3.88
2034,3.85,3.88
2036,3.85,3.88
2037,3.85,3.88
2038,3.85,3.88
2039,3.85,3.88
2040,3.85,3.88
2041,3.85,3.88
2042,3.85,3.88
2043,3.85,3.88
2044,3.85,3.88
2046,3.85,3.87
2048,3.85,3.88
2049,3.85,3.88
2050,3.85,3.88
2051,3.85,3.88
2052,3.85,3.88
2053,3.85,3.88
2054,3.85,3.88
2055,3.85,3.88
2057,3.85,3.88
2058,3.85,3.88
2059,3.85,3.88
2060,3.85,3.88
2061,3.85,3.88
2062,3.85,3.87
2063,3.85,3.88
2064,3.85,3.88
2065,3.85,3.88
2067,3.85,3.88
2068,3.85,3.88
2069,3.85,3.88
2070,3.85,3.88
2071,3.85,3.88
2072,3.85,3.88
2073,3.85,3.87
2074,3.85,3.88
2075,3.85,3.88
2076,3.85,3.88
2078,3.85,3.88
2079,3.85,3.88
2080,3.85,3.88
2081,3.85,3.88
2082,3.85,3.88
2083,3.85,3.88
2084,3.85,3.88
2085,3.85,3.88
2086,3.85,3.88
2088,3.85,3.88
2089,3.85,3.88
2091,3.85,3.88
2092,3.85,3.88
2093,3.85,3.88
2094,3.85,3.88
2095,3.85,3.88
2096,3.85,3.88
2097,3.85,3.88
2099,3.85,3.88
2100,3.85,3.88
2101,3.85,3.88
2102,3.85,3.88
2103,3.85,3.88
2104,3.85,3.88
2105,3.85,3.88
2106,3.85,3.88
2107,3.85,3.88
2109,3.85,3.88
2110,3.85,3.88
2111,3.85,3.88
2112,3.85,3.88
2113,3.85,3.88
2114,3.85,3.88
2115,3.85,3.88
2116,3.85,3.88
2117,3.85,3.88
2118,3.85,3.88
2120,3.85,3.88
2121,3.85,3.88
2122,3.85,3.88
2123,3.85,3.88
2124,3.85,3.88
2125,3.85,3.88
2126,3.85,3.88
2127,3.85,3.88
2128,3.85,3.88
2130,3.85,3.88
2131,3.85,3.88
2132,3.85,3.88
2134,3.85,3.88
2135,3.85,3.88
2136,3.85,3.88
2137,3.85,3.88
2138,3.85,3.88
2139,3.85,3.88
2141,3.85,3.88
2142,3.85,3.88
2143,3.85,3.88
2144,3.85,3.88
2145,3.85,3.88
2146,3.85,3.88
2147,3.85,3.88
2148,3.85,3.88
2149,3.85,3.88
2151,3.85,3.88
2152,3.85,3.88
2153,3.85,3.88
2154,3.85,3.88
2155,3.85,3.88
2156,3.85,3.88
2157,3.85,3.88
2158,3.85,3.88
2159,3.85,3.88
2161,3.85,3.88
2162,3.85,3.88
2163,3.85,3.88
2164,3.85,3.88
2165,3.85,3.88
2166,3.85,3.88
2167,3.85,3.88
2168,3.85,3.88
2169,3.85,3.88
2170,3.85,3.88
2172,3.85,3.88
2173,3.85,3.88
2174,3.85,3.88
2176,3.85,3.88
2177,3.85,3.88
2178,3.85,3.88
2179,3.85,3.88
2180,3.85,3.88
2181,3.85,3.88
2183,3.85,3.88
2184,3.85,3.88
2185,3.85,3.88
2186,3.85,3.88
2187,3.85,3.88
2188,3.85,3.88
2189,3.85,3.88
2190,3.85,3.88
2191,3.85,3.88
2193,3.85,3.88
2194,3.85,3.88
2195,3.85,3.88
2196,3.85,3.88
2197,3.85,3.88
2198,3.85,3.88
2199,3.85,3.88
2200,3.85,3.88
2201,3.85,3.88
2203,3.85,3.88
2204,3.85,3.88
2205,3.85,3.88
2206,3.85,3.88
2207,3.85,3.88
2208,3.85,3.88
2209,3.85,3.88
2210,3.85,3.88
2211,3.85,3.88
2212,3.85,3.88
2214,3.85,3.88
2215,3.85,3.88
2216,3.85,3.88
2217,3.85,3.88
2219,3.85,3.88
2220,3.85,3.88
2221,3.85,3.88
2222,3.85,3.88
2223,3.85,3.88
2225,3.85,3.88
2226,3.85,3.88
2227,3.85,3.88
2228,3.85,3.88
2229,3.85,3.88
2230,3.85,3.88
2231,3.85,3.88
2232,3.85,3.88
2233,3.85,3.88
2235,3.85,3.88
2236,3.85,3.88
2237,3.85,3.88
2238,3.85,3.88
2239,3.85,3.88
2240,3.86,3.88
2241,3.85,3.88
2242,3.85,3.88
2243,3.85,3.88
2245,3.85,3.88
2246,3.85,3.88
2247,3.85,3.88
2248,3.85,3.88
2249,3.85,3.88
2250,3.85,3.88
2251,3.85,3.88
2252,3.85,3.88
2253,3.86,3.88
2254,3.86,3.88
2256,3.85,3.88
2257,3.85,3.88
2258,3.85,3.88
2259,3.85,3.88
2260,3.85,3.88
2262,3.85,3.88
2263,3.85,3.88
2264,3.85,3.88
2265,3.85,3.88
2267,3.86,3.88
2268,3.85,3.88
2269,3.85,3.88
2270,3.85,3.88
2271,3.86,3.88
2272,3.85,3.88
2273,3.85,3.88
2274,3.85,3.88
2275,3.85,3.88
2277,3.85,3.88
2278,3.85,3.88
2279,3.85,3.88
2280,3.85,3.88
2281,3.85,3.88
2282,3.85,3.88
2283,3.85,3.88
2284,3.85,3.88
2285,3.85,3.88
2287,3.85,3.88
2288,3.86,3.88
2289,3.85,3.88
2290,3.86,3.88
2291,3.86,3.88
2292,3.85,3.88
2293,3.85,3.88
2294,3.86,3.88
2295,3.86,3.88
2296,3.86,3.88
2298,3.85,3.88
2299,3.85,3.88
2300,3.85,3.88
2301,3.85,3.88
2302,3.85,3.88
2304,3.85,3.88
2305,3.86,3.88
2306,3.85,3.88
2307,3.85,3.88
2309,3.86,3.88
2310,3.85,3.88
2311,3.86,3.88
2312,3.86,3.88
2313,3.86,3.88
2314,3.86,3.89
2315,3.86,3.88
2316,3.86,3.88
2317,3.86,3.88
2319,3.86,3.88
2320,3.86,3.88
2321,3.85,3.88
2322,3.86,3.88
2323,3.86,3.88
2324,3.86,3.88
2325,3.86,3.88
2326,3.86,3.88
2327,3.86,3.88
2329,3.86,3.88
2330,3.86,3.88
2331,3.86,3.88
2332,3.86,3.88
2333,3.86,3.88
2334,3.86,3.88
2335,3.86,3.88
2336,3.86,3.88
2337,3.86,3.88
2338,3.86,3.88
2340,3.86,3.88
2341,3.86,3.88
2342,3.86,3.88
2343,3.86,3.89
2344,3.86,3.88
2345,3.86,3.89
2347,3.86,3.88
2348,3.86,3.88
2349,3.86,3.88
2351,3.86,3.88
2352,3.86,3.88
2353,3.86,3.88
2354,3.86,3.88
2355,3.86,3.88
2356,3.86,3.89
2357,3.86,3.88
2358,3.86,3.88
2359,3.86,3.88
2361,3.86,3.88
2362,3.86,3.88
2363,3.86,3.88
2364,3.86,3.88
2365,3.86,3.88
2366,3.86,3.89
2367,3.86,3.88
2368,3.86,3.89
2369,3.86,3.88
2371,3.86,3.89
2372,3.86,3.88
2373,3.86,3.89
2374,3.86,3.88
2375,3.86,3.88
2376,3.86,3.88
2377,3.86,3.88
2378,3.86,3.89
2379,3.86,3.88
2381,3.86,3.89
2382,3.86,3.89
2383,3.86,3.88
2384,3.86,3.89
2385,3.86,3.88
2386,3.86,3.88
2387,3.86,3.88
2388,3.86,3.88
2390,3.86,3.89
2391,3.86,3.89
2393,3.86,3.88
2394,3.86,3.89
2395,3.86,3.89
2396,3.86,3.89
2397,3.86,3.88
2398,3.86,3.88
2399,3.86,3.89
2400,3.86,3.88
2401,3.86,3.89
2403,3.86,3.89
2404,3.86,3.88
2405,3.86,3.88
2406,3.86,3.88
2407,3.86,3.89
2408,3.86,3.88
2409,3.86,3.88
2410,3.86,3.88
2411,3.86,3.89
2413,3.86,3.88
2414,3.86,3.88
2415,3.86,3.88
2416,3.86,3.89
2417,3.86,3.88
2418,3.86,3.88
2419,3.86,3.88
2420,3.86,3.88
2421,3.86,3.89
2423,3.86,3.89
2424,3.86,3.88
2425,3.86,3.89
2426,3.86,3.88
2427,3.86,3.89
2428,3.86,3.89
2429,3.86,3.89
2430,3.86,3.89
2432,3.86,3.89
2433,3.86,3.88
2435,3.86,3.88
2436,3.86,3.89
2437,3.86,3.89
2438,3.86,3.89
2439,3.86,3.89
2440,3.86,3.89
2441,3.86,3.88
2442,3.86,3.89
2443,3.86,3.89
2445,3.86,3.88
2446,3.86,3.89
2447,3.86,3.89
2448,3.86,3.89
2449,3.86,3.89
2450,3.86,3.89
2451,3.86,3.89
2452,3.86,3.89
2453,3.86,3.89
2455,3.86,3.89
2456,3.86,3.89
2457,3.86,3.89
2458,3.86,3.89
2459,3.86,3.88
2460,3.86,3.89
2461,3.86,3.89
2462,3.86,3.89
2463,3.86,3.89
2465,3.86,3.89
2466,3.86,3.89
2467,3.86,3.89
2468,3.86,3.89
2469,3.86,3.89
2470,3.86,3.89
2471,3.86,3.89
2472,3.86,3.89
2473,3.86,3.89
2476,3.86,3.89
2477,3.86,3.88
2478,3.86,3.89
2479,3.86,3.89
2480,3.86,3.89
2481,3.86,3.88
2482,3.86,3.89
2483,3.86,3.89
2484,3.86,3.89
2485,3.86,3.88
2487,3.86,3.89
2488,3.86,3.89
2489,3.86,3.89
2490,3.86,3.89
2491,3.86,3.89
2492,3.86,3.88
2493,3.86,3.89
2494,3.86,3.89
2495,3.86,3.89
2497,3.86,3.89
2498,3.86,3.89
2499,3.86,3.89
2500,3.86,3.89
2501,3.86,3.89
2502,3.86,3.89
2503,3.86,3.89
2504,3.86,3.89
2505,3.86,3.89
2507,3.86,3.89
2508,3.86,3.89
2509,3.86,3.89
2510,3.86,3.89
2511,3.86,3.89
2512,3.86,3.89
2513,3.86,3.89
2514,3.86,3.89
2515,3.86,3.89
2518,3.86,3.89
2519,3.86,3.89
2520,3.86,3.89
2521,3.86,3.89
2522,3.86,3.89
2523,3.86,3.89
2524,3.86,3.89
2525,3.86,3.89
2526,3.86,3.89
2527,3.86,3.89
2529,3.86,3.88
2530,3.86,3.89
2531,3.86,3.89
2532,3.86,3.89
2533,3.86,3.89
2534,3.86,3.89
2535,3.86,3.89
2536,3.86,3.89
2537,3.86,3.89
2539,3.86,3.89
2540,3.86,3.89
2541,3.86,3.89
2542,3.86,3.89
2543,3.86,3.89
2544,3.86,3.89
2545,3.86,3.89
2546,3.86,3.89
2547,3.86,3.89
2549,3.86,3.89
2550,3.86,3.89
2551,3.86,3.89
2552,3.86,3.89
2553,3.86,3.89
2554,3.86,3.89
2555,3.86,3.89
2556,3.86,3.89
2557,3.86,3.89
2560,3.86,3.89
2561,3.86,3.89
2562,3.86,3.89
2563,3.86,3.89
2564,3.86,3.89
2565,3.86,3.89
2566,3.86,3.89
2567,3.86,3.89
2568,3.86,3.89
2570,3.86,3.89
2571,3.86,3.89
2572,3.86,3.89
2573,3.86,3.89
2574,3.86,3.89
2575,3.86,3.89
2576,3.86,3.89
2577,3.86,3.89
2578,3.86,3.89
2579,3.86,3.89
2581,3.86,3.89
2582,3.86,3.88
2583,3.86,3.89
2584,3.86,3.89
2585,3.86,3.89
2586,3.86,3.89
2587,3.86,3.89
2588,3.86,3.89
2589,3.86,3.89
2591,3.86,3.89
2592,3.86,3.89
2593,3.86,3.88
2594,3.86,3.89
2595,3.86,3.89
2596,3.86,3.89
2597,3.86,3.89
2598,3.86,3.88
2599,3.86,3.89
2601,3.86,3.89
2603,3.86,3.88
2604,3.86,3.89
2605,3.86,3.89
2606,3.86,3.89
2607,3.86,3.89
2608,3.86,3.89
2609,3.86,3.89
2610,3.86,3.88
2612,3.86,3.89
2613,3.86,3.89
2614,3.86,3.88
2615,3.86,3.89
2616,3.86,3.89
2617,3.86,3.89
2618,3.86,3.88
2619,3.86,3.89
2620,3.86,3.89
2621,3.86,3.89
2623,3.86,3.89
2624,3.86,3.89
2625,3.86,3.88
2626,3.86,3.88
2627,3.86,3.88
2628,3.86,3.88
2629,3.86,3.88
2630,3.86,3.88
2631,3.86,3.88
2633,3.86,3.88
2634,3.86,3.88
2635,3.86,3.88
2636,3.86,3.88
2637,3.86,3.88
2638,3.86,3.88
2639,3.86,3.88
2640,3.86,3.88
2641,3.86,3.88
2643,3.86,3.88
2644,3.86,3.88
2646,3.86,3.88
2647,3.86,3.88
2648,3.86,3.89
2649,3.86,3.88
2650,3.86,3.88
2651,3.86,3.88
2652,3.86,3.88
2654,3.86,3.89
2655,3.86,3.88
2656,3.86,3.88
2657,3.86,3.89
2658,3.86,3.88
2659,3.86,3.88
2660,3.85,3.88
2661,3.85,3.88
2662,3.85,3.88
2664,3.85,3.88
2665,3.85,3.88
2666,3.85,3.88
2667,3.85,3.88
2668,3.86,3.88
2669,3.85,3.88
2670,3.85,3.88
2671,3.86,3.88
2672,3.85,3.88
2673,3.86,3.88
2675,3.86,3.88
2676,3.86,3.88
2677,3.86,3.88
2678,3.85,3.88
2679,3.86,3.88
2680,3.86,3.88
2681,3.86,3.88
2682,3.86,3.88
2683,3.86,3.88
2685,3.86,3.88
2686,3.86,3.88
2688,3.86,3.88
2689,3.86,3.88
2690,3.86,3.88
2691,3.86,3.88
2692,3.86,3.88
2693,3.86,3.88
2694,3.85,3.88
2696,3.85,3.88
2697,3.85,3.88
2698,3.85,3.88
2699,3.85,3.88
2700,3.85,3.88
2701,3.85,3.88
2702,3.85,3.88
2703,3.85,3.88
2704,3.85,3.88
2706,3.85,3.88
2707,3.85,3.88
2708,3.85,3.88
2709,3.85,3.88
2710,3.85,3.88
2711,3.85,3.88
2712,3.85,3.88
2713,3.85,3.88
2714,3.85,3.88
2715,3.85,3.88
2717,3.85,3.88
2718,3.85,3.87
2719,3.85,3.87
2720,3.85,3.87
2721,3.84,3.87
2722,3.84,3.87
2723,3.84,3.87
2724,3.84,3.87
2725,3.84,3.87
2727,3.84,3.87
2728,3.84,3.87
2729,3.84,3.87
2731,3.84,3.87
2732,3.84,3.87
2733,3.84,3.87
2734,3.84,3.87
2735,3.84,3.87
2736,3.84,3.86
2738,3.84,3.87
2739,3.84,3.86
2740,3.84,3.86
2741,3.84,3.87
2742,3.84,3.86
2743,3.84,3.86
2744,3.84,3.86
2745,3.83,3.86
2746,3.83,3.86
2748,3.84,3.86
2749,3.83,3.86
2750,3.83,3.86
2751,3.83,3.86
2752,3.83,3.86
2753,3.83,3.86
2754,3.83,3.86
2755,3.83,3.86
2756,3.83,3.86
2757,3.83,3.86
2759,3.83,3.86
2760,3.83,3.86
2761,3.83,3.86
2762,3.83,3.86
2763,3.83,3.86
2764,3.83,3.86
2765,3.83,3.86
2766,3.83,3.86
2767,3.83,3.86
2769,3.83,3.86
2770,3.83,3.86
2771,3.83,3.86
2772,3.83,3.86
2774,3.83,3.86
2775,3.83,3.86
2776,3.83,3.86
2777,3.83,3.86
2778,3.83,3.86
2780,3.83,3.86
2781,3.83,3.86
2782,3.83,3.86
2783,3.83,3.86
2784,3.83,3.86
2785,3.83,3.86
2786,3.83,3.86
2787,3.83,3.86
2788,3.83,3.86
2790,3.83,3.86
2791,3.83,3.86
2792,3.83,3.86
2793,3.83,3.86
2794,3.83,3.86
2795,3.83,3.86
2796,3.83,3.86
2797,3.83,3.86
2798,3.83,3.86
2800,3.83,3.86
2801,3.83,3.86
2802,3.83,3.86
2803,3.83,3.86
2804,3.83,3.86
2805,3.83,3.86
2806,3.83,3.86
2807,3.83,3.86
2808,3.83,3.86
2809,3.83,3.86
2811,3.83,3.86
2812,3.83,3.86
2813,3.83,3.86
2814,3.83,3.86
2816,3.83,3.86
2817,3.83,3.86
2818,3.83,3.86
2819,3.83,3.86
2820,3.83,3.86
2822,3.83,3.86
2823,3.84,3.87
2824,3.84,3.87
2825,3.84,3.87
2826,3.84,3.87
2827,3.84,3.87
2828,3.84,3.87
2829,3.84,3.87
2830,3.84,3.87
2832,3.84,3.87
2833,3.84,3.87
2834,3.84,3.87
2835,3.84,3.87
2836,3.84,3.87
2837,3.84,3.87
2838,3.84,3.87
2839,3.84,3.87
2840,3.84,3.87
2842,3.84,3.87
2843,3.84,3.87
2844,3.84,3.87
2845,3.84,3.87
2846,3.85,3.88
2847,3.85,3.88
2848,3.85,3.88
2849,3.85,3.88
2850,3.85,3.88
2851,3.85,3.88
2853,3.85,3.88
2854,3.85,3.88
2855,3.85,3.88
2856,3.85,3.88
2857,3.86,3.88
2859,3.86,3.89
2860,3.86,3.89
2861,3.86,3.89
2862,3.86,3.89
2864,3.86,3.89
2865,3.86,3.89
2866,3.86,3.89
2867,3.86,3.89
2868,3.86,3.89
2869,3.87,3.89
2870,3.87,3.90
2871,3.87,3.90
2872,3.87,3.90
2874,3.87,3.90
2875,3.87,3.90
2876,3.87,3.90
2877,3.87,3.90
2878,3.87,3.90
2879,3.87,3.90
2880,3.88,3.90
2881,3.88,3.91
2882,3.88,3.91
2883,3.88,3.91
2885,3.88,3.91
2886,3.88,3.91
2887,3.88,3.91
2888,3.89,3.91
2889,3.89,3.91
2890,3.89,3.91
2891,3.89,3.91
2892,3.89,3.92
2893,3.89,3.92
2895,3.89,3.92
2896,3.89,3.92
2897,3.90,3.92
2898,3.90,3.92
2899,3.90,3.93
2900,3.90,3.93
2902,3.90,3.93
2903,3.91,3.93
2904,3.91,3.93
2906,3.91,3.94
2907,3.91,3.94
2908,3.91,3.94
2909,3.91,3.94
2910,3.91,3.95
2911,3.92,3.95
2912,3.92,3.95
2913,3.92,3.95
2914,3.93,3.96
2915,3.93,3.96
2917,3.93,3.96
2918,3.94,3.97
2919,3.94,3.97
2920,3.94,3.97
2921,3.95,3.98
2922,3.95,3.98
2923,3.96,3.99
2924,3.96,3.99
2925,3.96,4.00
2927,3.97,4.00
2928,3.97,4.01
2929,3.98,4.01
2930,3.98,4.02
2931,3.99,4.02
2932,3.99,4.03
2933,4.00,4.03
2934,4.01,4.04
2935,4.01,4.05
2936,4.02,4.06
2938,4.03,4.06
2939,4.04,4.07
2940,4.04,4.08
2941,4.06,4.09
2942,4.07,4.10
2944,4.08,4.12
2945,4.09,4.13
2946,4.11,4.15
2947,4.12,4.16
2948,4.14,4.18
2950,4.16,4.20
2951,4.18,4.22
2952,4.20,4.24
2953,4.22,4.27
2954,4.24,4.29
2955,4.26,4.31
2956,4.29,4.34
2957,4.31,4.36
2958,4.33,4.38
2960,4.35,4.40
2961,4.37,4.43
2962,4.40,4.45
2963,4.42,4.46
2964,4.43,4.49
2965,4.45,4.51
2966,4.47,4.52
2967,4.49,4.54
2968,4.51,4.56
2970,4.52,4.57
2971,4.54,4.58
2972,4.55,4.60
2973,4.57,4.61
2974,4.58,4.63
2975,4.59,4.64
2976,4.60,4.65
2977,4.61,4.66
2978,4.63,4.67
2979,4.64,4.68
2981,4.65,4.69
2982,4.66,4.70
2983,4.67,4.71
2984,4.67,4.72
2985,4.68,4.73
2987,4.69,4.74
2988,4.70,4.74
2989,4.71,4.75
2990,4.71,4.76
2992,4.72,4.76
2993,4.73,4.77
2994,4.73,4.78
2995,4.74,4.78
2996,4.74,4.78
2997,4.75,4.79
2998,4.76,4.79
2999,4.76,4.80
3000,4.77,4.81
3002,4.77,4.81
3003,4.77,4.81
3004,4.78,4.82
3005,4.78,4.82
3006,4.78,4.83
3007,4.79,4.83
3008,4.79,4.83
3009,4.79,4.84
3010,4.80,4.84
3011,4.80,4.84
3013,4.80,4.85
3014,4.80,4.85
3015,4.81,4.85
3016,4.81,4.85
3017,4.81,4.86
3018,4.82,4.86
3019,4.82,4.86
3020,4.82,4.86
3021,4.82,4.87
3023,4.82,4.87
3024,4.83,4.87
3025,4.83,4.87
3026,4.83,4.88
3027,4.83,4.88
3028,4.83,4.88
3030,4.84,4.88
3031,4.84,4.88
3032,4.84,4.88
3034,4.84,4.88
3035,4.84,4.89
3036,4.84,4.89
3037,4.84,4.89
3038,4.85,4.89
3039,4.85,4.89
3040,4.85,4.89
3041,4.85,4.89
3042,4.85,4.89
3043,4.85,4.90
3045,4.85,4.90
3046,4.85,4.90
3047,4.86,4.90
3048,4.86,4.90
3049,4.86,4.90
3050,4.86,4.90
3051,4.86,4.90
3052,4.86,4.90
3053,4.86,4.90
3054,4.86,4.90
3056,4.86,4.90
3057,4.86,4.91
3058,4.86,4.91
3059,4.86,4.91
3060,4.86,4.91
3061,4.86,4.91
3062,4.86,4.91
3063,4.87,4.91
3064,4.87,4.91
3066,4.87,4.91
3067,4.87,4.91
3068,4.87,4.91
3069,4.87,4.91
3070,4.87,4.91
3072,4.87,4.91
3073,4.87,4.91
3074,4.87,4.91
3075,4.87,4.91
3077,4.87,4.91
3078,4.87,4.91
3079,4.87,4.91
3080,4.87,4.91
3081,4.87,4.91
3082,4.87,4.91
3083,4.87,4.91
3084,4.87,4.92
3085,4.87,4.92
3087,4.87,4.92
3088,4.87,4.92
3089,4.87,4.92
3090,4.87,4.91
3091,4.87,4.92
3092,4.87,4.92
3093,4.87,4.92
3094,4.87,4.92
3095,4.87,4.92
3096,4.87,4.92
3098,4.87,4.92
3099,4.87,4.92
3100,4.87,4.92
3101,4.87,4.92
3102,4.87,4.92
3103,4.87,4.92
3104,4.87,4.92
3105,4.88,4.92
3106,4.87,4.92
3108,4.87,4.92
3109,4.87,4.92
3110,4.88,4.92
3111,4.88,4.92
3112,4.88,4.92
3113,4.88,4.92
3115,4.88,4.92
3116,4.87,4.92
3117,4.88,4.92
3119,4.88,4.92
3120,4.88,4.92
3121,4.88,4.92
3122,4.88,4.92
3123,4.88,4.92
3124,4.88,4.92
3125,4.88,4.92
3126,4.88,4.92
3127,4.87,4.92
3129,4.88,4.92
3130,4.87,4.92
3131,4.88,4.92
3132,4.87,4.91
3133,4.87,4.92
3134,4.87,4.92
3135,4.87,4.92
3136,4.87,4.92
3137,4.87,4.92
3138,4.87,4.92
3140,4.87,4.92
3141,4.87,4.92
3142,4.87,4.92
3143,4.88,4.92
3144,4.87,4.92
3145,4.87,4.92
3146,4.87,4.92
3147,4.87,4.92
3148,4.87,4.92
3150,4.87,4.92
3151,4.87,4.92
3152,4.87,4.92
3153,4.87,4.92
3154,4.88,4.92
3155,4.87,4.92
3156,4.88,4.92
3158,4.87,4.92
3159,4.87,4.92
3161,4.88,4.92
3162,4.88,4.92
3163,4.88,4.92
3164,4.88,4.92
3165,4.88,4.92
3166,4.88,4.92
3167,4.88,4.92
3168,4.88,4.92
3169,4.88,4.92
3171,4.88,4.92
3172,4.88,4.92
3173,4.88,4.92
3174,4.88,4.92
3175,4.88,4.92
3176,4.88,4.92
3177,4.88,4.92
3178,4.88,4.92
3179,4.88,4.92
3181,4.88,4.92
3182,4.88,4.92
3183,4.88,4.92
3184,4.88,4.92
3185,4.88,4.92
3186,4.88,4.92
3187,4.87,4.92
3188,4.87,4.91
3189,4.87,4.91
3190,4.87,4.91
3192,4.87,4.91
3193,4.86,4.91
3194,4.86,4.90
3195,4.86,4.90
3196,4.85,4.89
3197,4.85,4.89
3198,4.84,4.88
3200,4.84,4.88
3201,4.84,4.88
3203,4.83,4.87
3204,4.83,4.87
3205,4.82,4.86
3206,4.82,4.86
3207,4.82,4.85
3208,4.81,4.85
3209,4.81,4.84
3210,4.80,4.84
3211,4.80,4.83
3213,4.79,4.83
3214,4.78,4.82
3215,4.78,4.81
3216,4.78,4.81
3217,4.77,4.80
3218,4.76,4.79
3219,4.76,4.79
3220,4.75,4.78
3221,4.74,4.77
3222,4.73,4.77
3224,4.72,4.76
3225,4.71,4.75
3226,4.71,4.74
3227,4.70,4.73
3228,4.69,4.72
3229,4.67,4.70
3230,4.66,4.69
3231,4.65,4.68
3232,4.64,4.67
3234,4.63,4.67
3235,4.62,4.66
3236,4.61,4.65
3237,4.60,4.64
3238,4.59,4.62
3239,4.58,4.61
3240,4.57,4.59
3241,4.55,4.57
3243,4.53,4.56
3245,4.52,4.54
3246,4.49,4.51
3247,4.46,4.47
3248,4.42,4.42
3249,4.38,4.38
3250,4.35,4.37
3251,4.34,4.36
3252,4.33,4.36
3253,4.33,4.36
3254,4.34,4.37
3256,4.35,4.38
3257,4.35,4.39
3258,4.36,4.40
3259,4.37,4.41
3260,4.38,4.43
3261,4.40,4.44
3262,4.41,4.45
3263,4.43,4.47
3264,4.44,4.49
3266,4.46,4.50
3267,4.47,4.52
3268,4.49,4.54
3269,4.51,4.56
3270,4.52,4.57
3271,4.54,4.58
3272,4.55,4.60
3273,4.57,4.61
3274,4.58,4.63
3276,4.59,4.64
3277,4.61,4.65
3278,4.62,4.66
3279,4.63,4.68
3280,4.64,4.69
3281,4.65,4.70
3282,4.66,4.71
3283,4.67,4.72
3284,4.68,4.73
3287,4.69,4.74
3288,4.70,4.74
3289,4.71,4.75
3290,4.71,4.76
3291,4.72,4.77
3292,4.73,4.77
3293,4.74,4.78
3294,4.74,4.78
3295,4.75,4.79
3296,4.75,4.79
3298,4.76,4.80
3299,4.76,4.80
3300,4.77,4.81
3301,4.77,4.81
3302,4.78,4.82
3303,4.78,4.82
3304,4.78,4.83
3305,4.79,4.83
3306,4.79,4.83
3308,4.79,4.84
3309,4.80,4.84
3310,4.80,4.84
3311,4.81,4.85
3312,4.81,4.85
3313,4.81,4.85
3314,4.81,4.86
3315,4.82,4.86
3316,4.82,4.86
3317,4.82,4.87
3319,4.82,4.87
3320,4.83,4.87
3321,4.83,4.87
3322,4.83,4.87
3323,4.83,4.88
3324,4.83,4.88
3325,4.84,4.88
3326,4.84,4.88
3328,4.84,4.88
3330,4.84,4.89
3331,4.84,4.89
3332,4.84,4.89
3333,4.84,4.89
3334,4.85,4.89
3335,4.85,4.89
3336,4.85,4.89
3337,4.85,4.89
3338,4.85,4.90
3340,4.85,4.90
3341,4.85,4.90
3342,4.85,4.90
3343,4.85,4.90
3344,4.86,4.90
3345,4.86,4.90
3346,4.86,4.90
3347,4.86,4.90
3348,4.86,4.90
3349,4.86,4.91
3351,4.86,4.90
3352,4.86,4.91
3353,4.86,4.91
3354,4.86,4.91
3355,4.86,4.91
3356,4.87,4.91
3357,4.87,4.91
3358,4.87,4.91
3359,4.87,4.91
3361,4.87,4.91
3362,4.87,4.91
3363,4.87,4.91
3364,4.87,4.91
3365,4.87,4.91
3366,4.87,4.91
3367,4.87,4.91
3368,4.87,4.92
3369,4.87,4.91
3371,4.87,4.92
3373,4.87,4.92
3374,4.87,4.92
3375,4.87,4.92
3376,4.87,4.92
3377,4.87,4.92
3378,4.87,4.92
3379,4.87,4.92
3380,4.87,4.92
3381,4.87,4.92
3383,4.87,4.92
3384,4.88,4.92
3385,4.87,4.92
3386,4.88,4.92
3387,4.88,4.92
3388,4.88,4.92
3389,4.88,4.92
3390,4.88,4.92
3391,4.88,4.92
3393,4.88,4.92
3394,4.88,4.92
3395,4.88,4.92
3396,4.88,4.92
3397,4.88,4.92
3398,4.88,4.92
3399,4.88,4.92
3400,4.88,4.92
3401,4.88,4.92
3403,4.88,4.92
3404,4.88,4.92
3405,4.88,4.92
3406,4.88,4.92
3407,4.88,4.92
3408,4.88,4.92
3409,4.88,4.92
3410,4.88,4.92
3411,4.88,4.92
3412,4.88,4.92
3415,4.88,4.92
3416,4.88,4.92
3417,4.88,4.92
3418,4.88,4.92
3419,4.88,4.92
3420,4.88,4.92
3421,4.88,4.92
3422,4.88,4.92
3423,4.88,4.92
3425,4.88,4.92
3426,4.88,4.92
3427,4.88,4.92
3428,4.88,4.92
3429,4.88,4.92
3430,4.88,4.92
3431,4.88,4.92
3432,4.88,4.92
3433,4.88,4.92
3435,4.88,4.92
3436,4.88,4.93
3437,4.88,4.92
3438,4.88,4.92
3439,4.88,4.92
3440,4.88,4.92
3441,4.88,4.92
3442,4.88,4.92
3443,4.88,4.93
3445,4.88,4.92
3446,4.88,4.92
3447,4.88,4.92
3448,4.88,4.92
3449,4.88,4.92
3450,4.88,4.92
3451,4.88,4.92
3452,4.88,4.92
3453,4.88,4.92
3454,4.88,4.92
3457,4.88,4.92
3458,4.88,4.92
3459,4.88,4.92
3460,4.88,4.92
3461,4.88,4.92
3462,4.88,4.92
3463,4.88,4.92
3464,4.88,4.92
3465,4.88,4.93
3467,4.88,4.92
3468,4.88,4.92
3469,4.88,4.92
3470,4.88,4.92
3471,4.88,4.92
3472,4.88,4.92
3473,4.88,4.92
3474,4.88,4.92
3475,4.88,4.92
3477,4.88,4.92
3478,4.88,4.92
3479,4.88,4.92
3480,4.88,4.92
3481,4.88,4.92
3482,4.88,4.92
3483,4.88,4.93
3484,4.88,4.92
3485,4.88,4.92
3487,4.88,4.92
3488,4.88,4.92
3489,4.88,4.92
3490,4.88,4.92
3491,4.88,4.93
3492,4.88,4.92
3493,4.88,4.92
3494,4.88,4.92
3495,4.88,4.92
3496,4.88,4.92
3499,4.88,4.93
3500,4.88,4.93
3501,4.88,4.92
3502,4.88,4.92
3503,4.88,4.92
3504,4.88,4.92
3505,4.88,4.92
3506,4.88,4.93
3507,4.88,4.92
3509,4.88,4.93
3510,4.88,4.92
3511,4.88,4.92
3512,4.88,4.93
3513,4.88,4.92
3514,4.88,4.93
3515,4.88,4.92
3516,4.88,4.92
3517,4.88,4.93
3519,4.88,4.92
3520,4.88,4.92
3521,4.88,4.93
3522,4.88,4.92
3523,4.88,4.92
3524,4.88,4.93
3525,4.88,4.92
3526,4.88,4.93
3527,4.88,4.93
3529,4.88,4.92
3530,4.88,4.92
3531,4.88,4.92
3532,4.88,4.93
3533,4.88,4.92
3534,4.88,4.92
3535,4.88,4.92
3536,4.88,4.93
3537,4.88,4.92
3538,4.88,4.92
3540,4.88,4.92
3542,4.88,4.92
3543,4.87,4.91
3544,4.87,4.91
3545,4.87,4.92
3546,4.87,4.92
3547,4.87,4.91
3548,4.87,4.91
3549,4.87,4.91
3551,4.87,4.91
3552,4.87,4.92
3553,4.87,4.92
3554,4.87,4.92
3555,4.87,4.92
3556,4.87,4.92
3557,4.87,4.92
3558,4.87,4.92
3559,4.88,4.92
3561,4.87,4.92
3562,4.87,4.92
3563,4.87,4.92
3564,4.88,4.92
3565,4.88,4.92
3566,4.88,4.92
3567,4.88,4.92
3568,4.88,4.92
3569,4.88,4.92
3571,4.88,4.92
3572,4.88,4.92
3573,4.88,4.92
3574,4.88,4.92
3575,4.88,4.92
3576,4.88,4.92
3577,4.88,4.92
3578,4.88,4.92
3579,4.88,4.92
3581,4.88,4.92
3582,4.88,4.92
3584,4.88,4.92
3585,4.88,4.92
3586,4.88,4.92
3587,4.88,4.92
3588,4.88,4.92
3589,4.88,4.92
3590,4.88,4.92
3591,4.88,4.92
3593,4.88,4.92
3594,4.88,4.92
3595,4.88,4.92
3596,4.88,4.92
3597,4.88,4.92
3598,4.88,4.92
3599,4.88,4.92
3600,4.88,4.92
3601,4.88,4.92
3603,4.88,4.92
3604,4.88,4.92
3605,4.88,4.92
3606,4.88,4.92
3607,4.88,4.92
3608,4.88,4.92
3609,4.88,4.92
3610,4.88,4.92
3611,4.88,4.92
3613,4.88,4.93
3614,4.88,4.92
3615,4.88,4.92
3616,4.88,4.92
3617,4.88,4.92
3618,4.88,4.92
3619,4.88,4.92
3620,4.88,4.92
3621,4.88,4.92
3623,4.88,4.92
3624,4.88,4.92
3625,4.88,4.92
3627,4.88,4.92
3628,4.88,4.92
3629,4.88,4.93
3630,4.88,4.92
3631,4.88,4.92
3632,4.88,4.92
3633,4.88,4.92
3635,4.88,4.92
3636,4.88,4.92
3637,4.88,4.92
3638,4.88,4.92
3639,4.88,4.92
3640,4.88,4.92
3641,4.88,4.92
3642,4.88,4.92
3643,4.88,4.92
3645,4.88,4.92
3646,4.88,4.92
3647,4.88,4.92
3648,4.88,4.92
3649,4.88,4.92
3650,4.88,4.92
3651,4.88,4.92
3652,4.88,4.92
3653,4.88,4.92
3655,4.88,4.92
3656,4.88,4.92
3657,4.88,4.92
3658,4.88,4.92
3659,4.88,4.92
3660,4.88,4.92
3661,4.88,4.92
3662,4.88,4.92
3663,4.88,4.93
3665,4.88,4.92
3666,4.88,4.92
3667,4.88,4.92
3668,4.88,4.92
3670,4.88,4.92
3671,4.88,4.92
3672,4.88,4.92
3673,4.88,4.92
3674,4.88,4.93
3675,4.88,4.92
3677,4.88,4.92
3678,4.88,4.92
3679,4.88,4.92
3680,4.88,4.92
3681,4.88,4.92
3682,4.88,4.92
3683,4.88,4.92
3684,4.88,4.92
3685,4.88,4.92
3687,4.88,4.92
3688,4.88,4.92
3689,4.88,4.92
3690,4.88,4.92
3691,4.88,4.92
3692,4.88,4.92
3693,4.88,4.92
3694,4.88,4.92
3695,4.88,4.92
3697,4.88,4.93
3698,4.88,4.92
3699,4.88,4.93
3700,4.88,4.93
3701,4.88,4.92
3702,4.88,4.92
3703,4.88,4.92
3704,4.88,4.92
3705,4.88,4.92
3707,4.88,4.92
3708,4.88,4.92
3709,4.88,4.92
3710,4.88,4.92
3712,4.88,4.92
3713,4.88,4.92
3714,4.88,4.92
3715,4.88,4.92
3716,4.88,4.92
3717,4.88,4.92
3719,4.88,4.92
3720,4.88,4.92
3721,4.88,4.92
3722,4.88,4.92
3723,4.88,4.92
3724,4.88,4.92
3725,4.88,4.92
3726,4.88,4.93
3727,4.88,4.92
3729,4.88,4.93
3730,4.88,4.92
3731,4.88,4.92
3732,4.88,4.92
3733,4.88,4.92
3734,4.88,4.92
3735,4.88,4.93
3736,4.88,4.92
3737,4.88,4.92
3739,4.88,4.92
3740,4.88,4.92
3741,4.88,4.92
3742,4.88,4.92
3743,4.88,4.92
3744,4.88,4.92
3745,4.88,4.92
3746,4.88,4.92
3747,4.88,4.92
3749,4.88,4.92
3750,4.88,4.92
3751,4.88,4.92
3752,4.88,4.92
3753,4.88,4.92
3755,4.88,4.92
3756,4.88,4.92
3757,4.88,4.92
3758,4.88,4.93
3759,4.88,4.92
3761,4.88,4.92
3762,4.88,4.92
3763,4.88,4.92
3764,4.88,4.92
3765,4.88,4.92
3766,4.88,4.92
3767,4.88,4.92
3768,4.88,4.92
3769,4.88,4.92
3771,4.88,4.92
3772,4.88,4.92
3773,4.88,4.92
3774,4.88,4.93
3775,4.88,4.92
3776,4.88,4.92
3777,4.88,4.92
3778,4.88,4.92
3779,4.88,4.92
3781,4.88,4.92
3782,4.88,4.92
3783,4.88,4.92
3784,4.88,4.92
3785,4.88,4.92
3786,4.88,4.92
3787,4.88,4.93
3788,4.88,4.93
3789,4.88,4.92
3791,4.88,4.92
3792,4.88,4.92
3793,4.88,4.93
3794,4.88,4.92
3795,4.88,4.92
3796,4.88,4.93
3798,4.88,4.92
3799,4.88,4.92
3800,4.88,4.92
3801,4.88,4.92
3803,4.88,4.93
3804,4.88,4.92
3805,4.88,4.92
3806,4.88,4.93
3807,4.88,4.92
3808,4.88,4.93
3809,4.88,4.92
3810,4.88,4.93
3811,4.88,4.92
3813,4.88,4.92
3814,4.88,4.92
3815,4.88,4.92
3816,4.88,4.93
3817,4.88,4.92
3818,4.88,4.92
3819,4.88,4.92
3820,4.88,4.92
3821,4.88,4.93
3823,4.88,4.92
3824,4.88,4.93
3825,4.88,4.93
3826,4.88,4.93
3827,4.88,4.92
3828,4.88,4.92
3829,4.88,4.93
3830,4.88,4.92
3831,4.88,4.93
3833,4.88,4.92
3834,4.88,4.93
3835,4.88,4.93
3836,4.88,4.92
3837,4.88,4.92
3838,4.88,4.92
3840,4.88,4.92
3841,4.87,4.91
3842,4.86,4.89
3843,4.84,4.87
3845,4.82,4.85
3846,4.80,4.82
3847,4.78,4.80
3848,4.75,4.77
3849,4.73,4.75
3850,4.70,4.72
3851,4.67,4.69
3852,4.64,4.66
3853,4.61,4.63
3855,4.58,4.60
3856,4.56,4.57
3857,4.53,4.54
3858,4.50,4.51
3859,4.47,4.48
3860,4.44,4.46
3861,4.42,4.43
3862,4.39,4.40
3863,4.36,4.38
3864,4.34,4.35
3866,4.32,4.33
3867,4.29,4.31
3868,4.27,4.29
3869,4.25,4.26
3870,4.23,4.24
3871,4.20,4.22
3872,4.19,4.20
3873,4.17,4.18
3874,4.15,4.16
3876,4.13,4.15
3877,4.12,4.13
3878,4.10,4.12
3879,4.08,4.10
3880,4.07,4.09
3881,4.05,4.07
3883,4.04,4.06
3884,4.02,4.04
3885,4.01,4.03
3886,4.00,4.02
3888,3.99,4.01
3889,3.98,4.00
3890,3.97,3.99
3891,3.96,3.98
3892,3.95,3.97
3893,3.94,3.96
3894,3.93,3.95
3895,3.92,3.95
3896,3.92,3.94
3898,3.91,3.93
3899,3.91,3.93
3900,3.90,3.92
3901,3.90,3.92
3902,3.89,3.91
3903,3.89,3.91
3904,3.88,3.91
3905,3.88,3.91
3906,3.88,3.90
3907,3.88,3.90
3909,3.87,3.90
3910,3.87,3.90
3911,3.87,3.90
3912,3.87,3.89
3913,3.87,3.89
3914,3.86,3.89
3915,3.87,3.89
3916,3.87,3.89
3917,3.86,3.89
3919,3.86,3.89
3920,3.87,3.89
3921,3.87,3.89
3922,3.87,3.89
3923,3.87,3.90
3924,3.87,3.90
3926,3.87,3.90
3927,3.87,3.90
3928,3.87,3.90
3929,3.87,3.90
3931,3.87,3.90
3932,3.87,3.90
3933,3.88,3.91
3934,3.88,3.91
3935,3.88,3.91
3936,3.88,3.91
3937,3.88,3.91
3938,3.89,3.91
3939,3.89,3.91
3941,3.89,3.91
3942,3.89,3.91
3943,3.89,3.92
3944,3.89,3.92
3945,3.89,3.92
3946,3.89,3.92
3947,3.90,3.92
3948,3.90,3.93
3949,3.90,3.93
3951,3.90,3.93
3952,3.90,3.93
3953,3.90,3.93
3954,3.91,3.93
3955,3.91,3.93
3956,3.91,3.93
3957,3.91,3.93
3958,3.91,3.94
3959,3.91,3.94
3960,3.91,3.94
3962,3.91,3.94
3963,3.91,3.94
3964,3.91,3.94
3965,3.91,3.94
3966,3.91,3.94
3968,3.91,3.94
3969,3.91,3.94
3970,3.91,3.94
3971,3.91,3.94
3973,3.91,3.94
3974,3.91,3.94
3975,3.91,3.94
3976,3.91,3.94
3977,3.91,3.94
3978,3.91,3.94
3979,3.91,3.94
3980,3.91,3.94
3981,3.91,3.94
3983,3.91,3.94
3984,3.91,3.94
3985,3.91,3.94
3986,3.91,3.94
3987,3.91,3.94
3988,3.91,3.94
3989,3.91,3.94
3990,3.91,3.94
3991,3.91,3.94
3993,3.91,3.94
3994,3.91,3.94
3995,3.91,3.94
3996,3.91,3.94
3997,3.91,3.94
3998,3.91,3.94
3999,3.91,3.94
4000,3.91,3.94
4001,3.91,3.94
4002,3.91,3.94
4004,3.91,3.94
4005,3.91,3.94
4006,3.91,3.94
4007,3.91,3.94
4008,3.91,3.94
4009,3.91,3.94
4011,3.91,3.94
4012,3.91,3.94
4013,3.91,3.94
4015,3.91,3.94
4016,3.91,3.94
4017,3.91,3.94
4018,3.91,3.94
4019,3.91,3.94
4020,3.91,3.94
4021,3.91,3.94
4022,3.91,3.94
4023,3.91,3.94
4025,3.91,3.94
4026,3.91,3.94
4027,3.91,3.94
4028,3.91,3.94
4029,3.91,3.94
4030,3.91,3.94
4031,3.91,3.94
4032,3.91,3.94
4033,3.91,3.94
4035,3.91,3.94
4036,3.91,3.94
4037,3.91,3.94
4038,3.91,3.94
4039,3.91,3.94
4040,3.91,3.93
4041,3.91,3.94
4042,3.91,3.94
4043,3.91,3.94
4044,3.91,3.93
4046,3.91,3.93
4047,3.91,3.93
4048,3.91,3.93
4049,3.91,3.93
4050,3.91,3.93
4051,3.91,3.93
4052,3.91,3.93
4054,3.91,3.93
4055,3.91,3.93
4057,3.91,3.93
4058,3.91,3.93
4059,3.91,3.93
4060,3.91,3.93
4061,3.91,3.93
4062,3.91,3.93
4063,3.91,3.93
4064,3.91,3.93
4065,3.91,3.93
4067,3.91,3.93
4068,3.91,3.93
4069,3.91,3.93
4070,3.91,3.93
4071,3.91,3.93
4072,3.91,3.93
4073,3.91,3.93
4074,3.91,3.93
4075,3.91,3.93
4077,3.91,3.93
4078,3.91,3.93
4079,3.91,3.93
4080,3.91,3.93
4081,3.91,3.93
4082,3.91,3.93
4083,3.91,3.93
4084,3.91,3.93
4085,3.91,3.93
4087,3.91,3.93
4088,3.91,3.93
4089,3.91,3.93
4090,3.91,3.93
4091,3.91,3.93
4092,3.91,3.93
4093,3.91,3.93
4094,3.91,3.93
4096,3.91,3.93
4098,3.91,3.93
4099,3.91,3.93
4100,3.91,3.93
4101,3.91,3.93
4102,3.91,3.93
4103,3.91,3.93
4104,3.91,3.93
4105,3.91,3.93
4106,3.91,3.93
4107,3.90,3.93
4109,3.90,3.93
4110,3.91,3.93
4111,3.91,3.93
4112,3.91,3.93
4113,3.91,3.93
4114,3.91,3.93
4115,3.91,3.93
4116,3.91,3.93
4117,3.91,3.93
4119,3.91,3.93
4120,3.91,3.93
4121,3.91,3.93
4122,3.91,3.93
4123,3.91,3.93
4124,3.91,3.93
4125,3.91,3.93
4126,3.91,3.93
4127,3.91,3.93
4129,3.91,3.93
4130,3.91,3.93
4131,3.91,3.93
4132,3.91,3.93
4133,3.91,3.93
4134,3.91,3.93
4135,3.91,3.93
4136,3.91,3.93
4137,3.91,3.93
4140,3.91,3.93
4141,3.91,3.93
4142,3.91,3.93
4143,3.91,3.93
4144,3.91,3.93
4145,3.91,3.93
4146,3.91,3.93
4147,3.91,3.93
4148,3.91,3.93
4150,3.91,3.93
4151,3.91,3.93
4152,3.91,3.93
4153,3.91,3.93
4154,3.91,3.93
4155,3.91,3.93
4156,3.91,3.93
4157,3.91,3.93
4158,3.91,3.93
4160,3.91,3.93
4161,3.91,3.93
4162,3.91,3.93
4163,3.91,3.93
4164,3.91,3.93
4165,3.91,3.93
4166,3.91,3.93
4167,3.91,3.93
4168,3.91,3.93
4169,3.91,3.93
4171,3.91,3.93
4172,3.91,3.93
4173,3.91,3.93
4174,3.91,3.93
4175,3.91,3.93
4176,3.91,3.93
4177,3.91,3.93
4178,3.91,3.93
4179,3.91,3.93
4182,3.91,3.93
4183,3.91,3.93
4184,3.91,3.93
4185,3.91,3.93
4186,3.91,3.94
4187,3.91,3.94
4188,3.91,3.94
4189,3.91,3.93
4190,3.91,3.94
4192,3.91,3.94
4193,3.91,3.94
4194,3.91,3.94
4195,3.91,3.94
4196,3.91,3.94
4197,3.91,3.94
4198,3.91,3.94
4199,3.91,3.94
4200,3.91,3.94
4202,3.91,3.94
4203,3.91,3.94
4204,3.91,3.94
4205,3.91,3.94
4206,3.91,3.94
4207,3.91,3.94
4208,3.91,3.94
4209,3.91,3.94
4210,3.91,3.94
4211,3.91,3.94
4213,3.91,3.94
4214,3.91,3.94
4215,3.91,3.94
4216,3.91,3.94
4217,3.91,3.94
4218,3.91,3.94
4219,3.91,3.94
4220,3.91,3.94
4221,3.91,3.94
4224,3.91,3.94
4225,3.91,3.94
4226,3.91,3.94
4227,3.91,3.94
4228,3.92,3.94
4229,3.92,3.95
4230,3.92,3.94
4231,3.92,3.94
4232,3.92,3.95
4234,3.92,3.95
4235,3.92,3.95
4236,3.92,3.95
4237,3.92,3.95
4238,3.92,3.95
4239,3.92,3.95
4240,3.92,3.95
4241,3.92,3.95
4242,3.92,3.95
4244,3.92,3.95
4245,3.92,3.95
4246,3.92,3.95
4247,3.92,3.95
4248,3.92,3.94
4249,3.91,3.94
4250,3.91,3.94
4251,3.91,3.94
4252,3.92,3.94
4254,3.92,3.94
4255,3.92,3.94
4256,3.92,3.94
4257,3.91,3.94
4258,3.91,3.94
4259,3.91,3.94
4260,3.91,3.94
4261,3.91,3.94
4262,3.91,3.94
4263,3.91,3.94
4265,3.91,3.94
4267,3.91,3.94
4268,3.91,3.94
4269,3.91,3.94
4270,3.91,3.94
4271,3.91,3.94
4272,3.91,3.94
4273,3.91,3.94
4274,3.91,3.94
4276,3.91,3.94
4277,3.91,3.94
4278,3.91,3.94
4279,3.91,3.94
4280,3.91,3.94
4281,3.91,3.94
4282,3.91,3.94
4283,3.91,3.94
4284,3.91,3.94
4286,3.91,3.94
4287,3.91,3.94
4288,3.91,3.94
4289,3.91,3.94
4290,3.91,3.94
4291,3.91,3.94
4292,3.91,3.94
4293,3.91,3.94
4294,3.91,3.94
4296,3.91,3.94
4297,3.91,3.94
4298,3.91,3.94
4299,3.91,3.94
4300,3.91,3.94
4301,3.91,3.94
4302,3.91,3.94
4303,3.91,3.94
4304,3.91,3.94
4305,3.91,3.94
4307,3.91,3.94
4308,3.91,3.94
4310,3.91,3.94
4311,3.91,3.94
4312,3.91,3.94
4313,3.91,3.94
4314,3.91,3.94
4315,3.91,3.94
4316,3.91,3.94
4318,3.91,3.94
4319,3.91,3.94
4320,3.91,3.94
4321,3.91,3.94
4322,3.91,3.94
4323,3.91,3.94
4324,3.91,3.94
4325,3.91,3.94
4326,3.91,3.94
4328,3.91,3.94
4329,3.91,3.94
4330,3.91,3.94
4331,3.91,3.94
4332,3.91,3.94
4333,3.91,3.94
4334,3.91,3.94
4335,3.91,3.94
4336,3.91,3.94
4338,3.91,3.94
4339,3.91,3.94
4340,3.91,3.94
4341,3.91,3.94
4342,3.91,3.94
4343,3.91,3.94
4344,3.91,3.94
4345,3.91,3.94
4346,3.91,3.94
4348,3.91,3.94
4349,3.91,3.94
4350,3.91,3.94
4352,3.91,3.94
4353,3.91,3.94
4354,3.91,3.94
4355,3.91,3.94
4356,3.91,3.94
4357,3.91,3.94
4358,3.91,3.94
4360,3.91,3.94
4361,3.91,3.94
4362,3.91,3.94
4363,3.91,3.94
4364,3.91,3.94
4365,3.91,3.94
4366,3.91,3.94
4367,3.91,3.94
4368,3.91,3.94
4370,3.91,3.94
4371,3.91,3.94
4372,3.91,3.94
4373,3.91,3.94
4374,3.91,3.94
4375,3.91,3.94
4376,3.91,3.94
4377,3.91,3.94
4378,3.91,3.94
4380,3.91,3.94
4381,3.91,3.94
4382,3.91,3.94
4383,3.91,3.94
4384,3.91,3.94
4385,3.91,3.94
4386,3.91,3.94
4387,3.91,3.94
4388,3.91,3.94
4390,3.91,3.94
4391,3.91,3.94
4392,3.91,3.94
4393,3.91,3.94
4395,3.91,3.94
4396,3.91,3.94
4397,3.91,3.94
4398,3.91,3.94
4399,3.91,3.94
4400,3.91,3.94
4402,3.91,3.94
4403,3.91,3.94
4404,3.91,3.94
4405,3.91,3.94
4406,3.91,3.94
4407,3.91,3.94
4408,3.91,3.94
4409,3.91,3.94
4410,3.91,3.94
4412,3.91,3.94
4413,3.91,3.94
4414,3.91,3.94
4415,3.91,3.94
4416,3.91,3.94
4417,3.91,3.94
4418,3.91,3.94
4419,3.91,3.94
4420,3.91,3.94
4422,3.91,3.94
4423,3.91,3.94
4424,3.91,3.94
4425,3.91,3.94
4426,3.91,3.94
4427,3.91,3.94
4428,3.91,3.94
4429,3.91,3.94
4430,3.91,3.94
4432,3.91,3.93
4433,3.91,3.94
4434,3.91,3.94
4435,3.91,3.94
4436,3.91,3.94
4438,3.91,3.93
4439,3.91,3.94
4440,3.91,3.94
4441,3.91,3.94
4443,3.91,3.94
4444,3.91,3.94
4445,3.91,3.94
4446,3.91,3.94
4447,3.91,3.94
4448,3.91,3.94
4449,3.91,3.93
4450,3.91,3.94
4451,3.91,3.93
4452,3.91,3.94
4454,3.91,3.94
4455,3.91,3.94
4456,3.91,3.94
4457,3.91,3.93
4458,3.91,3.94
4459,3.91,3.94
4460,3.91,3.93
4461,3.91,3.94
4462,3.91,3.94
4464,3.91,3.94
4465,3.91,3.94
4466,3.91,3.93
4467,3.91,3.93
4468,3.91,3.94
4469,3.91,3.93
4470,3.91,3.94
4471,3.91,3.93
4472,3.91,3.94
4474,3.91,3.93
4475,3.91,3.94
4476,3.91,3.94
4477,3.91,3.93
4478,3.91,3.94
4480,3.91,3.94
4481,3.91,3.93
4482,3.91,3.93
4483,3.91,3.93
4485,3.91,3.93
4486,3.91,3.94
4487,3.91,3.94
4488,3.91,3.94
4489,3.91,3.93
4490,3.91,3.94
4491,3.91,3.94
4492,3.91,3.93
4493,3.91,3.93
4494,3.91,3.94
4496,3.91,3.93
4497,3.91,3.94
4498,3.91,3.94
4499,3.91,3.93
4500,3.91,3.93
4501,3.91,3.93
4502,3.91,3.94
4503,3.91,3.93
4504,3.91,3.94
4506,3.91,3.94
4507,3.91,3.93
4508,3.91,3.93
4509,3.91,3.93
4510,3.91,3.94
4511,3.91,3.94
4512,3.91,3.93
4513,3.91,3.94
4514,3.91,3.94
4516,3.91,3.93
4517,3.91,3.94
4518,3.91,3.93
4519,3.91,3.94
4520,3.91,3.93
4521,3.91,3.94
4523,3.91,3.93
4524,3.91,3.93
4525,3.91,3.93
4527,3.91,3.94
4528,3.91,3.93
4529,3.91,3.93
4530,3.91,3.93
4531,3.91,3.93
4532,3.91,3.93
4533,3.91,3.93
4534,3.91,3.93
4535,3.91,3.93
4537,3.91,3.94
4538,3.91,3.94
4539,3.91,3.93
4540,3.91,3.94
4541,3.91,3.93
4542,3.91,3.93
4543,3.91,3.93
4544,3.91,3.93
4545,3.91,3.94
4546,3.91,3.94
4548,3.91,3.93
4549,3.91,3.93
4550,3.91,3.94
4551,3.91,3.93
4552,3.91,3.93
4553,3.91,3.93
4554,3.91,3.93
4555,3.91,3.93
4556,3.91,3.94
4558,3.91,3.93
4559,3.91,3.94
4560,3.91,3.93
4561,3.91,3.94
4562,3.91,3.93
4563,3.91,3.93
4564,3.91,3.93
4566,3.91,3.93
4567,3.91,3.93
4569,3.91,3.93
4570,3.91,3.94
4571,3.91,3.93
4572,3.91,3.94
4573,3.91,3.94
4574,3.91,3.93
4575,3.91,3.93
4576,3.91,3.94
4577,3.91,3.94
4579,3.91,3.94
4580,3.91,3.93
4581,3.91,3.94
4582,3.91,3.94
4583,3.91,3.94
4584,3.91,3.93
4585,3.91,3.94
4586,3.91,3.94
4587,3.91,3.93
4589,3.91,3.94
4590,3.91,3.93
4591,3.91,3.94
4592,3.91,3.94
4593,3.91,3.94
4594,3.91,3.94
4595,3.91,3.93
4596,3.91,3.94
4597,3.91,3.93
4598,3.91,3.93
4600,3.91,3.94
4601,3.91,3.94
4602,3.91,3.94
4603,3.91,3.93
4604,3.91,3.94
4605,3.91,3.94
4606,3.91,3.94
4608,3.91,3.93
4609,3.91,3.94
4611,3.91,3.94
4612,3.91,3.94
4613,3.91,3.93
4614,3.91,3.94
4615,3.91,3.94
4616,3.91,3.93
4617,3.91,3.94
4618,3.91,3.94
4619,3.91,3.93
4621,3.91,3.93
4622,3.91,3.93
4623,3.91,3.93
4624,3.91,3.93
4625,3.91,3.93
4626,3.91,3.94
4627,3.91,3.93
4628,3.91,3.93
4629,3.91,3.93
4631,3.91,3.93
4632,3.91,3.93
4633,3.91,3.93
4634,3.91,3.93
4635,3.91,3.93
4636,3.91,3.93
4637,3.91,3.93
4638,3.91,3.93
4639,3.91,3.93
4640,3.91,3.93
4642,3.91,3.93
4643,3.91,3.93
4644,3.91,3.93
4645,3.91,3.93
4646,3.91,3.93
4647,3.91,3.93
4648,3.91,3.93
4649,3.91,3.93
4651,3.91,3.93
4653,3.91,3.93
4654,3.91,3.93
4655,3.91,3.93
4656,3.91,3.93
4657,3.91,3.93
4658,3.91,3.93
4659,3.91,3.93
4660,3.91,3.93
4661,3.91,3.93
4663,3.91,3.93
4664,3.91,3.93
4665,3.91,3.93
4666,3.91,3.93
4667,3.91,3.93
4668,3.91,3.93
4669,3.91,3.93
4670,3.91,3.93
4671,3.91,3.93
4673,3.91,3.93
4674,3.91,3.93
4675,3.91,3.93
4676,3.91,3.93
4677,3.91,3.93
4678,3.91,3.93
4679,3.91,3.93
4680,3.91,3.93
4681,3.91,3.93
4683,3.91,3.93
4684,3.91,3.93
4685,3.91,3.93
4686,3.91,3.93
4687,3.91,3.93
4688,3.91,3.93
4689,3.91,3.93
4690,3.91,3.93
4691,3.91,3.93
4694,3.91,3.93
4695,3.91,3.93
4696,3.91,3.93
4697,3.91,3.93
4698,3.91,3.93
4699,3.91,3.93
4700,3.91,3.93
4701,3.91,3.93
4702,3.91,3.93
4704,3.91,3.93
4705,3.91,3.93
4706,3.91,3.93
4707,3.91,3.93
4708,3.91,3.93
4709,3.91,3.93
4710,3.91,3.93
4711,3.91,3.93
4712,3.91,3.93
4713,3.91,3.94
4715,3.91,3.93
4716,3.91,3.93
4717,3.91,3.93
4718,3.91,3.93
4719,3.91,3.93
4720,3.91,3.93
4721,3.91,3.93
4722,3.91,3.93
4723,3.91,3.93
4725,3.91,3.93
4726,3.91,3.93
4727,3.91,3.93
4728,3.91,3.93
4729,3.91,3.93
4730,3.91,3.93
4731,3.91,3.93
4732,3.91,3.93
4733,3.91,3.93
4736,3.91,3.93
4737,3.91,3.93
4738,3.91,3.93
4739,3.91,3.93
4740,3.91,3.93
4741,3.91,3.93
4742,3.91,3.93
4743,3.91,3.93
4744,3.91,3.93
4746,3.91,3.93
4747,3.91,3.93
4748,3.91,3.93
4749,3.91,3.93
4750,3.91,3.93
4751,3.91,3.93
4752,3.91,3.93
4753,3.91,3.93
4754,3.91,3.93
4756,3.91,3.93
4757,3.91,3.93
4758,3.91,3.93
4759,3.91,3.93
4760,3.91,3.93
4761,3.91,3.93
4762,3.91,3.93
4763,3.91,3.93
4764,3.91,3.93
4766,3.91,3.93
4767,3.91,3.93
4768,3.91,3.93
4769,3.91,3.93
4770,3.91,3.93
4771,3.91,3.93
4772,3.91,3.93
4773,3.91,3.93
4774,3.91,3.93
4775,3.91,3.93
4777,3.91,3.93
4779,3.91,3.93
4780,3.91,3.93
4781,3.91,3.93
4782,3.91,3.93
4783,3.91,3.93
4784,3.91,3.93
4785,3.91,3.93
4786,3.91,3.93
4788,3.91,3.93
4789,3.91,3.93
4790,3.91,3.93
4791,3.91,3.93
4792,3.91,3.93
4793,3.91,3.93
4794,3.91,3.93
4795,3.91,3.93
4796,3.91,3.93
4798,3.91,3.93
4799,3.91,3.93
4800,3.91,3.93
4801,3.91,3.93
4802,3.91,3.93
4803,3.91,3.93
4804,3.91,3.93
4805,3.91,3.93
4806,3.91,3.93
4808,3.91,3.93
4809,3.91,3.93
4810,3.91,3.93
4811,3.91,3.93
4812,3.91,3.93
4813,3.91,3.93
4814,3.91,3.93
4815,3.91,3.93
4816,3.91,3.93
4818,3.91,3.93
4819,3.91,3.93
4820,3.91,3.93
4822,3.91,3.93
4823,3.91,3.93
4824,3.91,3.93
4825,3.91,3.93
4826,3.91,3.93
4827,3.91,3.93
4829,3.91,3.93
4830,3.91,3.93
4831,3.91,3.93
4832,3.91,3.93
4833,3.91,3.93
4834,3.91,3.93
4835,3.91,3.93
4836,3.91,3.93
4837,3.91,3.93
4839,3.91,3.93
4840,3.91,3.93
4841,3.91,3.93
4842,3.90,3.93
4843,3.90,3.93
4844,3.90,3.93
4845,3.91,3.93
4846,3.91,3.93
4847,3.91,3.93
4848,3.91,3.93
4850,3.90,3.93
4851,3.90,3.93
4852,3.91,3.93
4853,3.91,3.93
4854,3.90,3.93
4855,3.90,3.93
4856,3.90,3.93
4857,3.90,3.93
4858,3.90,3.93
4859,3.90,3.93
4861,3.90,3.93
4862,3.90,3.93
4864,3.90,3.93
4865,3.90,3.93
4866,3.90,3.93
4867,3.90,3.93
4868,3.90,3.93
4869,3.90,3.93
4870,3.90,3.93
4871,3.90,3.93
4873,3.90,3.93
4874,3.90,3.93
4875,3.90,3.93
4876,3.90,3.93
4877,3.90,3.93
4878,3.90,3.93
4879,3.90,3.93
4880,3.90,3.93
4881,3.90,3.93
4882,3.90,3.93
4884,3.90,3.93
4885,3.90,3.93
4886,3.90,3.93
4887,3.90,3.93
4888,3.90,3.93
4889,3.90,3.93
4890,3.90,3.93
4891,3.90,3.93
4892,3.90,3.93
4893,3.90,3.93
4895,3.90,3.93
4896,3.90,3.93
4897,3.90,3.93
4898,3.90,3.93
4899,3.90,3.93
4900,3.90,3.93
4901,3.90,3.93
4902,3.90,3.93
4903,3.90,3.93
4904,3.90,3.93
4907,3.90,3.92
4908,3.90,3.92
4909,3.90,3.92
4910,3.90,3.92
4911,3.90,3.92
4912,3.90,3.92
4913,3.90,3.92
4914,3.90,3.92
4915,3.90,3.92
4917,3.90,3.92
4918,3.90,3.92
4919,3.90,3.92
4920,3.90,3.92
4921,3.90,3.92
4922,3.90,3.92
4923,3.90,3.92
4924,3.90,3.92
4925,3.90,3.92
4926,3.89,3.92
4928,3.89,3.92
4929,3.89,3.92
4930,3.89,3.91
4931,3.89,3.92
4932,3.89,3.91
4933,3.89,3.91
4934,3.89,3.91
4935,3.89,3.91
4936,3.89,3.91
4938,3.89,3.91
4939,3.89,3.91
4940,3.89,3.91
4941,3.89,3.91
4942,3.89,3.91
4943,3.89,3.91
4944,3.89,3.91
4945,3.89,3.91
4946,3.89,3.91
4948,3.89,3.91
4950,3.89,3.91
4951,3.89,3.91
4952,3.89,3.91
4953,3.89,3.91
4954,3.89,3.91
4955,3.89,3.91
4956,3.88,3.91
4957,3.88,3.91
4958,3.88,3.91
4960,3.88,3.91
4961,3.88,3.91
4962,3.88,3.91
4963,3.88,3.91
4964,3.88,3.91
4965,3.88,3.91
4966,3.88,3.91
4967,3.88,3.91
4968,3.88,3.91
4970,3.88,3.91
4971,3.88,3.91
4972,3.88,3.91
4973,3.88,3.91
4974,3.88,3.91
4975,3.88,3.91
4976,3.88,3.91
4977,3.88,3.91
4978,3.88,3.91
4980,3.88,3.91
4981,3.88,3.91
4982,3.88,3.91
4983,3.88,3.91
4984,3.88,3.91
4985,3.88,3.91
4986,3.88,3.91
4987,3.88,3.91
4988,3.88,3.91
4990,3.88,3.91
4992,3.88,3.91
4993,3.88,3.91
4994,3.88,3.91
4995,3.88,3.91
4996,3.88,3.91
4997,3.88,3.91
4998,3.88,3.91
4999,3.88,3.91
5001,3.88,3.91
5002,3.88,3.91
5003,3.88,3.91
5004,3.88,3.91
5005,3.88,3.91
5006,3.88,3.91
5007,3.88,3.91
5008,3.88,3.91
5009,3.88,3.91
5010,3.88,3.91
5012,3.88,3.91
5013,3.88,3.91
5014,3.88,3.91
5015,3.88,3.91
5016,3.88,3.91
5017,3.88,3.91
5018,3.88,3.91
5019,3.88,3.91
5020,3.88,3.91
5022,3.88,3.91
5023,3.88,3.91
5024,3.88,3.91
5025,3.88,3.91
5026,3.88,3.91
5027,3.88,3.91
5028,3.88,3.91
5029,3.88,3.91
5030,3.88,3.91
5032,3.88,3.91
5033,3.88,3.91
5035,3.88,3.91
5036,3.88,3.91
5037,3.88,3.91
5038,3.88,3.91
5039,3.88,3.91
5040,3.88,3.91
5041,3.88,3.91
5043,3.88,3.91
5044,3.88,3.91
5045,3.88,3.91
5046,3.88,3.91
5047,3.88,3.91
5048,3.88,3.91
5049,3.88,3.91
5050,3.88,3.91
5051,3.88,3.91
5053,3.88,3.91
5054,3.88,3.91
5055,3.88,3.91
5056,3.88,3.91
5057,3.88,3.91
5058,3.88,3.91
5059,3.88,3.91
5060,3.88,3.91
5061,3.88,3.91
5062,3.88,3.91
5064,3.88,3.91
5065,3.88,3.91
5066,3.88,3.91
5067,3.88,3.91
5068,3.88,3.91
5069,3.88,3.91
5070,3.88,3.91
5071,3.88,3.91
5072,3.88,3.91
5074,3.88,3.91
5075,3.88,3.91
5076,3.88,3.91
5078,3.88,3.91
5079,3.88,3.91
5080,3.88,3.91
5081,3.88,3.91
5082,3.88,3.91
5083,3.89,3.91
5085,3.89,3.91
5086,3.89,3.91
5087,3.89,3.91
5088,3.89,3.91
5089,3.89,3.91
5090,3.89,3.91
5091,3.89,3.91
5092,3.89,3.91
5093,3.89,3.92
5095,3.89,3.91
5096,3.89,3.91
5097,3.89,3.92
5098,3.89,3.92
5099,3.89,3.92
5100,3.90,3.92
5101,3.90,3.92
5102,3.90,3.92
5103,3.90,3.92
5104,3.90,3.92
5106,3.90,3.92
5107,3.90,3.92
5108,3.90,3.92
5109,3.90,3.92
5110,3.90,3.93
5111,3.90,3.93
5112,3.90,3.93
5113,3.90,3.93
5114,3.90,3.93
5116,3.91,3.93
5117,3.91,3.93
5118,3.91,3.93
5120,3.91,3.93
5121,3.91,3.93
5122,3.91,3.93
5123,3.91,3.93
5124,3.91,3.94
5125,3.91,3.94
5127,3.91,3.94
5128,3.91,3.94
5129,3.91,3.94
5130,3.91,3.94
5131,3.91,3.94
5132,3.91,3.94
5133,3.91,3.94
5134,3.91,3.94
5135,3.91,3.94
5136,3.91,3.94
5138,3.91,3.94
5139,3.91,3.95
5140,3.92,3.95
5141,3.92,3.95
5142,3.92,3.95
5143,3.92,3.95
5144,3.92,3.95
5145,3.92,3.95
5146,3.92,3.95
5148,3.92,3.95
5149,3.92,3.95
5150,3.92,3.95
5151,3.93,3.95
5152,3.93,3.96
5153,3.93,3.96
5154,3.93,3.96
5155,3.93,3.96
5156,3.93,3.96
5158,3.93,3.96
5159,3.93,3.96
5160,3.93,3.96
5161,3.93,3.96
5163,3.93,3.96
5164,3.93,3.96
5165,3.93,3.97
5166,3.94,3.97
5167,3.94,3.97
5169,3.94,3.97
5170,3.94,3.97
5171,3.94,3.97
5172,3.94,3.97
5173,3.94,3.97
5174,3.94,3.97
5175,3.94,3.98
5176,3.95,3.98
5177,3.95,3.98
5179,3.95,3.98
5180,3.95,3.98
5181,3.95,3.98
5182,3.95,3.98
5183,3.95,3.98
5184,3.95,3.98
5185,3.96,3.99
5186,3.96,3.99
5187,3.96,3.99
5188,3.96,3.99
5190,3.96,3.99
5191,3.96,3.99
5192,3.96,3.99
5193,3.97,4.00
5194,3.97,4.00
5195,3.97,4.00
5196,3.97,4.00
5197,3.97,4.01
5198,3.98,4.01
5200,3.98,4.01
5201,3.98,4.01
5202,3.98,4.02
5203,3.99,4.02
5204,3.99,4.02
5206,3.99,4.02
5207,3.99,4.03
5208,4.00,4.03
5209,4.00,4.03
5210,4.00,4.03
5212,4.01,4.04
5213,4.01,4.04
5214,4.01,4.04
5215,4.02,4.05
5216,4.02,4.05
5217,4.02,4.05
5218,4.03,4.06
5219,4.03,4.06
5220,4.03,4.07
5221,4.04,4.07
5223,4.04,4.07
5224,4.04,4.07
5225,4.05,4.08
5226,4.05,4.08
5227,4.05,4.09
5228,4.06,4.09
5229,4.06,4.10
5230,4.07,4.10
5231,4.07,4.10
5232,4.07,4.11
5233,4.08,4.11
5235,4.08,4.12
5236,4.09,4.12
5237,4.09,4.13
5238,4.10,4.13
5239,4.10,4.13
5240,4.11,4.14
5241,4.11,4.15
5242,4.12,4.15
5243,4.13,4.16
5245,4.13,4.16
5246,4.14,4.17
5248,4.14,4.18
5249,4.15,4.19
5250,4.16,4.20
5251,4.17,4.21
5252,4.19,4.22
5253,4.20,4.24
5254,4.21,4.25
5256,4.22,4.27
5257,4.24,4.28
5258,4.25,4.30
5259,4.27,4.31
5260,4.28,4.33
5261,4.30,4.35
5262,4.32,4.36
5263,4.34,4.38
5264,4.35,4.39
5266,4.36,4.41
5267,4.38,4.43
5268,4.40,4.44
5269,4.41,4.46
5270,4.43,4.48
5271,4.45,4.50
5272,4.47,4.51
5273,4.48,4.53
5274,4.50,4.55
5275,4.51,4.56
5277,4.53,4.57
5278,4.54,4.59
5279,4.56,4.60
5280,4.57,4.62
5281,4.58,4.63
5282,4.59,4.64
5283,4.61,4.65
5284,4.62,4.67
5285,4.63,4.68
5287,4.64,4.69
5288,4.65,4.70
5289,4.66,4.71
5291,4.67,4.71
5292,4.68,4.72
5293,4.69,4.73
5294,4.69,4.74
5295,4.70,4.75
5296,4.71,4.75
5298,4.72,4.76
5299,4.72,4.77
5300,4.73,4.77
5301,4.74,4.78
5302,4.74,4.78
5303,4.75,4.79
5304,4.75,4.79
5305,4.76,4.80
5306,4.76,4.80
5307,4.77,4.81
5309,4.77,4.81
5310,4.78,4.82
5311,4.78,4.82
5312,4.78,4.82
5313,4.78,4.83
5314,4.79,4.83
5315,4.79,4.84
5316,4.79,4.84
5317,4.80,4.84
5319,4.80,4.84
5320,4.81,4.85
5321,4.81,4.85
5322,4.81,4.85
5323,4.81,4.86
5324,4.81,4.86
5325,4.82,4.86
5326,4.82,4.86
5327,4.82,4.87
5329,4.82,4.87
5330,4.83,4.87
5331,4.83,4.87
5332,4.83,4.88
5334,4.83,4.88
5335,4.83,4.88
5336,4.84,4.88
5337,4.84,4.88
5338,4.84,4.88
5340,4.84,4.88
5341,4.84,4.89
5342,4.84,4.89
5343,4.84,4.89
5344,4.84,4.89
5345,4.85,4.89
5346,4.85,4.89
5347,4.85,4.89
5348,4.85,4.89
5349,4.85,4.89
5351,4.85,4.90
5352,4.85,4.90
5353,4.85,4.90
5354,4.85,4.90
5355,4.86,4.90
5356,4.86,4.90
5357,4.86,4.90
5358,4.86,4.90
5359,4.86,4.90
5360,4.86,4.90
5362,4.86,4.90
5363,4.86,4.90
5364,4.86,4.90
5365,4.86,4.90
5366,4.86,4.91
5367,4.86,4.90
5368,4.86,4.91
5369,4.86,4.91
5370,4.86,4.91
5372,4.86,4.91
5373,4.86,4.91
5374,4.86,4.91
5376,4.87,4.91
5377,4.87,4.91
5378,4.87,4.91
5379,4.87,4.91
5380,4.87,4.91
5381,4.87,4.91
5382,4.87,4.91
5384,4.87,4.91
5385,4.87,4.91
5386,4.87,4.91
5387,4.87,4.91
5388,4.87,4.91
5389,4.87,4.91
5390,4.87,4.91
5391,4.87,4.91
5392,4.87,4.91
5394,4.87,4.91
5395,4.87,4.91
5396,4.87,4.91
5397,4.87,4.92
5398,4.87,4.91
5399,4.87,4.91
5400,4.87,4.91
5401,4.87,4.92
5402,4.87,4.91
5404,4.87,4.92
5405,4.87,4.92
5406,4.87,4.92
5407,4.87,4.92
5408,4.87,4.92
5409,4.87,4.92
5410,4.87,4.92
5411,4.87,4.92
5412,4.87,4.92
5414,4.87,4.92
5415,4.87,4.92
5416,4.87,4.92
5417,4.87,4.92
5419,4.87,4.92
5420,4.87,4.92
5421,4.87,4.92
5422,4.87,4.92
5423,4.87,4.92
5425,4.87,4.91
5426,4.87,4.91
5427,4.87,4.91
5428,4.87,4.91
5429,4.87,4.91
5430,4.87,4.91
5431,4.87,4.91
5432,4.86,4.91
5433,4.86,4.91
5434,4.86,4.90
5436,4.86,4.90
5437,4.86,4.90
5438,4.86,4.90
5439,4.85,4.89
5440,4.85,4.89
5441,4.85,4.89
5442,4.85,4.89
5443,4.84,4.88
5444,4.84,4.88
5446,4.84,4.88
5447,4.83,4.87
5448,4.83,4.87
5449,4.83,4.87
5450,4.82,4.86
5451,4.82,4.86
5452,4.81,4.85
5453,4.81,4.85
5454,4.81,4.84
5455,4.80,4.84
5457,4.80,4.83
5458,4.79,4.83
5459,4.79,4.82
5460,4.78,4.81
5462,4.78,4.81
5463,4.77,4.80
5464,4.76,4.79
5465,4.75,4.78
5466,4.75,4.78
5468,4.74,4.77
5469,4.73,4.76
5470,4.72,4.75
5471,4.71,4.74
5472,4.70,4.73
5473,4.69,4.72
5474,4.68,4.71
5475,4.67,4.69
5476,4.65,4.68
5478,4.63,4.66
5479,4.61,4.64
5480,4.59,4.61
5481,4.57,4.59
5482,4.55,4.56
5483,4.51,4.53
5484,4.48,4.49
5485,4.44,4.44
5486,4.39,4.39
5487,4.34,4.33
5489,4.27,4.25
5490,4.21,4.20
5491,4.17,4.17
5492,4.14,4.15
5493,4.13,4.15
5494,4.13,4.15
5495,4.13,4.15
5496,4.13,4.16
5498,4.13,4.17
5499,4.14,4.17
5500,4.15,4.19
5501,4.16,4.20
5502,4.17,4.22
5504,4.19,4.23
5505,4.21,4.25
5506,4.23,4.27
5507,4.25,4.29
5508,4.27,4.31
5510,4.29,4.34
5511,4.31,4.36
5512,4.33,4.38
5513,4.35,4.40
5514,4.37,4.42
5515,4.40,4.44
5516,4.42,4.47
5517,4.44,4.49
5518,4.46,4.51
5520,4.47,4.53
5521,4.49,4.54
5522,4.51,4.56
5523,4.53,4.57
5524,4.54,4.59
5525,4.56,4.60
5526,4.57,4.62
5527,4.58,4.63
5528,4.60,4.64
5530,4.61,4.66
5531,4.62,4.67
5532,4.63,4.68
5533,4.64,4.69
5534,4.65,4.70
5535,4.66,4.71
5536,4.67,4.72
5537,4.68,4.73
5538,4.69,4.74
5539,4.70,4.74
5541,4.71,4.75
5542,4.71,4.76
5543,4.72,4.77
5544,4.73,4.77
5545,4.73,4.78
5547,4.74,4.78
5548,4.75,4.79
5549,4.75,4.79
5550,4.76,4.80
5552,4.76,4.80
5553,4.77,4.81
5554,4.77,4.81
5555,4.78,4.82
5556,4.78,4.82
5557,4.78,4.83
5558,4.78,4.83
5559,4.79,4.83
5560,4.79,4.84
5562,4.79,4.84
5563,4.80,4.84
5564,4.80,4.85
5565,4.81,4.85
5566,4.81,4.85
5567,4.81,4.85
5568,4.81,4.86
5569,4.82,4.86
5570,4.82,4.86
5571,4.82,4.87
5573,4.82,4.87
5574,4.82,4.87
5575,4.83,4.87
5576,4.83,4.87
5577,4.83,4.88
5578,4.83,4.88
5579,4.84,4.88
5580,4.84,4.88
5581,4.84,4.88
5583,4.84,4.88
5584,4.84,4.89
5585,4.84,4.89
5586,4.84,4.89
5587,4.85,4.89
5588,4.85,4.89
5590,4.85,4.89
5591,4.85,4.89
5592,4.85,4.90
5594,4.85,4.90
5595,4.85,4.90
5596,4.85,4.90
5597,4.86,4.90
5598,4.86,4.90
5599,4.86,4.90
5600,4.86,4.90
5601,4.86,4.90
5602,4.86,4.90
5603,4.86,4.90
5605,4.86,4.90
5606,4.86,4.90
5607,4.86,4.90
5608,4.86,4.91
5609,4.86,4.91
5610,4.86,4.91
5611,4.86,4.91
5612,4.86,4.91
5613,4.86,4.91
5614,4.86,4.91
5616,4.86,4.91
5617,4.87,4.91
5618,4.87,4.91
5619,4.87,4.91
5620,4.87,4.91
5621,4.87,4.91
5622,4.87,4.91
5623,4.87,4.91
5624,4.87,4.91
5626,4.87,4.91
5627,4.87,4.91
5628,4.87,4.91
5629,4.87,4.91
5630,4.87,4.91
5632,4.87,4.91
5633,4.87,4.91
5634,4.87,4.91
5635,4.87,4.91
5637,4.87,4.91
5638,4.87,4.91
5639,4.87,4.91
5640,4.87,4.91
5641,4.87,4.91
5642,4.87,4.91
5643,4.87,4.91
5644,4.87,4.91
5645,4.87,4.91
5647,4.87,4.91
5648,4.87,4.92
5649,4.87,4.92
5650,4.87,4.92
5651,4.87,4.92
5652,4.87,4.92
5653,4.87,4.92
5654,4.87,4.92
5655,4.87,4.92
5656,4.87,4.92
5658,4.87,4.92
5659,4.88,4.92
5660,4.88,4.92
5661,4.88,4.92
5662,4.87,4.92
5663,4.88,4.92
5664,4.88,4.92
5665,4.88,4.92
5666,4.88,4.92
5668,4.88,4.92
5669,4.88,4.92
5670,4.88,4.92
5671,4.88,4.92
5672,4.88,4.92
5673,4.88,4.92
5675,4.88,4.92
5676,4.88,4.92
5677,4.88,4.92
5679,4.88,4.92
5680,4.88,4.92
5681,4.88,4.92
5682,4.88,4.92
5683,4.88,4.92
5684,4.88,4.93
5685,4.88,4.92
5686,4.88,4.92
5687,4.88,4.92
5689,4.88,4.92
5690,4.88,4.92
5691,4.88,4.92
5692,4.88,4.92
5693,4.88,4.92
5694,4.88,4.92
5695,4.88,4.92
5696,4.88,4.92
5697,4.88,4.92
5698,4.88,4.92
5700,4.88,4.92
5701,4.88,4.92
5702,4.88,4.92
5703,4.88,4.92
5704,4.88,4.92
5705,4.88,4.92
5706,4.88,4.92
5707,4.88,4.92
5708,4.88,4.92
5710,4.88,4.92
5711,4.88,4.92
5712,4.88,4.92
5713,4.88,4.92
5714,4.88,4.92
5715,4.88,4.92
5716,4.88,4.92
5718,4.88,4.92
5719,4.88,4.92
5721,4.88,4.92
5722,4.88,4.92
5723,4.88,4.92
5724,4.88,4.92
5725,4.88,4.93
5726,4.88,4.92
5727,4.88,4.92
5728,4.88,4.92
5729,4.88,4.92
5731,4.88,4.92
5732,4.88,4.92
5733,4.88,4.92
5734,4.88,4.92
5735,4.88,4.92
5736,4.88,4.92
5737,4.88,4.92
5738,4.88,4.92
5739,4.88,4.92
5741,4.88,4.92
5742,4.88,4.92
5743,4.88,4.92
5744,4.88,4.92
5745,4.88,4.92
5746,4.88,4.92
5747,4.88,4.92
5748,4.88,4.92
5749,4.88,4.92
5750,4.88,4.92
5752,4.88,4.92
5753,4.88,4.92
5754,4.88,4.92
5755,4.88,4.92
5756,4.88,4.92
5757,4.88,4.92
5758,4.88,4.92
5760,4.88,4.92
5761,4.88,4.92
5763,4.88,4.92
5764,4.88,4.92
5765,4.88,4.92
5766,4.88,4.92
5767,4.88,4.92
5768,4.88,4.92
5769,4.88,4.92
5770,4.87,4.91
5771,4.87,4.91
5773,4.87,4.91
5774,4.87,4.91
5775,4.87,4.91
5776,4.86,4.91
5777,4.86,4.91
5778,4.86,4.91
5779,4.86,4.91
5780,4.87,4.91
5781,4.87,4.91
5783,4.87,4.91
5784,4.87,4.91
5785,4.87,4.91
5786,4.87,4.91
5787,4.87,4.91
5788,4.87,4.91
5789,4.87,4.91
5790,4.87,4.91
5791,4.87,4.91
5792,4.87,4.92
5794,4.87,4.91
5795,4.87,4.91
5796,4.87,4.92
5797,4.87,4.91
5798,4.87,4.92
5799,4.87,4.92
5800,4.87,4.92
5801,4.87,4.92
5803,4.87,4.92
5805,4.88,4.92
5806,4.87,4.92
5807,4.87,4.92
5808,4.87,4.92
5809,4.87,4.92
5810,4.88,4.92
5811,4.88,4.92
5812,4.88,4.92
5813,4.88,4.92
5815,4.88,4.92
5816,4.88,4.92
5817,4.88,4.92
5818,4.88,4.92
5819,4.88,4.92
5820,4.88,4.92
5821,4.88,4.92
5822,4.88,4.92
5823,4.88,4.92
5825,4.88,4.92
5826,4.88,4.92
5827,4.88,4.92
5828,4.88,4.92
5829,4.88,4.92
5830,4.88,4.92
5831,4.88,4.92
5832,4.88,4.92
5833,4.88,4.92
5834,4.88,4.92
5836,4.88,4.92
5837,4.88,4.92
5838,4.88,4.92
5839,4.88,4.92
5840,4.88,4.92
5841,4.88,4.92
5842,4.88,4.92
5843,4.88,4.92
5844,4.88,4.92
5847,4.88,4.92
5848,4.88,4.92
5849,4.88,4.92
5850,4.88,4.92
5851,4.88,4.92
5852,4.88,4.92
5853,4.88,4.92
5854,4.88,4.92
5855,4.88,4.92
5857,4.88,4.92
5858,4.88,4.92
5859,4.88,4.92
5860,4.88,4.92
5861,4.88,4.92
5862,4.88,4.92
5863,4.88,4.92
5864,4.88,4.92
5865,4.88,4.92
5867,4.88,4.92
5868,4.88,4.92
5869,4.88,4.92
5870,4.88,4.92
5871,4.88,4.92
5872,4.88,4.92
5873,4.88,4.92
5874,4.88,4.92
5875,4.88,4.92
5877,4.88,4.92
5878,4.88,4.92
5879,4.88,4.92
5880,4.88,4.92
5881,4.88,4.92
5882,4.88,4.92
5883,4.88,4.92
5884,4.88,4.93
5885,4.88,4.92
5886,4.88,4.92
5889,4.88,4.92
5890,4.88,4.92
5891,4.88,4.92
5892,4.88,4.92
5893,4.88,4.92
5894,4.88,4.92
5895,4.88,4.92
5896,4.88,4.92
5897,4.88,4.92
5899,4.88,4.92
5900,4.88,4.92
5901,4.88,4.92
5902,4.88,4.92
5903,4.88,4.92
5904,4.88,4.92
5905,4.88,4.92
5906,4.88,4.92
5907,4.88,4.92
5909,4.88,4.92
5910,4.88,4.92
5911,4.88,4.92
5912,4.88,4.92
5913,4.88,4.92
5914,4.88,4.92
5915,4.88,4.92
5916,4.88,4.92
5917,4.88,4.92
5919,4.88,4.93
5920,4.88,4.92
5921,4.88,4.92
5922,4.88,4.92
5923,4.88,4.92
5924,4.88,4.92
5925,4.88,4.93
5926,4.88,4.92
5927,4.88,4.92
5928,4.88,4.92
5931,4.88,4.92
5932,4.88,4.92
5933,4.88,4.92
5934,4.88,4.93
5935,4.88,4.92
5936,4.88,4.92
5937,4.88,4.92
5938,4.88,4.92
5939,4.88,4.92
5941,4.88,4.92
5942,4.88,4.93
5943,4.88,4.92
5944,4.88,4.92
5945,4.88,4.92
5946,4.88,4.92
5947,4.88,4.92
5948,4.88,4.92
5949,4.88,4.92
5951,4.88,4.92
5952,4.88,4.92
5953,4.88,4.93
5954,4.88,4.92
5955,4.88,4.92
5956,4.88,4.92
5957,4.88,4.93
5958,4.88,4.92
5959,4.88,4.92
5961,4.88,4.92
5962,4.88,4.92
5963,4.88,4.92
5964,4.88,4.92
5965,4.88,4.92
5966,4.88,4.92
5967,4.88,4.92
5968,4.88,4.92
5969,4.88,4.92
5970,4.88,4.92
5972,4.88,4.92
5974,4.88,4.92
5975,4.88,4.92
5976,4.88,4.92
5977,4.88,4.92
5978,4.88,4.92
5979,4.88,4.93
5980,4.88,4.92
5981,4.88,4.92
5983,4.88,4.92
5984,4.88,4.92
5985,4.88,4.92
5986,4.88,4.93
5987,4.88,4.92
5988,4.88,4.92
5989,4.88,4.93
5990,4.88,4.92
5991,4.88,4.92
5993,4.88,4.92
5994,4.88,4.93
5995,4.88,4.92
5996,4.88,4.92
5997,4.88,4.92
5998,4.88,4.92
5999,4.88,4.92
6000,4.88,4.92
6001,4.88,4.92
6003,4.88,4.92
6004,4.88,4.92
6005,4.88,4.92
6006,4.88,4.92
6007,4.88,4.92
6008,4.88,4.92
6009,4.88,4.93
6010,4.88,4.93
6011,4.88,4.92
6012,4.88,4.92
6014,4.88,4.93
6016,4.88,4.92
6017,4.88,4.92
6018,4.88,4.92
6019,4.88,4.92
6020,4.88,4.92
6021,4.88,4.92
6022,4.88,4.92
6023,4.88,4.92
6025,4.88,4.92
6026,4.88,4.92
6027,4.88,4.92
6028,4.88,4.93
6029,4.88,4.92
6030,4.88,4.92
6031,4.88,4.92
6032,4.88,4.93
6033,4.88,4.92
6035,4.88,4.92
6036,4.88,4.92
6037,4.88,4.92
6038,4.88,4.92
6039,4.88,4.92
6040,4.88,4.92
6041,4.88,4.92
6042,4.88,4.92
6043,4.88,4.92
6045,4.88,4.92
6046,4.88,4.92
6047,4.88,4.92
6048,4.88,4.93
6049,4.88,4.92
6050,4.88,4.92
6051,4.88,4.92
6052,4.88,4.92
6053,4.88,4.92
6054,4.88,4.92
6056,4.88,4.92
6057,4.88,4.92
6059,4.88,4.92
6060,4.88,4.92
6061,4.88,4.92
6062,4.88,4.92
6063,4.88,4.92
6064,4.88,4.92
6065,4.88,4.92
6067,4.88,4.93
6068,4.88,4.93
6069,4.88,4.92
6070,4.88,4.92
6071,4.88,4.92
6072,4.88,4.92
6073,4.88,4.92
6074,4.88,4.92
6075,4.88,4.92
6077,4.88,4.92
6078,4.88,4.92
6079,4.88,4.92
6080,4.88,4.92
6081,4.88,4.92
6082,4.88,4.93
6083,4.88,4.92
6084,4.88,4.92
6085,4.88,4.92
6087,4.88,4.92
6088,4.88,4.92
6089,4.88,4.92
6090,4.88,4.92
6091,4.88,4.92
6092,4.88,4.92
6093,4.88,4.92
6094,4.88,4.92
6095,4.88,4.92
6096,4.88,4.92
6098,4.88,4.92
6099,4.88,4.92
6100,4.88,4.92
6102,4.88,4.92
6103,4.88,4.92
6104,4.88,4.92
6105,4.88,4.92
6106,4.88,4.92
6107,4.88,4.92
6109,4.88,4.92
6110,4.88,4.93
6111,4.88,4.92
6112,4.88,4.93
6113,4.88,4.92
6114,4.88,4.92
6115,4.88,4.92
6116,4.88,4.92
6117,4.88,4.92
6119,4.88,4.93
6120,4.88,4.93
6121,4.88,4.92
6122,4.88,4.92
6123,4.88,4.92
6124,4.88,4.92
6125,4.88,4.92
6126,4.88,4.92
6127,4.88,4.92
6129,4.88,4.92
6130,4.88,4.92
6131,4.88,4.92
6132,4.88,4.92
6133,4.88,4.92
6134,4.88,4.92
6135,4.88,4.92
6136,4.87,4.91
6137,4.87,4.91
6138,4.86,4.89
6140,4.85,4.88
6141,4.84,4.87
6142,4.82,4.85
6144,4.80,4.83
6145,4.78,4.81
6146,4.77,4.79
6147,4.75,4.77
6148,4.72,4.74
6149,4.69,4.71
6151,4.67,4.69
6152,4.64,4.66
6153,4.61,4.63
6154,4.59,4.61
6155,4.57,4.58
6156,4.54,4.56
6157,4.51,4.53
6158,4.49,4.51
6159,4.46,4.48
6161,4.44,4.45
6162,4.41,4.43
6163,4.39,4.41
6164,4.37,4.38
6165,4.35,4.36
6166,4.32,4.34
6167,4.30,4.32
6168,4.28,4.30
6169,4.26,4.28
6171,4.24,4.26
6172,4.22,4.24
6173,4.20,4.22
6174,4.18,4.20
6175,4.16,4.18
6176,4.15,4.16
6177,4.13,4.15
6178,4.12,4.13
6179,4.10,4.12
6181,4.09,4.10
6182,4.07,4.09
6183,4.06,4.08
6184,4.04,4.07
6185,4.03,4.05
6187,4.02,4.04
6188,4.01,4.03
6189,4.00,4.02
6190,3.99,4.01
6191,3.98,4.00
6192,3.97,3.99
6194,3.96,3.98
6195,3.95,3.97
6196,3.94,3.97
6197,3.94,3.96
6198,3.93,3.95
6199,3.92,3.95
6200,3.91,3.94
6201,3.91,3.93
6202,3.91,3.93
6204,3.91,3.93
6205,3.90,3.92
6206,3.90,3.92
6207,3.89,3.91
6208,3.89,3.91
6209,3.89,3.91
6210,3.88,3.91
6211,3.88,3.91
6212,3.88,3.91
6214,3.88,3.90
6215,3.88,3.90
6216,3.88,3.90
6217,3.87,3.90
6218,3.87,3.90
6219,3.87,3.90
6220,3.87,3.90
6221,3.87,3.90
6222,3.87,3.90
6223,3.87,3.90
6225,3.87,3.90
6226,3.87,3.90
6227,3.87,3.90
6228,3.87,3.90
6230,3.87,3.90
6231,3.87,3.90
6232,3.87,3.90
6233,3.87,3.90
6234,3.87,3.90
6235,3.88,3.90
6237,3.88,3.91
6238,3.88,3.91
6239,3.88,3.91
6240,3.88,3.91
6241,3.88,3.91
6242,3.88,3.91
6243,3.88,3.91
6244,3.88,3.91
6245,3.88,3.91
6247,3.88,3.91
6248,3.88,3.91
6249,3.89,3.91
6250,3.89,3.91
6251,3.89,3.91
6252,3.89,3.91
6253,3.89,3.91
6254,3.89,3.91
6255,3.89,3.92
6257,3.89,3.91
6258,3.89,3.91
6259,3.89,3.92
6260,3.89,3.92
6261,3.89,3.92
6262,3.89,3.92
6263,3.89,3.92
6264,3.90,3.92
6265,3.90,3.92
6266,3.90,3.92
6268,3.90,3.92
6269,3.90,3.92
6270,3.90,3.92
6272,3.90,3.92
6273,3.90,3.92
6274,3.90,3.92
6275,3.90,3.92
6276,3.90,3.92
6277,3.90,3.92
6279,3.90,3.92
6280,3.90,3.92
6281,3.90,3.92
6282,3.90,3.92
6283,3.90,3.92
6284,3.90,3.92
6285,3.90,3.92
6286,3.90,3.92
6287,3.90,3.92
6289,3.90,3.92
6290,3.90,3.92
6291,3.90,3.92
6292,3.90,3.92
6293,3.90,3.92
6294,3.90,3.92
6295,3.90,3.92
6296,3.90,3.92
6297,3.90,3.92
6298,3.90,3.92
6300,3.90,3.92
6301,3.90,3.92
6302,3.90,3.92
6303,3.90,3.92
6304,3.90,3.92
6305,3.90,3.92
6306,3.90,3.92
6307,3.90,3.92
6308,3.89,3.92
6310,3.89,3.92
6311,3.89,3.92
6312,3.89,3.92
6313,3.89,3.92
6315,3.89,3.92
6316,3.89,3.92
6317,3.89,3.91
6318,3.89,3.92
6319,3.89,3.92
6321,3.89,3.91
6322,3.89,3.92
6323,3.89,3.92
6324,3.89,3.92
6325,3.89,3.91
6326,3.89,3.91
6327,3.89,3.91
6328,3.89,3.91
6329,3.89,3.91
6331,3.89,3.91
6332,3.89,3.91
6333,3.89,3.91
6334,3.89,3.91
6335,3.89,3.91
6336,3.89,3.91
6337,3.89,3.91
6338,3.89,3.91
6339,3.89,3.91
6341,3.89,3.91
6342,3.89,3.91
6343,3.89,3.91
6344,3.89,3.91
6345,3.89,3.91
6346,3.89,3.91
6347,3.89,3.91
6348,3.89,3.91
6349,3.88,3.91
6350,3.88,3.91
6352,3.88,3.91
6353,3.88,3.91
6354,3.88,3.91
6355,3.88,3.91
6356,3.88,3.91
6358,3.88,3.91
6359,3.88,3.91
6360,3.88,3.91
6361,3.88,3.91
6363,3.88,3.91
6364,3.88,3.91
6365,3.88,3.91
6366,3.88,3.91
6367,3.88,3.91
6368,3.88,3.91
6369,3.88,3.91
6370,3.88,3.91
6371,3.88,3.91
6373,3.88,3.91
6374,3.88,3.91
6375,3.88,3.91
6376,3.88,3.91
6377,3.88,3.91
6378,3.88,3.91
6379,3.88,3.91
6380,3.88,3.91
6381,3.88,3.91
6383,3.88,3.91
6384,3.88,3.91
6385,3.88,3.91
6386,3.88,3.91
6387,3.88,3.91
6388,3.88,3.91
6389,3.88,3.91
6390,3.88,3.91
6391,3.88,3.91
6393,3.88,3.91
6394,3.88,3.90
6395,3.88,3.90
6396,3.88,3.91
6397,3.88,3.90
6398,3.88,3.90
6400,3.88,3.90
6401,3.88,3.90
6402,3.87,3.90
6403,3.87,3.90
6405,3.87,3.90
6406,3.87,3.90
6407,3.87,3.90
6408,3.87,3.90
6409,3.87,3.90
6410,3.87,3.90
6411,3.87,3.90
6412,3.87,3.90
6413,3.87,3.90
6414,3.87,3.90
6416,3.87,3.90
6417,3.87,3.90
6418,3.87,3.90
6419,3.87,3.90
6420,3.87,3.90
6421,3.87,3.90
6422,3.87,3.90
6423,3.87,3.90
6424,3.87,3.90
6425,3.87,3.90
6427,3.87,3.90
6428,3.87,3.90
6429,3.87,3.90
6430,3.87,3.90
6431,3.87,3.90
6432,3.87,3.90
6433,3.87,3.90
6434,3.87,3.90
6435,3.87,3.90
6436,3.87,3.90
6438,3.87,3.90
6439,3.87,3.90
6440,3.87,3.90
6441,3.87,3.90
6443,3.87,3.90
6444,3.87,3.90
6445,3.87,3.90
6446,3.87,3.90
6447,3.87,3.90
6448,3.87,3.90
6450,3.87,3.90
6451,3.87,3.90
6452,3.87,3.90
6453,3.87,3.90
6454,3.87,3.90
6455,3.87,3.90
6456,3.87,3.90
6457,3.87,3.90
6458,3.87,3.90
6460,3.87,3.90
6461,3.87,3.90
6462,3.87,3.90
6463,3.87,3.90
6464,3.87,3.90
6465,3.87,3.90
6466,3.87,3.90
6467,3.87,3.90
6468,3.87,3.90
6470,3.87,3.90
6471,3.87,3.90
6472,3.87,3.90
6473,3.87,3.90
6474,3.87,3.89
6475,3.87,3.90
6476,3.87,3.89
6477,3.87,3.89
6478,3.87,3.89
6480,3.87,3.89
6481,3.87,3.89
6482,3.87,3.89
6483,3.87,3.89
6484,3.87,3.89
6486,3.87,3.89
6487,3.87,3.89
6488,3.86,3.89
6489,3.86,3.89
6490,3.86,3.89
6492,3.86,3.89
6493,3.86,3.89
6494,3.86,3.89
6495,3.86,3.89
6496,3.86,3.89
6497,3.86,3.89
6498,3.86,3.89
6499,3.86,3.89
6500,3.86,3.89
6502,3.86,3.89
6503,3.86,3.89
6504,3.86,3.89
6505,3.86,3.89
6506,3.86,3.89
6507,3.86,3.89
6508,3.86,3.89
6509,3.86,3.89
6510,3.86,3.89
6512,3.86,3.89
6513,3.86,3.89
6514,3.86,3.89
6515,3.86,3.89
6516,3.86,3.89
6517,3.86,3.89
6518,3.86,3.89
6519,3.86,3.89
6520,3.86,3.89
6522,3.86,3.89
6523,3.86,3.89
6524,3.86,3.89
6525,3.86,3.89
6526,3.86,3.89
6528,3.86,3.89
6529,3.86,3.89
6530,3.86,3.89
6531,3.86,3.89
6532,3.86,3.89
6534,3.86,3.89
6535,3.86,3.89
6536,3.87,3.89
6537,3.86,3.89
6538,3.86,3.89
6539,3.87,3.90
6540,3.87,3.89
6541,3.87,3.89
6542,3.87,3.89
6544,3.87,3.89
6545,3.87,3.89
6546,3.87,3.89
6547,3.87,3.89
6548,3.87,3.89
6549,3.87,3.89
6550,3.87,3.89
6551,3.87,3.89
6552,3.87,3.89
6554,3.87,3.89
6555,3.86,3.89
6556,3.86,3.89
6557,3.86,3.89
6558,3.86,3.89
6559,3.86,3.89
6560,3.86,3.89
6561,3.86,3.89
6562,3.86,3.89
6564,3.86,3.89
6565,3.86,3.89
6566,3.86,3.89
6567,3.86,3.89
6568,3.86,3.89
6569,3.86,3.89
6571,3.86,3.89
6572,3.86,3.89
6573,3.86,3.89
6574,3.86,3.89
6576,3.86,3.89
6577,3.86,3.89
6578,3.86,3.89
6579,3.86,3.89
6580,3.86,3.89
6581,3.86,3.89
6582,3.86,3.89
6583,3.86,3.89
6584,3.86,3.89
6586,3.86,3.89
6587,3.86,3.89
6588,3.86,3.89
6589,3.86,3.89
6590,3.86,3.89
6591,3.86,3.89
6592,3.86,3.89
6593,3.86,3.89
6594,3.86,3.89
6596,3.86,3.89
6597,3.86,3.89
6598,3.86,3.89
6599,3.86,3.89
6600,3.86,3.89
6601,3.86,3.89
6602,3.86,3.89
6603,3.86,3.89
6604,3.86,3.89
6606,3.86,3.89
6607,3.86,3.89
6608,3.87,3.89
6609,3.87,3.89
6610,3.87,3.89
6611,3.87,3.89
6612,3.87,3.89
6614,3.86,3.89
6615,3.87,3.89
6617,3.87,3.89
6618,3.87,3.89
6619,3.87,3.89
6620,3.87,3.89
6621,3.87,3.89
6622,3.87,3.89
6623,3.87,3.90
6624,3.87,3.89
6625,3.87,3.90
6626,3.87,3.89
6628,3.87,3.89
6629,3.87,3.89
6630,3.87,3.90
6631,3.87,3.89
6632,3.87,3.89
6633,3.87,3.90
6634,3.87,3.90
6635,3.87,3.89
6636,3.87,3.89
6638,3.87,3.90
6639,3.87,3.89
6640,3.87,3.90
6641,3.87,3.90
6642,3.87,3.89
6643,3.87,3.90
6644,3.87,3.90
6645,3.87,3.89
6646,3.87,3.89
6648,3.87,3.90
6649,3.87,3.90
6650,3.87,3.90
6651,3.87,3.90
6652,3.87,3.90
6653,3.87,3.90
6654,3.87,3.90
6656,3.87,3.90
6657,3.87,3.90
6659,3.87,3.90
6660,3.87,3.90
6661,3.87,3.90
6662,3.87,3.90
6663,3.87,3.90
6664,3.87,3.90
6665,3.87,3.90
6666,3.87,3.89
6667,3.87,3.90
6668,3.87,3.90
6670,3.87,3.90
6671,3.87,3.89
6672,3.87,3.90
6673,3.87,3.90
6674,3.87,3.90
6675,3.87,3.90
6676,3.87,3.90
6677,3.87,3.90
6678,3.87,3.90
6680,3.87,3.90
6681,3.87,3.90
6682,3.87,3.90
6683,3.87,3.90
6684,3.87,3.90
6685,3.87,3.89
6686,3.87,3.90
6687,3.87,3.89
6688,3.87,3.90
6690,3.87,3.90
6691,3.87,3.90
6692,3.87,3.89
6693,3.87,3.89
6694,3.87,3.89
6695,3.87,3.89
6696,3.87,3.89
6697,3.87,3.90
6699,3.87,3.90
6701,3.87,3.89
6702,3.87,3.89
6703,3.87,3.90
6704,3.87,3.89
6705,3.87,3.89
6706,3.87,3.89
6707,3.87,3.89
6708,3.87,3.89
6709,3.87,3.89
6711,3.87,3.89
6712,3.87,3.89
6713,3.87,3.89
6714,3.87,3.89
6715,3.87,3.89
6716,3.87,3.89
6717,3.87,3.89
6718,3.87,3.89
6719,3.87,3.90
6720,3.87,3.89
6722,3.86,3.89
6723,3.86,3.89
6724,3.87,3.89
6725,3.87,3.89
6726,3.86,3.89
6727,3.86,3.89
6728,3.87,3.89
6729,3.87,3.89
6730,3.87,3.89
6732,3.87,3.89
6733,3.86,3.89
6734,3.86,3.89
6735,3.87,3.89
6736,3.87,3.89
6737,3.86,3.89
6738,3.87,3.89
6739,3.86,3.89
6740,3.86,3.89
6743,3.86,3.89
6744,3.86,3.89
6745,3.86,3.89
6746,3.86,3.89
6747,3.86,3.89
6748,3.86,3.89
6749,3.86,3.89
6750,3.86,3.89
6751,3.86,3.89
6753,3.86,3.89
6754,3.86,3.89
6755,3.86,3.89
6756,3.86,3.89
6757,3.86,3.89
6758,3.86,3.89
6759,3.86,3.89
6760,3.87,3.89
6761,3.87,3.89
6762,3.86,3.89
6764,3.86,3.89
6765,3.86,3.89
6766,3.86,3.89
6767,3.86,3.89
6768,3.86,3.89
6769,3.86,3.89
6770,3.86,3.89
6771,3.86,3.89
6772,3.87,3.89
6774,3.86,3.89
6775,3.86,3.89
6776,3.86,3.89
6777,3.86,3.89
6778,3.86,3.89
6779,3.86,3.89
6780,3.86,3.89
6781,3.86,3.89
6782,3.86,3.89
6785,3.86,3.89
6786,3.86,3.89
6787,3.86,3.89
6788,3.86,3.89
6789,3.86,3.89
6790,3.86,3.89
6791,3.86,3.89
6792,3.86,3.89
6793,3.86,3.89
6795,3.86,3.89
6796,3.86,3.89
6797,3.86,3.89
6798,3.86,3.89
6799,3.86,3.89
6800,3.86,3.89
6801,3.86,3.89
6802,3.86,3.89
6803,3.86,3.89
6804,3.86,3.89
6806,3.86,3.89
6807,3.86,3.89
6808,3.86,3.89
6809,3.86,3.89
6810,3.86,3.89
6811,3.86,3.89
6812,3.86,3.89
6813,3.86,3.89
6814,3.86,3.89
6816,3.86,3.89
6817,3.86,3.89
6818,3.86,3.89
6819,3.86,3.89
6820,3.86,3.89
6821,3.86,3.89
6822,3.86,3.89
6823,3.86,3.89
6824,3.86,3.89
6827,3.86,3.89
6828,3.86,3.89
6829,3.86,3.89
6830,3.86,3.89
6831,3.86,3.89
6832,3.86,3.89
6833,3.86,3.89
6834,3.86,3.89
6835,3.86,3.89
6837,3.86,3.89
6838,3.86,3.89
6839,3.86,3.89
6840,3.86,3.89
6841,3.86,3.89
6842,3.86,3.89
6843,3.86,3.89
6844,3.86,3.89
6845,3.86,3.89
6846,3.86,3.89
6848,3.86,3.89
6849,3.86,3.89
6850,3.86,3.89
6851,3.86,3.89
6852,3.86,3.89
6853,3.86,3.89
6854,3.86,3.89
6855,3.86,3.89
6856,3.86,3.89
6858,3.86,3.89
6859,3.86,3.89
6860,3.86,3.89
6861,3.86,3.89
6862,3.86,3.89
6863,3.86,3.89
6864,3.86,3.89
6865,3.86,3.89
6866,3.86,3.89
6868,3.86,3.89
6870,3.86,3.89
6871,3.86,3.89
6872,3.86,3.89
6873,3.86,3.89
6874,3.86,3.89
6875,3.86,3.89
6876,3.86,3.89
6877,3.86,3.89
6879,3.86,3.89
6880,3.86,3.89
6881,3.86,3.89
6882,3.86,3.89
6883,3.86,3.89
6884,3.86,3.89
6885,3.86,3.89
6886,3.86,3.89
6887,3.86,3.89
6888,3.86,3.89
6890,3.86,3.89
6891,3.86,3.89
6892,3.86,3.89
6893,3.86,3.89
6894,3.86,3.89
6895,3.86,3.89
6896,3.86,3.89
6897,3.86,3.89
6898,3.86,3.89
6900,3.86,3.89
6901,3.86,3.89
6902,3.86,3.89
6903,3.86,3.89
6904,3.86,3.89
6905,3.86,3.89
6906,3.86,3.89
6907,3.86,3.89
6908,3.86,3.89
6910,3.86,3.89
6912,3.86,3.89
6913,3.86,3.89
6914,3.86,3.88
6915,3.86,3.89
6916,3.86,3.89
6917,3.86,3.89
6918,3.86,3.89
6919,3.86,3.89
6921,3.86,3.89
6922,3.86,3.89
6923,3.86,3.89
6924,3.86,3.89
6925,3.86,3.89
6926,3.86,3.89
6927,3.86,3.89
6928,3.86,3.89
6929,3.86,3.89
6931,3.86,3.89
6932,3.86,3.89
6933,3.86,3.89
6934,3.86,3.89
6935,3.86,3.89
6936,3.86,3.89
6937,3.86,3.89
6938,3.86,3.88
6939,3.86,3.89
6940,3.86,3.89
6942,3.86,3.89
6943,3.86,3.89
6944,3.86,3.88
6945,3.86,3.88
6946,3.86,3.88
6947,3.86,3.88
6948,3.86,3.89
6949,3.86,3.89
6950,3.86,3.88
6952,3.86,3.89
6953,3.86,3.89
6955,3.86,3.88
6956,3.86,3.88
6957,3.86,3.88
6958,3.86,3.88
6959,3.86,3.88
6960,3.86,3.88
6961,3.86,3.89
6963,3.86,3.88
6964,3.86,3.88
6965,3.86,3.88
6966,3.86,3.88
6967,3.86,3.88
6968,3.86,3.88
6969,3.86,3.88
6970,3.86,3.88
6971,3.86,3.88
6973,3.86,3.88
6974,3.86,3.88
6975,3.86,3.88
6976,3.86,3.88
6977,3.86,3.88
6978,3.85,3.88
6979,3.85,3.88
6980,3.85,3.88
6981,3.85,3.88
6982,3.85,3.88
6984,3.85,3.88
6985,3.85,3.88
6986,3.86,3.88
6987,3.85,3.88
6988,3.86,3.88
6989,3.85,3.88
6990,3.85,3.88
6991,3.85,3.88
6992,3.85,3.88
6994,3.85,3.88
6995,3.85,3.88
6996,3.85,3.88
6998,3.85,3.88
6999,3.85,3.88
7000,3.85,3.88
7001,3.85,3.88
7002,3.85,3.88
7003,3.85,3.88
7005,3.85,3.88
7006,3.85,3.88
7007,3.85,3.88
7008,3.85,3.88
7009,3.85,3.88
7010,3.85,3.88
7011,3.85,3.88
7012,3.85,3.88
7013,3.85,3.88
7015,3.85,3.88
7016,3.85,3.88
7017,3.85,3.88
7018,3.85,3.88
7019,3.85,3.88
7020,3.85,3.88
7021,3.85,3.88
7022,3.85,3.88
7023,3.85,3.88
7025,3.85,3.88
7026,3.85,3.88
7027,3.85,3.88
7028,3.85,3.88
7029,3.85,3.88
7030,3.85,3.88
7031,3.85,3.88
7032,3.85,3.88
7033,3.85,3.88
7034,3.85,3.88
7036,3.85,3.88
7037,3.85,3.88
7038,3.85,3.88
7040,3.85,3.88
7041,3.85,3.88
7042,3.85,3.88
7043,3.85,3.88
7044,3.85,3.88
7045,3.85,3.88
7047,3.85,3.88
7048,3.85,3.88
7049,3.85,3.88
7050,3.85,3.88
7051,3.85,3.88
7052,3.85,3.88
7053,3.85,3.88
7054,3.85,3.88
7055,3.85,3.88
7057,3.85,3.88
7058,3.85,3.88
7059,3.85,3.88
7060,3.85,3.88
7061,3.85,3.88
7062,3.85,3.88
7063,3.85,3.88
7064,3.85,3.88
7065,3.85,3.88
7067,3.85,3.88
7068,3.85,3.88
7069,3.85,3.88
7070,3.85,3.88
7071,3.85,3.88
7072,3.85,3.88
7073,3.85,3.88
7074,3.85,3.88
7075,3.85,3.88
7076,3.85,3.88
7078,3.85,3.88
7079,3.85,3.88
7080,3.85,3.88
7081,3.85,3.88
7083,3.85,3.88
7084,3.85,3.88
7085,3.85,3.88
7086,3.85,3.88
7087,3.85,3.88
7089,3.85,3.88
7090,3.85,3.88
7091,3.85,3.88
7092,3.85,3.88
7093,3.85,3.88
7094,3.85,3.88
7095,3.85,3.88
7096,3.85,3.88
7097,3.85,3.88
7099,3.85,3.88
7100,3.85,3.88
7101,3.85,3.88
7102,3.85,3.88
7103,3.85,3.88
7104,3.85,3.88
7105,3.85,3.88
7106,3.85,3.88
7107,3.85,3.88
7109,3.85,3.88
7110,3.85,3.87
7111,3.85,3.88
7112,3.85,3.87
7113,3.85,3.87
7114,3.85,3.87
7115,3.84,3.87
7116,3.84,3.87
7117,3.84,3.87
7119,3.84,3.87
7120,3.84,3.87
7121,3.84,3.87
7122,3.84,3.87
7123,3.84,3.87
7124,3.84,3.87
7126,3.84,3.87
7127,3.84,3.87
7128,3.84,3.87
7129,3.84,3.86
7131,3.84,3.86
7132,3.84,3.86
7133,3.84,3.86
7134,3.83,3.86
7135,3.83,3.86
7136,3.83,3.86
7137,3.83,3.86
7138,3.83,3.86
7139,3.83,3.86
7141,3.83,3.86
7142,3.83,3.86
7143,3.83,3.86
7144,3.83,3.86
7145,3.83,3.86
7146,3.83,3.86
7147,3.83,3.86
7148,3.83,3.86
7149,3.83,3.86
7151,3.83,3.86
7152,3.83,3.86
7153,3.83,3.85
7154,3.83,3.85
7155,3.83,3.85
7156,3.83,3.85
7157,3.83,3.85
7158,3.83,3.85
7159,3.83,3.85
7161,3.83,3.85
7162,3.83,3.85
7163,3.82,3.85
7164,3.82,3.85
7165,3.82,3.85
7166,3.82,3.85
7168,3.82,3.85
7169,3.82,3.85
7170,3.82,3.85
7171,3.82,3.85
7173,3.82,3.85
7174,3.82,3.85
7175,3.82,3.85
7176,3.82,3.85
7177,3.82,3.85
7178,3.82,3.85
7179,3.82,3.85
7180,3.82,3.85
7181,3.82,3.85
7183,3.82,3.85
7184,3.82,3.85
7185,3.82,3.85
7186,3.82,3.85
7187,3.82,3.85
7188,3.82,3.85
7189,3.82,3.85
7190,3.82,3.85
7191,3.82,3.85
7193,3.82,3.85
7194,3.82,3.85
7195,3.82,3.85
7196,3.82,3.85
7197,3.82,3.85
7198,3.82,3.85
7199,3.82,3.85
7200,3.82,3.85
7201,3.82,3.85
7203,3.82,3.85
7204,3.82,3.85
7205,3.82,3.85
7206,3.82,3.85
7207,3.82,3.85
7208,3.82,3.85
7209,3.82,3.85
7211,3.82,3.85
7212,3.82,3.85
7214,3.82,3.85
7215,3.82,3.85
7216,3.82,3.85
7217,3.82,3.85
7218,3.82,3.85
7219,3.82,3.86
7220,3.82,3.85
7221,3.83,3.85
7222,3.83,3.85
7223,3.83,3.85
7225,3.83,3.85
7226,3.83,3.86
7227,3.83,3.86
7228,3.83,3.85
7229,3.83,3.86
7230,3.83,3.86
7231,3.83,3.86
7232,3.83,3.86
7233,3.83,3.86
7235,3.83,3.86
7236,3.83,3.86
7237,3.83,3.86
7238,3.83,3.86
7239,3.83,3.86
7240,3.83,3.86
7241,3.83,3.86
7242,3.83,3.86
7243,3.83,3.86
7245,3.83,3.86
7246,3.83,3.86
7247,3.83,3.86
7248,3.83,3.86
7249,3.83,3.86
7250,3.83,3.86
7251,3.84,3.86
7252,3.84,3.86
7254,3.84,3.87
7256,3.84,3.87
7257,3.84,3.87
7258,3.84,3.87
7259,3.84,3.87
7260,3.84,3.87
7261,3.84,3.87
7262,3.84,3.87
7263,3.84,3.87
7264,3.84,3.87
7265,3.84,3.87
7267,3.84,3.87
7268,3.84,3.87
7269,3.84,3.87
7270,3.84,3.87
7271,3.84,3.87
7272,3.84,3.87
7273,3.84,3.87
7274,3.84,3.87
7275,3.84,3.87
7277,3.85,3.87
7278,3.85,3.88
7279,3.85,3.88
7280,3.85,3.88
7281,3.85,3.88
7282,3.85,3.88
7283,3.85,3.88
7284,3.85,3.88
7285,3.85,3.88
7287,3.85,3.88
7288,3.85,3.88
7289,3.85,3.88
7290,3.85,3.88
7291,3.85,3.88
7292,3.85,3.88
7293,3.85,3.88
7294,3.85,3.88
7296,3.85,3.88
7298,3.85,3.88
7299,3.85,3.88
7300,3.85,3.88
7301,3.86,3.89
7302,3.86,3.89
7303,3.86,3.89
7304,3.86,3.89
7305,3.86,3.89
7306,3.86,3.89
7308,3.86,3.89
7309,3.86,3.89
7310,3.86,3.89
7311,3.86,3.89
7312,3.86,3.89
7313,3.86,3.89
7314,3.87,3.89
7315,3.87,3.89
7316,3.87,3.90
7317,3.87,3.90
7319,3.87,3.90
7320,3.87,3.90
7321,3.87,3.90
7322,3.87,3.90
7323,3.87,3.90
7324,3.87,3.90
7325,3.87,3.90
7326,3.87,3.90
7327,3.88,3.90
7329,3.88,3.91
7330,3.88,3.91
7331,3.88,3.91
7332,3.88,3.91
7333,3.88,3.91
7334,3.88,3.91
7335,3.88,3.91
7336,3.88,3.91
7337,3.89,3.91
7340,3.89,3.91
7341,3.89,3.91
7342,3.89,3.92
7343,3.89,3.92
7344,3.89,3.92
7345,3.89,3.92
7346,3.90,3.92
7347,3.90,3.92
7348,3.90,3.93
7349,3.90,3.93
7351,3.90,3.93
7352,3.91,3.93
7353,3.91,3.94
7354,3.91,3.94
7355,3.91,3.94
7356,3.91,3.95
7357,3.92,3.95
7358,3.92,3.95
7359,3.92,3.95
7361,3.92,3.96
7362,3.93,3.96
7363,3.93,3.96
7364,3.93,3.96
7365,3.94,3.97
7366,3.94,3.97
7367,3.94,3.97
7368,3.94,3.98
7369,3.95,3.98
7371,3.95,3.98
7372,3.95,3.99
7373,3.96,3.99
7374,3.96,4.00
7375,3.97,4.00
7376,3.97,4.00
7377,3.98,4.01
7378,3.98,4.01
7379,3.98,4.02
7380,3.99,4.02
7383,3.99,4.03
7384,4.00,4.03
7385,4.00,4.04
7386,4.01,4.04
7387,4.01,4.05
7388,4.02,4.05
7389,4.02,4.06
7390,4.03,4.06
7391,4.03,4.07
7392,4.04,4.07
7394,4.05,4.08
7395,4.05,4.09
7396,4.06,4.10
7397,4.07,4.11
7398,4.08,4.12
7399,4.09,4.13
7400,4.11,4.14
7401,4.12,4.15
7402,4.13,4.17
7404,4.14,4.19
7405,4.16,4.21
7406,4.18,4.22
7407,4.20,4.24
7408,4.22,4.26
7409,4.24,4.28
7410,4.25,4.30
7411,4.27,4.32
7412,4.29,4.34
7413,4.31,4.35
7415,4.33,4.37
7416,4.35,4.39
7417,4.36,4.41
7418,4.38,4.43
7419,4.40,4.45
7420,4.42,4.47
7421,4.44,4.49
7422,4.46,4.51
7424,4.48,4.53
7426,4.49,4.54
7427,4.51,4.56
7428,4.53,4.57
7429,4.54,4.59
7430,4.56,4.60
7431,4.57,4.61
7432,4.58,4.63
7433,4.59,4.64
7434,4.60,4.65
7436,4.62,4.66
7437,4.63,4.67
7438,4.64,4.68
7439,4.65,4.69
7440,4.66,4.70
7441,4.67,4.71
7442,4.68,4.72
7443,4.68,4.73
7444,4.69,4.74
7445,4.70,4.75
7447,4.71,4.75
7448,4.72,4.76
7449,4.72,4.77
7450,4.73,4.77
7451,4.73,4.78
7452,4.74,4.78
7453,4.75,4.79
7454,4.75,4.79
7455,4.76,4.80
7457,4.76,4.80
7458,4.77,4.81
7459,4.77,4.81
7460,4.77,4.82
7461,4.78,4.82
7462,4.78,4.82
7463,4.78,4.83
7464,4.79,4.83
7465,4.79,4.83
7468,4.79,4.84
7469,4.80,4.84
7470,4.80,4.84
7471,4.80,4.85
7472,4.81,4.85
7473,4.81,4.85
7474,4.81,4.86
7475,4.81,4.86
7476,4.82,4.86
7477,4.82,4.86
7479,4.82,4.86
7480,4.82,4.87
7481,4.83,4.87
7482,4.83,4.87
7483,4.83,4.87
7484,4.83,4.88
7485,4.83,4.88
7486,4.83,4.88
7487,4.84,4.88
7489,4.84,4.88
7490,4.84,4.88
7491,4.84,4.89
7492,4.84,4.89
7493,4.84,4.89
7494,4.85,4.89
7495,4.85,4.89
7496,4.85,4.89
7497,4.85,4.89
7499,4.85,4.89
7500,4.85,4.90
7501,4.85,4.90
7502,4.85,4.90
7503,4.85,4.90
7504,4.86,4.90
7505,4.86,4.90
7506,4.86,4.90
7507,4.86,4.90
7508,4.86,4.90
7511,4.86,4.90
7512,4.86,4.90
7513,4.86,4.90
7514,4.86,4.90
7515,4.86,4.91
7516,4.86,4.91
7517,4.86,4.91
7518,4.86,4.91
7519,4.86,4.91
7520,4.87,4.91
7522,4.87,4.91
7523,4.87,4.91
7524,4.87,4.91
7525,4.87,4.91
7526,4.87,4.91
7527,4.87,4.91
7528,4.87,4.91
7529,4.87,4.91
7530,4.87,4.91
7532,4.87,4.91
7533,4.87,4.91
7534,4.87,4.91
7535,4.87,4.91
7536,4.87,4.92
7537,4.87,4.91
7538,4.87,4.91
7539,4.87,4.92
7540,4.87,4.92
7542,4.87,4.92
7543,4.87,4.91
7544,4.87,4.92
7545,4.87,4.92
7546,4.87,4.92
7547,4.87,4.92
7548,4.87,4.92
7549,4.87,4.92
7550,4.87,4.92
7553,4.87,4.92
7554,4.87,4.92
7555,4.88,4.92
7556,4.88,4.92
7557,4.88,4.92
7558,4.88,4.92
7559,4.88,4.92
7560,4.88,4.92
7561,4.88,4.92
7563,4.88,4.92
7564,4.88,4.92
7565,4.88,4.92
7566,4.88,4.92
7567,4.88,4.92
7568,4.88,4.92
7569,4.88,4.92
7570,4.88,4.92
7571,4.88,4.92
7572,4.88,4.92
7574,4.88,4.92
7575,4.88,4.92
7576,4.88,4.92
7577,4.88,4.92
7578,4.88,4.92
7579,4.88,4.92
7580,4.88,4.92
7581,4.88,4.92
7582,4.88,4.92
7584,4.88,4.92
7585,4.88,4.92
7586,4.88,4.92
7587,4.88,4.92
7588,4.88,4.92
7589,4.88,4.92
7590,4.88,4.92
7591,4.88,4.92
7592,4.88,4.92
7595,4.88,4.92
7596,4.88,4.92
7597,4.88,4.92
7598,4.88,4.92
7599,4.88,4.92
7600,4.88,4.92
7601,4.88,4.92
7602,4.88,4.92
7603,4.88,4.92
7605,4.88,4.92
7606,4.88,4.92
7607,4.88,4.92
7608,4.88,4.92
7609,4.88,4.92
7610,4.88,4.92
7611,4.88,4.92
7612,4.88,4.92
7613,4.88,4.92
7615,4.88,4.92
7616,4.88,4.92
7617,4.88,4.92
7618,4.88,4.92
7619,4.88,4.92
7620,4.88,4.92
7621,4.88,4.92
7622,4.88,4.92
7623,4.88,4.92
7624,4.88,4.92
7626,4.88,4.92
7627,4.88,4.92
7628,4.88,4.92
7629,4.88,4.92
7630,4.88,4.92
7631,4.88,4.93
7632,4.88,4.92
7633,4.88,4.93
7634,4.88,4.92
7636,4.88,4.92
7638,4.88,4.92
7639,4.88,4.92
7640,4.88,4.92
7641,4.88,4.92
7642,4.88,4.92
7643,4.88,4.92
7644,4.88,4.92
7645,4.88,4.92
7647,4.88,4.93
7648,4.88,4.92
7649,4.88,4.92
7650,4.88,4.93
7651,4.88,4.92
7652,4.88,4.92
7653,4.88,4.92
7654,4.88,4.92
7655,4.88,4.92
7657,4.88,4.92
7658,4.88,4.93
7659,4.88,4.92
7660,4.88,4.92
7661,4.88,4.92
7662,4.88,4.92
7663,4.88,4.92
7664,4.88,4.93
7665,4.88,4.93
7666,4.88,4.93
7668,4.88,4.92
7669,4.88,4.92
7670,4.88,4.92
7671,4.88,4.93
7672,4.88,4.93
7673,4.88,4.92
7674,4.88,4.93
7675,4.88,4.92
7676,4.88,4.92
7678,4.88,4.93
7680,4.88,4.92
7681,4.88,4.93
7682,4.88,4.93
7683,4.88,4.92
7684,4.88,4.92
7685,4.88,4.93
7686,4.88,4.92
7687,4.88,4.92
7689,4.88,4.93
7690,4.88,4.93
7691,4.88,4.93
7692,4.88,4.93
7693,4.88,4.93
7694,4.88,4.92
7695,4.88,4.92
7696,4.88,4.92
7697,4.88,4.92
7699,4.88,4.92
7700,4.88,4.93
7701,4.88,4.92
7702,4.88,4.92
7703,4.88,4.92
7704,4.88,4.92
7705,4.88,4.92
7706,4.88,4.92
7707,4.88,4.92
7708,4.87,4.92
7710,4.87,4.91
7711,4.87,4.91
7712,4.87,4.91
7713,4.87,4.91
7714,4.86,4.90
7715,4.86,4.90
7716,4.85,4.89
7717,4.85,4.89
7718,4.84,4.88
7720,4.84,4.88
7721,4.83,4.87
7723,4.83,4.87
7724,4.82,4.86
7725,4.82,4.85
7726,4.81,4.85
7727,4.80,4.84
7728,4.79,4.82
7729,4.78,4.81
7731,4.77,4.80
7732,4.76,4.79
7733,4.75,4.78
7734,4.73,4.76
7735,4.71,4.74
7736,4.69,4.71
7737,4.67,4.69
7738,4.64,4.66
7739,4.61,4.63
7740,4.58,4.59
7742,4.54,4.55
7743,4.50,4.50
7744,4.45,4.44
7745,4.38,4.37
7746,4.32,4.31
7747,4.27,4.27
7748,4.24,4.25
7749,4.23,4.25
7750,4.22,4.25
7752,4.22,4.25
7753,4.22,4.26
7754,4.23,4.27
7755,4.24,4.28
7756,4.25,4.29
7757,4.27,4.31
7758,4.28,4.33
7759,4.30,4.34
7760,4.32,4.36
7762,4.34,4.38
7763,4.35,4.40
7764,4.37,4.42
7766,4.39,4.44
7767,4.41,4.46
7768,4.43,4.48
7769,4.45,4.50
7770,4.47,4.52
7771,4.49,4.54
7772,4.51,4.56
7774,4.53,4.57
7775,4.54,4.59
7776,4.56,4.60
7777,4.57,4.62
7778,4.58,4.63
7779,4.59,4.64
7780,4.61,4.66
7781,4.62,4.67
7782,4.63,4.68
7784,4.64,4.69
7785,4.65,4.70
7786,4.66,4.71
7787,4.67,4.72
7788,4.68,4.73
7789,4.69,4.74
7790,4.70,4.75
7791,4.71,4.75
7792,4.71,4.76
7794,4.72,4.77
7795,4.73,4.77
7796,4.73,4.78
7797,4.74,4.78
7798,4.75,4.79
7799,4.75,4.79
7800,4.76,4.80
7801,4.76,4.80
7802,4.77,4.81
7803,4.77,4.81
7805,4.78,4.82
7806,4.78,4.82
7808,4.78,4.83
7809,4.79,4.83
7810,4.79,4.83
7811,4.79,4.84
7812,4.80,4.84
7813,4.80,4.84
7814,4.80,4.85
7816,4.81,4.85
7817,4.81,4.85
7818,4.81,4.86
7819,4.81,4.86
7820,4.82,4.86
7821,4.82,4.86
7822,4.82,4.87
7823,4.82,4.87
7824,4.83,4.87
7826,4.83,4.87
7827,4.83,4.87
7828,4.83,4.88
7829,4.83,4.88
7830,4.84,4.88
7831,4.84,4.88
7832,4.84,4.88
7833,4.84,4.89
7834,4.84,4.89
7836,4.85,4.89
7837,4.85,4.89
7838,4.85,4.89
7839,4.85,4.89
7840,4.85,4.89
7841,4.85,4.89
7842,4.85,4.90
7843,4.85,4.90
7844,4.85,4.90
7845,4.85,4.90
7847,4.86,4.90
7848,4.86,4.90
7849,4.86,4.90
7851,4.86,4.90
7852,4.86,4.90
7853,4.86,4.91
7854,4.86,4.91
7855,4.86,4.91
7856,4.86,4.91
7857,4.86,4.91
7859,4.86,4.91
7860,4.86,4.91
7861,4.87,4.91
7862,4.87,4.91
7863,4.87,4.91
7864,4.87,4.91
7865,4.87,4.91
7866,4.87,4.91
7867,4.87,4.91
7869,4.87,4.91
7870,4.87,4.92
7871,4.87,4.91
7872,4.87,4.91
7873,4.87,4.91
7874,4.87,4.91
7875,4.87,4.91
7876,4.87,4.92
7877,4.87,4.92
7879,4.87,4.92
7880,4.87,4.91
7881,4.87,4.92
7882,4.87,4.92
7883,4.87,4.92
7884,4.87,4.92
7885,4.87,4.92
7886,4.87,4.92
7887,4.87,4.92
7889,4.87,4.92
7890,4.88,4.92
7891,4.88,4.92
7892,4.88,4.92
7894,4.87,4.92
7895,4.88,4.92
7896,4.87,4.92
7897,4.87,4.92
7898,4.88,4.92
7900,4.88,4.92
7901,4.88,4.92
7902,4.88,4.92
7903,4.88,4.92
7904,4.88,4.92
7905,4.88,4.92
7906,4.88,4.92
7907,4.88,4.92
7908,4.88,4.92
7909,4.88,4.92
7911,4.88,4.92
7912,4.88,4.92
7913,4.88,4.92
7914,4.88,4.92
7915,4.88,4.92
7916,4.88,4.92
7917,4.88,4.92
7918,4.88,4.92
7919,4.88,4.92
7921,4.88,4.92
7922,4.88,4.92
7923,4.88,4.92
7924,4.88,4.92
7925,4.88,4.92
7926,4.88,4.92
7927,4.88,4.92
7928,4.88,4.92
7929,4.88,4.92
7931,4.88,4.92
7932,4.88,4.92
7933,4.88,4.92
7934,4.88,4.92
7936,4.88,4.92
7937,4.88,4.92
7938,4.88,4.92
7939,4.88,4.92
7940,4.88,4.92
7942,4.88,4.92
7943,4.88,4.92
7944,4.88,4.92
7945,4.88,4.93
7946,4.88,4.92
7947,4.88,4.92
7948,4.88,4.92
7949,4.88,4.92
7950,4.88,4.92
7951,4.88,4.92
7953,4.88,4.92
7954,4.88,4.92
7955,4.88,4.92
7956,4.88,4.92
7957,4.88,4.92
7958,4.88,4.92
7959,4.88,4.92
7960,4.88,4.92
7961,4.88,4.92
7963,4.88,4.92
7964,4.88,4.92
7965,4.88,4.92
7966,4.88,4.92
7967,4.88,4.92
7968,4.88,4.92
7969,4.88,4.92
7970,4.88,4.92
7971,4.88,4.92
7973,4.88,4.92
7974,4.88,4.92
7975,4.88,4.92
7976,4.88,4.92
7977,4.88,4.92
7979,4.88,4.92
7980,4.88,4.92
7981,4.88,4.93
7982,4.88,4.92
7984,4.88,4.92
7985,4.88,4.93
7986,4.88,4.92
7987,4.88,4.92
7988,4.88,4.92
7989,4.88,4.92
7990,4.88,4.92
7991,4.88,4.92
7992,4.88,4.92
7993,4.88,4.92
7995,4.88,4.92
7996,4.88,4.92
7997,4.88,4.92
7998,4.88,4.92
7999,4.88,4.92
8000,4.88,4.92
8001,4.88,4.93
8002,4.88,4.92
8003,4.88,4.92
8005,4.88,4.93
8006,4.88,4.92
8007,4.88,4.92
8008,4.88,4.92
8009,4.88,4.92
8010,4.88,4.92
8011,4.88,4.92
8012,4.88,4.93
8013,4.88,4.92
8015,4.88,4.92
8016,4.88,4.92
8017,4.88,4.93
8018,4.88,4.92
8019,4.88,4.92
8020,4.88,4.92
8022,4.88,4.92
8023,4.88,4.92
8024,4.88,4.92
8025,4.88,4.92
8027,4.88,4.93
8028,4.88,4.92
8029,4.88,4.92
8030,4.88,4.92
8031,4.88,4.92
8032,4.88,4.92
8033,4.88,4.92
8034,4.87,4.92
8035,4.87,4.91
8037,4.87,4.91
8038,4.87,4.91
8039,4.87,4.91
8040,4.87,4.91
8041,4.87,4.91
8042,4.87,4.91
8043,4.87,4.91
8044,4.87,4.91
8045,4.87,4.91
8046,4.87,4.91
8048,4.87,4.91
8049,4.87,4.91
8050,4.87,4.91
8051,4.87,4.91
8052,4.87,4.91
8053,4.87,4.91
8054,4.87,4.91
8055,4.87,4.91
8056,4.87,4.91
8058,4.87,4.91
8059,4.87,4.92
8060,4.87,4.92
8061,4.87,4.92
8062,4.87,4.92
8064,4.87,4.92
8065,4.87,4.91
8066,4.87,4.92
8067,4.87,4.92
8069,4.87,4.92
8070,4.87,4.92
8071,4.87,4.92
8072,4.87,4.92
8073,4.87,4.92
8074,4.87,4.92
8075,4.88,4.92
8076,4.88,4.92
8077,4.88,4.92
8079,4.88,4.92
8080,4.88,4.92
8081,4.88,4.92
8082,4.88,4.92
8083,4.88,4.92
8084,4.88,4.92
8085,4.88,4.92
8086,4.88,4.92
8087,4.88,4.92
8088,4.88,4.92
8090,4.88,4.92
8091,4.88,4.92
8092,4.88,4.92
8093,4.88,4.92
8094,4.88,4.92
8095,4.88,4.92
8096,4.88,4.92
8097,4.88,4.92
8098,4.88,4.92
8100,4.88,4.92
8101,4.88,4.92
8102,4.88,4.92
8103,4.88,4.92
8104,4.88,4.92
8105,4.88,4.92
8107,4.88,4.92
8108,4.88,4.92
8109,4.88,4.92
8111,4.88,4.92
8112,4.88,4.92
8113,4.88,4.92
8114,4.88,4.92
8115,4.88,4.92
8116,4.88,4.92
8117,4.88,4.92
8118,4.88,4.92
8119,4.88,4.92
8121,4.88,4.92
8122,4.88,4.92
8123,4.88,4.92
8124,4.88,4.92
8125,4.88,4.92
8126,4.88,4.92
8127,4.88,4.92
8128,4.88,4.92
8129,4.88,4.92
8131,4.88,4.92
8132,4.88,4.92
8133,4.88,4.92
8134,4.88,4.92
8135,4.88,4.92
8136,4.88,4.92
8137,4.88,4.92
8138,4.88,4.92
8139,4.88,4.92
8140,4.88,4.92
8142,4.88,4.92
8143,4.88,4.92
8144,4.88,4.92
8145,4.88,4.92
8146,4.88,4.92
8147,4.88,4.92
8148,4.88,4.92
8150,4.88,4.92
8151,4.88,4.92
8153,4.88,4.92
8154,4.88,4.92
8155,4.88,4.92
8156,4.88,4.92
8157,4.88,4.92
8158,4.88,4.92
8159,4.88,4.93
8160,4.88,4.93
8161,4.88,4.92
8163,4.88,4.92
8164,4.88,4.92
8165,4.88,4.92
8166,4.88,4.92
8167,4.88,4.92
8168,4.88,4.92
8169,4.88,4.92
8170,4.88,4.92
8171,4.88,4.93
8173,4.88,4.93
8174,4.88,4.92
8175,4.88,4.92
8176,4.88,4.92
8177,4.88,4.92
8178,4.88,4.93
8179,4.88,4.92
8180,4.88,4.92
8181,4.88,4.92
8182,4.88,4.92
8184,4.88,4.92
8185,4.88,4.92
8186,4.88,4.92
8187,4.88,4.92
8188,4.88,4.92
8189,4.88,4.92
8190,4.88,4.92
8192,4.88,4.92
8193,4.88,4.92
8195,4.88,4.92
8196,4.88,4.92
8197,4.88,4.92
8198,4.88,4.92
8199,4.88,4.92
8200,4.88,4.92
8201,4.88,4.92
8202,4.88,4.92
8203,4.88,4.92
8205,4.88,4.92
8206,4.88,4.92
8207,4.88,4.92
8208,4.88,4.92
8209,4.88,4.92
8210,4.88,4.92
8211,4.88,4.92
8212,4.88,4.92
8213,4.88,4.92
8215,4.88,4.92
8216,4.88,4.93
8217,4.88,4.92
8218,4.88,4.92
8219,4.88,4.92
8220,4.88,4.92
8221,4.88,4.92
8222,4.88,4.92
8223,4.88,4.92
8224,4.88,4.92
8226,4.88,4.92
8227,4.88,4.92
8228,4.88,4.92
8229,4.88,4.92
8230,4.88,4.92
8231,4.88,4.92
8232,4.88,4.92
8233,4.88,4.93
8235,4.88,4.92
8237,4.88,4.92
8238,4.88,4.92
8239,4.88,4.92
8240,4.88,4.92
8241,4.88,4.92
8242,4.88,4.92
8243,4.88,4.92
8244,4.88,4.92
8245,4.88,4.92
8247,4.88,4.92
8248,4.88,4.92
8249,4.88,4.92
8250,4.88,4.92
8251,4.88,4.92
8252,4.88,4.92
8253,4.88,4.92
8254,4.88,4.92
8255,4.88,4.92
8257,4.88,4.92
8258,4.88,4.93
8259,4.88,4.93
8260,4.88,4.92
8261,4.88,4.92
8262,4.88,4.92
8263,4.88,4.92
8264,4.88,4.92
8265,4.88,4.92
8266,4.88,4.92
8268,4.88,4.92
8269,4.88,4.92
8270,4.88,4.92
8271,4.88,4.92
8272,4.88,4.92
8273,4.88,4.92
8274,4.88,4.93
8275,4.88,4.92
8276,4.88,4.92
8279,4.88,4.92
8280,4.88,4.92
8281,4.88,4.92
8282,4.88,4.92
8283,4.88,4.92
8284,4.88,4.92
8285,4.88,4.92
8286,4.88,4.92
8287,4.88,4.93
8289,4.88,4.92
8290,4.88,4.92
8291,4.88,4.92
8292,4.88,4.92
8293,4.88,4.92
8294,4.88,4.92
8295,4.88,4.92
8296,4.88,4.92
8297,4.88,4.92
8299,4.88,4.92
8300,4.88,4.92
8301,4.88,4.92
8302,4.88,4.92
8303,4.88,4.92
8304,4.88,4.92
8305,4.88,4.92
8306,4.88,4.92
8307,4.88,4.92
8308,4.88,4.92
8310,4.88,4.92
8311,4.88,4.92
8312,4.88,4.92
8313,4.88,4.93
8314,4.88,4.93
8315,4.88,4.92
8316,4.88,4.92
8317,4.88,4.92
8318,4.88,4.92
8321,4.88,4.92
8322,4.88,4.92
8323,4.88,4.92
8324,4.88,4.93
8325,4.88,4.92
8326,4.88,4.92
8327,4.88,4.92
8328,4.88,4.93
8329,4.88,4.92
8331,4.88,4.92
8332,4.88,4.92
8333,4.88,4.92
8334,4.88,4.92
8335,4.88,4.93
8336,4.88,4.92
8337,4.88,4.92
8338,4.88,4.92
8339,4.88,4.92
8341,4.88,4.92
8342,4.88,4.93
8343,4.88,4.92
8344,4.88,4.92
8345,4.88,4.92
8346,4.88,4.92
8347,4.88,4.92
8348,4.88,4.93
8349,4.88,4.92
8350,4.88,4.92
8352,4.88,4.92
8353,4.88,4.93
8354,4.88,4.92
8355,4.88,4.92
8356,4.88,4.92
8357,4.88,4.92
8358,4.87,4.91
8359,4.86,4.90
8360,4.85,4.88
8363,4.83,4.86
8364,4.81,4.84
8365,4.79,4.81
8366,4.77,4.78
8367,4.74,4.76
8368,4.71,4.73
8369,4.68,4.70
8370,4.65,4.67
8371,4.62,4.64
8373,4.59,4.61
8374,4.57,4.58
8375,4.54,4.55
8376,4.51,4.52
8377,4.48,4.50
8378,4.45,4.47
8379,4.42,4.44
8380,4.40,4.41
8381,4.37,4.39
8382,4.35,4.36
8384,4.33,4.34
8385,4.30,4.32
8386,4.28,4.29
8387,4.26,4.27
8388,4.23,4.25
8389,4.21,4.23
8390,4.19,4.21
8391,4.17,4.19
8392,4.15,4.17
8394,4.13,4.15
8395,4.12,4.13
8396,4.10,4.12
8397,4.09,4.10
8398,4.07,4.09
8399,4.05,4.07
8400,4.04,4.06
8401,4.03,4.05
8402,4.01,4.03
8403,4.00,4.02
8406,3.99,4.01
8407,3.98,4.00
8408,3.97,3.99
8409,3.96,3.98
8410,3.95,3.97
8411,3.94,3.96
8412,3.93,3.95
8413,3.92,3.94
8414,3.91,3.94
8416,3.91,3.93
8417,3.90,3.92
8418,3.90,3.92
8419,3.89,3.91
8420,3.89,3.91
8421,3.88,3.91
8422,3.88,3.90
8423,3.88,3.90
8424,3.87,3.90
8425,3.87,3.89
8427,3.86,3.89
8428,3.86,3.89
8429,3.86,3.89
8430,3.86,3.89
8431,3.86,3.89
8432,3.86,3.88
8433,3.86,3.88
8434,3.85,3.88
8435,3.85,3.88
8437,3.85,3.88
8438,3.85,3.88
8439,3.85,3.88
8440,3.85,3.88
8441,3.85,3.88
8442,3.85,3.88
8443,3.85,3.88
8444,3.85,3.88
8445,3.86,3.89
8448,3.86,3.89
8449,3.86,3.89
8450,3.86,3.89
8451,3.86,3.89
8452,3.86,3.89
8453,3.86,3.89
8454,3.86,3.89
8455,3.87,3.90
8456,3.87,3.90
8458,3.87,3.90
8459,3.87,3.90
8460,3.87,3.90
8461,3.87,3.90
8462,3.87,3.90
8463,3.87,3.90
8464,3.88,3.91
8465,3.88,3.91
8466,3.88,3.91
8467,3.88,3.91
8469,3.88,3.91
8470,3.88,3.91
8471,3.88,3.91
8472,3.88,3.91
8473,3.89,3.91
8474,3.89,3.91
8475,3.89,3.91
8476,3.89,3.91
8477,3.89,3.92
8479,3.89,3.91
8480,3.89,3.92
8481,3.89,3.92
8482,3.89,3.92
8483,3.89,3.92
8484,3.90,3.92
8485,3.90,3.92
8486,3.90,3.92
8487,3.90,3.92
8489,3.90,3.92
8491,3.90,3.92
8492,3.90,3.92
8493,3.90,3.93
8494,3.90,3.93
8495,3.90,3.93
8496,3.90,3.93
8497,3.90,3.93
8498,3.90,3.93
8499,3.90,3.93
8501,3.90,3.93
8502,3.90,3.93
8503,3.90,3.93
8504,3.90,3.93
8505,3.90,3.93
8506,3.90,3.93
8507,3.91,3.93
8508,3.91,3.93
8509,3.91,3.93
8510,3.91,3.93
8512,3.90,3.93
8513,3.91,3.93
8514,3.91,3.93
8515,3.91,3.93
8516,3.91,3.93
8517,3.91,3.93
8518,3.91,3.93
8519,3.90,3.93
8520,3.91,3.93
8522,3.91,3.93
8523,3.91,3.93
8524,3.90,3.93
8525,3.90,3.93
8526,3.90,3.93
8527,3.90,3.93
8528,3.90,3.93
8529,3.90,3.93
8530,3.90,3.93
8531,3.90,3.93
8534,3.90,3.93
8535,3.90,3.93
8536,3.90,3.93
8537,3.90,3.93
8538,3.90,3.92
8539,3.90,3.93
8540,3.90,3.93
8541,3.90,3.93
8542,3.90,3.92
8543,3.90,3.92
8545,3.90,3.92
8546,3.90,3.92
8547,3.90,3.92
8548,3.90,3.92
8549,3.90,3.92
8550,3.90,3.92
8551,3.90,3.92
8552,3.90,3.92
8553,3.90,3.92
8554,3.90,3.92
8556,3.90,3.92
8557,3.90,3.92
8558,3.90,3.92
8559,3.90,3.92
8560,3.90,3.92
8561,3.90,3.92
8562,3.90,3.92
8563,3.89,3.92
8564,3.89,3.92
8566,3.89,3.92
8567,3.89,3.92
8568,3.89,3.92
8569,3.89,3.92
8570,3.89,3.92
8571,3.89,3.91
8572,3.89,3.91
8573,3.89,3.91
8574,3.89,3.91
8577,3.89,3.91
8578,3.89,3.91
8579,3.89,3.91
8580,3.89,3.91
8581,3.89,3.91
8582,3.89,3.91
8583,3.89,3.91
8584,3.89,3.91
8585,3.89,3.91
8586,3.89,3.91
8588,3.89,3.91
8589,3.89,3.91
8590,3.89,3.91
8591,3.89,3.91
8592,3.89,3.91
8593,3.89,3.91
8594,3.89,3.91
8595,3.89,3.91
8596,3.88,3.91
8598,3.88,3.91
8599,3.88,3.91
8600,3.88,3.91
8601,3.88,3.91
8602,3.88,3.91
8603,3.88,3.91
8604,3.88,3.91
8605,3.88,3.91
8606,3.88,3.91
8608,3.88,3.91
8609,3.88,3.91
8610,3.88,3.91
8611,3.88,3.91
8612,3.88,3.91
8613,3.88,3.91
8614,3.88,3.91
8615,3.88,3.91
8616,3.88,3.91
8619,3.88,3.91
8620,3.88,3.91
8621,3.88,3.91
8622,3.88,3.91
8623,3.88,3.91
8624,3.88,3.91
8625,3.88,3.91
8626,3.88,3.91
8627,3.88,3.91
8629,3.88,3.91
8630,3.88,3.91
8631,3.88,3.91
8632,3.88,3.91
8633,3.88,3.91
8634,3.88,3.91
8635,3.88,3.91
8636,3.88,3.91
8637,3.88,3.91
8638,3.88,3.91
8640,3.88,3.91
8641,3.88,3.91
8642,3.88,3.91
8643,3.88,3.91
8644,3.88,3.91
8645,3.88,3.91
8646,3.88,3.91
8647,3.88,3.90
8648,3.88,3.90
8650,3.88,3.91
8651,3.88,3.91
8652,3.88,3.90
8653,3.88,3.90
8654,3.88,3.90
8655,3.87,3.90
8656,3.88,3.90
8657,3.88,3.90
8658,3.88,3.90
8659,3.88,3.90
8662,3.88,3.90
8663,3.87,3.90
8664,3.88,3.90
8665,3.87,3.90
8666,3.87,3.90
8667,3.87,3.90
8668,3.87,3.90
8669,3.87,3.90
8670,3.87,3.90
8671,3.87,3.90
8673,3.87,3.90
8674,3.87,3.90
8675,3.87,3.90
8676,3.87,3.90
8677,3.87,3.90
8678,3.87,3.90
8679,3.87,3.90
8680,3.88,3.90
8681,3.87,3.90
8682,3.87,3.90
8684,3.87,3.90
8685,3.87,3.90
8686,3.87,3.90
8687,3.87,3.90
8688,3.87,3.90
8689,3.87,3.90
8690,3.87,3.90
8691,3.87,3.90
8692,3.87,3.90
8693,3.87,3.90
8695,3.87,3.90
8696,3.87,3.90
8697,3.87,3.90
8698,3.87,3.90
8699,3.87,3.90
8700,3.87,3.90
8701,3.87,3.90
8702,3.87,3.90
8704,3.88,3.90
8705,3.88,3.90
8707,3.88,3.90
8708,3.88,3.90
8709,3.88,3.90
8710,3.88,3.91
8711,3.88,3.91
8712,3.88,3.91
8713,3.88,3.91
8714,3.88,3.91
8715,3.88,3.91
8717,3.88,3.91
8718,3.88,3.90
8719,3.88,3.91
8720,3.88,3.91
8721,3.88,3.91
8722,3.88,3.91
8723,3.88,3.91
8724,3.88,3.91
8725,3.88,3.91
8727,3.88,3.91
8728,3.88,3.91
8729,3.88,3.91
8730,3.88,3.91
8731,3.88,3.91
8732,3.88,3.91
8733,3.88,3.91
8734,3.88,3.91
8735,3.88,3.91
8737,3.88,3.91
8738,3.88,3.90
8739,3.88,3.90
8740,3.88,3.90
8741,3.88,3.90
8742,3.87,3.90
8743,3.87,3.90
8744,3.87,3.90
8745,3.87,3.90
8747,3.87,3.90
8749,3.87,3.90
8750,3.87,3.90
8751,3.87,3.90
8752,3.87,3.90
8753,3.87,3.90
8754,3.87,3.90
8755,3.87,3.90
8756,3.87,3.90
8757,3.87,3.90
8758,3.87,3.90
8760,3.87,3.90
8761,3.87,3.90
8762,3.87,3.90
8763,3.87,3.90
8764,3.87,3.90
8765,3.87,3.89
8766,3.87,3.89
8767,3.87,3.89
8768,3.87,3.89
8770,3.87,3.89
8771,3.87,3.89
8772,3.87,3.89
8773,3.87,3.89
8774,3.87,3.89
8775,3.86,3.89
8776,3.86,3.89
8777,3.86,3.89
8778,3.86,3.89
8780,3.86,3.89
8781,3.86,3.89
8782,3.86,3.89
8783,3.86,3.89
8784,3.86,3.89
8785,3.86,3.89
8786,3.86,3.89
8787,3.86,3.89
8788,3.86,3.89
8790,3.86,3.89
8792,3.86,3.89
8793,3.86,3.89
8794,3.86,3.89
8795,3.86,3.89
8796,3.86,3.89
8797,3.86,3.89
8798,3.86,3.89
8799,3.86,3.89
8800,3.86,3.89
8802,3.86,3.89
8803,3.86,3.89
8804,3.86,3.89
8805,3.86,3.89
8806,3.86,3.89
8807,3.86,3.89
8808,3.86,3.89
8809,3.86,3.89
8810,3.86,3.89
8812,3.86,3.89
8813,3.86,3.89
8814,3.86,3.89
8815,3.86,3.89
8816,3.86,3.89
8817,3.86,3.89
8818,3.86,3.89
8819,3.86,3.89
8820,3.87,3.89
8822,3.87,3.89
8823,3.87,3.90
8824,3.87,3.89
8825,3.87,3.89
8826,3.87,3.89
8827,3.87,3.90
8828,3.87,3.90
8829,3.87,3.89
8830,3.87,3.90
8832,3.87,3.89
8834,3.87,3.89
8835,3.87,3.89
8836,3.87,3.89
8837,3.87,3.90
8838,3.87,3.90
8839,3.87,3.89
8840,3.87,3.89
8841,3.87,3.89
8842,3.87,3.89
8844,3.87,3.90
8845,3.87,3.89
8846,3.87,3.90
8847,3.87,3.89
8848,3.87,3.90
8849,3.87,3.90
8850,3.87,3.90
8851,3.87,3.89
8852,3.87,3.89
8854,3.87,3.89
8855,3.87,3.89
8856,3.87,3.89
8857,3.87,3.90
8858,3.87,3.89
8859,3.87,3.89
8860,3.87,3.90
8861,3.86,3.89
8862,3.87,3.90
8864,3.87,3.90
8865,3.87,3.89
8866,3.87,3.89
8867,3.87,3.90
8868,3.87,3.89
8869,3.87,3.89
8870,3.87,3.89
8871,3.87,3.90
8872,3.87,3.90
8873,3.87,3.89
8876,3.87,3.89
8877,3.87,3.89
8878,3.87,3.89
8879,3.87,3.89
8880,3.87,3.89
8881,3.87,3.89
8882,3.87,3.89
8883,3.87,3.89
8884,3.87,3.89
8886,3.87,3.89
8887,3.87,3.89
8888,3.87,3.89
8889,3.87,3.89
8890,3.87,3.89
8891,3.87,3.89
8892,3.87,3.89
8893,3.87,3.89
8894,3.87,3.89
8896,3.87,3.89
8897,3.87,3.89
8898,3.87,3.89
8899,3.87,3.89
8900,3.87,3.89
8901,3.87,3.89
8902,3.87,3.89
8903,3.87,3.89
8904,3.87,3.90
8906,3.87,3.90
8907,3.87,3.89
8908,3.87,3.89
8909,3.87,3.89
8910,3.87,3.89
8911,3.87,3.89
8912,3.87,3.89
8913,3.87,3.89
8914,3.87,3.89
8915,3.87,3.89
8918,3.87,3.89
8919,3.87,3.89
8920,3.87,3.89
8921,3.87,3.89
8922,3.87,3.90
8923,3.87,3.89
8924,3.87,3.89
8925,3.87,3.89
8926,3.87,3.89
8928,3.87,3.90
8929,3.87,3.89
8930,3.87,3.89
8931,3.87,3.89
8932,3.87,3.89
8933,3.87,3.89
8934,3.87,3.89
8935,3.87,3.89
8936,3.87,3.89
8938,3.87,3.89
8939,3.87,3.89
8940,3.87,3.89
8941,3.87,3.89
8942,3.87,3.89
8943,3.87,3.89
8944,3.87,3.89
8945,3.87,3.90
8946,3.87,3.89
8948,3.87,3.89
8949,3.87,3.89
8950,3.87,3.89
8951,3.87,3.89
8952,3.87,3.89
8953,3.87,3.89
8954,3.87,3.89
8955,3.87,3.89
8956,3.87,3.89
8958,3.87,3.89
8960,3.87,3.89
8961,3.87,3.89
8962,3.87,3.89
8963,3.87,3.90
8964,3.87,3.89
8965,3.87,3.89
8966,3.87,3.89
8967,3.87,3.89
8968,3.87,3.89
8970,3.87,3.89
8971,3.87,3.89
8972,3.87,3.89
8973,3.87,3.89
8974,3.87,3.89
8975,3.87,3.89
8976,3.87,3.89
8977,3.86,3.89
8978,3.87,3.89
8980,3.87,3.89
8981,3.87,3.89
8982,3.86,3.89
8983,3.86,3.89
8984,3.87,3.89
8985,3.86,3.89
8986,3.86,3.89
8987,3.87,3.89
8988,3.87,3.89
8990,3.87,3.89
8991,3.87,3.89
8992,3.87,3.89
8993,3.86,3.89
8994,3.86,3.89
8995,3.86,3.89
8996,3.86,3.89
8997,3.87,3.89
8998,3.87,3.89
9000,3.87,3.89
9001,3.87,3.89
9003,3.87,3.89
9004,3.87,3.89
9005,3.87,3.89
9006,3.87,3.89
9007,3.87,3.89
9008,3.87,3.89
9009,3.87,3.89
9010,3.87,3.89
9012,3.87,3.89
9013,3.87,3.89
9014,3.87,3.89
9015,3.87,3.89
9016,3.87,3.89
9017,3.87,3.89
9018,3.86,3.89
9019,3.86,3.89
9020,3.86,3.89
9022,3.86,3.89
9023,3.86,3.89
9024,3.87,3.89
9025,3.87,3.89
9026,3.86,3.89
9027,3.86,3.89
9028,3.86,3.89
9029,3.87,3.89
9030,3.87,3.89
9032,3.87,3.89
9033,3.87,3.89
9034,3.87,3.89
9035,3.87,3.89
9036,3.87,3.89
9037,3.87,3.89
9038,3.87,3.89
9039,3.87,3.89
9040,3.87,3.89
9042,3.87,3.89
9043,3.87,3.89
9044,3.87,3.89
9046,3.86,3.89
9047,3.86,3.89
9048,3.87,3.89
9049,3.87,3.89
9050,3.87,3.89
9051,3.87,3.89
9052,3.87,3.89
9054,3.86,3.89
9055,3.86,3.89
9056,3.87,3.89
9057,3.87,3.90
9058,3.87,3.89
9059,3.87,3.89
9060,3.86,3.89
9061,3.86,3.89
9062,3.86,3.89
9064,3.86,3.89
9065,3.86,3.89
9066,3.86,3.89
9067,3.86,3.89
9068,3.86,3.89
9069,3.87,3.89
9070,3.87,3.89
9071,3.87,3.89
9072,3.87,3.90
9074,3.87,3.89
9075,3.87,3.89
9076,3.87,3.89
9077,3.87,3.89
9078,3.87,3.89
9079,3.86,3.89
9080,3.86,3.89
9081,3.86,3.89
9082,3.86,3.89
9084,3.86,3.89
9085,3.87,3.89
9086,3.86,3.89
9088,3.87,3.89
9089,3.87,3.89
9090,3.87,3.89
9091,3.87,3.89
9092,3.87,3.89
9093,3.87,3.89
9094,3.86,3.89
9096,3.86,3.89
9097,3.87,3.89
9098,3.87,3.89
9099,3.87,3.89
9100,3.87,3.89
9101,3.86,3.89
9102,3.86,3.89
9103,3.86,3.89
9104,3.87,3.89
9106,3.86,3.89
9107,3.86,3.89
9108,3.87,3.89
9109,3.87,3.89
9110,3.87,3.89
9111,3.86,3.89
9112,3.86,3.89
9113,3.86,3.89
9114,3.86,3.89
9116,3.87,3.89
9117,3.87,3.89
9118,3.87,3.89
9119,3.87,3.89
9120,3.87,3.89
9121,3.87,3.89
9122,3.87,3.89
9123,3.87,3.89
9124,3.87,3.89
9126,3.87,3.89
9127,3.87,3.89
9128,3.86,3.89
9129,3.87,3.89
9131,3.87,3.89
9132,3.87,3.89
9133,3.87,3.89
9134,3.87,3.89
9135,3.87,3.89
9137,3.87,3.89
9138,3.87,3.89
9139,3.87,3.90
9140,3.87,3.89
9141,3.87,3.89
9142,3.87,3.89
9143,3.87,3.89
9144,3.86,3.89
9145,3.86,3.89
9146,3.86,3.89
9148,3.87,3.89
9149,3.87,3.89
9150,3.87,3.89
9151,3.87,3.89
9152,3.87,3.89
9153,3.87,3.89
9154,3.87,3.89
9155,3.87,3.89
9156,3.87,3.89
9158,3.87,3.89
9159,3.87,3.89
9160,3.87,3.89
9161,3.86,3.89
9162,3.86,3.89
9163,3.86,3.89
9164,3.87,3.89
9165,3.87,3.89
9166,3.87,3.89
9168,3.87,3.89
9169,3.87,3.89
9170,3.86,3.89
9171,3.87,3.89
9172,3.87,3.89
9174,3.87,3.89
9175,3.87,3.89
9176,3.87,3.89
9177,3.87,3.89
9179,3.86,3.89
9180,3.86,3.89
9181,3.86,3.89
9182,3.87,3.89
9183,3.87,3.89
9184,3.87,3.89
9185,3.87,3.89
9186,3.86,3.89
9187,3.86,3.89
9188,3.86,3.89
9190,3.86,3.89
9191,3.86,3.89
9192,3.87,3.89
9193,3.87,3.89
9194,3.86,3.89
9195,3.86,3.89
9196,3.86,3.89
9197,3.87,3.89
9198,3.87,3.89
9200,3.87,3.89
9201,3.87,3.89
9202,3.87,3.89
9203,3.87,3.89
9204,3.86,3.89
9205,3.86,3.89
9206,3.87,3.89
9207,3.86,3.89
9208,3.86,3.89
9210,3.87,3.89
9211,3.86,3.89
9212,3.86,3.89
9213,3.86,3.89
9214,3.86,3.89
9216,3.86,3.89
9217,3.86,3.89
9218,3.87,3.89
9219,3.87,3.89
9221,3.86,3.89
9222,3.87,3.89
9223,3.86,3.89
9224,3.86,3.89
9225,3.87,3.89
9226,3.87,3.89
9227,3.87,3.89
9228,3.86,3.89
9229,3.86,3.89
9230,3.86,3.89
9232,3.86,3.89
9233,3.86,3.89
9234,3.86,3.89
9235,3.86,3.89
9236,3.86,3.89
9237,3.86,3.89
9238,3.86,3.89
9239,3.86,3.89
9240,3.86,3.89
9242,3.86,3.89
9243,3.86,3.89
9244,3.86,3.89
9245,3.86,3.89
9246,3.86,3.89
9247,3.86,3.89
9248,3.86,3.89
9249,3.86,3.89
9250,3.86,3.89
9252,3.86,3.89
9253,3.86,3.89
9254,3.86,3.89
9255,3.86,3.89
9256,3.86,3.89
9257,3.86,3.89
9259,3.86,3.89
9260,3.86,3.89
9261,3.86,3.89
9263,3.86,3.89
9264,3.86,3.89
9265,3.86,3.89
9266,3.86,3.89
9267,3.86,3.89
9268,3.86,3.89
9269,3.86,3.89
9270,3.86,3.89
9271,3.86,3.89
9272,3.86,3.89
9274,3.86,3.89
9275,3.86,3.89
9276,3.87,3.89
9277,3.86,3.89
9278,3.86,3.89
9279,3.86,3.89
9280,3.86,3.89
9281,3.86,3.89
9282,3.86,3.89
9284,3.86,3.89
9285,3.86,3.89
9286,3.86,3.89
9287,3.86,3.89
9288,3.86,3.89
9289,3.86,3.89
9290,3.86,3.89
9291,3.86,3.89
9292,3.86,3.89
9294,3.86,3.89
9295,3.86,3.89
9296,3.86,3.89
9297,3.86,3.89
9298,3.86,3.89
9299,3.86,3.89
9300,3.86,3.89
9302,3.86,3.89
9303,3.86,3.89
9305,3.86,3.89
9306,3.86,3.89
9307,3.86,3.89
9308,3.86,3.89
9309,3.86,3.89
9310,3.86,3.89
9311,3.86,3.89
9312,3.86,3.89
9313,3.86,3.89
9314,3.86,3.89
9316,3.86,3.89
9317,3.86,3.89
9318,3.86,3.89
9319,3.86,3.89
9320,3.86,3.89
9321,3.86,3.89
9322,3.86,3.89
9323,3.86,3.89
9324,3.86,3.89
9326,3.86,3.89
9327,3.86,3.89
9328,3.86,3.89
9329,3.86,3.89
9330,3.86,3.89
9331,3.86,3.89
9332,3.86,3.89
9333,3.86,3.89
9334,3.86,3.89
9336,3.86,3.89
9337,3.86,3.89
9338,3.86,3.89
9339,3.86,3.89
9340,3.86,3.89
9341,3.86,3.89
9342,3.86,3.89
9344,3.86,3.89
9345,3.86,3.89
9347,3.86,3.89
9348,3.86,3.89
9349,3.86,3.89
9350,3.86,3.89
9351,3.86,3.89
9352,3.86,3.89
9353,3.86,3.89
9354,3.86,3.89
9355,3.86,3.89
9356,3.86,3.89
9358,3.86,3.88
9359,3.86,3.89
9360,3.86,3.88
9361,3.86,3.88
9362,3.86,3.88
9363,3.85,3.88
9364,3.85,3.88
9365,3.85,3.88
9366,3.85,3.88
9368,3.85,3.88
9369,3.85,3.88
9370,3.85,3.88
9371,3.85,3.88
9372,3.85,3.88
9373,3.85,3.88
9374,3.85,3.88
9375,3.85,3.88
9376,3.85,3.88
9378,3.85,3.88
9379,3.85,3.88
9380,3.85,3.88
9381,3.85,3.88
9382,3.85,3.88
9383,3.85,3.88
9384,3.85,3.88
9385,3.85,3.88
9387,3.85,3.88
9389,3.85,3.88
9390,3.85,3.88
9391,3.85,3.88
9392,3.85,3.88
9393,3.85,3.88
9394,3.85,3.88
9395,3.85,3.88
9396,3.85,3.88
9397,3.85,3.88
9398,3.85,3.87
9400,3.85,3.88
9401,3.85,3.88
9402,3.85,3.88
9403,3.85,3.88
9404,3.85,3.87
9405,3.85,3.88
9406,3.85,3.87
9407,3.85,3.88
9408,3.85,3.88
9410,3.85,3.88
9411,3.85,3.88
9412,3.85,3.87
9413,3.85,3.88
9414,3.85,3.88
9415,3.85,3.88
9416,3.85,3.88
9417,3.85,3.88
9418,3.85,3.88
9420,3.85,3.88
9421,3.85,3.88
9422,3.85,3.88
9423,3.85,3.88
9424,3.85,3.88
9425,3.85,3.88
9426,3.85,3.88
9427,3.85,3.88
9428,3.85,3.88
9431,3.85,3.88
9432,3.85,3.88
9433,3.85,3.88
9434,3.85,3.88
9435,3.85,3.88
9436,3.85,3.88
9437,3.85,3.88
9438,3.85,3.88
9439,3.85,3.88
9440,3.85,3.88
9442,3.85,3.88
9443,3.85,3.88
9444,3.85,3.88
9445,3.85,3.88
9446,3.85,3.88
9447,3.85,3.88
9448,3.85,3.88
9449,3.85,3.88
9450,3.85,3.87
9452,3.85,3.87
9453,3.85,3.88
9454,3.85,3.87
9455,3.85,3.87
9456,3.85,3.88
9457,3.85,3.88
9458,3.85,3.87
9459,3.85,3.88
9460,3.85,3.88
9462,3.85,3.88
9463,3.85,3.87
9464,3.85,3.88
9465,3.85,3.88
9466,3.85,3.88
9467,3.85,3.88
9468,3.85,3.88
9469,3.85,3.88
9470,3.85,3.88
9473,3.85,3.88
9474,3.85,3.88
9475,3.85,3.88
9476,3.85,3.88
9477,3.85,3.88
9478,3.85,3.88
9479,3.85,3.88
9480,3.85,3.88
9481,3.85,3.88
9483,3.85,3.88
9484,3.85,3.88
9485,3.85,3.88
9486,3.85,3.88
9487,3.85,3.88
9488,3.85,3.88
9489,3.85,3.88
9490,3.85,3.88
9491,3.85,3.88
9492,3.85,3.88
9494,3.85,3.88
9495,3.86,3.88
9496,3.86,3.88
9497,3.86,3.89
9498,3.86,3.89
9499,3.86,3.89
9500,3.86,3.89
9501,3.86,3.89
9502,3.86,3.89
9504,3.86,3.89
9505,3.86,3.89
9506,3.86,3.89
9507,3.86,3.89
9508,3.86,3.89
9509,3.86,3.89
9510,3.87,3.89
9511,3.86,3.89
9512,3.86,3.89
9515,3.86,3.90
9516,3.87,3.90
9517,3.87,3.90
9518,3.87,3.90
9519,3.87,3.90
9520,3.87,3.90
9521,3.87,3.90
9522,3.87,3.90
9523,3.87,3.90
9524,3.87,3.90
9526,3.87,3.90
9527,3.87,3.90
9528,3.87,3.90
9529,3.87,3.90
9530,3.87,3.90
9531,3.87,3.90
9532,3.87,3.90
9533,3.88,3.91
9534,3.88,3.91
9536,3.88,3.91
9537,3.88,3.91
9538,3.88,3.91
9539,3.88,3.91
9540,3.88,3.91
9541,3.88,3.91
9542,3.88,3.91
9543,3.88,3.91
9544,3.88,3.91
9545,3.88,3.91
9547,3.88,3.91
9548,3.89,3.91
9549,3.89,3.91
9550,3.89,3.91
9551,3.89,3.91
9552,3.89,3.91
9553,3.89,3.91
9554,3.89,3.91
9555,3.89,3.91
9558,3.89,3.91
9559,3.89,3.92
9560,3.89,3.92
9561,3.89,3.92
9562,3.89,3.92
9563,3.89,3.92
9564,3.90,3.92
9565,3.90,3.92
9566,3.90,3.92
9568,3.90,3.92
9569,3.90,3.92
9570,3.90,3.92
9571,3.90,3.92
9572,3.90,3.92
9573,3.90,3.93
9574,3.90,3.93
9575,3.90,3.93
9576,3.90,3.93
9577,3.90,3.93
9579,3.90,3.93
9580,3.91,3.93
9581,3.91,3.93
9582,3.91,3.93
9583,3.91,3.93
9584,3.91,3.93
9585,3.91,3.93
9586,3.91,3.93
9587,3.91,3.93
9589,3.91,3.94
9590,3.91,3.94
9591,3.91,3.94
9592,3.91,3.94
9593,3.91,3.94
9594,3.91,3.94
9595,3.91,3.94
9596,3.91,3.94
9597,3.91,3.94
9600,3.91,3.94
9601,3.91,3.94
9602,3.92,3.95
9603,3.92,3.95
9604,3.92,3.95
9605,3.92,3.95
9606,3.92,3.95
9607,3.92,3.95
9608,3.92,3.95
9609,3.92,3.95
9611,3.93,3.95
9612,3.93,3.96
9613,3.93,3.96
9614,3.93,3.96
9615,3.93,3.96
9616,3.93,3.96
9617,3.93,3.97
9618,3.94,3.97
9619,3.94,3.97
9621,3.94,3.97
9622,3.94,3.97
9623,3.94,3.97
9624,3.95,3.98
9625,3.95,3.98
9626,3.95,3.98
9627,3.95,3.98
9628,3.96,3.99
9629,3.96,3.99
9631,3.96,3.99
9632,3.96,3.99
9633,3.97,4.00
9634,3.97,4.00
9635,3.97,4.00
9636,3.97,4.01
9637,3.98,4.01
9638,3.98,4.01
9639,3.98,4.02
9640,3.99,4.02
9643,3.99,4.02
9644,3.99,4.03
9645,4.00,4.03
9646,4.00,4.03
9647,4.00,4.03
9648,4.01,4.04
9649,4.01,4.04
9650,4.01,4.05
9651,4.02,4.05
9652,4.02,4.05
9654,4.02,4.06
9655,4.03,4.06
9656,4.03,4.07
9657,4.04,4.07
9658,4.04,4.07
9659,4.05,4.08
9660,4.05,4.09
9661,4.06,4.09
9662,4.06,4.10
9663,4.07,4.10
9665,4.07,4.11
9666,4.08,4.11
9667,4.08,4.12
9668,4.09,4.12
9669,4.10,4.13
9670,4.10,4.13
9671,4.11,4.14
9672,4.12,4.15
9673,4.13,4.16
9675,4.14,4.18
9676,4.15,4.19
9677,4.16,4.20
9678,4.18,4.22
9679,4.19,4.23
9680,4.21,4.25
9681,4.23,4.27
9682,4.24,4.29
9683,4.26,4.31
9684,4.28,4.33
9687,4.30,4.35
9688,4.32,4.36
9689,4.34,4.38
9690,4.35,4.40
9691,4.37,4.42
9692,4.39,4.44
9693,4.41,4.46
9694,4.43,4.48
9695,4.45,4.50
9697,4.47,4.52
9698,4.48,4.53
9699,4.50,4.55
9700,4.52,4.57
9701,4.53,4.58
9702,4.55,4.59
9703,4.56,4.61
9704,4.57,4.62
9705,4.59,4.63
9707,4.60,4.64
9708,4.61,4.66
9709,4.62,4.67
9710,4.63,4.68
9711,4.64,4.69
9712,4.65,4.70
9713,4.66,4.71
9714,4.67,4.72
9715,4.68,4.72
9716,4.69,4.73
9718,4.70,4.74
9719,4.70,4.75
9720,4.71,4.76
9721,4.72,4.76
9722,4.72,4.77
9723,4.73,4.78
9724,4.74,4.78
9725,4.74,4.78
9726,4.75,4.79
9729,4.76,4.80
9730,4.76,4.80
9731,4.76,4.80
9732,4.77,4.81
9733,4.77,4.81
9734,4.78,4.82
9735,4.78,4.82
9736,4.78,4.83
9737,4.78,4.83
9739,4.79,4.83
9740,4.79,4.84
9741,4.80,4.84
9742,4.80,4.84
9743,4.80,4.85
9744,4.80,4.85
9745,4.81,4.85
9746,4.81,4.85
9747,4.81,4.86
9748,4.82,4.86
9750,4.82,4.86
9751,4.82,4.86
9752,4.82,4.87
9753,4.82,4.87
9754,4.83,4.87
9755,4.83,4.87
9756,4.83,4.87
9757,4.83,4.88
9758,4.83,4.88
9760,4.83,4.88
9761,4.84,4.88
9762,4.84,4.88
9763,4.84,4.88
9764,4.84,4.89
9765,4.84,4.89
9766,4.84,4.89
9767,4.84,4.89
9768,4.85,4.89
9771,4.85,4.89
9772,4.85,4.89
9773,4.85,4.89
9774,4.85,4.90
9775,4.85,4.90
9776,4.85,4.90
9777,4.85,4.90
9778,4.85,4.90
9779,4.86,4.90
9780,4.86,4.90
9782,4.86,4.90
9783,4.86,4.90
9784,4.86,4.90
9785,4.86,4.90
9786,4.86,4.90
9787,4.86,4.90
9788,4.86,4.91
9789,4.86,4.91
9790,4.86,4.91
9791,4.86,4.91
9793,4.86,4.91
9794,4.86,4.91
9795,4.86,4.91
9796,4.87,4.91
9797,4.87,4.91
9798,4.87,4.91
9799,4.87,4.91
9800,4.87,4.91
9801,4.87,4.91
9803,4.87,4.91
9804,4.87,4.91
9805,4.87,4.91
9806,4.87,4.91
9807,4.87,4.91
9808,4.87,4.91
9809,4.87,4.91
9810,4.87,4.91
9811,4.87,4.91
9814,4.87,4.91
9815,4.87,4.91
9816,4.87,4.91
9817,4.87,4.91
9818,4.87,4.91
9819,4.87,4.92
9820,4.87,4.92
9821,4.87,4.91
9822,4.87,4.92
9823,4.87,4.92
9825,4.87,4.92
9826,4.87,4.92
9827,4.87,4.91
9828,4.87,4.92
9829,4.87,4.92
9830,4.87,4.92
9831,4.87,4.92
9832,4.87,4.92
9833,4.87,4.92
9835,4.87,4.92
9836,4.87,4.92
9837,4.87,4.92
9838,4.87,4.92
9839,4.87,4.92
9840,4.87,4.92
9841,4.87,4.92
9842,4.87,4.92
9843,4.87,4.92
9845,4.87,4.92
9846,4.87,4.92
9847,4.88,4.92
9848,4.88,4.92
9849,4.88,4.92
9850,4.87,4.92
9851,4.87,4.92
9852,4.87,4.92
9853,4.87,4.92
9856,4.88,4.92
9857,4.88,4.92
9858,4.87,4.92
9859,4.87,4.92
9860,4.87,4.91
9861,4.87,4.91
9862,4.87,4.91
9863,4.87,4.91
9864,4.87,4.91
9866,4.87,4.91
9867,4.87,4.91
9868,4.86,4.91
9869,4.86,4.90
9870,4.86,4.90
9871,4.86,4.90
9872,4.86,4.90
9873,4.85,4.90
9874,4.85,4.89
9875,4.85,4.89
9877,4.85,4.89
9878,4.84,4.89
9879,4.84,4.88
9880,4.84,4.88
9881,4.84,4.88
9882,4.83,4.87
9883,4.83,4.87
9884,4.83,4.87
9885,4.83,4.87
9887,4.82,4.87
9888,4.82,4.86
9889,4.82,4.86
9890,4.82,4.86
9891,4.82,4.86
9892,4.81,4.86
9893,4.81,4.85
9894,4.81,4.85
9895,4.81,4.85
9897,4.80,4.84
9899,4.80,4.84
9900,4.80,4.84
9901,4.79,4.83
9902,4.79,4.83
9903,4.78,4.82
9904,4.78,4.81
9905,4.77,4.81
9906,4.77,4.80
9907,4.76,4.79
9909,4.75,4.78
9910,4.73,4.76
9911,4.72,4.75
9912,4.70,4.72
9913,4.68,4.70
9914,4.65,4.67
9915,4.62,4.64
9916,4.59,4.60
9917,4.55,4.56
9919,4.50,4.50
9920,4.44,4.43
9921,4.37,4.35
9922,4.30,4.28
9923,4.24,4.23
9924,4.20,4.21
9925,4.18,4.20
9926,4.17,4.19
9927,4.17,4.20
9929,4.17,4.21
9930,4.18,4.22
9931,4.19,4.23
9932,4.21,4.25
9933,4.22,4.26
9934,4.24,4.28
9935,4.26,4.30
9936,4.28,4.32
9937,4.30,4.35
9938,4.32,4.36
9940,4.34,4.39
9942,4.36,4.41
9943,4.38,4.43
9944,4.40,4.45
9945,4.43,4.48
9946,4.45,4.50
9947,4.47,4.52
9948,4.49,4.54
9949,4.51,4.55
9951,4.52,4.57
9952,4.54,4.58
9953,4.55,4.60
9954,4.57,4.61
9955,4.58,4.63
9956,4.59,4.64
9957,4.60,4.65
9958,4.62,4.66
9959,4.63,4.68
9961,4.64,4.68
9962,4.65,4.70
9963,4.66,4.71
9964,4.67,4.72
9965,4.68,4.73
9966,4.69,4.73
9967,4.70,4.74
9968,4.71,4.75
9969,4.71,4.76
9970,4.72,4.76
9972,4.73,4.77
9973,4.73,4.78
9974,4.74,4.78
9975,4.75,4.78
9976,4.75,4.79
9977,4.76,4.80
9978,4.76,4.80
9979,4.77,4.81
9980,4.77,4.81
9982,4.78,4.82
9984,4.78,4.82
9985,4.78,4.82
9986,4.79,4.83
9987,4.79,4.83
9988,4.79,4.84
9989,4.80,4.84
9990,4.80,4.84
9991,4.80,4.84
9993,4.81,4.85
9994,4.81,4.85
9995,4.81,4.85
9996,4.81,4.86
9997,4.82,4.86
9998,4.82,4.86
9999,4.82,4.86
10000,4.82,4.87
10001,4.83,4.87
10003,4.83,4.87
10004,4.83,4.87
10005,4.83,4.88
10006,4.83,4.88
10007,4.83,4.88
10008,4.84,4.88
10009,4.84,4.88
10011,4.84,4.88
10012,4.84,4.89
10013,4.84,4.89
10014,4.85,4.89
10015,4.85,4.89
10016,4.85,4.89
10018,4.85,4.89
10019,4.85,4.90
10020,4.85,4.90
10021,4.85,4.90
10022,4.85,4.90
10023,4.85,4.90
10024,4.85,4.90
10027,4.86,4.90
10028,4.86,4.90
10029,4.86,4.90
10030,4.86,4.90
10031,4.86,4.90
10032,4.86,4.90
10033,4.86,4.91
10035,4.86,4.91
10036,4.86,4.91
10037,4.86,4.91
10038,4.86,4.91
10039,4.87,4.91
10040,4.87,4.91
10041,4.87,4.91
10043,4.87,4.91
10044,4.87,4.91
10045,4.87,4.91
10046,4.87,4.91
10047,4.87,4.91
10048,4.87,4.91
10049,4.87,4.91
10051,4.87,4.91
10052,4.87,4.91
10053,4.87,4.91
10054,4.87,4.91
10055,4.87,4.92
10056,4.87,4.92
10058,4.87,4.91
10059,4.87,4.92
10060,4.87,4.92
10061,4.87,4.92
10062,4.87,4.92
10063,4.87,4.92
10064,4.87,4.92
10066,4.88,4.92
10067,4.87,4.92
10068,4.88,4.92
10070,4.88,4.92
10071,4.88,4.92
10072,4.88,4.92
10073,4.88,4.92
10075,4.88,4.92
10076,4.88,4.92
10077,4.88,4.92
10078,4.88,4.92
10079,4.88,4.92
10080,4.88,4.92
10081,4.88,4.92
10083,4.88,4.92
10084,4.88,4.92
10085,4.88,4.92
10086,4.88,4.92
10087,4.88,4.92
10088,4.88,4.92
10089,4.88,4.92
10091,4.88,4.92
10092,4.88,4.92
10093,4.88,4.92
10094,4.88,4.92
10095,4.88,4.92
10096,4.88,4.92
10098,4.88,4.92
10099,4.88,4.92
10100,4.88,4.92
10101,4.88,4.92
10102,4.88,4.92
10103,4.88,4.92
10104,4.88,4.92
10106,4.88,4.92
10107,4.88,4.92
10108,4.88,4.92
10109,4.88,4.92
10110,4.88,4.92
10112,4.88,4.92
10113,4.88,4.92
10115,4.88,4.92
10116,4.88,4.92
10117,4.88,4.92
10118,4.88,4.92
10119,4.88,4.92
10120,4.88,4.92
10121,4.88,4.92
10123,4.88,4.92
10124,4.88,4.92
10125,4.88,4.92
10126,4.88,4.92
10127,4.88,4.92
10128,4.88,4.92
10130,4.88,4.92
10131,4.88,4.92
10132,4.88,4.92
10133,4.88,4.92
10134,4.88,4.92
10135,4.88,4.92
10136,4.88,4.92
10138,4.88,4.92
10139,4.88,4.92
10140,4.88,4.92
10141,4.88,4.92
10142,4.88,4.92
10143,4.88,4.92
10144,4.88,4.92
10146,4.88,4.92
10147,4.88,4.92
10148,4.88,4.92
10149,4.88,4.92
10150,4.88,4.93
10151,4.88,4.92
10152,4.88,4.92
10155,4.88,4.92
10156,4.88,4.92
10157,4.88,4.92
10158,4.88,4.92
10159,4.88,4.92
10160,4.88,4.92
10162,4.88,4.92
10163,4.88,4.92
10164,4.88,4.92
10165,4.88,4.92
10166,4.88,4.92
10167,4.88,4.92
10168,4.88,4.92
10170,4.88,4.92
10171,4.88,4.92
10172,4.88,4.92
10173,4.88,4.92
10174,4.88,4.92
10175,4.88,4.92
10176,4.88,4.92
10178,4.88,4.92
10179,4.88,4.92
10180,4.88,4.92
10181,4.88,4.92
10182,4.88,4.92
10183,4.88,4.92
10184,4.88,4.92
10186,4.88,4.93
10187,4.88,4.92
10188,4.88,4.92
10189,4.88,4.92
10190,4.88,4.93
10191,4.88,4.92
10193,4.88,4.92
10194,4.88,4.92
10195,4.88,4.92
10196,4.88,4.92
10198,4.88,4.92
10199,4.88,4.92
10200,4.88,4.92
10202,4.88,4.92
10203,4.88,4.92
10204,4.88,4.92
10205,4.88,4.92
10206,4.88,4.92
10207,4.88,4.92
10208,4.88,4.92
10210,4.88,4.92
10211,4.88,4.92
10212,4.88,4.92
10213,4.88,4.92
10214,4.88,4.92
10215,4.88,4.92
10216,4.88,4.92
10218,4.88,4.92
10219,4.88,4.92
10220,4.88,4.92
10221,4.88,4.92
10222,4.88,4.92
10223,4.87,4.92
10224,4.87,4.92
10226,4.88,4.92
10227,4.88,4.92
10228,4.87,4.91
10229,4.87,4.91
10230,4.87,4.91
10231,4.87,4.91
10233,4.86,4.90
10234,4.86,4.90
10235,4.86,4.90
10236,4.86,4.90
10237,4.86,4.90
10238,4.86,4.90
10240,4.86,4.90
10242,4.86,4.90
10243,4.86,4.90
10244,4.86,4.90
10245,4.86,4.90
10246,4.86,4.91
10247,4.86,4.90
10248,4.86,4.91
10250,4.86,4.91
10251,4.86,4.91
10252,4.87,4.91
10253,4.87,4.91
10254,4.87,4.91
10255,4.87,4.91
10256,4.87,4.91
10258,4.87,4.91
10259,4.87,4.91
10260,4.87,4.91
10261,4.87,4.91
10262,4.87,4.91
10263,4.87,4.91
10264,4.87,4.91
10266,4.87,4.92
10267,4.87,4.92
10268,4.87,4.92
10269,4.87,4.92
10270,4.87,4.92
10271,4.87,4.92
10273,4.87,4.92
10274,4.87,4.92
10275,4.87,4.92
10276,4.87,4.92
10277,4.87,4.92
10278,4.87,4.92
10279,4.87,4.92
10281,4.88,4.92
10283,4.88,4.92
10284,4.88,4.92
10285,4.88,4.92
10286,4.88,4.92
10287,4.88,4.92
10288,4.88,4.92
10290,4.88,4.92
10291,4.87,4.92
10292,4.88,4.92
10293,4.88,4.92
10294,4.88,4.92
10295,4.88,4.92
10296,4.88,4.92
10298,4.88,4.92
10299,4.88,4.92
10300,4.88,4.92
10301,4.88,4.92
10302,4.88,4.92
10303,4.88,4.92
10304,4.88,4.92
10306,4.88,4.92
10307,4.88,4.92
10308,4.88,4.92
10309,4.88,4.92
10310,4.88,4.92
10311,4.88,4.92
10313,4.88,4.92
10314,4.88,4.92
10315,4.88,4.92
10316,4.88,4.92
10317,4.88,4.92
10318,4.88,4.92
10319,4.88,4.92
10321,4.88,4.92
10322,4.88,4.92
10323,4.88,4.92
10324,4.88,4.92
10326,4.88,4.92
10327,4.88,4.92
10328,4.88,4.92
10330,4.88,4.92
10331,4.88,4.92
10332,4.88,4.92
10333,4.88,4.92
10334,4.88,4.92
10335,4.88,4.92
10336,4.88,4.92
10338,4.88,4.92
10339,4.88,4.92
10340,4.88,4.92
10341,4.88,4.92
10342,4.88,4.92
10343,4.88,4.92
10345,4.88,4.92
10346,4.88,4.92
10347,4.88,4.92
10348,4.88,4.92
10349,4.88,4.92
10350,4.88,4.92
10351,4.88,4.92
10353,4.88,4.92
10354,4.88,4.92
10355,4.88,4.92
10356,4.88,4.92
10357,4.88,4.92
10358,4.88,4.93
10359,4.88,4.92
10361,4.88,4.92
10362,4.88,4.92
10363,4.88,4.92
10364,4.88,4.92
10365,4.88,4.92
10366,4.88,4.92
10368,4.88,4.93
10370,4.88,4.92
10371,4.88,4.92
10372,4.88,4.92
10373,4.88,4.92
10374,4.88,4.92
10375,4.88,4.92
10377,4.88,4.92
10378,4.88,4.92
10379,4.88,4.92
10380,4.88,4.92
10381,4.88,4.92
10382,4.88,4.92
10383,4.88,4.92
10385,4.88,4.92
10386,4.88,4.92
10387,4.88,4.92
10388,4.88,4.92
10389,4.88,4.92
10390,4.88,4.92
10391,4.88,4.92
10393,4.88,4.92
10394,4.88,4.93
10395,4.88,4.92
10396,4.88,4.92
10397,4.88,4.92
10398,4.88,4.92
10399,4.88,4.92
10401,4.88,4.92
10402,4.88,4.92
10403,4.88,4.92
10404,4.88,4.92
10405,4.88,4.92
10406,4.88,4.92
10408,4.88,4.92
10409,4.88,4.92
10411,4.88,4.92
10412,4.88,4.92
10413,4.88,4.92
10414,4.88,4.92
10415,4.88,4.93
10417,4.88,4.92
10418,4.88,4.92
10419,4.88,4.93
10420,4.88,4.92
10421,4.88,4.93
10422,4.88,4.92
10423,4.88,4.92
10425,4.88,4.92
10426,4.88,4.92
10427,4.88,4.92
10428,4.88,4.92
10429,4.88,4.92
10430,4.88,4.92
10431,4.88,4.92
10433,4.88,4.92
10434,4.88,4.92
10435,4.88,4.92
10436,4.88,4.93
10437,4.88,4.92
10438,4.88,4.92
10439,4.88,4.92
10441,4.88,4.92
10442,4.88,4.92
10443,4.88,4.92
10444,4.88,4.92
10445,4.88,4.92
10446,4.88,4.92
10448,4.88,4.92
10449,4.88,4.92
10450,4.88,4.92
10451,4.88,4.92
10452,4.88,4.92
10454,4.88,4.92
10455,4.88,4.93
10457,4.88,4.92
10458,4.88,4.92
10459,4.88,4.92
10460,4.88,4.92
10461,4.88,4.92
10462,4.88,4.92
10463,4.88,4.92
10465,4.88,4.92
10466,4.88,4.92
10467,4.88,4.92
10468,4.88,4.92
10469,4.88,4.92
10470,4.88,4.92
10471,4.88,4.92
10473,4.88,4.92
10474,4.88,4.92
10475,4.88,4.92
10476,4.88,4.92
10477,4.88,4.92
10478,4.88,4.92
10480,4.88,4.92
10481,4.88,4.92
10482,4.88,4.93
10483,4.88,4.92
10484,4.88,4.92
10485,4.88,4.92
10486,4.88,4.92
10488,4.88,4.92
10489,4.88,4.92
10490,4.88,4.92
10491,4.88,4.92
10492,4.88,4.92
10493,4.88,4.92
10494,4.88,4.92
10497,4.88,4.92
10498,4.88,4.92
10499,4.88,4.93
10500,4.88,4.92
10501,4.88,4.92
10502,4.88,4.92
10503,4.88,4.92
10505,4.88,4.92
10506,4.88,4.92
10507,4.88,4.92
10508,4.88,4.92
10509,4.88,4.92
10510,4.88,4.92
10512,4.88,4.92
10513,4.88,4.92
10514,4.88,4.93
10515,4.88,4.92
10516,4.88,4.92
10517,4.88,4.92
10518,4.88,4.92
10520,4.88,4.92
10521,4.88,4.93
10522,4.88,4.92
10523,4.88,4.92
10524,4.88,4.92
10525,4.88,4.92
10526,4.88,4.92
10528,4.88,4.92
10529,4.88,4.92
10530,4.88,4.92
10531,4.88,4.92
10532,4.87,4.91
10533,4.87,4.91
10534,4.86,4.89
10536,4.85,4.88
10537,4.83,4.87
10539,4.82,4.85
10540,4.80,4.83
10541,4.78,4.81
10542,4.76,4.78
10544,4.74,4.76
10545,4.71,4.73
10546,4.68,4.69
10547,4.65,4.66
10548,4.61,4.63
10549,4.58,4.60
10550,4.56,4.57
10552,4.52,4.54
10553,4.49,4.51
10554,4.46,4.47
10555,4.43,4.44
10556,4.40,4.41
10557,4.37,4.39
10558,4.35,4.36
10560,4.32,4.33
10561,4.29,4.31
10562,4.27,4.28
10563,4.24,4.25
10564,4.21,4.23
10565,4.19,4.20
10567,4.17,4.18
10568,4.14,4.16
10569,4.13,4.14
10570,4.10,4.12
10571,4.09,4.10
10572,4.06,4.08
10573,4.05,4.06
10575,4.03,4.04
10576,4.01,4.03
10577,3.99,4.01
10578,3.98,3.99
10579,3.96,3.98
10580,3.95,3.97
10582,3.93,3.95
10584,3.92,3.94
10585,3.91,3.93
10586,3.90,3.91
10587,3.89,3.91
10588,3.88,3.90
10589,3.87,3.89
10590,3.86,3.88
10592,3.85,3.87
10593,3.84,3.87
10594,3.84,3.86
10595,3.83,3.85
10596,3.82,3.85
10597,3.82,3.84
10599,3.81,3.84
10600,3.81,3.83
10601,3.80,3.83
10602,3.80,3.83
10603,3.80,3.82
10604,3.80,3.82
10605,3.79,3.82
10607,3.79,3.82
10608,3.79,3.82
10609,3.79,3.82
10610,3.79,3.82
10611,3.79,3.82
10612,3.79,3.82
10613,3.79,3.82
10615,3.79,3.82
10616,3.79,3.82
10617,3.79,3.82
10618,3.80,3.82
10619,3.80,3.83
10620,3.80,3.83
10621,3.80,3.83
10624,3.80,3.83
10625,3.80,3.83
10626,3.81,3.84
10627,3.81,3.84
10628,3.81,3.84
10629,3.81,3.84
10631,3.81,3.84
10632,3.82,3.85
10633,3.82,3.85
10634,3.82,3.85
10635,3.82,3.85
10636,3.82,3.85
10637,3.82,3.86
10639,3.83,3.86
10640,3.83,3.86
10641,3.83,3.86
10642,3.83,3.86
10643,3.83,3.86
10644,3.84,3.87
10645,3.84,3.87
10647,3.84,3.87
10648,3.84,3.87
10649,3.85,3.88
10650,3.85,3.88
10651,3.85,3.88
10652,3.85,3.88
10654,3.85,3.88
10655,3.85,3.88
10656,3.85,3.88
10657,3.85,3.88
10658,3.85,3.88
10659,3.86,3.88
10660,3.86,3.89
10662,3.86,3.89
10663,3.86,3.89
10664,3.86,3.89
10665,3.86,3.89
10667,3.86,3.89
10668,3.86,3.89
10669,3.86,3.89
10671,3.86,3.89
10672,3.86,3.89
10673,3.86,3.89
10674,3.86,3.89
10675,3.86,3.89
10676,3.86,3.89
10677,3.86,3.89
10679,3.86,3.89
10680,3.86,3.89
10681,3.86,3.89
10682,3.86,3.89
10683,3.86,3.89
10684,3.86,3.89
10686,3.86,3.89
10687,3.86,3.89
10688,3.86,3.89
10689,3.86,3.89
10690,3.86,3.89
10691,3.86,3.89
10692,3.86,3.89
10694,3.86,3.89
10695,3.86,3.89
10696,3.86,3.89
10697,3.86,3.89
10698,3.86,3.89
10699,3.86,3.89
10700,3.86,3.89
10702,3.86,3.89
10703,3.86,3.89
10704,3.86,3.89
10705,3.86,3.89
10706,3.86,3.89
10707,3.86,3.89
10708,3.86,3.89
10711,3.86,3.89
10712,3.86,3.89
10713,3.86,3.89
10714,3.86,3.89
10715,3.86,3.88
10716,3.86,3.88
10718,3.86,3.88
10719,3.86,3.89
10720,3.86,3.88
10721,3.86,3.88
10722,3.86,3.88
10723,3.86,3.88
10724,3.86,3.88
10726,3.85,3.88
10727,3.85,3.88
10728,3.85,3.88
10729,3.85,3.88
10730,3.85,3.88
10731,3.85,3.88
10732,3.85,3.88
10734,3.85,3.88
10735,3.85,3.88
10736,3.85,3.88
10737,3.85,3.88
10738,3.85,3.88
10739,3.85,3.88
10740,3.85,3.88
10742,3.85,3.88
10743,3.85,3.88
10744,3.85,3.88
10745,3.85,3.88
10746,3.85,3.88
10747,3.85,3.88
10749,3.85,3.88
10750,3.85,3.88
10752,3.85,3.88
10753,3.85,3.87
10754,3.85,3.87
10755,3.85,3.88
10756,3.85,3.87
10758,3.84,3.87
10759,3.84,3.87
10760,3.84,3.87
10761,3.84,3.87
10762,3.84,3.87
10763,3.84,3.87
10764,3.84,3.87
10766,3.84,3.87
10767,3.84,3.87
10768,3.84,3.87
10769,3.84,3.87
10770,3.84,3.87
10771,3.84,3.87
10772,3.84,3.87
10774,3.84,3.87
10775,3.84,3.87
10776,3.84,3.87
10777,3.84,3.87
10778,3.84,3.87
10779,3.84,3.87
10780,3.84,3.87
10782,3.84,3.87
10783,3.84,3.87
10784,3.84,3.87
10785,3.84,3.87
10786,3.84,3.87
10787,3.84,3.87
10789,3.84,3.87
10790,3.84,3.87
10791,3.84,3.87
10792,3.84,3.87
10793,3.84,3.87
10795,3.84,3.87
10796,3.84,3.87
10798,3.84,3.86
10799,3.84,3.87
10800,3.84,3.87
10801,3.84,3.87
10802,3.84,3.87
10803,3.84,3.87
10805,3.84,3.87
10806,3.84,3.87
10807,3.84,3.87
10808,3.84,3.87
10809,3.84,3.87
10810,3.84,3.87
10811,3.84,3.87
10813,3.84,3.87
10814,3.84,3.87
10815,3.84,3.87
10816,3.84,3.87
10817,3.84,3.87
10818,3.84,3.87
10819,3.84,3.87
10821,3.84,3.87
10822,3.84,3.87
10823,3.84,3.87
10824,3.84,3.87
10825,3.84,3.86
10826,3.84,3.87
10827,3.84,3.86
10829,3.84,3.87
10830,3.84,3.86
10831,3.84,3.87
10832,3.84,3.86
10833,3.84,3.86
10834,3.84,3.87
10836,3.84,3.86
10838,3.84,3.87
10839,3.84,3.86
10840,3.84,3.86
10841,3.84,3.86
10842,3.84,3.86
10843,3.84,3.86
10845,3.84,3.86
10846,3.83,3.86
10847,3.84,3.86
10848,3.84,3.86
10849,3.84,3.86
10850,3.83,3.86
10851,3.84,3.86
10853,3.84,3.86
10854,3.84,3.87
10855,3.84,3.86
10856,3.84,3.86
10857,3.84,3.86
10858,3.84,3.86
10860,3.84,3.86
10861,3.84,3.86
10862,3.84,3.87
10863,3.84,3.86
10864,3.84,3.87
10865,3.84,3.87
10866,3.84,3.86
10868,3.84,3.86
10869,3.84,3.86
10870,3.84,3.87
10871,3.84,3.87
10872,3.84,3.87
10873,3.84,3.87
10874,3.84,3.87
10876,3.84,3.87
10877,3.84,3.87
10878,3.84,3.87
10880,3.84,3.87
10881,3.84,3.87
10882,3.84,3.87
10884,3.84,3.87
10885,3.84,3.87
10886,3.84,3.87
10887,3.84,3.87
10888,3.84,3.87
10889,3.84,3.87
10890,3.84,3.87
10892,3.84,3.87
10893,3.84,3.87
10894,3.84,3.87
10895,3.84,3.87
10896,3.84,3.87
10897,3.84,3.87
10898,3.84,3.87
10900,3.84,3.87
10901,3.84,3.87
10902,3.84,3.87
10903,3.84,3.87
10904,3.84,3.87
10905,3.84,3.87
10907,3.84,3.87
10908,3.84,3.87
10909,3.84,3.87
10910,3.84,3.87
10911,3.84,3.87
10912,3.84,3.87
10913,3.84,3.87
10915,3.84,3.87
10916,3.84,3.87
10917,3.84,3.87
10918,3.84,3.87
10919,3.84,3.87
10920,3.84,3.87
10921,3.84,3.87
10924,3.84,3.87
10925,3.84,3.87
10926,3.84,3.87
10927,3.84,3.87
10928,3.84,3.87
10929,3.84,3.87
10930,3.84,3.87
10932,3.84,3.87
10933,3.84,3.87
10934,3.84,3.87
10935,3.84,3.87
10936,3.84,3.87
10937,3.84,3.87
10939,3.84,3.87
10940,3.84,3.87
10941,3.84,3.87
10942,3.84,3.87
10943,3.84,3.87
10944,3.84,3.87
10945,3.84,3.87
10947,3.84,3.87
10948,3.84,3.87
10949,3.84,3.87
10950,3.84,3.87
10951,3.84,3.87
10952,3.84,3.87
10953,3.84,3.87
10955,3.84,3.87
10956,3.84,3.87
10957,3.84,3.87
10958,3.84,3.87
10959,3.84,3.87
10960,3.84,3.87
10961,3.84,3.87
10963,3.84,3.87
10964,3.84,3.87
10966,3.84,3.87
10967,3.84,3.87
10968,3.84,3.87
10969,3.84,3.87
10971,3.84,3.87
10972,3.84,3.87
10973,3.84,3.87
10974,3.84,3.87
10975,3.84,3.87
10976,3.84,3.87
10977,3.84,3.87
10979,3.84,3.87
10980,3.84,3.87
10981,3.84,3.87
10982,3.84,3.87
10983,3.84,3.87
10984,3.84,3.87
10985,3.84,3.87
10987,3.84,3.87
10988,3.84,3.87
10989,3.84,3.87
10990,3.84,3.87
10991,3.84,3.87
10992,3.84,3.87
10993,3.84,3.87
10995,3.84,3.87
10996,3.84,3.87
10997,3.84,3.87
10998,3.84,3.87
10999,3.84,3.87
11000,3.84,3.87
11002,3.84,3.87
11003,3.84,3.87
11004,3.84,3.87
11005,3.84,3.87
11006,3.84,3.87
11008,3.84,3.87
11009,3.84,3.87
11011,3.84,3.87
11012,3.84,3.87
11013,3.84,3.87
11014,3.84,3.87
11015,3.84,3.87
11016,3.84,3.87
11017,3.84,3.87
11019,3.84,3.87
11020,3.84,3.87
11021,3.84,3.87
11022,3.84,3.87
11023,3.84,3.87
11024,3.84,3.87
11025,3.84,3.87
11027,3.84,3.87
11028,3.84,3.87
11029,3.84,3.87
11030,3.84,3.87
11031,3.84,3.87
11032,3.84,3.87
11034,3.84,3.87
11035,3.84,3.87
11036,3.84,3.87
11037,3.84,3.87
11038,3.84,3.87
11039,3.84,3.87
11040,3.84,3.87
11042,3.84,3.87
11043,3.84,3.87
11044,3.84,3.87
11045,3.84,3.87
11046,3.84,3.87
11047,3.84,3.87
11049,3.84,3.87
11051,3.84,3.87
11052,3.84,3.87
11053,3.84,3.87
11054,3.84,3.87
11055,3.84,3.87
11056,3.84,3.87
11058,3.84,3.87
11059,3.84,3.87
11060,3.84,3.87
11061,3.84,3.87
11062,3.84,3.87
11063,3.84,3.87
11065,3.84,3.87
11066,3.84,3.87
11067,3.84,3.87
11068,3.84,3.87
11069,3.84,3.87
11070,3.84,3.87
11071,3.84,3.87
11073,3.84,3.87
11074,3.84,3.87
11075,3.84,3.87
11076,3.84,3.87
11077,3.84,3.87
11078,3.84,3.87
11080,3.84,3.87
11081,3.84,3.87
11082,3.84,3.87
11083,3.84,3.87
11084,3.84,3.87
11085,3.84,3.87
11086,3.84,3.86
11088,3.84,3.87
11089,3.84,3.87
11090,3.84,3.87
11091,3.84,3.87
11092,3.84,3.87
11094,3.84,3.87
11096,3.84,3.87
11097,3.84,3.86
11098,3.84,3.87
11099,3.84,3.87
11100,3.84,3.86
11101,3.84,3.86
11102,3.84,3.87
11104,3.84,3.87
11105,3.84,3.87
11106,3.84,3.87
11107,3.84,3.86
11108,3.84,3.87
11109,3.84,3.86
11111,3.84,3.87
11112,3.84,3.86
11113,3.84,3.86
11114,3.84,3.86
11115,3.84,3.87
11116,3.84,3.86
11117,3.84,3.86
11119,3.84,3.86
11120,3.84,3.86
11121,3.84,3.86
11122,3.84,3.86
11123,3.84,3.86
11124,3.84,3.87
11125,3.84,3.86
11127,3.84,3.86
11128,3.84,3.86
11129,3.84,3.87
11130,3.84,3.86
11131,3.84,3.86
11132,3.84,3.86
11134,3.84,3.86
11136,3.84,3.87
11137,3.84,3.86
11138,3.84,3.87
11139,3.84,3.87
11140,3.84,3.86
11141,3.84,3.86
11143,3.84,3.86
11144,3.84,3.86
11145,3.84,3.86
11146,3.84,3.86
11147,3.84,3.86
11148,3.84,3.87
11150,3.84,3.87
11151,3.84,3.87
11152,3.84,3.86
11153,3.84,3.86
11154,3.84,3.86
11155,3.84,3.87
11156,3.84,3.87
11158,3.84,3.87
11159,3.84,3.86
11160,3.84,3.87
11161,3.84,3.87
11162,3.84,3.86
11163,3.84,3.86
11164,3.84,3.87
11166,3.84,3.86
11167,3.84,3.86
11168,3.84,3.86
11169,3.84,3.87
11170,3.84,3.86
11171,3.84,3.86
11173,3.84,3.87
11174,3.84,3.86
11175,3.84,3.86
11176,3.84,3.86
11177,3.84,3.86
11179,3.84,3.86
11180,3.84,3.86
11182,3.84,3.86
11183,3.84,3.86
11184,3.84,3.86
11185,3.84,3.87
11186,3.84,3.86
11187,3.84,3.86
11188,3.84,3.87
11190,3.84,3.87
11191,3.84,3.86
11192,3.84,3.86
11193,3.84,3.86
11194,3.84,3.87
11195,3.84,3.86
11197,3.84,3.87
11198,3.84,3.87
11199,3.84,3.86
11200,3.84,3.86
11201,3.84,3.86
11202,3.84,3.86
11203,3.84,3.86
11205,3.84,3.86
11206,3.84,3.86
11207,3.84,3.86
11208,3.84,3.86
11209,3.84,3.86
11210,3.84,3.86
11211,3.84,3.86
11213,3.84,3.86
11214,3.84,3.87
11215,3.84,3.87
11216,3.84,3.86
11217,3.84,3.86
11218,3.84,3.86
11220,3.84,3.87
11222,3.84,3.86
11223,3.84,3.87
11224,3.84,3.86
11225,3.84,3.87
11226,3.84,3.86
11227,3.84,3.86
11229,3.84,3.87
11230,3.84,3.86
11231,3.84,3.86
11232,3.84,3.86
11233,3.84,3.86
11234,3.84,3.87
11235,3.84,3.86
11237,3.84,3.86
11238,3.84,3.86
11239,3.84,3.86
11240,3.84,3.86
11241,3.84,3.86
11242,3.84,3.87
11243,3.84,3.86
11245,3.84,3.86
11246,3.83,3.86
11247,3.84,3.86
11248,3.84,3.86
11249,3.84,3.86
11250,3.84,3.86
11252,3.84,3.86
11253,3.84,3.86
11254,3.84,3.86
11255,3.84,3.86
11256,3.84,3.86
11257,3.84,3.86
11258,3.84,3.86
11260,3.84,3.86
11261,3.84,3.86
11262,3.84,3.86
11264,3.84,3.86
11265,3.84,3.86
11266,3.84,3.86
11267,3.84,3.86
11269,3.84,3.86
11270,3.84,3.86
11271,3.84,3.86
11272,3.84,3.86
11273,3.84,3.86
11274,3.84,3.86
11276,3.84,3.87
11277,3.84,3.86
11278,3.84,3.86
11279,3.83,3.86
11280,3.84,3.86
11281,3.84,3.86
11282,3.84,3.86
11284,3.84,3.86
11285,3.84,3.86
11286,3.84,3.86
11287,3.84,3.86
11288,3.83,3.86
11289,3.84,3.86
11290,3.84,3.86
11292,3.84,3.86
11293,3.84,3.86
11294,3.84,3.86
11295,3.83,3.86
11296,3.83,3.86
11297,3.83,3.86
11298,3.83,3.86
11300,3.83,3.86
11301,3.83,3.86
11302,3.83,3.86
11303,3.84,3.86
11304,3.84,3.86
11305,3.83,3.86
11307,3.83,3.86
11309,3.83,3.86
11310,3.84,3.86
11311,3.84,3.86
11312,3.83,3.86
11313,3.83,3.86
11314,3.83,3.86
11316,3.84,3.86
11317,3.84,3.86
11318,3.84,3.86
11319,3.83,3.86
11320,3.83,3.86
11321,3.83,3.86
11322,3.84,3.86
11324,3.84,3.86
11325,3.83,3.86
11326,3.83,3.86
11327,3.83,3.86
11328,3.84,3.86
11329,3.84,3.86
11330,3.83,3.86
11332,3.84,3.86
11333,3.84,3.86
11334,3.84,3.86
11335,3.84,3.86
11336,3.84,3.86
11337,3.84,3.86
11339,3.83,3.86
11340,3.83,3.86
11341,3.83,3.86
11342,3.83,3.86
11343,3.83,3.86
11344,3.83,3.86
11345,3.83,3.86
11347,3.83,3.86
11348,3.83,3.86
11350,3.83,3.86
11351,3.83,3.86
11352,3.84,3.86
11353,3.84,3.86
11354,3.83,3.86
11356,3.84,3.86
11357,3.84,3.86
11358,3.84,3.86
11359,3.83,3.86
11360,3.84,3.86
11361,3.84,3.86
11362,3.83,3.86
11364,3.84,3.86
11365,3.83,3.86
11366,3.83,3.86
11367,3.83,3.86
11368,3.83,3.86
11369,3.83,3.86
11371,3.83,3.86
11372,3.83,3.86
11373,3.83,3.86
11374,3.83,3.86
11375,3.83,3.86
11376,3.83,3.86
11377,3.84,3.86
11379,3.83,3.86
11380,3.84,3.86
11381,3.83,3.86
11382,3.83,3.86
11383,3.83,3.86
11384,3.83,3.86
11385,3.83,3.86
11387,3.83,3.86
11388,3.83,3.86
11389,3.83,3.86
11390,3.83,3.86
11392,3.83,3.86
11393,3.83,3.86
11394,3.83,3.86
11396,3.83,3.86
11397,3.83,3.86
11398,3.83,3.86
11399,3.83,3.86
11400,3.83,3.86
11401,3.83,3.86
11403,3.84,3.86
11404,3.83,3.86
11405,3.83,3.86
11406,3.83,3.86
11407,3.83,3.86
11408,3.83,3.86
11409,3.83,3.86
11411,3.83,3.86
11412,3.83,3.86
11413,3.83,3.86
11414,3.83,3.86
11415,3.83,3.86
11416,3.84,3.86
11417,3.83,3.86
11419,3.83,3.86
11420,3.83,3.86
11421,3.83,3.86
11422,3.83,3.86
11423,3.83,3.86
11424,3.83,3.86
11425,3.83,3.86
11427,3.83,3.86
11428,3.83,3.86
11429,3.83,3.86
11430,3.83,3.86
11431,3.83,3.86
11432,3.83,3.86
11435,3.83,3.86
11436,3.83,3.86
11437,3.83,3.86
11438,3.83,3.86
11439,3.83,3.86
11440,3.83,3.86
11441,3.83,3.86
11443,3.83,3.86
11444,3.83,3.86
11445,3.83,3.86
11446,3.83,3.86
11447,3.83,3.86
11448,3.83,3.86
11449,3.83,3.86
11451,3.83,3.86
11452,3.83,3.86
11453,3.83,3.86
11454,3.83,3.86
11455,3.83,3.86
11456,3.83,3.86
11457,3.83,3.86
11459,3.83,3.86
11460,3.83,3.86
11461,3.83,3.86
11462,3.83,3.86
11463,3.83,3.86
11464,3.83,3.86
11466,3.83,3.86
11467,3.83,3.86
11468,3.83,3.86
11469,3.83,3.86
11470,3.83,3.86
11471,3.83,3.86
11472,3.83,3.86
11474,3.83,3.86
11475,3.83,3.86
11476,3.83,3.86
11478,3.83,3.86
11479,3.83,3.86
11480,3.83,3.86
11481,3.83,3.86
11483,3.83,3.86
11484,3.83,3.86
11485,3.83,3.86
11486,3.83,3.86
11487,3.83,3.86
11488,3.83,3.86
11489,3.83,3.86
11491,3.83,3.86
11492,3.83,3.86
11493,3.83,3.86
11494,3.83,3.86
11495,3.83,3.86
11496,3.83,3.86
11498,3.83,3.86
11499,3.83,3.86
11500,3.83,3.86
11501,3.83,3.86
11502,3.83,3.86
11503,3.83,3.86
11504,3.83,3.86
11506,3.83,3.86
11507,3.83,3.86
11508,3.83,3.86
11509,3.83,3.86
11510,3.83,3.86
11511,3.83,3.86
11512,3.83,3.86
11514,3.83,3.86
11515,3.83,3.86
11516,3.83,3.86
11517,3.83,3.86
11518,3.83,3.86
11520,3.83,3.86
11521,3.83,3.86
11523,3.83,3.86
11524,3.83,3.86
11525,3.83,3.86
11526,3.83,3.86
11527,3.83,3.86
11528,3.83,3.86
11530,3.83,3.86
11531,3.83,3.86
11532,3.83,3.86
11533,3.83,3.86
11534,3.83,3.86
11535,3.83,3.86
11536,3.83,3.86
11538,3.83,3.86
11539,3.83,3.86
11540,3.83,3.86
11541,3.83,3.86
11542,3.83,3.86
11543,3.83,3.86
11544,3.83,3.86
11546,3.83,3.86
11547,3.83,3.86
11548,3.83,3.86
11549,3.83,3.86
11550,3.83,3.86
11551,3.83,3.86
11552,3.83,3.86
11554,3.83,3.86
11555,3.83,3.86
11556,3.83,3.86
11557,3.83,3.86
11558,3.83,3.86
11559,3.83,3.86
11561,3.83,3.86
11563,3.83,3.86
11564,3.83,3.86
11565,3.83,3.86
11566,3.83,3.86
11567,3.83,3.86
11568,3.83,3.86
11570,3.83,3.86
11571,3.83,3.86
11572,3.83,3.86
11573,3.83,3.86
11574,3.83,3.86
11575,3.83,3.86
11576,3.83,3.86
11578,3.83,3.86
11579,3.83,3.86
11580,3.83,3.86
11581,3.83,3.86
11582,3.83,3.86
11583,3.83,3.86
11584,3.83,3.86
11586,3.83,3.86
11587,3.83,3.86
11588,3.83,3.86
11589,3.83,3.86
11590,3.83,3.86
11591,3.83,3.86
11593,3.83,3.86
11594,3.83,3.86
11595,3.83,3.86
11596,3.83,3.86
11597,3.83,3.86
11598,3.83,3.86
11599,3.83,3.86
11601,3.83,3.86
11602,3.83,3.86
11603,3.83,3.86
11604,3.83,3.86
11606,3.83,3.86
11607,3.83,3.86
11608,3.83,3.86
11610,3.83,3.86
11611,3.83,3.86
11612,3.83,3.86
11613,3.83,3.86
11614,3.83,3.86
11615,3.83,3.86
11617,3.83,3.86
11618,3.83,3.86
11619,3.83,3.86
11620,3.83,3.86
11621,3.83,3.86
11622,3.83,3.86
11623,3.83,3.86
11625,3.83,3.86
11626,3.83,3.86
11627,3.83,3.86
11628,3.83,3.86
11629,3.83,3.86
11630,3.83,3.86
11631,3.83,3.86
11633,3.83,3.86
11634,3.83,3.86
11635,3.83,3.86
11636,3.83,3.86
11637,3.83,3.86
11638,3.83,3.86
11639,3.83,3.86
11641,3.83,3.86
11642,3.83,3.86
11643,3.83,3.86
11644,3.83,3.86
11645,3.83,3.86
11646,3.83,3.86
11649,3.83,3.86
11650,3.83,3.86
11651,3.83,3.86
11652,3.83,3.86
11653,3.83,3.86
11654,3.83,3.86
11655,3.83,3.86
11657,3.83,3.86
11658,3.83,3.86
11659,3.83,3.86
11660,3.83,3.86
11661,3.83,3.86
11662,3.83,3.86
11663,3.83,3.86
11665,3.83,3.86
11666,3.83,3.86
11667,3.83,3.86
11668,3.83,3.86
11669,3.83,3.86
11670,3.83,3.86
11671,3.83,3.86
11673,3.83,3.86
11674,3.83,3.86
11675,3.83,3.86
11676,3.83,3.86
11677,3.83,3.86
11678,3.83,3.86
11680,3.83,3.86
11681,3.83,3.86
11682,3.83,3.86
11683,3.83,3.86
11684,3.83,3.86
11685,3.83,3.86
11686,3.83,3.86
11688,3.83,3.86
11689,3.83,3.86
11691,3.83,3.86
11692,3.83,3.86
11693,3.83,3.86
11694,3.83,3.86
11695,3.83,3.86
11697,3.83,3.86
11698,3.83,3.86
11699,3.83,3.86
11700,3.83,3.86
11701,3.83,3.86
11702,3.83,3.86
11704,3.83,3.86
11705,3.83,3.86
11706,3.83,3.86
11707,3.83,3.86
11708,3.83,3.86
11709,3.83,3.86
11710,3.83,3.86
11712,3.83,3.86
11713,3.83,3.86
11714,3.83,3.86
11715,3.83,3.86
11716,3.83,3.86
11717,3.83,3.86
11718,3.83,3.86
11720,3.83,3.86
11721,3.83,3.86
11722,3.83,3.86
11723,3.83,3.86
11724,3.83,3.86
11725,3.83,3.86
11726,3.83,3.86
11728,3.83,3.86
11729,3.83,3.86
11730,3.83,3.86
11731,3.83,3.86
11732,3.83,3.86
11734,3.83,3.86
11736,3.83,3.86
11737,3.83,3.86
11738,3.83,3.86
11739,3.83,3.86
11740,3.83,3.86
11741,3.83,3.86
11742,3.83,3.86
11744,3.83,3.86
11745,3.83,3.86
11746,3.83,3.86
11747,3.83,3.86
11748,3.83,3.86
11749,3.83,3.86
11750,3.83,3.86
11752,3.83,3.86
11753,3.83,3.86
11754,3.83,3.86
11755,3.83,3.86
11756,3.83,3.86
11757,3.83,3.86
11759,3.83,3.86
11760,3.83,3.86
11761,3.83,3.86
11762,3.83,3.86
11763,3.83,3.86
11764,3.83,3.86
11765,3.83,3.86
11767,3.83,3.86
11768,3.83,3.86
11769,3.83,3.86
11770,3.83,3.86
11771,3.83,3.86
11772,3.83,3.86
11774,3.83,3.86
11776,3.83,3.86
11777,3.83,3.86
11778,3.83,3.86
11779,3.83,3.86
11780,3.83,3.86
11781,3.83,3.86
11783,3.83,3.86
11784,3.83,3.86
11785,3.83,3.86
11786,3.83,3.86
11787,3.83,3.86
11788,3.83,3.86
11790,3.83,3.86
11791,3.83,3.86
11792,3.83,3.86
11793,3.83,3.86
11794,3.83,3.86
11795,3.83,3.86
11796,3.83,3.86
11798,3.83,3.86
11799,3.83,3.86
11800,3.83,3.86
11801,3.83,3.86
11802,3.83,3.86
11803,3.83,3.86
11804,3.83,3.86
11806,3.83,3.86
11807,3.83,3.86
11808,3.83,3.86
11809,3.83,3.86
11810,3.83,3.86
11811,3.83,3.86
11813,3.83,3.86
11814,3.83,3.86
11815,3.83,3.86
11816,3.83,3.86
11817,3.83,3.86
11819,3.83,3.86
11821,3.83,3.86
11822,3.83,3.86
11823,3.83,3.86
11824,3.83,3.86
11825,3.83,3.86
11826,3.83,3.86
11827,3.83,3.86
11829,3.83,3.86
11830,3.83,3.86
11831,3.83,3.86
11832,3.83,3.86
11833,3.83,3.86
11834,3.83,3.86
11836,3.83,3.86
11837,3.83,3.86
11838,3.83,3.86
11839,3.83,3.86
11840,3.83,3.86
11841,3.83,3.86
11842,3.83,3.86
11844,3.83,3.86
11845,3.83,3.86
11846,3.83,3.86
11847,3.83,3.86
11848,3.83,3.86
11849,3.83,3.86
11851,3.83,3.86
11852,3.83,3.86
11853,3.83,3.86
11854,3.83,3.86
11855,3.83,3.86
11856,3.83,3.86
11858,3.83,3.86
11859,3.83,3.86
11860,3.83,3.86
11862,3.83,3.86
11863,3.83,3.86
11864,3.83,3.86
11865,3.83,3.86
11867,3.83,3.86
11868,3.83,3.86
11869,3.83,3.86
11870,3.83,3.86
11871,3.83,3.86
11872,3.83,3.86
11874,3.83,3.86
11875,3.83,3.86
11876,3.83,3.86
11877,3.83,3.86
11878,3.83,3.86
11879,3.83,3.86
11880,3.83,3.86
11882,3.83,3.86
11883,3.83,3.86
11884,3.83,3.86
11885,3.83,3.86
11886,3.83,3.86
11887,3.83,3.86
11889,3.83,3.86
11890,3.83,3.86
11891,3.83,3.86
11892,3.83,3.86
11893,3.83,3.86
11894,3.83,3.86
11895,3.83,3.86
11897,3.83,3.86
11898,3.83,3.86
11899,3.83,3.85
11900,3.83,3.86
11901,3.83,3.86
11902,3.83,3.86
11905,3.83,3.86
11906,3.83,3.86
11907,3.83,3.86
11908,3.83,3.86
11909,3.83,3.86
11910,3.83,3.86
11912,3.83,3.86
11913,3.83,3.85
11914,3.83,3.86
11915,3.83,3.86
11916,3.83,3.85
11917,3.83,3.86
11918,3.83,3.85
11920,3.83,3.86
11921,3.83,3.85
11922,3.83,3.85
11923,3.83,3.85
11924,3.83,3.86
11925,3.83,3.85
11926,3.83,3.85
11928,3.83,3.85
11929,3.83,3.86
11930,3.83,3.85
11931,3.83,3.86
11932,3.83,3.85
11933,3.83,3.86
11935,3.83,3.85
11936,3.83,3.85
11937,3.83,3.86
11938,3.83,3.85
11939,3.83,3.85
11940,3.83,3.86
11941,3.83,3.85
11943,3.83,3.85
11944,3.83,3.85
11945,3.83,3.85
11947,3.83,3.86
11948,3.83,3.85
11949,3.83,3.85
11950,3.83,3.86
11952,3.83,3.85
11953,3.83,3.85
11954,3.83,3.86
11955,3.83,3.86
11956,3.83,3.86
11957,3.83,3.86
11959,3.83,3.85
11960,3.83,3.85
11961,3.83,3.85
11962,3.83,3.86
11963,3.83,3.86
11964,3.83,3.85
11965,3.83,3.85
11967,3.83,3.85
11968,3.83,3.85
11969,3.83,3.85
11970,3.83,3.86
11971,3.83,3.85
11972,3.83,3.86
11974,3.83,3.85
11975,3.83,3.85
11976,3.83,3.85
11977,3.83,3.85
11978,3.83,3.85
11979,3.83,3.85
11980,3.83,3.86
11982,3.83,3.85
11983,3.83,3.86
11984,3.83,3.85
11985,3.83,3.85
11986,3.83,3.85
11987,3.83,3.86
11988,3.83,3.85
11991,3.83,3.86
11992,3.83,3.85
11993,3.83,3.85
11994,3.83,3.85
11995,3.83,3.85
11996,3.83,3.85
11998,3.83,3.85
11999,3.83,3.85
12000,3.83,3.85
12001,3.83,3.85
12002,3.83,3.85
12003,3.83,3.85
12004,3.83,3.85
12006,3.83,3.85
12007,3.83,3.85
12008,3.83,3.86
12009,3.83,3.85
12010,3.83,3.85
12011,3.83,3.85
12012,3.83,3.85
12014,3.83,3.85
12015,3.83,3.85
12016,3.83,3.85
12017,3.83,3.85
12018,3.83,3.85
12019,3.83,3.85
12021,3.83,3.85
12022,3.83,3.85
12023,3.83,3.85
12024,3.83,3.85
12025,3.83,3.85
12026,3.83,3.85
12027,3.83,3.85
12029,3.83,3.85
12030,3.83,3.85
12032,3.83,3.85
12033,3.83,3.86
12034,3.83,3.85
12035,3.83,3.85
12036,3.83,3.85
12038,3.83,3.85
12039,3.83,3.85
12040,3.83,3.85
12041,3.83,3.85
12042,3.83,3.85
12043,3.83,3.85
12045,3.83,3.85
12046,3.83,3.85
12047,3.83,3.85
12048,3.83,3.85
12049,3.83,3.85
12050,3.83,3.85
12051,3.83,3.85
12053,3.83,3.85
12054,3.83,3.85
12055,3.83,3.85
12056,3.83,3.85
12057,3.83,3.85
12058,3.82,3.85
12059,3.83,3.85
12061,3.83,3.85
12062,3.83,3.85
12063,3.83,3.85
12064,3.82,3.85
12065,3.82,3.85
12066,3.83,3.85
12067,3.83,3.85
12069,3.83,3.85
12070,3.83,3.85
12071,3.82,3.85
12072,3.82,3.85
12073,3.83,3.85
12075,3.83,3.85
12077,3.83,3.85
12078,3.83,3.85
12079,3.82,3.85
12080,3.82,3.85
12081,3.83,3.85
12082,3.83,3.85
12083,3.83,3.85
12085,3.83,3.85
12086,3.82,3.85
12087,3.82,3.85
12088,3.83,3.85
12089,3.83,3.85
12090,3.83,3.85
12091,3.82,3.85
12093,3.82,3.85
12094,3.82,3.85
12095,3.82,3.85
12096,3.83,3.85
12097,3.83,3.85
12098,3.82,3.85
12099,3.82,3.85
12101,3.82,3.85
12102,3.82,3.85
12103,3.82,3.85
12104,3.82,3.85
12105,3.82,3.85
12106,3.82,3.85
12108,3.82,3.85
12109,3.82,3.85
12110,3.82,3.85
12111,3.82,3.85
12112,3.82,3.85
12113,3.83,3.85
12114,3.83,3.85
12116,3.83,3.85
12118,3.82,3.85
12119,3.82,3.85
12120,3.82,3.85
12121,3.82,3.85
12122,3.82,3.85
12123,3.82,3.85
12125,3.82,3.85
12126,3.82,3.85
12127,3.82,3.85
12128,3.82,3.85
12129,3.82,3.85
12130,3.82,3.85
12131,3.82,3.85
12133,3.82,3.85
12134,3.82,3.85
12135,3.82,3.85
12136,3.82,3.85
12137,3.82,3.85
12138,3.82,3.85
12140,3.82,3.85
12141,3.82,3.85
12142,3.82,3.85
12143,3.83,3.85
12144,3.82,3.85
12145,3.82,3.85
12146,3.82,3.85
12148,3.82,3.85
12149,3.82,3.85
12150,3.83,3.85
12151,3.82,3.85
12152,3.82,3.85
12153,3.82,3.85
12154,3.82,3.85
12156,3.82,3.85
12157,3.82,3.85
12158,3.82,3.85
12160,3.82,3.85
12161,3.82,3.85
12162,3.82,3.85
12163,3.82,3.85
12165,3.82,3.85
12166,3.82,3.85
12167,3.82,3.85
12168,3.82,3.85
12169,3.82,3.85
12170,3.82,3.85
12172,3.82,3.85
12173,3.82,3.85
12174,3.82,3.85
12175,3.82,3.85
12176,3.82,3.85
12177,3.82,3.85
12178,3.82,3.85
12180,3.82,3.85
12181,3.82,3.85
12182,3.82,3.85
12183,3.82,3.85
12184,3.82,3.85
12185,3.82,3.85
12186,3.82,3.85
12188,3.82,3.85
12189,3.82,3.85
12190,3.82,3.85
12191,3.82,3.85
12192,3.82,3.85
12193,3.82,3.85
12194,3.82,3.85
12196,3.82,3.85
12197,3.82,3.85
12198,3.82,3.85
12199,3.82,3.85
12200,3.82,3.85
12201,3.82,3.85
12204,3.82,3.85
12205,3.82,3.85
12206,3.82,3.85
12207,3.82,3.85
12208,3.82,3.85
12209,3.82,3.85
12210,3.82,3.85
12212,3.82,3.85
12213,3.82,3.85
12214,3.82,3.85
12215,3.82,3.85
12216,3.82,3.85
12217,3.82,3.85
12218,3.82,3.85
12220,3.82,3.85
12221,3.82,3.85
12222,3.82,3.85
12223,3.82,3.85
12224,3.82,3.85
12225,3.82,3.85
12226,3.82,3.85
12228,3.82,3.85
12229,3.82,3.85
12230,3.82,3.85
12231,3.82,3.85
12232,3.82,3.85
12233,3.82,3.85
12235,3.82,3.85
12236,3.82,3.85
12237,3.82,3.85
12238,3.82,3.85
12239,3.82,3.85
12240,3.82,3.85
12241,3.82,3.85
12243,3.82,3.85
12244,3.82,3.85
12246,3.82,3.85
12247,3.82,3.85
12248,3.82,3.85
12249,3.82,3.85
12250,3.82,3.85
12252,3.82,3.85
12253,3.82,3.85
12254,3.82,3.85
12255,3.82,3.85
12256,3.82,3.85
12257,3.82,3.85
12258,3.82,3.85
12260,3.82,3.85
12261,3.82,3.85
12262,3.82,3.85
12263,3.82,3.85
12264,3.82,3.85
12265,3.82,3.85
12267,3.82,3.85
12268,3.82,3.85
12269,3.82,3.85
12270,3.82,3.85
12271,3.82,3.85
12272,3.82,3.85
12273,3.82,3.85
12275,3.82,3.85
12276,3.82,3.85
12277,3.82,3.85
12278,3.82,3.85
12279,3.82,3.85
12280,3.82,3.85
12281,3.82,3.85
12283,3.82,3.85
12284,3.82,3.85
12285,3.82,3.85
12286,3.82,3.85
12288,3.82,3.85
12289,3.82,3.85
12290,3.82,3.85
12292,3.82,3.85
12293,3.82,3.85
12294,3.82,3.85
12295,3.82,3.85
12296,3.82,3.85
12297,3.82,3.85
12299,3.82,3.85
12300,3.82,3.85
12301,3.82,3.85
12302,3.82,3.85
12303,3.82,3.85
12304,3.82,3.85
12305,3.82,3.85
12307,3.82,3.85
12308,3.82,3.85
12309,3.82,3.85
12310,3.82,3.85
12311,3.82,3.85
12312,3.82,3.85
12313,3.82,3.85
12315,3.82,3.85
12316,3.82,3.85
12317,3.82,3.85
12318,3.82,3.85
12319,3.82,3.85
12320,3.82,3.85
12321,3.82,3.85
12323,3.82,3.85
12324,3.82,3.85
12325,3.82,3.85
12326,3.82,3.85
12327,3.82,3.85
12328,3.82,3.85
12331,3.82,3.85
12332,3.82,3.85
12333,3.82,3.85
12334,3.82,3.85
12335,3.82,3.85
12336,3.82,3.85
12337,3.82,3.85
12339,3.82,3.85
12340,3.82,3.85
12341,3.82,3.85
12342,3.82,3.85
12343,3.82,3.85
12344,3.82,3.85
12345,3.82,3.85
12347,3.82,3.85
12348,3.82,3.85
12349,3.82,3.85
12350,3.82,3.85
12351,3.82,3.85
12352,3.82,3.85
12353,3.82,3.85
12355,3.82,3.85
12356,3.82,3.85
12357,3.82,3.85
12358,3.82,3.85
12359,3.82,3.85
12360,3.82,3.85
12362,3.82,3.85
12363,3.82,3.85
12364,3.82,3.85
12365,3.82,3.85
12366,3.82,3.85
12367,3.82,3.85
12368,3.82,3.85
12370,3.82,3.85
12371,3.82,3.85
12372,3.82,3.85
12374,3.82,3.85
12375,3.82,3.85
12376,3.82,3.85
12377,3.82,3.85
12379,3.82,3.85
12380,3.82,3.85
12381,3.82,3.85
12382,3.82,3.85
12383,3.82,3.85
12384,3.82,3.85
12385,3.82,3.85
12387,3.82,3.85
12388,3.82,3.85
12389,3.82,3.85
12390,3.82,3.85
12391,3.82,3.85
12392,3.82,3.85
12394,3.82,3.85
12395,3.82,3.85
12396,3.82,3.85
12397,3.82,3.85
12398,3.82,3.85
12399,3.82,3.85
12400,3.82,3.85
12402,3.82,3.85
12403,3.82,3.85
12404,3.82,3.85
12405,3.82,3.85
12406,3.82,3.85
12407,3.82,3.85
12408,3.82,3.85
12410,3.82,3.85
12411,3.82,3.85
12412,3.82,3.85
12413,3.82,3.85
12414,3.82,3.85
12416,3.82,3.85
12417,3.82,3.85
12419,3.82,3.85
12420,3.82,3.85
12421,3.82,3.85
12422,3.82,3.85
12423,3.82,3.85
12424,3.82,3.85
12426,3.82,3.85
12427,3.82,3.85
12428,3.82,3.85
12429,3.82,3.85
12430,3.82,3.85
12431,3.82,3.85
12432,3.82,3.85
12434,3.82,3.85
12435,3.82,3.85
12436,3.82,3.85
12437,3.82,3.85
12438,3.82,3.85
12439,3.82,3.85
12440,3.82,3.85
12442,3.82,3.85
12443,3.82,3.85
12444,3.82,3.85
12445,3.82,3.85
12446,3.82,3.85
12447,3.82,3.85
12449,3.82,3.85
12450,3.82,3.85
12451,3.82,3.85
12452,3.82,3.85
12453,3.82,3.85
12454,3.82,3.85
12455,3.82,3.85
12457,3.82,3.85
12459,3.82,3.85
12460,3.82,3.85
12461,3.82,3.85
12462,3.82,3.85
12463,3.82,3.85
12465,3.82,3.85
12466,3.82,3.85
12467,3.82,3.85
12468,3.82,3.85
12469,3.82,3.85
12470,3.82,3.85
12471,3.82,3.85
12473,3.82,3.85
12474,3.82,3.85
12475,3.82,3.85
12476,3.82,3.85
12477,3.82,3.85
12478,3.82,3.85
12479,3.82,3.85
12481,3.82,3.85
12482,3.82,3.85
12483,3.82,3.85
12484,3.82,3.85
12485,3.82,3.85
12486,3.82,3.85
12488,3.82,3.85
12489,3.82,3.85
12490,3.82,3.85
12491,3.82,3.85
12492,3.82,3.85
12493,3.82,3.85
12495,3.82,3.85
12496,3.82,3.85
12497,3.82,3.85
12498,3.82,3.85
12499,3.82,3.85
12500,3.82,3.85
12502,3.82,3.85
12504,3.82,3.85
12505,3.82,3.85
12506,3.82,3.85
12507,3.82,3.85
12508,3.82,3.85
12509,3.82,3.85
12511,3.82,3.85
12512,3.82,3.85
12513,3.82,3.85
12514,3.82,3.85
12515,3.82,3.85
12516,3.82,3.85
12517,3.82,3.85
12519,3.82,3.85
12520,3.82,3.85
12521,3.82,3.85
12522,3.82,3.85
12523,3.82,3.85
12524,3.82,3.85
12526,3.82,3.85
12527,3.82,3.85
12528,3.82,3.85
12529,3.82,3.85
12530,3.82,3.85
12531,3.82,3.85
12532,3.82,3.85
12534,3.82,3.85
12535,3.82,3.85
12536,3.82,3.85
12537,3.82,3.85
12538,3.82,3.85
12539,3.82,3.85
12541,3.82,3.85
12542,3.82,3.85
12544,3.82,3.85
12545,3.82,3.85
12546,3.82,3.85
12547,3.82,3.85
12549,3.82,3.85
12550,3.82,3.85
12551,3.82,3.85
12552,3.82,3.85
12553,3.82,3.85
12554,3.82,3.85
12555,3.82,3.85
12557,3.82,3.85
12558,3.82,3.85
12559,3.82,3.85
12560,3.82,3.85
12561,3.82,3.85
12562,3.82,3.85
12564,3.82,3.85
12565,3.82,3.85
12566,3.82,3.85
12567,3.82,3.85
12568,3.82,3.85
12569,3.82,3.85
12570,3.82,3.85
12572,3.82,3.85
12573,3.82,3.85
12574,3.82,3.85
12575,3.82,3.85
12576,3.82,3.85
12577,3.82,3.85
12579,3.82,3.85
12580,3.82,3.85
12581,3.82,3.85
12582,3.82,3.85
12583,3.82,3.85
12584,3.82,3.85
12587,3.82,3.85
12588,3.82,3.85
12589,3.82,3.85
12590,3.82,3.85
12591,3.82,3.85
12592,3.82,3.85
12593,3.82,3.85
12595,3.82,3.85
12596,3.82,3.85
12597,3.82,3.85
12598,3.82,3.85
12599,3.82,3.85
12600,3.82,3.85
12602,3.82,3.85
12603,3.82,3.85
12604,3.82,3.85
12605,3.82,3.85
12606,3.82,3.85
12607,3.82,3.85
12608,3.82,3.85
12610,3.82,3.85
12611,3.82,3.85
12612,3.82,3.85
12613,3.82,3.85
12614,3.82,3.85
12615,3.82,3.85
12617,3.82,3.85
12618,3.82,3.85
12619,3.82,3.85
12620,3.82,3.85
12621,3.82,3.85
12622,3.82,3.85
12623,3.82,3.85
12625,3.82,3.85
12626,3.82,3.85
12627,3.82,3.85
12628,3.82,3.85
12630,3.82,3.85
12631,3.82,3.85
12633,3.82,3.85
12634,3.82,3.85
12635,3.82,3.85
12636,3.82,3.85
12637,3.82,3.85
12638,3.82,3.85
12640,3.82,3.85
12641,3.82,3.85
12642,3.82,3.85
12643,3.82,3.85
12644,3.82,3.84
12645,3.82,3.85
12646,3.82,3.85
12648,3.82,3.85
12649,3.82,3.85
12650,3.82,3.85
12651,3.82,3.85
12652,3.82,3.85
12653,3.82,3.85
12655,3.82,3.85
12656,3.82,3.85
12657,3.82,3.85
12658,3.82,3.85
12659,3.82,3.85
12660,3.82,3.85
12661,3.82,3.85
12663,3.82,3.85
12664,3.82,3.85
12665,3.82,3.85
12666,3.82,3.85
12667,3.82,3.85
12668,3.82,3.85
12670,3.82,3.85
12672,3.82,3.85
12673,3.82,3.85
12674,3.82,3.85
12675,3.82,3.85
12676,3.82,3.84
12677,3.82,3.85
12679,3.82,3.85
12680,3.82,3.85
12681,3.82,3.85
12682,3.82,3.84
12683,3.82,3.85
12684,3.82,3.85
12686,3.82,3.85
12687,3.82,3.85
12688,3.82,3.85
12689,3.82,3.85
12690,3.82,3.84
12691,3.82,3.85
12692,3.82,3.84
12694,3.82,3.84
12695,3.82,3.84
12696,3.82,3.84
12697,3.82,3.85
12698,3.82,3.84
12699,3.82,3.85
12701,3.82,3.85
12702,3.82,3.84
12703,3.82,3.85
12704,3.82,3.84
12705,3.82,3.84
12706,3.82,3.84
12707,3.82,3.84
12709,3.82,3.84
12710,3.82,3.84
12711,3.82,3.84
12712,3.82,3.84
12713,3.82,3.85
12715,3.82,3.84
12716,3.82,3.85
12718,3.82,3.84
12719,3.82,3.84
12720,3.82,3.84
12721,3.82,3.85
12722,3.82,3.84
12723,3.82,3.85
12725,3.82,3.85
12726,3.82,3.85
12727,3.82,3.85
12728,3.82,3.84
12729,3.82,3.84
12730,3.82,3.84
12731,3.82,3.84
12733,3.82,3.84
12734,3.82,3.84
12735,3.82,3.84
12736,3.82,3.84
12737,3.82,3.84
12738,3.82,3.84
12740,3.82,3.84
12741,3.82,3.84
12742,3.82,3.84
12743,3.82,3.84
12744,3.82,3.84
12745,3.82,3.85
12746,3.82,3.84
12748,3.82,3.84
12749,3.82,3.85
12750,3.82,3.85
12751,3.82,3.84
12752,3.82,3.85
12753,3.82,3.85
12754,3.82,3.84
12756,3.82,3.85
12758,3.82,3.85
12759,3.82,3.85
12760,3.82,3.85
12761,3.82,3.84
12762,3.82,3.85
12764,3.82,3.84
12765,3.82,3.85
12766,3.82,3.85
12767,3.82,3.84
12768,3.82,3.84
12769,3.82,3.85
12770,3.82,3.85
12772,3.82,3.85
12773,3.82,3.85
12774,3.82,3.84
12775,3.82,3.84
12776,3.82,3.84
12777,3.82,3.84
12779,3.82,3.84
12780,3.82,3.84
12781,3.82,3.84
12782,3.82,3.84
12783,3.82,3.84
12784,3.82,3.84
12785,3.82,3.84
12787,3.82,3.84
12788,3.81,3.84
12789,3.82,3.84
12790,3.82,3.84
12791,3.82,3.84
12792,3.81,3.84
12793,3.81,3.84
12795,3.81,3.84
12796,3.81,3.84
12797,3.81,3.84
12798,3.81,3.84
12800,3.81,3.84
12801,3.81,3.84
12803,3.81,3.84
12804,3.81,3.84
12805,3.81,3.84
12806,3.81,3.84
12807,3.81,3.84
12808,3.81,3.84
12809,3.81,3.84
12811,3.81,3.84
12812,3.81,3.84
12813,3.81,3.84
12814,3.81,3.84
12815,3.81,3.84
12816,3.81,3.84
12817,3.81,3.84
12819,3.81,3.84
12820,3.81,3.84
12821,3.81,3.84
12822,3.81,3.84
12823,3.81,3.84
12824,3.81,3.84
12825,3.81,3.84
12827,3.81,3.84
12828,3.81,3.84
12829,3.81,3.84
12830,3.81,3.84
12831,3.81,3.84
12832,3.81,3.84
12834,3.81,3.83
12835,3.81,3.84
12836,3.81,3.83
12837,3.81,3.84
12838,3.81,3.83
12839,3.81,3.83
12840,3.81,3.83
12843,3.80,3.83
12844,3.80,3.83
12845,3.80,3.83
12846,3.80,3.83
12847,3.80,3.83
12848,3.80,3.83
12849,3.80,3.83
12851,3.80,3.83
12852,3.80,3.83
12853,3.80,3.83
12854,3.80,3.82
12855,3.80,3.83
12856,3.80,3.83
12857,3.80,3.82
12859,3.80,3.82
12860,3.79,3.82
12861,3.79,3.82
12862,3.79,3.82
12863,3.79,3.82
12864,3.79,3.82
12866,3.79,3.82
12867,3.79,3.82
12868,3.79,3.82
12869,3.79,3.82
12870,3.79,3.82
12871,3.79,3.82
12872,3.79,3.82
12874,3.79,3.82
12875,3.79,3.82
12876,3.79,3.82
12877,3.79,3.82
12878,3.79,3.82
12879,3.79,3.82
12880,3.79,3.82
12882,3.79,3.82
12883,3.79,3.82
12884,3.79,3.82
12886,3.79,3.82
12887,3.79,3.82
12888,3.79,3.82
12889,3.79,3.82
12891,3.79,3.82
12892,3.79,3.82
12893,3.79,3.82
12894,3.79,3.82
12895,3.79,3.82
12896,3.79,3.82
12898,3.79,3.82
12899,3.79,3.82
12900,3.79,3.82
12901,3.79,3.82
12902,3.79,3.82
12903,3.79,3.82
12904,3.79,3.82
12906,3.79,3.82
12907,3.79,3.82
12908,3.79,3.82
12909,3.79,3.82
12910,3.79,3.82
12911,3.79,3.82
12912,3.79,3.82
12914,3.79,3.82
12915,3.79,3.82
12916,3.79,3.82
12917,3.79,3.82
12918,3.79,3.82
12919,3.79,3.82
12920,3.79,3.82
12922,3.79,3.82
12923,3.79,3.82
12924,3.79,3.82
12925,3.79,3.82
12926,3.79,3.82
12928,3.79,3.82
12930,3.79,3.82
12931,3.79,3.82
12932,3.79,3.82
12933,3.79,3.82
12934,3.79,3.82
12935,3.79,3.82
12936,3.79,3.82
12938,3.79,3.82
12939,3.79,3.82
12940,3.79,3.82
12941,3.79,3.82
12942,3.79,3.82
12943,3.79,3.81
12944,3.79,3.82
12946,3.79,3.82
12947,3.79,3.81
12948,3.79,3.82
12949,3.79,3.82
12950,3.79,3.82
12951,3.79,3.82
12952,3.79,3.82
12954,3.79,3.82
12955,3.79,3.82
12956,3.79,3.82
12957,3.79,3.82
12958,3.79,3.82
12959,3.79,3.82
12961,3.79,3.82
12962,3.79,3.82
12963,3.79,3.82
12964,3.79,3.82
12965,3.79,3.82
12966,3.79,3.82
12967,3.79,3.82
12969,3.79,3.82
12971,3.79,3.82
12972,3.80,3.82
12973,3.80,3.82
12974,3.80,3.82
12975,3.80,3.83
12976,3.80,3.83
12978,3.80,3.83
12979,3.80,3.83
12980,3.80,3.83
12981,3.80,3.83
12982,3.80,3.83
12983,3.80,3.83
12984,3.80,3.83
12986,3.80,3.83
12987,3.80,3.83
12988,3.80,3.83
12989,3.80,3.83
12990,3.80,3.83
12991,3.80,3.83
12993,3.81,3.83
12994,3.81,3.83
12995,3.81,3.83
12996,3.81,3.83
12997,3.81,3.84
12998,3.81,3.84
12999,3.81,3.84
13001,3.81,3.84
13002,3.81,3.84
13003,3.81,3.84
13004,3.81,3.84
13005,3.81,3.84
13006,3.81,3.84
13008,3.81,3.84
13009,3.81,3.84
13010,3.81,3.84
13011,3.81,3.84
13012,3.81,3.84
13014,3.81,3.84
13015,3.81,3.84
13017,3.81,3.84
13018,3.82,3.84
13019,3.82,3.84
13020,3.82,3.84
13021,3.82,3.85
13022,3.82,3.85
13023,3.82,3.85
13025,3.82,3.85
13026,3.82,3.85
13027,3.82,3.85
13028,3.82,3.85
13029,3.82,3.85
13030,3.82,3.85
13031,3.82,3.85
13033,3.82,3.85
13034,3.82,3.85
13035,3.82,3.85
13036,3.82,3.85
13037,3.82,3.85
13038,3.82,3.85
13040,3.82,3.85
13041,3.82,3.85
13042,3.82,3.85
13043,3.83,3.85
13044,3.83,3.85
13045,3.83,3.85
13046,3.83,3.85
13048,3.83,3.86
13049,3.83,3.86
13050,3.83,3.86
13051,3.83,3.86
13052,3.83,3.86
13053,3.83,3.86
13054,3.83,3.86
13057,3.83,3.86
13058,3.83,3.86
13059,3.83,3.86
13060,3.83,3.86
13061,3.83,3.86
13062,3.83,3.86
13064,3.84,3.86
13065,3.84,3.87
13066,3.84,3.87
13067,3.84,3.87
13068,3.84,3.87
13069,3.84,3.87
13070,3.84,3.87
13072,3.84,3.87
13073,3.84,3.87
13074,3.84,3.87
13075,3.84,3.87
13076,3.84,3.87
13077,3.84,3.87
13078,3.85,3.88
13080,3.85,3.88
13081,3.85,3.88
13082,3.85,3.88
13083,3.85,3.88
13084,3.85,3.88
13085,3.85,3.88
13087,3.85,3.88
13088,3.85,3.88
13089,3.86,3.89
13090,3.86,3.89
13091,3.86,3.89
13092,3.86,3.89
13093,3.86,3.89
13095,3.87,3.90
13096,3.87,3.90
13097,3.87,3.90
13099,3.87,3.90
13100,3.87,3.90
13101,3.88,3.91
13102,3.88,3.91
13104,3.88,3.91
13105,3.88,3.91
13106,3.89,3.91
13107,3.89,3.91
13108,3.89,3.92
13109,3.89,3.92
13110,3.90,3.92
13112,3.90,3.93
13113,3.90,3.93
13114,3.90,3.93
13115,3.91,3.94
13116,3.91,3.94
13117,3.91,3.94
13119,3.92,3.95
13120,3.92,3.95
13121,3.92,3.96
13122,3.93,3.96
13123,3.93,3.96
13124,3.94,3.97
13125,3.94,3.97
13127,3.95,3.98
13128,3.95,3.99
13129,3.96,3.99
13130,3.96,4.00
13131,3.97,4.01
13132,3.98,4.01
13133,3.99,4.03
13135,4.00,4.04
13136,4.01,4.05
13137,4.03,4.06
13138,4.04,4.08
13139,4.06,4.10
13140,4.07,4.11
13142,4.09,4.13
13144,4.11,4.15
13145,4.13,4.17
13146,4.14,4.19
13147,4.16,4.21
13148,4.19,4.23
13149,4.21,4.26
13150,4.23,4.28
13152,4.25,4.30
13153,4.27,4.32
13154,4.30,4.35
13155,4.32,4.36
13156,4.34,4.38
13157,4.36,4.41
13159,4.38,4.43
13160,4.40,4.45
13161,4.42,4.47
13162,4.44,4.49
13163,4.46,4.51
13164,4.48,4.53
13165,4.50,4.55
13167,4.51,4.56
13168,4.53,4.57
13169,4.55,4.59
13170,4.56,4.60
13171,4.57,4.62
13172,4.58,4.63
13173,4.60,4.64
13175,4.61,4.66
13176,4.62,4.67
13177,4.63,4.68
13178,4.64,4.69
13179,4.65,4.70
13180,4.66,4.71
13182,4.67,4.72
13184,4.68,4.73
13185,4.69,4.74
13186,4.70,4.74
13187,4.70,4.75
13188,4.71,4.76
13189,4.72,4.76
13191,4.73,4.77
13192,4.73,4.78
13193,4.74,4.78
13194,4.75,4.79
13195,4.75,4.79
13196,4.76,4.80
13197,4.76,4.80
13199,4.77,4.81
13200,4.77,4.81
13201,4.78,4.81
13202,4.78,4.82
13203,4.78,4.83
13204,4.78,4.83
13206,4.79,4.83
13207,4.79,4.83
13208,4.79,4.84
13209,4.80,4.84
13210,4.80,4.85
13211,4.81,4.85
13212,4.81,4.85
13214,4.81,4.85
13215,4.81,4.86
13216,4.82,4.86
13217,4.82,4.86
13218,4.82,4.86
13219,4.82,4.87
13220,4.82,4.87
13222,4.83,4.87
13223,4.83,4.87
13224,4.83,4.87
13225,4.83,4.88
13227,4.83,4.88
13228,4.84,4.88
13229,4.84,4.88
13231,4.84,4.88
13232,4.84,4.89
13233,4.84,4.89
13234,4.84,4.89
13235,4.84,4.89
13236,4.85,4.89
13237,4.85,4.89
13239,4.85,4.89
13240,4.85,4.89
13241,4.85,4.90
13242,4.85,4.90
13243,4.85,4.90
13244,4.85,4.90
13246,4.85,4.90
13247,4.85,4.90
13248,4.86,4.90
13249,4.86,4.90
13250,4.86,4.90
13251,4.86,4.90
13252,4.86,4.90
13254,4.86,4.90
13255,4.86,4.91
13256,4.86,4.91
13257,4.86,4.91
13258,4.86,4.91
13259,4.86,4.91
13260,4.86,4.91
13262,4.86,4.91
13263,4.87,4.91
13264,4.87,4.91
13265,4.87,4.91
13266,4.87,4.91
13267,4.87,4.91
13268,4.87,4.91
13271,4.87,4.91
13272,4.87,4.91
13273,4.87,4.91
13274,4.87,4.91
13275,4.87,4.91
13276,4.87,4.91
13277,4.87,4.91
13279,4.87,4.91
13280,4.87,4.91
13281,4.87,4.91
13282,4.87,4.91
13283,4.87,4.91
13284,4.87,4.91
13286,4.87,4.91
13287,4.87,4.92
13288,4.87,4.92
13289,4.87,4.92
13290,4.87,4.92
13291,4.87,4.91
13292,4.87,4.92
13294,4.87,4.92
13295,4.87,4.92
13296,4.87,4.92
13297,4.87,4.92
13298,4.87,4.92
13299,4.87,4.91
13300,4.87,4.92
13302,4.87,4.92
13303,4.87,4.92
13304,4.87,4.92
13305,4.87,4.92
13306,4.87,4.92
13307,4.87,4.92
13308,4.87,4.92
13310,4.87,4.92
13312,4.87,4.92
13313,4.88,4.92
13314,4.87,4.92
13315,4.88,4.92
13316,4.88,4.92
13318,4.88,4.92
13319,4.88,4.92
13320,4.88,4.92
13321,4.88,4.92
13322,4.88,4.92
13323,4.88,4.92
13324,4.88,4.92
13326,4.88,4.92
13327,4.88,4.92
13328,4.88,4.92
13329,4.88,4.92
13330,4.88,4.92
13331,4.88,4.92
13332,4.88,4.92
13334,4.88,4.92
13335,4.88,4.92
13336,4.88,4.92
13337,4.88,4.92
13338,4.88,4.92
13339,4.88,4.92
13340,4.88,4.92
13342,4.88,4.92
13343,4.88,4.92
13344,4.88,4.92
13345,4.88,4.92
13346,4.87,4.91
13347,4.87,4.91
13348,4.87,4.92
13350,4.87,4.91
13351,4.87,4.91
13352,4.87,4.91
13353,4.86,4.91
13355,4.86,4.90
13356,4.86,4.90
13358,4.86,4.90
13359,4.85,4.89
13360,4.85,4.89
13361,4.84,4.88
13362,4.84,4.88
13363,4.83,4.87
13364,4.82,4.86
13366,4.82,4.85
13367,4.81,4.84
13368,4.80,4.83
13369,4.79,4.82
13370,4.78,4.80
13371,4.76,4.79
13372,4.75,4.78
13374,4.73,4.76
13375,4.71,4.73
13376,4.68,4.70
13377,4.66,4.67
13378,4.63,4.64
13379,4.59,4.60
13380,4.55,4.55
13382,4.50,4.50
13383,4.44,4.43
13384,4.36,4.35
13385,4.28,4.24
13386,4.19,4.16
13387,4.13,4.12
13389,4.09,4.09
13390,4.06,4.08
13391,4.05,4.08
13392,4.05,4.08
13393,4.06,4.09
13394,4.07,4.11
13395,4.08,4.12
13398,4.09,4.13
13399,4.11,4.14
13400,4.13,4.16
13401,4.14,4.18
13402,4.16,4.20
13403,4.18,4.23
13404,4.20,4.25
13406,4.23,4.28
13407,4.25,4.30
13408,4.28,4.33
13409,4.30,4.35
13410,4.33,4.37
13411,4.35,4.40
13412,4.37,4.42
13414,4.39,4.44
13415,4.42,4.47
13416,4.44,4.49
13417,4.46,4.51
13418,4.48,4.53
13419,4.50,4.55
13421,4.52,4.57
13422,4.53,4.58
13423,4.55,4.59
13424,4.57,4.61
13425,4.58,4.62
13426,4.59,4.64
13427,4.60,4.65
13429,4.61,4.66
13430,4.63,4.68
13431,4.64,4.69
13432,4.65,4.70
13433,4.66,4.71
13434,4.67,4.72
13436,4.68,4.72
13437,4.69,4.73
13438,4.70,4.74
13440,4.70,4.75
13441,4.71,4.76
13442,4.72,4.77
13443,4.73,4.77
13445,4.73,4.78
13446,4.74,4.78
13447,4.75,4.79
13448,4.75,4.79
13449,4.76,4.80
13450,4.76,4.80
13451,4.77,4.81
13453,4.77,4.81
13454,4.78,4.82
13455,4.78,4.82
13456,4.78,4.83
13457,4.79,4.83
13458,4.79,4.83
13459,4.79,4.84
13461,4.80,4.84
13462,4.80,4.84
13463,4.80,4.85
13464,4.81,4.85
13465,4.81,4.85
13466,4.81,4.86
13467,4.82,4.86
13469,4.82,4.86
13470,4.82,4.86
13471,4.82,4.87
13472,4.83,4.87
13473,4.83,4.87
13474,4.83,4.87
13476,4.83,4.88
13477,4.83,4.88
13478,4.83,4.88
13479,4.84,4.88
13480,4.84,4.88
13481,4.84,4.89
13483,4.84,4.89
13485,4.84,4.89
13486,4.84,4.89
13487,4.85,4.89
13488,4.85,4.89
13489,4.85,4.89
13490,4.85,4.89
13491,4.85,4.90
13493,4.85,4.90
13494,4.85,4.90
13495,4.85,4.90
13496,4.86,4.90
13497,4.86,4.90
13498,4.86,4.90
13499,4.86,4.90
13501,4.86,4.90
13502,4.86,4.90
13503,4.86,4.90
13504,4.86,4.91
13505,4.86,4.91
13506,4.86,4.91
13507,4.86,4.91
13509,4.86,4.91
13510,4.86,4.91
13511,4.86,4.90
13512,4.86,4.90
13513,4.85,4.89
13514,4.85,4.89
13516,4.84,4.88
13517,4.83,4.87
13518,4.82,4.86
13519,4.81,4.85
13520,4.80,4.83
13521,4.79,4.82
13522,4.78,4.80
13524,4.76,4.78
13526,4.74,4.77
13527,4.72,4.75
13528,4.70,4.73
13529,4.69,4.71
13530,4.67,4.69
13531,4.65,4.67
13533,4.63,4.65
13534,4.61,4.63
13535,4.59,4.62
13536,4.57,4.60
13537,4.56,4.58
13538,4.54,4.57
13539,4.53,4.55
13541,4.51,4.53
13542,4.49,4.52
13543,4.48,4.50
13544,4.46,4.49
13545,4.45,4.47
13546,4.43,4.46
13548,4.42,4.44
13549,4.41,4.43
13550,4.39,4.42
13551,4.38,4.41
13552,4.37,4.39
13553,4.36,4.38
13554,4.35,4.37
13556,4.34,4.36
13557,4.33,4.35
13558,4.32,4.35
13559,4.32,4.34
13560,4.31,4.33
13561,4.30,4.33
13563,4.29,4.32
13564,4.29,4.31
13565,4.28,4.31
13566,4.27,4.30
13568,4.27,4.30
13569,4.27,4.30
13570,4.26,4.29
13572,4.26,4.29
13573,4.26,4.29
13574,4.25,4.29
13575,4.25,4.29
13576,4.25,4.29
13577,4.25,4.29
13578,4.26,4.29
13580,4.26,4.29
13581,4.26,4.29
13582,4.26,4.29
13583,4.26,4.30
13584,4.27,4.30
13585,4.27,4.31
13587,4.28,4.31
13588,4.28,4.32
13589,4.29,4.33
13590,4.30,4.34
13591,4.31,4.35
13592,4.33,4.36
13593,4.34,4.38
13595,4.35,4.40
13596,4.37,4.42
13597,4.39,4.44
13598,4.41,4.46
13599,4.43,4.48
13600,4.45,4.50
13602,4.47,4.52
13603,4.49,4.54
13604,4.51,4.56
13605,4.53,4.57
13606,4.54,4.59
13607,4.56,4.60
13608,4.57,4.62
13611,4.58,4.63
13612,4.60,4.64
13613,4.61,4.66
13614,4.62,4.67
13615,4.63,4.68
13616,4.64,4.69
13617,4.65,4.70
13619,4.66,4.71
13620,4.67,4.72
13621,4.68,4.73
13622,4.69,4.74
13623,4.70,4.75
13624,4.71,4.75
13625,4.72,4.76
13627,4.72,4.77
13628,4.73,4.78
13629,4.74,4.78
13630,4.74,4.78
13631,4.75,4.79
13632,4.75,4.80
13634,4.76,4.80
13635,4.77,4.80
13636,4.77,4.81
13637,4.78,4.82
13638,4.78,4.82
13639,4.78,4.82
13640,4.78,4.83
13642,4.79,4.83
13643,4.79,4.83
13644,4.79,4.84
13645,4.80,4.84
13646,4.80,4.85
13647,4.81,4.85
13648,4.81,4.85
13650,4.81,4.85
13651,4.81,4.86
13652,4.82,4.86
13654,4.82,4.86
13655,4.82,4.86
13656,4.82,4.87
13657,4.83,4.87
13659,4.83,4.87
13660,4.83,4.87
13661,4.83,4.88
13662,4.84,4.88
13663,4.84,4.88
13664,4.84,4.88
13666,4.84,4.88
13667,4.84,4.88
13668,4.84,4.88
13669,4.84,4.89
13670,4.84,4.89
13671,4.84,4.89
13672,4.84,4.89
13674,4.85,4.89
13675,4.85,4.89
13676,4.85,4.89
13677,4.85,4.90
13678,4.85,4.89
13679,4.85,4.90
13680,4.85,4.90
13682,4.86,4.90
13683,4.86,4.90
13684,4.86,4.90
13685,4.86,4.90
13686,4.86,4.90
13687,4.86,4.90
13688,4.86,4.90
13690,4.86,4.90
13691,4.86,4.91
13692,4.86,4.90
13693,4.86,4.91
13694,4.86,4.91
13696,4.86,4.91
13697,4.86,4.91
13699,4.86,4.91
13700,4.87,4.91
13701,4.87,4.91
13702,4.87,4.91
13703,4.87,4.91
13704,4.87,4.91
13705,4.87,4.91
13707,4.87,4.91
13708,4.87,4.91
13709,4.87,4.91
13710,4.87,4.91
13711,4.87,4.91
13712,4.87,4.91
13714,4.87,4.91
13715,4.87,4.92
13716,4.87,4.91
13717,4.87,4.92
13718,4.87,4.92
13719,4.87,4.91
13720,4.87,4.92
13722,4.87,4.92
13723,4.87,4.92
13724,4.87,4.92
13725,4.87,4.92
13726,4.87,4.92
13727,4.87,4.92
13728,4.87,4.92
13730,4.87,4.92
13731,4.87,4.92
13732,4.87,4.92
13733,4.87,4.91
13734,4.87,4.91
13735,4.87,4.91
13737,4.87,4.91
13739,4.87,4.91
13740,4.87,4.91
13741,4.86,4.91
13742,4.86,4.91
13743,4.86,4.91
13744,4.86,4.91
13746,4.86,4.91
13747,4.86,4.91
13748,4.86,4.91
13749,4.87,4.91
13750,4.87,4.91
13751,4.87,4.91
13752,4.87,4.91
13754,4.87,4.91
13755,4.87,4.91
13756,4.87,4.91
13757,4.87,4.91
13758,4.87,4.91
13759,4.87,4.91
13760,4.87,4.91
13762,4.87,4.91
13763,4.87,4.92
13764,4.87,4.92
13765,4.87,4.92
13766,4.87,4.92
13767,4.87,4.92
13769,4.87,4.92
13770,4.87,4.92
13771,4.87,4.92
13772,4.87,4.92
13773,4.87,4.92
13774,4.88,4.92
13775,4.88,4.92
13777,4.88,4.92
13778,4.88,4.92
13779,4.88,4.92
13780,4.88,4.92
13782,4.88,4.92
13783,4.88,4.92
13784,4.88,4.92
13786,4.88,4.92
13787,4.88,4.92
13788,4.88,4.92
13789,4.88,4.92
13790,4.88,4.92
13791,4.88,4.92
13792,4.88,4.92
13794,4.88,4.92
13795,4.88,4.92
13796,4.88,4.92
13797,4.88,4.92
13798,4.88,4.92
13799,4.88,4.92
13801,4.88,4.92
13802,4.88,4.92
13803,4.88,4.92
13804,4.88,4.92
13805,4.88,4.92
13806,4.88,4.92
13807,4.88,4.92
13809,4.88,4.92
13810,4.88,4.92
13811,4.88,4.92
13812,4.88,4.92
13813,4.88,4.92
13814,4.88,4.92
13815,4.88,4.92
13817,4.88,4.92
13818,4.88,4.92
13819,4.88,4.92
13820,4.88,4.92
13821,4.88,4.92
13822,4.88,4.92
13824,4.88,4.92
13826,4.88,4.92
13827,4.88,4.92
13828,4.88,4.92
13829,4.88,4.92
13830,4.88,4.92
13831,4.88,4.92
13832,4.88,4.92
13834,4.88,4.92
13835,4.88,4.92
13836,4.88,4.92
13837,4.88,4.92
13838,4.88,4.92
13839,4.88,4.92
13841,4.88,4.92
13842,4.88,4.92
13843,4.88,4.92
13844,4.88,4.92
13845,4.88,4.92
13846,4.88,4.92
13847,4.88,4.92
13849,4.88,4.92
13850,4.88,4.92
13851,4.88,4.92
13852,4.88,4.92
13853,4.88,4.92
13854,4.88,4.92
13855,4.88,4.92
13857,4.88,4.92
13858,4.88,4.93
13859,4.88,4.92
13860,4.88,4.92
13861,4.88,4.92
13862,4.88,4.92
13863,4.88,4.92
13865,4.88,4.92
13867,4.88,4.93
13868,4.88,4.92
13869,4.88,4.92
13870,4.88,4.92
13871,4.88,4.92
13873,4.88,4.92
13874,4.88,4.92
13875,4.88,4.92
13876,4.88,4.93
13877,4.88,4.92
13878,4.88,4.92
13879,4.88,4.92
13881,4.88,4.92
13882,4.88,4.92
13883,4.88,4.93
13884,4.88,4.92
13885,4.88,4.92
13886,4.88,4.92
13887,4.88,4.92
13889,4.88,4.92
13890,4.88,4.92
13891,4.88,4.92
13892,4.88,4.92
13893,4.88,4.92
13894,4.88,4.92
13895,4.88,4.92
13897,4.88,4.92
13898,4.88,4.92
13899,4.88,4.92
13900,4.88,4.92
13901,4.88,4.92
13902,4.88,4.92
13904,4.88,4.93
13905,4.88,4.92
13906,4.88,4.92
13907,4.88,4.92
13908,4.88,4.92
13910,4.88,4.92
13911,4.88,4.92
13913,4.88,4.92
13914,4.88,4.92
13915,4.88,4.92
13916,4.88,4.92
13917,4.88,4.92
13918,4.88,4.92
13919,4.88,4.92
13921,4.88,4.92
13922,4.88,4.92
13923,4.88,4.93
13924,4.88,4.92
13925,4.88,4.92
13926,4.88,4.92
13927,4.88,4.92
13929,4.88,4.92
13930,4.88,4.92
13931,4.88,4.92
13932,4.88,4.92
13933,4.88,4.92
13934,4.88,4.92
13936,4.88,4.92
13937,4.88,4.92
13938,4.88,4.92
13939,4.88,4.92
13940,4.88,4.92
13941,4.88,4.93
13942,4.88,4.92
13944,4.88,4.92
13945,4.88,4.92
13946,4.88,4.92
13947,4.88,4.92
13948,4.88,4.92
13949,4.88,4.92
13950,4.88,4.93
13953,4.88,4.92
13954,4.88,4.92
13955,4.88,4.92
13956,4.88,4.92
13957,4.88,4.92
13958,4.88,4.92
13959,4.88,4.92
13961,4.88,4.92
13962,4.88,4.92
13963,4.88,4.92
13964,4.88,4.92
13965,4.88,4.92
13966,4.88,4.93
13967,4.88,4.93
13969,4.88,4.92
13970,4.88,4.92
13971,4.88,4.92
13972,4.88,4.92
13973,4.88,4.92
13974,4.88,4.92
13976,4.88,4.92
13977,4.88,4.92
13978,4.88,4.92
13979,4.88,4.92
13980,4.88,4.92
13981,4.88,4.92
13982,4.88,4.92
13984,4.88,4.92
13985,4.88,4.92
13986,4.88,4.92
13987,4.88,4.93
13988,4.88,4.92
13989,4.88,4.92
13990,4.88,4.92
13992,4.88,4.92
13993,4.88,4.92
13995,4.88,4.93
13996,4.88,4.92
13997,4.88,4.92
13998,4.88,4.92
13999,4.88,4.92
14001,4.88,4.92
14002,4.88,4.93
14003,4.88,4.92
14004,4.88,4.92
14005,4.88,4.92
14006,4.88,4.92
14008,4.88,4.92
14009,4.88,4.92
14010,4.88,4.92
14011,4.88,4.92
14012,4.88,4.92
14013,4.88,4.92
14014,4.88,4.92
14016,4.88,4.92
14017,4.88,4.92
14018,4.88,4.93
14019,4.88,4.92
14020,4.88,4.93
14021,4.88,4.92
14022,4.88,4.92
14024,4.88,4.92
14025,4.88,4.92
14026,4.88,4.92
14027,4.88,4.92
14028,4.88,4.92
14029,4.88,4.92
14030,4.88,4.92
14032,4.88,4.92
14033,4.88,4.92
14034,4.88,4.92
14035,4.88,4.92
14036,4.88,4.92
14038,4.88,4.92
14040,4.88,4.92
14041,4.88,4.92
14042,4.88,4.92
14043,4.88,4.92
14044,4.88,4.92
14045,4.88,4.93
14046,4.88,4.93
14048,4.88,4.92
14049,4.88,4.93
14050,4.88,4.93
14051,4.88,4.92
14052,4.88,4.92
14053,4.88,4.92
14054,4.88,4.92
14056,4.88,4.92
14057,4.88,4.92
14058,4.87,4.91
14059,4.87,4.90
14060,4.86,4.90
14061,4.85,4.88
14062,4.83,4.87
14064,4.82,4.85
14065,4.80,4.82
14066,4.78,4.79
14067,4.75,4.77
14068,4.72,4.74
14069,4.69,4.71
14071,4.66,4.67
14072,4.63,4.64
14073,4.60,4.61
14074,4.57,4.58
14075,4.54,4.55
14076,4.50,4.52
14077,4.47,4.48
14080,4.44,4.45
14081,4.41,4.42
14082,4.38,4.39
14083,4.35,4.36
14084,4.33,4.34
14085,4.30,4.31
14086,4.27,4.28
14088,4.24,4.25
14089,4.22,4.23
14090,4.19,4.20
14091,4.16,4.18
14092,4.14,4.15
14093,4.12,4.13
14095,4.10,4.11
14096,4.08,4.09
14097,4.06,4.07
14098,4.04,4.05
14099,4.02,4.03
14100,4.00,4.01
14101,3.98,4.00
14103,3.96,3.98
14104,3.95,3.97
14105,3.93,3.95
14106,3.92,3.93
14107,3.91,3.92
14108,3.89,3.91
14109,3.88,3.90
14111,3.87,3.89
14112,3.86,3.88
14113,3.85,3.87
14114,3.84,3.86
14115,3.83,3.85
14116,3.82,3.85
14117,3.82,3.84
14119,3.81,3.83
14120,3.80,3.83
14121,3.80,3.82
14123,3.79,3.82
14124,3.79,3.81
14125,3.78,3.81
14127,3.78,3.80
14128,3.77,3.80
14129,3.77,3.80
14130,3.77,3.80
14131,3.77,3.79
14132,3.76,3.79
14133,3.76,3.79
14135,3.76,3.79
14136,3.76,3.79
14137,3.76,3.79
14138,3.76,3.79
14139,3.76,3.79
14140,3.76,3.79
14141,3.76,3.79
14143,3.76,3.79
14144,3.76,3.79
14145,3.76,3.79
14146,3.76,3.79
14147,3.76,3.79
14148,3.77,3.80
14149,3.77,3.80
14151,3.77,3.80
14152,3.77,3.80
14153,3.77,3.80
14154,3.77,3.80
14155,3.78,3.80
14156,3.78,3.81
14158,3.78,3.81
14159,3.78,3.81
14160,3.78,3.81
14161,3.78,3.81
14162,3.79,3.82
14163,3.79,3.82
14164,3.79,3.82
14167,3.79,3.82
14168,3.79,3.82
14169,3.79,3.82
14170,3.80,3.82
14171,3.80,3.83
14172,3.80,3.83
14173,3.80,3.83
14175,3.80,3.83
14176,3.80,3.83
14177,3.80,3.83
14178,3.80,3.83
14179,3.81,3.83
14180,3.81,3.84
14181,3.81,3.84
14183,3.81,3.84
14184,3.81,3.84
14185,3.81,3.84
14186,3.81,3.84
14187,3.81,3.84
14188,3.81,3.84
14190,3.81,3.84
14191,3.81,3.84
14192,3.81,3.84
14193,3.82,3.84
14194,3.82,3.84
14195,3.82,3.84
14196,3.82,3.84
14198,3.82,3.85
14199,3.82,3.85
14200,3.82,3.85
14201,3.82,3.85
14202,3.82,3.84
14203,3.82,3.84
14205,3.82,3.84
14206,3.82,3.85
14208,3.82,3.84
14209,3.82,3.85
14210,3.82,3.84
14211,3.82,3.84
14212,3.82,3.84
14214,3.82,3.84
14215,3.82,3.84
14216,3.82,3.84
14217,3.82,3.84
14218,3.82,3.84
14219,3.81,3.84
14220,3.81,3.84
14222,3.81,3.84
14223,3.81,3.84
14224,3.81,3.84
14225,3.81,3.84
14226,3.81,3.84
14227,3.81,3.84
14229,3.81,3.84
14230,3.81,3.84
14231,3.81,3.84
14232,3.81,3.84
14233,3.81,3.84
14234,3.81,3.84
14235,3.81,3.84
14237,3.81,3.84
14238,3.81,3.84
14239,3.81,3.84
14240,3.81,3.84
14241,3.81,3.84
14242,3.81,3.84
14244,3.81,3.84
14245,3.81,3.84
14246,3.81,3.84
14247,3.81,3.83
14248,3.81,3.83
14249,3.81,3.83
14251,3.81,3.83
14253,3.81,3.83
14254,3.81,3.83
14255,3.81,3.83
14256,3.81,3.83
14257,3.81,3.83
14258,3.81,3.83
14260,3.81,3.83
14261,3.81,3.83
14262,3.81,3.83
14263,3.81,3.83
14264,3.80,3.83
14265,3.80,3.83
14266,3.80,3.83
14268,3.81,3.83
14269,3.81,3.83
14270,3.81,3.83
14271,3.80,3.83
14272,3.81,3.83
14273,3.80,3.83
14275,3.81,3.83
14276,3.81,3.83
14277,3.80,3.83
14278,3.80,3.83
14279,3.80,3.83
14280,3.80,3.83
14281,3.80,3.83
14283,3.80,3.83
14284,3.80,3.83
14285,3.80,3.83
14286,3.80,3.83
14287,3.81,3.83
14288,3.81,3.83
14289,3.81,3.83
14291,3.80,3.83
14292,3.80,3.83
14294,3.80,3.83
14295,3.80,3.83
14296,3.80,3.83
14297,3.80,3.83
14299,3.80,3.83
14300,3.80,3.83
14301,3.80,3.83
14302,3.80,3.83
14303,3.80,3.83
14304,3.80,3.83
14305,3.80,3.83
14307,3.80,3.83
14308,3.80,3.83
14309,3.80,3.83
14310,3.80,3.83
14311,3.80,3.83
14312,3.80,3.83
14313,3.80,3.83
14315,3.80,3.83
14316,3.80,3.83
14317,3.80,3.83
14318,3.81,3.83
14319,3.80,3.83
14320,3.81,3.83
14321,3.81,3.83
14323,3.81,3.83
14324,3.81,3.83
14325,3.81,3.83
14326,3.81,3.83
14327,3.81,3.83
14328,3.81,3.83
14330,3.81,3.83
14331,3.81,3.83
14332,3.81,3.84
14333,3.81,3.83
14334,3.81,3.84
14336,3.81,3.84
14338,3.81,3.84
14339,3.81,3.84
14340,3.81,3.84
14341,3.81,3.84
14342,3.81,3.84
14343,3.81,3.84
14344,3.81,3.84
14346,3.81,3.84
14347,3.81,3.84
14348,3.81,3.84
14349,3.81,3.84
14350,3.81,3.84
14351,3.81,3.84
14353,3.81,3.84
14354,3.81,3.84
14355,3.81,3.84
14356,3.81,3.84
14357,3.81,3.84
14358,3.81,3.84
14359,3.81,3.84
14361,3.81,3.84
14362,3.81,3.84
14363,3.81,3.84
14364,3.81,3.84
14365,3.81,3.84
14366,3.81,3.84
14367,3.81,3.84
14369,3.82,3.84
14370,3.82,3.84
14371,3.82,3.84
14372,3.82,3.84
14373,3.82,3.84
14374,3.82,3.85
14376,3.82,3.84
14377,3.82,3.85
14379,3.82,3.85
14380,3.82,3.85
14381,3.82,3.85
14382,3.82,3.85
14383,3.82,3.85
14385,3.82,3.85
14386,3.82,3.85
14387,3.82,3.85
14388,3.82,3.85
14389,3.82,3.85
14390,3.82,3.85
14392,3.82,3.85
14393,3.82,3.85
14394,3.82,3.85
14395,3.82,3.85
14396,3.82,3.85
14397,3.82,3.85
14398,3.82,3.85
14400,3.82,3.85
14401,3.82,3.85
14402,3.82,3.85
14403,3.82,3.85
14404,3.82,3.85
14405,3.82,3.85
14406,3.82,3.85
14408,3.82,3.85
14409,3.82,3.85
14410,3.82,3.85
14411,3.82,3.85
14412,3.82,3.85
14413,3.82,3.85
14415,3.82,3.85
14416,3.82,3.85
14417,3.82,3.85
14418,3.82,3.85
14419,3.82,3.85
14420,3.82,3.85
14422,3.82,3.85
14424,3.83,3.85
14425,3.82,3.85
14426,3.82,3.85
14427,3.82,3.85
14428,3.82,3.85
14429,3.82,3.85
14430,3.82,3.85
14432,3.82,3.85
14433,3.82,3.85
14434,3.83,3.85
14435,3.82,3.85
14436,3.82,3.85
14437,3.82,3.85
14438,3.83,3.85
14440,3.82,3.85
14441,3.82,3.85
14442,3.82,3.85
14443,3.82,3.85
14444,3.82,3.85
14445,3.82,3.85
14447,3.82,3.85
14448,3.82,3.85
14449,3.82,3.85
14450,3.82,3.85
14451,3.82,3.85
14452,3.82,3.85
14453,3.82,3.85
14455,3.82,3.85
14456,3.82,3.85
14457,3.82,3.85
14458,3.82,3.85
14459,3.82,3.85
14460,3.82,3.85
14461,3.82,3.85
14464,3.82,3.85
14465,3.82,3.85
14466,3.82,3.85
14467,3.82,3.85
14468,3.82,3.85
14469,3.82,3.85
14471,3.82,3.85
14472,3.82,3.85
14473,3.82,3.85
14474,3.82,3.85
14475,3.82,3.85
14476,3.82,3.85
14477,3.82,3.85
14479,3.82,3.85
14480,3.82,3.85
14481,3.82,3.84
14482,3.82,3.85
14483,3.82,3.85
14484,3.82,3.85
14486,3.82,3.84
14487,3.82,3.84
14488,3.82,3.84
14489,3.82,3.84
14490,3.82,3.85
14491,3.82,3.84
14492,3.82,3.85
14494,3.82,3.84
14495,3.82,3.85
14496,3.82,3.85
14497,3.82,3.84
14498,3.82,3.84
14499,3.82,3.85
14500,3.82,3.85
14502,3.82,3.84
14503,3.82,3.84
14504,3.82,3.84
14505,3.82,3.85
14507,3.82,3.85
14508,3.82,3.84
14510,3.82,3.85
14511,3.82,3.84
14512,3.82,3.85
14513,3.82,3.85
14514,3.82,3.85
14515,3.82,3.84
14516,3.82,3.84
14518,3.82,3.84
14519,3.82,3.85
14520,3.82,3.85
14521,3.82,3.85
14522,3.82,3.85
14523,3.82,3.85
14525,3.82,3.85
14526,3.82,3.84
14527,3.82,3.85
14528,3.82,3.84
14529,3.82,3.85
14530,3.82,3.85
14531,3.82,3.85
14533,3.82,3.84
14534,3.82,3.85
14535,3.82,3.84
14536,3.82,3.84
14537,3.82,3.84
14538,3.82,3.84
14539,3.82,3.84
14541,3.82,3.85
14542,3.82,3.84
14543,3.82,3.84
14544,3.82,3.85
14545,3.82,3.85
14546,3.82,3.84
14548,3.82,3.85
14550,3.82,3.84
14551,3.82,3.85
14552,3.82,3.84
14553,3.82,3.84
14554,3.82,3.85
14555,3.82,3.85
14557,3.82,3.85
14558,3.82,3.85
14559,3.82,3.84
14560,3.82,3.85
14561,3.82,3.84
14562,3.82,3.85
14564,3.82,3.84
14565,3.82,3.84
14566,3.82,3.84
14567,3.82,3.85
14568,3.82,3.85
14569,3.82,3.85
14570,3.82,3.85
14572,3.82,3.85
14573,3.82,3.84
14574,3.82,3.84
14575,3.82,3.84
14576,3.82,3.84
14577,3.82,3.84
14578,3.82,3.84
14580,3.82,3.84
14581,3.82,3.84
14582,3.82,3.84
14583,3.82,3.84
14584,3.82,3.84
14585,3.82,3.84
14587,3.82,3.84
14588,3.82,3.84
14589,3.82,3.84
14590,3.82,3.84
14592,3.82,3.84
14593,3.82,3.84
14594,3.82,3.84
14596,3.82,3.84
14597,3.82,3.84
14598,3.82,3.84
14599,3.81,3.84
14600,3.81,3.84
14601,3.82,3.84
14602,3.81,3.84
14604,3.82,3.84
14605,3.81,3.84
14606,3.81,3.84
14607,3.82,3.84
14608,3.82,3.84
14609,3.82,3.84
14610,3.81,3.84
14612,3.81,3.84
14613,3.81,3.84
14614,3.81,3.84
14615,3.81,3.84
14616,3.81,3.84
14617,3.81,3.84
14619,3.81,3.84
14620,3.81,3.84
14621,3.81,3.84
14622,3.81,3.84
14623,3.82,3.84
14624,3.81,3.84
14625,3.81,3.84
14627,3.81,3.84
14628,3.81,3.84
14629,3.81,3.84
14630,3.81,3.84
14631,3.81,3.84
14632,3.81,3.84
14633,3.81,3.84
14636,3.81,3.84
14637,3.81,3.84
14638,3.81,3.84
14639,3.81,3.84
14640,3.81,3.84
14641,3.81,3.84
14643,3.81,3.84
14644,3.81,3.84
14645,3.81,3.84
14646,3.81,3.84
14647,3.81,3.84
14648,3.81,3.84
14649,3.81,3.84
14651,3.81,3.84
14652,3.81,3.84
14653,3.81,3.84
14654,3.81,3.84
14655,3.81,3.84
14656,3.81,3.84
14657,3.81,3.84
14659,3.81,3.84
14660,3.81,3.84
14661,3.81,3.84
14662,3.81,3.84
14663,3.81,3.84
14664,3.81,3.84
14665,3.81,3.84
14667,3.81,3.84
14668,3.81,3.84
14669,3.81,3.84
14670,3.81,3.84
14671,3.81,3.84
14672,3.81,3.84
14674,3.81,3.84
14675,3.81,3.84
14676,3.81,3.84
14678,3.81,3.84
14679,3.81,3.84
14680,3.81,3.84
14681,3.82,3.84
14683,3.82,3.84
14684,3.82,3.84
14685,3.81,3.84
14686,3.81,3.84
14687,3.82,3.84
14688,3.82,3.84
14689,3.82,3.84
14691,3.81,3.84
14692,3.81,3.84
14693,3.81,3.84
14694,3.81,3.84
14695,3.81,3.84
14696,3.81,3.84
14697,3.81,3.84
14699,3.81,3.84
14700,3.81,3.84
14701,3.82,3.84
14702,3.82,3.84
14703,3.81,3.84
14704,3.81,3.84
14706,3.81,3.84
14707,3.81,3.84
14708,3.81,3.84
14709,3.81,3.84
14710,3.81,3.84
14711,3.81,3.84
14712,3.81,3.84
14714,3.81,3.84
14715,3.81,3.84
14716,3.81,3.84
14717,3.81,3.84
14718,3.81,3.84
14720,3.81,3.84
14721,3.81,3.84
14723,3.81,3.84
14724,3.81,3.84
14725,3.81,3.84
14726,3.81,3.84
14727,3.81,3.84
14728,3.81,3.84
14729,3.81,3.84
14731,3.81,3.84
14732,3.81,3.84
14733,3.81,3.84
14734,3.81,3.84
14735,3.81,3.84
14736,3.81,3.84
14738,3.81,3.84
14739,3.81,3.84
14740,3.81,3.84
14741,3.81,3.84
14742,3.81,3.84
14743,3.81,3.84
14744,3.81,3.84
14746,3.81,3.84
14747,3.81,3.84
14748,3.81,3.84
14749,3.81,3.84
14750,3.81,3.84
14751,3.81,3.84
14752,3.81,3.84
14754,3.81,3.84
14755,3.81,3.84
14756,3.81,3.84
14757,3.81,3.84
14758,3.81,3.84
14759,3.81,3.84
14761,3.81,3.84
14763,3.81,3.84
14764,3.81,3.84
14765,3.81,3.84
14766,3.81,3.84
14767,3.81,3.84
14768,3.81,3.84
14770,3.81,3.84
14771,3.81,3.84
14772,3.81,3.84
14773,3.81,3.84
14774,3.81,3.84
14775,3.81,3.84
14776,3.81,3.84
14778,3.81,3.84
14779,3.81,3.84
14780,3.81,3.84
14781,3.81,3.84
14782,3.81,3.84
14783,3.81,3.84
14785,3.81,3.84
14786,3.81,3.84
14787,3.81,3.84
14788,3.81,3.84
14789,3.81,3.84
14790,3.81,3.84
14791,3.81,3.84
14793,3.81,3.84
14794,3.81,3.84
14795,3.81,3.84
14796,3.81,3.84
14797,3.81,3.84
14798,3.81,3.84
14800,3.81,3.84
14801,3.81,3.84
14802,3.81,3.84
14803,3.81,3.84
14804,3.81,3.84
14806,3.81,3.84
14807,3.81,3.84
14809,3.81,3.84
14810,3.81,3.84
14811,3.81,3.84
14812,3.81,3.84
14813,3.81,3.84
14814,3.81,3.84
14816,3.81,3.84
14817,3.81,3.84
14818,3.81,3.84
14819,3.81,3.84
14820,3.81,3.84
14821,3.81,3.84
14822,3.81,3.84
14824,3.81,3.84
14825,3.81,3.84
14826,3.81,3.84
14827,3.81,3.84
14828,3.81,3.84
14829,3.81,3.84
14830,3.81,3.84
14832,3.81,3.84
14833,3.81,3.84
14834,3.81,3.84
14835,3.81,3.84
14836,3.81,3.84
14837,3.81,3.84
14839,3.81,3.84
14840,3.81,3.84
14841,3.81,3.84
14842,3.81,3.84
14843,3.81,3.84
14844,3.81,3.84
14845,3.81,3.84
14848,3.81,3.84
14849,3.81,3.84
14850,3.81,3.84
14851,3.81,3.84
14852,3.81,3.84
14853,3.81,3.84
14855,3.81,3.84
14856,3.81,3.84
14857,3.81,3.84
14858,3.81,3.84
14859,3.81,3.84
14860,3.81,3.84
14861,3.81,3.84
14863,3.81,3.84
14864,3.81,3.84
14865,3.81,3.84
14866,3.81,3.84
14867,3.81,3.84
14868,3.81,3.84
14870,3.81,3.84
14871,3.81,3.84
14872,3.81,3.84
14873,3.81,3.84
14874,3.81,3.84
14875,3.81,3.84
14876,3.81,3.84
14878,3.81,3.84
14879,3.81,3.84
14880,3.81,3.84
14881,3.81,3.84
14882,3.81,3.84
14883,3.81,3.84
14885,3.81,3.84
14886,3.81,3.84
14887,3.81,3.84
14888,3.81,3.84
14889,3.81,3.84
14891,3.81,3.84
14892,3.81,3.84
14894,3.81,3.84
14895,3.81,3.84
14896,3.81,3.84
14897,3.81,3.84
14898,3.81,3.84
14899,3.81,3.84
14901,3.81,3.84
14902,3.81,3.84
14903,3.81,3.84
14904,3.81,3.84
14905,3.81,3.84
14906,3.81,3.84
14907,3.81,3.84
14909,3.81,3.84
14910,3.81,3.84
14911,3.81,3.84
14912,3.81,3.84
14913,3.81,3.84
14914,3.81,3.84
14916,3.81,3.84
14917,3.81,3.84
14918,3.81,3.84
14919,3.81,3.84
14920,3.81,3.84
14921,3.81,3.84
14922,3.81,3.84
14924,3.81,3.84
14925,3.81,3.84
14926,3.81,3.84
14927,3.81,3.84
14928,3.81,3.84
14929,3.81,3.84
14931,3.81,3.84
14932,3.81,3.84
14934,3.81,3.84
14935,3.81,3.84
14936,3.81,3.84
14937,3.81,3.84
14939,3.81,3.84
14940,3.81,3.84
14941,3.81,3.84
14942,3.81,3.84
14943,3.81,3.84
14944,3.81,3.84
14945,3.81,3.84
14947,3.81,3.84
14948,3.81,3.84
14949,3.81,3.84
14950,3.81,3.84
14951,3.81,3.84
14952,3.81,3.84
14954,3.81,3.84
14955,3.81,3.84
14956,3.81,3.84
14957,3.81,3.84
14958,3.81,3.84
14959,3.81,3.84
14960,3.81,3.84
14962,3.81,3.84
14963,3.81,3.84
14964,3.81,3.84
14965,3.81,3.84
14966,3.81,3.84
14967,3.81,3.84
14969,3.81,3.84
14970,3.81,3.84
14971,3.81,3.84
14972,3.81,3.84
14973,3.81,3.84
14974,3.81,3.84
14976,3.81,3.84
14978,3.81,3.84
14979,3.81,3.84
14980,3.81,3.84
14981,3.81,3.84
14982,3.81,3.84
14983,3.81,3.84
14985,3.81,3.84
14986,3.81,3.84
14987,3.81,3.84
14988,3.81,3.84
14989,3.81,3.84
14990,3.81,3.84
14992,3.81,3.84
14993,3.81,3.84
14994,3.81,3.84
14995,3.81,3.84
14996,3.81,3.84
14997,3.81,3.84
14998,3.81,3.84
15000,3.81,3.84
15001,3.81,3.84
15002,3.81,3.84
15003,3.81,3.84
15004,3.81,3.84
15005,3.81,3.84
15007,3.81,3.84
15008,3.81,3.84
15009,3.81,3.84
15010,3.81,3.84
15011,3.81,3.84
15012,3.81,3.84
15013,3.81,3.84
15015,3.81,3.84
15016,3.81,3.84
15017,3.81,3.84
15019,3.81,3.84
15020,3.81,3.84
15021,3.81,3.84
15023,3.81,3.84
15024,3.81,3.84
15025,3.81,3.84
15026,3.81,3.84
15027,3.81,3.84
15028,3.81,3.84
15029,3.81,3.84
15031,3.81,3.84
15032,3.81,3.84
15033,3.81,3.84
15034,3.81,3.84
15035,3.81,3.84
15036,3.81,3.84
15038,3.81,3.84
15039,3.81,3.84
15040,3.81,3.84
15041,3.81,3.84
15042,3.81,3.84
15043,3.81,3.84
15045,3.81,3.84
15046,3.81,3.84
15047,3.81,3.84
15048,3.81,3.84
15049,3.81,3.84
15050,3.81,3.84
15051,3.81,3.84
15053,3.81,3.84
15054,3.81,3.84
15055,3.81,3.84
15056,3.81,3.84
15057,3.81,3.84
15058,3.81,3.84
15060,3.81,3.84
15062,3.81,3.84
15063,3.81,3.84
15064,3.81,3.84
15065,3.81,3.84
15066,3.81,3.84
15067,3.81,3.84
15069,3.81,3.84
15070,3.81,3.84
15071,3.81,3.84
15072,3.81,3.84
15073,3.81,3.84
15074,3.81,3.84
15076,3.81,3.84
15077,3.81,3.84
15078,3.81,3.84
15079,3.81,3.84
15080,3.81,3.84
15081,3.81,3.84
15083,3.81,3.84
15084,3.81,3.84
15085,3.81,3.84
15086,3.81,3.84
15087,3.81,3.84
15088,3.81,3.84
15089,3.81,3.84
15091,3.81,3.84
15092,3.81,3.84
15093,3.81,3.84
15094,3.81,3.84
15095,3.81,3.84
15096,3.81,3.84
15098,3.81,3.84
15099,3.81,3.84
15100,3.81,3.84
15101,3.81,3.84
15102,3.81,3.84
15104,3.81,3.84
15105,3.81,3.84
15107,3.81,3.84
15108,3.81,3.84
15109,3.81,3.84
15110,3.81,3.84
15111,3.81,3.84
15112,3.81,3.84
15114,3.81,3.84
15115,3.81,3.84
15116,3.81,3.84
15117,3.81,3.84
15118,3.81,3.84
15119,3.81,3.84
15120,3.81,3.84
15122,3.81,3.84
15123,3.81,3.84
15124,3.81,3.84
15125,3.81,3.84
15126,3.81,3.84
15127,3.81,3.84
15129,3.81,3.84
15130,3.81,3.84
15131,3.81,3.84
15132,3.81,3.84
15133,3.81,3.84
15134,3.81,3.84
15136,3.81,3.84
15137,3.81,3.84
15138,3.81,3.84
15139,3.81,3.84
15140,3.81,3.84
15141,3.81,3.84
15142,3.81,3.84
15144,3.81,3.84
15145,3.81,3.84
15147,3.81,3.84
15148,3.81,3.84
15149,3.81,3.84
15150,3.81,3.84
15152,3.81,3.84
15153,3.81,3.84
15154,3.81,3.84
15155,3.81,3.84
15156,3.81,3.84
15157,3.81,3.84
15158,3.81,3.84
15160,3.81,3.84
15161,3.81,3.84
15162,3.81,3.84
15163,3.81,3.84
15164,3.81,3.84
15165,3.81,3.84
15167,3.81,3.84
15168,3.81,3.84
15169,3.81,3.84
15170,3.81,3.84
15171,3.81,3.84
15172,3.81,3.84
15174,3.81,3.84
15175,3.81,3.84
15176,3.81,3.84
15177,3.81,3.84
15178,3.81,3.83
15179,3.81,3.84
15180,3.81,3.84
15182,3.81,3.84
15183,3.81,3.84
15184,3.81,3.84
15185,3.81,3.84
15186,3.81,3.84
15187,3.81,3.84
15190,3.81,3.84
15191,3.81,3.84
15192,3.81,3.84
15193,3.81,3.84
15194,3.81,3.84
15195,3.81,3.84
15196,3.81,3.84
15198,3.81,3.84
15199,3.81,3.84
15200,3.81,3.84
15201,3.81,3.84
15202,3.81,3.84
15203,3.81,3.84
15205,3.81,3.84
15206,3.81,3.84
15207,3.81,3.84
15208,3.81,3.84
15209,3.81,3.84
15210,3.81,3.84
15211,3.81,3.84
15213,3.81,3.84
15214,3.81,3.84
15215,3.81,3.84
15216,3.81,3.84
15217,3.81,3.84
15218,3.81,3.84
15220,3.81,3.84
15221,3.81,3.84
15222,3.81,3.84
15223,3.81,3.84
15224,3.81,3.84
15225,3.81,3.84
15227,3.81,3.84
15228,3.81,3.84
15229,3.81,3.84
15230,3.81,3.84
15232,3.81,3.84
15233,3.81,3.84
15234,3.81,3.84
15236,3.81,3.84
15237,3.81,3.84
15238,3.81,3.84
15239,3.81,3.84
15240,3.81,3.84
15241,3.81,3.84
15243,3.81,3.84
15244,3.81,3.84
15245,3.81,3.84
15246,3.81,3.84
15247,3.81,3.84
15248,3.81,3.84
15249,3.81,3.84
15251,3.81,3.84
15252,3.81,3.84
15253,3.81,3.84
15254,3.81,3.84
15255,3.81,3.84
15256,3.81,3.84
15258,3.81,3.84
15259,3.81,3.84
15260,3.81,3.84
15261,3.81,3.84
15262,3.81,3.84
15263,3.81,3.84
15264,3.81,3.84
15266,3.81,3.84
15267,3.81,3.84
15268,3.81,3.84
15269,3.81,3.84
15270,3.81,3.84
15271,3.81,3.84
15273,3.81,3.84
15275,3.81,3.84
15276,3.81,3.84
15277,3.81,3.84
15278,3.81,3.84
15279,3.81,3.84
15281,3.81,3.84
15282,3.81,3.84
15283,3.81,3.84
15284,3.81,3.84
15285,3.81,3.84
15286,3.81,3.84
15287,3.81,3.84
15289,3.81,3.84
15290,3.81,3.84
15291,3.81,3.84
15292,3.81,3.84
15293,3.81,3.84
15294,3.81,3.84
15296,3.81,3.84
15297,3.81,3.84
15298,3.81,3.84
15299,3.81,3.84
15300,3.81,3.84
15301,3.81,3.84
15302,3.81,3.84
15304,3.81,3.84
15305,3.81,3.84
15306,3.81,3.84
15307,3.81,3.84
15308,3.81,3.84
15309,3.81,3.84
15311,3.81,3.84
15312,3.81,3.84
15313,3.81,3.84
15314,3.81,3.84
15315,3.81,3.84
15316,3.81,3.84
15319,3.81,3.84
15320,3.81,3.84
15321,3.81,3.84
15322,3.81,3.84
15323,3.81,3.84
15324,3.81,3.84
15325,3.81,3.84
15327,3.81,3.84
15328,3.81,3.84
15329,3.81,3.84
15330,3.81,3.84
15331,3.81,3.84
15332,3.81,3.84
15334,3.81,3.84
15335,3.81,3.84
15336,3.81,3.84
15337,3.81,3.84
15338,3.81,3.84
15339,3.81,3.84
15340,3.81,3.84
15342,3.81,3.84
15343,3.81,3.84
15344,3.81,3.84
15345,3.81,3.84
15346,3.81,3.84
15347,3.81,3.84
15349,3.81,3.84
15350,3.81,3.84
15351,3.81,3.84
15352,3.81,3.84
15353,3.81,3.84
15354,3.81,3.84
15355,3.81,3.84
15357,3.81,3.84
15358,3.81,3.84
15360,3.81,3.84
15361,3.81,3.84
15362,3.81,3.84
15363,3.81,3.84
15365,3.81,3.84
15366,3.81,3.84
15367,3.81,3.84
15368,3.81,3.84
15369,3.81,3.84
15370,3.81,3.84
15372,3.81,3.84
15373,3.81,3.84
15374,3.81,3.84
15375,3.81,3.84
15376,3.81,3.84
15377,3.81,3.84
15378,3.81,3.84
15380,3.81,3.84
15381,3.81,3.84
15382,3.81,3.84
15383,3.81,3.84
15384,3.81,3.84
15385,3.81,3.84
15387,3.81,3.84
15388,3.81,3.84
15389,3.81,3.84
15390,3.81,3.84
15391,3.81,3.84
15392,3.81,3.84
15393,3.81,3.84
15395,3.81,3.84
15396,3.81,3.84
15397,3.81,3.84
15398,3.81,3.84
15399,3.81,3.84
15400,3.81,3.84
15403,3.81,3.84
15404,3.81,3.84
15405,3.81,3.84
15406,3.81,3.84
15407,3.81,3.84
15408,3.81,3.84
15409,3.81,3.84
15411,3.81,3.84
15412,3.81,3.84
15413,3.81,3.84
15414,3.81,3.84
15415,3.81,3.84
15416,3.81,3.84
15418,3.81,3.84
15419,3.81,3.84
15420,3.81,3.84
15421,3.81,3.84
15422,3.81,3.84
15423,3.81,3.84
15425,3.81,3.84
15426,3.81,3.84
15427,3.81,3.84
15428,3.81,3.84
15429,3.81,3.84
15430,3.81,3.84
15431,3.81,3.84
15433,3.81,3.84
15434,3.81,3.84
15435,3.81,3.84
15436,3.81,3.84
15437,3.81,3.84
15438,3.81,3.84
15440,3.81,3.84
15441,3.81,3.84
15442,3.81,3.84
15443,3.81,3.84
15444,3.81,3.84
15446,3.81,3.84
15447,3.81,3.84
15449,3.81,3.84
15450,3.81,3.84
15451,3.81,3.84
15452,3.81,3.84
15453,3.81,3.84
15454,3.81,3.84
15456,3.81,3.84
15457,3.81,3.84
15458,3.81,3.84
15459,3.81,3.84
15460,3.81,3.84
15461,3.81,3.84
15462,3.81,3.84
15464,3.81,3.84
15465,3.81,3.84
15466,3.81,3.84
15467,3.81,3.84
15468,3.81,3.84
15469,3.81,3.84
15471,3.81,3.84
15472,3.81,3.84
15473,3.81,3.84
15474,3.81,3.84
15475,3.81,3.84
15476,3.81,3.84
15478,3.81,3.84
15479,3.81,3.84
15480,3.81,3.84
15481,3.81,3.84
15482,3.81,3.84
15483,3.81,3.84
15484,3.81,3.84
15486,3.81,3.84
15488,3.81,3.84
15489,3.81,3.84
15490,3.81,3.84
15491,3.81,3.84
15492,3.81,3.84
15494,3.81,3.84
15495,3.81,3.84
15496,3.81,3.84
15497,3.81,3.84
15498,3.81,3.84
15499,3.81,3.84
15500,3.81,3.84
15502,3.81,3.84
15503,3.81,3.84
15504,3.81,3.84
15505,3.81,3.84
15506,3.81,3.84
15507,3.81,3.84
15509,3.81,3.84
15510,3.81,3.84
15511,3.81,3.84
