time_ms,ch1_v,ch2_v
60,3.85,3.61
61,3.83,3.60
62,3.82,3.59
63,3.80,3.58
64,3.77,3.56
65,3.75,3.55
66,3.74,3.55
67,3.74,3.56
68,3.75,3.57
69,3.77,3.59
70,3.80,3.61
71,3.82,3.62
72,3.85,3.64
73,3.87,3.64
74,3.87,3.64
75,3.86,3.63
76,3.85,3.61
77,3.83,3.60
78,3.82,3.59
79,3.79,3.58
80,3.77,3.56
81,3.75,3.55
82,3.74,3.56
83,3.74,3.56
84,3.76,3.58
86,3.78,3.59
87,3.80,3.61
88,3.83,3.63
89,3.85,3.64
90,3.87,3.64
91,3.87,3.64
92,3.87,3.63
94,3.85,3.62
95,3.83,3.60
96,3.82,3.59
97,3.79,3.58
98,3.77,3.57
99,3.75,3.56
100,3.74,3.56
101,3.75,3.57
102,3.77,3.58
103,3.79,3.60
104,3.81,3.62
105,3.84,3.64
106,3.86,3.65
107,3.88,3.64
108,3.87,3.64
109,3.86,3.62
110,3.84,3.61
112,3.82,3.60
113,3.80,3.58
114,3.78,3.57
115,3.75,3.56
116,3.75,3.56
117,3.75,3.57
118,3.77,3.59
119,3.79,3.60
120,3.81,3.62
121,3.84,3.64
122,3.86,3.65
123,3.88,3.65
124,3.88,3.64
126,3.86,3.63
128,3.85,3.62
129,3.83,3.61
130,3.81,3.59
131,3.78,3.58
132,3.76,3.57
133,3.75,3.57
134,3.75,3.58
135,3.77,3.59
136,3.79,3.61
137,3.81,3.63
138,3.84,3.64
139,3.87,3.66
141,3.88,3.66
142,3.88,3.65
143,3.87,3.64
144,3.85,3.63
145,3.83,3.61
146,3.81,3.60
147,3.79,3.58
148,3.76,3.57
149,3.75,3.57
150,3.75,3.58
151,3.77,3.60
152,3.79,3.61
153,3.81,3.63
155,3.84,3.65
156,3.87,3.67
157,3.88,3.67
158,3.88,3.66
159,3.87,3.65
160,3.86,3.64
161,3.84,3.63
162,3.82,3.61
163,3.79,3.59
164,3.77,3.58
165,3.76,3.58
166,3.76,3.59
167,3.77,3.60
169,3.79,3.62
171,3.82,3.64
172,3.85,3.66
173,3.87,3.68
174,3.89,3.68
175,3.89,3.68
176,3.88,3.67
177,3.87,3.65
178,3.85,3.64
179,3.82,3.62
180,3.80,3.61
181,3.77,3.59
182,3.76,3.59
184,3.76,3.60
185,3.78,3.62
186,3.80,3.63
187,3.82,3.65
188,3.85,3.67
189,3.87,3.69
190,3.89,3.70
191,3.90,3.69
192,3.89,3.68
193,3.88,3.67
194,3.86,3.65
195,3.84,3.64
196,3.81,3.62
198,3.79,3.61
199,3.77,3.60
200,3.77,3.61
201,3.78,3.63
202,3.80,3.64
203,3.82,3.66
204,3.85,3.68
205,3.88,3.70
206,3.89,3.70
207,3.90,3.70
208,3.90,3.69
209,3.88,3.68
210,3.86,3.67
211,3.84,3.65
214,3.82,3.63
215,3.79,3.62
216,3.77,3.61
217,3.77,3.62
218,3.78,3.63
219,3.80,3.65
220,3.82,3.67
221,3.84,3.69
222,3.87,3.71
223,3.89,3.72
224,3.90,3.71
225,3.89,3.70
226,3.88,3.70
228,3.86,3.68
229,3.84,3.66
230,3.82,3.64
231,3.79,3.62
232,3.77,3.62
233,3.77,3.63
234,3.78,3.64
235,3.79,3.66
236,3.82,3.68
237,3.84,3.70
238,3.87,3.72
239,3.89,3.73
241,3.90,3.72
242,3.90,3.71
243,3.88,3.70
244,3.87,3.69
245,3.84,3.67
246,3.82,3.65
247,3.79,3.63
248,3.77,3.63
249,3.77,3.64
250,3.78,3.65
251,3.79,3.66
252,3.82,3.68
253,3.84,3.70
256,3.87,3.72
257,3.89,3.73
258,3.90,3.73
259,3.90,3.72
260,3.88,3.71
261,3.87,3.70
262,3.84,3.68
263,3.82,3.66
264,3.79,3.64
265,3.77,3.64
266,3.77,3.64
267,3.77,3.65
268,3.79,3.67
270,3.81,3.69
271,3.84,3.71
272,3.87,3.73
273,3.89,3.74
274,3.90,3.74
275,3.90,3.73
276,3.89,3.72
277,3.87,3.70
278,3.85,3.69
279,3.83,3.67
280,3.80,3.65
281,3.78,3.64
282,3.77,3.65
284,3.77,3.66
285,3.79,3.68
286,3.81,3.70
287,3.84,3.71
288,3.86,3.73
289,3.89,3.75
290,3.90,3.75
291,3.90,3.74
292,3.89,3.72
293,3.87,3.71
294,3.85,3.70
295,3.83,3.68
296,3.80,3.66
299,3.78,3.65
300,3.77,3.65
301,3.77,3.66
302,3.79,3.68
303,3.81,3.70
304,3.83,3.71
305,3.86,3.73
306,3.89,3.75
307,3.90,3.75
308,3.90,3.74
309,3.89,3.72
310,3.87,3.71
311,3.85,3.70
313,3.83,3.68
314,3.80,3.66
315,3.78,3.65
316,3.77,3.65
317,3.77,3.67
318,3.79,3.68
319,3.81,3.70
320,3.83,3.72
321,3.86,3.74
322,3.89,3.75
323,3.90,3.75
324,3.90,3.75
325,3.89,3.73
327,3.87,3.72
328,3.85,3.70
329,3.83,3.69
330,3.81,3.67
331,3.78,3.66
332,3.77,3.66
333,3.78,3.67
334,3.79,3.69
335,3.81,3.70
336,3.83,3.72
337,3.86,3.74
338,3.89,3.76
339,3.90,3.76
342,3.91,3.75
343,3.90,3.74
344,3.88,3.73
345,3.86,3.71
346,3.84,3.69
347,3.81,3.67
348,3.79,3.66
349,3.78,3.66
350,3.78,3.68
351,3.80,3.69
352,3.82,3.71
353,3.84,3.73
354,3.86,3.75
356,3.89,3.77
357,3.91,3.77
358,3.91,3.76
359,3.90,3.75
360,3.89,3.74
361,3.87,3.72
362,3.85,3.70
363,3.82,3.68
364,3.80,3.67
365,3.78,3.67
366,3.79,3.68
367,3.80,3.70
368,3.82,3.71
370,3.84,3.73
371,3.87,3.75
372,3.89,3.77
373,3.91,3.78
374,3.91,3.77
375,3.91,3.76
376,3.90,3.74
377,3.87,3.73
378,3.85,3.71
379,3.83,3.69
380,3.80,3.68
381,3.78,3.67
382,3.79,3.68
385,3.80,3.70
386,3.82,3.71
387,3.84,3.73
388,3.86,3.75
389,3.89,3.77
390,3.91,3.78
391,3.91,3.78
392,3.91,3.76
393,3.89,3.75
394,3.87,3.73
395,3.85,3.71
396,3.83,3.70
397,3.80,3.68
399,3.78,3.68
400,3.78,3.69
401,3.79,3.70
402,3.81,3.72
403,3.83,3.73
404,3.86,3.75
405,3.88,3.77
406,3.90,3.78
407,3.91,3.78
408,3.90,3.76
409,3.89,3.75
410,3.87,3.73
411,3.85,3.71
413,3.82,3.70
414,3.80,3.68
415,3.78,3.68
416,3.78,3.69
417,3.79,3.70
418,3.81,3.71
419,3.83,3.73
420,3.85,3.75
421,3.88,3.77
422,3.90,3.77
423,3.90,3.77
424,3.90,3.75
425,3.88,3.74
428,3.86,3.72
429,3.84,3.70
430,3.82,3.69
431,3.79,3.67
432,3.77,3.67
433,3.77,3.67
434,3.78,3.68
435,3.79,3.70
436,3.82,3.71
437,3.84,3.73
438,3.86,3.75
439,3.88,3.75
440,3.89,3.75
442,3.88,3.74
443,3.87,3.72
444,3.85,3.70
445,3.83,3.69
446,3.80,3.67
447,3.78,3.65
448,3.76,3.65
449,3.76,3.66
450,3.77,3.67
451,3.78,3.68
452,3.80,3.70
453,3.82,3.71
454,3.85,3.73
456,3.87,3.74
457,3.88,3.73
458,3.87,3.72
459,3.86,3.71
460,3.84,3.69
461,3.82,3.67
462,3.79,3.65
463,3.77,3.64
464,3.75,3.63
465,3.75,3.64
466,3.76,3.65
467,3.77,3.67
468,3.79,3.68
471,3.81,3.70
472,3.84,3.71
473,3.86,3.72
474,3.87,3.71
475,3.86,3.70
476,3.85,3.69
477,3.83,3.68
478,3.81,3.66
479,3.79,3.64
480,3.76,3.62
481,3.74,3.62
482,3.74,3.62
484,3.75,3.64
485,3.77,3.65
486,3.79,3.66
487,3.81,3.68
488,3.83,3.70
489,3.86,3.70
490,3.86,3.70
491,3.86,3.69
492,3.85,3.68
493,3.83,3.66
494,3.81,3.64
495,3.78,3.63
496,3.76,3.61
498,3.74,3.61
499,3.74,3.61
500,3.75,3.62
501,3.77,3.64
502,3.79,3.65
503,3.81,3.67
504,3.83,3.69
505,3.86,3.70
506,3.87,3.69
507,3.86,3.68
508,3.85,3.67
509,3.83,3.65
510,3.81,3.64
513,3.79,3.62
514,3.76,3.60
515,3.74,3.60
516,3.74,3.61
517,3.75,3.62
518,3.77,3.63
519,3.79,3.65
520,3.81,3.67
521,3.84,3.69
522,3.86,3.70
523,3.87,3.70
524,3.87,3.69
526,3.86,3.67
527,3.84,3.66
528,3.82,3.64
529,3.80,3.62
530,3.77,3.61
531,3.75,3.61
532,3.75,3.61
533,3.76,3.63
534,3.78,3.64
535,3.80,3.66
536,3.82,3.68
537,3.84,3.70
538,3.87,3.70
540,3.88,3.70
541,3.88,3.70
542,3.86,3.69
543,3.85,3.67
544,3.83,3.66
545,3.81,3.64
546,3.78,3.62
547,3.76,3.62
548,3.76,3.62
549,3.76,3.63
550,3.78,3.65
551,3.80,3.67
552,3.83,3.69
555,3.85,3.70
556,3.88,3.72
557,3.89,3.72
558,3.89,3.71
559,3.88,3.70
560,3.86,3.69
561,3.84,3.67
562,3.82,3.66
563,3.79,3.64
564,3.77,3.63
565,3.77,3.63
566,3.77,3.65
567,3.79,3.66
569,3.81,3.68
570,3.84,3.70
571,3.86,3.72
572,3.89,3.73
573,3.90,3.73
574,3.90,3.72
575,3.89,3.71
576,3.88,3.70
577,3.86,3.69
578,3.83,3.67
579,3.80,3.65
580,3.78,3.64
581,3.78,3.64
583,3.78,3.66
584,3.80,3.67
585,3.82,3.69
586,3.84,3.71
587,3.87,3.73
588,3.89,3.74
589,3.91,3.75
590,3.91,3.74
591,3.90,3.73
592,3.89,3.71
593,3.87,3.70
594,3.84,3.68
595,3.81,3.66
598,3.79,3.66
599,3.79,3.66
600,3.79,3.67
601,3.81,3.69
602,3.83,3.70
603,3.85,3.72
604,3.87,3.74
605,3.90,3.77
606,3.92,3.79
607,3.94,3.80
608,3.95,3.81
609,3.96,3.83
610,3.98,3.86
612,4.01,3.88
613,4.03,3.91
614,4.05,3.91
615,4.07,3.93
616,4.09,3.94
617,4.11,3.96
618,4.13,3.98
619,4.15,3.99
620,4.17,4.01
621,4.20,4.03
622,4.22,4.05
623,4.25,4.07
624,4.27,4.10
625,4.30,4.13
627,4.32,4.15
628,4.35,4.17
629,4.37,4.20
630,4.39,4.22
631,4.42,4.24
632,4.44,4.25
633,4.46,4.27
634,4.47,4.28
635,4.49,4.29
636,4.50,4.30
637,4.51,4.31
638,4.52,4.31
641,4.53,4.32
642,4.54,4.33
643,4.55,4.33
644,4.55,4.34
645,4.56,4.34
646,4.56,4.34
647,4.56,4.34
648,4.56,4.34
649,4.56,4.34
650,4.55,4.34
651,4.54,4.33
652,4.54,4.33
654,4.53,4.33
655,4.52,4.33
656,4.51,4.32
657,4.50,4.32
658,4.49,4.32
659,4.48,4.31
660,4.48,4.31
661,4.47,4.31
662,4.46,4.30
663,4.45,4.30
664,4.44,4.30
665,4.43,4.29
666,4.42,4.29
668,4.41,4.29
669,4.41,4.29
670,4.40,4.28
671,4.39,4.28
672,4.38,4.28
673,4.38,4.28
674,4.37,4.28
675,4.36,4.28
676,4.36,4.27
677,4.35,4.28
678,4.35,4.27
679,4.35,4.28
681,4.35,4.28
683,4.34,4.28
684,4.34,4.28
685,4.33,4.28
686,4.33,4.28
687,4.33,4.28
688,4.33,4.28
689,4.33,4.28
690,4.33,4.28
691,4.32,4.28
692,4.32,4.28
693,4.32,4.29
695,4.32,4.29
696,4.32,4.29
697,4.32,4.29
698,4.32,4.29
699,4.32,4.29
700,4.32,4.30
701,4.32,4.30
702,4.32,4.30
703,4.31,4.30
704,4.32,4.30
705,4.31,4.31
706,4.31,4.31
707,4.31,4.31
709,4.31,4.31
710,4.31,4.32
711,4.31,4.32
712,4.31,4.32
713,4.32,4.32
714,4.31,4.32
715,4.32,4.32
716,4.32,4.32
717,4.31,4.33
718,4.32,4.33
719,4.32,4.33
720,4.31,4.33
722,4.32,4.34
723,4.31,4.34
724,4.31,4.34
726,4.32,4.34
727,4.31,4.34
728,4.32,4.34
729,4.32,4.34
730,4.32,4.35
731,4.31,4.35
732,4.31,4.35
733,4.31,4.35
734,4.31,4.35
736,4.31,4.35
737,4.31,4.35
738,4.31,4.35
739,4.31,4.36
740,4.31,4.36
741,4.31,4.36
742,4.31,4.36
743,4.31,4.36
744,4.31,4.36
745,4.31,4.36
746,4.31,4.36
747,4.31,4.36
748,4.31,4.36
750,4.31,4.37
751,4.31,4.37
752,4.31,4.37
753,4.31,4.37
754,4.31,4.37
755,4.30,4.37
756,4.30,4.38
757,4.30,4.38
758,4.30,4.38
759,4.30,4.38
760,4.30,4.38
761,4.30,4.38
762,4.30,4.38
763,4.30,4.38
765,4.30,4.38
766,4.30,4.38
768,4.30,4.39
769,4.30,4.39
770,4.30,4.39
771,4.30,4.39
772,4.30,4.39
773,4.30,4.39
774,4.30,4.40
775,4.30,4.40
776,4.30,4.40
777,4.30,4.40
778,4.30,4.40
779,4.30,4.40
781,4.30,4.40
782,4.30,4.40
783,4.30,4.40
784,4.30,4.41
785,4.30,4.41
786,4.30,4.41
787,4.30,4.41
788,4.30,4.41
789,4.30,4.41
790,4.30,4.41
791,4.30,4.42
792,4.29,4.42
793,4.29,4.42
794,4.29,4.42
796,4.29,4.42
797,4.29,4.42
798,4.29,4.42
799,4.29,4.42
800,4.29,4.42
801,4.29,4.42
802,4.29,4.42
803,4.29,4.43
804,4.29,4.43
805,4.29,4.43
806,4.29,4.43
807,4.29,4.43
808,4.29,4.43
811,4.29,4.43
812,4.29,4.43
813,4.29,4.43
814,4.29,4.44
815,4.29,4.44
816,4.29,4.44
817,4.29,4.44
818,4.29,4.44
819,4.29,4.44
820,4.29,4.44
821,4.29,4.44
822,4.29,4.45
823,4.29,4.45
825,4.29,4.44
826,4.29,4.45
827,4.29,4.45
828,4.29,4.45
829,4.29,4.45
830,4.29,4.45
831,4.29,4.45
832,4.29,4.45
833,4.29,4.45
834,4.29,4.45
835,4.29,4.45
836,4.29,4.46
837,4.29,4.46
839,4.29,4.46
840,4.29,4.46
841,4.29,4.46
842,4.29,4.46
843,4.29,4.46
844,4.29,4.46
845,4.29,4.46
846,4.29,4.46
847,4.29,4.47
848,4.29,4.47
849,4.29,4.47
850,4.29,4.47
852,4.29,4.47
854,4.29,4.47
855,4.29,4.47
856,4.29,4.47
857,4.29,4.47
858,4.29,4.47
859,4.29,4.47
860,4.29,4.48
861,4.29,4.48
862,4.29,4.48
863,4.29,4.48
864,4.29,4.48
866,4.29,4.48
867,4.29,4.48
868,4.29,4.48
869,4.29,4.48
870,4.29,4.48
871,4.29,4.49
872,4.29,4.49
873,4.29,4.49
874,4.29,4.49
875,4.30,4.49
876,4.29,4.49
877,4.29,4.49
878,4.29,4.49
880,4.29,4.49
881,4.29,4.49
882,4.29,4.49
883,4.29,4.50
884,4.29,4.50
885,4.29,4.50
886,4.29,4.50
887,4.29,4.50
888,4.29,4.50
889,4.29,4.50
890,4.29,4.50
891,4.29,4.50
892,4.29,4.50
893,4.29,4.51
896,4.29,4.50
897,4.29,4.51
898,4.29,4.51
899,4.29,4.50
900,4.29,4.51
901,4.29,4.51
902,4.29,4.51
903,4.29,4.51
904,4.29,4.51
905,4.29,4.51
906,4.29,4.51
907,4.29,4.51
908,4.29,4.51
910,4.29,4.52
911,4.29,4.51
912,4.29,4.52
913,4.29,4.52
914,4.29,4.52
915,4.29,4.52
916,4.29,4.52
917,4.29,4.52
918,4.29,4.52
919,4.29,4.52
920,4.29,4.53
921,4.29,4.53
923,4.29,4.53
924,4.29,4.53
925,4.29,4.53
926,4.29,4.53
927,4.29,4.53
928,4.29,4.53
929,4.29,4.53
930,4.29,4.54
931,4.29,4.54
932,4.29,4.54
933,4.29,4.54
934,4.29,4.54
935,4.29,4.54
937,4.29,4.54
939,4.29,4.54
940,4.29,4.55
941,4.29,4.55
942,4.29,4.55
943,4.29,4.55
944,4.29,4.55
945,4.29,4.55
946,4.29,4.55
947,4.29,4.56
948,4.29,4.56
949,4.29,4.56
951,4.29,4.56
952,4.29,4.56
953,4.29,4.57
954,4.29,4.57
955,4.29,4.57
956,4.29,4.57
957,4.29,4.57
958,4.29,4.57
959,4.29,4.57
960,4.29,4.57
961,4.28,4.57
962,4.28,4.58
963,4.28,4.58
965,4.29,4.58
966,4.29,4.58
967,4.29,4.59
968,4.29,4.59
969,4.29,4.59
970,4.29,4.59
971,4.29,4.60
972,4.29,4.60
973,4.29,4.60
974,4.28,4.60
975,4.28,4.60
976,4.28,4.61
977,4.28,4.61
979,4.28,4.61
980,4.28,4.61
982,4.28,4.62
983,4.28,4.62
984,4.28,4.62
985,4.28,4.63
986,4.28,4.63
987,4.28,4.63
988,4.28,4.64
989,4.28,4.64
990,4.28,4.64
991,4.28,4.64
992,4.28,4.65
994,4.28,4.65
995,4.28,4.65
996,4.28,4.66
997,4.28,4.66
998,4.28,4.66
999,4.28,4.67
1000,4.28,4.67
1001,4.28,4.68
1002,4.28,4.68
1003,4.28,4.69
1005,4.27,4.69
1006,4.27,4.70
1007,4.27,4.70
1008,4.27,4.71
1009,4.27,4.71
1010,4.27,4.72
1011,4.27,4.72
1012,4.27,4.73
1014,4.27,4.73
1015,4.27,4.74
1016,4.27,4.74
1017,4.27,4.75
1018,4.27,4.75
1019,4.27,4.76
1020,4.27,4.76
1021,4.27,4.76
1024,4.26,4.77
1025,4.26,4.77
1026,4.26,4.78
1027,4.26,4.78
1028,4.26,4.78
1029,4.26,4.78
1030,4.26,4.79
1031,4.26,4.79
1033,4.26,4.79
1034,4.26,4.80
1035,4.26,4.80
1036,4.26,4.80
1037,4.26,4.81
1038,4.26,4.81
1039,4.26,4.81
1040,4.26,4.82
1042,4.26,4.82
1043,4.26,4.82
1044,4.26,4.82
1045,4.26,4.83
1046,4.26,4.83
1047,4.26,4.83
1048,4.26,4.84
1049,4.26,4.84
1051,4.26,4.84
1052,4.26,4.85
1053,4.26,4.85
1054,4.26,4.85
1055,4.26,4.85
1056,4.26,4.85
1057,4.26,4.86
1058,4.26,4.86
1060,4.26,4.86
1061,4.26,4.86
1062,4.26,4.86
1063,4.26,4.87
1064,4.26,4.87
1065,4.26,4.87
1067,4.26,4.87
1068,4.26,4.88
1070,4.26,4.88
1071,4.27,4.88
1072,4.27,4.88
1073,4.27,4.88
1074,4.27,4.89
1075,4.27,4.89
1076,4.27,4.89
1077,4.27,4.89
1079,4.27,4.89
1080,4.27,4.89
1081,4.27,4.89
1082,4.27,4.90
1083,4.27,4.90
1084,4.27,4.90
1085,4.27,4.90
1086,4.27,4.90
1088,4.27,4.90
1089,4.27,4.90
1090,4.27,4.90
1091,4.27,4.91
1092,4.27,4.91
1093,4.27,4.91
1094,4.27,4.91
1095,4.27,4.91
1097,4.27,4.91
1098,4.28,4.91
1099,4.28,4.91
1100,4.28,4.91
1101,4.27,4.92
1102,4.28,4.92
1103,4.28,4.92
1104,4.28,4.92
1106,4.28,4.92
1107,4.28,4.92
1108,4.28,4.92
1110,4.28,4.92
1111,4.28,4.92
1112,4.28,4.92
1113,4.28,4.92
1114,4.28,4.92
1116,4.28,4.92
1117,4.28,4.92
1118,4.28,4.92
1119,4.28,4.93
1120,4.28,4.93
1121,4.28,4.93
1122,4.28,4.93
1123,4.28,4.93
1125,4.28,4.93
1126,4.28,4.93
1127,4.28,4.93
1128,4.28,4.93
1129,4.28,4.93
1130,4.28,4.93
1131,4.28,4.93
1132,4.28,4.93
1134,4.29,4.93
1135,4.28,4.93
1136,4.28,4.93
1137,4.28,4.93
1138,4.28,4.93
1139,4.28,4.94
1140,4.28,4.93
1141,4.28,4.94
1143,4.28,4.94
1144,4.28,4.94
1145,4.28,4.94
1146,4.28,4.94
1147,4.28,4.94
1148,4.28,4.94
1149,4.28,4.94
1152,4.28,4.94
1153,4.28,4.94
1154,4.28,4.94
1155,4.28,4.94
1156,4.28,4.94
1157,4.28,4.94
1158,4.28,4.94
1159,4.28,4.94
1161,4.28,4.94
1162,4.29,4.94
1163,4.28,4.94
1164,4.28,4.94
1165,4.29,4.94
1166,4.28,4.94
1167,4.29,4.94
1168,4.29,4.94
1170,4.29,4.95
1171,4.29,4.94
1172,4.29,4.94
1173,4.28,4.95
1174,4.28,4.95
1175,4.28,4.95
1176,4.28,4.94
1177,4.29,4.94
1179,4.29,4.94
1180,4.29,4.95
1181,4.29,4.95
1182,4.29,4.94
1183,4.29,4.95
1184,4.28,4.95
1185,4.28,4.95
1186,4.28,4.95
1188,4.28,4.95
1189,4.28,4.95
1190,4.28,4.95
1191,4.28,4.95
1192,4.29,4.95
1193,4.29,4.95
1195,4.29,4.95
1197,4.29,4.95
1198,4.29,4.95
1199,4.29,4.95
1200,4.29,4.95
1201,4.29,4.95
1202,4.29,4.95
1203,4.29,4.95
1204,4.28,4.95
1206,4.28,4.95
1207,4.28,4.95
1208,4.28,4.95
1209,4.28,4.95
1210,4.29,4.95
1211,4.28,4.95
1212,4.29,4.95
1214,4.29,4.95
1215,4.29,4.95
1216,4.29,4.95
1217,4.29,4.95
1218,4.29,4.95
1219,4.28,4.95
1220,4.29,4.95
1221,4.28,4.95
1223,4.28,4.95
1224,4.28,4.95
1225,4.28,4.95
1226,4.28,4.95
1227,4.28,4.95
1228,4.28,4.95
1229,4.28,4.95
1231,4.28,4.95
1232,4.29,4.95
1233,4.28,4.95
1234,4.28,4.95
1235,4.28,4.95
1236,4.29,4.95
1238,4.28,4.95
1239,4.28,4.95
1241,4.28,4.95
1242,4.28,4.95
1243,4.28,4.95
1244,4.29,4.95
1245,4.28,4.95
1246,4.28,4.95
1247,4.28,4.95
1248,4.28,4.95
1250,4.28,4.95
1251,4.29,4.95
1252,4.29,4.95
1253,4.29,4.95
1254,4.28,4.95
1255,4.28,4.95
1256,4.28,4.95
1257,4.28,4.95
1259,4.28,4.95
1260,4.28,4.95
1261,4.28,4.95
1262,4.28,4.95
1263,4.28,4.95
1264,4.28,4.95
1265,4.28,4.95
1267,4.28,4.95
1268,4.28,4.95
1269,4.28,4.95
1270,4.28,4.95
1271,4.28,4.95
1272,4.28,4.95
1273,4.28,4.95
1274,4.28,4.95
1276,4.28,4.95
1277,4.28,4.95
1278,4.28,4.95
1280,4.28,4.95
1281,4.28,4.95
1282,4.28,4.95
1283,4.28,4.95
1284,4.28,4.95
1286,4.28,4.95
1287,4.28,4.95
1288,4.28,4.95
1289,4.28,4.95
1290,4.28,4.95
1291,4.28,4.95
1292,4.28,4.95
1293,4.28,4.95
1295,4.28,4.95
1296,4.28,4.95
1297,4.28,4.95
1298,4.28,4.95
1299,4.28,4.95
1300,4.28,4.95
1301,4.28,4.95
1302,4.28,4.95
1304,4.28,4.95
1305,4.28,4.95
1306,4.28,4.95
1307,4.28,4.95
1308,4.28,4.95
1309,4.28,4.95
1310,4.28,4.95
1311,4.28,4.95
1313,4.28,4.96
1314,4.28,4.95
1315,4.28,4.95
1316,4.28,4.95
1317,4.28,4.95
1318,4.28,4.95
1319,4.28,4.95
1320,4.28,4.95
1323,4.28,4.96
1324,4.28,4.95
1325,4.28,4.96
1326,4.28,4.95
1327,4.28,4.95
1328,4.28,4.95
1329,4.28,4.95
1330,4.28,4.95
1332,4.28,4.95
1333,4.28,4.95
1334,4.28,4.95
1335,4.28,4.95
1336,4.28,4.95
1337,4.28,4.95
1338,4.28,4.96
1339,4.28,4.95
1341,4.28,4.95
1342,4.28,4.95
1343,4.28,4.95
1344,4.28,4.95
1345,4.28,4.95
1346,4.28,4.95
1347,4.28,4.96
1348,4.28,4.95
1350,4.28,4.95
1351,4.28,4.95
1352,4.28,4.95
1353,4.28,4.95
1354,4.28,4.95
1355,4.28,4.95
1356,4.28,4.95
1357,4.28,4.95
1359,4.28,4.95
1360,4.27,4.95
1361,4.28,4.96
1362,4.28,4.96
1363,4.28,4.95
1364,4.28,4.95
1366,4.28,4.95
1367,4.28,4.95
1369,4.27,4.95
1370,4.28,4.95
1371,4.28,4.95
1372,4.27,4.95
1373,4.27,4.95
1374,4.27,4.95
1375,4.27,4.95
1376,4.27,4.96
1378,4.28,4.95
1379,4.27,4.95
1380,4.27,4.95
1381,4.27,4.95
1382,4.28,4.95
1383,4.27,4.95
1384,4.28,4.95
1385,4.27,4.96
1387,4.27,4.95
1388,4.28,4.96
1389,4.27,4.95
1390,4.27,4.95
1391,4.27,4.95
1392,4.27,4.95
1393,4.27,4.95
1394,4.27,4.95
1396,4.27,4.95
1397,4.27,4.95
1398,4.27,4.95
1399,4.27,4.95
1400,4.27,4.95
1401,4.27,4.95
1402,4.28,4.95
1403,4.27,4.95
1405,4.27,4.95
1406,4.27,4.95
1408,4.27,4.95
1409,4.27,4.95
1410,4.27,4.96
1411,4.27,4.95
1412,4.27,4.95
1413,4.27,4.95
1415,4.27,4.96
1416,4.27,4.95
1417,4.27,4.95
1418,4.27,4.95
1419,4.27,4.95
1420,4.27,4.95
1421,4.27,4.95
1422,4.27,4.95
1424,4.27,4.95
1425,4.27,4.95
1426,4.27,4.95
1427,4.27,4.95
1428,4.27,4.95
1429,4.27,4.95
1430,4.27,4.95
1431,4.27,4.95
1433,4.27,4.95
1434,4.27,4.95
1435,4.27,4.96
1436,4.27,4.95
1437,4.27,4.95
1438,4.27,4.95
1439,4.27,4.95
1440,4.27,4.95
1442,4.27,4.95
1443,4.27,4.95
1444,4.27,4.95
1445,4.27,4.95
1446,4.27,4.96
1447,4.27,4.95
1448,4.27,4.95
1449,4.27,4.95
1452,4.27,4.95
1453,4.27,4.95
1454,4.27,4.96
1455,4.27,4.95
1456,4.27,4.96
1457,4.27,4.95
1458,4.27,4.95
1459,4.27,4.96
1461,4.27,4.95
1462,4.27,4.96
1463,4.27,4.96
1464,4.27,4.96
1465,4.27,4.96
1466,4.27,4.95
1467,4.27,4.95
1469,4.27,4.96
1470,4.27,4.96
1471,4.27,4.96
1472,4.27,4.95
1473,4.27,4.96
1474,4.27,4.95
1475,4.27,4.95
1476,4.27,4.96
1478,4.27,4.95
1479,4.27,4.96
1480,4.27,4.96
1481,4.27,4.96
1482,4.27,4.96
1483,4.27,4.96
1484,4.26,4.96
1485,4.26,4.96
1487,4.26,4.95
1488,4.26,4.95
1489,4.27,4.96
1490,4.26,4.96
1491,4.26,4.96
1492,4.26,4.96
1494,4.26,4.95
1496,4.26,4.95
1497,4.27,4.96
1498,4.26,4.96
1499,4.26,4.96
1500,4.26,4.95
1501,4.27,4.96
1502,4.26,4.95
1503,4.26,4.96
1505,4.26,4.95
1506,4.26,4.96
1507,4.26,4.95
1508,4.26,4.96
1509,4.26,4.95
1510,4.26,4.95
1511,4.26,4.95
1512,4.26,4.96
1514,4.26,4.96
1515,4.26,4.95
1516,4.26,4.96
1517,4.26,4.95
1518,4.26,4.96
1519,4.26,4.96
1520,4.26,4.96
1521,4.26,4.95
1523,4.26,4.96
1524,4.26,4.95
1525,4.26,4.96
1526,4.26,4.96
1527,4.26,4.95
1528,4.26,4.96
1529,4.26,4.96
1531,4.26,4.96
1532,4.26,4.95
1533,4.26,4.95
1534,4.26,4.96
1536,4.26,4.96
1537,4.26,4.96
1538,4.26,4.96
1539,4.26,4.95
1541,4.26,4.96
1542,4.26,4.96
1543,4.26,4.96
1544,4.26,4.95
1545,4.26,4.96
1546,4.26,4.95
1547,4.26,4.96
1549,4.26,4.96
1550,4.26,4.96
1551,4.26,4.95
1552,4.26,4.96
1553,4.26,4.96
1554,4.26,4.96
1555,4.26,4.95
1556,4.26,4.95
1558,4.26,4.96
1559,4.26,4.95
1560,4.26,4.96
1561,4.26,4.95
1562,4.26,4.96
1563,4.26,4.95
1564,4.26,4.96
1566,4.26,4.95
1567,4.26,4.95
1568,4.26,4.95
1569,4.26,4.95
1570,4.26,4.96
1571,4.26,4.95
1572,4.26,4.95
1573,4.26,4.95
1575,4.25,4.95
1576,4.25,4.95
1577,4.26,4.96
1579,4.25,4.96
1580,4.26,4.96
1581,4.25,4.96
1582,4.25,4.96
1583,4.25,4.96
1585,4.25,4.95
1586,4.25,4.95
1587,4.26,4.95
1588,4.25,4.95
1589,4.26,4.95
1590,4.25,4.95
1591,4.25,4.95
1592,4.25,4.95
1594,4.25,4.95
1595,4.25,4.95
1596,4.25,4.95
1597,4.25,4.95
1598,4.25,4.95
1599,4.25,4.95
1600,4.25,4.96
1601,4.25,4.95
1603,4.25,4.95
1604,4.25,4.95
1605,4.25,4.95
1606,4.25,4.95
1607,4.25,4.95
1608,4.25,4.95
1609,4.25,4.95
1610,4.25,4.95
1612,4.25,4.95
1613,4.25,4.95
1614,4.25,4.96
1615,4.25,4.95
1616,4.25,4.95
1617,4.25,4.95
1618,4.25,4.95
1619,4.25,4.95
1622,4.25,4.95
1623,4.25,4.95
1624,4.25,4.95
1625,4.25,4.95
1626,4.25,4.95
1627,4.25,4.95
1628,4.25,4.95
1629,4.25,4.95
1631,4.25,4.96
1632,4.25,4.95
1633,4.25,4.96
1634,4.25,4.95
1635,4.25,4.96
1636,4.25,4.96
1637,4.25,4.95
1639,4.25,4.95
1640,4.25,4.96
1641,4.25,4.95
1642,4.25,4.95
1643,4.25,4.95
1644,4.25,4.95
1645,4.25,4.95
1646,4.25,4.96
1648,4.25,4.95
1649,4.25,4.96
1650,4.25,4.95
1651,4.25,4.96
1652,4.25,4.96
1653,4.25,4.95
1654,4.25,4.95
1655,4.25,4.96
1657,4.25,4.95
1658,4.25,4.95
1659,4.25,4.95
1660,4.25,4.95
1661,4.25,4.95
1662,4.25,4.95
1664,4.25,4.95
1665,4.25,4.95
1667,4.25,4.95
1668,4.25,4.95
1669,4.25,4.95
1670,4.25,4.95
1671,4.25,4.95
1672,4.25,4.95
1673,4.25,4.95
1674,4.25,4.95
1676,4.25,4.95
1677,4.25,4.95
1678,4.25,4.95
1679,4.25,4.95
1680,4.25,4.95
1681,4.25,4.95
1682,4.25,4.95
1683,4.25,4.95
1685,4.24,4.95
1686,4.24,4.95
1687,4.24,4.95
1688,4.24,4.95
1689,4.24,4.95
1690,4.25,4.95
1691,4.24,4.95
1693,4.24,4.95
1694,4.24,4.95
1695,4.24,4.95
1696,4.25,4.95
1697,4.24,4.95
1698,4.25,4.95
1699,4.24,4.95
1700,4.24,4.95
1702,4.24,4.95
1703,4.24,4.95
1704,4.24,4.95
1705,4.24,4.95
1707,4.24,4.95
1708,4.24,4.95
1709,4.24,4.95
1710,4.24,4.95
1712,4.24,4.95
1713,4.24,4.95
1714,4.24,4.95
1715,4.24,4.95
1716,4.24,4.95
1717,4.24,4.95
1718,4.24,4.95
1720,4.24,4.95
1721,4.24,4.95
1722,4.24,4.95
1723,4.24,4.95
1724,4.24,4.95
1725,4.24,4.95
1726,4.24,4.95
1727,4.24,4.95
1729,4.24,4.95
1730,4.24,4.95
1731,4.24,4.95
1732,4.24,4.95
1733,4.24,4.95
1734,4.24,4.95
1735,4.24,4.95
1737,4.24,4.95
1738,4.24,4.95
1739,4.24,4.95
1740,4.24,4.95
1741,4.24,4.95
1742,4.24,4.95
1743,4.24,4.95
1744,4.24,4.95
1746,4.24,4.95
1747,4.24,4.95
1748,4.24,4.95
1750,4.24,4.95
1751,4.24,4.95
1752,4.24,4.95
1753,4.24,4.95
1754,4.24,4.95
1756,4.24,4.95
1757,4.24,4.95
1758,4.25,4.95
1759,4.25,4.95
1760,4.25,4.95
1761,4.25,4.95
1762,4.25,4.95
1764,4.25,4.95
1765,4.25,4.95
1766,4.25,4.95
1767,4.24,4.94
1768,4.25,4.95
1769,4.24,4.95
1770,4.24,4.95
1771,4.24,4.95
1773,4.24,4.95
1774,4.24,4.95
1775,4.24,4.95
1776,4.24,4.95
1777,4.24,4.95
1778,4.24,4.95
1779,4.24,4.95
1781,4.24,4.95
1782,4.24,4.95
1783,4.24,4.95
1784,4.24,4.95
1785,4.24,4.95
1786,4.24,4.95
1787,4.24,4.95
1788,4.24,4.95
1790,4.24,4.95
1792,4.24,4.95
1793,4.24,4.95
1794,4.24,4.95
1795,4.24,4.95
1796,4.24,4.95
1797,4.24,4.95
1799,4.24,4.95
1800,4.24,4.95
1801,4.24,4.95
1802,4.24,4.95
1803,4.24,4.95
1804,4.24,4.95
1805,4.24,4.95
1806,4.24,4.95
1808,4.24,4.95
1809,4.24,4.95
1810,4.24,4.95
1811,4.24,4.95
1812,4.24,4.95
1813,4.25,4.95
1814,4.25,4.95
1815,4.24,4.95
1817,4.24,4.95
1818,4.24,4.95
1819,4.24,4.95
1820,4.24,4.95
1821,4.24,4.95
1822,4.24,4.95
1823,4.24,4.94
1825,4.25,4.93
1826,4.24,4.93
1827,4.25,4.92
1828,4.25,4.91
1829,4.24,4.90
1830,4.25,4.89
1831,4.24,4.88
1832,4.24,4.87
1835,4.24,4.85
1836,4.24,4.84
1837,4.23,4.83
1838,4.23,4.82
1839,4.23,4.81
1840,4.22,4.79
1841,4.22,4.78
1842,4.22,4.77
1844,4.22,4.75
1845,4.21,4.74
1846,4.21,4.73
1847,4.21,4.71
1848,4.20,4.70
1849,4.20,4.69
1850,4.20,4.68
1851,4.19,4.66
1853,4.19,4.65
1854,4.18,4.64
1855,4.18,4.63
1856,4.17,4.62
1857,4.17,4.61
1858,4.17,4.60
1859,4.16,4.59
1860,4.16,4.58
1862,4.16,4.57
1863,4.15,4.57
1864,4.15,4.56
1865,4.15,4.56
1866,4.14,4.55
1867,4.14,4.54
1868,4.14,4.54
1869,4.14,4.53
1871,4.14,4.52
1872,4.13,4.52
1873,4.13,4.51
1874,4.13,4.51
1875,4.13,4.50
1876,4.13,4.50
1878,4.13,4.50
1880,4.13,4.49
1881,4.13,4.49
1882,4.13,4.49
1883,4.13,4.48
1884,4.13,4.48
1885,4.13,4.48
1886,4.13,4.48
1887,4.13,4.48
1889,4.13,4.48
1890,4.13,4.48
1891,4.13,4.47
1892,4.13,4.47
1893,4.13,4.47
1894,4.13,4.47
1895,4.14,4.47
1896,4.14,4.47
1898,4.14,4.47
1899,4.14,4.47
1900,4.14,4.47
1901,4.14,4.48
1902,4.15,4.48
1903,4.15,4.48
1904,4.15,4.48
1905,4.15,4.48
1907,4.16,4.48
1908,4.16,4.48
1909,4.16,4.48
1910,4.16,4.49
1911,4.17,4.49
1912,4.17,4.49
1913,4.17,4.49
1915,4.17,4.49
1916,4.18,4.50
1917,4.18,4.50
1918,4.18,4.50
1920,4.18,4.50
1921,4.18,4.50
1922,4.19,4.51
1923,4.19,4.51
1924,4.19,4.51
1926,4.19,4.51
1927,4.20,4.52
1928,4.20,4.52
1929,4.20,4.52
1930,4.20,4.52
1931,4.20,4.52
1932,4.21,4.53
1934,4.21,4.53
1935,4.21,4.53
1936,4.21,4.53
1937,4.21,4.53
1938,4.22,4.53
1939,4.22,4.54
1940,4.22,4.54
1941,4.22,4.54
1943,4.23,4.54
1944,4.23,4.54
1945,4.23,4.55
1946,4.23,4.55
1947,4.23,4.55
1948,4.23,4.55
1949,4.23,4.55
1950,4.23,4.55
1952,4.23,4.56
1953,4.23,4.56
1954,4.23,4.56
1955,4.23,4.56
1956,4.23,4.56
1957,4.23,4.56
1958,4.23,4.56
1960,4.23,4.56
1961,4.24,4.56
1963,4.24,4.56
1964,4.24,4.56
1965,4.24,4.56
1966,4.24,4.57
1967,4.24,4.57
1968,4.24,4.57
1970,4.24,4.57
1971,4.24,4.57
1972,4.24,4.57
1973,4.23,4.57
1974,4.23,4.57
1975,4.23,4.57
1976,4.23,4.57
1978,4.24,4.57
1979,4.24,4.57
1980,4.24,4.56
1981,4.23,4.55
1982,4.22,4.53
1983,4.21,4.52
1984,4.20,4.51
1985,4.20,4.50
1987,4.19,4.50
1988,4.18,4.48
1989,4.16,4.45
1990,4.13,4.40
1991,4.10,4.36
1992,4.06,4.31
1993,4.01,4.25
1994,3.96,4.20
1996,3.91,4.15
1997,3.87,4.12
1998,3.84,4.08
1999,3.81,4.05
2000,3.79,4.03
2001,3.78,4.03
2002,3.77,4.02
2003,3.77,4.02
2006,3.76,3.99
2007,3.74,3.96
2008,3.71,3.93
2009,3.68,3.89
2010,3.65,3.85
2011,3.61,3.81
2012,3.58,3.78
2013,3.55,3.75
2015,3.53,3.73
2016,3.51,3.71
2017,3.50,3.71
2018,3.50,3.71
2019,3.51,3.71
2020,3.52,3.72
2021,3.53,3.72
2022,3.53,3.71
2024,3.52,3.69
2025,3.51,3.67
2026,3.49,3.64
2027,3.47,3.62
2028,3.45,3.59
2029,3.43,3.57
2030,3.42,3.56
2031,3.41,3.56
2033,3.41,3.55
2034,3.42,3.56
2035,3.44,3.57
2036,3.46,3.59
2037,3.48,3.60
2038,3.49,3.60
2039,3.49,3.59
2040,3.49,3.58
2042,3.48,3.56
2043,3.47,3.54
2044,3.45,3.52
2045,3.44,3.51
2046,3.43,3.50
2048,3.43,3.50
2049,3.43,3.50
2050,3.44,3.51
2052,3.45,3.52
2053,3.48,3.54
2054,3.50,3.56
2055,3.52,3.57
2056,3.53,3.56
2057,3.53,3.56
2058,3.52,3.54
2059,3.51,3.53
2061,3.50,3.51
2062,3.49,3.50
2063,3.48,3.49
2064,3.48,3.49
2065,3.48,3.49
2066,3.48,3.50
2067,3.49,3.51
2068,3.51,3.53
2070,3.53,3.55
2071,3.56,3.56
2072,3.57,3.57
2073,3.58,3.56
2074,3.58,3.55
2075,3.57,3.54
2076,3.55,3.53
2077,3.54,3.51
2079,3.52,3.50
2080,3.52,3.50
2081,3.52,3.50
2082,3.52,3.50
2083,3.53,3.51
2084,3.54,3.53
2085,3.56,3.55
2086,3.59,3.57
2088,3.61,3.58
2089,3.62,3.57
2091,3.62,3.57
2092,3.61,3.56
2093,3.60,3.55
2094,3.58,3.53
2095,3.57,3.52
2096,3.56,3.51
2098,3.55,3.51
2099,3.55,3.52
2100,3.56,3.52
2101,3.57,3.54
2102,3.58,3.55
2103,3.61,3.57
2104,3.63,3.59
2105,3.64,3.59
2107,3.64,3.58
2108,3.64,3.57
2109,3.63,3.56
2110,3.61,3.55
2111,3.60,3.53
2112,3.58,3.52
2113,3.57,3.52
2114,3.57,3.52
2116,3.57,3.53
2117,3.58,3.54
2118,3.59,3.55
2119,3.62,3.57
2120,3.63,3.59
2121,3.65,3.59
2122,3.66,3.59
2123,3.65,3.58
2125,3.65,3.57
2126,3.63,3.56
2127,3.62,3.54
2128,3.60,3.53
2129,3.59,3.53
2130,3.59,3.53
2131,3.58,3.53
2132,3.59,3.54
2135,3.60,3.55
2136,3.62,3.56
2137,3.63,3.58
2138,3.66,3.59
2139,3.67,3.59
2140,3.67,3.59
2141,3.66,3.58
2142,3.65,3.56
2144,3.63,3.55
2145,3.62,3.54
2146,3.60,3.53
2147,3.59,3.53
2148,3.59,3.53
2149,3.59,3.53
2150,3.60,3.54
2151,3.61,3.56
2153,3.63,3.57
2154,3.65,3.59
2155,3.67,3.59
2156,3.67,3.59
2157,3.67,3.58
2158,3.66,3.57
2159,3.64,3.56
2160,3.63,3.54
2162,3.61,3.53
2163,3.60,3.53
2164,3.60,3.53
2165,3.59,3.53
2166,3.60,3.54
2167,3.61,3.55
2168,3.62,3.57
2169,3.65,3.58
2171,3.67,3.59
2172,3.67,3.59
2173,3.67,3.58
2174,3.67,3.57
2176,3.65,3.56
2177,3.64,3.55
2178,3.62,3.53
2179,3.60,3.52
2181,3.60,3.53
2182,3.60,3.53
2183,3.60,3.53
2184,3.61,3.54
2185,3.62,3.56
2186,3.64,3.58
2187,3.67,3.59
2188,3.68,3.60
2190,3.69,3.59
2191,3.68,3.59
2192,3.67,3.57
2193,3.66,3.56
2194,3.64,3.55
2195,3.62,3.53
2196,3.61,3.53
2197,3.61,3.53
2199,3.62,3.54
2200,3.62,3.55
2201,3.64,3.57
2202,3.65,3.58
2203,3.68,3.60
2204,3.70,3.62
2205,3.71,3.62
2207,3.71,3.61
2208,3.71,3.60
2209,3.70,3.59
2210,3.68,3.58
2211,3.67,3.56
2212,3.65,3.55
2213,3.64,3.56
2214,3.65,3.57
2216,3.66,3.58
2217,3.68,3.60
2219,3.70,3.62
2220,3.73,3.64
2221,3.75,3.67
2222,3.78,3.68
2223,3.79,3.67
2224,3.79,3.67
2226,3.78,3.66
2227,3.77,3.64
2228,3.75,3.62
2229,3.73,3.61
2230,3.71,3.61
2231,3.71,3.61
2232,3.72,3.63
2233,3.74,3.65
2235,3.76,3.67
2236,3.79,3.69
2237,3.82,3.71
2238,3.84,3.73
2239,3.86,3.73
2240,3.86,3.73
2241,3.85,3.71
2243,3.84,3.70
2244,3.82,3.68
2245,3.79,3.67
2246,3.77,3.65
2247,3.76,3.66
2248,3.77,3.67
2249,3.78,3.69
2250,3.80,3.70
2252,3.82,3.73
2253,3.84,3.75
2254,3.87,3.77
2255,3.89,3.79
2256,3.90,3.78
2257,3.89,3.77
2258,3.88,3.75
2259,3.86,3.73
2262,3.83,3.71
2263,3.81,3.70
2264,3.79,3.70
2265,3.79,3.70
2266,3.80,3.72
2267,3.81,3.74
2268,3.83,3.76
2269,3.85,3.78
2271,3.88,3.81
2272,3.90,3.83
2273,3.91,3.83
2274,3.91,3.82
2275,3.91,3.80
2276,3.89,3.78
2277,3.86,3.76
2278,3.84,3.74
2280,3.81,3.73
2281,3.81,3.73
2282,3.81,3.75
2283,3.82,3.76
2284,3.84,3.79
2285,3.86,3.81
2286,3.88,3.83
2287,3.91,3.85
2289,3.93,3.87
2290,3.93,3.86
2291,3.93,3.85
2292,3.91,3.83
2293,3.89,3.81
2294,3.87,3.78
2295,3.84,3.76
2296,3.82,3.76
2298,3.82,3.77
2299,3.83,3.79
2300,3.85,3.81
2301,3.86,3.83
2302,3.89,3.85
2304,3.91,3.88
2305,3.93,3.89
2306,3.94,3.89
2308,3.94,3.88
2309,3.93,3.86
2310,3.91,3.84
2311,3.88,3.81
2312,3.86,3.79
2313,3.83,3.78
2314,3.82,3.78
2315,3.83,3.80
2317,3.84,3.82
2318,3.86,3.83
2319,3.88,3.86
2320,3.90,3.88
2321,3.92,3.90
2322,3.94,3.91
2323,3.94,3.90
2324,3.93,3.88
2326,3.91,3.86
2327,3.89,3.83
2328,3.86,3.81
2329,3.83,3.78
2330,3.81,3.78
2331,3.81,3.79
2332,3.82,3.81
2334,3.84,3.83
2335,3.85,3.85
2336,3.88,3.87
2337,3.90,3.90
2338,3.92,3.91
2339,3.92,3.90
2340,3.91,3.88
2341,3.90,3.86
2343,3.88,3.84
2344,3.85,3.81
2345,3.83,3.79
2347,3.80,3.78
2348,3.79,3.78
2349,3.80,3.80
2350,3.81,3.81
2351,3.83,3.83
2353,3.85,3.85
2354,3.87,3.87
2355,3.89,3.89
2356,3.91,3.89
2357,3.90,3.88
2358,3.89,3.86
2359,3.87,3.84
2360,3.85,3.81
2362,3.82,3.79
2363,3.79,3.77
2364,3.78,3.76
2365,3.77,3.77
2366,3.78,3.79
2367,3.80,3.81
2368,3.82,3.83
2369,3.84,3.85
2371,3.86,3.87
2372,3.88,3.88
2373,3.88,3.87
2374,3.87,3.85
2375,3.86,3.83
2376,3.83,3.81
2377,3.81,3.79
2378,3.78,3.76
2380,3.76,3.75
2381,3.75,3.75
2382,3.76,3.77
2383,3.77,3.79
2384,3.79,3.81
2385,3.81,3.83
2386,3.84,3.85
2387,3.86,3.87
2390,3.87,3.86
2391,3.86,3.85
2392,3.85,3.83
2393,3.83,3.80
2394,3.81,3.78
2395,3.78,3.76
2396,3.75,3.74
2398,3.74,3.74
2399,3.74,3.75
2400,3.75,3.76
2401,3.77,3.78
2402,3.79,3.81
2403,3.81,3.83
2404,3.84,3.85
2405,3.86,3.85
2407,3.85,3.84
2408,3.84,3.82
2409,3.83,3.80
2410,3.81,3.78
2411,3.78,3.76
2412,3.76,3.73
2413,3.73,3.72
2414,3.73,3.73
2416,3.74,3.75
2417,3.75,3.77
2418,3.77,3.79
2419,3.80,3.81
2420,3.82,3.84
2421,3.84,3.85
2422,3.85,3.84
2423,3.84,3.83
2425,3.83,3.81
2426,3.81,3.79
2427,3.79,3.76
2428,3.76,3.74
2429,3.74,3.72
2430,3.72,3.72
2432,3.73,3.73
2433,3.74,3.75
2435,3.76,3.77
2436,3.78,3.80
2437,3.81,3.83
2438,3.83,3.84
2439,3.85,3.84
2440,3.85,3.83
2441,3.83,3.81
2442,3.82,3.79
2444,3.80,3.77
2445,3.77,3.75
2446,3.75,3.72
2447,3.73,3.72
2448,3.72,3.72
2449,3.73,3.74
2450,3.75,3.76
2451,3.77,3.79
2453,3.80,3.81
2454,3.83,3.84
2455,3.85,3.84
2456,3.85,3.83
2457,3.84,3.82
2458,3.83,3.80
2459,3.81,3.78
2460,3.79,3.76
2462,3.76,3.74
2463,3.74,3.72
2464,3.73,3.72
2465,3.73,3.74
2466,3.75,3.75
2467,3.77,3.78
2468,3.79,3.80
2469,3.82,3.83
2471,3.84,3.84
2472,3.86,3.84
2473,3.85,3.83
2475,3.84,3.81
2476,3.82,3.79
2477,3.80,3.77
2478,3.78,3.75
2479,3.75,3.73
2481,3.73,3.72
2482,3.73,3.73
2483,3.74,3.75
2484,3.76,3.77
2485,3.78,3.80
2486,3.81,3.82
2487,3.84,3.84
2488,3.86,3.85
2490,3.86,3.84
2491,3.85,3.83
2492,3.84,3.81
2493,3.82,3.79
2494,3.79,3.76
2495,3.77,3.74
2496,3.74,3.72
2497,3.73,3.73
2499,3.74,3.74
2500,3.76,3.76
2501,3.78,3.79
2502,3.80,3.81
2503,3.83,3.84
2504,3.85,3.85
2505,3.86,3.85
2506,3.86,3.83
2508,3.85,3.82
2509,3.83,3.80
2510,3.81,3.77
2511,3.78,3.75
2512,3.76,3.73
2513,3.74,3.73
2514,3.74,3.74
2515,3.75,3.76
2518,3.77,3.78
2519,3.79,3.80
2520,3.82,3.83
2521,3.84,3.85
2522,3.86,3.85
2523,3.87,3.84
2524,3.86,3.83
2526,3.84,3.81
2527,3.82,3.78
2528,3.79,3.76
2529,3.77,3.74
2530,3.75,3.73
2531,3.74,3.73
2532,3.74,3.75
2533,3.76,3.77
2535,3.78,3.79
2536,3.81,3.82
2537,3.83,3.84
2538,3.86,3.85
2539,3.87,3.85
2540,3.86,3.83
2541,3.84,3.81
2542,3.82,3.79
2544,3.80,3.77
2545,3.78,3.75
2546,3.75,3.73
2547,3.74,3.73
2548,3.74,3.74
2549,3.75,3.76
2550,3.77,3.78
2551,3.79,3.80
2553,3.82,3.83
2554,3.85,3.85
2555,3.86,3.85
2556,3.86,3.83
2557,3.85,3.82
2558,3.83,3.80
2560,3.81,3.78
2561,3.78,3.75
2563,3.76,3.73
2564,3.73,3.72
2565,3.73,3.73
2566,3.74,3.74
2567,3.75,3.76
2568,3.77,3.79
2569,3.80,3.81
2570,3.83,3.84
2572,3.85,3.84
2573,3.85,3.83
2574,3.84,3.82
2575,3.83,3.80
2576,3.81,3.78
2577,3.79,3.76
2578,3.76,3.73
2579,3.74,3.71
2581,3.72,3.72
2582,3.72,3.73
2583,3.74,3.75
2584,3.76,3.77
2585,3.78,3.79
2586,3.81,3.82
2587,3.83,3.83
2588,3.84,3.83
2590,3.84,3.82
2591,3.83,3.80
2592,3.81,3.78
2593,3.79,3.76
2594,3.76,3.74
2595,3.74,3.71
2596,3.72,3.71
2597,3.71,3.71
2599,3.72,3.73
2600,3.74,3.75
2601,3.76,3.78
2603,3.79,3.80
2604,3.82,3.82
2605,3.83,3.83
2606,3.84,3.82
2607,3.83,3.80
2609,3.81,3.78
2610,3.79,3.76
2611,3.77,3.74
2612,3.75,3.72
2613,3.72,3.70
2614,3.71,3.70
2615,3.71,3.72
2616,3.73,3.73
2618,3.75,3.76
2619,3.77,3.78
2620,3.80,3.81
2621,3.82,3.82
2622,3.83,3.82
2623,3.83,3.80
2624,3.82,3.79
2625,3.80,3.77
2627,3.78,3.75
2628,3.75,3.72
2629,3.73,3.70
2630,3.71,3.70
2631,3.70,3.70
2632,3.71,3.72
2633,3.73,3.74
2634,3.76,3.77
2636,3.78,3.79
2637,3.81,3.81
2638,3.83,3.82
2639,3.83,3.81
2640,3.82,3.79
2641,3.80,3.77
2642,3.78,3.75
2643,3.76,3.73
2646,3.74,3.71
2647,3.71,3.70
2648,3.70,3.70
2649,3.71,3.71
2650,3.72,3.73
2651,3.74,3.75
2652,3.77,3.78
2653,3.80,3.81
2655,3.82,3.81
2656,3.83,3.81
2657,3.82,3.80
2658,3.81,3.78
2659,3.79,3.76
2660,3.77,3.74
2661,3.75,3.72
2662,3.72,3.70
2664,3.71,3.70
2665,3.70,3.70
2666,3.71,3.72
2667,3.73,3.74
2668,3.76,3.77
2669,3.79,3.80
2670,3.81,3.81
2671,3.83,3.81
2673,3.83,3.80
2674,3.82,3.79
2675,3.80,3.77
2676,3.78,3.75
2677,3.76,3.73
2678,3.74,3.71
2679,3.71,3.70
2681,3.70,3.70
2682,3.71,3.71
2683,3.73,3.73
2684,3.75,3.76
2685,3.78,3.79
2686,3.81,3.81
2688,3.83,3.82
2689,3.83,3.81
2691,3.83,3.80
2692,3.82,3.78
2693,3.80,3.76
2694,3.77,3.74
2695,3.75,3.72
2696,3.73,3.70
2697,3.71,3.70
2698,3.71,3.71
2700,3.72,3.73
2701,3.74,3.75
2702,3.77,3.78
2703,3.80,3.80
2704,3.83,3.82
2705,3.84,3.82
2706,3.84,3.81
2707,3.83,3.79
2709,3.81,3.77
2710,3.79,3.75
2711,3.77,3.73
2712,3.74,3.71
2713,3.72,3.70
2714,3.71,3.70
2715,3.72,3.72
2716,3.74,3.75
2718,3.76,3.77
2719,3.79,3.80
2720,3.82,3.82
2721,3.84,3.83
2722,3.85,3.82
2723,3.84,3.81
2724,3.82,3.79
2725,3.80,3.77
2727,3.78,3.75
2728,3.76,3.72
2729,3.74,3.70
2731,3.72,3.71
2732,3.72,3.72
2733,3.74,3.74
2734,3.76,3.76
2735,3.78,3.79
2737,3.81,3.82
2738,3.84,3.83
2739,3.85,3.83
2740,3.85,3.82
2741,3.83,3.80
2742,3.82,3.78
2743,3.79,3.76
2744,3.77,3.73
2746,3.75,3.71
2747,3.72,3.71
2748,3.72,3.71
2749,3.73,3.73
2750,3.75,3.75
2751,3.77,3.78
2752,3.80,3.80
2753,3.83,3.83
2755,3.85,3.83
2756,3.85,3.82
2757,3.84,3.81
2758,3.83,3.79
2759,3.80,3.77
2760,3.78,3.75
2761,3.76,3.72
2762,3.73,3.71
2764,3.72,3.71
2765,3.72,3.72
2766,3.74,3.74
2767,3.76,3.77
2768,3.79,3.80
2769,3.81,3.82
2770,3.84,3.83
2771,3.85,3.83
2774,3.85,3.82
2775,3.83,3.80
2776,3.81,3.78
2777,3.79,3.76
2778,3.77,3.74
2779,3.74,3.71
2780,3.72,3.71
2781,3.72,3.72
2783,3.73,3.73
2784,3.75,3.76
2785,3.78,3.78
2786,3.80,3.81
2787,3.83,3.83
2788,3.85,3.83
2789,3.85,3.82
2790,3.84,3.81
2792,3.82,3.79
2793,3.80,3.77
2794,3.78,3.75
2795,3.76,3.72
2796,3.73,3.71
2797,3.72,3.71
2798,3.72,3.73
2799,3.74,3.75
2801,3.76,3.77
2802,3.79,3.80
2803,3.82,3.82
2804,3.84,3.83
2805,3.85,3.83
2806,3.84,3.81
2807,3.83,3.80
2808,3.81,3.78
2810,3.79,3.75
2811,3.76,3.73
2812,3.74,3.71
2813,3.72,3.71
2814,3.72,3.72
2816,3.73,3.73
2817,3.75,3.76
2818,3.77,3.78
2820,3.80,3.81
2821,3.83,3.83
2822,3.84,3.83
2823,3.84,3.82
2824,3.83,3.80
2825,3.82,3.78
2826,3.80,3.76
2828,3.77,3.74
2829,3.75,3.71
2830,3.72,3.70
2831,3.71,3.71
2832,3.72,3.72
2833,3.74,3.74
2834,3.76,3.77
2835,3.79,3.79
2837,3.81,3.82
2838,3.83,3.82
2839,3.84,3.82
2840,3.83,3.80
2841,3.82,3.79
2842,3.80,3.77
2843,3.78,3.74
2844,3.75,3.72
2846,3.73,3.70
2847,3.71,3.70
2848,3.71,3.71
2849,3.72,3.73
2850,3.74,3.75
2851,3.77,3.78
2852,3.80,3.81
2853,3.82,3.82
2855,3.83,3.82
2856,3.83,3.81
2857,3.82,3.79
2859,3.80,3.77
2860,3.78,3.75
2861,3.76,3.73
2862,3.74,3.71
2863,3.71,3.70
2865,3.70,3.70
2866,3.71,3.72
2867,3.73,3.74
2868,3.75,3.76
2869,3.78,3.79
2870,3.81,3.81
2871,3.83,3.81
2872,3.83,3.81
2874,3.82,3.79
2875,3.81,3.77
2876,3.79,3.75
2877,3.77,3.73
2878,3.74,3.71
2879,3.72,3.69
2880,3.70,3.69
2881,3.70,3.70
2883,3.72,3.72
2884,3.74,3.75
2885,3.76,3.77
2886,3.79,3.80
2887,3.82,3.81
2888,3.83,3.81
2889,3.82,3.80
2890,3.81,3.78
2892,3.79,3.76
2893,3.77,3.74
2894,3.75,3.72
2895,3.73,3.70
2896,3.70,3.69
2897,3.70,3.70
2898,3.71,3.71
2899,3.73,3.73
2902,3.75,3.76
2903,3.78,3.78
2904,3.81,3.81
2905,3.82,3.81
2906,3.82,3.80
2907,3.82,3.78
2908,3.80,3.77
2909,3.78,3.74
2911,3.76,3.72
2912,3.74,3.70
2913,3.71,3.69
2914,3.70,3.69
2915,3.70,3.70
2916,3.71,3.72
2917,3.74,3.74
2918,3.76,3.77
2920,3.79,3.80
2921,3.81,3.81
2922,3.82,3.80
2923,3.82,3.79
2924,3.81,3.77
2925,3.79,3.75
2926,3.77,3.73
2927,3.74,3.71
2929,3.72,3.69
2930,3.70,3.68
2931,3.70,3.69
2932,3.70,3.71
2933,3.72,3.73
2934,3.75,3.75
2935,3.78,3.78
2936,3.81,3.80
2938,3.82,3.80
2939,3.82,3.79
2940,3.81,3.78
2941,3.80,3.76
2942,3.78,3.74
2944,3.76,3.72
2945,3.73,3.70
2946,3.71,3.68
2948,3.70,3.68
2949,3.70,3.70
2950,3.71,3.72
2951,3.74,3.74
2952,3.76,3.77
2953,3.79,3.79
2954,3.82,3.80
2955,3.82,3.80
2957,3.82,3.79
2958,3.80,3.77
2959,3.79,3.75
2960,3.77,3.73
2961,3.74,3.71
2962,3.72,3.69
2963,3.70,3.68
2964,3.70,3.69
2966,3.70,3.71
2967,3.72,3.73
2968,3.75,3.75
2969,3.78,3.78
2970,3.80,3.80
2971,3.82,3.80
2972,3.82,3.79
2973,3.81,3.77
2975,3.79,3.75
2976,3.77,3.73
2977,3.75,3.71
2978,3.73,3.69
2979,3.70,3.68
2980,3.69,3.68
2981,3.70,3.70
2982,3.71,3.71
2984,3.73,3.74
2985,3.76,3.76
2987,3.79,3.79
2988,3.81,3.79
2989,3.81,3.79
2990,3.81,3.77
2991,3.79,3.75
2992,3.78,3.73
2994,3.75,3.71
2995,3.73,3.70
2996,3.71,3.68
2997,3.69,3.67
2998,3.69,3.68
2999,3.70,3.70
3000,3.72,3.72
3001,3.75,3.75
3003,3.78,3.77
3004,3.80,3.79
3005,3.81,3.78
3006,3.81,3.77
3007,3.80,3.75
3008,3.78,3.74
3009,3.76,3.72
3010,3.74,3.70
3012,3.72,3.68
3013,3.70,3.67
3014,3.69,3.68
3015,3.70,3.69
3016,3.72,3.71
3017,3.74,3.73
3018,3.77,3.76
3019,3.80,3.78
3021,3.82,3.78
3022,3.82,3.77
3023,3.81,3.75
3024,3.80,3.74
3025,3.78,3.72
3026,3.76,3.70
3027,3.73,3.68
3028,3.71,3.67
3031,3.70,3.67
3032,3.71,3.68
3033,3.72,3.70
3034,3.75,3.72
3035,3.77,3.74
3036,3.80,3.76
3037,3.82,3.77
3039,3.83,3.77
3040,3.83,3.75
3041,3.81,3.74
3042,3.80,3.72
3043,3.78,3.70
3044,3.75,3.68
3045,3.73,3.67
3046,3.72,3.67
3048,3.72,3.67
3049,3.72,3.68
3050,3.74,3.69
3051,3.75,3.70
3052,3.77,3.72
3053,3.80,3.74
3054,3.81,3.74
3055,3.81,3.73
3057,3.80,3.71
3058,3.79,3.70
3059,3.76,3.68
3060,3.74,3.66
3061,3.72,3.64
3062,3.70,3.64
3063,3.70,3.64
3064,3.70,3.63
3066,3.70,3.64
3067,3.70,3.65
3068,3.72,3.67
3069,3.74,3.69
3070,3.76,3.69
3072,3.76,3.68
3073,3.75,3.66
3075,3.74,3.65
3076,3.72,3.63
3077,3.70,3.61
3078,3.68,3.59
3079,3.66,3.58
3080,3.65,3.58
3081,3.65,3.58
3082,3.64,3.58
3084,3.65,3.60
3085,3.67,3.61
3086,3.69,3.63
3087,3.70,3.63
3088,3.71,3.63
3089,3.70,3.62
3090,3.70,3.60
3091,3.68,3.59
3093,3.66,3.57
3094,3.64,3.56
3095,3.62,3.54
3096,3.61,3.54
3097,3.61,3.54
3098,3.61,3.54
3099,3.61,3.55
3100,3.63,3.57
3102,3.65,3.58
3103,3.67,3.60
3104,3.68,3.60
3105,3.68,3.59
3106,3.68,3.58
3107,3.66,3.56
3108,3.65,3.55
3110,3.63,3.53
3111,3.61,3.52
3112,3.60,3.52
3113,3.59,3.52
3115,3.59,3.52
3116,3.60,3.53
3117,3.61,3.54
3118,3.63,3.56
3120,3.65,3.58
3121,3.67,3.58
3122,3.68,3.58
3123,3.68,3.57
3124,3.67,3.56
3125,3.65,3.54
3126,3.64,3.53
3127,3.62,3.52
3129,3.60,3.51
3130,3.60,3.51
3131,3.59,3.51
3132,3.59,3.52
3133,3.60,3.53
3134,3.62,3.54
3135,3.64,3.56
3136,3.67,3.57
3138,3.68,3.58
3139,3.68,3.57
3140,3.67,3.56
3141,3.66,3.55
3142,3.65,3.54
3143,3.63,3.52
3144,3.61,3.51
3145,3.60,3.51
3147,3.60,3.51
3148,3.60,3.51
3149,3.60,3.52
3150,3.62,3.54
3151,3.64,3.56
3152,3.66,3.57
3153,3.68,3.58
3154,3.69,3.57
3156,3.68,3.57
3158,3.67,3.55
3159,3.66,3.54
3160,3.64,3.53
3161,3.62,3.51
3162,3.61,3.51
3163,3.60,3.51
3164,3.60,3.51
3166,3.61,3.52
3167,3.62,3.53
3168,3.63,3.55
3169,3.66,3.57
3170,3.68,3.58
3171,3.69,3.57
3172,3.69,3.57
3174,3.68,3.56
3175,3.67,3.55
3176,3.65,3.53
3177,3.64,3.52
3178,3.62,3.51
3179,3.61,3.51
3180,3.61,3.51
3181,3.61,3.52
3183,3.62,3.53
3184,3.63,3.54
3185,3.65,3.56
3186,3.67,3.57
3187,3.69,3.58
3188,3.69,3.57
3189,3.69,3.56
3190,3.68,3.55
3192,3.66,3.54
3193,3.64,3.53
3194,3.63,3.51
3195,3.61,3.51
3196,3.61,3.51
3197,3.61,3.51
3198,3.61,3.52
3200,3.62,3.54
3202,3.64,3.55
3203,3.66,3.57
3204,3.68,3.58
3205,3.69,3.58
3206,3.69,3.57
3207,3.68,3.56
3208,3.66,3.54
3209,3.65,3.53
3211,3.63,3.52
3212,3.61,3.51
3213,3.61,3.51
3214,3.60,3.51
3215,3.60,3.52
3216,3.61,3.53
3217,3.63,3.54
3218,3.65,3.56
3220,3.67,3.58
3221,3.69,3.58
3222,3.69,3.57
3223,3.68,3.56
3224,3.67,3.55
3225,3.65,3.54
3226,3.64,3.52
3227,3.62,3.51
3229,3.61,3.51
3230,3.61,3.51
3231,3.60,3.51
3232,3.61,3.53
3233,3.62,3.54
3234,3.64,3.55
3235,3.66,3.57
3237,3.68,3.57
3238,3.69,3.57
3239,3.69,3.56
3240,3.68,3.55
3241,3.66,3.54
3243,3.65,3.53
3244,3.63,3.51
3245,3.61,3.51
3247,3.61,3.51
3248,3.61,3.51
3249,3.61,3.52
3250,3.62,3.54
3251,3.64,3.55
3252,3.66,3.57
3253,3.69,3.58
3254,3.70,3.58
3256,3.70,3.57
3257,3.69,3.56
3258,3.68,3.55
3259,3.66,3.54
3260,3.65,3.53
3261,3.63,3.52
3262,3.62,3.52
3263,3.63,3.53
3265,3.64,3.55
3266,3.67,3.56
3267,3.69,3.58
3268,3.71,3.60
3269,3.74,3.62
3270,3.76,3.63
3271,3.77,3.62
3272,3.76,3.61
3274,3.75,3.60
3275,3.74,3.59
3276,3.72,3.58
3277,3.71,3.58
3278,3.72,3.60
3279,3.74,3.61
3280,3.76,3.63
3281,3.78,3.65
3283,3.81,3.68
3284,3.84,3.70
3286,3.87,3.72
3287,3.90,3.74
3288,3.92,3.77
3289,3.96,3.80
3290,3.99,3.82
3291,4.02,3.85
3293,4.06,3.87
3294,4.09,3.90
3295,4.13,3.92
3296,4.16,3.94
3297,4.18,3.97
3298,4.21,3.99
3299,4.23,4.01
3300,4.26,4.03
3302,4.29,4.06
3303,4.31,4.08
3304,4.33,4.11
3305,4.35,4.13
3306,4.38,4.16
3307,4.40,4.18
3308,4.43,4.21
3309,4.45,4.23
3311,4.47,4.26
3312,4.49,4.28
3313,4.51,4.30
3314,4.53,4.31
3315,4.54,4.32
3316,4.55,4.33
3317,4.56,4.34
3318,4.56,4.35
3320,4.56,4.35
3321,4.57,4.35
3322,4.57,4.36
3323,4.56,4.36
3324,4.56,4.37
3325,4.56,4.37
3326,4.55,4.37
3329,4.54,4.37
3330,4.54,4.36
3331,4.53,4.36
3332,4.52,4.36
3333,4.51,4.35
3334,4.49,4.35
3335,4.48,4.35
3336,4.47,4.35
3338,4.46,4.34
3339,4.44,4.34
3340,4.43,4.33
3341,4.42,4.33
3342,4.41,4.33
3343,4.40,4.33
3344,4.39,4.32
3345,4.38,4.32
3347,4.37,4.32
3348,4.36,4.32
3349,4.35,4.32
3350,4.35,4.32
3351,4.34,4.32
3352,4.33,4.31
3353,4.32,4.31
3355,4.31,4.31
3356,4.30,4.31
3357,4.30,4.32
3358,4.29,4.32
3359,4.29,4.32
3360,4.28,4.32
3361,4.28,4.32
3362,4.27,4.32
3364,4.27,4.32
3365,4.27,4.33
3366,4.27,4.33
3367,4.27,4.33
3368,4.26,4.33
3369,4.26,4.34
3371,4.26,4.34
3373,4.26,4.34
3374,4.26,4.35
3375,4.26,4.35
3376,4.26,4.35
3377,4.26,4.35
3378,4.26,4.35
3379,4.26,4.36
3380,4.26,4.36
3382,4.26,4.37
3383,4.26,4.37
3384,4.26,4.37
3385,4.26,4.38
3386,4.26,4.38
3387,4.26,4.38
3388,4.27,4.39
3389,4.27,4.39
3391,4.27,4.40
3392,4.27,4.40
3393,4.27,4.40
3394,4.27,4.41
3395,4.27,4.41
3396,4.27,4.41
3397,4.27,4.42
3398,4.28,4.42
3400,4.28,4.42
3401,4.28,4.43
3402,4.28,4.43
3403,4.28,4.44
3404,4.28,4.44
3405,4.28,4.44
3406,4.28,4.45
3407,4.28,4.45
3409,4.28,4.45
3410,4.28,4.45
3411,4.28,4.46
3412,4.28,4.46
3414,4.28,4.46
3415,4.28,4.47
3416,4.28,4.47
3417,4.28,4.47
3419,4.28,4.48
3420,4.27,4.48
3421,4.28,4.49
3422,4.27,4.49
3423,4.27,4.49
3424,4.27,4.49
3425,4.27,4.49
3427,4.27,4.50
3428,4.27,4.50
3429,4.27,4.50
3430,4.27,4.51
3431,4.27,4.51
3432,4.27,4.51
3433,4.27,4.51
3434,4.27,4.52
3436,4.27,4.52
3437,4.27,4.52
3438,4.26,4.53
3439,4.27,4.53
3440,4.27,4.53
3441,4.27,4.53
3442,4.27,4.54
3444,4.27,4.54
3445,4.27,4.54
3446,4.27,4.54
3447,4.27,4.55
3448,4.27,4.55
3449,4.27,4.55
3450,4.27,4.56
3451,4.26,4.56
3453,4.26,4.56
3454,4.26,4.57
3456,4.27,4.57
3457,4.27,4.57
3458,4.27,4.57
3459,4.27,4.57
3460,4.27,4.58
3462,4.27,4.58
3463,4.27,4.58
3464,4.27,4.59
3465,4.27,4.59
3466,4.27,4.59
3467,4.27,4.60
3468,4.27,4.60
3469,4.27,4.61
3471,4.27,4.61
3472,4.27,4.61
3473,4.27,4.62
3474,4.27,4.62
3475,4.27,4.62
3476,4.27,4.63
3477,4.27,4.63
3478,4.27,4.64
3480,4.27,4.64
3481,4.27,4.64
3482,4.27,4.65
3483,4.27,4.65
3484,4.27,4.66
3485,4.27,4.66
3486,4.26,4.67
3487,4.26,4.67
3489,4.26,4.68
3490,4.26,4.68
3491,4.26,4.68
3492,4.26,4.69
3493,4.26,4.69
3494,4.26,4.70
3495,4.26,4.70
3496,4.26,4.71
3499,4.27,4.72
3500,4.26,4.72
3501,4.27,4.73
3502,4.27,4.73
3503,4.26,4.74
3504,4.26,4.74
3505,4.26,4.75
3506,4.26,4.75
3508,4.26,4.76
3509,4.26,4.76
3510,4.26,4.76
3511,4.26,4.77
3512,4.25,4.77
3513,4.25,4.78
3514,4.25,4.78
3516,4.25,4.78
3517,4.25,4.78
3518,4.25,4.78
3519,4.25,4.79
3520,4.25,4.79
3521,4.25,4.80
3522,4.25,4.80
3523,4.25,4.80
3525,4.25,4.81
3526,4.25,4.81
3527,4.25,4.81
3528,4.25,4.82
3529,4.25,4.82
3530,4.25,4.82
3531,4.25,4.82
3532,4.25,4.83
3534,4.25,4.83
3535,4.25,4.83
3536,4.25,4.84
3537,4.25,4.84
3538,4.25,4.84
3539,4.25,4.84
3540,4.25,4.84
3542,4.25,4.85
3544,4.25,4.85
3545,4.25,4.85
3546,4.25,4.85
3547,4.25,4.86
3548,4.25,4.86
3549,4.25,4.86
3550,4.25,4.86
3551,4.25,4.87
3553,4.25,4.87
3554,4.25,4.87
3555,4.25,4.87
3556,4.26,4.87
3557,4.25,4.88
3558,4.26,4.88
3559,4.25,4.88
3560,4.25,4.88
3562,4.26,4.88
3563,4.26,4.88
3564,4.26,4.89
3565,4.26,4.89
3566,4.26,4.89
3567,4.26,4.89
3568,4.26,4.89
3569,4.26,4.89
3571,4.26,4.90
3572,4.26,4.90
3573,4.26,4.90
3574,4.26,4.90
3575,4.26,4.90
3576,4.26,4.90
3577,4.26,4.90
3578,4.26,4.90
3580,4.26,4.91
3581,4.26,4.91
3582,4.26,4.91
3584,4.26,4.91
3585,4.26,4.91
3586,4.26,4.91
3587,4.26,4.91
3588,4.26,4.91
3590,4.26,4.91
3591,4.26,4.91
3592,4.26,4.92
3593,4.27,4.92
3594,4.27,4.92
3595,4.27,4.92
3596,4.27,4.92
3597,4.27,4.92
3599,4.27,4.92
3600,4.27,4.92
3601,4.27,4.92
3602,4.27,4.92
3603,4.27,4.92
3604,4.27,4.92
3605,4.27,4.92
3606,4.27,4.92
3608,4.27,4.93
3609,4.27,4.93
3610,4.27,4.93
3611,4.27,4.93
3612,4.27,4.93
3613,4.27,4.93
3614,4.27,4.93
3616,4.27,4.93
3617,4.27,4.93
3618,4.27,4.93
3619,4.27,4.93
3620,4.27,4.93
3621,4.27,4.93
3622,4.27,4.93
3623,4.27,4.93
3625,4.27,4.93
3627,4.27,4.93
3628,4.27,4.93
3629,4.27,4.93
3630,4.27,4.94
3631,4.27,4.93
3632,4.27,4.94
3633,4.27,4.94
3635,4.27,4.94
3636,4.27,4.94
3637,4.27,4.94
3638,4.27,4.93
3639,4.27,4.94
3640,4.27,4.94
3641,4.27,4.94
3642,4.27,4.94
3644,4.27,4.94
3645,4.27,4.94
3646,4.27,4.94
3647,4.28,4.94
3648,4.28,4.94
3649,4.28,4.94
3650,4.28,4.94
3652,4.28,4.94
3653,4.28,4.94
3654,4.28,4.94
3655,4.28,4.94
3656,4.28,4.95
3657,4.28,4.94
3658,4.28,4.94
3659,4.27,4.94
3661,4.28,4.94
3662,4.28,4.94
3663,4.28,4.94
3664,4.28,4.94
3665,4.28,4.95
3666,4.27,4.94
3667,4.27,4.94
3668,4.28,4.94
3671,4.28,4.95
3672,4.28,4.94
3673,4.28,4.95
3674,4.28,4.95
3675,4.27,4.94
3676,4.28,4.95
3677,4.28,4.95
3678,4.28,4.95
3680,4.28,4.95
3681,4.28,4.95
3682,4.28,4.95
3683,4.27,4.94
3684,4.28,4.95
3685,4.27,4.95
3686,4.27,4.95
3688,4.27,4.95
3689,4.27,4.95
3690,4.27,4.95
3691,4.27,4.95
3692,4.27,4.95
3693,4.27,4.95
3694,4.27,4.95
3695,4.28,4.95
3697,4.28,4.95
3698,4.28,4.95
3699,4.28,4.95
3700,4.28,4.95
3701,4.28,4.95
3702,4.28,4.95
3703,4.27,4.95
3704,4.27,4.95
3706,4.27,4.95
3707,4.28,4.95
3708,4.28,4.95
3709,4.28,4.95
3710,4.28,4.95
3712,4.28,4.95
3713,4.28,4.95
3715,4.28,4.95
3716,4.28,4.95
3717,4.28,4.95
3718,4.28,4.95
3719,4.28,4.95
3720,4.28,4.95
3721,4.28,4.95
3722,4.28,4.95
3724,4.27,4.95
3725,4.27,4.95
3726,4.28,4.95
3727,4.27,4.95
3728,4.28,4.95
3729,4.28,4.95
3730,4.28,4.95
3731,4.27,4.95
3733,4.28,4.95
3734,4.28,4.95
3735,4.28,4.95
3736,4.28,4.95
3737,4.28,4.95
3738,4.27,4.95
3739,4.28,4.95
3740,4.27,4.95
3742,4.27,4.95
3743,4.28,4.95
3744,4.28,4.95
3745,4.28,4.95
3746,4.28,4.95
3747,4.28,4.95
3748,4.28,4.95
3749,4.27,4.95
3751,4.28,4.95
3752,4.27,4.95
3753,4.27,4.95
3755,4.27,4.95
3756,4.27,4.95
3757,4.27,4.95
3758,4.27,4.95
3759,4.27,4.95
3761,4.27,4.95
3762,4.27,4.95
3763,4.28,4.95
3764,4.27,4.95
3765,4.27,4.96
3766,4.27,4.96
3767,4.27,4.95
3768,4.27,4.95
3770,4.27,4.95
3771,4.27,4.95
3772,4.27,4.95
3773,4.27,4.95
3774,4.27,4.96
3775,4.27,4.96
3776,4.27,4.95
3777,4.27,4.95
3779,4.27,4.96
3780,4.27,4.95
3781,4.27,4.95
3782,4.27,4.95
3783,4.27,4.95
3784,4.27,4.95
3785,4.27,4.95
3786,4.27,4.95
3788,4.27,4.95
3789,4.27,4.96
3790,4.27,4.95
3791,4.27,4.95
3792,4.27,4.96
3793,4.27,4.95
3794,4.27,4.96
3795,4.27,4.95
3798,4.27,4.96
3799,4.27,4.96
3800,4.27,4.96
3801,4.27,4.95
3802,4.27,4.95
3803,4.27,4.95
3804,4.27,4.95
3806,4.27,4.95
3807,4.27,4.95
3808,4.27,4.95
3809,4.27,4.95
3810,4.27,4.95
3811,4.27,4.96
3812,4.27,4.96
3813,4.27,4.96
3815,4.27,4.96
3816,4.27,4.95
3817,4.27,4.96
3818,4.27,4.96
3819,4.27,4.96
3820,4.27,4.96
3821,4.27,4.96
3823,4.27,4.95
3824,4.27,4.96
3825,4.27,4.95
3826,4.27,4.95
3827,4.27,4.96
3828,4.27,4.96
3829,4.27,4.96
3830,4.27,4.96
3832,4.27,4.96
3833,4.27,4.96
3834,4.27,4.96
3835,4.27,4.95
3836,4.27,4.96
3837,4.26,4.96
3838,4.26,4.95
3841,4.27,4.96
3842,4.26,4.96
3843,4.26,4.96
3844,4.26,4.96
3845,4.26,4.96
3846,4.26,4.96
3847,4.26,4.96
3848,4.26,4.96
3850,4.26,4.96
3851,4.26,4.95
3852,4.26,4.96
3853,4.26,4.96
3854,4.26,4.96
3855,4.26,4.96
3856,4.26,4.96
3858,4.26,4.96
3859,4.26,4.96
3860,4.26,4.96
3861,4.26,4.96
3862,4.26,4.96
3863,4.26,4.96
3864,4.26,4.96
3865,4.26,4.96
3867,4.26,4.96
3868,4.26,4.96
3869,4.26,4.96
3870,4.26,4.96
3871,4.26,4.96
3872,4.26,4.96
3873,4.26,4.96
3875,4.26,4.96
3876,4.26,4.96
3877,4.26,4.96
3878,4.26,4.96
3879,4.26,4.96
3880,4.26,4.96
3881,4.26,4.96
3883,4.26,4.96
3885,4.26,4.96
3886,4.26,4.96
3887,4.26,4.96
3888,4.26,4.95
3889,4.26,4.96
3890,4.26,4.96
3891,4.26,4.96
3893,4.26,4.96
3894,4.26,4.96
3895,4.26,4.96
3896,4.26,4.96
3897,4.26,4.96
3898,4.26,4.96
3899,4.26,4.96
3900,4.25,4.96
3902,4.25,4.96
3903,4.25,4.96
3904,4.25,4.96
3905,4.25,4.96
3906,4.25,4.96
3907,4.25,4.96
3908,4.25,4.96
3910,4.25,4.96
3911,4.25,4.96
3912,4.25,4.96
3913,4.25,4.96
3914,4.25,4.96
3915,4.25,4.96
3916,4.25,4.96
3917,4.25,4.96
3919,4.25,4.96
3920,4.25,4.96
3921,4.25,4.96
3922,4.25,4.96
3923,4.25,4.96
3924,4.25,4.96
3926,4.25,4.96
3928,4.25,4.96
3929,4.25,4.96
3930,4.25,4.96
3931,4.25,4.96
3932,4.25,4.96
3933,4.25,4.96
3934,4.25,4.96
3935,4.25,4.96
3937,4.25,4.96
3938,4.25,4.96
3939,4.25,4.96
3940,4.25,4.96
3941,4.25,4.96
3942,4.25,4.96
3943,4.25,4.96
3945,4.25,4.96
3946,4.25,4.95
3947,4.25,4.96
3948,4.25,4.96
3949,4.25,4.96
3950,4.25,4.96
3951,4.25,4.96
3952,4.25,4.96
3954,4.25,4.96
3955,4.25,4.96
3956,4.25,4.96
3957,4.25,4.96
3958,4.25,4.96
3959,4.25,4.96
3960,4.24,4.96
3962,4.25,4.96
3963,4.24,4.96
3964,4.25,4.96
3965,4.24,4.96
3966,4.24,4.96
3968,4.24,4.96
3969,4.24,4.96
3970,4.24,4.96
3972,4.24,4.96
3973,4.24,4.96
3974,4.24,4.96
3975,4.24,4.96
3976,4.24,4.96
3977,4.24,4.96
3978,4.24,4.96
3980,4.24,4.96
3981,4.24,4.96
3982,4.24,4.96
3983,4.24,4.96
3984,4.24,4.96
3985,4.24,4.96
3986,4.24,4.96
3987,4.24,4.96
3989,4.24,4.96
3990,4.24,4.96
3991,4.24,4.96
3992,4.24,4.96
3993,4.24,4.96
3994,4.24,4.96
3995,4.24,4.96
3997,4.24,4.96
3998,4.24,4.96
3999,4.24,4.96
4000,4.24,4.96
4001,4.24,4.96
4002,4.24,4.96
4003,4.24,4.96
4004,4.24,4.96
4006,4.24,4.96
4007,4.24,4.96
4008,4.24,4.96
4009,4.24,4.96
4011,4.24,4.96
4012,4.24,4.96
4013,4.24,4.96
4015,4.24,4.96
4016,4.24,4.96
4017,4.24,4.96
4018,4.24,4.96
4019,4.24,4.96
4020,4.24,4.96
4021,4.24,4.96
4022,4.24,4.96
4024,4.24,4.96
4025,4.24,4.95
4026,4.24,4.96
4027,4.24,4.96
4028,4.24,4.96
4029,4.24,4.96
4030,4.24,4.96
4032,4.24,4.96
4033,4.24,4.96
4034,4.24,4.96
4035,4.24,4.96
4036,4.24,4.96
4037,4.24,4.96
4038,4.24,4.96
4039,4.24,4.96
4041,4.24,4.96
4042,4.24,4.96
4043,4.24,4.96
4044,4.24,4.96
4045,4.24,4.96
4046,4.24,4.95
4047,4.24,4.96
4048,4.24,4.96
4050,4.24,4.96
4051,4.24,4.96
4052,4.24,4.96
4054,4.24,4.96
4055,4.23,4.96
4056,4.23,4.96
4057,4.24,4.96
4059,4.23,4.96
4060,4.23,4.96
4061,4.23,4.96
4062,4.23,4.96
4063,4.23,4.96
4064,4.24,4.96
4065,4.24,4.96
4066,4.24,4.96
4068,4.23,4.96
4069,4.23,4.96
4070,4.23,4.96
4071,4.23,4.96
4072,4.23,4.96
4073,4.23,4.96
4074,4.23,4.96
4076,4.23,4.96
4077,4.23,4.96
4078,4.23,4.96
4079,4.23,4.96
4080,4.23,4.96
4081,4.23,4.96
4082,4.23,4.96
4083,4.24,4.96
4085,4.23,4.96
4086,4.23,4.96
4087,4.23,4.96
4088,4.23,4.96
4089,4.23,4.95
4090,4.23,4.96
4091,4.23,4.96
4093,4.23,4.96
4094,4.23,4.96
4096,4.23,4.96
4097,4.23,4.96
4098,4.23,4.96
4099,4.23,4.96
4100,4.23,4.96
4101,4.23,4.96
4103,4.23,4.96
4104,4.23,4.95
4105,4.23,4.95
4106,4.23,4.96
4107,4.23,4.96
4108,4.23,4.96
4109,4.23,4.96
4111,4.23,4.96
4112,4.23,4.96
4113,4.23,4.96
4114,4.23,4.96
4115,4.23,4.95
4116,4.23,4.96
4117,4.23,4.95
4118,4.23,4.96
4120,4.23,4.96
4121,4.23,4.96
4122,4.23,4.95
4123,4.23,4.95
4124,4.23,4.95
4125,4.23,4.95
4126,4.23,4.95
4127,4.23,4.96
4129,4.23,4.96
4130,4.23,4.95
4131,4.23,4.95
4132,4.23,4.96
4133,4.23,4.95
4134,4.23,4.95
4135,4.23,4.96
4136,4.23,4.96
4139,4.23,4.95
4140,4.23,4.96
4141,4.23,4.95
4142,4.23,4.95
4143,4.23,4.95
4144,4.23,4.95
4145,4.23,4.95
4146,4.23,4.95
4148,4.23,4.95
4149,4.23,4.95
4150,4.23,4.96
4151,4.23,4.95
4152,4.23,4.95
4153,4.23,4.95
4154,4.23,4.95
4156,4.23,4.95
4157,4.23,4.95
4158,4.23,4.95
4159,4.23,4.95
4160,4.23,4.95
4161,4.23,4.95
4162,4.23,4.95
4163,4.23,4.95
4165,4.23,4.95
4166,4.23,4.95
4167,4.23,4.95
4168,4.23,4.95
4169,4.23,4.95
4170,4.23,4.95
4171,4.23,4.95
4172,4.23,4.95
4174,4.23,4.95
4175,4.23,4.95
4176,4.23,4.95
4177,4.23,4.95
4178,4.23,4.95
4179,4.23,4.95
4180,4.23,4.95
4182,4.23,4.95
4184,4.23,4.96
4185,4.23,4.95
4186,4.23,4.95
4187,4.23,4.95
4188,4.23,4.95
4189,4.23,4.95
4190,4.23,4.95
4191,4.23,4.95
4193,4.23,4.95
4194,4.23,4.95
4195,4.23,4.95
4196,4.23,4.96
4197,4.23,4.96
4198,4.23,4.95
4199,4.23,4.95
4200,4.23,4.95
4202,4.23,4.95
4203,4.23,4.95
4204,4.23,4.95
4205,4.23,4.95
4206,4.23,4.95
4207,4.23,4.95
4208,4.22,4.95
4209,4.22,4.95
4211,4.23,4.95
4212,4.23,4.95
4213,4.23,4.95
4214,4.23,4.95
4215,4.23,4.95
4216,4.23,4.95
4217,4.23,4.95
4218,4.23,4.95
4220,4.23,4.95
4221,4.23,4.95
4222,4.22,4.95
4224,4.22,4.95
4225,4.22,4.95
4226,4.23,4.95
4227,4.23,4.95
4228,4.22,4.95
4230,4.22,4.95
4231,4.22,4.95
4232,4.22,4.95
4233,4.22,4.95
4234,4.23,4.95
4235,4.22,4.95
4236,4.22,4.95
4237,4.22,4.95
4239,4.22,4.95
4240,4.22,4.95
4241,4.22,4.95
4242,4.23,4.95
4243,4.22,4.95
4244,4.22,4.95
4245,4.22,4.95
4246,4.22,4.95
4248,4.22,4.95
4249,4.22,4.95
4250,4.22,4.95
4251,4.22,4.95
4252,4.22,4.95
4253,4.22,4.95
4254,4.22,4.95
4255,4.22,4.95
4257,4.22,4.95
4258,4.22,4.95
4259,4.22,4.95
4260,4.22,4.95
4261,4.22,4.95
4262,4.22,4.95
4263,4.23,4.95
4265,4.22,4.95
4267,4.22,4.95
4268,4.22,4.95
4269,4.22,4.95
4270,4.22,4.95
4271,4.22,4.95
4272,4.22,4.95
4273,4.22,4.95
4275,4.22,4.95
4276,4.22,4.95
4277,4.22,4.95
4278,4.22,4.95
4279,4.22,4.95
4280,4.22,4.95
4281,4.22,4.95
4283,4.22,4.95
4284,4.22,4.95
4285,4.22,4.95
4286,4.22,4.95
4287,4.22,4.95
4288,4.22,4.95
4289,4.22,4.95
4290,4.22,4.95
4292,4.22,4.95
4293,4.22,4.95
4294,4.22,4.95
4295,4.22,4.95
4296,4.22,4.95
4297,4.22,4.95
4298,4.22,4.95
4300,4.22,4.95
4301,4.22,4.95
4302,4.22,4.95
4303,4.22,4.95
4304,4.22,4.95
4305,4.22,4.95
4306,4.22,4.95
4307,4.23,4.95
4310,4.22,4.95
4311,4.22,4.95
4312,4.23,4.95
4313,4.23,4.95
4314,4.23,4.95
4315,4.23,4.95
4316,4.22,4.95
4318,4.22,4.95
4319,4.22,4.95
4320,4.22,4.95
4321,4.22,4.95
4322,4.22,4.95
4323,4.22,4.95
4324,4.22,4.95
4325,4.23,4.95
4327,4.22,4.95
4328,4.23,4.95
4329,4.22,4.95
4330,4.23,4.95
4331,4.23,4.95
4332,4.22,4.95
4333,4.23,4.95
4335,4.23,4.95
4336,4.22,4.95
4337,4.22,4.95
4338,4.22,4.95
4339,4.22,4.95
4340,4.22,4.95
4341,4.22,4.95
4342,4.22,4.95
4344,4.22,4.95
4345,4.22,4.95
4346,4.22,4.95
4347,4.22,4.95
4348,4.22,4.95
4349,4.22,4.95
4350,4.22,4.95
4353,4.22,4.95
4354,4.22,4.95
4355,4.22,4.95
4356,4.22,4.95
4357,4.22,4.95
4358,4.23,4.95
4359,4.22,4.95
4360,4.22,4.95
4362,4.23,4.95
4363,4.23,4.95
4364,4.23,4.95
4365,4.23,4.95
4366,4.23,4.95
4367,4.23,4.95
4368,4.23,4.95
4370,4.23,4.95
4371,4.23,4.95
4372,4.23,4.95
4373,4.22,4.95
4374,4.23,4.95
4375,4.23,4.95
4376,4.23,4.95
4378,4.23,4.95
4379,4.23,4.95
4380,4.23,4.95
4381,4.23,4.95
4382,4.23,4.95
4383,4.23,4.95
4384,4.23,4.95
4385,4.23,4.95
4387,4.22,4.95
4388,4.23,4.95
4389,4.23,4.95
4390,4.23,4.95
4391,4.23,4.95
4392,4.23,4.95
4393,4.23,4.95
4396,4.23,4.95
4397,4.23,4.94
4398,4.23,4.94
4399,4.23,4.94
4400,4.23,4.93
4401,4.23,4.93
4402,4.23,4.92
4403,4.23,4.91
4405,4.23,4.91
4406,4.23,4.90
4407,4.23,4.89
4408,4.23,4.88
4409,4.22,4.87
4410,4.23,4.86
4411,4.22,4.85
4412,4.22,4.84
4414,4.22,4.83
4415,4.21,4.82
4416,4.21,4.81
4417,4.21,4.80
4418,4.21,4.79
4419,4.20,4.78
4420,4.20,4.77
4421,4.20,4.76
4423,4.20,4.75
4424,4.19,4.74
4425,4.19,4.73
4426,4.19,4.72
4427,4.18,4.71
4428,4.18,4.70
4429,4.18,4.69
4430,4.17,4.68
4432,4.17,4.68
4433,4.17,4.67
4434,4.16,4.66
4435,4.16,4.65
4436,4.16,4.65
4438,4.15,4.64
4439,4.15,4.63
4440,4.15,4.63
4442,4.15,4.62
4443,4.14,4.61
4444,4.14,4.61
4445,4.14,4.60
4446,4.14,4.60
4447,4.14,4.59
4448,4.14,4.59
4449,4.13,4.58
4451,4.13,4.58
4452,4.13,4.58
4453,4.13,4.57
4454,4.13,4.57
4455,4.13,4.57
4456,4.13,4.57
4457,4.13,4.57
4458,4.13,4.56
4460,4.13,4.56
4461,4.13,4.56
4462,4.13,4.56
4463,4.13,4.56
4464,4.13,4.55
4465,4.13,4.55
4466,4.13,4.56
4468,4.13,4.56
4469,4.13,4.55
4470,4.13,4.55
4471,4.14,4.55
4472,4.14,4.56
4473,4.14,4.56
4474,4.14,4.56
4475,4.14,4.56
4477,4.15,4.56
4478,4.15,4.56
4480,4.15,4.56
4481,4.15,4.56
4482,4.15,4.56
4483,4.16,4.56
4484,4.16,4.57
4486,4.16,4.57
4487,4.16,4.57
4488,4.16,4.57
4489,4.17,4.57
4490,4.17,4.57
4491,4.17,4.57
4492,4.17,4.57
4493,4.17,4.57
4495,4.18,4.57
4496,4.18,4.57
4497,4.18,4.58
4498,4.18,4.58
4499,4.19,4.58
4500,4.19,4.58
4501,4.19,4.59
4502,4.19,4.59
4504,4.19,4.59
4505,4.19,4.59
4506,4.20,4.59
4507,4.20,4.59
4508,4.20,4.60
4509,4.20,4.60
4510,4.20,4.60
4511,4.21,4.60
4513,4.21,4.60
4514,4.21,4.61
4515,4.21,4.61
4516,4.21,4.61
4517,4.22,4.61
4518,4.22,4.61
4519,4.22,4.61
4520,4.22,4.62
4523,4.22,4.62
4524,4.22,4.62
4525,4.22,4.62
4526,4.22,4.62
4527,4.23,4.62
4528,4.23,4.62
4529,4.23,4.62
4530,4.23,4.62
4532,4.23,4.62
4533,4.23,4.63
4534,4.23,4.63
4535,4.23,4.63
4536,4.23,4.63
4537,4.23,4.63
4538,4.23,4.63
4539,4.23,4.63
4541,4.23,4.63
4542,4.23,4.64
4543,4.23,4.64
4544,4.23,4.64
4545,4.23,4.64
4546,4.23,4.64
4547,4.23,4.64
4548,4.23,4.64
4550,4.23,4.64
4551,4.23,4.64
4552,4.23,4.64
4553,4.23,4.64
4554,4.23,4.64
4555,4.23,4.64
4556,4.23,4.64
4557,4.23,4.64
4559,4.22,4.64
4560,4.23,4.64
4561,4.23,4.64
4562,4.23,4.64
4563,4.23,4.64
4564,4.22,4.64
4566,4.22,4.65
4567,4.22,4.64
4569,4.23,4.64
4570,4.22,4.62
4571,4.21,4.58
4572,4.18,4.54
4573,4.14,4.49
4574,4.10,4.43
4575,4.05,4.37
4576,4.00,4.32
4578,3.95,4.27
4579,3.92,4.23
4580,3.89,4.19
4581,3.86,4.16
4582,3.85,4.15
4583,3.84,4.14
4584,3.83,4.14
4585,3.83,4.13
4587,3.81,4.10
4588,3.79,4.06
4589,3.75,4.02
4590,3.72,3.98
4591,3.69,3.93
4592,3.65,3.89
4593,3.61,3.85
4594,3.58,3.83
4596,3.56,3.81
4597,3.54,3.79
4598,3.54,3.78
4599,3.54,3.78
4600,3.54,3.79
4601,3.55,3.80
4602,3.56,3.79
4603,3.55,3.77
4605,3.54,3.74
4606,3.52,3.72
4608,3.50,3.69
4609,3.48,3.66
4610,3.45,3.63
4611,3.43,3.62
4612,3.42,3.61
4613,3.42,3.60
4615,3.42,3.60
4616,3.43,3.60
4617,3.44,3.62
4618,3.46,3.64
4619,3.48,3.64
4620,3.49,3.64
4621,3.48,3.62
4622,3.48,3.61
4624,3.47,3.59
4625,3.46,3.57
4626,3.44,3.55
4627,3.43,3.53
4628,3.42,3.53
4629,3.42,3.52
4630,3.42,3.52
4632,3.43,3.53
4633,3.45,3.55
4634,3.47,3.57
4635,3.49,3.59
4636,3.51,3.59
4637,3.51,3.58
4638,3.51,3.57
4639,3.50,3.56
4641,3.49,3.54
4642,3.48,3.52
4643,3.47,3.51
4644,3.46,3.51
4645,3.46,3.50
4646,3.47,3.50
4647,3.47,3.51
4648,3.48,3.53
4651,3.50,3.55
4652,3.53,3.57
4653,3.55,3.58
4654,3.56,3.58
4655,3.56,3.57
4656,3.56,3.56
4657,3.55,3.54
4658,3.54,3.53
4660,3.52,3.51
4661,3.51,3.51
4662,3.51,3.51
4663,3.51,3.51
4664,3.51,3.52
4665,3.52,3.53
4666,3.54,3.54
4667,3.56,3.57
4669,3.58,3.58
4670,3.60,3.59
4671,3.60,3.58
4672,3.60,3.57
4673,3.59,3.56
4674,3.58,3.55
4675,3.57,3.53
4676,3.55,3.52
4678,3.54,3.52
4679,3.54,3.52
4680,3.54,3.52
4681,3.55,3.54
4682,3.56,3.55
4683,3.58,3.57
4684,3.60,3.59
4685,3.62,3.60
4687,3.63,3.60
4688,3.63,3.59
4689,3.62,3.58
4690,3.61,3.57
4691,3.60,3.55
4692,3.58,3.54
4694,3.57,3.53
4695,3.56,3.53
4697,3.56,3.54
4698,3.56,3.54
4699,3.58,3.55
4700,3.59,3.57
4701,3.62,3.59
4702,3.64,3.60
4703,3.65,3.60
4704,3.65,3.60
4706,3.65,3.59
4707,3.63,3.58
4708,3.62,3.57
4709,3.61,3.55
4710,3.59,3.55
4711,3.58,3.54
4712,3.58,3.54
4713,3.58,3.54
4715,3.59,3.55
4716,3.60,3.57
4717,3.62,3.59
4718,3.64,3.60
4719,3.66,3.61
4720,3.66,3.61
4721,3.66,3.60
4722,3.65,3.59
4724,3.64,3.57
4725,3.62,3.56
4726,3.60,3.55
4727,3.59,3.54
4728,3.59,3.54
4729,3.59,3.54
4730,3.59,3.55
4731,3.60,3.56
4733,3.62,3.58
4734,3.63,3.60
4736,3.66,3.61
4737,3.67,3.61
4738,3.67,3.60
4739,3.66,3.59
4740,3.65,3.58
4741,3.63,3.57
4743,3.62,3.55
4744,3.60,3.54
4745,3.59,3.54
4746,3.59,3.54
4747,3.59,3.54
4748,3.59,3.55
4749,3.61,3.57
4750,3.63,3.59
4752,3.65,3.60
4753,3.66,3.61
4754,3.67,3.60
4755,3.66,3.59
4756,3.65,3.58
4757,3.64,3.57
4758,3.62,3.55
4760,3.61,3.54
4761,3.59,3.54
4762,3.59,3.54
4763,3.59,3.54
4764,3.59,3.55
4765,3.60,3.56
4766,3.62,3.58
4767,3.64,3.59
4769,3.66,3.60
4770,3.67,3.60
4771,3.66,3.59
4772,3.66,3.58
4773,3.64,3.57
4774,3.63,3.56
4775,3.61,3.54
4776,3.60,3.53
4779,3.59,3.53
4780,3.59,3.53
4781,3.59,3.54
4782,3.60,3.55
4783,3.61,3.56
4784,3.63,3.58
4785,3.65,3.60
4786,3.67,3.60
4788,3.67,3.59
4789,3.66,3.58
4790,3.65,3.57
4791,3.64,3.56
4792,3.62,3.54
4793,3.60,3.53
4794,3.59,3.53
4795,3.59,3.53
4797,3.59,3.53
4798,3.59,3.54
4799,3.60,3.55
4800,3.62,3.57
4801,3.64,3.59
4802,3.66,3.59
4803,3.67,3.59
4804,3.67,3.59
4806,3.66,3.57
4807,3.64,3.56
4808,3.63,3.55
4809,3.61,3.54
4810,3.60,3.53
4811,3.59,3.53
4812,3.59,3.53
4813,3.59,3.53
4815,3.60,3.55
4816,3.61,3.56
4817,3.63,3.58
4818,3.66,3.59
4819,3.67,3.59
4820,3.67,3.59
4822,3.66,3.58
4823,3.65,3.57
4825,3.64,3.55
4826,3.62,3.54
4827,3.60,3.53
4828,3.60,3.52
4829,3.59,3.53
4830,3.59,3.53
4831,3.60,3.54
4832,3.61,3.55
4834,3.63,3.57
4835,3.65,3.59
4836,3.67,3.59
4837,3.68,3.59
4838,3.67,3.58
4839,3.67,3.57
4840,3.65,3.56
4841,3.64,3.54
4843,3.62,3.53
4844,3.60,3.52
4845,3.60,3.53
4846,3.60,3.53
4847,3.60,3.54
4848,3.61,3.55
4849,3.63,3.56
4850,3.65,3.58
4852,3.67,3.60
4853,3.69,3.60
4854,3.69,3.59
4855,3.68,3.58
4856,3.67,3.57
4857,3.66,3.56
4858,3.64,3.55
4859,3.62,3.53
4861,3.61,3.53
4862,3.61,3.54
4864,3.61,3.54
4865,3.62,3.55
4866,3.64,3.57
4867,3.66,3.59
4868,3.68,3.61
4869,3.70,3.61
4871,3.71,3.61
4872,3.70,3.61
4873,3.70,3.59
4874,3.69,3.58
4875,3.67,3.57
4876,3.65,3.56
4877,3.64,3.55
4878,3.64,3.55
4880,3.64,3.56
4881,3.65,3.57
4882,3.66,3.58
4883,3.68,3.60
4884,3.70,3.62
4885,3.72,3.64
4886,3.74,3.65
4887,3.75,3.64
4889,3.74,3.63
4890,3.73,3.62
4891,3.72,3.61
4892,3.70,3.59
4893,3.68,3.58
4894,3.67,3.58
4895,3.67,3.59
4896,3.69,3.60
4898,3.70,3.62
4899,3.72,3.64
4900,3.75,3.66
4901,3.78,3.69
4902,3.80,3.70
4903,3.82,3.70
4904,3.82,3.70
4905,3.81,3.68
4908,3.79,3.67
4909,3.78,3.65
4910,3.75,3.63
4911,3.73,3.62
4912,3.73,3.63
4913,3.73,3.64
4914,3.75,3.66
4916,3.77,3.68
4917,3.79,3.70
4918,3.81,3.72
4919,3.84,3.74
4920,3.86,3.74
4921,3.86,3.74
4922,3.86,3.73
4923,3.84,3.71
4925,3.82,3.69
4926,3.80,3.68
4927,3.77,3.66
4928,3.75,3.65
4929,3.75,3.66
4930,3.76,3.68
4931,3.78,3.70
4932,3.80,3.72
4934,3.82,3.74
4935,3.85,3.76
4936,3.87,3.77
4937,3.88,3.77
4938,3.87,3.76
4939,3.85,3.74
4940,3.83,3.72
4941,3.81,3.70
4943,3.79,3.68
4944,3.76,3.68
4945,3.75,3.68
4946,3.76,3.69
4947,3.77,3.71
4948,3.79,3.73
4950,3.81,3.75
4952,3.84,3.78
4953,3.86,3.80
4954,3.88,3.80
4955,3.88,3.79
4956,3.86,3.77
4957,3.84,3.75
4958,3.82,3.73
4959,3.80,3.71
4961,3.77,3.70
4962,3.75,3.70
4963,3.75,3.70
4964,3.76,3.72
4965,3.78,3.74
4966,3.80,3.77
4967,3.83,3.79
4968,3.85,3.82
4970,3.87,3.82
4971,3.88,3.82
4972,3.87,3.80
4973,3.85,3.78
4974,3.83,3.76
4975,3.81,3.74
4976,3.78,3.72
4977,3.76,3.71
4979,3.75,3.71
4980,3.76,3.73
4981,3.77,3.75
4982,3.79,3.77
4983,3.82,3.80
4984,3.84,3.82
4985,3.87,3.84
4986,3.88,3.84
4988,3.88,3.83
4989,3.86,3.81
4990,3.84,3.79
4992,3.82,3.77
4993,3.80,3.74
4994,3.77,3.72
4995,3.75,3.72
4996,3.75,3.74
4998,3.77,3.75
4999,3.79,3.78
5000,3.81,3.80
5001,3.83,3.83
5002,3.86,3.85
5003,3.88,3.85
5004,3.88,3.85
5005,3.87,3.83
5007,3.85,3.81
5008,3.83,3.79
5009,3.81,3.76
5010,3.78,3.74
5011,3.76,3.73
5012,3.75,3.74
5013,3.76,3.75
5014,3.77,3.77
5016,3.79,3.80
5017,3.82,3.82
5018,3.84,3.84
5019,3.87,3.86
5020,3.88,3.85
5021,3.87,3.84
5022,3.85,3.82
5023,3.83,3.80
5025,3.81,3.77
5026,3.78,3.75
5027,3.76,3.73
5028,3.74,3.73
5029,3.75,3.74
5030,3.76,3.76
5031,3.77,3.78
5032,3.80,3.81
5035,3.82,3.83
5036,3.85,3.85
5037,3.86,3.85
5038,3.86,3.84
5039,3.85,3.83
5040,3.83,3.80
5041,3.81,3.78
5042,3.79,3.76
5044,3.76,3.74
5045,3.74,3.73
5046,3.73,3.73
5047,3.74,3.75
5048,3.75,3.77
5049,3.77,3.79
5050,3.80,3.82
5051,3.82,3.84
5053,3.84,3.85
5054,3.85,3.84
5055,3.84,3.82
5056,3.82,3.80
5057,3.81,3.78
5058,3.78,3.76
5059,3.76,3.74
5060,3.73,3.72
5062,3.72,3.72
5063,3.72,3.73
5064,3.73,3.75
5065,3.75,3.77
5066,3.78,3.79
5067,3.80,3.82
5068,3.83,3.83
5070,3.84,3.83
5071,3.83,3.82
5072,3.82,3.80
5073,3.81,3.78
5074,3.78,3.76
5075,3.76,3.74
5076,3.74,3.71
5078,3.71,3.70
5080,3.71,3.71
5081,3.72,3.73
5082,3.74,3.75
5083,3.76,3.78
5084,3.79,3.80
5085,3.81,3.82
5086,3.83,3.83
5087,3.83,3.82
5089,3.82,3.80
5090,3.81,3.78
5091,3.79,3.76
5092,3.77,3.74
5093,3.74,3.71
5094,3.72,3.70
5095,3.71,3.70
5096,3.71,3.72
5098,3.73,3.74
5099,3.75,3.76
5100,3.77,3.78
5101,3.80,3.81
5102,3.82,3.82
5103,3.83,3.82
5104,3.83,3.80
5105,3.81,3.79
5107,3.80,3.77
5108,3.77,3.74
5109,3.75,3.72
5110,3.73,3.70
5111,3.71,3.70
5112,3.71,3.71
5113,3.72,3.72
5114,3.74,3.74
5116,3.76,3.77
5117,3.79,3.79
5118,3.82,3.81
5120,3.83,3.81
5121,3.83,3.80
5122,3.82,3.79
5123,3.81,3.77
5124,3.79,3.75
5126,3.77,3.73
5127,3.74,3.70
5128,3.72,3.70
5129,3.71,3.70
5130,3.72,3.71
5131,3.73,3.73
5132,3.75,3.75
5133,3.78,3.78
5135,3.81,3.80
5136,3.83,3.81
5137,3.84,3.81
5138,3.83,3.79
5139,3.82,3.77
5140,3.80,3.76
5141,3.78,3.73
5142,3.76,3.71
5144,3.73,3.70
5145,3.71,3.70
5146,3.71,3.70
5147,3.73,3.72
5148,3.75,3.74
5149,3.77,3.76
5150,3.80,3.79
5151,3.82,3.81
5153,3.84,3.81
5154,3.84,3.80
5155,3.83,3.78
5156,3.81,3.76
5157,3.79,3.74
5158,3.77,3.72
5159,3.74,3.70
5160,3.72,3.69
5163,3.72,3.70
5164,3.72,3.71
5165,3.74,3.73
5166,3.76,3.75
5167,3.79,3.78
5168,3.81,3.80
5169,3.84,3.81
5170,3.84,3.80
5172,3.84,3.79
5173,3.82,3.77
5174,3.80,3.75
5175,3.78,3.73
5176,3.76,3.71
5177,3.74,3.69
5178,3.72,3.69
5179,3.72,3.70
5181,3.74,3.72
5182,3.76,3.74
5183,3.78,3.76
5184,3.81,3.79
5185,3.83,3.80
5186,3.85,3.80
5187,3.85,3.79
5188,3.83,3.78
5190,3.82,3.76
5191,3.80,3.74
5192,3.77,3.72
5193,3.75,3.70
5194,3.73,3.69
5195,3.72,3.70
5196,3.73,3.71
5197,3.75,3.73
5199,3.77,3.75
5200,3.79,3.78
5201,3.82,3.80
5202,3.84,3.81
5203,3.85,3.80
5204,3.84,3.78
5206,3.82,3.77
5207,3.80,3.75
5209,3.78,3.73
5210,3.76,3.71
5211,3.73,3.69
5212,3.72,3.69
5213,3.72,3.70
5214,3.73,3.72
5215,3.76,3.74
5216,3.78,3.76
5218,3.81,3.79
5219,3.83,3.80
5220,3.85,3.80
5221,3.84,3.79
5222,3.83,3.78
5223,3.81,3.76
5224,3.79,3.74
5225,3.77,3.71
5227,3.75,3.70
5228,3.72,3.69
5229,3.72,3.70
5230,3.73,3.71
5231,3.74,3.73
5232,3.77,3.75
5233,3.79,3.78
5234,3.82,3.80
5236,3.84,3.80
5237,3.84,3.80
5238,3.84,3.79
5239,3.82,3.77
5240,3.80,3.75
5241,3.78,3.73
5242,3.76,3.70
5243,3.73,3.69
5245,3.72,3.69
5246,3.72,3.70
5248,3.73,3.72
5249,3.76,3.74
5250,3.78,3.77
5251,3.81,3.79
5252,3.83,3.81
5253,3.84,3.80
5255,3.84,3.79
5256,3.83,3.78
5257,3.81,3.76
5258,3.79,3.73
5259,3.77,3.71
5260,3.74,3.70
5261,3.72,3.69
5262,3.72,3.70
5264,3.73,3.71
5265,3.75,3.73
5266,3.77,3.76
5267,3.79,3.78
5268,3.82,3.81
5269,3.84,3.81
5270,3.84,3.80
5271,3.83,3.79
5273,3.82,3.77
5274,3.80,3.75
5275,3.78,3.72
5276,3.75,3.70
5277,3.73,3.69
5278,3.71,3.70
5279,3.72,3.71
5280,3.73,3.72
5282,3.76,3.75
5283,3.78,3.77
5284,3.81,3.80
5285,3.83,3.81
5286,3.84,3.81
5287,3.84,3.80
5288,3.83,3.78
5289,3.81,3.76
5292,3.79,3.74
5293,3.76,3.72
5294,3.74,3.70
5295,3.72,3.69
5296,3.72,3.70
5297,3.73,3.71
5298,3.75,3.74
5299,3.77,3.76
5301,3.80,3.79
5302,3.83,3.81
5303,3.84,3.81
5304,3.84,3.80
5305,3.83,3.79
5306,3.82,3.77
5307,3.80,3.75
5308,3.78,3.73
5310,3.75,3.70
5311,3.73,3.69
5312,3.72,3.70
5313,3.72,3.71
5314,3.74,3.73
5315,3.76,3.75
5316,3.78,3.78
5317,3.81,3.80
5319,3.84,3.81
5320,3.84,3.81
5321,3.84,3.79
5322,3.82,3.78
5323,3.81,3.76
5324,3.78,3.74
5325,3.76,3.71
5326,3.74,3.70
5328,3.72,3.70
5329,3.71,3.70
5330,3.73,3.72
5331,3.74,3.74
5332,3.77,3.77
5334,3.80,3.79
5335,3.82,3.81
5336,3.84,3.81
5338,3.84,3.80
5339,3.83,3.79
5340,3.81,3.77
5341,3.79,3.75
5342,3.77,3.73
5343,3.75,3.70
5344,3.72,3.70
5345,3.72,3.70
5347,3.72,3.71
5348,3.73,3.73
5349,3.76,3.76
5350,3.78,3.78
5351,3.81,3.81
5352,3.84,3.82
5353,3.84,3.81
5354,3.84,3.80
5356,3.82,3.78
5357,3.80,3.76
5358,3.78,3.74
5359,3.76,3.72
5360,3.73,3.70
5361,3.72,3.70
5362,3.71,3.71
5363,3.73,3.72
5365,3.75,3.75
5366,3.77,3.77
5367,3.80,3.80
5368,3.83,3.82
5369,3.84,3.82
5370,3.84,3.81
5371,3.83,3.79
5372,3.81,3.77
5374,3.79,3.75
5376,3.77,3.73
5377,3.74,3.71
5378,3.72,3.70
5379,3.71,3.70
5380,3.72,3.72
5381,3.74,3.74
5382,3.76,3.76
5384,3.79,3.79
5385,3.82,3.82
5386,3.84,3.82
5387,3.84,3.82
5388,3.84,3.80
5389,3.82,3.78
5390,3.80,3.76
5391,3.78,3.74
5393,3.76,3.72
5394,3.73,3.70
5395,3.71,3.70
5396,3.72,3.71
5397,3.73,3.73
5398,3.75,3.75
5399,3.77,3.78
5400,3.80,3.81
5402,3.83,3.82
5403,3.84,3.82
5404,3.84,3.81
5405,3.83,3.79
5406,3.81,3.77
5407,3.79,3.75
5408,3.77,3.73
5409,3.74,3.71
5411,3.72,3.70
5412,3.71,3.71
5413,3.72,3.72
5414,3.74,3.75
5415,3.76,3.77
5416,3.79,3.80
5417,3.82,3.82
5420,3.84,3.83
5421,3.84,3.82
5422,3.83,3.81
5423,3.82,3.79
5424,3.80,3.76
5425,3.77,3.74
5426,3.75,3.72
5427,3.73,3.70
5429,3.71,3.71
5430,3.72,3.72
5431,3.73,3.74
5432,3.75,3.76
5433,3.78,3.79
5434,3.81,3.82
5435,3.83,3.83
5436,3.84,3.83
5438,3.84,3.81
5439,3.83,3.80
5440,3.81,3.77
5441,3.79,3.75
5442,3.76,3.73
5443,3.74,3.71
5444,3.72,3.70
5445,3.71,3.71
5447,3.72,3.73
5448,3.74,3.75
5449,3.77,3.78
5450,3.79,3.80
5451,3.82,3.82
5452,3.84,3.83
5453,3.84,3.82
5454,3.83,3.80
5456,3.82,3.78
5457,3.80,3.76
5458,3.77,3.74
5459,3.75,3.72
5460,3.72,3.70
5462,3.71,3.70
5463,3.72,3.72
5464,3.73,3.74
5466,3.75,3.76
5467,3.78,3.79
5468,3.81,3.82
5469,3.83,3.83
5470,3.84,3.82
5471,3.83,3.81
5472,3.82,3.79
5473,3.80,3.77
5475,3.78,3.75
5476,3.76,3.73
5477,3.73,3.71
5478,3.71,3.70
5479,3.71,3.71
5480,3.72,3.73
5481,3.74,3.75
5482,3.77,3.78
5484,3.79,3.81
5485,3.82,3.82
5486,3.84,3.82
5487,3.84,3.82
5488,3.83,3.80
5489,3.81,3.78
5490,3.79,3.76
5491,3.77,3.74
5493,3.74,3.71
5494,3.72,3.70
5495,3.71,3.70
5496,3.71,3.72
5497,3.73,3.74
5498,3.75,3.76
5499,3.78,3.79
5500,3.81,3.82
5502,3.83,3.83
5504,3.84,3.82
5505,3.83,3.81
5506,3.82,3.79
5507,3.80,3.77
5508,3.78,3.75
5509,3.75,3.72
5510,3.73,3.70
5512,3.71,3.70
5513,3.71,3.71
5514,3.72,3.73
5515,3.74,3.76
5516,3.77,3.78
5517,3.80,3.81
5518,3.82,3.83
5519,3.84,3.83
5521,3.84,3.82
5522,3.82,3.80
5523,3.81,3.78
5524,3.78,3.76
5525,3.76,3.73
5526,3.74,3.71
5527,3.72,3.70
5529,3.71,3.71
5530,3.72,3.72
5531,3.73,3.75
5532,3.76,3.77
5533,3.78,3.80
5534,3.81,3.82
5535,3.83,3.83
5536,3.84,3.82
5538,3.83,3.80
5539,3.81,3.79
5540,3.79,3.77
5541,3.77,3.74
5542,3.75,3.72
5543,3.72,3.70
5544,3.71,3.70
5545,3.71,3.71
5548,3.72,3.73
5549,3.75,3.76
5550,3.77,3.79
5551,3.80,3.81
5552,3.83,3.83
5553,3.83,3.82
5554,3.83,3.81
5555,3.82,3.79
5557,3.80,3.77
5558,3.78,3.75
5559,3.76,3.73
5560,3.73,3.71
5561,3.71,3.70
5562,3.71,3.71
5563,3.72,3.73
5564,3.74,3.75
5566,3.76,3.77
5567,3.79,3.80
5568,3.82,3.82
5569,3.83,3.83
5570,3.84,3.82
5571,3.83,3.80
5572,3.81,3.78
5573,3.79,3.76
5575,3.77,3.74
5576,3.75,3.72
5577,3.72,3.70
5578,3.71,3.70
5579,3.71,3.72
5580,3.73,3.74
5581,3.75,3.76
5582,3.78,3.79
5584,3.81,3.82
5585,3.83,3.83
5586,3.84,3.82
5587,3.83,3.81
5588,3.82,3.79
5590,3.80,3.77
5591,3.78,3.75
5592,3.76,3.73
5594,3.73,3.71
5595,3.71,3.70
5596,3.71,3.71
5597,3.72,3.73
5598,3.74,3.75
5599,3.76,3.78
5600,3.79,3.81
5602,3.82,3.83
5603,3.84,3.83
5604,3.84,3.82
5605,3.83,3.80
5606,3.81,3.78
5607,3.79,3.76
5608,3.77,3.74
5609,3.74,3.71
5611,3.72,3.70
5612,3.71,3.71
5613,3.71,3.72
5614,3.73,3.74
5615,3.75,3.77
5616,3.78,3.79
5617,3.81,3.82
5618,3.83,3.83
5620,3.84,3.82
5621,3.83,3.81
5622,3.81,3.79
5623,3.80,3.77
5624,3.78,3.75
5625,3.75,3.72
5626,3.73,3.70
5627,3.71,3.70
5629,3.71,3.71
5630,3.72,3.73
5632,3.74,3.76
5633,3.77,3.78
5634,3.79,3.81
5635,3.82,3.82
5636,3.83,3.82
5637,3.83,3.81
5639,3.82,3.80
5640,3.81,3.78
5641,3.78,3.76
5642,3.76,3.73
5643,3.74,3.71
5644,3.71,3.70
5645,3.71,3.70
5646,3.71,3.72
5648,3.73,3.74
5649,3.75,3.77
5650,3.78,3.80
5651,3.81,3.82
5652,3.83,3.83
5653,3.84,3.82
5654,3.83,3.81
5655,3.81,3.79
5657,3.79,3.77
5658,3.77,3.74
5659,3.75,3.72
5660,3.72,3.70
5661,3.71,3.70
5662,3.71,3.71
5663,3.72,3.73
5664,3.74,3.76
5666,3.77,3.78
5667,3.80,3.81
5668,3.82,3.83
5669,3.83,3.82
5670,3.83,3.81
5671,3.82,3.80
5672,3.80,3.77
5673,3.78,3.75
5676,3.76,3.73
5677,3.74,3.71
5678,3.71,3.70
5679,3.71,3.71
5680,3.72,3.72
5681,3.73,3.75
5682,3.76,3.77
5683,3.78,3.80
5685,3.81,3.82
5686,3.83,3.82
5687,3.83,3.82
5688,3.82,3.80
5689,3.81,3.78
5690,3.79,3.76
5691,3.77,3.74
5692,3.74,3.72
5694,3.72,3.70
5695,3.70,3.70
5696,3.71,3.71
5697,3.72,3.73
5698,3.74,3.76
5699,3.77,3.78
5700,3.80,3.81
5701,3.82,3.82
5703,3.83,3.82
5704,3.83,3.81
5705,3.81,3.79
5706,3.80,3.77
5707,3.78,3.75
5708,3.76,3.73
5709,3.73,3.70
5710,3.71,3.70
5712,3.70,3.70
5713,3.71,3.72
5714,3.73,3.74
5715,3.76,3.77
5716,3.78,3.80
5718,3.81,3.82
5719,3.83,3.82
5720,3.83,3.81
5722,3.82,3.80
5723,3.81,3.78
5724,3.79,3.76
5725,3.77,3.74
5726,3.74,3.71
5727,3.72,3.70
5728,3.71,3.70
5729,3.71,3.71
5731,3.72,3.73
5732,3.74,3.76
5733,3.77,3.79
5734,3.80,3.81
5735,3.83,3.82
5736,3.83,3.82
5737,3.83,3.80
5738,3.81,3.79
5740,3.80,3.77
5741,3.78,3.75
5742,3.75,3.72
5743,3.73,3.70
5744,3.71,3.70
5745,3.70,3.71
5746,3.72,3.72
5747,3.74,3.75
5749,3.76,3.77
5750,3.79,3.80
5751,3.82,3.82
5752,3.83,3.82
5753,3.83,3.81
5754,3.82,3.80
5755,3.81,3.78
5756,3.79,3.76
5758,3.77,3.74
5760,3.74,3.71
5761,3.72,3.70
5762,3.71,3.70
5763,3.71,3.72
5764,3.73,3.74
5765,3.75,3.76
5766,3.78,3.79
5768,3.81,3.82
5769,3.83,3.82
5770,3.84,3.82
5771,3.83,3.81
5772,3.82,3.79
5773,3.80,3.77
5774,3.78,3.75
5775,3.75,3.72
5777,3.73,3.70
5778,3.71,3.70
5779,3.71,3.71
5780,3.72,3.73
5781,3.74,3.75
5782,3.77,3.78
5783,3.80,3.81
5785,3.82,3.82
5786,3.84,3.82
5787,3.84,3.81
5788,3.82,3.80
5789,3.81,3.78
5790,3.79,3.75
5791,3.76,3.73
5792,3.74,3.71
5794,3.72,3.70
5795,3.71,3.70
5796,3.71,3.72
5797,3.73,3.74
5798,3.75,3.77
5799,3.78,3.79
5800,3.81,3.82
5801,3.83,3.82
5804,3.84,3.82
5805,3.83,3.80
5806,3.82,3.78
5807,3.79,3.76
5808,3.78,3.74
5809,3.75,3.72
5810,3.73,3.70
5811,3.71,3.70
5813,3.71,3.71
5814,3.72,3.73
5815,3.74,3.76
5816,3.77,3.78
5817,3.80,3.81
5818,3.83,3.82
5819,3.84,3.82
5820,3.83,3.81
5822,3.82,3.79
5823,3.80,3.77
5824,3.78,3.75
5825,3.76,3.73
5826,3.74,3.71
5827,3.71,3.70
5828,3.71,3.70
5829,3.71,3.72
5831,3.73,3.74
5832,3.76,3.77
5833,3.78,3.80
5834,3.81,3.82
5835,3.83,3.82
5836,3.83,3.81
5837,3.83,3.80
5838,3.81,3.78
5840,3.79,3.76
5841,3.77,3.74
5842,3.75,3.72
5843,3.72,3.70
5844,3.71,3.70
5846,3.71,3.71
5847,3.72,3.73
5848,3.74,3.76
5850,3.77,3.78
5851,3.80,3.81
5852,3.82,3.82
5853,3.83,3.82
5854,3.83,3.81
5855,3.82,3.79
5856,3.80,3.77
5857,3.78,3.75
5859,3.76,3.72
5860,3.73,3.70
5861,3.71,3.70
5862,3.70,3.70
5863,3.71,3.72
5864,3.73,3.74
5865,3.76,3.77
5866,3.78,3.80
5868,3.81,3.82
5869,3.83,3.82
5870,3.83,3.81
5871,3.82,3.80
5872,3.81,3.78
5873,3.79,3.76
5874,3.76,3.73
5875,3.74,3.71
5877,3.72,3.70
5878,3.70,3.70
5879,3.71,3.71
5880,3.72,3.73
5881,3.74,3.75
5882,3.77,3.78
5883,3.80,3.81
5884,3.83,3.82
5886,3.83,3.82
5888,3.83,3.80
5889,3.82,3.78
5890,3.80,3.77
5891,3.78,3.75
5892,3.76,3.72
5893,3.73,3.70
5894,3.71,3.70
5896,3.71,3.70
5897,3.72,3.72
5898,3.73,3.74
5899,3.76,3.77
5900,3.79,3.80
5901,3.82,3.82
5902,3.83,3.82
5903,3.83,3.81
5905,3.82,3.79
5906,3.81,3.77
5907,3.79,3.75
5908,3.77,3.73
5909,3.74,3.71
5910,3.72,3.70
5911,3.71,3.70
5912,3.71,3.71
5914,3.73,3.73
5915,3.75,3.76
5916,3.78,3.79
5917,3.81,3.81
5918,3.83,3.82
5919,3.84,3.82
5920,3.83,3.80
5921,3.82,3.78
5923,3.80,3.76
5924,3.78,3.74
5925,3.75,3.72
5926,3.73,3.70
5927,3.71,3.70
5928,3.71,3.71
5929,3.72,3.72
5931,3.74,3.75
5933,3.77,3.78
5934,3.80,3.80
5935,3.82,3.82
5936,3.84,3.82
5937,3.84,3.81
5938,3.82,3.79
5939,3.81,3.77
5940,3.79,3.75
5942,3.77,3.73
5943,3.74,3.71
5944,3.72,3.70
5945,3.71,3.70
5946,3.71,3.72
5947,3.73,3.74
5948,3.75,3.76
5950,3.78,3.79
5951,3.81,3.82
5952,3.83,3.82
5953,3.84,3.82
5954,3.83,3.80
5955,3.82,3.78
5956,3.80,3.76
5957,3.78,3.74
5959,3.75,3.72
5960,3.73,3.70
5961,3.71,3.70
5962,3.71,3.71
5963,3.72,3.73
5964,3.74,3.75
5965,3.77,3.78
5966,3.80,3.81
5968,3.83,3.82
5969,3.84,3.82
5970,3.83,3.81
5971,3.82,3.79
5972,3.80,3.77
5974,3.78,3.75
5975,3.76,3.73
5976,3.74,3.71
5978,3.71,3.70
5979,3.71,3.70
5980,3.71,3.72
5981,3.73,3.74
5982,3.76,3.77
5983,3.79,3.79
5984,3.81,3.82
5985,3.83,3.82
5987,3.83,3.81
5988,3.83,3.80
5989,3.81,3.78
5990,3.79,3.76
5991,3.77,3.74
5992,3.75,3.72
5993,3.72,3.70
5994,3.71,3.70
5996,3.71,3.71
5997,3.72,3.73
5998,3.75,3.75
5999,3.77,3.78
6000,3.80,3.81
6001,3.83,3.82
6002,3.83,3.81
6003,3.83,3.80
6005,3.82,3.79
6006,3.80,3.77
6007,3.78,3.74
6008,3.76,3.72
6009,3.73,3.70
6010,3.71,3.70
6011,3.71,3.70
6012,3.72,3.72
6014,3.73,3.74
6016,3.76,3.77
6017,3.79,3.80
6018,3.82,3.82
6019,3.83,3.82
6020,3.83,3.81
6021,3.82,3.79
6022,3.81,3.77
6024,3.79,3.75
6025,3.77,3.73
6026,3.74,3.71
6027,3.72,3.70
6028,3.70,3.70
6029,3.71,3.71
6030,3.72,3.73
6031,3.75,3.75
6033,3.77,3.78
6034,3.80,3.81
6035,3.83,3.82
6036,3.83,3.81
6037,3.83,3.80
6038,3.81,3.78
6039,3.80,3.76
6040,3.78,3.74
6042,3.75,3.72
6043,3.73,3.70
6044,3.71,3.70
6045,3.70,3.70
6046,3.71,3.72
6047,3.73,3.74
6048,3.76,3.77
6049,3.79,3.80
6051,3.82,3.81
6052,3.83,3.81
6053,3.83,3.80
6054,3.82,3.79
6055,3.80,3.77
6056,3.78,3.75
6057,3.76,3.73
6059,3.74,3.70
6061,3.71,3.69
6062,3.70,3.70
6063,3.71,3.71
6064,3.72,3.73
6065,3.75,3.75
6066,3.77,3.78
6067,3.80,3.81
6069,3.83,3.81
6070,3.83,3.81
6071,3.82,3.79
6072,3.81,3.77
6073,3.79,3.75
6074,3.77,3.73
6075,3.75,3.71
6076,3.72,3.70
6078,3.70,3.69
6079,3.70,3.70
6080,3.71,3.72
6081,3.73,3.74
6082,3.76,3.77
6083,3.79,3.80
6084,3.82,3.81
6085,3.83,3.81
6087,3.83,3.80
6088,3.82,3.78
6089,3.80,3.76
6090,3.78,3.74
6091,3.75,3.72
6092,3.73,3.70
6093,3.71,3.69
6094,3.70,3.70
6096,3.71,3.71
6097,3.72,3.73
6098,3.75,3.76
6099,3.77,3.78
6100,3.81,3.81
6102,3.82,3.81
6103,3.83,3.80
6104,3.82,3.79
6106,3.80,3.77
6107,3.79,3.75
6108,3.76,3.73
6109,3.74,3.71
6110,3.72,3.69
6111,3.70,3.69
6112,3.70,3.70
6113,3.71,3.72
6115,3.74,3.74
6116,3.76,3.77
6117,3.79,3.80
6118,3.82,3.81
6119,3.83,3.81
6120,3.82,3.79
6121,3.81,3.78
6122,3.79,3.76
6124,3.77,3.74
6125,3.75,3.72
6126,3.73,3.70
6127,3.70,3.69
6128,3.70,3.70
6129,3.71,3.71
6130,3.73,3.73
6131,3.75,3.76
6133,3.78,3.79
6134,3.81,3.81
6135,3.82,3.81
6136,3.83,3.80
6137,3.82,3.78
6138,3.80,3.77
6139,3.78,3.75
6140,3.76,3.72
6142,3.74,3.70
6144,3.71,3.69
6145,3.70,3.69
6146,3.70,3.70
6147,3.72,3.72
6148,3.74,3.75
6149,3.77,3.77
6151,3.80,3.80
6152,3.82,3.81
6153,3.83,3.80
6154,3.82,3.79
6155,3.81,3.77
6156,3.79,3.75
6157,3.77,3.73
6158,3.75,3.71
6160,3.72,3.70
6161,3.70,3.69
6162,3.70,3.70
6163,3.71,3.71
6164,3.73,3.73
6165,3.76,3.76
6166,3.78,3.79
6167,3.81,3.81
6169,3.83,3.81
6170,3.83,3.80
6171,3.82,3.78
6172,3.80,3.76
6173,3.78,3.74
6174,3.76,3.72
6175,3.74,3.70
6176,3.71,3.69
6178,3.70,3.69
6179,3.71,3.70
6180,3.72,3.72
6181,3.74,3.75
6182,3.77,3.78
6183,3.80,3.80
6184,3.82,3.81
6185,3.83,3.80
6188,3.82,3.79
6189,3.81,3.77
6190,3.79,3.75
6191,3.77,3.73
6192,3.75,3.71
6193,3.72,3.69
6194,3.70,3.69
6195,3.70,3.70
6197,3.71,3.71
6198,3.73,3.74
6199,3.76,3.76
6200,3.79,3.79
6201,3.82,3.81
6202,3.83,3.81
6203,3.83,3.80
6204,3.82,3.78
6206,3.80,3.76
6207,3.78,3.74
6208,3.76,3.72
6209,3.73,3.70
6210,3.71,3.69
6211,3.70,3.69
6212,3.71,3.71
6213,3.73,3.73
6215,3.75,3.75
6216,3.78,3.78
6217,3.81,3.80
6218,3.83,3.81
6219,3.83,3.80
6220,3.83,3.79
6221,3.81,3.77
6223,3.79,3.75
6224,3.77,3.73
6225,3.75,3.71
6226,3.72,3.69
6227,3.70,3.69
6228,3.71,3.70
6230,3.72,3.72
6231,3.74,3.74
6233,3.77,3.77
6234,3.80,3.80
6235,3.82,3.81
6236,3.83,3.81
6237,3.83,3.80
6238,3.82,3.78
6239,3.80,3.76
6240,3.78,3.74
6242,3.76,3.72
6243,3.73,3.70
6244,3.71,3.69
6245,3.70,3.70
6246,3.71,3.71
6247,3.73,3.73
6248,3.76,3.76
6249,3.79,3.79
6251,3.82,3.81
6252,3.83,3.81
6253,3.83,3.81
6254,3.83,3.79
6255,3.81,3.77
6256,3.79,3.75
6257,3.77,3.73
6258,3.75,3.71
6260,3.72,3.69
6261,3.71,3.70
6262,3.71,3.70
6263,3.72,3.72
6264,3.75,3.75
6265,3.77,3.78
6266,3.80,3.81
6267,3.83,3.81
6269,3.84,3.81
6270,3.83,3.80
6272,3.82,3.78
6273,3.80,3.76
6274,3.78,3.74
6275,3.76,3.72
6276,3.73,3.70
6277,3.71,3.69
6279,3.71,3.70
6280,3.72,3.72
6281,3.74,3.74
6282,3.76,3.77
6283,3.79,3.79
6284,3.82,3.81
6285,3.83,3.82
6286,3.84,3.81
6288,3.83,3.79
6289,3.81,3.77
6290,3.79,3.75
6291,3.77,3.73
6292,3.74,3.71
6293,3.72,3.69
6294,3.71,3.70
6296,3.71,3.71
6297,3.73,3.73
6298,3.75,3.75
6299,3.78,3.78
6300,3.81,3.81
6301,3.83,3.81
6302,3.84,3.81
6303,3.83,3.79
6305,3.82,3.78
6306,3.80,3.76
6307,3.78,3.74
6308,3.75,3.71
6309,3.73,3.70
6310,3.71,3.69
6311,3.71,3.70
6312,3.72,3.72
6315,3.74,3.74
6316,3.76,3.77
6317,3.79,3.80
6318,3.82,3.81
6319,3.83,3.81
6320,3.83,3.80
6321,3.82,3.78
6322,3.80,3.76
6324,3.78,3.74
6325,3.76,3.72
6326,3.74,3.70
6327,3.71,3.69
6328,3.70,3.69
6329,3.71,3.71
6330,3.73,3.73
6331,3.75,3.75
6333,3.78,3.78
6334,3.81,3.80
6335,3.83,3.81
6336,3.83,3.80
6337,3.82,3.79
6338,3.81,3.77
6339,3.79,3.75
6340,3.77,3.73
6342,3.75,3.71
6343,3.72,3.69
6344,3.70,3.69
6345,3.70,3.70
6346,3.72,3.72
6347,3.74,3.74
6348,3.76,3.77
6349,3.79,3.80
6351,3.82,3.81
6352,3.83,3.80
6353,3.83,3.79
6354,3.81,3.78
6355,3.80,3.76
6356,3.78,3.74
6358,3.75,3.71
6360,3.73,3.70
6361,3.71,3.69
6362,3.70,3.70
6363,3.71,3.71
6364,3.73,3.73
6365,3.75,3.76
6366,3.78,3.78
6367,3.81,3.80
6369,3.83,3.81
6370,3.83,3.80
6371,3.82,3.78
6372,3.81,3.76
6373,3.79,3.75
6374,3.77,3.72
6375,3.74,3.70
6376,3.72,3.69
6378,3.70,3.69
6379,3.70,3.70
6380,3.72,3.72
6381,3.74,3.74
6382,3.77,3.77
6383,3.80,3.80
6384,3.82,3.81
6385,3.83,3.80
6387,3.83,3.79
6388,3.81,3.77
6389,3.79,3.75
6390,3.78,3.73
6391,3.75,3.71
6392,3.73,3.69
6393,3.71,3.69
6394,3.70,3.70
6396,3.71,3.71
6397,3.73,3.73
6398,3.76,3.76
6400,3.79,3.79
6401,3.82,3.81
6402,3.83,3.81
6403,3.83,3.80
6404,3.82,3.78
6406,3.80,3.76
6407,3.78,3.74
6408,3.76,3.72
6409,3.74,3.70
6410,3.71,3.69
6411,3.70,3.69
6412,3.71,3.70
6413,3.72,3.72
6415,3.75,3.75
6416,3.77,3.77
6417,3.81,3.80
6418,3.83,3.81
6419,3.83,3.80
6420,3.83,3.79
6421,3.81,3.77
6422,3.79,3.75
6424,3.78,3.73
6425,3.75,3.71
6426,3.73,3.69
6427,3.71,3.69
6428,3.71,3.70
6429,3.72,3.71
6430,3.74,3.74
6431,3.76,3.76
6433,3.79,3.79
6434,3.82,3.81
6435,3.83,3.81
6436,3.83,3.80
6437,3.82,3.78
6438,3.81,3.76
6439,3.78,3.74
6440,3.76,3.72
6443,3.74,3.70
6444,3.72,3.69
6445,3.70,3.69
6446,3.71,3.71
6447,3.73,3.73
6448,3.75,3.75
6449,3.78,3.78
6451,3.81,3.80
6452,3.83,3.81
6453,3.84,3.80
6454,3.83,3.79
6455,3.81,3.77
6456,3.80,3.75
6457,3.77,3.73
6458,3.75,3.71
6460,3.73,3.69
6461,3.71,3.69
6462,3.71,3.70
6463,3.72,3.72
6464,3.74,3.74
6465,3.77,3.77
6466,3.80,3.80
6467,3.82,3.81
6469,3.84,3.81
6470,3.83,3.80
6471,3.82,3.78
6472,3.81,3.76
6473,3.78,3.74
6474,3.76,3.72
6475,3.74,3.70
6476,3.72,3.69
6478,3.71,3.70
6479,3.72,3.71
6480,3.73,3.73
6481,3.76,3.76
6482,3.79,3.79
6483,3.82,3.81
6484,3.83,3.81
6486,3.84,3.80
6488,3.83,3.79
6489,3.82,3.77
6490,3.80,3.75
6491,3.78,3.73
6492,3.75,3.71
6493,3.73,3.69
6494,3.71,3.69
6495,3.71,3.70
6497,3.73,3.72
6498,3.75,3.75
6499,3.78,3.77
6500,3.81,3.80
6501,3.83,3.81
6502,3.84,3.81
6503,3.84,3.80
6504,3.83,3.78
6506,3.81,3.76
6507,3.79,3.74
6508,3.76,3.72
6509,3.74,3.70
6510,3.72,3.69
6511,3.71,3.70
6512,3.72,3.71
6513,3.74,3.74
6515,3.76,3.76
6516,3.79,3.79
6517,3.82,3.81
6518,3.84,3.81
6519,3.84,3.80
6520,3.83,3.79
6521,3.82,3.77
6522,3.80,3.75
6524,3.78,3.73
6525,3.75,3.71
6526,3.73,3.69
6528,3.71,3.70
6529,3.72,3.70
6530,3.73,3.72
6531,3.75,3.75
6532,3.78,3.78
6534,3.81,3.80
6535,3.83,3.81
6536,3.84,3.81
6537,3.84,3.80
6538,3.83,3.78
6539,3.81,3.76
6540,3.78,3.74
6541,3.76,3.72
6543,3.74,3.70
6544,3.72,3.69
6545,3.71,3.70
6546,3.72,3.71
6547,3.74,3.74
6548,3.76,3.76
6549,3.79,3.79
6550,3.82,3.81
6552,3.83,3.81
6553,3.83,3.80
6554,3.83,3.79
6555,3.81,3.77
6556,3.79,3.75
6557,3.77,3.73
6558,3.74,3.70
6559,3.72,3.69
6561,3.70,3.69
6562,3.71,3.70
6563,3.72,3.72
6564,3.75,3.75
6565,3.77,3.77
6566,3.81,3.80
6567,3.83,3.81
6568,3.83,3.80
6571,3.83,3.79
6572,3.81,3.77
6573,3.80,3.75
6574,3.77,3.73
6575,3.75,3.71
6576,3.73,3.69
6577,3.71,3.69
6578,3.70,3.70
6580,3.71,3.71
6581,3.73,3.73
6582,3.76,3.76
6583,3.79,3.79
6584,3.82,3.80
6585,3.83,3.80
6586,3.83,3.79
6587,3.82,3.78
6589,3.80,3.76
6590,3.78,3.74
6591,3.76,3.72
6592,3.74,3.70
6593,3.71,3.68
6594,3.70,3.68
6595,3.70,3.70
6596,3.72,3.72
6598,3.74,3.74
6599,3.77,3.77
6600,3.80,3.79
6601,3.82,3.80
6602,3.83,3.79
6603,3.83,3.78
6604,3.81,3.76
6605,3.79,3.74
6607,3.77,3.72
6608,3.75,3.70
6609,3.72,3.68
6610,3.70,3.68
6611,3.70,3.69
6612,3.71,3.70
6614,3.73,3.72
6615,3.76,3.75
6617,3.79,3.78
6618,3.82,3.80
6619,3.83,3.79
6620,3.83,3.78
6621,3.81,3.77
6622,3.80,3.75
6623,3.78,3.73
6624,3.76,3.71
6626,3.73,3.69
6627,3.71,3.67
6628,3.70,3.68
6629,3.70,3.69
6630,3.72,3.71
6631,3.74,3.73
6632,3.77,3.77
6633,3.80,3.79
6635,3.82,3.79
6636,3.83,3.79
6637,3.82,3.78
6638,3.81,3.76
6639,3.79,3.74
6640,3.77,3.72
6641,3.74,3.70
6642,3.72,3.68
6644,3.70,3.68
6645,3.70,3.69
6646,3.71,3.70
6647,3.73,3.73
6648,3.76,3.75
6649,3.79,3.78
6650,3.82,3.79
6651,3.83,3.79
6653,3.82,3.78
6654,3.81,3.76
6656,3.80,3.74
6657,3.78,3.72
6658,3.75,3.70
6659,3.73,3.69
6660,3.71,3.68
6661,3.71,3.69
6663,3.72,3.70
6664,3.74,3.72
6665,3.76,3.74
6666,3.79,3.77
6667,3.83,3.78
6668,3.84,3.78
6669,3.84,3.77
6670,3.83,3.76
6672,3.81,3.74
6673,3.79,3.72
6674,3.77,3.70
6675,3.75,3.68
6676,3.73,3.67
6677,3.72,3.68
6678,3.73,3.68
6679,3.73,3.69
6681,3.74,3.70
6682,3.77,3.72
6683,3.79,3.73
6684,3.81,3.74
6685,3.82,3.74
6686,3.81,3.72
6687,3.80,3.71
6689,3.78,3.69
6690,3.76,3.67
6691,3.73,3.65
6692,3.71,3.64
6693,3.70,3.64
6694,3.70,3.64
6695,3.70,3.64
6696,3.70,3.65
6699,3.71,3.66
6700,3.73,3.68
6701,3.75,3.69
6702,3.76,3.68
6703,3.76,3.67
6704,3.74,3.66
6705,3.73,3.64
6706,3.71,3.62
6708,3.69,3.60
6709,3.67,3.59
6710,3.65,3.58
6711,3.65,3.58
6712,3.64,3.58
6713,3.65,3.59
6714,3.66,3.60
6716,3.68,3.62
6717,3.70,3.63
6718,3.71,3.63
6719,3.71,3.62
6720,3.70,3.61
6721,3.69,3.59
6722,3.67,3.58
6723,3.65,3.56
6725,3.63,3.55
6726,3.62,3.54
6727,3.61,3.54
6728,3.61,3.54
6729,3.61,3.54
6730,3.62,3.56
6731,3.63,3.57
6732,3.66,3.59
6734,3.68,3.59
6735,3.68,3.59
6736,3.68,3.58
6737,3.67,3.57
6738,3.66,3.56
6739,3.64,3.54
6740,3.62,3.53
6742,3.60,3.52
6744,3.59,3.51
6745,3.59,3.51
6746,3.59,3.52
6747,3.60,3.53
6748,3.61,3.54
6749,3.63,3.56
6750,3.66,3.57
6751,3.67,3.58
6753,3.67,3.57
6754,3.67,3.56
6755,3.65,3.55
6756,3.64,3.53
6757,3.62,3.52
6758,3.60,3.51
6759,3.59,3.51
6760,3.59,3.51
6762,3.59,3.51
6763,3.59,3.52
6764,3.60,3.53
6765,3.62,3.55
6766,3.65,3.56
6767,3.67,3.57
6768,3.68,3.57
6769,3.67,3.56
6771,3.66,3.55
6772,3.65,3.53
6773,3.63,3.53
6774,3.62,3.51
6775,3.60,3.50
6776,3.59,3.50
6777,3.59,3.50
6778,3.59,3.51
6780,3.60,3.52
6781,3.62,3.54
6782,3.64,3.55
6784,3.66,3.57
6785,3.68,3.57
6786,3.68,3.56
6787,3.67,3.56
6788,3.66,3.54
6790,3.64,3.53
6791,3.63,3.52
6792,3.61,3.50
6793,3.60,3.50
6794,3.60,3.50
6795,3.59,3.50
6796,3.60,3.52
6797,3.61,3.53
6799,3.63,3.55
6800,3.65,3.57
6801,3.67,3.57
6802,3.68,3.57
6803,3.67,3.56
6804,3.66,3.55
6805,3.65,3.54
6806,3.64,3.52
6808,3.62,3.51
6809,3.60,3.51
6810,3.60,3.51
6811,3.60,3.51
6812,3.60,3.51
6813,3.61,3.53
6814,3.63,3.54
6815,3.65,3.56
6817,3.67,3.57
6818,3.68,3.57
6819,3.68,3.57
6820,3.67,3.56
6821,3.66,3.55
6822,3.65,3.53
6823,3.63,3.52
6824,3.61,3.51
6827,3.60,3.51
6828,3.60,3.51
6829,3.60,3.51
6830,3.61,3.53
6831,3.62,3.54
6832,3.64,3.56
6833,3.67,3.57
6834,3.68,3.57
6836,3.69,3.57
6837,3.68,3.56
6838,3.67,3.55
6839,3.66,3.54
6840,3.64,3.52
6841,3.62,3.51
6842,3.61,3.51
6843,3.61,3.51
6845,3.61,3.52
6846,3.62,3.53
6847,3.64,3.55
6848,3.66,3.56
6849,3.68,3.58
6850,3.70,3.59
6851,3.71,3.59
6852,3.71,3.58
6854,3.70,3.57
6855,3.70,3.56
6856,3.68,3.55
6857,3.66,3.53
6858,3.65,3.53
6859,3.65,3.53
6860,3.66,3.55
6861,3.67,3.57
6863,3.70,3.59
6864,3.72,3.61
6865,3.75,3.63
6866,3.78,3.65
6867,3.81,3.67
6868,3.84,3.69
6870,3.87,3.71
6872,3.90,3.74
6873,3.93,3.76
6874,3.97,3.79
6875,4.00,3.81
6876,4.03,3.83
6877,4.06,3.86
6878,4.09,3.88
6879,4.12,3.90
6881,4.14,3.92
6882,4.16,3.94
6883,4.19,3.96
6884,4.22,3.98
6885,4.24,4.01
6886,4.27,4.04
6887,4.30,4.07
6888,4.33,4.10
6890,4.35,4.13
6891,4.38,4.15
6892,4.40,4.18
6893,4.43,4.20
6894,4.45,4.23
6895,4.47,4.25
6896,4.49,4.27
6897,4.51,4.29
6899,4.52,4.30
6900,4.54,4.32
6901,4.55,4.33
6902,4.56,4.34
6903,4.57,4.35
6904,4.57,4.36
6905,4.57,4.36
6907,4.57,4.37
6908,4.58,4.37
6909,4.57,4.37
6910,4.57,4.37
6912,4.57,4.37
6913,4.56,4.37
6914,4.55,4.37
6915,4.54,4.37
6917,4.53,4.37
6918,4.52,4.36
6919,4.51,4.36
6920,4.50,4.35
6921,4.48,4.35
6922,4.47,4.35
6923,4.46,4.34
6924,4.45,4.34
6926,4.44,4.33
6927,4.42,4.33
6928,4.41,4.33
6929,4.40,4.32
6930,4.39,4.32
6931,4.38,4.32
6932,4.37,4.32
6933,4.36,4.32
6935,4.35,4.32
6936,4.34,4.31
6937,4.33,4.31
6938,4.33,4.31
6939,4.32,4.31
6940,4.31,4.32
6941,4.30,4.32
6943,4.30,4.32
6944,4.29,4.32
6945,4.29,4.32
6946,4.28,4.32
6947,4.28,4.32
6948,4.28,4.32
6949,4.27,4.33
6950,4.27,4.33
6952,4.27,4.33
6953,4.27,4.34
6955,4.27,4.34
6956,4.26,4.34
6957,4.27,4.34
6958,4.26,4.35
6959,4.26,4.35
6961,4.26,4.35
6962,4.27,4.35
6963,4.26,4.36
6964,4.27,4.36
6965,4.27,4.37
6966,4.27,4.37
6967,4.27,4.37
6968,4.27,4.38
6970,4.27,4.38
6971,4.27,4.38
6972,4.27,4.39
6973,4.27,4.39
6974,4.27,4.40
6975,4.28,4.40
6976,4.28,4.40
6977,4.28,4.41
6979,4.28,4.41
6980,4.28,4.41
6981,4.28,4.42
6982,4.29,4.42
6983,4.29,4.42
6984,4.29,4.43
6985,4.29,4.43
6986,4.29,4.43
6988,4.29,4.44
6989,4.29,4.44
6990,4.29,4.44
6991,4.29,4.45
6992,4.29,4.45
6993,4.29,4.46
6994,4.29,4.46
6995,4.29,4.46
6998,4.29,4.46
6999,4.29,4.47
7000,4.29,4.47
7001,4.29,4.47
7002,4.29,4.47
7003,4.29,4.47
7004,4.29,4.48
7006,4.29,4.48
7007,4.29,4.49
7008,4.29,4.49
7009,4.29,4.49
7010,4.29,4.49
7011,4.29,4.50
7012,4.29,4.50
7013,4.29,4.51
7015,4.29,4.51
7016,4.29,4.51
7017,4.29,4.51
7018,4.29,4.52
7019,4.29,4.52
7020,4.29,4.52
7021,4.29,4.52
7022,4.29,4.53
7024,4.29,4.53
7025,4.29,4.53
7026,4.29,4.53
7027,4.29,4.54
7028,4.29,4.54
7029,4.29,4.54
7030,4.29,4.54
7032,4.28,4.55
7033,4.29,4.55
7034,4.28,4.55
7035,4.29,4.56
7036,4.28,4.56
7037,4.28,4.56
7038,4.28,4.56
7040,4.28,4.57
7042,4.28,4.57
7043,4.28,4.57
7044,4.29,4.57
7045,4.29,4.58
7046,4.28,4.58
7047,4.28,4.58
7048,4.29,4.58
7049,4.28,4.59
7051,4.28,4.59
7052,4.29,4.60
7053,4.28,4.60
7054,4.28,4.60
7055,4.28,4.60
7056,4.28,4.61
7057,4.28,4.61
7058,4.28,4.61
7060,4.28,4.62
7061,4.28,4.62
7062,4.28,4.63
7063,4.29,4.63
7064,4.29,4.63
7065,4.28,4.64
7066,4.29,4.64
7067,4.28,4.65
7069,4.29,4.65
7070,4.28,4.65
7071,4.29,4.66
7072,4.29,4.66
7073,4.29,4.66
7074,4.29,4.66
7075,4.29,4.67
7076,4.29,4.67
7078,4.29,4.68
7079,4.29,4.68
7080,4.29,4.69
7081,4.29,4.69
7083,4.28,4.70
7084,4.28,4.70
7085,4.28,4.71
7086,4.28,4.71
7088,4.28,4.72
7089,4.28,4.72
7090,4.28,4.73
7091,4.28,4.73
7092,4.28,4.74
7093,4.28,4.74
7094,4.28,4.75
7095,4.28,4.75
7097,4.28,4.76
7098,4.27,4.76
7099,4.27,4.76
7100,4.27,4.77
7101,4.27,4.77
7102,4.27,4.78
7103,4.27,4.78
7105,4.27,4.78
7106,4.27,4.78
7107,4.27,4.79
7108,4.27,4.79
7109,4.27,4.80
7110,4.27,4.80
7111,4.27,4.80
7112,4.27,4.80
7114,4.27,4.81
7115,4.27,4.81
7116,4.27,4.81
7117,4.27,4.82
7118,4.27,4.82
7119,4.27,4.82
7120,4.27,4.82
7121,4.27,4.83
7123,4.26,4.83
7124,4.27,4.83
7126,4.27,4.84
7127,4.27,4.84
7128,4.27,4.84
7129,4.27,4.84
7130,4.27,4.85
7131,4.27,4.85
7133,4.27,4.85
7134,4.27,4.86
7135,4.27,4.86
7136,4.27,4.86
7137,4.27,4.86
7138,4.27,4.86
7139,4.27,4.86
7140,4.27,4.87
7142,4.27,4.87
7143,4.27,4.87
7144,4.27,4.87
7145,4.27,4.88
7146,4.27,4.88
7147,4.27,4.88
7148,4.28,4.88
7149,4.28,4.88
7151,4.28,4.88
7152,4.28,4.89
7153,4.28,4.89
7154,4.28,4.89
7155,4.28,4.89
7156,4.28,4.89
7157,4.28,4.89
7158,4.28,4.90
7160,4.28,4.90
7161,4.28,4.90
7162,4.28,4.90
7163,4.28,4.90
7164,4.28,4.90
7165,4.28,4.90
7166,4.28,4.90
7168,4.28,4.91
7170,4.28,4.91
7171,4.28,4.91
7172,4.28,4.91
7173,4.28,4.91
7174,4.28,4.91
7175,4.29,4.91
7176,4.28,4.91
7177,4.29,4.91
7179,4.29,4.91
7180,4.29,4.92
7181,4.29,4.92
7182,4.29,4.92
7183,4.29,4.92
7184,4.29,4.92
7185,4.29,4.92
7186,4.29,4.92
7188,4.29,4.92
7189,4.29,4.92
7190,4.29,4.92
7191,4.29,4.92
7192,4.29,4.92
7193,4.29,4.92
7194,4.29,4.93
7195,4.29,4.93
7197,4.29,4.93
7198,4.29,4.93
7199,4.29,4.93
7200,4.29,4.93
7201,4.29,4.93
7202,4.29,4.93
7203,4.29,4.93
7204,4.29,4.93
7206,4.29,4.93
7207,4.29,4.93
7208,4.29,4.93
7209,4.29,4.93
7211,4.30,4.93
7212,4.30,4.93
7213,4.30,4.93
7215,4.30,4.94
7216,4.30,4.94
7217,4.30,4.94
7218,4.30,4.94
7219,4.30,4.94
7220,4.30,4.94
7221,4.30,4.94
7222,4.30,4.94
7224,4.30,4.94
7225,4.30,4.94
7226,4.30,4.94
7227,4.30,4.94
7228,4.30,4.94
7229,4.30,4.94
7230,4.30,4.94
7231,4.30,4.94
7233,4.30,4.94
7234,4.30,4.94
7235,4.30,4.94
7236,4.30,4.94
7237,4.30,4.94
7238,4.30,4.94
7239,4.30,4.94
7240,4.30,4.94
7242,4.30,4.94
7243,4.30,4.94
7244,4.30,4.95
7245,4.30,4.94
7246,4.30,4.95
7247,4.30,4.94
7248,4.30,4.94
7249,4.30,4.95
7250,4.30,4.94
7252,4.30,4.95
7254,4.30,4.94
7255,4.30,4.95
7256,4.30,4.94
7257,4.30,4.95
7258,4.30,4.94
7259,4.30,4.95
7261,4.30,4.95
7262,4.30,4.95
7263,4.30,4.95
7264,4.30,4.95
7265,4.30,4.95
7266,4.30,4.95
7267,4.30,4.95
7268,4.30,4.95
7270,4.30,4.95
7271,4.30,4.95
7272,4.30,4.95
7273,4.30,4.95
7274,4.30,4.95
7275,4.30,4.95
7276,4.30,4.95
7277,4.30,4.95
7279,4.30,4.95
7280,4.30,4.95
7281,4.30,4.95
7282,4.30,4.95
7283,4.30,4.95
7284,4.30,4.95
7285,4.30,4.95
7287,4.30,4.95
7288,4.30,4.95
7289,4.30,4.95
7290,4.30,4.95
7291,4.30,4.95
7292,4.30,4.95
7293,4.30,4.95
7294,4.30,4.95
7297,4.30,4.95
7298,4.30,4.95
7299,4.30,4.95
7300,4.30,4.95
7301,4.30,4.95
7302,4.30,4.95
7303,4.30,4.95
7305,4.30,4.95
7306,4.30,4.95
7307,4.30,4.95
7308,4.30,4.95
7309,4.30,4.95
7310,4.30,4.95
7311,4.30,4.95
7312,4.30,4.95
7314,4.30,4.95
7315,4.30,4.95
7316,4.30,4.95
7317,4.30,4.95
7318,4.30,4.95
7319,4.30,4.95
7320,4.30,4.95
7321,4.30,4.95
7323,4.30,4.95
7324,4.30,4.95
7325,4.30,4.95
7326,4.30,4.95
7327,4.30,4.95
7328,4.30,4.95
7329,4.30,4.95
7331,4.30,4.95
7332,4.30,4.95
7333,4.30,4.95
7334,4.30,4.95
7335,4.30,4.95
7336,4.30,4.95
7337,4.30,4.95
7339,4.30,4.95
7341,4.30,4.95
7342,4.30,4.95
7343,4.30,4.95
7344,4.30,4.95
7345,4.30,4.95
7346,4.30,4.95
7347,4.30,4.95
7348,4.30,4.95
7350,4.30,4.95
7351,4.30,4.95
7352,4.29,4.95
7353,4.29,4.95
7354,4.29,4.95
7355,4.29,4.95
7356,4.30,4.95
7357,4.30,4.95
7359,4.30,4.95
7360,4.30,4.95
7361,4.30,4.95
7362,4.30,4.95
7363,4.30,4.95
7364,4.29,4.95
7365,4.30,4.95
7366,4.30,4.95
7368,4.29,4.95
7369,4.30,4.95
7370,4.30,4.95
7371,4.30,4.95
7372,4.30,4.95
7373,4.30,4.95
7374,4.29,4.96
7375,4.30,4.96
7377,4.29,4.95
7378,4.30,4.96
7379,4.30,4.95
7380,4.30,4.95
7382,4.30,4.95
7383,4.30,4.95
7384,4.29,4.95
7385,4.29,4.95
7387,4.30,4.95
7388,4.30,4.95
7389,4.30,4.95
7390,4.29,4.95
7391,4.29,4.96
7392,4.29,4.96
7393,4.29,4.95
7394,4.29,4.96
7396,4.29,4.95
7397,4.29,4.95
7398,4.29,4.95
7399,4.29,4.95
7400,4.29,4.95
7401,4.29,4.95
7402,4.29,4.95
7403,4.29,4.96
7405,4.29,4.96
7406,4.29,4.95
7407,4.29,4.95
7408,4.30,4.96
7409,4.29,4.96
7410,4.29,4.95
7411,4.29,4.95
7413,4.29,4.95
7414,4.29,4.95
7415,4.29,4.96
7416,4.29,4.95
7417,4.29,4.96
7418,4.29,4.95
7419,4.29,4.96
7420,4.29,4.96
7422,4.29,4.96
7424,4.29,4.96
7425,4.29,4.96
7426,4.29,4.95
7427,4.29,4.96
7428,4.29,4.96
7429,4.29,4.95
7430,4.29,4.95
7432,4.29,4.96
7433,4.29,4.95
7434,4.29,4.95
7435,4.29,4.95
7436,4.29,4.96
7437,4.29,4.96
7438,4.29,4.95
7439,4.29,4.96
7441,4.29,4.95
7442,4.29,4.96
7443,4.29,4.96
7444,4.29,4.96
7445,4.29,4.96
7446,4.29,4.96
7447,4.29,4.96
7449,4.29,4.96
7450,4.29,4.96
7451,4.29,4.95
7452,4.29,4.96
7453,4.29,4.96
7454,4.29,4.96
7455,4.29,4.95
7456,4.29,4.96
7458,4.29,4.96
7459,4.29,4.96
7460,4.29,4.96
7461,4.29,4.96
7462,4.29,4.96
7463,4.29,4.96
7464,4.29,4.96
7465,4.29,4.96
7468,4.29,4.96
7469,4.29,4.96
7470,4.29,4.96
7471,4.29,4.96
7472,4.29,4.96
7473,4.29,4.96
7474,4.29,4.96
7476,4.29,4.96
7477,4.29,4.96
7478,4.29,4.96
7479,4.29,4.96
7480,4.29,4.96
7481,4.29,4.96
7482,4.29,4.96
7483,4.29,4.96
7485,4.29,4.95
7486,4.29,4.96
7487,4.29,4.96
7488,4.29,4.96
7489,4.29,4.96
7490,4.29,4.96
7491,4.28,4.96
7493,4.28,4.95
7494,4.29,4.96
7495,4.28,4.96
7496,4.29,4.96
7497,4.29,4.96
7498,4.28,4.96
7499,4.28,4.96
7500,4.28,4.96
7502,4.28,4.96
7503,4.28,4.96
7504,4.28,4.96
7505,4.28,4.96
7506,4.28,4.95
7507,4.29,4.96
7508,4.28,4.96
7511,4.29,4.95
7512,4.28,4.96
7513,4.28,4.96
7514,4.28,4.96
7515,4.28,4.96
7516,4.28,4.96
7517,4.28,4.96
7518,4.28,4.96
7520,4.28,4.95
7521,4.28,4.95
7522,4.28,4.96
7523,4.28,4.96
7524,4.28,4.96
7525,4.28,4.96
7526,4.28,4.96
7527,4.28,4.96
7529,4.28,4.96
7530,4.28,4.96
7531,4.28,4.96
7532,4.28,4.96
7533,4.28,4.96
7534,4.28,4.96
7535,4.28,4.95
7537,4.28,4.96
7538,4.28,4.96
7539,4.28,4.96
7540,4.28,4.96
7541,4.28,4.96
7542,4.28,4.96
7543,4.28,4.96
7544,4.28,4.96
7546,4.28,4.96
7547,4.28,4.96
7548,4.28,4.96
7549,4.28,4.96
7550,4.28,4.96
7552,4.28,4.96
7553,4.28,4.96
7555,4.28,4.95
7556,4.28,4.96
7557,4.28,4.96
7558,4.28,4.96
7559,4.28,4.96
7560,4.28,4.95
7561,4.28,4.96
7562,4.28,4.96
7564,4.28,4.96
7565,4.28,4.96
7566,4.28,4.95
7567,4.28,4.96
7568,4.28,4.96
7569,4.28,4.96
7570,4.28,4.96
7572,4.28,4.96
7573,4.28,4.95
7574,4.28,4.96
7575,4.28,4.96
7576,4.28,4.96
7577,4.28,4.95
7578,4.28,4.95
7579,4.28,4.96
7581,4.28,4.96
7582,4.28,4.95
7583,4.28,4.96
7584,4.28,4.95
7585,4.28,4.95
7586,4.27,4.96
7587,4.28,4.96
7589,4.28,4.95
7590,4.28,4.96
7591,4.28,4.95
7592,4.28,4.96
7593,4.28,4.95
7595,4.28,4.96
7596,4.28,4.96
7597,4.28,4.96
7599,4.28,4.96
7600,4.28,4.96
7601,4.28,4.96
7602,4.28,4.95
7603,4.28,4.96
7604,4.28,4.96
7605,4.27,4.95
7607,4.28,4.95
7608,4.27,4.96
7609,4.27,4.95
7610,4.28,4.96
7611,4.28,4.96
7612,4.28,4.95
7613,4.27,4.96
7614,4.27,4.95
7616,4.27,4.96
7617,4.27,4.96
7618,4.27,4.95
7619,4.27,4.95
7620,4.27,4.96
7621,4.27,4.96
7622,4.27,4.96
7623,4.27,4.96
7625,4.27,4.96
7626,4.27,4.96
7627,4.27,4.96
7628,4.27,4.96
7629,4.27,4.96
7630,4.27,4.96
7631,4.27,4.96
7633,4.27,4.96
7634,4.27,4.96
7635,4.27,4.96
7636,4.27,4.95
7638,4.27,4.96
7639,4.27,4.95
7640,4.27,4.96
7641,4.27,4.96
7643,4.27,4.96
7644,4.27,4.96
7645,4.27,4.96
7646,4.27,4.96
7647,4.27,4.96
7648,4.27,4.96
7649,4.27,4.95
7651,4.27,4.95
7652,4.27,4.96
7653,4.27,4.96
7654,4.27,4.95
7655,4.27,4.95
7656,4.27,4.95
7657,4.27,4.96
7658,4.27,4.95
7660,4.27,4.95
7661,4.27,4.96
7662,4.27,4.95
7663,4.27,4.95
7664,4.27,4.96
7665,4.27,4.95
7666,4.27,4.96
7667,4.27,4.96
7669,4.27,4.95
7670,4.27,4.95
7671,4.27,4.95
7672,4.27,4.96
7673,4.27,4.95
7674,4.27,4.96
7675,4.27,4.95
7677,4.27,4.96
7678,4.27,4.96
7680,4.27,4.95
7681,4.27,4.95
7682,4.27,4.95
7683,4.27,4.95
7684,4.27,4.95
7685,4.27,4.95
7687,4.27,4.95
7688,4.26,4.95
7689,4.27,4.96
7690,4.27,4.95
7691,4.27,4.95
7692,4.27,4.95
7693,4.27,4.96
7694,4.27,4.95
7696,4.27,4.95
7697,4.27,4.95
7698,4.27,4.95
7699,4.27,4.95
7700,4.27,4.95
7701,4.27,4.96
7702,4.27,4.95
7703,4.27,4.96
7705,4.27,4.95
7706,4.26,4.95
7707,4.27,4.95
7708,4.26,4.96
7709,4.27,4.95
7710,4.26,4.95
7711,4.27,4.95
7712,4.27,4.95
7714,4.26,4.96
7715,4.26,4.95
7716,4.26,4.95
7717,4.26,4.95
7718,4.27,4.96
7719,4.27,4.96
7720,4.27,4.95
7723,4.26,4.95
7724,4.27,4.95
7725,4.27,4.95
7726,4.27,4.95
7727,4.27,4.95
7728,4.26,4.95
7729,4.26,4.95
7730,4.26,4.95
7732,4.26,4.95
7733,4.26,4.95
7734,4.26,4.95
7735,4.26,4.95
7736,4.26,4.95
7737,4.26,4.95
7738,4.26,4.95
7739,4.26,4.95
7741,4.26,4.95
7742,4.26,4.95
7743,4.26,4.95
7744,4.26,4.95
7745,4.26,4.95
7746,4.26,4.95
7747,4.26,4.95
7748,4.26,4.95
7750,4.26,4.95
7751,4.26,4.95
7752,4.26,4.95
7753,4.26,4.95
7754,4.26,4.95
7755,4.26,4.95
7756,4.26,4.95
7757,4.26,4.95
7759,4.26,4.95
7760,4.26,4.95
7761,4.26,4.95
7762,4.26,4.95
7763,4.26,4.95
7764,4.26,4.95
7766,4.26,4.95
7767,4.26,4.95
7769,4.26,4.95
7770,4.26,4.95
7771,4.26,4.95
7772,4.26,4.95
7773,4.26,4.95
7774,4.26,4.95
7775,4.26,4.95
7776,4.26,4.95
7778,4.26,4.95
7779,4.26,4.95
7780,4.26,4.95
7781,4.26,4.95
7782,4.26,4.95
7783,4.26,4.95
7784,4.26,4.95
7785,4.26,4.95
7787,4.26,4.95
7788,4.26,4.95
7789,4.26,4.95
7790,4.26,4.95
7791,4.26,4.95
7792,4.26,4.95
7793,4.26,4.95
7794,4.26,4.95
7796,4.26,4.95
7797,4.26,4.95
7798,4.26,4.95
7799,4.25,4.95
7800,4.25,4.95
7801,4.26,4.95
7802,4.26,4.95
7804,4.25,4.95
7805,4.26,4.95
7806,4.26,4.95
7808,4.26,4.95
7809,4.26,4.95
7810,4.26,4.95
7811,4.26,4.95
7812,4.26,4.95
7814,4.26,4.95
7815,4.25,4.95
7816,4.26,4.95
7817,4.26,4.95
7818,4.25,4.95
7819,4.25,4.95
7820,4.25,4.95
7822,4.25,4.95
7823,4.25,4.95
7824,4.25,4.95
7825,4.26,4.95
7826,4.25,4.95
7827,4.25,4.95
7828,4.25,4.95
7829,4.25,4.95
7831,4.25,4.95
7832,4.25,4.95
7833,4.25,4.95
7834,4.25,4.95
7835,4.25,4.95
7836,4.25,4.95
7837,4.25,4.95
7839,4.25,4.95
7840,4.25,4.95
7841,4.25,4.95
7842,4.25,4.95
7843,4.25,4.95
7844,4.26,4.95
7845,4.26,4.95
7846,4.26,4.95
7848,4.26,4.95
7849,4.26,4.95
7851,4.25,4.95
7852,4.25,4.95
7853,4.26,4.95
7854,4.26,4.95
7855,4.26,4.95
7857,4.26,4.95
7858,4.26,4.95
7859,4.26,4.95
7860,4.26,4.95
7861,4.26,4.95
7862,4.26,4.95
7863,4.26,4.95
7865,4.26,4.95
7866,4.26,4.95
7867,4.26,4.95
7868,4.25,4.95
7869,4.25,4.95
7870,4.26,4.95
7871,4.26,4.95
7873,4.26,4.95
7874,4.26,4.95
7875,4.26,4.95
7876,4.26,4.95
7877,4.26,4.95
7878,4.26,4.95
7879,4.26,4.95
7881,4.26,4.95
7882,4.26,4.95
7883,4.25,4.95
7884,4.25,4.95
7885,4.25,4.95
7886,4.25,4.95
7887,4.26,4.95
7888,4.25,4.95
7890,4.26,4.95
7891,4.26,4.95
7892,4.26,4.95
7894,4.25,4.95
7895,4.26,4.95
7896,4.26,4.95
7897,4.26,4.95
7899,4.26,4.95
7900,4.26,4.95
7901,4.26,4.95
7902,4.26,4.95
7903,4.26,4.95
7904,4.26,4.95
7905,4.26,4.95
7907,4.26,4.95
7908,4.26,4.95
7909,4.26,4.95
7910,4.26,4.95
7911,4.26,4.95
7912,4.26,4.95
7913,4.26,4.95
7915,4.26,4.95
7916,4.26,4.95
7917,4.25,4.95
7918,4.26,4.95
7919,4.25,4.95
7920,4.25,4.95
7921,4.26,4.95
7922,4.25,4.95
7924,4.25,4.95
7925,4.26,4.95
7926,4.26,4.95
7927,4.26,4.95
7928,4.25,4.95
7929,4.26,4.95
7930,4.26,4.95
7932,4.26,4.95
7933,4.26,4.95
7934,4.25,4.95
7936,4.26,4.95
7937,4.26,4.95
7938,4.25,4.95
7939,4.26,4.95
7940,4.26,4.95
7942,4.26,4.95
7943,4.26,4.95
7944,4.26,4.95
7945,4.26,4.95
7946,4.26,4.95
7947,4.26,4.95
7948,4.26,4.94
7950,4.26,4.94
7951,4.26,4.93
7952,4.26,4.93
7953,4.26,4.92
7954,4.26,4.91
7955,4.26,4.90
7956,4.26,4.89
7957,4.26,4.88
7959,4.26,4.87
7960,4.26,4.86
7961,4.25,4.85
7962,4.25,4.84
7963,4.25,4.82
7964,4.24,4.82
7965,4.24,4.80
7966,4.24,4.79
7968,4.23,4.78
7969,4.23,4.77
7970,4.23,4.76
7971,4.23,4.75
7972,4.22,4.74
7973,4.22,4.73
7974,4.21,4.72
7975,4.21,4.71
7977,4.21,4.70
7979,4.21,4.69
7980,4.20,4.68
7981,4.20,4.67
7982,4.20,4.66
7983,4.19,4.65
7984,4.19,4.64
7986,4.19,4.63
7987,4.18,4.63
7988,4.18,4.62
7989,4.18,4.61
7990,4.18,4.60
7991,4.17,4.60
7992,4.17,4.59
7993,4.17,4.58
7995,4.17,4.58
7996,4.16,4.57
7997,4.16,4.57
7998,4.16,4.57
7999,4.16,4.56
8000,4.16,4.56
8001,4.15,4.56
8002,4.15,4.55
8004,4.15,4.55
8005,4.15,4.54
8006,4.15,4.54
8007,4.15,4.54
8008,4.15,4.54
8009,4.15,4.53
8010,4.15,4.53
8011,4.15,4.53
8013,4.15,4.53
8014,4.15,4.53
8015,4.15,4.53
8016,4.15,4.53
8017,4.15,4.53
8018,4.15,4.53
8019,4.16,4.53
8022,4.16,4.53
8023,4.16,4.53
8024,4.16,4.53
8025,4.16,4.53
8026,4.17,4.53
8027,4.17,4.53
8028,4.17,4.53
8030,4.17,4.53
8031,4.17,4.53
8032,4.17,4.54
8033,4.17,4.54
8034,4.18,4.54
8035,4.18,4.54
8036,4.18,4.54
8037,4.18,4.54
8039,4.19,4.54
8040,4.19,4.55
8041,4.19,4.55
8042,4.19,4.55
8043,4.20,4.55
8044,4.20,4.55
8045,4.20,4.56
8046,4.20,4.56
8048,4.21,4.56
8049,4.21,4.56
8050,4.21,4.56
8051,4.21,4.56
8052,4.22,4.57
8053,4.22,4.57
8054,4.22,4.57
8055,4.23,4.57
8057,4.23,4.57
8058,4.23,4.57
8059,4.23,4.57
8060,4.23,4.58
8061,4.24,4.58
8062,4.24,4.58
8064,4.24,4.58
8066,4.24,4.58
8067,4.24,4.59
8068,4.25,4.59
8069,4.25,4.59
8070,4.25,4.59
8071,4.26,4.59
8072,4.26,4.60
8073,4.26,4.60
8075,4.26,4.60
8076,4.26,4.60
8077,4.26,4.60
8078,4.26,4.60
8079,4.27,4.61
8080,4.26,4.61
8081,4.26,4.61
8082,4.27,4.61
8084,4.27,4.61
8085,4.27,4.61
8086,4.27,4.62
8087,4.27,4.62
8088,4.27,4.62
8089,4.27,4.62
8090,4.27,4.62
8091,4.27,4.62
8093,4.28,4.62
8094,4.28,4.62
8095,4.28,4.62
8096,4.28,4.62
8097,4.28,4.62
8098,4.28,4.62
8099,4.28,4.62
8100,4.28,4.63
8102,4.28,4.63
8103,4.28,4.62
8104,4.28,4.63
8105,4.28,4.63
8107,4.28,4.63
8108,4.28,4.63
8109,4.28,4.63
8110,4.28,4.63
8112,4.28,4.63
8113,4.28,4.63
8114,4.28,4.63
8115,4.28,4.63
8116,4.28,4.63
8117,4.27,4.63
8118,4.27,4.63
8119,4.27,4.63
8121,4.27,4.63
8122,4.27,4.63
8123,4.27,4.63
8124,4.27,4.63
8125,4.27,4.63
8126,4.27,4.63
8127,4.27,4.63
8128,4.27,4.63
8130,4.27,4.63
8131,4.27,4.63
8132,4.27,4.63
8133,4.27,4.63
8134,4.27,4.63
8135,4.27,4.63
8136,4.27,4.64
8137,4.27,4.64
8139,4.27,4.63
8140,4.27,4.63
8141,4.27,4.63
8142,4.27,4.64
8143,4.27,4.64
8144,4.27,4.64
8145,4.27,4.64
8146,4.27,4.64
8148,4.27,4.64
8150,4.27,4.64
8151,4.27,4.64
8152,4.27,4.64
8153,4.27,4.64
8154,4.27,4.64
8155,4.26,4.64
8156,4.26,4.64
8158,4.27,4.64
8159,4.27,4.64
8160,4.27,4.64
8161,4.27,4.64
8162,4.27,4.64
8163,4.27,4.64
8164,4.26,4.64
8165,4.26,4.64
8167,4.26,4.64
8168,4.26,4.64
8169,4.26,4.64
8170,4.26,4.64
8171,4.26,4.64
8172,4.26,4.64
8173,4.26,4.64
8174,4.26,4.64
8176,4.26,4.64
8177,4.26,4.65
8178,4.26,4.64
8179,4.26,4.65
8180,4.26,4.65
8181,4.26,4.65
8182,4.26,4.65
8183,4.26,4.65
8185,4.26,4.65
8186,4.26,4.65
8187,4.26,4.65
8188,4.26,4.65
8189,4.26,4.65
8190,4.26,4.65
8192,4.26,4.65
8193,4.26,4.65
8195,4.26,4.65
8196,4.26,4.65
8197,4.26,4.65
8198,4.26,4.65
8199,4.26,4.65
8200,4.26,4.65
8201,4.26,4.65
8202,4.26,4.65
8204,4.27,4.65
8205,4.26,4.65
8206,4.26,4.65
8207,4.27,4.65
8208,4.26,4.65
8209,4.27,4.65
8210,4.26,4.65
8211,4.26,4.65
8213,4.26,4.65
8214,4.26,4.65
8215,4.26,4.65
8216,4.26,4.65
8217,4.26,4.65
8218,4.26,4.65
8219,4.26,4.65
8220,4.26,4.65
8222,4.26,4.65
8223,4.26,4.65
8224,4.26,4.65
8225,4.26,4.65
8226,4.26,4.66
8227,4.26,4.66
8228,4.26,4.66
8229,4.26,4.66
8231,4.26,4.66
8232,4.26,4.66
8233,4.26,4.66
8235,4.26,4.66
8236,4.26,4.66
8237,4.26,4.66
8238,4.26,4.66
8239,4.26,4.66
8241,4.26,4.66
8242,4.26,4.66
8243,4.26,4.66
8244,4.26,4.66
8245,4.26,4.66
8246,4.26,4.66
8247,4.26,4.66
8248,4.26,4.66
8250,4.26,4.66
8251,4.26,4.66
8252,4.26,4.66
8253,4.26,4.66
8254,4.26,4.66
8255,4.26,4.66
8256,4.26,4.66
8257,4.26,4.66
8259,4.26,4.66
8260,4.26,4.66
8261,4.26,4.66
8262,4.26,4.67
8263,4.26,4.67
8264,4.26,4.66
8265,4.26,4.66
8266,4.26,4.66
8268,4.26,4.67
8269,4.26,4.66
8270,4.26,4.67
8271,4.26,4.67
8272,4.26,4.67
8273,4.26,4.67
8274,4.26,4.67
8275,4.26,4.67
8278,4.26,4.67
8279,4.26,4.67
8280,4.26,4.67
8281,4.26,4.67
8282,4.26,4.67
8283,4.26,4.67
8284,4.26,4.67
8285,4.26,4.67
8287,4.26,4.67
8288,4.26,4.67
8289,4.26,4.67
8290,4.26,4.67
8291,4.26,4.67
8292,4.26,4.67
8293,4.26,4.67
8294,4.26,4.67
8296,4.26,4.67
8297,4.26,4.67
8298,4.26,4.67
8299,4.26,4.67
8300,4.26,4.67
8301,4.26,4.67
8302,4.26,4.67
8303,4.26,4.67
8305,4.26,4.67
8306,4.26,4.67
8307,4.26,4.67
8308,4.26,4.67
8309,4.26,4.67
8310,4.26,4.67
8311,4.26,4.67
8312,4.26,4.67
8314,4.26,4.67
8315,4.26,4.67
8316,4.26,4.67
8317,4.26,4.67
8318,4.26,4.67
8320,4.26,4.67
8321,4.26,4.67
8322,4.26,4.67
8324,4.26,4.67
8325,4.26,4.67
8326,4.26,4.67
8327,4.26,4.67
8328,4.26,4.67
8329,4.26,4.67
8330,4.26,4.67
8331,4.26,4.67
8333,4.26,4.67
8334,4.26,4.67
8335,4.26,4.67
8336,4.26,4.67
8337,4.26,4.67
8338,4.26,4.67
8339,4.26,4.67
8340,4.26,4.67
8342,4.26,4.67
8343,4.26,4.67
8344,4.26,4.67
8345,4.26,4.67
8346,4.26,4.67
8347,4.26,4.67
8348,4.26,4.67
8349,4.26,4.67
8351,4.26,4.67
8352,4.26,4.67
8353,4.26,4.67
8354,4.26,4.67
8355,4.26,4.67
8356,4.26,4.67
8357,4.26,4.67
8358,4.26,4.67
8360,4.26,4.67
8361,4.26,4.67
8363,4.26,4.67
8364,4.26,4.67
8365,4.26,4.67
8366,4.26,4.67
8367,4.26,4.67
8368,4.26,4.67
8370,4.26,4.67
8371,4.26,4.67
8372,4.26,4.67
8373,4.26,4.67
8374,4.26,4.67
8375,4.26,4.67
8376,4.26,4.67
8377,4.26,4.67
8379,4.26,4.67
8380,4.26,4.67
8381,4.26,4.67
8382,4.26,4.67
8383,4.26,4.67
8384,4.26,4.67
8385,4.26,4.67
8386,4.26,4.67
8388,4.26,4.67
8389,4.26,4.67
8390,4.26,4.67
8391,4.26,4.67
8392,4.26,4.67
8393,4.26,4.67
8394,4.26,4.67
8395,4.26,4.67
8397,4.26,4.67
8398,4.26,4.67
8399,4.26,4.67
8400,4.26,4.67
8401,4.26,4.67
8402,4.26,4.67
8403,4.26,4.67
8404,4.26,4.67
8407,4.26,4.67
8408,4.26,4.67
8409,4.26,4.67
8410,4.26,4.67
8411,4.26,4.67
8412,4.26,4.67
8413,4.26,4.67
8414,4.26,4.67
8416,4.26,4.67
8417,4.26,4.67
8418,4.26,4.67
8419,4.26,4.67
8420,4.26,4.67
8421,4.26,4.67
8422,4.26,4.67
8423,4.26,4.67
8425,4.26,4.67
8426,4.26,4.67
8427,4.26,4.67
8428,4.26,4.67
8429,4.26,4.67
8430,4.26,4.67
8431,4.26,4.67
8432,4.26,4.67
8434,4.26,4.67
8435,4.26,4.68
8436,4.26,4.68
8437,4.26,4.67
8438,4.27,4.67
8439,4.26,4.67
8440,4.26,4.68
8441,4.27,4.67
8443,4.27,4.67
8444,4.26,4.67
8445,4.27,4.68
8446,4.27,4.67
8448,4.26,4.68
8449,4.26,4.67
8450,4.26,4.67
8451,4.26,4.68
8453,4.26,4.68
8454,4.27,4.68
8455,4.27,4.68
8456,4.27,4.68
8457,4.27,4.68
8458,4.27,4.67
8459,4.27,4.68
8460,4.27,4.68
8462,4.27,4.68
8463,4.27,4.68
8464,4.27,4.67
8465,4.27,4.67
8466,4.26,4.68
8467,4.26,4.68
8468,4.26,4.68
8470,4.27,4.68
8471,4.26,4.68
8472,4.27,4.68
8473,4.27,4.68
8474,4.27,4.68
8475,4.27,4.68
8476,4.26,4.68
8477,4.27,4.68
8479,4.27,4.68
8480,4.26,4.68
8481,4.27,4.68
8482,4.26,4.68
8483,4.26,4.68
8484,4.27,4.68
8485,4.27,4.68
8487,4.27,4.68
8488,4.27,4.68
8489,4.27,4.68
8491,4.27,4.68
8492,4.27,4.68
8493,4.27,4.68
8494,4.27,4.68
8495,4.27,4.68
8497,4.27,4.68
8498,4.27,4.68
8499,4.27,4.68
8500,4.27,4.68
8501,4.26,4.68
8502,4.27,4.68
8503,4.26,4.68
8504,4.26,4.68
8506,4.27,4.68
8507,4.27,4.68
8508,4.27,4.68
8509,4.27,4.68
8510,4.27,4.68
8511,4.27,4.68
8512,4.27,4.68
8513,4.27,4.68
8515,4.27,4.68
8516,4.27,4.68
8517,4.26,4.69
8518,4.27,4.68
8519,4.27,4.68
8520,4.27,4.68
8521,4.27,4.68
8522,4.27,4.68
8524,4.27,4.68
8525,4.27,4.68
8526,4.27,4.68
8527,4.27,4.68
8528,4.27,4.68
8529,4.27,4.68
8530,4.27,4.68
8531,4.27,4.68
8534,4.27,4.68
8535,4.27,4.68
8536,4.27,4.68
8537,4.27,4.68
8538,4.27,4.68
8539,4.27,4.68
8540,4.27,4.68
8541,4.27,4.68
8543,4.27,4.68
8544,4.27,4.68
8545,4.27,4.68
8546,4.27,4.68
8547,4.27,4.68
8548,4.27,4.68
8549,4.27,4.68
8550,4.27,4.68
8552,4.27,4.68
8553,4.27,4.68
8554,4.27,4.68
8555,4.27,4.68
8556,4.27,4.68
8557,4.27,4.68
8558,4.27,4.68
8559,4.27,4.68
8561,4.27,4.68
8562,4.27,4.69
8563,4.27,4.69
8564,4.27,4.69
8565,4.27,4.69
8566,4.27,4.69
8567,4.27,4.69
8568,4.27,4.68
8570,4.27,4.69
8571,4.27,4.69
8572,4.27,4.69
8573,4.27,4.69
8574,4.27,4.68
8576,4.27,4.69
8577,4.27,4.69
8579,4.27,4.69
8580,4.27,4.69
8581,4.27,4.69
8582,4.27,4.69
8583,4.27,4.69
8584,4.27,4.69
8585,4.27,4.69
8586,4.27,4.69
8588,4.27,4.69
8589,4.27,4.69
8590,4.27,4.69
8591,4.27,4.69
8592,4.27,4.69
8593,4.27,4.69
8594,4.27,4.69
8595,4.27,4.69
8597,4.27,4.69
8598,4.27,4.69
8599,4.27,4.69
8600,4.27,4.69
8601,4.27,4.69
8602,4.27,4.69
8603,4.27,4.69
8605,4.27,4.69
8606,4.27,4.69
8607,4.27,4.69
8608,4.27,4.69
8609,4.27,4.69
8610,4.27,4.69
8611,4.27,4.69
8612,4.27,4.69
8614,4.27,4.69
8615,4.27,4.69
8616,4.27,4.69
8617,4.27,4.69
8619,4.27,4.69
8620,4.27,4.69
8621,4.27,4.69
8622,4.27,4.69
8624,4.27,4.69
8625,4.27,4.69
8626,4.27,4.69
8627,4.27,4.69
8628,4.27,4.69
8629,4.27,4.69
8630,4.27,4.69
8631,4.27,4.69
8633,4.27,4.69
8634,4.27,4.69
8635,4.27,4.69
8636,4.27,4.69
8637,4.27,4.69
8638,4.27,4.69
8639,4.27,4.69
8641,4.27,4.69
8642,4.27,4.69
8643,4.27,4.69
8644,4.27,4.69
8645,4.27,4.69
8646,4.27,4.69
8647,4.27,4.69
8648,4.27,4.69
8650,4.27,4.69
8651,4.27,4.69
8652,4.27,4.69
8653,4.27,4.69
8654,4.27,4.69
8655,4.27,4.69
8656,4.27,4.69
8658,4.27,4.69
8659,4.27,4.69
8660,4.27,4.69
8662,4.27,4.69
8663,4.27,4.69
8664,4.27,4.69
8665,4.27,4.69
8666,4.27,4.69
8668,4.27,4.69
8669,4.27,4.69
8670,4.27,4.69
8671,4.27,4.69
8672,4.27,4.69
8673,4.27,4.69
8674,4.27,4.69
8676,4.27,4.69
8677,4.27,4.69
8678,4.27,4.69
8679,4.27,4.69
8680,4.27,4.69
8681,4.27,4.69
8682,4.27,4.69
8683,4.27,4.69
8685,4.27,4.69
8686,4.27,4.68
8687,4.27,4.69
8688,4.27,4.69
8689,4.27,4.69
8690,4.27,4.68
8691,4.27,4.69
8692,4.27,4.68
8694,4.27,4.69
8695,4.27,4.69
8696,4.27,4.69
8697,4.27,4.69
8698,4.27,4.69
8699,4.27,4.69
8700,4.27,4.69
8702,4.27,4.69
8704,4.27,4.69
8705,4.27,4.69
8706,4.27,4.69
8707,4.27,4.68
8708,4.27,4.69
8709,4.27,4.69
8710,4.27,4.68
8712,4.27,4.68
8713,4.27,4.68
8714,4.27,4.68
8715,4.27,4.68
8716,4.27,4.68
8717,4.27,4.69
8718,4.27,4.68
8719,4.27,4.68
8721,4.27,4.68
8722,4.27,4.68
8723,4.27,4.68
8724,4.27,4.68
8725,4.27,4.68
8726,4.27,4.68
8727,4.27,4.68
8728,4.27,4.68
8730,4.27,4.68
8731,4.27,4.69
8732,4.27,4.69
8733,4.27,4.69
8734,4.27,4.69
8735,4.27,4.69
8736,4.27,4.69
8738,4.27,4.69
8739,4.27,4.69
8740,4.27,4.69
8741,4.27,4.69
8742,4.27,4.69
8743,4.27,4.69
8744,4.27,4.68
8745,4.27,4.69
8748,4.27,4.69
8749,4.27,4.69
8750,4.27,4.69
8751,4.27,4.69
8752,4.27,4.68
8753,4.27,4.69
8754,4.27,4.69
8756,4.27,4.69
8757,4.27,4.69
8758,4.27,4.69
8759,4.27,4.69
8760,4.27,4.69
8761,4.27,4.69
8762,4.27,4.69
8763,4.27,4.69
8765,4.27,4.69
8766,4.27,4.69
8767,4.27,4.69
8768,4.27,4.69
8769,4.27,4.69
8770,4.27,4.69
8771,4.27,4.69
8773,4.27,4.69
8774,4.27,4.69
8775,4.27,4.69
8776,4.27,4.69
8777,4.27,4.69
8778,4.27,4.69
8779,4.27,4.69
8780,4.27,4.69
8782,4.27,4.69
8783,4.27,4.69
8784,4.27,4.69
8785,4.27,4.69
8786,4.27,4.69
8787,4.27,4.69
8788,4.27,4.69
8791,4.27,4.69
8792,4.27,4.69
8793,4.27,4.69
8794,4.27,4.69
8795,4.27,4.69
8796,4.27,4.69
8797,4.27,4.69
8798,4.27,4.69
8800,4.27,4.69
8801,4.27,4.69
8802,4.27,4.69
8803,4.27,4.69
8804,4.27,4.69
8805,4.27,4.69
8806,4.27,4.69
8808,4.27,4.69
8809,4.27,4.69
8810,4.27,4.69
8811,4.27,4.69
8812,4.27,4.69
8813,4.27,4.69
8814,4.27,4.69
8815,4.27,4.69
8817,4.27,4.69
8818,4.27,4.69
8819,4.27,4.69
8820,4.27,4.69
8821,4.27,4.69
8822,4.27,4.69
8823,4.27,4.69
8825,4.27,4.69
8826,4.27,4.69
8827,4.27,4.69
8828,4.27,4.69
8829,4.27,4.69
8830,4.27,4.69
8832,4.27,4.69
8833,4.27,4.69
8835,4.27,4.69
8836,4.27,4.69
8837,4.27,4.69
8838,4.27,4.69
8839,4.27,4.69
8840,4.27,4.69
8841,4.27,4.69
8843,4.27,4.69
8844,4.27,4.69
8845,4.27,4.69
8846,4.27,4.69
8847,4.27,4.69
8848,4.27,4.69
8849,4.27,4.69
8850,4.27,4.69
8852,4.27,4.69
8853,4.27,4.69
8854,4.27,4.69
8855,4.27,4.69
8856,4.27,4.69
8857,4.27,4.69
8858,4.27,4.69
8860,4.27,4.69
8861,4.27,4.69
8862,4.27,4.69
8863,4.27,4.69
8864,4.27,4.69
8865,4.27,4.69
8866,4.27,4.69
8867,4.27,4.69
8869,4.27,4.69
8870,4.27,4.69
8871,4.27,4.69
8872,4.27,4.69
8873,4.27,4.69
8875,4.27,4.69
8876,4.27,4.69
8878,4.27,4.69
8879,4.27,4.69
8880,4.27,4.69
8881,4.27,4.69
8882,4.27,4.69
8883,4.27,4.69
8884,4.27,4.69
8885,4.27,4.69
8887,4.27,4.69
8888,4.27,4.69
8889,4.27,4.69
8890,4.27,4.69
8891,4.27,4.69
8892,4.27,4.69
8893,4.27,4.69
8894,4.27,4.69
8896,4.27,4.69
8897,4.27,4.69
8898,4.27,4.69
8899,4.27,4.69
8900,4.27,4.69
8901,4.27,4.69
8902,4.27,4.69
8904,4.27,4.69
8905,4.27,4.69
8906,4.27,4.69
8907,4.27,4.69
8908,4.27,4.69
8909,4.27,4.69
8910,4.27,4.69
8911,4.27,4.69
8913,4.27,4.69
8914,4.27,4.69
8915,4.27,4.69
8916,4.27,4.69
8918,4.27,4.69
8919,4.27,4.69
8920,4.27,4.69
8922,4.27,4.69
8923,4.27,4.69
8924,4.27,4.69
8925,4.27,4.69
8926,4.27,4.69
8927,4.27,4.69
8928,4.27,4.69
8929,4.27,4.69
8931,4.27,4.69
8932,4.27,4.69
8933,4.27,4.69
8934,4.27,4.69
8935,4.27,4.69
8936,4.27,4.69
8937,4.27,4.69
8939,4.27,4.69
8940,4.27,4.69
8941,4.27,4.69
8942,4.27,4.69
8943,4.27,4.69
8944,4.27,4.69
8945,4.27,4.69
8946,4.27,4.69
8948,4.27,4.69
8949,4.27,4.69
8950,4.27,4.69
8951,4.27,4.69
8952,4.27,4.69
8953,4.27,4.69
8954,4.27,4.69
8955,4.27,4.69
8957,4.27,4.69
8958,4.27,4.69
8960,4.27,4.69
8961,4.27,4.69
8962,4.27,4.69
8963,4.27,4.69
8964,4.27,4.69
8965,4.27,4.69
8967,4.27,4.69
8968,4.27,4.69
8969,4.27,4.69
8970,4.27,4.69
8971,4.27,4.69
8972,4.27,4.69
8973,4.27,4.69
8974,4.27,4.69
8976,4.28,4.69
8977,4.27,4.69
8978,4.27,4.69
8979,4.27,4.69
8980,4.27,4.69
8981,4.27,4.69
8982,4.27,4.69
8983,4.27,4.69
8985,4.27,4.69
8986,4.27,4.69
8987,4.27,4.69
8988,4.27,4.69
8989,4.27,4.69
8990,4.27,4.69
8991,4.27,4.69
8992,4.27,4.69
8994,4.27,4.69
8995,4.27,4.69
8996,4.27,4.69
8997,4.27,4.69
8998,4.27,4.69
8999,4.27,4.69
9000,4.27,4.69
9001,4.27,4.69
9004,4.27,4.69
9005,4.27,4.69
9006,4.27,4.69
9007,4.27,4.69
9008,4.27,4.69
9009,4.27,4.69
9010,4.27,4.69
9011,4.27,4.69
9013,4.27,4.69
9014,4.27,4.69
9015,4.27,4.69
9016,4.27,4.69
9017,4.27,4.69
9018,4.27,4.69
9019,4.27,4.69
9021,4.28,4.69
9022,4.27,4.69
9023,4.27,4.69
9024,4.27,4.69
9025,4.27,4.69
9026,4.27,4.69
9027,4.27,4.69
9028,4.27,4.69
9030,4.27,4.69
9031,4.27,4.69
9032,4.27,4.69
9033,4.27,4.69
9034,4.27,4.69
9035,4.27,4.69
9036,4.27,4.69
9037,4.27,4.69
9039,4.27,4.69
9040,4.27,4.69
9041,4.27,4.69
9042,4.27,4.69
9043,4.27,4.69
9044,4.27,4.69
9046,4.27,4.69
9047,4.27,4.69
9049,4.27,4.69
9050,4.27,4.69
9051,4.27,4.69
9052,4.27,4.69
9053,4.27,4.69
9054,4.27,4.69
9055,4.27,4.69
9056,4.27,4.69
9058,4.27,4.69
9059,4.27,4.69
9060,4.27,4.69
9061,4.27,4.69
9062,4.27,4.69
9063,4.27,4.69
9064,4.27,4.69
9065,4.27,4.69
9067,4.27,4.69
9068,4.27,4.69
9069,4.27,4.69
9070,4.27,4.69
9071,4.27,4.69
9072,4.27,4.69
9073,4.27,4.69
9074,4.27,4.69
9076,4.27,4.69
9077,4.27,4.69
9078,4.27,4.69
9079,4.27,4.69
9080,4.27,4.69
9081,4.27,4.69
9082,4.27,4.69
9083,4.27,4.69
9085,4.27,4.69
9086,4.27,4.69
9088,4.27,4.69
9089,4.27,4.69
9090,4.27,4.69
9091,4.27,4.69
9092,4.27,4.69
9093,4.28,4.69
9095,4.28,4.69
9096,4.27,4.69
9097,4.27,4.69
9098,4.28,4.69
9099,4.28,4.69
9100,4.28,4.69
9101,4.28,4.69
9102,4.28,4.69
9104,4.28,4.69
9105,4.28,4.69
9106,4.27,4.69
9107,4.27,4.69
9108,4.27,4.69
9109,4.27,4.69
9110,4.28,4.69
9111,4.27,4.69
9113,4.27,4.69
9114,4.27,4.69
9115,4.27,4.69
9116,4.27,4.69
9117,4.27,4.69
9118,4.27,4.69
9119,4.27,4.69
9120,4.27,4.69
9122,4.27,4.69
9123,4.27,4.69
9124,4.27,4.69
9125,4.28,4.69
9126,4.27,4.69
9127,4.27,4.69
9128,4.27,4.69
9129,4.27,4.69
9132,4.28,4.69
9133,4.27,4.69
9134,4.27,4.69
9135,4.27,4.69
9136,4.27,4.69
9137,4.27,4.69
9138,4.27,4.69
9139,4.27,4.69
9141,4.27,4.69
9142,4.27,4.69
9143,4.27,4.69
9144,4.28,4.69
9145,4.27,4.69
9146,4.28,4.69
9147,4.27,4.70
9148,4.27,4.69
9150,4.27,4.69
9151,4.27,4.69
9152,4.28,4.69
9153,4.27,4.69
9154,4.27,4.70
9155,4.27,4.69
9156,4.28,4.69
9157,4.27,4.69
9159,4.27,4.69
9160,4.28,4.69
9161,4.27,4.69
9162,4.27,4.69
9163,4.27,4.69
9164,4.27,4.69
9165,4.27,4.70
9166,4.27,4.70
9168,4.27,4.70
9169,4.27,4.70
9170,4.27,4.69
9171,4.28,4.69
9172,4.27,4.70
9174,4.28,4.70
9175,4.28,4.70
9176,4.28,4.69
9178,4.28,4.69
9179,4.28,4.69
9180,4.28,4.69
9181,4.28,4.69
9182,4.28,4.70
9183,4.28,4.69
9184,4.27,4.70
9185,4.27,4.70
9187,4.28,4.69
9188,4.27,4.69
9189,4.28,4.69
9190,4.28,4.69
9191,4.28,4.69
9192,4.28,4.70
9193,4.28,4.70
9194,4.28,4.69
9196,4.28,4.69
9197,4.28,4.69
9198,4.28,4.69
9199,4.28,4.70
9200,4.28,4.70
9201,4.28,4.69
9202,4.28,4.69
9203,4.28,4.69
9205,4.28,4.69
9206,4.28,4.69
9207,4.28,4.69
9208,4.28,4.69
9209,4.28,4.69
9210,4.28,4.69
9211,4.28,4.69
9212,4.28,4.69
9214,4.28,4.69
9216,4.28,4.69
9217,4.28,4.69
9218,4.28,4.69
9219,4.28,4.70
9220,4.28,4.69
9221,4.28,4.69
9222,4.28,4.69
9224,4.28,4.69
9225,4.28,4.69
9226,4.28,4.69
9227,4.28,4.69
9228,4.28,4.69
9229,4.28,4.69
9230,4.28,4.69
9231,4.28,4.69
9233,4.28,4.69
9234,4.28,4.69
9235,4.28,4.70
9236,4.28,4.70
9237,4.28,4.70
9238,4.28,4.70
9239,4.28,4.69
9240,4.28,4.70
9242,4.28,4.70
9243,4.28,4.70
9244,4.28,4.70
9245,4.28,4.70
9246,4.28,4.70
9247,4.28,4.70
9248,4.28,4.70
9249,4.28,4.70
9251,4.28,4.70
9252,4.28,4.70
9253,4.28,4.70
9254,4.28,4.70
9255,4.28,4.70
9256,4.28,4.70
9257,4.28,4.70
9259,4.28,4.70
9261,4.28,4.70
9262,4.28,4.70
9263,4.28,4.70
9264,4.28,4.70
9265,4.28,4.70
9266,4.28,4.70
9267,4.28,4.70
9268,4.28,4.70
9270,4.28,4.70
9271,4.28,4.70
9272,4.28,4.70
9273,4.28,4.70
9274,4.28,4.70
9275,4.28,4.70
9276,4.28,4.70
9277,4.28,4.70
9279,4.28,4.70
9280,4.28,4.70
9281,4.28,4.70
9282,4.28,4.70
9283,4.28,4.70
9284,4.28,4.70
9285,4.28,4.70
9286,4.28,4.70
9288,4.28,4.70
9289,4.28,4.70
9290,4.28,4.70
9291,4.28,4.70
9292,4.28,4.70
9293,4.28,4.70
9294,4.29,4.70
9295,4.28,4.70
9297,4.28,4.70
9298,4.28,4.70
9299,4.28,4.70
9300,4.28,4.70
9302,4.28,4.70
9303,4.28,4.70
9304,4.28,4.70
9305,4.28,4.70
9307,4.28,4.70
9308,4.28,4.70
9309,4.28,4.70
9310,4.28,4.70
9311,4.28,4.70
9312,4.28,4.70
9313,4.28,4.70
9314,4.28,4.70
9316,4.28,4.70
9317,4.28,4.70
9318,4.28,4.70
9319,4.28,4.70
9320,4.28,4.70
9321,4.28,4.70
9322,4.28,4.70
9323,4.28,4.70
9325,4.28,4.70
9326,4.29,4.70
9327,4.29,4.70
9328,4.28,4.70
9329,4.29,4.70
9330,4.28,4.70
9331,4.28,4.70
9332,4.28,4.70
9334,4.28,4.70
9335,4.29,4.70
9336,4.28,4.70
9337,4.29,4.70
9338,4.29,4.70
9339,4.29,4.70
9340,4.29,4.70
9341,4.29,4.70
9344,4.28,4.70
9345,4.29,4.70
9346,4.29,4.70
9347,4.28,4.70
9348,4.29,4.70
9349,4.29,4.70
9350,4.29,4.70
9351,4.29,4.70
9353,4.29,4.70
9354,4.29,4.70
9355,4.29,4.70
9356,4.29,4.71
9357,4.29,4.71
9358,4.29,4.71
9359,4.29,4.70
9360,4.29,4.71
9362,4.29,4.71
9363,4.29,4.71
9364,4.29,4.71
9365,4.29,4.71
9366,4.29,4.71
9367,4.29,4.71
9368,4.29,4.71
9370,4.29,4.71
9371,4.29,4.71
9372,4.29,4.71
9373,4.29,4.71
9374,4.29,4.71
9375,4.29,4.70
9376,4.29,4.71
9377,4.29,4.71
9379,4.29,4.71
9380,4.29,4.71
9381,4.29,4.71
9382,4.29,4.71
9383,4.29,4.70
9384,4.29,4.71
9385,4.29,4.71
9388,4.29,4.71
9389,4.29,4.71
9390,4.29,4.70
9391,4.29,4.71
9392,4.29,4.71
9393,4.29,4.71
9394,4.29,4.71
9395,4.29,4.71
9397,4.29,4.71
9398,4.29,4.71
9399,4.29,4.71
9400,4.29,4.71
9401,4.29,4.71
9402,4.29,4.71
9403,4.29,4.71
9405,4.29,4.71
9406,4.29,4.71
9407,4.29,4.71
9408,4.29,4.71
9409,4.29,4.71
9410,4.29,4.71
9411,4.29,4.71
9412,4.29,4.71
9414,4.29,4.71
9415,4.29,4.71
9416,4.29,4.71
9417,4.29,4.70
9418,4.29,4.71
9419,4.29,4.71
9420,4.29,4.71
9422,4.29,4.71
9423,4.29,4.71
9424,4.29,4.71
9425,4.29,4.71
9426,4.29,4.71
9427,4.29,4.71
9428,4.29,4.71
9430,4.29,4.71
9432,4.29,4.71
9433,4.29,4.71
9434,4.29,4.71
9435,4.29,4.71
9436,4.29,4.71
9437,4.29,4.71
9438,4.29,4.71
9440,4.29,4.71
9441,4.29,4.71
9442,4.29,4.71
9443,4.29,4.71
9444,4.29,4.71
9445,4.29,4.71
9446,4.29,4.71
9447,4.29,4.71
9449,4.29,4.71
9450,4.29,4.71
9451,4.29,4.71
9452,4.29,4.71
9453,4.29,4.71
9454,4.29,4.71
9455,4.29,4.71
9457,4.29,4.71
9458,4.29,4.71
9459,4.29,4.70
9460,4.29,4.71
9461,4.29,4.71
9462,4.29,4.71
9463,4.29,4.71
9464,4.29,4.71
9466,4.29,4.71
9467,4.29,4.71
9468,4.29,4.71
9469,4.29,4.71
9470,4.29,4.71
9472,4.29,4.71
9473,4.29,4.71
9475,4.29,4.71
9476,4.29,4.70
9477,4.29,4.70
9478,4.29,4.70
9479,4.29,4.71
9480,4.29,4.70
9481,4.29,4.70
9482,4.29,4.71
9484,4.29,4.71
9485,4.29,4.71
9486,4.29,4.71
9487,4.29,4.71
9488,4.29,4.71
9489,4.29,4.71
9490,4.29,4.71
9492,4.29,4.71
9493,4.29,4.71
9494,4.29,4.71
9495,4.29,4.71
9496,4.29,4.71
9497,4.29,4.71
9498,4.29,4.71
9499,4.29,4.71
9501,4.29,4.71
9502,4.29,4.71
9503,4.29,4.71
9504,4.29,4.71
9505,4.29,4.71
9506,4.29,4.71
9507,4.29,4.71
9509,4.29,4.71
9510,4.29,4.71
9511,4.29,4.71
9512,4.29,4.71
9513,4.29,4.71
9515,4.29,4.71
9516,4.29,4.71
9517,4.29,4.71
9519,4.29,4.71
9520,4.29,4.71
9521,4.29,4.71
9522,4.29,4.71
9523,4.29,4.71
9524,4.29,4.71
9525,4.29,4.71
9527,4.29,4.71
9528,4.29,4.71
9529,4.29,4.71
9530,4.29,4.71
9531,4.29,4.71
9532,4.29,4.71
9533,4.29,4.71
9534,4.29,4.71
9536,4.29,4.71
9537,4.29,4.71
9538,4.29,4.71
9539,4.29,4.71
9540,4.29,4.71
9541,4.29,4.71
9542,4.29,4.71
9544,4.29,4.71
9545,4.29,4.71
9546,4.29,4.71
9547,4.29,4.71
9548,4.29,4.71
9549,4.29,4.71
9550,4.29,4.71
9551,4.29,4.71
9553,4.29,4.71
9554,4.29,4.71
9555,4.29,4.71
9556,4.29,4.71
9558,4.29,4.71
9559,4.29,4.71
9560,4.29,4.71
9562,4.29,4.71
9563,4.29,4.71
9564,4.29,4.71
9565,4.29,4.71
9566,4.29,4.71
9567,4.29,4.71
9568,4.29,4.71
9570,4.29,4.71
9571,4.29,4.71
9572,4.29,4.71
9573,4.29,4.71
9574,4.29,4.71
9575,4.29,4.71
9576,4.29,4.71
9577,4.29,4.71
9579,4.29,4.71
9580,4.29,4.71
9581,4.29,4.71
9582,4.29,4.71
9583,4.29,4.71
9584,4.29,4.71
9585,4.29,4.71
9587,4.29,4.71
9588,4.29,4.71
9589,4.29,4.71
9590,4.29,4.70
9591,4.29,4.71
9592,4.29,4.71
9593,4.29,4.71
9594,4.29,4.71
9596,4.29,4.71
9597,4.29,4.71
9598,4.29,4.71
9600,4.29,4.71
9601,4.29,4.71
9602,4.29,4.71
9603,4.29,4.71
9605,4.29,4.71
9606,4.29,4.71
9607,4.29,4.71
9608,4.29,4.71
9609,4.29,4.71
9610,4.29,4.71
9611,4.29,4.71
9612,4.29,4.71
9614,4.29,4.71
9615,4.29,4.71
9616,4.29,4.71
9617,4.29,4.71
9618,4.29,4.71
9619,4.29,4.71
9620,4.29,4.71
9621,4.29,4.71
9623,4.29,4.71
9624,4.29,4.71
9625,4.29,4.71
9626,4.29,4.71
9627,4.29,4.71
9628,4.29,4.71
9629,4.30,4.71
9630,4.29,4.71
9632,4.29,4.71
9633,4.29,4.71
9634,4.29,4.71
9635,4.29,4.71
9636,4.29,4.71
9637,4.29,4.71
9638,4.29,4.71
9639,4.29,4.71
9641,4.29,4.71
9643,4.29,4.71
9644,4.29,4.71
9645,4.29,4.71
9646,4.29,4.71
9647,4.29,4.71
9648,4.29,4.71
9649,4.29,4.71
9651,4.29,4.71
9652,4.29,4.71
9653,4.29,4.71
9654,4.29,4.71
9655,4.30,4.71
9656,4.30,4.71
9657,4.29,4.71
9658,4.29,4.71
9660,4.29,4.71
9661,4.29,4.71
9662,4.29,4.71
9663,4.29,4.71
9664,4.29,4.71
9665,4.29,4.71
9666,4.29,4.71
9667,4.29,4.71
9669,4.29,4.71
9670,4.29,4.71
9671,4.30,4.71
9672,4.30,4.71
9673,4.30,4.71
9674,4.30,4.71
9675,4.30,4.71
9677,4.30,4.71
9678,4.30,4.71
9679,4.30,4.71
9680,4.29,4.71
9681,4.29,4.71
9682,4.29,4.71
9683,4.29,4.71
9684,4.29,4.71
9687,4.29,4.71
9688,4.29,4.70
9689,4.29,4.71
9690,4.29,4.71
9691,4.29,4.71
9692,4.29,4.71
9693,4.29,4.71
9694,4.29,4.71
9696,4.29,4.71
9697,4.29,4.71
9698,4.29,4.71
9699,4.29,4.71
9700,4.29,4.71
9701,4.29,4.71
9702,4.29,4.71
9703,4.29,4.71
9705,4.29,4.71
9706,4.29,4.71
9707,4.29,4.71
9708,4.29,4.71
9709,4.29,4.71
9710,4.29,4.71
9711,4.29,4.71
9712,4.29,4.71
9714,4.29,4.71
9715,4.29,4.71
9716,4.29,4.71
9717,4.29,4.71
9718,4.29,4.71
9719,4.29,4.71
9720,4.29,4.71
9721,4.29,4.71
9723,4.29,4.71
9724,4.30,4.71
9725,4.29,4.71
9726,4.29,4.71
9728,4.29,4.71
9729,4.29,4.71
9730,4.29,4.71
9731,4.29,4.71
9733,4.29,4.71
9734,4.29,4.71
9735,4.29,4.71
9736,4.29,4.71
9737,4.30,4.71
9738,4.30,4.71
9739,4.29,4.71
9740,4.29,4.71
9742,4.29,4.71
9743,4.29,4.71
9744,4.29,4.71
9745,4.29,4.71
9746,4.29,4.71
9747,4.29,4.71
9748,4.29,4.71
9749,4.29,4.71
9751,4.30,4.71
9752,4.30,4.71
9753,4.30,4.71
9754,4.30,4.70
9755,4.30,4.70
9756,4.30,4.70
9757,4.30,4.70
9758,4.30,4.70
9760,4.29,4.70
9761,4.29,4.70
9762,4.29,4.70
9763,4.29,4.70
9764,4.29,4.70
9765,4.29,4.71
9766,4.29,4.71
9767,4.29,4.71
9768,4.29,4.71
9771,4.29,4.71
9772,4.29,4.71
9773,4.29,4.71
9774,4.30,4.71
9775,4.30,4.70
9776,4.30,4.71
9777,4.30,4.70
9778,4.29,4.71
9780,4.29,4.70
9781,4.30,4.70
9782,4.29,4.70
9783,4.30,4.70
9784,4.29,4.70
9785,4.29,4.70
9786,4.29,4.70
9787,4.29,4.70
9789,4.29,4.70
9790,4.29,4.70
9791,4.30,4.70
9792,4.29,4.70
9793,4.29,4.70
9794,4.29,4.70
9795,4.29,4.71
9796,4.29,4.71
9798,4.29,4.71
9799,4.29,4.70
9800,4.30,4.70
9801,4.29,4.70
9802,4.30,4.70
9803,4.30,4.70
9804,4.30,4.70
9805,4.30,4.71
9806,4.29,4.70
9808,4.29,4.70
9809,4.29,4.70
9810,4.29,4.70
9811,4.29,4.70
9812,4.29,4.71
9814,4.29,4.71
9815,4.29,4.71
9816,4.29,4.70
9818,4.29,4.71
9819,4.29,4.71
9820,4.29,4.71
9821,4.29,4.70
9822,4.29,4.71
9823,4.29,4.70
9824,4.29,4.70
9826,4.29,4.70
9827,4.30,4.70
9828,4.30,4.70
9829,4.30,4.70
9830,4.29,4.71
9831,4.29,4.70
9832,4.29,4.70
9833,4.30,4.70
9834,4.30,4.71
9836,4.30,4.70
9837,4.30,4.70
9838,4.30,4.70
9839,4.30,4.70
9840,4.30,4.70
9841,4.30,4.70
9842,4.30,4.70
9843,4.30,4.70
9845,4.30,4.70
9846,4.30,4.70
9847,4.30,4.70
9848,4.30,4.70
9849,4.30,4.70
9850,4.30,4.70
9851,4.30,4.70
9852,4.30,4.70
9853,4.30,4.70
9856,4.30,4.70
9857,4.30,4.70
9858,4.30,4.70
9859,4.30,4.70
9860,4.30,4.70
9861,4.30,4.70
9862,4.30,4.70
9863,4.30,4.70
9865,4.29,4.70
9866,4.30,4.70
9867,4.29,4.70
9868,4.29,4.70
9869,4.29,4.70
9870,4.29,4.70
9871,4.29,4.70
9872,4.29,4.70
9874,4.29,4.70
9875,4.29,4.70
9876,4.29,4.70
9877,4.29,4.70
9878,4.29,4.70
9879,4.29,4.70
9880,4.29,4.70
9881,4.29,4.70
9883,4.29,4.70
9884,4.29,4.70
9885,4.29,4.70
9886,4.29,4.70
9887,4.29,4.70
9888,4.29,4.70
9889,4.29,4.70
9890,4.29,4.70
9892,4.29,4.70
9893,4.29,4.70
9894,4.29,4.70
9895,4.29,4.70
9896,4.29,4.70
9897,4.29,4.70
9899,4.29,4.69
9900,4.29,4.69
9902,4.29,4.69
9903,4.29,4.69
9904,4.29,4.69
9905,4.29,4.69
9906,4.29,4.69
9907,4.29,4.69
9908,4.29,4.69
9909,4.29,4.69
9911,4.28,4.69
9912,4.28,4.69
9913,4.28,4.69
9914,4.28,4.69
9915,4.28,4.69
9916,4.28,4.69
9917,4.28,4.69
9918,4.28,4.69
9920,4.28,4.68
9921,4.28,4.68
9922,4.29,4.68
9923,4.28,4.68
9924,4.29,4.68
9925,4.28,4.68
9926,4.28,4.68
9927,4.28,4.68
9929,4.28,4.68
9930,4.28,4.68
9931,4.28,4.68
9932,4.28,4.68
9933,4.27,4.68
9934,4.27,4.68
9935,4.27,4.68
9937,4.27,4.68
9938,4.27,4.68
9939,4.27,4.68
9940,4.27,4.68
9942,4.27,4.68
9943,4.27,4.68
9944,4.27,4.68
9945,4.27,4.68
9947,4.27,4.68
9948,4.27,4.68
9949,4.27,4.68
9950,4.27,4.68
9951,4.27,4.68
9952,4.27,4.68
9953,4.27,4.68
9955,4.27,4.68
9956,4.27,4.68
9957,4.27,4.68
9958,4.27,4.68
9959,4.27,4.67
9960,4.27,4.68
9961,4.27,4.68
9962,4.27,4.68
9964,4.27,4.68
9965,4.27,4.68
9966,4.27,4.68
9967,4.27,4.67
9968,4.27,4.67
9969,4.27,4.67
9970,4.27,4.67
9972,4.27,4.67
9973,4.27,4.67
9974,4.28,4.67
9975,4.28,4.67
9976,4.28,4.67
9977,4.28,4.67
9978,4.28,4.67
9979,4.28,4.67
9981,4.28,4.67
9982,4.28,4.67
9984,4.27,4.67
9985,4.27,4.67
9986,4.27,4.67
9987,4.27,4.68
9988,4.28,4.68
9989,4.27,4.67
9991,4.27,4.68
9992,4.27,4.68
9993,4.27,4.68
9994,4.27,4.68
9995,4.27,4.68
9996,4.27,4.68
9997,4.27,4.68
9998,4.27,4.68
10000,4.27,4.68
10001,4.27,4.68
10002,4.27,4.68
10003,4.27,4.68
10004,4.28,4.68
10006,4.27,4.68
10007,4.28,4.68
10008,4.27,4.68
10009,4.27,4.68
10010,4.27,4.68
10011,4.27,4.68
10013,4.27,4.68
10014,4.27,4.68
10015,4.27,4.68
10016,4.27,4.68
10017,4.27,4.68
10019,4.28,4.68
10020,4.28,4.68
10021,4.27,4.68
10022,4.28,4.68
10023,4.28,4.68
10025,4.28,4.68
10027,4.28,4.68
10028,4.28,4.68
10029,4.28,4.68
10030,4.28,4.68
10031,4.28,4.68
10033,4.28,4.68
10034,4.28,4.68
10035,4.28,4.68
10036,4.28,4.68
10037,4.28,4.68
10038,4.28,4.68
10040,4.28,4.68
10041,4.28,4.68
10042,4.28,4.68
10043,4.28,4.68
10044,4.28,4.68
10046,4.28,4.68
10047,4.28,4.68
10048,4.28,4.68
10049,4.28,4.68
10050,4.28,4.68
10052,4.28,4.68
10053,4.28,4.68
10054,4.28,4.68
10055,4.28,4.68
10056,4.28,4.68
10057,4.28,4.68
10059,4.28,4.68
10060,4.28,4.68
10061,4.28,4.68
10062,4.28,4.68
10063,4.28,4.68
10065,4.28,4.68
10066,4.28,4.68
10067,4.28,4.68
10068,4.28,4.68
10070,4.28,4.68
10071,4.28,4.68
10073,4.28,4.68
10074,4.28,4.68
10075,4.28,4.68
10076,4.28,4.68
10077,4.28,4.68
10079,4.28,4.68
10080,4.28,4.68
10081,4.28,4.68
10082,4.28,4.68
10083,4.28,4.68
10084,4.28,4.68
10086,4.28,4.68
10087,4.28,4.68
10088,4.28,4.69
10089,4.28,4.68
10090,4.28,4.68
10091,4.28,4.69
10093,4.28,4.68
10094,4.28,4.68
10095,4.28,4.69
10096,4.28,4.69
10097,4.28,4.69
10099,4.28,4.69
10100,4.28,4.69
10101,4.28,4.69
10102,4.28,4.69
10103,4.28,4.69
10105,4.28,4.69
10106,4.28,4.69
10107,4.29,4.69
10108,4.28,4.69
10109,4.29,4.69
10110,4.29,4.69
10113,4.29,4.69
10114,4.29,4.69
10115,4.29,4.69
10116,4.29,4.69
10117,4.28,4.69
10119,4.29,4.69
10120,4.28,4.69
10121,4.28,4.69
10122,4.28,4.69
10123,4.28,4.69
10125,4.28,4.69
10126,4.28,4.69
10127,4.28,4.69
10128,4.28,4.69
10129,4.28,4.69
10130,4.28,4.69
10132,4.28,4.69
10133,4.28,4.69
10134,4.28,4.69
10135,4.28,4.69
10136,4.28,4.69
10138,4.28,4.69
10139,4.28,4.69
10140,4.28,4.69
10141,4.29,4.69
10142,4.29,4.69
10143,4.29,4.69
10145,4.29,4.69
10146,4.29,4.69
10147,4.29,4.69
10148,4.29,4.69
10149,4.29,4.69
10151,4.29,4.69
10152,4.29,4.69
10153,4.29,4.69
10155,4.29,4.69
10156,4.29,4.69
10157,4.29,4.69
10159,4.29,4.69
10160,4.29,4.69
10161,4.29,4.69
10162,4.29,4.70
10163,4.28,4.70
10164,4.29,4.70
10166,4.29,4.70
10167,4.29,4.70
10168,4.29,4.70
10169,4.29,4.70
10170,4.29,4.70
10172,4.29,4.70
10173,4.29,4.70
10174,4.29,4.70
10175,4.29,4.70
10176,4.29,4.70
10177,4.29,4.70
10179,4.29,4.70
10180,4.29,4.70
10181,4.29,4.70
10182,4.29,4.70
10183,4.29,4.70
10184,4.29,4.70
10186,4.29,4.70
10187,4.29,4.70
10188,4.29,4.70
10189,4.29,4.70
10190,4.29,4.70
10191,4.29,4.70
10193,4.29,4.70
10194,4.29,4.70
10195,4.29,4.70
10196,4.29,4.70
10198,4.29,4.71
10199,4.29,4.71
10201,4.29,4.71
10202,4.29,4.71
10203,4.29,4.71
10204,4.29,4.71
10205,4.29,4.71
10207,4.29,4.71
10208,4.29,4.71
10209,4.29,4.71
10210,4.29,4.71
10211,4.29,4.71
10212,4.29,4.71
10214,4.29,4.71
10215,4.29,4.71
10216,4.29,4.71
10217,4.29,4.71
10218,4.29,4.72
10220,4.29,4.71
10221,4.29,4.71
10222,4.29,4.71
10223,4.30,4.72
10224,4.30,4.72
10225,4.30,4.72
10227,4.30,4.72
10228,4.30,4.72
10229,4.30,4.72
10230,4.30,4.72
10231,4.30,4.72
10233,4.30,4.72
10234,4.30,4.72
10235,4.29,4.72
10236,4.30,4.72
10237,4.30,4.72
10238,4.30,4.72
10241,4.30,4.72
10242,4.30,4.72
10243,4.30,4.72
10244,4.30,4.72
10245,4.30,4.72
10247,4.30,4.73
10248,4.30,4.73
10249,4.30,4.73
10250,4.30,4.73
10251,4.30,4.73
10252,4.30,4.73
10254,4.30,4.73
10255,4.30,4.73
10256,4.30,4.73
10257,4.30,4.73
10258,4.30,4.73
10259,4.30,4.74
10261,4.30,4.74
10262,4.30,4.74
10263,4.30,4.74
10264,4.30,4.74
10265,4.30,4.74
10266,4.30,4.74
10268,4.30,4.74
10269,4.30,4.74
10270,4.30,4.74
10271,4.30,4.74
10272,4.30,4.74
10274,4.30,4.74
10275,4.30,4.74
10276,4.30,4.75
10277,4.30,4.75
10278,4.30,4.75
10279,4.30,4.75
10281,4.30,4.75
10283,4.30,4.75
10284,4.30,4.75
10285,4.30,4.75
10286,4.30,4.75
10287,4.30,4.75
10289,4.30,4.76
10290,4.30,4.76
10291,4.30,4.76
10292,4.30,4.76
10293,4.30,4.76
10295,4.30,4.76
10296,4.30,4.77
10297,4.30,4.77
10298,4.30,4.77
10299,4.30,4.77
10300,4.30,4.78
10302,4.30,4.78
10303,4.30,4.78
10304,4.30,4.78
10305,4.30,4.78
10306,4.30,4.78
10308,4.30,4.78
10309,4.30,4.78
10310,4.30,4.79
10311,4.30,4.79
10312,4.30,4.79
10313,4.30,4.79
10315,4.30,4.79
10316,4.30,4.80
10317,4.30,4.80
10318,4.30,4.80
10319,4.30,4.81
10320,4.30,4.81
10322,4.30,4.81
10323,4.30,4.81
10324,4.30,4.82
10326,4.30,4.82
10327,4.30,4.82
10328,4.30,4.83
10330,4.30,4.83
10331,4.30,4.83
10332,4.30,4.84
10333,4.30,4.84
10334,4.30,4.84
10335,4.30,4.84
10337,4.30,4.85
10338,4.30,4.85
10339,4.30,4.85
10340,4.29,4.85
10341,4.29,4.86
10343,4.29,4.86
10344,4.29,4.86
10345,4.29,4.86
10346,4.29,4.86
10347,4.29,4.87
10348,4.29,4.87
10350,4.29,4.87
10351,4.29,4.87
10352,4.29,4.88
10353,4.29,4.88
10354,4.29,4.88
10355,4.29,4.88
10357,4.29,4.88
10358,4.29,4.89
10359,4.29,4.89
10360,4.29,4.89
10361,4.29,4.89
10363,4.29,4.89
10364,4.29,4.89
10365,4.28,4.89
10366,4.29,4.90
10368,4.29,4.90
10369,4.29,4.90
10371,4.28,4.90
10372,4.29,4.90
10373,4.29,4.90
10374,4.29,4.90
10375,4.29,4.91
10376,4.29,4.91
10378,4.29,4.91
10379,4.29,4.91
10380,4.29,4.91
10381,4.29,4.91
10382,4.29,4.91
10384,4.29,4.91
10385,4.29,4.92
10386,4.29,4.92
10387,4.29,4.92
10388,4.29,4.92
10389,4.29,4.92
10391,4.29,4.92
10392,4.29,4.92
10393,4.29,4.92
10394,4.29,4.92
10395,4.29,4.92
10397,4.29,4.92
10398,4.29,4.93
10399,4.29,4.93
10400,4.29,4.93
10401,4.29,4.93
10402,4.29,4.93
10404,4.29,4.93
10405,4.29,4.93
10406,4.29,4.93
10407,4.29,4.93
10408,4.29,4.93
10411,4.29,4.93
10412,4.29,4.93
10413,4.29,4.93
10414,4.29,4.93
10415,4.29,4.94
10416,4.29,4.93
10418,4.29,4.94
10419,4.29,4.94
10420,4.29,4.93
10421,4.29,4.94
10422,4.29,4.94
10424,4.29,4.94
10425,4.29,4.94
10426,4.29,4.94
10427,4.29,4.94
10428,4.30,4.94
10429,4.29,4.94
10431,4.29,4.94
10432,4.29,4.94
10433,4.29,4.94
10434,4.29,4.94
10435,4.30,4.94
10436,4.30,4.94
10438,4.30,4.94
10439,4.30,4.94
10440,4.30,4.94
10441,4.30,4.94
10442,4.30,4.94
10444,4.30,4.94
10445,4.30,4.95
10446,4.30,4.94
10447,4.30,4.95
10448,4.30,4.94
10449,4.30,4.95
10451,4.30,4.94
10452,4.30,4.95
10454,4.30,4.95
10455,4.30,4.95
10456,4.30,4.95
10457,4.30,4.95
10459,4.30,4.95
10460,4.30,4.95
10461,4.30,4.95
10462,4.30,4.95
10463,4.30,4.95
10465,4.30,4.95
10466,4.30,4.95
10467,4.29,4.95
10468,4.30,4.95
10469,4.30,4.95
10470,4.30,4.95
10472,4.30,4.95
10473,4.30,4.95
10474,4.30,4.95
10475,4.30,4.95
10476,4.30,4.95
10478,4.30,4.95
10479,4.30,4.95
10480,4.30,4.95
10481,4.30,4.95
10482,4.30,4.95
10483,4.30,4.95
10485,4.30,4.95
10486,4.30,4.95
10487,4.30,4.95
10488,4.30,4.95
10489,4.30,4.95
10490,4.30,4.95
10492,4.30,4.95
10493,4.30,4.95
10494,4.30,4.95
10496,4.30,4.95
10497,4.30,4.95
10499,4.30,4.95
10500,4.30,4.95
10501,4.30,4.95
10502,4.30,4.95
10503,4.30,4.95
10504,4.30,4.95
10506,4.30,4.95
10507,4.30,4.95
10508,4.30,4.95
10509,4.30,4.95
10510,4.30,4.95
10512,4.30,4.95
10513,4.30,4.95
10514,4.30,4.95
10515,4.30,4.95
10516,4.30,4.95
10517,4.30,4.95
10519,4.30,4.95
10520,4.30,4.95
10521,4.30,4.95
10522,4.30,4.95
10523,4.30,4.95
10524,4.30,4.95
10526,4.30,4.95
10527,4.30,4.95
10528,4.30,4.95
10529,4.30,4.95
10530,4.30,4.95
10532,4.30,4.95
10533,4.30,4.95
10534,4.30,4.95
10535,4.30,4.95
10536,4.30,4.95
10537,4.30,4.95
10540,4.30,4.95
10541,4.30,4.95
10542,4.30,4.95
10543,4.30,4.95
10544,4.30,4.95
10546,4.30,4.95
10547,4.30,4.95
10548,4.30,4.95
10549,4.30,4.95
10550,4.30,4.95
10551,4.30,4.95
10553,4.30,4.95
10554,4.30,4.95
10555,4.30,4.95
10556,4.30,4.95
10557,4.30,4.95
10559,4.30,4.95
10560,4.30,4.95
10561,4.30,4.95
10562,4.30,4.95
10563,4.30,4.95
10564,4.30,4.95
10566,4.30,4.95
10567,4.30,4.95
10568,4.30,4.95
10569,4.30,4.95
10570,4.30,4.95
10572,4.30,4.95
10573,4.30,4.95
10574,4.30,4.95
10575,4.30,4.95
10576,4.30,4.95
10577,4.30,4.95
10579,4.30,4.95
10580,4.30,4.95
10582,4.30,4.95
10583,4.30,4.95
10584,4.30,4.95
10585,4.30,4.95
10587,4.30,4.95
10588,4.30,4.95
10589,4.30,4.95
10590,4.30,4.95
10591,4.30,4.95
10593,4.30,4.95
10594,4.30,4.95
10595,4.30,4.95
10596,4.30,4.95
10597,4.30,4.95
10598,4.30,4.95
10600,4.30,4.95
10601,4.30,4.95
10602,4.30,4.95
10603,4.30,4.95
10604,4.30,4.95
10606,4.30,4.95
10607,4.30,4.95
10608,4.30,4.95
10609,4.30,4.95
10610,4.30,4.95
10611,4.30,4.95
10613,4.30,4.95
10614,4.30,4.95
10615,4.30,4.95
10616,4.30,4.95
10617,4.30,4.95
10619,4.30,4.95
10620,4.30,4.95
10621,4.30,4.95
10622,4.30,4.95
10624,4.30,4.95
10625,4.30,4.95
10627,4.30,4.95
10628,4.30,4.95
10629,4.30,4.95
10630,4.30,4.95
10631,4.30,4.95
10632,4.30,4.95
10634,4.30,4.95
10635,4.29,4.95
10636,4.30,4.95
10637,4.30,4.95
10638,4.30,4.95
10640,4.30,4.95
10641,4.30,4.95
10642,4.30,4.95
10643,4.30,4.95
10644,4.30,4.95
10645,4.30,4.95
10647,4.30,4.95
10648,4.30,4.95
10649,4.30,4.95
10650,4.30,4.95
10651,4.30,4.95
10652,4.30,4.95
10654,4.30,4.95
10655,4.30,4.95
10656,4.30,4.95
10657,4.30,4.95
10658,4.30,4.95
10660,4.30,4.95
10661,4.30,4.95
10662,4.30,4.95
10663,4.30,4.95
10664,4.30,4.95
10665,4.30,4.95
10668,4.30,4.95
10669,4.30,4.95
10670,4.30,4.95
10671,4.30,4.95
10672,4.30,4.95
10673,4.30,4.95
10675,4.30,4.95
10676,4.30,4.95
10677,4.30,4.95
10678,4.30,4.95
10679,4.30,4.95
10680,4.30,4.95
10682,4.30,4.95
10683,4.30,4.95
10684,4.30,4.96
10685,4.30,4.95
10686,4.30,4.95
10687,4.30,4.96
10689,4.29,4.95
10690,4.30,4.95
10691,4.30,4.95
10692,4.30,4.95
10693,4.30,4.95
10695,4.30,4.96
10696,4.30,4.95
10697,4.30,4.95
10698,4.29,4.95
10699,4.30,4.95
10700,4.29,4.95
10702,4.30,4.96
10703,4.29,4.95
10704,4.30,4.95
10705,4.30,4.95
10706,4.30,4.95
10707,4.30,4.96
10710,4.30,4.96
10711,4.30,4.96
10712,4.30,4.95
10713,4.30,4.96
10714,4.30,4.95
10716,4.29,4.95
10717,4.30,4.95
10718,4.30,4.95
10719,4.29,4.95
10720,4.30,4.95
10721,4.30,4.95
10723,4.30,4.95
10724,4.30,4.95
10725,4.30,4.96
10726,4.29,4.96
10727,4.30,4.96
10728,4.30,4.95
10730,4.30,4.95
10731,4.30,4.95
10732,4.30,4.95
10733,4.30,4.95
10734,4.30,4.96
10736,4.29,4.95
10737,4.29,4.95
10738,4.30,4.95
10739,4.30,4.95
10740,4.30,4.95
10741,4.29,4.95
10743,4.30,4.96
10744,4.29,4.96
10745,4.29,4.96
10746,4.29,4.95
10747,4.29,4.96
10748,4.29,4.95
10750,4.29,4.96
10752,4.29,4.96
10753,4.29,4.96
10754,4.29,4.96
10755,4.29,4.96
10757,4.29,4.96
10758,4.29,4.96
10759,4.29,4.95
10760,4.29,4.96
10761,4.29,4.96
10763,4.29,4.96
10764,4.29,4.95
10765,4.29,4.96
10766,4.29,4.96
10767,4.29,4.95
10768,4.29,4.96
10770,4.29,4.96
10771,4.29,4.96
10772,4.29,4.96
10773,4.29,4.96
10774,4.29,4.96
10776,4.29,4.95
10777,4.29,4.96
10778,4.29,4.96
10779,4.29,4.96
10780,4.29,4.95
10781,4.29,4.96
10783,4.29,4.96
10784,4.29,4.96
10785,4.29,4.96
10786,4.29,4.96
10787,4.29,4.96
10789,4.29,4.96
10790,4.29,4.95
10791,4.29,4.96
10792,4.29,4.95
10793,4.29,4.96
10796,4.29,4.95
10797,4.29,4.95
10798,4.29,4.95
10799,4.29,4.95
10800,4.29,4.95
10801,4.29,4.95
10803,4.29,4.94
10804,4.29,4.94
10805,4.29,4.94
10806,4.29,4.93
10807,4.29,4.93
10809,4.29,4.93
10810,4.29,4.93
10811,4.29,4.92
10812,4.29,4.92
10813,4.29,4.92
10814,4.28,4.91
10816,4.28,4.91
10817,4.28,4.91
10818,4.28,4.90
10819,4.28,4.90
10820,4.28,4.89
10821,4.28,4.89
10823,4.28,4.89
10824,4.28,4.88
10825,4.28,4.88
10826,4.27,4.87
10827,4.27,4.87
10829,4.27,4.87
10830,4.27,4.86
10831,4.27,4.86
10832,4.27,4.85
10833,4.27,4.85
10834,4.27,4.85
10836,4.27,4.84
10838,4.26,4.84
10839,4.26,4.83
10840,4.26,4.83
10841,4.26,4.82
10843,4.26,4.82
10844,4.26,4.82
10845,4.25,4.81
10846,4.26,4.81
10847,4.25,4.80
10848,4.25,4.80
10850,4.25,4.80
10851,4.25,4.79
10852,4.25,4.79
10853,4.25,4.78
10854,4.25,4.78
10856,4.25,4.78
10857,4.24,4.77
10858,4.25,4.77
10859,4.24,4.77
10860,4.24,4.76
10861,4.24,4.76
10863,4.24,4.76
10864,4.24,4.76
10865,4.24,4.75
10866,4.24,4.75
10867,4.24,4.74
10869,4.24,4.74
10870,4.24,4.74
10871,4.24,4.73
10872,4.24,4.73
10873,4.24,4.73
10874,4.24,4.72
10876,4.24,4.72
10877,4.24,4.72
10878,4.23,4.72
10880,4.23,4.71
10881,4.24,4.71
10883,4.24,4.71
10884,4.24,4.71
10885,4.23,4.71
10886,4.24,4.70
10887,4.24,4.70
10888,4.24,4.70
10890,4.24,4.69
10891,4.24,4.69
10892,4.24,4.69
10893,4.24,4.69
10894,4.24,4.69
10895,4.24,4.69
10897,4.24,4.69
10898,4.24,4.68
10899,4.24,4.68
10900,4.24,4.68
10901,4.24,4.68
10903,4.24,4.68
10904,4.24,4.68
10905,4.24,4.68
10906,4.24,4.67
10907,4.24,4.68
10909,4.24,4.67
10910,4.24,4.67
10911,4.24,4.67
10912,4.24,4.67
10913,4.24,4.67
10914,4.24,4.67
10916,4.25,4.67
10917,4.24,4.67
10918,4.24,4.67
10919,4.25,4.67
10920,4.25,4.67
10923,4.25,4.67
10924,4.25,4.67
10925,4.25,4.67
10926,4.25,4.67
10927,4.25,4.67
10928,4.25,4.67
10930,4.25,4.67
10931,4.25,4.66
10932,4.25,4.67
10933,4.25,4.67
10934,4.26,4.67
10935,4.26,4.67
10937,4.26,4.67
10938,4.26,4.67
10939,4.26,4.67
10940,4.26,4.67
10941,4.26,4.67
10943,4.26,4.67
10944,4.26,4.67
10945,4.26,4.67
10946,4.26,4.67
10947,4.26,4.67
10948,4.26,4.67
10950,4.26,4.68
10951,4.26,4.68
10952,4.26,4.68
10953,4.26,4.68
10954,4.27,4.68
10956,4.27,4.68
10957,4.27,4.68
10958,4.27,4.68
10959,4.27,4.68
10960,4.27,4.68
10961,4.27,4.68
10963,4.27,4.68
10964,4.27,4.68
10966,4.27,4.69
10967,4.27,4.69
10968,4.27,4.69
10970,4.27,4.69
10971,4.28,4.69
10972,4.28,4.69
10973,4.28,4.69
10974,4.28,4.69
10976,4.28,4.69
10977,4.28,4.69
10978,4.28,4.69
10979,4.28,4.70
10980,4.28,4.70
10981,4.28,4.70
10983,4.28,4.70
10984,4.28,4.70
10985,4.28,4.70
10986,4.28,4.70
10987,4.28,4.70
10988,4.28,4.70
10990,4.28,4.70
10991,4.28,4.71
10992,4.29,4.71
10993,4.29,4.71
10994,4.28,4.71
10996,4.28,4.71
10997,4.29,4.71
10998,4.29,4.72
10999,4.28,4.71
11000,4.28,4.72
11001,4.28,4.72
11003,4.29,4.72
11004,4.28,4.72
11005,4.28,4.72
11006,4.28,4.72
11008,4.28,4.73
11010,4.29,4.73
11011,4.28,4.73
11012,4.28,4.74
11013,4.28,4.74
11014,4.28,4.74
11015,4.28,4.74
11017,4.28,4.75
11018,4.28,4.75
11019,4.28,4.75
11020,4.28,4.75
11021,4.28,4.76
11023,4.28,4.76
11024,4.28,4.76
11025,4.28,4.77
11026,4.28,4.77
11027,4.28,4.77
11028,4.28,4.78
11030,4.28,4.78
11031,4.28,4.78
11032,4.28,4.79
11033,4.28,4.79
11034,4.28,4.79
11036,4.28,4.80
11037,4.27,4.80
11038,4.27,4.80
11039,4.27,4.81
11040,4.28,4.81
11041,4.28,4.81
11043,4.28,4.82
11044,4.27,4.82
11045,4.27,4.82
11046,4.27,4.83
11047,4.27,4.83
11048,4.27,4.83
11051,4.27,4.83
11052,4.27,4.84
11053,4.27,4.84
11054,4.27,4.84
11055,4.27,4.85
11057,4.27,4.85
11058,4.26,4.85
11059,4.26,4.85
11060,4.27,4.86
11061,4.26,4.86
11062,4.26,4.86
11064,4.26,4.86
11065,4.26,4.87
11066,4.26,4.87
11067,4.26,4.87
11068,4.26,4.87
11070,4.26,4.87
11071,4.26,4.88
11072,4.26,4.88
11073,4.26,4.88
11074,4.26,4.88
11075,4.26,4.88
11077,4.26,4.89
11078,4.26,4.89
11079,4.26,4.89
11080,4.26,4.89
11081,4.26,4.89
11083,4.26,4.90
11084,4.26,4.90
11085,4.26,4.90
11086,4.26,4.90
11087,4.26,4.90
11088,4.26,4.90
11090,4.26,4.90
11091,4.26,4.91
11092,4.26,4.91
11094,4.26,4.91
11095,4.27,4.91
11096,4.26,4.91
11098,4.26,4.91
11099,4.26,4.91
11100,4.27,4.91
11101,4.27,4.91
11102,4.27,4.92
11104,4.27,4.92
11105,4.27,4.92
11106,4.27,4.92
11107,4.27,4.92
11108,4.27,4.92
11109,4.27,4.92
11111,4.27,4.92
11112,4.27,4.92
11113,4.27,4.92
11114,4.27,4.92
11115,4.27,4.92
11117,4.27,4.93
11118,4.27,4.93
11119,4.27,4.93
11120,4.27,4.93
11121,4.27,4.93
11122,4.27,4.93
11124,4.27,4.93
11125,4.27,4.93
11126,4.27,4.93
11127,4.27,4.93
11128,4.27,4.93
11130,4.27,4.93
11131,4.27,4.93
11132,4.27,4.93
11133,4.27,4.93
11134,4.27,4.94
11136,4.27,4.94
11138,4.27,4.93
11139,4.27,4.94
11140,4.27,4.94
11141,4.27,4.94
11142,4.27,4.94
11144,4.27,4.94
11145,4.27,4.94
11146,4.27,4.94
11147,4.27,4.94
11148,4.27,4.94
11149,4.27,4.94
11151,4.27,4.94
11152,4.27,4.94
11153,4.27,4.94
11154,4.27,4.94
11155,4.27,4.94
11157,4.27,4.94
11158,4.28,4.94
11159,4.27,4.94
11160,4.27,4.94
11161,4.27,4.94
11162,4.27,4.95
11164,4.27,4.94
11165,4.27,4.94
11166,4.27,4.94
11167,4.27,4.95
11168,4.27,4.95
11170,4.27,4.95
11171,4.27,4.95
11172,4.27,4.94
11173,4.27,4.95
11174,4.27,4.95
11175,4.27,4.95
11177,4.27,4.95
11179,4.27,4.95
11180,4.27,4.95
11181,4.27,4.95
11182,4.27,4.95
11184,4.27,4.95
11185,4.27,4.95
11186,4.27,4.95
11187,4.27,4.95
11188,4.27,4.95
11190,4.27,4.95
11191,4.27,4.95
11192,4.27,4.95
11193,4.27,4.95
11194,4.27,4.95
11195,4.27,4.95
11197,4.27,4.95
11198,4.27,4.95
11199,4.27,4.95
11200,4.27,4.95
11201,4.27,4.95
11203,4.27,4.95
11204,4.27,4.95
11205,4.27,4.95
11206,4.27,4.95
11207,4.27,4.95
11208,4.27,4.95
11210,4.27,4.95
11211,4.27,4.95
11212,4.27,4.95
11213,4.27,4.95
11214,4.27,4.95
11216,4.27,4.95
11217,4.27,4.95
11218,4.27,4.95
11219,4.27,4.95
11220,4.27,4.95
11222,4.27,4.95
11224,4.27,4.95
11225,4.27,4.95
11226,4.27,4.95
11227,4.27,4.95
11228,4.27,4.95
11230,4.27,4.95
11231,4.27,4.95
11232,4.27,4.95
11233,4.27,4.95
11234,4.27,4.95
11235,4.27,4.95
11237,4.27,4.95
11238,4.27,4.95
11239,4.27,4.95
11240,4.27,4.95
11241,4.27,4.95
11243,4.27,4.95
11244,4.27,4.95
11245,4.27,4.95
11246,4.27,4.95
11247,4.27,4.95
11248,4.27,4.95
11250,4.27,4.95
11251,4.27,4.95
11252,4.27,4.95
11253,4.27,4.95
11254,4.27,4.95
11256,4.27,4.95
11257,4.27,4.95
11258,4.27,4.95
11259,4.27,4.95
11260,4.27,4.95
11261,4.27,4.95
11264,4.27,4.95
11265,4.27,4.95
11266,4.27,4.95
11267,4.27,4.95
11268,4.27,4.95
11270,4.27,4.95
11271,4.27,4.95
11272,4.27,4.95
11273,4.27,4.95
11274,4.27,4.95
11276,4.27,4.95
11277,4.27,4.95
11278,4.27,4.95
11279,4.27,4.95
11280,4.27,4.95
11281,4.27,4.95
11283,4.27,4.95
11284,4.27,4.95
11285,4.27,4.95
11286,4.27,4.95
11287,4.27,4.95
11289,4.27,4.95
11290,4.27,4.95
11291,4.27,4.95
11292,4.27,4.95
11293,4.27,4.95
11295,4.27,4.95
11296,4.27,4.95
11297,4.27,4.95
11298,4.27,4.95
11299,4.27,4.95
11300,4.27,4.95
11302,4.27,4.95
11303,4.27,4.95
11304,4.27,4.95
11305,4.27,4.95
11307,4.27,4.95
11309,4.27,4.95
11310,4.27,4.95
11311,4.27,4.95
11312,4.27,4.95
11313,4.27,4.95
11315,4.27,4.95
11316,4.27,4.95
11317,4.27,4.95
11318,4.27,4.95
11319,4.27,4.95
11320,4.27,4.95
11322,4.27,4.95
11323,4.27,4.95
11324,4.27,4.95
11325,4.27,4.95
11326,4.27,4.95
11328,4.27,4.95
11329,4.27,4.95
11330,4.27,4.95
11331,4.27,4.95
11332,4.27,4.95
11334,4.27,4.95
11335,4.27,4.95
11336,4.27,4.95
11337,4.27,4.95
11338,4.27,4.95
11339,4.27,4.95
11341,4.27,4.95
11342,4.27,4.95
11343,4.27,4.95
11344,4.27,4.95
11345,4.27,4.95
11347,4.27,4.94
11348,4.27,4.93
11350,4.28,4.93
11351,4.27,4.92
11352,4.27,4.91
11354,4.27,4.90
11355,4.27,4.89
11356,4.27,4.88
11357,4.27,4.86
11358,4.27,4.85
11359,4.27,4.84
11361,4.27,4.83
11362,4.26,4.82
11363,4.26,4.80
11364,4.26,4.79
11365,4.25,4.78
11366,4.25,4.77
11368,4.25,4.76
11369,4.24,4.74
11370,4.24,4.73
11371,4.24,4.72
11372,4.23,4.70
11374,4.23,4.69
11375,4.23,4.68
11376,4.22,4.67
11377,4.22,4.66
11378,4.21,4.65
11379,4.21,4.64
11381,4.21,4.63
11382,4.20,4.62
11383,4.20,4.60
11384,4.20,4.60
11385,4.19,4.59
11387,4.19,4.58
11388,4.19,4.57
11389,4.18,4.57
11390,4.18,4.56
11392,4.18,4.55
11393,4.18,4.54
11395,4.17,4.54
11396,4.17,4.53
11397,4.17,4.53
11398,4.17,4.52
11399,4.17,4.52
11401,4.17,4.51
11402,4.17,4.51
11403,4.16,4.50
11404,4.16,4.50
11405,4.16,4.49
11406,4.16,4.49
11408,4.16,4.48
11409,4.16,4.48
11410,4.16,4.48
11411,4.16,4.48
11412,4.16,4.48
11414,4.16,4.47
11415,4.17,4.47
11416,4.17,4.47
11417,4.17,4.47
11418,4.17,4.47
11419,4.17,4.47
11421,4.17,4.47
11422,4.17,4.47
11423,4.17,4.47
11424,4.17,4.47
11425,4.18,4.47
11427,4.18,4.47
11428,4.18,4.47
11429,4.18,4.47
11430,4.18,4.48
11431,4.18,4.48
11432,4.19,4.48
11435,4.19,4.48
11436,4.19,4.48
11437,4.20,4.48
11438,4.20,4.48
11439,4.20,4.48
11441,4.20,4.49
11442,4.21,4.49
11443,4.21,4.49
11444,4.21,4.49
11445,4.21,4.50
11446,4.21,4.50
11448,4.22,4.50
11449,4.22,4.50
11450,4.22,4.51
11451,4.22,4.51
11452,4.23,4.51
11454,4.23,4.51
11455,4.23,4.52
11456,4.23,4.52
11457,4.24,4.52
11458,4.24,4.52
11459,4.24,4.52
11461,4.24,4.53
11462,4.24,4.53
11463,4.25,4.53
11464,4.25,4.53
11465,4.25,4.53
11467,4.25,4.54
11468,4.26,4.54
11469,4.26,4.54
11470,4.26,4.54
11471,4.26,4.54
11472,4.26,4.55
11474,4.26,4.55
11475,4.26,4.55
11476,4.27,4.55
11478,4.27,4.55
11479,4.27,4.55
11481,4.27,4.55
11482,4.27,4.56
11483,4.27,4.56
11484,4.27,4.56
11485,4.27,4.56
11486,4.27,4.56
11488,4.27,4.56
11489,4.27,4.56
11490,4.27,4.56
11491,4.27,4.56
11492,4.27,4.57
11494,4.27,4.57
11495,4.27,4.57
11496,4.27,4.57
11497,4.27,4.57
11498,4.27,4.57
11500,4.27,4.57
11501,4.27,4.57
11502,4.27,4.57
11503,4.27,4.57
11504,4.27,4.57
11505,4.27,4.57
11507,4.27,4.57
11508,4.28,4.57
11509,4.28,4.57
11510,4.27,4.57
11511,4.27,4.57
11513,4.27,4.57
11514,4.27,4.57
11515,4.27,4.57
11516,4.27,4.58
11517,4.27,4.58
11518,4.27,4.58
11521,4.27,4.58
11522,4.27,4.58
11523,4.27,4.58
11524,4.27,4.58
11525,4.27,4.58
11527,4.27,4.58
11528,4.27,4.58
11529,4.27,4.58
11530,4.27,4.58
11531,4.27,4.58
11532,4.27,4.59
11534,4.27,4.59
11535,4.27,4.59
11536,4.27,4.59
11537,4.27,4.59
11538,4.27,4.59
11540,4.27,4.59
11541,4.27,4.59
11542,4.27,4.59
11543,4.27,4.59
11544,4.27,4.59
11545,4.27,4.59
11547,4.27,4.59
11548,4.28,4.59
11549,4.27,4.59
11550,4.28,4.59
11551,4.28,4.59
11553,4.28,4.59
11554,4.28,4.60
11555,4.28,4.60
11556,4.28,4.60
11557,4.27,4.60
11558,4.27,4.60
11560,4.27,4.60
11561,4.27,4.60
11563,4.27,4.60
11564,4.27,4.60
11565,4.27,4.60
11566,4.27,4.60
11568,4.27,4.60
11569,4.27,4.60
11570,4.27,4.60
11571,4.27,4.60
11572,4.27,4.60
11573,4.27,4.60
11575,4.27,4.60
11576,4.27,4.60
11577,4.27,4.60
11578,4.27,4.61
11579,4.27,4.61
11581,4.27,4.60
11582,4.27,4.61
11583,4.27,4.61
11584,4.27,4.61
11585,4.27,4.61
11586,4.27,4.61
11588,4.27,4.61
11589,4.28,4.61
11590,4.28,4.61
11591,4.27,4.61
11592,4.27,4.61
11593,4.27,4.61
11595,4.27,4.61
11596,4.27,4.61
11597,4.27,4.61
11598,4.27,4.61
11599,4.28,4.61
11601,4.27,4.61
11602,4.27,4.61
11603,4.28,4.61
11604,4.27,4.61
11606,4.28,4.61
11607,4.28,4.61
11609,4.28,4.61
11610,4.28,4.61
11611,4.27,4.61
11612,4.28,4.61
11613,4.28,4.61
11615,4.27,4.61
11616,4.28,4.61
11617,4.28,4.61
11618,4.28,4.61
11619,4.27,4.61
11620,4.27,4.61
11622,4.28,4.61
11623,4.28,4.61
11624,4.27,4.61
11625,4.27,4.61
11626,4.28,4.61
11628,4.27,4.61
11629,4.27,4.61
11630,4.27,4.61
11631,4.27,4.61
11632,4.28,4.61
11633,4.28,4.61
11635,4.27,4.61
11636,4.28,4.61
11637,4.28,4.61
11638,4.28,4.61
11639,4.28,4.61
11640,4.28,4.61
11642,4.28,4.61
11643,4.28,4.61
11644,4.28,4.61
11645,4.28,4.61
11646,4.28,4.61
11649,4.28,4.61
11650,4.28,4.61
11651,4.28,4.61
11652,4.28,4.61
11653,4.28,4.61
11654,4.27,4.61
11656,4.27,4.61
11657,4.27,4.61
11658,4.27,4.61
11659,4.27,4.61
11660,4.27,4.62
11662,4.27,4.62
11663,4.27,4.62
11664,4.27,4.62
11665,4.27,4.62
11666,4.27,4.62
11667,4.27,4.62
11669,4.27,4.62
11670,4.27,4.62
11671,4.27,4.62
11672,4.27,4.62
11673,4.27,4.62
11675,4.27,4.62
11676,4.28,4.62
11677,4.27,4.62
11678,4.27,4.62
11679,4.27,4.62
11680,4.27,4.62
11682,4.27,4.62
11683,4.27,4.62
11684,4.27,4.62
11685,4.27,4.62
11686,4.27,4.62
11688,4.28,4.62
11689,4.27,4.62
11691,4.27,4.62
11692,4.28,4.62
11693,4.28,4.62
11694,4.27,4.62
11696,4.28,4.62
11697,4.28,4.63
11698,4.28,4.63
11699,4.28,4.63
11700,4.27,4.63
11701,4.28,4.63
11703,4.28,4.63
11704,4.28,4.63
11705,4.28,4.63
11706,4.28,4.63
11707,4.28,4.63
11709,4.28,4.63
11710,4.28,4.63
11711,4.28,4.63
11712,4.28,4.63
11713,4.28,4.63
11714,4.28,4.63
11716,4.28,4.63
11717,4.28,4.63
11718,4.28,4.63
11719,4.28,4.63
11720,4.28,4.63
11722,4.28,4.63
11723,4.28,4.63
11724,4.28,4.63
11725,4.28,4.63
11726,4.28,4.63
11727,4.28,4.63
11729,4.28,4.63
11730,4.28,4.63
11731,4.28,4.63
11732,4.28,4.63
11734,4.28,4.63
11736,4.28,4.63
11737,4.28,4.63
11738,4.28,4.63
11739,4.28,4.63
11740,4.28,4.63
11741,4.28,4.63
11743,4.28,4.63
11744,4.28,4.63
11745,4.28,4.63
11746,4.28,4.63
11747,4.28,4.63
11749,4.28,4.63
11750,4.28,4.63
11751,4.28,4.63
11752,4.28,4.63
11753,4.28,4.63
11754,4.28,4.63
11756,4.28,4.63
11757,4.28,4.63
11758,4.28,4.63
11759,4.28,4.63
11760,4.28,4.63
11761,4.28,4.63
11763,4.28,4.63
11764,4.28,4.63
11765,4.28,4.63
11766,4.28,4.63
11767,4.28,4.63
11769,4.28,4.64
11770,4.28,4.63
11771,4.28,4.64
11772,4.28,4.63
11773,4.28,4.63
11774,4.28,4.64
11777,4.28,4.63
11778,4.28,4.63
11779,4.28,4.63
11780,4.28,4.63
11781,4.28,4.64
11783,4.28,4.63
11784,4.28,4.63
11785,4.28,4.64
11786,4.28,4.63
11787,4.28,4.63
11788,4.28,4.64
11790,4.28,4.63
11791,4.28,4.64
11792,4.28,4.64
11793,4.28,4.64
11794,4.28,4.64
11796,4.28,4.64
11797,4.28,4.64
11798,4.28,4.63
11799,4.28,4.64
11800,4.28,4.64
11801,4.28,4.64
11803,4.28,4.64
11804,4.28,4.64
11805,4.28,4.64
11806,4.28,4.64
11807,4.28,4.64
11809,4.28,4.64
11810,4.28,4.64
11811,4.28,4.64
11812,4.28,4.64
11813,4.28,4.64
11814,4.28,4.64
11816,4.28,4.64
11817,4.28,4.64
11819,4.28,4.64
11820,4.28,4.64
11821,4.28,4.64
11822,4.28,4.64
11824,4.28,4.64
11825,4.28,4.64
11826,4.28,4.64
11827,4.28,4.64
11828,4.28,4.64
11830,4.28,4.64
11831,4.28,4.64
11832,4.28,4.64
11833,4.28,4.64
11834,4.28,4.64
11835,4.28,4.64
11837,4.28,4.64
11838,4.28,4.64
11839,4.28,4.64
11840,4.28,4.64
11841,4.28,4.64
11843,4.28,4.64
11844,4.28,4.64
11845,4.28,4.64
11846,4.28,4.64
11847,4.28,4.64
11848,4.28,4.64
11850,4.28,4.64
11851,4.28,4.64
11852,4.28,4.64
11853,4.28,4.64
11854,4.28,4.64
11856,4.28,4.64
11857,4.28,4.64
11858,4.28,4.64
11859,4.28,4.64
11860,4.28,4.64
11862,4.28,4.64
11864,4.28,4.64
11865,4.28,4.64
11866,4.28,4.64
11867,4.28,4.64
11868,4.28,4.64
11870,4.28,4.64
11871,4.28,4.64
11872,4.28,4.64
11873,4.28,4.64
11874,4.28,4.64
11875,4.28,4.64
11877,4.28,4.64
11878,4.28,4.64
11879,4.28,4.64
11880,4.28,4.64
11881,4.28,4.64
11882,4.28,4.64
11884,4.28,4.64
11885,4.28,4.64
11886,4.28,4.64
11887,4.28,4.64
11888,4.28,4.64
11890,4.28,4.64
11891,4.28,4.64
11892,4.28,4.65
11893,4.28,4.64
11894,4.28,4.64
11895,4.28,4.64
11897,4.28,4.64
11898,4.28,4.65
11899,4.28,4.65
11900,4.28,4.65
11901,4.28,4.65
11904,4.28,4.65
11905,4.28,4.65
11906,4.28,4.65
11907,4.28,4.65
11908,4.28,4.65
11909,4.28,4.65
11911,4.28,4.65
11912,4.28,4.65
11913,4.28,4.65
11914,4.28,4.65
11915,4.28,4.65
11917,4.28,4.65
11918,4.28,4.65
11919,4.28,4.65
11920,4.28,4.65
11921,4.28,4.65
11922,4.28,4.65
11924,4.28,4.65
11925,4.28,4.65
11926,4.28,4.65
11927,4.28,4.65
11928,4.28,4.65
11930,4.28,4.65
11931,4.28,4.65
11932,4.28,4.65
11933,4.28,4.65
11934,4.28,4.65
11935,4.28,4.65
11937,4.28,4.65
11938,4.28,4.65
11939,4.28,4.65
11940,4.28,4.65
11941,4.28,4.65
11942,4.28,4.65
11944,4.28,4.65
11945,4.28,4.65
11947,4.28,4.65
11948,4.28,4.65
11949,4.28,4.65
11951,4.28,4.65
11952,4.28,4.65
11953,4.28,4.65
11954,4.28,4.65
11955,4.28,4.65
11956,4.28,4.65
11958,4.28,4.65
11959,4.28,4.65
11960,4.28,4.65
11961,4.28,4.65
11962,4.28,4.65
11964,4.28,4.66
11965,4.28,4.65
11966,4.28,4.65
11967,4.28,4.66
11968,4.28,4.66
11969,4.28,4.65
11971,4.28,4.65
11972,4.28,4.66
11973,4.28,4.66
11974,4.28,4.66
11975,4.28,4.66
11977,4.28,4.66
11978,4.28,4.66
11979,4.28,4.66
11980,4.28,4.66
11981,4.28,4.66
11982,4.28,4.66
11984,4.28,4.66
11985,4.28,4.66
11986,4.28,4.66
11987,4.28,4.66
11988,4.28,4.66
11991,4.28,4.66
11992,4.28,4.66
11993,4.28,4.66
11994,4.28,4.66
11995,4.28,4.66
11996,4.28,4.66
11998,4.28,4.66
11999,4.28,4.66
12000,4.28,4.66
12001,4.28,4.66
12002,4.29,4.66
12003,4.29,4.66
12005,4.29,4.67
12006,4.29,4.67
12007,4.29,4.67
12008,4.29,4.67
12009,4.29,4.67
12011,4.29,4.67
12012,4.29,4.67
12013,4.29,4.67
12014,4.29,4.67
12015,4.29,4.67
12016,4.29,4.67
12018,4.29,4.67
12019,4.30,4.67
12020,4.30,4.67
12021,4.30,4.67
12022,4.30,4.67
12024,4.30,4.67
12025,4.30,4.68
12026,4.30,4.68
12027,4.30,4.68
12028,4.30,4.68
12029,4.30,4.68
12032,4.30,4.68
12033,4.30,4.68
12034,4.30,4.68
12035,4.30,4.68
12036,4.30,4.68
12037,4.30,4.68
12039,4.30,4.68
12040,4.31,4.68
12041,4.30,4.68
12042,4.30,4.68
12043,4.31,4.68
12044,4.30,4.68
12046,4.31,4.68
12047,4.31,4.68
12048,4.31,4.68
12049,4.31,4.68
12050,4.31,4.69
12052,4.31,4.69
12053,4.31,4.68
12054,4.31,4.68
12055,4.31,4.69
12056,4.31,4.69
12057,4.31,4.69
12059,4.31,4.69
12060,4.31,4.69
12061,4.31,4.69
12062,4.31,4.69
12063,4.31,4.69
12065,4.31,4.69
12066,4.31,4.69
12067,4.31,4.69
12068,4.31,4.69
12069,4.31,4.69
12071,4.31,4.69
12072,4.31,4.69
12073,4.31,4.69
12075,4.31,4.69
12076,4.31,4.69
12077,4.31,4.69
12079,4.31,4.69
12080,4.31,4.69
12081,4.31,4.69
12082,4.31,4.69
12083,4.31,4.69
12085,4.31,4.69
12086,4.31,4.69
12087,4.31,4.69
12088,4.31,4.69
12089,4.31,4.69
12091,4.31,4.69
12092,4.31,4.69
12093,4.31,4.69
12094,4.31,4.69
12095,4.31,4.69
12096,4.31,4.69
12098,4.31,4.69
12099,4.31,4.69
12100,4.31,4.69
12101,4.31,4.69
12102,4.31,4.69
12104,4.31,4.69
12105,4.31,4.69
12106,4.31,4.69
12107,4.31,4.69
12108,4.31,4.69
12110,4.31,4.69
12111,4.31,4.69
12112,4.31,4.69
12113,4.31,4.69
12114,4.31,4.69
12115,4.31,4.69
12118,4.31,4.69
12119,4.31,4.69
12120,4.31,4.69
12121,4.31,4.69
12122,4.31,4.69
12124,4.31,4.69
12125,4.31,4.69
12126,4.31,4.69
12127,4.31,4.69
12128,4.30,4.69
12130,4.31,4.69
12131,4.30,4.69
12132,4.30,4.69
12133,4.30,4.69
12134,4.30,4.69
12135,4.31,4.69
12137,4.30,4.69
12138,4.30,4.69
12139,4.30,4.69
12140,4.31,4.69
12141,4.31,4.69
12143,4.31,4.69
12144,4.31,4.69
12145,4.31,4.69
12146,4.31,4.69
12147,4.30,4.69
12148,4.30,4.69
12150,4.30,4.69
12151,4.30,4.69
12152,4.30,4.69
12153,4.31,4.69
12154,4.31,4.69
12155,4.30,4.69
12157,4.31,4.69
12158,4.30,4.69
12160,4.30,4.69
12161,4.30,4.69
12162,4.30,4.69
12164,4.30,4.69
12165,4.30,4.69
12166,4.30,4.69
12167,4.30,4.69
12168,4.30,4.69
12169,4.31,4.69
12171,4.30,4.69
12172,4.31,4.69
12173,4.30,4.69
12174,4.30,4.69
12175,4.30,4.69
12176,4.30,4.69
12178,4.30,4.69
12179,4.30,4.69
12180,4.30,4.69
12181,4.30,4.69
12182,4.30,4.69
12183,4.30,4.69
12185,4.30,4.69
12186,4.30,4.69
12187,4.30,4.69
12188,4.30,4.69
12189,4.30,4.69
12191,4.30,4.69
12192,4.30,4.69
12193,4.30,4.69
12194,4.30,4.69
12195,4.30,4.69
12196,4.30,4.69
12198,4.30,4.69
12199,4.30,4.69
12200,4.30,4.69
12201,4.30,4.69
12203,4.30,4.69
12204,4.30,4.69
12206,4.30,4.69
12207,4.30,4.69
12208,4.30,4.69
12209,4.30,4.69
12210,4.30,4.69
12211,4.30,4.69
12213,4.30,4.69
12214,4.30,4.69
12215,4.30,4.69
12216,4.30,4.69
12217,4.30,4.69
12218,4.30,4.69
12220,4.30,4.69
12221,4.30,4.69
12222,4.30,4.69
12223,4.30,4.69
12224,4.30,4.69
12225,4.30,4.69
12227,4.30,4.69
12228,4.30,4.69
12229,4.30,4.69
12230,4.30,4.69
12231,4.30,4.69
12233,4.30,4.69
12234,4.30,4.69
12235,4.30,4.69
12236,4.30,4.69
12237,4.30,4.69
12238,4.30,4.69
12240,4.30,4.69
12241,4.30,4.69
12242,4.30,4.69
12243,4.30,4.69
12244,4.30,4.70
12246,4.30,4.70
12248,4.30,4.70
12249,4.30,4.70
12250,4.30,4.69
12251,4.30,4.70
12252,4.30,4.70
12253,4.30,4.70
12255,4.30,4.70
12256,4.30,4.69
12257,4.30,4.69
12258,4.30,4.69
12259,4.30,4.70
12260,4.30,4.70
12262,4.30,4.70
12263,4.30,4.70
12264,4.30,4.70
12265,4.30,4.70
12266,4.30,4.70
12268,4.30,4.70
12269,4.30,4.70
12270,4.30,4.70
12271,4.30,4.70
12272,4.30,4.70
12273,4.30,4.69
12275,4.30,4.70
12276,4.30,4.70
12277,4.30,4.70
12278,4.30,4.70
12279,4.30,4.70
12280,4.30,4.70
12282,4.30,4.70
12283,4.30,4.70
12284,4.30,4.70
12285,4.30,4.70
12286,4.30,4.70
12288,4.30,4.70
12290,4.30,4.70
12291,4.30,4.70
12292,4.30,4.69
12293,4.30,4.70
12294,4.30,4.70
12295,4.30,4.69
12297,4.30,4.70
12298,4.30,4.69
12299,4.30,4.70
12300,4.30,4.70
12301,4.30,4.70
12302,4.30,4.70
12304,4.30,4.70
12305,4.30,4.70
12306,4.30,4.70
12307,4.30,4.70
12308,4.30,4.70
12310,4.30,4.70
12311,4.30,4.70
12312,4.30,4.70
12313,4.30,4.70
12314,4.30,4.70
12315,4.30,4.70
12317,4.30,4.70
12318,4.30,4.70
12319,4.30,4.70
12320,4.30,4.70
12321,4.31,4.70
12322,4.30,4.70
12324,4.30,4.70
12325,4.30,4.70
12326,4.30,4.70
12327,4.30,4.70
12328,4.30,4.69
12329,4.30,4.70
12332,4.30,4.70
12333,4.30,4.70
12334,4.30,4.70
12335,4.30,4.70
12336,4.30,4.70
12337,4.30,4.70
12339,4.30,4.70
12340,4.30,4.69
12341,4.30,4.69
12342,4.30,4.70
12343,4.30,4.70
12345,4.30,4.70
12346,4.30,4.70
12347,4.30,4.70
12348,4.30,4.70
12349,4.30,4.70
12350,4.30,4.70
12352,4.30,4.70
12353,4.30,4.70
12354,4.30,4.70
12355,4.30,4.70
12356,4.30,4.70
12357,4.30,4.70
12359,4.30,4.70
12360,4.30,4.70
12361,4.30,4.70
12362,4.30,4.70
12363,4.30,4.70
12364,4.30,4.70
12366,4.30,4.70
12367,4.30,4.70
12368,4.30,4.70
12369,4.30,4.70
12370,4.30,4.70
12371,4.30,4.70
12374,4.30,4.70
12375,4.30,4.70
12376,4.30,4.70
12377,4.30,4.70
12378,4.30,4.70
12379,4.30,4.70
12381,4.30,4.70
12382,4.30,4.70
12383,4.30,4.70
12384,4.30,4.70
12385,4.30,4.70
12387,4.30,4.70
12388,4.30,4.70
12389,4.30,4.70
12390,4.30,4.70
12391,4.30,4.70
12392,4.30,4.70
12394,4.30,4.70
12395,4.30,4.70
12396,4.30,4.70
12397,4.30,4.70
12398,4.30,4.70
12399,4.30,4.70
12401,4.30,4.70
12402,4.30,4.70
12403,4.30,4.70
12404,4.30,4.70
12405,4.30,4.70
12406,4.30,4.70
12408,4.30,4.70
12409,4.30,4.70
12410,4.30,4.70
12411,4.30,4.70
12412,4.30,4.70
12413,4.30,4.70
12416,4.30,4.70
12417,4.30,4.70
12418,4.30,4.70
12419,4.30,4.70
12420,4.30,4.70
12421,4.30,4.70
12423,4.30,4.70
12424,4.30,4.70
12425,4.30,4.70
12426,4.30,4.70
12427,4.30,4.70
12429,4.30,4.70
12430,4.30,4.70
12431,4.30,4.70
12432,4.30,4.70
12433,4.30,4.70
12434,4.30,4.70
12436,4.30,4.70
12437,4.30,4.70
12438,4.30,4.70
12439,4.30,4.70
12440,4.30,4.70
12441,4.30,4.70
12443,4.30,4.70
12444,4.30,4.70
12445,4.30,4.70
12446,4.30,4.70
12447,4.30,4.70
12448,4.30,4.70
12450,4.30,4.70
12451,4.30,4.70
12452,4.30,4.70
12453,4.30,4.70
12454,4.30,4.70
12455,4.30,4.70
12457,4.30,4.70
12459,4.30,4.70
12460,4.30,4.70
12461,4.30,4.70
12462,4.30,4.70
12464,4.30,4.70
12465,4.30,4.70
12466,4.30,4.70
12467,4.30,4.70
12468,4.30,4.70
12469,4.30,4.70
12471,4.30,4.70
12472,4.30,4.70
12473,4.30,4.70
12474,4.30,4.70
12475,4.30,4.70
12476,4.30,4.70
12478,4.30,4.70
12479,4.30,4.70
12480,4.30,4.70
12481,4.30,4.70
12482,4.30,4.70
12483,4.30,4.70
12485,4.30,4.70
12486,4.30,4.70
12487,4.31,4.70
12488,4.30,4.70
12489,4.30,4.70
12490,4.30,4.70
12492,4.31,4.70
12493,4.30,4.70
12494,4.30,4.70
12495,4.30,4.70
12496,4.30,4.70
12497,4.30,4.70
12499,4.30,4.70
12500,4.30,4.70
12502,4.30,4.70
12503,4.30,4.70
12504,4.31,4.70
12506,4.30,4.70
12507,4.30,4.70
12508,4.30,4.70
12509,4.30,4.70
12510,4.30,4.70
12511,4.30,4.70
12513,4.30,4.70
12514,4.30,4.70
12515,4.30,4.70
12516,4.30,4.70
12517,4.30,4.70
12518,4.30,4.70
12520,4.30,4.70
12521,4.30,4.70
12522,4.30,4.70
12523,4.31,4.70
12524,4.30,4.70
12525,4.30,4.70
12527,4.30,4.70
12528,4.30,4.70
12529,4.30,4.70
12530,4.30,4.70
12531,4.30,4.70
12532,4.30,4.70
12534,4.30,4.70
12535,4.30,4.70
12536,4.30,4.70
12537,4.30,4.70
12538,4.30,4.70
12539,4.30,4.70
12541,4.31,4.70
12542,4.31,4.70
12544,4.30,4.70
12545,4.30,4.70
12546,4.30,4.70
12548,4.30,4.70
12549,4.30,4.70
12550,4.30,4.70
12551,4.30,4.70
12552,4.31,4.70
12553,4.31,4.70
12555,4.31,4.70
12556,4.31,4.70
12557,4.31,4.70
12558,4.31,4.70
12559,4.31,4.70
12560,4.30,4.70
12562,4.30,4.70
12563,4.30,4.70
12564,4.30,4.70
12565,4.30,4.70
12566,4.30,4.70
12567,4.30,4.70
12569,4.30,4.70
12570,4.31,4.70
12571,4.30,4.70
12572,4.31,4.70
12573,4.30,4.70
12575,4.30,4.70
12576,4.30,4.70
12577,4.30,4.70
12578,4.30,4.70
12579,4.30,4.70
12580,4.30,4.70
12582,4.30,4.70
12583,4.30,4.70
12584,4.30,4.70
12585,4.30,4.70
12587,4.30,4.70
12588,4.30,4.70
12590,4.30,4.70
12591,4.30,4.70
12592,4.30,4.70
12593,4.30,4.70
12594,4.30,4.70
12595,4.30,4.70
12597,4.30,4.70
12598,4.30,4.70
12599,4.30,4.70
12600,4.30,4.70
12601,4.30,4.70
12602,4.30,4.70
12604,4.30,4.70
12605,4.30,4.70
12606,4.30,4.70
12607,4.30,4.70
12608,4.30,4.70
12609,4.30,4.70
12611,4.31,4.70
12612,4.30,4.70
12613,4.30,4.70
12614,4.30,4.70
12615,4.30,4.70
12617,4.30,4.70
12618,4.30,4.70
12619,4.30,4.70
12620,4.30,4.70
12621,4.30,4.70
12622,4.30,4.70
12624,4.30,4.70
12625,4.30,4.70
12626,4.30,4.70
12627,4.30,4.70
12628,4.30,4.70
12630,4.30,4.70
12632,4.30,4.70
12633,4.30,4.70
12634,4.30,4.70
12635,4.30,4.70
12636,4.30,4.70
12637,4.30,4.70
12639,4.30,4.70
12640,4.30,4.70
12641,4.30,4.70
12642,4.30,4.70
12643,4.31,4.70
12644,4.30,4.70
12646,4.30,4.70
12647,4.30,4.70
12648,4.30,4.70
12649,4.30,4.70
12650,4.30,4.70
12651,4.30,4.70
12653,4.30,4.70
12654,4.30,4.70
12655,4.30,4.70
12656,4.30,4.70
12657,4.30,4.70
12659,4.30,4.70
12660,4.30,4.70
12661,4.30,4.70
12662,4.30,4.70
12663,4.30,4.70
12664,4.31,4.70
12666,4.30,4.70
12667,4.30,4.70
12668,4.30,4.70
12669,4.30,4.70
12670,4.31,4.70
12672,4.30,4.70
12674,4.30,4.70
12675,4.30,4.70
12676,4.30,4.70
12677,4.30,4.70
12678,4.30,4.70
12679,4.30,4.70
12681,4.30,4.70
12682,4.30,4.70
12683,4.30,4.70
12684,4.30,4.70
12685,4.30,4.70
12686,4.30,4.70
12688,4.30,4.70
12689,4.30,4.70
12690,4.30,4.70
12691,4.30,4.70
12692,4.30,4.70
12694,4.30,4.70
12695,4.30,4.70
12696,4.30,4.70
12697,4.30,4.70
12698,4.30,4.70
12699,4.30,4.70
12701,4.30,4.70
12702,4.30,4.70
12703,4.30,4.70
12704,4.30,4.70
12705,4.30,4.70
12706,4.30,4.70
12708,4.30,4.70
12709,4.30,4.70
12710,4.30,4.70
12711,4.30,4.70
12712,4.30,4.70
12713,4.30,4.70
12716,4.30,4.70
12717,4.31,4.70
12718,4.30,4.70
12719,4.31,4.70
12720,4.31,4.70
12721,4.31,4.70
12723,4.31,4.70
12724,4.31,4.70
12725,4.31,4.70
12726,4.31,4.70
12727,4.31,4.70
12729,4.30,4.70
12730,4.30,4.70
12731,4.30,4.70
12732,4.30,4.70
12733,4.30,4.70
12734,4.30,4.69
12736,4.30,4.70
12737,4.30,4.70
12738,4.30,4.70
12739,4.31,4.70
12740,4.30,4.70
12741,4.30,4.70
12743,4.31,4.70
12744,4.30,4.70
12745,4.30,4.70
12746,4.30,4.70
12747,4.30,4.70
12748,4.30,4.70
12750,4.30,4.70
12751,4.30,4.70
12752,4.30,4.70
12753,4.30,4.70
12754,4.30,4.70
12756,4.30,4.70
12758,4.30,4.70
12759,4.30,4.70
12760,4.30,4.70
12761,4.30,4.70
12762,4.30,4.70
12764,4.30,4.70
12765,4.30,4.70
12766,4.30,4.70
12767,4.30,4.70
12768,4.30,4.70
12769,4.31,4.70
12771,4.31,4.70
12772,4.31,4.70
12773,4.31,4.70
12774,4.31,4.70
12775,4.30,4.70
12776,4.30,4.70
12778,4.30,4.70
12779,4.30,4.70
12780,4.30,4.70
12781,4.30,4.70
12782,4.30,4.70
12784,4.30,4.70
12785,4.30,4.70
12786,4.31,4.70
12787,4.30,4.70
12788,4.30,4.70
12789,4.30,4.70
12791,4.31,4.70
12792,4.31,4.70
12793,4.30,4.70
12794,4.30,4.70
12795,4.30,4.70
12796,4.30,4.70
12798,4.30,4.70
12800,4.30,4.70
12801,4.30,4.70
12802,4.30,4.70
12803,4.31,4.70
12804,4.31,4.70
12806,4.31,4.70
12807,4.30,4.70
12808,4.30,4.70
12809,4.30,4.70
12810,4.30,4.70
12811,4.30,4.70
12813,4.30,4.70
12814,4.30,4.70
12815,4.31,4.70
12816,4.31,4.70
12817,4.30,4.70
12818,4.30,4.70
12820,4.30,4.70
12821,4.31,4.70
12822,4.30,4.70
12823,4.31,4.70
12824,4.30,4.70
12825,4.31,4.70
12827,4.30,4.70
12828,4.30,4.70
12829,4.30,4.70
12830,4.30,4.70
12831,4.30,4.70
12832,4.30,4.70
12834,4.30,4.70
12835,4.30,4.70
12836,4.30,4.70
12837,4.30,4.70
12838,4.30,4.70
12839,4.31,4.70
12841,4.30,4.70
12843,4.31,4.70
12844,4.31,4.70
12845,4.30,4.70
12846,4.30,4.70
12847,4.30,4.70
12849,4.30,4.70
12850,4.30,4.70
12851,4.30,4.70
12852,4.31,4.70
12853,4.31,4.70
12854,4.31,4.70
12856,4.31,4.70
12857,4.31,4.70
12858,4.31,4.70
12859,4.31,4.70
12860,4.31,4.70
12861,4.30,4.70
12863,4.31,4.70
12864,4.30,4.70
12865,4.30,4.70
12866,4.30,4.70
12867,4.31,4.70
12868,4.31,4.70
12870,4.31,4.70
12871,4.31,4.70
12872,4.31,4.70
12873,4.31,4.70
12874,4.31,4.70
12876,4.31,4.70
12877,4.31,4.70
12878,4.31,4.70
12879,4.31,4.70
12880,4.31,4.70
12881,4.30,4.70
12883,4.30,4.70
12884,4.30,4.70
12886,4.30,4.70
12887,4.30,4.70
12888,4.30,4.70
12889,4.31,4.70
12891,4.31,4.70
12892,4.30,4.70
12893,4.30,4.70
12894,4.30,4.70
12895,4.30,4.70
12896,4.30,4.70
12898,4.30,4.70
12899,4.30,4.70
12900,4.30,4.70
12901,4.30,4.70
12902,4.31,4.70
12903,4.30,4.70
12905,4.30,4.70
12906,4.31,4.70
12907,4.31,4.70
12908,4.31,4.70
12909,4.30,4.70
12910,4.30,4.70
12912,4.31,4.70
12913,4.31,4.70
12914,4.31,4.70
12915,4.30,4.70
12916,4.31,4.70
12918,4.31,4.70
12919,4.31,4.70
12920,4.31,4.70
12921,4.31,4.70
12922,4.31,4.70
12923,4.31,4.70
12925,4.31,4.70
12926,4.31,4.69
12928,4.31,4.70
12929,4.31,4.70
12930,4.31,4.70
12932,4.30,4.70
12933,4.30,4.70
12934,4.31,4.70
12935,4.31,4.70
12936,4.31,4.70
12937,4.31,4.70
12939,4.30,4.70
12940,4.31,4.70
12941,4.31,4.70
12942,4.31,4.70
12943,4.31,4.70
12944,4.30,4.70
12946,4.31,4.70
12947,4.31,4.70
12948,4.31,4.70
12949,4.31,4.70
12950,4.31,4.70
12952,4.31,4.70
12953,4.31,4.70
12954,4.31,4.70
12955,4.31,4.70
12956,4.31,4.70
12957,4.31,4.70
12959,4.31,4.69
12960,4.31,4.70
12961,4.31,4.70
12962,4.31,4.70
12963,4.31,4.70
12965,4.31,4.70
12966,4.31,4.70
12967,4.31,4.69
12968,4.31,4.70
12969,4.31,4.69
12971,4.31,4.69
12973,4.31,4.69
12974,4.31,4.69
12975,4.31,4.70
12976,4.31,4.69
12977,4.31,4.69
12978,4.31,4.70
12980,4.31,4.69
12981,4.31,4.70
12982,4.31,4.70
12983,4.31,4.70
12984,4.31,4.70
12986,4.31,4.70
12987,4.31,4.70
12988,4.31,4.69
12989,4.31,4.70
12990,4.31,4.70
12991,4.30,4.70
12993,4.31,4.70
12994,4.31,4.70
12995,4.31,4.70
12996,4.30,4.70
12997,4.30,4.70
12999,4.30,4.70
13000,4.31,4.70
13001,4.31,4.70
13002,4.30,4.70
13003,4.31,4.70
13004,4.31,4.70
13006,4.31,4.70
13007,4.31,4.70
13008,4.31,4.70
13009,4.31,4.70
13010,4.31,4.70
13011,4.31,4.70
13014,4.31,4.70
13015,4.31,4.70
13016,4.31,4.70
13017,4.31,4.70
13018,4.31,4.69
13020,4.31,4.69
13021,4.31,4.69
13022,4.31,4.69
13023,4.31,4.69
13024,4.31,4.69
13025,4.31,4.69
13027,4.31,4.69
13028,4.31,4.69
13029,4.31,4.69
13030,4.31,4.69
13031,4.31,4.69
13033,4.31,4.69
13034,4.31,4.69
13035,4.31,4.69
13036,4.31,4.69
13037,4.31,4.69
13038,4.31,4.69
13040,4.31,4.69
13041,4.31,4.69
13042,4.31,4.69
13043,4.31,4.69
13044,4.31,4.69
13046,4.31,4.69
13047,4.31,4.69
13048,4.31,4.69
13049,4.31,4.69
13050,4.31,4.69
13051,4.31,4.69
13053,4.31,4.69
13054,4.31,4.69
13056,4.31,4.69
13057,4.31,4.69
13058,4.31,4.69
13060,4.31,4.69
13061,4.31,4.69
13062,4.31,4.69
13063,4.31,4.69
13064,4.31,4.69
13065,4.31,4.69
13067,4.31,4.69
13068,4.31,4.69
13069,4.31,4.69
13070,4.31,4.69
13071,4.31,4.69
13072,4.31,4.69
13074,4.31,4.69
13075,4.31,4.69
13076,4.31,4.69
13077,4.31,4.69
13078,4.31,4.69
13080,4.31,4.69
13081,4.31,4.69
13082,4.31,4.69
13083,4.31,4.69
13084,4.31,4.69
13086,4.31,4.69
13087,4.30,4.69
13088,4.31,4.69
13089,4.31,4.69
13090,4.30,4.69
13091,4.30,4.69
13093,4.31,4.69
13094,4.30,4.69
13095,4.31,4.69
13096,4.31,4.69
13097,4.31,4.69
13100,4.31,4.69
13101,4.31,4.68
13102,4.31,4.68
13103,4.31,4.68
13104,4.32,4.68
13105,4.31,4.68
13107,4.31,4.68
13108,4.31,4.68
13109,4.31,4.67
13110,4.31,4.67
13111,4.31,4.67
13113,4.31,4.67
13114,4.31,4.67
13115,4.31,4.67
13116,4.31,4.67
13117,4.30,4.67
13118,4.30,4.66
13120,4.30,4.66
13121,4.30,4.66
13122,4.30,4.66
13123,4.30,4.66
13124,4.30,4.66
13126,4.29,4.66
13127,4.29,4.66
13128,4.29,4.66
13129,4.29,4.66
13130,4.29,4.66
13131,4.29,4.66
13133,4.28,4.66
13134,4.28,4.66
13135,4.28,4.66
13136,4.28,4.66
13137,4.28,4.66
13139,4.28,4.66
13140,4.28,4.66
13142,4.28,4.66
13143,4.28,4.66
13144,4.28,4.66
13145,4.28,4.66
13147,4.28,4.66
13148,4.28,4.66
13149,4.28,4.66
13150,4.28,4.66
13151,4.28,4.66
13152,4.28,4.66
13154,4.28,4.66
13155,4.28,4.66
13156,4.28,4.66
13157,4.28,4.66
13158,4.28,4.66
13160,4.28,4.66
13161,4.28,4.66
13162,4.28,4.66
13163,4.28,4.65
13164,4.28,4.65
13165,4.28,4.65
13167,4.28,4.65
13168,4.28,4.65
13169,4.28,4.65
13170,4.29,4.65
13171,4.29,4.65
13173,4.29,4.65
13174,4.29,4.65
13175,4.29,4.65
13176,4.29,4.65
13177,4.29,4.65
13178,4.29,4.65
13180,4.29,4.65
13181,4.29,4.65
13182,4.29,4.65
13184,4.29,4.65
13185,4.29,4.65
13187,4.29,4.65
13188,4.29,4.65
13189,4.29,4.65
13190,4.28,4.65
13191,4.28,4.65
13192,4.28,4.65
13194,4.29,4.65
13195,4.29,4.66
13196,4.29,4.66
13197,4.29,4.65
13198,4.29,4.65
13200,4.29,4.65
13201,4.29,4.65
13202,4.29,4.65
13203,4.29,4.65
13204,4.29,4.65
13205,4.29,4.65
13207,4.29,4.65
13208,4.29,4.66
13209,4.29,4.65
13210,4.29,4.66
13211,4.29,4.66
13212,4.29,4.66
13214,4.29,4.66
13215,4.29,4.65
13216,4.30,4.66
13217,4.30,4.66
13218,4.30,4.65
13220,4.30,4.65
13221,4.30,4.65
13222,4.30,4.65
13223,4.30,4.65
13224,4.30,4.65
13225,4.30,4.65
13228,4.30,4.65
13229,4.30,4.66
13230,4.30,4.66
13231,4.30,4.66
13232,4.30,4.66
13233,4.30,4.66
13235,4.30,4.66
13236,4.30,4.66
13237,4.30,4.66
13238,4.30,4.66
13239,4.30,4.66
13240,4.30,4.66
13242,4.30,4.66
13243,4.30,4.66
13244,4.30,4.66
13245,4.30,4.66
13246,4.30,4.66
13247,4.30,4.66
13249,4.30,4.66
13250,4.30,4.66
13251,4.30,4.66
13252,4.30,4.66
13253,4.30,4.66
13255,4.30,4.66
13256,4.30,4.66
13257,4.30,4.66
13258,4.30,4.66
13259,4.30,4.66
13260,4.30,4.67
13262,4.30,4.67
13263,4.30,4.67
13264,4.30,4.67
13265,4.30,4.67
13266,4.30,4.67
13267,4.30,4.67
13270,4.31,4.67
13271,4.30,4.67
13272,4.31,4.67
13273,4.30,4.67
13274,4.31,4.67
13275,4.30,4.67
13277,4.31,4.67
13278,4.30,4.67
13279,4.30,4.67
13280,4.30,4.67
13281,4.30,4.67
13283,4.30,4.67
13284,4.31,4.67
13285,4.30,4.67
13286,4.31,4.67
13287,4.30,4.67
13288,4.30,4.67
13290,4.31,4.68
13291,4.31,4.67
13292,4.31,4.67
13293,4.31,4.67
13294,4.31,4.67
13295,4.31,4.67
13297,4.31,4.67
13298,4.31,4.68
13299,4.31,4.67
13300,4.31,4.67
13301,4.31,4.67
13303,4.31,4.68
13304,4.30,4.67
13305,4.31,4.68
13306,4.30,4.68
13307,4.30,4.68
13308,4.30,4.68
13310,4.30,4.68
13312,4.30,4.68
13313,4.30,4.68
13314,4.30,4.68
13315,4.30,4.68
13317,4.30,4.68
13318,4.31,4.68
13319,4.31,4.68
13320,4.31,4.68
13321,4.31,4.68
13322,4.31,4.68
13324,4.31,4.68
13325,4.30,4.68
13326,4.30,4.68
13327,4.31,4.68
13328,4.30,4.68
13330,4.31,4.68
13331,4.30,4.68
13332,4.30,4.68
13333,4.30,4.68
13334,4.30,4.68
13335,4.30,4.68
13337,4.30,4.68
13338,4.30,4.68
13339,4.30,4.68
13340,4.30,4.68
13341,4.30,4.69
13342,4.30,4.69
13344,4.30,4.69
13345,4.30,4.69
13346,4.30,4.69
13347,4.30,4.69
13348,4.30,4.69
13350,4.30,4.69
13351,4.30,4.69
13352,4.31,4.69
13353,4.30,4.69
13355,4.31,4.69
13356,4.31,4.69
13358,4.30,4.69
13359,4.31,4.69
13360,4.31,4.69
13361,4.31,4.69
13362,4.31,4.69
13364,4.31,4.69
13365,4.31,4.69
13366,4.31,4.69
13367,4.31,4.69
13368,4.31,4.69
13369,4.31,4.69
13371,4.31,4.70
13372,4.31,4.70
13373,4.31,4.70
13374,4.31,4.70
13375,4.31,4.70
13377,4.31,4.70
13378,4.31,4.70
13379,4.31,4.70
13380,4.31,4.70
13381,4.31,4.70
13382,4.31,4.70
13384,4.31,4.70
13385,4.31,4.70
13386,4.31,4.70
13387,4.31,4.70
13388,4.31,4.70
13389,4.31,4.70
13391,4.31,4.70
13392,4.31,4.71
13393,4.31,4.71
13394,4.31,4.71
13395,4.31,4.71
13398,4.31,4.71
13399,4.31,4.71
13400,4.31,4.71
13401,4.31,4.71
13402,4.31,4.71
13403,4.31,4.71
13405,4.31,4.71
13406,4.31,4.71
13407,4.31,4.71
13408,4.31,4.71
13409,4.31,4.71
13411,4.31,4.71
13412,4.31,4.71
13413,4.31,4.71
13414,4.31,4.71
13415,4.31,4.72
13416,4.31,4.72
13418,4.31,4.72
13419,4.31,4.72
13420,4.31,4.72
13421,4.31,4.72
13422,4.31,4.72
13424,4.31,4.72
13425,4.31,4.72
13426,4.31,4.72
13427,4.31,4.72
13428,4.31,4.72
13429,4.31,4.73
13431,4.31,4.72
13432,4.31,4.72
13433,4.31,4.73
13434,4.31,4.73
13435,4.31,4.73
13437,4.31,4.73
13438,4.31,4.73
13440,4.31,4.73
13441,4.32,4.73
13442,4.31,4.73
13443,4.31,4.73
13445,4.32,4.73
13446,4.32,4.73
13447,4.32,4.73
13448,4.32,4.73
13449,4.31,4.73
13451,4.32,4.74
13452,4.32,4.74
13453,4.31,4.74
13454,4.31,4.74
13455,4.32,4.74
13456,4.31,4.74
13458,4.32,4.75
13459,4.32,4.75
13460,4.31,4.75
13461,4.32,4.75
13462,4.32,4.75
13464,4.32,4.75
13465,4.32,4.76
13466,4.31,4.76
13467,4.32,4.76
13468,4.31,4.76
13469,4.31,4.76
13471,4.32,4.76
13472,4.32,4.77
13473,4.31,4.77
13474,4.31,4.77
13475,4.31,4.77
13477,4.31,4.77
13478,4.31,4.78
13479,4.31,4.78
13480,4.31,4.78
13481,4.31,4.78
13483,4.31,4.78
13485,4.31,4.78
13486,4.31,4.79
13487,4.31,4.79
13488,4.31,4.79
13489,4.31,4.79
13491,4.31,4.80
13492,4.31,4.80
13493,4.31,4.80
13494,4.31,4.80
13495,4.31,4.81
13496,4.31,4.81
13498,4.31,4.81
13499,4.31,4.82
13500,4.31,4.82
13501,4.31,4.82
13502,4.31,4.82
13503,4.31,4.83
13505,4.31,4.83
13506,4.30,4.83
13507,4.31,4.84
13508,4.31,4.84
13509,4.31,4.84
13511,4.30,4.85
13512,4.30,4.85
13513,4.30,4.85
13514,4.30,4.85
13515,4.30,4.86
13516,4.30,4.86
13518,4.30,4.86
13519,4.30,4.86
13520,4.30,4.87
13521,4.30,4.87
13522,4.30,4.87
13523,4.30,4.87
13526,4.30,4.87
13527,4.30,4.87
13528,4.30,4.88
13529,4.30,4.88
13530,4.30,4.88
13531,4.30,4.88
13533,4.30,4.88
13534,4.30,4.89
13535,4.30,4.89
13536,4.30,4.89
13537,4.30,4.89
13539,4.30,4.89
13540,4.30,4.89
13541,4.30,4.89
13542,4.30,4.90
13543,4.30,4.90
13544,4.30,4.90
13546,4.30,4.90
13547,4.30,4.90
13548,4.30,4.91
13549,4.30,4.91
13550,4.30,4.91
13551,4.30,4.91
13553,4.30,4.91
13554,4.30,4.91
13555,4.30,4.91
13556,4.30,4.91
13557,4.30,4.91
13558,4.30,4.92
13560,4.30,4.92
13561,4.30,4.92
13562,4.30,4.92
13563,4.30,4.92
13564,4.30,4.92
13566,4.30,4.92
13568,4.30,4.92
13569,4.30,4.92
13570,4.30,4.92
13571,4.30,4.92
13572,4.30,4.93
13574,4.30,4.93
13575,4.30,4.93
13576,4.30,4.93
13577,4.30,4.93
13578,4.30,4.93
13579,4.30,4.93
13581,4.30,4.94
13582,4.30,4.93
13583,4.30,4.93
13584,4.30,4.93
13585,4.30,4.93
13587,4.30,4.93
13588,4.30,4.94
13589,4.30,4.93
13590,4.30,4.93
13591,4.30,4.94
13592,4.30,4.94
13594,4.30,4.94
13595,4.30,4.94
13596,4.30,4.94
13597,4.30,4.94
13598,4.30,4.94
13599,4.30,4.94
13601,4.30,4.94
13602,4.30,4.94
13603,4.30,4.94
13604,4.30,4.94
13605,4.30,4.94
13607,4.30,4.94
13608,4.31,4.94
13609,4.31,4.94
13611,4.31,4.94
13612,4.31,4.95
13613,4.31,4.94
13615,4.31,4.94
13616,4.31,4.95
13617,4.31,4.95
13618,4.31,4.95
13619,4.30,4.95
13621,4.31,4.95
13622,4.31,4.95
13623,4.31,4.95
13624,4.31,4.95
13625,4.31,4.95
13626,4.31,4.95
13628,4.31,4.95
13629,4.31,4.95
13630,4.31,4.95
13631,4.31,4.95
13632,4.31,4.95
13634,4.31,4.95
13635,4.31,4.95
13636,4.31,4.95
13637,4.31,4.95
13638,4.31,4.95
13640,4.31,4.95
13641,4.31,4.95
13642,4.31,4.95
13643,4.31,4.95
13644,4.31,4.95
13645,4.31,4.95
13647,4.31,4.95
13648,4.31,4.95
13649,4.31,4.95
13650,4.31,4.95
13651,4.31,4.95
13654,4.31,4.95
13655,4.31,4.95
13656,4.31,4.95
13657,4.31,4.95
13658,4.31,4.95
13659,4.31,4.95
13661,4.31,4.95
13662,4.31,4.95
13663,4.31,4.95
13664,4.31,4.95
13665,4.31,4.95
13667,4.31,4.95
13668,4.31,4.95
13669,4.31,4.95
13670,4.31,4.95
13671,4.31,4.95
13672,4.31,4.95
13674,4.31,4.95
13675,4.31,4.95
13676,4.31,4.95
13677,4.31,4.95
13678,4.31,4.95
13680,4.31,4.95
13681,4.31,4.95
13682,4.31,4.95
13683,4.31,4.95
13684,4.31,4.95
13686,4.31,4.95
13687,4.31,4.95
13688,4.31,4.95
13689,4.31,4.95
13690,4.31,4.95
13691,4.31,4.95
13693,4.31,4.95
13694,4.31,4.95
13696,4.31,4.95
13697,4.31,4.95
13698,4.31,4.95
13700,4.31,4.95
13701,4.31,4.95
13702,4.31,4.95
13703,4.31,4.95
13704,4.31,4.95
13706,4.31,4.95
13707,4.31,4.95
13708,4.31,4.95
13709,4.31,4.95
13710,4.31,4.95
13711,4.31,4.95
13713,4.31,4.95
13714,4.31,4.95
13715,4.31,4.95
13716,4.31,4.95
13717,4.31,4.95
13719,4.31,4.95
13720,4.31,4.95
13721,4.31,4.95
13722,4.31,4.95
13723,4.31,4.95
13724,4.31,4.95
13726,4.31,4.95
13727,4.31,4.95
13728,4.31,4.95
13729,4.31,4.95
13730,4.31,4.95
13732,4.31,4.95
13733,4.31,4.95
13734,4.31,4.95
13735,4.31,4.95
13736,4.31,4.95
13739,4.31,4.95
13740,4.31,4.95
13741,4.31,4.95
13742,4.31,4.95
13743,4.31,4.95
13744,4.31,4.95
13746,4.31,4.95
13747,4.31,4.95
13748,4.31,4.95
13749,4.31,4.95
13750,4.31,4.95
13752,4.31,4.95
13753,4.31,4.95
13754,4.31,4.95
13755,4.31,4.95
13756,4.31,4.95
13758,4.31,4.95
13759,4.31,4.95
13760,4.31,4.95
13761,4.31,4.95
13762,4.31,4.95
13763,4.31,4.95
13765,4.31,4.95
13766,4.31,4.95
13767,4.31,4.95
13768,4.31,4.95
13769,4.31,4.95
13771,4.31,4.95
13772,4.31,4.95
13773,4.31,4.95
13774,4.31,4.95
13775,4.31,4.95
13777,4.31,4.95
13778,4.31,4.95
13779,4.31,4.95
13780,4.31,4.95
13782,4.31,4.95
13783,4.31,4.95
13785,4.31,4.95
13786,4.31,4.95
13787,4.31,4.95
13788,4.31,4.95
13789,4.31,4.95
13791,4.31,4.95
13792,4.31,4.95
13793,4.31,4.95
13794,4.31,4.95
13795,4.31,4.95
13797,4.31,4.95
13798,4.31,4.95
13799,4.31,4.95
13800,4.31,4.95
13801,4.31,4.95
13802,4.31,4.95
13804,4.31,4.95
13805,4.31,4.95
13806,4.31,4.95
13807,4.31,4.95
13808,4.31,4.95
13810,4.31,4.95
13811,4.31,4.95
13812,4.31,4.95
13813,4.31,4.95
13814,4.31,4.95
13815,4.31,4.95
13817,4.31,4.95
13818,4.31,4.95
13819,4.31,4.95
13820,4.31,4.95
13821,4.31,4.95
13824,4.31,4.95
13825,4.31,4.95
13826,4.31,4.95
13827,4.31,4.95
13828,4.31,4.95
13829,4.31,4.95
13831,4.31,4.95
13832,4.31,4.95
13833,4.31,4.95
13834,4.31,4.95
13835,4.31,4.95
13837,4.31,4.95
13838,4.31,4.95
13839,4.31,4.95
13840,4.31,4.95
13841,4.31,4.95
13842,4.31,4.96
13844,4.31,4.95
13845,4.31,4.95
13846,4.31,4.95
13847,4.31,4.95
13848,4.31,4.95
13850,4.31,4.95
13851,4.31,4.95
13852,4.31,4.95
13853,4.31,4.96
13854,4.31,4.95
13855,4.31,4.95
13857,4.31,4.96
13858,4.31,4.95
13859,4.31,4.95
13860,4.31,4.95
13861,4.31,4.95
13863,4.31,4.95
13864,4.31,4.95
13865,4.31,4.95
13867,4.31,4.96
13868,4.31,4.95
13869,4.31,4.96
13871,4.31,4.95
13872,4.31,4.96
13873,4.31,4.96
13874,4.31,4.96
13875,4.31,4.96
13877,4.31,4.95
13878,4.31,4.95
13879,4.31,4.96
13880,4.31,4.95
13881,4.31,4.96
13882,4.31,4.95
13884,4.31,4.96
13885,4.31,4.95
13886,4.31,4.96
13887,4.31,4.96
13888,4.31,4.95
13890,4.31,4.95
13891,4.31,4.95
13892,4.31,4.95
13893,4.31,4.96
13894,4.31,4.95
13895,4.31,4.95
13897,4.31,4.96
13898,4.30,4.95
13899,4.31,4.96
13900,4.31,4.95
13901,4.31,4.96
13903,4.30,4.96
13904,4.31,4.96
13905,4.31,4.95
13906,4.31,4.96
13907,4.31,4.95
13908,4.31,4.95
13911,4.31,4.96
13912,4.30,4.95
13913,4.30,4.95
13914,4.30,4.95
13915,4.30,4.95
13917,4.31,4.95
13918,4.31,4.95
13919,4.31,4.95
13920,4.30,4.96
13921,4.30,4.95
13922,4.31,4.96
13924,4.30,4.96
13925,4.30,4.95
13926,4.31,4.95
13927,4.30,4.96
13928,4.30,4.95
13929,4.30,4.95
13931,4.30,4.95
13932,4.31,4.96
13933,4.30,4.95
13934,4.30,4.95
13935,4.31,4.95
13937,4.30,4.95
13938,4.31,4.95
13939,4.31,4.95
13940,4.31,4.96
13941,4.30,4.95
13942,4.30,4.95
13944,4.30,4.95
13945,4.30,4.96
13946,4.30,4.95
13947,4.30,4.95
13948,4.30,4.95
13949,4.30,4.95
13952,4.30,4.95
13953,4.30,4.95
13954,4.30,4.95
13955,4.30,4.95
13956,4.30,4.95
13957,4.30,4.96
13959,4.30,4.95
13960,4.30,4.95
13961,4.30,4.95
13962,4.30,4.95
13963,4.30,4.95
13965,4.30,4.95
13966,4.30,4.95
13967,4.30,4.95
13968,4.30,4.95
13969,4.30,4.95
13970,4.30,4.95
13972,4.30,4.95
13973,4.30,4.95
13974,4.30,4.95
13975,4.30,4.95
13976,4.30,4.95
13977,4.30,4.95
13979,4.30,4.96
13980,4.30,4.95
13981,4.30,4.95
13982,4.30,4.95
13983,4.30,4.95
13984,4.30,4.95
13986,4.30,4.95
13987,4.30,4.95
13988,4.30,4.95
13989,4.30,4.95
13990,4.30,4.95
13991,4.30,4.96
13993,4.30,4.95
13995,4.30,4.95
13996,4.30,4.95
13997,4.30,4.95
13998,4.30,4.95
14000,4.30,4.95
14001,4.30,4.96
14002,4.30,4.95
14003,4.30,4.95
14004,4.30,4.95
14005,4.30,4.95
14007,4.30,4.96
14008,4.30,4.95
14009,4.30,4.95
14010,4.30,4.95
14011,4.30,4.95
14012,4.30,4.95
14014,4.30,4.95
14015,4.30,4.95
14016,4.30,4.95
14017,4.30,4.95
14018,4.30,4.95
14019,4.30,4.95
14021,4.30,4.95
14022,4.30,4.95
14023,4.30,4.95
14024,4.30,4.95
14025,4.30,4.95
14027,4.30,4.95
14028,4.30,4.95
14029,4.30,4.95
14030,4.30,4.96
14031,4.30,4.95
14032,4.30,4.96
14034,4.30,4.95
14035,4.30,4.96
14036,4.30,4.95
14038,4.30,4.95
14039,4.30,4.96
14040,4.30,4.95
14042,4.30,4.95
14043,4.30,4.95
14044,4.30,4.95
14045,4.30,4.95
14046,4.30,4.95
14047,4.30,4.95
14049,4.30,4.95
14050,4.30,4.95
14051,4.30,4.96
14052,4.30,4.95
14053,4.30,4.96
14055,4.30,4.95
14056,4.30,4.95
14057,4.30,4.95
14058,4.30,4.95
14059,4.30,4.96
14060,4.30,4.96
14062,4.30,4.96
14063,4.30,4.95
14064,4.30,4.95
14065,4.30,4.95
14066,4.30,4.95
14067,4.30,4.95
14069,4.30,4.95
14070,4.30,4.95
14071,4.30,4.95
14072,4.30,4.96
14073,4.30,4.95
14075,4.30,4.95
14076,4.30,4.95
14077,4.30,4.95
14078,4.30,4.95
14080,4.30,4.95
14081,4.30,4.95
14083,4.30,4.95
14084,4.30,4.95
14085,4.30,4.95
14086,4.30,4.95
14087,4.30,4.95
14088,4.30,4.95
14090,4.30,4.95
14091,4.30,4.95
14092,4.30,4.95
14093,4.30,4.95
14094,4.30,4.95
14095,4.30,4.95
14097,4.30,4.95
14098,4.30,4.95
14099,4.30,4.95
14100,4.30,4.95
14101,4.30,4.95
14102,4.30,4.95
14104,4.30,4.95
14105,4.30,4.95
14106,4.30,4.95
14107,4.30,4.95
14108,4.30,4.95
14110,4.29,4.95
14111,4.29,4.95
14112,4.29,4.95
14113,4.29,4.95
14114,4.29,4.95
14115,4.29,4.95
14117,4.29,4.95
14118,4.29,4.95
14119,4.29,4.95
14120,4.29,4.95
14121,4.29,4.95
14123,4.29,4.95
14125,4.29,4.95
14126,4.29,4.95
14127,4.29,4.95
14128,4.29,4.95
14129,4.29,4.95
14131,4.29,4.96
14132,4.29,4.95
14133,4.29,4.95
14134,4.29,4.95
14135,4.29,4.96
14136,4.29,4.96
14138,4.29,4.95
14139,4.29,4.96
14140,4.29,4.95
14141,4.29,4.95
14142,4.29,4.95
14144,4.29,4.95
14145,4.29,4.95
14146,4.29,4.95
14147,4.29,4.95
14148,4.29,4.96
14149,4.29,4.95
14151,4.29,4.95
14152,4.29,4.95
14153,4.29,4.96
14154,4.29,4.95
14155,4.29,4.95
14157,4.29,4.96
14158,4.29,4.95
14159,4.29,4.95
14160,4.29,4.95
14161,4.29,4.96
14162,4.29,4.95
14164,4.29,4.95
14166,4.29,4.95
14167,4.29,4.95
14168,4.29,4.95
14169,4.29,4.96
14171,4.29,4.95
14172,4.29,4.96
14173,4.29,4.95
14174,4.29,4.95
14175,4.29,4.95
14176,4.29,4.96
14178,4.29,4.95
14179,4.29,4.95
14180,4.29,4.95
14181,4.29,4.95
14182,4.29,4.96
14184,4.29,4.95
14185,4.29,4.96
14186,4.29,4.95
14187,4.29,4.95
14188,4.29,4.95
14189,4.29,4.95
14191,4.29,4.95
14192,4.29,4.95
14193,4.29,4.95
14194,4.29,4.95
14195,4.29,4.95
14197,4.29,4.95
14198,4.29,4.95
14199,4.29,4.95
14200,4.29,4.95
14201,4.29,4.95
14202,4.29,4.96
14204,4.29,4.95
14205,4.29,4.96
14206,4.29,4.95
14208,4.29,4.95
14209,4.29,4.95
14211,4.29,4.96
14212,4.29,4.95
14213,4.29,4.95
14214,4.29,4.95
14215,4.29,4.96
14216,4.29,4.95
14218,4.29,4.95
14219,4.29,4.95
14220,4.29,4.95
14221,4.29,4.96
14222,4.29,4.95
14224,4.29,4.95
14225,4.29,4.95
14226,4.29,4.95
14227,4.29,4.96
14228,4.29,4.95
14229,4.29,4.95
14231,4.29,4.96
14232,4.29,4.96
14233,4.29,4.95
14234,4.29,4.95
14235,4.29,4.95
14237,4.29,4.96
14238,4.29,4.95
14239,4.29,4.95
14240,4.29,4.95
14241,4.29,4.95
14242,4.29,4.95
14244,4.29,4.95
14245,4.29,4.95
14246,4.29,4.95
14247,4.29,4.95
14248,4.29,4.96
14251,4.29,4.95
14252,4.29,4.95
14253,4.29,4.95
14254,4.29,4.96
14255,4.29,4.95
14256,4.29,4.95
14258,4.29,4.95
14259,4.29,4.95
14260,4.29,4.96
14261,4.29,4.95
14262,4.29,4.95
14264,4.29,4.95
14265,4.29,4.95
14266,4.29,4.95
14267,4.29,4.95
14268,4.29,4.96
14269,4.29,4.95
14271,4.29,4.95
14272,4.29,4.95
14273,4.29,4.95
14274,4.29,4.95
14275,4.29,4.95
14277,4.29,4.96
14278,4.29,4.95
14279,4.29,4.95
14280,4.29,4.95
14281,4.29,4.95
14282,4.29,4.95
14284,4.29,4.95
14285,4.29,4.95
14286,4.29,4.95
14287,4.29,4.95
14288,4.29,4.95
14290,4.29,4.96
14291,4.29,4.95
14292,4.29,4.95
14294,4.29,4.95
14295,4.29,4.95
14296,4.29,4.95
14298,4.29,4.95
14299,4.29,4.95
14300,4.29,4.95
14301,4.29,4.96
14302,4.29,4.95
14304,4.29,4.96
14305,4.29,4.95
14306,4.29,4.95
14307,4.29,4.95
14308,4.29,4.95
14309,4.29,4.95
14311,4.29,4.95
14312,4.29,4.95
14313,4.29,4.95
14314,4.29,4.95
14315,4.29,4.95
14316,4.29,4.95
14318,4.29,4.95
14319,4.29,4.95
14320,4.29,4.95
14321,4.29,4.95
14322,4.29,4.95
14324,4.29,4.95
14325,4.29,4.95
14326,4.29,4.95
14327,4.29,4.95
14328,4.29,4.95
14329,4.29,4.95
14331,4.29,4.95
14332,4.29,4.96
14333,4.29,4.95
14334,4.29,4.95
14336,4.29,4.95
14338,4.29,4.95
14339,4.29,4.95
14340,4.29,4.95
14341,4.29,4.95
14342,4.29,4.95
14343,4.29,4.96
14345,4.29,4.95
14346,4.29,4.95
14347,4.29,4.95
14348,4.29,4.96
14349,4.29,4.95
14351,4.29,4.96
14352,4.29,4.96
14353,4.29,4.95
14354,4.29,4.96
14355,4.29,4.95
14356,4.29,4.95
14358,4.29,4.95
14359,4.29,4.95
14360,4.29,4.95
14361,4.29,4.95
14362,4.29,4.95
14364,4.29,4.95
14365,4.29,4.95
14366,4.29,4.95
14367,4.29,4.95
14368,4.29,4.95
14369,4.29,4.95
14371,4.29,4.95
14372,4.29,4.95
14373,4.29,4.95
14374,4.29,4.96
14375,4.29,4.95
14377,4.29,4.95
14379,4.29,4.95
14380,4.29,4.95
14381,4.29,4.96
14382,4.28,4.95
14383,4.29,4.95
14385,4.29,4.95
14386,4.29,4.95
14387,4.29,4.95
14388,4.29,4.95
14389,4.29,4.95
14391,4.29,4.95
14392,4.29,4.95
14393,4.29,4.95
14394,4.29,4.95
14395,4.29,4.95
14396,4.29,4.95
14398,4.29,4.95
14399,4.29,4.95
14400,4.28,4.95
14401,4.28,4.95
14402,4.28,4.95
14403,4.28,4.95
14405,4.28,4.95
14406,4.28,4.95
14407,4.28,4.95
14408,4.28,4.95
14409,4.28,4.96
14411,4.28,4.95
14412,4.28,4.95
14413,4.28,4.95
14414,4.28,4.95
14415,4.28,4.96
14416,4.28,4.95
14418,4.28,4.95
14419,4.28,4.96
14420,4.28,4.95
14422,4.28,4.96
14423,4.28,4.95
14424,4.29,4.95
14426,4.28,4.96
14427,4.28,4.95
14428,4.28,4.95
14429,4.28,4.95
14430,4.28,4.95
14432,4.28,4.95
14433,4.28,4.95
14434,4.28,4.95
14435,4.28,4.95
14436,4.28,4.95
14437,4.28,4.95
14439,4.28,4.95
14440,4.28,4.96
14441,4.28,4.95
14442,4.28,4.95
14443,4.28,4.95
14444,4.28,4.95
14446,4.28,4.95
14447,4.28,4.95
14448,4.28,4.96
14449,4.28,4.95
14450,4.28,4.95
14452,4.28,4.95
14453,4.28,4.95
14454,4.28,4.95
14455,4.28,4.95
14456,4.28,4.95
14457,4.28,4.96
14459,4.28,4.95
14460,4.28,4.96
14461,4.28,4.95
14462,4.28,4.95
14464,4.28,4.96
14466,4.28,4.95
14467,4.28,4.95
14468,4.28,4.96
14469,4.28,4.96
14470,4.28,4.95
14471,4.28,4.96
14473,4.28,4.96
14474,4.28,4.96
14475,4.28,4.95
14476,4.28,4.95
14477,4.28,4.96
14479,4.28,4.95
14480,4.28,4.95
14481,4.28,4.95
14482,4.28,4.95
14483,4.28,4.95
14484,4.28,4.95
14486,4.28,4.95
14487,4.28,4.95
14488,4.28,4.95
14489,4.28,4.95
14490,4.28,4.95
14491,4.28,4.96
14493,4.28,4.95
14494,4.28,4.95
14495,4.28,4.95
14496,4.28,4.95
14497,4.28,4.95
14499,4.28,4.95
14500,4.28,4.95
14501,4.28,4.96
14502,4.28,4.95
14503,4.28,4.96
14504,4.28,4.95
14507,4.28,4.95
14508,4.28,4.95
14509,4.28,4.95
14510,4.28,4.96
14511,4.28,4.95
14513,4.28,4.95
14514,4.28,4.95
14515,4.28,4.95
14516,4.28,4.95
14517,4.28,4.96
14518,4.28,4.95
14520,4.28,4.95
14521,4.28,4.95
14522,4.28,4.96
14523,4.28,4.96
14524,4.28,4.95
14526,4.28,4.95
14527,4.28,4.95
14528,4.28,4.95
14529,4.28,4.96
14530,4.28,4.95
14531,4.28,4.95
14533,4.28,4.95
14534,4.28,4.95
14535,4.28,4.95
14536,4.28,4.95
14537,4.28,4.95
14539,4.28,4.95
14540,4.28,4.95
14541,4.28,4.95
14542,4.28,4.95
14543,4.28,4.95
14544,4.28,4.95
14546,4.28,4.95
14547,4.28,4.95
14548,4.28,4.96
14550,4.27,4.95
14551,4.28,4.95
14553,4.28,4.96
14554,4.27,4.96
14555,4.28,4.96
14556,4.28,4.95
14557,4.28,4.96
14558,4.28,4.95
14560,4.27,4.95
14561,4.27,4.95
14562,4.28,4.95
14563,4.28,4.95
14564,4.27,4.95
14566,4.27,4.96
14567,4.28,4.95
14568,4.28,4.96
14569,4.27,4.95
14570,4.28,4.95
14571,4.28,4.96
14573,4.28,4.95
14574,4.28,4.96
14575,4.28,4.95
14576,4.28,4.95
14577,4.27,4.95
14579,4.27,4.95
14580,4.28,4.95
14581,4.28,4.95
14582,4.27,4.95
14583,4.28,4.95
14584,4.28,4.95
14586,4.28,4.95
14587,4.27,4.95
14588,4.27,4.96
14589,4.28,4.95
14590,4.27,4.95
14593,4.27,4.95
14594,4.27,4.96
14595,4.27,4.96
14596,4.28,4.96
14597,4.27,4.95
14598,4.28,4.95
14600,4.27,4.95
14601,4.27,4.95
14602,4.27,4.95
14603,4.28,4.95
14604,4.27,4.95
14606,4.27,4.95
14607,4.27,4.95
14608,4.28,4.95
14609,4.28,4.95
14610,4.27,4.95
14611,4.27,4.95
14613,4.27,4.95
14614,4.27,4.95
14615,4.27,4.96
14616,4.27,4.95
14617,4.28,4.95
14619,4.27,4.95
14620,4.27,4.95
14621,4.27,4.95
14622,4.27,4.95
14623,4.27,4.95
14624,4.27,4.95
14626,4.27,4.95
14627,4.28,4.95
14628,4.27,4.95
14629,4.27,4.95
14630,4.27,4.95
14632,4.28,4.95
14633,4.28,4.95
14635,4.28,4.95
14636,4.28,4.95
14637,4.28,4.95
14638,4.28,4.95
14640,4.28,4.95
14641,4.28,4.95
14642,4.28,4.95
14643,4.28,4.95
14644,4.27,4.95
14645,4.28,4.95
14647,4.27,4.95
14648,4.27,4.95
14649,4.27,4.95
14650,4.27,4.95
14651,4.27,4.95
14653,4.27,4.95
14654,4.27,4.95
14655,4.27,4.95
14656,4.27,4.95
14657,4.27,4.95
14659,4.27,4.95
14660,4.27,4.95
14661,4.27,4.95
14662,4.27,4.95
14663,4.27,4.95
14664,4.27,4.95
14666,4.27,4.95
14667,4.27,4.95
14668,4.27,4.95
14669,4.27,4.95
14670,4.27,4.95
14672,4.27,4.95
14673,4.27,4.95
14674,4.27,4.95
14675,4.27,4.95
14676,4.27,4.95
14678,4.27,4.95
14680,4.27,4.95
14681,4.27,4.95
14682,4.27,4.95
14683,4.27,4.95
14684,4.27,4.95
14686,4.27,4.95
14687,4.27,4.95
14688,4.27,4.95
14689,4.27,4.95
14690,4.27,4.95
14692,4.27,4.95
14693,4.27,4.95
14694,4.27,4.95
14695,4.27,4.95
14696,4.27,4.95
14697,4.27,4.95
14699,4.27,4.95
14700,4.27,4.95
14701,4.27,4.95
14702,4.27,4.95
14703,4.27,4.95
14705,4.27,4.95
14706,4.27,4.95
14707,4.27,4.95
14708,4.27,4.95
14709,4.27,4.95
14711,4.27,4.95
14712,4.27,4.95
14713,4.27,4.95
14714,4.27,4.95
14715,4.27,4.95
14716,4.27,4.95
14718,4.27,4.95
14720,4.27,4.95
14721,4.27,4.95
14722,4.27,4.95
14723,4.27,4.95
14725,4.27,4.95
14726,4.27,4.95
14727,4.27,4.95
14728,4.27,4.95
14729,4.27,4.95
14731,4.27,4.95
14732,4.27,4.95
14733,4.27,4.95
14734,4.27,4.95
14735,4.27,4.95
14736,4.27,4.95
14738,4.27,4.95
14739,4.27,4.95
14740,4.27,4.95
14741,4.27,4.95
14742,4.27,4.95
14744,4.27,4.95
14745,4.27,4.95
14746,4.27,4.95
14747,4.27,4.95
14748,4.27,4.95
14749,4.27,4.95
14751,4.27,4.95
14752,4.27,4.95
14753,4.27,4.95
14754,4.28,4.95
14755,4.28,4.95
14757,4.27,4.95
14758,4.27,4.95
14759,4.28,4.95
14760,4.27,4.95
14761,4.27,4.95
14764,4.28,4.95
14765,4.28,4.95
14766,4.27,4.95
14767,4.28,4.95
14768,4.28,4.95
14769,4.28,4.95
14771,4.28,4.95
14772,4.28,4.95
14773,4.28,4.95
14774,4.28,4.95
14775,4.27,4.95
14777,4.27,4.95
14778,4.28,4.95
14779,4.27,4.95
14780,4.27,4.95
14781,4.28,4.95
14783,4.28,4.95
14784,4.28,4.95
14785,4.28,4.95
14786,4.28,4.95
14787,4.28,4.95
14788,4.28,4.95
14790,4.28,4.95
14791,4.28,4.95
14792,4.28,4.95
14793,4.27,4.95
14794,4.27,4.95
14796,4.27,4.95
14797,4.27,4.95
14798,4.27,4.95
14799,4.28,4.95
14800,4.28,4.95
14802,4.28,4.95
14803,4.27,4.95
14804,4.28,4.95
14806,4.27,4.95
14807,4.28,4.95
14808,4.28,4.95
14810,4.27,4.95
14811,4.27,4.95
14812,4.27,4.95
14813,4.28,4.95
14814,4.27,4.95
14816,4.28,4.95
14817,4.28,4.95
14818,4.28,4.95
14819,4.28,4.95
14820,4.28,4.95
14822,4.28,4.95
14823,4.28,4.95
14824,4.28,4.95
14825,4.28,4.95
14826,4.28,4.95
14827,4.28,4.95
14829,4.28,4.95
14830,4.28,4.95
14831,4.28,4.95
14832,4.28,4.95
14833,4.28,4.95
14835,4.28,4.95
14836,4.28,4.95
14837,4.28,4.95
14838,4.28,4.95
14839,4.28,4.95
14841,4.28,4.95
14842,4.28,4.95
14843,4.28,4.95
14844,4.28,4.95
14845,4.28,4.95
14846,4.28,4.95
14849,4.28,4.95
14850,4.28,4.95
14851,4.28,4.95
14852,4.28,4.95
14853,4.28,4.95
14855,4.28,4.95
14856,4.28,4.95
14857,4.28,4.95
14858,4.28,4.95
14859,4.28,4.95
14861,4.28,4.95
14862,4.28,4.95
14863,4.28,4.95
14864,4.28,4.95
14865,4.28,4.95
14866,4.28,4.95
14868,4.28,4.95
14869,4.28,4.95
14870,4.28,4.95
14871,4.28,4.95
14872,4.28,4.95
14874,4.28,4.95
14875,4.28,4.95
14876,4.28,4.95
14877,4.28,4.95
14878,4.28,4.95
14880,4.28,4.95
14881,4.28,4.95
14882,4.28,4.95
14883,4.28,4.95
14884,4.28,4.95
14885,4.28,4.95
14887,4.28,4.95
14888,4.28,4.95
14889,4.28,4.95
14891,4.28,4.95
14892,4.28,4.95
14894,4.28,4.95
14895,4.28,4.95
14896,4.28,4.95
14897,4.28,4.95
14898,4.28,4.95
14899,4.28,4.95
14901,4.28,4.95
14902,4.28,4.95
14903,4.28,4.95
14904,4.28,4.95
14905,4.28,4.95
14907,4.28,4.95
14908,4.28,4.95
14909,4.28,4.95
14910,4.28,4.95
14911,4.28,4.95
14912,4.28,4.94
14914,4.28,4.94
14915,4.28,4.93
14916,4.28,4.92
14917,4.28,4.92
14918,4.28,4.91
14920,4.28,4.91
14921,4.28,4.90
14922,4.28,4.89
14923,4.28,4.88
14924,4.28,4.87
14925,4.28,4.86
14927,4.27,4.86
14928,4.27,4.85
14929,4.27,4.84
14930,4.27,4.83
14931,4.27,4.82
14934,4.26,4.81
14935,4.26,4.80
14936,4.26,4.79
14937,4.26,4.79
14938,4.25,4.78
14939,4.25,4.77
14941,4.25,4.77
14942,4.24,4.76
14943,4.24,4.75
14944,4.24,4.74
14945,4.23,4.73
14947,4.23,4.72
14948,4.23,4.72
14949,4.23,4.71
14950,4.22,4.70
14951,4.22,4.69
14952,4.22,4.68
14954,4.22,4.68
14955,4.21,4.67
14956,4.21,4.66
14957,4.21,4.66
14958,4.21,4.65
14960,4.20,4.65
14961,4.20,4.64
14962,4.20,4.64
14963,4.20,4.63
14964,4.20,4.63
14965,4.20,4.62
14967,4.19,4.62
14968,4.19,4.61
14969,4.19,4.61
14970,4.19,4.61
14971,4.19,4.60
14972,4.19,4.60
14974,4.19,4.59
14976,4.19,4.59
14977,4.19,4.59
14978,4.19,4.59
14979,4.19,4.58
14981,4.19,4.58
14982,4.19,4.58
14983,4.19,4.58
14984,4.19,4.58
14985,4.19,4.57
14986,4.19,4.57
14988,4.20,4.57
14989,4.20,4.57
14990,4.20,4.57
14991,4.20,4.57
14992,4.20,4.57
14993,4.20,4.57
14995,4.20,4.57
14996,4.20,4.57
14997,4.21,4.57
14998,4.21,4.57
14999,4.21,4.57
15001,4.21,4.57
15002,4.21,4.57
15003,4.21,4.57
15004,4.22,4.57
15005,4.22,4.57
15006,4.22,4.57
15008,4.22,4.57
15009,4.22,4.57
15010,4.22,4.57
15011,4.22,4.57
15012,4.23,4.57
15014,4.23,4.57
15015,4.23,4.57
15016,4.23,4.57
15017,4.23,4.58
15019,4.24,4.58
15020,4.24,4.58
15022,4.24,4.58
15023,4.24,4.58
15024,4.24,4.59
15025,4.24,4.59
15026,4.24,4.59
15027,4.24,4.59
15029,4.25,4.59
15030,4.25,4.59
15031,4.25,4.59
15032,4.25,4.60
15033,4.25,4.60
15035,4.25,4.60
15036,4.26,4.60
15037,4.26,4.60
15038,4.26,4.60
15039,4.26,4.61
15040,4.26,4.61
15042,4.26,4.61
15043,4.26,4.61
15044,4.27,4.61
15045,4.27,4.61
15046,4.27,4.61
15047,4.27,4.61
15049,4.27,4.61
15050,4.27,4.61
15051,4.27,4.62
15052,4.27,4.62
15053,4.27,4.62
15055,4.27,4.62
15056,4.27,4.62
15057,4.27,4.62
15058,4.28,4.62
15059,4.28,4.62
15060,4.27,4.62
15063,4.28,4.62
15064,4.27,4.62
15065,4.28,4.62
15066,4.28,4.62
15067,4.28,4.62
15069,4.28,4.62
15070,4.28,4.62
15071,4.28,4.63
15072,4.28,4.63
15073,4.28,4.63
15074,4.28,4.63
15076,4.28,4.63
15077,4.28,4.63
15078,4.28,4.63
15079,4.28,4.63
15080,4.28,4.63
15082,4.28,4.63
15083,4.28,4.63
15084,4.28,4.63
15085,4.28,4.63
15086,4.28,4.63
15087,4.28,4.63
15089,4.28,4.63
15090,4.28,4.63
15091,4.28,4.63
15092,4.28,4.63
15093,4.28,4.63
15095,4.28,4.63
15096,4.28,4.63
15097,4.28,4.63
15098,4.28,4.64
15099,4.28,4.64
15100,4.28,4.63
15102,4.28,4.63
15104,4.28,4.64
15105,4.28,4.64
15106,4.28,4.64
15107,4.28,4.64
15108,4.28,4.64
15110,4.28,4.64
15111,4.28,4.64
15112,4.28,4.64
15113,4.28,4.64
15114,4.28,4.64
15116,4.28,4.64
15117,4.28,4.64
15118,4.28,4.64
15119,4.28,4.64
15120,4.28,4.64
15121,4.28,4.64
15123,4.28,4.64
15124,4.28,4.64
15125,4.28,4.64
15126,4.28,4.64
15127,4.28,4.64
15129,4.28,4.64
15130,4.28,4.64
15131,4.28,4.64
15132,4.28,4.64
15133,4.28,4.64
15134,4.28,4.64
15136,4.28,4.64
15137,4.28,4.64
15138,4.28,4.64
15139,4.29,4.64
15140,4.28,4.64
15142,4.28,4.64
15143,4.28,4.64
15144,4.29,4.65
15145,4.28,4.65
15147,4.28,4.65
15148,4.28,4.64
15150,4.28,4.65
15151,4.28,4.65
15152,4.29,4.65
15153,4.29,4.65
15154,4.28,4.65
15156,4.28,4.65
15157,4.29,4.65
15158,4.28,4.65
15159,4.28,4.65
15160,4.28,4.65
15161,4.28,4.65
15163,4.28,4.65
15164,4.28,4.65
15165,4.28,4.65
15166,4.28,4.65
15167,4.29,4.65
15168,4.29,4.65
15170,4.28,4.65
15171,4.28,4.65
15172,4.29,4.65
15173,4.29,4.65
15174,4.29,4.65
15176,4.29,4.65
15177,4.29,4.65
15178,4.29,4.65
15179,4.29,4.65
15180,4.29,4.65
15181,4.29,4.65
15183,4.29,4.65
15184,4.29,4.65
15185,4.29,4.65
15186,4.28,4.65
15187,4.28,4.65
15190,4.28,4.65
15191,4.28,4.65
15192,4.28,4.65
15193,4.28,4.65
15194,4.28,4.65
15195,4.28,4.65
15197,4.28,4.65
15198,4.28,4.65
15199,4.28,4.65
15200,4.28,4.65
15201,4.28,4.65
15203,4.28,4.65
15204,4.28,4.65
15205,4.28,4.65
15206,4.28,4.65
15207,4.28,4.65
15208,4.28,4.65
15210,4.28,4.65
15211,4.28,4.65
15212,4.28,4.65
15213,4.28,4.65
15214,4.28,4.65
15216,4.28,4.65
15217,4.28,4.65
15218,4.28,4.65
15219,4.28,4.65
15220,4.28,4.65
15221,4.28,4.65
15223,4.28,4.65
15224,4.28,4.65
15225,4.28,4.65
15226,4.28,4.65
15227,4.28,4.65
15228,4.28,4.65
15230,4.28,4.65
15232,4.28,4.65
15233,4.28,4.65
15234,4.28,4.65
15235,4.28,4.65
15237,4.28,4.65
15238,4.28,4.65
15239,4.28,4.65
15240,4.28,4.65
15241,4.28,4.65
15242,4.28,4.65
15244,4.28,4.65
15245,4.28,4.65
15246,4.28,4.65
15247,4.28,4.65
15248,4.28,4.65
15250,4.28,4.65
15251,4.28,4.65
15252,4.28,4.65
15253,4.28,4.65
15254,4.28,4.65
15255,4.28,4.65
15257,4.28,4.65
15258,4.28,4.65
15259,4.28,4.65
15260,4.28,4.65
15261,4.28,4.65
15263,4.28,4.65
15264,4.28,4.65
15265,4.28,4.65
15266,4.28,4.65
15267,4.28,4.65
15268,4.28,4.65
15270,4.28,4.65
15271,4.28,4.65
15272,4.28,4.65
15273,4.28,4.65
15275,4.28,4.65
15277,4.28,4.65
15278,4.28,4.65
15279,4.28,4.65
15280,4.28,4.65
15281,4.28,4.65
15282,4.28,4.65
15284,4.28,4.66
15285,4.28,4.65
15286,4.28,4.65
15287,4.28,4.66
15288,4.28,4.65
15289,4.28,4.65
15291,4.28,4.65
15292,4.28,4.65
15293,4.28,4.66
15294,4.28,4.65
15295,4.28,4.65
15297,4.28,4.66
15298,4.28,4.65
15299,4.28,4.66
15300,4.28,4.66
15301,4.28,4.65
15302,4.28,4.65
15304,4.28,4.65
15305,4.28,4.65
15306,4.28,4.65
15307,4.28,4.66
15308,4.28,4.65
15310,4.28,4.65
15311,4.28,4.65
15312,4.28,4.66
15313,4.28,4.66
15314,4.28,4.66
15315,4.28,4.66
15318,4.29,4.65
15319,4.29,4.66
15320,4.29,4.66
15321,4.29,4.65
15322,4.29,4.65
15324,4.29,4.66
15325,4.29,4.66
15326,4.28,4.66
15327,4.29,4.66
15328,4.28,4.66
15329,4.28,4.66
15331,4.28,4.66
15332,4.29,4.66
15333,4.29,4.66
15334,4.29,4.66
15335,4.29,4.66
15337,4.29,4.66
15338,4.29,4.66
15339,4.28,4.66
15340,4.28,4.66
15341,4.29,4.66
15342,4.29,4.66
15344,4.29,4.66
15345,4.28,4.66
15346,4.29,4.66
15347,4.29,4.66
15348,4.29,4.66
15349,4.28,4.66
15351,4.28,4.66
15352,4.29,4.66
15353,4.29,4.66
15354,4.29,4.66
15355,4.29,4.66
15357,4.29,4.66
15358,4.29,4.66
15360,4.29,4.66
15361,4.29,4.66
15362,4.29,4.66
15363,4.29,4.66
15365,4.29,4.66
15366,4.29,4.66
15367,4.29,4.66
15368,4.29,4.66
15369,4.29,4.66
15371,4.29,4.66
15372,4.29,4.66
15373,4.29,4.66
15374,4.29,4.66
15375,4.29,4.66
15376,4.29,4.66
15378,4.29,4.66
15379,4.29,4.66
15380,4.29,4.66
15381,4.29,4.66
15382,4.29,4.66
15384,4.29,4.66
15385,4.29,4.66
15386,4.29,4.66
15387,4.29,4.66
15388,4.29,4.66
15389,4.29,4.66
15391,4.29,4.66
15392,4.29,4.66
15393,4.29,4.66
15394,4.29,4.66
15395,4.29,4.66
15397,4.29,4.66
15398,4.29,4.66
15399,4.29,4.66
15400,4.29,4.66
15401,4.29,4.67
15403,4.29,4.66
15405,4.29,4.66
15406,4.29,4.66
15407,4.29,4.66
15408,4.29,4.67
15409,4.29,4.66
15410,4.29,4.66
15412,4.29,4.67
15413,4.29,4.67
15414,4.29,4.67
15415,4.29,4.67
15416,4.29,4.66
15418,4.29,4.67
15419,4.29,4.67
15420,4.29,4.67
15421,4.29,4.66
15422,4.29,4.67
15423,4.29,4.67
15425,4.29,4.67
15426,4.29,4.67
15427,4.29,4.67
15428,4.29,4.67
15429,4.29,4.67
15431,4.29,4.67
15432,4.29,4.67
15433,4.29,4.67
15434,4.29,4.67
15435,4.29,4.67
15436,4.29,4.67
15438,4.29,4.67
15439,4.29,4.67
15440,4.29,4.67
15441,4.29,4.67
15442,4.29,4.67
15444,4.29,4.67
15446,4.29,4.67
15447,4.29,4.67
15448,4.29,4.67
15449,4.29,4.67
15450,4.29,4.67
15452,4.29,4.67
15453,4.29,4.67
15454,4.29,4.67
15455,4.29,4.67
15456,4.29,4.67
15458,4.29,4.67
15459,4.29,4.67
15460,4.29,4.67
15461,4.29,4.67
15462,4.29,4.67
15463,4.29,4.67
15465,4.29,4.67
15466,4.29,4.67
15467,4.29,4.67
15468,4.29,4.67
15469,4.29,4.67
15470,4.29,4.67
15472,4.29,4.67
15473,4.29,4.67
15474,4.29,4.67
15475,4.29,4.67
15476,4.29,4.67
15478,4.29,4.67
15479,4.29,4.67
15480,4.29,4.67
15481,4.29,4.67
15482,4.29,4.67
15483,4.29,4.67
15485,4.29,4.67
15486,4.29,4.67
15488,4.29,4.67
15489,4.29,4.67
15490,4.29,4.67
15492,4.29,4.67
15493,4.29,4.67
15494,4.29,4.67
15495,4.29,4.67
15496,4.29,4.67
15497,4.29,4.67
15499,4.29,4.67
15500,4.29,4.67
15501,4.29,4.67
15502,4.29,4.67
15503,4.29,4.67
15505,4.29,4.67
15506,4.29,4.67
15507,4.29,4.67
15508,4.29,4.67
15509,4.29,4.67
15510,4.29,4.67
15512,4.29,4.67
