time_ms,ch1_v,ch2_v
61,4.44,4.52
62,4.44,4.52
63,4.44,4.52
64,4.44,4.52
65,4.44,4.52
66,4.44,4.52
67,4.44,4.52
68,4.44,4.52
69,4.44,4.52
70,4.44,4.52
71,4.44,4.52
72,4.44,4.52
73,4.44,4.52
74,4.44,4.52
75,4.44,4.53
76,4.44,4.52
77,4.44,4.52
78,4.44,4.52
79,4.44,4.53
80,4.44,4.52
81,4.44,4.53
82,4.44,4.52
83,4.44,4.52
84,4.44,4.52
87,4.44,4.52
88,4.44,4.52
89,4.44,4.52
90,4.44,4.52
91,4.44,4.53
92,4.44,4.53
93,4.44,4.52
94,4.44,4.53
95,4.44,4.52
96,4.44,4.53
97,4.44,4.53
98,4.44,4.53
99,4.44,4.53
100,4.44,4.53
101,4.44,4.53
102,4.44,4.53
103,4.44,4.52
104,4.44,4.53
105,4.44,4.53
106,4.44,4.52
107,4.44,4.52
109,4.44,4.53
110,4.44,4.52
111,4.44,4.53
112,4.44,4.53
113,4.44,4.53
114,4.44,4.52
115,4.44,4.52
116,4.44,4.53
117,4.44,4.52
118,4.44,4.52
119,4.44,4.53
120,4.44,4.52
122,4.44,4.53
123,4.44,4.52
124,4.44,4.52
125,4.44,4.52
126,4.44,4.52
128,4.44,4.53
129,4.44,4.53
130,4.44,4.53
131,4.44,4.52
132,4.44,4.53
133,4.44,4.52
134,4.44,4.52
135,4.44,4.52
137,4.44,4.52
138,4.44,4.52
139,4.44,4.52
140,4.44,4.53
141,4.44,4.52
142,4.44,4.53
143,4.44,4.53
144,4.44,4.52
145,4.44,4.52
146,4.44,4.53
147,4.44,4.53
148,4.44,4.53
150,4.44,4.53
151,4.44,4.53
152,4.44,4.53
153,4.44,4.53
154,4.44,4.52
155,4.44,4.52
156,4.44,4.52
157,4.44,4.52
158,4.44,4.53
159,4.44,4.53
160,4.44,4.53
161,4.44,4.53
163,4.44,4.53
164,4.44,4.53
165,4.44,4.53
166,4.44,4.52
167,4.44,4.53
168,4.44,4.53
169,4.44,4.53
171,4.44,4.52
172,4.44,4.53
173,4.44,4.53
174,4.44,4.52
175,4.44,4.53
177,4.44,4.53
178,4.44,4.53
179,4.44,4.53
180,4.44,4.53
181,4.44,4.53
182,4.44,4.53
183,4.44,4.53
184,4.44,4.52
185,4.44,4.52
186,4.44,4.53
187,4.44,4.53
188,4.44,4.53
190,4.44,4.53
191,4.44,4.53
192,4.44,4.53
193,4.44,4.52
194,4.44,4.53
195,4.44,4.52
196,4.44,4.52
197,4.44,4.53
198,4.44,4.53
199,4.44,4.53
200,4.44,4.53
201,4.44,4.53
203,4.44,4.53
204,4.44,4.53
205,4.44,4.52
206,4.44,4.52
207,4.44,4.52
208,4.44,4.52
209,4.44,4.52
210,4.44,4.53
211,4.44,4.53
212,4.44,4.53
214,4.44,4.53
215,4.44,4.52
217,4.44,4.53
218,4.44,4.53
219,4.44,4.52
220,4.44,4.53
221,4.44,4.53
222,4.44,4.53
223,4.44,4.53
224,4.44,4.52
225,4.44,4.52
226,4.44,4.52
227,4.44,4.53
228,4.44,4.53
229,4.44,4.53
231,4.44,4.53
232,4.44,4.53
233,4.44,4.53
234,4.44,4.53
235,4.44,4.52
236,4.44,4.52
237,4.44,4.53
238,4.44,4.52
239,4.44,4.52
240,4.44,4.53
241,4.44,4.53
242,4.44,4.53
244,4.44,4.53
245,4.44,4.53
246,4.44,4.52
247,4.44,4.53
248,4.44,4.52
249,4.44,4.52
250,4.44,4.53
251,4.44,4.53
252,4.44,4.53
253,4.44,4.53
254,4.44,4.53
256,4.44,4.52
258,4.44,4.53
259,4.44,4.52
260,4.44,4.53
261,4.44,4.53
262,4.44,4.53
263,4.44,4.52
264,4.44,4.53
265,4.44,4.53
266,4.44,4.52
267,4.44,4.52
268,4.44,4.52
269,4.44,4.53
271,4.44,4.53
272,4.44,4.53
273,4.44,4.52
274,4.44,4.53
275,4.44,4.53
276,4.44,4.53
277,4.44,4.52
278,4.44,4.53
279,4.44,4.53
280,4.44,4.52
281,4.44,4.52
282,4.44,4.53
284,4.44,4.52
285,4.44,4.52
286,4.44,4.53
287,4.44,4.52
288,4.44,4.53
289,4.44,4.53
290,4.44,4.53
291,4.44,4.53
292,4.44,4.52
293,4.44,4.53
294,4.44,4.53
295,4.44,4.53
297,4.44,4.52
299,4.44,4.53
300,4.44,4.52
301,4.44,4.52
302,4.44,4.53
303,4.44,4.53
304,4.44,4.52
305,4.44,4.53
306,4.44,4.53
307,4.44,4.52
308,4.44,4.53
309,4.44,4.52
310,4.44,4.53
312,4.44,4.52
313,4.44,4.53
314,4.44,4.53
315,4.44,4.53
316,4.44,4.53
317,4.44,4.53
318,4.44,4.53
319,4.44,4.53
320,4.44,4.53
321,4.44,4.53
322,4.44,4.53
323,4.44,4.53
325,4.44,4.53
326,4.44,4.53
327,4.44,4.53
328,4.44,4.53
329,4.44,4.53
330,4.44,4.52
331,4.44,4.53
332,4.44,4.53
333,4.44,4.53
334,4.44,4.53
335,4.44,4.53
336,4.44,4.53
338,4.44,4.53
339,4.44,4.53
340,4.44,4.52
342,4.44,4.53
343,4.44,4.53
344,4.44,4.53
345,4.44,4.53
346,4.44,4.53
347,4.44,4.53
348,4.44,4.53
349,4.44,4.53
351,4.44,4.53
352,4.44,4.53
353,4.44,4.53
354,4.44,4.53
355,4.44,4.53
356,4.44,4.53
357,4.44,4.53
358,4.44,4.52
359,4.44,4.53
360,4.44,4.53
361,4.44,4.53
362,4.44,4.53
364,4.44,4.53
365,4.44,4.53
366,4.44,4.53
367,4.44,4.53
368,4.44,4.53
369,4.44,4.53
370,4.44,4.53
371,4.44,4.53
372,4.44,4.53
373,4.44,4.53
374,4.44,4.53
375,4.44,4.53
377,4.44,4.53
378,4.44,4.53
379,4.44,4.53
380,4.44,4.53
381,4.44,4.53
382,4.44,4.53
384,4.44,4.53
385,4.44,4.53
386,4.44,4.53
387,4.44,4.53
388,4.44,4.53
389,4.44,4.53
391,4.44,4.53
392,4.44,4.53
393,4.44,4.53
394,4.44,4.53
395,4.44,4.53
396,4.44,4.53
397,4.44,4.53
398,4.44,4.53
399,4.44,4.53
400,4.44,4.53
401,4.44,4.53
402,4.44,4.53
404,4.44,4.53
405,4.44,4.53
406,4.44,4.53
407,4.44,4.53
408,4.44,4.53
409,4.44,4.53
410,4.44,4.53
411,4.44,4.53
412,4.44,4.53
413,4.44,4.53
414,4.44,4.53
416,4.44,4.53
417,4.44,4.53
418,4.44,4.53
419,4.44,4.53
420,4.44,4.53
421,4.44,4.53
422,4.44,4.53
423,4.44,4.53
424,4.44,4.53
425,4.44,4.53
427,4.44,4.53
428,4.44,4.53
430,4.44,4.53
431,4.44,4.53
432,4.44,4.53
433,4.44,4.53
434,4.44,4.53
435,4.44,4.53
436,4.44,4.53
437,4.44,4.53
438,4.44,4.53
439,4.44,4.53
440,4.44,4.53
441,4.44,4.53
443,4.44,4.53
444,4.44,4.53
445,4.44,4.53
446,4.44,4.53
447,4.44,4.53
448,4.44,4.52
449,4.44,4.53
450,4.44,4.53
451,4.44,4.53
452,4.44,4.53
453,4.44,4.53
454,4.44,4.53
456,4.44,4.53
457,4.44,4.53
458,4.44,4.53
459,4.44,4.53
460,4.44,4.53
461,4.44,4.53
462,4.44,4.53
463,4.44,4.53
464,4.44,4.53
465,4.44,4.53
466,4.44,4.53
467,4.44,4.53
470,4.44,4.53
471,4.44,4.53
472,4.44,4.53
473,4.44,4.53
474,4.44,4.53
475,4.44,4.53
476,4.44,4.53
477,4.44,4.53
478,4.44,4.53
479,4.44,4.53
480,4.44,4.53
481,4.44,4.53
483,4.44,4.53
484,4.44,4.53
485,4.44,4.53
486,4.44,4.53
487,4.44,4.53
488,4.44,4.53
489,4.44,4.53
490,4.44,4.53
491,4.44,4.53
492,4.44,4.53
493,4.44,4.53
495,4.44,4.53
496,4.44,4.53
497,4.44,4.53
498,4.44,4.53
499,4.44,4.53
500,4.44,4.53
501,4.44,4.53
502,4.44,4.53
503,4.44,4.53
504,4.44,4.53
505,4.44,4.53
506,4.44,4.53
508,4.44,4.53
509,4.44,4.53
510,4.44,4.53
512,4.44,4.53
513,4.44,4.53
514,4.44,4.53
515,4.44,4.53
516,4.44,4.53
517,4.44,4.53
518,4.44,4.53
519,4.44,4.53
520,4.44,4.53
522,4.44,4.53
523,4.44,4.53
524,4.44,4.53
525,4.44,4.53
526,4.44,4.53
527,4.44,4.53
528,4.44,4.53
529,4.44,4.53
530,4.44,4.53
531,4.44,4.53
532,4.44,4.53
533,4.44,4.53
535,4.44,4.53
536,4.44,4.53
537,4.44,4.53
538,4.44,4.53
539,4.44,4.53
540,4.44,4.53
541,4.44,4.53
542,4.44,4.53
543,4.44,4.53
544,4.44,4.53
545,4.44,4.53
546,4.44,4.53
548,4.44,4.53
549,4.44,4.53
550,4.44,4.53
551,4.44,4.53
552,4.44,4.53
553,4.44,4.53
555,4.44,4.53
556,4.44,4.53
557,4.44,4.53
558,4.44,4.53
559,4.44,4.53
561,4.44,4.53
562,4.44,4.53
563,4.44,4.53
564,4.44,4.53
565,4.44,4.53
566,4.44,4.53
567,4.44,4.53
568,4.44,4.53
569,4.44,4.53
570,4.44,4.53
571,4.44,4.53
572,4.44,4.53
574,4.44,4.53
575,4.44,4.53
576,4.44,4.53
577,4.44,4.53
578,4.44,4.53
579,4.44,4.53
580,4.44,4.53
581,4.44,4.53
582,4.44,4.53
583,4.44,4.53
584,4.44,4.53
585,4.44,4.53
587,4.44,4.53
588,4.44,4.53
589,4.44,4.53
590,4.44,4.53
591,4.44,4.53
592,4.44,4.53
593,4.44,4.53
594,4.44,4.53
595,4.44,4.53
596,4.44,4.53
598,4.44,4.53
599,4.44,4.53
601,4.44,4.53
602,4.44,4.53
603,4.44,4.53
604,4.44,4.53
605,4.44,4.53
606,4.44,4.53
607,4.44,4.53
608,4.44,4.53
609,4.44,4.53
610,4.44,4.53
611,4.44,4.53
613,4.44,4.53
614,4.44,4.53
615,4.44,4.53
616,4.44,4.53
617,4.44,4.53
618,4.44,4.53
619,4.44,4.53
620,4.44,4.53
621,4.44,4.53
622,4.44,4.53
623,4.44,4.53
624,4.44,4.53
626,4.44,4.53
627,4.44,4.53
628,4.44,4.53
629,4.44,4.53
630,4.44,4.53
631,4.44,4.53
632,4.44,4.53
633,4.44,4.53
634,4.44,4.53
635,4.44,4.53
636,4.44,4.53
637,4.44,4.53
640,4.44,4.53
641,4.44,4.53
642,4.44,4.53
643,4.44,4.53
644,4.44,4.53
645,4.44,4.53
646,4.44,4.53
647,4.44,4.52
648,4.44,4.53
649,4.44,4.53
650,4.44,4.53
651,4.44,4.53
653,4.44,4.53
654,4.44,4.53
655,4.44,4.53
656,4.44,4.53
657,4.44,4.53
658,4.44,4.53
659,4.44,4.53
660,4.44,4.53
661,4.44,4.53
662,4.44,4.53
663,4.44,4.53
664,4.44,4.53
666,4.44,4.53
667,4.44,4.53
668,4.44,4.53
669,4.44,4.53
670,4.44,4.53
671,4.44,4.53
672,4.44,4.53
673,4.44,4.53
674,4.44,4.53
675,4.44,4.53
676,4.44,4.53
677,4.44,4.53
679,4.44,4.53
680,4.44,4.53
681,4.44,4.53
683,4.44,4.53
684,4.44,4.53
685,4.44,4.53
686,4.44,4.53
687,4.44,4.53
688,4.44,4.53
689,4.44,4.53
690,4.44,4.53
692,4.44,4.53
693,4.44,4.53
694,4.44,4.53
695,4.44,4.53
696,4.44,4.53
697,4.44,4.53
698,4.44,4.53
699,4.44,4.53
700,4.44,4.53
701,4.44,4.53
702,4.44,4.53
703,4.44,4.53
705,4.44,4.53
706,4.44,4.53
707,4.44,4.53
708,4.44,4.53
709,4.44,4.53
710,4.44,4.53
711,4.44,4.53
712,4.44,4.53
713,4.44,4.53
714,4.44,4.53
715,4.44,4.53
716,4.44,4.53
718,4.44,4.53
719,4.44,4.53
720,4.44,4.53
721,4.44,4.53
722,4.44,4.53
723,4.44,4.53
724,4.44,4.53
726,4.44,4.53
727,4.44,4.53
728,4.44,4.53
729,4.44,4.53
730,4.44,4.53
732,4.44,4.53
733,4.44,4.53
734,4.44,4.53
735,4.44,4.53
736,4.44,4.53
737,4.44,4.53
738,4.44,4.53
739,4.44,4.53
740,4.44,4.53
741,4.44,4.53
742,4.44,4.53
744,4.44,4.53
745,4.44,4.53
746,4.44,4.53
747,4.44,4.53
748,4.44,4.53
749,4.44,4.53
750,4.44,4.53
751,4.44,4.53
752,4.44,4.53
753,4.44,4.53
754,4.44,4.53
755,4.44,4.53
757,4.44,4.53
758,4.44,4.53
759,4.44,4.53
760,4.44,4.53
761,4.44,4.53
762,4.44,4.53
763,4.44,4.53
764,4.44,4.53
765,4.44,4.53
766,4.44,4.53
768,4.44,4.53
769,4.44,4.53
771,4.44,4.53
772,4.44,4.53
773,4.44,4.53
774,4.44,4.53
775,4.44,4.53
776,4.44,4.53
777,4.44,4.53
778,4.44,4.53
779,4.44,4.53
780,4.44,4.53
781,4.44,4.53
782,4.44,4.53
784,4.44,4.53
785,4.44,4.53
786,4.44,4.53
787,4.44,4.53
788,4.44,4.53
789,4.44,4.53
790,4.44,4.53
791,4.44,4.53
792,4.44,4.53
793,4.44,4.53
794,4.44,4.53
795,4.44,4.53
797,4.44,4.53
798,4.44,4.53
799,4.44,4.53
800,4.44,4.53
801,4.44,4.53
802,4.44,4.53
803,4.44,4.53
804,4.44,4.53
805,4.44,4.53
806,4.44,4.53
807,4.44,4.53
808,4.44,4.53
811,4.44,4.53
812,4.44,4.53
813,4.44,4.53
814,4.44,4.53
815,4.44,4.53
816,4.44,4.53
817,4.44,4.53
818,4.44,4.53
819,4.44,4.53
820,4.44,4.53
821,4.44,4.53
823,4.44,4.53
824,4.44,4.53
825,4.44,4.53
826,4.44,4.53
827,4.44,4.53
828,4.44,4.53
829,4.44,4.53
830,4.44,4.53
831,4.44,4.53
832,4.44,4.53
833,4.44,4.53
834,4.44,4.53
836,4.44,4.53
837,4.44,4.53
838,4.44,4.53
839,4.44,4.53
840,4.44,4.53
841,4.44,4.53
842,4.44,4.53
843,4.44,4.53
844,4.44,4.53
845,4.44,4.53
846,4.44,4.53
847,4.44,4.53
849,4.44,4.53
850,4.44,4.53
851,4.44,4.53
852,4.44,4.53
854,4.44,4.53
855,4.44,4.53
856,4.44,4.53
857,4.44,4.53
858,4.44,4.53
859,4.44,4.53
860,4.44,4.53
861,4.44,4.53
863,4.44,4.53
864,4.44,4.53
865,4.44,4.53
866,4.44,4.53
867,4.44,4.53
868,4.44,4.53
869,4.44,4.53
870,4.44,4.53
871,4.44,4.53
872,4.44,4.53
873,4.44,4.53
875,4.44,4.53
876,4.44,4.53
877,4.44,4.53
878,4.44,4.53
879,4.44,4.53
880,4.44,4.53
881,4.44,4.53
882,4.44,4.53
883,4.44,4.53
884,4.44,4.53
885,4.44,4.53
886,4.44,4.53
888,4.44,4.53
889,4.44,4.53
890,4.44,4.53
891,4.44,4.53
892,4.44,4.53
893,4.44,4.53
894,4.44,4.53
896,4.44,4.53
897,4.44,4.53
898,4.44,4.53
899,4.44,4.53
900,4.44,4.53
902,4.44,4.53
903,4.44,4.53
904,4.44,4.53
905,4.44,4.53
906,4.44,4.53
907,4.44,4.53
908,4.44,4.53
909,4.44,4.53
910,4.44,4.53
911,4.44,4.53
912,4.44,4.53
913,4.44,4.53
915,4.44,4.53
916,4.44,4.53
917,4.44,4.53
918,4.44,4.53
919,4.44,4.53
920,4.44,4.53
921,4.44,4.53
922,4.44,4.53
923,4.44,4.53
924,4.44,4.53
925,4.44,4.53
926,4.44,4.53
928,4.44,4.53
929,4.44,4.53
930,4.44,4.53
931,4.44,4.53
932,4.44,4.53
933,4.44,4.53
934,4.44,4.53
935,4.44,4.53
936,4.44,4.53
937,4.44,4.53
939,4.44,4.53
940,4.44,4.53
942,4.44,4.53
943,4.44,4.53
944,4.44,4.53
945,4.44,4.53
946,4.44,4.53
947,4.44,4.53
948,4.44,4.53
949,4.44,4.53
950,4.44,4.53
951,4.44,4.53
952,4.44,4.53
953,4.44,4.53
955,4.44,4.53
956,4.45,4.53
957,4.44,4.53
958,4.44,4.53
959,4.44,4.53
960,4.44,4.53
961,4.44,4.53
962,4.44,4.53
963,4.44,4.53
964,4.44,4.53
965,4.44,4.53
967,4.44,4.53
968,4.44,4.53
969,4.44,4.53
970,4.44,4.53
971,4.44,4.53
972,4.44,4.53
973,4.44,4.53
974,4.44,4.53
975,4.44,4.53
976,4.44,4.53
977,4.44,4.53
978,4.44,4.53
980,4.45,4.53
982,4.44,4.53
983,4.44,4.53
984,4.44,4.53
985,4.44,4.53
986,4.44,4.53
987,4.44,4.53
988,4.44,4.53
989,4.44,4.53
990,4.44,4.53
991,4.45,4.53
992,4.44,4.53
994,4.44,4.53
995,4.44,4.52
996,4.44,4.52
997,4.44,4.53
998,4.44,4.53
999,4.44,4.53
1000,4.44,4.53
1001,4.44,4.53
1002,4.44,4.53
1003,4.44,4.53
1005,4.44,4.53
1006,4.44,4.53
1007,4.44,4.53
1008,4.44,4.53
1009,4.44,4.53
1010,4.44,4.53
1011,4.44,4.53
1013,4.44,4.53
1014,4.44,4.53
1015,4.44,4.53
1016,4.44,4.52
1017,4.44,4.52
1018,4.44,4.52
1019,4.44,4.52
1020,4.44,4.53
1022,4.44,4.52
1024,4.44,4.52
1025,4.44,4.52
1026,4.44,4.52
1027,4.44,4.52
1028,4.44,4.52
1029,4.44,4.52
1030,4.44,4.52
1032,4.44,4.52
1033,4.44,4.52
1034,4.44,4.52
1035,4.44,4.52
1036,4.44,4.52
1037,4.44,4.52
1038,4.44,4.52
1039,4.44,4.52
1041,4.44,4.52
1042,4.44,4.52
1043,4.44,4.52
1044,4.44,4.52
1045,4.44,4.52
1046,4.44,4.52
1047,4.43,4.51
1048,4.42,4.48
1050,4.39,4.45
1051,4.35,4.42
1052,4.32,4.39
1053,4.30,4.38
1054,4.29,4.38
1055,4.29,4.38
1056,4.28,4.37
1057,4.26,4.35
1059,4.23,4.32
1060,4.20,4.31
1061,4.19,4.29
1062,4.16,4.26
1063,4.13,4.23
1064,4.09,4.19
1065,4.05,4.15
1067,4.00,4.12
1069,3.96,4.09
1070,3.93,4.08
1071,3.92,4.08
1072,3.92,4.08
1073,3.93,4.09
1074,3.93,4.08
1075,3.92,4.05
1076,3.91,4.04
1078,3.90,4.04
1079,3.90,4.03
1080,3.89,4.01
1081,3.86,3.98
1082,3.84,3.95
1083,3.81,3.92
1084,3.78,3.89
1085,3.76,3.89
1087,3.75,3.89
1088,3.77,3.90
1089,3.79,3.91
1090,3.81,3.92
1091,3.81,3.91
1092,3.81,3.89
1093,3.80,3.90
1094,3.81,3.89
1096,3.81,3.88
1097,3.80,3.86
1098,3.78,3.83
1099,3.76,3.81
1100,3.73,3.78
1101,3.71,3.77
1102,3.71,3.77
1103,3.72,3.79
1105,3.75,3.81
1106,3.78,3.82
1107,3.79,3.82
1108,3.79,3.81
1110,3.79,3.81
1111,3.80,3.81
1112,3.81,3.81
1113,3.80,3.79
1115,3.79,3.78
1116,3.77,3.75
1117,3.75,3.73
1118,3.73,3.71
1119,3.72,3.72
1120,3.73,3.73
1121,3.75,3.75
1122,3.78,3.77
1124,3.80,3.78
1125,3.81,3.77
1126,3.80,3.76
1127,3.80,3.77
1128,3.81,3.77
1129,3.81,3.76
1130,3.80,3.75
1131,3.78,3.73
1133,3.76,3.71
1134,3.74,3.69
1135,3.72,3.69
1136,3.72,3.69
1137,3.73,3.71
1138,3.76,3.74
1139,3.78,3.75
1140,3.80,3.75
1142,3.80,3.74
1143,3.79,3.74
1144,3.80,3.75
1145,3.80,3.74
1146,3.79,3.73
1147,3.78,3.72
1148,3.76,3.70
1149,3.74,3.68
1152,3.72,3.67
1153,3.71,3.67
1154,3.72,3.69
1155,3.74,3.71
1156,3.77,3.73
1157,3.79,3.74
1158,3.80,3.74
1159,3.79,3.73
1161,3.80,3.74
1162,3.81,3.75
1163,3.81,3.74
1164,3.80,3.73
1165,3.78,3.71
1166,3.76,3.70
1167,3.74,3.68
1168,3.72,3.68
1170,3.73,3.69
1171,3.74,3.71
1172,3.77,3.73
1173,3.80,3.75
1174,3.81,3.75
1175,3.81,3.74
1176,3.81,3.76
1177,3.82,3.77
1179,3.83,3.77
1180,3.83,3.76
1181,3.82,3.75
1182,3.80,3.73
1183,3.78,3.71
1184,3.76,3.70
1185,3.76,3.71
1186,3.78,3.73
1188,3.80,3.75
1189,3.83,3.78
1190,3.86,3.78
1191,3.87,3.78
1192,3.87,3.78
1193,3.88,3.80
1195,3.90,3.81
1196,3.90,3.81
1198,3.89,3.79
1199,3.88,3.77
1200,3.85,3.76
1201,3.83,3.74
1202,3.82,3.74
1203,3.83,3.76
1204,3.85,3.78
1205,3.88,3.80
1207,3.91,3.82
1208,3.92,3.83
1209,3.93,3.83
1210,3.94,3.84
1211,3.96,3.86
1212,3.99,3.88
1213,4.01,3.90
1214,4.04,3.92
1216,4.07,3.94
1217,4.10,3.96
1218,4.13,3.98
1219,4.16,4.00
1220,4.19,4.02
1221,4.22,4.05
1222,4.24,4.06
1223,4.27,4.09
1225,4.29,4.11
1226,4.32,4.13
1227,4.34,4.14
1228,4.36,4.16
1229,4.38,4.18
1230,4.40,4.19
1231,4.42,4.21
1233,4.43,4.23
1234,4.45,4.24
1235,4.46,4.26
1236,4.48,4.27
1238,4.49,4.28
1239,4.50,4.29
1240,4.51,4.30
1241,4.52,4.31
1243,4.52,4.32
1244,4.53,4.33
1245,4.53,4.34
1246,4.54,4.34
1247,4.54,4.35
1248,4.54,4.35
1249,4.54,4.35
1250,4.54,4.36
1252,4.55,4.36
1253,4.54,4.36
1254,4.54,4.37
1255,4.54,4.37
1256,4.54,4.37
1257,4.54,4.37
1258,4.54,4.38
1259,4.53,4.38
1261,4.53,4.38
1262,4.53,4.38
1263,4.52,4.38
1264,4.52,4.38
1265,4.51,4.38
1266,4.51,4.38
1267,4.51,4.39
1268,4.50,4.39
1270,4.50,4.39
1271,4.50,4.39
1272,4.49,4.39
1273,4.49,4.39
1274,4.48,4.39
1275,4.48,4.39
1276,4.48,4.39
1277,4.47,4.39
1280,4.47,4.39
1281,4.47,4.40
1282,4.47,4.39
1283,4.46,4.40
1284,4.46,4.40
1285,4.46,4.40
1286,4.46,4.40
1287,4.45,4.40
1289,4.45,4.40
1290,4.45,4.40
1291,4.45,4.40
1292,4.45,4.40
1293,4.45,4.40
1294,4.44,4.40
1295,4.44,4.40
1296,4.44,4.40
1297,4.44,4.40
1299,4.44,4.41
1300,4.44,4.41
1301,4.44,4.41
1302,4.44,4.41
1303,4.44,4.41
1304,4.44,4.42
1305,4.43,4.42
1306,4.43,4.42
1308,4.43,4.42
1309,4.43,4.42
1310,4.43,4.42
1311,4.43,4.42
1312,4.43,4.43
1313,4.43,4.43
1314,4.43,4.43
1315,4.43,4.43
1317,4.43,4.43
1318,4.43,4.43
1319,4.43,4.43
1320,4.43,4.43
1321,4.43,4.44
1323,4.43,4.44
1324,4.43,4.44
1325,4.43,4.44
1327,4.43,4.44
1328,4.43,4.44
1329,4.43,4.44
1330,4.43,4.44
1331,4.43,4.44
1332,4.43,4.44
1333,4.43,4.44
1334,4.43,4.44
1336,4.43,4.44
1337,4.43,4.45
1338,4.43,4.45
1339,4.43,4.45
1340,4.43,4.45
1341,4.43,4.45
1342,4.42,4.45
1343,4.42,4.45
1345,4.43,4.45
1346,4.43,4.45
1347,4.43,4.45
1348,4.42,4.45
1349,4.43,4.45
1350,4.42,4.46
1351,4.42,4.46
1352,4.42,4.46
1354,4.42,4.46
1355,4.42,4.46
1356,4.42,4.46
1357,4.42,4.46
1358,4.42,4.46
1359,4.42,4.46
1360,4.42,4.47
1362,4.42,4.47
1363,4.42,4.47
1364,4.42,4.47
1366,4.42,4.47
1367,4.42,4.47
1368,4.42,4.47
1369,4.42,4.47
1370,4.42,4.47
1372,4.42,4.47
1373,4.42,4.47
1374,4.42,4.47
1375,4.42,4.47
1376,4.42,4.48
1377,4.42,4.48
1378,4.42,4.48
1379,4.42,4.48
1381,4.42,4.48
1382,4.42,4.48
1383,4.42,4.48
1384,4.42,4.48
1385,4.42,4.48
1386,4.42,4.48
1387,4.42,4.49
1388,4.42,4.49
1390,4.42,4.49
1391,4.42,4.49
1392,4.42,4.49
1393,4.42,4.49
1394,4.42,4.49
1395,4.42,4.49
1396,4.42,4.49
1398,4.42,4.49
1399,4.42,4.49
1400,4.42,4.49
1401,4.42,4.49
1402,4.42,4.50
1403,4.42,4.50
1404,4.42,4.50
1405,4.42,4.50
1408,4.42,4.50
1409,4.42,4.50
1410,4.42,4.50
1411,4.42,4.51
1412,4.42,4.51
1413,4.42,4.51
1414,4.42,4.51
1415,4.42,4.51
1417,4.42,4.51
1418,4.42,4.51
1419,4.42,4.51
1420,4.42,4.52
1421,4.42,4.52
1422,4.42,4.52
1423,4.42,4.52
1424,4.42,4.52
1426,4.42,4.53
1427,4.42,4.53
1428,4.42,4.53
1429,4.42,4.53
1430,4.42,4.54
1431,4.42,4.54
1432,4.42,4.54
1433,4.42,4.54
1435,4.42,4.54
1436,4.42,4.54
1437,4.42,4.55
1438,4.41,4.55
1439,4.41,4.55
1440,4.41,4.55
1441,4.41,4.55
1443,4.42,4.55
1444,4.42,4.56
1445,4.41,4.56
1446,4.41,4.56
1447,4.41,4.56
1448,4.41,4.56
1449,4.41,4.57
1451,4.41,4.57
1453,4.41,4.57
1454,4.42,4.57
1455,4.41,4.57
1456,4.41,4.57
1457,4.41,4.57
1458,4.41,4.57
1459,4.41,4.58
1460,4.41,4.58
1462,4.41,4.58
1463,4.41,4.58
1464,4.41,4.59
1465,4.41,4.59
1466,4.41,4.59
1467,4.42,4.59
1468,4.41,4.59
1469,4.41,4.60
1471,4.41,4.60
1472,4.41,4.60
1473,4.41,4.60
1474,4.41,4.61
1475,4.41,4.61
1476,4.41,4.61
1477,4.41,4.61
1478,4.41,4.62
1480,4.41,4.62
1481,4.41,4.62
1482,4.41,4.63
1483,4.41,4.63
1484,4.41,4.63
1485,4.41,4.64
1486,4.41,4.64
1487,4.41,4.64
1489,4.41,4.65
1490,4.41,4.65
1491,4.41,4.65
1492,4.41,4.66
1494,4.41,4.66
1495,4.41,4.66
1496,4.41,4.67
1497,4.41,4.67
1499,4.41,4.67
1500,4.41,4.67
1501,4.41,4.68
1502,4.41,4.68
1503,4.41,4.68
1504,4.41,4.69
1505,4.41,4.69
1506,4.41,4.69
1508,4.41,4.69
1509,4.41,4.70
1510,4.41,4.70
1511,4.41,4.70
1512,4.41,4.70
1513,4.41,4.71
1514,4.41,4.71
1516,4.41,4.71
1517,4.41,4.71
1518,4.41,4.72
1519,4.41,4.72
1520,4.41,4.72
1521,4.40,4.72
1522,4.41,4.72
1523,4.41,4.73
1525,4.41,4.73
1526,4.41,4.73
1527,4.40,4.73
1528,4.40,4.74
1529,4.40,4.74
1530,4.40,4.74
1531,4.40,4.74
1532,4.40,4.74
1534,4.40,4.74
1536,4.40,4.75
1537,4.40,4.75
1538,4.40,4.75
1539,4.40,4.75
1540,4.40,4.75
1541,4.40,4.75
1542,4.40,4.75
1544,4.40,4.76
1545,4.40,4.76
1546,4.40,4.76
1547,4.40,4.76
1548,4.40,4.76
1549,4.40,4.77
1550,4.40,4.76
1551,4.40,4.77
1553,4.40,4.77
1554,4.40,4.77
1555,4.40,4.77
1556,4.40,4.77
1557,4.40,4.77
1558,4.40,4.77
1559,4.40,4.77
1560,4.40,4.77
1562,4.40,4.77
1563,4.40,4.77
1564,4.40,4.77
1565,4.40,4.77
1566,4.40,4.77
1567,4.40,4.77
1568,4.40,4.77
1569,4.40,4.77
1571,4.40,4.77
1572,4.39,4.77
1573,4.40,4.77
1574,4.39,4.77
1575,4.39,4.77
1576,4.39,4.77
1577,4.39,4.77
1580,4.39,4.77
1581,4.39,4.76
1582,4.39,4.76
1583,4.39,4.76
1584,4.39,4.76
1585,4.39,4.76
1586,4.40,4.76
1587,4.39,4.76
1589,4.39,4.76
1590,4.39,4.76
1591,4.39,4.76
1592,4.39,4.75
1593,4.39,4.75
1594,4.40,4.75
1595,4.39,4.75
1596,4.39,4.75
1598,4.39,4.75
1599,4.39,4.74
1600,4.40,4.74
1601,4.39,4.74
1602,4.39,4.74
1603,4.39,4.73
1604,4.39,4.73
1605,4.39,4.73
1607,4.39,4.73
1608,4.39,4.72
1609,4.39,4.72
1610,4.39,4.72
1611,4.39,4.72
1612,4.39,4.71
1613,4.39,4.71
1614,4.39,4.71
1616,4.39,4.70
1617,4.39,4.70
1618,4.39,4.70
1619,4.39,4.69
1620,4.39,4.69
1622,4.39,4.68
1623,4.39,4.68
1624,4.39,4.67
1626,4.39,4.67
1627,4.39,4.66
1628,4.39,4.66
1629,4.39,4.65
1630,4.39,4.65
1631,4.39,4.65
1632,4.39,4.64
1633,4.39,4.63
1635,4.39,4.63
1636,4.39,4.62
1637,4.39,4.62
1638,4.39,4.61
1639,4.39,4.61
1640,4.38,4.60
1641,4.38,4.60
1642,4.39,4.59
1644,4.39,4.59
1645,4.38,4.58
1646,4.38,4.58
1647,4.39,4.57
1648,4.38,4.57
1649,4.38,4.57
1650,4.38,4.56
1651,4.38,4.55
1653,4.38,4.55
1654,4.38,4.54
1655,4.38,4.54
1656,4.38,4.53
1657,4.38,4.52
1658,4.38,4.52
1659,4.38,4.51
1661,4.38,4.51
1662,4.38,4.50
1664,4.38,4.50
1665,4.38,4.49
1666,4.38,4.48
1667,4.38,4.48
1668,4.38,4.47
1669,4.38,4.47
1671,4.38,4.46
1672,4.38,4.45
1673,4.38,4.45
1674,4.38,4.44
1675,4.38,4.44
1676,4.38,4.43
1677,4.38,4.43
1678,4.37,4.42
1680,4.37,4.42
1681,4.37,4.41
1682,4.37,4.41
1683,4.37,4.40
1684,4.37,4.40
1685,4.38,4.39
1686,4.37,4.39
1687,4.37,4.38
1689,4.37,4.37
1690,4.37,4.37
1691,4.37,4.37
1692,4.37,4.36
1693,4.37,4.35
1694,4.37,4.35
1695,4.37,4.35
1696,4.37,4.35
1698,4.37,4.34
1699,4.37,4.34
1700,4.37,4.33
1701,4.37,4.33
1702,4.37,4.32
1703,4.37,4.32
1704,4.37,4.31
1707,4.37,4.31
1708,4.37,4.30
1709,4.37,4.30
1710,4.37,4.30
1711,4.37,4.29
1712,4.37,4.29
1713,4.37,4.29
1714,4.37,4.28
1716,4.37,4.28
1717,4.37,4.27
1718,4.37,4.27
1719,4.37,4.27
1720,4.37,4.26
1721,4.37,4.26
1722,4.37,4.26
1723,4.37,4.26
1725,4.37,4.25
1726,4.37,4.25
1727,4.37,4.25
1728,4.37,4.24
1729,4.37,4.24
1730,4.37,4.24
1731,4.37,4.23
1732,4.37,4.23
1734,4.37,4.23
1735,4.37,4.23
1736,4.37,4.23
1737,4.37,4.22
1738,4.37,4.22
1739,4.37,4.22
1740,4.37,4.22
1741,4.37,4.22
1743,4.37,4.21
1744,4.37,4.21
1745,4.37,4.21
1746,4.37,4.21
1747,4.37,4.21
1748,4.37,4.21
1750,4.37,4.20
1752,4.37,4.20
1753,4.37,4.20
1754,4.37,4.20
1755,4.37,4.20
1756,4.37,4.20
1757,4.37,4.20
1758,4.37,4.20
1759,4.37,4.20
1761,4.37,4.19
1762,4.37,4.19
1763,4.37,4.19
1764,4.37,4.19
1765,4.37,4.19
1766,4.37,4.19
1767,4.37,4.19
1768,4.37,4.19
1770,4.37,4.19
1771,4.37,4.19
1772,4.37,4.19
1773,4.37,4.19
1774,4.37,4.19
1775,4.37,4.19
1776,4.37,4.19
1777,4.37,4.19
1779,4.37,4.19
1780,4.37,4.19
1781,4.37,4.19
1782,4.37,4.19
1783,4.37,4.19
1784,4.37,4.19
1785,4.37,4.19
1787,4.37,4.19
1788,4.37,4.19
1789,4.37,4.19
1790,4.37,4.19
1792,4.37,4.19
1793,4.37,4.19
1794,4.37,4.19
1795,4.37,4.19
1797,4.37,4.19
1798,4.37,4.20
1799,4.37,4.20
1800,4.37,4.20
1801,4.37,4.20
1802,4.37,4.20
1803,4.37,4.20
1804,4.37,4.20
1806,4.37,4.20
1807,4.37,4.20
1808,4.37,4.20
1809,4.37,4.20
1810,4.37,4.20
1811,4.37,4.20
1812,4.37,4.20
1813,4.37,4.20
1815,4.37,4.20
1816,4.37,4.20
1817,4.37,4.20
1818,4.37,4.20
1819,4.37,4.20
1820,4.37,4.20
1821,4.37,4.20
1822,4.37,4.20
1824,4.37,4.20
1825,4.37,4.20
1826,4.37,4.20
1827,4.37,4.20
1828,4.37,4.20
1829,4.37,4.20
1830,4.37,4.20
1831,4.37,4.20
1833,4.37,4.20
1835,4.37,4.20
1836,4.37,4.20
1837,4.37,4.20
1838,4.37,4.20
1839,4.37,4.20
1840,4.37,4.20
1841,4.37,4.20
1843,4.37,4.20
1844,4.37,4.20
1845,4.37,4.20
1846,4.37,4.20
1847,4.37,4.20
1848,4.37,4.20
1849,4.37,4.19
1850,4.37,4.19
1852,4.37,4.19
1853,4.37,4.19
1854,4.37,4.19
1855,4.37,4.19
1856,4.37,4.19
1857,4.37,4.19
1858,4.37,4.19
1859,4.37,4.18
1861,4.37,4.18
1862,4.37,4.18
1863,4.37,4.18
1864,4.37,4.19
1865,4.37,4.19
1866,4.37,4.18
1867,4.37,4.19
1868,4.37,4.19
1870,4.37,4.19
1871,4.37,4.19
1872,4.37,4.19
1873,4.37,4.20
1874,4.37,4.20
1875,4.37,4.21
1876,4.37,4.21
1878,4.37,4.21
1880,4.37,4.22
1881,4.37,4.22
1882,4.37,4.23
1883,4.37,4.23
1884,4.37,4.23
1885,4.37,4.24
1886,4.37,4.24
1887,4.37,4.25
1889,4.37,4.25
1890,4.37,4.25
1891,4.37,4.26
1892,4.38,4.26
1893,4.38,4.26
1894,4.37,4.27
1895,4.37,4.27
1896,4.38,4.28
1898,4.38,4.28
1899,4.37,4.28
1900,4.38,4.29
1901,4.37,4.29
1902,4.37,4.29
1903,4.38,4.30
1904,4.38,4.30
1906,4.38,4.31
1907,4.38,4.31
1908,4.38,4.31
1909,4.38,4.32
1910,4.38,4.32
1911,4.38,4.32
1912,4.38,4.33
1913,4.38,4.33
1915,4.37,4.33
1916,4.37,4.34
1917,4.37,4.34
1918,4.37,4.34
1920,4.37,4.35
1921,4.38,4.35
1922,4.37,4.35
1923,4.37,4.35
1925,4.37,4.36
1926,4.38,4.36
1927,4.37,4.36
1928,4.37,4.36
1929,4.37,4.37
1930,4.37,4.37
1931,4.37,4.37
1932,4.37,4.38
1934,4.37,4.38
1935,4.37,4.38
1936,4.37,4.39
1937,4.37,4.39
1938,4.37,4.39
1939,4.37,4.40
1940,4.38,4.40
1941,4.37,4.40
1943,4.38,4.40
1944,4.37,4.41
1945,4.37,4.41
1946,4.37,4.41
1947,4.37,4.42
1948,4.37,4.42
1949,4.37,4.42
1950,4.37,4.42
1952,4.37,4.43
1953,4.37,4.43
1954,4.37,4.43
1955,4.37,4.43
1956,4.37,4.44
1957,4.38,4.44
1958,4.38,4.44
1959,4.37,4.44
1961,4.37,4.45
1963,4.38,4.45
1964,4.38,4.45
1965,4.38,4.45
1966,4.38,4.46
1967,4.37,4.46
1968,4.38,4.46
1969,4.38,4.46
1971,4.38,4.47
1972,4.37,4.47
1973,4.38,4.47
1974,4.38,4.48
1975,4.38,4.48
1976,4.38,4.48
1977,4.38,4.49
1979,4.38,4.49
1980,4.38,4.50
1981,4.38,4.50
1982,4.38,4.50
1983,4.38,4.51
1984,4.38,4.51
1985,4.38,4.52
1986,4.38,4.52
1988,4.38,4.53
1989,4.38,4.53
1990,4.38,4.53
1991,4.38,4.54
1992,4.38,4.54
1993,4.38,4.55
1994,4.38,4.55
1995,4.38,4.56
1997,4.38,4.56
1998,4.38,4.56
1999,4.38,4.57
2000,4.38,4.57
2001,4.38,4.57
2002,4.38,4.58
2003,4.38,4.58
2004,4.38,4.58
2007,4.38,4.59
2008,4.38,4.59
2009,4.38,4.60
2010,4.38,4.60
2011,4.38,4.61
2012,4.38,4.61
2013,4.38,4.62
2014,4.38,4.62
2016,4.38,4.63
2017,4.38,4.63
2018,4.38,4.64
2019,4.38,4.65
2020,4.39,4.65
2021,4.38,4.66
2022,4.38,4.67
2023,4.38,4.67
2025,4.39,4.68
2026,4.38,4.69
2027,4.38,4.69
2028,4.39,4.70
2029,4.39,4.71
2030,4.39,4.72
2031,4.39,4.72
2032,4.39,4.73
2034,4.39,4.74
2035,4.39,4.75
2036,4.39,4.76
2037,4.39,4.77
2038,4.39,4.78
2039,4.39,4.78
2040,4.39,4.79
2041,4.39,4.79
2043,4.39,4.80
2044,4.39,4.81
2045,4.39,4.82
2046,4.39,4.82
2048,4.39,4.83
2049,4.39,4.83
2050,4.39,4.84
2051,4.39,4.84
2053,4.39,4.85
2054,4.39,4.85
2055,4.39,4.86
2056,4.39,4.86
2057,4.39,4.86
2058,4.39,4.87
2059,4.39,4.87
2060,4.39,4.87
2062,4.39,4.87
2063,4.38,4.86
2064,4.38,4.86
2065,4.38,4.85
2066,4.38,4.85
2067,4.38,4.84
2068,4.38,4.83
2069,4.38,4.83
2071,4.38,4.82
2072,4.38,4.81
2073,4.38,4.81
2074,4.38,4.81
2075,4.38,4.80
2076,4.38,4.80
2077,4.38,4.79
2078,4.38,4.78
2080,4.38,4.78
2081,4.38,4.78
2082,4.38,4.77
2083,4.38,4.76
2084,4.38,4.76
2085,4.38,4.75
2086,4.38,4.74
2087,4.38,4.73
2089,4.38,4.72
2091,4.38,4.72
2092,4.38,4.71
2093,4.38,4.70
2094,4.38,4.69
2095,4.38,4.68
2096,4.38,4.67
2097,4.38,4.67
2099,4.38,4.66
2100,4.38,4.65
2101,4.38,4.64
2102,4.38,4.63
2103,4.38,4.63
2104,4.38,4.62
2105,4.38,4.61
2106,4.38,4.60
2108,4.38,4.60
2109,4.38,4.59
2110,4.38,4.58
2111,4.38,4.57
2112,4.38,4.57
2113,4.38,4.56
2114,4.38,4.56
2115,4.38,4.55
2117,4.38,4.54
2118,4.38,4.54
2119,4.37,4.53
2120,4.37,4.53
2121,4.38,4.52
2122,4.37,4.52
2123,4.37,4.51
2124,4.37,4.51
2126,4.37,4.50
2127,4.37,4.50
2128,4.37,4.49
2129,4.38,4.49
2130,4.37,4.49
2131,4.37,4.48
2132,4.38,4.48
2134,4.37,4.47
2136,4.37,4.47
2137,4.38,4.47
2138,4.37,4.46
2139,4.38,4.46
2140,4.37,4.46
2141,4.37,4.46
2142,4.37,4.45
2144,4.38,4.45
2145,4.38,4.45
2146,4.38,4.45
2147,4.38,4.45
2148,4.38,4.44
2149,4.38,4.44
2150,4.38,4.44
2151,4.38,4.44
2153,4.38,4.44
2154,4.38,4.44
2155,4.38,4.44
2156,4.38,4.44
2157,4.38,4.44
2158,4.38,4.44
2159,4.38,4.44
2160,4.38,4.44
2162,4.38,4.44
2163,4.38,4.43
2164,4.38,4.43
2165,4.38,4.43
2166,4.38,4.43
2167,4.38,4.43
2168,4.38,4.44
2169,4.39,4.43
2171,4.39,4.43
2172,4.39,4.44
2173,4.39,4.43
2174,4.39,4.44
2176,4.39,4.44
2177,4.39,4.44
2178,4.39,4.44
2179,4.39,4.44
2181,4.39,4.44
2182,4.39,4.44
2183,4.39,4.44
2184,4.40,4.44
2185,4.39,4.44
2186,4.39,4.44
2187,4.39,4.45
2188,4.39,4.45
2190,4.39,4.45
2191,4.39,4.45
2192,4.40,4.45
2193,4.39,4.45
2194,4.39,4.45
2195,4.40,4.46
2196,4.39,4.46
2197,4.40,4.46
2199,4.39,4.46
2200,4.39,4.46
2201,4.39,4.46
2202,4.40,4.46
2203,4.40,4.46
2204,4.40,4.46
2205,4.40,4.46
2206,4.40,4.47
2208,4.40,4.46
2209,4.40,4.47
2210,4.40,4.47
2211,4.40,4.47
2212,4.40,4.47
2213,4.40,4.47
2214,4.40,4.47
2215,4.40,4.47
2217,4.40,4.47
2219,4.40,4.47
2220,4.40,4.47
2221,4.40,4.47
2222,4.40,4.47
2223,4.40,4.47
2224,4.40,4.48
2225,4.40,4.48
2227,4.40,4.48
2228,4.40,4.48
2229,4.40,4.48
2230,4.40,4.48
2231,4.40,4.48
2232,4.40,4.48
2233,4.40,4.48
2235,4.40,4.48
2236,4.40,4.48
2237,4.40,4.48
2238,4.40,4.48
2239,4.40,4.48
2240,4.40,4.48
2241,4.40,4.48
2242,4.40,4.48
2243,4.40,4.48
2245,4.40,4.48
2246,4.40,4.48
2247,4.40,4.49
2248,4.40,4.49
2249,4.40,4.49
2250,4.40,4.49
2251,4.40,4.49
2252,4.40,4.49
2254,4.40,4.49
2255,4.40,4.49
2256,4.40,4.49
2257,4.40,4.49
2258,4.40,4.49
2259,4.40,4.49
2260,4.40,4.50
2262,4.40,4.50
2264,4.40,4.50
2265,4.40,4.49
2266,4.40,4.50
2267,4.40,4.50
2268,4.40,4.50
2269,4.40,4.50
2270,4.40,4.50
2271,4.40,4.50
2272,4.40,4.50
2274,4.40,4.50
2275,4.40,4.50
2276,4.40,4.50
2277,4.40,4.50
2278,4.40,4.50
2279,4.40,4.50
2280,4.40,4.51
2281,4.40,4.51
2283,4.40,4.51
2284,4.40,4.51
2285,4.40,4.51
2286,4.40,4.51
2287,4.40,4.51
2288,4.40,4.51
2289,4.40,4.51
2290,4.40,4.51
2292,4.40,4.51
2293,4.40,4.51
2294,4.40,4.51
2295,4.40,4.51
2296,4.40,4.51
2297,4.40,4.51
2298,4.40,4.51
2299,4.40,4.51
2301,4.40,4.52
2302,4.40,4.52
2304,4.40,4.52
2305,4.40,4.52
2306,4.40,4.52
2307,4.40,4.52
2308,4.40,4.52
2309,4.40,4.52
2311,4.40,4.52
2312,4.40,4.52
2313,4.40,4.52
2314,4.40,4.52
2315,4.40,4.52
2316,4.40,4.52
2317,4.40,4.52
2318,4.40,4.52
2320,4.40,4.52
2321,4.40,4.52
2322,4.40,4.52
2323,4.40,4.52
2324,4.40,4.52
2325,4.40,4.53
2326,4.40,4.53
2327,4.40,4.53
2329,4.40,4.53
2330,4.40,4.53
2331,4.40,4.53
2332,4.40,4.53
2333,4.40,4.53
2334,4.40,4.53
2335,4.40,4.53
2337,4.40,4.53
2338,4.40,4.53
2339,4.40,4.52
2340,4.38,4.49
2341,4.35,4.46
2342,4.34,4.46
2343,4.33,4.45
2344,4.32,4.42
2347,4.29,4.39
2348,4.24,4.35
2349,4.20,4.31
2350,4.15,4.28
2351,4.12,4.26
2352,4.10,4.25
2353,4.09,4.25
2354,4.09,4.26
2356,4.09,4.26
2357,4.09,4.24
2358,4.07,4.22
2359,4.06,4.21
2360,4.05,4.22
2361,4.06,4.21
2362,4.05,4.19
2363,4.03,4.17
2365,4.00,4.13
2366,3.97,4.10
2367,3.94,4.09
2368,3.93,4.08
2369,3.93,4.09
2370,3.93,4.10
2371,3.95,4.11
2372,3.96,4.11
2374,3.96,4.09
2375,3.95,4.08
2376,3.95,4.09
2377,3.97,4.09
2378,3.96,4.07
2379,3.95,4.05
2380,3.93,4.02
2382,3.90,3.99
2383,3.88,3.97
2384,3.87,3.96
2385,3.87,3.97
2386,3.88,3.98
2387,3.90,4.00
2388,3.91,4.00
2390,3.92,4.00
2391,3.92,3.99
2393,3.92,3.99
2394,3.93,4.00
2395,3.94,4.00
2396,3.94,3.98
2397,3.93,3.95
2398,3.91,3.93
2399,3.88,3.91
2400,3.86,3.90
2402,3.86,3.91
2403,3.87,3.91
2404,3.89,3.93
2405,3.91,3.95
2406,3.93,3.96
2407,3.93,3.95
2408,3.93,3.95
2409,3.94,3.96
2411,3.95,3.96
2412,3.96,3.95
2413,3.95,3.93
2414,3.93,3.91
2415,3.91,3.89
2416,3.88,3.88
2417,3.87,3.88
2419,3.88,3.89
2420,3.89,3.91
2421,3.91,3.92
2422,3.94,3.94
2423,3.95,3.94
2424,3.95,3.93
2425,3.95,3.94
2426,3.96,3.95
2428,3.97,3.95
2429,3.97,3.93
2430,3.95,3.91
2432,3.93,3.89
2433,3.91,3.87
2434,3.89,3.87
2435,3.89,3.88
2436,3.90,3.90
2438,3.91,3.91
2439,3.94,3.93
2440,3.96,3.94
2441,3.96,3.93
2442,3.95,3.93
2443,3.96,3.95
2444,3.98,3.95
2445,3.98,3.94
2447,3.96,3.92
2448,3.94,3.90
2449,3.92,3.88
2450,3.90,3.87
2451,3.89,3.87
2452,3.90,3.89
2453,3.91,3.91
2454,3.93,3.92
2456,3.95,3.94
2457,3.96,3.93
2458,3.95,3.93
2459,3.96,3.95
2460,3.98,3.96
2461,3.98,3.95
2462,3.97,3.94
2463,3.95,3.91
2465,3.93,3.89
2466,3.91,3.87
2467,3.89,3.87
2468,3.89,3.88
2469,3.90,3.90
2470,3.92,3.92
2471,3.94,3.94
2472,3.96,3.94
2475,3.96,3.93
2476,3.95,3.94
2477,3.97,3.96
2478,3.98,3.96
2479,3.98,3.94
2480,3.96,3.92
2481,3.94,3.91
2482,3.91,3.88
2484,3.89,3.87
2485,3.89,3.88
2486,3.89,3.89
2487,3.91,3.91
2488,3.93,3.93
2489,3.95,3.94
2490,3.96,3.93
2491,3.95,3.93
2493,3.95,3.94
2494,3.97,3.95
2495,3.97,3.94
2496,3.96,3.92
2497,3.94,3.91
2498,3.91,3.88
2499,3.89,3.86
2500,3.88,3.86
2502,3.88,3.87
2503,3.89,3.89
2504,3.91,3.91
2505,3.93,3.93
2506,3.94,3.93
2507,3.95,3.93
2508,3.95,3.94
2509,3.97,3.97
2511,4.00,3.99
2512,4.02,4.01
2513,4.04,4.01
2514,4.04,4.00
2515,4.02,3.98
2516,4.02,3.99
2518,4.02,4.00
2519,4.04,4.02
2521,4.06,4.04
2522,4.08,4.06
2523,4.10,4.08
2524,4.13,4.10
2525,4.14,4.11
2526,4.16,4.13
2527,4.19,4.15
2528,4.21,4.18
2530,4.23,4.18
2531,4.23,4.17
2532,4.22,4.15
2533,4.20,4.14
2534,4.20,4.14
2535,4.20,4.15
2536,4.21,4.16
2537,4.22,4.18
2539,4.24,4.20
2540,4.26,4.22
2541,4.27,4.23
2542,4.29,4.24
2543,4.30,4.26
2544,4.32,4.28
2545,4.34,4.29
2546,4.35,4.28
2548,4.33,4.26
2549,4.31,4.24
2550,4.29,4.23
2551,4.28,4.23
2552,4.28,4.24
2553,4.29,4.25
2554,4.29,4.26
2556,4.30,4.27
2557,4.32,4.29
2558,4.33,4.30
2560,4.34,4.32
2561,4.35,4.33
2562,4.37,4.34
2563,4.38,4.34
2564,4.37,4.32
2566,4.34,4.29
2567,4.32,4.28
2568,4.31,4.27
2569,4.30,4.27
2570,4.30,4.28
2571,4.31,4.29
2572,4.31,4.30
2573,4.32,4.31
2575,4.33,4.32
2576,4.34,4.33
2577,4.35,4.35
2578,4.36,4.36
2579,4.37,4.36
2580,4.37,4.35
2581,4.35,4.32
2583,4.33,4.30
2584,4.31,4.30
2585,4.30,4.30
2586,4.30,4.30
2587,4.30,4.30
2588,4.31,4.31
2589,4.31,4.32
2590,4.32,4.33
2592,4.33,4.34
2593,4.34,4.35
2594,4.35,4.36
2595,4.36,4.38
2596,4.37,4.37
2597,4.36,4.35
2598,4.33,4.32
2599,4.31,4.31
2601,4.30,4.31
2603,4.30,4.31
2604,4.30,4.31
2605,4.30,4.32
2606,4.30,4.33
2607,4.31,4.34
2608,4.32,4.35
2609,4.33,4.36
2611,4.34,4.37
2612,4.35,4.38
2613,4.36,4.38
2614,4.36,4.36
2615,4.34,4.34
2616,4.31,4.32
2617,4.30,4.32
2619,4.30,4.31
2620,4.29,4.32
2621,4.29,4.32
2622,4.30,4.33
2623,4.31,4.34
2624,4.31,4.35
2625,4.33,4.36
2626,4.34,4.37
2628,4.35,4.38
2629,4.36,4.39
2630,4.36,4.38
2631,4.35,4.35
2632,4.32,4.33
2633,4.30,4.32
2634,4.29,4.32
2635,4.29,4.32
2637,4.29,4.33
2638,4.30,4.33
2639,4.30,4.34
2640,4.31,4.35
2641,4.32,4.36
2642,4.33,4.37
2643,4.34,4.38
2644,4.35,4.40
2647,4.36,4.39
2648,4.35,4.37
2649,4.33,4.34
2650,4.31,4.33
2651,4.30,4.32
2652,4.29,4.32
2653,4.29,4.33
2654,4.29,4.33
2656,4.30,4.34
2657,4.30,4.35
2658,4.31,4.35
2659,4.32,4.37
2660,4.33,4.38
2661,4.35,4.39
2662,4.35,4.39
2664,4.35,4.37
2665,4.34,4.35
2666,4.31,4.32
2667,4.29,4.32
2668,4.28,4.32
2669,4.28,4.32
2670,4.28,4.32
2671,4.28,4.33
2673,4.29,4.34
2674,4.30,4.35
2675,4.31,4.35
2676,4.32,4.36
2677,4.33,4.38
2678,4.35,4.39
2679,4.35,4.38
2681,4.34,4.35
2682,4.31,4.33
2683,4.29,4.32
2684,4.28,4.31
2685,4.28,4.32
2686,4.28,4.32
2688,4.28,4.33
2689,4.28,4.34
2691,4.29,4.35
2692,4.30,4.35
2693,4.31,4.36
2694,4.33,4.37
2695,4.34,4.39
2696,4.35,4.38
2697,4.34,4.36
2699,4.32,4.34
2700,4.30,4.32
2701,4.28,4.32
2702,4.28,4.32
2703,4.28,4.32
2704,4.28,4.33
2705,4.28,4.33
2706,4.29,4.34
2708,4.30,4.35
2709,4.31,4.36
2710,4.32,4.37
2711,4.34,4.39
2712,4.35,4.39
2713,4.35,4.38
2714,4.34,4.35
2716,4.31,4.33
2717,4.29,4.32
2718,4.29,4.32
2719,4.28,4.33
2720,4.28,4.33
2721,4.29,4.34
2722,4.29,4.35
2723,4.30,4.35
2725,4.32,4.36
2726,4.33,4.38
2727,4.34,4.39
2728,4.35,4.40
2729,4.36,4.40
2731,4.35,4.37
2732,4.33,4.35
2734,4.31,4.34
2735,4.30,4.33
2736,4.29,4.33
2737,4.29,4.34
2738,4.29,4.34
2739,4.30,4.35
2740,4.31,4.36
2741,4.32,4.37
2743,4.33,4.38
2744,4.34,4.39
2745,4.35,4.40
2746,4.36,4.41
2747,4.36,4.39
2748,4.34,4.36
2749,4.32,4.35
2750,4.30,4.34
2752,4.30,4.34
2753,4.29,4.34
2754,4.30,4.35
2755,4.30,4.35
2756,4.31,4.36
2757,4.32,4.37
2758,4.33,4.38
2759,4.34,4.39
2761,4.35,4.40
2762,4.36,4.41
2763,4.36,4.41
2764,4.35,4.38
2765,4.33,4.35
2766,4.31,4.35
2767,4.30,4.35
2769,4.30,4.35
2770,4.30,4.35
2771,4.30,4.35
2772,4.31,4.36
2774,4.32,4.37
2775,4.32,4.38
2776,4.33,4.39
2777,4.34,4.40
2779,4.35,4.41
2780,4.36,4.42
2781,4.36,4.39
2782,4.34,4.36
2783,4.32,4.35
2784,4.30,4.35
2785,4.30,4.35
2786,4.30,4.35
2788,4.30,4.35
2789,4.30,4.36
2790,4.31,4.37
2791,4.32,4.38
2792,4.33,4.39
2793,4.34,4.40
2794,4.35,4.41
2795,4.36,4.42
2797,4.36,4.40
2798,4.35,4.37
2799,4.32,4.35
2800,4.30,4.35
2801,4.29,4.35
2802,4.29,4.35
2803,4.29,4.35
2805,4.30,4.35
2806,4.30,4.36
2807,4.31,4.37
2808,4.32,4.38
2809,4.33,4.39
2810,4.34,4.41
2811,4.35,4.42
2812,4.36,4.41
2814,4.35,4.38
2816,4.33,4.35
2817,4.31,4.35
2818,4.29,4.34
2819,4.29,4.34
2820,4.29,4.35
2821,4.29,4.35
2822,4.30,4.35
2824,4.30,4.36
2825,4.31,4.37
2826,4.32,4.38
2827,4.33,4.40
2828,4.35,4.41
2829,4.36,4.41
2830,4.35,4.39
2831,4.33,4.36
2833,4.31,4.35
2834,4.29,4.34
2835,4.29,4.34
2836,4.29,4.34
2837,4.29,4.35
2838,4.29,4.35
2839,4.30,4.36
2841,4.31,4.37
2842,4.32,4.38
2843,4.33,4.39
2844,4.34,4.40
2845,4.35,4.41
2846,4.35,4.40
2847,4.34,4.37
2848,4.32,4.35
2850,4.30,4.34
2851,4.29,4.34
2852,4.29,4.34
2853,4.28,4.34
2854,4.29,4.35
2855,4.29,4.35
2856,4.30,4.36
2857,4.31,4.37
2860,4.32,4.38
2861,4.33,4.39
2862,4.35,4.40
2863,4.35,4.40
2864,4.35,4.38
2865,4.33,4.35
2866,4.30,4.34
2867,4.29,4.34
2869,4.28,4.33
2870,4.28,4.34
2871,4.29,4.34
2872,4.29,4.35
2873,4.30,4.35
2874,4.31,4.36
2875,4.32,4.38
2877,4.33,4.39
2878,4.34,4.40
2879,4.35,4.41
2880,4.35,4.39
2881,4.34,4.36
2882,4.31,4.35
2883,4.30,4.34
2884,4.29,4.34
2886,4.29,4.34
2887,4.29,4.34
2888,4.30,4.35
2889,4.30,4.36
2890,4.31,4.37
2891,4.32,4.38
2892,4.33,4.39
2893,4.34,4.40
2895,4.35,4.41
2896,4.36,4.41
2897,4.35,4.38
2898,4.33,4.35
2899,4.31,4.34
2900,4.30,4.34
2902,4.29,4.34
2903,4.29,4.35
2905,4.29,4.35
2906,4.30,4.35
2907,4.31,4.36
2908,4.32,4.38
2909,4.33,4.38
2910,4.34,4.40
2911,4.35,4.41
2913,4.36,4.41
2914,4.35,4.39
2915,4.34,4.36
2916,4.31,4.35
2917,4.30,4.34
2918,4.29,4.34
2919,4.29,4.35
2920,4.29,4.35
2922,4.30,4.35
2923,4.30,4.36
2924,4.31,4.37
2925,4.32,4.38
2926,4.33,4.39
2927,4.34,4.40
2928,4.36,4.41
2929,4.36,4.40
2931,4.35,4.37
2932,4.32,4.35
2933,4.30,4.34
2934,4.29,4.34
2935,4.28,4.34
2936,4.28,4.34
2937,4.29,4.35
2939,4.29,4.35
2940,4.30,4.36
2941,4.31,4.37
2942,4.32,4.38
2944,4.33,4.39
2945,4.34,4.40
2946,4.35,4.40
2947,4.34,4.37
2949,4.32,4.35
2950,4.29,4.33
2951,4.28,4.33
2952,4.27,4.33
2953,4.27,4.33
2954,4.28,4.34
2955,4.28,4.35
2956,4.29,4.35
2958,4.30,4.35
2959,4.31,4.36
2960,4.31,4.37
2961,4.33,4.39
2962,4.34,4.39
2963,4.34,4.37
2964,4.32,4.34
2966,4.29,4.33
2967,4.27,4.32
2968,4.27,4.32
2969,4.26,4.32
2970,4.27,4.33
2971,4.27,4.33
2972,4.28,4.34
2973,4.29,4.35
2975,4.30,4.35
2976,4.31,4.36
2977,4.32,4.37
2978,4.33,4.39
2979,4.34,4.38
2980,4.33,4.35
2981,4.30,4.33
2982,4.28,4.32
2984,4.27,4.32
2985,4.27,4.32
2987,4.27,4.32
2988,4.27,4.33
2989,4.28,4.34
2990,4.29,4.35
2991,4.29,4.35
2993,4.30,4.36
2994,4.31,4.37
2995,4.33,4.38
2996,4.34,4.38
2997,4.33,4.36
2998,4.31,4.33
2999,4.28,4.32
3001,4.27,4.31
3002,4.27,4.32
3003,4.27,4.32
3004,4.27,4.32
3005,4.27,4.33
3006,4.28,4.34
3007,4.29,4.35
3008,4.30,4.36
3010,4.31,4.37
3011,4.33,4.38
3012,4.34,4.39
3013,4.34,4.37
3014,4.32,4.35
3015,4.29,4.32
3016,4.28,4.31
3018,4.27,4.31
3019,4.27,4.32
3020,4.27,4.32
3021,4.27,4.33
3022,4.28,4.34
3023,4.29,4.35
3024,4.30,4.35
3025,4.31,4.36
3027,4.32,4.37
3028,4.34,4.39
3030,4.34,4.38
3031,4.33,4.35
3032,4.30,4.33
3033,4.28,4.32
3034,4.27,4.31
3036,4.27,4.32
3037,4.27,4.32
3038,4.27,4.33
3039,4.28,4.34
3040,4.29,4.34
3041,4.30,4.35
3042,4.31,4.36
3043,4.32,4.37
3045,4.33,4.38
3046,4.34,4.38
3047,4.34,4.36
3048,4.31,4.33
3049,4.29,4.32
3050,4.27,4.31
3051,4.27,4.31
3053,4.27,4.32
3054,4.27,4.32
3055,4.28,4.33
3056,4.28,4.34
3057,4.29,4.35
3058,4.30,4.35
3059,4.32,4.37
3060,4.33,4.38
3062,4.34,4.39
3063,4.34,4.37
3064,4.32,4.35
3065,4.30,4.32
3066,4.28,4.31
3067,4.27,4.31
3068,4.27,4.31
3070,4.27,4.32
3072,4.28,4.33
3073,4.28,4.34
3074,4.29,4.35
3075,4.30,4.35
3076,4.31,4.36
3077,4.32,4.37
3078,4.34,4.39
3080,4.34,4.38
3081,4.33,4.35
3082,4.31,4.33
3083,4.29,4.32
3084,4.28,4.32
3085,4.27,4.32
3086,4.27,4.32
3088,4.28,4.32
3089,4.28,4.33
3090,4.29,4.34
3091,4.30,4.35
3092,4.31,4.36
3093,4.32,4.37
3094,4.32,4.38
3095,4.34,4.40
3097,4.35,4.41
3098,4.36,4.42
3099,4.37,4.43
3100,4.39,4.44
3101,4.40,4.45
3102,4.41,4.46
3103,4.42,4.47
3104,4.42,4.48
3106,4.43,4.49
3107,4.44,4.50
3108,4.45,4.50
3109,4.45,4.51
3110,4.46,4.52
3111,4.47,4.53
3112,4.47,4.54
3115,4.48,4.55
3116,4.49,4.56
3117,4.50,4.56
3118,4.51,4.57
3119,4.51,4.57
3120,4.51,4.57
3121,4.51,4.57
3122,4.52,4.57
3124,4.51,4.58
3125,4.51,4.58
3126,4.52,4.58
3127,4.51,4.58
3128,4.51,4.58
3129,4.51,4.58
3130,4.51,4.58
3131,4.51,4.58
3133,4.50,4.58
3134,4.50,4.58
3135,4.50,4.58
3136,4.50,4.58
3137,4.49,4.59
3138,4.49,4.58
3139,4.48,4.58
3140,4.48,4.58
3142,4.48,4.58
3143,4.48,4.58
3144,4.47,4.58
3145,4.47,4.58
3146,4.46,4.58
3147,4.46,4.58
3148,4.46,4.58
3149,4.45,4.58
3151,4.45,4.58
3152,4.45,4.58
3153,4.45,4.58
3154,4.44,4.58
3155,4.44,4.58
3156,4.44,4.58
3158,4.44,4.58
3159,4.43,4.58
3161,4.43,4.58
3162,4.43,4.57
3163,4.43,4.58
3164,4.42,4.58
3165,4.42,4.58
3166,4.42,4.58
3167,4.42,4.58
3168,4.42,4.58
3170,4.42,4.58
3171,4.42,4.58
3172,4.42,4.58
3173,4.41,4.58
3174,4.41,4.58
3175,4.41,4.58
3176,4.41,4.58
3177,4.41,4.58
3179,4.41,4.58
3180,4.41,4.58
3181,4.41,4.59
3182,4.41,4.59
3183,4.41,4.59
3184,4.41,4.59
3185,4.41,4.59
3186,4.41,4.59
3188,4.41,4.59
3189,4.41,4.59
3190,4.41,4.59
3191,4.41,4.59
3192,4.41,4.59
3193,4.41,4.59
3194,4.41,4.59
3195,4.41,4.59
3197,4.41,4.59
3198,4.41,4.60
3200,4.41,4.59
3201,4.41,4.60
3202,4.41,4.60
3203,4.41,4.60
3204,4.41,4.60
3205,4.41,4.60
3207,4.41,4.60
3208,4.41,4.60
3209,4.41,4.60
3210,4.42,4.60
3211,4.42,4.60
3212,4.42,4.60
3213,4.41,4.60
3214,4.41,4.61
3216,4.41,4.61
3217,4.41,4.61
3218,4.41,4.61
3219,4.41,4.61
3220,4.41,4.61
3221,4.41,4.61
3222,4.41,4.61
3223,4.42,4.61
3225,4.41,4.61
3226,4.41,4.61
3227,4.41,4.61
3228,4.41,4.61
3229,4.41,4.61
3230,4.41,4.61
3231,4.41,4.61
3232,4.42,4.61
3234,4.42,4.61
3235,4.42,4.62
3236,4.42,4.61
3237,4.42,4.62
3238,4.42,4.62
3239,4.42,4.62
3240,4.42,4.62
3241,4.42,4.62
3244,4.42,4.62
3245,4.42,4.61
3246,4.42,4.62
3247,4.42,4.62
3248,4.42,4.62
3249,4.42,4.62
3250,4.42,4.63
3251,4.42,4.63
3253,4.42,4.63
3254,4.42,4.63
3255,4.43,4.63
3256,4.42,4.63
3257,4.42,4.63
3258,4.42,4.63
3259,4.42,4.63
3260,4.42,4.63
3262,4.42,4.63
3263,4.42,4.63
3264,4.42,4.63
3265,4.43,4.63
3266,4.43,4.63
3267,4.43,4.63
3268,4.43,4.63
3269,4.43,4.63
3271,4.43,4.63
3272,4.43,4.63
3273,4.43,4.63
3274,4.43,4.63
3275,4.43,4.63
3276,4.43,4.63
3277,4.42,4.63
3278,4.43,4.63
3280,4.42,4.63
3281,4.43,4.63
3282,4.43,4.63
3283,4.43,4.64
3284,4.43,4.64
3286,4.43,4.64
3287,4.43,4.63
3288,4.43,4.63
3290,4.43,4.63
3291,4.43,4.63
3292,4.43,4.63
3293,4.43,4.63
3294,4.43,4.63
3295,4.43,4.63
3296,4.43,4.63
3297,4.43,4.63
3299,4.43,4.63
3300,4.43,4.63
3301,4.43,4.63
3302,4.43,4.63
3303,4.42,4.63
3304,4.42,4.63
3305,4.42,4.63
3306,4.42,4.63
3308,4.42,4.63
3309,4.42,4.63
3310,4.42,4.63
3311,4.42,4.63
3312,4.42,4.63
3313,4.42,4.63
3314,4.42,4.63
3315,4.42,4.63
3317,4.42,4.62
3318,4.42,4.62
3319,4.41,4.62
3320,4.41,4.63
3321,4.41,4.63
3322,4.41,4.62
3323,4.41,4.62
3324,4.41,4.62
3326,4.41,4.62
3328,4.41,4.62
3329,4.41,4.62
3330,4.41,4.62
3331,4.41,4.62
3332,4.41,4.62
3333,4.41,4.62
3334,4.41,4.62
3336,4.41,4.62
3337,4.41,4.62
3338,4.41,4.62
3339,4.41,4.62
3340,4.41,4.62
3341,4.41,4.63
3342,4.41,4.62
3343,4.41,4.63
3345,4.41,4.63
3346,4.41,4.63
3347,4.41,4.63
3348,4.41,4.63
3349,4.41,4.63
3350,4.41,4.62
3351,4.41,4.63
3352,4.42,4.63
3354,4.41,4.63
3355,4.41,4.63
3356,4.41,4.63
3357,4.42,4.63
3358,4.42,4.63
3359,4.42,4.63
3360,4.42,4.63
3361,4.42,4.63
3363,4.42,4.63
3364,4.42,4.63
3365,4.42,4.63
3366,4.42,4.63
3367,4.42,4.63
3368,4.42,4.63
3369,4.42,4.63
3371,4.42,4.63
3373,4.42,4.63
3374,4.42,4.63
3375,4.42,4.63
3376,4.42,4.63
3377,4.42,4.63
3378,4.42,4.63
3379,4.42,4.63
3380,4.42,4.63
3382,4.42,4.63
3383,4.42,4.63
3384,4.42,4.63
3385,4.42,4.63
3386,4.42,4.63
3387,4.42,4.63
3388,4.42,4.63
3389,4.42,4.63
3391,4.42,4.63
3392,4.42,4.64
3393,4.42,4.63
3394,4.42,4.63
3395,4.42,4.64
3396,4.42,4.64
3397,4.42,4.64
3398,4.42,4.64
3400,4.42,4.64
3401,4.42,4.64
3402,4.42,4.64
3403,4.42,4.64
3404,4.42,4.64
3405,4.42,4.64
3406,4.42,4.64
3407,4.42,4.64
3409,4.42,4.64
3410,4.42,4.63
3411,4.42,4.64
3412,4.42,4.64
3414,4.42,4.64
3415,4.42,4.64
3416,4.42,4.64
3417,4.41,4.64
3419,4.41,4.64
3420,4.41,4.64
3421,4.41,4.64
3422,4.41,4.64
3423,4.41,4.64
3424,4.42,4.64
3425,4.42,4.64
3426,4.42,4.64
3428,4.42,4.64
3429,4.42,4.64
3430,4.42,4.64
3431,4.42,4.64
3432,4.41,4.64
3433,4.41,4.64
3434,4.41,4.64
3435,4.41,4.64
3437,4.41,4.64
3438,4.41,4.64
3439,4.41,4.65
3440,4.41,4.64
3441,4.41,4.65
3442,4.41,4.65
3443,4.41,4.65
3444,4.41,4.65
3446,4.41,4.65
3447,4.41,4.65
3448,4.41,4.65
3449,4.41,4.65
3450,4.41,4.65
3451,4.41,4.65
3452,4.41,4.65
3453,4.41,4.65
3456,4.41,4.65
3457,4.41,4.65
3458,4.41,4.65
3459,4.41,4.65
3460,4.41,4.65
3461,4.41,4.65
3462,4.41,4.65
3463,4.41,4.65
3465,4.41,4.65
3466,4.41,4.65
3467,4.41,4.65
3468,4.41,4.65
3469,4.41,4.65
3470,4.41,4.65
3471,4.41,4.65
3472,4.41,4.65
3474,4.41,4.65
3475,4.41,4.65
3476,4.41,4.65
3477,4.41,4.65
3478,4.41,4.65
3479,4.41,4.65
3480,4.41,4.65
3481,4.41,4.65
3483,4.41,4.65
3484,4.40,4.65
3485,4.41,4.65
3486,4.40,4.65
3487,4.40,4.65
3488,4.40,4.65
3489,4.40,4.65
3490,4.40,4.65
3491,4.40,4.66
3493,4.40,4.66
3494,4.40,4.66
3495,4.40,4.66
3496,4.40,4.66
3497,4.40,4.66
3499,4.40,4.66
3500,4.40,4.66
3502,4.40,4.66
3503,4.40,4.66
3504,4.40,4.66
3505,4.40,4.66
3506,4.40,4.66
3507,4.40,4.66
3508,4.40,4.66
3509,4.40,4.66
3510,4.40,4.66
3512,4.40,4.66
3513,4.40,4.66
3514,4.40,4.66
3515,4.40,4.67
3516,4.40,4.67
3517,4.40,4.67
3518,4.40,4.67
3519,4.40,4.67
3521,4.40,4.67
3522,4.40,4.67
3523,4.40,4.67
3524,4.40,4.67
3525,4.40,4.67
3526,4.40,4.67
3527,4.40,4.68
3528,4.40,4.68
3530,4.40,4.68
3531,4.40,4.68
3532,4.40,4.68
3533,4.40,4.68
3534,4.39,4.68
3535,4.40,4.68
3536,4.39,4.69
3537,4.39,4.69
3539,4.39,4.69
3540,4.39,4.69
3542,4.40,4.70
3543,4.40,4.70
3544,4.39,4.70
3545,4.40,4.71
3546,4.40,4.71
3547,4.40,4.71
3549,4.40,4.71
3550,4.40,4.72
3551,4.39,4.72
3552,4.39,4.73
3553,4.39,4.73
3554,4.40,4.74
3555,4.40,4.74
3556,4.40,4.75
3558,4.40,4.76
3559,4.40,4.76
3560,4.40,4.77
3561,4.40,4.78
3562,4.40,4.78
3563,4.40,4.79
3564,4.40,4.80
3565,4.40,4.81
3567,4.40,4.82
3568,4.40,4.82
3569,4.40,4.83
3570,4.40,4.83
3571,4.40,4.84
3572,4.40,4.85
3573,4.40,4.85
3574,4.40,4.86
3576,4.40,4.86
3577,4.40,4.87
3578,4.40,4.87
3579,4.40,4.87
3580,4.40,4.88
3581,4.40,4.88
3582,4.40,4.88
3584,4.40,4.89
3585,4.40,4.89
3587,4.40,4.89
3588,4.39,4.90
3589,4.40,4.90
3590,4.39,4.90
3591,4.39,4.90
3592,4.40,4.91
3593,4.39,4.91
3594,4.39,4.91
3596,4.39,4.91
3597,4.39,4.91
3598,4.39,4.92
3599,4.39,4.92
3600,4.39,4.92
3601,4.39,4.92
3602,4.39,4.92
3603,4.39,4.92
3605,4.39,4.93
3606,4.39,4.93
3607,4.39,4.93
3608,4.39,4.93
3609,4.39,4.93
3610,4.39,4.93
3611,4.39,4.93
3612,4.39,4.94
3614,4.39,4.94
3615,4.39,4.94
3616,4.39,4.94
3617,4.39,4.94
3618,4.39,4.94
3619,4.39,4.94
3620,4.39,4.94
3622,4.39,4.94
3623,4.39,4.94
3624,4.39,4.95
3625,4.39,4.95
3627,4.39,4.95
3628,4.39,4.95
3629,4.39,4.95
3630,4.39,4.95
3632,4.39,4.95
3633,4.39,4.95
3634,4.39,4.95
3635,4.39,4.95
3636,4.39,4.95
3637,4.39,4.95
3638,4.39,4.95
3639,4.39,4.95
3641,4.39,4.96
3642,4.39,4.96
3643,4.39,4.96
3644,4.39,4.96
3645,4.39,4.96
3646,4.39,4.96
3647,4.39,4.96
3648,4.39,4.96
3650,4.39,4.96
3651,4.39,4.96
3652,4.39,4.96
3653,4.39,4.96
3654,4.39,4.96
3655,4.39,4.96
3656,4.39,4.96
3658,4.39,4.96
3659,4.39,4.96
3660,4.39,4.96
3661,4.39,4.96
3662,4.39,4.96
3663,4.39,4.96
3664,4.39,4.96
3665,4.39,4.96
3667,4.39,4.96
3668,4.39,4.96
3670,4.39,4.97
3671,4.39,4.96
3672,4.39,4.96
3673,4.39,4.96
3674,4.39,4.96
3675,4.39,4.96
3677,4.39,4.97
3678,4.39,4.97
3679,4.39,4.96
3680,4.39,4.97
3681,4.39,4.97
3682,4.39,4.96
3683,4.39,4.97
3684,4.39,4.97
3686,4.39,4.97
3687,4.39,4.97
3688,4.39,4.97
3689,4.39,4.97
3690,4.39,4.97
3691,4.39,4.97
3692,4.39,4.97
3694,4.39,4.97
3695,4.39,4.97
3696,4.39,4.97
3697,4.39,4.97
3698,4.39,4.97
3699,4.39,4.97
3700,4.39,4.97
3701,4.39,4.97
3703,4.39,4.97
3704,4.39,4.97
3705,4.39,4.97
3706,4.39,4.97
3707,4.39,4.97
3708,4.39,4.97
3709,4.39,4.97
3712,4.38,4.97
3713,4.38,4.97
3714,4.39,4.97
3715,4.39,4.97
3716,4.38,4.97
3717,4.38,4.97
3718,4.38,4.97
3719,4.39,4.97
3721,4.39,4.97
3722,4.38,4.97
3723,4.38,4.97
3724,4.38,4.97
3725,4.38,4.97
3726,4.38,4.97
3727,4.38,4.97
3728,4.38,4.97
3730,4.38,4.97
3731,4.38,4.97
3732,4.38,4.97
3733,4.38,4.97
3734,4.38,4.97
3735,4.38,4.97
3736,4.38,4.97
3738,4.38,4.97
3739,4.38,4.97
3740,4.38,4.97
3741,4.38,4.97
3742,4.38,4.97
3743,4.38,4.97
3744,4.38,4.97
3745,4.38,4.97
3747,4.38,4.97
3748,4.38,4.97
3749,4.38,4.97
3750,4.38,4.97
3751,4.38,4.97
3752,4.38,4.97
3753,4.38,4.97
3755,4.38,4.97
3757,4.38,4.97
3758,4.38,4.97
3759,4.38,4.97
3760,4.38,4.97
3761,4.38,4.97
3762,4.38,4.97
3763,4.38,4.97
3765,4.38,4.97
3766,4.38,4.97
3767,4.38,4.97
3768,4.38,4.97
3769,4.38,4.97
3770,4.38,4.97
3771,4.38,4.97
3772,4.38,4.97
3774,4.38,4.97
3775,4.38,4.97
3776,4.38,4.97
3777,4.38,4.97
3778,4.37,4.97
3779,4.38,4.97
3780,4.37,4.97
3781,4.37,4.97
3783,4.37,4.97
3784,4.38,4.97
3785,4.37,4.97
3786,4.38,4.97
3787,4.37,4.97
3788,4.37,4.97
3789,4.37,4.97
3790,4.37,4.97
3792,4.37,4.97
3793,4.37,4.97
3794,4.37,4.97
3795,4.37,4.97
3796,4.37,4.97
3798,4.37,4.97
3799,4.37,4.97
3800,4.37,4.97
3802,4.37,4.97
3803,4.37,4.97
3804,4.37,4.97
3805,4.37,4.97
3806,4.37,4.97
3807,4.37,4.97
3808,4.37,4.97
3809,4.37,4.97
3811,4.37,4.97
3812,4.37,4.97
3813,4.37,4.97
3814,4.37,4.96
3815,4.36,4.96
3816,4.37,4.96
3817,4.37,4.95
3818,4.37,4.95
3820,4.37,4.94
3821,4.37,4.93
3822,4.37,4.93
3823,4.37,4.92
3824,4.37,4.91
3825,4.37,4.90
3826,4.37,4.90
3828,4.37,4.89
3829,4.37,4.88
3830,4.37,4.87
3831,4.37,4.86
3832,4.36,4.85
3833,4.36,4.84
3834,4.36,4.83
3835,4.36,4.81
3837,4.36,4.81
3838,4.36,4.79
3840,4.36,4.78
3841,4.36,4.78
3842,4.36,4.77
3843,4.36,4.75
3844,4.36,4.74
3845,4.36,4.73
3847,4.36,4.72
3848,4.36,4.71
3849,4.36,4.69
3850,4.36,4.68
3851,4.36,4.67
3852,4.35,4.66
3853,4.35,4.65
3854,4.35,4.64
3856,4.35,4.63
3857,4.35,4.61
3858,4.35,4.60
3859,4.35,4.59
3860,4.35,4.58
3861,4.35,4.57
3862,4.35,4.56
3863,4.35,4.55
3865,4.35,4.54
3866,4.35,4.53
3867,4.35,4.52
3868,4.35,4.51
3869,4.35,4.50
3870,4.34,4.50
3871,4.34,4.49
3872,4.34,4.48
3874,4.34,4.47
3875,4.34,4.46
3876,4.34,4.45
3877,4.34,4.45
3878,4.34,4.44
3879,4.34,4.43
3880,4.34,4.42
3883,4.34,4.41
3884,4.34,4.41
3885,4.34,4.40
3886,4.34,4.39
3887,4.34,4.38
3888,4.34,4.38
3889,4.34,4.37
3890,4.34,4.37
3892,4.34,4.36
3893,4.34,4.35
3894,4.34,4.35
3895,4.34,4.35
3896,4.33,4.34
3897,4.33,4.34
3898,4.33,4.33
3900,4.33,4.33
3901,4.33,4.32
3902,4.33,4.32
3903,4.33,4.31
3904,4.33,4.31
3905,4.33,4.30
3906,4.33,4.30
3907,4.33,4.30
3909,4.33,4.29
3910,4.33,4.29
3911,4.33,4.29
3912,4.33,4.28
3913,4.33,4.28
3914,4.33,4.27
3915,4.33,4.27
3916,4.33,4.27
3918,4.33,4.26
3919,4.33,4.26
3920,4.33,4.26
3921,4.33,4.26
3922,4.33,4.25
3923,4.33,4.25
3924,4.33,4.25
3927,4.33,4.25
3928,4.33,4.24
3929,4.33,4.24
3930,4.33,4.24
3931,4.33,4.24
3932,4.33,4.23
3933,4.33,4.23
3934,4.33,4.23
3936,4.33,4.23
3937,4.33,4.23
3938,4.33,4.22
3939,4.33,4.22
3940,4.33,4.22
3941,4.33,4.22
3942,4.33,4.22
3943,4.33,4.22
3945,4.33,4.22
3946,4.33,4.21
3947,4.33,4.21
3948,4.33,4.21
3949,4.33,4.21
3950,4.33,4.21
3951,4.33,4.21
3953,4.33,4.21
3954,4.33,4.21
3955,4.33,4.21
3956,4.33,4.21
3957,4.33,4.20
3958,4.33,4.20
3959,4.33,4.20
3960,4.33,4.20
3962,4.33,4.20
3963,4.33,4.20
3964,4.33,4.20
3965,4.33,4.20
3966,4.33,4.20
3968,4.33,4.20
3969,4.33,4.20
3970,4.33,4.20
3972,4.33,4.20
3973,4.33,4.20
3974,4.33,4.20
3975,4.33,4.20
3976,4.33,4.20
3977,4.33,4.20
3978,4.33,4.20
3979,4.33,4.20
3981,4.32,4.20
3982,4.32,4.20
3983,4.32,4.20
3984,4.32,4.20
3985,4.32,4.20
3986,4.32,4.20
3987,4.32,4.21
3988,4.32,4.21
3990,4.32,4.21
3991,4.32,4.21
3992,4.32,4.21
3993,4.32,4.21
3994,4.32,4.21
3995,4.32,4.21
3996,4.32,4.21
3997,4.32,4.21
3999,4.32,4.21
4000,4.32,4.21
4001,4.32,4.22
4002,4.32,4.22
4003,4.32,4.22
4004,4.32,4.22
4005,4.32,4.22
4006,4.32,4.22
4008,4.32,4.22
4009,4.32,4.22
4011,4.32,4.22
4012,4.32,4.23
4013,4.32,4.23
4014,4.32,4.23
4015,4.32,4.23
4017,4.32,4.23
4018,4.32,4.24
4019,4.32,4.24
4020,4.32,4.24
4021,4.32,4.24
4022,4.32,4.24
4023,4.32,4.24
4024,4.32,4.25
4026,4.32,4.25
4027,4.32,4.25
4028,4.32,4.25
4029,4.32,4.25
4030,4.32,4.26
4031,4.32,4.26
4032,4.32,4.26
4034,4.32,4.26
4035,4.32,4.26
4036,4.32,4.27
4037,4.32,4.27
4038,4.32,4.27
4039,4.32,4.28
4040,4.32,4.28
4041,4.32,4.28
4043,4.32,4.28
4044,4.32,4.29
4045,4.32,4.29
4046,4.32,4.29
4047,4.32,4.29
4048,4.32,4.30
4049,4.32,4.30
4050,4.32,4.30
4052,4.32,4.31
4054,4.32,4.31
4055,4.32,4.31
4056,4.32,4.32
4057,4.32,4.32
4058,4.32,4.32
4059,4.32,4.33
4061,4.32,4.33
4062,4.32,4.33
4063,4.32,4.34
4064,4.32,4.34
4065,4.32,4.34
4066,4.32,4.35
4067,4.32,4.35
4068,4.32,4.35
4070,4.32,4.35
4071,4.32,4.35
4072,4.32,4.36
4073,4.32,4.36
4074,4.32,4.37
4075,4.32,4.37
4076,4.32,4.38
4077,4.33,4.38
4079,4.33,4.39
4080,4.33,4.40
4081,4.33,4.40
4082,4.33,4.41
4083,4.33,4.42
4084,4.33,4.43
4085,4.33,4.43
4087,4.33,4.44
4088,4.33,4.46
4089,4.33,4.47
4090,4.33,4.48
4091,4.33,4.49
4092,4.33,4.50
4093,4.33,4.51
4094,4.33,4.52
4097,4.33,4.53
4098,4.33,4.54
4099,4.34,4.56
4100,4.34,4.57
4101,4.34,4.58
4102,4.34,4.59
4103,4.34,4.61
4104,4.34,4.62
4106,4.34,4.64
4107,4.34,4.65
4108,4.34,4.66
4109,4.34,4.68
4110,4.34,4.69
4111,4.34,4.70
4112,4.34,4.71
4113,4.34,4.73
4115,4.34,4.74
4116,4.34,4.74
4117,4.34,4.75
4118,4.34,4.76
4119,4.34,4.77
4120,4.34,4.78
4121,4.34,4.78
4123,4.34,4.79
4124,4.34,4.80
4125,4.34,4.80
4126,4.34,4.81
4127,4.34,4.81
4128,4.34,4.82
4129,4.34,4.83
4130,4.34,4.83
4132,4.34,4.84
4133,4.34,4.84
4134,4.34,4.84
4135,4.34,4.85
4136,4.34,4.85
4137,4.34,4.85
4139,4.34,4.86
4140,4.34,4.87
4142,4.34,4.87
4143,4.34,4.87
4144,4.34,4.88
4145,4.34,4.88
4146,4.34,4.88
4147,4.33,4.88
4148,4.34,4.89
4149,4.34,4.89
4151,4.34,4.89
4152,4.34,4.89
4153,4.34,4.90
4154,4.33,4.90
4155,4.34,4.90
4156,4.34,4.91
4157,4.34,4.91
4158,4.34,4.91
4160,4.34,4.91
4161,4.34,4.91
4162,4.34,4.92
4163,4.34,4.92
4164,4.34,4.92
4165,4.34,4.92
4166,4.34,4.92
4168,4.34,4.92
4169,4.34,4.93
4170,4.34,4.93
4171,4.34,4.93
4172,4.34,4.93
4173,4.34,4.93
4174,4.34,4.93
4175,4.34,4.93
4177,4.34,4.94
4178,4.34,4.94
4179,4.34,4.94
4180,4.34,4.94
4182,4.34,4.94
4183,4.34,4.94
4184,4.34,4.94
4186,4.34,4.94
4187,4.34,4.94
4188,4.34,4.94
4189,4.34,4.95
4190,4.34,4.95
4191,4.34,4.95
4192,4.34,4.95
4193,4.34,4.95
4195,4.34,4.95
4196,4.34,4.95
4197,4.34,4.95
4198,4.34,4.95
4199,4.34,4.95
4200,4.34,4.95
4201,4.34,4.95
4202,4.34,4.95
4204,4.34,4.95
4205,4.34,4.96
4206,4.34,4.96
4207,4.34,4.96
4208,4.34,4.96
4209,4.34,4.96
4210,4.34,4.96
4212,4.34,4.96
4213,4.34,4.96
4214,4.34,4.96
4215,4.34,4.96
4216,4.34,4.96
4217,4.34,4.96
4218,4.34,4.96
4219,4.34,4.96
4221,4.34,4.96
4222,4.35,4.96
4224,4.35,4.96
4225,4.35,4.96
4226,4.35,4.96
4227,4.35,4.96
4228,4.35,4.96
4230,4.35,4.96
4231,4.35,4.96
4232,4.35,4.96
4233,4.35,4.96
4234,4.35,4.96
4235,4.35,4.96
4236,4.35,4.97
4237,4.35,4.97
4239,4.35,4.96
4240,4.35,4.96
4241,4.35,4.97
4242,4.35,4.97
4243,4.35,4.97
4244,4.35,4.97
4245,4.35,4.97
4247,4.35,4.97
4248,4.35,4.97
4249,4.35,4.97
4250,4.35,4.97
4251,4.35,4.97
4252,4.35,4.97
4253,4.35,4.97
4254,4.35,4.97
4256,4.35,4.97
4257,4.35,4.97
4258,4.35,4.97
4259,4.35,4.97
4260,4.35,4.97
4261,4.35,4.97
4262,4.35,4.97
4264,4.35,4.97
4265,4.35,4.97
4267,4.35,4.97
4268,4.35,4.97
4269,4.35,4.97
4270,4.35,4.97
4271,4.35,4.97
4272,4.35,4.97
4274,4.35,4.97
4275,4.35,4.97
4276,4.35,4.97
4277,4.35,4.97
4278,4.35,4.97
4279,4.35,4.97
4280,4.35,4.97
4282,4.35,4.97
4283,4.35,4.97
4284,4.35,4.97
4285,4.35,4.97
4286,4.35,4.97
4287,4.35,4.97
4288,4.35,4.97
4289,4.35,4.97
4291,4.35,4.97
4292,4.35,4.97
4293,4.35,4.97
4294,4.35,4.97
4295,4.35,4.97
4296,4.35,4.97
4297,4.35,4.97
4299,4.35,4.97
4300,4.35,4.97
4301,4.35,4.97
4302,4.35,4.97
4303,4.35,4.97
4304,4.35,4.97
4305,4.35,4.97
4306,4.35,4.97
4308,4.35,4.97
4310,4.35,4.97
4311,4.35,4.97
4312,4.35,4.97
4313,4.35,4.97
4314,4.35,4.97
4315,4.35,4.97
4317,4.35,4.97
4318,4.35,4.97
4319,4.35,4.97
4320,4.35,4.97
4321,4.35,4.97
4322,4.35,4.97
4323,4.35,4.97
4324,4.35,4.97
4326,4.36,4.97
4327,4.35,4.97
4328,4.35,4.97
4329,4.35,4.97
4330,4.35,4.97
4331,4.35,4.97
4332,4.35,4.97
4333,4.35,4.97
4335,4.35,4.97
4336,4.35,4.97
4337,4.35,4.97
4338,4.35,4.97
4339,4.35,4.97
4340,4.36,4.97
4341,4.35,4.97
4343,4.35,4.97
4344,4.36,4.97
4345,4.36,4.97
4346,4.36,4.97
4347,4.36,4.97
4348,4.35,4.97
4349,4.35,4.97
4350,4.35,4.97
4353,4.35,4.96
4354,4.36,4.96
4355,4.36,4.96
4356,4.36,4.96
4357,4.36,4.95
4358,4.36,4.94
4359,4.36,4.94
4360,4.36,4.93
4362,4.36,4.92
4363,4.36,4.91
4364,4.36,4.91
4365,4.36,4.90
4366,4.36,4.89
4367,4.36,4.88
4368,4.36,4.87
4369,4.36,4.86
4371,4.36,4.85
4372,4.36,4.84
4373,4.36,4.83
4374,4.36,4.82
4375,4.36,4.81
4376,4.36,4.80
4377,4.36,4.79
4378,4.36,4.78
4380,4.36,4.77
4381,4.36,4.76
4382,4.36,4.75
4383,4.36,4.74
4384,4.36,4.73
4385,4.36,4.72
4386,4.36,4.71
4388,4.36,4.70
4389,4.36,4.69
4390,4.36,4.68
4391,4.35,4.67
4392,4.35,4.66
4393,4.35,4.65
4395,4.35,4.64
4396,4.35,4.63
4398,4.35,4.62
4399,4.35,4.61
4400,4.35,4.60
4401,4.35,4.60
4402,4.35,4.59
4403,4.35,4.58
4404,4.35,4.57
4405,4.35,4.57
4407,4.35,4.57
4408,4.35,4.56
4409,4.35,4.55
4410,4.35,4.55
4411,4.35,4.54
4412,4.35,4.54
4413,4.35,4.53
4415,4.35,4.53
4416,4.35,4.52
4417,4.35,4.52
4418,4.35,4.51
4419,4.35,4.51
4420,4.35,4.50
4421,4.35,4.50
4422,4.35,4.50
4424,4.35,4.50
4425,4.35,4.49
4426,4.35,4.49
4427,4.35,4.49
4428,4.35,4.49
4429,4.35,4.48
4430,4.35,4.48
4431,4.35,4.48
4433,4.35,4.48
4434,4.35,4.48
4435,4.35,4.48
4436,4.35,4.47
4438,4.35,4.47
4439,4.35,4.48
4440,4.35,4.47
4441,4.35,4.47
4443,4.36,4.47
4444,4.36,4.47
4445,4.36,4.47
4446,4.36,4.47
4447,4.36,4.47
4448,4.36,4.47
4449,4.36,4.47
4450,4.36,4.47
4452,4.36,4.47
4453,4.36,4.47
4454,4.36,4.47
4455,4.36,4.47
4456,4.36,4.47
4457,4.36,4.47
4458,4.36,4.48
4459,4.36,4.48
4461,4.36,4.48
4462,4.36,4.48
4463,4.36,4.48
4464,4.37,4.48
4465,4.37,4.48
4466,4.37,4.49
4467,4.37,4.49
4469,4.37,4.49
4470,4.37,4.49
4471,4.37,4.49
4472,4.37,4.49
4473,4.37,4.49
4474,4.37,4.49
4475,4.37,4.50
4476,4.37,4.50
4478,4.37,4.50
4480,4.37,4.50
4481,4.37,4.50
4482,4.37,4.50
4483,4.37,4.50
4484,4.37,4.50
4485,4.37,4.50
4486,4.37,4.50
4488,4.37,4.50
4489,4.37,4.50
4490,4.37,4.50
4491,4.37,4.51
4492,4.37,4.51
4493,4.37,4.51
4494,4.37,4.51
4495,4.37,4.51
4497,4.38,4.51
4498,4.37,4.51
4499,4.37,4.51
4500,4.38,4.51
4501,4.38,4.51
4502,4.38,4.51
4503,4.38,4.51
4504,4.38,4.51
4506,4.37,4.51
4507,4.38,4.51
4508,4.38,4.51
4509,4.38,4.51
4510,4.38,4.51
4511,4.38,4.51
4512,4.38,4.52
4513,4.38,4.52
4515,4.38,4.52
4516,4.38,4.52
4517,4.38,4.52
4518,4.38,4.52
4519,4.37,4.52
4520,4.38,4.52
4521,4.38,4.52
4524,4.38,4.52
4525,4.38,4.52
4526,4.38,4.52
4527,4.38,4.52
4528,4.38,4.53
4529,4.38,4.53
4530,4.38,4.53
4531,4.38,4.53
4533,4.38,4.53
4534,4.38,4.53
4535,4.38,4.53
4536,4.38,4.53
4537,4.38,4.53
4538,4.38,4.53
4539,4.38,4.53
4540,4.38,4.53
4542,4.38,4.53
4543,4.38,4.53
4544,4.38,4.53
4545,4.38,4.53
4546,4.38,4.54
4547,4.38,4.54
4548,4.38,4.53
4549,4.38,4.54
4551,4.38,4.54
4552,4.38,4.54
4553,4.38,4.54
4554,4.38,4.54
4555,4.38,4.54
4556,4.38,4.54
4557,4.38,4.54
4559,4.38,4.54
4560,4.38,4.54
4561,4.38,4.54
4562,4.38,4.54
4563,4.38,4.54
4564,4.38,4.55
4566,4.38,4.54
4567,4.38,4.54
4569,4.38,4.55
4570,4.38,4.55
4571,4.38,4.55
4572,4.38,4.55
4573,4.38,4.55
4574,4.38,4.55
4575,4.38,4.55
4576,4.38,4.55
4578,4.38,4.55
4579,4.38,4.55
4580,4.38,4.55
4581,4.38,4.55
4582,4.38,4.55
4583,4.38,4.55
4584,4.38,4.55
4586,4.38,4.55
4587,4.38,4.55
4588,4.38,4.55
4589,4.38,4.56
4590,4.38,4.56
4591,4.38,4.56
4592,4.38,4.55
4593,4.38,4.56
4595,4.38,4.56
4596,4.38,4.56
4597,4.38,4.56
4598,4.38,4.56
4599,4.38,4.56
4600,4.38,4.56
4601,4.38,4.56
4603,4.38,4.56
4604,4.38,4.56
4605,4.38,4.56
4606,4.38,4.56
4608,4.38,4.56
4609,4.38,4.55
4610,4.36,4.52
4611,4.34,4.49
4613,4.30,4.45
4614,4.26,4.40
4615,4.21,4.37
4616,4.18,4.35
4617,4.16,4.35
4618,4.14,4.34
4619,4.14,4.35
4620,4.14,4.34
4622,4.13,4.32
4623,4.11,4.30
4624,4.09,4.29
4625,4.08,4.28
4626,4.07,4.26
4627,4.05,4.23
4628,4.02,4.20
4629,3.98,4.16
4631,3.94,4.13
4632,3.91,4.11
4633,3.89,4.10
4634,3.89,4.10
4635,3.90,4.11
4636,3.91,4.12
4637,3.91,4.11
4639,3.91,4.09
4640,3.90,4.08
4641,3.90,4.09
4642,3.90,4.08
4643,3.90,4.06
4644,3.88,4.04
4645,3.86,4.00
4646,3.83,3.97
4648,3.81,3.95
4649,3.79,3.95
4651,3.79,3.95
4652,3.80,3.96
4653,3.82,3.98
4654,3.85,3.99
4655,3.86,3.98
4656,3.85,3.96
4658,3.85,3.96
4659,3.86,3.97
4660,3.87,3.96
4661,3.86,3.94
4662,3.85,3.92
4663,3.82,3.89
4664,3.80,3.87
4665,3.78,3.86
4667,3.78,3.87
4668,3.79,3.88
4669,3.82,3.90
4670,3.84,3.91
4671,3.86,3.91
4672,3.86,3.90
4673,3.86,3.90
4674,3.86,3.91
4676,3.88,3.91
4677,3.88,3.90
4678,3.87,3.88
4679,3.85,3.86
4680,3.83,3.83
4681,3.81,3.82
4682,3.80,3.82
4683,3.81,3.84
4685,3.82,3.86
4686,3.85,3.88
4687,3.87,3.89
4688,3.88,3.88
4689,3.88,3.88
4690,3.88,3.89
4691,3.89,3.90
4692,3.90,3.89
4695,3.89,3.87
4696,3.87,3.85
4697,3.85,3.83
4698,3.83,3.81
4699,3.81,3.81
4700,3.81,3.82
4701,3.83,3.84
4702,3.85,3.87
4704,3.88,3.88
4705,3.89,3.88
4706,3.89,3.87
4707,3.89,3.88
4708,3.90,3.89
4709,3.91,3.89
4710,3.90,3.88
4712,3.89,3.86
4713,3.87,3.84
4714,3.84,3.81
4715,3.82,3.81
4716,3.82,3.82
4717,3.83,3.83
4718,3.85,3.86
4719,3.87,3.88
4721,3.90,3.89
4722,3.90,3.88
4723,3.89,3.88
4724,3.90,3.90
4725,3.91,3.90
4726,3.91,3.90
4727,3.90,3.88
4728,3.88,3.86
4730,3.86,3.83
4731,3.83,3.81
4732,3.82,3.82
4733,3.83,3.83
4734,3.84,3.85
4736,3.87,3.88
4737,3.89,3.90
4738,3.90,3.90
4740,3.90,3.89
4741,3.90,3.90
4742,3.91,3.91
4743,3.91,3.90
4744,3.91,3.89
4745,3.89,3.87
4746,3.87,3.85
4747,3.84,3.82
4749,3.82,3.82
4750,3.82,3.82
4751,3.83,3.84
4752,3.85,3.87
4753,3.88,3.89
4754,3.90,3.90
4755,3.90,3.89
4757,3.89,3.89
4758,3.90,3.90
4759,3.91,3.91
4760,3.91,3.89
4761,3.90,3.88
4762,3.88,3.85
4763,3.85,3.83
4764,3.83,3.82
4766,3.82,3.82
4767,3.83,3.83
4768,3.84,3.86
4769,3.87,3.88
4770,3.89,3.90
4771,3.90,3.89
4772,3.89,3.89
4773,3.90,3.90
4775,3.91,3.91
4776,3.91,3.90
4777,3.91,3.89
4779,3.89,3.87
4780,3.87,3.84
4781,3.84,3.82
4782,3.82,3.82
4783,3.82,3.83
4785,3.83,3.85
4786,3.86,3.88
4787,3.88,3.90
4788,3.90,3.90
4789,3.90,3.89
4790,3.90,3.89
4791,3.90,3.91
4792,3.91,3.91
4794,3.91,3.90
4795,3.90,3.88
4796,3.88,3.85
4797,3.85,3.83
4798,3.83,3.82
4799,3.82,3.83
4800,3.83,3.84
4802,3.85,3.87
4803,3.88,3.90
4804,3.90,3.90
4805,3.90,3.90
4806,3.90,3.89
4807,3.90,3.91
4808,3.91,3.91
4809,3.92,3.91
4811,3.91,3.89
4812,3.90,3.87
4813,3.87,3.85
4814,3.85,3.83
4815,3.83,3.83
4816,3.83,3.84
4817,3.85,3.87
4818,3.87,3.89
4820,3.90,3.91
4822,3.91,3.91
4823,3.91,3.91
4824,3.91,3.91
4825,3.92,3.93
4826,3.93,3.92
4827,3.93,3.91
4828,3.91,3.90
4830,3.90,3.87
4831,3.87,3.85
4832,3.85,3.84
4833,3.85,3.85
4834,3.86,3.87
4835,3.88,3.89
4836,3.90,3.92
4837,3.92,3.92
4839,3.92,3.92
4840,3.92,3.92
4841,3.92,3.93
4842,3.94,3.94
4843,3.94,3.93
4844,3.93,3.91
4845,3.91,3.89
4846,3.89,3.87
4848,3.87,3.85
4849,3.85,3.85
4850,3.86,3.87
4851,3.87,3.89
4852,3.90,3.91
4853,3.92,3.93
4854,3.93,3.93
4855,3.93,3.92
4857,3.92,3.93
4858,3.94,3.94
4859,3.95,3.94
4860,3.94,3.93
4861,3.93,3.91
4862,3.91,3.89
4864,3.88,3.86
4865,3.86,3.86
4867,3.86,3.87
4868,3.87,3.88
4869,3.89,3.91
4870,3.91,3.93
4871,3.93,3.93
4872,3.93,3.93
4873,3.92,3.93
4874,3.93,3.94
4876,3.94,3.95
4877,3.95,3.94
4878,3.93,3.92
4879,3.91,3.90
4880,3.89,3.87
4881,3.87,3.86
4882,3.86,3.86
4883,3.86,3.88
4885,3.88,3.90
4886,3.90,3.92
4887,3.92,3.94
4888,3.93,3.93
4889,3.93,3.92
4890,3.93,3.94
4891,3.94,3.95
4892,3.95,3.95
4894,3.94,3.93
4895,3.92,3.91
4896,3.90,3.89
4897,3.88,3.86
4898,3.86,3.86
4899,3.86,3.87
4900,3.87,3.89
4901,3.89,3.91
4903,3.91,3.93
4904,3.93,3.94
4905,3.93,3.93
4907,3.92,3.93
4908,3.93,3.95
4909,3.95,3.95
4910,3.95,3.94
4911,3.93,3.92
4913,3.91,3.90
4914,3.89,3.87
4915,3.87,3.86
4916,3.86,3.87
4917,3.87,3.88
4918,3.88,3.91
4919,3.91,3.93
4921,3.92,3.94
4922,3.93,3.93
4923,3.93,3.93
4924,3.93,3.94
4925,3.94,3.95
4926,3.95,3.95
4927,3.94,3.93
4928,3.92,3.91
4930,3.90,3.89
4931,3.88,3.87
4932,3.86,3.87
4933,3.86,3.88
4934,3.88,3.90
4935,3.90,3.92
4936,3.92,3.94
4937,3.93,3.94
4939,3.93,3.93
4940,3.93,3.94
4941,3.94,3.95
4942,3.95,3.95
4943,3.95,3.94
4944,3.93,3.92
4945,3.91,3.90
4946,3.89,3.87
4948,3.87,3.87
4950,3.86,3.87
4951,3.87,3.89
4952,3.89,3.91
4953,3.91,3.93
4954,3.93,3.95
4955,3.93,3.94
4956,3.93,3.93
4958,3.93,3.95
4959,3.95,3.96
4960,3.95,3.95
4961,3.94,3.93
4962,3.92,3.91
4963,3.90,3.89
4964,3.88,3.87
4965,3.86,3.87
4967,3.87,3.88
4968,3.88,3.90
4969,3.90,3.92
4970,3.92,3.94
4971,3.94,3.94
4972,3.93,3.93
4973,3.93,3.94
4974,3.94,3.96
4976,3.95,3.96
4977,3.95,3.94
4978,3.93,3.92
4979,3.91,3.90
4980,3.89,3.87
4981,3.87,3.87
4982,3.86,3.88
4983,3.87,3.89
4985,3.89,3.91
4986,3.91,3.94
4987,3.93,3.95
4988,3.94,3.94
4989,3.93,3.94
4990,3.94,3.95
4992,3.95,3.96
4993,3.95,3.95
4995,3.94,3.93
4996,3.92,3.91
4997,3.90,3.89
4998,3.88,3.87
4999,3.87,3.88
5000,3.87,3.89
5001,3.88,3.91
5002,3.90,3.93
5004,3.93,3.95
5005,3.94,3.94
5006,3.93,3.94
5007,3.93,3.95
5008,3.95,3.96
5009,3.95,3.96
5010,3.95,3.94
5011,3.93,3.92
5013,3.91,3.90
5014,3.89,3.88
5015,3.87,3.87
5016,3.87,3.88
5017,3.88,3.90
5018,3.90,3.92
5019,3.92,3.95
5020,3.94,3.95
5022,3.94,3.94
5023,3.93,3.94
5024,3.94,3.96
5025,3.95,3.96
5026,3.95,3.95
5027,3.94,3.93
5028,3.92,3.91
5029,3.90,3.89
5031,3.87,3.87
5032,3.87,3.88
5033,3.87,3.89
5035,3.89,3.91
5036,3.91,3.94
5037,3.93,3.95
5038,3.94,3.95
5039,3.93,3.94
5041,3.93,3.95
5042,3.95,3.97
5043,3.96,3.96
5044,3.95,3.94
5045,3.93,3.92
5046,3.91,3.90
5047,3.89,3.88
5048,3.87,3.88
5050,3.87,3.89
5051,3.88,3.91
5052,3.90,3.93
5053,3.92,3.95
5054,3.94,3.95
5055,3.94,3.95
5056,3.93,3.95
5058,3.94,3.97
5059,3.96,3.97
5060,3.96,3.95
5061,3.94,3.93
5062,3.92,3.91
5063,3.90,3.89
5064,3.88,3.88
5065,3.87,3.88
5067,3.88,3.90
5068,3.89,3.92
5069,3.91,3.94
5070,3.93,3.96
5071,3.94,3.95
5072,3.93,3.95
5073,3.94,3.96
5074,3.95,3.97
5076,3.96,3.96
5078,3.95,3.94
5079,3.93,3.92
5080,3.91,3.90
5081,3.88,3.88
5082,3.87,3.88
5083,3.87,3.89
5084,3.88,3.91
5086,3.90,3.93
5087,3.93,3.96
5088,3.94,3.95
5089,3.94,3.94
5090,3.94,3.95
5091,3.95,3.97
5092,3.96,3.97
5093,3.96,3.96
5095,3.94,3.93
5096,3.92,3.91
5097,3.90,3.89
5098,3.88,3.88
5099,3.87,3.89
5100,3.88,3.90
5101,3.90,3.92
5102,3.91,3.95
5104,3.94,3.96
5105,3.94,3.95
5106,3.94,3.95
5107,3.94,3.96
5108,3.96,3.97
5109,3.96,3.96
5110,3.95,3.94
5111,3.93,3.92
5113,3.91,3.90
5114,3.88,3.88
5115,3.87,3.88
5116,3.87,3.90
5117,3.89,3.91
5118,3.91,3.94
5120,3.93,3.96
5121,3.94,3.95
5123,3.94,3.94
5124,3.93,3.95
5125,3.95,3.97
5126,3.96,3.96
5127,3.95,3.95
5128,3.94,3.93
5129,3.91,3.91
5130,3.89,3.88
5132,3.87,3.88
5133,3.87,3.89
5134,3.88,3.90
5135,3.89,3.92
5136,3.92,3.95
5137,3.94,3.95
5138,3.94,3.95
5139,3.93,3.95
5141,3.94,3.96
5142,3.95,3.97
5143,3.96,3.96
5144,3.95,3.94
5145,3.93,3.92
5146,3.91,3.89
5147,3.88,3.88
5148,3.87,3.88
5150,3.87,3.90
5151,3.89,3.91
5152,3.91,3.94
5153,3.93,3.96
5154,3.94,3.95
5155,3.94,3.94
5156,3.94,3.95
5157,3.95,3.97
5159,3.96,3.96
5160,3.95,3.95
5161,3.94,3.93
5163,3.91,3.91
5164,3.89,3.88
5165,3.87,3.88
5166,3.87,3.89
5167,3.88,3.91
5169,3.90,3.92
5170,3.92,3.95
5171,3.94,3.96
5172,3.94,3.95
5173,3.93,3.95
5174,3.94,3.96
5175,3.96,3.97
5176,3.96,3.96
5178,3.95,3.94
5179,3.92,3.91
5180,3.90,3.89
5181,3.88,3.88
5182,3.87,3.88
5183,3.87,3.90
5184,3.89,3.91
5185,3.91,3.94
5187,3.93,3.96
5188,3.94,3.95
5189,3.94,3.95
5190,3.94,3.96
5191,3.95,3.97
5192,3.96,3.97
5193,3.96,3.95
5194,3.94,3.93
5196,3.91,3.91
5197,3.89,3.88
5198,3.87,3.88
5199,3.87,3.89
5200,3.89,3.91
5201,3.90,3.93
5202,3.92,3.96
5203,3.94,3.96
5206,3.94,3.95
5207,3.94,3.95
5208,3.95,3.97
5209,3.96,3.97
5210,3.96,3.96
5211,3.94,3.94
5212,3.93,3.91
5213,3.90,3.89
5215,3.88,3.88
5216,3.87,3.88
5217,3.88,3.90
5218,3.89,3.91
5219,3.91,3.94
5220,3.93,3.95
5221,3.94,3.95
5222,3.93,3.94
5224,3.94,3.95
5225,3.95,3.97
5226,3.96,3.96
5227,3.95,3.94
5228,3.93,3.92
5229,3.91,3.90
5230,3.88,3.88
5231,3.87,3.88
5233,3.87,3.89
5234,3.88,3.91
5235,3.90,3.93
5236,3.92,3.95
5237,3.93,3.95
5238,3.94,3.94
5239,3.93,3.94
5240,3.94,3.96
5242,3.95,3.96
5243,3.95,3.95
5244,3.94,3.93
5245,3.92,3.91
5246,3.89,3.88
5248,3.87,3.87
5249,3.86,3.88
5250,3.87,3.90
5252,3.89,3.91
5253,3.91,3.94
5254,3.93,3.95
5255,3.93,3.95
5256,3.93,3.94
5257,3.93,3.95
5258,3.95,3.96
5259,3.95,3.96
5261,3.94,3.94
5262,3.93,3.92
5263,3.90,3.89
5264,3.88,3.87
5265,3.86,3.87
5266,3.86,3.89
5267,3.88,3.91
5268,3.90,3.93
5270,3.92,3.95
5271,3.93,3.95
5272,3.93,3.94
5273,3.93,3.95
5274,3.94,3.96
5275,3.95,3.96
5276,3.95,3.95
5277,3.93,3.93
5279,3.91,3.91
5280,3.89,3.88
5281,3.87,3.87
5282,3.86,3.88
5283,3.87,3.90
5284,3.89,3.92
5285,3.91,3.94
5286,3.93,3.95
5288,3.93,3.94
5289,3.93,3.94
5291,3.93,3.96
5292,3.95,3.97
5293,3.95,3.96
5294,3.94,3.94
5295,3.92,3.91
5296,3.90,3.89
5298,3.88,3.88
5299,3.86,3.88
5300,3.87,3.89
5301,3.88,3.91
5302,3.90,3.94
5303,3.92,3.96
5304,3.93,3.96
5305,3.93,3.95
5307,3.93,3.96
5308,3.95,3.98
5309,3.96,3.98
5310,3.95,3.96
5311,3.94,3.94
5312,3.92,3.91
5313,3.89,3.89
5314,3.87,3.89
5316,3.87,3.90
5317,3.88,3.91
5318,3.90,3.93
5319,3.92,3.96
5320,3.94,3.97
5321,3.94,3.96
5322,3.94,3.96
5323,3.94,3.97
5325,3.95,3.98
5326,3.96,3.97
5327,3.95,3.95
5328,3.93,3.92
5329,3.90,3.90
5330,3.88,3.88
5331,3.87,3.89
5332,3.87,3.90
5335,3.88,3.92
5336,3.90,3.94
5337,3.92,3.96
5338,3.93,3.95
5339,3.93,3.94
5340,3.92,3.95
5341,3.93,3.96
5342,3.94,3.96
5344,3.93,3.94
5345,3.91,3.91
5346,3.89,3.89
5347,3.87,3.87
5348,3.85,3.86
5349,3.84,3.87
5350,3.85,3.89
5351,3.87,3.91
5353,3.89,3.93
5354,3.91,3.93
5355,3.90,3.91
5356,3.89,3.91
5357,3.89,3.92
5358,3.90,3.91
5359,3.89,3.90
5360,3.88,3.89
5362,3.86,3.86
5363,3.83,3.84
5364,3.81,3.83
5365,3.79,3.83
5366,3.80,3.84
5367,3.81,3.87
5368,3.84,3.89
5370,3.86,3.90
5371,3.87,3.90
5372,3.87,3.89
5373,3.87,3.90
5374,3.88,3.90
5376,3.88,3.90
5377,3.87,3.88
5378,3.86,3.86
5380,3.83,3.84
5381,3.81,3.82
5382,3.79,3.82
5383,3.79,3.83
5384,3.81,3.85
5385,3.83,3.87
5386,3.86,3.89
5387,3.87,3.90
5389,3.88,3.89
5390,3.87,3.89
5391,3.88,3.90
5392,3.89,3.90
5393,3.89,3.89
5394,3.88,3.87
5395,3.86,3.85
5396,3.83,3.83
5398,3.81,3.82
5399,3.81,3.82
5400,3.81,3.84
5401,3.83,3.87
5402,3.86,3.89
5403,3.88,3.90
5404,3.89,3.89
5406,3.88,3.89
5407,3.88,3.90
5408,3.89,3.91
5409,3.90,3.90
5410,3.89,3.88
5411,3.87,3.86
5412,3.85,3.83
5413,3.82,3.81
5415,3.81,3.82
5416,3.81,3.83
5417,3.82,3.85
5419,3.85,3.88
5420,3.88,3.90
5421,3.89,3.90
5422,3.89,3.89
5423,3.89,3.90
5425,3.90,3.91
5426,3.91,3.91
5427,3.90,3.89
5428,3.89,3.87
5429,3.87,3.85
5430,3.84,3.83
5431,3.82,3.82
5432,3.82,3.83
5434,3.83,3.85
5435,3.85,3.88
5436,3.88,3.90
5437,3.90,3.91
5438,3.90,3.90
5439,3.89,3.90
5440,3.90,3.91
5441,3.91,3.91
5443,3.91,3.91
5444,3.90,3.89
5445,3.88,3.87
5446,3.86,3.84
5447,3.83,3.83
5448,3.82,3.83
5449,3.83,3.84
5450,3.84,3.87
5452,3.87,3.90
5453,3.90,3.91
5454,3.91,3.91
5455,3.90,3.90
5456,3.90,3.91
5457,3.91,3.91
5458,3.91,3.91
5460,3.91,3.89
5462,3.89,3.87
5463,3.87,3.85
5464,3.84,3.83
5465,3.82,3.82
5466,3.82,3.84
5467,3.83,3.85
5468,3.85,3.88
5470,3.88,3.91
5471,3.90,3.91
5472,3.90,3.90
5473,3.90,3.90
5474,3.90,3.91
5475,3.91,3.91
5476,3.91,3.91
5477,3.90,3.89
5479,3.88,3.86
5480,3.86,3.84
5481,3.83,3.83
5482,3.82,3.84
5483,3.83,3.85
5484,3.85,3.88
5485,3.88,3.90
5486,3.90,3.91
5488,3.91,3.91
5489,3.90,3.90
5490,3.90,3.91
5491,3.91,3.92
5492,3.92,3.91
5493,3.91,3.90
5494,3.90,3.88
5495,3.87,3.85
5497,3.85,3.83
5498,3.83,3.83
5499,3.83,3.85
5500,3.85,3.87
5501,3.87,3.90
5502,3.90,3.91
5504,3.91,3.91
5505,3.91,3.91
5507,3.90,3.91
5508,3.91,3.92
5509,3.92,3.91
5510,3.91,3.90
5511,3.90,3.88
5512,3.88,3.86
5513,3.86,3.84
5514,3.83,3.83
5516,3.83,3.84
5517,3.83,3.85
5518,3.85,3.88
5519,3.88,3.91
5520,3.90,3.91
5521,3.91,3.91
5522,3.90,3.91
5524,3.91,3.92
5525,3.92,3.93
5526,3.92,3.92
5527,3.91,3.91
5528,3.90,3.88
5529,3.88,3.86
5530,3.85,3.84
5531,3.84,3.85
5533,3.85,3.86
5534,3.86,3.89
5535,3.89,3.91
5536,3.91,3.93
5537,3.92,3.93
5538,3.92,3.92
5539,3.92,3.93
5540,3.93,3.94
5542,3.94,3.94
5543,3.94,3.93
5544,3.92,3.91
5545,3.90,3.88
5547,3.88,3.86
5548,3.86,3.86
5549,3.86,3.87
5550,3.87,3.89
5552,3.89,3.91
5553,3.91,3.94
5554,3.93,3.95
5555,3.94,3.94
5556,3.94,3.94
5557,3.95,3.96
5558,3.97,3.99
5559,3.99,3.99
5561,3.99,3.98
5562,3.97,3.96
5563,3.95,3.93
5564,3.93,3.92
5565,3.93,3.93
5566,3.94,3.95
5567,3.96,3.97
5568,3.98,4.00
5570,4.01,4.02
5571,4.03,4.03
5572,4.03,4.02
5573,4.03,4.04
5574,4.05,4.06
5575,4.08,4.08
5576,4.10,4.11
5577,4.12,4.11
5579,4.12,4.09
5580,4.11,4.08
5581,4.11,4.09
5582,4.11,4.11
5583,4.13,4.12
5584,4.14,4.14
5585,4.16,4.16
5586,4.18,4.18
5588,4.20,4.21
5590,4.23,4.23
5591,4.25,4.25
5592,4.27,4.27
5593,4.29,4.29
5594,4.31,4.31
5595,4.33,4.33
5597,4.34,4.35
5598,4.35,4.36
5599,4.37,4.38
5600,4.38,4.40
5601,4.40,4.41
5602,4.41,4.43
5603,4.42,4.44
5604,4.43,4.46
5606,4.44,4.47
5607,4.45,4.48
5608,4.46,4.49
5609,4.47,4.51
5610,4.48,4.52
5611,4.48,4.52
5612,4.49,4.53
5613,4.49,4.54
5615,4.50,4.55
5616,4.50,4.55
5617,4.50,4.56
5618,4.50,4.57
5619,4.50,4.57
5620,4.50,4.58
5621,4.50,4.58
5622,4.50,4.58
5624,4.50,4.59
5625,4.50,4.59
5626,4.50,4.60
5627,4.50,4.60
5628,4.50,4.60
5629,4.49,4.60
5630,4.49,4.61
5632,4.49,4.61
5634,4.49,4.61
5635,4.48,4.62
5636,4.48,4.62
5637,4.48,4.62
5638,4.48,4.62
5639,4.47,4.62
5640,4.47,4.62
5641,4.47,4.62
5643,4.46,4.63
5644,4.46,4.63
5645,4.46,4.63
5646,4.46,4.63
5647,4.45,4.63
5648,4.45,4.63
5649,4.45,4.63
5650,4.45,4.63
5652,4.45,4.63
5653,4.44,4.63
5654,4.44,4.63
5655,4.44,4.63
5656,4.44,4.64
5657,4.44,4.64
5658,4.44,4.64
5659,4.43,4.64
5661,4.43,4.64
5662,4.43,4.64
5663,4.43,4.64
5664,4.43,4.64
5665,4.42,4.65
5666,4.43,4.65
5667,4.42,4.65
5668,4.42,4.65
5670,4.42,4.65
5671,4.42,4.65
5672,4.42,4.65
5673,4.42,4.65
5675,4.42,4.65
5676,4.42,4.65
5677,4.42,4.65
5678,4.42,4.66
5680,4.41,4.66
5681,4.41,4.66
5682,4.41,4.66
5683,4.41,4.66
5684,4.41,4.66
5685,4.41,4.66
5686,4.41,4.67
5687,4.41,4.67
5689,4.41,4.67
5690,4.41,4.67
5691,4.41,4.67
5692,4.41,4.67
5693,4.41,4.67
5694,4.41,4.67
5695,4.41,4.67
5696,4.41,4.67
5698,4.41,4.67
5699,4.41,4.67
5700,4.41,4.68
5701,4.41,4.68
5702,4.41,4.68
5703,4.41,4.68
5704,4.41,4.68
5705,4.41,4.68
5707,4.41,4.68
5708,4.41,4.68
5709,4.41,4.68
5710,4.41,4.68
5711,4.41,4.68
5712,4.41,4.68
5713,4.41,4.68
5714,4.41,4.68
5716,4.41,4.69
5718,4.41,4.69
5719,4.41,4.69
5720,4.41,4.69
5721,4.41,4.69
5722,4.41,4.69
5723,4.41,4.69
5725,4.41,4.69
5726,4.41,4.69
5727,4.41,4.69
5728,4.41,4.69
5729,4.41,4.69
5730,4.41,4.69
5731,4.41,4.69
5732,4.41,4.69
5734,4.41,4.69
5735,4.41,4.69
5736,4.41,4.69
5737,4.41,4.69
5738,4.41,4.70
5739,4.40,4.69
5740,4.40,4.70
5741,4.41,4.70
5743,4.40,4.70
5744,4.40,4.70
5745,4.40,4.70
5746,4.40,4.70
5747,4.40,4.70
5748,4.40,4.70
5749,4.40,4.70
5750,4.40,4.70
5751,4.40,4.70
5753,4.40,4.70
5754,4.40,4.70
5755,4.40,4.70
5756,4.40,4.70
5757,4.40,4.70
5758,4.40,4.70
5760,4.40,4.70
5761,4.40,4.70
5763,4.40,4.70
5764,4.40,4.70
5765,4.40,4.70
5766,4.40,4.70
5767,4.40,4.70
5768,4.40,4.70
5769,4.40,4.71
5770,4.40,4.71
5771,4.40,4.71
5773,4.40,4.71
5774,4.40,4.71
5775,4.40,4.71
5776,4.40,4.71
5777,4.40,4.71
5778,4.40,4.71
5779,4.40,4.71
5780,4.40,4.71
5782,4.40,4.71
5783,4.40,4.72
5784,4.40,4.72
5785,4.40,4.72
5786,4.40,4.72
5787,4.40,4.72
5788,4.40,4.72
5790,4.40,4.72
5791,4.40,4.72
5792,4.40,4.73
5793,4.40,4.73
5794,4.40,4.73
5795,4.40,4.73
5796,4.40,4.73
5797,4.40,4.73
5799,4.40,4.73
5800,4.40,4.73
5801,4.40,4.74
5803,4.40,4.74
5804,4.40,4.74
5805,4.40,4.74
5806,4.40,4.75
5807,4.40,4.75
5809,4.40,4.75
5810,4.40,4.75
5811,4.40,4.75
5812,4.40,4.76
5813,4.40,4.76
5814,4.40,4.76
5815,4.40,4.76
5816,4.40,4.77
5818,4.40,4.77
5819,4.40,4.77
5820,4.40,4.77
5821,4.40,4.78
5822,4.40,4.78
5823,4.40,4.79
5824,4.40,4.79
5825,4.40,4.80
5827,4.40,4.80
5828,4.40,4.81
5829,4.40,4.82
5830,4.40,4.82
5831,4.40,4.83
5832,4.40,4.84
5833,4.40,4.84
5834,4.40,4.85
5836,4.40,4.85
5837,4.40,4.86
5838,4.40,4.86
5839,4.40,4.87
5840,4.40,4.87
5841,4.40,4.88
5842,4.40,4.88
5843,4.40,4.88
5844,4.40,4.89
5847,4.40,4.89
5848,4.40,4.89
5849,4.40,4.90
5850,4.40,4.90
5851,4.40,4.90
5852,4.40,4.91
5853,4.40,4.91
5854,4.40,4.91
5856,4.40,4.91
5857,4.40,4.91
5858,4.40,4.91
5859,4.40,4.92
5860,4.40,4.92
5861,4.40,4.92
5862,4.40,4.92
5863,4.40,4.92
5865,4.40,4.93
5866,4.40,4.93
5867,4.40,4.93
5868,4.40,4.93
5869,4.40,4.93
5870,4.40,4.93
5871,4.40,4.93
5872,4.40,4.94
5874,4.39,4.94
5875,4.39,4.94
5876,4.39,4.94
5877,4.39,4.94
5878,4.39,4.94
5879,4.40,4.94
5880,4.39,4.94
5881,4.39,4.94
5883,4.40,4.95
5884,4.39,4.95
5885,4.39,4.95
5886,4.39,4.95
5888,4.39,4.95
5889,4.39,4.95
5890,4.39,4.95
5891,4.39,4.95
5893,4.39,4.95
5894,4.40,4.95
5895,4.39,4.95
5896,4.40,4.95
5897,4.39,4.95
5898,4.40,4.95
5899,4.40,4.95
5900,4.40,4.96
5902,4.40,4.95
5903,4.40,4.95
5904,4.40,4.95
5905,4.40,4.96
5906,4.39,4.96
5907,4.39,4.96
5908,4.39,4.96
5910,4.39,4.96
5911,4.39,4.96
5912,4.39,4.96
5913,4.39,4.96
5914,4.39,4.96
5915,4.40,4.96
5916,4.39,4.96
5917,4.39,4.96
5919,4.39,4.96
5920,4.39,4.96
5921,4.40,4.96
5922,4.39,4.96
5923,4.39,4.96
5924,4.40,4.96
5925,4.39,4.96
5926,4.39,4.96
5928,4.40,4.96
5929,4.39,4.96
5931,4.40,4.96
5932,4.39,4.96
5933,4.39,4.96
5934,4.39,4.96
5935,4.39,4.96
5936,4.39,4.96
5938,4.40,4.97
5939,4.39,4.96
5940,4.39,4.96
5941,4.39,4.96
5942,4.39,4.97
5943,4.39,4.97
5944,4.39,4.97
5945,4.39,4.97
5947,4.39,4.97
5948,4.39,4.97
5949,4.39,4.96
5950,4.39,4.96
5951,4.39,4.96
5952,4.39,4.97
5953,4.39,4.97
5954,4.39,4.97
5956,4.39,4.97
5957,4.39,4.97
5958,4.39,4.97
5959,4.39,4.97
5960,4.39,4.97
5961,4.39,4.97
5962,4.39,4.97
5964,4.39,4.97
5965,4.39,4.97
5966,4.39,4.97
5967,4.39,4.97
5968,4.39,4.97
5969,4.39,4.97
5970,4.39,4.97
5971,4.39,4.97
5974,4.39,4.97
5975,4.39,4.97
5976,4.39,4.97
5977,4.39,4.97
5978,4.39,4.97
5979,4.39,4.97
5980,4.39,4.97
5982,4.39,4.97
5983,4.39,4.97
5984,4.39,4.97
5985,4.39,4.97
5986,4.39,4.97
5987,4.39,4.97
5988,4.39,4.97
5989,4.39,4.97
5991,4.39,4.97
5992,4.38,4.97
5993,4.38,4.97
5994,4.38,4.97
5995,4.38,4.97
5996,4.38,4.97
5997,4.38,4.97
5999,4.38,4.97
6000,4.38,4.97
6001,4.38,4.97
6002,4.38,4.97
6003,4.38,4.97
6004,4.38,4.97
6005,4.38,4.97
6006,4.38,4.97
6008,4.38,4.97
6009,4.38,4.97
6010,4.38,4.97
6011,4.38,4.97
6012,4.38,4.97
6013,4.38,4.97
6014,4.38,4.97
6017,4.38,4.97
6018,4.38,4.97
6019,4.38,4.97
6020,4.38,4.97
6021,4.38,4.97
6022,4.38,4.97
6023,4.38,4.97
6024,4.38,4.97
6026,4.38,4.97
6027,4.38,4.97
6028,4.38,4.97
6029,4.38,4.97
6030,4.38,4.97
6031,4.38,4.97
6032,4.38,4.97
6034,4.38,4.97
6035,4.38,4.97
6036,4.38,4.97
6037,4.38,4.97
6038,4.38,4.97
6039,4.38,4.97
6040,4.38,4.97
6041,4.38,4.97
6043,4.38,4.97
6044,4.38,4.97
6045,4.38,4.97
6046,4.38,4.97
6047,4.38,4.97
6048,4.38,4.97
6049,4.38,4.97
6050,4.38,4.97
6052,4.38,4.97
6053,4.38,4.97
6054,4.38,4.97
6055,4.38,4.97
6056,4.38,4.97
6057,4.37,4.97
6059,4.38,4.97
6061,4.38,4.97
6062,4.38,4.97
6063,4.38,4.97
6064,4.38,4.97
6065,4.37,4.97
6066,4.38,4.97
6067,4.37,4.97
6068,4.38,4.97
6070,4.37,4.97
6071,4.38,4.97
6072,4.37,4.97
6073,4.37,4.97
6074,4.37,4.97
6075,4.37,4.97
6076,4.37,4.97
6077,4.37,4.97
6079,4.37,4.97
6080,4.37,4.97
6081,4.37,4.97
6082,4.37,4.96
6083,4.37,4.96
6084,4.37,4.96
6085,4.37,4.95
6086,4.37,4.95
6088,4.37,4.94
6089,4.37,4.94
6090,4.37,4.93
6091,4.37,4.93
6092,4.37,4.92
6093,4.37,4.91
6094,4.37,4.90
6095,4.37,4.90
6097,4.38,4.89
6098,4.38,4.88
6099,4.37,4.87
6100,4.37,4.86
6102,4.37,4.85
6103,4.37,4.84
6104,4.37,4.83
6105,4.37,4.82
6107,4.37,4.81
6108,4.37,4.80
6109,4.37,4.79
6110,4.37,4.78
6111,4.37,4.77
6112,4.37,4.76
6113,4.37,4.75
6114,4.37,4.74
6116,4.37,4.73
6117,4.37,4.72
6118,4.37,4.70
6119,4.37,4.69
6120,4.37,4.68
6121,4.36,4.67
6122,4.36,4.66
6123,4.36,4.65
6125,4.36,4.64
6126,4.36,4.63
6127,4.36,4.62
6128,4.36,4.61
6129,4.36,4.60
6130,4.36,4.59
6131,4.36,4.58
6132,4.36,4.58
6134,4.36,4.57
6135,4.35,4.56
6136,4.36,4.55
6137,4.35,4.54
6138,4.35,4.53
6139,4.35,4.52
6140,4.35,4.52
6142,4.35,4.51
6144,4.35,4.50
6145,4.35,4.49
6146,4.35,4.48
6147,4.35,4.47
6148,4.35,4.47
6149,4.35,4.46
6150,4.35,4.45
6152,4.35,4.44
6153,4.35,4.43
6154,4.35,4.43
6155,4.35,4.42
6156,4.35,4.41
6157,4.35,4.41
6158,4.35,4.40
6159,4.35,4.40
6161,4.35,4.39
6162,4.35,4.38
6163,4.35,4.38
6164,4.35,4.37
6165,4.35,4.37
6166,4.35,4.36
6167,4.35,4.35
6168,4.35,4.35
6170,4.35,4.35
6171,4.35,4.34
6172,4.35,4.34
6173,4.35,4.33
6174,4.35,4.33
6175,4.35,4.32
6176,4.35,4.32
6178,4.35,4.31
6179,4.35,4.31
6180,4.35,4.30
6181,4.35,4.30
6182,4.35,4.30
6183,4.35,4.29
6184,4.35,4.29
6185,4.35,4.29
6188,4.35,4.28
6189,4.35,4.28
6190,4.35,4.28
6191,4.35,4.27
6192,4.35,4.27
6193,4.35,4.26
6194,4.35,4.26
6196,4.35,4.26
6197,4.35,4.25
6198,4.35,4.25
6199,4.35,4.25
6200,4.35,4.24
6201,4.35,4.24
6202,4.35,4.24
6203,4.35,4.24
6205,4.35,4.23
6206,4.35,4.23
6207,4.35,4.23
6208,4.35,4.22
6209,4.35,4.22
6210,4.35,4.22
6211,4.35,4.22
6212,4.35,4.22
6214,4.35,4.22
6215,4.35,4.21
6216,4.35,4.21
6217,4.35,4.21
6218,4.35,4.21
6219,4.35,4.21
6220,4.35,4.21
6221,4.35,4.20
6223,4.35,4.20
6224,4.35,4.20
6225,4.35,4.20
6226,4.35,4.20
6227,4.35,4.20
6228,4.35,4.20
6230,4.35,4.19
6231,4.35,4.19
6233,4.35,4.19
6234,4.35,4.19
6235,4.35,4.19
6236,4.35,4.19
6237,4.35,4.19
6238,4.35,4.19
6239,4.35,4.19
6240,4.35,4.19
6242,4.35,4.19
6243,4.35,4.19
6244,4.35,4.19
6245,4.35,4.19
6246,4.35,4.19
6247,4.35,4.19
6248,4.36,4.19
6249,4.35,4.19
6251,4.35,4.19
6252,4.35,4.19
6253,4.35,4.19
6254,4.35,4.19
6255,4.35,4.19
6256,4.35,4.19
6257,4.35,4.19
6259,4.35,4.19
6260,4.35,4.19
6261,4.36,4.19
6262,4.35,4.19
6263,4.36,4.19
6264,4.36,4.20
6265,4.36,4.20
6266,4.36,4.20
6268,4.36,4.20
6269,4.36,4.20
6270,4.36,4.20
6272,4.36,4.20
6273,4.36,4.20
6274,4.36,4.20
6275,4.36,4.20
6276,4.36,4.20
6278,4.36,4.21
6279,4.36,4.21
6280,4.36,4.21
6281,4.36,4.21
6282,4.36,4.21
6283,4.36,4.21
6284,4.36,4.21
6285,4.36,4.21
6287,4.36,4.21
6288,4.36,4.21
6289,4.36,4.22
6290,4.36,4.22
6291,4.36,4.22
6292,4.36,4.22
6293,4.36,4.22
6295,4.36,4.22
6296,4.36,4.22
6297,4.36,4.22
6298,4.36,4.22
6299,4.36,4.22
6300,4.36,4.22
6301,4.36,4.23
6302,4.36,4.23
6304,4.36,4.23
6305,4.36,4.23
6306,4.36,4.23
6307,4.36,4.23
6308,4.36,4.23
6309,4.36,4.23
6310,4.36,4.23
6312,4.36,4.23
6313,4.36,4.23
6315,4.36,4.23
6316,4.36,4.23
6317,4.36,4.24
6318,4.36,4.24
6319,4.36,4.24
6320,4.36,4.24
6322,4.36,4.24
6323,4.36,4.24
6324,4.36,4.24
6325,4.36,4.24
6326,4.36,4.24
6327,4.36,4.24
6328,4.36,4.24
6329,4.36,4.24
6331,4.36,4.24
6332,4.36,4.24
6333,4.36,4.24
6334,4.36,4.24
6335,4.36,4.24
6336,4.36,4.24
6337,4.36,4.24
6338,4.36,4.24
6340,4.36,4.24
6341,4.36,4.24
6342,4.36,4.24
6343,4.36,4.23
6344,4.36,4.24
6345,4.36,4.23
6346,4.36,4.24
6347,4.36,4.23
6349,4.36,4.23
6350,4.36,4.23
6351,4.36,4.23
6352,4.36,4.23
6353,4.36,4.24
6354,4.36,4.24
6355,4.36,4.24
6356,4.36,4.24
6359,4.36,4.24
6360,4.36,4.24
6361,4.36,4.25
6362,4.36,4.25
6363,4.36,4.25
6364,4.36,4.25
6365,4.36,4.26
6367,4.36,4.26
6368,4.36,4.26
6369,4.36,4.26
6370,4.36,4.27
6371,4.37,4.27
6372,4.36,4.27
6373,4.37,4.27
6375,4.37,4.28
6376,4.37,4.28
6377,4.37,4.29
6378,4.37,4.29
6379,4.37,4.29
6380,4.37,4.30
6381,4.37,4.30
6382,4.37,4.30
6384,4.37,4.31
6385,4.37,4.31
6386,4.37,4.32
6387,4.37,4.32
6388,4.37,4.32
6389,4.37,4.33
6390,4.37,4.33
6392,4.37,4.33
6393,4.37,4.34
6394,4.37,4.34
6395,4.37,4.34
6396,4.37,4.35
6397,4.37,4.35
6398,4.37,4.35
6400,4.37,4.35
6402,4.37,4.36
6403,4.37,4.36
6404,4.37,4.37
6405,4.37,4.37
6406,4.37,4.37
6407,4.37,4.38
6408,4.37,4.38
6409,4.37,4.38
6411,4.37,4.39
6412,4.37,4.39
6413,4.37,4.39
6414,4.37,4.40
6415,4.37,4.40
6416,4.37,4.40
6417,4.37,4.41
6418,4.37,4.41
6420,4.37,4.41
6421,4.37,4.42
6422,4.37,4.42
6423,4.37,4.42
6424,4.37,4.43
6425,4.37,4.43
6426,4.37,4.43
6427,4.37,4.44
6429,4.37,4.44
6430,4.37,4.44
6431,4.37,4.45
6432,4.37,4.45
6433,4.37,4.45
6434,4.37,4.46
6435,4.37,4.46
6436,4.37,4.47
6438,4.37,4.47
6439,4.37,4.47
6440,4.37,4.48
6441,4.37,4.48
6443,4.37,4.48
6444,4.37,4.49
6445,4.37,4.49
6446,4.37,4.49
6448,4.37,4.50
6449,4.37,4.50
6450,4.37,4.50
6451,4.37,4.51
6452,4.37,4.51
6453,4.37,4.51
6454,4.37,4.51
6455,4.37,4.52
6457,4.37,4.52
6458,4.37,4.52
6459,4.37,4.53
6460,4.37,4.53
6461,4.37,4.53
6462,4.37,4.54
6463,4.37,4.54
6465,4.37,4.54
6466,4.37,4.55
6467,4.37,4.55
6468,4.37,4.56
6469,4.37,4.56
6470,4.37,4.56
6471,4.37,4.57
6472,4.37,4.57
6474,4.38,4.57
6475,4.38,4.58
6476,4.38,4.59
6477,4.38,4.59
6478,4.38,4.60
6479,4.38,4.60
6480,4.38,4.61
6481,4.38,4.62
6483,4.38,4.63
6484,4.38,4.64
6486,4.38,4.65
6487,4.38,4.66
6488,4.38,4.67
6489,4.38,4.69
6490,4.38,4.70
6491,4.38,4.71
6493,4.39,4.72
6494,4.39,4.73
6495,4.39,4.74
6496,4.39,4.75
6497,4.39,4.76
6498,4.39,4.77
6499,4.39,4.78
6500,4.39,4.78
6502,4.39,4.79
6503,4.39,4.80
6504,4.39,4.81
6505,4.39,4.81
6506,4.39,4.82
6507,4.39,4.82
6508,4.39,4.83
6509,4.39,4.83
6511,4.39,4.84
6512,4.39,4.84
6513,4.39,4.85
6514,4.39,4.85
6515,4.39,4.86
6516,4.38,4.86
6517,4.39,4.86
6518,4.39,4.87
6520,4.38,4.87
6521,4.39,4.88
6522,4.39,4.88
6523,4.38,4.88
6524,4.38,4.89
6525,4.38,4.89
6526,4.38,4.89
6528,4.38,4.89
6530,4.38,4.90
6531,4.38,4.90
6532,4.38,4.90
6533,4.38,4.90
6534,4.38,4.91
6535,4.38,4.91
6536,4.38,4.91
6537,4.38,4.91
6539,4.38,4.92
6540,4.38,4.92
6541,4.38,4.92
6542,4.38,4.92
6543,4.38,4.92
6544,4.38,4.92
6545,4.38,4.92
6546,4.38,4.93
6548,4.38,4.93
6549,4.38,4.93
6550,4.38,4.93
6551,4.38,4.93
6552,4.38,4.93
6553,4.38,4.93
6554,4.38,4.93
6555,4.38,4.94
6557,4.38,4.94
6558,4.38,4.94
6559,4.38,4.94
6560,4.38,4.94
6561,4.38,4.94
6562,4.38,4.93
6563,4.38,4.93
6564,4.38,4.92
6566,4.38,4.91
6567,4.38,4.91
6568,4.38,4.91
6569,4.38,4.90
6571,4.38,4.90
6572,4.38,4.89
6573,4.38,4.89
6574,4.39,4.88
6576,4.39,4.88
6577,4.38,4.87
6578,4.39,4.86
6579,4.39,4.85
6580,4.39,4.85
6581,4.39,4.84
6582,4.39,4.83
6583,4.39,4.82
6585,4.39,4.81
6586,4.39,4.80
6587,4.39,4.79
6588,4.39,4.78
6589,4.39,4.78
6590,4.39,4.77
6591,4.39,4.76
6592,4.39,4.75
6594,4.39,4.74
6595,4.39,4.73
6596,4.39,4.72
6597,4.38,4.71
6598,4.39,4.70
6599,4.39,4.69
6600,4.38,4.69
6601,4.38,4.68
6603,4.38,4.67
6604,4.38,4.66
6605,4.38,4.65
6606,4.38,4.64
6607,4.38,4.63
6608,4.38,4.63
6609,4.38,4.62
6610,4.38,4.61
6612,4.38,4.60
6614,4.38,4.59
6615,4.38,4.59
6616,4.38,4.58
6617,4.38,4.58
6618,4.38,4.57
6619,4.38,4.57
6620,4.38,4.56
6622,4.37,4.56
6623,4.38,4.55
6624,4.38,4.55
6625,4.37,4.54
6626,4.37,4.54
6627,4.37,4.53
6628,4.37,4.53
6629,4.37,4.53
6631,4.37,4.52
6632,4.37,4.52
6633,4.38,4.51
6634,4.37,4.51
6635,4.38,4.51
6636,4.37,4.50
6637,4.38,4.50
6639,4.38,4.50
6640,4.38,4.50
6641,4.38,4.50
6642,4.38,4.49
6643,4.38,4.49
6644,4.38,4.49
6645,4.38,4.49
6646,4.38,4.49
6648,4.38,4.49
6649,4.38,4.49
6650,4.38,4.48
6651,4.38,4.48
6652,4.38,4.48
6653,4.38,4.48
6654,4.38,4.48
6656,4.38,4.48
6658,4.38,4.48
6659,4.39,4.48
6660,4.38,4.48
6661,4.39,4.48
6662,4.39,4.48
6663,4.39,4.48
6664,4.39,4.48
6665,4.39,4.48
6667,4.39,4.48
6668,4.39,4.48
6669,4.39,4.48
6670,4.39,4.48
6671,4.39,4.49
6672,4.39,4.49
6673,4.39,4.49
6674,4.39,4.49
6676,4.39,4.49
6677,4.39,4.49
6678,4.39,4.49
6679,4.39,4.50
6680,4.39,4.50
6681,4.39,4.50
6682,4.40,4.50
6683,4.40,4.50
6685,4.40,4.50
6686,4.40,4.50
6687,4.40,4.50
6688,4.40,4.50
6689,4.40,4.50
6690,4.40,4.51
6691,4.40,4.51
6692,4.40,4.51
6694,4.40,4.51
6695,4.40,4.51
6696,4.40,4.51
6697,4.40,4.51
6699,4.40,4.51
6700,4.40,4.51
6701,4.40,4.51
6702,4.40,4.51
6704,4.40,4.51
6705,4.40,4.52
6706,4.40,4.52
6707,4.40,4.52
6708,4.40,4.52
6709,4.40,4.52
6710,4.40,4.52
6711,4.40,4.52
6713,4.40,4.52
6714,4.40,4.52
6715,4.40,4.52
6716,4.40,4.52
6717,4.40,4.52
6718,4.40,4.53
6719,4.40,4.53
6720,4.40,4.53
6722,4.40,4.53
6723,4.40,4.53
6724,4.40,4.53
6725,4.40,4.53
6726,4.40,4.53
6727,4.40,4.53
6728,4.40,4.53
6729,4.40,4.53
6731,4.40,4.53
6732,4.40,4.53
6733,4.40,4.53
6734,4.40,4.54
6735,4.40,4.54
6736,4.40,4.54
6737,4.40,4.54
6738,4.40,4.54
6740,4.40,4.54
6742,4.40,4.54
6743,4.40,4.54
6744,4.40,4.54
6745,4.40,4.54
6746,4.40,4.54
6747,4.40,4.54
6748,4.40,4.54
6750,4.40,4.55
6751,4.40,4.55
6752,4.40,4.55
6753,4.40,4.55
6754,4.40,4.55
6755,4.40,4.55
6756,4.40,4.55
6757,4.40,4.55
6759,4.40,4.55
6760,4.40,4.55
6761,4.40,4.55
6762,4.40,4.55
6763,4.40,4.56
6764,4.40,4.56
6765,4.40,4.56
6766,4.40,4.56
6768,4.40,4.56
6769,4.40,4.56
6770,4.40,4.56
6771,4.40,4.56
6772,4.40,4.56
6773,4.40,4.56
6774,4.40,4.56
6775,4.40,4.56
6777,4.40,4.56
6778,4.40,4.56
6779,4.40,4.56
6780,4.40,4.57
6781,4.40,4.57
6782,4.40,4.57
6784,4.40,4.57
6785,4.40,4.57
6787,4.40,4.57
6788,4.40,4.57
6789,4.40,4.57
6790,4.40,4.57
6791,4.40,4.57
6792,4.40,4.57
6793,4.40,4.57
6794,4.40,4.57
6796,4.40,4.57
6797,4.40,4.57
6798,4.40,4.57
6799,4.40,4.57
6800,4.40,4.57
6801,4.40,4.57
6802,4.40,4.57
6803,4.40,4.57
6805,4.40,4.57
6806,4.40,4.57
6807,4.40,4.57
6808,4.40,4.57
6809,4.40,4.57
6810,4.40,4.58
6811,4.40,4.58
6812,4.40,4.58
6814,4.40,4.58
6815,4.40,4.58
6816,4.40,4.58
6817,4.40,4.58
6818,4.40,4.58
6819,4.40,4.58
6820,4.40,4.58
6821,4.41,4.58
6822,4.41,4.58
6824,4.40,4.58
6825,4.40,4.58
6827,4.40,4.58
6828,4.41,4.59
6829,4.41,4.59
6830,4.41,4.59
6831,4.41,4.59
6832,4.40,4.59
6834,4.40,4.59
6835,4.41,4.59
6836,4.41,4.59
6837,4.41,4.59
6838,4.41,4.59
6839,4.41,4.59
6840,4.41,4.59
6841,4.41,4.59
6843,4.41,4.59
6844,4.41,4.59
6845,4.41,4.59
6846,4.41,4.60
6847,4.41,4.59
6848,4.41,4.59
6849,4.41,4.60
6850,4.41,4.59
6852,4.41,4.60
6853,4.41,4.60
6854,4.41,4.60
6855,4.41,4.60
6856,4.41,4.60
6857,4.41,4.60
6858,4.41,4.60
6859,4.41,4.60
6861,4.41,4.60
6862,4.41,4.60
6863,4.40,4.60
6864,4.40,4.60
6865,4.41,4.60
6866,4.41,4.60
6867,4.41,4.60
6868,4.40,4.60
6871,4.40,4.60
6872,4.40,4.60
6873,4.40,4.60
6874,4.40,4.60
6875,4.41,4.60
6876,4.40,4.60
6877,4.40,4.60
6878,4.40,4.60
6879,4.40,4.60
6881,4.40,4.61
6882,4.40,4.61
6883,4.40,4.61
6884,4.40,4.61
6885,4.40,4.61
6886,4.40,4.61
6887,4.40,4.58
6888,4.38,4.58
6890,4.38,4.58
6891,4.38,4.57
6892,4.37,4.56
6893,4.35,4.52
6894,4.32,4.48
6895,4.27,4.44
6896,4.23,4.42
6897,4.21,4.40
6899,4.20,4.40
6900,4.19,4.40
6901,4.19,4.40
6902,4.19,4.40
6903,4.18,4.38
6904,4.16,4.36
6905,4.15,4.36
6906,4.15,4.36
6908,4.15,4.35
6909,4.14,4.33
6910,4.12,4.29
6912,4.08,4.26
6913,4.04,4.23
6914,4.02,4.22
6915,4.01,4.21
6916,4.01,4.22
6918,4.02,4.22
6919,4.03,4.23
6920,4.04,4.22
6921,4.03,4.20
6922,4.02,4.20
6923,4.02,4.20
6924,4.03,4.20
6925,4.03,4.18
6927,4.02,4.16
6928,3.99,4.13
6929,3.96,4.10
6930,3.94,4.09
6931,3.93,4.08
6932,3.93,4.09
6933,3.95,4.10
6934,3.96,4.12
6936,3.98,4.12
6937,3.98,4.10
6938,3.97,4.10
6939,3.98,4.10
6940,3.99,4.11
6941,4.00,4.11
6942,4.00,4.09
6943,3.98,4.06
6945,3.96,4.03
6946,3.93,4.01
6947,3.92,4.01
6948,3.93,4.02
6949,3.94,4.03
6950,3.95,4.05
6951,3.97,4.06
6952,3.99,4.06
6955,3.98,4.04
6956,3.98,4.05
6957,3.99,4.06
6958,4.00,4.06
6959,4.00,4.04
6960,3.99,4.02
6961,3.97,4.00
6962,3.94,3.97
6964,3.92,3.97
6965,3.92,3.97
6966,3.93,3.98
6967,3.94,4.00
6968,3.96,4.02
6969,3.98,4.02
6970,3.99,4.01
6971,3.98,4.01
6973,3.99,4.02
6974,4.00,4.03
6975,4.01,4.03
6976,4.00,4.01
6977,3.98,3.99
6978,3.96,3.96
6979,3.93,3.95
6980,3.92,3.95
6982,3.92,3.96
6983,3.94,3.97
6984,3.95,3.99
6985,3.98,4.01
6986,3.99,4.00
6987,3.98,3.99
6988,3.98,4.00
6989,3.99,4.01
6990,4.00,4.01
6992,3.99,3.99
6993,3.98,3.97
6994,3.95,3.95
6995,3.92,3.92
6996,3.91,3.92
6998,3.91,3.93
6999,3.91,3.94
7000,3.92,3.96
7002,3.94,3.98
7003,3.96,3.99
7004,3.96,3.98
7005,3.96,3.98
7006,3.96,3.99
7007,3.98,3.99
7008,3.98,3.98
7010,3.97,3.96
7011,3.95,3.94
7012,3.92,3.92
7013,3.90,3.91
7014,3.89,3.91
7015,3.90,3.92
7016,3.91,3.94
7017,3.93,3.96
7019,3.95,3.98
7020,3.96,3.97
7021,3.95,3.97
7022,3.96,3.98
7023,3.97,3.99
7024,3.98,3.98
7025,3.97,3.97
7026,3.95,3.95
7028,3.93,3.92
7029,3.91,3.91
7030,3.89,3.91
7031,3.89,3.91
7032,3.90,3.93
7033,3.92,3.95
7034,3.94,3.97
7035,3.96,3.97
7037,3.96,3.96
7038,3.95,3.97
7040,3.96,3.98
7041,3.98,3.99
7042,3.98,3.98
7043,3.96,3.96
7044,3.94,3.93
7045,3.92,3.91
7047,3.90,3.90
7048,3.89,3.91
7049,3.90,3.92
7050,3.91,3.94
7051,3.93,3.96
7052,3.95,3.98
7053,3.96,3.97
7054,3.96,3.97
7056,3.96,3.98
7057,3.97,3.99
7058,3.98,3.99
7059,3.98,3.97
7060,3.95,3.95
7061,3.93,3.92
7062,3.91,3.91
7063,3.89,3.91
7065,3.90,3.91
7066,3.91,3.93
7067,3.92,3.95
7068,3.95,3.97
7069,3.96,3.98
7070,3.96,3.97
7071,3.96,3.98
7072,3.97,3.99
7074,3.98,3.99
7075,3.98,3.98
7076,3.97,3.96
7077,3.94,3.93
7078,3.92,3.91
7079,3.90,3.90
7080,3.90,3.91
7081,3.90,3.92
7084,3.91,3.94
7085,3.94,3.97
7086,3.96,3.98
7087,3.96,3.97
7088,3.96,3.97
7089,3.96,3.98
7090,3.98,3.99
7091,3.98,3.98
7093,3.97,3.97
7094,3.95,3.94
7095,3.93,3.91
7096,3.90,3.90
7097,3.89,3.90
7098,3.89,3.91
7099,3.91,3.93
7100,3.92,3.95
7102,3.94,3.97
7103,3.96,3.97
7104,3.96,3.96
7105,3.95,3.97
7106,3.96,3.99
7107,3.98,3.99
7108,3.97,3.97
7109,3.96,3.95
7111,3.93,3.93
7112,3.91,3.91
7113,3.89,3.90
7114,3.89,3.91
7115,3.89,3.92
7116,3.91,3.94
7117,3.93,3.97
7118,3.95,3.97
7120,3.95,3.96
7121,3.95,3.97
7122,3.95,3.98
7123,3.97,3.99
7124,3.97,3.98
7126,3.96,3.96
7127,3.95,3.94
7128,3.92,3.91
7130,3.90,3.90
7131,3.89,3.90
7132,3.89,3.91
7133,3.90,3.93
7134,3.92,3.95
7135,3.94,3.97
7136,3.96,3.97
7137,3.95,3.96
7139,3.95,3.97
7140,3.97,3.99
7141,3.98,3.99
7142,3.97,3.97
7143,3.96,3.95
7144,3.93,3.93
7145,3.91,3.91
7146,3.89,3.90
7148,3.89,3.91
7149,3.90,3.92
7150,3.91,3.94
7151,3.93,3.97
7152,3.96,3.98
7153,3.96,3.97
7154,3.96,3.97
7155,3.96,3.99
7157,3.98,3.99
7158,3.98,3.99
7159,3.97,3.97
7160,3.95,3.94
7161,3.92,3.91
7162,3.90,3.90
7163,3.89,3.91
7164,3.90,3.92
7166,3.91,3.94
7168,3.93,3.96
7169,3.95,3.98
7170,3.96,3.98
7171,3.96,3.97
7172,3.96,3.98
7173,3.97,3.99
7174,3.98,3.99
7176,3.97,3.98
7177,3.96,3.95
7178,3.93,3.92
7179,3.91,3.91
7180,3.89,3.90
7181,3.89,3.91
7182,3.90,3.93
7183,3.91,3.95
7185,3.94,3.97
7186,3.95,3.98
7187,3.96,3.97
7188,3.95,3.97
7189,3.96,3.99
7190,3.97,3.99
7191,3.97,3.98
7192,3.96,3.96
7194,3.94,3.93
7195,3.91,3.91
7196,3.89,3.90
7197,3.89,3.91
7198,3.89,3.91
7199,3.90,3.94
7200,3.92,3.96
7201,3.95,3.98
7203,3.96,3.97
7204,3.95,3.97
7205,3.95,3.97
7206,3.97,3.99
7207,3.97,3.98
7208,3.97,3.97
7209,3.95,3.94
7211,3.92,3.92
7213,3.90,3.90
7214,3.89,3.90
7215,3.89,3.91
7216,3.89,3.92
7217,3.91,3.95
7218,3.93,3.97
7219,3.95,3.97
7220,3.95,3.96
7222,3.95,3.97
7223,3.95,3.98
7224,3.97,3.99
7225,3.97,3.97
7226,3.96,3.95
7227,3.93,3.93
7228,3.91,3.91
7229,3.89,3.90
7231,3.88,3.90
7232,3.89,3.91
7233,3.90,3.93
7234,3.92,3.96
7235,3.94,3.97
7236,3.95,3.97
7237,3.95,3.96
7238,3.95,3.97
7240,3.96,3.99
7241,3.97,3.98
7242,3.96,3.96
7243,3.95,3.94
7244,3.92,3.91
7245,3.90,3.90
7246,3.88,3.90
7247,3.89,3.91
7249,3.89,3.92
7250,3.91,3.95
7251,3.94,3.97
7252,3.95,3.97
7254,3.95,3.96
7255,3.95,3.97
7256,3.96,3.98
7257,3.97,3.99
7259,3.97,3.97
7260,3.96,3.95
7261,3.93,3.93
7262,3.91,3.91
7263,3.89,3.90
7264,3.88,3.91
7265,3.89,3.92
7266,3.91,3.94
7268,3.92,3.96
7269,3.95,3.97
7270,3.95,3.97
7271,3.95,3.96
7272,3.95,3.98
7273,3.96,3.99
7274,3.97,3.98
7275,3.96,3.96
7277,3.94,3.94
7278,3.92,3.91
7279,3.89,3.90
7280,3.88,3.90
7281,3.89,3.91
7282,3.90,3.93
7283,3.91,3.95
7284,3.94,3.97
7286,3.95,3.97
7287,3.95,3.96
7288,3.95,3.97
7289,3.96,3.98
7290,3.97,3.98
7291,3.97,3.97
7292,3.95,3.95
7293,3.93,3.92
7296,3.91,3.90
7297,3.89,3.90
7298,3.88,3.90
7299,3.89,3.92
7300,3.91,3.94
7301,3.93,3.96
7302,3.95,3.97
7303,3.95,3.97
7305,3.95,3.97
7306,3.95,3.98
7307,3.97,3.99
7308,3.97,3.98
7309,3.96,3.96
7310,3.94,3.94
7311,3.92,3.91
7312,3.89,3.90
7314,3.88,3.90
7315,3.89,3.91
7316,3.90,3.93
7317,3.92,3.95
7318,3.94,3.97
7319,3.95,3.97
7320,3.95,3.96
7321,3.95,3.97
7323,3.96,3.99
7324,3.97,3.99
7325,3.97,3.97
7326,3.95,3.95
7327,3.93,3.92
7328,3.91,3.90
7329,3.89,3.90
7330,3.88,3.91
7332,3.89,3.92
7333,3.91,3.94
7334,3.93,3.97
7335,3.95,3.98
7336,3.95,3.97
7337,3.95,3.97
7339,3.95,3.98
7340,3.97,3.99
7342,3.97,3.98
7343,3.96,3.96
7344,3.94,3.94
7345,3.92,3.91
7346,3.89,3.90
7347,3.88,3.90
7348,3.89,3.91
7349,3.90,3.93
7351,3.92,3.96
7352,3.94,3.98
7353,3.96,3.98
7354,3.95,3.97
7355,3.95,3.98
7356,3.97,3.99
7357,3.97,3.99
7358,3.97,3.97
7360,3.95,3.95
7361,3.93,3.92
7362,3.91,3.90
7363,3.89,3.90
7364,3.89,3.91
7365,3.89,3.92
7366,3.91,3.95
7367,3.93,3.97
7369,3.95,3.98
7370,3.95,3.97
7371,3.95,3.97
7372,3.96,3.98
7373,3.97,3.99
7374,3.97,3.98
7375,3.96,3.96
7376,3.94,3.93
7378,3.91,3.91
7379,3.89,3.90
7380,3.88,3.90
7382,3.88,3.91
7383,3.89,3.93
7384,3.91,3.95
7385,3.94,3.97
7386,3.95,3.96
7388,3.94,3.96
7389,3.94,3.97
7390,3.95,3.98
7391,3.96,3.98
7392,3.96,3.96
7393,3.94,3.94
7394,3.91,3.91
7395,3.89,3.89
7397,3.87,3.89
7398,3.87,3.90
7399,3.88,3.91
7400,3.90,3.94
7401,3.92,3.96
7402,3.94,3.96
7403,3.94,3.95
7404,3.93,3.95
7406,3.94,3.97
7407,3.95,3.97
7408,3.95,3.96
7409,3.94,3.94
7410,3.92,3.91
7411,3.89,3.89
7412,3.87,3.88
7413,3.86,3.88
7415,3.87,3.90
7416,3.88,3.92
7417,3.90,3.94
7418,3.92,3.95
7419,3.93,3.95
7420,3.92,3.94
7421,3.92,3.95
7422,3.94,3.96
7425,3.94,3.96
7426,3.94,3.94
7427,3.92,3.92
7428,3.90,3.90
7429,3.87,3.88
7430,3.86,3.87
7431,3.85,3.88
7432,3.87,3.90
7434,3.89,3.92
7435,3.91,3.94
7436,3.92,3.94
7437,3.92,3.93
7438,3.91,3.93
7439,3.92,3.95
7440,3.93,3.94
7441,3.93,3.93
7443,3.91,3.91
7444,3.90,3.89
7445,3.87,3.87
7446,3.85,3.86
7447,3.84,3.86
7448,3.85,3.88
7449,3.86,3.90
7450,3.89,3.92
7452,3.91,3.93
7453,3.91,3.92
7454,3.91,3.92
7455,3.91,3.93
7456,3.92,3.94
7457,3.93,3.93
7458,3.92,3.92
7459,3.90,3.90
7461,3.88,3.88
7462,3.86,3.86
7463,3.84,3.86
7464,3.84,3.87
7465,3.86,3.89
7467,3.88,3.91
7468,3.90,3.93
7469,3.91,3.93
7471,3.91,3.92
7472,3.91,3.92
7473,3.92,3.94
7474,3.93,3.94
7475,3.92,3.92
7476,3.91,3.91
7477,3.89,3.88
7478,3.87,3.86
7480,3.85,3.85
7481,3.84,3.86
7482,3.85,3.88
7483,3.87,3.90
7484,3.89,3.92
7485,3.91,3.93
7486,3.91,3.92
7487,3.91,3.92
7489,3.91,3.93
7490,3.92,3.93
7491,3.92,3.92
7492,3.91,3.91
7493,3.90,3.89
7494,3.87,3.86
7495,3.85,3.85
7496,3.83,3.85
7498,3.84,3.86
7499,3.85,3.88
7500,3.88,3.91
7501,3.90,3.92
7502,3.91,3.92
7503,3.91,3.91
7504,3.91,3.92
7506,3.91,3.93
7507,3.92,3.93
7508,3.92,3.91
7510,3.91,3.90
7511,3.89,3.87
7512,3.86,3.85
7513,3.84,3.85
7514,3.84,3.86
7516,3.85,3.87
7517,3.87,3.90
7518,3.89,3.92
7519,3.91,3.92
7520,3.91,3.91
7521,3.91,3.91
7522,3.91,3.93
7523,3.92,3.93
7525,3.92,3.92
7526,3.91,3.91
7527,3.90,3.88
7528,3.87,3.86
7529,3.85,3.84
7530,3.84,3.85
7531,3.84,3.86
7532,3.86,3.89
7534,3.89,3.91
7535,3.91,3.92
7536,3.91,3.92
7537,3.91,3.91
7538,3.91,3.92
7539,3.92,3.93
7540,3.92,3.92
7541,3.91,3.91
7543,3.90,3.89
7544,3.88,3.86
7545,3.85,3.84
7546,3.83,3.84
7547,3.83,3.85
7548,3.85,3.87
7549,3.87,3.90
7550,3.89,3.91
7553,3.91,3.92
7554,3.91,3.91
7555,3.91,3.91
7556,3.91,3.92
7557,3.92,3.92
7558,3.92,3.91
7559,3.91,3.90
7560,3.89,3.87
7562,3.86,3.85
7563,3.84,3.84
7564,3.83,3.84
7565,3.84,3.86
7566,3.86,3.88
7567,3.88,3.91
7568,3.91,3.92
7570,3.91,3.91
7571,3.91,3.91
7572,3.91,3.92
7573,3.92,3.93
7574,3.92,3.92
7575,3.91,3.91
7576,3.90,3.88
7577,3.88,3.86
7579,3.85,3.84
7580,3.83,3.84
7581,3.84,3.85
7582,3.85,3.87
7583,3.88,3.90
7584,3.90,3.92
7585,3.91,3.91
7586,3.91,3.91
7588,3.91,3.91
7589,3.91,3.92
7590,3.92,3.92
7591,3.92,3.91
7592,3.91,3.89
7593,3.88,3.87
7595,3.86,3.84
7596,3.84,3.83
7598,3.83,3.84
7599,3.84,3.86
7600,3.86,3.89
7601,3.89,3.91
7602,3.91,3.92
7603,3.91,3.91
7604,3.91,3.91
7606,3.91,3.92
7607,3.92,3.93
7608,3.92,3.92
7609,3.91,3.90
7610,3.90,3.88
7611,3.87,3.86
7612,3.85,3.84
7613,3.84,3.84
7615,3.84,3.86
7616,3.86,3.88
7617,3.88,3.91
7618,3.91,3.92
7619,3.91,3.92
7620,3.91,3.91
7621,3.91,3.92
7622,3.92,3.93
7624,3.93,3.93
7625,3.92,3.91
7626,3.91,3.90
7627,3.89,3.87
7628,3.87,3.85
7629,3.84,3.84
7630,3.84,3.85
7631,3.86,3.87
7633,3.87,3.90
7634,3.90,3.92
7635,3.92,3.92
7636,3.92,3.91
7638,3.91,3.91
7639,3.92,3.93
7640,3.93,3.93
7641,3.93,3.92
7643,3.92,3.91
7644,3.90,3.88
7645,3.87,3.86
7646,3.85,3.84
7647,3.84,3.85
7648,3.85,3.86
7649,3.86,3.89
7650,3.89,3.91
7652,3.91,3.92
7653,3.92,3.92
7654,3.91,3.91
7655,3.91,3.92
7656,3.92,3.93
7657,3.93,3.93
7658,3.92,3.91
7659,3.91,3.89
7661,3.89,3.87
7662,3.86,3.84
7663,3.84,3.84
7664,3.84,3.86
7665,3.86,3.88
7666,3.88,3.90
7667,3.91,3.92
7669,3.91,3.92
7670,3.91,3.91
7671,3.91,3.92
7672,3.92,3.93
7673,3.93,3.93
7674,3.93,3.92
7675,3.91,3.90
7676,3.90,3.88
7678,3.87,3.85
7680,3.85,3.84
7681,3.84,3.85
7682,3.85,3.87
7683,3.87,3.89
7684,3.89,3.92
7685,3.91,3.93
7686,3.92,3.92
7688,3.91,3.91
7689,3.91,3.93
7690,3.93,3.94
7691,3.93,3.93
7692,3.92,3.91
7693,3.91,3.89
7694,3.88,3.87
7695,3.86,3.85
7697,3.84,3.85
7698,3.85,3.87
7699,3.86,3.89
7700,3.89,3.91
7701,3.91,3.93
7702,3.92,3.93
7703,3.92,3.92
7704,3.92,3.93
7706,3.93,3.95
7707,3.95,3.95
7708,3.94,3.93
7709,3.93,3.91
7710,3.91,3.89
7711,3.89,3.87
7712,3.87,3.86
7713,3.86,3.87
7715,3.87,3.89
7716,3.89,3.91
7717,3.92,3.94
7718,3.94,3.95
7719,3.94,3.94
7720,3.94,3.94
7721,3.94,3.95
7723,3.96,3.96
7725,3.96,3.95
7726,3.95,3.93
7727,3.93,3.91
7728,3.91,3.89
7729,3.88,3.87
7730,3.87,3.87
7731,3.88,3.89
7732,3.89,3.91
7734,3.91,3.94
7735,3.94,3.96
7736,3.95,3.95
7737,3.95,3.95
7738,3.95,3.96
7739,3.96,3.98
7740,3.98,3.98
7741,3.97,3.96
7743,3.96,3.94
7744,3.94,3.92
7745,3.91,3.90
7746,3.90,3.89
7747,3.90,3.90
7748,3.91,3.92
7749,3.92,3.94
7750,3.94,3.97
7752,3.97,3.98
7753,3.97,3.98
7754,3.97,3.98
7755,3.98,4.00
7756,4.00,4.02
7757,4.02,4.02
7758,4.02,4.01
7759,4.01,3.99
7761,3.99,3.96
7762,3.97,3.96
7763,3.96,3.96
7764,3.97,3.98
7766,3.98,4.00
7767,4.00,4.03
7768,4.03,4.05
7769,4.05,4.07
7771,4.07,4.07
7772,4.08,4.09
7773,4.09,4.11
7774,4.12,4.13
7775,4.14,4.15
7776,4.16,4.16
7777,4.17,4.17
7778,4.19,4.19
7780,4.21,4.21
7781,4.24,4.24
7782,4.26,4.26
7783,4.28,4.28
7784,4.30,4.30
7785,4.32,4.32
7786,4.34,4.34
7787,4.35,4.36
7789,4.37,4.37
7790,4.39,4.39
7791,4.40,4.41
7792,4.42,4.42
7793,4.43,4.44
7794,4.44,4.45
7795,4.45,4.47
7796,4.46,4.48
7798,4.48,4.49
7799,4.48,4.51
7800,4.49,4.52
7801,4.50,4.53
7802,4.50,4.54
7803,4.51,4.55
7804,4.51,4.55
7806,4.52,4.56
7808,4.52,4.57
7809,4.52,4.57
7810,4.52,4.57
7811,4.52,4.58
7812,4.53,4.59
7813,4.52,4.59
7814,4.53,4.60
7816,4.52,4.60
7817,4.52,4.60
7818,4.52,4.61
7819,4.52,4.61
7820,4.52,4.61
7821,4.51,4.62
7822,4.51,4.62
7823,4.51,4.62
7825,4.50,4.62
7826,4.50,4.62
7827,4.50,4.63
7828,4.50,4.63
7829,4.49,4.63
7830,4.49,4.63
7831,4.49,4.63
7832,4.48,4.63
7834,4.48,4.63
7835,4.48,4.64
7836,4.48,4.64
7837,4.47,4.64
7838,4.47,4.64
7839,4.47,4.64
7840,4.46,4.64
7841,4.46,4.64
7843,4.46,4.64
7844,4.46,4.64
7845,4.46,4.64
7846,4.45,4.65
7847,4.45,4.65
7848,4.45,4.65
7849,4.45,4.65
7851,4.45,4.65
7853,4.45,4.65
7854,4.44,4.65
7855,4.44,4.65
7856,4.44,4.65
7857,4.44,4.66
7858,4.44,4.65
7859,4.44,4.66
7860,4.44,4.66
7862,4.43,4.66
7863,4.43,4.66
7864,4.43,4.66
7865,4.43,4.66
7866,4.43,4.66
7867,4.43,4.66
7868,4.43,4.66
7869,4.43,4.66
7871,4.43,4.66
7872,4.43,4.67
7873,4.43,4.67
7874,4.43,4.67
7875,4.43,4.67
7876,4.43,4.67
7877,4.43,4.67
7878,4.43,4.67
7880,4.43,4.68
7881,4.43,4.68
7882,4.43,4.68
7883,4.43,4.68
7884,4.42,4.68
7885,4.42,4.68
7886,4.42,4.68
7887,4.42,4.68
7889,4.43,4.68
7890,4.42,4.68
7891,4.43,4.68
7892,4.42,4.68
7894,4.43,4.68
7895,4.43,4.68
7896,4.43,4.69
7897,4.43,4.69
7899,4.43,4.69
7900,4.43,4.69
7901,4.42,4.69
7902,4.42,4.69
7903,4.43,4.69
7904,4.43,4.69
7905,4.43,4.69
7906,4.43,4.69
7908,4.43,4.69
7909,4.42,4.69
7910,4.43,4.69
7911,4.43,4.69
7912,4.43,4.69
7913,4.43,4.69
7914,4.43,4.69
7915,4.43,4.70
7917,4.43,4.70
7918,4.43,4.70
7919,4.43,4.70
7920,4.42,4.70
7921,4.42,4.70
7922,4.43,4.70
7923,4.42,4.70
7924,4.42,4.70
7926,4.43,4.70
7927,4.42,4.70
7928,4.43,4.70
7929,4.42,4.70
7930,4.42,4.70
7931,4.42,4.70
7932,4.42,4.71
7933,4.42,4.70
7936,4.42,4.71
7937,4.42,4.71
7938,4.42,4.71
7939,4.42,4.71
7940,4.42,4.71
7941,4.42,4.71
7942,4.42,4.71
7944,4.42,4.71
7945,4.42,4.71
7946,4.42,4.71
7947,4.42,4.71
7948,4.42,4.71
7949,4.42,4.71
7950,4.42,4.71
7951,4.42,4.71
7953,4.42,4.71
7954,4.42,4.71
7955,4.42,4.72
7956,4.42,4.72
7957,4.42,4.72
7958,4.42,4.72
7959,4.42,4.72
7961,4.42,4.72
7962,4.42,4.72
7963,4.42,4.72
7964,4.42,4.72
7965,4.42,4.72
7966,4.42,4.72
7967,4.42,4.72
7968,4.42,4.72
7970,4.42,4.72
7971,4.42,4.72
7972,4.42,4.72
7973,4.41,4.72
7974,4.41,4.72
7975,4.42,4.72
7976,4.42,4.72
7977,4.42,4.73
7980,4.42,4.72
7981,4.41,4.73
7982,4.41,4.72
7983,4.41,4.73
7984,4.42,4.73
7985,4.42,4.73
7986,4.42,4.73
7988,4.42,4.73
7989,4.42,4.73
7990,4.42,4.73
7991,4.42,4.73
7992,4.42,4.73
7993,4.41,4.73
7994,4.41,4.73
7995,4.42,4.73
7997,4.41,4.73
7998,4.41,4.73
7999,4.41,4.74
8000,4.41,4.74
8001,4.42,4.74
8002,4.42,4.74
8003,4.41,4.74
8005,4.42,4.74
8006,4.42,4.74
8007,4.42,4.74
8008,4.42,4.74
8009,4.41,4.74
8010,4.41,4.74
8011,4.42,4.75
8012,4.41,4.75
8014,4.41,4.75
8015,4.41,4.75
8016,4.42,4.75
8017,4.42,4.75
8018,4.41,4.75
8019,4.41,4.75
8020,4.42,4.75
8022,4.41,4.75
8024,4.41,4.75
8025,4.41,4.75
8026,4.41,4.75
8027,4.41,4.75
8028,4.41,4.75
8029,4.42,4.76
8030,4.41,4.76
8031,4.41,4.76
8033,4.41,4.75
8034,4.41,4.76
8035,4.41,4.76
8036,4.41,4.76
8037,4.41,4.76
8038,4.41,4.76
8039,4.41,4.76
8041,4.41,4.76
8042,4.41,4.76
8043,4.41,4.76
8044,4.41,4.76
8045,4.41,4.76
8046,4.41,4.76
8047,4.41,4.76
8048,4.41,4.76
8050,4.41,4.77
8051,4.41,4.76
8052,4.41,4.77
8053,4.41,4.77
8054,4.41,4.77
8055,4.41,4.77
8056,4.41,4.77
8058,4.41,4.77
8059,4.41,4.77
8060,4.41,4.77
8061,4.41,4.77
8062,4.41,4.77
8064,4.41,4.77
8065,4.41,4.77
8067,4.41,4.77
8068,4.41,4.77
8069,4.41,4.77
8070,4.41,4.77
8071,4.41,4.77
8072,4.41,4.77
8073,4.41,4.77
8074,4.41,4.77
8076,4.41,4.77
8077,4.41,4.77
8078,4.41,4.78
8079,4.41,4.78
8080,4.41,4.78
8081,4.41,4.78
8082,4.41,4.78
8083,4.41,4.78
8085,4.41,4.78
8086,4.41,4.78
8087,4.41,4.78
8088,4.41,4.78
8089,4.41,4.79
8090,4.41,4.78
8091,4.41,4.79
8092,4.41,4.79
8094,4.41,4.79
8095,4.41,4.79
8096,4.41,4.79
8097,4.41,4.79
8098,4.41,4.79
8099,4.41,4.79
8100,4.41,4.79
8101,4.41,4.79
8103,4.41,4.79
8104,4.41,4.79
8105,4.41,4.79
8107,4.41,4.79
8108,4.41,4.79
8109,4.41,4.79
8110,4.41,4.79
8111,4.41,4.79
8113,4.41,4.79
8114,4.41,4.79
8115,4.41,4.79
8116,4.41,4.79
8117,4.41,4.79
8118,4.41,4.79
8119,4.41,4.79
8121,4.41,4.79
8122,4.41,4.79
8123,4.41,4.79
8124,4.41,4.79
8125,4.41,4.78
8126,4.41,4.78
8127,4.41,4.78
8128,4.41,4.78
8130,4.41,4.78
8131,4.41,4.78
8132,4.41,4.78
8133,4.41,4.78
8134,4.41,4.78
8135,4.41,4.78
8136,4.41,4.78
8137,4.41,4.78
8139,4.41,4.78
8140,4.41,4.78
8141,4.41,4.78
8142,4.41,4.78
8143,4.41,4.78
8144,4.41,4.78
8145,4.41,4.78
8146,4.41,4.78
8148,4.41,4.78
8150,4.41,4.78
8151,4.41,4.78
8152,4.41,4.78
8153,4.40,4.78
8154,4.40,4.78
8155,4.40,4.78
8156,4.40,4.78
8158,4.40,4.78
8159,4.41,4.78
8160,4.40,4.78
8161,4.41,4.78
8162,4.41,4.78
8163,4.41,4.78
8164,4.41,4.78
8165,4.40,4.78
8167,4.41,4.78
8168,4.41,4.78
8169,4.41,4.78
8170,4.41,4.78
8171,4.40,4.77
8172,4.41,4.78
8173,4.40,4.77
8175,4.41,4.77
8176,4.41,4.77
8177,4.41,4.77
8178,4.40,4.77
8179,4.40,4.77
8180,4.40,4.77
8181,4.40,4.77
8182,4.40,4.77
8184,4.41,4.77
8185,4.41,4.77
8186,4.40,4.77
8187,4.40,4.77
8188,4.40,4.77
8189,4.40,4.76
8190,4.41,4.76
8192,4.40,4.76
8194,4.40,4.76
8195,4.40,4.76
8196,4.40,4.76
8197,4.40,4.76
8198,4.40,4.76
8199,4.40,4.76
8200,4.40,4.76
8201,4.40,4.75
8203,4.40,4.75
8204,4.40,4.75
8205,4.40,4.75
8206,4.40,4.75
8207,4.40,4.75
8208,4.40,4.75
8209,4.40,4.75
8210,4.40,4.75
8212,4.40,4.74
8213,4.40,4.74
8214,4.40,4.74
8215,4.40,4.74
8216,4.40,4.74
8217,4.40,4.74
8218,4.40,4.74
8219,4.40,4.73
8221,4.40,4.73
8222,4.40,4.73
8223,4.40,4.73
8224,4.40,4.73
8225,4.40,4.72
8226,4.40,4.72
8227,4.40,4.72
8228,4.40,4.72
8230,4.40,4.72
8231,4.40,4.71
8232,4.40,4.71
8233,4.40,4.71
8235,4.40,4.70
8236,4.40,4.70
8237,4.40,4.70
8238,4.40,4.69
8240,4.40,4.69
8241,4.40,4.69
8242,4.40,4.69
8243,4.40,4.68
8244,4.40,4.68
8245,4.40,4.67
8246,4.40,4.67
8247,4.40,4.67
8249,4.40,4.66
8250,4.40,4.66
8251,4.40,4.65
8252,4.40,4.65
8253,4.40,4.65
8254,4.40,4.64
8255,4.40,4.64
8256,4.40,4.64
8258,4.40,4.63
8259,4.40,4.63
8260,4.40,4.62
8261,4.40,4.62
8262,4.40,4.61
8263,4.39,4.61
8264,4.40,4.60
8265,4.39,4.60
8267,4.39,4.60
8268,4.40,4.59
8269,4.39,4.59
8270,4.39,4.58
8271,4.39,4.58
8272,4.39,4.57
8273,4.39,4.57
8274,4.39,4.57
8276,4.39,4.56
8278,4.39,4.56
8279,4.39,4.55
8280,4.39,4.55
8281,4.39,4.54
8282,4.39,4.54
8283,4.39,4.53
8284,4.39,4.53
8286,4.39,4.52
8287,4.39,4.52
8288,4.39,4.51
8289,4.39,4.51
8290,4.39,4.50
8291,4.39,4.50
8292,4.39,4.49
8293,4.39,4.49
8295,4.39,4.49
8296,4.39,4.48
8297,4.39,4.47
8298,4.39,4.47
8299,4.39,4.47
8300,4.39,4.46
8301,4.39,4.46
8302,4.39,4.45
8304,4.39,4.45
8305,4.38,4.44
8306,4.39,4.44
8307,4.38,4.44
8308,4.38,4.43
8309,4.38,4.43
8310,4.38,4.42
8311,4.38,4.42
8313,4.38,4.42
8314,4.38,4.41
8315,4.38,4.41
8316,4.38,4.40
8317,4.38,4.40
8318,4.38,4.40
8320,4.38,4.39
8321,4.38,4.39
8323,4.38,4.39
8324,4.38,4.38
8325,4.38,4.38
8326,4.38,4.38
8327,4.38,4.37
8328,4.38,4.37
8329,4.38,4.37
8331,4.38,4.37
8332,4.38,4.36
8333,4.38,4.36
8334,4.38,4.36
8335,4.38,4.35
8336,4.38,4.35
8337,4.38,4.35
8338,4.38,4.35
8340,4.38,4.35
8341,4.38,4.35
8342,4.38,4.34
8343,4.38,4.34
8344,4.38,4.34
8345,4.38,4.34
8346,4.38,4.33
8347,4.38,4.33
8349,4.38,4.33
8350,4.38,4.33
8351,4.38,4.33
8352,4.38,4.32
8353,4.38,4.32
8354,4.38,4.32
8355,4.38,4.32
8357,4.38,4.32
8358,4.38,4.32
8359,4.38,4.31
8360,4.38,4.31
8361,4.38,4.31
8363,4.38,4.31
8364,4.38,4.31
8365,4.38,4.31
8367,4.38,4.31
8368,4.38,4.30
8369,4.38,4.30
8370,4.38,4.30
8371,4.38,4.30
8372,4.38,4.30
8373,4.38,4.30
8374,4.38,4.30
8376,4.38,4.30
8377,4.38,4.30
8378,4.38,4.30
8379,4.38,4.30
8380,4.38,4.30
8381,4.38,4.30
8382,4.38,4.29
8383,4.38,4.29
8385,4.38,4.29
8386,4.38,4.29
8387,4.38,4.29
8388,4.38,4.29
8389,4.38,4.29
8390,4.38,4.29
8391,4.38,4.29
8392,4.38,4.29
8394,4.38,4.29
8395,4.38,4.29
8396,4.38,4.29
8397,4.38,4.29
8398,4.38,4.29
8399,4.38,4.29
8400,4.38,4.29
8401,4.38,4.29
8403,4.38,4.29
8404,4.38,4.29
8406,4.38,4.29
8407,4.38,4.29
8408,4.38,4.29
8409,4.38,4.29
8410,4.38,4.29
8411,4.38,4.29
8413,4.38,4.29
8414,4.38,4.29
8415,4.38,4.29
8416,4.38,4.30
8417,4.38,4.30
8418,4.38,4.29
8419,4.38,4.29
8420,4.38,4.30
8422,4.38,4.30
8423,4.38,4.30
8424,4.38,4.30
8425,4.38,4.30
8426,4.38,4.30
8427,4.38,4.30
8428,4.38,4.30
8429,4.38,4.30
8431,4.38,4.30
8432,4.38,4.30
8433,4.38,4.30
8434,4.38,4.30
8435,4.38,4.30
8436,4.38,4.30
8437,4.38,4.30
8438,4.38,4.30
8440,4.38,4.30
8441,4.38,4.30
8442,4.38,4.30
8443,4.38,4.30
8444,4.38,4.30
8445,4.39,4.30
8446,4.38,4.30
8448,4.38,4.30
8450,4.38,4.30
8451,4.38,4.30
8452,4.38,4.31
8453,4.38,4.31
8454,4.38,4.31
8455,4.38,4.31
8456,4.38,4.31
8457,4.38,4.31
8459,4.38,4.31
8460,4.38,4.31
8461,4.38,4.31
8462,4.38,4.31
8463,4.38,4.31
8464,4.38,4.31
8465,4.38,4.31
8467,4.38,4.31
8468,4.38,4.31
8469,4.38,4.31
8470,4.38,4.31
8471,4.38,4.31
8472,4.38,4.31
8473,4.38,4.31
8475,4.38,4.31
8476,4.38,4.31
8477,4.38,4.31
8478,4.38,4.31
8479,4.38,4.31
8480,4.38,4.31
8481,4.38,4.31
8482,4.38,4.31
8484,4.38,4.31
8485,4.38,4.31
8486,4.38,4.31
8487,4.38,4.31
8488,4.38,4.31
8489,4.38,4.31
8491,4.38,4.31
8493,4.38,4.31
8494,4.38,4.30
8495,4.38,4.30
8496,4.39,4.30
8497,4.38,4.30
8498,4.38,4.30
8499,4.39,4.30
8500,4.38,4.30
8502,4.38,4.30
8503,4.39,4.30
8504,4.38,4.31
8505,4.38,4.31
8506,4.38,4.31
8507,4.38,4.31
8508,4.38,4.31
8510,4.38,4.31
8511,4.39,4.32
8512,4.39,4.32
8513,4.38,4.32
8514,4.38,4.32
8515,4.39,4.32
8516,4.39,4.33
8517,4.39,4.33
8519,4.39,4.33
8520,4.39,4.33
8521,4.39,4.34
8522,4.39,4.34
8523,4.39,4.34
8524,4.39,4.35
8525,4.39,4.35
8527,4.39,4.35
8528,4.39,4.35
8529,4.39,4.35
8530,4.39,4.35
8531,4.39,4.36
8532,4.39,4.36
8534,4.39,4.36
8535,4.39,4.37
8537,4.39,4.37
8538,4.39,4.37
8539,4.39,4.37
8540,4.39,4.38
8541,4.39,4.38
8542,4.39,4.38
8543,4.39,4.38
8544,4.39,4.38
8546,4.39,4.39
8547,4.39,4.39
8548,4.39,4.39
8549,4.39,4.40
8550,4.39,4.40
8551,4.39,4.40
8552,4.39,4.40
8553,4.39,4.40
8555,4.39,4.41
8556,4.39,4.41
8557,4.39,4.41
8558,4.39,4.41
8559,4.39,4.41
8560,4.39,4.42
8561,4.39,4.42
8562,4.39,4.42
8564,4.39,4.42
8565,4.39,4.43
8566,4.39,4.43
8567,4.39,4.43
8568,4.39,4.43
8569,4.39,4.43
8570,4.39,4.44
8571,4.39,4.44
8573,4.39,4.44
8574,4.39,4.44
8576,4.39,4.44
8577,4.39,4.45
8578,4.39,4.45
8579,4.39,4.45
8580,4.39,4.45
8581,4.39,4.45
8583,4.39,4.46
8584,4.39,4.46
8585,4.39,4.46
8586,4.39,4.46
8587,4.39,4.46
8588,4.39,4.47
8589,4.39,4.47
8590,4.39,4.47
8592,4.39,4.47
8593,4.39,4.48
8594,4.39,4.48
8595,4.39,4.48
8596,4.39,4.48
8597,4.39,4.48
8598,4.39,4.48
8599,4.39,4.49
8601,4.39,4.49
8602,4.39,4.49
8603,4.39,4.49
8604,4.39,4.49
8605,4.39,4.50
8606,4.39,4.50
8607,4.39,4.50
8608,4.39,4.50
8610,4.39,4.50
8611,4.39,4.50
8612,4.39,4.50
8613,4.39,4.51
8614,4.39,4.51
8615,4.39,4.51
8616,4.39,4.51
8619,4.39,4.51
8620,4.39,4.51
8621,4.39,4.51
8622,4.39,4.51
8623,4.39,4.52
8624,4.39,4.52
8625,4.39,4.52
8626,4.39,4.52
8628,4.39,4.52
8629,4.39,4.52
8630,4.39,4.52
8631,4.39,4.52
8632,4.39,4.52
8633,4.39,4.53
8634,4.39,4.53
8635,4.39,4.53
8637,4.39,4.53
8638,4.39,4.53
8639,4.39,4.54
8640,4.39,4.53
8641,4.39,4.54
8642,4.39,4.54
8643,4.39,4.54
8645,4.39,4.54
8646,4.39,4.54
8647,4.39,4.54
8648,4.39,4.55
8649,4.39,4.55
8650,4.39,4.55
8651,4.39,4.55
8652,4.39,4.56
8654,4.39,4.56
8655,4.39,4.56
8656,4.39,4.56
8657,4.39,4.57
8658,4.39,4.57
8659,4.39,4.57
8660,4.39,4.57
8662,4.39,4.57
8664,4.39,4.57
8665,4.39,4.57
8666,4.39,4.57
8667,4.39,4.58
8668,4.39,4.58
8669,4.39,4.58
8670,4.40,4.59
8671,4.39,4.59
8673,4.40,4.59
8674,4.39,4.59
8675,4.40,4.60
8676,4.40,4.60
8677,4.40,4.60
8678,4.40,4.60
8679,4.39,4.60
8680,4.40,4.61
8682,4.40,4.61
8683,4.40,4.61
8684,4.40,4.62
8685,4.40,4.62
8686,4.40,4.62
8687,4.40,4.62
8688,4.40,4.63
8689,4.40,4.63
8691,4.40,4.64
8692,4.40,4.64
8693,4.40,4.64
8694,4.40,4.64
8695,4.40,4.65
8696,4.40,4.65
8697,4.40,4.65
8698,4.40,4.66
8700,4.40,4.66
8701,4.40,4.66
8702,4.40,4.66
8704,4.40,4.67
8705,4.40,4.67
8706,4.40,4.67
8707,4.40,4.68
8708,4.40,4.68
8710,4.40,4.68
8711,4.40,4.68
8712,4.40,4.69
8713,4.40,4.69
8714,4.40,4.69
8715,4.40,4.69
8716,4.40,4.70
8717,4.40,4.70
8719,4.40,4.70
8720,4.40,4.70
8721,4.40,4.71
8722,4.40,4.70
8723,4.40,4.70
8724,4.40,4.71
8725,4.40,4.71
8726,4.40,4.71
8727,4.40,4.71
8729,4.40,4.71
8730,4.40,4.71
8731,4.40,4.71
8732,4.40,4.71
8733,4.40,4.71
8734,4.40,4.71
8735,4.40,4.70
8736,4.40,4.70
8738,4.40,4.70
8739,4.40,4.70
8740,4.40,4.70
8741,4.40,4.70
8742,4.40,4.69
8743,4.39,4.69
8744,4.40,4.69
8745,4.40,4.69
8748,4.40,4.69
8749,4.40,4.69
8750,4.40,4.69
8751,4.40,4.68
8752,4.40,4.68
8753,4.40,4.68
8754,4.40,4.68
8755,4.40,4.67
8757,4.40,4.67
8758,4.40,4.67
8759,4.40,4.67
8760,4.40,4.66
8761,4.40,4.66
8762,4.40,4.66
8763,4.40,4.65
8764,4.40,4.65
8766,4.40,4.65
8767,4.40,4.64
8768,4.40,4.64
8769,4.40,4.64
8770,4.40,4.63
8771,4.40,4.63
8772,4.40,4.63
8773,4.40,4.62
8775,4.40,4.62
8776,4.40,4.62
8777,4.40,4.61
8778,4.40,4.61
8779,4.40,4.61
8780,4.40,4.60
8781,4.40,4.60
8782,4.40,4.60
8784,4.40,4.59
8785,4.40,4.59
8786,4.40,4.59
8787,4.40,4.58
8788,4.40,4.58
8790,4.40,4.58
8791,4.40,4.57
8792,4.40,4.57
8794,4.40,4.57
8795,4.40,4.57
8796,4.40,4.57
8797,4.40,4.56
8798,4.40,4.56
8799,4.40,4.56
8800,4.40,4.55
8801,4.40,4.55
8803,4.40,4.55
8804,4.40,4.55
8805,4.40,4.54
8806,4.40,4.54
8807,4.40,4.54
8808,4.40,4.54
8809,4.40,4.54
8810,4.40,4.53
8812,4.40,4.53
8813,4.40,4.53
8814,4.40,4.53
8815,4.40,4.53
8816,4.40,4.53
8817,4.40,4.53
8818,4.40,4.52
8819,4.40,4.52
8821,4.40,4.52
8822,4.40,4.52
8823,4.40,4.52
8824,4.40,4.52
8825,4.40,4.52
8826,4.40,4.52
8827,4.40,4.52
8828,4.40,4.51
8830,4.40,4.52
8832,4.40,4.52
8833,4.40,4.51
8834,4.40,4.51
8835,4.40,4.51
8836,4.40,4.51
8837,4.40,4.51
8838,4.40,4.51
8840,4.40,4.51
8841,4.40,4.51
8842,4.40,4.51
8843,4.40,4.51
8844,4.40,4.51
8845,4.40,4.51
8846,4.40,4.51
8847,4.40,4.51
8849,4.40,4.51
8850,4.40,4.51
8851,4.40,4.51
8852,4.40,4.51
8853,4.40,4.51
8854,4.40,4.51
8855,4.40,4.51
8856,4.40,4.51
8858,4.40,4.51
8859,4.40,4.51
8860,4.40,4.51
8861,4.40,4.51
8862,4.40,4.51
8863,4.40,4.51
8864,4.41,4.52
8865,4.41,4.52
8867,4.40,4.52
8868,4.41,4.52
8869,4.41,4.52
8870,4.41,4.52
8871,4.41,4.52
8872,4.41,4.52
8873,4.41,4.52
8876,4.41,4.52
8877,4.41,4.52
8878,4.41,4.52
8879,4.41,4.52
8880,4.41,4.52
8881,4.41,4.52
8882,4.41,4.52
8883,4.41,4.52
8885,4.41,4.53
8886,4.41,4.53
8887,4.41,4.53
8888,4.41,4.53
8889,4.41,4.53
8890,4.41,4.53
8891,4.41,4.53
8893,4.41,4.53
8894,4.41,4.53
8895,4.41,4.53
8896,4.41,4.53
8897,4.41,4.53
8898,4.41,4.53
8899,4.41,4.53
8901,4.41,4.53
8902,4.41,4.53
8903,4.41,4.53
8904,4.41,4.53
8905,4.41,4.53
8906,4.41,4.53
8907,4.41,4.53
8908,4.41,4.53
8910,4.41,4.53
8911,4.41,4.53
8912,4.41,4.53
8913,4.41,4.53
8914,4.41,4.54
8915,4.41,4.53
8916,4.41,4.53
8918,4.41,4.54
8920,4.41,4.54
8921,4.41,4.54
8922,4.41,4.54
8923,4.41,4.54
8924,4.41,4.54
8925,4.41,4.54
8926,4.41,4.54
8928,4.41,4.54
8929,4.41,4.54
8930,4.41,4.54
8931,4.41,4.54
8932,4.41,4.54
8933,4.41,4.54
8934,4.41,4.54
8935,4.41,4.54
8937,4.41,4.54
8938,4.41,4.54
8939,4.41,4.54
8940,4.41,4.54
8941,4.41,4.55
8942,4.41,4.54
8943,4.41,4.55
8945,4.41,4.55
8946,4.41,4.55
8947,4.41,4.55
8948,4.41,4.55
8949,4.41,4.55
8950,4.41,4.55
8951,4.41,4.55
8952,4.41,4.55
8954,4.41,4.55
8955,4.41,4.55
8956,4.41,4.55
8957,4.41,4.55
8958,4.41,4.55
8960,4.41,4.55
8961,4.41,4.55
8963,4.41,4.55
8964,4.41,4.55
8965,4.41,4.55
8966,4.41,4.56
8967,4.41,4.56
8968,4.41,4.56
8969,4.41,4.56
8970,4.41,4.56
8972,4.41,4.56
8973,4.41,4.56
8974,4.41,4.56
8975,4.41,4.56
8976,4.41,4.56
8977,4.41,4.56
8978,4.41,4.56
8980,4.41,4.56
8981,4.41,4.56
8982,4.41,4.56
8983,4.41,4.56
8984,4.41,4.56
8985,4.41,4.56
8986,4.41,4.57
8987,4.41,4.57
8989,4.41,4.57
8990,4.41,4.57
8991,4.41,4.57
8992,4.41,4.57
8993,4.41,4.57
8994,4.41,4.57
8995,4.41,4.57
8997,4.41,4.57
8998,4.41,4.57
8999,4.41,4.57
9000,4.41,4.57
9001,4.41,4.57
9003,4.41,4.57
9004,4.41,4.57
9005,4.41,4.57
9007,4.41,4.57
9008,4.41,4.57
9009,4.41,4.57
9010,4.41,4.57
9011,4.41,4.57
9012,4.41,4.57
9013,4.41,4.57
9014,4.41,4.57
9016,4.41,4.57
9017,4.41,4.57
9018,4.41,4.57
9019,4.41,4.57
9020,4.41,4.57
9021,4.41,4.57
9022,4.41,4.57
9023,4.41,4.58
9025,4.41,4.58
9026,4.41,4.57
9027,4.41,4.58
9028,4.41,4.58
9029,4.41,4.58
9030,4.41,4.58
9031,4.41,4.58
9032,4.41,4.58
9034,4.41,4.58
9035,4.41,4.58
9036,4.41,4.58
9037,4.41,4.58
9038,4.41,4.58
9039,4.41,4.58
9040,4.41,4.58
9042,4.41,4.58
9043,4.41,4.58
9044,4.41,4.58
9046,4.41,4.58
9047,4.41,4.58
9048,4.41,4.58
9049,4.41,4.58
9050,4.41,4.58
9052,4.41,4.58
9053,4.41,4.58
9054,4.41,4.58
9055,4.41,4.58
9056,4.41,4.58
9057,4.41,4.58
9058,4.41,4.58
9059,4.41,4.58
9061,4.41,4.59
9062,4.41,4.58
9063,4.41,4.58
9064,4.41,4.58
9065,4.41,4.58
9066,4.41,4.59
9067,4.41,4.58
9068,4.41,4.59
9070,4.41,4.58
9071,4.41,4.58
9072,4.41,4.58
9073,4.41,4.58
9074,4.40,4.56
9075,4.37,4.52
9076,4.34,4.48
9077,4.30,4.45
9079,4.27,4.43
9080,4.26,4.43
9081,4.25,4.43
9082,4.24,4.43
9083,4.24,4.43
9084,4.24,4.41
9085,4.22,4.39
9086,4.20,4.39
9089,4.20,4.38
9090,4.20,4.38
9091,4.19,4.36
9092,4.17,4.33
9093,4.13,4.30
9094,4.10,4.26
9095,4.07,4.24
9096,4.06,4.24
9098,4.05,4.24
9099,4.05,4.24
9100,4.06,4.25
9101,4.06,4.24
9102,4.06,4.22
9103,4.05,4.21
9104,4.04,4.21
9105,4.05,4.22
9107,4.05,4.20
9108,4.04,4.18
9109,4.02,4.15
9110,3.99,4.12
9111,3.96,4.10
9112,3.94,4.09
9113,3.94,4.09
9114,3.95,4.10
9116,3.96,4.11
9117,3.98,4.12
9118,3.98,4.11
9119,3.97,4.09
9120,3.97,4.09
9121,3.98,4.10
9122,3.99,4.09
9123,3.98,4.07
9125,3.96,4.04
9126,3.94,4.01
9127,3.91,3.99
9128,3.89,3.98
9129,3.89,3.98
9131,3.90,3.99
9132,3.91,4.01
9133,3.93,4.02
9135,3.95,4.02
9136,3.94,4.01
9137,3.94,4.01
9138,3.95,4.01
9139,3.96,4.01
9140,3.96,4.00
9141,3.94,3.98
9142,3.93,3.95
9144,3.90,3.93
9145,3.88,3.91
9146,3.87,3.92
9147,3.88,3.93
9148,3.89,3.94
9149,3.91,3.96
9150,3.93,3.98
9151,3.94,3.97
9153,3.94,3.96
9154,3.94,3.97
9155,3.95,3.98
9156,3.96,3.97
9157,3.95,3.96
9158,3.94,3.93
9159,3.91,3.91
9160,3.89,3.89
9162,3.88,3.89
9163,3.88,3.90
9164,3.89,3.91
9165,3.91,3.93
9166,3.93,3.95
9167,3.95,3.96
9168,3.95,3.94
9169,3.94,3.95
9171,3.96,3.96
9172,3.97,3.97
9174,3.97,3.96
9175,3.96,3.94
9176,3.94,3.91
9177,3.91,3.89
9178,3.89,3.89
9179,3.89,3.89
9181,3.90,3.91
9182,3.91,3.92
9183,3.93,3.95
9184,3.95,3.96
9185,3.96,3.95
9186,3.96,3.95
9187,3.96,3.96
9188,3.97,3.97
9190,3.98,3.97
9191,3.98,3.95
9192,3.96,3.93
9193,3.93,3.91
9194,3.91,3.89
9195,3.90,3.89
9196,3.90,3.90
9197,3.91,3.92
9199,3.93,3.94
9200,3.95,3.96
9201,3.97,3.96
9202,3.97,3.95
9203,3.96,3.96
9204,3.98,3.98
9205,3.99,3.98
9206,3.98,3.97
9208,3.97,3.95
9209,3.95,3.92
9210,3.92,3.90
9211,3.91,3.89
9212,3.90,3.90
9213,3.91,3.91
9214,3.92,3.93
9216,3.94,3.96
9218,3.97,3.97
9219,3.97,3.96
9220,3.97,3.96
9221,3.97,3.97
9222,3.99,3.98
9223,3.99,3.98
9224,3.98,3.96
9225,3.96,3.94
9227,3.94,3.91
9228,3.91,3.90
9229,3.90,3.90
9230,3.91,3.91
9231,3.91,3.92
9232,3.93,3.95
9233,3.96,3.97
9234,3.97,3.97
9236,3.97,3.96
9237,3.97,3.97
9238,3.98,3.98
9239,3.99,3.98
9240,3.99,3.97
9241,3.97,3.95
9242,3.95,3.92
9243,3.92,3.90
9245,3.90,3.90
9246,3.90,3.90
9247,3.91,3.91
9248,3.92,3.93
9249,3.94,3.96
9250,3.97,3.97
9251,3.97,3.96
9252,3.96,3.96
9254,3.97,3.97
9255,3.98,3.98
9256,3.99,3.97
9257,3.97,3.95
9259,3.95,3.93
9260,3.93,3.91
9261,3.91,3.89
9262,3.90,3.90
9264,3.90,3.91
9265,3.91,3.92
9266,3.93,3.94
9267,3.95,3.96
9268,3.96,3.96
9269,3.96,3.95
9270,3.95,3.95
9271,3.96,3.97
9273,3.97,3.96
9274,3.96,3.94
9275,3.94,3.92
9276,3.92,3.90
9277,3.90,3.88
9278,3.87,3.87
9279,3.87,3.88
9280,3.88,3.89
9282,3.90,3.91
9283,3.91,3.93
9284,3.93,3.94
9285,3.94,3.93
9286,3.93,3.93
9287,3.93,3.94
9288,3.95,3.94
9289,3.94,3.93
9291,3.93,3.92
9292,3.91,3.90
9293,3.89,3.87
9294,3.87,3.86
9295,3.86,3.86
9296,3.86,3.87
9297,3.87,3.90
9298,3.90,3.91
9300,3.92,3.93
9302,3.92,3.92
9303,3.92,3.91
9304,3.92,3.92
9305,3.93,3.93
9306,3.93,3.93
9307,3.93,3.91
9308,3.91,3.90
9310,3.89,3.87
9311,3.87,3.85
9312,3.85,3.85
9313,3.85,3.86
9314,3.86,3.87
9315,3.88,3.90
9316,3.90,3.91
9317,3.92,3.92
9319,3.92,3.91
9320,3.91,3.91
9321,3.91,3.92
9322,3.93,3.92
9323,3.92,3.91
9324,3.91,3.89
9325,3.90,3.87
9326,3.87,3.85
9328,3.85,3.84
9329,3.84,3.84
9330,3.84,3.85
9331,3.86,3.88
9332,3.88,3.90
9333,3.91,3.91
9334,3.91,3.91
9335,3.91,3.90
9337,3.91,3.91
9338,3.92,3.92
9339,3.93,3.91
9340,3.92,3.90
9341,3.91,3.88
9342,3.89,3.86
9344,3.86,3.84
9345,3.84,3.84
9347,3.84,3.85
9348,3.86,3.87
9349,3.88,3.90
9350,3.91,3.91
9351,3.92,3.91
9352,3.92,3.91
9353,3.91,3.91
9355,3.92,3.92
9356,3.94,3.92
9357,3.93,3.91
9358,3.92,3.90
9359,3.90,3.87
9360,3.88,3.85
9361,3.86,3.84
9362,3.85,3.85
9364,3.86,3.86
9365,3.88,3.89
9366,3.90,3.91
9367,3.92,3.92
9368,3.92,3.91
9369,3.92,3.91
9370,3.92,3.92
9371,3.93,3.93
9373,3.94,3.92
9374,3.93,3.91
9375,3.91,3.88
9376,3.89,3.86
9377,3.86,3.84
9378,3.85,3.84
9379,3.85,3.85
9380,3.86,3.87
9382,3.89,3.90
9383,3.91,3.91
9384,3.92,3.91
9385,3.92,3.91
9387,3.91,3.91
9388,3.92,3.93
9389,3.93,3.92
9390,3.93,3.91
9392,3.91,3.89
9393,3.90,3.87
9394,3.87,3.85
9395,3.85,3.84
9396,3.85,3.85
9397,3.86,3.87
9398,3.88,3.89
9400,3.91,3.91
9401,3.92,3.92
9402,3.92,3.91
9403,3.92,3.91
9404,3.92,3.92
9405,3.94,3.93
9406,3.94,3.92
9407,3.93,3.91
9409,3.91,3.88
9410,3.89,3.86
9411,3.86,3.84
9412,3.85,3.85
9413,3.85,3.86
9414,3.87,3.88
9415,3.90,3.91
9416,3.92,3.92
9418,3.92,3.91
9419,3.92,3.91
9420,3.92,3.92
9421,3.93,3.93
9422,3.94,3.92
9423,3.93,3.91
9424,3.91,3.89
9425,3.89,3.86
9427,3.87,3.84
9428,3.85,3.84
9430,3.85,3.85
9431,3.86,3.87
9432,3.88,3.89
9433,3.91,3.91
9434,3.92,3.91
9436,3.92,3.91
9437,3.91,3.91
9438,3.92,3.92
9439,3.93,3.93
9440,3.93,3.91
9441,3.92,3.90
9442,3.91,3.88
9443,3.88,3.85
9445,3.85,3.84
9446,3.85,3.85
9447,3.86,3.86
9448,3.87,3.89
9449,3.90,3.91
9450,3.92,3.92
9451,3.92,3.91
9452,3.92,3.91
9454,3.92,3.92
9455,3.94,3.93
9456,3.94,3.92
9457,3.93,3.91
9458,3.91,3.89
9459,3.89,3.87
9460,3.87,3.85
9461,3.85,3.85
9463,3.86,3.86
9464,3.87,3.88
9465,3.89,3.91
9466,3.91,3.92
9467,3.93,3.92
9468,3.92,3.91
9469,3.92,3.91
9472,3.93,3.93
9473,3.94,3.93
9474,3.94,3.91
9475,3.92,3.90
9476,3.90,3.87
9477,3.88,3.85
9478,3.86,3.85
9479,3.85,3.85
9481,3.86,3.87
9482,3.88,3.89
9483,3.91,3.91
9484,3.92,3.92
9485,3.93,3.91
9486,3.92,3.91
9487,3.92,3.92
9488,3.94,3.93
9490,3.94,3.92
9491,3.93,3.91
9492,3.91,3.89
9493,3.89,3.86
9494,3.87,3.85
9495,3.85,3.85
9496,3.86,3.86
9497,3.87,3.89
9499,3.90,3.91
9500,3.92,3.92
9501,3.93,3.92
9502,3.92,3.91
9503,3.92,3.92
9504,3.94,3.93
9505,3.94,3.93
9506,3.94,3.92
9508,3.92,3.90
9509,3.90,3.87
9510,3.88,3.85
9511,3.86,3.85
9512,3.86,3.86
9513,3.87,3.88
9515,3.89,3.90
9517,3.91,3.92
9518,3.93,3.92
9519,3.93,3.91
9520,3.92,3.91
9521,3.93,3.93
9522,3.94,3.93
9523,3.94,3.92
9524,3.92,3.90
9526,3.91,3.88
9527,3.88,3.85
9528,3.86,3.84
9529,3.85,3.85
9530,3.86,3.86
9531,3.87,3.89
9532,3.90,3.91
9533,3.92,3.92
9535,3.93,3.91
9536,3.92,3.91
9537,3.92,3.92
9538,3.94,3.93
9539,3.94,3.93
9540,3.94,3.91
9541,3.92,3.89
9542,3.90,3.87
9544,3.88,3.85
9545,3.86,3.85
9546,3.86,3.86
9547,3.87,3.88
9548,3.90,3.91
9549,3.92,3.92
9550,3.93,3.92
9551,3.93,3.92
9553,3.93,3.92
9554,3.94,3.94
9555,3.95,3.94
9556,3.95,3.93
9558,3.93,3.91
9559,3.91,3.89
9560,3.89,3.86
9561,3.87,3.85
9563,3.86,3.86
9564,3.87,3.88
9565,3.89,3.90
9566,3.91,3.92
9567,3.93,3.93
9568,3.94,3.92
9569,3.93,3.92
9570,3.93,3.93
9572,3.95,3.94
9573,3.95,3.93
9574,3.94,3.91
9575,3.92,3.89
9576,3.90,3.87
9577,3.87,3.85
9578,3.86,3.85
9579,3.86,3.86
9581,3.88,3.88
9582,3.90,3.91
9583,3.92,3.92
9584,3.93,3.92
9585,3.93,3.91
9586,3.93,3.92
9587,3.94,3.94
9588,3.95,3.94
9590,3.95,3.92
9591,3.93,3.91
9592,3.91,3.88
9593,3.89,3.86
9594,3.87,3.85
9595,3.86,3.86
9596,3.87,3.88
9597,3.89,3.90
9600,3.91,3.92
9601,3.93,3.93
9602,3.94,3.92
9603,3.93,3.92
9604,3.93,3.93
9605,3.95,3.94
9606,3.95,3.93
9607,3.94,3.91
9609,3.92,3.90
9610,3.90,3.87
9611,3.88,3.86
9612,3.86,3.86
9613,3.87,3.87
9614,3.88,3.89
9615,3.91,3.91
9617,3.93,3.93
9618,3.94,3.93
9619,3.93,3.92
9620,3.93,3.93
9621,3.94,3.94
9622,3.95,3.94
9623,3.95,3.92
9624,3.93,3.90
9626,3.91,3.88
9627,3.88,3.86
9628,3.87,3.85
9629,3.86,3.86
9630,3.87,3.88
9631,3.89,3.90
9632,3.91,3.92
9633,3.93,3.93
9635,3.94,3.92
9636,3.93,3.92
9637,3.94,3.94
9638,3.95,3.94
9639,3.95,3.93
9640,3.94,3.91
9641,3.92,3.89
9643,3.90,3.87
9645,3.88,3.86
9646,3.87,3.86
9647,3.87,3.88
9648,3.89,3.90
9649,3.91,3.92
9650,3.93,3.93
9651,3.94,3.93
9652,3.94,3.92
9654,3.94,3.94
9655,3.95,3.95
9656,3.96,3.94
9657,3.95,3.93
9658,3.94,3.91
9659,3.91,3.89
9660,3.89,3.86
9661,3.88,3.86
9663,3.87,3.87
9664,3.89,3.89
9665,3.91,3.91
9666,3.93,3.93
9667,3.94,3.93
9668,3.94,3.92
9669,3.94,3.93
9670,3.94,3.94
9672,3.96,3.94
9673,3.96,3.93
9674,3.94,3.91
9675,3.92,3.89
9676,3.90,3.87
9677,3.87,3.85
9678,3.87,3.86
9679,3.87,3.88
9681,3.89,3.90
9682,3.91,3.92
9683,3.93,3.93
9684,3.94,3.92
9686,3.93,3.92
9687,3.93,3.93
9688,3.95,3.95
9689,3.96,3.94
9691,3.95,3.92
9692,3.93,3.91
9693,3.91,3.88
9694,3.88,3.86
9695,3.87,3.86
9696,3.87,3.87
9697,3.88,3.89
9698,3.91,3.91
9700,3.93,3.93
9701,3.94,3.93
9702,3.94,3.92
9703,3.93,3.93
9704,3.94,3.94
9705,3.96,3.95
9706,3.96,3.93
9707,3.94,3.91
9709,3.92,3.89
9710,3.90,3.87
9711,3.87,3.86
9712,3.87,3.87
9713,3.88,3.88
9714,3.90,3.91
9715,3.92,3.93
9717,3.94,3.93
9718,3.94,3.93
9719,3.93,3.92
9720,3.94,3.94
9721,3.95,3.95
9722,3.96,3.94
9723,3.95,3.92
9724,3.93,3.90
9726,3.90,3.88
9728,3.88,3.86
9729,3.87,3.86
9730,3.87,3.87
9731,3.89,3.89
9732,3.91,3.91
9733,3.93,3.93
9734,3.94,3.93
9736,3.94,3.92
9737,3.93,3.93
9738,3.95,3.95
9739,3.96,3.94
9740,3.95,3.93
9741,3.94,3.91
9742,3.91,3.89
9743,3.89,3.86
9745,3.87,3.86
9746,3.87,3.87
9747,3.88,3.89
9748,3.90,3.91
9749,3.92,3.93
9750,3.94,3.94
9751,3.94,3.93
9752,3.93,3.93
9754,3.94,3.94
9755,3.96,3.95
9756,3.96,3.94
9757,3.95,3.92
9758,3.92,3.90
9759,3.90,3.87
9760,3.88,3.86
9761,3.87,3.86
9763,3.87,3.88
9764,3.89,3.90
9765,3.91,3.92
9766,3.93,3.93
9767,3.94,3.93
9768,3.94,3.92
9769,3.93,3.93
9771,3.95,3.95
9773,3.96,3.94
9774,3.95,3.93
9775,3.93,3.91
9776,3.91,3.88
9777,3.89,3.86
9778,3.87,3.86
9779,3.87,3.87
9780,3.88,3.89
9782,3.90,3.91
9783,3.92,3.93
9784,3.94,3.93
9785,3.94,3.92
9786,3.93,3.93
9787,3.94,3.94
9788,3.96,3.95
9790,3.95,3.94
9791,3.94,3.92
9792,3.92,3.90
9793,3.90,3.87
9794,3.88,3.86
9795,3.87,3.87
9796,3.88,3.88
9797,3.89,3.90
9799,3.91,3.92
9800,3.94,3.94
9801,3.94,3.93
9802,3.94,3.93
9803,3.94,3.94
9804,3.95,3.95
9805,3.96,3.95
9806,3.95,3.93
9808,3.93,3.91
9809,3.91,3.89
9810,3.89,3.87
9811,3.87,3.86
9812,3.88,3.88
9814,3.89,3.90
9815,3.91,3.92
9816,3.93,3.94
9818,3.95,3.94
9819,3.94,3.93
9820,3.94,3.93
9821,3.95,3.95
9822,3.96,3.95
9823,3.96,3.93
9824,3.94,3.91
9825,3.92,3.89
9827,3.90,3.87
9828,3.87,3.86
9829,3.87,3.87
9830,3.88,3.88
9831,3.89,3.91
9832,3.91,3.93
9833,3.94,3.94
9834,3.94,3.93
9836,3.93,3.93
9837,3.94,3.94
9838,3.95,3.95
9839,3.96,3.94
9840,3.95,3.92
9841,3.93,3.91
9842,3.91,3.88
9843,3.88,3.86
9845,3.87,3.86
9846,3.87,3.88
9847,3.89,3.90
9848,3.91,3.92
9849,3.93,3.94
9850,3.94,3.93
9851,3.94,3.93
9853,3.94,3.93
9854,3.95,3.95
9856,3.96,3.95
9857,3.95,3.93
9858,3.94,3.91
9859,3.92,3.89
9860,3.90,3.87
9861,3.87,3.86
9863,3.87,3.87
9864,3.88,3.89
9865,3.90,3.91
9866,3.92,3.93
9867,3.94,3.94
9868,3.94,3.93
9869,3.94,3.93
9870,3.94,3.94
9872,3.95,3.95
9873,3.96,3.94
9874,3.94,3.92
9875,3.92,3.90
9876,3.90,3.87
9877,3.88,3.86
9878,3.87,3.86
9879,3.87,3.88
9881,3.89,3.90
9882,3.91,3.92
9883,3.93,3.94
9884,3.94,3.93
9885,3.94,3.92
9886,3.94,3.93
9887,3.95,3.95
9888,3.96,3.94
9890,3.95,3.93
9891,3.94,3.91
9892,3.91,3.89
9893,3.89,3.87
9894,3.87,3.86
9895,3.87,3.87
9896,3.88,3.89
9897,3.90,3.91
9900,3.92,3.93
9901,3.94,3.94
9902,3.94,3.93
9903,3.94,3.93
9904,3.95,3.95
9905,3.96,3.95
9906,3.96,3.94
9907,3.95,3.92
9909,3.92,3.90
9910,3.91,3.88
9911,3.88,3.86
9912,3.87,3.87
9913,3.88,3.88
9914,3.89,3.91
9915,3.91,3.93
9916,3.94,3.94
9918,3.95,3.93
9919,3.94,3.93
9920,3.94,3.94
9921,3.96,3.95
9922,3.96,3.94
9923,3.95,3.93
9924,3.93,3.91
9925,3.91,3.88
9927,3.89,3.86
9928,3.87,3.86
9929,3.87,3.88
9930,3.88,3.89
9931,3.91,3.91
9932,3.93,3.93
9933,3.94,3.94
9934,3.94,3.93
9936,3.94,3.93
9937,3.95,3.95
9938,3.96,3.95
9939,3.96,3.94
9940,3.94,3.92
9942,3.92,3.90
9943,3.90,3.87
9944,3.88,3.86
9946,3.87,3.87
9947,3.88,3.89
9948,3.90,3.91
9949,3.92,3.93
9950,3.94,3.94
9951,3.94,3.93
9952,3.94,3.93
9953,3.94,3.94
9955,3.96,3.95
9956,3.96,3.95
9957,3.95,3.93
9958,3.93,3.91
9959,3.91,3.88
9960,3.89,3.86
9961,3.87,3.87
9962,3.88,3.88
9964,3.89,3.90
9965,3.91,3.92
9966,3.93,3.94
9967,3.95,3.94
9968,3.94,3.93
9969,3.94,3.93
9970,3.95,3.95
9972,3.96,3.95
9973,3.96,3.94
9974,3.94,3.91
9975,3.92,3.89
9976,3.90,3.87
9977,3.88,3.86
9978,3.87,3.87
9979,3.88,3.89
9981,3.90,3.91
9982,3.92,3.93
9984,3.94,3.94
9985,3.95,3.93
9986,3.94,3.93
9987,3.95,3.95
9988,3.96,3.96
9989,3.97,3.95
9991,3.95,3.93
9992,3.93,3.91
9993,3.91,3.88
9994,3.89,3.87
9995,3.88,3.87
9996,3.88,3.88
9997,3.90,3.90
9998,3.91,3.92
10000,3.94,3.94
10001,3.95,3.94
10002,3.95,3.93
10003,3.95,3.94
10004,3.96,3.95
10005,3.97,3.95
10007,3.96,3.93
10008,3.94,3.91
10009,3.91,3.89
10010,3.89,3.87
10011,3.88,3.87
10013,3.88,3.88
10014,3.90,3.91
10015,3.92,3.93
10016,3.94,3.94
10017,3.95,3.93
10018,3.94,3.93
10020,3.95,3.94
10021,3.96,3.95
10022,3.96,3.95
10023,3.95,3.93
10024,3.93,3.90
10027,3.91,3.88
10028,3.88,3.87
10029,3.88,3.87
10030,3.88,3.89
10031,3.90,3.91
10032,3.93,3.93
10034,3.95,3.94
10035,3.95,3.93
10036,3.94,3.94
10037,3.95,3.95
10038,3.97,3.96
10040,3.97,3.94
10041,3.95,3.92
10042,3.93,3.90
10043,3.91,3.88
10044,3.88,3.87
10045,3.88,3.88
10047,3.89,3.90
10048,3.91,3.92
10049,3.93,3.94
10050,3.95,3.94
10051,3.95,3.94
10052,3.95,3.94
10054,3.96,3.96
10055,3.97,3.96
10056,3.97,3.94
10057,3.95,3.92
10058,3.93,3.90
10060,3.90,3.88
10061,3.89,3.87
10062,3.89,3.89
10063,3.90,3.91
10064,3.92,3.92
10065,3.94,3.94
10067,3.96,3.94
10068,3.95,3.93
10070,3.95,3.94
10071,3.97,3.96
10072,3.98,3.95
10074,3.97,3.94
10075,3.95,3.91
10076,3.92,3.89
10077,3.90,3.87
10078,3.88,3.87
10079,3.89,3.89
10081,3.90,3.91
10082,3.92,3.93
10083,3.95,3.95
10084,3.96,3.94
10085,3.95,3.94
10087,3.95,3.95
10088,3.97,3.96
10089,3.97,3.96
10090,3.96,3.94
10091,3.94,3.91
10092,3.92,3.89
10094,3.90,3.88
10095,3.88,3.88
10096,3.89,3.89
10097,3.91,3.91
10098,3.93,3.94
10099,3.95,3.95
10101,3.96,3.94
10102,3.95,3.94
10103,3.95,3.96
10104,3.97,3.96
10105,3.97,3.95
10107,3.96,3.93
10108,3.94,3.91
10109,3.91,3.88
10110,3.89,3.87
10112,3.88,3.88
10113,3.89,3.90
10115,3.91,3.92
10116,3.93,3.94
10117,3.95,3.95
10118,3.95,3.94
10119,3.95,3.94
10121,3.95,3.96
10122,3.97,3.96
10123,3.97,3.95
10124,3.95,3.93
10125,3.93,3.90
10126,3.90,3.88
10128,3.88,3.87
10129,3.88,3.88
10130,3.89,3.90
10131,3.91,3.92
10132,3.93,3.94
10133,3.95,3.95
10135,3.95,3.94
10136,3.95,3.94
10137,3.96,3.96
10138,3.97,3.96
10139,3.96,3.94
10141,3.95,3.92
10142,3.92,3.90
10143,3.90,3.87
10144,3.88,3.87
10145,3.88,3.89
10146,3.89,3.91
10148,3.91,3.93
10149,3.94,3.95
10150,3.95,3.95
10151,3.95,3.94
10152,3.95,3.95
10155,3.96,3.96
10156,3.97,3.96
10157,3.96,3.94
10158,3.94,3.91
10159,3.92,3.89
10160,3.89,3.87
10162,3.88,3.88
10163,3.88,3.89
10164,3.90,3.91
10165,3.92,3.93
10166,3.94,3.95
10167,3.95,3.94
10169,3.95,3.94
10170,3.95,3.95
10171,3.97,3.96
10172,3.97,3.96
10173,3.96,3.94
10175,3.94,3.91
10176,3.92,3.89
10177,3.90,3.88
10178,3.89,3.89
10179,3.90,3.90
10180,3.91,3.92
10182,3.94,3.95
10183,3.96,3.97
10184,3.98,3.97
10185,3.98,3.98
10186,4.00,4.00
10187,4.02,4.02
10189,4.04,4.03
10190,4.04,4.02
10191,4.03,4.00
10192,4.01,3.97
10193,3.99,3.97
10195,3.99,3.98
10196,4.00,3.99
10198,4.02,4.01
10199,4.04,4.04
10200,4.06,4.06
10201,4.09,4.09
10203,4.12,4.12
10204,4.15,4.14
10205,4.18,4.17
10206,4.20,4.20
10207,4.24,4.23
10208,4.27,4.26
10210,4.30,4.29
10211,4.33,4.31
10212,4.35,4.33
10213,4.37,4.35
10214,4.40,4.37
10216,4.41,4.39
10217,4.44,4.41
10218,4.45,4.43
10219,4.47,4.44
10220,4.48,4.46
10221,4.50,4.47
10223,4.51,4.48
10224,4.52,4.50
10225,4.53,4.51
10226,4.54,4.52
10227,4.54,4.53
10229,4.55,4.54
10230,4.55,4.54
10231,4.56,4.55
10232,4.56,4.55
10233,4.56,4.56
10234,4.56,4.57
10236,4.56,4.57
10237,4.56,4.57
10238,4.56,4.57
10240,4.56,4.57
10241,4.55,4.57
10243,4.55,4.58
10244,4.55,4.58
10245,4.54,4.58
10246,4.54,4.58
10247,4.53,4.59
10248,4.53,4.59
10250,4.53,4.59
10251,4.52,4.59
10252,4.52,4.59
10253,4.51,4.59
10254,4.51,4.59
10256,4.50,4.59
10257,4.50,4.59
10258,4.50,4.59
10259,4.49,4.59
10260,4.49,4.59
10261,4.48,4.59
10263,4.48,4.59
10264,4.48,4.59
10265,4.47,4.59
10266,4.47,4.59
10267,4.46,4.59
10268,4.46,4.59
10270,4.46,4.60
10271,4.46,4.60
10272,4.46,4.60
10273,4.45,4.60
10274,4.45,4.60
10275,4.45,4.60
10277,4.45,4.60
10278,4.44,4.60
10279,4.44,4.60
10280,4.44,4.60
10281,4.44,4.60
10283,4.44,4.60
10285,4.44,4.61
10286,4.44,4.61
10287,4.44,4.61
10288,4.44,4.61
10289,4.43,4.61
10291,4.43,4.61
10292,4.43,4.61
10293,4.43,4.61
10294,4.43,4.61
10295,4.43,4.61
10296,4.43,4.62
10298,4.43,4.62
10299,4.43,4.62
10300,4.43,4.62
10301,4.43,4.62
10302,4.43,4.62
10304,4.43,4.62
10305,4.43,4.62
10306,4.43,4.62
10307,4.43,4.62
10308,4.43,4.62
10309,4.43,4.62
10311,4.43,4.63
10312,4.43,4.63
10313,4.43,4.63
10314,4.43,4.63
10315,4.43,4.63
10317,4.43,4.63
10318,4.43,4.63
10319,4.43,4.64
10320,4.43,4.64
10321,4.43,4.64
10322,4.43,4.64
10324,4.43,4.64
10326,4.43,4.64
10327,4.43,4.64
10328,4.43,4.64
10329,4.43,4.64
10330,4.43,4.64
10332,4.43,4.64
10333,4.43,4.64
10334,4.43,4.64
10335,4.43,4.64
10336,4.43,4.64
10338,4.43,4.65
10339,4.43,4.65
10340,4.43,4.65
10341,4.42,4.65
10342,4.42,4.65
10343,4.42,4.65
10345,4.42,4.65
10346,4.42,4.65
10347,4.42,4.65
10348,4.42,4.65
10349,4.42,4.65
10351,4.42,4.65
10352,4.42,4.65
10353,4.42,4.65
10354,4.42,4.65
10355,4.42,4.65
10356,4.42,4.65
10358,4.42,4.65
10359,4.42,4.65
10360,4.42,4.66
10361,4.42,4.65
10362,4.42,4.66
10364,4.42,4.66
10365,4.42,4.66
10366,4.42,4.66
10368,4.42,4.66
10369,4.42,4.66
10370,4.42,4.66
10372,4.42,4.66
10373,4.42,4.66
10374,4.42,4.66
10375,4.42,4.66
10376,4.42,4.66
10378,4.42,4.66
10379,4.42,4.66
10380,4.42,4.66
10381,4.42,4.66
10382,4.42,4.66
10383,4.42,4.66
10385,4.42,4.66
10386,4.42,4.66
10387,4.42,4.66
10388,4.42,4.66
10389,4.42,4.67
10390,4.42,4.67
10392,4.42,4.67
10393,4.42,4.67
10394,4.42,4.67
10395,4.42,4.67
10396,4.42,4.67
10398,4.42,4.67
10399,4.42,4.67
10400,4.42,4.67
10401,4.42,4.67
10402,4.42,4.67
10403,4.42,4.67
10405,4.42,4.67
10406,4.42,4.67
10407,4.42,4.67
10408,4.42,4.67
10409,4.42,4.67
10412,4.42,4.67
10413,4.42,4.67
10414,4.42,4.67
10415,4.42,4.67
10416,4.42,4.67
10417,4.42,4.68
10419,4.42,4.68
10420,4.42,4.68
10421,4.42,4.68
10422,4.42,4.68
10423,4.42,4.68
10425,4.42,4.68
10426,4.42,4.68
10427,4.42,4.68
10428,4.42,4.68
10429,4.42,4.68
10430,4.42,4.68
10432,4.42,4.68
10433,4.42,4.68
10434,4.42,4.68
10435,4.42,4.68
10436,4.42,4.68
10438,4.42,4.68
10439,4.42,4.68
10440,4.42,4.69
10441,4.42,4.69
10442,4.42,4.69
10444,4.42,4.69
10445,4.42,4.69
10446,4.42,4.69
10447,4.42,4.69
10448,4.42,4.69
10449,4.42,4.69
10451,4.42,4.69
10452,4.42,4.70
10454,4.42,4.70
10455,4.42,4.70
10456,4.42,4.70
10457,4.42,4.70
10459,4.42,4.70
10460,4.42,4.70
10461,4.42,4.70
10462,4.42,4.70
10463,4.42,4.70
10464,4.42,4.71
10466,4.42,4.71
10467,4.42,4.71
10468,4.42,4.71
10469,4.42,4.71
10470,4.42,4.71
10472,4.42,4.72
10473,4.42,4.72
10474,4.42,4.72
10475,4.42,4.72
10476,4.42,4.72
10477,4.42,4.73
10479,4.42,4.73
10480,4.42,4.74
10481,4.42,4.74
10482,4.42,4.74
10483,4.42,4.75
10485,4.42,4.75
10486,4.42,4.76
10487,4.42,4.76
10488,4.42,4.77
10489,4.42,4.77
10490,4.42,4.78
10492,4.42,4.78
10493,4.42,4.78
10494,4.42,4.79
10496,4.42,4.80
10497,4.42,4.80
10499,4.42,4.81
10500,4.42,4.82
10501,4.42,4.82
10502,4.42,4.83
10503,4.42,4.84
10504,4.42,4.84
10506,4.42,4.85
10507,4.42,4.86
10508,4.42,4.86
10509,4.42,4.86
10510,4.42,4.87
10512,4.42,4.87
10513,4.42,4.88
10514,4.42,4.88
10515,4.42,4.88
10516,4.42,4.89
10517,4.42,4.89
10519,4.42,4.89
10520,4.42,4.90
10521,4.42,4.90
10522,4.42,4.90
10523,4.42,4.91
10524,4.42,4.91
10526,4.42,4.91
10527,4.42,4.91
10528,4.42,4.92
10529,4.41,4.92
10530,4.41,4.92
10532,4.41,4.92
10533,4.42,4.92
10534,4.42,4.93
10535,4.41,4.93
10536,4.41,4.93
10539,4.41,4.93
10540,4.41,4.93
10541,4.41,4.93
10542,4.41,4.94
10543,4.41,4.93
10544,4.41,4.94
10546,4.41,4.94
10547,4.41,4.94
10548,4.41,4.94
10549,4.41,4.94
10550,4.41,4.94
10552,4.41,4.94
10553,4.41,4.95
10554,4.41,4.95
10555,4.41,4.94
10556,4.41,4.95
10557,4.41,4.95
10559,4.41,4.95
10560,4.41,4.95
10561,4.41,4.95
10562,4.41,4.95
10563,4.41,4.95
10565,4.41,4.95
10566,4.41,4.95
10567,4.41,4.95
10568,4.41,4.96
10569,4.41,4.95
10570,4.41,4.96
10572,4.41,4.96
10573,4.41,4.96
10574,4.41,4.96
10575,4.41,4.96
10576,4.41,4.96
10578,4.41,4.96
10579,4.41,4.96
10580,4.41,4.96
10582,4.41,4.96
10583,4.41,4.96
10585,4.41,4.96
10586,4.41,4.96
10587,4.41,4.96
10588,4.41,4.96
10589,4.41,4.96
10590,4.41,4.96
10592,4.41,4.96
10593,4.41,4.96
10594,4.41,4.96
10595,4.41,4.96
10596,4.41,4.97
10597,4.41,4.97
10599,4.41,4.97
10600,4.41,4.97
10601,4.41,4.97
10602,4.41,4.97
10603,4.41,4.97
10605,4.41,4.97
10606,4.41,4.97
10607,4.41,4.97
10608,4.41,4.97
10609,4.41,4.97
10611,4.41,4.97
10612,4.41,4.97
10613,4.41,4.97
10614,4.41,4.97
10615,4.41,4.97
10616,4.41,4.97
10618,4.41,4.97
10619,4.41,4.97
10620,4.41,4.97
10621,4.41,4.97
10622,4.41,4.97
10625,4.41,4.97
10626,4.41,4.97
10627,4.41,4.97
10628,4.41,4.97
10629,4.41,4.97
10631,4.41,4.97
10632,4.41,4.97
10633,4.41,4.97
10634,4.41,4.97
10635,4.41,4.97
10636,4.41,4.97
10638,4.41,4.97
10639,4.40,4.97
10640,4.41,4.97
10641,4.40,4.97
10642,4.40,4.97
10644,4.41,4.97
10645,4.41,4.97
10646,4.40,4.97
10647,4.41,4.97
10648,4.41,4.97
10649,4.41,4.97
10651,4.40,4.97
10652,4.40,4.97
10653,4.41,4.97
10654,4.41,4.97
10655,4.40,4.97
10657,4.40,4.97
10658,4.41,4.97
10659,4.40,4.97
10660,4.40,4.97
10661,4.41,4.97
10662,4.40,4.97
10664,4.40,4.97
10665,4.40,4.97
10667,4.40,4.97
10668,4.41,4.97
10669,4.40,4.97
10671,4.40,4.97
10672,4.40,4.97
10673,4.40,4.97
10674,4.40,4.97
10675,4.40,4.97
10676,4.40,4.97
10678,4.41,4.97
10679,4.40,4.97
10680,4.40,4.97
10681,4.40,4.97
10682,4.40,4.97
10683,4.40,4.97
10685,4.40,4.97
10686,4.40,4.97
10687,4.40,4.97
10688,4.40,4.97
10689,4.40,4.97
10690,4.40,4.97
10692,4.40,4.97
10693,4.40,4.97
10694,4.40,4.97
10695,4.40,4.97
10696,4.40,4.97
10697,4.40,4.97
10699,4.40,4.97
10700,4.40,4.97
10701,4.40,4.97
10702,4.40,4.97
10703,4.40,4.97
10705,4.40,4.97
10706,4.40,4.97
10707,4.40,4.97
10708,4.40,4.97
10710,4.40,4.97
10711,4.40,4.97
10713,4.40,4.97
10714,4.40,4.97
10715,4.40,4.97
10716,4.40,4.97
10717,4.40,4.97
10718,4.40,4.97
10720,4.40,4.97
10721,4.40,4.97
10722,4.40,4.97
10723,4.40,4.97
10724,4.40,4.97
10725,4.40,4.96
10727,4.40,4.96
10728,4.40,4.96
10729,4.40,4.96
10730,4.40,4.95
10731,4.40,4.95
10733,4.40,4.94
10734,4.40,4.94
10735,4.40,4.93
10736,4.40,4.93
10737,4.40,4.92
10738,4.40,4.92
10740,4.40,4.91
10741,4.40,4.90
10742,4.40,4.90
10743,4.40,4.89
10744,4.40,4.88
10745,4.40,4.87
10747,4.40,4.86
10748,4.40,4.86
10749,4.40,4.85
10750,4.40,4.84
10752,4.40,4.83
10753,4.39,4.82
10755,4.39,4.81
10756,4.39,4.80
10757,4.39,4.79
10758,4.39,4.78
10759,4.39,4.78
10761,4.39,4.76
10762,4.39,4.75
10763,4.39,4.75
10764,4.39,4.74
10765,4.39,4.72
10766,4.39,4.71
10768,4.39,4.70
10769,4.39,4.69
10770,4.39,4.68
10771,4.39,4.67
10772,4.39,4.67
10774,4.38,4.65
10775,4.38,4.64
10776,4.38,4.63
10777,4.38,4.63
10778,4.38,4.62
10779,4.38,4.61
10781,4.38,4.59
10782,4.38,4.59
10783,4.38,4.58
10784,4.38,4.57
10785,4.38,4.57
10787,4.38,4.56
10788,4.38,4.55
10789,4.38,4.54
10790,4.37,4.53
10791,4.38,4.52
10792,4.37,4.52
10795,4.37,4.51
10796,4.38,4.50
10797,4.38,4.49
10798,4.37,4.48
10799,4.37,4.48
10801,4.37,4.47
10802,4.37,4.46
10803,4.37,4.46
10804,4.37,4.45
10805,4.37,4.44
10806,4.37,4.44
10808,4.37,4.43
10809,4.37,4.42
10810,4.37,4.41
10811,4.37,4.41
10812,4.37,4.40
10813,4.37,4.40
10815,4.37,4.39
10816,4.37,4.38
10817,4.37,4.38
10818,4.37,4.37
10819,4.37,4.37
10821,4.37,4.36
10822,4.37,4.36
10823,4.37,4.35
10824,4.37,4.35
10825,4.37,4.35
10826,4.37,4.34
10828,4.37,4.34
10829,4.37,4.33
10830,4.37,4.33
10831,4.37,4.32
10832,4.37,4.32
10834,4.38,4.32
10835,4.37,4.31
10836,4.37,4.31
10838,4.37,4.30
10839,4.37,4.30
10840,4.38,4.30
10842,4.37,4.29
10843,4.37,4.29
10844,4.37,4.29
10845,4.37,4.28
10846,4.37,4.28
10848,4.37,4.28
10849,4.37,4.27
10850,4.38,4.27
10851,4.37,4.27
10852,4.37,4.27
10853,4.37,4.26
10855,4.38,4.26
10856,4.37,4.26
10857,4.37,4.26
10858,4.37,4.25
10859,4.38,4.25
10861,4.38,4.25
10862,4.37,4.25
10863,4.38,4.24
10864,4.38,4.24
10865,4.38,4.24
10866,4.38,4.24
10868,4.38,4.24
10869,4.38,4.24
10870,4.38,4.24
10871,4.38,4.24
10872,4.38,4.23
10874,4.38,4.23
10875,4.38,4.23
10876,4.38,4.23
10877,4.38,4.23
10878,4.38,4.23
10880,4.38,4.23
10882,4.38,4.23
10883,4.38,4.23
10884,4.38,4.23
10885,4.38,4.23
10886,4.38,4.23
10888,4.38,4.23
10889,4.38,4.23
10890,4.38,4.22
10891,4.38,4.22
10892,4.38,4.22
10893,4.38,4.22
10895,4.38,4.23
10896,4.38,4.22
10897,4.38,4.22
10898,4.38,4.22
10899,4.38,4.22
10901,4.38,4.22
10902,4.38,4.22
10903,4.38,4.22
10904,4.38,4.22
10905,4.38,4.22
10906,4.38,4.23
10908,4.38,4.23
10909,4.38,4.23
10910,4.38,4.23
10911,4.38,4.23
10912,4.38,4.23
10913,4.38,4.23
10915,4.38,4.23
10916,4.38,4.23
10917,4.38,4.23
10918,4.38,4.23
10919,4.38,4.23
10921,4.38,4.24
10923,4.38,4.24
10924,4.38,4.24
10925,4.38,4.24
10926,4.38,4.24
10927,4.38,4.24
10929,4.38,4.24
10930,4.38,4.24
10931,4.38,4.24
10932,4.38,4.24
10933,4.38,4.24
10935,4.38,4.25
10936,4.38,4.25
10937,4.38,4.25
10938,4.38,4.25
10939,4.38,4.25
10940,4.38,4.25
10942,4.38,4.25
10943,4.38,4.25
10944,4.38,4.25
10945,4.38,4.25
10946,4.38,4.25
10948,4.38,4.25
10949,4.38,4.25
10950,4.38,4.25
10951,4.38,4.26
10952,4.38,4.26
10953,4.38,4.26
10955,4.38,4.26
10956,4.38,4.26
10957,4.38,4.26
10958,4.38,4.26
10959,4.38,4.26
10961,4.38,4.26
10962,4.38,4.26
10963,4.38,4.26
10964,4.38,4.26
10966,4.38,4.26
10967,4.38,4.27
10969,4.38,4.27
10970,4.38,4.27
10971,4.38,4.27
10972,4.38,4.27
10973,4.38,4.27
10975,4.38,4.27
10976,4.38,4.27
10977,4.38,4.27
10978,4.38,4.27
10979,4.38,4.27
10981,4.38,4.27
10982,4.38,4.27
10983,4.38,4.27
10984,4.38,4.27
10985,4.38,4.27
10986,4.38,4.27
10988,4.38,4.27
10989,4.38,4.27
10990,4.38,4.27
10991,4.38,4.27
10992,4.38,4.28
10994,4.38,4.27
10995,4.38,4.27
10996,4.38,4.27
10997,4.38,4.27
10998,4.38,4.27
10999,4.38,4.27
11001,4.38,4.27
11002,4.38,4.27
11003,4.38,4.27
11004,4.38,4.27
11005,4.38,4.27
11008,4.38,4.27
11009,4.38,4.27
11010,4.38,4.27
11011,4.38,4.27
11012,4.38,4.27
11013,4.38,4.27
11015,4.38,4.27
11016,4.38,4.27
11017,4.38,4.27
11018,4.38,4.27
11019,4.38,4.27
11021,4.38,4.27
11022,4.38,4.27
11023,4.38,4.28
11024,4.38,4.28
11025,4.38,4.28
11026,4.39,4.29
11028,4.38,4.29
11029,4.39,4.29
11030,4.39,4.30
11031,4.39,4.30
11032,4.39,4.30
11034,4.39,4.31
11035,4.39,4.31
11036,4.39,4.31
11037,4.39,4.32
11038,4.39,4.32
11039,4.39,4.32
11041,4.39,4.33
11042,4.39,4.33
11043,4.39,4.34
11044,4.39,4.34
11045,4.39,4.34
11047,4.39,4.35
11048,4.39,4.35
11049,4.39,4.35
11051,4.39,4.35
11052,4.39,4.36
11053,4.39,4.36
11055,4.39,4.36
11056,4.39,4.37
11057,4.39,4.37
11058,4.39,4.37
11059,4.39,4.38
11061,4.39,4.38
11062,4.39,4.38
11063,4.39,4.39
11064,4.39,4.39
11065,4.39,4.40
11066,4.39,4.40
11068,4.39,4.40
11069,4.39,4.41
11070,4.39,4.41
11071,4.39,4.41
11072,4.39,4.41
11074,4.39,4.42
11075,4.39,4.42
11076,4.39,4.42
11077,4.39,4.43
11078,4.39,4.43
11079,4.39,4.43
11081,4.39,4.44
11082,4.39,4.44
11083,4.39,4.44
11084,4.39,4.45
11085,4.39,4.45
11086,4.39,4.45
11088,4.39,4.45
11089,4.39,4.46
11090,4.39,4.46
11091,4.39,4.46
11092,4.39,4.47
11095,4.39,4.47
11096,4.39,4.47
11097,4.39,4.47
11098,4.39,4.48
11099,4.39,4.48
11100,4.39,4.48
11102,4.39,4.48
11103,4.39,4.48
11104,4.39,4.49
11105,4.39,4.49
11106,4.39,4.50
11108,4.39,4.50
11109,4.39,4.50
11110,4.39,4.50
11111,4.39,4.51
11112,4.39,4.51
11113,4.39,4.51
11115,4.39,4.51
11116,4.39,4.52
11117,4.39,4.52
11118,4.39,4.52
11119,4.39,4.53
11121,4.39,4.53
11122,4.39,4.53
11123,4.39,4.53
11124,4.39,4.53
11125,4.39,4.54
11126,4.39,4.54
11128,4.39,4.54
11129,4.39,4.54
11130,4.39,4.54
11131,4.39,4.55
11132,4.39,4.55
11134,4.39,4.55
11136,4.39,4.56
11137,4.39,4.56
11138,4.39,4.56
11139,4.39,4.56
11140,4.40,4.57
11142,4.39,4.57
11143,4.39,4.57
11144,4.39,4.57
11145,4.39,4.57
11146,4.39,4.58
11148,4.39,4.58
11149,4.40,4.58
11150,4.40,4.59
11151,4.40,4.59
11152,4.40,4.59
11153,4.40,4.59
11155,4.40,4.60
11156,4.40,4.60
11157,4.40,4.60
11158,4.40,4.61
11159,4.40,4.61
11160,4.40,4.62
11162,4.40,4.62
11163,4.40,4.62
11164,4.40,4.63
11165,4.40,4.63
11166,4.40,4.64
11167,4.40,4.64
11169,4.40,4.64
11170,4.40,4.65
11171,4.40,4.66
11172,4.40,4.66
11173,4.40,4.67
11174,4.40,4.67
11176,4.40,4.68
11177,4.40,4.68
11179,4.40,4.69
11180,4.40,4.70
11181,4.40,4.70
11183,4.40,4.71
11184,4.40,4.71
11185,4.40,4.72
11186,4.40,4.73
11187,4.40,4.73
11188,4.40,4.74
11190,4.40,4.75
11191,4.40,4.75
11192,4.40,4.76
11193,4.41,4.77
11194,4.40,4.77
11195,4.40,4.78
11197,4.40,4.78
11198,4.40,4.78
11199,4.41,4.79
11200,4.41,4.79
11201,4.41,4.79
11203,4.40,4.79
11204,4.40,4.79
11205,4.40,4.79
11206,4.40,4.79
11207,4.40,4.79
11208,4.40,4.79
11210,4.40,4.78
11211,4.40,4.78
11212,4.40,4.78
11213,4.40,4.77
11214,4.40,4.77
11215,4.40,4.76
11217,4.40,4.76
11218,4.40,4.75
11219,4.40,4.75
11220,4.40,4.75
11222,4.40,4.75
11223,4.40,4.74
11225,4.40,4.74
11226,4.40,4.73
11227,4.40,4.73
11228,4.40,4.73
11229,4.40,4.72
11231,4.40,4.72
11232,4.40,4.71
11233,4.40,4.70
11234,4.40,4.70
11235,4.40,4.69
11236,4.40,4.69
11238,4.40,4.68
11239,4.40,4.68
11240,4.40,4.67
11241,4.40,4.66
11242,4.40,4.66
11243,4.40,4.65
11245,4.40,4.65
11246,4.40,4.64
11247,4.40,4.64
11248,4.40,4.63
11249,4.40,4.62
11250,4.40,4.62
11252,4.40,4.61
11253,4.40,4.61
11254,4.40,4.60
11255,4.40,4.60
11256,4.40,4.59
11257,4.40,4.59
11259,4.40,4.58
11260,4.40,4.58
11261,4.40,4.57
11262,4.40,4.57
11264,4.40,4.57
11266,4.40,4.56
11267,4.40,4.56
11268,4.40,4.56
11269,4.39,4.55
11270,4.40,4.55
11271,4.40,4.54
11273,4.40,4.54
11274,4.40,4.54
11275,4.39,4.53
11276,4.39,4.53
11277,4.39,4.53
11278,4.39,4.53
11280,4.39,4.52
11281,4.40,4.52
11282,4.39,4.52
11283,4.40,4.51
11284,4.39,4.51
11286,4.39,4.51
11287,4.40,4.51
11288,4.40,4.51
11289,4.40,4.50
11290,4.40,4.50
11291,4.40,4.50
11293,4.40,4.50
11294,4.40,4.50
11295,4.40,4.50
11296,4.40,4.49
11297,4.40,4.49
11298,4.40,4.49
11300,4.40,4.49
11301,4.40,4.49
11302,4.40,4.49
11303,4.40,4.49
11304,4.40,4.49
11305,4.40,4.49
11308,4.40,4.49
11309,4.40,4.49
11310,4.40,4.49
11311,4.40,4.49
11312,4.40,4.48
11314,4.40,4.49
11315,4.40,4.48
11316,4.40,4.49
11317,4.40,4.48
11318,4.40,4.49
11319,4.40,4.48
11321,4.40,4.48
11322,4.40,4.48
11323,4.40,4.49
11324,4.40,4.49
11325,4.40,4.49
11327,4.40,4.49
11328,4.40,4.49
11329,4.40,4.49
11330,4.40,4.49
11331,4.41,4.49
11332,4.40,4.50
11334,4.41,4.50
11335,4.41,4.50
11336,4.41,4.50
11337,4.41,4.50
11338,4.41,4.50
11339,4.41,4.50
11341,4.41,4.50
11342,4.41,4.50
11343,4.41,4.50
11344,4.41,4.50
11345,4.41,4.51
11346,4.41,4.51
11348,4.41,4.51
11350,4.41,4.51
11351,4.41,4.51
11352,4.41,4.51
11353,4.41,4.51
11355,4.41,4.51
11356,4.41,4.51
11357,4.41,4.51
11358,4.41,4.51
11359,4.41,4.52
11360,4.41,4.52
11362,4.41,4.51
11363,4.41,4.52
11364,4.41,4.52
11365,4.41,4.52
11366,4.41,4.52
11368,4.41,4.52
11369,4.41,4.52
11370,4.41,4.52
11371,4.41,4.52
11372,4.41,4.52
11373,4.41,4.53
11375,4.41,4.53
11376,4.41,4.53
11377,4.41,4.53
11378,4.41,4.53
11379,4.41,4.53
11381,4.41,4.53
11382,4.41,4.53
11383,4.41,4.53
11384,4.41,4.53
11385,4.41,4.53
11386,4.41,4.54
11388,4.41,4.54
11389,4.41,4.54
11390,4.41,4.54
11392,4.41,4.54
11393,4.41,4.54
11395,4.41,4.54
11396,4.41,4.54
11397,4.41,4.54
11398,4.41,4.54
11399,4.41,4.54
11401,4.41,4.54
11402,4.41,4.54
11403,4.41,4.54
11404,4.41,4.55
11405,4.41,4.55
11406,4.41,4.55
11408,4.41,4.55
11409,4.41,4.55
11410,4.41,4.55
11411,4.41,4.55
11412,4.41,4.55
11414,4.41,4.55
11415,4.41,4.55
11416,4.41,4.55
11417,4.41,4.56
11418,4.41,4.55
11419,4.41,4.56
11421,4.41,4.56
11422,4.41,4.56
11423,4.41,4.56
11424,4.41,4.56
11425,4.41,4.56
11427,4.41,4.56
11428,4.41,4.56
11429,4.41,4.56
11430,4.41,4.56
11431,4.41,4.56
11432,4.41,4.56
11435,4.41,4.57
11436,4.41,4.56
11437,4.41,4.57
11438,4.41,4.57
11439,4.41,4.57
11441,4.41,4.57
11442,4.41,4.57
11443,4.41,4.57
11444,4.41,4.57
11445,4.42,4.57
11447,4.42,4.57
11448,4.42,4.57
11449,4.42,4.57
11450,4.42,4.57
11451,4.42,4.57
11452,4.42,4.57
11454,4.42,4.57
11455,4.42,4.57
11456,4.42,4.57
11457,4.42,4.57
11458,4.41,4.57
11460,4.41,4.57
11461,4.42,4.58
11462,4.41,4.58
11463,4.42,4.58
11464,4.41,4.58
11465,4.41,4.58
11467,4.41,4.58
11468,4.42,4.58
11469,4.42,4.58
11470,4.41,4.58
11471,4.41,4.58
11473,4.41,4.58
11474,4.41,4.58
11475,4.41,4.58
11476,4.41,4.58
11478,4.42,4.58
11479,4.41,4.58
11481,4.42,4.58
11482,4.41,4.58
11483,4.41,4.59
11484,4.42,4.59
11485,4.42,4.59
11487,4.41,4.59
11488,4.41,4.59
11489,4.42,4.59
11490,4.41,4.59
11491,4.41,4.59
11492,4.42,4.59
11494,4.42,4.59
11495,4.41,4.59
11496,4.42,4.59
11497,4.41,4.59
11498,4.41,4.59
11500,4.41,4.60
11501,4.41,4.59
11502,4.41,4.59
11503,4.41,4.59
11504,4.41,4.58
11505,4.41,4.56
11507,4.38,4.53
11508,4.34,4.48
11509,4.30,4.45
11510,4.27,4.44
11511,4.26,4.43
11513,4.25,4.43
11514,4.25,4.43
11515,4.25,4.44
11516,4.25,4.42
11517,4.23,4.41
11518,4.22,4.40
11521,4.22,4.40
11522,4.22,4.39
11523,4.21,4.37
11524,4.18,4.34
11525,4.14,4.30
11526,4.11,4.28
11528,4.09,4.27
11529,4.09,4.27
11530,4.09,4.27
11531,4.10,4.28
11532,4.10,4.28
11534,4.10,4.26
11535,4.08,4.25
11536,4.08,4.25
11537,4.09,4.25
11538,4.09,4.24
11539,4.08,4.21
11541,4.05,4.18
11542,4.02,4.14
11543,3.99,4.13
11544,3.98,4.13
11545,3.98,4.13
11547,3.99,4.14
11548,4.01,4.15
11549,4.02,4.15
11550,4.01,4.13
11551,4.00,4.13
11552,4.01,4.14
11554,4.02,4.14
11555,4.02,4.13
11556,4.01,4.10
11557,3.98,4.07
11558,3.95,4.04
11559,3.93,4.03
11561,3.93,4.04
11563,3.94,4.05
11564,3.95,4.06
11565,3.97,4.08
11566,3.98,4.07
11567,3.98,4.05
11569,3.97,4.05
11570,3.98,4.06
11571,3.99,4.05
11572,3.98,4.03
11573,3.96,4.00
11575,3.93,3.97
11576,3.90,3.95
11577,3.89,3.95
11578,3.89,3.96
11579,3.90,3.97
11580,3.91,3.99
11582,3.94,4.00
11583,3.94,3.99
11584,3.93,3.98
11585,3.93,3.98
11586,3.94,3.99
11587,3.94,3.98
11589,3.93,3.96
11590,3.91,3.94
11591,3.89,3.91
11592,3.86,3.89
11593,3.85,3.89
11595,3.85,3.90
11596,3.86,3.92
11597,3.89,3.94
11598,3.91,3.95
11599,3.91,3.94
11600,3.91,3.93
11602,3.91,3.94
11603,3.91,3.94
11604,3.92,3.93
11606,3.91,3.91
11607,3.89,3.89
11608,3.86,3.87
11610,3.83,3.85
11611,3.82,3.86
11612,3.83,3.87
11613,3.85,3.89
11614,3.88,3.91
11616,3.90,3.92
11617,3.90,3.91
11618,3.89,3.91
11619,3.90,3.92
11620,3.91,3.92
11622,3.91,3.91
11623,3.89,3.89
11624,3.87,3.86
11625,3.85,3.84
11626,3.82,3.83
11627,3.82,3.84
11629,3.83,3.86
11630,3.85,3.88
11631,3.88,3.91
11632,3.90,3.91
11633,3.90,3.90
11635,3.89,3.90
11636,3.90,3.91
11637,3.91,3.91
11638,3.91,3.90
11639,3.89,3.88
11640,3.87,3.85
11642,3.84,3.83
11643,3.83,3.83
11644,3.82,3.84
11645,3.84,3.86
11646,3.86,3.89
11649,3.89,3.91
11650,3.90,3.90
11651,3.90,3.89
11652,3.90,3.90
11653,3.91,3.91
11654,3.91,3.91
11656,3.91,3.89
11657,3.89,3.87
11658,3.87,3.85
11659,3.84,3.83
11660,3.83,3.83
11661,3.83,3.84
11663,3.85,3.87
11664,3.87,3.89
11665,3.90,3.91
11666,3.91,3.91
11667,3.90,3.90
11669,3.90,3.91
11670,3.91,3.92
11671,3.92,3.91
11672,3.91,3.90
11673,3.89,3.87
11674,3.87,3.85
11676,3.84,3.83
11677,3.83,3.83
11678,3.84,3.85
11679,3.85,3.87
11680,3.88,3.90
11682,3.91,3.91
11683,3.91,3.91
11684,3.90,3.90
11685,3.91,3.91
11686,3.92,3.92
11687,3.92,3.91
11689,3.91,3.89
11691,3.89,3.87
11692,3.86,3.84
11693,3.84,3.83
11694,3.83,3.84
11695,3.84,3.86
11697,3.86,3.88
11698,3.89,3.91
11699,3.91,3.91
11700,3.91,3.91
11701,3.91,3.91
11703,3.91,3.92
11704,3.92,3.92
11705,3.92,3.91
11706,3.91,3.89
11707,3.89,3.87
11709,3.86,3.84
11710,3.84,3.84
11711,3.84,3.85
11712,3.85,3.87
11713,3.87,3.90
11714,3.90,3.92
11716,3.91,3.92
11717,3.91,3.91
11718,3.91,3.91
11719,3.92,3.93
11720,3.93,3.92
11721,3.92,3.91
11723,3.91,3.89
11724,3.89,3.86
11725,3.86,3.84
11726,3.84,3.84
11727,3.84,3.85
11729,3.86,3.88
11730,3.88,3.91
11731,3.91,3.92
11732,3.91,3.92
11734,3.91,3.91
11735,3.91,3.92
11737,3.92,3.93
11738,3.93,3.92
11739,3.92,3.91
11740,3.90,3.88
11741,3.88,3.86
11743,3.85,3.84
11744,3.84,3.84
11745,3.84,3.86
11746,3.86,3.88
11747,3.88,3.91
11748,3.91,3.92
11750,3.91,3.91
11751,3.91,3.91
11752,3.91,3.92
11753,3.93,3.93
11754,3.93,3.92
11756,3.91,3.90
11757,3.90,3.88
11758,3.87,3.85
11759,3.84,3.84
11760,3.83,3.84
11761,3.84,3.86
11763,3.86,3.89
11764,3.89,3.91
11765,3.91,3.92
11766,3.91,3.91
11767,3.91,3.91
11769,3.91,3.92
11770,3.92,3.92
11771,3.92,3.91
11772,3.91,3.89
11773,3.89,3.87
11774,3.86,3.84
11777,3.84,3.84
11778,3.83,3.85
11779,3.84,3.87
11780,3.87,3.89
11781,3.89,3.91
11783,3.91,3.91
11784,3.91,3.91
11785,3.91,3.91
11786,3.91,3.92
11787,3.92,3.92
11788,3.91,3.91
11790,3.90,3.89
11791,3.88,3.86
11792,3.85,3.84
11793,3.83,3.83
11794,3.83,3.85
11796,3.85,3.87
11797,3.87,3.90
11798,3.90,3.91
11799,3.91,3.91
11800,3.91,3.91
11801,3.91,3.91
11803,3.92,3.93
11804,3.92,3.92
11805,3.92,3.91
11806,3.90,3.88
11807,3.88,3.86
11809,3.85,3.84
11810,3.83,3.84
11811,3.84,3.86
11812,3.86,3.88
11813,3.88,3.91
11814,3.91,3.92
11816,3.91,3.91
11817,3.91,3.91
11819,3.91,3.92
11820,3.92,3.93
11821,3.92,3.92
11823,3.91,3.90
11824,3.90,3.88
11825,3.87,3.85
11826,3.84,3.84
11827,3.84,3.84
11828,3.84,3.86
11830,3.86,3.88
11831,3.89,3.91
11832,3.91,3.92
11833,3.91,3.91
11834,3.91,3.91
11836,3.91,3.92
11837,3.92,3.93
11838,3.92,3.91
11839,3.91,3.90
11840,3.89,3.87
11841,3.87,3.85
11843,3.84,3.84
11844,3.84,3.85
11845,3.85,3.87
11846,3.87,3.89
11847,3.90,3.91
11849,3.91,3.92
11850,3.91,3.91
11851,3.91,3.91
11852,3.92,3.92
11853,3.93,3.92
11854,3.92,3.91
11856,3.91,3.89
11857,3.88,3.87
11858,3.86,3.84
11859,3.84,3.84
11860,3.84,3.85
11863,3.85,3.87
11864,3.87,3.90
11865,3.90,3.91
11866,3.91,3.91
11867,3.91,3.91
11868,3.91,3.91
11870,3.92,3.93
11871,3.93,3.92
11872,3.92,3.91
11873,3.90,3.89
11874,3.88,3.86
11875,3.85,3.84
11877,3.84,3.84
11878,3.84,3.85
11879,3.86,3.88
11880,3.88,3.91
11881,3.91,3.92
11883,3.91,3.91
11884,3.91,3.91
11885,3.91,3.92
11886,3.92,3.93
11887,3.93,3.92
11889,3.92,3.91
11890,3.90,3.88
11891,3.88,3.85
11892,3.85,3.84
11893,3.84,3.84
11894,3.84,3.86
11896,3.86,3.88
11897,3.89,3.91
11898,3.91,3.92
11899,3.91,3.91
11900,3.91,3.91
11902,3.91,3.92
11904,3.93,3.93
11905,3.93,3.92
11906,3.91,3.90
11907,3.90,3.88
11908,3.87,3.85
11910,3.84,3.84
11911,3.84,3.85
11912,3.85,3.87
11913,3.87,3.89
11914,3.90,3.91
11915,3.91,3.92
11917,3.91,3.91
11918,3.91,3.91
11919,3.92,3.92
11920,3.93,3.93
11921,3.92,3.91
11923,3.91,3.90
11924,3.89,3.87
11925,3.86,3.85
11926,3.84,3.84
11927,3.84,3.85
11928,3.85,3.87
11930,3.88,3.90
11931,3.90,3.92
11932,3.92,3.92
11933,3.91,3.91
11934,3.91,3.92
11936,3.92,3.93
11937,3.93,3.93
11938,3.93,3.91
11939,3.91,3.90
11940,3.89,3.87
11941,3.86,3.85
11943,3.85,3.85
11944,3.85,3.86
11945,3.86,3.88
11947,3.89,3.91
11948,3.91,3.93
11950,3.92,3.92
11951,3.92,3.92
11952,3.92,3.92
11953,3.93,3.94
11954,3.94,3.93
11955,3.93,3.91
11957,3.91,3.89
11958,3.89,3.87
11959,3.86,3.85
11960,3.85,3.85
11961,3.85,3.87
11963,3.87,3.89
11964,3.89,3.92
11965,3.91,3.93
11966,3.92,3.92
11967,3.92,3.92
11968,3.92,3.93
11970,3.93,3.94
11971,3.94,3.93
11972,3.92,3.91
11973,3.91,3.89
11974,3.88,3.86
11976,3.86,3.85
11977,3.85,3.86
11978,3.86,3.87
11979,3.87,3.90
11980,3.90,3.92
11981,3.92,3.93
11983,3.92,3.92
11984,3.92,3.92
11985,3.92,3.94
11986,3.94,3.94
11987,3.94,3.93
11990,3.92,3.91
11991,3.90,3.89
11992,3.88,3.86
11993,3.85,3.85
11994,3.85,3.86
11995,3.86,3.88
11997,3.88,3.91
11998,3.91,3.93
11999,3.93,3.93
12000,3.93,3.92
12001,3.92,3.93
12003,3.93,3.94
12004,3.94,3.94
12005,3.94,3.92
12006,3.92,3.91
12007,3.90,3.88
12008,3.87,3.86
12010,3.85,3.86
12011,3.85,3.87
12012,3.87,3.89
12013,3.89,3.91
12014,3.91,3.93
12016,3.93,3.93
12017,3.92,3.92
12018,3.92,3.93
12019,3.93,3.94
12020,3.94,3.94
12021,3.93,3.92
12023,3.91,3.90
12024,3.89,3.88
12025,3.87,3.86
12026,3.85,3.86
12027,3.86,3.87
12029,3.87,3.90
12030,3.90,3.92
12032,3.92,3.94
12033,3.93,3.93
12034,3.92,3.92
12035,3.93,3.94
12037,3.94,3.95
12038,3.94,3.94
12039,3.93,3.92
12040,3.91,3.90
12041,3.89,3.87
12042,3.86,3.86
12044,3.85,3.86
12045,3.86,3.88
12046,3.88,3.90
12047,3.90,3.93
12048,3.93,3.94
12050,3.93,3.93
12051,3.92,3.93
12052,3.93,3.94
12053,3.94,3.95
12054,3.94,3.94
12055,3.93,3.91
12057,3.91,3.89
12058,3.88,3.87
12059,3.86,3.86
12060,3.85,3.87
12061,3.86,3.88
12063,3.88,3.91
12064,3.91,3.93
12065,3.93,3.94
12066,3.93,3.93
12067,3.92,3.93
12068,3.93,3.95
12070,3.94,3.94
12071,3.94,3.93
12072,3.92,3.91
12073,3.91,3.89
12075,3.88,3.86
12077,3.86,3.86
12078,3.86,3.87
12079,3.87,3.89
12080,3.89,3.91
12081,3.91,3.94
12082,3.93,3.94
12084,3.93,3.93
12085,3.92,3.93
12086,3.93,3.95
12087,3.94,3.94
12088,3.94,3.93
12090,3.92,3.91
12091,3.90,3.88
12092,3.87,3.86
12093,3.85,3.86
12094,3.86,3.87
12095,3.87,3.90
12097,3.90,3.92
12098,3.92,3.94
12099,3.93,3.93
12100,3.92,3.93
12101,3.92,3.94
12103,3.94,3.95
12104,3.94,3.94
12105,3.93,3.92
12106,3.91,3.90
12107,3.89,3.88
12108,3.87,3.86
12110,3.85,3.86
12111,3.86,3.88
12112,3.88,3.90
12113,3.90,3.93
12114,3.93,3.94
12115,3.93,3.93
12118,3.92,3.93
12119,3.93,3.94
12120,3.94,3.95
12121,3.94,3.94
12122,3.93,3.92
12124,3.91,3.90
12125,3.89,3.87
12126,3.86,3.86
12127,3.86,3.87
12128,3.86,3.88
12129,3.88,3.91
12131,3.91,3.94
12132,3.93,3.94
12133,3.93,3.93
12134,3.92,3.93
12135,3.93,3.95
12137,3.94,3.95
12138,3.94,3.94
12139,3.93,3.91
12140,3.91,3.89
12141,3.88,3.87
12142,3.86,3.86
12144,3.86,3.87
12145,3.87,3.89
12146,3.89,3.91
12147,3.91,3.94
12148,3.93,3.94
12150,3.93,3.93
12151,3.92,3.93
12152,3.93,3.95
12153,3.94,3.95
12154,3.94,3.93
12155,3.92,3.91
12157,3.90,3.89
12158,3.87,3.86
12160,3.86,3.86
12161,3.86,3.87
12162,3.87,3.89
12164,3.89,3.92
12165,3.92,3.94
12166,3.93,3.94
12167,3.93,3.93
12168,3.92,3.94
12169,3.94,3.95
12171,3.94,3.94
12172,3.93,3.93
12173,3.92,3.91
12174,3.89,3.88
12175,3.87,3.86
12177,3.85,3.86
12178,3.86,3.88
12179,3.87,3.90
12180,3.90,3.92
12181,3.92,3.94
12182,3.93,3.93
12184,3.92,3.93
12185,3.92,3.94
12186,3.94,3.95
12187,3.94,3.94
12188,3.93,3.92
12189,3.91,3.90
12191,3.89,3.87
12192,3.86,3.86
12193,3.85,3.86
12194,3.86,3.88
12195,3.88,3.90
12197,3.90,3.93
12198,3.93,3.94
12199,3.93,3.93
12200,3.92,3.93
12201,3.93,3.94
12203,3.94,3.95
12205,3.94,3.94
12206,3.93,3.92
12207,3.91,3.90
12208,3.88,3.87
12209,3.86,3.86
12210,3.86,3.87
12212,3.86,3.89
12213,3.88,3.91
12214,3.91,3.94
12215,3.93,3.94
12216,3.93,3.93
12218,3.92,3.93
12219,3.93,3.95
12220,3.94,3.95
12221,3.94,3.93
12222,3.93,3.91
12223,3.91,3.89
12225,3.88,3.87
12226,3.86,3.86
12227,3.86,3.87
12228,3.87,3.89
12229,3.89,3.91
12231,3.91,3.94
12232,3.93,3.94
12233,3.93,3.93
12234,3.93,3.94
12235,3.94,3.95
12236,3.95,3.95
12238,3.94,3.93
12239,3.92,3.91
12240,3.90,3.89
12241,3.88,3.86
12242,3.86,3.86
12244,3.86,3.88
12246,3.87,3.90
12247,3.90,3.92
12248,3.92,3.94
12249,3.93,3.94
12250,3.93,3.93
12252,3.93,3.94
12253,3.94,3.95
12254,3.95,3.95
12255,3.94,3.93
12256,3.92,3.91
12258,3.90,3.88
12259,3.87,3.86
12260,3.86,3.87
12261,3.86,3.88
12262,3.88,3.90
12263,3.90,3.93
12265,3.93,3.94
12266,3.93,3.94
12267,3.93,3.93
12268,3.93,3.94
12269,3.94,3.95
12270,3.95,3.94
12272,3.93,3.93
12273,3.91,3.90
12274,3.89,3.88
12275,3.87,3.86
12276,3.86,3.87
12278,3.87,3.89
12279,3.88,3.91
12280,3.91,3.93
12281,3.93,3.94
12282,3.93,3.94
12283,3.92,3.93
12285,3.93,3.95
12286,3.95,3.95
12288,3.94,3.94
12289,3.93,3.92
12290,3.91,3.90
12292,3.89,3.87
12293,3.86,3.86
12294,3.86,3.87
12295,3.87,3.89
12296,3.89,3.91
12297,3.91,3.94
12299,3.93,3.94
12300,3.93,3.93
12301,3.92,3.93
12302,3.93,3.95
12303,3.95,3.95
12305,3.94,3.94
12306,3.93,3.91
12307,3.91,3.89
12308,3.88,3.87
12309,3.86,3.86
12310,3.86,3.88
12312,3.87,3.90
12313,3.89,3.92
12314,3.92,3.94
12315,3.93,3.94
12316,3.93,3.93
12318,3.93,3.94
12319,3.94,3.95
12320,3.95,3.95
12321,3.94,3.93
12322,3.92,3.91
12323,3.90,3.89
12325,3.87,3.86
12326,3.86,3.87
12327,3.86,3.88
12328,3.88,3.90
12329,3.90,3.92
12331,3.92,3.94
12333,3.93,3.94
12334,3.93,3.93
12335,3.93,3.94
12336,3.94,3.95
12337,3.95,3.95
12339,3.94,3.93
12340,3.92,3.91
12341,3.90,3.88
12342,3.87,3.86
12343,3.86,3.87
12344,3.86,3.88
12346,3.88,3.91
12347,3.91,3.93
12348,3.93,3.95
12349,3.93,3.94
12350,3.93,3.93
12352,3.93,3.95
12353,3.94,3.95
12354,3.94,3.94
12355,3.93,3.92
12356,3.91,3.90
12357,3.89,3.87
12359,3.86,3.86
12360,3.86,3.87
12361,3.87,3.89
12362,3.88,3.91
12363,3.91,3.94
12365,3.93,3.94
12366,3.93,3.93
12367,3.93,3.93
12368,3.93,3.95
12369,3.94,3.95
12370,3.94,3.94
12372,3.93,3.92
12374,3.91,3.90
12375,3.88,3.87
12376,3.86,3.86
12377,3.86,3.87
12378,3.87,3.89
12380,3.89,3.91
12381,3.91,3.94
12382,3.93,3.94
12383,3.93,3.93
12384,3.92,3.94
12386,3.94,3.95
12387,3.95,3.95
12388,3.94,3.94
12389,3.92,3.91
12390,3.91,3.89
12391,3.88,3.87
12393,3.86,3.87
12394,3.86,3.88
12395,3.87,3.90
12396,3.90,3.92
12397,3.92,3.94
12399,3.93,3.94
12400,3.93,3.93
12401,3.93,3.94
12402,3.94,3.95
12403,3.95,3.95
12404,3.94,3.93
12406,3.92,3.91
12407,3.90,3.88
12408,3.87,3.87
12409,3.86,3.87
12410,3.86,3.88
12412,3.88,3.90
12413,3.90,3.93
12414,3.92,3.94
12416,3.93,3.94
12417,3.93,3.93
12418,3.93,3.94
12420,3.94,3.95
12421,3.94,3.95
12422,3.93,3.93
12423,3.91,3.91
12424,3.89,3.88
12426,3.87,3.86
12427,3.86,3.87
12428,3.86,3.89
12429,3.88,3.91
12430,3.91,3.93
12431,3.93,3.94
12433,3.93,3.94
12434,3.92,3.93
12435,3.93,3.95
12436,3.94,3.95
12437,3.94,3.94
12439,3.93,3.92
12440,3.91,3.90
12441,3.89,3.87
12442,3.86,3.86
12443,3.86,3.87
12444,3.87,3.89
12446,3.89,3.91
12447,3.91,3.94
12448,3.93,3.94
12449,3.93,3.93
12450,3.92,3.94
12451,3.93,3.95
12453,3.95,3.95
12454,3.94,3.94
12455,3.93,3.92
12456,3.91,3.89
12457,3.88,3.87
12460,3.86,3.87
12461,3.86,3.87
12462,3.87,3.90
12463,3.89,3.92
12464,3.91,3.94
12465,3.93,3.94
12467,3.93,3.93
12468,3.93,3.94
12469,3.94,3.95
12470,3.95,3.95
12471,3.94,3.93
12473,3.92,3.91
12474,3.90,3.89
12475,3.87,3.87
12476,3.86,3.87
12477,3.86,3.88
12478,3.87,3.90
12480,3.90,3.92
12481,3.92,3.94
12482,3.93,3.94
12483,3.93,3.93
12484,3.93,3.94
12486,3.94,3.96
12487,3.95,3.95
12488,3.94,3.93
12489,3.92,3.91
12490,3.90,3.88
12491,3.87,3.87
12493,3.86,3.87
12494,3.86,3.88
12495,3.88,3.91
12496,3.90,3.93
12497,3.93,3.94
12499,3.93,3.94
12500,3.93,3.93
12502,3.93,3.95
12503,3.94,3.96
12504,3.94,3.94
12505,3.93,3.92
12507,3.91,3.91
12508,3.89,3.88
12509,3.86,3.86
12510,3.86,3.87
12511,3.87,3.89
12513,3.88,3.91
12514,3.91,3.94
12515,3.93,3.94
12516,3.93,3.94
12517,3.93,3.94
12518,3.93,3.95
12520,3.95,3.95
12521,3.94,3.94
12522,3.93,3.92
12523,3.91,3.90
12524,3.88,3.87
12525,3.86,3.87
12527,3.86,3.87
12528,3.87,3.89
12529,3.89,3.91
12530,3.91,3.94
12531,3.93,3.95
12533,3.93,3.93
12534,3.93,3.94
12535,3.94,3.95
12536,3.95,3.95
12537,3.94,3.94
12538,3.92,3.91
12540,3.91,3.89
12541,3.88,3.87
12542,3.86,3.87
12544,3.86,3.88
12545,3.87,3.90
12547,3.89,3.92
12548,3.92,3.94
12549,3.93,3.94
12550,3.93,3.93
12551,3.93,3.94
12552,3.94,3.95
12554,3.95,3.95
12555,3.94,3.93
12556,3.92,3.91
12557,3.90,3.88
12558,3.87,3.86
12560,3.86,3.87
12561,3.86,3.88
12562,3.87,3.90
12563,3.90,3.93
12564,3.92,3.94
12565,3.93,3.94
12567,3.92,3.93
12568,3.93,3.94
12569,3.94,3.95
12570,3.94,3.94
12571,3.93,3.93
12573,3.91,3.90
12574,3.89,3.88
12575,3.86,3.86
12576,3.86,3.87
12577,3.86,3.88
12578,3.88,3.91
12580,3.90,3.93
12581,3.93,3.94
12582,3.93,3.94
12583,3.93,3.93
12584,3.93,3.95
12585,3.94,3.95
12588,3.94,3.94
12589,3.93,3.92
12590,3.91,3.90
12591,3.89,3.87
12592,3.86,3.86
12594,3.86,3.87
12595,3.87,3.89
12596,3.89,3.91
12597,3.91,3.94
12598,3.93,3.94
12599,3.93,3.93
12601,3.93,3.94
12602,3.93,3.95
12603,3.94,3.95
12604,3.94,3.94
12605,3.93,3.92
12607,3.91,3.90
12608,3.88,3.87
12609,3.86,3.87
12610,3.86,3.88
12611,3.87,3.90
12612,3.89,3.92
12614,3.91,3.94
12615,3.93,3.94
12616,3.93,3.93
12617,3.93,3.94
12618,3.94,3.95
12620,3.95,3.95
12621,3.94,3.94
12622,3.92,3.91
12623,3.90,3.89
12624,3.88,3.87
12625,3.86,3.87
12627,3.86,3.88
12628,3.87,3.90
12630,3.90,3.93
12631,3.92,3.95
12632,3.93,3.94
12634,3.93,3.93
12635,3.93,3.94
12636,3.94,3.96
12637,3.95,3.95
12638,3.94,3.93
12639,3.92,3.91
12641,3.90,3.88
12642,3.87,3.87
12643,3.86,3.87
12644,3.86,3.89
12645,3.88,3.91
12647,3.91,3.93
12648,3.93,3.95
12649,3.93,3.94
12650,3.93,3.94
12651,3.93,3.95
12652,3.94,3.96
12654,3.94,3.94
12655,3.93,3.93
12656,3.91,3.91
12657,3.89,3.88
12658,3.87,3.86
12660,3.86,3.87
12661,3.87,3.89
12662,3.88,3.91
12663,3.91,3.94
12664,3.93,3.95
12665,3.93,3.94
12667,3.93,3.94
12668,3.93,3.95
12669,3.94,3.95
12670,3.94,3.94
12672,3.93,3.92
12674,3.91,3.90
12675,3.88,3.87
12676,3.86,3.86
12677,3.86,3.87
12678,3.87,3.89
12679,3.89,3.91
12681,3.91,3.94
12682,3.93,3.94
12683,3.93,3.93
12684,3.93,3.94
12685,3.93,3.95
12686,3.95,3.95
12688,3.94,3.94
12689,3.92,3.91
12690,3.91,3.89
12691,3.88,3.87
12692,3.86,3.87
12694,3.86,3.88
12695,3.87,3.90
12696,3.89,3.92
12697,3.92,3.95
12698,3.93,3.94
12699,3.93,3.93
12701,3.93,3.94
12702,3.94,3.95
12703,3.95,3.95
12704,3.94,3.93
12705,3.92,3.91
12707,3.90,3.88
12708,3.87,3.87
12709,3.86,3.87
12710,3.86,3.88
12711,3.87,3.91
12712,3.90,3.93
12715,3.92,3.94
12716,3.93,3.94
12717,3.93,3.93
12718,3.93,3.94
12719,3.94,3.96
12721,3.95,3.95
12722,3.93,3.93
12723,3.91,3.91
12724,3.89,3.88
12725,3.87,3.86
12726,3.86,3.87
12728,3.86,3.89
12729,3.88,3.91
12730,3.91,3.94
12731,3.93,3.95
12732,3.93,3.94
12734,3.93,3.94
12735,3.93,3.95
12736,3.94,3.96
12737,3.94,3.94
12738,3.93,3.92
12739,3.91,3.90
12741,3.89,3.87
12742,3.86,3.87
12743,3.86,3.87
12744,3.87,3.89
12745,3.89,3.91
12747,3.91,3.94
12748,3.93,3.95
12749,3.93,3.94
12750,3.93,3.94
12751,3.93,3.95
12752,3.95,3.95
12754,3.94,3.94
12755,3.93,3.92
12756,3.91,3.89
12758,3.88,3.87
12759,3.86,3.87
12761,3.86,3.88
12762,3.87,3.90
12763,3.89,3.92
12764,3.91,3.94
12765,3.93,3.94
12766,3.93,3.94
12768,3.93,3.94
12769,3.94,3.95
12770,3.95,3.95
12771,3.94,3.93
12772,3.92,3.91
12774,3.90,3.89
12775,3.87,3.87
12776,3.86,3.87
12777,3.86,3.88
12778,3.87,3.90
12779,3.90,3.93
12781,3.92,3.95
12782,3.93,3.94
12783,3.93,3.93
12784,3.93,3.94
12785,3.94,3.96
12786,3.95,3.95
12788,3.94,3.93
12789,3.92,3.91
12790,3.90,3.88
12791,3.87,3.87
12792,3.86,3.87
12794,3.86,3.89
12795,3.88,3.91
12796,3.90,3.93
12797,3.93,3.95
12798,3.93,3.94
12800,3.93,3.94
12802,3.93,3.95
12803,3.94,3.95
12804,3.94,3.94
12805,3.93,3.93
12806,3.91,3.91
12808,3.89,3.88
12809,3.86,3.86
12810,3.86,3.87
12811,3.86,3.89
12812,3.88,3.91
12813,3.91,3.94
12815,3.93,3.95
12816,3.93,3.94
12817,3.92,3.94
12818,3.93,3.95
12819,3.94,3.96
12820,3.94,3.94
12822,3.93,3.92
12823,3.91,3.90
12824,3.88,3.87
12825,3.86,3.87
12826,3.86,3.88
12828,3.87,3.89
12829,3.89,3.92
12830,3.91,3.94
12831,3.93,3.95
12832,3.93,3.93
12833,3.93,3.94
12835,3.94,3.95
12836,3.94,3.95
12837,3.94,3.93
12838,3.92,3.91
12839,3.90,3.89
12841,3.87,3.86
12843,3.85,3.86
12844,3.85,3.87
12845,3.86,3.89
12846,3.89,3.91
12847,3.91,3.94
12849,3.93,3.94
12850,3.92,3.93
12851,3.92,3.94
12852,3.93,3.95
12853,3.94,3.95
12854,3.93,3.93
12856,3.91,3.91
12857,3.90,3.88
12858,3.87,3.86
12859,3.86,3.87
12860,3.86,3.88
12862,3.87,3.90
12863,3.90,3.93
12864,3.92,3.95
12865,3.93,3.94
12866,3.93,3.94
12867,3.93,3.94
12869,3.94,3.96
12870,3.95,3.95
12871,3.94,3.93
12872,3.92,3.91
12873,3.90,3.89
12874,3.87,3.87
12876,3.86,3.87
12877,3.86,3.89
12878,3.88,3.91
12879,3.91,3.94
12880,3.93,3.95
12882,3.94,3.94
12883,3.93,3.94
12884,3.93,3.95
12886,3.95,3.96
12887,3.95,3.95
12888,3.94,3.93
12890,3.92,3.91
12891,3.90,3.88
12892,3.87,3.87
12893,3.86,3.88
12894,3.87,3.89
12896,3.89,3.91
12897,3.91,3.94
12898,3.93,3.95
12899,3.94,3.94
12900,3.93,3.94
12901,3.94,3.96
12903,3.95,3.96
12904,3.95,3.95
12905,3.94,3.93
12906,3.91,3.90
12907,3.89,3.88
12908,3.87,3.87
12910,3.86,3.88
12911,3.87,3.90
12912,3.89,3.92
12913,3.92,3.95
12914,3.93,3.95
12916,3.93,3.94
12917,3.93,3.94
12918,3.94,3.96
12919,3.95,3.96
12920,3.95,3.94
12921,3.93,3.92
12923,3.91,3.90
12924,3.88,3.88
12925,3.87,3.87
12926,3.86,3.88
12928,3.88,3.90
12930,3.90,3.93
12931,3.92,3.95
12932,3.94,3.95
12933,3.93,3.94
12934,3.93,3.95
12935,3.94,3.96
12937,3.95,3.96
12938,3.95,3.94
12939,3.93,3.92
12940,3.91,3.90
12941,3.88,3.88
12942,3.86,3.87
12944,3.87,3.89
12945,3.88,3.91
12946,3.90,3.93
12947,3.93,3.95
12948,3.94,3.95
12950,3.93,3.94
12951,3.93,3.95
12952,3.95,3.96
12953,3.95,3.96
12954,3.94,3.94
12955,3.92,3.91
12957,3.90,3.89
12958,3.87,3.87
12959,3.86,3.88
12960,3.87,3.89
12961,3.88,3.91
12963,3.91,3.94
12964,3.93,3.95
12965,3.94,3.95
12966,3.93,3.94
12967,3.93,3.95
12968,3.95,3.97
12971,3.95,3.95
12972,3.94,3.93
12973,3.92,3.91
12974,3.90,3.89
12975,3.87,3.87
12976,3.86,3.88
12978,3.87,3.90
12979,3.89,3.92
12980,3.91,3.95
12981,3.93,3.95
12982,3.94,3.95
12984,3.93,3.95
12985,3.94,3.96
12986,3.95,3.96
12987,3.95,3.95
12988,3.94,3.93
12989,3.91,3.90
12991,3.89,3.88
12992,3.87,3.87
12993,3.86,3.88
12994,3.87,3.90
12995,3.89,3.92
12997,3.91,3.95
12998,3.93,3.95
12999,3.93,3.94
13000,3.93,3.94
13001,3.94,3.96
13002,3.95,3.96
13004,3.95,3.94
13005,3.93,3.92
13006,3.91,3.90
13007,3.88,3.87
13008,3.86,3.87
13009,3.86,3.88
13011,3.87,3.90
13012,3.90,3.93
13014,3.92,3.95
13015,3.94,3.95
13016,3.93,3.94
13018,3.93,3.95
13019,3.94,3.96
13020,3.95,3.96
13021,3.94,3.94
13022,3.93,3.92
13023,3.91,3.90
13025,3.88,3.87
13026,3.86,3.87
13027,3.87,3.89
13028,3.88,3.91
13029,3.90,3.93
13031,3.93,3.95
13032,3.94,3.95
13033,3.93,3.94
13034,3.93,3.95
13035,3.94,3.96
13036,3.95,3.95
13038,3.94,3.93
13039,3.92,3.91
13040,3.90,3.89
13041,3.87,3.87
13042,3.86,3.88
13044,3.87,3.89
13045,3.88,3.91
13046,3.91,3.94
13047,3.93,3.95
13048,3.94,3.94
13049,3.93,3.94
13051,3.93,3.95
13052,3.95,3.96
13053,3.95,3.95
13054,3.94,3.93
13056,3.92,3.91
13057,3.89,3.88
13059,3.87,3.87
13060,3.86,3.88
13061,3.87,3.90
13062,3.89,3.91
13063,3.91,3.94
13065,3.93,3.95
13066,3.94,3.94
13067,3.93,3.94
13068,3.94,3.96
13069,3.95,3.96
13070,3.95,3.95
13072,3.94,3.93
13073,3.92,3.91
13074,3.89,3.88
13075,3.87,3.87
13076,3.87,3.88
13078,3.88,3.90
13079,3.90,3.92
13080,3.92,3.95
13081,3.94,3.95
13082,3.94,3.94
13083,3.93,3.95
13085,3.94,3.96
13086,3.95,3.96
13087,3.94,3.94
13088,3.93,3.92
13089,3.91,3.89
13090,3.88,3.87
13092,3.86,3.87
13093,3.86,3.88
13094,3.87,3.90
13095,3.89,3.92
13096,3.92,3.95
13099,3.93,3.94
13100,3.93,3.94
13101,3.92,3.94
13102,3.94,3.96
13103,3.95,3.95
13104,3.94,3.94
13106,3.92,3.91
13107,3.90,3.89
13108,3.87,3.87
13109,3.86,3.87
13110,3.86,3.89
13112,3.88,3.91
13113,3.90,3.93
13114,3.93,3.95
13115,3.93,3.95
13116,3.93,3.94
13117,3.93,3.95
13119,3.94,3.96
13120,3.95,3.95
13121,3.94,3.93
13122,3.92,3.91
13123,3.90,3.89
13125,3.87,3.87
13126,3.86,3.88
13127,3.87,3.89
13128,3.88,3.91
13129,3.91,3.94
13130,3.93,3.95
13132,3.94,3.94
13133,3.93,3.94
13134,3.93,3.95
13135,3.94,3.96
13136,3.94,3.94
13137,3.93,3.92
13139,3.91,3.90
13140,3.89,3.88
13142,3.86,3.86
13143,3.86,3.87
13144,3.86,3.89
13146,3.88,3.91
13147,3.91,3.94
13148,3.93,3.95
13149,3.93,3.94
13150,3.92,3.94
13151,3.93,3.95
13153,3.94,3.96
13154,3.94,3.94
13155,3.93,3.92
13156,3.91,3.90
13157,3.88,3.87
13159,3.86,3.87
13160,3.86,3.88
13161,3.87,3.90
13162,3.89,3.92
13163,3.91,3.95
13164,3.93,3.95
13166,3.94,3.94
13167,3.93,3.95
13168,3.94,3.96
13169,3.95,3.96
13170,3.95,3.95
13172,3.93,3.92
13173,3.91,3.90
13174,3.88,3.88
13175,3.87,3.88
13176,3.87,3.89
13177,3.88,3.91
13179,3.90,3.93
13180,3.93,3.95
13181,3.94,3.95
13182,3.93,3.94
13184,3.93,3.95
13186,3.94,3.96
13187,3.95,3.95
13188,3.94,3.93
13189,3.92,3.91
13190,3.90,3.89
13191,3.87,3.87
13193,3.86,3.87
13194,3.86,3.88
13195,3.88,3.91
13196,3.90,3.93
13197,3.92,3.95
13198,3.93,3.94
13200,3.93,3.94
13201,3.93,3.95
13202,3.94,3.96
13203,3.95,3.95
13204,3.94,3.93
13206,3.92,3.91
13207,3.89,3.88
13208,3.87,3.87
13209,3.86,3.88
13210,3.87,3.89
13211,3.89,3.91
13213,3.91,3.94
13214,3.93,3.95
13215,3.94,3.94
13216,3.93,3.94
13217,3.94,3.95
13219,3.95,3.96
13220,3.95,3.95
13221,3.94,3.93
13222,3.91,3.91
13223,3.89,3.88
13224,3.87,3.87
13227,3.86,3.88
13228,3.87,3.90
13229,3.89,3.92
13230,3.91,3.95
13231,3.93,3.95
13233,3.93,3.94
13234,3.93,3.94
13235,3.94,3.96
13236,3.95,3.95
13237,3.94,3.94
13238,3.93,3.92
13240,3.91,3.89
13241,3.88,3.87
13242,3.86,3.87
13243,3.86,3.88
13244,3.87,3.90
13246,3.89,3.92
13247,3.92,3.95
13248,3.93,3.95
13249,3.93,3.94
13250,3.93,3.94
13251,3.94,3.96
13253,3.95,3.95
13254,3.94,3.94
13255,3.92,3.91
13256,3.90,3.89
13257,3.88,3.87
13258,3.86,3.87
13260,3.86,3.88
13261,3.88,3.91
13262,3.90,3.93
13263,3.92,3.95
13264,3.93,3.95
13266,3.93,3.94
13267,3.93,3.95
13268,3.94,3.96
13270,3.95,3.95
13271,3.94,3.93
13272,3.92,3.91
13274,3.90,3.88
13275,3.87,3.87
13276,3.86,3.87
13277,3.87,3.89
13278,3.88,3.91
13280,3.90,3.93
13281,3.93,3.95
13282,3.93,3.94
13283,3.92,3.93
13284,3.93,3.95
13285,3.94,3.95
13287,3.94,3.94
13288,3.93,3.92
13289,3.91,3.90
13290,3.88,3.88
13291,3.86,3.86
13292,3.85,3.87
13294,3.86,3.89
13295,3.88,3.91
13296,3.90,3.93
13297,3.92,3.94
13298,3.93,3.93
13300,3.92,3.93
13301,3.93,3.95
13302,3.94,3.95
13303,3.94,3.94
13304,3.92,3.92
13305,3.91,3.90
13307,3.88,3.87
13308,3.86,3.86
13309,3.85,3.87
13310,3.86,3.89
13312,3.88,3.91
13314,3.91,3.94
13315,3.93,3.94
13316,3.93,3.93
13317,3.92,3.94
13318,3.93,3.95
13319,3.94,3.95
13321,3.94,3.94
13322,3.92,3.91
13323,3.90,3.89
13324,3.88,3.87
13325,3.86,3.86
13327,3.86,3.88
13328,3.87,3.90
13329,3.89,3.92
13330,3.92,3.94
13331,3.93,3.94
13332,3.93,3.93
13334,3.92,3.94
13335,3.94,3.95
13336,3.94,3.95
13337,3.93,3.93
13338,3.91,3.91
13340,3.89,3.88
13341,3.87,3.86
13342,3.85,3.86
13343,3.85,3.88
13344,3.87,3.90
13345,3.89,3.92
13347,3.92,3.94
13348,3.93,3.94
13349,3.92,3.93
13350,3.92,3.94
13351,3.94,3.95
13352,3.94,3.94
13355,3.93,3.92
13356,3.91,3.91
13357,3.89,3.88
13358,3.86,3.86
13359,3.85,3.87
13361,3.86,3.88
13362,3.88,3.91
13363,3.90,3.93
13364,3.92,3.94
13365,3.93,3.94
13366,3.92,3.93
13368,3.93,3.95
13369,3.94,3.95
13370,3.94,3.94
13371,3.93,3.92
13372,3.91,3.90
13374,3.89,3.87
13375,3.86,3.86
13376,3.86,3.87
13377,3.86,3.89
13378,3.88,3.91
13379,3.91,3.94
13381,3.93,3.94
13382,3.93,3.93
13383,3.93,3.93
13384,3.93,3.95
13385,3.94,3.95
13387,3.94,3.94
13388,3.92,3.91
13389,3.90,3.89
13390,3.88,3.87
13391,3.85,3.86
13392,3.85,3.87
13394,3.86,3.89
13395,3.88,3.91
13396,3.91,3.94
13398,3.93,3.94
13399,3.92,3.93
13400,3.92,3.94
13402,3.93,3.95
13403,3.94,3.95
13404,3.94,3.93
13405,3.92,3.91
13406,3.90,3.89
13408,3.87,3.86
13409,3.85,3.86
13410,3.86,3.88
13411,3.87,3.90
13412,3.89,3.92
13413,3.92,3.94
13415,3.93,3.94
13416,3.93,3.93
13417,3.92,3.94
13418,3.94,3.95
13419,3.94,3.95
13421,3.94,3.93
13422,3.92,3.91
13423,3.90,3.88
13424,3.87,3.86
13425,3.86,3.87
13426,3.86,3.88
13428,3.87,3.91
13429,3.90,3.93
13430,3.92,3.94
13431,3.93,3.94
13432,3.92,3.93
13434,3.93,3.94
13435,3.94,3.95
13436,3.94,3.94
13437,3.93,3.92
13438,3.91,3.90
13440,3.89,3.87
13442,3.86,3.86
13443,3.85,3.87
13444,3.86,3.88
13445,3.88,3.91
13446,3.90,3.93
13447,3.92,3.94
13449,3.93,3.93
13450,3.92,3.93
13451,3.93,3.95
13452,3.94,3.95
13453,3.94,3.94
13455,3.93,3.92
13456,3.91,3.90
13457,3.89,3.87
13458,3.86,3.86
13459,3.85,3.87
13460,3.86,3.89
13462,3.88,3.91
13463,3.91,3.94
13464,3.93,3.94
13465,3.93,3.94
13466,3.92,3.94
13468,3.93,3.95
13469,3.94,3.95
13470,3.94,3.94
13471,3.92,3.92
13472,3.91,3.89
13473,3.88,3.87
13475,3.86,3.86
13476,3.86,3.87
13477,3.87,3.89
13478,3.89,3.92
13479,3.91,3.94
13480,3.93,3.94
13483,3.93,3.93
13484,3.92,3.94
13485,3.93,3.95
13486,3.94,3.95
13487,3.94,3.93
13489,3.92,3.91
13490,3.90,3.89
13491,3.87,3.86
13492,3.85,3.86
13493,3.85,3.87
13494,3.87,3.90
13496,3.89,3.92
13497,3.91,3.94
13498,3.93,3.94
13499,3.92,3.93
13500,3.92,3.94
13502,3.94,3.95
13503,3.94,3.95
13504,3.93,3.93
13505,3.91,3.91
13506,3.89,3.88
13507,3.87,3.86
13509,3.86,3.87
13510,3.86,3.88
13511,3.87,3.90
13512,3.90,3.93
13513,3.92,3.94
13515,3.93,3.94
13516,3.92,3.93
13517,3.92,3.94
13518,3.94,3.95
13519,3.94,3.94
13520,3.93,3.92
13522,3.91,3.90
13523,3.89,3.88
13524,3.86,3.86
13526,3.85,3.87
13527,3.86,3.89
13528,3.88,3.91
13530,3.91,3.94
13531,3.93,3.94
13532,3.93,3.93
13533,3.92,3.93
13534,3.93,3.95
13536,3.94,3.95
13537,3.94,3.94
13538,3.93,3.92
13539,3.91,3.90
13540,3.88,3.87
13541,3.86,3.86
13543,3.85,3.87
13544,3.86,3.89
13545,3.88,3.91
13546,3.91,3.94
13547,3.93,3.94
13549,3.93,3.93
13550,3.92,3.93
13551,3.93,3.95
13552,3.94,3.95
13553,3.94,3.94
13554,3.92,3.91
13556,3.90,3.89
13557,3.88,3.87
13558,3.86,3.86
13559,3.86,3.87
13560,3.87,3.90
13562,3.89,3.92
13563,3.91,3.94
13564,3.93,3.94
13565,3.93,3.93
13566,3.92,3.94
13568,3.93,3.95
13570,3.94,3.95
13571,3.94,3.93
13572,3.92,3.91
13573,3.90,3.88
13574,3.87,3.86
13576,3.85,3.86
13577,3.86,3.88
13578,3.87,3.90
13579,3.90,3.92
13580,3.92,3.94
13581,3.93,3.94
13583,3.92,3.93
13584,3.92,3.94
13585,3.94,3.95
13586,3.94,3.94
13587,3.93,3.92
13588,3.91,3.90
13590,3.89,3.88
13591,3.86,3.86
13592,3.85,3.87
13593,3.86,3.88
13594,3.88,3.90
13596,3.90,3.93
13597,3.92,3.94
13598,3.93,3.94
13599,3.92,3.93
13600,3.93,3.94
13601,3.94,3.95
13603,3.94,3.94
13604,3.93,3.92
13605,3.91,3.90
13606,3.89,3.87
13607,3.86,3.86
13608,3.85,3.87
13611,3.86,3.89
13612,3.88,3.91
13613,3.91,3.93
13614,3.93,3.94
13615,3.93,3.93
13617,3.92,3.93
13618,3.93,3.95
13619,3.94,3.95
13620,3.94,3.94
13621,3.93,3.92
13622,3.91,3.90
13624,3.88,3.87
13625,3.86,3.86
13626,3.86,3.87
13627,3.87,3.89
13628,3.89,3.91
13630,3.91,3.94
13631,3.93,3.94
13632,3.93,3.93
13633,3.92,3.94
13634,3.93,3.95
13635,3.94,3.95
13637,3.94,3.93
13638,3.92,3.91
13639,3.90,3.89
13640,3.87,3.86
13641,3.85,3.86
13643,3.86,3.87
13644,3.87,3.89
13645,3.89,3.92
13646,3.91,3.94
13647,3.93,3.94
13648,3.93,3.93
13650,3.92,3.94
13651,3.94,3.95
13652,3.94,3.95
13654,3.94,3.93
13655,3.92,3.91
13657,3.90,3.89
13658,3.87,3.86
13659,3.86,3.87
13660,3.86,3.88
13661,3.88,3.91
13662,3.90,3.93
13664,3.92,3.95
13665,3.93,3.94
13666,3.93,3.94
13667,3.93,3.95
13668,3.94,3.96
13670,3.95,3.95
13671,3.94,3.93
13672,3.92,3.91
13673,3.90,3.88
13674,3.87,3.87
13675,3.86,3.87
13677,3.87,3.89
13678,3.89,3.91
13679,3.91,3.94
13680,3.93,3.95
13681,3.93,3.94
13682,3.93,3.94
13684,3.93,3.95
13685,3.95,3.96
13686,3.95,3.94
13687,3.93,3.92
13688,3.91,3.91
13690,3.89,3.88
13691,3.86,3.87
13692,3.86,3.88
13693,3.87,3.89
13694,3.89,3.91
13697,3.91,3.94
13698,3.93,3.95
13699,3.93,3.94
13700,3.93,3.94
13701,3.94,3.95
13702,3.95,3.96
13704,3.94,3.94
13705,3.93,3.92
13706,3.91,3.90
13707,3.88,3.87
13708,3.86,3.87
13709,3.86,3.88
13711,3.87,3.90
13712,3.89,3.92
13713,3.92,3.94
13714,3.93,3.95
13715,3.93,3.94
13717,3.93,3.94
13718,3.94,3.96
13719,3.95,3.95
13720,3.94,3.94
13721,3.93,3.91
13722,3.91,3.89
13724,3.88,3.87
13725,3.86,3.87
13726,3.86,3.88
13727,3.88,3.91
13728,3.90,3.93
13730,3.92,3.95
13731,3.94,3.95
13732,3.93,3.94
13733,3.93,3.95
13734,3.94,3.96
13735,3.95,3.95
13737,3.94,3.93
13739,3.92,3.91
13740,3.90,3.89
13741,3.87,3.87
13742,3.86,3.87
13744,3.87,3.89
13745,3.88,3.91
13746,3.91,3.94
13747,3.93,3.95
13748,3.94,3.94
13749,3.93,3.94
13751,3.93,3.95
13752,3.95,3.96
13753,3.95,3.95
13754,3.94,3.93
13755,3.92,3.91
13757,3.90,3.88
13758,3.87,3.87
13759,3.86,3.88
13760,3.87,3.89
13761,3.89,3.91
13762,3.91,3.94
13764,3.93,3.95
13765,3.94,3.94
13766,3.93,3.94
13767,3.94,3.96
13768,3.95,3.96
13770,3.95,3.95
13771,3.93,3.92
13772,3.91,3.90
13773,3.89,3.88
13774,3.86,3.87
13775,3.86,3.88
13777,3.87,3.90
13778,3.89,3.92
13779,3.92,3.95
13780,3.93,3.95
13782,3.93,3.94
13784,3.93,3.94
13785,3.94,3.96
13786,3.95,3.95
13787,3.94,3.94
13788,3.93,3.92
13789,3.91,3.89
13791,3.88,3.87
13792,3.86,3.87
13793,3.86,3.88
13794,3.87,3.90
13795,3.90,3.93
13796,3.92,3.95
13798,3.93,3.95
13799,3.93,3.93
13800,3.93,3.94
13801,3.94,3.96
13802,3.95,3.95
13804,3.94,3.93
13805,3.92,3.91
13806,3.90,3.89
13807,3.87,3.87
13808,3.86,3.87
13809,3.86,3.89
13811,3.88,3.91
13812,3.90,3.93
13813,3.93,3.95
13814,3.94,3.94
13815,3.93,3.94
13817,3.93,3.95
13818,3.94,3.96
13819,3.95,3.95
13820,3.94,3.93
13821,3.92,3.91
13822,3.90,3.88
13825,3.87,3.87
13826,3.86,3.87
13827,3.87,3.89
13828,3.88,3.91
13829,3.91,3.94
13831,3.93,3.95
13832,3.93,3.94
13833,3.93,3.94
13834,3.93,3.95
13835,3.95,3.96
13836,3.95,3.95
13838,3.93,3.93
13839,3.91,3.90
13840,3.89,3.88
13841,3.86,3.87
13842,3.86,3.88
13844,3.87,3.89
13845,3.89,3.92
13846,3.91,3.94
13847,3.93,3.95
13848,3.93,3.94
13849,3.93,3.94
13851,3.94,3.96
13852,3.95,3.96
13853,3.95,3.94
13854,3.93,3.92
13855,3.91,3.90
13856,3.88,3.87
13858,3.86,3.87
13859,3.86,3.88
13860,3.87,3.90
13861,3.89,3.92
13862,3.92,3.95
13864,3.93,3.95
13865,3.93,3.94
13867,3.93,3.94
13868,3.94,3.96
13869,3.95,3.96
13870,3.94,3.94
13872,3.93,3.92
13873,3.91,3.89
13874,3.88,3.87
13875,3.86,3.87
13876,3.86,3.88
13878,3.88,3.91
13879,3.90,3.93
13880,3.93,3.95
13881,3.94,3.95
13882,3.93,3.94
13883,3.93,3.95
13885,3.95,3.96
13886,3.95,3.96
13887,3.94,3.94
13888,3.93,3.91
13889,3.90,3.89
13891,3.88,3.87
13892,3.87,3.88
13893,3.87,3.89
13894,3.89,3.91
13895,3.91,3.94
13896,3.93,3.95
13898,3.94,3.95
13899,3.93,3.94
13900,3.94,3.95
13901,3.95,3.96
13902,3.95,3.95
13904,3.94,3.93
13905,3.92,3.91
13906,3.90,3.89
13907,3.87,3.87
13908,3.87,3.88
13910,3.87,3.90
13912,3.89,3.92
13913,3.91,3.94
13914,3.94,3.95
13915,3.94,3.94
13916,3.93,3.94
13917,3.94,3.96
13919,3.95,3.96
13920,3.95,3.95
13921,3.94,3.93
13922,3.92,3.91
13923,3.89,3.88
13925,3.87,3.87
13926,3.87,3.88
13927,3.88,3.90
13928,3.90,3.92
13929,3.92,3.95
13930,3.94,3.95
13932,3.94,3.94
13933,3.93,3.95
13934,3.94,3.96
13935,3.95,3.96
13936,3.95,3.95
13938,3.93,3.92
13939,3.91,3.90
13940,3.89,3.88
13941,3.87,3.87
13942,3.87,3.88
13943,3.88,3.91
13945,3.90,3.93
13946,3.92,3.95
13947,3.94,3.95
13948,3.93,3.94
13949,3.93,3.95
13952,3.94,3.96
13953,3.95,3.96
13954,3.94,3.94
13955,3.93,3.92
13956,3.91,3.89
13957,3.88,3.87
13959,3.86,3.87
13960,3.87,3.89
13961,3.88,3.91
13962,3.90,3.93
13963,3.93,3.95
13964,3.94,3.95
13966,3.93,3.94
13967,3.93,3.95
13968,3.95,3.96
13969,3.95,3.95
13970,3.94,3.94
13972,3.92,3.91
13973,3.90,3.89
13974,3.87,3.87
13975,3.86,3.88
13976,3.87,3.89
13977,3.89,3.91
13979,3.91,3.94
13980,3.93,3.95
13981,3.94,3.94
13982,3.93,3.94
13983,3.94,3.95
13985,3.95,3.96
13986,3.95,3.95
13987,3.94,3.93
13988,3.92,3.91
13989,3.89,3.88
13990,3.87,3.87
13992,3.86,3.88
13993,3.87,3.90
13995,3.89,3.91
13996,3.91,3.94
13997,3.93,3.95
13999,3.94,3.94
14000,3.93,3.94
14001,3.94,3.96
14002,3.95,3.96
14003,3.95,3.94
14004,3.93,3.92
14006,3.91,3.90
14007,3.89,3.88
14008,3.87,3.87
14009,3.86,3.88
14010,3.87,3.90
14012,3.89,3.92
14013,3.92,3.95
14014,3.94,3.95
14015,3.94,3.94
14016,3.93,3.94
14017,3.94,3.96
14019,3.95,3.96
14020,3.95,3.94
14021,3.93,3.92
14022,3.91,3.90
14023,3.88,3.87
14024,3.87,3.87
14026,3.87,3.88
14027,3.88,3.91
14028,3.90,3.93
14029,3.93,3.95
14030,3.94,3.95
14032,3.93,3.94
14033,3.93,3.95
14034,3.95,3.96
14035,3.95,3.96
14036,3.95,3.94
14038,3.93,3.92
14040,3.91,3.89
14041,3.88,3.87
14042,3.86,3.88
14043,3.87,3.89
14044,3.88,3.91
14046,3.91,3.94
14047,3.93,3.95
14048,3.94,3.95
14049,3.93,3.94
14050,3.93,3.95
14051,3.95,3.96
14053,3.95,3.95
14054,3.94,3.93
14055,3.92,3.91
14056,3.90,3.88
14057,3.87,3.87
14059,3.87,3.88
14060,3.87,3.89
14061,3.89,3.91
14062,3.91,3.94
14063,3.93,3.95
14064,3.94,3.94
14066,3.93,3.94
14067,3.94,3.96
14068,3.95,3.96
14069,3.95,3.95
14070,3.94,3.93
14071,3.92,3.91
14073,3.89,3.88
14074,3.87,3.87
14075,3.87,3.88
14076,3.87,3.90
14077,3.89,3.92
14080,3.92,3.95
14081,3.94,3.95
14082,3.94,3.94
14083,3.93,3.95
14084,3.94,3.96
14085,3.95,3.96
14087,3.95,3.95
14088,3.93,3.92
14089,3.91,3.90
14090,3.89,3.88
14091,3.87,3.87
14093,3.87,3.88
14094,3.88,3.90
14095,3.90,3.92
14096,3.92,3.95
14097,3.94,3.95
14098,3.94,3.94
14100,3.93,3.95
14101,3.94,3.96
14102,3.95,3.96
14103,3.95,3.94
14104,3.93,3.92
14105,3.91,3.90
14107,3.88,3.87
14108,3.86,3.87
14109,3.87,3.89
14110,3.88,3.91
14111,3.90,3.93
14113,3.93,3.95
14114,3.94,3.95
14115,3.94,3.94
14116,3.93,3.95
14117,3.95,3.96
14118,3.95,3.96
14120,3.95,3.94
14121,3.93,3.91
14123,3.91,3.89
14124,3.88,3.87
14125,3.86,3.88
14127,3.87,3.89
14128,3.88,3.91
14129,3.91,3.94
14130,3.93,3.95
14131,3.94,3.95
14132,3.94,3.94
14134,3.94,3.95
14135,3.95,3.96
14136,3.95,3.95
14137,3.94,3.94
14138,3.92,3.91
14140,3.90,3.89
14141,3.88,3.87
14142,3.87,3.88
14143,3.87,3.90
14144,3.89,3.92
14145,3.91,3.95
14147,3.94,3.95
14148,3.94,3.95
14149,3.93,3.94
14150,3.94,3.96
14151,3.95,3.96
14152,3.95,3.95
14154,3.94,3.93
14155,3.92,3.91
14156,3.89,3.88
14157,3.87,3.87
14158,3.87,3.88
14160,3.88,3.90
14161,3.89,3.92
14162,3.92,3.95
14163,3.94,3.95
14164,3.94,3.94
14166,3.93,3.94
14168,3.94,3.96
14169,3.95,3.96
14170,3.95,3.95
14171,3.93,3.92
14172,3.91,3.90
14174,3.89,3.88
14175,3.87,3.87
14176,3.87,3.88
14177,3.88,3.91
14178,3.90,3.93
14179,3.93,3.95
14181,3.94,3.95
14182,3.94,3.94
14183,3.93,3.95
14184,3.95,3.96
14185,3.96,3.96
14187,3.95,3.94
14188,3.93,3.92
14189,3.91,3.90
14190,3.88,3.87
14191,3.87,3.88
14192,3.87,3.89
14194,3.88,3.91
14195,3.91,3.93
14196,3.93,3.95
14197,3.94,3.95
14198,3.94,3.94
14200,3.93,3.95
14201,3.95,3.96
14202,3.95,3.95
14203,3.94,3.94
14204,3.92,3.91
14205,3.90,3.89
14208,3.87,3.87
14209,3.86,3.87
14210,3.87,3.89
14211,3.88,3.91
14212,3.91,3.94
14213,3.93,3.95
14215,3.94,3.95
14216,3.93,3.94
14217,3.94,3.95
14218,3.95,3.96
14219,3.96,3.95
14221,3.94,3.93
14222,3.92,3.91
14223,3.90,3.89
14224,3.87,3.87
14225,3.87,3.88
14226,3.88,3.90
14228,3.89,3.92
14229,3.91,3.95
14230,3.94,3.96
14231,3.94,3.95
14232,3.94,3.95
14234,3.94,3.96
14235,3.95,3.96
14236,3.95,3.95
14237,3.94,3.93
14238,3.92,3.91
14239,3.89,3.88
14241,3.87,3.87
14242,3.87,3.88
14243,3.88,3.90
14244,3.90,3.92
14245,3.92,3.95
14247,3.94,3.95
14248,3.94,3.94
14249,3.93,3.95
14251,3.94,3.96
14252,3.95,3.96
14253,3.95,3.94
14255,3.93,3.92
14256,3.91,3.90
14257,3.89,3.87
14258,3.87,3.87
14259,3.87,3.89
14260,3.88,3.91
14262,3.90,3.93
14263,3.93,3.95
14264,3.94,3.95
14265,3.94,3.94
14266,3.94,3.95
14268,3.95,3.96
14269,3.96,3.96
14270,3.95,3.94
14271,3.93,3.92
14272,3.91,3.90
14273,3.88,3.87
14275,3.87,3.88
14276,3.87,3.89
14277,3.89,3.91
14278,3.91,3.94
14279,3.93,3.95
14281,3.94,3.95
14282,3.94,3.94
14283,3.94,3.95
14284,3.95,3.96
14285,3.96,3.96
14286,3.95,3.94
14288,3.93,3.91
14289,3.90,3.89
14290,3.88,3.87
14291,3.87,3.88
14292,3.87,3.90
14295,3.89,3.91
14296,3.91,3.94
14297,3.94,3.95
14298,3.94,3.94
14299,3.93,3.94
14300,3.94,3.96
14302,3.95,3.96
14303,3.95,3.95
14304,3.94,3.93
14305,3.92,3.91
14306,3.90,3.88
14307,3.87,3.87
14309,3.87,3.88
14310,3.87,3.90
14311,3.89,3.92
14312,3.91,3.95
14313,3.94,3.95
14315,3.94,3.94
14316,3.93,3.94
14317,3.94,3.96
14318,3.95,3.96
14319,3.95,3.95
14320,3.94,3.92
14322,3.91,3.90
14323,3.89,3.88
14324,3.87,3.87
14325,3.87,3.88
14326,3.88,3.90
14328,3.90,3.92
14329,3.92,3.95
14330,3.94,3.95
14331,3.94,3.94
14332,3.93,3.95
14333,3.94,3.96
14336,3.95,3.96
14337,3.95,3.94
14338,3.93,3.92
14339,3.91,3.90
14340,3.88,3.88
14341,3.87,3.87
14343,3.87,3.89
14344,3.88,3.91
14345,3.90,3.93
14346,3.93,3.95
14347,3.94,3.95
14349,3.94,3.94
14350,3.93,3.95
14351,3.95,3.96
14352,3.95,3.96
14353,3.95,3.94
14354,3.93,3.91
14356,3.91,3.89
14357,3.88,3.87
14358,3.87,3.88
14359,3.87,3.89
14360,3.88,3.91
14362,3.91,3.93
14363,3.93,3.95
14364,3.94,3.95
14365,3.93,3.94
14366,3.94,3.95
14367,3.95,3.96
14369,3.95,3.95
14370,3.94,3.93
14371,3.92,3.91
14372,3.90,3.89
14373,3.87,3.87
14375,3.87,3.88
14376,3.87,3.89
14377,3.89,3.91
14379,3.91,3.94
14380,3.94,3.95
14381,3.94,3.94
14383,3.93,3.94
14384,3.94,3.95
14385,3.95,3.96
14386,3.95,3.95
14387,3.94,3.93
14389,3.92,3.91
14390,3.89,3.88
14391,3.87,3.87
14392,3.87,3.88
14393,3.88,3.90
14394,3.90,3.92
14396,3.92,3.95
14397,3.94,3.95
14398,3.94,3.94
14399,3.93,3.94
14400,3.94,3.96
14402,3.95,3.96
14403,3.95,3.94
14404,3.93,3.92
14405,3.91,3.90
14406,3.89,3.87
14407,3.87,3.87
14409,3.87,3.88
14410,3.88,3.90
14411,3.90,3.93
14412,3.92,3.95
14413,3.94,3.95
14414,3.94,3.94
14416,3.93,3.94
14417,3.94,3.96
14418,3.95,3.96
14419,3.95,3.94
14420,3.93,3.92
14423,3.91,3.89
14424,3.88,3.87
14425,3.86,3.87
14426,3.87,3.89
14427,3.88,3.91
14428,3.90,3.93
14430,3.93,3.95
14431,3.94,3.95
14432,3.93,3.94
14433,3.93,3.95
14434,3.95,3.96
14436,3.95,3.95
14437,3.95,3.94
14438,3.92,3.91
14439,3.90,3.89
14440,3.88,3.87
14441,3.86,3.87
14443,3.87,3.89
14444,3.89,3.91
14445,3.91,3.94
14446,3.93,3.95
14447,3.94,3.94
14448,3.93,3.94
14450,3.93,3.95
14451,3.95,3.96
14452,3.95,3.95
14453,3.94,3.93
14454,3.92,3.91
14456,3.90,3.88
14457,3.87,3.87
14458,3.87,3.88
14459,3.87,3.89
14460,3.89,3.91
14461,3.91,3.94
14464,3.94,3.95
14465,3.94,3.94
14466,3.93,3.94
14467,3.94,3.95
14468,3.95,3.96
14470,3.95,3.95
14471,3.94,3.93
14472,3.91,3.90
14473,3.89,3.88
14474,3.87,3.87
14475,3.86,3.88
14477,3.87,3.90
14478,3.89,3.92
14479,3.92,3.95
14480,3.94,3.95
14481,3.94,3.94
14483,3.93,3.94
14484,3.94,3.96
14485,3.95,3.96
14486,3.95,3.94
14487,3.93,3.92
14488,3.91,3.90
14490,3.88,3.87
14491,3.87,3.87
14492,3.86,3.88
14493,3.88,3.90
14494,3.90,3.92
14495,3.92,3.95
14497,3.94,3.95
14498,3.93,3.94
14499,3.93,3.94
14500,3.94,3.96
14501,3.95,3.96
14503,3.95,3.94
14504,3.93,3.91
14505,3.91,3.89
14507,3.88,3.87
14508,3.87,3.87
14509,3.87,3.89
14511,3.88,3.91
14512,3.91,3.93
14513,3.93,3.95
14514,3.94,3.95
14515,3.93,3.94
14517,3.93,3.95
14518,3.95,3.96
14519,3.95,3.95
14520,3.95,3.94
14521,3.92,3.91
14522,3.90,3.89
14524,3.88,3.87
14525,3.86,3.87
14526,3.87,3.89
14527,3.89,3.91
14528,3.91,3.94
14530,3.93,3.95
14531,3.94,3.94
14532,3.93,3.94
14533,3.94,3.95
14534,3.95,3.96
14535,3.95,3.95
14537,3.94,3.93
14538,3.92,3.91
14539,3.89,3.88
14540,3.87,3.87
14541,3.86,3.88
14543,3.87,3.90
14544,3.89,3.91
14545,3.91,3.94
14546,3.94,3.95
14547,3.94,3.94
14548,3.93,3.94
14551,3.94,3.96
14552,3.95,3.96
14553,3.95,3.94
14554,3.94,3.92
14555,3.91,3.90
14556,3.89,3.87
14558,3.87,3.87
14559,3.86,3.88
14560,3.88,3.90
14561,3.90,3.92
14562,3.92,3.95
14564,3.94,3.95
14565,3.94,3.94
14566,3.93,3.94
14567,3.94,3.96
14568,3.95,3.96
14569,3.95,3.94
14571,3.93,3.92
14572,3.91,3.90
14573,3.88,3.87
14574,3.87,3.87
14575,3.87,3.88
14577,3.88,3.90
14578,3.90,3.93
14579,3.93,3.95
14580,3.94,3.95
14581,3.94,3.94
14582,3.93,3.95
14584,3.95,3.96
14585,3.95,3.96
14586,3.95,3.94
14587,3.93,3.91
14588,3.91,3.89
14589,3.88,3.87
14592,3.87,3.87
14593,3.87,3.89
14594,3.88,3.91
14595,3.91,3.93
14596,3.93,3.95
14598,3.94,3.95
14599,3.93,3.94
14600,3.93,3.95
14601,3.95,3.96
14602,3.95,3.95
14603,3.94,3.93
14605,3.92,3.91
14606,3.90,3.89
14607,3.87,3.87
14608,3.87,3.88
14609,3.87,3.89
14611,3.89,3.91
14612,3.91,3.94
14613,3.93,3.95
14614,3.94,3.94
14615,3.93,3.94
14616,3.94,3.95
14618,3.95,3.96
14619,3.95,3.95
14620,3.94,3.93
14621,3.92,3.91
14622,3.89,3.88
14624,3.87,3.87
14625,3.86,3.88
14626,3.87,3.90
14627,3.89,3.92
14628,3.92,3.94
14629,3.94,3.95
14631,3.94,3.94
14632,3.93,3.94
14633,3.94,3.96
14635,3.95,3.96
14636,3.95,3.94
14638,3.93,3.92
14639,3.91,3.90
14640,3.89,3.87
14641,3.87,3.87
14642,3.86,3.88
14643,3.88,3.90
14645,3.90,3.92
14646,3.92,3.95
14647,3.94,3.95
14648,3.94,3.93
14649,3.93,3.94
14650,3.94,3.96
14652,3.95,3.95
14653,3.95,3.94
14654,3.93,3.91
14655,3.91,3.89
14656,3.88,3.87
14658,3.86,3.87
14659,3.86,3.88
14660,3.88,3.90
14661,3.90,3.92
14662,3.93,3.94
14663,3.94,3.94
14665,3.93,3.94
14666,3.93,3.95
14667,3.95,3.96
14668,3.95,3.95
14669,3.94,3.93
14671,3.93,3.91
14672,3.91,3.89
14673,3.88,3.87
14674,3.86,3.87
14675,3.87,3.89
14676,3.88,3.91
14679,3.91,3.93
14680,3.93,3.95
14681,3.94,3.94
14682,3.93,3.94
14683,3.94,3.95
14685,3.95,3.96
14686,3.95,3.95
14687,3.94,3.93
14688,3.92,3.91
14689,3.90,3.88
14690,3.87,3.87
14692,3.86,3.88
14693,3.87,3.89
14694,3.89,3.91
14695,3.91,3.94
14696,3.94,3.95
14698,3.94,3.94
14699,3.93,3.94
14700,3.94,3.96
14701,3.95,3.96
14702,3.95,3.95
14703,3.94,3.92
14705,3.92,3.90
14706,3.89,3.88
14707,3.87,3.87
14708,3.87,3.88
14709,3.87,3.90
14711,3.90,3.92
14712,3.92,3.94
14713,3.94,3.95
14714,3.94,3.93
14715,3.93,3.94
14716,3.94,3.95
14718,3.95,3.95
14720,3.94,3.93
14721,3.93,3.91
14722,3.91,3.89
14723,3.88,3.87
14724,3.86,3.86
14726,3.86,3.88
14727,3.87,3.90
14728,3.89,3.92
14729,3.92,3.94
14730,3.93,3.94
14732,3.93,3.93
14733,3.93,3.94
14734,3.94,3.95
14735,3.95,3.95
14736,3.94,3.93
14737,3.92,3.91
14739,3.90,3.89
14740,3.87,3.87
14741,3.86,3.87
14742,3.86,3.88
14743,3.88,3.90
14745,3.90,3.93
14746,3.93,3.94
14747,3.94,3.94
14748,3.93,3.93
14749,3.93,3.94
14750,3.95,3.96
14752,3.95,3.95
14753,3.94,3.93
14754,3.92,3.91
14755,3.90,3.88
14756,3.87,3.87
14757,3.86,3.87
14759,3.87,3.89
14760,3.89,3.91
14761,3.91,3.93
14763,3.93,3.95
14764,3.94,3.94
14766,3.93,3.94
14767,3.94,3.95
14768,3.95,3.96
14769,3.95,3.95
14770,3.94,3.93
14771,3.92,3.91
14773,3.90,3.88
14774,3.87,3.87
14775,3.86,3.88
14776,3.87,3.89
14777,3.89,3.91
14779,3.91,3.94
14780,3.94,3.95
14781,3.94,3.94
14782,3.93,3.94
14783,3.94,3.96
14784,3.95,3.96
14786,3.95,3.94
14787,3.94,3.92
14788,3.91,3.90
14789,3.89,3.87
14790,3.87,3.87
14792,3.87,3.88
14793,3.88,3.90
14794,3.90,3.92
14795,3.92,3.94
14796,3.94,3.95
14797,3.94,3.94
14799,3.93,3.94
14800,3.94,3.96
14801,3.95,3.95
14802,3.95,3.94
14803,3.93,3.92
14806,3.91,3.90
14807,3.88,3.87
14808,3.87,3.87
14809,3.87,3.88
14810,3.88,3.90
14811,3.90,3.92
14813,3.93,3.95
14814,3.94,3.94
14815,3.93,3.94
14816,3.93,3.94
14817,3.95,3.96
14818,3.95,3.95
14820,3.94,3.93
14821,3.92,3.91
14822,3.90,3.88
14823,3.88,3.86
14824,3.86,3.87
14826,3.86,3.88
14827,3.88,3.90
14828,3.90,3.93
14829,3.93,3.94
14830,3.93,3.94
14831,3.93,3.93
14833,3.93,3.94
14834,3.94,3.95
14835,3.95,3.95
14836,3.94,3.93
14837,3.92,3.91
14839,3.90,3.88
14840,3.87,3.87
14841,3.86,3.87
14842,3.87,3.89
14843,3.89,3.91
14844,3.91,3.93
14846,3.93,3.94
14848,3.94,3.94
14849,3.93,3.93
14850,3.93,3.95
14851,3.95,3.95
14853,3.95,3.94
14854,3.94,3.92
14855,3.91,3.90
14856,3.89,3.88
14857,3.87,3.87
14858,3.86,3.87
14860,3.87,3.89
14861,3.89,3.91
14862,3.91,3.94
14863,3.93,3.94
14864,3.94,3.93
14865,3.93,3.93
14867,3.94,3.95
14868,3.95,3.95
14869,3.95,3.94
14870,3.93,3.91
14871,3.91,3.89
14873,3.88,3.87
14874,3.86,3.86
14875,3.86,3.87
14876,3.87,3.90
14877,3.90,3.92
14878,3.92,3.94
14880,3.94,3.94
14881,3.93,3.93
14882,3.93,3.94
14883,3.94,3.95
14884,3.95,3.95
14886,3.94,3.93
14887,3.93,3.91
14888,3.91,3.89
14889,3.88,3.87
14891,3.86,3.87
14892,3.86,3.88
14894,3.88,3.90
14895,3.90,3.92
14896,3.93,3.94
14897,3.94,3.94
14898,3.93,3.93
14900,3.93,3.94
14901,3.94,3.95
14902,3.95,3.95
14903,3.94,3.93
14904,3.92,3.91
14905,3.90,3.88
14907,3.87,3.86
14908,3.86,3.87
14909,3.87,3.88
14910,3.88,3.91
14911,3.91,3.93
14913,3.93,3.94
14914,3.94,3.94
14915,3.93,3.93
14916,3.93,3.94
14917,3.94,3.95
14918,3.95,3.94
14920,3.93,3.92
14921,3.91,3.90
14922,3.89,3.87
14923,3.86,3.86
14924,3.86,3.87
14925,3.86,3.88
14927,3.88,3.91
14928,3.91,3.93
14929,3.93,3.94
14930,3.93,3.93
14931,3.93,3.93
14934,3.93,3.95
14935,3.95,3.95
14936,3.94,3.94
14937,3.93,3.92
14938,3.91,3.90
14939,3.89,3.87
14941,3.86,3.86
14942,3.86,3.87
14943,3.87,3.89
14944,3.89,3.91
14945,3.91,3.94
14947,3.93,3.94
14948,3.93,3.93
14949,3.93,3.93
14950,3.94,3.95
14951,3.95,3.95
14952,3.95,3.94
14954,3.93,3.91
14955,3.91,3.89
14956,3.88,3.87
14957,3.86,3.86
14958,3.86,3.88
14960,3.88,3.90
14961,3.90,3.92
14962,3.92,3.94
14963,3.94,3.94
14964,3.93,3.93
14965,3.93,3.94
14967,3.94,3.95
14968,3.95,3.94
14969,3.94,3.93
14970,3.92,3.91
14971,3.90,3.88
14973,3.87,3.86
14974,3.86,3.86
14976,3.86,3.88
14977,3.87,3.90
14978,3.90,3.92
14979,3.92,3.94
14981,3.93,3.93
14982,3.93,3.93
14983,3.93,3.94
14984,3.94,3.95
14985,3.95,3.94
14986,3.94,3.92
14988,3.92,3.90
14989,3.89,3.88
14990,3.87,3.86
14991,3.86,3.87
14992,3.86,3.88
14994,3.88,3.91
14995,3.91,3.93
14996,3.93,3.94
14997,3.94,3.93
14998,3.93,3.93
14999,3.93,3.94
15001,3.95,3.95
15002,3.95,3.94
15003,3.93,3.92
15004,3.91,3.90
15005,3.89,3.87
15007,3.87,3.86
15008,3.86,3.87
15009,3.87,3.89
15010,3.89,3.91
15011,3.91,3.93
15012,3.93,3.94
15014,3.93,3.93
15015,3.93,3.93
15016,3.94,3.95
15017,3.95,3.95
15019,3.94,3.93
15021,3.93,3.91
15022,3.91,3.89
15023,3.88,3.86
15024,3.86,3.86
15025,3.86,3.87
15026,3.87,3.89
15028,3.89,3.91
15029,3.91,3.94
15030,3.93,3.93
15031,3.93,3.93
15032,3.93,3.93
15034,3.94,3.95
15035,3.95,3.95
15036,3.94,3.93
15037,3.92,3.91
15038,3.91,3.88
15039,3.88,3.86
15041,3.86,3.86
15042,3.86,3.88
15043,3.88,3.90
15044,3.90,3.92
15045,3.92,3.94
15047,3.94,3.94
15048,3.93,3.93
15049,3.93,3.94
15050,3.94,3.95
15051,3.95,3.94
15052,3.94,3.93
15054,3.92,3.91
15055,3.90,3.88
15056,3.87,3.86
15057,3.86,3.87
15058,3.87,3.88
15060,3.88,3.91
15062,3.91,3.93
15063,3.93,3.94
15064,3.94,3.93
15065,3.93,3.93
15066,3.93,3.94
15068,3.95,3.95
15069,3.95,3.94
15070,3.94,3.92
15071,3.91,3.90
15072,3.89,3.87
15073,3.87,3.86
15075,3.86,3.87
15076,3.87,3.88
15077,3.88,3.91
15078,3.91,3.93
15079,3.93,3.94
15081,3.93,3.93
15082,3.93,3.93
15083,3.93,3.94
15084,3.95,3.95
15085,3.95,3.94
15086,3.93,3.91
15088,3.91,3.89
15089,3.89,3.87
15090,3.86,3.86
15091,3.86,3.87
15092,3.87,3.89
15094,3.89,3.91
15095,3.91,3.94
15096,3.93,3.94
15097,3.93,3.93
15098,3.93,3.93
15099,3.94,3.95
15101,3.95,3.95
15102,3.95,3.93
15104,3.93,3.91
15105,3.91,3.89
15106,3.88,3.87
15108,3.86,3.86
15109,3.86,3.87
15110,3.88,3.90
15111,3.90,3.92
15112,3.92,3.94
15113,3.94,3.94
15115,3.93,3.93
15116,3.93,3.93
15117,3.94,3.95
15118,3.95,3.94
15119,3.94,3.92
15121,3.92,3.91
15122,3.90,3.88
15123,3.87,3.86
15124,3.86,3.86
15125,3.86,3.87
15126,3.88,3.90
15128,3.90,3.92
15129,3.92,3.94
15130,3.93,3.93
15131,3.93,3.93
15132,3.93,3.94
15133,3.94,3.95
15135,3.95,3.94
15136,3.94,3.92
15137,3.92,3.90
15138,3.90,3.88
15139,3.87,3.86
15141,3.86,3.87
15142,3.87,3.88
15143,3.88,3.90
15144,3.91,3.93
15145,3.93,3.94
15147,3.94,3.93
15149,3.93,3.93
15150,3.93,3.94
15151,3.95,3.95
15152,3.95,3.94
15153,3.94,3.92
15155,3.91,3.90
15156,3.90,3.87
15157,3.87,3.86
15158,3.86,3.87
15159,3.87,3.89
15160,3.89,3.91
15162,3.91,3.93
15163,3.93,3.94
15164,3.93,3.93
15165,3.93,3.93
15166,3.94,3.95
15168,3.95,3.95
15169,3.95,3.93
15170,3.93,3.91
15171,3.91,3.89
15172,3.88,3.86
15173,3.86,3.86
15175,3.86,3.87
15176,3.87,3.89
15177,3.89,3.91
15178,3.92,3.93
15179,3.93,3.94
15181,3.93,3.93
15182,3.93,3.93
15183,3.94,3.95
15184,3.95,3.95
15185,3.94,3.93
15186,3.93,3.91
15188,3.91,3.89
15190,3.88,3.86
15191,3.86,3.86
15192,3.86,3.88
15193,3.88,3.90
15195,3.90,3.92
15196,3.92,3.94
15197,3.94,3.94
15198,3.93,3.93
15199,3.93,3.94
15200,3.94,3.95
15202,3.95,3.94
15203,3.94,3.93
15204,3.92,3.91
15205,3.90,3.88
15206,3.87,3.86
15208,3.86,3.87
15209,3.87,3.88
15210,3.88,3.90
15211,3.91,3.92
15212,3.93,3.94
15213,3.94,3.93
15215,3.93,3.93
15216,3.93,3.94
15217,3.95,3.95
15218,3.95,3.94
15219,3.94,3.92
15221,3.91,3.90
15222,3.89,3.87
15223,3.86,3.86
15224,3.86,3.86
15225,3.87,3.88
15226,3.88,3.91
15228,3.91,3.93
15229,3.93,3.94
15230,3.93,3.93
15232,3.93,3.93
15233,3.93,3.94
15235,3.95,3.95
15236,3.95,3.94
15237,3.93,3.91
15238,3.91,3.89
15239,3.89,3.87
15240,3.86,3.86
15242,3.86,3.87
15243,3.87,3.89
15244,3.89,3.91
15245,3.92,3.94
15246,3.93,3.94
15248,3.93,3.93
15249,3.93,3.93
15250,3.94,3.95
15251,3.95,3.95
15252,3.95,3.93
15253,3.93,3.91
15255,3.91,3.89
15256,3.88,3.86
15257,3.86,3.86
15258,3.86,3.87
15259,3.88,3.90
15260,3.90,3.92
15262,3.92,3.94
15263,3.94,3.93
15264,3.93,3.93
15265,3.93,3.93
15266,3.94,3.95
15268,3.95,3.94
15269,3.94,3.92
15270,3.92,3.91
15271,3.90,3.88
15272,3.87,3.86
15273,3.86,3.86
15276,3.86,3.87
15277,3.88,3.90
15278,3.90,3.92
15279,3.93,3.94
15280,3.93,3.93
15282,3.93,3.93
15283,3.93,3.94
15284,3.94,3.95
15285,3.95,3.94
15286,3.94,3.92
15287,3.92,3.90
15289,3.90,3.88
15290,3.87,3.86
15291,3.86,3.86
15292,3.87,3.88
15293,3.88,3.90
15294,3.91,3.93
15296,3.93,3.94
15297,3.94,3.93
15298,3.93,3.93
15299,3.93,3.94
15300,3.95,3.95
15302,3.95,3.94
15303,3.94,3.92
15304,3.91,3.90
15305,3.89,3.87
15306,3.87,3.86
15307,3.86,3.87
15309,3.87,3.88
15310,3.89,3.91
15311,3.91,3.93
15312,3.93,3.94
15313,3.94,3.93
15315,3.93,3.93
15316,3.94,3.95
15318,3.95,3.95
15319,3.95,3.93
15320,3.93,3.91
15321,3.91,3.89
15323,3.88,3.86
15324,3.86,3.86
15325,3.86,3.87
15326,3.87,3.89
15327,3.89,3.91
15329,3.92,3.93
15330,3.93,3.94
15331,3.93,3.93
15332,3.93,3.93
15333,3.94,3.95
15334,3.95,3.95
15336,3.94,3.93
15337,3.93,3.91
15338,3.91,3.88
15339,3.88,3.86
15340,3.86,3.86
15342,3.86,3.87
15343,3.88,3.89
15344,3.90,3.92
15345,3.92,3.94
15346,3.94,3.93
15347,3.93,3.93
15349,3.93,3.94
15350,3.94,3.95
15351,3.95,3.94
15352,3.94,3.92
15353,3.92,3.91
15355,3.90,3.88
15356,3.87,3.86
15357,3.86,3.86
15358,3.87,3.88
15360,3.88,3.90
15361,3.91,3.92
15363,3.93,3.94
15364,3.94,3.93
15365,3.93,3.93
15366,3.93,3.94
15367,3.95,3.95
15368,3.95,3.94
15370,3.94,3.92
15371,3.91,3.90
15372,3.89,3.87
15373,3.87,3.86
15374,3.86,3.86
15376,3.87,3.88
15377,3.89,3.90
15378,3.91,3.93
15379,3.93,3.93
15380,3.93,3.93
15381,3.93,3.93
15383,3.93,3.94
15384,3.95,3.95
15385,3.95,3.94
15386,3.93,3.91
15387,3.91,3.90
15389,3.89,3.87
15390,3.87,3.86
15391,3.86,3.87
15392,3.87,3.89
15393,3.89,3.91
15394,3.91,3.93
15396,3.93,3.94
15397,3.93,3.93
15398,3.93,3.93
15399,3.94,3.95
15400,3.95,3.95
15403,3.95,3.93
15404,3.93,3.91
15405,3.91,3.89
15406,3.88,3.86
15407,3.86,3.86
15408,3.86,3.87
15410,3.88,3.89
15411,3.90,3.92
15412,3.92,3.94
15413,3.94,3.94
15414,3.93,3.93
15416,3.93,3.93
15417,3.94,3.95
15418,3.95,3.94
15419,3.94,3.93
15420,3.92,3.91
15421,3.90,3.88
15423,3.88,3.86
15424,3.86,3.86
15425,3.86,3.87
15426,3.88,3.90
15427,3.90,3.92
15428,3.93,3.94
15430,3.94,3.93
15431,3.93,3.92
15432,3.93,3.94
15433,3.95,3.95
15434,3.95,3.94
15436,3.94,3.92
15437,3.92,3.90
15438,3.90,3.88
15439,3.87,3.86
15440,3.86,3.86
15441,3.87,3.88
15443,3.88,3.90
15444,3.91,3.92
15446,3.93,3.94
15447,3.94,3.93
15448,3.93,3.93
15450,3.93,3.94
15451,3.95,3.95
15452,3.95,3.94
15453,3.94,3.92
15454,3.92,3.90
15455,3.89,3.87
15457,3.87,3.86
15458,3.86,3.87
15459,3.87,3.88
15460,3.89,3.91
15461,3.91,3.93
15463,3.93,3.94
15464,3.94,3.93
15465,3.93,3.93
15466,3.94,3.94
15467,3.95,3.95
15468,3.95,3.93
15470,3.93,3.91
15471,3.91,3.89
15472,3.89,3.86
15473,3.86,3.86
15474,3.86,3.87
15476,3.87,3.89
15477,3.89,3.91
15478,3.92,3.93
15479,3.93,3.93
15480,3.93,3.93
15481,3.93,3.93
15483,3.94,3.95
15484,3.95,3.94
15485,3.94,3.93
15486,3.93,3.91
15488,3.91,3.88
15490,3.88,3.86
15491,3.86,3.86
15492,3.86,3.87
15493,3.88,3.89
15494,3.90,3.91
15495,3.92,3.94
15497,3.94,3.93
15498,3.93,3.92
15499,3.93,3.93
15500,3.94,3.95
15501,3.95,3.94
15502,3.94,3.93
15504,3.92,3.91
15505,3.90,3.88
15506,3.88,3.86
15507,3.86,3.86
15508,3.87,3.88
15510,3.88,3.90
15511,3.91,3.92
