time_ms,ch1_v,ch2_v
56,4.36,3.81
57,4.36,3.81
58,4.36,3.81
59,4.36,3.81
60,4.36,3.81
61,4.36,3.81
62,4.36,3.81
63,4.36,3.81
64,4.36,3.81
65,4.36,3.81
66,4.36,3.81
67,4.36,3.81
68,4.36,3.81
69,4.36,3.81
70,4.36,3.81
71,4.36,3.81
72,4.36,3.81
73,4.36,3.81
74,4.36,3.81
75,4.36,3.81
76,4.36,3.81
77,4.36,3.81
78,4.36,3.81
79,4.36,3.81
80,4.36,3.81
81,4.36,3.81
82,4.36,3.81
83,4.36,3.81
84,4.36,3.81
86,4.36,3.81
88,4.36,3.81
89,4.36,3.81
90,4.36,3.81
91,4.36,3.81
92,4.36,3.81
93,4.36,3.81
94,4.36,3.81
95,4.36,3.81
96,4.36,3.81
97,4.36,3.81
98,4.36,3.81
99,4.36,3.81
100,4.36,3.81
101,4.36,3.81
102,4.36,3.81
103,4.36,3.81
104,4.36,3.81
105,4.36,3.81
106,4.36,3.81
107,4.36,3.81
108,4.36,3.81
110,4.36,3.81
111,4.36,3.81
112,4.36,3.81
113,4.36,3.81
114,4.36,3.81
115,4.36,3.81
116,4.36,3.81
117,4.36,3.81
118,4.36,3.81
119,4.36,3.81
120,4.36,3.81
121,4.36,3.81
122,4.36,3.81
124,4.37,3.81
125,4.37,3.81
126,4.36,3.81
128,4.36,3.81
129,4.36,3.81
130,4.36,3.81
131,4.36,3.81
132,4.36,3.81
133,4.36,3.81
134,4.37,3.81
135,4.37,3.81
136,4.37,3.81
137,4.37,3.81
139,4.37,3.81
140,4.37,3.81
141,4.37,3.81
142,4.37,3.81
143,4.37,3.81
144,4.37,3.81
145,4.37,3.81
146,4.37,3.81
147,4.37,3.81
148,4.37,3.81
149,4.37,3.81
150,4.37,3.81
151,4.37,3.81
153,4.37,3.81
154,4.37,3.81
155,4.38,3.81
156,4.38,3.81
157,4.38,3.81
158,4.38,3.81
159,4.39,3.81
160,4.39,3.81
161,4.39,3.81
162,4.39,3.81
163,4.39,3.81
164,4.40,3.81
165,4.40,3.81
167,4.40,3.81
168,4.40,3.81
169,4.40,3.81
171,4.40,3.81
172,4.40,3.81
173,4.40,3.81
174,4.40,3.81
175,4.40,3.81
176,4.40,3.81
177,4.40,3.81
178,4.40,3.81
179,4.40,3.81
180,4.40,3.81
181,4.40,3.81
183,4.40,3.81
184,4.40,3.81
185,4.40,3.81
186,4.39,3.81
187,4.39,3.81
188,4.39,3.81
189,4.39,3.81
190,4.39,3.81
191,4.39,3.81
192,4.39,3.80
193,4.39,3.80
194,4.39,3.80
195,4.39,3.80
196,4.38,3.80
198,4.38,3.80
199,4.38,3.80
200,4.38,3.80
201,4.38,3.80
202,4.38,3.80
203,4.38,3.80
204,4.38,3.80
205,4.38,3.80
206,4.38,3.80
207,4.37,3.80
208,4.38,3.80
209,4.37,3.80
210,4.37,3.80
211,4.37,3.80
214,4.37,3.80
215,4.37,3.80
216,4.37,3.80
217,4.37,3.80
218,4.37,3.80
219,4.37,3.80
220,4.37,3.80
221,4.37,3.80
222,4.37,3.79
223,4.37,3.80
224,4.37,3.79
225,4.37,3.80
226,4.37,3.80
227,4.37,3.80
229,4.37,3.80
230,4.37,3.80
231,4.37,3.80
232,4.37,3.80
233,4.37,3.80
234,4.37,3.80
235,4.37,3.80
236,4.37,3.80
237,4.37,3.80
238,4.37,3.80
239,4.37,3.80
240,4.36,3.80
241,4.36,3.80
242,4.36,3.80
243,4.36,3.80
245,4.36,3.80
246,4.36,3.80
247,4.36,3.79
248,4.36,3.79
249,4.36,3.79
250,4.36,3.79
251,4.36,3.79
252,4.36,3.79
253,4.36,3.79
254,4.36,3.79
256,4.36,3.79
257,4.36,3.79
258,4.36,3.79
260,4.36,3.79
261,4.35,3.79
262,4.35,3.79
263,4.35,3.79
264,4.35,3.79
265,4.35,3.78
266,4.34,3.78
267,4.34,3.78
268,4.34,3.78
269,4.34,3.78
270,4.34,3.78
271,4.33,3.78
272,4.33,3.78
274,4.33,3.78
275,4.33,3.78
276,4.33,3.78
277,4.33,3.78
278,4.33,3.78
279,4.33,3.78
280,4.32,3.78
281,4.32,3.78
282,4.32,3.78
283,4.32,3.78
284,4.32,3.78
285,4.32,3.78
287,4.32,3.78
288,4.32,3.78
289,4.32,3.78
290,4.32,3.78
291,4.32,3.78
292,4.33,3.78
293,4.33,3.78
294,4.33,3.78
295,4.34,3.78
296,4.34,3.79
297,4.35,3.79
299,4.35,3.79
300,4.35,3.79
302,4.36,3.79
303,4.36,3.79
304,4.36,3.79
305,4.37,3.79
306,4.37,3.79
307,4.37,3.79
308,4.37,3.80
309,4.37,3.80
310,4.37,3.80
311,4.37,3.80
312,4.37,3.80
313,4.37,3.80
314,4.37,3.80
315,4.37,3.80
317,4.37,3.80
318,4.37,3.80
319,4.36,3.80
320,4.36,3.80
321,4.36,3.80
322,4.36,3.80
323,4.36,3.80
324,4.36,3.80
325,4.36,3.80
326,4.36,3.80
327,4.36,3.80
328,4.35,3.80
329,4.35,3.79
330,4.35,3.79
332,4.35,3.79
333,4.35,3.79
334,4.35,3.79
335,4.35,3.79
336,4.35,3.79
337,4.35,3.79
338,4.35,3.79
339,4.35,3.79
340,4.35,3.79
342,4.35,3.79
343,4.35,3.79
344,4.35,3.79
345,4.35,3.79
347,4.35,3.79
348,4.35,3.79
349,4.35,3.79
350,4.35,3.79
351,4.36,3.79
352,4.36,3.80
353,4.36,3.80
354,4.37,3.80
355,4.37,3.80
356,4.37,3.80
357,4.37,3.80
358,4.38,3.80
359,4.38,3.80
360,4.38,3.80
362,4.38,3.80
363,4.38,3.80
364,4.38,3.80
365,4.38,3.80
366,4.39,3.80
367,4.39,3.80
368,4.40,3.86
369,4.40,3.86
370,4.41,3.94
371,4.40,3.86
372,4.42,3.79
373,4.40,3.81
374,4.40,3.79
375,4.43,3.86
377,4.41,3.91
378,4.40,3.79
379,4.41,3.80
380,4.40,3.80
381,4.40,3.80
382,4.40,3.81
384,4.40,3.80
385,4.40,3.79
386,4.40,3.80
387,4.40,3.81
388,4.40,3.81
389,4.41,3.78
390,4.41,3.76
391,4.41,3.76
393,4.40,3.77
394,4.40,3.79
395,4.40,3.80
396,4.41,3.84
397,4.39,3.79
398,4.39,3.77
399,4.39,3.78
400,4.42,3.81
401,4.40,3.89
402,4.40,3.74
403,4.39,3.77
404,4.39,3.76
405,4.40,3.80
407,4.40,3.76
408,4.39,3.75
409,4.39,3.76
410,4.39,3.76
411,4.39,3.76
412,4.39,3.76
413,4.39,3.76
414,4.39,3.75
415,4.39,3.75
416,4.39,3.75
417,4.39,3.75
418,4.39,3.75
419,4.38,3.75
421,4.38,3.75
422,4.38,3.75
423,4.38,3.75
424,4.38,3.75
425,4.38,3.75
427,4.38,3.75
428,4.37,3.75
429,4.37,3.75
430,4.36,3.75
431,4.36,3.75
432,4.36,3.75
433,4.35,3.75
434,4.35,3.75
436,4.34,3.75
437,4.34,3.75
438,4.33,3.75
439,4.33,3.75
440,4.32,3.75
441,4.32,3.75
442,4.31,3.75
443,4.31,3.79
444,4.30,3.77
445,4.29,3.74
446,4.28,3.74
447,4.27,3.74
448,4.27,3.74
450,4.26,3.74
451,4.26,3.74
452,4.25,3.75
453,4.25,3.81
454,4.24,3.80
455,4.24,3.79
456,4.23,3.79
457,4.22,3.78
458,4.20,3.74
459,4.20,3.74
460,4.19,3.75
461,4.19,3.75
462,4.18,3.74
464,4.17,3.74
465,4.16,3.75
466,4.15,3.74
467,4.15,3.74
468,4.14,3.73
470,4.13,3.73
471,4.13,3.73
472,4.12,3.74
473,4.12,3.74
474,4.11,3.75
475,4.10,3.73
476,4.09,3.72
477,4.09,3.72
478,4.08,3.72
480,4.08,3.72
481,4.07,3.73
482,4.06,3.73
483,4.06,3.73
484,4.05,3.73
485,4.05,3.73
486,4.04,3.73
487,4.03,3.73
488,4.03,3.74
489,4.02,3.73
490,4.02,3.73
491,4.01,3.73
492,4.01,3.75
493,4.00,3.73
495,3.99,3.73
496,3.99,3.74
497,3.98,3.74
498,3.97,3.74
499,3.96,3.73
500,3.96,3.73
501,3.95,3.72
502,3.94,3.73
503,3.94,3.73
504,3.93,3.73
505,3.93,3.73
506,3.92,3.73
507,3.92,3.72
509,3.91,3.72
510,3.91,3.73
512,3.91,3.74
513,3.90,3.73
514,3.89,3.73
515,3.89,3.72
516,3.88,3.73
517,3.88,3.73
518,3.87,3.73
519,3.87,3.73
520,3.86,3.73
521,3.86,3.75
522,3.85,3.72
524,3.84,3.72
525,3.84,3.73
526,3.84,3.74
527,3.83,3.74
528,3.83,3.75
529,3.82,3.73
530,3.82,3.73
531,3.81,3.73
532,3.80,3.73
533,3.80,3.73
534,3.79,3.73
535,3.78,3.73
536,3.77,3.74
538,3.77,3.74
539,3.77,3.73
540,3.77,3.73
541,3.77,3.73
542,3.78,3.73
543,3.79,3.73
544,3.79,3.73
545,3.80,3.74
546,3.82,3.75
547,3.83,3.75
548,3.85,3.76
549,3.87,3.77
550,3.88,3.77
552,3.90,3.78
553,3.91,3.79
555,3.93,3.80
556,3.94,3.81
557,3.96,3.81
558,3.98,3.82
559,4.00,3.82
560,4.02,3.83
561,4.03,3.84
562,4.05,3.86
563,4.06,3.86
564,4.08,3.85
565,4.10,3.85
566,4.11,3.86
568,4.13,3.86
569,4.14,3.86
570,4.16,3.87
571,4.17,3.87
572,4.18,3.87
573,4.20,3.87
574,4.21,3.87
575,4.22,3.87
576,4.23,3.87
577,4.24,3.87
578,4.25,3.86
579,4.26,3.86
581,4.27,3.86
582,4.28,3.86
583,4.29,3.86
584,4.29,3.86
585,4.30,3.86
586,4.31,3.86
587,4.31,3.85
588,4.32,3.85
589,4.32,3.85
590,4.33,3.85
591,4.33,3.85
592,4.34,3.85
593,4.34,3.85
595,4.34,3.84
596,4.34,3.84
598,4.35,3.84
599,4.35,3.84
600,4.35,3.83
601,4.35,3.83
602,4.35,3.83
603,4.35,3.83
604,4.35,3.83
605,4.35,3.82
606,4.36,3.82
607,4.36,3.82
609,4.36,3.82
610,4.36,3.82
611,4.36,3.82
612,4.36,3.81
613,4.36,3.81
614,4.36,3.81
615,4.36,3.81
616,4.36,3.81
617,4.36,3.81
618,4.36,3.80
619,4.36,3.80
620,4.36,3.80
621,4.36,3.80
623,4.36,3.80
624,4.36,3.80
625,4.36,3.80
626,4.36,3.80
627,4.37,3.80
628,4.36,3.79
629,4.37,3.79
630,4.36,3.79
631,4.37,3.79
632,4.37,3.79
633,4.37,3.79
634,4.37,3.79
635,4.37,3.79
636,4.37,3.79
638,4.37,3.79
640,4.37,3.79
641,4.37,3.79
642,4.37,3.79
643,4.37,3.79
644,4.37,3.79
645,4.37,3.79
646,4.37,3.79
647,4.37,3.79
648,4.37,3.79
649,4.37,3.79
650,4.37,3.79
651,4.37,3.79
653,4.37,3.79
654,4.37,3.79
655,4.37,3.80
656,4.37,3.79
657,4.37,3.80
658,4.37,3.80
659,4.37,3.80
660,4.37,3.79
661,4.37,3.80
662,4.37,3.80
663,4.37,3.80
664,4.37,3.80
665,4.37,3.80
666,4.37,3.80
668,4.37,3.80
669,4.37,3.80
670,4.37,3.80
671,4.37,3.80
672,4.37,3.80
673,4.37,3.80
674,4.37,3.80
675,4.38,3.80
676,4.38,3.80
677,4.38,3.81
678,4.38,3.81
679,4.38,3.81
680,4.38,3.81
681,4.38,3.81
684,4.38,3.80
685,4.38,3.80
686,4.37,3.80
687,4.38,3.80
688,4.38,3.80
689,4.38,3.80
690,4.38,3.80
691,4.38,3.81
692,4.38,3.81
693,4.38,3.81
694,4.38,3.81
695,4.38,3.81
696,4.38,3.81
698,4.38,3.81
699,4.38,3.81
700,4.38,3.81
701,4.38,3.81
702,4.38,3.81
703,4.38,3.81
704,4.38,3.82
705,4.38,3.81
706,4.38,3.80
707,4.37,3.79
708,4.37,3.79
709,4.37,3.79
710,4.37,3.79
712,4.37,3.78
713,4.37,3.79
714,4.37,3.78
715,4.37,3.78
716,4.37,3.78
717,4.37,3.81
718,4.38,3.80
719,4.38,3.80
720,4.38,3.81
721,4.37,3.78
722,4.37,3.78
723,4.38,3.78
724,4.38,3.78
727,4.38,3.79
728,4.38,3.78
729,4.38,3.78
730,4.38,3.78
731,4.38,3.78
732,4.38,3.78
733,4.38,3.78
734,4.38,3.78
735,4.38,3.78
736,4.38,3.78
737,4.38,3.78
738,4.39,3.78
739,4.39,3.79
740,4.39,3.79
742,4.39,3.79
743,4.39,3.79
744,4.39,3.79
745,4.39,3.79
746,4.39,3.79
747,4.39,3.79
748,4.39,3.79
749,4.38,3.79
750,4.38,3.79
751,4.37,3.79
752,4.36,3.79
753,4.35,3.79
754,4.35,3.79
756,4.34,3.79
757,4.33,3.79
758,4.33,3.79
759,4.32,3.79
760,4.32,3.78
761,4.31,3.78
762,4.31,3.78
763,4.31,3.78
764,4.30,3.78
765,4.30,3.78
766,4.30,3.78
768,4.30,3.77
769,4.30,3.77
771,4.30,3.77
772,4.30,3.77
773,4.30,3.77
774,4.30,3.77
775,4.30,3.77
776,4.30,3.77
777,4.30,3.77
778,4.30,3.77
779,4.30,3.77
780,4.30,3.78
781,4.29,3.77
782,4.29,3.78
783,4.29,3.78
784,4.28,3.78
786,4.28,3.78
787,4.28,3.78
788,4.27,3.78
789,4.26,3.78
790,4.26,3.78
791,4.26,3.78
792,4.25,3.78
793,4.24,3.78
794,4.24,3.78
795,4.23,3.78
796,4.23,3.78
797,4.22,3.77
799,4.21,3.78
800,4.21,3.77
801,4.20,3.77
802,4.20,3.77
803,4.19,3.77
804,4.18,3.77
805,4.17,3.77
806,4.17,3.77
807,4.16,3.77
808,4.14,3.77
809,4.12,3.77
811,4.10,3.77
812,4.07,3.77
813,4.05,3.76
815,4.03,3.76
816,4.02,3.76
817,4.00,3.76
818,3.98,3.75
819,3.97,3.75
820,3.96,3.74
821,3.95,3.74
822,3.95,3.73
823,3.94,3.73
824,3.94,3.73
825,3.94,3.73
826,3.94,3.73
827,3.95,3.73
829,3.95,3.73
830,3.96,3.73
831,3.97,3.74
832,3.98,3.74
833,3.99,3.75
834,4.00,3.75
835,4.01,3.76
836,4.03,3.77
837,4.04,3.77
838,4.05,3.78
839,4.06,3.78
840,4.08,3.78
841,4.09,3.79
842,4.10,3.79
844,4.12,3.80
845,4.13,3.80
846,4.14,3.80
847,4.15,3.81
848,4.16,3.81
849,4.18,3.81
850,4.19,3.81
851,4.20,3.82
852,4.21,3.82
854,4.22,3.82
855,4.23,3.82
856,4.24,3.82
857,4.25,3.82
859,4.26,3.82
860,4.27,3.83
861,4.28,3.83
862,4.28,3.83
863,4.29,3.83
864,4.30,3.83
865,4.30,3.83
866,4.31,3.83
867,4.31,3.83
868,4.32,3.83
869,4.33,3.83
870,4.33,3.83
871,4.34,3.83
873,4.34,3.82
874,4.34,3.82
875,4.35,3.82
876,4.35,3.82
877,4.35,3.82
878,4.35,3.82
879,4.35,3.82
880,4.35,3.82
881,4.35,3.82
882,4.36,3.82
883,4.36,3.82
884,4.36,3.82
886,4.36,3.82
887,4.36,3.82
888,4.36,3.81
889,4.36,3.81
890,4.36,3.81
891,4.36,3.81
892,4.36,3.81
893,4.37,3.81
894,4.37,3.81
896,4.37,3.81
897,4.37,3.81
898,4.37,3.81
899,4.37,3.81
901,4.36,3.81
902,4.37,3.81
903,4.37,3.81
904,4.37,3.81
905,4.37,3.81
906,4.37,3.80
907,4.37,3.80
908,4.37,3.80
909,4.37,3.80
910,4.37,3.80
911,4.37,3.80
912,4.37,3.80
913,4.37,3.80
914,4.37,3.80
916,4.37,3.80
917,4.37,3.80
918,4.37,3.80
919,4.37,3.80
920,4.37,3.80
921,4.37,3.80
922,4.37,3.80
923,4.37,3.80
924,4.37,3.80
925,4.37,3.80
926,4.37,3.80
927,4.37,3.80
928,4.37,3.80
929,4.37,3.80
931,4.37,3.80
932,4.37,3.80
933,4.37,3.80
934,4.37,3.80
935,4.37,3.80
936,4.37,3.80
937,4.37,3.80
939,4.37,3.80
940,4.37,3.80
941,4.37,3.80
942,4.37,3.80
943,4.37,3.80
944,4.37,3.80
945,4.37,3.80
946,4.37,3.80
948,4.37,3.80
949,4.37,3.80
950,4.37,3.80
951,4.37,3.80
952,4.37,3.80
953,4.37,3.80
954,4.37,3.80
955,4.37,3.80
956,4.37,3.80
957,4.37,3.80
958,4.37,3.80
959,4.37,3.80
960,4.38,3.80
961,4.38,3.80
963,4.38,3.80
964,4.37,3.80
965,4.37,3.80
966,4.37,3.80
967,4.38,3.80
968,4.37,3.80
969,4.38,3.80
970,4.38,3.80
971,4.38,3.80
972,4.38,3.80
973,4.38,3.80
974,4.38,3.80
975,4.38,3.80
976,4.38,3.80
978,4.38,3.80
979,4.38,3.80
980,4.38,3.80
982,4.38,3.80
983,4.38,3.80
984,4.38,3.80
985,4.38,3.80
986,4.38,3.80
987,4.38,3.80
988,4.38,3.80
989,4.38,3.80
990,4.38,3.80
991,4.38,3.80
992,4.38,3.80
993,4.38,3.80
995,4.38,3.80
996,4.38,3.80
997,4.38,3.80
998,4.38,3.80
999,4.38,3.80
1000,4.38,3.80
1001,4.38,3.80
1002,4.38,3.80
1003,4.38,3.80
1004,4.38,3.80
1005,4.38,3.80
1007,4.38,3.80
1008,4.38,3.80
1009,4.38,3.80
1010,4.38,3.80
1011,4.38,3.80
1012,4.38,3.80
1013,4.38,3.80
1014,4.38,3.80
1016,4.38,3.80
1017,4.38,3.80
1018,4.38,3.80
1019,4.38,3.80
1020,4.38,3.80
1021,4.38,3.80
1022,4.38,3.80
1024,4.38,3.80
1026,4.38,3.80
1027,4.38,3.80
1028,4.38,3.80
1029,4.38,3.80
1030,4.38,3.80
1031,4.38,3.80
1032,4.38,3.80
1033,4.38,3.80
1035,4.38,3.80
1036,4.38,3.80
1037,4.38,3.80
1038,4.38,3.80
1039,4.38,3.80
1040,4.38,3.80
1041,4.38,3.80
1042,4.38,3.80
1043,4.38,3.80
1045,4.38,3.80
1046,4.38,3.80
1047,4.38,3.80
1048,4.38,3.80
1049,4.38,3.80
1050,4.38,3.80
1051,4.38,3.80
1052,4.38,3.80
1054,4.38,3.80
1055,4.38,3.79
1056,4.38,3.80
1057,4.38,3.80
1058,4.38,3.80
1059,4.38,3.80
1060,4.38,3.80
1061,4.38,3.80
1063,4.38,3.80
1064,4.38,3.80
1065,4.38,3.80
1067,4.38,3.80
1068,4.38,3.80
1069,4.38,3.80
1070,4.38,3.80
1071,4.38,3.80
1072,4.38,3.80
1074,4.38,3.80
1075,4.38,3.80
1076,4.38,3.80
1077,4.38,3.80
1078,4.38,3.79
1079,4.38,3.79
1080,4.38,3.79
1081,4.38,3.79
1083,4.38,3.79
1084,4.38,3.79
1085,4.38,3.79
1086,4.38,3.79
1087,4.38,3.79
1088,4.38,3.79
1089,4.38,3.79
1090,4.38,3.79
1092,4.38,3.79
1093,4.38,3.79
1094,4.38,3.79
1095,4.38,3.79
1096,4.38,3.79
1097,4.38,3.79
1098,4.38,3.79
1099,4.38,3.79
1101,4.38,3.79
1102,4.38,3.79
1103,4.38,3.79
1104,4.38,3.79
1105,4.38,3.79
1106,4.38,3.79
1107,4.38,3.79
1108,4.38,3.79
1111,4.38,3.79
1112,4.38,3.79
1113,4.38,3.79
1114,4.38,3.79
1115,4.38,3.79
1116,4.38,3.79
1117,4.38,3.79
1118,4.38,3.79
1120,4.38,3.79
1121,4.38,3.79
1122,4.38,3.79
1123,4.38,3.79
1124,4.38,3.79
1125,4.38,3.79
1126,4.38,3.79
1127,4.38,3.79
1129,4.38,3.79
1130,4.38,3.79
1131,4.38,3.79
1132,4.38,3.79
1133,4.38,3.79
1134,4.38,3.79
1135,4.38,3.79
1136,4.38,3.79
1138,4.38,3.79
1139,4.38,3.79
1140,4.38,3.79
1141,4.38,3.79
1142,4.38,3.79
1143,4.38,3.79
1144,4.38,3.79
1145,4.38,3.79
1147,4.38,3.79
1148,4.38,3.79
1149,4.38,3.79
1150,4.38,3.79
1152,4.38,3.79
1153,4.38,3.79
1154,4.38,3.79
1155,4.38,3.79
1157,4.38,3.79
1158,4.38,3.79
1159,4.38,3.79
1160,4.38,3.79
1161,4.38,3.79
1162,4.38,3.79
1163,4.38,3.79
1164,4.38,3.79
1166,4.38,3.79
1167,4.38,3.79
1168,4.38,3.79
1169,4.38,3.79
1170,4.38,3.79
1171,4.38,3.79
1172,4.38,3.79
1173,4.38,3.79
1175,4.38,3.79
1176,4.38,3.79
1177,4.38,3.79
1178,4.38,3.80
1179,4.38,3.80
1180,4.38,3.80
1181,4.38,3.80
1182,4.38,3.80
1184,4.38,3.80
1185,4.38,3.80
1186,4.38,3.80
1187,4.38,3.80
1188,4.38,3.80
1189,4.38,3.80
1190,4.38,3.80
1191,4.38,3.80
1193,4.38,3.80
1195,4.38,3.80
1196,4.38,3.80
1197,4.38,3.80
1198,4.38,3.80
1199,4.38,3.80
1200,4.38,3.80
1201,4.38,3.80
1203,4.38,3.80
1204,4.38,3.80
1205,4.38,3.80
1206,4.38,3.80
1207,4.38,3.80
1208,4.38,3.80
1209,4.38,3.80
1210,4.38,3.80
1212,4.38,3.80
1213,4.38,3.80
1214,4.38,3.80
1215,4.38,3.80
1216,4.38,3.80
1217,4.38,3.80
1218,4.38,3.80
1219,4.38,3.80
1221,4.38,3.80
1222,4.38,3.80
1223,4.38,3.80
1224,4.38,3.80
1225,4.38,3.80
1226,4.38,3.80
1227,4.38,3.80
1228,4.37,3.80
1230,4.37,3.80
1231,4.37,3.80
1232,4.37,3.80
1233,4.37,3.80
1234,4.37,3.80
1235,4.37,3.80
1236,4.37,3.80
1238,4.37,3.80
1240,4.37,3.80
1241,4.37,3.80
1242,4.37,3.80
1243,4.37,3.80
1244,4.37,3.80
1245,4.37,3.80
1246,4.37,3.80
1247,4.37,3.80
1249,4.37,3.80
1250,4.37,3.80
1251,4.37,3.80
1252,4.37,3.80
1253,4.37,3.80
1254,4.37,3.80
1255,4.37,3.80
1256,4.37,3.80
1258,4.37,3.80
1259,4.37,3.80
1260,4.37,3.80
1261,4.37,3.80
1262,4.37,3.80
1263,4.37,3.80
1264,4.37,3.80
1265,4.37,3.80
1267,4.37,3.81
1268,4.37,3.80
1269,4.37,3.80
1270,4.38,3.80
1271,4.38,3.80
1272,4.38,3.80
1273,4.38,3.80
1274,4.38,3.80
1276,4.37,3.80
1277,4.38,3.80
1278,4.38,3.80
1280,4.38,3.80
1281,4.38,3.80
1282,4.38,3.80
1283,4.38,3.80
1284,4.38,3.80
1285,4.38,3.80
1287,4.38,3.80
1288,4.38,3.80
1289,4.38,3.80
1290,4.38,3.81
1291,4.38,3.80
1292,4.38,3.81
1293,4.38,3.81
1294,4.38,3.81
1296,4.38,3.81
1297,4.38,3.81
1298,4.38,3.81
1299,4.38,3.81
1300,4.38,3.81
1301,4.38,3.81
1302,4.38,3.81
1303,4.38,3.81
1305,4.38,3.81
1306,4.38,3.81
1307,4.38,3.81
1308,4.38,3.81
1309,4.38,3.81
1310,4.39,3.81
1311,4.39,3.81
1313,4.38,3.81
1314,4.38,3.81
1315,4.39,3.81
1316,4.39,3.81
1317,4.39,3.81
1318,4.39,3.81
1319,4.39,3.81
1320,4.38,3.81
1323,4.38,3.81
1324,4.38,3.81
1325,4.38,3.81
1326,4.38,3.81
1327,4.39,3.81
1328,4.39,3.81
1329,4.39,3.81
1330,4.39,3.81
1332,4.39,3.81
1333,4.39,3.81
1334,4.39,3.81
1335,4.39,3.81
1336,4.39,3.81
1337,4.40,3.81
1338,4.39,3.81
1339,4.39,3.81
1341,4.40,3.82
1342,4.40,3.81
1343,4.39,3.82
1344,4.39,3.81
1345,4.39,3.81
1346,4.40,3.82
1347,4.39,3.81
1348,4.40,3.82
1350,4.39,3.81
1351,4.40,3.81
1352,4.39,3.81
1353,4.39,3.81
1354,4.38,3.81
1355,4.39,3.81
1356,4.38,3.81
1357,4.38,3.81
1359,4.38,3.81
1360,4.38,3.81
1361,4.38,3.81
1362,4.38,3.81
1363,4.38,3.81
1364,4.38,3.81
1366,4.38,3.81
1367,4.38,3.80
1369,4.38,3.81
1370,4.38,3.81
1371,4.38,3.81
1372,4.38,3.81
1373,4.38,3.80
1374,4.38,3.80
1375,4.38,3.81
1376,4.38,3.81
1378,4.38,3.80
1379,4.38,3.81
1380,4.38,3.81
1381,4.38,3.81
1382,4.38,3.81
1383,4.38,3.81
1384,4.38,3.81
1385,4.38,3.81
1387,4.38,3.81
1388,4.38,3.80
1389,4.38,3.81
1390,4.38,3.81
1391,4.38,3.81
1392,4.38,3.81
1393,4.38,3.81
1394,4.38,3.81
1396,4.38,3.81
1397,4.39,3.81
1398,4.38,3.81
1399,4.38,3.81
1400,4.38,3.81
1401,4.38,3.81
1402,4.38,3.81
1404,4.38,3.81
1405,4.38,3.81
1406,4.38,3.81
1408,4.38,3.81
1409,4.38,3.81
1410,4.38,3.81
1411,4.38,3.81
1412,4.39,3.81
1414,4.39,3.81
1415,4.38,3.81
1416,4.39,3.81
1417,4.38,3.81
1418,4.38,3.81
1419,4.39,3.81
1420,4.39,3.81
1421,4.39,3.81
1423,4.38,3.81
1424,4.38,3.81
1425,4.39,3.81
1426,4.39,3.81
1427,4.39,3.81
1428,4.38,3.81
1429,4.39,3.81
1430,4.39,3.81
1432,4.39,3.81
1433,4.39,3.81
1434,4.39,3.82
1435,4.39,3.81
1436,4.39,3.81
1437,4.39,3.82
1438,4.40,3.83
1439,4.39,3.82
1441,4.40,3.83
1442,4.40,3.82
1443,4.40,3.81
1444,4.40,3.81
1445,4.39,3.81
1446,4.39,3.81
1447,4.39,3.81
1448,4.40,3.82
1451,4.39,3.81
1452,4.40,3.83
1453,4.40,3.82
1454,4.40,3.83
1455,4.40,3.82
1456,4.39,3.82
1457,4.44,3.86
1458,4.40,3.86
1460,4.39,3.82
1461,4.39,3.81
1462,4.40,3.82
1463,4.39,3.81
1464,4.39,3.81
1465,4.40,3.82
1466,4.41,3.83
1467,4.39,3.81
1469,4.39,3.82
1470,4.39,3.83
1471,4.40,3.81
1472,4.39,3.81
1473,4.39,3.82
1474,4.41,3.84
1475,4.41,3.85
1476,4.41,3.85
1478,4.42,3.85
1479,4.40,3.82
1480,4.41,3.83
1481,4.42,3.84
1482,4.39,3.81
1483,4.42,3.84
1484,4.43,3.85
1485,4.39,3.81
1487,4.38,3.80
1488,4.40,3.83
1489,4.43,3.86
1490,4.41,3.84
1491,4.38,3.80
1492,4.39,3.82
1494,4.43,3.85
1495,4.41,3.83
1497,4.39,3.81
1498,4.40,3.83
1499,4.41,3.84
1500,4.39,3.81
1501,4.39,3.82
1502,4.41,3.85
1503,4.39,3.82
1505,4.41,3.84
1506,4.40,3.83
1507,4.41,3.84
1508,4.41,3.84
1509,4.40,3.83
1510,4.39,3.82
1511,4.38,3.82
1512,4.37,3.80
1514,4.37,3.80
1515,4.37,3.81
1516,4.38,3.81
1517,4.37,3.81
1518,4.38,3.81
1519,4.38,3.81
1520,4.38,3.82
1521,4.38,3.81
1523,4.37,3.81
1524,4.37,3.81
1525,4.37,3.80
1526,4.37,3.80
1527,4.37,3.80
1528,4.37,3.80
1529,4.38,3.81
1530,4.37,3.81
1532,4.38,3.81
1533,4.38,3.81
1534,4.38,3.81
1536,4.37,3.80
1537,4.37,3.80
1538,4.37,3.80
1539,4.38,3.81
1540,4.38,3.81
1542,4.38,3.81
1543,4.38,3.81
1544,4.38,3.82
1545,4.39,3.82
1546,4.39,3.82
1547,4.39,3.82
1548,4.39,3.82
1549,4.39,3.82
1551,4.39,3.82
1552,4.38,3.81
1553,4.39,3.82
1554,4.39,3.83
1555,4.40,3.83
1556,4.41,3.83
1557,4.40,3.83
1558,4.40,3.83
1560,4.40,3.84
1561,4.41,3.84
1562,4.41,3.85
1563,4.42,3.85
1564,4.43,3.86
1565,4.42,3.85
1566,4.41,3.84
1567,4.40,3.84
1569,4.40,3.84
1570,4.40,3.83
1571,4.40,3.83
1572,4.40,3.83
1573,4.39,3.83
1574,4.39,3.82
1575,4.38,3.82
1576,4.38,3.82
1579,4.37,3.81
1580,4.37,3.81
1581,4.37,3.81
1582,4.37,3.81
1583,4.37,3.81
1584,4.38,3.81
1585,4.38,3.82
1587,4.38,3.82
1588,4.37,3.81
1589,4.37,3.81
1590,4.37,3.80
1591,4.37,3.81
1592,4.38,3.82
1593,4.38,3.81
1594,4.38,3.81
1596,4.37,3.81
1597,4.38,3.81
1598,4.38,3.81
1599,4.38,3.82
1600,4.39,3.82
1601,4.39,3.82
1602,4.39,3.82
1603,4.39,3.83
1605,4.39,3.82
1606,4.38,3.82
1607,4.38,3.81
1608,4.38,3.81
1609,4.38,3.81
1610,4.37,3.81
1611,4.38,3.81
1612,4.37,3.81
1614,4.38,3.81
1615,4.38,3.81
1616,4.38,3.81
1617,4.38,3.81
1618,4.38,3.81
1619,4.38,3.81
1620,4.38,3.81
1622,4.39,3.82
1624,4.39,3.82
1625,4.40,3.83
1626,4.40,3.83
1627,4.40,3.83
1628,4.40,3.83
1629,4.40,3.83
1630,4.39,3.82
1632,4.39,3.82
1633,4.40,3.83
1634,4.39,3.82
1635,4.38,3.81
1636,4.38,3.81
1637,4.37,3.80
1638,4.37,3.81
1639,4.37,3.81
1641,4.37,3.80
1642,4.37,3.80
1643,4.37,3.80
1644,4.37,3.80
1645,4.37,3.80
1646,4.38,3.80
1647,4.37,3.80
1648,4.37,3.80
1649,4.37,3.80
1651,4.37,3.80
1652,4.37,3.80
1653,4.37,3.80
1654,4.37,3.80
1655,4.37,3.80
1656,4.37,3.80
1657,4.37,3.80
1658,4.37,3.80
1660,4.37,3.81
1661,4.38,3.81
1662,4.38,3.81
1664,4.38,3.82
1665,4.39,3.82
1666,4.38,3.82
1667,4.38,3.81
1668,4.38,3.81
1670,4.37,3.80
1671,4.37,3.80
1672,4.37,3.80
1673,4.37,3.80
1674,4.38,3.81
1675,4.38,3.81
1676,4.37,3.80
1677,4.37,3.80
1679,4.37,3.80
1680,4.37,3.80
1681,4.37,3.80
1682,4.37,3.80
1683,4.37,3.80
1684,4.38,3.80
1685,4.38,3.81
1686,4.38,3.81
1688,4.38,3.81
1689,4.38,3.81
1690,4.38,3.81
1691,4.38,3.81
1692,4.38,3.80
1693,4.37,3.80
1694,4.38,3.80
1695,4.37,3.80
1697,4.37,3.80
1698,4.37,3.80
1699,4.37,3.80
1700,4.37,3.80
1701,4.37,3.80
1702,4.38,3.80
1703,4.37,3.80
1704,4.38,3.80
1707,4.37,3.80
1708,4.38,3.80
1709,4.38,3.80
1710,4.38,3.80
1711,4.38,3.80
1712,4.38,3.80
1713,4.38,3.80
1714,4.38,3.80
1716,4.38,3.80
1717,4.38,3.80
1718,4.38,3.79
1719,4.38,3.79
1720,4.38,3.79
1721,4.38,3.79
1722,4.38,3.79
1723,4.38,3.79
1725,4.38,3.79
1726,4.38,3.79
1727,4.38,3.79
1728,4.38,3.79
1729,4.38,3.79
1730,4.38,3.79
1731,4.38,3.79
1732,4.38,3.79
1734,4.38,3.79
1735,4.38,3.79
1736,4.38,3.79
1737,4.38,3.79
1738,4.38,3.79
1739,4.38,3.79
1740,4.38,3.79
1741,4.38,3.79
1743,4.38,3.79
1744,4.38,3.79
1745,4.38,3.79
1746,4.38,3.79
1747,4.38,3.79
1748,4.38,3.79
1750,4.38,3.79
1751,4.38,3.79
1753,4.38,3.79
1754,4.39,3.79
1755,4.39,3.79
1756,4.39,3.79
1757,4.39,3.79
1758,4.38,3.79
1759,4.39,3.79
1760,4.38,3.79
1762,4.39,3.79
1763,4.39,3.79
1764,4.39,3.79
1765,4.39,3.80
1766,4.39,3.80
1767,4.39,3.79
1768,4.39,3.80
1769,4.39,3.79
1771,4.39,3.79
1772,4.39,3.79
1773,4.39,3.79
1774,4.39,3.79
1775,4.39,3.79
1776,4.39,3.79
1777,4.39,3.79
1778,4.39,3.80
1780,4.39,3.80
1781,4.39,3.80
1782,4.39,3.80
1783,4.39,3.80
1784,4.39,3.80
1785,4.39,3.80
1786,4.39,3.80
1787,4.39,3.80
1789,4.39,3.80
1790,4.39,3.80
1792,4.39,3.80
1793,4.39,3.80
1794,4.39,3.80
1795,4.39,3.80
1796,4.39,3.80
1797,4.39,3.80
1799,4.39,3.80
1800,4.39,3.80
1801,4.39,3.80
1802,4.39,3.80
1803,4.39,3.80
1804,4.39,3.80
1805,4.39,3.80
1806,4.39,3.80
1807,4.39,3.80
1809,4.39,3.80
1810,4.39,3.80
1811,4.39,3.80
1812,4.39,3.80
1813,4.39,3.81
1814,4.39,3.81
1815,4.39,3.81
1816,4.39,3.81
1818,4.39,3.81
1819,4.39,3.81
1820,4.40,3.81
1821,4.40,3.81
1822,4.40,3.81
1823,4.40,3.81
1824,4.40,3.81
1826,4.40,3.81
1827,4.40,3.81
1828,4.40,3.81
1829,4.40,3.81
1830,4.40,3.81
1831,4.39,3.81
1832,4.39,3.81
1833,4.39,3.81
1836,4.39,3.81
1837,4.39,3.81
1838,4.39,3.80
1839,4.39,3.80
1840,4.39,3.80
1841,4.39,3.80
1842,4.39,3.80
1843,4.39,3.80
1844,4.39,3.80
1846,4.39,3.81
1847,4.39,3.81
1848,4.39,3.80
1849,4.39,3.80
1850,4.39,3.80
1851,4.39,3.80
1852,4.39,3.80
1853,4.39,3.80
1855,4.39,3.80
1856,4.40,3.80
1857,4.39,3.80
1858,4.39,3.80
1859,4.40,3.81
1860,4.40,3.81
1861,4.40,3.81
1862,4.41,3.82
1864,4.41,3.82
1865,4.41,3.82
1866,4.41,3.82
1867,4.42,3.82
1868,4.42,3.82
1869,4.40,3.81
1870,4.40,3.81
1871,4.40,3.80
1873,4.39,3.80
1874,4.40,3.80
1875,4.40,3.80
1876,4.39,3.80
1878,4.39,3.80
1879,4.39,3.79
1880,4.39,3.79
1881,4.39,3.80
1883,4.39,3.80
1884,4.40,3.80
1885,4.39,3.80
1886,4.39,3.80
1887,4.40,3.80
1888,4.40,3.81
1889,4.40,3.80
1890,4.39,3.80
1891,4.39,3.80
1893,4.39,3.79
1894,4.38,3.79
1895,4.38,3.79
1896,4.39,3.79
1897,4.39,3.79
1898,4.39,3.79
1899,4.39,3.79
1900,4.39,3.79
1902,4.39,3.80
1903,4.39,3.80
1904,4.40,3.80
1905,4.40,3.80
1906,4.40,3.80
1907,4.40,3.80
1908,4.40,3.80
1909,4.40,3.80
1911,4.40,3.80
1912,4.40,3.80
1913,4.40,3.80
1914,4.40,3.81
1915,4.40,3.81
1916,4.41,3.81
1917,4.41,3.81
1918,4.41,3.82
1921,4.41,3.81
1922,4.41,3.81
1923,4.41,3.81
1924,4.41,3.81
1925,4.40,3.81
1926,4.40,3.80
1927,4.39,3.79
1928,4.39,3.79
1930,4.38,3.79
1931,4.38,3.78
1932,4.38,3.78
1933,4.38,3.78
1934,4.38,3.78
1935,4.38,3.78
1936,4.38,3.78
1937,4.38,3.78
1939,4.38,3.78
1940,4.38,3.78
1941,4.38,3.78
1942,4.38,3.78
1943,4.38,3.78
1944,4.38,3.78
1945,4.38,3.78
1946,4.38,3.78
1948,4.38,3.79
1949,4.38,3.79
1950,4.38,3.79
1951,4.38,3.79
1952,4.38,3.79
1953,4.38,3.78
1954,4.38,3.79
1955,4.38,3.79
1957,4.38,3.79
1958,4.39,3.79
1959,4.39,3.79
1960,4.39,3.79
1961,4.38,3.79
1963,4.38,3.79
1964,4.39,3.79
1965,4.38,3.79
1967,4.38,3.79
1968,4.39,3.79
1969,4.38,3.78
1970,4.39,3.79
1971,4.38,3.79
1972,4.38,3.78
1973,4.38,3.79
1974,4.38,3.78
1976,4.38,3.78
1977,4.38,3.78
1978,4.38,3.79
1979,4.38,3.79
1980,4.38,3.79
1981,4.38,3.78
1982,4.38,3.78
1983,4.38,3.78
1985,4.38,3.78
1986,4.38,3.79
1987,4.38,3.78
1988,4.38,3.78
1989,4.38,3.79
1990,4.38,3.79
1991,4.38,3.78
1992,4.38,3.78
1994,4.38,3.79
1995,4.38,3.79
1996,4.38,3.79
1997,4.38,3.79
1998,4.38,3.79
1999,4.38,3.79
2000,4.38,3.79
2001,4.38,3.79
2003,4.38,3.79
2004,4.39,3.79
2006,4.39,3.79
2007,4.39,3.79
2008,4.39,3.79
2009,4.39,3.79
2010,4.39,3.79
2011,4.39,3.79
2013,4.39,3.79
2014,4.39,3.79
2015,4.39,3.79
2016,4.39,3.79
2017,4.39,3.79
2018,4.39,3.79
2019,4.39,3.79
2020,4.39,3.79
2022,4.39,3.79
2023,4.39,3.79
2024,4.39,3.79
2025,4.39,3.79
2026,4.39,3.79
2027,4.39,3.79
2028,4.39,3.79
2029,4.38,3.79
2031,4.38,3.79
2032,4.38,3.79
2033,4.38,3.79
2034,4.38,3.79
2035,4.38,3.79
2036,4.38,3.79
2037,4.38,3.79
2038,4.38,3.79
2040,4.38,3.79
2041,4.38,3.79
2042,4.38,3.79
2043,4.38,3.79
2044,4.38,3.79
2045,4.38,3.79
2046,4.38,3.79
2048,4.38,3.79
2050,4.38,3.79
2051,4.38,3.79
2052,4.38,3.79
2053,4.38,3.79
2054,4.38,3.79
2055,4.38,3.79
2056,4.38,3.79
2057,4.38,3.79
2059,4.38,3.79
2060,4.38,3.79
2061,4.38,3.79
2062,4.38,3.79
2063,4.38,3.79
2064,4.38,3.79
2065,4.38,3.79
2066,4.38,3.79
2068,4.38,3.79
2069,4.38,3.79
2070,4.38,3.79
2071,4.38,3.79
2072,4.38,3.79
2073,4.38,3.79
2074,4.38,3.79
2075,4.38,3.79
2077,4.38,3.79
2078,4.38,3.79
2079,4.38,3.79
2080,4.38,3.79
2081,4.38,3.79
2082,4.38,3.79
2083,4.38,3.79
2084,4.38,3.79
2086,4.38,3.79
2087,4.38,3.80
2088,4.38,3.80
2089,4.38,3.80
2091,4.38,3.80
2092,4.38,3.80
2093,4.39,3.80
2094,4.39,3.81
2096,4.39,3.81
2097,4.39,3.81
2098,4.39,3.81
2099,4.39,3.81
2100,4.39,3.81
2101,4.39,3.81
2102,4.39,3.80
2103,4.39,3.80
2105,4.38,3.80
2106,4.38,3.80
2107,4.39,3.80
2108,4.38,3.80
2109,4.39,3.80
2110,4.39,3.80
2111,4.38,3.80
2112,4.38,3.80
2114,4.38,3.80
2115,4.39,3.80
2116,4.39,3.80
2117,4.39,3.80
2118,4.39,3.80
2119,4.39,3.80
2120,4.39,3.80
2121,4.39,3.80
2123,4.39,3.80
2124,4.39,3.80
2125,4.39,3.80
2126,4.39,3.80
2127,4.39,3.80
2128,4.39,3.80
2129,4.39,3.80
2130,4.39,3.80
2131,4.39,3.80
2134,4.39,3.80
2135,4.39,3.80
2136,4.39,3.80
2137,4.39,3.80
2138,4.39,3.80
2139,4.39,3.80
2140,4.39,3.80
2141,4.40,3.80
2143,4.40,3.80
2144,4.39,3.80
2145,4.40,3.80
2146,4.40,3.81
2147,4.40,3.81
2148,4.40,3.80
2149,4.39,3.80
2150,4.40,3.80
2151,4.39,3.81
2153,4.40,3.81
2154,4.40,3.81
2155,4.39,3.80
2156,4.39,3.80
2157,4.39,3.80
2158,4.39,3.80
2159,4.39,3.80
2160,4.39,3.80
2162,4.39,3.80
2163,4.39,3.80
2164,4.39,3.80
2165,4.38,3.80
2166,4.38,3.80
2167,4.38,3.80
2168,4.38,3.80
2169,4.38,3.80
2171,4.38,3.80
2172,4.38,3.80
2173,4.38,3.80
2174,4.38,3.80
2176,4.38,3.80
2177,4.38,3.80
2178,4.38,3.79
2179,4.38,3.79
2181,4.38,3.80
2182,4.38,3.80
2183,4.38,3.80
2184,4.38,3.80
2185,4.38,3.80
2186,4.38,3.80
2187,4.38,3.80
2188,4.38,3.80
2189,4.37,3.80
2191,4.38,3.80
2192,4.38,3.80
2193,4.38,3.80
2194,4.38,3.80
2195,4.38,3.80
2196,4.38,3.80
2197,4.38,3.80
2199,4.37,3.80
2200,4.37,3.80
2201,4.37,3.80
2202,4.37,3.80
2203,4.37,3.80
2204,4.37,3.80
2205,4.37,3.80
2206,4.36,3.80
2208,4.36,3.79
2209,4.36,3.79
2210,4.36,3.79
2211,4.36,3.79
2212,4.35,3.79
2213,4.35,3.79
2214,4.36,3.79
2215,4.36,3.79
2217,4.36,3.79
2219,4.36,3.80
2220,4.36,3.80
2221,4.36,3.80
2222,4.37,3.80
2223,4.37,3.80
2224,4.37,3.80
2225,4.37,3.80
2227,4.37,3.80
2228,4.37,3.81
2229,4.37,3.81
2230,4.37,3.81
2231,4.37,3.81
2232,4.37,3.81
2233,4.37,3.80
2234,4.38,3.81
2236,4.38,3.81
2237,4.38,3.81
2238,4.38,3.81
2239,4.38,3.81
2240,4.38,3.81
2241,4.39,3.81
2242,4.39,3.81
2243,4.39,3.81
2245,4.39,3.81
2246,4.39,3.81
2247,4.39,3.81
2248,4.39,3.81
2249,4.39,3.81
2250,4.39,3.81
2251,4.39,3.80
2252,4.39,3.80
2254,4.39,3.80
2255,4.39,3.80
2256,4.38,3.80
2257,4.38,3.80
2258,4.38,3.80
2259,4.39,3.80
2260,4.39,3.80
2262,4.39,3.80
2264,4.39,3.80
2265,4.39,3.80
2266,4.39,3.80
2267,4.39,3.80
2268,4.40,3.80
2269,4.39,3.80
2270,4.39,3.80
2271,4.39,3.79
2273,4.39,3.79
2274,4.39,3.79
2275,4.38,3.79
2276,4.38,3.78
2277,4.38,3.78
2278,4.38,3.78
2279,4.38,3.78
2280,4.38,3.78
2282,4.38,3.78
2283,4.39,3.78
2284,4.39,3.78
2285,4.39,3.78
2286,4.39,3.78
2287,4.38,3.78
2288,4.38,3.78
2289,4.38,3.79
2291,4.39,3.79
2292,4.39,3.79
2293,4.39,3.79
2294,4.39,3.79
2295,4.40,3.80
2296,4.40,3.80
2297,4.40,3.81
2298,4.40,3.81
2300,4.40,3.80
2301,4.40,3.80
2302,4.40,3.80
2304,4.40,3.81
2305,4.40,3.81
2306,4.41,3.82
2307,4.41,3.81
2308,4.41,3.82
2310,4.41,3.81
2311,4.40,3.81
2312,4.41,3.82
2313,4.41,3.82
2314,4.41,3.83
2315,4.43,3.84
2316,4.44,3.85
2317,4.42,3.83
2319,4.42,3.83
2320,4.41,3.83
2321,4.41,3.83
2322,4.40,3.82
2323,4.40,3.82
2324,4.40,3.81
2325,4.40,3.81
2326,4.40,3.81
2328,4.39,3.81
2329,4.39,3.81
2330,4.39,3.81
2331,4.38,3.80
2332,4.38,3.80
2333,4.38,3.80
2334,4.37,3.79
2335,4.37,3.79
2337,4.38,3.81
2338,4.38,3.82
2339,4.39,3.81
2340,4.37,3.80
2341,4.42,3.82
2342,4.37,3.89
2343,4.44,3.86
2344,4.37,3.80
2347,4.38,3.80
2348,4.37,3.80
2349,4.38,3.80
2350,4.38,3.80
2351,4.37,3.80
2352,4.37,3.80
2353,4.37,3.80
2354,4.36,3.80
2356,4.37,3.80
2357,4.39,3.81
2358,4.37,3.80
2359,4.38,3.80
2360,4.38,3.80
2361,4.38,3.80
2362,4.38,3.80
2363,4.38,3.80
2365,4.39,3.80
2366,4.39,3.80
2367,4.39,3.80
2368,4.39,3.80
2369,4.39,3.80
2370,4.39,3.80
2371,4.39,3.80
2372,4.39,3.80
2374,4.39,3.80
2375,4.39,3.79
2376,4.39,3.79
2377,4.39,3.79
2378,4.39,3.79
2379,4.40,3.81
2380,4.40,3.80
2381,4.41,3.80
2383,4.41,3.81
2384,4.39,3.80
2385,4.39,3.79
2386,4.44,3.81
2387,4.39,3.78
2388,4.39,3.81
2390,4.45,3.82
2391,4.40,3.80
2393,4.39,3.80
2394,4.38,3.79
2395,4.39,3.80
2396,4.39,3.80
2397,4.39,3.80
2398,4.39,3.80
2399,4.39,3.80
2400,4.39,3.80
2402,4.38,3.80
2403,4.38,3.80
2404,4.38,3.80
2405,4.38,3.80
2406,4.38,3.80
2407,4.38,3.80
2408,4.38,3.80
2409,4.38,3.80
2411,4.38,3.80
2412,4.38,3.80
2413,4.38,3.80
2414,4.38,3.79
2415,4.37,3.79
2416,4.37,3.79
2417,4.37,3.79
2418,4.37,3.79
2420,4.37,3.80
2421,4.37,3.79
2422,4.37,3.79
2423,4.37,3.79
2424,4.37,3.79
2425,4.37,3.80
2426,4.37,3.80
2427,4.37,3.80
2429,4.37,3.80
2430,4.37,3.79
2432,4.37,3.80
2433,4.37,3.80
2434,4.37,3.80
2435,4.37,3.80
2436,4.37,3.80
2437,4.37,3.80
2439,4.37,3.80
2440,4.37,3.80
2441,4.37,3.80
2442,4.37,3.80
2443,4.37,3.80
2444,4.37,3.81
2445,4.37,3.80
2446,4.37,3.81
2448,4.37,3.81
2449,4.37,3.81
2450,4.38,3.81
2451,4.38,3.81
2452,4.38,3.81
2453,4.38,3.81
2454,4.38,3.81
2455,4.38,3.81
2457,4.38,3.81
2458,4.38,3.81
2459,4.38,3.81
2460,4.38,3.81
2461,4.38,3.81
2462,4.38,3.81
2463,4.38,3.81
2464,4.38,3.81
2466,4.37,3.81
2467,4.37,3.81
2468,4.37,3.81
2469,4.37,3.81
2470,4.37,3.81
2471,4.37,3.81
2472,4.37,3.81
2473,4.37,3.81
2476,4.37,3.81
2477,4.37,3.81
2478,4.37,3.81
2479,4.37,3.81
2480,4.37,3.81
2481,4.37,3.81
2482,4.37,3.81
2483,4.37,3.81
2485,4.37,3.81
2486,4.37,3.81
2487,4.37,3.81
2488,4.37,3.81
2489,4.38,3.81
2490,4.37,3.81
2491,4.38,3.81
2493,4.38,3.81
2494,4.38,3.81
2495,4.38,3.81
2496,4.38,3.81
2497,4.38,3.81
2498,4.38,3.81
2499,4.38,3.81
2500,4.38,3.82
2502,4.38,3.82
2503,4.38,3.82
2504,4.38,3.82
2505,4.38,3.82
2506,4.38,3.82
2507,4.38,3.82
2508,4.38,3.82
2509,4.38,3.82
2511,4.38,3.82
2512,4.38,3.82
2513,4.38,3.82
2514,4.38,3.82
2515,4.38,3.82
2516,4.38,3.82
2518,4.38,3.82
2519,4.38,3.82
2521,4.37,3.82
2522,4.37,3.81
2523,4.37,3.81
2524,4.37,3.81
2525,4.37,3.81
2526,4.37,3.81
2527,4.37,3.81
2528,4.37,3.81
2530,4.37,3.81
2531,4.37,3.81
2532,4.37,3.81
2533,4.37,3.81
2534,4.37,3.81
2535,4.36,3.81
2536,4.36,3.81
2538,4.36,3.81
2539,4.36,3.81
2540,4.36,3.81
2541,4.36,3.80
2542,4.36,3.80
2543,4.36,3.80
2544,4.37,3.80
2545,4.36,3.80
2547,4.36,3.80
2548,4.36,3.80
2549,4.37,3.80
2550,4.36,3.80
2551,4.36,3.80
2552,4.36,3.80
2553,4.37,3.80
2554,4.37,3.80
2556,4.37,3.80
2557,4.36,3.80
2558,4.37,3.80
2560,4.37,3.81
2561,4.37,3.81
2562,4.37,3.81
2563,4.37,3.81
2564,4.37,3.81
2566,4.37,3.81
2567,4.37,3.81
2568,4.37,3.81
2569,4.37,3.81
2570,4.37,3.81
2571,4.37,3.81
2572,4.37,3.81
2574,4.37,3.81
2575,4.37,3.81
2576,4.37,3.81
2577,4.37,3.81
2578,4.37,3.81
2579,4.37,3.81
2580,4.37,3.81
2581,4.37,3.81
2583,4.37,3.81
2584,4.37,3.81
2585,4.37,3.81
2586,4.37,3.81
2587,4.37,3.81
2588,4.37,3.81
2589,4.37,3.81
2590,4.37,3.81
2592,4.37,3.81
2593,4.37,3.81
2594,4.37,3.81
2595,4.37,3.81
2596,4.37,3.81
2597,4.37,3.81
2598,4.37,3.81
2600,4.37,3.80
2601,4.37,3.81
2603,4.37,3.81
2604,4.37,3.81
2605,4.37,3.81
2606,4.37,3.81
2607,4.37,3.81
2608,4.37,3.81
2610,4.37,3.81
2611,4.37,3.81
2612,4.37,3.81
2613,4.37,3.81
2614,4.37,3.81
2615,4.37,3.81
2616,4.37,3.81
2617,4.37,3.81
2619,4.37,3.81
2620,4.37,3.81
2621,4.37,3.81
2622,4.37,3.80
2623,4.37,3.80
2624,4.37,3.80
2625,4.37,3.80
2626,4.37,3.80
2628,4.37,3.80
2629,4.37,3.80
2630,4.37,3.80
2631,4.37,3.81
2632,4.37,3.81
2633,4.37,3.80
2634,4.37,3.80
2636,4.37,3.80
2637,4.37,3.80
2638,4.37,3.80
2639,4.37,3.80
2640,4.37,3.81
2641,4.37,3.80
2642,4.37,3.81
2643,4.37,3.81
2646,4.37,3.80
2647,4.37,3.80
2648,4.37,3.81
2649,4.37,3.81
2650,4.37,3.81
2651,4.37,3.81
2652,4.37,3.81
2653,4.37,3.81
2655,4.37,3.81
2656,4.37,3.81
2657,4.37,3.81
2658,4.37,3.81
2659,4.37,3.81
2660,4.37,3.81
2661,4.37,3.81
2662,4.37,3.81
2664,4.37,3.81
2665,4.38,3.81
2666,4.38,3.81
2667,4.38,3.81
2668,4.37,3.81
2669,4.38,3.81
2670,4.38,3.81
2671,4.38,3.81
2673,4.38,3.81
2674,4.38,3.81
2675,4.38,3.81
2676,4.38,3.81
2677,4.38,3.81
2678,4.38,3.81
2679,4.38,3.81
2680,4.38,3.81
2682,4.38,3.81
2683,4.38,3.81
2684,4.38,3.81
2685,4.38,3.81
2686,4.38,3.81
2688,4.38,3.81
2689,4.38,3.81
2690,4.38,3.81
2692,4.38,3.81
2693,4.38,3.81
2694,4.38,3.81
2695,4.38,3.81
2696,4.38,3.81
2697,4.38,3.81
2698,4.38,3.81
2699,4.38,3.81
2701,4.38,3.81
2702,4.38,3.81
2703,4.38,3.81
2704,4.38,3.81
2705,4.38,3.81
2706,4.38,3.81
2707,4.38,3.81
2708,4.38,3.81
2710,4.38,3.81
2711,4.38,3.81
2712,4.38,3.81
2713,4.38,3.81
2714,4.38,3.82
2715,4.38,3.82
2716,4.38,3.82
2717,4.38,3.82
2719,4.38,3.82
2720,4.38,3.82
2721,4.38,3.82
2722,4.38,3.82
2723,4.38,3.82
2724,4.38,3.82
2725,4.38,3.82
2727,4.38,3.82
2728,4.38,3.82
2729,4.38,3.82
2731,4.38,3.82
2732,4.38,3.82
2733,4.38,3.82
2734,4.38,3.82
2735,4.38,3.82
2737,4.38,3.82
2738,4.38,3.82
2739,4.38,3.82
2740,4.38,3.82
2741,4.38,3.82
2742,4.38,3.81
2743,4.38,3.82
2744,4.38,3.82
2746,4.38,3.82
2747,4.38,3.82
2748,4.38,3.82
2749,4.38,3.81
2750,4.38,3.81
2751,4.38,3.82
2752,4.39,3.81
2753,4.39,3.81
2755,4.39,3.81
2756,4.39,3.81
2757,4.39,3.81
2758,4.39,3.82
2759,4.39,3.82
2760,4.39,3.82
2761,4.39,3.82
2762,4.39,3.82
2764,4.39,3.82
2765,4.39,3.82
2766,4.39,3.82
2767,4.39,3.82
2768,4.39,3.82
2769,4.39,3.82
2770,4.39,3.82
2771,4.39,3.82
2774,4.39,3.82
2775,4.39,3.82
2776,4.39,3.82
2777,4.39,3.82
2778,4.39,3.82
2779,4.39,3.82
2780,4.39,3.82
2782,4.39,3.82
2783,4.39,3.82
2784,4.39,3.82
2785,4.39,3.82
2786,4.39,3.82
2787,4.39,3.82
2788,4.39,3.82
2789,4.39,3.82
2791,4.39,3.82
2792,4.39,3.82
2793,4.39,3.82
2794,4.39,3.82
2795,4.39,3.82
2796,4.39,3.82
2797,4.38,3.82
2798,4.38,3.82
2800,4.39,3.82
2801,4.39,3.82
2802,4.38,3.82
2803,4.39,3.82
2804,4.39,3.82
2805,4.38,3.82
2806,4.39,3.82
2807,4.39,3.82
2809,4.38,3.82
2810,4.39,3.82
2811,4.38,3.82
2812,4.39,3.82
2813,4.38,3.82
2814,4.38,3.82
2816,4.38,3.82
2818,4.38,3.82
2819,4.39,3.82
2820,4.38,3.82
2821,4.38,3.82
2822,4.38,3.82
2823,4.38,3.82
2824,4.38,3.82
2825,4.38,3.82
2827,4.38,3.82
2828,4.38,3.82
2829,4.38,3.82
2830,4.38,3.82
2831,4.38,3.82
2832,4.38,3.82
2833,4.38,3.82
2834,4.38,3.82
2836,4.38,3.82
2837,4.38,3.82
2838,4.38,3.82
2839,4.38,3.82
2840,4.38,3.82
2841,4.38,3.82
2842,4.38,3.82
2843,4.38,3.82
2845,4.38,3.82
2846,4.38,3.82
2847,4.38,3.82
2848,4.38,3.82
2849,4.38,3.82
2850,4.38,3.82
2851,4.38,3.82
2853,4.38,3.82
2854,4.38,3.82
2855,4.38,3.82
2856,4.38,3.82
2857,4.38,3.82
2859,4.38,3.82
2860,4.38,3.82
2861,4.38,3.82
2863,4.38,3.82
2864,4.38,3.82
2865,4.38,3.82
2866,4.38,3.82
2867,4.38,3.82
2868,4.38,3.82
2869,4.38,3.82
2870,4.38,3.82
2872,4.38,3.82
2873,4.38,3.82
2874,4.38,3.82
2875,4.38,3.82
2876,4.38,3.82
2877,4.38,3.82
2878,4.38,3.82
2879,4.38,3.82
2881,4.38,3.82
2882,4.38,3.82
2883,4.38,3.82
2884,4.38,3.82
2885,4.38,3.82
2886,4.38,3.82
2887,4.38,3.82
2889,4.38,3.82
2890,4.38,3.82
2891,4.38,3.82
2892,4.38,3.82
2893,4.38,3.82
2894,4.38,3.82
2895,4.38,3.82
2896,4.38,3.82
2898,4.38,3.82
2899,4.38,3.82
2900,4.38,3.82
2902,4.38,3.82
2903,4.38,3.82
2904,4.38,3.82
2905,4.38,3.82
2906,4.38,3.82
2908,4.38,3.82
2909,4.38,3.82
2910,4.38,3.82
2911,4.38,3.82
2912,4.37,3.82
2913,4.38,3.82
2914,4.38,3.82
2915,4.38,3.82
2917,4.37,3.82
2918,4.37,3.82
2919,4.37,3.82
2920,4.37,3.82
2921,4.37,3.82
2922,4.37,3.82
2923,4.37,3.82
2925,4.37,3.82
2926,4.37,3.82
2927,4.38,3.82
2928,4.37,3.82
2929,4.37,3.82
2930,4.38,3.82
2931,4.38,3.82
2932,4.37,3.82
2934,4.37,3.82
2935,4.38,3.82
2936,4.37,3.82
2937,4.37,3.82
2938,4.37,3.82
2939,4.38,3.82
2940,4.37,3.82
2941,4.37,3.82
2944,4.38,3.82
2945,4.38,3.82
2946,4.38,3.82
2947,4.38,3.82
2948,4.38,3.82
2949,4.38,3.82
2950,4.37,3.82
2951,4.38,3.82
2953,4.38,3.82
2954,4.38,3.82
2955,4.38,3.82
2956,4.38,3.82
2957,4.38,3.82
2958,4.38,3.82
2959,4.38,3.82
2960,4.38,3.82
2962,4.38,3.82
2963,4.38,3.82
2964,4.38,3.82
2965,4.38,3.82
2966,4.38,3.82
2967,4.38,3.82
2968,4.38,3.82
2970,4.38,3.82
2971,4.38,3.82
2972,4.38,3.82
2973,4.38,3.82
2974,4.38,3.82
2975,4.38,3.82
2976,4.38,3.82
2977,4.38,3.82
2979,4.38,3.82
2980,4.38,3.82
2981,4.38,3.82
2982,4.38,3.82
2983,4.38,3.82
2984,4.38,3.82
2985,4.38,3.82
2987,4.38,3.82
2989,4.38,3.82
2990,4.38,3.82
2991,4.38,3.82
2992,4.38,3.82
2993,4.38,3.82
2994,4.38,3.82
2995,4.38,3.82
2996,4.38,3.82
2998,4.38,3.82
2999,4.38,3.82
3000,4.38,3.82
3001,4.38,3.82
3002,4.38,3.82
3003,4.38,3.82
3004,4.38,3.82
3005,4.38,3.82
3007,4.38,3.82
3008,4.38,3.82
3009,4.38,3.82
3010,4.38,3.82
3011,4.38,3.82
3012,4.38,3.82
3013,4.38,3.82
3014,4.38,3.82
3016,4.38,3.82
3017,4.37,3.82
3018,4.38,3.82
3019,4.38,3.82
3020,4.38,3.82
3021,4.38,3.83
3022,4.38,3.82
3023,4.38,3.82
3025,4.38,3.82
3026,4.38,3.82
3027,4.38,3.82
3028,4.38,3.82
3030,4.38,3.82
3031,4.38,3.82
3032,4.38,3.82
3033,4.38,3.82
3035,4.38,3.82
3036,4.38,3.82
3037,4.38,3.82
3038,4.38,3.82
3039,4.38,3.82
3040,4.38,3.82
3041,4.38,3.82
3042,4.38,3.82
3044,4.38,3.82
3045,4.38,3.82
3046,4.38,3.82
3047,4.37,3.82
3048,4.38,3.82
3049,4.38,3.82
3050,4.38,3.82
3051,4.38,3.82
3053,4.38,3.82
3054,4.37,3.82
3055,4.37,3.82
3056,4.38,3.82
3057,4.38,3.82
3058,4.38,3.82
3059,4.38,3.82
3060,4.38,3.82
3062,4.38,3.82
3063,4.38,3.82
3064,4.38,3.82
3065,4.38,3.82
3066,4.38,3.82
3067,4.38,3.82
3068,4.38,3.82
3069,4.38,3.82
3072,4.38,3.82
3073,4.38,3.82
3074,4.38,3.82
3075,4.38,3.82
3076,4.38,3.82
3077,4.38,3.82
3078,4.38,3.82
3079,4.38,3.82
3081,4.38,3.82
3082,4.38,3.82
3083,4.38,3.82
3084,4.38,3.82
3085,4.37,3.82
3086,4.37,3.82
3087,4.38,3.82
3088,4.38,3.82
3090,4.38,3.82
3091,4.38,3.82
3092,4.37,3.82
3093,4.38,3.82
3094,4.38,3.83
3095,4.38,3.83
3096,4.38,3.83
3097,4.38,3.83
3099,4.38,3.83
3100,4.38,3.83
3101,4.38,3.83
3102,4.38,3.83
3103,4.38,3.83
3104,4.38,3.83
3105,4.38,3.83
3106,4.38,3.83
3108,4.38,3.84
3109,4.38,3.84
3110,4.38,3.84
3111,4.38,3.85
3112,4.38,3.85
3113,4.38,3.85
3115,4.38,3.85
3116,4.38,3.85
3118,4.38,3.85
3119,4.38,3.85
3120,4.38,3.85
3121,4.38,3.84
3122,4.38,3.84
3123,4.38,3.84
3124,4.38,3.84
3126,4.38,3.84
3127,4.38,3.84
3128,4.38,3.84
3129,4.37,3.84
3130,4.37,3.84
3131,4.37,3.84
3132,4.37,3.84
3133,4.37,3.83
3135,4.37,3.83
3136,4.37,3.83
3137,4.37,3.83
3138,4.38,3.83
3139,4.37,3.83
3140,4.38,3.83
3141,4.38,3.83
3142,4.38,3.83
3144,4.38,3.83
3145,4.38,3.83
3146,4.38,3.83
3147,4.38,3.83
3148,4.38,3.83
3149,4.38,3.83
3150,4.38,3.83
3151,4.38,3.83
3153,4.38,3.82
3154,4.38,3.82
3155,4.38,3.82
3156,4.38,3.82
3158,4.38,3.82
3159,4.38,3.82
3160,4.38,3.82
3161,4.38,3.82
3163,4.38,3.82
3164,4.38,3.82
3165,4.38,3.82
3166,4.38,3.82
3167,4.38,3.82
3168,4.38,3.82
3169,4.38,3.82
3171,4.38,3.82
3172,4.38,3.82
3173,4.38,3.81
3174,4.38,3.81
3175,4.38,3.81
3176,4.38,3.81
3177,4.38,3.81
3178,4.38,3.81
3180,4.38,3.81
3181,4.38,3.81
3182,4.38,3.81
3183,4.38,3.81
3184,4.38,3.81
3185,4.38,3.81
3186,4.38,3.81
3187,4.38,3.81
3189,4.38,3.81
3190,4.38,3.81
3191,4.38,3.81
3192,4.38,3.81
3193,4.38,3.81
3194,4.38,3.81
3195,4.38,3.81
3196,4.38,3.81
3198,4.38,3.81
3200,4.38,3.81
3201,4.38,3.81
3202,4.38,3.81
3203,4.38,3.82
3204,4.38,3.81
3205,4.38,3.82
3206,4.38,3.81
3208,4.38,3.82
3209,4.38,3.82
3210,4.38,3.82
3211,4.38,3.82
3212,4.38,3.82
3213,4.38,3.82
3214,4.38,3.82
3215,4.38,3.82
3217,4.38,3.82
3218,4.38,3.82
3219,4.38,3.82
3220,4.38,3.82
3221,4.38,3.82
3222,4.39,3.82
3223,4.38,3.82
3224,4.38,3.82
3226,4.38,3.82
3227,4.38,3.82
3228,4.38,3.82
3229,4.38,3.82
3230,4.38,3.82
3231,4.38,3.82
3232,4.38,3.82
3233,4.38,3.82
3235,4.38,3.82
3236,4.38,3.82
3237,4.38,3.82
3238,4.38,3.82
3239,4.38,3.82
3240,4.38,3.82
3241,4.38,3.82
3244,4.38,3.82
3245,4.38,3.82
3246,4.38,3.82
3247,4.38,3.82
3248,4.38,3.82
3249,4.38,3.82
3250,4.38,3.82
3251,4.38,3.82
3253,4.38,3.82
3254,4.38,3.82
3255,4.38,3.82
3256,4.38,3.82
3257,4.39,3.82
3258,4.38,3.82
3259,4.38,3.82
3260,4.38,3.82
3262,4.38,3.82
3263,4.38,3.82
3264,4.38,3.82
3265,4.38,3.82
3266,4.38,3.82
3267,4.38,3.82
3268,4.38,3.82
3269,4.38,3.82
3271,4.38,3.82
3272,4.38,3.82
3273,4.38,3.82
3274,4.38,3.82
3275,4.38,3.82
3276,4.38,3.82
3277,4.38,3.82
3278,4.38,3.82
3280,4.38,3.83
3281,4.38,3.83
3282,4.38,3.83
3283,4.39,3.83
3284,4.39,3.83
3286,4.38,3.83
3287,4.39,3.83
3288,4.39,3.83
3290,4.39,3.83
3291,4.38,3.83
3292,4.39,3.83
3293,4.38,3.83
3294,4.39,3.83
3295,4.39,3.83
3296,4.39,3.83
3298,4.39,3.83
3299,4.39,3.83
3300,4.39,3.83
3301,4.39,3.83
3302,4.39,3.83
3303,4.39,3.83
3304,4.39,3.83
3305,4.39,3.83
3307,4.39,3.83
3308,4.39,3.83
3309,4.39,3.83
3310,4.38,3.83
3311,4.38,3.83
3312,4.39,3.83
3313,4.38,3.83
3314,4.38,3.82
3316,4.38,3.82
3317,4.38,3.82
3318,4.38,3.82
3319,4.38,3.82
3320,4.39,3.82
3321,4.38,3.82
3322,4.38,3.82
3323,4.38,3.82
3325,4.38,3.82
3326,4.38,3.82
3328,4.38,3.82
3329,4.39,3.82
3330,4.38,3.82
3331,4.38,3.82
3332,4.38,3.82
3333,4.38,3.82
3335,4.38,3.82
3336,4.38,3.82
3337,4.39,3.82
3338,4.39,3.82
3339,4.38,3.82
3340,4.39,3.82
3341,4.39,3.82
3342,4.38,3.82
3344,4.38,3.82
3345,4.38,3.82
3346,4.38,3.82
3347,4.39,3.82
3348,4.39,3.82
3349,4.39,3.82
3350,4.39,3.82
3352,4.39,3.82
3353,4.39,3.82
3354,4.39,3.82
3355,4.39,3.82
3356,4.39,3.82
3357,4.39,3.82
3358,4.39,3.82
3359,4.39,3.82
3361,4.39,3.82
3362,4.39,3.82
3363,4.39,3.82
3364,4.39,3.82
3365,4.39,3.82
3366,4.39,3.82
3367,4.39,3.82
3368,4.39,3.82
3371,4.39,3.82
3372,4.39,3.82
3373,4.39,3.82
3374,4.39,3.82
3375,4.39,3.82
3376,4.39,3.82
3377,4.39,3.82
3378,4.39,3.82
3380,4.39,3.82
3381,4.39,3.82
3382,4.39,3.82
3383,4.39,3.82
3384,4.39,3.82
3385,4.39,3.82
3386,4.39,3.82
3387,4.39,3.82
3389,4.39,3.82
3390,4.39,3.82
3391,4.39,3.82
3392,4.39,3.82
3393,4.39,3.82
3394,4.39,3.82
3395,4.39,3.82
3396,4.39,3.82
3398,4.39,3.82
3399,4.39,3.82
3400,4.39,3.82
3401,4.39,3.82
3402,4.39,3.82
3403,4.39,3.82
3404,4.39,3.82
3405,4.39,3.82
3407,4.39,3.82
3408,4.39,3.82
3409,4.39,3.82
3410,4.39,3.83
3411,4.39,3.82
3412,4.39,3.82
3414,4.39,3.82
3415,4.39,3.82
3417,4.39,3.82
3418,4.39,3.82
3419,4.39,3.82
3420,4.39,3.82
3421,4.39,3.82
3422,4.39,3.82
3423,4.39,3.82
3424,4.39,3.82
3426,4.39,3.82
3427,4.39,3.82
3428,4.39,3.82
3429,4.39,3.82
3430,4.39,3.82
3431,4.39,3.82
3432,4.39,3.82
3433,4.39,3.82
3435,4.39,3.82
3436,4.39,3.82
3437,4.39,3.82
3438,4.39,3.83
3439,4.39,3.83
3440,4.39,3.83
3441,4.39,3.82
3442,4.39,3.82
3444,4.38,3.82
3445,4.38,3.82
3446,4.39,3.82
3447,4.39,3.82
3448,4.39,3.82
3449,4.39,3.82
3450,4.38,3.82
3451,4.38,3.82
3453,4.39,3.82
3454,4.39,3.82
3456,4.39,3.82
3457,4.39,3.82
3458,4.39,3.82
3459,4.39,3.82
3460,4.39,3.82
3461,4.39,3.82
3463,4.39,3.82
3464,4.39,3.82
3465,4.39,3.82
3466,4.39,3.82
3467,4.39,3.82
3468,4.39,3.82
3469,4.39,3.82
3470,4.39,3.82
3472,4.39,3.82
3473,4.39,3.82
3474,4.39,3.82
3475,4.39,3.82
3476,4.39,3.82
3477,4.39,3.82
3478,4.39,3.82
3479,4.39,3.82
3481,4.39,3.82
3482,4.39,3.82
3483,4.39,3.82
3484,4.39,3.82
3485,4.39,3.82
3486,4.39,3.82
3487,4.39,3.82
3488,4.39,3.82
3490,4.39,3.82
3491,4.39,3.82
3492,4.39,3.82
3493,4.39,3.82
3494,4.39,3.81
3495,4.39,3.82
3496,4.39,3.82
3497,4.39,3.82
3500,4.39,3.82
3501,4.39,3.82
3502,4.39,3.82
3503,4.39,3.82
3504,4.39,3.82
3505,4.39,3.82
3506,4.39,3.82
3508,4.39,3.82
3509,4.39,3.82
3510,4.39,3.82
3511,4.39,3.82
3512,4.39,3.82
3513,4.39,3.82
3514,4.39,3.82
3515,4.39,3.82
3517,4.39,3.82
3518,4.39,3.82
3519,4.39,3.82
3520,4.39,3.82
3521,4.39,3.82
3522,4.39,3.82
3523,4.39,3.82
3525,4.39,3.82
3526,4.39,3.82
3527,4.39,3.82
3528,4.39,3.82
3529,4.39,3.82
3530,4.39,3.82
3531,4.39,3.82
3532,4.39,3.82
3534,4.39,3.82
3535,4.39,3.82
3536,4.39,3.82
3537,4.39,3.82
3538,4.39,3.82
3539,4.39,3.82
3540,4.39,3.82
3542,4.39,3.82
3544,4.39,3.82
3545,4.39,3.82
3546,4.39,3.82
3547,4.39,3.82
3548,4.39,3.82
3549,4.39,3.82
3550,4.39,3.82
3551,4.39,3.82
3553,4.39,3.82
3554,4.39,3.82
3555,4.39,3.82
3556,4.39,3.82
3557,4.39,3.82
3558,4.39,3.82
3559,4.39,3.82
3560,4.39,3.82
3562,4.39,3.82
3563,4.39,3.82
3564,4.39,3.82
3565,4.39,3.82
3566,4.39,3.82
3567,4.39,3.82
3568,4.39,3.82
3569,4.39,3.82
3571,4.39,3.82
3572,4.39,3.82
3573,4.39,3.82
3574,4.39,3.82
3575,4.39,3.82
3576,4.39,3.82
3577,4.39,3.82
3578,4.39,3.82
3580,4.39,3.82
3581,4.39,3.82
3582,4.39,3.82
3584,4.39,3.82
3585,4.39,3.82
3586,4.39,3.82
3587,4.39,3.82
3588,4.39,3.82
3590,4.39,3.82
3591,4.39,3.82
3592,4.39,3.82
3593,4.39,3.82
3594,4.39,3.82
3595,4.39,3.82
3596,4.39,3.82
3597,4.39,3.82
3599,4.39,3.82
3600,4.39,3.82
3601,4.39,3.82
3602,4.39,3.82
3603,4.39,3.82
3604,4.39,3.82
3605,4.39,3.82
3606,4.39,3.82
3608,4.39,3.82
3609,4.39,3.82
3610,4.39,3.82
3611,4.39,3.82
3612,4.39,3.82
3613,4.39,3.82
3614,4.39,3.82
3615,4.39,3.82
3617,4.39,3.82
3618,4.39,3.82
3619,4.39,3.82
3620,4.39,3.82
3621,4.39,3.82
3622,4.39,3.82
3623,4.39,3.82
3624,4.39,3.82
3627,4.39,3.82
3628,4.39,3.82
3629,4.39,3.82
3630,4.39,3.82
3631,4.39,3.82
3632,4.39,3.82
3633,4.39,3.82
3634,4.39,3.82
3636,4.39,3.82
3637,4.39,3.82
3638,4.40,3.82
3639,4.40,3.82
3640,4.40,3.82
3641,4.40,3.82
3642,4.40,3.82
3643,4.40,3.82
3645,4.40,3.82
3646,4.40,3.82
3647,4.40,3.82
3648,4.40,3.82
3649,4.40,3.82
3650,4.40,3.82
3651,4.40,3.82
3652,4.40,3.82
3654,4.40,3.83
3655,4.40,3.82
3656,4.40,3.83
3657,4.40,3.82
3658,4.40,3.82
3659,4.40,3.82
3660,4.40,3.82
3661,4.40,3.83
3663,4.40,3.83
3664,4.40,3.83
3665,4.40,3.83
3666,4.40,3.82
3667,4.40,3.83
3668,4.40,3.83
3670,4.40,3.83
3671,4.40,3.83
3673,4.40,3.83
3674,4.40,3.82
3675,4.40,3.83
3676,4.40,3.83
3677,4.40,3.83
3678,4.40,3.83
3679,4.40,3.83
3681,4.40,3.83
3682,4.40,3.83
3683,4.40,3.83
3684,4.40,3.83
3685,4.40,3.83
3686,4.40,3.83
3687,4.40,3.83
3688,4.40,3.83
3690,4.40,3.83
3691,4.40,3.83
3692,4.40,3.83
3693,4.40,3.83
3694,4.40,3.83
3695,4.40,3.83
3696,4.40,3.83
3697,4.40,3.83
3699,4.40,3.83
3700,4.40,3.83
3701,4.40,3.83
3702,4.40,3.83
3703,4.40,3.83
3704,4.40,3.83
3705,4.40,3.83
3707,4.40,3.83
3708,4.40,3.83
3709,4.40,3.83
3710,4.40,3.83
3712,4.40,3.83
3713,4.40,3.83
3714,4.40,3.83
3715,4.40,3.83
3717,4.39,3.83
3718,4.39,3.83
3719,4.39,3.83
3720,4.39,3.83
3721,4.39,3.83
3722,4.39,3.83
3723,4.39,3.83
3724,4.39,3.83
3726,4.39,3.83
3727,4.39,3.83
3728,4.39,3.83
3729,4.39,3.83
3730,4.39,3.83
3731,4.38,3.83
3732,4.38,3.83
3734,4.38,3.83
3735,4.38,3.83
3736,4.38,3.83
3737,4.38,3.83
3738,4.38,3.83
3739,4.38,3.83
3740,4.38,3.83
3741,4.38,3.83
3743,4.38,3.83
3744,4.38,3.83
3745,4.38,3.83
3746,4.38,3.83
3747,4.38,3.83
3748,4.38,3.83
3749,4.38,3.83
3750,4.38,3.83
3752,4.38,3.83
3753,4.38,3.83
3755,4.38,3.83
3756,4.37,3.83
3757,4.38,3.83
3758,4.37,3.83
3759,4.37,3.83
3761,4.38,3.83
3762,4.37,3.83
3763,4.37,3.83
3764,4.37,3.83
3765,4.37,3.83
3766,4.37,3.83
3767,4.38,3.83
3768,4.38,3.83
3770,4.38,3.83
3771,4.38,3.83
3772,4.38,3.83
3773,4.38,3.83
3774,4.38,3.83
3775,4.38,3.83
3776,4.38,3.83
3777,4.38,3.83
3779,4.38,3.83
3780,4.38,3.83
3781,4.38,3.83
3782,4.38,3.83
3783,4.38,3.83
3784,4.38,3.83
3785,4.38,3.83
3787,4.38,3.83
3788,4.38,3.83
3789,4.38,3.83
3790,4.38,3.83
3791,4.38,3.83
3792,4.38,3.83
3793,4.38,3.83
3794,4.38,3.83
3796,4.38,3.83
3798,4.38,3.83
3799,4.38,3.83
3800,4.38,3.83
3801,4.38,3.83
3802,4.38,3.83
3803,4.38,3.83
3804,4.38,3.83
3806,4.38,3.83
3807,4.37,3.83
3808,4.38,3.83
3809,4.38,3.83
3810,4.38,3.83
3811,4.38,3.83
3812,4.38,3.83
3813,4.38,3.83
3815,4.37,3.83
3816,4.37,3.83
3817,4.37,3.83
3818,4.37,3.83
3819,4.37,3.83
3820,4.37,3.83
3821,4.37,3.83
3822,4.37,3.83
3824,4.37,3.83
3825,4.37,3.83
3826,4.37,3.83
3827,4.38,3.83
3828,4.38,3.83
3829,4.37,3.83
3830,4.38,3.83
3831,4.38,3.83
3833,4.37,3.83
3834,4.38,3.83
3835,4.38,3.83
3836,4.38,3.83
3837,4.38,3.83
3838,4.38,3.83
3840,4.38,3.83
3841,4.37,3.83
3843,4.38,3.83
3844,4.38,3.83
3845,4.38,3.84
3846,4.37,3.83
3847,4.37,3.84
3848,4.37,3.84
3849,4.37,3.84
3850,4.37,3.84
3852,4.37,3.84
3853,4.37,3.84
3854,4.37,3.84
3855,4.37,3.84
3856,4.37,3.84
3857,4.37,3.84
3858,4.37,3.84
3860,4.37,3.84
3861,4.37,3.84
3862,4.37,3.84
3863,4.37,3.84
3864,4.37,3.84
3865,4.37,3.84
3866,4.37,3.84
3867,4.37,3.84
3869,4.37,3.84
3870,4.37,3.84
3871,4.37,3.84
3872,4.37,3.84
3873,4.37,3.84
3874,4.37,3.84
3875,4.37,3.84
3877,4.37,3.84
3878,4.37,3.84
3879,4.37,3.84
3880,4.36,3.84
3881,4.36,3.84
3883,4.36,3.84
3884,4.36,3.84
3885,4.36,3.84
3887,4.36,3.84
3888,4.35,3.84
3889,4.35,3.84
3890,4.35,3.84
3891,4.35,3.84
3892,4.35,3.84
3893,4.35,3.84
3894,4.35,3.84
3896,4.35,3.84
3897,4.35,3.84
3898,4.35,3.84
3899,4.35,3.84
3900,4.35,3.84
3901,4.35,3.84
3902,4.35,3.84
3904,4.35,3.84
3905,4.35,3.84
3906,4.35,3.84
3907,4.35,3.84
3908,4.35,3.84
3909,4.35,3.84
3910,4.35,3.84
3911,4.35,3.84
3913,4.35,3.84
3914,4.36,3.84
3915,4.36,3.84
3916,4.36,3.84
3917,4.36,3.84
3918,4.36,3.84
3919,4.36,3.84
3921,4.36,3.84
3922,4.36,3.84
3923,4.36,3.84
3924,4.36,3.84
3926,4.37,3.84
3927,4.37,3.84
3928,4.37,3.84
3929,4.37,3.84
3931,4.37,3.84
3932,4.37,3.84
3933,4.37,3.84
3934,4.37,3.84
3935,4.37,3.84
3936,4.37,3.84
3937,4.37,3.84
3938,4.37,3.84
3940,4.37,3.84
3941,4.37,3.84
3942,4.37,3.84
3943,4.38,3.84
3944,4.38,3.84
3945,4.38,3.84
3946,4.37,3.84
3947,4.37,3.84
3949,4.38,3.84
3950,4.38,3.84
3951,4.38,3.84
3952,4.38,3.84
3953,4.38,3.84
3954,4.38,3.84
3955,4.38,3.84
3956,4.38,3.84
3958,4.38,3.84
3959,4.38,3.84
3960,4.38,3.84
3961,4.37,3.84
3962,4.38,3.84
3963,4.38,3.84
3964,4.38,3.84
3965,4.37,3.84
3968,4.37,3.85
3969,4.37,3.84
3970,4.37,3.84
3971,4.37,3.84
3972,4.37,3.84
3973,4.37,3.84
3974,4.37,3.84
3975,4.37,3.84
3977,4.37,3.84
3978,4.37,3.84
3979,4.37,3.84
3980,4.37,3.84
3981,4.37,3.84
3982,4.37,3.84
3983,4.37,3.84
3984,4.37,3.84
3986,4.37,3.84
3987,4.37,3.84
3988,4.37,3.84
3989,4.37,3.84
3990,4.37,3.84
3991,4.37,3.84
3992,4.37,3.84
3993,4.37,3.84
3995,4.37,3.84
3996,4.37,3.84
3997,4.37,3.84
3998,4.37,3.84
3999,4.37,3.84
4000,4.37,3.84
4001,4.37,3.84
4002,4.37,3.84
4004,4.37,3.85
4005,4.37,3.84
4006,4.37,3.84
4007,4.37,3.84
4008,4.37,3.84
4009,4.37,3.84
4011,4.37,3.84
4012,4.37,3.84
4014,4.38,3.84
4015,4.37,3.84
4016,4.38,3.84
4017,4.38,3.84
4018,4.38,3.84
4019,4.38,3.84
4020,4.38,3.84
4021,4.38,3.84
4023,4.37,3.84
4024,4.38,3.84
4025,4.38,3.84
4026,4.38,3.84
4027,4.38,3.84
4028,4.38,3.84
4029,4.38,3.84
4030,4.38,3.84
4032,4.38,3.84
4033,4.38,3.84
4034,4.38,3.84
4035,4.38,3.84
4036,4.38,3.84
4037,4.38,3.84
4038,4.38,3.84
4039,4.38,3.84
4041,4.38,3.84
4042,4.38,3.84
4043,4.38,3.84
4044,4.38,3.84
4045,4.38,3.84
4046,4.38,3.84
4047,4.38,3.84
4048,4.38,3.84
4050,4.38,3.84
4051,4.38,3.84
4052,4.37,3.84
4054,4.38,3.84
4055,4.38,3.84
4056,4.38,3.84
4057,4.38,3.84
4058,4.38,3.84
4060,4.38,3.84
4061,4.38,3.84
4062,4.38,3.84
4063,4.38,3.84
4064,4.38,3.84
4065,4.38,3.84
4066,4.38,3.84
4067,4.38,3.84
4069,4.38,3.84
4070,4.38,3.84
4071,4.38,3.84
4072,4.38,3.84
4073,4.38,3.84
4074,4.38,3.84
4075,4.38,3.84
4076,4.38,3.84
4078,4.38,3.84
4079,4.38,3.84
4080,4.38,3.84
4081,4.38,3.84
4082,4.38,3.84
4083,4.38,3.84
4084,4.38,3.84
4085,4.38,3.84
4087,4.38,3.84
4088,4.38,3.84
4089,4.38,3.84
4090,4.38,3.84
4091,4.38,3.84
4092,4.38,3.84
4093,4.38,3.84
4094,4.38,3.84
4097,4.38,3.84
4098,4.38,3.84
4099,4.38,3.84
4100,4.38,3.84
4101,4.38,3.84
4102,4.38,3.84
4103,4.38,3.84
4104,4.38,3.84
4106,4.38,3.84
4107,4.38,3.84
4108,4.38,3.84
4109,4.38,3.84
4110,4.38,3.84
4111,4.38,3.84
4112,4.38,3.84
4113,4.38,3.84
4115,4.38,3.84
4116,4.38,3.84
4117,4.38,3.84
4118,4.38,3.84
4119,4.38,3.84
4120,4.38,3.84
4121,4.38,3.84
4122,4.38,3.84
4124,4.38,3.84
4125,4.38,3.84
4126,4.38,3.84
4127,4.38,3.84
4128,4.38,3.84
4129,4.38,3.84
4130,4.38,3.84
4131,4.38,3.84
4133,4.38,3.84
4134,4.38,3.84
4135,4.38,3.84
4136,4.38,3.84
4137,4.38,3.84
4139,4.38,3.84
4140,4.38,3.84
4141,4.38,3.84
4143,4.38,3.84
4144,4.38,3.84
4145,4.38,3.84
4146,4.38,3.84
4147,4.38,3.84
4148,4.39,3.84
4149,4.38,3.84
4151,4.39,3.84
4152,4.39,3.84
4153,4.39,3.84
4154,4.39,3.84
4155,4.39,3.84
4156,4.39,3.84
4157,4.39,3.84
4158,4.39,3.84
4160,4.39,3.84
4161,4.39,3.84
4162,4.39,3.84
4163,4.39,3.84
4164,4.39,3.84
4165,4.39,3.84
4166,4.39,3.84
4167,4.39,3.84
4169,4.39,3.84
4170,4.40,3.84
4171,4.39,3.84
4172,4.39,3.84
4173,4.40,3.84
4174,4.39,3.84
4175,4.39,3.84
4176,4.39,3.84
4178,4.39,3.84
4179,4.40,3.84
4180,4.39,3.84
4182,4.40,3.84
4183,4.39,3.84
4184,4.39,3.84
4185,4.39,3.84
4186,4.39,3.84
4188,4.39,3.84
4189,4.39,3.84
4190,4.39,3.84
4191,4.39,3.84
4192,4.39,3.84
4193,4.39,3.84
4194,4.39,3.84
4195,4.39,3.84
4197,4.39,3.84
4198,4.39,3.84
4199,4.39,3.84
4200,4.39,3.84
4201,4.39,3.84
4202,4.39,3.84
4203,4.39,3.84
4204,4.39,3.84
4206,4.39,3.84
4207,4.39,3.84
4208,4.39,3.84
4209,4.39,3.84
4210,4.39,3.84
4211,4.39,3.84
4212,4.39,3.84
4213,4.39,3.84
4215,4.39,3.84
4216,4.39,3.84
4217,4.39,3.84
4218,4.39,3.84
4219,4.39,3.84
4220,4.39,3.84
4221,4.39,3.84
4222,4.39,3.85
4225,4.39,3.84
4226,4.39,3.84
4227,4.40,3.84
4228,4.39,3.85
4229,4.39,3.85
4230,4.39,3.84
4231,4.40,3.85
4232,4.39,3.84
4234,4.40,3.85
4235,4.39,3.84
4236,4.40,3.84
4237,4.40,3.85
4238,4.39,3.84
4239,4.40,3.84
4240,4.39,3.85
4241,4.40,3.84
4243,4.40,3.84
4244,4.40,3.84
4245,4.40,3.84
4246,4.40,3.84
4247,4.40,3.84
4248,4.40,3.84
4249,4.40,3.84
4250,4.40,3.84
4251,4.40,3.84
4253,4.40,3.84
4254,4.40,3.84
4255,4.39,3.84
4256,4.40,3.84
4257,4.40,3.84
4258,4.39,3.84
4259,4.40,3.84
4260,4.40,3.84
4262,4.39,3.84
4263,4.39,3.84
4264,4.40,3.84
4265,4.39,3.84
4267,4.39,3.84
4268,4.39,3.84
4269,4.39,3.84
4270,4.39,3.84
4272,4.39,3.84
4273,4.39,3.84
4274,4.39,3.84
4275,4.39,3.84
4276,4.39,3.84
4277,4.39,3.84
4278,4.39,3.84
4279,4.39,3.84
4281,4.39,3.84
4282,4.39,3.84
4283,4.39,3.84
4284,4.39,3.84
4285,4.39,3.84
4286,4.39,3.84
4287,4.39,3.84
4288,4.39,3.84
4290,4.39,3.84
4291,4.39,3.84
4292,4.39,3.84
4293,4.39,3.84
4294,4.39,3.84
4295,4.39,3.84
4296,4.39,3.84
4298,4.39,3.84
4299,4.39,3.84
4300,4.39,3.84
4301,4.39,3.84
4302,4.39,3.84
4303,4.39,3.84
4304,4.39,3.84
4305,4.39,3.84
4307,4.39,3.84
4308,4.39,3.84
4310,4.39,3.84
4311,4.39,3.84
4312,4.39,3.84
4313,4.39,3.84
4314,4.39,3.84
4315,4.39,3.84
4317,4.39,3.84
4318,4.39,3.84
4319,4.39,3.84
4320,4.39,3.84
4321,4.39,3.84
4322,4.39,3.84
4323,4.39,3.84
4324,4.39,3.84
4326,4.39,3.84
4327,4.39,3.84
4328,4.39,3.84
4329,4.39,3.84
4330,4.39,3.84
4331,4.39,3.84
4332,4.39,3.84
4333,4.40,3.84
4335,4.40,3.84
4336,4.40,3.84
4337,4.40,3.84
4338,4.40,3.84
4339,4.40,3.84
4340,4.40,3.84
4341,4.40,3.84
4342,4.40,3.84
4344,4.40,3.84
4345,4.40,3.84
4346,4.40,3.84
4347,4.40,3.84
4348,4.40,3.84
4349,4.40,3.84
4350,4.40,3.84
4352,4.40,3.84
4354,4.40,3.84
4355,4.40,3.84
4356,4.40,3.84
4357,4.40,3.84
4358,4.40,3.84
4359,4.40,3.84
4360,4.41,3.84
4361,4.41,3.84
4362,4.41,3.84
4364,4.41,3.84
4365,4.41,3.84
4366,4.40,3.84
4367,4.41,3.85
4368,4.41,3.84
4369,4.41,3.85
4370,4.41,3.85
4372,4.41,3.85
4373,4.41,3.84
4374,4.41,3.85
4375,4.41,3.84
4376,4.41,3.85
4377,4.41,3.85
4378,4.41,3.85
4379,4.41,3.85
4381,4.41,3.85
4382,4.41,3.85
4383,4.41,3.85
4384,4.41,3.85
4385,4.41,3.85
4386,4.41,3.85
4387,4.41,3.85
4389,4.41,3.84
4390,4.41,3.84
4391,4.41,3.84
4392,4.41,3.84
4393,4.41,3.85
4395,4.41,3.85
4396,4.41,3.85
4398,4.41,3.85
4399,4.41,3.85
4400,4.41,3.85
4401,4.41,3.85
4402,4.41,3.85
4403,4.41,3.85
4404,4.41,3.85
4405,4.41,3.85
4407,4.41,3.85
4408,4.41,3.84
4409,4.41,3.85
4410,4.41,3.84
4411,4.41,3.85
4412,4.41,3.85
4413,4.41,3.85
4414,4.41,3.85
4416,4.41,3.85
4417,4.41,3.85
4418,4.41,3.84
4419,4.41,3.84
4420,4.41,3.85
4421,4.41,3.85
4422,4.41,3.85
4424,4.41,3.84
4425,4.41,3.85
4426,4.41,3.84
4427,4.42,3.84
4428,4.42,3.85
4429,4.42,3.85
4430,4.42,3.85
4431,4.42,3.85
4433,4.42,3.85
4434,4.42,3.85
4435,4.42,3.85
4436,4.42,3.85
4438,4.42,3.85
4439,4.42,3.85
4440,4.42,3.84
4442,4.41,3.85
4443,4.42,3.85
4444,4.41,3.85
4445,4.41,3.85
4446,4.42,3.85
4447,4.42,3.85
4448,4.41,3.84
4449,4.42,3.85
4451,4.42,3.85
4452,4.42,3.85
4453,4.42,3.85
4454,4.42,3.85
4455,4.42,3.85
4456,4.42,3.84
4457,4.42,3.84
4458,4.42,3.84
4460,4.42,3.84
4461,4.42,3.84
4462,4.42,3.84
4463,4.42,3.84
4464,4.42,3.84
4465,4.42,3.85
4466,4.42,3.85
4467,4.42,3.85
4469,4.42,3.85
4470,4.42,3.85
4471,4.42,3.85
4472,4.42,3.85
4473,4.42,3.85
4474,4.42,3.85
4475,4.42,3.85
4477,4.42,3.85
4478,4.42,3.85
4480,4.42,3.85
4481,4.42,3.85
4482,4.42,3.85
4483,4.42,3.85
4484,4.42,3.85
4485,4.42,3.85
4487,4.42,3.85
4488,4.42,3.85
4489,4.42,3.85
4490,4.42,3.85
4491,4.42,3.84
4492,4.42,3.85
4493,4.42,3.85
4495,4.42,3.84
4496,4.42,3.85
4497,4.42,3.85
4498,4.42,3.85
4499,4.42,3.85
4500,4.42,3.85
4501,4.42,3.85
4502,4.41,3.85
4504,4.41,3.85
4505,4.41,3.85
4506,4.41,3.85
4507,4.41,3.85
4508,4.41,3.85
4509,4.41,3.85
4510,4.41,3.84
4512,4.41,3.84
4513,4.41,3.85
4514,4.41,3.84
4515,4.41,3.84
4516,4.41,3.84
4517,4.41,3.84
4518,4.41,3.84
4519,4.41,3.84
4521,4.41,3.84
4523,4.41,3.84
4524,4.41,3.84
4525,4.41,3.84
4526,4.41,3.84
4527,4.41,3.84
4528,4.41,3.84
4529,4.41,3.84
4531,4.41,3.84
4532,4.41,3.84
4533,4.41,3.84
4534,4.41,3.84
4535,4.41,3.84
4536,4.41,3.84
4537,4.41,3.84
4538,4.41,3.84
4540,4.41,3.84
4541,4.41,3.84
4542,4.41,3.84
4543,4.41,3.84
4544,4.41,3.84
4545,4.40,3.84
4546,4.41,3.84
4547,4.40,3.84
4549,4.41,3.84
4550,4.41,3.84
4551,4.41,3.84
4552,4.41,3.84
4553,4.41,3.84
4554,4.41,3.84
4555,4.41,3.84
4557,4.41,3.83
4558,4.41,3.84
4559,4.41,3.84
4560,4.41,3.83
4561,4.41,3.83
4562,4.41,3.84
4563,4.41,3.83
4564,4.41,3.84
4567,4.41,3.84
4568,4.41,3.84
4569,4.41,3.84
4570,4.41,3.84
4571,4.40,3.84
4572,4.40,3.84
4573,4.40,3.84
4575,4.40,3.84
4576,4.40,3.84
4577,4.40,3.84
4578,4.40,3.84
4579,4.40,3.84
4580,4.40,3.84
4581,4.40,3.84
4582,4.40,3.84
4584,4.40,3.84
4585,4.40,3.84
4586,4.40,3.83
4587,4.40,3.84
4588,4.40,3.84
4589,4.40,3.83
4590,4.40,3.84
4592,4.40,3.83
4593,4.40,3.83
4594,4.40,3.83
4595,4.40,3.83
4596,4.40,3.83
4597,4.40,3.83
4598,4.40,3.83
4599,4.40,3.83
4601,4.40,3.83
4602,4.41,3.83
4603,4.41,3.83
4604,4.40,3.83
4605,4.40,3.83
4606,4.40,3.83
4608,4.41,3.83
4609,4.41,3.83
4611,4.41,3.83
4612,4.41,3.83
4613,4.41,3.83
4614,4.41,3.83
4615,4.41,3.83
4616,4.41,3.83
4617,4.41,3.83
4618,4.41,3.83
4620,4.41,3.83
4621,4.41,3.83
4622,4.41,3.83
4623,4.41,3.83
4624,4.41,3.83
4625,4.41,3.83
4626,4.41,3.83
4627,4.41,3.83
4629,4.41,3.83
4630,4.41,3.83
4631,4.41,3.83
4632,4.41,3.83
4633,4.40,3.83
4634,4.40,3.83
4635,4.41,3.83
4636,4.41,3.83
4638,4.41,3.83
4639,4.40,3.83
4640,4.40,3.83
4641,4.40,3.83
4642,4.41,3.83
4643,4.41,3.83
4644,4.41,3.83
4645,4.40,3.83
4647,4.40,3.83
4648,4.41,3.83
4649,4.41,3.83
4651,4.41,3.83
4652,4.41,3.83
4653,4.41,3.83
4654,4.41,3.83
4655,4.41,3.83
4657,4.41,3.83
4658,4.41,3.83
4659,4.41,3.83
4660,4.41,3.83
4661,4.41,3.83
4662,4.41,3.83
4663,4.41,3.83
4664,4.41,3.83
4666,4.41,3.83
4667,4.41,3.83
4668,4.41,3.83
4669,4.41,3.83
4670,4.41,3.83
4671,4.41,3.83
4672,4.41,3.83
4673,4.41,3.83
4675,4.41,3.83
4676,4.41,3.83
4677,4.41,3.83
4678,4.41,3.83
4679,4.41,3.83
4680,4.41,3.83
4681,4.41,3.83
4682,4.41,3.83
4684,4.41,3.83
4685,4.41,3.83
4686,4.41,3.83
4687,4.41,3.83
4688,4.41,3.83
4689,4.41,3.83
4690,4.41,3.83
4692,4.41,3.83
4694,4.41,3.83
4695,4.41,3.83
4696,4.41,3.83
4697,4.41,3.83
4698,4.41,3.83
4699,4.41,3.83
4700,4.41,3.83
4702,4.41,3.83
4703,4.41,3.83
4704,4.41,3.83
4705,4.41,3.83
4706,4.41,3.83
4707,4.41,3.83
4708,4.41,3.83
4710,4.41,3.83
4711,4.41,3.83
4712,4.41,3.83
4713,4.41,3.83
4714,4.41,3.83
4715,4.41,3.83
4716,4.41,3.83
4718,4.41,3.83
4719,4.41,3.83
4720,4.41,3.83
4721,4.41,3.83
4722,4.41,3.83
4723,4.41,3.83
4724,4.41,3.83
4725,4.41,3.83
4727,4.41,3.83
4728,4.41,3.83
4729,4.41,3.83
4730,4.41,3.83
4731,4.41,3.83
4732,4.41,3.83
4733,4.41,3.83
4734,4.41,3.83
4737,4.41,3.83
4738,4.41,3.83
4739,4.41,3.83
4740,4.41,3.83
4741,4.41,3.83
4742,4.41,3.83
4743,4.41,3.83
4744,4.41,3.83
4746,4.41,3.83
4747,4.41,3.83
4748,4.41,3.83
4749,4.41,3.83
4750,4.41,3.83
4751,4.41,3.83
4752,4.41,3.83
4753,4.41,3.83
4755,4.41,3.83
4756,4.41,3.83
4757,4.41,3.83
4758,4.41,3.83
4759,4.41,3.83
4760,4.41,3.83
4761,4.41,3.83
4763,4.41,3.83
4764,4.41,3.83
4765,4.41,3.83
4766,4.41,3.83
4767,4.41,3.83
4768,4.41,3.83
4769,4.41,3.83
4770,4.41,3.83
4772,4.41,3.83
4773,4.41,3.83
4774,4.41,3.83
4775,4.41,3.83
4776,4.41,3.83
4777,4.41,3.83
4779,4.41,3.83
4781,4.40,3.83
4782,4.41,3.83
4783,4.40,3.83
4784,4.41,3.83
4785,4.40,3.83
4786,4.41,3.83
4787,4.40,3.83
4789,4.41,3.83
4790,4.40,3.83
4791,4.40,3.83
4792,4.40,3.83
4793,4.40,3.83
4794,4.41,3.83
4795,4.40,3.83
4796,4.40,3.83
4798,4.40,3.83
4799,4.40,3.82
4800,4.40,3.83
4801,4.40,3.83
4802,4.41,3.83
4803,4.40,3.83
4804,4.41,3.83
4805,4.41,3.83
4807,4.40,3.83
4808,4.40,3.83
4809,4.41,3.83
4810,4.40,3.83
4811,4.40,3.83
4812,4.41,3.83
4813,4.40,3.83
4815,4.40,3.83
4816,4.40,3.83
4817,4.40,3.83
4818,4.40,3.83
4819,4.40,3.83
4820,4.40,3.83
4822,4.40,3.83
4823,4.40,3.83
4825,4.41,3.83
4826,4.40,3.82
4827,4.41,3.83
4828,4.40,3.82
4829,4.40,3.82
4830,4.40,3.82
4831,4.40,3.82
4832,4.40,3.82
4834,4.41,3.82
4835,4.41,3.82
4836,4.41,3.82
4837,4.40,3.82
4838,4.40,3.82
4839,4.41,3.82
4840,4.41,3.82
4841,4.41,3.82
4843,4.41,3.82
4844,4.40,3.82
4845,4.40,3.83
4846,4.40,3.82
4847,4.41,3.83
4848,4.40,3.83
4849,4.40,3.82
4851,4.40,3.82
4852,4.40,3.82
4853,4.40,3.82
4854,4.40,3.82
4855,4.40,3.83
4856,4.40,3.82
4857,4.40,3.82
4858,4.40,3.82
4860,4.40,3.82
4861,4.40,3.82
4862,4.40,3.82
4864,4.40,3.82
4865,4.40,3.82
4866,4.40,3.82
4867,4.40,3.82
4868,4.40,3.82
4870,4.40,3.82
4871,4.40,3.82
4872,4.40,3.82
4873,4.40,3.82
4874,4.40,3.82
4875,4.40,3.82
4876,4.40,3.82
4877,4.40,3.82
4879,4.40,3.82
4880,4.40,3.82
4881,4.40,3.82
4882,4.40,3.82
4883,4.40,3.82
4884,4.40,3.82
4885,4.40,3.82
4886,4.40,3.82
4888,4.40,3.82
4889,4.40,3.82
4890,4.40,3.82
4891,4.40,3.82
4892,4.40,3.82
4893,4.40,3.82
4894,4.40,3.82
4895,4.40,3.82
4897,4.40,3.82
4898,4.40,3.82
4899,4.40,3.82
4900,4.40,3.82
4901,4.40,3.82
4902,4.40,3.82
4903,4.40,3.82
4904,4.40,3.82
4907,4.40,3.82
4908,4.40,3.82
4909,4.40,3.82
4910,4.40,3.82
4911,4.40,3.82
4912,4.40,3.82
4913,4.40,3.82
4914,4.40,3.82
4916,4.40,3.82
4917,4.40,3.82
4918,4.40,3.82
4919,4.40,3.82
4920,4.40,3.82
4921,4.40,3.82
4922,4.40,3.82
4923,4.40,3.82
4925,4.40,3.82
4926,4.40,3.82
4927,4.40,3.82
4928,4.40,3.82
4929,4.40,3.82
4930,4.40,3.82
4931,4.40,3.82
4932,4.40,3.82
4934,4.40,3.82
4935,4.40,3.82
4936,4.40,3.82
4937,4.40,3.82
4938,4.40,3.82
4939,4.40,3.82
4940,4.40,3.82
4942,4.40,3.82
4943,4.40,3.82
4944,4.40,3.82
4945,4.40,3.82
4946,4.40,3.82
4947,4.40,3.82
4948,4.40,3.82
4950,4.40,3.82
4952,4.40,3.82
4953,4.40,3.82
4954,4.40,3.82
4955,4.40,3.82
4956,4.40,3.82
4957,4.40,3.82
4958,4.40,3.82
4959,4.40,3.82
4961,4.40,3.82
4962,4.40,3.82
4963,4.40,3.82
4964,4.40,3.82
4965,4.40,3.82
4966,4.40,3.82
4967,4.40,3.82
4969,4.40,3.82
4970,4.40,3.82
4971,4.40,3.82
4972,4.40,3.82
4973,4.40,3.82
4974,4.40,3.82
4975,4.40,3.82
4976,4.40,3.82
4978,4.40,3.82
4979,4.40,3.82
4980,4.40,3.82
4981,4.40,3.82
4982,4.40,3.82
4983,4.40,3.82
4984,4.40,3.82
4985,4.40,3.82
4987,4.40,3.82
4988,4.40,3.82
4989,4.40,3.82
4990,4.40,3.82
4992,4.40,3.82
4993,4.40,3.81
4994,4.40,3.81
4995,4.40,3.81
4997,4.40,3.81
4998,4.40,3.82
4999,4.40,3.82
5000,4.40,3.81
5001,4.40,3.82
5002,4.40,3.81
5003,4.40,3.82
5004,4.40,3.82
5006,4.40,3.82
5007,4.40,3.82
5008,4.40,3.82
5009,4.40,3.82
5010,4.40,3.82
5011,4.40,3.82
5012,4.40,3.82
5013,4.40,3.82
5015,4.40,3.82
5016,4.40,3.82
5017,4.40,3.82
5018,4.40,3.82
5019,4.40,3.82
5020,4.40,3.82
5021,4.40,3.82
5023,4.40,3.82
5024,4.40,3.82
5025,4.40,3.82
5026,4.40,3.82
5027,4.40,3.82
5028,4.40,3.81
5029,4.40,3.81
5030,4.40,3.81
5032,4.40,3.81
5033,4.40,3.81
5035,4.40,3.81
5036,4.40,3.81
5037,4.40,3.81
5038,4.40,3.81
5039,4.40,3.81
5040,4.40,3.81
5042,4.40,3.81
5043,4.40,3.81
5044,4.40,3.81
5045,4.40,3.81
5046,4.40,3.81
5047,4.40,3.81
5048,4.40,3.81
5049,4.40,3.81
5051,4.40,3.81
5052,4.40,3.81
5053,4.40,3.81
5054,4.40,3.81
5055,4.40,3.81
5056,4.40,3.81
5057,4.40,3.81
5058,4.40,3.81
5060,4.40,3.81
5061,4.40,3.81
5062,4.40,3.81
5063,4.40,3.81
5064,4.40,3.81
5065,4.40,3.81
5066,4.40,3.81
5067,4.40,3.81
5069,4.40,3.81
5070,4.40,3.81
5071,4.40,3.81
5072,4.40,3.81
5073,4.40,3.81
5074,4.40,3.81
5075,4.40,3.81
5076,4.40,3.81
5079,4.40,3.81
5080,4.40,3.81
5081,4.40,3.81
5082,4.40,3.81
5083,4.40,3.81
5084,4.40,3.81
5085,4.40,3.81
5086,4.40,3.81
5088,4.40,3.81
5089,4.40,3.81
5090,4.40,3.81
5091,4.40,3.81
5092,4.40,3.81
5093,4.40,3.81
5094,4.40,3.81
5095,4.40,3.81
5097,4.40,3.81
5098,4.40,3.81
5099,4.40,3.81
5100,4.40,3.81
5101,4.40,3.81
5102,4.40,3.81
5103,4.40,3.81
5104,4.40,3.81
5106,4.40,3.81
5107,4.40,3.81
5108,4.40,3.81
5109,4.40,3.81
5110,4.40,3.81
5111,4.40,3.81
5112,4.40,3.81
5113,4.40,3.81
5115,4.40,3.81
5116,4.40,3.81
5117,4.40,3.81
5118,4.40,3.81
5120,4.40,3.81
5121,4.40,3.81
5122,4.40,3.81
5123,4.40,3.81
5125,4.40,3.81
5126,4.40,3.81
5127,4.40,3.81
5128,4.40,3.81
5129,4.40,3.81
5130,4.40,3.81
5131,4.40,3.81
5132,4.40,3.81
5134,4.40,3.81
5135,4.40,3.81
5136,4.40,3.81
5137,4.40,3.81
5138,4.40,3.81
5139,4.40,3.81
5140,4.40,3.81
5141,4.40,3.81
5143,4.40,3.81
5144,4.40,3.81
5145,4.40,3.81
5146,4.40,3.81
5147,4.40,3.81
5148,4.40,3.81
5149,4.40,3.81
5150,4.40,3.81
5152,4.40,3.81
5153,4.40,3.81
5154,4.40,3.81
5155,4.40,3.81
5156,4.40,3.81
5157,4.40,3.81
5158,4.40,3.81
5159,4.40,3.81
5161,4.39,3.81
5163,4.40,3.81
5164,4.39,3.81
5165,4.39,3.81
5166,4.40,3.81
5167,4.39,3.81
5168,4.39,3.81
5169,4.39,3.81
5171,4.39,3.81
5172,4.39,3.81
5173,4.39,3.81
5174,4.39,3.81
5175,4.39,3.81
5176,4.39,3.81
5177,4.39,3.81
5178,4.39,3.81
5180,4.39,3.81
5181,4.39,3.81
5182,4.39,3.81
5183,4.39,3.81
5184,4.39,3.81
5185,4.39,3.81
5186,4.39,3.81
5187,4.39,3.81
5189,4.39,3.81
5190,4.39,3.81
5191,4.39,3.81
5192,4.39,3.81
5193,4.39,3.81
5194,4.39,3.81
5195,4.39,3.81
5197,4.39,3.81
5198,4.39,3.81
5199,4.39,3.81
5200,4.39,3.81
5201,4.39,3.80
5202,4.39,3.80
5203,4.39,3.80
5204,4.40,3.80
5207,4.39,3.80
5208,4.40,3.80
5209,4.39,3.80
5210,4.39,3.80
5211,4.39,3.80
5212,4.39,3.80
5213,4.39,3.80
5214,4.39,3.80
5215,4.39,3.80
5217,4.39,3.80
5218,4.39,3.80
5219,4.39,3.80
5220,4.39,3.80
5221,4.39,3.80
5222,4.39,3.80
5223,4.39,3.80
5224,4.39,3.80
5226,4.39,3.80
5227,4.39,3.80
5228,4.39,3.80
5229,4.39,3.80
5230,4.39,3.80
5231,4.39,3.80
5232,4.39,3.80
5233,4.39,3.80
5234,4.39,3.80
5236,4.39,3.80
5237,4.39,3.80
5238,4.39,3.80
5239,4.39,3.80
5240,4.39,3.80
5241,4.39,3.80
5242,4.39,3.80
5243,4.39,3.80
5245,4.39,3.80
5246,4.39,3.80
5248,4.39,3.80
5249,4.39,3.80
5250,4.39,3.80
5251,4.39,3.80
5252,4.39,3.80
5253,4.39,3.80
5254,4.39,3.80
5256,4.39,3.80
5257,4.39,3.80
5258,4.39,3.80
5259,4.39,3.80
5260,4.39,3.80
5261,4.39,3.80
5262,4.39,3.80
5263,4.39,3.80
5265,4.39,3.80
5266,4.39,3.80
5267,4.39,3.80
5268,4.39,3.80
5269,4.39,3.80
5270,4.39,3.80
5271,4.39,3.80
5272,4.39,3.80
5274,4.39,3.80
5275,4.39,3.80
5276,4.39,3.80
5277,4.39,3.80
5278,4.39,3.80
5279,4.39,3.80
5280,4.39,3.80
5281,4.39,3.80
5283,4.39,3.80
5284,4.39,3.80
5285,4.39,3.80
5286,4.39,3.80
5287,4.39,3.80
5288,4.39,3.80
5289,4.39,3.80
5291,4.39,3.80
5292,4.39,3.80
5294,4.39,3.80
5295,4.39,3.80
5296,4.39,3.80
5297,4.39,3.80
5298,4.39,3.80
5299,4.39,3.80
5300,4.39,3.80
5301,4.39,3.80
5303,4.39,3.80
5304,4.39,3.80
5305,4.39,3.80
5306,4.39,3.80
5307,4.39,3.80
5308,4.39,3.80
5309,4.39,3.80
5310,4.39,3.80
5312,4.39,3.80
5313,4.39,3.80
5314,4.39,3.80
5315,4.39,3.80
5316,4.39,3.80
5317,4.39,3.80
5318,4.39,3.80
5319,4.39,3.80
5321,4.39,3.80
5322,4.39,3.80
5323,4.39,3.80
5324,4.39,3.80
5325,4.39,3.80
5326,4.39,3.80
5327,4.39,3.80
5328,4.39,3.80
5329,4.39,3.80
5331,4.39,3.80
5332,4.39,3.80
5334,4.39,3.80
5335,4.39,3.80
5336,4.39,3.80
5337,4.39,3.80
5338,4.39,3.80
5339,4.39,3.80
5341,4.39,3.80
5342,4.39,3.80
5343,4.39,3.80
5344,4.39,3.80
5345,4.39,3.80
5346,4.39,3.80
5347,4.39,3.80
5348,4.39,3.80
5349,4.39,3.80
5351,4.39,3.80
5352,4.39,3.80
5353,4.39,3.80
5354,4.39,3.80
5355,4.39,3.80
5356,4.39,3.80
5357,4.39,3.80
5358,4.39,3.80
5360,4.39,3.80
5361,4.39,3.80
5362,4.39,3.80
5363,4.39,3.80
5364,4.39,3.80
5365,4.39,3.80
5366,4.39,3.80
5367,4.39,3.80
5369,4.39,3.80
5370,4.39,3.80
5371,4.39,3.80
5372,4.39,3.80
5373,4.39,3.80
5374,4.39,3.80
5376,4.39,3.80
5377,4.39,3.80
5379,4.39,3.80
5380,4.39,3.80
5381,4.39,3.80
5382,4.39,3.80
5383,4.39,3.80
5384,4.39,3.80
5385,4.39,3.80
5386,4.39,3.80
5388,4.39,3.80
5389,4.39,3.80
5390,4.39,3.80
5391,4.39,3.80
5392,4.39,3.80
5393,4.39,3.80
5394,4.39,3.80
5395,4.39,3.80
5396,4.39,3.80
5398,4.39,3.80
5399,4.39,3.80
5400,4.39,3.80
5401,4.39,3.80
5402,4.39,3.80
5403,4.39,3.80
5404,4.39,3.80
5405,4.39,3.80
5407,4.39,3.80
5408,4.39,3.80
5409,4.39,3.80
5410,4.39,3.80
5411,4.39,3.80
5412,4.39,3.80
5413,4.39,3.80
5414,4.39,3.80
5416,4.39,3.80
5417,4.39,3.80
5419,4.39,3.80
5420,4.39,3.80
5421,4.39,3.80
5422,4.39,3.80
5423,4.39,3.80
5424,4.39,3.80
5425,4.39,3.80
5427,4.39,3.80
5428,4.39,3.80
5429,4.39,3.80
5430,4.39,3.80
5431,4.39,3.80
5432,4.39,3.80
5433,4.39,3.80
5434,4.39,3.80
5436,4.39,3.80
5437,4.39,3.80
5438,4.39,3.80
5439,4.39,3.80
5440,4.39,3.80
5441,4.39,3.80
5442,4.39,3.80
5443,4.39,3.80
5445,4.39,3.80
5446,4.39,3.80
5447,4.39,3.80
5448,4.39,3.80
5449,4.39,3.80
5450,4.39,3.80
5451,4.39,3.80
5452,4.39,3.80
5453,4.39,3.80
5455,4.39,3.80
5456,4.39,3.80
5457,4.39,3.80
5458,4.39,3.80
5459,4.39,3.80
5460,4.39,3.80
5462,4.39,3.80
5463,4.39,3.80
5465,4.39,3.80
5466,4.39,3.80
5467,4.39,3.80
5468,4.39,3.80
5469,4.39,3.80
5470,4.39,3.80
5471,4.39,3.80
5472,4.39,3.80
5474,4.39,3.80
5475,4.39,3.80
5476,4.39,3.80
5477,4.39,3.80
5478,4.39,3.80
5479,4.39,3.80
5480,4.39,3.80
5481,4.39,3.80
5482,4.39,3.80
5484,4.39,3.80
5485,4.39,3.80
5486,4.39,3.80
5487,4.39,3.80
5488,4.39,3.80
5489,4.39,3.80
5490,4.39,3.80
5491,4.39,3.80
5493,4.39,3.80
5494,4.39,3.80
5495,4.39,3.80
5496,4.39,3.80
5497,4.39,3.80
5498,4.39,3.80
5499,4.39,3.80
5500,4.39,3.80
5501,4.39,3.80
5504,4.39,3.80
5505,4.39,3.80
5506,4.39,3.80
5507,4.39,3.80
5508,4.39,3.80
5509,4.39,3.80
5510,4.39,3.80
5511,4.39,3.80
5513,4.39,3.80
5514,4.39,3.80
5515,4.39,3.80
5516,4.39,3.80
5517,4.39,3.80
5518,4.39,3.80
5519,4.39,3.80
5520,4.39,3.80
5522,4.39,3.80
5523,4.39,3.80
5524,4.39,3.80
5525,4.39,3.80
5526,4.39,3.80
5527,4.39,3.80
5528,4.39,3.80
5529,4.39,3.80
5531,4.39,3.80
5532,4.39,3.80
5533,4.39,3.80
5534,4.39,3.80
5535,4.39,3.80
5536,4.39,3.80
5537,4.39,3.80
5538,4.39,3.80
5540,4.39,3.80
5541,4.39,3.80
5542,4.39,3.80
5543,4.39,3.80
5544,4.39,3.80
5545,4.39,3.80
5547,4.39,3.80
5548,4.39,3.80
5550,4.39,3.80
5551,4.39,3.80
5552,4.39,3.80
5553,4.39,3.80
5554,4.39,3.80
5555,4.39,3.80
5556,4.39,3.80
5557,4.39,3.80
5559,4.39,3.80
5560,4.39,3.80
5561,4.39,3.80
5562,4.39,3.80
5563,4.39,3.80
5564,4.39,3.80
5565,4.39,3.80
5566,4.39,3.80
5568,4.39,3.80
5569,4.39,3.80
5570,4.39,3.80
5571,4.39,3.80
5572,4.39,3.80
5573,4.39,3.80
5574,4.39,3.80
5575,4.39,3.80
5577,4.39,3.80
5578,4.39,3.80
5579,4.39,3.80
5580,4.39,3.80
5581,4.39,3.80
5582,4.39,3.80
5583,4.39,3.80
5584,4.39,3.80
5586,4.39,3.80
5587,4.39,3.80
5588,4.39,3.80
5590,4.39,3.80
5591,4.39,3.80
5592,4.39,3.80
5593,4.39,3.80
5594,4.39,3.80
5596,4.39,3.80
5597,4.39,3.80
5598,4.39,3.80
5599,4.39,3.80
5600,4.39,3.80
5601,4.39,3.80
5602,4.39,3.80
5603,4.39,3.80
5605,4.39,3.80
5606,4.39,3.80
5607,4.39,3.80
5608,4.39,3.80
5609,4.39,3.80
5610,4.39,3.80
5611,4.39,3.80
5612,4.39,3.80
5614,4.39,3.80
5615,4.39,3.80
5616,4.39,3.80
5617,4.39,3.80
5618,4.39,3.80
5619,4.39,3.80
5620,4.39,3.80
5621,4.39,3.80
5622,4.39,3.80
5624,4.39,3.80
5625,4.39,3.80
5626,4.39,3.79
5627,4.39,3.80
5628,4.39,3.80
5629,4.39,3.80
5630,4.39,3.80
5632,4.39,3.80
5634,4.39,3.80
5635,4.39,3.80
5636,4.39,3.80
5637,4.39,3.80
5638,4.39,3.80
5639,4.39,3.80
5640,4.39,3.80
5641,4.39,3.80
5643,4.39,3.80
5644,4.39,3.80
5645,4.39,3.80
5646,4.39,3.80
5647,4.39,3.80
5648,4.39,3.80
5649,4.39,3.79
5650,4.39,3.80
5652,4.39,3.80
5653,4.39,3.80
5654,4.39,3.80
5655,4.39,3.80
5656,4.39,3.80
5657,4.39,3.80
5658,4.39,3.80
5659,4.39,3.80
5661,4.39,3.80
5662,4.39,3.80
5663,4.39,3.80
5664,4.39,3.80
5665,4.39,3.80
5666,4.39,3.80
5667,4.39,3.80
5668,4.39,3.80
5670,4.39,3.80
5671,4.39,3.80
5672,4.39,3.80
5673,4.39,3.80
5675,4.39,3.80
5676,4.39,3.80
5677,4.39,3.80
5678,4.39,3.80
5680,4.39,3.80
5681,4.39,3.80
5682,4.39,3.80
5683,4.39,3.80
5684,4.39,3.79
5685,4.39,3.79
5686,4.39,3.80
5687,4.39,3.79
5688,4.39,3.80
5690,4.39,3.80
5691,4.39,3.80
5692,4.40,3.80
5693,4.39,3.80
5694,4.39,3.80
5695,4.39,3.80
5696,4.39,3.80
5697,4.39,3.80
5699,4.40,3.80
5700,4.39,3.80
5701,4.40,3.80
5702,4.39,3.80
5703,4.39,3.80
5704,4.40,3.80
5705,4.39,3.80
5706,4.39,3.80
5708,4.40,3.80
5709,4.39,3.80
5710,4.40,3.80
5711,4.39,3.80
5712,4.40,3.80
5713,4.39,3.80
5714,4.40,3.80
5715,4.39,3.79
5718,4.39,3.79
5719,4.39,3.79
5720,4.39,3.79
5721,4.40,3.80
5722,4.39,3.79
5723,4.39,3.79
5724,4.39,3.79
5725,4.40,3.80
5727,4.39,3.79
5728,4.39,3.80
5729,4.40,3.80
5730,4.39,3.80
5731,4.40,3.80
5732,4.39,3.80
5733,4.40,3.79
5734,4.39,3.80
5736,4.39,3.79
5737,4.39,3.80
5738,4.39,3.80
5739,4.40,3.79
5740,4.39,3.79
5741,4.39,3.80
5742,4.39,3.79
5743,4.39,3.80
5745,4.39,3.79
5746,4.39,3.79
5747,4.39,3.79
5748,4.39,3.79
5749,4.39,3.79
5750,4.39,3.79
5751,4.39,3.79
5752,4.39,3.79
5754,4.39,3.79
5755,4.39,3.79
5756,4.39,3.79
5757,4.39,3.79
5758,4.40,3.79
5760,4.39,3.79
5761,4.40,3.79
5762,4.39,3.79
5764,4.39,3.79
5765,4.39,3.79
5766,4.40,3.79
5767,4.39,3.79
5768,4.40,3.79
5769,4.39,3.79
5770,4.40,3.79
5771,4.39,3.79
5773,4.40,3.79
5774,4.40,3.79
5775,4.40,3.79
5776,4.39,3.79
5777,4.40,3.79
5778,4.40,3.79
5779,4.39,3.79
5780,4.40,3.79
5781,4.40,3.79
5783,4.40,3.79
5784,4.40,3.79
5785,4.40,3.79
5786,4.39,3.79
5787,4.40,3.79
5788,4.40,3.79
5789,4.39,3.79
5790,4.40,3.79
5792,4.39,3.79
5793,4.40,3.79
5794,4.39,3.79
5795,4.39,3.79
5796,4.40,3.79
5797,4.39,3.79
5798,4.40,3.79
5799,4.39,3.79
5801,4.40,3.79
5803,4.39,3.79
5804,4.39,3.79
5805,4.40,3.79
5806,4.39,3.79
5807,4.39,3.79
5808,4.39,3.79
5809,4.39,3.79
5811,4.39,3.79
5812,4.39,3.79
5813,4.39,3.79
5814,4.40,3.79
5815,4.40,3.79
5816,4.40,3.79
5817,4.40,3.79
5818,4.40,3.79
5820,4.40,3.79
5821,4.40,3.79
5822,4.40,3.79
5823,4.40,3.79
5824,4.40,3.79
5825,4.40,3.79
5826,4.40,3.79
5827,4.40,3.79
5828,4.40,3.79
5830,4.40,3.79
5831,4.40,3.79
5832,4.40,3.79
5833,4.40,3.79
5834,4.40,3.79
5835,4.40,3.79
5836,4.40,3.79
5837,4.40,3.79
5839,4.40,3.79
5840,4.40,3.79
5841,4.40,3.79
5842,4.40,3.79
5843,4.40,3.79
5844,4.40,3.79
5846,4.40,3.79
5847,4.40,3.79
5849,4.40,3.79
5850,4.40,3.79
5851,4.40,3.79
5852,4.40,3.79
5853,4.40,3.79
5854,4.40,3.79
5855,4.40,3.79
5856,4.40,3.79
5858,4.40,3.79
5859,4.40,3.79
5860,4.40,3.79
5861,4.40,3.79
5862,4.40,3.79
5863,4.40,3.79
5864,4.40,3.79
5865,4.40,3.79
5867,4.40,3.79
5868,4.40,3.79
5869,4.40,3.79
5870,4.40,3.79
5871,4.40,3.79
5872,4.40,3.79
5873,4.40,3.79
5874,4.40,3.79
5876,4.40,3.79
5877,4.40,3.79
5878,4.40,3.79
5879,4.40,3.79
5880,4.40,3.79
5881,4.40,3.79
5882,4.40,3.79
5883,4.40,3.79
5885,4.40,3.79
5886,4.40,3.79
5888,4.40,3.79
5889,4.40,3.79
5890,4.40,3.79
5891,4.40,3.79
5892,4.40,3.79
5893,4.40,3.79
5895,4.40,3.79
5896,4.40,3.79
5897,4.40,3.79
5898,4.40,3.79
5899,4.40,3.79
5900,4.40,3.79
5901,4.40,3.79
5902,4.40,3.79
5904,4.40,3.79
5905,4.40,3.79
5906,4.40,3.79
5907,4.40,3.79
5908,4.40,3.79
5909,4.40,3.79
5910,4.40,3.79
5911,4.40,3.79
5913,4.40,3.79
5914,4.40,3.79
5915,4.40,3.79
5916,4.40,3.79
5917,4.40,3.79
5918,4.40,3.79
5919,4.40,3.79
5920,4.40,3.79
5922,4.40,3.79
5923,4.40,3.79
5924,4.40,3.79
5925,4.40,3.79
5926,4.40,3.79
5927,4.40,3.79
5928,4.40,3.79
5929,4.40,3.79
5932,4.40,3.79
5933,4.40,3.79
5934,4.40,3.79
5935,4.40,3.79
5936,4.40,3.79
5937,4.40,3.79
5938,4.40,3.79
5939,4.40,3.79
5941,4.40,3.79
5942,4.40,3.79
5943,4.40,3.79
5944,4.40,3.79
5945,4.40,3.79
5946,4.40,3.79
5947,4.40,3.79
5948,4.40,3.79
5950,4.40,3.79
5951,4.40,3.79
5952,4.40,3.79
5953,4.40,3.79
5954,4.40,3.79
5955,4.40,3.79
5956,4.40,3.79
5957,4.40,3.79
5959,4.40,3.79
5960,4.40,3.79
5961,4.40,3.79
5962,4.40,3.79
5963,4.40,3.79
5964,4.40,3.79
5965,4.40,3.79
5967,4.40,3.79
5968,4.40,3.79
5969,4.40,3.79
5970,4.40,3.79
5971,4.40,3.79
5972,4.40,3.79
5974,4.40,3.79
5975,4.40,3.79
5977,4.40,3.79
5978,4.40,3.79
5979,4.40,3.79
5980,4.40,3.79
5981,4.40,3.79
5982,4.40,3.79
5983,4.40,3.79
5984,4.40,3.79
5986,4.40,3.79
5987,4.40,3.79
5988,4.40,3.79
5989,4.40,3.79
5990,4.40,3.79
5991,4.40,3.79
5992,4.40,3.79
5993,4.40,3.79
5995,4.40,3.79
5996,4.40,3.79
5997,4.40,3.79
5998,4.40,3.79
5999,4.40,3.79
6000,4.40,3.79
6001,4.40,3.79
6002,4.40,3.79
6004,4.40,3.79
6005,4.40,3.79
6006,4.40,3.79
6007,4.40,3.79
6008,4.40,3.79
6009,4.40,3.79
6010,4.40,3.79
6011,4.40,3.79
6013,4.40,3.78
6014,4.40,3.79
6016,4.40,3.79
6017,4.40,3.79
6018,4.40,3.79
6019,4.40,3.79
6020,4.40,3.79
6021,4.40,3.79
6023,4.40,3.79
6024,4.40,3.79
6025,4.40,3.79
6026,4.40,3.79
6027,4.40,3.79
6028,4.40,3.79
6029,4.40,3.79
6030,4.40,3.79
6032,4.40,3.79
6033,4.40,3.79
6034,4.40,3.79
6035,4.40,3.79
6036,4.40,3.79
6037,4.40,3.79
6038,4.40,3.79
6039,4.40,3.79
6041,4.40,3.79
6042,4.40,3.79
6043,4.40,3.79
6044,4.40,3.79
6045,4.40,3.79
6046,4.40,3.79
6047,4.40,3.79
6048,4.40,3.79
6050,4.40,3.79
6051,4.40,3.79
6052,4.40,3.79
6053,4.40,3.79
6054,4.40,3.79
6055,4.40,3.79
6056,4.40,3.79
6057,4.40,3.79
6060,4.40,3.79
6061,4.40,3.79
6062,4.41,3.79
6063,4.41,3.79
6064,4.40,3.79
6065,4.40,3.79
6066,4.40,3.79
6067,4.41,3.79
6069,4.41,3.79
6070,4.41,3.79
6071,4.41,3.79
6072,4.41,3.79
6073,4.40,3.79
6074,4.40,3.79
6075,4.41,3.79
6076,4.41,3.79
6078,4.41,3.79
6079,4.41,3.79
6080,4.40,3.79
6081,4.41,3.79
6082,4.40,3.79
6083,4.41,3.79
6084,4.41,3.79
6085,4.41,3.79
6087,4.41,3.79
6088,4.40,3.79
6089,4.40,3.79
6090,4.40,3.79
6091,4.41,3.79
6092,4.40,3.79
6093,4.40,3.79
6094,4.41,3.79
6096,4.40,3.79
6097,4.40,3.79
6098,4.40,3.79
6099,4.40,3.79
6100,4.40,3.79
6102,4.40,3.79
6103,4.40,3.79
6104,4.40,3.79
6106,4.40,3.79
6107,4.40,3.79
6108,4.40,3.79
6109,4.40,3.79
6110,4.40,3.79
6111,4.41,3.79
6112,4.40,3.79
6113,4.41,3.79
6115,4.41,3.79
6116,4.40,3.79
6117,4.40,3.79
6118,4.40,3.79
6119,4.40,3.79
6120,4.41,3.79
6121,4.41,3.79
6122,4.41,3.79
6124,4.41,3.79
6125,4.41,3.79
6126,4.41,3.79
6127,4.41,3.79
6128,4.41,3.79
6129,4.41,3.79
6130,4.41,3.78
6131,4.41,3.78
6133,4.41,3.79
6134,4.41,3.78
6135,4.41,3.79
6136,4.41,3.79
6137,4.41,3.79
6138,4.41,3.79
6139,4.41,3.79
6140,4.41,3.79
6142,4.41,3.79
6144,4.41,3.79
6145,4.41,3.79
6146,4.41,3.79
6147,4.41,3.79
6148,4.41,3.79
6149,4.41,3.79
6150,4.41,3.79
6152,4.41,3.79
6153,4.41,3.79
6154,4.41,3.79
6155,4.41,3.79
6156,4.41,3.79
6157,4.41,3.79
6158,4.41,3.79
6160,4.41,3.79
6161,4.41,3.79
6162,4.41,3.79
6163,4.41,3.79
6164,4.41,3.79
6165,4.41,3.79
6166,4.41,3.79
6167,4.41,3.79
6169,4.41,3.79
6170,4.41,3.79
6171,4.41,3.79
6172,4.41,3.79
6173,4.41,3.79
6174,4.41,3.79
6175,4.41,3.79
6176,4.41,3.79
6178,4.41,3.79
6179,4.41,3.79
6180,4.41,3.79
6181,4.41,3.79
6182,4.41,3.79
6183,4.41,3.79
6184,4.41,3.79
6185,4.41,3.78
6188,4.40,3.79
6189,4.41,3.79
6190,4.41,3.79
6191,4.41,3.79
6192,4.41,3.79
6193,4.41,3.79
6194,4.41,3.79
6195,4.41,3.79
6197,4.41,3.79
6198,4.41,3.79
6199,4.41,3.78
6200,4.41,3.79
6201,4.41,3.78
6202,4.41,3.79
6203,4.41,3.79
6204,4.41,3.79
6206,4.41,3.79
6207,4.41,3.79
6208,4.41,3.79
6209,4.41,3.79
6210,4.41,3.79
6211,4.41,3.79
6212,4.41,3.79
6213,4.41,3.79
6215,4.41,3.79
6216,4.41,3.79
6217,4.41,3.79
6218,4.41,3.79
6219,4.41,3.79
6220,4.41,3.79
6221,4.41,3.79
6222,4.41,3.79
6224,4.41,3.79
6225,4.41,3.79
6226,4.41,3.79
6227,4.41,3.79
6228,4.41,3.79
6230,4.41,3.79
6231,4.41,3.78
6232,4.41,3.79
6234,4.41,3.78
6235,4.41,3.78
6236,4.41,3.78
6237,4.41,3.78
6238,4.41,3.78
6239,4.41,3.78
6240,4.41,3.78
6241,4.41,3.78
6243,4.41,3.79
6244,4.41,3.79
6245,4.41,3.79
6246,4.41,3.79
6247,4.41,3.79
6248,4.41,3.79
6249,4.41,3.79
6250,4.41,3.79
6252,4.41,3.79
6253,4.41,3.79
6254,4.41,3.79
6255,4.41,3.79
6256,4.41,3.79
6257,4.41,3.79
6258,4.41,3.79
6259,4.41,3.79
6261,4.41,3.79
6262,4.41,3.79
6263,4.41,3.79
6264,4.41,3.79
6265,4.41,3.79
6266,4.41,3.79
6267,4.41,3.79
6268,4.41,3.79
6270,4.41,3.79
6272,4.41,3.79
6273,4.41,3.78
6274,4.41,3.79
6275,4.41,3.79
6276,4.41,3.78
6277,4.41,3.79
6279,4.41,3.79
6280,4.41,3.79
6281,4.41,3.79
6282,4.41,3.79
6283,4.41,3.79
6284,4.41,3.79
6285,4.41,3.79
6286,4.41,3.79
6288,4.41,3.79
6289,4.41,3.78
6290,4.41,3.79
6291,4.41,3.78
6292,4.41,3.78
6293,4.41,3.79
6294,4.41,3.79
6295,4.41,3.79
6297,4.41,3.79
6298,4.41,3.79
6299,4.41,3.79
6300,4.41,3.79
6301,4.41,3.79
6302,4.41,3.79
6303,4.41,3.79
6304,4.41,3.79
6306,4.41,3.78
6307,4.41,3.79
6308,4.41,3.79
6309,4.41,3.79
6310,4.41,3.79
6311,4.41,3.79
6312,4.41,3.79
6313,4.41,3.79
6316,4.41,3.78
6317,4.41,3.79
6318,4.41,3.78
6319,4.41,3.79
6320,4.41,3.78
6321,4.42,3.79
6322,4.42,3.79
6323,4.42,3.79
6325,4.42,3.79
6326,4.42,3.79
6327,4.42,3.79
6328,4.42,3.79
6329,4.42,3.79
6330,4.42,3.79
6331,4.42,3.79
6332,4.42,3.79
6334,4.42,3.79
6335,4.42,3.79
6336,4.42,3.79
6337,4.42,3.79
6338,4.42,3.79
6339,4.42,3.79
6340,4.42,3.79
6341,4.42,3.79
6343,4.42,3.79
6344,4.42,3.79
6345,4.41,3.79
6346,4.41,3.78
6347,4.41,3.79
6348,4.41,3.78
6349,4.41,3.78
6350,4.41,3.78
6352,4.41,3.78
6353,4.41,3.79
6354,4.41,3.79
6355,4.41,3.79
6356,4.41,3.79
6358,4.42,3.79
6359,4.41,3.79
6360,4.41,3.78
6362,4.41,3.79
6363,4.41,3.79
6364,4.41,3.79
6365,4.41,3.79
6366,4.41,3.78
6367,4.41,3.78
6368,4.41,3.78
6369,4.41,3.79
6371,4.41,3.79
6372,4.41,3.78
6373,4.42,3.79
6374,4.42,3.79
6375,4.42,3.79
6376,4.41,3.79
6377,4.41,3.79
6378,4.41,3.78
6380,4.41,3.78
6381,4.41,3.78
6382,4.41,3.78
6383,4.41,3.78
6384,4.41,3.78
6385,4.41,3.78
6386,4.41,3.78
6387,4.41,3.78
6389,4.41,3.78
6390,4.41,3.78
6391,4.41,3.78
6392,4.41,3.78
6393,4.41,3.78
6394,4.41,3.78
6395,4.41,3.78
6396,4.41,3.78
6398,4.41,3.78
6400,4.41,3.78
6401,4.41,3.78
6402,4.41,3.78
6403,4.41,3.78
6404,4.41,3.78
6405,4.41,3.78
6406,4.41,3.78
6408,4.41,3.78
6409,4.41,3.78
6410,4.41,3.78
6411,4.41,3.78
6412,4.41,3.78
6413,4.41,3.78
6414,4.41,3.78
6415,4.41,3.78
6417,4.41,3.78
6418,4.41,3.78
6419,4.41,3.78
6420,4.41,3.78
6421,4.41,3.78
6422,4.41,3.78
6423,4.41,3.78
6424,4.41,3.78
6426,4.41,3.78
6427,4.41,3.78
6428,4.41,3.78
6429,4.41,3.78
6430,4.41,3.78
6431,4.41,3.78
6432,4.41,3.78
6433,4.41,3.78
6435,4.41,3.78
6436,4.41,3.78
6437,4.41,3.78
6438,4.41,3.78
6439,4.41,3.78
6440,4.41,3.78
6441,4.41,3.78
6443,4.41,3.78
6445,4.41,3.78
6446,4.41,3.78
6447,4.41,3.78
6448,4.41,3.78
6449,4.41,3.78
6450,4.41,3.78
6451,4.41,3.78
6452,4.41,3.78
6454,4.41,3.78
6455,4.41,3.78
6456,4.41,3.78
6457,4.41,3.78
6458,4.41,3.78
6459,4.41,3.78
6460,4.41,3.78
6461,4.41,3.78
6463,4.41,3.78
6464,4.41,3.78
6465,4.41,3.78
6466,4.41,3.78
6467,4.41,3.78
6468,4.41,3.78
6469,4.41,3.78
6470,4.41,3.78
6472,4.41,3.78
6473,4.41,3.78
6474,4.41,3.78
6475,4.41,3.78
6476,4.41,3.78
6477,4.41,3.78
6478,4.41,3.78
6479,4.41,3.78
6481,4.41,3.78
6482,4.41,3.78
6483,4.41,3.78
6484,4.41,3.78
6486,4.41,3.78
6487,4.41,3.78
6488,4.41,3.78
6489,4.41,3.78
6491,4.41,3.78
6492,4.41,3.78
6493,4.41,3.78
6494,4.41,3.78
6495,4.41,3.78
6496,4.41,3.78
6497,4.41,3.78
6498,4.41,3.78
6500,4.41,3.78
6501,4.41,3.78
6502,4.41,3.78
6503,4.41,3.78
6504,4.41,3.78
6505,4.41,3.78
6506,4.41,3.78
6507,4.41,3.78
6509,4.41,3.78
6510,4.41,3.78
6511,4.41,3.78
6512,4.41,3.78
6513,4.41,3.78
6514,4.41,3.78
6515,4.41,3.78
6516,4.41,3.78
6518,4.41,3.78
6519,4.41,3.78
6520,4.41,3.78
6521,4.41,3.78
6522,4.41,3.78
6523,4.41,3.78
6524,4.41,3.78
6525,4.41,3.78
6528,4.41,3.78
6529,4.41,3.78
6530,4.41,3.78
6531,4.41,3.78
6532,4.41,3.78
6533,4.41,3.78
6534,4.41,3.78
6535,4.41,3.78
6537,4.41,3.78
6538,4.41,3.78
6539,4.41,3.78
6540,4.41,3.78
6541,4.41,3.78
6542,4.41,3.78
6543,4.41,3.78
6544,4.41,3.78
6546,4.41,3.78
6547,4.41,3.78
6548,4.41,3.78
6549,4.41,3.78
6550,4.41,3.78
6551,4.41,3.78
6552,4.41,3.78
6553,4.41,3.78
6555,4.41,3.78
6556,4.41,3.78
6557,4.41,3.78
6558,4.41,3.78
6559,4.41,3.78
6560,4.41,3.78
6561,4.41,3.78
6563,4.41,3.78
6564,4.41,3.78
6565,4.41,3.78
6566,4.41,3.78
6567,4.41,3.78
6568,4.41,3.78
6569,4.41,3.78
6571,4.41,3.78
6573,4.41,3.78
6574,4.41,3.78
6575,4.41,3.78
6576,4.41,3.78
6577,4.41,3.78
6578,4.41,3.78
6579,4.41,3.78
6580,4.41,3.78
6582,4.41,3.78
6583,4.41,3.78
6584,4.41,3.78
6585,4.41,3.78
6586,4.41,3.78
6587,4.41,3.78
6588,4.41,3.78
6589,4.41,3.78
6591,4.41,3.78
6592,4.41,3.78
6593,4.41,3.78
6594,4.41,3.78
6595,4.41,3.78
6596,4.41,3.78
6597,4.41,3.78
6598,4.41,3.78
6600,4.41,3.78
6601,4.41,3.78
6602,4.41,3.78
6603,4.41,3.78
6604,4.41,3.78
6605,4.41,3.78
6606,4.41,3.78
6607,4.41,3.78
6609,4.41,3.78
6610,4.41,3.78
6611,4.41,3.78
6612,4.41,3.78
6614,4.41,3.78
6615,4.41,3.78
6616,4.41,3.78
6617,4.41,3.78
6619,4.41,3.78
6620,4.41,3.78
6621,4.41,3.78
6622,4.41,3.77
6623,4.41,3.77
6624,4.41,3.78
6625,4.41,3.78
6626,4.41,3.78
6628,4.41,3.78
6629,4.41,3.77
6630,4.41,3.78
6631,4.41,3.78
6632,4.41,3.78
6633,4.41,3.78
6634,4.41,3.78
6635,4.41,3.78
6637,4.41,3.78
6638,4.41,3.78
6639,4.41,3.78
6640,4.41,3.78
6641,4.41,3.78
6642,4.41,3.78
6643,4.41,3.78
6644,4.41,3.78
6646,4.41,3.78
6647,4.41,3.78
6648,4.41,3.78
6649,4.41,3.78
6650,4.41,3.78
6651,4.41,3.78
6652,4.41,3.78
6653,4.41,3.78
6656,4.41,3.78
6657,4.41,3.78
6658,4.41,3.77
6659,4.41,3.78
6660,4.41,3.77
6661,4.41,3.78
6662,4.41,3.78
6663,4.41,3.78
6665,4.41,3.78
6666,4.41,3.78
6667,4.41,3.78
6668,4.41,3.78
6669,4.41,3.78
6670,4.41,3.78
6671,4.41,3.78
6672,4.41,3.78
6674,4.41,3.78
6675,4.41,3.78
6676,4.41,3.78
6677,4.41,3.78
6678,4.41,3.78
6679,4.41,3.78
6680,4.41,3.78
6682,4.41,3.77
6683,4.41,3.77
6684,4.41,3.77
6685,4.41,3.78
6686,4.41,3.77
6687,4.41,3.77
6688,4.41,3.77
6689,4.41,3.77
6691,4.41,3.77
6692,4.41,3.77
6693,4.41,3.78
6694,4.41,3.77
6695,4.41,3.77
6696,4.41,3.77
6697,4.41,3.77
6699,4.41,3.78
6701,4.41,3.77
6702,4.41,3.77
6703,4.41,3.77
6704,4.41,3.77
6705,4.41,3.77
6706,4.41,3.77
6707,4.41,3.78
6708,4.41,3.77
6710,4.41,3.77
6711,4.41,3.77
6712,4.41,3.77
6713,4.41,3.77
6714,4.41,3.77
6715,4.41,3.77
6716,4.41,3.77
6717,4.41,3.77
6719,4.41,3.77
6720,4.41,3.77
6721,4.41,3.77
6722,4.41,3.78
6723,4.41,3.77
6724,4.41,3.77
6725,4.41,3.77
6726,4.41,3.77
6728,4.41,3.77
6729,4.41,3.77
6730,4.41,3.78
6731,4.41,3.78
6732,4.41,3.77
6733,4.41,3.78
6734,4.41,3.77
6735,4.41,3.77
6737,4.41,3.78
6738,4.41,3.78
6739,4.41,3.78
6740,4.41,3.77
6742,4.41,3.77
6743,4.41,3.77
6744,4.41,3.77
6745,4.42,3.78
6747,4.42,3.78
6748,4.42,3.78
6749,4.42,3.78
6750,4.42,3.78
6751,4.42,3.78
6752,4.42,3.78
6753,4.42,3.78
6754,4.42,3.78
6756,4.41,3.78
6757,4.42,3.78
6758,4.41,3.78
6759,4.41,3.78
6760,4.41,3.78
6761,4.41,3.78
6762,4.41,3.78
6763,4.41,3.78
6765,4.41,3.78
6766,4.41,3.78
6767,4.41,3.78
6768,4.42,3.78
6769,4.41,3.78
6770,4.41,3.78
6771,4.41,3.77
6772,4.41,3.78
6774,4.41,3.78
6775,4.41,3.78
6776,4.41,3.78
6777,4.41,3.77
6778,4.41,3.77
6779,4.41,3.77
6780,4.41,3.77
6781,4.41,3.77
6784,4.41,3.77
6785,4.41,3.77
6786,4.41,3.77
6787,4.41,3.78
6788,4.41,3.78
6789,4.41,3.78
6790,4.41,3.78
6791,4.41,3.77
6793,4.41,3.77
6794,4.41,3.78
6795,4.41,3.77
6796,4.41,3.78
6797,4.41,3.77
6798,4.41,3.77
6799,4.41,3.78
6800,4.41,3.78
6802,4.41,3.77
6803,4.41,3.78
6804,4.41,3.77
6805,4.41,3.78
6806,4.41,3.78
6807,4.41,3.78
6808,4.41,3.78
6809,4.41,3.78
6811,4.41,3.78
6812,4.41,3.78
6813,4.41,3.78
6814,4.41,3.78
6815,4.41,3.78
6816,4.41,3.77
6817,4.41,3.78
6818,4.41,3.78
6820,4.41,3.78
6821,4.41,3.78
6822,4.41,3.77
6823,4.41,3.77
6824,4.41,3.77
6825,4.41,3.77
6827,4.41,3.77
6828,4.41,3.77
6830,4.41,3.77
6831,4.41,3.77
6832,4.41,3.77
6833,4.41,3.77
6834,4.41,3.77
6835,4.41,3.77
6836,4.41,3.77
6837,4.41,3.77
6839,4.41,3.77
6840,4.41,3.77
6841,4.41,3.77
6842,4.41,3.77
6843,4.41,3.77
6844,4.41,3.78
6845,4.41,3.77
6846,4.41,3.78
6848,4.41,3.78
6849,4.41,3.78
6850,4.41,3.78
6851,4.41,3.78
6852,4.41,3.77
6853,4.41,3.77
6854,4.41,3.77
6856,4.41,3.77
6857,4.41,3.77
6858,4.41,3.77
6859,4.41,3.77
6860,4.41,3.77
6861,4.41,3.77
6862,4.41,3.77
6863,4.41,3.77
6865,4.41,3.77
6866,4.41,3.77
6867,4.41,3.77
6868,4.41,3.77
6870,4.41,3.78
6871,4.41,3.78
6872,4.41,3.78
6873,4.41,3.78
6875,4.41,3.78
6876,4.41,3.77
6877,4.41,3.77
6878,4.41,3.78
6879,4.41,3.77
6880,4.41,3.77
6881,4.41,3.77
6882,4.41,3.77
6884,4.41,3.77
6885,4.41,3.77
6886,4.41,3.77
6887,4.41,3.77
6888,4.41,3.77
6889,4.41,3.77
6890,4.41,3.77
6891,4.41,3.77
6893,4.41,3.77
6894,4.41,3.77
6895,4.41,3.77
6896,4.41,3.77
6897,4.41,3.77
6898,4.41,3.77
6899,4.41,3.77
6900,4.41,3.77
6902,4.41,3.77
6903,4.41,3.77
6904,4.41,3.77
6905,4.41,3.77
6906,4.41,3.77
6907,4.41,3.77
6908,4.41,3.78
6909,4.41,3.78
6912,4.41,3.78
6913,4.41,3.77
6914,4.41,3.78
6915,4.41,3.77
6916,4.41,3.78
6917,4.41,3.77
6918,4.41,3.77
6919,4.41,3.77
6921,4.41,3.77
6922,4.41,3.77
6923,4.41,3.77
6924,4.41,3.77
6925,4.41,3.77
6926,4.41,3.78
6927,4.41,3.78
6928,4.41,3.77
6930,4.41,3.77
6931,4.41,3.78
6932,4.41,3.77
6933,4.41,3.77
6934,4.41,3.77
6935,4.41,3.77
6936,4.41,3.77
6937,4.41,3.77
6939,4.41,3.77
6940,4.41,3.77
6941,4.41,3.77
6942,4.41,3.77
6943,4.41,3.77
6944,4.41,3.77
6945,4.41,3.77
6946,4.42,3.77
6948,4.41,3.77
6949,4.41,3.77
6950,4.41,3.77
6951,4.41,3.77
6952,4.41,3.77
6953,4.41,3.77
6955,4.41,3.77
6956,4.41,3.77
6958,4.41,3.77
6959,4.41,3.77
6960,4.42,3.77
6961,4.41,3.77
6962,4.41,3.77
6963,4.41,3.77
6964,4.41,3.77
6965,4.41,3.77
6967,4.41,3.77
6968,4.41,3.77
6969,4.41,3.77
6970,4.41,3.77
6971,4.41,3.77
6972,4.41,3.77
6973,4.41,3.77
6974,4.41,3.77
6976,4.41,3.77
6977,4.41,3.77
6978,4.41,3.77
6979,4.41,3.77
6980,4.41,3.77
6981,4.41,3.77
6982,4.41,3.77
6983,4.41,3.77
6985,4.41,3.77
6986,4.41,3.77
6987,4.41,3.78
6988,4.41,3.77
6989,4.41,3.77
6990,4.41,3.77
6991,4.41,3.77
6992,4.41,3.77
6994,4.41,3.77
6995,4.41,3.77
6996,4.41,3.77
6998,4.41,3.77
6999,4.41,3.77
7000,4.41,3.77
7001,4.41,3.77
7002,4.41,3.77
7004,4.41,3.77
7005,4.41,3.77
7006,4.41,3.77
7007,4.41,3.77
7008,4.41,3.77
7009,4.42,3.77
7010,4.42,3.77
7011,4.42,3.77
7013,4.42,3.77
7014,4.41,3.77
7015,4.42,3.77
7016,4.42,3.77
7017,4.42,3.77
7018,4.42,3.77
7019,4.42,3.77
7020,4.42,3.77
7022,4.41,3.77
7023,4.42,3.77
7024,4.41,3.77
7025,4.42,3.77
7026,4.41,3.77
7027,4.41,3.77
7028,4.41,3.77
7029,4.42,3.77
7031,4.41,3.77
7032,4.41,3.77
7033,4.42,3.77
7034,4.41,3.77
7035,4.41,3.77
7036,4.41,3.77
7037,4.41,3.77
7038,4.41,3.77
7041,4.41,3.77
7042,4.41,3.77
7043,4.41,3.77
7044,4.41,3.77
7045,4.41,3.77
7046,4.41,3.77
7047,4.41,3.77
7048,4.41,3.77
7050,4.41,3.77
7051,4.41,3.77
7052,4.41,3.77
7053,4.41,3.77
7054,4.41,3.77
7055,4.41,3.77
7056,4.41,3.77
7057,4.41,3.77
7059,4.41,3.77
7060,4.41,3.77
7061,4.41,3.77
7062,4.41,3.77
7063,4.41,3.77
7064,4.41,3.77
7065,4.41,3.77
7066,4.41,3.77
7068,4.41,3.77
7069,4.41,3.77
7070,4.41,3.77
7071,4.41,3.77
7072,4.41,3.77
7073,4.41,3.77
7074,4.41,3.77
7075,4.42,3.77
7077,4.41,3.77
7078,4.41,3.77
7079,4.41,3.77
7080,4.41,3.77
7081,4.41,3.77
7083,4.41,3.77
7084,4.41,3.77
7085,4.41,3.77
7087,4.41,3.77
7088,4.41,3.77
7089,4.41,3.77
7090,4.41,3.77
7091,4.41,3.77
7092,4.41,3.77
7093,4.41,3.77
7094,4.41,3.77
7096,4.41,3.77
7097,4.41,3.77
7098,4.41,3.77
7099,4.41,3.77
7100,4.41,3.77
7101,4.41,3.77
7102,4.41,3.77
7103,4.41,3.77
7105,4.41,3.77
7106,4.41,3.77
7107,4.41,3.77
7108,4.41,3.77
7109,4.41,3.77
7110,4.41,3.77
7111,4.41,3.77
7112,4.41,3.77
7114,4.41,3.77
7115,4.41,3.77
7116,4.41,3.77
7117,4.41,3.77
7118,4.41,3.77
7119,4.41,3.77
7120,4.41,3.77
7121,4.41,3.77
7123,4.41,3.77
7124,4.41,3.77
7126,4.41,3.77
7127,4.41,3.77
7128,4.41,3.77
7129,4.41,3.77
7130,4.41,3.77
7131,4.41,3.77
7133,4.41,3.77
7134,4.41,3.77
7135,4.41,3.77
7136,4.41,3.77
7137,4.41,3.77
7138,4.41,3.77
7139,4.41,3.77
7140,4.41,3.77
7142,4.41,3.77
7143,4.41,3.77
7144,4.41,3.77
7145,4.41,3.77
7146,4.41,3.77
7147,4.41,3.77
7148,4.41,3.77
7149,4.41,3.77
7151,4.41,3.77
7152,4.42,3.77
7153,4.42,3.77
7154,4.41,3.77
7155,4.42,3.77
7156,4.42,3.77
7157,4.42,3.77
7158,4.42,3.77
7160,4.42,3.77
7161,4.42,3.77
7162,4.42,3.78
7163,4.42,3.77
7164,4.42,3.77
7165,4.42,3.78
7166,4.42,3.78
7168,4.42,3.78
7170,4.42,3.78
7171,4.42,3.77
7172,4.42,3.77
7173,4.41,3.77
7174,4.41,3.77
7175,4.41,3.77
7176,4.41,3.77
7177,4.42,3.77
7179,4.41,3.77
7180,4.41,3.77
7181,4.41,3.77
7182,4.41,3.77
7183,4.41,3.77
7184,4.42,3.77
7185,4.42,3.77
7186,4.41,3.77
7188,4.41,3.77
7189,4.42,3.77
7190,4.42,3.77
7191,4.41,3.77
7192,4.42,3.77
7193,4.42,3.77
7194,4.42,3.77
7195,4.42,3.77
7197,4.42,3.78
7198,4.42,3.77
7199,4.41,3.77
7200,4.41,3.77
7201,4.41,3.77
7202,4.41,3.77
7203,4.41,3.77
7204,4.42,3.77
7206,4.42,3.77
7207,4.41,3.77
7208,4.42,3.77
7209,4.42,3.77
7211,4.42,3.77
7212,4.42,3.77
7213,4.42,3.77
7214,4.42,3.77
7216,4.42,3.77
7217,4.42,3.77
7218,4.42,3.77
7219,4.42,3.77
7220,4.42,3.77
7221,4.42,3.77
7222,4.42,3.77
7223,4.42,3.77
7225,4.42,3.77
7226,4.42,3.77
7227,4.42,3.78
7228,4.42,3.77
7229,4.42,3.78
7230,4.42,3.78
7231,4.42,3.77
7232,4.42,3.77
7234,4.42,3.77
7235,4.42,3.77
7236,4.42,3.77
7237,4.41,3.77
7238,4.41,3.77
7239,4.41,3.77
7240,4.42,3.77
7241,4.42,3.77
7243,4.42,3.77
7244,4.42,3.77
7245,4.42,3.77
7246,4.42,3.77
7247,4.41,3.77
7248,4.41,3.77
7249,4.42,3.77
7250,4.42,3.77
7252,4.42,3.77
7254,4.42,3.77
7255,4.41,3.77
7256,4.42,3.77
7257,4.42,3.77
7258,4.42,3.77
7259,4.42,3.77
7260,4.42,3.77
7262,4.42,3.77
7263,4.42,3.77
7264,4.41,3.77
7265,4.41,3.77
7266,4.41,3.77
7267,4.42,3.77
7268,4.42,3.77
7269,4.42,3.77
7271,4.42,3.77
7272,4.42,3.77
7273,4.42,3.77
7274,4.42,3.77
7275,4.42,3.77
7276,4.42,3.77
7277,4.42,3.77
7278,4.42,3.77
7280,4.42,3.77
7281,4.42,3.77
7282,4.42,3.77
7283,4.42,3.77
7284,4.42,3.77
7285,4.42,3.77
7286,4.42,3.77
7287,4.42,3.77
7289,4.42,3.77
7290,4.42,3.77
7291,4.42,3.77
7292,4.42,3.77
7293,4.42,3.77
7294,4.41,3.77
7296,4.41,3.77
7297,4.42,3.77
7299,4.42,3.77
7300,4.42,3.77
7301,4.42,3.77
7302,4.42,3.77
7303,4.42,3.77
7304,4.42,3.77
7305,4.42,3.77
7306,4.42,3.77
7308,4.42,3.77
7309,4.42,3.77
7310,4.42,3.77
7311,4.42,3.77
7312,4.42,3.77
7313,4.42,3.77
7314,4.42,3.77
7315,4.42,3.77
7317,4.42,3.77
7318,4.41,3.77
7319,4.41,3.77
7320,4.41,3.77
7321,4.42,3.77
7322,4.42,3.77
7323,4.42,3.77
7324,4.42,3.77
7326,4.42,3.77
7327,4.42,3.77
7328,4.42,3.77
7329,4.42,3.77
7330,4.42,3.77
7331,4.42,3.77
7332,4.42,3.77
7333,4.42,3.77
7335,4.42,3.77
7336,4.42,3.77
7337,4.42,3.77
7339,4.42,3.77
7340,4.42,3.77
7341,4.42,3.77
7342,4.42,3.77
7343,4.42,3.77
7345,4.42,3.77
7346,4.42,3.77
7347,4.42,3.77
7348,4.42,3.77
7349,4.42,3.77
7350,4.42,3.77
7351,4.42,3.77
7352,4.42,3.77
7354,4.42,3.77
7355,4.42,3.77
7356,4.42,3.77
7357,4.42,3.77
7358,4.42,3.77
7359,4.42,3.77
7360,4.42,3.77
7361,4.42,3.77
7363,4.42,3.77
7364,4.42,3.77
7365,4.42,3.77
7366,4.42,3.77
7367,4.42,3.77
7368,4.42,3.77
7369,4.42,3.77
7370,4.42,3.77
7372,4.42,3.77
7373,4.42,3.77
7374,4.42,3.77
7375,4.42,3.77
7376,4.42,3.77
7377,4.42,3.77
7378,4.42,3.77
7379,4.42,3.77
7382,4.42,3.77
7383,4.42,3.77
7384,4.42,3.77
7385,4.42,3.77
7386,4.42,3.77
7387,4.42,3.77
7388,4.42,3.77
7389,4.42,3.77
7391,4.41,3.77
7392,4.41,3.77
7393,4.41,3.77
7394,4.41,3.77
7395,4.41,3.77
7396,4.41,3.77
7397,4.41,3.77
7398,4.41,3.77
7400,4.41,3.77
7401,4.42,3.77
7402,4.42,3.77
7403,4.41,3.77
7404,4.42,3.77
7405,4.42,3.77
7406,4.41,3.77
7407,4.42,3.77
7409,4.42,3.77
7410,4.42,3.77
7411,4.42,3.77
7412,4.42,3.77
7413,4.42,3.77
7414,4.42,3.77
7415,4.42,3.77
7416,4.42,3.77
7418,4.42,3.77
7419,4.42,3.77
7420,4.42,3.77
7421,4.42,3.77
7422,4.42,3.77
7424,4.42,3.77
7425,4.42,3.77
7426,4.42,3.77
7428,4.42,3.77
7429,4.42,3.77
7430,4.42,3.77
7431,4.42,3.77
7432,4.42,3.77
7433,4.42,3.77
7434,4.42,3.77
7435,4.42,3.77
7437,4.42,3.77
7438,4.42,3.77
7439,4.42,3.77
7440,4.42,3.77
7441,4.42,3.77
7442,4.42,3.77
7443,4.42,3.77
7444,4.42,3.77
7446,4.42,3.77
7447,4.42,3.77
7448,4.42,3.77
7449,4.42,3.77
7450,4.42,3.77
7451,4.42,3.77
7452,4.42,3.77
7453,4.42,3.77
7455,4.42,3.77
7456,4.42,3.77
7457,4.42,3.77
7458,4.42,3.77
7459,4.42,3.77
7460,4.42,3.77
7461,4.42,3.77
7462,4.42,3.77
7464,4.42,3.77
7465,4.42,3.77
7467,4.42,3.77
7468,4.42,3.77
7469,4.42,3.77
7470,4.42,3.77
7471,4.42,3.77
7472,4.42,3.77
7474,4.42,3.77
7475,4.42,3.77
7476,4.42,3.77
7477,4.42,3.77
7478,4.42,3.77
7479,4.42,3.77
7480,4.42,3.77
7481,4.42,3.77
7483,4.42,3.77
7484,4.42,3.77
7485,4.42,3.77
7486,4.42,3.77
7487,4.42,3.77
7488,4.42,3.77
7489,4.42,3.77
7490,4.42,3.77
7492,4.42,3.77
7493,4.42,3.77
7494,4.42,3.77
7495,4.42,3.76
7496,4.42,3.77
7497,4.42,3.77
7498,4.42,3.77
7499,4.42,3.77
7501,4.42,3.77
7502,4.42,3.77
7503,4.41,3.77
7504,4.42,3.77
7505,4.42,3.77
7506,4.41,3.77
7507,4.42,3.77
7508,4.41,3.77
7511,4.41,3.77
7512,4.41,3.77
7513,4.41,3.77
7514,4.41,3.77
7515,4.41,3.77
7516,4.41,3.77
7517,4.41,3.77
7519,4.41,3.77
7520,4.41,3.77
7521,4.41,3.77
7522,4.41,3.77
7523,4.41,3.77
7524,4.41,3.77
7525,4.41,3.77
7526,4.41,3.77
7528,4.41,3.77
7529,4.41,3.77
7530,4.41,3.77
7531,4.41,3.77
7532,4.41,3.77
7533,4.41,3.77
7534,4.41,3.77
7535,4.41,3.77
7537,4.41,3.77
7538,4.41,3.77
7539,4.41,3.77
7540,4.41,3.77
7541,4.41,3.77
7542,4.41,3.77
7543,4.41,3.77
7544,4.41,3.77
7546,4.41,3.77
7547,4.41,3.77
7548,4.41,3.76
7549,4.41,3.76
7550,4.41,3.77
7552,4.41,3.77
7553,4.41,3.76
7554,4.41,3.77
7556,4.41,3.77
7557,4.41,3.76
7558,4.41,3.76
7559,4.41,3.76
7560,4.41,3.76
7561,4.41,3.76
7562,4.41,3.76
7563,4.41,3.76
7565,4.41,3.76
7566,4.41,3.76
7567,4.41,3.76
7568,4.41,3.76
7569,4.41,3.77
7570,4.41,3.77
7571,4.41,3.77
7572,4.41,3.77
7574,4.41,3.77
7575,4.41,3.77
7576,4.41,3.77
7577,4.41,3.76
7578,4.41,3.77
7579,4.41,3.77
7580,4.41,3.77
7581,4.41,3.77
7583,4.41,3.77
7584,4.41,3.77
7585,4.41,3.77
7586,4.41,3.77
7587,4.41,3.77
7588,4.41,3.77
7589,4.41,3.77
7590,4.41,3.76
7592,4.41,3.76
7593,4.41,3.77
7595,4.41,3.76
7596,4.41,3.77
7597,4.41,3.76
7598,4.41,3.77
7599,4.41,3.76
7601,4.41,3.76
7602,4.41,3.76
7603,4.41,3.77
7604,4.41,3.77
7605,4.41,3.77
7606,4.41,3.76
7607,4.41,3.76
7608,4.42,3.77
7610,4.42,3.77
7611,4.42,3.76
7612,4.42,3.77
7613,4.42,3.77
7614,4.42,3.77
7615,4.42,3.77
7616,4.42,3.77
7617,4.42,3.77
7619,4.42,3.77
7620,4.42,3.77
7621,4.42,3.77
7622,4.42,3.77
7623,4.42,3.77
7624,4.42,3.77
7625,4.42,3.77
7626,4.42,3.77
7628,4.42,3.77
7629,4.42,3.77
7630,4.42,3.77
7631,4.42,3.77
7632,4.42,3.77
7633,4.42,3.77
7634,4.42,3.77
7635,4.42,3.77
7638,4.42,3.77
7639,4.42,3.77
7640,4.42,3.77
7641,4.42,3.77
7642,4.42,3.77
7643,4.42,3.77
7644,4.42,3.77
7645,4.42,3.77
7647,4.42,3.77
7648,4.42,3.77
7649,4.42,3.77
7650,4.42,3.77
7651,4.42,3.77
7652,4.42,3.77
7653,4.42,3.77
7654,4.42,3.77
7656,4.42,3.77
7657,4.42,3.77
7658,4.42,3.77
7659,4.42,3.76
7660,4.42,3.76
7661,4.42,3.76
7662,4.42,3.76
7663,4.42,3.77
7665,4.42,3.76
7666,4.42,3.76
7667,4.42,3.76
7668,4.42,3.76
7669,4.42,3.76
7670,4.42,3.76
7671,4.42,3.77
7672,4.42,3.76
7674,4.42,3.76
7675,4.42,3.77
7676,4.42,3.77
7677,4.42,3.77
7678,4.42,3.77
7680,4.42,3.77
7681,4.42,3.77
7682,4.42,3.76
7684,4.42,3.77
7685,4.42,3.77
7686,4.42,3.77
7687,4.42,3.76
7688,4.42,3.76
7689,4.42,3.77
7690,4.42,3.76
7691,4.42,3.76
7693,4.42,3.77
7694,4.42,3.76
7695,4.42,3.76
7696,4.42,3.77
7697,4.42,3.77
7698,4.42,3.77
7699,4.42,3.77
7700,4.42,3.77
7702,4.42,3.77
7703,4.42,3.76
7704,4.42,3.76
7705,4.42,3.76
7706,4.42,3.76
7707,4.42,3.76
7708,4.42,3.77
7709,4.42,3.77
7711,4.42,3.76
7712,4.42,3.76
7713,4.42,3.76
7714,4.42,3.76
7715,4.42,3.76
7716,4.42,3.76
7717,4.42,3.76
7718,4.42,3.76
7720,4.42,3.76
7721,4.42,3.76
7723,4.42,3.76
7724,4.42,3.76
7725,4.42,3.76
7726,4.42,3.76
7727,4.42,3.76
7728,4.42,3.77
7730,4.42,3.77
7731,4.42,3.77
7732,4.42,3.77
7733,4.42,3.77
7734,4.42,3.77
7735,4.42,3.77
7736,4.42,3.77
7737,4.42,3.77
7739,4.42,3.77
7740,4.42,3.77
7741,4.42,3.77
7742,4.42,3.77
7743,4.42,3.77
7744,4.42,3.77
7745,4.42,3.77
7746,4.42,3.76
7748,4.42,3.77
7749,4.42,3.76
7750,4.42,3.76
7751,4.42,3.76
7752,4.42,3.76
7753,4.42,3.76
7754,4.42,3.76
7755,4.42,3.76
7757,4.42,3.76
7758,4.42,3.77
7759,4.42,3.76
7760,4.42,3.76
7761,4.42,3.76
7762,4.42,3.76
7763,4.42,3.76
7764,4.42,3.76
7767,4.42,3.76
7768,4.42,3.76
7769,4.42,3.76
7770,4.42,3.76
7771,4.42,3.76
7772,4.42,3.76
7773,4.42,3.76
7774,4.42,3.76
7776,4.42,3.76
7777,4.42,3.76
7778,4.42,3.76
7779,4.42,3.76
7780,4.42,3.76
7781,4.42,3.76
7782,4.42,3.76
7783,4.42,3.76
7785,4.42,3.76
7786,4.42,3.76
7787,4.42,3.76
7788,4.42,3.76
7789,4.42,3.76
7790,4.42,3.76
7791,4.42,3.76
7792,4.42,3.76
7794,4.42,3.76
7795,4.42,3.76
7796,4.42,3.76
7797,4.42,3.76
7798,4.42,3.76
7799,4.42,3.76
7800,4.42,3.76
7801,4.42,3.76
7803,4.42,3.76
7804,4.42,3.76
7805,4.42,3.76
7806,4.42,3.76
7808,4.42,3.77
7809,4.42,3.77
7810,4.42,3.77
7811,4.42,3.77
7813,4.42,3.77
7814,4.42,3.77
7815,4.42,3.77
7816,4.42,3.77
7817,4.42,3.76
7818,4.42,3.76
7819,4.42,3.76
7820,4.42,3.77
7822,4.42,3.77
7823,4.42,3.77
7824,4.42,3.77
7825,4.42,3.77
7826,4.42,3.77
7827,4.42,3.77
7828,4.42,3.77
7829,4.42,3.77
7831,4.42,3.77
7832,4.42,3.77
7833,4.42,3.77
7834,4.42,3.76
7835,4.42,3.77
7836,4.42,3.76
7837,4.42,3.76
7838,4.42,3.76
7840,4.42,3.76
7841,4.42,3.76
7842,4.42,3.76
7843,4.42,3.76
7844,4.42,3.76
7845,4.42,3.76
7846,4.42,3.76
7847,4.42,3.77
7849,4.42,3.76
7851,4.42,3.77
7852,4.42,3.77
7853,4.42,3.77
7854,4.42,3.77
7855,4.42,3.77
7856,4.42,3.76
7857,4.42,3.77
7859,4.42,3.77
7860,4.42,3.77
7861,4.42,3.77
7862,4.42,3.77
7863,4.42,3.77
7864,4.42,3.77
7865,4.42,3.77
7866,4.42,3.77
7868,4.42,3.77
7869,4.42,3.76
7870,4.42,3.77
7871,4.42,3.76
7872,4.42,3.76
7873,4.42,3.76
7874,4.42,3.76
7875,4.42,3.76
7877,4.42,3.76
7878,4.42,3.76
7879,4.42,3.76
7880,4.42,3.76
7881,4.42,3.76
7882,4.42,3.76
7883,4.42,3.76
7884,4.42,3.76
7886,4.42,3.76
7887,4.42,3.76
7888,4.42,3.76
7889,4.42,3.77
7890,4.42,3.77
7891,4.42,3.77
7892,4.42,3.77
7894,4.42,3.77
7896,4.42,3.77
7897,4.42,3.77
7898,4.42,3.77
7899,4.42,3.77
7900,4.42,3.77
7901,4.42,3.76
7902,4.42,3.76
7903,4.42,3.76
7905,4.42,3.76
7906,4.42,3.76
7907,4.42,3.76
7908,4.42,3.76
7909,4.42,3.76
7910,4.42,3.76
7911,4.42,3.76
7912,4.42,3.76
7914,4.42,3.76
7915,4.42,3.76
7916,4.42,3.76
7917,4.42,3.76
7918,4.42,3.76
7919,4.42,3.76
7920,4.42,3.76
7921,4.42,3.76
7923,4.42,3.76
7924,4.42,3.76
7925,4.42,3.76
7926,4.42,3.76
7927,4.42,3.76
7928,4.42,3.76
7929,4.42,3.76
7930,4.42,3.76
7932,4.41,3.76
7933,4.41,3.76
7934,4.41,3.76
7936,4.41,3.76
7937,4.42,3.76
7938,4.41,3.76
7939,4.41,3.76
7940,4.41,3.76
7942,4.41,3.76
7943,4.41,3.76
7944,4.41,3.76
7945,4.41,3.76
7946,4.41,3.76
7947,4.41,3.76
7948,4.41,3.76
7949,4.41,3.76
7951,4.41,3.76
7952,4.41,3.76
7953,4.41,3.76
7954,4.41,3.76
7955,4.41,3.76
7956,4.41,3.76
7957,4.41,3.76
7958,4.41,3.76
7960,4.41,3.76
7961,4.41,3.76
7962,4.41,3.76
7963,4.41,3.76
7964,4.41,3.76
7965,4.41,3.76
7966,4.41,3.76
7967,4.41,3.76
7969,4.41,3.76
7970,4.41,3.76
7971,4.41,3.76
7972,4.41,3.76
7973,4.41,3.76
7974,4.41,3.76
7975,4.41,3.76
7976,4.41,3.76
7979,4.41,3.76
7980,4.41,3.76
7981,4.41,3.76
7982,4.41,3.76
7983,4.41,3.76
7984,4.41,3.76
7985,4.41,3.76
7986,4.41,3.76
7988,4.41,3.76
7989,4.41,3.76
7990,4.41,3.76
7991,4.41,3.76
7992,4.41,3.76
7993,4.41,3.76
7994,4.41,3.76
7996,4.41,3.76
7997,4.41,3.76
7998,4.41,3.76
7999,4.41,3.76
8000,4.41,3.76
8001,4.41,3.76
8002,4.41,3.76
8003,4.41,3.76
8005,4.41,3.76
8006,4.41,3.75
8007,4.41,3.76
8008,4.41,3.76
8009,4.41,3.76
8010,4.41,3.76
8011,4.41,3.76
8012,4.41,3.76
8014,4.41,3.76
8015,4.41,3.76
8016,4.41,3.76
8017,4.41,3.76
8018,4.41,3.76
8019,4.41,3.76
8020,4.41,3.75
8022,4.41,3.76
8024,4.41,3.76
8025,4.41,3.76
8026,4.41,3.76
8027,4.41,3.75
8028,4.41,3.75
8029,4.41,3.75
8030,4.41,3.76
8031,4.41,3.76
8033,4.41,3.76
8034,4.41,3.76
8035,4.41,3.76
8036,4.41,3.76
8037,4.41,3.76
8038,4.41,3.76
8039,4.41,3.76
8040,4.41,3.76
8042,4.41,3.76
8043,4.41,3.76
8044,4.41,3.76
8045,4.41,3.76
8046,4.41,3.76
8047,4.41,3.76
8048,4.41,3.76
8049,4.41,3.76
8051,4.41,3.75
8052,4.41,3.76
8053,4.41,3.76
8054,4.41,3.76
8055,4.41,3.76
8056,4.41,3.76
8057,4.41,3.76
8058,4.41,3.76
8060,4.41,3.76
8061,4.41,3.76
8062,4.41,3.76
8064,4.41,3.76
8065,4.41,3.76
8066,4.41,3.75
8067,4.41,3.76
8068,4.41,3.75
8070,4.41,3.76
8071,4.41,3.75
8072,4.41,3.76
8073,4.41,3.76
8074,4.41,3.76
8075,4.41,3.76
8076,4.41,3.76
8077,4.41,3.76
8079,4.41,3.76
8080,4.41,3.76
8081,4.41,3.76
8082,4.41,3.76
8083,4.41,3.76
8084,4.41,3.76
8085,4.41,3.76
8086,4.41,3.76
8088,4.41,3.76
8089,4.41,3.75
8090,4.41,3.76
8091,4.41,3.76
8092,4.41,3.75
8093,4.41,3.76
8094,4.41,3.75
8095,4.41,3.75
8097,4.41,3.75
8098,4.41,3.75
8099,4.41,3.75
8100,4.41,3.75
8101,4.41,3.75
8102,4.41,3.75
8103,4.41,3.75
8104,4.41,3.76
8107,4.41,3.75
8108,4.41,3.75
8109,4.41,3.75
8110,4.41,3.75
8111,4.41,3.76
8112,4.41,3.75
8113,4.41,3.76
8114,4.41,3.75
8116,4.41,3.76
8117,4.41,3.75
8118,4.41,3.75
8119,4.41,3.75
8120,4.41,3.75
8121,4.41,3.75
8122,4.41,3.75
8123,4.41,3.75
8125,4.41,3.75
8126,4.41,3.75
8127,4.41,3.75
8128,4.41,3.75
8129,4.41,3.75
8130,4.41,3.75
8131,4.41,3.75
8132,4.41,3.75
8134,4.41,3.75
8135,4.41,3.75
8136,4.41,3.75
8137,4.41,3.76
8138,4.41,3.76
8139,4.41,3.75
8140,4.41,3.75
8141,4.41,3.76
8143,4.41,3.76
8144,4.41,3.75
8145,4.41,3.76
8146,4.41,3.76
8147,4.41,3.75
8148,4.41,3.75
8150,4.41,3.76
8151,4.41,3.76
8153,4.41,3.75
8154,4.41,3.76
8155,4.41,3.76
8156,4.41,3.75
8157,4.41,3.75
8158,4.41,3.75
8159,4.41,3.75
8160,4.41,3.75
8162,4.41,3.76
8163,4.41,3.75
8164,4.41,3.75
8165,4.41,3.75
8166,4.41,3.75
8167,4.41,3.75
8168,4.41,3.75
8169,4.41,3.75
8171,4.41,3.75
8172,4.41,3.75
8173,4.41,3.75
8174,4.41,3.75
8175,4.41,3.75
8176,4.41,3.75
8177,4.41,3.75
8178,4.41,3.75
8180,4.41,3.75
8181,4.41,3.75
8182,4.41,3.75
8183,4.41,3.76
8184,4.41,3.75
8185,4.41,3.76
8186,4.41,3.76
8187,4.41,3.76
8189,4.41,3.76
8190,4.41,3.75
8192,4.41,3.75
8193,4.41,3.76
8194,4.41,3.75
8195,4.41,3.75
8196,4.41,3.75
8197,4.41,3.75
8199,4.41,3.75
8200,4.41,3.75
8201,4.41,3.75
8202,4.41,3.75
8203,4.41,3.75
8204,4.41,3.75
8205,4.41,3.75
8206,4.41,3.75
8208,4.41,3.75
8209,4.41,3.75
8210,4.41,3.75
8211,4.41,3.75
8212,4.41,3.75
8213,4.41,3.75
8214,4.41,3.75
8215,4.41,3.75
8217,4.41,3.75
8218,4.41,3.75
8219,4.41,3.75
8220,4.41,3.75
8221,4.41,3.75
8222,4.41,3.75
8223,4.41,3.75
8224,4.41,3.75
8226,4.41,3.75
8227,4.41,3.75
8228,4.41,3.75
8229,4.41,3.75
8230,4.41,3.75
8231,4.41,3.75
8232,4.41,3.75
8233,4.41,3.75
8236,4.41,3.75
8237,4.41,3.75
8238,4.41,3.75
8239,4.41,3.75
8240,4.41,3.75
8241,4.41,3.75
8242,4.41,3.75
8243,4.41,3.75
8245,4.41,3.75
8246,4.41,3.75
8247,4.41,3.75
8248,4.41,3.75
8249,4.41,3.75
8250,4.41,3.75
8251,4.41,3.75
8252,4.41,3.75
8254,4.41,3.75
8255,4.41,3.75
8256,4.41,3.75
8257,4.41,3.76
8258,4.41,3.75
8259,4.41,3.76
8260,4.41,3.75
8261,4.41,3.75
8263,4.41,3.75
8264,4.41,3.76
8265,4.41,3.76
8266,4.41,3.75
8267,4.41,3.75
8268,4.41,3.75
8269,4.41,3.75
8270,4.41,3.75
8272,4.41,3.76
8273,4.41,3.75
8274,4.41,3.75
8275,4.41,3.76
8276,4.41,3.75
8278,4.41,3.75
8279,4.41,3.75
8280,4.41,3.76
8282,4.41,3.75
8283,4.41,3.75
8284,4.41,3.75
8285,4.41,3.75
8286,4.41,3.75
8287,4.41,3.75
8288,4.41,3.75
8289,4.41,3.75
8291,4.41,3.75
8292,4.41,3.75
8293,4.41,3.76
8294,4.41,3.75
8295,4.41,3.75
8296,4.41,3.75
8297,4.41,3.76
8298,4.41,3.75
8300,4.41,3.75
8301,4.41,3.75
8302,4.41,3.76
8303,4.41,3.76
8304,4.41,3.75
8305,4.41,3.75
8306,4.41,3.75
8307,4.41,3.75
8309,4.41,3.75
8310,4.41,3.75
8311,4.41,3.75
8312,4.41,3.75
8313,4.41,3.75
8314,4.41,3.75
8315,4.41,3.75
8316,4.41,3.75
8318,4.41,3.75
8320,4.41,3.75
8321,4.41,3.75
8322,4.41,3.75
8323,4.41,3.75
8324,4.41,3.75
8325,4.41,3.75
8326,4.41,3.75
8328,4.41,3.75
8329,4.41,3.75
8330,4.41,3.75
8331,4.41,3.75
8332,4.41,3.75
8333,4.41,3.76
8334,4.41,3.75
8335,4.41,3.75
8337,4.41,3.75
8338,4.41,3.75
8339,4.41,3.75
8340,4.41,3.75
8341,4.41,3.75
8342,4.41,3.75
8343,4.41,3.75
8344,4.41,3.75
8346,4.41,3.75
8347,4.41,3.75
8348,4.41,3.75
8349,4.41,3.75
8350,4.41,3.75
8351,4.41,3.75
8352,4.41,3.75
8353,4.41,3.76
8355,4.41,3.75
8356,4.41,3.75
8357,4.41,3.75
8358,4.41,3.76
8359,4.41,3.76
8360,4.41,3.76
8361,4.41,3.75
8363,4.41,3.76
8365,4.41,3.76
8366,4.41,3.76
8367,4.41,3.76
8368,4.41,3.75
8369,4.41,3.76
8370,4.41,3.76
8371,4.41,3.76
8372,4.41,3.76
8374,4.41,3.76
8375,4.41,3.76
8376,4.41,3.76
8377,4.41,3.76
8378,4.41,3.76
8379,4.41,3.76
8380,4.41,3.76
8381,4.42,3.76
8383,4.42,3.75
8384,4.42,3.75
8385,4.42,3.76
8386,4.42,3.75
8387,4.42,3.76
8388,4.42,3.76
8389,4.42,3.75
8390,4.42,3.75
8392,4.42,3.76
8393,4.42,3.76
8394,4.42,3.76
8395,4.42,3.76
8396,4.42,3.76
8397,4.42,3.76
8398,4.42,3.76
8399,4.42,3.76
8401,4.42,3.76
8402,4.42,3.76
8403,4.42,3.76
8404,4.42,3.76
8406,4.42,3.76
8407,4.42,3.76
8408,4.42,3.76
8409,4.42,3.76
8411,4.42,3.76
8412,4.42,3.76
8413,4.42,3.76
8414,4.42,3.76
8415,4.42,3.76
8416,4.42,3.76
8417,4.42,3.76
8418,4.42,3.76
8420,4.42,3.76
8421,4.42,3.76
8422,4.42,3.76
8423,4.42,3.76
8424,4.42,3.76
8425,4.42,3.76
8426,4.42,3.76
8427,4.42,3.76
8429,4.42,3.76
8430,4.42,3.76
8431,4.42,3.76
8432,4.42,3.76
8433,4.42,3.76
8434,4.42,3.76
8435,4.42,3.76
8436,4.42,3.76
8438,4.42,3.76
8439,4.42,3.76
8440,4.42,3.76
8441,4.42,3.76
8442,4.42,3.76
8443,4.42,3.76
8444,4.42,3.76
8445,4.42,3.76
8448,4.42,3.76
8449,4.42,3.76
8450,4.42,3.76
8451,4.42,3.76
8452,4.42,3.76
8453,4.42,3.76
8454,4.42,3.76
8455,4.42,3.76
8457,4.42,3.76
8458,4.42,3.76
8459,4.42,3.76
8460,4.42,3.76
8461,4.42,3.76
8462,4.42,3.76
8463,4.42,3.76
8464,4.42,3.76
8466,4.42,3.76
8467,4.42,3.76
8468,4.42,3.76
8469,4.43,3.76
8470,4.43,3.76
8471,4.42,3.76
8472,4.42,3.76
8473,4.43,3.76
8475,4.42,3.76
8476,4.42,3.76
8477,4.42,3.76
8478,4.43,3.76
8479,4.42,3.76
8480,4.42,3.76
8481,4.42,3.76
8482,4.42,3.76
8484,4.42,3.76
8485,4.42,3.76
8486,4.42,3.76
8487,4.42,3.76
8488,4.42,3.76
8489,4.42,3.76
8491,4.42,3.76
8492,4.42,3.76
8494,4.42,3.76
8495,4.42,3.76
8496,4.42,3.76
8497,4.42,3.76
8498,4.42,3.76
8499,4.42,3.76
8500,4.42,3.76
8501,4.42,3.76
8503,4.42,3.76
8504,4.42,3.76
8505,4.42,3.76
8506,4.42,3.76
8507,4.42,3.76
8508,4.42,3.76
8509,4.42,3.76
8510,4.42,3.76
8512,4.42,3.76
8513,4.42,3.76
8514,4.42,3.76
8515,4.42,3.76
8516,4.42,3.76
8517,4.42,3.76
8518,4.42,3.76
8519,4.42,3.76
8521,4.42,3.76
8522,4.42,3.76
8523,4.42,3.76
8524,4.42,3.76
8525,4.42,3.76
8526,4.42,3.76
8527,4.42,3.76
8528,4.42,3.76
8530,4.42,3.76
8531,4.42,3.76
8532,4.42,3.76
8534,4.42,3.76
8535,4.42,3.76
8536,4.42,3.76
8537,4.42,3.76
8538,4.42,3.76
8540,4.42,3.76
8541,4.42,3.76
8542,4.42,3.76
8543,4.42,3.76
8544,4.42,3.76
8545,4.42,3.76
8546,4.42,3.76
8547,4.42,3.76
8549,4.42,3.75
8550,4.42,3.76
8551,4.42,3.76
8552,4.42,3.76
8553,4.42,3.76
8554,4.42,3.76
8555,4.42,3.76
8556,4.41,3.76
8558,4.41,3.76
8559,4.41,3.76
8560,4.41,3.76
8561,4.41,3.76
8562,4.41,3.76
8563,4.41,3.76
8564,4.41,3.75
8565,4.41,3.75
8567,4.41,3.76
8568,4.41,3.76
8569,4.41,3.75
8570,4.41,3.75
8571,4.41,3.75
8572,4.41,3.76
8573,4.41,3.75
8574,4.41,3.75
8577,4.41,3.75
8578,4.41,3.75
8579,4.41,3.75
8580,4.41,3.75
8581,4.41,3.75
8582,4.41,3.75
8583,4.41,3.75
8584,4.41,3.75
8586,4.41,3.75
8587,4.41,3.75
8588,4.41,3.75
8589,4.41,3.75
8590,4.41,3.75
8591,4.41,3.75
8592,4.41,3.75
8593,4.41,3.75
8595,4.41,3.75
8596,4.41,3.75
8597,4.41,3.75
8598,4.41,3.75
8599,4.41,3.75
8600,4.41,3.75
8601,4.41,3.75
8602,4.41,3.75
8604,4.41,3.75
8605,4.41,3.75
8606,4.41,3.75
8607,4.41,3.75
8608,4.41,3.75
8609,4.41,3.75
8610,4.41,3.75
8611,4.41,3.75
8613,4.41,3.75
8614,4.41,3.75
8615,4.41,3.75
8616,4.41,3.75
8617,4.41,3.75
8619,4.41,3.75
8620,4.41,3.75
8621,4.41,3.75
8623,4.41,3.75
8624,4.41,3.75
8625,4.41,3.75
8626,4.41,3.75
8627,4.41,3.75
8628,4.41,3.75
8629,4.41,3.75
8630,4.41,3.75
8632,4.41,3.75
8633,4.41,3.75
8634,4.41,3.75
8635,4.41,3.75
8636,4.41,3.75
8637,4.41,3.75
8638,4.41,3.75
8639,4.41,3.75
8641,4.41,3.75
8642,4.41,3.75
8643,4.41,3.75
8644,4.41,3.75
8645,4.41,3.75
8646,4.41,3.75
8647,4.41,3.75
8648,4.41,3.75
8650,4.41,3.75
8651,4.41,3.75
8652,4.41,3.75
8653,4.41,3.75
8654,4.41,3.75
8655,4.41,3.75
8656,4.41,3.75
8657,4.41,3.75
8659,4.41,3.75
8660,4.41,3.75
8662,4.41,3.75
8663,4.41,3.75
8664,4.41,3.75
8665,4.41,3.75
8666,4.41,3.75
8667,4.41,3.75
8669,4.41,3.75
8670,4.41,3.75
8671,4.41,3.75
8672,4.41,3.75
8673,4.41,3.75
8674,4.41,3.75
8675,4.41,3.75
8676,4.41,3.75
8678,4.41,3.75
8679,4.41,3.75
8680,4.41,3.75
8681,4.41,3.75
8682,4.41,3.75
8683,4.41,3.75
8684,4.41,3.75
8685,4.41,3.75
8687,4.41,3.75
8688,4.41,3.75
8689,4.41,3.75
8690,4.41,3.75
8691,4.41,3.75
8692,4.41,3.75
8693,4.41,3.75
8694,4.41,3.75
8696,4.41,3.75
8697,4.41,3.75
8698,4.41,3.75
8699,4.41,3.75
8700,4.41,3.75
8701,4.41,3.75
8702,4.41,3.75
8704,4.41,3.75
8706,4.41,3.75
8707,4.41,3.75
8708,4.41,3.75
8709,4.41,3.75
8710,4.41,3.75
8711,4.41,3.75
8712,4.41,3.75
8713,4.41,3.75
8715,4.41,3.75
8716,4.41,3.75
8717,4.41,3.75
8718,4.41,3.75
8719,4.41,3.75
8720,4.41,3.75
8721,4.41,3.75
8722,4.41,3.75
8724,4.41,3.75
8725,4.41,3.75
8726,4.41,3.75
8727,4.41,3.75
8728,4.41,3.75
8729,4.41,3.75
8730,4.41,3.75
8731,4.41,3.75
8733,4.41,3.75
8734,4.41,3.75
8735,4.41,3.75
8736,4.41,3.75
8737,4.41,3.75
8738,4.41,3.75
8739,4.41,3.75
8740,4.41,3.75
8742,4.41,3.75
8743,4.41,3.75
8744,4.41,3.75
8745,4.41,3.75
8747,4.41,3.75
8748,4.41,3.75
8749,4.41,3.75
8750,4.41,3.75
8752,4.41,3.75
8753,4.41,3.75
8754,4.41,3.75
8755,4.41,3.75
8756,4.41,3.75
8757,4.41,3.75
8758,4.41,3.75
8759,4.41,3.75
8761,4.41,3.75
8762,4.41,3.75
8763,4.41,3.75
8764,4.41,3.75
8765,4.41,3.75
8766,4.41,3.75
8767,4.41,3.75
8768,4.41,3.75
8770,4.41,3.75
8771,4.41,3.75
8772,4.41,3.75
8773,4.41,3.75
8774,4.41,3.75
8775,4.41,3.75
8776,4.41,3.75
8777,4.41,3.75
8779,4.41,3.75
8780,4.41,3.75
8781,4.41,3.75
8782,4.41,3.75
8783,4.41,3.75
8784,4.41,3.75
8785,4.41,3.75
8786,4.41,3.75
8788,4.41,3.75
8790,4.41,3.75
8791,4.41,3.75
8792,4.41,3.75
8793,4.41,3.75
8794,4.41,3.75
8795,4.41,3.75
8796,4.41,3.75
8798,4.41,3.75
8799,4.41,3.75
8800,4.41,3.75
8801,4.41,3.75
8802,4.41,3.75
8803,4.41,3.75
8804,4.41,3.75
8805,4.41,3.75
8807,4.41,3.75
8808,4.41,3.75
8809,4.41,3.75
8810,4.41,3.75
8811,4.41,3.75
8812,4.41,3.75
8813,4.41,3.75
8815,4.41,3.75
8816,4.41,3.75
8817,4.41,3.75
8818,4.41,3.75
8819,4.41,3.75
8820,4.41,3.75
8821,4.41,3.75
8822,4.41,3.75
8824,4.41,3.75
8825,4.41,3.75
8826,4.41,3.75
8827,4.41,3.75
8828,4.41,3.75
8829,4.41,3.75
8830,4.41,3.75
8832,4.41,3.75
8834,4.41,3.75
8835,4.41,3.75
8836,4.41,3.75
8837,4.41,3.75
8838,4.41,3.75
8839,4.41,3.75
8840,4.41,3.75
8841,4.41,3.75
8843,4.41,3.75
8844,4.41,3.75
8845,4.41,3.75
8846,4.41,3.75
8847,4.41,3.75
8848,4.41,3.75
8849,4.41,3.75
8850,4.41,3.75
8852,4.41,3.75
8853,4.41,3.75
8854,4.41,3.75
8855,4.41,3.75
8856,4.41,3.75
8857,4.41,3.75
8858,4.41,3.75
8859,4.41,3.75
8861,4.41,3.75
8862,4.41,3.75
8863,4.41,3.75
8864,4.41,3.75
8865,4.41,3.75
8866,4.41,3.75
8867,4.41,3.75
8868,4.41,3.75
8870,4.41,3.75
8871,4.41,3.75
8872,4.41,3.75
8873,4.41,3.75
8875,4.41,3.75
8876,4.41,3.75
8877,4.41,3.75
8878,4.41,3.75
8880,4.41,3.75
8881,4.41,3.75
8882,4.41,3.75
8883,4.41,3.75
8884,4.41,3.75
8885,4.41,3.75
8886,4.41,3.75
8887,4.41,3.75
8889,4.41,3.75
8890,4.41,3.75
8891,4.41,3.75
8892,4.41,3.75
8893,4.41,3.75
8894,4.41,3.75
8895,4.41,3.75
8896,4.41,3.75
8898,4.41,3.75
8899,4.41,3.75
8900,4.41,3.75
8901,4.41,3.75
8902,4.41,3.75
8903,4.41,3.75
8904,4.41,3.75
8905,4.41,3.75
8907,4.41,3.75
8908,4.41,3.75
8909,4.41,3.75
8910,4.41,3.75
8911,4.41,3.75
8912,4.41,3.75
8913,4.41,3.75
8914,4.41,3.75
8916,4.41,3.75
8918,4.41,3.75
8919,4.41,3.75
8920,4.41,3.75
8921,4.41,3.75
8922,4.41,3.75
8923,4.41,3.75
8924,4.41,3.75
8926,4.41,3.75
8927,4.41,3.75
8928,4.41,3.75
8929,4.41,3.75
8930,4.41,3.75
8931,4.41,3.75
8932,4.41,3.75
8933,4.41,3.75
8935,4.41,3.76
8936,4.41,3.75
8937,4.41,3.75
8938,4.41,3.75
8939,4.41,3.75
8940,4.41,3.76
8941,4.41,3.75
8942,4.41,3.75
8944,4.41,3.75
8945,4.41,3.75
8946,4.41,3.75
8947,4.41,3.75
8948,4.41,3.75
8949,4.41,3.75
8950,4.41,3.75
8951,4.41,3.75
8953,4.41,3.75
8954,4.41,3.75
8955,4.41,3.75
8956,4.41,3.75
8957,4.41,3.75
8958,4.41,3.75
8960,4.41,3.75
8961,4.41,3.75
8963,4.41,3.75
8964,4.41,3.75
8965,4.41,3.75
8966,4.41,3.76
8967,4.41,3.75
8968,4.41,3.75
8969,4.41,3.75
8970,4.41,3.75
8972,4.41,3.75
8973,4.41,3.75
8974,4.41,3.75
8975,4.41,3.75
8976,4.41,3.75
8977,4.41,3.75
8978,4.41,3.75
8979,4.41,3.75
8981,4.41,3.75
8982,4.41,3.75
8983,4.41,3.75
8984,4.41,3.75
8985,4.41,3.75
8986,4.41,3.75
8987,4.41,3.75
8988,4.42,3.75
8990,4.41,3.75
8991,4.41,3.75
8992,4.41,3.75
8993,4.41,3.75
8994,4.41,3.75
8995,4.41,3.75
8996,4.41,3.75
8997,4.42,3.76
8999,4.41,3.75
9000,4.41,3.75
9001,4.41,3.75
9003,4.41,3.75
9004,4.41,3.75
9005,4.41,3.75
9006,4.41,3.75
9007,4.41,3.75
9009,4.41,3.75
9010,4.41,3.75
9011,4.41,3.75
9012,4.41,3.75
9013,4.41,3.75
9014,4.41,3.75
9015,4.41,3.75
9016,4.41,3.75
9018,4.41,3.75
9019,4.41,3.75
9020,4.41,3.75
9021,4.41,3.75
9022,4.41,3.75
9023,4.41,3.75
9024,4.41,3.75
9025,4.41,3.75
9027,4.41,3.75
9028,4.41,3.75
9029,4.41,3.75
9030,4.41,3.75
9031,4.41,3.75
9032,4.41,3.75
9033,4.41,3.75
9034,4.41,3.75
9036,4.41,3.75
9037,4.41,3.75
9038,4.41,3.75
9039,4.41,3.75
9040,4.41,3.75
9041,4.41,3.75
9042,4.41,3.75
9043,4.41,3.75
9046,4.41,3.75
9047,4.41,3.75
9048,4.41,3.75
9049,4.41,3.75
9050,4.41,3.75
9051,4.41,3.75
9052,4.41,3.75
9053,4.41,3.75
9055,4.41,3.75
9056,4.41,3.75
9057,4.41,3.75
9058,4.41,3.75
9059,4.41,3.75
9060,4.41,3.75
9061,4.41,3.75
9062,4.41,3.75
9064,4.41,3.75
9065,4.41,3.75
9066,4.41,3.75
9067,4.41,3.75
9068,4.41,3.75
9069,4.41,3.75
9070,4.41,3.75
9071,4.41,3.75
9073,4.41,3.75
9074,4.41,3.75
9075,4.41,3.75
9076,4.41,3.75
9077,4.41,3.75
9078,4.41,3.75
9079,4.41,3.75
9080,4.41,3.75
9082,4.41,3.75
9083,4.41,3.75
9084,4.41,3.75
9085,4.41,3.75
9086,4.41,3.75
9088,4.41,3.75
9089,4.41,3.75
9090,4.41,3.75
9092,4.41,3.75
9093,4.41,3.75
9094,4.41,3.75
9095,4.41,3.75
9096,4.41,3.75
9097,4.41,3.75
9098,4.41,3.75
9099,4.41,3.75
9101,4.41,3.75
9102,4.41,3.75
9103,4.41,3.75
9104,4.41,3.75
9105,4.41,3.75
9106,4.41,3.75
9107,4.41,3.75
9108,4.41,3.75
9110,4.41,3.75
9111,4.41,3.75
9112,4.41,3.75
9113,4.41,3.75
9114,4.41,3.75
9115,4.41,3.75
9116,4.41,3.75
9117,4.41,3.75
9119,4.41,3.75
9120,4.41,3.75
9121,4.41,3.75
9122,4.41,3.75
9123,4.41,3.75
9124,4.41,3.75
9125,4.41,3.75
9126,4.41,3.75
9128,4.41,3.75
9129,4.41,3.75
9131,4.41,3.75
9132,4.41,3.75
9133,4.41,3.75
9134,4.41,3.75
9135,4.41,3.75
9136,4.41,3.75
9138,4.41,3.75
9139,4.41,3.75
9140,4.41,3.75
9141,4.41,3.76
9142,4.41,3.75
9143,4.41,3.75
9144,4.41,3.75
9145,4.41,3.75
9147,4.41,3.75
9148,4.41,3.75
9149,4.41,3.75
9150,4.41,3.75
9151,4.41,3.75
9152,4.41,3.75
9153,4.41,3.75
9154,4.41,3.75
9156,4.41,3.75
9157,4.41,3.75
9158,4.41,3.75
9159,4.41,3.75
9160,4.41,3.75
9161,4.41,3.75
9162,4.41,3.75
9163,4.41,3.75
9165,4.41,3.75
9166,4.41,3.75
9167,4.41,3.75
9168,4.41,3.75
9169,4.41,3.75
9170,4.41,3.75
9171,4.41,3.75
9172,4.41,3.75
9175,4.41,3.75
9176,4.41,3.75
9177,4.41,3.75
9178,4.41,3.75
9179,4.41,3.75
9180,4.41,3.75
9181,4.41,3.75
9182,4.41,3.75
9184,4.41,3.75
9185,4.41,3.75
9186,4.41,3.75
9187,4.41,3.75
9188,4.41,3.75
9189,4.41,3.75
9190,4.41,3.75
9191,4.41,3.75
9193,4.41,3.75
9194,4.41,3.75
9195,4.41,3.75
9196,4.41,3.75
9197,4.41,3.75
9198,4.41,3.75
9199,4.41,3.75
9200,4.41,3.75
9202,4.41,3.75
9203,4.41,3.75
9204,4.41,3.75
9205,4.41,3.75
9206,4.41,3.75
9207,4.41,3.75
9208,4.41,3.75
9209,4.41,3.75
9211,4.41,3.75
9212,4.41,3.75
9213,4.41,3.75
9214,4.41,3.75
9216,4.41,3.75
9217,4.41,3.75
9218,4.41,3.75
9219,4.41,3.75
9221,4.41,3.75
9222,4.41,3.75
9223,4.41,3.75
9224,4.41,3.75
9225,4.41,3.75
9226,4.41,3.75
9227,4.41,3.75
9228,4.41,3.75
9230,4.41,3.75
9231,4.41,3.75
9232,4.41,3.75
9233,4.41,3.75
9234,4.41,3.75
9235,4.41,3.75
9236,4.41,3.75
9237,4.41,3.75
9239,4.41,3.75
9240,4.41,3.75
9241,4.41,3.75
9242,4.41,3.75
9243,4.41,3.75
9244,4.41,3.75
9245,4.41,3.75
9246,4.41,3.75
9248,4.41,3.75
9249,4.41,3.75
9250,4.41,3.75
9251,4.41,3.75
9252,4.41,3.75
9253,4.41,3.75
9254,4.41,3.75
9255,4.41,3.75
9257,4.41,3.75
9259,4.41,3.75
9260,4.41,3.75
9261,4.41,3.75
9262,4.41,3.75
9263,4.41,3.75
9264,4.41,3.75
9265,4.41,3.75
9267,4.41,3.75
9268,4.41,3.75
9269,4.41,3.75
9270,4.41,3.75
9271,4.41,3.75
9272,4.41,3.75
9273,4.41,3.75
9274,4.41,3.75
9276,4.41,3.75
9277,4.41,3.75
9278,4.41,3.75
9279,4.41,3.75
9280,4.41,3.75
9281,4.41,3.75
9282,4.41,3.75
9283,4.41,3.75
9285,4.41,3.75
9286,4.41,3.75
9287,4.41,3.75
9288,4.41,3.75
9289,4.41,3.75
9290,4.41,3.75
9291,4.41,3.75
9292,4.41,3.75
9294,4.41,3.75
9295,4.41,3.75
9296,4.41,3.75
9297,4.41,3.76
9298,4.41,3.75
9299,4.41,3.75
9300,4.41,3.75
9302,4.41,3.75
9304,4.41,3.75
9305,4.41,3.75
9306,4.41,3.75
9307,4.41,3.75
9308,4.41,3.75
9309,4.41,3.75
9310,4.41,3.75
9311,4.41,3.75
9313,4.41,3.75
9314,4.41,3.75
9315,4.41,3.75
9316,4.41,3.75
9317,4.41,3.75
9318,4.41,3.75
9319,4.41,3.75
9320,4.41,3.75
9322,4.41,3.76
9323,4.41,3.75
9324,4.41,3.75
9325,4.41,3.75
9326,4.41,3.75
9327,4.41,3.75
9328,4.41,3.76
9329,4.41,3.75
9331,4.41,3.75
9332,4.41,3.76
9333,4.41,3.76
9334,4.41,3.75
9335,4.41,3.75
9336,4.41,3.75
9337,4.41,3.75
9338,4.42,3.75
9340,4.41,3.75
9341,4.41,3.75
9342,4.41,3.75
9344,4.41,3.75
9345,4.41,3.75
9346,4.42,3.75
9347,4.41,3.75
9348,4.42,3.75
9350,4.41,3.75
9351,4.41,3.75
9352,4.41,3.75
9353,4.41,3.75
9354,4.41,3.75
9355,4.41,3.75
9356,4.41,3.75
9357,4.41,3.75
9359,4.41,3.75
9360,4.41,3.75
9361,4.41,3.75
9362,4.41,3.75
9363,4.41,3.75
9364,4.41,3.75
9365,4.41,3.75
9366,4.41,3.75
9368,4.41,3.75
9369,4.41,3.75
9370,4.41,3.75
9371,4.41,3.75
9372,4.41,3.75
9373,4.41,3.75
9374,4.41,3.75
9375,4.41,3.75
9377,4.41,3.75
9378,4.41,3.75
9379,4.41,3.75
9380,4.41,3.75
9381,4.41,3.75
9382,4.41,3.76
9383,4.41,3.75
9384,4.41,3.75
9387,4.41,3.75
9388,4.41,3.75
9389,4.41,3.75
9390,4.41,3.75
9391,4.41,3.75
9392,4.41,3.75
9393,4.41,3.75
9394,4.41,3.75
9396,4.41,3.75
9397,4.41,3.75
9398,4.41,3.75
9399,4.41,3.75
9400,4.41,3.75
9401,4.41,3.75
9402,4.41,3.75
9403,4.41,3.75
9405,4.41,3.75
9406,4.41,3.75
9407,4.41,3.75
9408,4.41,3.75
9409,4.41,3.75
9410,4.41,3.75
9411,4.41,3.75
9412,4.41,3.75
9414,4.41,3.75
9415,4.41,3.75
9416,4.41,3.75
9417,4.41,3.75
9418,4.41,3.75
9419,4.41,3.75
9420,4.41,3.75
9422,4.41,3.75
9423,4.40,3.75
9424,4.41,3.75
9425,4.40,3.75
9426,4.41,3.75
9427,4.41,3.75
9428,4.40,3.75
9430,4.41,3.75
9432,4.40,3.75
9433,4.41,3.75
9434,4.41,3.75
9435,4.41,3.75
9436,4.41,3.75
9437,4.41,3.75
9438,4.41,3.75
9439,4.41,3.75
9441,4.41,3.75
9442,4.41,3.75
9443,4.41,3.75
9444,4.41,3.75
9445,4.41,3.75
9446,4.40,3.75
9447,4.41,3.75
9449,4.41,3.75
9450,4.41,3.75
9451,4.41,3.75
9452,4.41,3.75
9453,4.40,3.75
9454,4.41,3.75
9455,4.41,3.75
9456,4.41,3.75
9458,4.41,3.75
9459,4.41,3.75
9460,4.41,3.75
9461,4.41,3.75
9462,4.41,3.75
9463,4.41,3.75
9464,4.41,3.75
9466,4.41,3.75
9467,4.40,3.75
9468,4.41,3.75
9469,4.41,3.75
9470,4.40,3.75
9472,4.41,3.75
9473,4.41,3.75
9474,4.41,3.75
9476,4.40,3.75
9477,4.41,3.75
9478,4.41,3.75
9479,4.41,3.75
9480,4.40,3.75
9481,4.41,3.75
9482,4.40,3.75
9483,4.41,3.75
9485,4.41,3.75
9486,4.40,3.75
9487,4.41,3.75
9488,4.41,3.75
9489,4.41,3.75
9490,4.40,3.75
9491,4.41,3.75
9493,4.41,3.75
9494,4.41,3.75
9495,4.41,3.75
9496,4.40,3.75
9497,4.40,3.75
9498,4.41,3.75
9499,4.41,3.75
9500,4.41,3.75
9502,4.41,3.75
9503,4.41,3.75
9504,4.41,3.75
9505,4.41,3.75
9506,4.41,3.75
9507,4.41,3.75
9508,4.41,3.75
9509,4.41,3.75
9511,4.41,3.75
9512,4.41,3.75
9513,4.41,3.75
9515,4.41,3.75
9516,4.41,3.75
9517,4.41,3.75
9518,4.41,3.75
9520,4.41,3.75
9521,4.41,3.75
9522,4.41,3.75
9523,4.41,3.75
9524,4.41,3.75
9525,4.41,3.75
9526,4.41,3.75
9527,4.41,3.75
9529,4.41,3.75
9530,4.41,3.75
9531,4.41,3.75
9532,4.41,3.75
9533,4.41,3.75
9534,4.41,3.75
9535,4.41,3.75
9537,4.41,3.75
9538,4.41,3.75
9539,4.41,3.75
9540,4.41,3.75
9541,4.41,3.75
9542,4.41,3.75
9543,4.41,3.75
9544,4.41,3.75
9546,4.41,3.75
9547,4.41,3.75
9548,4.41,3.75
9549,4.41,3.75
9550,4.41,3.75
9551,4.41,3.75
9552,4.41,3.75
9554,4.41,3.75
9555,4.41,3.75
9556,4.41,3.75
9558,4.41,3.75
9559,4.41,3.75
9560,4.41,3.75
9561,4.41,3.75
9562,4.41,3.75
9564,4.41,3.75
9565,4.41,3.75
9566,4.41,3.75
9567,4.41,3.75
9568,4.41,3.75
9569,4.41,3.75
9570,4.41,3.75
9572,4.41,3.75
9573,4.41,3.75
9574,4.41,3.75
9575,4.41,3.75
9576,4.41,3.75
9577,4.41,3.75
9578,4.41,3.75
9579,4.41,3.75
9581,4.41,3.75
9582,4.41,3.75
9583,4.41,3.75
9584,4.41,3.75
9585,4.41,3.75
9586,4.41,3.75
9587,4.41,3.75
9589,4.41,3.75
9590,4.41,3.75
9591,4.41,3.75
9592,4.41,3.75
9593,4.41,3.75
9594,4.41,3.75
9595,4.41,3.75
9596,4.41,3.75
9598,4.41,3.75
9600,4.41,3.75
9601,4.41,3.75
9602,4.41,3.75
9603,4.41,3.75
9604,4.41,3.75
9605,4.41,3.75
9606,4.41,3.75
9608,4.41,3.75
9609,4.41,3.75
9610,4.41,3.75
9611,4.41,3.75
9612,4.41,3.75
9613,4.41,3.75
9614,4.41,3.75
9615,4.41,3.75
9617,4.41,3.75
9618,4.41,3.75
9619,4.41,3.75
9620,4.41,3.75
9621,4.41,3.75
9622,4.41,3.75
9623,4.41,3.75
9624,4.41,3.75
9626,4.41,3.75
9627,4.41,3.75
9628,4.41,3.75
9629,4.41,3.75
9630,4.41,3.75
9631,4.41,3.75
9632,4.41,3.75
9634,4.41,3.75
9635,4.41,3.75
9636,4.41,3.75
9637,4.41,3.75
9638,4.41,3.75
9639,4.41,3.75
9640,4.41,3.75
9641,4.41,3.75
9644,4.41,3.75
9645,4.41,3.75
9646,4.41,3.75
9647,4.41,3.75
9648,4.41,3.75
9649,4.41,3.75
9650,4.41,3.75
9651,4.41,3.75
9653,4.41,3.75
9654,4.41,3.75
9655,4.41,3.75
9656,4.41,3.75
9657,4.41,3.75
9658,4.41,3.75
9659,4.41,3.75
9661,4.41,3.75
9662,4.41,3.75
9663,4.41,3.75
9664,4.41,3.75
9665,4.41,3.75
9666,4.41,3.75
9667,4.41,3.75
9668,4.41,3.75
9670,4.41,3.75
9671,4.41,3.75
9672,4.41,3.75
9673,4.41,3.75
9674,4.41,3.75
9675,4.41,3.75
9676,4.41,3.75
9678,4.41,3.75
9679,4.41,3.75
9680,4.41,3.75
9681,4.41,3.75
9682,4.41,3.75
9683,4.41,3.75
9684,4.41,3.75
9686,4.41,3.75
9688,4.41,3.75
9689,4.41,3.75
9690,4.41,3.75
9691,4.41,3.75
9692,4.41,3.75
9693,4.41,3.75
9694,4.41,3.75
9695,4.41,3.75
9697,4.41,3.75
9698,4.41,3.75
9699,4.41,3.75
9700,4.41,3.75
9701,4.41,3.75
9702,4.41,3.75
9703,4.41,3.75
9705,4.41,3.75
9706,4.41,3.75
9707,4.41,3.75
9708,4.41,3.75
9709,4.41,3.75
9710,4.41,3.75
9711,4.41,3.75
9712,4.41,3.75
9714,4.41,3.75
9715,4.41,3.75
9716,4.41,3.75
9717,4.41,3.75
9718,4.41,3.75
9719,4.41,3.75
9720,4.41,3.75
9721,4.41,3.75
9723,4.41,3.75
9724,4.41,3.75
9725,4.41,3.75
9726,4.41,3.75
9728,4.41,3.75
9729,4.41,3.75
9730,4.41,3.75
9732,4.41,3.75
9733,4.41,3.75
9734,4.41,3.75
9735,4.41,3.75
9736,4.41,3.75
9737,4.41,3.75
9738,4.41,3.75
9739,4.41,3.75
9741,4.41,3.75
9742,4.41,3.75
9743,4.41,3.75
9744,4.41,3.75
9745,4.41,3.75
9746,4.41,3.75
9747,4.41,3.75
9749,4.41,3.75
9750,4.41,3.75
9751,4.41,3.75
9752,4.41,3.75
9753,4.41,3.75
9754,4.41,3.75
9755,4.41,3.75
9756,4.41,3.75
9758,4.41,3.75
9759,4.41,3.75
9760,4.41,3.75
9761,4.41,3.75
9762,4.41,3.75
9763,4.41,3.75
9764,4.41,3.75
9766,4.40,3.75
9767,4.41,3.75
9768,4.41,3.75
9769,4.41,3.75
9771,4.41,3.75
9772,4.41,3.75
9773,4.41,3.75
9774,4.40,3.75
9776,4.41,3.75
9777,4.41,3.75
9778,4.40,3.75
9779,4.41,3.75
9780,4.41,3.75
9781,4.41,3.75
9782,4.40,3.75
9783,4.41,3.75
9785,4.41,3.75
9786,4.41,3.75
9787,4.41,3.75
9788,4.41,3.75
9789,4.41,3.75
9790,4.41,3.75
9791,4.41,3.75
9793,4.41,3.75
9794,4.41,3.75
9795,4.41,3.75
9796,4.41,3.75
9797,4.41,3.75
9798,4.41,3.75
9799,4.41,3.75
9800,4.41,3.75
9802,4.41,3.75
9803,4.41,3.75
9804,4.41,3.75
9805,4.41,3.75
9806,4.41,3.75
9807,4.41,3.75
9808,4.41,3.75
9810,4.41,3.75
9811,4.41,3.75
9812,4.40,3.75
9814,4.40,3.75
9815,4.40,3.75
9816,4.40,3.75
9817,4.40,3.75
9818,4.41,3.75
9820,4.40,3.75
9821,4.40,3.75
9822,4.41,3.75
9823,4.40,3.75
9824,4.40,3.75
9825,4.40,3.75
9826,4.40,3.75
9827,4.40,3.75
9829,4.40,3.75
9830,4.40,3.75
9831,4.40,3.75
9832,4.40,3.75
9833,4.40,3.75
9834,4.40,3.75
9835,4.40,3.75
9836,4.41,3.75
9838,4.40,3.75
9839,4.40,3.74
9840,4.40,3.75
9841,4.40,3.75
9842,4.41,3.75
9843,4.40,3.75
9844,4.41,3.75
9845,4.41,3.75
9847,4.40,3.75
9848,4.41,3.75
9849,4.41,3.75
9850,4.41,3.75
9851,4.41,3.75
9852,4.41,3.75
9853,4.41,3.75
9854,4.41,3.75
9857,4.41,3.75
9858,4.41,3.75
9859,4.41,3.75
9860,4.41,3.75
9861,4.41,3.75
9862,4.41,3.75
9863,4.41,3.75
9865,4.41,3.75
9866,4.41,3.75
9867,4.41,3.75
9868,4.41,3.75
9869,4.41,3.75
9870,4.41,3.75
9871,4.41,3.75
9872,4.41,3.75
9874,4.41,3.75
9875,4.41,3.75
9876,4.41,3.75
9877,4.41,3.75
9878,4.41,3.75
9879,4.41,3.75
9880,4.41,3.75
9882,4.41,3.74
9883,4.41,3.74
9884,4.41,3.75
9885,4.41,3.75
9886,4.41,3.75
9887,4.41,3.75
9888,4.41,3.75
9889,4.41,3.74
9891,4.41,3.74
9892,4.41,3.75
9893,4.41,3.74
9894,4.41,3.74
9895,4.41,3.74
9896,4.41,3.74
9897,4.41,3.74
9899,4.41,3.74
9901,4.41,3.74
9902,4.41,3.74
9903,4.41,3.75
9904,4.41,3.74
9905,4.41,3.74
9906,4.41,3.75
9907,4.41,3.75
9909,4.41,3.75
9910,4.41,3.75
9911,4.41,3.75
9912,4.41,3.75
9913,4.41,3.75
9914,4.41,3.75
9915,4.41,3.75
9916,4.41,3.75
9918,4.41,3.75
9919,4.41,3.75
9920,4.41,3.75
9921,4.41,3.75
9922,4.41,3.75
9923,4.41,3.75
9924,4.41,3.75
9926,4.41,3.74
9927,4.41,3.75
9928,4.41,3.75
9929,4.41,3.75
9930,4.41,3.74
9931,4.41,3.74
9932,4.41,3.74
9933,4.41,3.74
9935,4.41,3.74
9936,4.41,3.74
9937,4.41,3.74
9938,4.41,3.74
9939,4.41,3.74
9940,4.41,3.74
9942,4.41,3.74
9943,4.41,3.74
9945,4.41,3.74
9946,4.41,3.74
9947,4.41,3.74
9948,4.41,3.75
9949,4.41,3.74
9950,4.41,3.74
9951,4.41,3.74
9952,4.41,3.74
9954,4.41,3.74
9955,4.41,3.74
9956,4.41,3.74
9957,4.41,3.74
9958,4.41,3.74
9959,4.41,3.75
9960,4.41,3.75
9961,4.41,3.74
9963,4.41,3.74
9964,4.41,3.74
9965,4.41,3.74
9966,4.40,3.75
9967,4.40,3.74
9968,4.41,3.74
9969,4.41,3.74
9970,4.41,3.74
9972,4.40,3.74
9973,4.41,3.74
9974,4.40,3.74
9975,4.41,3.74
9976,4.41,3.74
9977,4.40,3.74
9978,4.40,3.74
9979,4.41,3.74
9981,4.40,3.74
9982,4.41,3.74
9984,4.41,3.74
9985,4.40,3.74
9986,4.40,3.74
9987,4.40,3.74
9988,4.40,3.74
9989,4.40,3.74
9991,4.40,3.74
9992,4.40,3.74
9993,4.41,3.74
9994,4.40,3.74
9995,4.40,3.74
9996,4.41,3.74
9997,4.41,3.74
9999,4.41,3.74
10000,4.41,3.74
10001,4.41,3.74
10002,4.41,3.74
10003,4.41,3.74
10004,4.41,3.74
10006,4.41,3.74
10007,4.41,3.74
10008,4.41,3.74
10009,4.41,3.74
10010,4.41,3.74
10011,4.41,3.74
10013,4.41,3.74
10014,4.41,3.74
10015,4.41,3.74
10016,4.41,3.74
10017,4.41,3.74
10019,4.41,3.74
10020,4.41,3.74
10021,4.41,3.74
10022,4.41,3.74
10023,4.41,3.74
10024,4.41,3.74
10027,4.41,3.74
10028,4.41,3.74
10029,4.41,3.74
10030,4.41,3.74
10031,4.41,3.74
10033,4.41,3.74
10034,4.41,3.74
10035,4.41,3.74
10036,4.41,3.74
10037,4.41,3.74
10038,4.41,3.74
10040,4.41,3.74
10041,4.41,3.74
10042,4.41,3.74
10043,4.41,3.74
10044,4.41,3.74
10045,4.41,3.74
10047,4.41,3.74
10048,4.41,3.74
10049,4.41,3.74
10050,4.41,3.74
10051,4.41,3.74
10053,4.41,3.74
10054,4.41,3.74
10055,4.41,3.74
10056,4.41,3.74
10057,4.41,3.74
10058,4.41,3.74
10060,4.41,3.74
10061,4.41,3.74
10062,4.41,3.74
10063,4.41,3.74
10064,4.41,3.74
10066,4.41,3.74
10067,4.41,3.74
10068,4.41,3.74
10070,4.41,3.74
10071,4.41,3.74
10072,4.41,3.74
10074,4.41,3.74
10075,4.41,3.74
10076,4.41,3.74
10077,4.41,3.74
10078,4.40,3.74
10080,4.41,3.74
10081,4.41,3.74
10082,4.41,3.74
10083,4.41,3.74
10084,4.41,3.74
10085,4.41,3.74
10087,4.41,3.74
10088,4.41,3.74
10089,4.41,3.74
10090,4.41,3.74
10091,4.41,3.74
10092,4.41,3.74
10094,4.40,3.74
10095,4.41,3.74
10096,4.41,3.74
10097,4.41,3.74
10098,4.41,3.74
10100,4.41,3.74
10101,4.41,3.74
10102,4.41,3.74
10103,4.41,3.74
10104,4.41,3.74
10105,4.41,3.74
10107,4.41,3.74
10108,4.41,3.74
10109,4.41,3.74
10110,4.41,3.74
10112,4.41,3.74
10114,4.41,3.74
10115,4.41,3.74
10116,4.41,3.74
10117,4.41,3.74
10118,4.41,3.74
10119,4.41,3.74
10121,4.41,3.74
10122,4.41,3.74
10123,4.41,3.74
10124,4.41,3.74
10125,4.41,3.74
10127,4.41,3.74
10128,4.41,3.74
10129,4.41,3.74
10130,4.41,3.74
10131,4.41,3.74
10132,4.41,3.74
10134,4.41,3.74
10135,4.41,3.74
10136,4.41,3.74
10137,4.41,3.74
10138,4.41,3.74
10140,4.41,3.74
10141,4.41,3.74
10142,4.41,3.74
10143,4.41,3.74
10144,4.41,3.74
10145,4.41,3.74
10147,4.41,3.74
10148,4.41,3.74
10149,4.41,3.74
10150,4.41,3.74
10151,4.41,3.74
10152,4.41,3.74
10155,4.41,3.74
10156,4.41,3.74
10157,4.41,3.74
10158,4.41,3.74
10159,4.41,3.74
10161,4.41,3.74
10162,4.41,3.74
10163,4.41,3.74
10164,4.41,3.74
10165,4.41,3.74
10166,4.41,3.74
10168,4.41,3.74
10169,4.41,3.74
10170,4.41,3.74
10171,4.41,3.74
10172,4.41,3.74
10174,4.41,3.74
10175,4.41,3.74
10176,4.41,3.74
10177,4.41,3.74
10178,4.41,3.74
10179,4.41,3.74
10181,4.41,3.74
10182,4.41,3.74
10183,4.41,3.74
10184,4.41,3.74
10185,4.41,3.74
10187,4.41,3.74
10188,4.41,3.74
10189,4.41,3.74
10190,4.41,3.74
10191,4.40,3.74
10192,4.40,3.74
10194,4.41,3.74
10195,4.41,3.74
10196,4.41,3.74
10198,4.40,3.74
10199,4.40,3.74
10200,4.41,3.74
10202,4.41,3.74
10203,4.41,3.74
10204,4.40,3.74
10205,4.41,3.74
10206,4.41,3.74
10208,4.41,3.74
10209,4.41,3.74
10210,4.41,3.74
10211,4.41,3.74
10212,4.41,3.74
10213,4.41,3.74
10215,4.41,3.74
10216,4.41,3.74
10217,4.41,3.74
10218,4.41,3.74
10219,4.41,3.74
10221,4.41,3.74
10222,4.41,3.74
10223,4.41,3.74
10224,4.41,3.74
10225,4.41,3.74
10226,4.41,3.74
10228,4.41,3.74
10229,4.41,3.74
10230,4.41,3.74
10231,4.41,3.74
10232,4.41,3.74
10234,4.41,3.74
10235,4.41,3.74
10236,4.41,3.74
10237,4.41,3.74
10238,4.41,3.74
10240,4.41,3.74
10242,4.41,3.74
10243,4.41,3.74
10244,4.41,3.74
10245,4.41,3.74
10246,4.41,3.74
10247,4.41,3.74
10249,4.41,3.74
10250,4.41,3.74
10251,4.41,3.74
10252,4.41,3.74
10253,4.41,3.74
10255,4.41,3.74
10256,4.41,3.74
10257,4.41,3.74
10258,4.41,3.74
10259,4.41,3.74
10260,4.41,3.74
10262,4.41,3.74
10263,4.41,3.74
10264,4.41,3.74
10265,4.41,3.74
10266,4.41,3.74
10268,4.41,3.74
10269,4.41,3.74
10270,4.41,3.74
10271,4.41,3.74
10272,4.41,3.74
10273,4.41,3.74
10275,4.41,3.74
10276,4.41,3.74
10277,4.41,3.74
10278,4.41,3.74
10279,4.41,3.74
10281,4.41,3.74
10283,4.41,3.74
10284,4.41,3.74
10285,4.41,3.74
10286,4.41,3.74
10287,4.41,3.74
10289,4.41,3.74
10290,4.41,3.74
10291,4.41,3.74
10292,4.41,3.74
10293,4.41,3.74
10295,4.41,3.74
10296,4.41,3.74
10297,4.41,3.74
10298,4.41,3.74
10299,4.41,3.74
10300,4.41,3.74
10302,4.41,3.74
10303,4.41,3.74
10304,4.41,3.74
10305,4.41,3.74
10306,4.41,3.74
10307,4.41,3.74
10309,4.41,3.74
10310,4.41,3.74
10311,4.41,3.74
10312,4.41,3.74
10313,4.41,3.74
10315,4.41,3.74
10316,4.41,3.74
10317,4.41,3.74
10318,4.41,3.74
10319,4.41,3.74
10320,4.41,3.74
10322,4.41,3.74
10323,4.41,3.74
10324,4.41,3.74
10326,4.41,3.74
10327,4.41,3.74
10329,4.41,3.74
10330,4.41,3.74
10331,4.41,3.74
10332,4.41,3.74
10333,4.41,3.74
10334,4.41,3.74
10336,4.41,3.74
10337,4.41,3.74
10338,4.41,3.74
10339,4.41,3.74
10340,4.41,3.74
10342,4.41,3.74
10343,4.41,3.74
10344,4.41,3.74
10345,4.41,3.74
10346,4.41,3.74
10347,4.41,3.74
10349,4.41,3.74
10350,4.41,3.74
10351,4.41,3.74
10352,4.41,3.74
10353,4.41,3.74
10355,4.41,3.74
10356,4.41,3.74
10357,4.41,3.74
10358,4.41,3.74
10359,4.41,3.74
10360,4.41,3.74
10362,4.41,3.74
10363,4.41,3.74
10364,4.41,3.74
10365,4.41,3.74
10366,4.41,3.74
10368,4.41,3.74
10370,4.41,3.74
10371,4.41,3.74
10372,4.41,3.74
10373,4.41,3.74
10374,4.41,3.74
10376,4.41,3.74
10377,4.41,3.74
10378,4.41,3.74
10379,4.41,3.74
10380,4.41,3.74
10381,4.41,3.74
10383,4.41,3.74
10384,4.41,3.74
10385,4.41,3.74
10386,4.41,3.74
10387,4.41,3.74
10389,4.41,3.74
10390,4.41,3.74
10391,4.41,3.74
10392,4.41,3.74
10393,4.41,3.74
10394,4.41,3.74
10396,4.41,3.74
10397,4.41,3.74
10398,4.41,3.74
10399,4.41,3.74
10400,4.41,3.74
10402,4.41,3.74
10403,4.41,3.74
10404,4.41,3.74
10405,4.41,3.74
10406,4.41,3.74
10407,4.41,3.74
10409,4.41,3.74
10411,4.41,3.74
10412,4.41,3.74
10413,4.41,3.74
10414,4.41,3.74
10416,4.41,3.74
10417,4.41,3.74
10418,4.41,3.74
10419,4.41,3.74
10420,4.41,3.74
10421,4.41,3.74
10423,4.41,3.74
10424,4.41,3.74
10425,4.41,3.74
10426,4.41,3.74
10427,4.41,3.74
10428,4.41,3.74
10430,4.41,3.74
10431,4.41,3.74
10432,4.41,3.74
10433,4.41,3.74
10434,4.41,3.74
10436,4.41,3.74
10437,4.41,3.74
10438,4.41,3.74
10439,4.41,3.74
10440,4.41,3.74
10441,4.41,3.74
10443,4.41,3.74
10444,4.40,3.74
10445,4.40,3.74
10446,4.40,3.74
10447,4.40,3.74
10449,4.40,3.74
10450,4.41,3.74
10451,4.41,3.74
10452,4.40,3.74
10454,4.41,3.74
10455,4.41,3.74
10457,4.40,3.74
10458,4.40,3.74
10459,4.40,3.74
10460,4.40,3.74
10461,4.40,3.74
10462,4.40,3.74
10464,4.40,3.74
10465,4.40,3.74
10466,4.40,3.74
10467,4.40,3.74
10468,4.40,3.74
10469,4.40,3.74
10471,4.40,3.74
10472,4.40,3.74
10473,4.40,3.74
10474,4.40,3.74
10475,4.40,3.74
10476,4.40,3.74
10478,4.40,3.74
10479,4.40,3.74
10480,4.40,3.74
10481,4.40,3.74
10482,4.40,3.74
10484,4.40,3.74
10485,4.40,3.74
10486,4.41,3.74
10487,4.41,3.74
10488,4.41,3.74
10489,4.40,3.74
10491,4.41,3.74
10492,4.41,3.74
10493,4.41,3.73
10494,4.41,3.74
10496,4.41,3.74
10497,4.40,3.74
10499,4.40,3.74
10500,4.40,3.74
10501,4.40,3.74
10502,4.40,3.74
10503,4.40,3.74
10504,4.40,3.74
10506,4.40,3.74
10507,4.40,3.74
10508,4.40,3.74
10509,4.40,3.74
10510,4.40,3.74
10512,4.40,3.74
10513,4.40,3.74
10514,4.40,3.74
10515,4.40,3.74
10516,4.40,3.74
10517,4.40,3.74
10519,4.40,3.74
10520,4.40,3.74
10521,4.40,3.74
10522,4.40,3.74
10523,4.40,3.74
10524,4.40,3.73
10526,4.40,3.73
10527,4.40,3.73
10528,4.40,3.73
10529,4.40,3.73
10530,4.40,3.73
10531,4.40,3.73
10533,4.40,3.74
10534,4.40,3.74
10535,4.40,3.74
10536,4.40,3.73
10537,4.40,3.73
10539,4.40,3.73
10541,4.40,3.73
10542,4.40,3.74
10543,4.40,3.74
10544,4.40,3.74
10545,4.40,3.74
10547,4.40,3.74
10548,4.40,3.74
10549,4.40,3.74
10550,4.40,3.74
10551,4.40,3.74
10552,4.40,3.74
10554,4.40,3.74
10555,4.40,3.74
10556,4.40,3.74
10557,4.40,3.74
10558,4.40,3.74
10559,4.40,3.74
10561,4.40,3.74
10562,4.40,3.74
10563,4.40,3.74
10564,4.40,3.74
10565,4.40,3.73
10566,4.40,3.74
10568,4.40,3.73
10569,4.40,3.73
10570,4.40,3.73
10571,4.40,3.73
10572,4.40,3.74
10573,4.40,3.74
10575,4.40,3.74
10576,4.40,3.74
10577,4.40,3.73
10578,4.40,3.74
10579,4.40,3.74
10580,4.40,3.74
10583,4.40,3.74
10584,4.40,3.74
10585,4.40,3.74
10586,4.40,3.74
10587,4.40,3.74
10589,4.40,3.74
10590,4.40,3.73
10591,4.40,3.73
10592,4.40,3.73
10593,4.40,3.73
10594,4.40,3.73
10596,4.40,3.73
10597,4.40,3.73
10598,4.40,3.73
10599,4.40,3.73
10600,4.40,3.73
10601,4.40,3.73
10603,4.40,3.73
10604,4.40,3.73
10605,4.40,3.73
10606,4.40,3.73
10607,4.40,3.73
10608,4.40,3.73
10610,4.40,3.73
10611,4.40,3.73
10612,4.40,3.74
10613,4.40,3.74
10614,4.40,3.74
10615,4.40,3.73
10617,4.40,3.74
10618,4.40,3.73
10619,4.40,3.74
10620,4.40,3.73
10621,4.40,3.74
10622,4.40,3.74
10625,4.40,3.73
10626,4.40,3.73
10627,4.40,3.73
10628,4.40,3.73
10629,4.40,3.73
10631,4.40,3.73
10632,4.40,3.73
10633,4.40,3.73
10634,4.40,3.73
10635,4.40,3.73
10636,4.40,3.73
10638,4.40,3.74
10639,4.40,3.74
10640,4.40,3.73
10641,4.40,3.74
10642,4.40,3.73
10643,4.40,3.73
10645,4.40,3.73
10646,4.40,3.73
10647,4.40,3.73
10648,4.40,3.73
10649,4.40,3.73
10650,4.40,3.73
10652,4.40,3.73
10653,4.40,3.74
10654,4.40,3.74
10655,4.40,3.73
10656,4.40,3.74
10657,4.40,3.74
10659,4.40,3.74
10660,4.40,3.74
10661,4.40,3.74
10662,4.40,3.74
10663,4.40,3.74
10665,4.40,3.74
10667,4.40,3.73
10668,4.40,3.73
10669,4.40,3.73
10670,4.40,3.73
10671,4.40,3.73
10673,4.40,3.73
10674,4.40,3.73
10675,4.40,3.73
10676,4.40,3.73
10677,4.40,3.73
10678,4.40,3.73
10680,4.40,3.73
10681,4.40,3.73
10682,4.40,3.73
10683,4.40,3.73
10684,4.40,3.73
10685,4.40,3.73
10687,4.40,3.73
10688,4.40,3.73
10689,4.40,3.73
10690,4.40,3.73
10691,4.40,3.73
10692,4.40,3.73
10694,4.40,3.73
10695,4.40,3.73
10696,4.40,3.73
10697,4.40,3.73
10698,4.40,3.73
10699,4.40,3.74
10701,4.40,3.74
10702,4.40,3.74
10703,4.40,3.73
10704,4.40,3.74
10705,4.40,3.73
10707,4.40,3.73
10708,4.40,3.73
10710,4.40,3.73
10711,4.40,3.73
10712,4.40,3.73
10713,4.40,3.73
10715,4.40,3.73
10716,4.40,3.73
10717,4.40,3.73
10718,4.40,3.73
10719,4.40,3.73
10720,4.40,3.73
10722,4.40,3.73
10723,4.40,3.73
10724,4.40,3.73
10725,4.40,3.73
10726,4.40,3.73
10727,4.40,3.73
10729,4.40,3.73
10730,4.40,3.73
10731,4.40,3.73
10732,4.40,3.73
10733,4.40,3.73
10734,4.40,3.73
10736,4.40,3.73
10737,4.40,3.73
10738,4.40,3.73
10739,4.40,3.73
10740,4.40,3.73
10741,4.40,3.73
10743,4.40,3.73
10744,4.40,3.73
10745,4.40,3.73
10746,4.40,3.73
10747,4.40,3.73
10749,4.40,3.73
10750,4.40,3.73
10752,4.40,3.73
10753,4.40,3.73
10754,4.40,3.73
10755,4.40,3.73
10757,4.40,3.73
10758,4.40,3.73
10759,4.40,3.73
10760,4.40,3.73
10761,4.40,3.73
10762,4.40,3.73
10764,4.40,3.73
10765,4.40,3.73
10766,4.40,3.73
10767,4.40,3.73
10768,4.40,3.73
10769,4.40,3.73
10771,4.40,3.73
10772,4.40,3.73
10773,4.40,3.73
10774,4.40,3.73
10775,4.40,3.73
10776,4.40,3.73
10778,4.40,3.73
10779,4.40,3.73
10780,4.40,3.73
10781,4.40,3.73
10782,4.40,3.73
10784,4.40,3.73
10785,4.40,3.73
10786,4.40,3.73
10787,4.40,3.73
10788,4.40,3.73
10789,4.40,3.73
10791,4.40,3.73
10792,4.40,3.73
10793,4.40,3.73
10795,4.40,3.73
10796,4.40,3.73
10797,4.40,3.73
10799,4.40,3.73
10800,4.40,3.73
10801,4.40,3.73
10802,4.40,3.73
10803,4.40,3.73
10804,4.40,3.73
10806,4.40,3.73
10807,4.40,3.73
10808,4.40,3.73
10809,4.40,3.73
10810,4.40,3.73
10811,4.40,3.73
10813,4.40,3.73
10814,4.40,3.73
10815,4.40,3.73
10816,4.40,3.73
10817,4.40,3.73
10818,4.40,3.73
10820,4.40,3.73
10821,4.40,3.73
10822,4.40,3.73
10823,4.40,3.73
10824,4.40,3.73
10826,4.40,3.73
10827,4.40,3.73
10828,4.40,3.73
10829,4.40,3.73
10830,4.40,3.73
10831,4.40,3.73
10833,4.40,3.73
10834,4.40,3.73
10835,4.40,3.73
10836,4.40,3.73
10838,4.40,3.73
10839,4.40,3.73
10841,4.40,3.73
10842,4.40,3.73
10843,4.40,3.73
10844,4.40,3.73
10845,4.40,3.73
10846,4.40,3.73
10848,4.40,3.73
10849,4.40,3.73
10850,4.40,3.73
10851,4.40,3.73
10852,4.40,3.73
10853,4.40,3.73
10855,4.40,3.73
10856,4.40,3.73
10857,4.40,3.73
10858,4.40,3.73
10859,4.40,3.73
10860,4.40,3.73
10862,4.40,3.73
10863,4.40,3.73
10864,4.40,3.73
10865,4.40,3.73
10866,4.40,3.73
10868,4.40,3.73
10869,4.40,3.73
10870,4.40,3.73
10871,4.40,3.73
10872,4.40,3.73
10873,4.40,3.73
10875,4.40,3.73
10876,4.40,3.73
10877,4.40,3.73
10878,4.40,3.73
10880,4.40,3.73
10881,4.40,3.73
10883,4.40,3.73
10884,4.40,3.73
10885,4.40,3.73
10886,4.40,3.73
10887,4.40,3.73
10888,4.40,3.73
10890,4.40,3.73
10891,4.40,3.73
10892,4.40,3.73
10893,4.41,3.73
10894,4.40,3.73
10895,4.40,3.73
10897,4.40,3.73
10898,4.40,3.73
10899,4.40,3.73
10900,4.40,3.73
10901,4.40,3.73
10903,4.40,3.73
10904,4.40,3.73
10905,4.40,3.73
10906,4.40,3.73
10907,4.40,3.73
10908,4.40,3.73
10910,4.40,3.73
10911,4.40,3.73
10912,4.40,3.73
10913,4.40,3.73
10914,4.40,3.73
10915,4.40,3.73
10917,4.40,3.73
10918,4.40,3.73
10919,4.40,3.73
10920,4.40,3.73
10921,4.40,3.73
10923,4.40,3.73
10925,4.40,3.73
10926,4.40,3.73
10927,4.40,3.73
10928,4.40,3.73
10929,4.40,3.73
10930,4.40,3.73
10932,4.40,3.73
10933,4.41,3.73
10934,4.41,3.73
10935,4.41,3.73
10936,4.40,3.73
10938,4.40,3.73
10939,4.40,3.73
10940,4.40,3.73
10941,4.40,3.74
10942,4.40,3.73
10943,4.40,3.73
10945,4.40,3.73
10946,4.40,3.73
10947,4.40,3.73
10948,4.40,3.73
10949,4.40,3.73
10950,4.40,3.73
10952,4.40,3.73
10953,4.40,3.73
10954,4.40,3.73
10955,4.40,3.73
10956,4.40,3.73
10957,4.40,3.73
10959,4.40,3.73
10960,4.40,3.73
10961,4.40,3.73
10962,4.40,3.73
10963,4.40,3.73
10964,4.40,3.73
10967,4.40,3.73
10968,4.40,3.73
10969,4.40,3.73
10970,4.40,3.73
10971,4.40,3.73
10973,4.40,3.73
10974,4.40,3.73
10975,4.40,3.73
10976,4.41,3.73
10977,4.40,3.73
10978,4.40,3.73
10980,4.40,3.73
10981,4.40,3.73
10982,4.40,3.73
10983,4.40,3.73
10984,4.40,3.73
10985,4.40,3.73
10987,4.40,3.73
10988,4.40,3.73
10989,4.40,3.73
10990,4.40,3.73
10991,4.40,3.73
10992,4.40,3.73
10994,4.40,3.73
10995,4.40,3.73
10996,4.40,3.73
10997,4.40,3.73
10998,4.40,3.73
10999,4.40,3.73
11001,4.40,3.73
11002,4.40,3.73
11003,4.41,3.73
11004,4.41,3.73
11005,4.41,3.73
11008,4.41,3.73
11009,4.41,3.73
11010,4.40,3.73
11011,4.41,3.73
11012,4.41,3.74
11013,4.41,3.73
11015,4.41,3.73
11016,4.41,3.73
11017,4.41,3.73
11018,4.41,3.73
11019,4.41,3.73
11020,4.41,3.73
11022,4.40,3.73
11023,4.40,3.73
11024,4.40,3.73
11025,4.40,3.74
11026,4.40,3.73
11028,4.40,3.73
11029,4.40,3.73
11030,4.40,3.73
11031,4.40,3.73
11032,4.40,3.74
11033,4.40,3.73
11035,4.40,3.73
11036,4.41,3.73
11037,4.40,3.73
11038,4.40,3.73
11039,4.40,3.73
11040,4.40,3.73
11042,4.41,3.73
11043,4.40,3.73
11044,4.40,3.73
11045,4.40,3.73
11046,4.40,3.73
11047,4.41,3.73
11049,4.40,3.73
11051,4.40,3.73
11052,4.40,3.73
11053,4.40,3.73
11054,4.40,3.73
11056,4.40,3.73
11057,4.40,3.73
11058,4.40,3.73
11059,4.40,3.73
11060,4.40,3.73
11061,4.40,3.73
11063,4.40,3.73
11064,4.40,3.73
11065,4.40,3.73
11066,4.40,3.73
11067,4.40,3.73
11068,4.40,3.73
11070,4.41,3.73
11071,4.41,3.73
11072,4.41,3.73
11073,4.40,3.73
11074,4.41,3.73
11075,4.41,3.73
11077,4.41,3.73
11078,4.41,3.73
11079,4.41,3.73
11080,4.41,3.73
11081,4.41,3.73
11083,4.41,3.73
11084,4.41,3.73
11085,4.41,3.73
11086,4.41,3.73
11087,4.41,3.73
11088,4.41,3.73
11090,4.41,3.74
11091,4.41,3.73
11092,4.41,3.74
11094,4.41,3.74
11095,4.41,3.73
11097,4.41,3.73
11098,4.41,3.73
11099,4.41,3.74
11100,4.41,3.73
11101,4.41,3.73
11102,4.41,3.73
11104,4.41,3.74
11105,4.41,3.73
11106,4.41,3.74
11107,4.41,3.73
11108,4.41,3.73
11110,4.41,3.73
11111,4.41,3.73
11112,4.41,3.73
11113,4.41,3.73
11114,4.41,3.73
11115,4.41,3.73
11117,4.41,3.73
11118,4.41,3.73
11119,4.41,3.73
11120,4.41,3.73
11121,4.41,3.73
11122,4.41,3.73
11124,4.41,3.73
11125,4.41,3.74
11126,4.41,3.73
11127,4.41,3.73
11128,4.41,3.73
11130,4.41,3.73
11131,4.41,3.73
11132,4.41,3.73
11133,4.41,3.73
11134,4.41,3.73
11136,4.41,3.73
11138,4.41,3.73
11139,4.41,3.73
11140,4.41,3.73
11141,4.41,3.73
11142,4.41,3.73
11144,4.41,3.73
11145,4.41,3.73
11146,4.41,3.73
11147,4.41,3.73
11148,4.41,3.73
11149,4.41,3.73
11151,4.41,3.73
11152,4.41,3.73
11153,4.41,3.73
11154,4.41,3.73
11155,4.41,3.73
11157,4.41,3.73
11158,4.41,3.73
11159,4.41,3.73
11160,4.41,3.73
11161,4.41,3.73
11162,4.41,3.73
11164,4.41,3.73
11165,4.41,3.73
11166,4.41,3.73
11167,4.41,3.74
11168,4.41,3.73
11170,4.41,3.73
11171,4.41,3.73
11172,4.41,3.73
11173,4.41,3.73
11174,4.41,3.73
11175,4.41,3.73
11177,4.41,3.73
11179,4.41,3.74
11180,4.41,3.74
11181,4.41,3.74
11182,4.41,3.73
11183,4.41,3.73
11185,4.41,3.74
11186,4.41,3.74
11187,4.41,3.73
11188,4.41,3.73
11189,4.41,3.73
11191,4.41,3.73
11192,4.41,3.74
11193,4.41,3.73
11194,4.41,3.73
11195,4.41,3.73
11196,4.41,3.73
11198,4.41,3.73
11199,4.41,3.73
11200,4.41,3.73
11201,4.41,3.73
11202,4.41,3.73
11204,4.41,3.73
11205,4.41,3.73
11206,4.41,3.73
11207,4.41,3.73
11208,4.41,3.74
11209,4.41,3.73
11211,4.41,3.73
11212,4.41,3.73
11213,4.41,3.73
11214,4.41,3.73
11215,4.41,3.73
11217,4.41,3.73
11218,4.41,3.74
11219,4.41,3.74
11220,4.41,3.74
11222,4.41,3.74
11223,4.41,3.73
11225,4.41,3.74
11226,4.41,3.74
11227,4.41,3.73
11228,4.41,3.73
11229,4.41,3.73
11231,4.41,3.73
11232,4.41,3.73
11233,4.41,3.73
11234,4.41,3.73
11235,4.41,3.73
11236,4.41,3.74
11238,4.41,3.74
11239,4.41,3.74
11240,4.41,3.73
11241,4.41,3.73
11242,4.41,3.74
11243,4.41,3.74
11245,4.41,3.74
11246,4.41,3.74
11247,4.41,3.74
11248,4.41,3.74
11249,4.41,3.74
11251,4.41,3.74
11252,4.41,3.74
11253,4.41,3.74
11254,4.41,3.74
11255,4.41,3.74
11256,4.41,3.74
11258,4.41,3.74
11259,4.41,3.74
11260,4.41,3.74
11261,4.41,3.74
11262,4.41,3.74
11265,4.41,3.74
11266,4.41,3.73
11267,4.41,3.73
11268,4.41,3.73
11269,4.41,3.73
11270,4.41,3.73
11272,4.41,3.73
11273,4.41,3.73
11274,4.41,3.73
11275,4.41,3.73
11276,4.41,3.74
11278,4.41,3.74
11279,4.41,3.74
11280,4.41,3.74
11281,4.41,3.73
11282,4.41,3.74
11283,4.41,3.73
11285,4.41,3.74
11286,4.41,3.73
11287,4.41,3.74
11288,4.41,3.73
11289,4.41,3.74
11291,4.41,3.74
11292,4.41,3.74
11293,4.41,3.74
11294,4.41,3.74
11295,4.41,3.73
11296,4.41,3.73
11298,4.41,3.74
11299,4.41,3.74
11300,4.41,3.73
11301,4.41,3.73
11302,4.41,3.74
11303,4.41,3.73
11305,4.41,3.74
11307,4.41,3.74
11308,4.41,3.74
11309,4.41,3.74
11310,4.41,3.74
11312,4.41,3.74
11313,4.41,3.74
11314,4.41,3.74
11315,4.41,3.74
11316,4.41,3.74
11317,4.41,3.74
11319,4.41,3.74
11320,4.41,3.74
11321,4.41,3.74
11322,4.41,3.74
11323,4.41,3.74
11325,4.41,3.74
11326,4.41,3.74
11327,4.41,3.74
11328,4.41,3.74
11329,4.41,3.74
11330,4.41,3.74
11332,4.41,3.74
11333,4.41,3.74
11334,4.41,3.74
11335,4.41,3.74
11336,4.41,3.74
11338,4.41,3.74
11339,4.41,3.74
11340,4.41,3.74
11341,4.41,3.74
11342,4.41,3.74
11343,4.41,3.74
11345,4.41,3.74
11346,4.41,3.74
11347,4.41,3.74
11348,4.41,3.74
11350,4.41,3.73
11352,4.41,3.74
11353,4.41,3.73
11354,4.41,3.74
11355,4.41,3.73
11356,4.41,3.73
11357,4.41,3.73
11359,4.41,3.73
11360,4.41,3.73
11361,4.41,3.73
11362,4.41,3.73
11363,4.41,3.73
11364,4.41,3.73
11366,4.41,3.73
11367,4.41,3.73
11368,4.41,3.74
11369,4.41,3.73
11370,4.41,3.73
11372,4.41,3.74
11373,4.41,3.74
11374,4.41,3.73
11375,4.41,3.74
11376,4.41,3.73
11377,4.41,3.73
11379,4.41,3.74
11380,4.41,3.73
11381,4.41,3.74
11382,4.41,3.74
11383,4.41,3.74
11385,4.41,3.74
11386,4.41,3.74
11387,4.41,3.74
11388,4.41,3.74
11389,4.41,3.74
11390,4.41,3.74
11393,4.41,3.74
11394,4.41,3.74
11395,4.41,3.73
11396,4.41,3.74
11397,4.41,3.74
11399,4.41,3.74
11400,4.41,3.74
11401,4.41,3.73
11402,4.41,3.73
11403,4.41,3.74
11404,4.41,3.74
11406,4.41,3.74
11407,4.41,3.74
11408,4.41,3.73
11409,4.41,3.74
11410,4.41,3.74
11412,4.41,3.73
11413,4.41,3.74
11414,4.41,3.73
11415,4.41,3.73
11416,4.41,3.73
11417,4.41,3.73
11419,4.41,3.73
11420,4.41,3.73
11421,4.41,3.73
11422,4.41,3.73
11423,4.41,3.73
11424,4.41,3.73
11426,4.41,3.73
11427,4.41,3.73
11428,4.41,3.73
11429,4.41,3.73
11430,4.41,3.73
11432,4.41,3.73
11433,4.41,3.74
11435,4.41,3.73
11436,4.41,3.73
11437,4.41,3.73
11438,4.41,3.73
11440,4.41,3.73
11441,4.41,3.73
11442,4.41,3.73
11443,4.41,3.73
11444,4.41,3.73
11446,4.41,3.73
11447,4.41,3.73
11448,4.41,3.73
11449,4.41,3.73
11450,4.41,3.73
11451,4.41,3.73
11453,4.41,3.73
11454,4.41,3.73
11455,4.41,3.73
11456,4.41,3.73
11457,4.41,3.73
11459,4.41,3.73
11460,4.41,3.73
11461,4.41,3.73
11462,4.42,3.73
11463,4.41,3.73
11464,4.41,3.73
11466,4.41,3.74
11467,4.41,3.74
11468,4.41,3.74
11469,4.41,3.74
11470,4.41,3.73
11472,4.41,3.74
11473,4.41,3.74
11474,4.41,3.74
11475,4.41,3.73
11476,4.41,3.73
11478,4.41,3.73
11480,4.41,3.74
11481,4.41,3.73
11482,4.42,3.73
11483,4.42,3.73
11484,4.41,3.74
11485,4.41,3.74
11487,4.41,3.74
11488,4.41,3.73
11489,4.42,3.73
11490,4.41,3.73
11491,4.41,3.73
11493,4.41,3.74
11494,4.41,3.73
11495,4.41,3.73
11496,4.41,3.73
11497,4.41,3.73
11498,4.42,3.73
11500,4.42,3.73
11501,4.41,3.73
11502,4.42,3.73
11503,4.41,3.73
11504,4.42,3.73
11506,4.41,3.73
11507,4.41,3.73
11508,4.41,3.73
11509,4.41,3.73
11510,4.41,3.73
11511,4.41,3.73
11513,4.41,3.73
11514,4.42,3.73
11515,4.41,3.73
11516,4.41,3.73
11517,4.41,3.73
11520,4.41,3.73
11521,4.41,3.73
11522,4.41,3.73
11523,4.41,3.73
11524,4.41,3.73
11525,4.41,3.73
11527,4.41,3.73
11528,4.41,3.73
11529,4.41,3.73
11530,4.41,3.73
11531,4.41,3.73
11533,4.41,3.73
11534,4.41,3.73
11535,4.42,3.73
11536,4.42,3.73
11537,4.41,3.73
11538,4.41,3.73
11540,4.41,3.74
11541,4.41,3.73
11542,4.41,3.73
11543,4.41,3.73
11544,4.41,3.73
11545,4.41,3.73
11547,4.42,3.74
11548,4.41,3.74
11549,4.41,3.73
11550,4.42,3.73
11551,4.42,3.73
11553,4.41,3.73
11554,4.42,3.73
11555,4.42,3.73
11556,4.42,3.73
11557,4.42,3.73
11558,4.42,3.73
11560,4.42,3.73
11561,4.42,3.73
11563,4.42,3.74
11564,4.42,3.73
11565,4.42,3.74
11567,4.42,3.74
11568,4.42,3.73
11569,4.42,3.74
11570,4.42,3.73
11571,4.42,3.73
11572,4.42,3.73
11574,4.42,3.73
11575,4.42,3.73
11576,4.42,3.73
11577,4.42,3.73
11578,4.42,3.73
11580,4.42,3.73
11581,4.42,3.73
11582,4.41,3.73
11583,4.42,3.73
11584,4.42,3.74
11585,4.42,3.74
11587,4.42,3.74
11588,4.42,3.74
11589,4.42,3.74
11590,4.42,3.74
11591,4.42,3.74
11593,4.42,3.73
11594,4.42,3.74
11595,4.42,3.74
11596,4.42,3.74
11597,4.42,3.74
11598,4.42,3.74
11600,4.42,3.74
11601,4.42,3.74
11602,4.42,3.73
11603,4.41,3.73
11604,4.41,3.74
11606,4.42,3.73
11608,4.41,3.73
11609,4.42,3.73
11610,4.42,3.74
11611,4.41,3.73
11612,4.42,3.73
11614,4.42,3.74
11615,4.42,3.73
11616,4.41,3.73
11617,4.42,3.73
11618,4.42,3.73
11619,4.42,3.73
11621,4.42,3.73
11622,4.42,3.73
11623,4.42,3.73
11624,4.42,3.74
11625,4.42,3.74
11627,4.42,3.73
11628,4.42,3.73
11629,4.42,3.73
11630,4.42,3.74
11631,4.42,3.74
11632,4.42,3.73
11634,4.42,3.74
11635,4.42,3.74
11636,4.42,3.74
11637,4.42,3.73
11638,4.42,3.73
11640,4.42,3.74
11641,4.42,3.73
11642,4.42,3.73
11643,4.42,3.73
11644,4.42,3.73
11645,4.42,3.74
11648,4.42,3.73
11649,4.42,3.73
11650,4.42,3.73
11651,4.42,3.73
11652,4.42,3.74
11654,4.42,3.74
11655,4.42,3.74
11656,4.42,3.74
11657,4.42,3.74
11658,4.42,3.74
11659,4.42,3.74
11661,4.42,3.74
11662,4.42,3.74
11663,4.42,3.74
11664,4.42,3.74
11665,4.42,3.73
11666,4.42,3.74
11668,4.42,3.73
11669,4.42,3.73
11670,4.42,3.73
11671,4.42,3.74
11672,4.42,3.74
11674,4.42,3.74
11675,4.42,3.74
11676,4.42,3.74
11677,4.42,3.74
11678,4.42,3.74
11679,4.42,3.74
11681,4.42,3.73
11682,4.42,3.74
11683,4.42,3.73
11684,4.42,3.73
11685,4.41,3.73
11687,4.42,3.74
11688,4.42,3.73
11689,4.42,3.74
11691,4.42,3.73
11692,4.42,3.74
11693,4.42,3.73
11695,4.42,3.73
11696,4.42,3.73
11697,4.42,3.73
11698,4.42,3.73
11699,4.42,3.73
11701,4.42,3.73
11702,4.42,3.73
11703,4.42,3.73
11704,4.42,3.73
11705,4.42,3.74
11706,4.42,3.73
11708,4.42,3.74
11709,4.42,3.73
11710,4.42,3.73
11711,4.42,3.73
11712,4.42,3.74
11714,4.42,3.73
11715,4.42,3.73
11716,4.42,3.74
11717,4.42,3.73
11718,4.42,3.73
11719,4.42,3.74
11721,4.42,3.74
11722,4.42,3.73
11723,4.42,3.74
11724,4.42,3.74
11725,4.42,3.73
11726,4.42,3.74
11728,4.42,3.74
11729,4.42,3.74
11730,4.42,3.73
11731,4.42,3.73
11732,4.42,3.74
11735,4.42,3.73
11736,4.42,3.73
11737,4.42,3.74
11738,4.42,3.73
11739,4.42,3.73
11740,4.42,3.73
11742,4.42,3.73
11743,4.42,3.73
11744,4.42,3.73
11745,4.42,3.73
11746,4.42,3.73
11748,4.42,3.73
11749,4.42,3.73
11750,4.42,3.73
11751,4.42,3.74
11752,4.42,3.74
11753,4.42,3.74
11755,4.42,3.74
11756,4.42,3.74
11757,4.42,3.74
11758,4.42,3.74
11759,4.42,3.74
11761,4.42,3.74
11762,4.42,3.74
11763,4.42,3.74
11764,4.42,3.74
11765,4.42,3.74
11766,4.42,3.74
11768,4.42,3.74
11769,4.42,3.74
11770,4.42,3.74
11771,4.42,3.74
11772,4.42,3.74
11774,4.42,3.74
11776,4.42,3.74
11777,4.42,3.74
11778,4.42,3.74
11779,4.42,3.73
11780,4.42,3.74
11782,4.42,3.74
11783,4.42,3.73
11784,4.42,3.73
11785,4.42,3.74
11786,4.42,3.74
11787,4.42,3.74
11789,4.42,3.74
11790,4.42,3.73
11791,4.42,3.74
11792,4.42,3.74
11793,4.42,3.74
11795,4.42,3.74
11796,4.42,3.74
11797,4.42,3.74
11798,4.42,3.74
11799,4.42,3.74
11800,4.42,3.74
11802,4.42,3.74
11803,4.42,3.74
11804,4.42,3.73
11805,4.42,3.74
11806,4.42,3.73
11808,4.42,3.73
11809,4.42,3.73
11810,4.42,3.73
11811,4.42,3.73
11812,4.42,3.74
11813,4.42,3.73
11815,4.42,3.73
11816,4.42,3.74
11817,4.42,3.74
11819,4.42,3.73
11820,4.42,3.73
11822,4.42,3.73
11823,4.42,3.74
11824,4.42,3.73
11825,4.42,3.73
11826,4.42,3.74
11827,4.42,3.73
11829,4.42,3.74
11830,4.42,3.73
11831,4.42,3.74
11832,4.42,3.74
11833,4.42,3.74
11835,4.42,3.73
11836,4.42,3.73
11837,4.42,3.73
11838,4.42,3.73
11839,4.42,3.73
11840,4.42,3.73
11842,4.42,3.73
11843,4.42,3.73
11844,4.42,3.73
11845,4.42,3.73
11846,4.42,3.73
11847,4.42,3.73
11849,4.42,3.73
11850,4.42,3.73
11851,4.42,3.73
11852,4.42,3.73
11853,4.42,3.73
11855,4.42,3.73
11856,4.42,3.74
11857,4.42,3.73
11858,4.42,3.73
11859,4.42,3.73
11860,4.42,3.73
11863,4.42,3.73
11864,4.42,3.73
11865,4.42,3.73
11866,4.42,3.73
11867,4.42,3.73
11869,4.42,3.73
11870,4.42,3.73
11871,4.42,3.73
11872,4.42,3.73
11873,4.42,3.73
11874,4.42,3.73
11876,4.42,3.73
11877,4.42,3.73
11878,4.42,3.73
11879,4.42,3.73
11880,4.42,3.73
11882,4.42,3.73
11883,4.42,3.73
11884,4.42,3.73
11885,4.42,3.73
11886,4.42,3.73
11887,4.42,3.73
11889,4.42,3.73
11890,4.42,3.73
11891,4.42,3.73
11892,4.42,3.73
11893,4.42,3.73
11895,4.42,3.73
11896,4.42,3.74
11897,4.42,3.73
11898,4.42,3.73
11899,4.42,3.73
11900,4.42,3.73
11902,4.42,3.73
11904,4.42,3.73
11905,4.42,3.73
11906,4.42,3.73
11907,4.42,3.73
11908,4.42,3.73
11910,4.42,3.73
11911,4.42,3.73
11912,4.42,3.73
11913,4.42,3.73
11914,4.42,3.73
11916,4.42,3.73
11917,4.42,3.73
11918,4.42,3.73
11919,4.42,3.73
11920,4.42,3.73
11921,4.42,3.73
11923,4.42,3.73
11924,4.42,3.73
11925,4.42,3.73
11926,4.42,3.73
11927,4.42,3.73
11929,4.42,3.73
11930,4.42,3.73
11931,4.42,3.73
11932,4.42,3.73
11933,4.42,3.73
11934,4.42,3.73
11936,4.42,3.73
11937,4.42,3.73
11938,4.42,3.73
11939,4.42,3.73
11940,4.42,3.73
11942,4.42,3.73
11943,4.42,3.73
11944,4.42,3.73
11945,4.42,3.73
11947,4.42,3.73
11948,4.42,3.73
11950,4.42,3.73
11951,4.42,3.73
11952,4.42,3.73
11953,4.42,3.73
11954,4.42,3.73
11956,4.42,3.73
11957,4.42,3.73
11958,4.42,3.73
11959,4.42,3.73
11960,4.42,3.73
11961,4.42,3.73
11963,4.42,3.73
11964,4.42,3.73
11965,4.42,3.73
11966,4.42,3.73
11967,4.42,3.73
11968,4.42,3.73
11970,4.42,3.73
11971,4.42,3.73
11972,4.42,3.73
11973,4.42,3.73
11974,4.42,3.73
11976,4.43,3.73
11977,4.42,3.73
11978,4.42,3.73
11979,4.42,3.73
11980,4.42,3.73
11981,4.42,3.73
11983,4.42,3.73
11984,4.43,3.73
11985,4.42,3.73
11986,4.42,3.73
11987,4.42,3.73
11990,4.42,3.73
11991,4.43,3.73
11992,4.43,3.73
11993,4.42,3.73
11994,4.42,3.74
11995,4.42,3.73
11997,4.42,3.73
11998,4.42,3.73
11999,4.42,3.73
12000,4.42,3.74
12001,4.42,3.73
12003,4.42,3.73
12004,4.42,3.73
12005,4.42,3.73
12006,4.42,3.73
12007,4.42,3.73
12008,4.42,3.73
12010,4.42,3.73
12011,4.42,3.73
12012,4.42,3.73
12013,4.42,3.73
12014,4.42,3.73
12016,4.42,3.73
12017,4.42,3.73
12018,4.42,3.73
12019,4.42,3.73
12020,4.42,3.73
12021,4.42,3.73
12023,4.42,3.74
12024,4.42,3.73
12025,4.42,3.74
12026,4.42,3.74
12027,4.42,3.73
12028,4.42,3.73
12030,4.42,3.74
12032,4.42,3.73
12033,4.42,3.73
12034,4.42,3.73
12035,4.42,3.74
12037,4.42,3.74
12038,4.42,3.74
12039,4.42,3.73
12040,4.42,3.73
12041,4.42,3.74
12042,4.42,3.74
12044,4.42,3.73
12045,4.42,3.73
12046,4.42,3.73
12047,4.42,3.74
12048,4.42,3.74
12050,4.42,3.74
12051,4.42,3.74
12052,4.42,3.74
12053,4.42,3.74
12054,4.42,3.74
12055,4.42,3.74
12057,4.42,3.73
12058,4.42,3.74
12059,4.42,3.74
12060,4.42,3.74
12061,4.42,3.74
12063,4.42,3.74
12064,4.42,3.73
12065,4.42,3.74
12066,4.42,3.74
12067,4.42,3.74
12068,4.42,3.74
12070,4.42,3.74
12071,4.42,3.74
12072,4.42,3.74
12073,4.42,3.74
12075,4.42,3.74
12077,4.42,3.74
12078,4.42,3.74
12079,4.42,3.74
12080,4.42,3.74
12081,4.42,3.74
12082,4.43,3.74
12084,4.42,3.74
12085,4.42,3.73
12086,4.42,3.74
12087,4.43,3.74
12088,4.43,3.74
12089,4.43,3.74
12091,4.42,3.74
12092,4.42,3.74
12093,4.42,3.74
12094,4.42,3.74
12095,4.42,3.74
12097,4.42,3.74
12098,4.42,3.74
12099,4.42,3.74
12100,4.42,3.74
12101,4.42,3.74
12102,4.42,3.74
12104,4.42,3.74
12105,4.42,3.74
12106,4.42,3.74
12107,4.42,3.74
12108,4.42,3.74
12110,4.42,3.74
12111,4.42,3.74
12112,4.42,3.74
12113,4.42,3.74
12114,4.42,3.74
12115,4.42,3.74
12118,4.42,3.74
12119,4.42,3.74
12120,4.42,3.74
12121,4.42,3.74
12122,4.42,3.74
12124,4.42,3.74
12125,4.42,3.73
12126,4.42,3.74
12127,4.42,3.74
12128,4.42,3.74
12129,4.42,3.74
12131,4.42,3.74
12132,4.42,3.74
12133,4.42,3.74
12134,4.42,3.74
12135,4.43,3.74
12137,4.43,3.74
12138,4.43,3.74
12139,4.43,3.74
12140,4.43,3.74
12141,4.43,3.74
12142,4.43,3.74
12144,4.43,3.74
12145,4.43,3.74
12146,4.43,3.74
12147,4.43,3.74
12148,4.43,3.74
12149,4.43,3.74
12151,4.43,3.74
12152,4.43,3.74
12153,4.43,3.74
12154,4.43,3.74
12155,4.43,3.74
12157,4.43,3.74
12158,4.43,3.74
12160,4.43,3.74
12161,4.43,3.74
12162,4.43,3.74
12163,4.43,3.74
12165,4.43,3.74
12166,4.43,3.74
12167,4.43,3.74
12168,4.43,3.74
12169,4.43,3.74
12171,4.43,3.74
12172,4.43,3.74
12173,4.43,3.74
12174,4.43,3.74
12175,4.43,3.74
12176,4.43,3.74
12178,4.42,3.74
12179,4.42,3.74
12180,4.43,3.74
12181,4.42,3.73
12182,4.42,3.73
12184,4.42,3.74
12185,4.42,3.73
12186,4.42,3.74
12187,4.42,3.74
12188,4.43,3.74
12189,4.42,3.74
12191,4.43,3.74
12192,4.42,3.74
12193,4.42,3.73
12194,4.42,3.73
12195,4.42,3.73
12197,4.43,3.74
12198,4.43,3.74
12199,4.43,3.74
12200,4.42,3.74
12201,4.42,3.73
12203,4.42,3.73
12205,4.42,3.73
12206,4.42,3.73
12207,4.42,3.73
12208,4.42,3.73
12209,4.42,3.73
12210,4.42,3.74
12212,4.42,3.73
12213,4.42,3.74
12214,4.42,3.74
12215,4.42,3.73
12216,4.42,3.73
12218,4.42,3.73
12219,4.42,3.73
12220,4.42,3.73
12221,4.43,3.73
12222,4.43,3.73
12223,4.42,3.73
12225,4.43,3.73
12226,4.42,3.73
12227,4.43,3.73
12228,4.42,3.73
12229,4.42,3.73
12231,4.42,3.73
12232,4.42,3.73
12233,4.43,3.73
12234,4.43,3.73
12235,4.42,3.73
12236,4.42,3.73
12238,4.42,3.73
12239,4.42,3.73
12240,4.42,3.73
12241,4.42,3.73
12242,4.42,3.73
12244,4.42,3.73
12246,4.42,3.73
12247,4.42,3.73
12248,4.42,3.73
12249,4.42,3.73
12250,4.43,3.74
12252,4.42,3.74
12253,4.42,3.73
12254,4.42,3.73
12255,4.43,3.73
12256,4.42,3.74
12258,4.42,3.73
12259,4.42,3.73
12260,4.42,3.73
12261,4.42,3.73
12262,4.42,3.73
12263,4.43,3.73
12265,4.43,3.73
12266,4.43,3.73
12267,4.43,3.73
12268,4.43,3.73
12269,4.43,3.73
12270,4.43,3.73
12272,4.43,3.73
12273,4.43,3.73
12274,4.43,3.73
12275,4.43,3.73
12276,4.43,3.74
12278,4.43,3.73
12279,4.42,3.73
12280,4.43,3.73
12281,4.42,3.73
12282,4.42,3.73
12283,4.42,3.73
12285,4.42,3.73
12286,4.43,3.73
12288,4.43,3.73
12289,4.43,3.73
12290,4.43,3.73
12292,4.43,3.73
12293,4.43,3.73
12294,4.43,3.73
12295,4.43,3.73
12296,4.43,3.73
12297,4.43,3.74
12299,4.43,3.73
12300,4.42,3.73
12301,4.43,3.73
12302,4.43,3.73
12303,4.43,3.73
12305,4.42,3.73
12306,4.43,3.73
12307,4.43,3.73
12308,4.43,3.73
12309,4.43,3.73
12310,4.42,3.73
12312,4.43,3.73
12313,4.43,3.73
12314,4.43,3.73
12315,4.43,3.73
12316,4.43,3.73
12318,4.43,3.73
12319,4.43,3.73
12320,4.43,3.73
12321,4.43,3.73
12322,4.43,3.73
12323,4.43,3.73
12325,4.42,3.73
12326,4.42,3.73
12327,4.42,3.73
12328,4.43,3.73
12329,4.43,3.73
12331,4.42,3.73
12333,4.42,3.73
12334,4.42,3.73
12335,4.43,3.73
12336,4.43,3.73
12337,4.42,3.73
12339,4.42,3.73
12340,4.42,3.73
12341,4.42,3.73
12342,4.43,3.73
12343,4.42,3.73
12344,4.42,3.73
12346,4.42,3.73
12347,4.42,3.73
12348,4.42,3.73
12349,4.42,3.73
12350,4.43,3.73
12352,4.42,3.73
12353,4.42,3.73
12354,4.43,3.73
12355,4.43,3.73
12356,4.42,3.73
12357,4.42,3.73
12359,4.43,3.73
12360,4.43,3.73
12361,4.43,3.73
12362,4.43,3.73
12363,4.43,3.73
12365,4.43,3.73
12366,4.43,3.73
12367,4.43,3.73
12368,4.43,3.73
12369,4.43,3.73
12370,4.43,3.73
12372,4.43,3.73
12374,4.43,3.73
12375,4.43,3.73
12376,4.43,3.73
12377,4.43,3.73
12379,4.42,3.73
12380,4.42,3.73
12381,4.42,3.73
12382,4.43,3.73
12383,4.43,3.73
12384,4.43,3.73
12386,4.42,3.73
12387,4.43,3.73
12388,4.42,3.73
12389,4.43,3.73
12390,4.42,3.73
12391,4.42,3.73
12393,4.42,3.73
12394,4.42,3.73
12395,4.42,3.73
12396,4.42,3.73
12397,4.42,3.73
12399,4.42,3.73
12400,4.42,3.73
12401,4.43,3.73
12402,4.42,3.73
12403,4.42,3.73
12404,4.42,3.73
12406,4.42,3.73
12407,4.42,3.73
12408,4.42,3.73
12409,4.42,3.73
12410,4.42,3.73
12412,4.42,3.73
12413,4.42,3.73
12414,4.42,3.73
12416,4.43,3.73
12417,4.43,3.73
12418,4.42,3.73
12420,4.42,3.73
12421,4.42,3.73
12422,4.42,3.73
12423,4.42,3.73
12424,4.42,3.73
12426,4.42,3.73
12427,4.42,3.73
12428,4.42,3.73
12429,4.42,3.73
12430,4.42,3.73
12431,4.42,3.73
12433,4.42,3.73
12434,4.42,3.73
12435,4.42,3.73
12436,4.42,3.73
12437,4.42,3.73
12439,4.42,3.73
12440,4.43,3.73
12441,4.42,3.73
12442,4.42,3.73
12443,4.42,3.73
12444,4.43,3.73
12446,4.42,3.73
12447,4.42,3.73
12448,4.42,3.73
12449,4.42,3.73
12450,4.42,3.73
12451,4.42,3.73
12453,4.42,3.73
12454,4.42,3.73
12455,4.42,3.73
12456,4.42,3.73
12457,4.42,3.73
12460,4.42,3.73
12461,4.42,3.73
12462,4.42,3.73
12463,4.42,3.73
12464,4.42,3.73
12465,4.42,3.73
12467,4.42,3.73
12468,4.42,3.73
12469,4.42,3.73
12470,4.42,3.73
12471,4.42,3.73
12473,4.42,3.73
12474,4.42,3.73
12475,4.42,3.73
12476,4.42,3.73
12477,4.42,3.73
12478,4.42,3.73
12480,4.42,3.73
12481,4.42,3.73
12482,4.42,3.73
12483,4.42,3.73
12484,4.42,3.73
12486,4.42,3.73
12487,4.42,3.73
12488,4.42,3.73
12489,4.42,3.73
12490,4.42,3.73
12491,4.42,3.73
12493,4.42,3.73
12494,4.42,3.73
12495,4.42,3.73
12496,4.42,3.73
12497,4.42,3.73
12499,4.42,3.73
12500,4.42,3.73
12502,4.42,3.73
12503,4.42,3.73
12504,4.42,3.73
12505,4.42,3.73
12507,4.42,3.73
12508,4.42,3.73
12509,4.43,3.73
12510,4.43,3.73
12511,4.42,3.73
12512,4.42,3.73
12514,4.42,3.73
12515,4.42,3.73
12516,4.42,3.73
12517,4.43,3.73
12518,4.42,3.73
12520,4.42,3.73
12521,4.42,3.73
12522,4.42,3.73
12523,4.42,3.73
12524,4.42,3.73
12525,4.42,3.73
12527,4.42,3.73
12528,4.43,3.73
12529,4.42,3.73
12530,4.42,3.73
12531,4.43,3.73
12533,4.42,3.73
12534,4.42,3.73
12535,4.42,3.73
12536,4.43,3.73
12537,4.42,3.73
12538,4.42,3.73
12540,4.42,3.73
12541,4.42,3.73
12542,4.42,3.73
12544,4.42,3.73
12545,4.42,3.73
12547,4.42,3.73
12548,4.42,3.73
12549,4.42,3.73
12550,4.42,3.73
12551,4.42,3.73
12552,4.43,3.72
12554,4.42,3.73
12555,4.42,3.73
12556,4.42,3.73
12557,4.42,3.73
12558,4.42,3.72
12560,4.42,3.73
12561,4.42,3.73
12562,4.42,3.73
12563,4.42,3.73
12564,4.42,3.72
12565,4.42,3.73
12567,4.42,3.73
12568,4.42,3.73
12569,4.42,3.73
12570,4.42,3.73
12571,4.42,3.73
12572,4.42,3.73
12574,4.42,3.73
12575,4.42,3.73
12576,4.42,3.73
12577,4.42,3.73
12578,4.42,3.73
12580,4.42,3.73
12581,4.42,3.72
12582,4.42,3.72
12583,4.42,3.72
12584,4.42,3.72
12585,4.42,3.72
12588,4.42,3.72
12589,4.42,3.72
12590,4.42,3.72
12591,4.42,3.72
12592,4.42,3.72
12594,4.42,3.72
12595,4.42,3.72
12596,4.42,3.72
12597,4.42,3.72
12598,4.42,3.72
12599,4.42,3.72
12601,4.42,3.72
12602,4.42,3.72
12603,4.42,3.72
12604,4.42,3.72
12605,4.42,3.72
12607,4.42,3.72
12608,4.42,3.72
12609,4.42,3.72
12610,4.42,3.71
12611,4.42,3.71
12612,4.42,3.71
12614,4.42,3.72
12615,4.42,3.72
12616,4.42,3.72
12617,4.42,3.72
12618,4.42,3.72
12620,4.42,3.72
12621,4.42,3.72
12622,4.42,3.72
12623,4.42,3.72
12624,4.42,3.72
12625,4.42,3.72
12627,4.42,3.72
12628,4.42,3.72
12630,4.42,3.72
12631,4.42,3.72
12632,4.42,3.72
12633,4.42,3.72
12635,4.42,3.72
12636,4.42,3.72
12637,4.42,3.72
12638,4.42,3.72
12639,4.42,3.72
12641,4.42,3.72
12642,4.42,3.72
12643,4.42,3.72
12644,4.42,3.72
12645,4.42,3.73
12646,4.42,3.72
12648,4.42,3.72
12649,4.42,3.72
12650,4.42,3.72
12651,4.42,3.72
12652,4.42,3.72
12654,4.42,3.72
12655,4.42,3.72
12656,4.42,3.72
12657,4.42,3.72
12658,4.42,3.72
12659,4.42,3.72
12661,4.42,3.72
12662,4.42,3.72
12663,4.42,3.72
12664,4.42,3.72
12665,4.42,3.72
12667,4.42,3.72
12668,4.42,3.72
12669,4.42,3.72
12670,4.42,3.72
12672,4.42,3.72
12673,4.42,3.72
12675,4.42,3.72
12676,4.42,3.72
12677,4.42,3.72
12678,4.42,3.72
12679,4.42,3.72
12681,4.42,3.72
12682,4.42,3.72
12683,4.42,3.72
12684,4.42,3.72
12685,4.42,3.72
12686,4.42,3.72
12688,4.42,3.72
12689,4.42,3.72
12690,4.42,3.72
12691,4.42,3.72
12692,4.42,3.72
12693,4.42,3.72
12695,4.42,3.72
12696,4.42,3.72
12697,4.42,3.72
12698,4.42,3.73
12699,4.42,3.72
12701,4.42,3.72
12702,4.42,3.72
12703,4.42,3.72
12704,4.42,3.72
12705,4.42,3.72
12706,4.42,3.72
12708,4.42,3.72
12709,4.42,3.72
12710,4.42,3.72
12711,4.42,3.72
12712,4.42,3.72
12715,4.42,3.72
12716,4.42,3.72
12717,4.42,3.72
12718,4.42,3.72
12719,4.42,3.72
12720,4.41,3.72
12722,4.42,3.72
12723,4.42,3.72
12724,4.42,3.73
12725,4.42,3.73
12726,4.42,3.72
12728,4.42,3.72
12729,4.42,3.72
12730,4.42,3.72
12731,4.42,3.73
12732,4.41,3.72
12733,4.42,3.73
12735,4.42,3.72
12736,4.42,3.73
12737,4.42,3.72
12738,4.41,3.73
12739,4.42,3.72
12741,4.42,3.73
12742,4.42,3.73
12743,4.42,3.72
12744,4.42,3.72
12745,4.42,3.73
12746,4.42,3.73
12748,4.42,3.73
12749,4.42,3.73
12750,4.42,3.72
12751,4.42,3.73
12752,4.42,3.73
12753,4.42,3.73
12755,4.41,3.72
12756,4.42,3.73
12758,4.42,3.72
12759,4.42,3.72
12760,4.42,3.73
12762,4.41,3.72
12763,4.42,3.72
12764,4.42,3.73
12765,4.42,3.72
12766,4.41,3.72
12767,4.42,3.72
12769,4.42,3.72
12770,4.42,3.72
12771,4.42,3.72
12772,4.42,3.73
12773,4.42,3.72
12775,4.42,3.72
12776,4.42,3.72
12777,4.42,3.72
12778,4.42,3.72
12779,4.41,3.72
12780,4.42,3.72
12782,4.41,3.72
12783,4.42,3.72
12784,4.41,3.72
12785,4.41,3.72
12786,4.42,3.72
12788,4.42,3.72
12789,4.42,3.72
12790,4.41,3.72
12791,4.42,3.72
12792,4.42,3.72
12793,4.42,3.72
12795,4.42,3.72
12796,4.42,3.72
12797,4.42,3.72
12798,4.42,3.72
12800,4.42,3.72
12802,4.42,3.72
12803,4.42,3.72
12804,4.42,3.72
12805,4.42,3.72
12806,4.42,3.72
12807,4.42,3.72
12809,4.42,3.72
12810,4.42,3.72
12811,4.42,3.72
12812,4.42,3.72
12813,4.42,3.72
12814,4.42,3.72
12816,4.42,3.72
12817,4.42,3.72
12818,4.42,3.72
12819,4.42,3.72
12820,4.42,3.72
12822,4.42,3.72
12823,4.42,3.72
12824,4.42,3.72
12825,4.42,3.72
12826,4.42,3.72
12827,4.42,3.72
12829,4.42,3.72
12830,4.42,3.73
12831,4.42,3.72
12832,4.42,3.72
12833,4.42,3.72
12835,4.42,3.72
12836,4.42,3.72
12837,4.42,3.72
12838,4.42,3.72
12839,4.42,3.73
12840,4.42,3.72
12843,4.42,3.72
12844,4.42,3.72
12845,4.42,3.72
12846,4.42,3.73
12847,4.42,3.72
12849,4.42,3.72
12850,4.42,3.72
12851,4.42,3.72
12852,4.42,3.72
12853,4.42,3.72
12854,4.42,3.72
12856,4.42,3.72
12857,4.42,3.72
12858,4.42,3.72
12859,4.42,3.72
12860,4.42,3.72
12862,4.42,3.72
12863,4.42,3.72
12864,4.42,3.72
12865,4.42,3.72
12866,4.42,3.72
12867,4.42,3.72
12869,4.42,3.72
12870,4.42,3.72
12871,4.42,3.72
12872,4.42,3.72
12873,4.42,3.72
12874,4.42,3.72
12876,4.42,3.72
12877,4.42,3.72
12878,4.42,3.72
12879,4.42,3.72
12880,4.42,3.72
12882,4.42,3.72
12883,4.42,3.72
12884,4.42,3.72
12886,4.42,3.72
12887,4.42,3.72
12888,4.42,3.72
12890,4.42,3.72
12891,4.42,3.72
12892,4.42,3.72
12893,4.42,3.72
12894,4.42,3.72
12896,4.42,3.72
12897,4.42,3.72
12898,4.42,3.72
12899,4.42,3.73
12900,4.42,3.72
12901,4.42,3.72
12903,4.42,3.72
12904,4.42,3.72
12905,4.42,3.72
12906,4.42,3.72
12907,4.42,3.72
12909,4.42,3.72
12910,4.42,3.72
12911,4.42,3.72
12912,4.42,3.72
12913,4.42,3.72
12914,4.42,3.72
12916,4.42,3.72
12917,4.41,3.72
12918,4.42,3.72
12919,4.42,3.72
12920,4.42,3.72
12922,4.41,3.72
12923,4.41,3.72
12924,4.41,3.72
12925,4.42,3.72
12926,4.42,3.72
12928,4.41,3.72
12930,4.41,3.72
12931,4.42,3.72
12932,4.42,3.72
12933,4.41,3.72
12934,4.41,3.72
12935,4.41,3.72
12937,4.41,3.72
12938,4.42,3.72
12939,4.42,3.72
12940,4.42,3.72
12941,4.41,3.72
12943,4.42,3.72
12944,4.42,3.72
12945,4.42,3.72
12946,4.41,3.72
12947,4.42,3.72
12948,4.42,3.72
12950,4.42,3.72
12951,4.42,3.72
12952,4.42,3.72
12953,4.42,3.72
12954,4.42,3.72
12956,4.42,3.72
12957,4.42,3.72
12958,4.42,3.72
12959,4.42,3.72
12960,4.42,3.72
12961,4.42,3.72
12963,4.42,3.72
12964,4.42,3.72
12965,4.42,3.72
12966,4.42,3.72
12967,4.42,3.72
12969,4.42,3.72
12971,4.42,3.72
12972,4.42,3.72
12973,4.42,3.72
12974,4.42,3.72
12975,4.42,3.72
12977,4.42,3.72
12978,4.42,3.72
12979,4.42,3.72
12980,4.42,3.72
12981,4.42,3.72
12983,4.42,3.72
12984,4.42,3.72
12985,4.42,3.72
12986,4.42,3.72
12987,4.42,3.72
12988,4.42,3.72
12990,4.42,3.72
12991,4.42,3.72
12992,4.42,3.72
12993,4.42,3.72
12994,4.42,3.72
12995,4.42,3.72
12997,4.42,3.72
12998,4.42,3.72
12999,4.42,3.72
13000,4.42,3.72
13001,4.42,3.72
13003,4.42,3.72
13004,4.42,3.72
13005,4.42,3.72
13006,4.42,3.72
13007,4.42,3.72
13008,4.42,3.72
13010,4.42,3.72
13011,4.42,3.72
13012,4.42,3.72
13014,4.42,3.72
13015,4.42,3.72
13017,4.42,3.72
13018,4.42,3.72
13019,4.42,3.72
13020,4.42,3.72
13021,4.42,3.72
13022,4.42,3.72
13024,4.42,3.72
13025,4.42,3.72
13026,4.42,3.72
13027,4.42,3.72
13028,4.42,3.72
13030,4.42,3.72
13031,4.42,3.72
13032,4.42,3.72
13033,4.42,3.72
13034,4.42,3.72
13035,4.42,3.72
13037,4.42,3.72
13038,4.42,3.72
13039,4.42,3.72
13040,4.42,3.72
13041,4.42,3.72
13043,4.41,3.72
13044,4.42,3.72
13045,4.42,3.72
13046,4.42,3.72
13047,4.42,3.72
13048,4.42,3.72
13050,4.41,3.72
13051,4.42,3.72
13052,4.42,3.72
13053,4.42,3.72
13054,4.42,3.72
13056,4.41,3.72
13058,4.42,3.72
13059,4.42,3.72
13060,4.42,3.72
13061,4.42,3.72
13062,4.42,3.72
13064,4.42,3.72
13065,4.42,3.72
13066,4.42,3.72
13067,4.42,3.72
13068,4.42,3.72
13069,4.42,3.72
13071,4.42,3.72
13072,4.42,3.72
13073,4.42,3.72
13074,4.42,3.72
13075,4.42,3.72
13077,4.42,3.72
13078,4.42,3.72
13079,4.42,3.72
13080,4.42,3.72
13081,4.42,3.72
13082,4.42,3.72
13084,4.42,3.72
13085,4.42,3.72
13086,4.42,3.72
13087,4.42,3.72
13088,4.42,3.72
13090,4.42,3.72
13091,4.42,3.72
13092,4.42,3.72
13093,4.42,3.72
13094,4.41,3.72
13095,4.41,3.72
13097,4.41,3.72
13099,4.42,3.72
13100,4.42,3.72
13101,4.41,3.72
13102,4.41,3.72
13104,4.41,3.72
13105,4.41,3.72
13106,4.42,3.72
13107,4.42,3.72
13108,4.41,3.72
13109,4.42,3.72
13111,4.42,3.72
13112,4.42,3.72
13113,4.42,3.72
13114,4.42,3.72
13115,4.42,3.72
13116,4.42,3.72
13118,4.42,3.72
13119,4.42,3.72
13120,4.42,3.72
13121,4.42,3.72
13122,4.42,3.72
13124,4.42,3.72
13125,4.42,3.72
13126,4.42,3.72
13127,4.41,3.72
13128,4.41,3.72
13129,4.41,3.72
13131,4.41,3.72
13132,4.41,3.72
13133,4.41,3.72
13134,4.41,3.72
13135,4.41,3.72
13137,4.41,3.72
13138,4.41,3.72
13139,4.41,3.72
13140,4.41,3.72
13142,4.41,3.72
13143,4.41,3.72
13145,4.41,3.72
13146,4.41,3.72
13147,4.41,3.72
13148,4.41,3.72
13149,4.41,3.72
13151,4.41,3.72
13152,4.41,3.72
13153,4.41,3.72
13154,4.41,3.72
13155,4.41,3.72
13156,4.41,3.72
13158,4.41,3.72
13159,4.41,3.72
13160,4.41,3.72
13161,4.42,3.72
13162,4.42,3.72
13164,4.41,3.71
13165,4.41,3.72
13166,4.41,3.72
13167,4.41,3.71
13168,4.41,3.72
13169,4.41,3.72
13171,4.41,3.72
13172,4.41,3.72
13173,4.42,3.72
13174,4.41,3.72
13175,4.41,3.72
13176,4.41,3.72
13178,4.41,3.72
13179,4.41,3.72
13180,4.41,3.72
13181,4.41,3.72
13182,4.41,3.72
13185,4.41,3.72
13186,4.41,3.72
13187,4.41,3.72
13188,4.41,3.72
13189,4.41,3.72
13190,4.41,3.72
13192,4.41,3.72
13193,4.41,3.72
13194,4.42,3.72
13195,4.41,3.72
13196,4.41,3.72
13198,4.41,3.72
13199,4.42,3.72
13200,4.41,3.72
13201,4.41,3.72
13202,4.41,3.72
13203,4.42,3.72
13205,4.42,3.72
13206,4.42,3.72
13207,4.41,3.72
13208,4.41,3.72
13209,4.42,3.72
13211,4.41,3.72
13212,4.41,3.72
13213,4.41,3.72
13214,4.42,3.72
13215,4.42,3.72
13216,4.42,3.72
13218,4.41,3.72
13219,4.42,3.72
13220,4.42,3.72
13221,4.42,3.72
13222,4.42,3.71
13224,4.41,3.72
13225,4.42,3.72
13227,4.42,3.72
13228,4.42,3.72
13229,4.42,3.72
13230,4.42,3.72
13232,4.42,3.72
13233,4.42,3.72
13234,4.42,3.72
13235,4.42,3.71
13236,4.42,3.72
13237,4.42,3.72
13239,4.42,3.72
13240,4.42,3.72
13241,4.42,3.72
13242,4.42,3.72
13243,4.42,3.72
13245,4.42,3.72
13246,4.42,3.72
13247,4.42,3.72
13248,4.42,3.71
13249,4.42,3.71
13250,4.42,3.72
13252,4.42,3.71
13253,4.42,3.71
13254,4.42,3.71
13255,4.42,3.71
13256,4.42,3.71
13258,4.42,3.72
13259,4.42,3.72
13260,4.42,3.72
13261,4.42,3.72
13262,4.42,3.72
13263,4.42,3.72
13265,4.42,3.72
13266,4.42,3.72
13267,4.42,3.72
13268,4.42,3.72
13270,4.42,3.72
13272,4.42,3.72
13273,4.42,3.72
13274,4.42,3.72
13275,4.42,3.71
13276,4.42,3.72
13277,4.42,3.72
13279,4.42,3.72
13280,4.42,3.72
13281,4.42,3.72
13282,4.42,3.72
13283,4.42,3.72
13285,4.42,3.72
13286,4.42,3.72
13287,4.42,3.72
13288,4.42,3.72
13289,4.42,3.72
13290,4.42,3.72
13292,4.42,3.72
13293,4.41,3.72
13294,4.42,3.72
13295,4.42,3.72
13296,4.42,3.72
13297,4.42,3.72
13299,4.41,3.72
13300,4.42,3.72
13301,4.42,3.72
13302,4.42,3.72
13303,4.42,3.71
13305,4.42,3.71
13306,4.42,3.72
13307,4.42,3.71
13308,4.42,3.72
13309,4.42,3.71
13310,4.42,3.72
13313,4.42,3.72
13314,4.42,3.72
13315,4.42,3.72
13316,4.41,3.72
13317,4.42,3.72
13319,4.42,3.72
13320,4.42,3.72
13321,4.42,3.72
13322,4.41,3.72
13323,4.42,3.72
13324,4.42,3.72
13326,4.42,3.72
13327,4.42,3.72
13328,4.42,3.72
13329,4.42,3.72
13330,4.42,3.72
13332,4.42,3.71
13333,4.42,3.71
13334,4.42,3.71
13335,4.42,3.71
13336,4.42,3.71
13337,4.42,3.72
13339,4.42,3.72
13340,4.42,3.72
13341,4.42,3.72
13342,4.42,3.71
13343,4.42,3.72
13345,4.42,3.72
13346,4.42,3.72
13347,4.42,3.71
13348,4.42,3.72
13349,4.42,3.71
13350,4.42,3.71
13352,4.42,3.71
13353,4.42,3.72
13355,4.42,3.71
13356,4.42,3.71
13357,4.42,3.72
13358,4.42,3.72
13360,4.42,3.72
13361,4.42,3.72
13362,4.42,3.71
13363,4.42,3.72
13364,4.42,3.72
13366,4.42,3.72
13367,4.42,3.72
13368,4.41,3.72
13369,4.42,3.72
13370,4.42,3.72
13371,4.41,3.72
13373,4.42,3.72
13374,4.41,3.72
13375,4.41,3.72
13376,4.42,3.72
13377,4.42,3.72
13379,4.41,3.72
13380,4.41,3.72
13381,4.41,3.72
13382,4.42,3.72
13383,4.42,3.72
13384,4.42,3.72
13386,4.42,3.72
13387,4.42,3.72
13388,4.42,3.72
13389,4.42,3.72
13390,4.42,3.72
13392,4.42,3.72
13393,4.42,3.72
13394,4.42,3.72
13395,4.42,3.72
13396,4.41,3.72
13398,4.42,3.72
13400,4.42,3.72
13401,4.42,3.72
13402,4.42,3.72
13403,4.42,3.71
13404,4.42,3.72
13406,4.42,3.72
13407,4.42,3.72
13408,4.42,3.71
13409,4.42,3.72
13410,4.42,3.72
13411,4.42,3.72
13413,4.42,3.72
13414,4.42,3.71
13415,4.42,3.72
13416,4.42,3.72
13417,4.42,3.72
13418,4.42,3.72
13420,4.42,3.72
13421,4.42,3.72
13422,4.42,3.72
13423,4.42,3.72
13424,4.42,3.72
13426,4.41,3.72
13427,4.42,3.72
13428,4.42,3.72
13429,4.42,3.72
13430,4.42,3.72
13431,4.41,3.72
13433,4.42,3.72
13434,4.42,3.72
13435,4.42,3.72
13436,4.42,3.71
13437,4.41,3.72
13440,4.42,3.72
13441,4.42,3.72
13442,4.42,3.72
13443,4.42,3.72
13444,4.42,3.72
13445,4.42,3.72
13447,4.42,3.72
13448,4.42,3.72
13449,4.42,3.71
13450,4.42,3.72
13451,4.42,3.72
13453,4.42,3.72
13454,4.42,3.72
13455,4.42,3.72
13456,4.42,3.72
13457,4.42,3.72
13458,4.42,3.72
13460,4.42,3.72
13461,4.42,3.72
13462,4.42,3.72
13463,4.42,3.72
13464,4.42,3.72
13466,4.42,3.72
13467,4.42,3.72
13468,4.42,3.72
13469,4.42,3.72
13470,4.42,3.72
13471,4.42,3.72
13473,4.42,3.72
13474,4.42,3.72
13475,4.42,3.72
13476,4.42,3.72
13477,4.41,3.72
13478,4.41,3.72
13480,4.42,3.72
13481,4.42,3.72
13483,4.42,3.72
13484,4.41,3.72
13485,4.42,3.72
13487,4.42,3.72
13488,4.42,3.72
13489,4.42,3.72
13490,4.42,3.72
13491,4.42,3.72
13492,4.42,3.72
13494,4.42,3.72
13495,4.42,3.72
13496,4.42,3.72
13497,4.42,3.72
13498,4.42,3.72
13500,4.42,3.72
13501,4.41,3.72
13502,4.41,3.72
13503,4.42,3.72
13504,4.41,3.72
13505,4.42,3.72
13507,4.41,3.72
13508,4.41,3.72
13509,4.41,3.72
13510,4.42,3.72
13511,4.41,3.72
13513,4.41,3.72
13514,4.42,3.72
13515,4.41,3.72
13516,4.41,3.72
13517,4.41,3.72
13518,4.42,3.72
13520,4.42,3.72
13521,4.42,3.72
13522,4.42,3.72
13523,4.42,3.72
13524,4.42,3.72
13527,4.42,3.72
13528,4.42,3.72
13529,4.42,3.72
13530,4.42,3.72
13531,4.42,3.72
13532,4.42,3.72
13534,4.42,3.72
13535,4.42,3.72
13536,4.42,3.72
13537,4.42,3.72
13538,4.42,3.72
13539,4.42,3.72
13541,4.42,3.72
13542,4.42,3.72
13543,4.42,3.72
13544,4.42,3.72
13545,4.42,3.72
13547,4.42,3.72
13548,4.42,3.72
13549,4.42,3.72
13550,4.42,3.72
13551,4.42,3.72
13552,4.42,3.72
13554,4.42,3.72
13555,4.42,3.72
13556,4.42,3.72
13557,4.42,3.72
13558,4.41,3.72
13560,4.42,3.72
13561,4.42,3.72
13562,4.42,3.72
13563,4.42,3.72
13564,4.42,3.72
13565,4.42,3.72
13568,4.42,3.72
13569,4.42,3.72
13570,4.42,3.71
13571,4.42,3.72
13572,4.42,3.72
13574,4.42,3.72
13575,4.42,3.72
13576,4.42,3.72
13577,4.42,3.72
13578,4.42,3.72
13579,4.42,3.72
13581,4.42,3.72
13582,4.42,3.72
13583,4.42,3.72
13584,4.42,3.72
13585,4.42,3.72
13587,4.42,3.72
13588,4.41,3.72
13589,4.42,3.72
13590,4.42,3.72
13591,4.42,3.72
13592,4.42,3.72
13594,4.42,3.72
13595,4.42,3.72
13596,4.41,3.72
13597,4.41,3.72
13598,4.42,3.72
13599,4.41,3.72
13601,4.41,3.72
13602,4.42,3.72
13603,4.41,3.72
13604,4.41,3.72
13605,4.41,3.72
13607,4.41,3.72
13608,4.41,3.72
13609,4.41,3.72
13611,4.41,3.72
13612,4.41,3.72
13613,4.41,3.72
13615,4.41,3.72
13616,4.42,3.72
13617,4.41,3.72
13618,4.42,3.72
13619,4.42,3.72
13621,4.42,3.72
13622,4.42,3.71
13623,4.42,3.72
13624,4.42,3.72
13625,4.42,3.72
13626,4.42,3.72
13628,4.42,3.72
13629,4.42,3.72
13630,4.42,3.72
13631,4.42,3.72
13632,4.42,3.72
13634,4.42,3.72
13635,4.42,3.72
13636,4.42,3.72
13637,4.42,3.72
13638,4.42,3.72
13639,4.42,3.72
13641,4.42,3.72
13642,4.42,3.72
13643,4.42,3.72
13644,4.42,3.72
13645,4.41,3.72
13647,4.42,3.72
13648,4.42,3.72
13649,4.42,3.72
13650,4.42,3.72
13651,4.42,3.72
13652,4.42,3.72
13655,4.42,3.72
13656,4.42,3.72
13657,4.42,3.72
13658,4.42,3.72
13659,4.42,3.72
13660,4.42,3.72
13662,4.42,3.72
13663,4.42,3.72
13664,4.42,3.72
13665,4.42,3.72
13666,4.42,3.72
13668,4.42,3.72
13669,4.42,3.72
13670,4.42,3.72
13671,4.42,3.72
13672,4.42,3.72
13673,4.42,3.72
13675,4.42,3.72
13676,4.42,3.72
13677,4.42,3.72
13678,4.42,3.72
13679,4.42,3.72
13681,4.42,3.72
13682,4.42,3.72
13683,4.42,3.72
13684,4.42,3.72
13685,4.42,3.72
13686,4.42,3.72
13688,4.42,3.72
13689,4.42,3.72
13690,4.42,3.72
13691,4.42,3.72
13692,4.42,3.72
13694,4.42,3.72
13696,4.42,3.72
13697,4.42,3.72
13698,4.42,3.71
13699,4.42,3.72
13700,4.42,3.72
13702,4.42,3.71
13703,4.42,3.71
13704,4.42,3.72
13705,4.42,3.72
13706,4.42,3.71
13708,4.42,3.72
13709,4.42,3.71
13710,4.42,3.71
13711,4.42,3.72
13712,4.42,3.71
13713,4.42,3.71
13715,4.42,3.71
13716,4.42,3.72
13717,4.42,3.72
13718,4.42,3.72
13719,4.42,3.72
13720,4.42,3.72
13722,4.42,3.72
13723,4.42,3.72
13724,4.42,3.72
13725,4.42,3.71
13726,4.41,3.72
13728,4.42,3.72
13729,4.42,3.72
13730,4.42,3.72
13731,4.42,3.71
13732,4.42,3.72
13733,4.42,3.72
13735,4.42,3.72
13736,4.42,3.72
13737,4.42,3.72
13739,4.42,3.72
13740,4.42,3.72
13742,4.42,3.72
13743,4.42,3.72
13744,4.42,3.71
13745,4.42,3.72
13746,4.42,3.72
13747,4.42,3.72
13749,4.42,3.72
13750,4.41,3.72
13751,4.42,3.72
13752,4.42,3.72
13753,4.42,3.72
13755,4.42,3.72
13756,4.42,3.72
13757,4.42,3.72
13758,4.42,3.71
13759,4.42,3.71
13760,4.42,3.72
13762,4.42,3.72
13763,4.42,3.72
13764,4.42,3.71
13765,4.42,3.72
13766,4.42,3.72
13768,4.42,3.72
13769,4.42,3.72
13770,4.42,3.72
13771,4.42,3.72
13772,4.42,3.72
13773,4.42,3.72
13775,4.42,3.72
13776,4.42,3.72
13777,4.42,3.72
13778,4.42,3.72
13779,4.42,3.72
13780,4.41,3.72
13783,4.42,3.72
13784,4.42,3.71
13785,4.42,3.71
13786,4.42,3.71
13787,4.42,3.72
13789,4.42,3.71
13790,4.42,3.71
13791,4.41,3.71
13792,4.42,3.71
13793,4.42,3.71
13794,4.42,3.71
13796,4.42,3.71
13797,4.42,3.71
13798,4.42,3.71
13799,4.42,3.72
13800,4.42,3.71
13802,4.42,3.72
13803,4.42,3.71
13804,4.42,3.71
13805,4.42,3.71
13806,4.42,3.71
13807,4.42,3.72
13809,4.42,3.71
13810,4.42,3.71
13811,4.42,3.72
13812,4.42,3.72
13813,4.42,3.72
13815,4.42,3.72
13816,4.42,3.72
13817,4.42,3.72
13818,4.42,3.72
13819,4.42,3.72
13820,4.42,3.72
13822,4.41,3.72
13824,4.42,3.72
13825,4.41,3.72
13826,4.42,3.72
13827,4.41,3.72
13829,4.41,3.72
13830,4.41,3.72
13831,4.41,3.72
13832,4.41,3.72
13833,4.41,3.72
13834,4.41,3.72
13836,4.41,3.71
13837,4.41,3.72
13838,4.41,3.71
13839,4.41,3.72
13840,4.41,3.72
13841,4.41,3.72
13843,4.41,3.72
13844,4.41,3.72
13845,4.41,3.72
13846,4.41,3.72
13847,4.41,3.72
13849,4.42,3.71
13850,4.42,3.71
13851,4.42,3.71
13852,4.42,3.71
13853,4.41,3.71
13854,4.42,3.71
13856,4.41,3.72
13857,4.42,3.72
13858,4.42,3.72
13859,4.41,3.71
13860,4.41,3.71
13862,4.41,3.72
13863,4.41,3.72
13864,4.42,3.71
13865,4.41,3.72
13867,4.41,3.72
13868,4.41,3.72
13870,4.42,3.72
13871,4.42,3.71
13872,4.41,3.72
13873,4.41,3.72
13874,4.41,3.71
13876,4.41,3.72
13877,4.41,3.71
13878,4.41,3.71
13879,4.42,3.71
13880,4.42,3.72
13881,4.42,3.72
13883,4.42,3.71
13884,4.42,3.72
13885,4.42,3.71
13886,4.42,3.72
13887,4.42,3.71
13889,4.42,3.71
13890,4.42,3.71
13891,4.42,3.72
13892,4.42,3.71
13893,4.42,3.71
13894,4.42,3.72
13896,4.42,3.71
13897,4.42,3.71
13898,4.42,3.71
13899,4.42,3.72
13900,4.42,3.71
13901,4.42,3.71
13903,4.42,3.71
13904,4.42,3.71
13905,4.41,3.71
13906,4.42,3.72
13907,4.42,3.72
13910,4.42,3.72
13911,4.41,3.72
13912,4.41,3.72
13913,4.42,3.72
13914,4.41,3.72
13915,4.41,3.72
13917,4.42,3.72
13918,4.41,3.72
13919,4.41,3.72
13920,4.42,3.72
13921,4.42,3.72
13923,4.42,3.72
13924,4.41,3.72
13925,4.41,3.72
13926,4.42,3.72
13927,4.41,3.71
13928,4.41,3.72
13930,4.41,3.72
13931,4.41,3.71
13932,4.42,3.72
13933,4.41,3.71
13934,4.41,3.72
13936,4.41,3.72
13937,4.41,3.72
13938,4.42,3.71
13939,4.42,3.71
13940,4.41,3.71
13941,4.42,3.72
13943,4.42,3.72
13944,4.42,3.71
13945,4.41,3.71
13946,4.41,3.72
13947,4.42,3.72
13949,4.41,3.72
13950,4.42,3.72
13952,4.41,3.71
13953,4.41,3.72
13954,4.42,3.71
13955,4.41,3.72
13957,4.41,3.72
13958,4.41,3.71
13959,4.41,3.72
13960,4.42,3.72
13961,4.42,3.72
13962,4.41,3.72
13964,4.41,3.72
13965,4.42,3.72
13966,4.42,3.72
13967,4.42,3.72
13968,4.42,3.71
13970,4.42,3.71
13971,4.41,3.71
13972,4.42,3.71
13973,4.42,3.71
13974,4.41,3.71
13975,4.41,3.71
13977,4.42,3.71
13978,4.42,3.71
13979,4.41,3.71
13980,4.42,3.71
13981,4.41,3.71
13983,4.42,3.71
13984,4.42,3.71
13985,4.42,3.71
13986,4.41,3.71
13987,4.42,3.71
13988,4.42,3.71
13990,4.42,3.72
13991,4.42,3.72
13992,4.41,3.71
13993,4.42,3.72
13995,4.42,3.72
13997,4.42,3.72
13998,4.42,3.71
13999,4.42,3.72
14000,4.42,3.72
14001,4.42,3.72
14002,4.42,3.72
14004,4.42,3.71
14005,4.41,3.72
14006,4.41,3.72
14007,4.41,3.72
14008,4.41,3.72
14010,4.41,3.72
14011,4.41,3.72
14012,4.41,3.72
14013,4.41,3.71
14014,4.41,3.72
14015,4.41,3.72
14017,4.42,3.71
14018,4.42,3.71
14019,4.41,3.71
14020,4.41,3.71
14021,4.41,3.71
14022,4.41,3.72
14024,4.41,3.71
14025,4.41,3.71
14026,4.41,3.71
14027,4.41,3.71
14028,4.42,3.72
14030,4.41,3.71
14031,4.41,3.71
14032,4.41,3.71
14033,4.42,3.71
14034,4.41,3.71
14035,4.41,3.71
14038,4.41,3.71
14039,4.41,3.71
14040,4.41,3.71
14041,4.41,3.71
14042,4.41,3.71
14044,4.41,3.71
14045,4.41,3.71
14046,4.41,3.71
14047,4.41,3.71
14048,4.41,3.71
14049,4.41,3.71
14051,4.41,3.71
14052,4.42,3.71
14053,4.41,3.71
14054,4.41,3.72
14055,4.41,3.71
14057,4.41,3.71
14058,4.41,3.71
14059,4.41,3.71
14060,4.41,3.72
14061,4.41,3.72
14062,4.41,3.71
14064,4.41,3.71
14065,4.41,3.72
14066,4.41,3.71
14067,4.41,3.72
14068,4.41,3.72
14070,4.41,3.72
14071,4.41,3.72
14072,4.41,3.72
14073,4.41,3.72
14074,4.41,3.72
14075,4.41,3.72
14077,4.41,3.72
14078,4.41,3.71
14080,4.41,3.72
14081,4.41,3.72
14082,4.41,3.72
14083,4.41,3.72
14085,4.41,3.71
14086,4.41,3.72
14087,4.41,3.72
14088,4.41,3.72
14089,4.41,3.72
14091,4.41,3.72
14092,4.41,3.72
14093,4.41,3.72
14094,4.41,3.72
14095,4.41,3.72
14096,4.41,3.72
14098,4.41,3.72
14099,4.41,3.72
14100,4.41,3.71
14101,4.41,3.72
14102,4.41,3.72
14104,4.41,3.72
14105,4.41,3.72
14106,4.41,3.72
14107,4.41,3.72
14108,4.41,3.72
14109,4.41,3.72
14111,4.41,3.72
14112,4.41,3.72
14113,4.41,3.71
14114,4.41,3.72
14115,4.41,3.71
14117,4.41,3.72
14118,4.41,3.71
14119,4.41,3.71
14120,4.41,3.72
14121,4.41,3.71
14123,4.41,3.71
14125,4.41,3.71
14126,4.41,3.71
14127,4.41,3.72
14128,4.41,3.71
14129,4.41,3.71
14131,4.41,3.71
14132,4.41,3.71
14133,4.41,3.71
14134,4.41,3.71
14135,4.41,3.71
14136,4.41,3.71
14138,4.41,3.71
14139,4.41,3.71
14140,4.41,3.71
14141,4.41,3.71
14142,4.41,3.71
14143,4.41,3.71
14145,4.41,3.71
14146,4.41,3.71
14147,4.41,3.71
14148,4.41,3.71
14149,4.41,3.71
14151,4.41,3.71
14152,4.41,3.71
14153,4.41,3.71
14154,4.41,3.71
14155,4.41,3.71
14156,4.41,3.71
14158,4.41,3.71
14159,4.41,3.71
14160,4.41,3.71
14161,4.41,3.71
14162,4.41,3.71
14164,4.41,3.71
14166,4.41,3.71
14167,4.41,3.71
14168,4.41,3.71
14169,4.42,3.71
14170,4.42,3.71
14172,4.41,3.71
14173,4.41,3.71
14174,4.41,3.71
14175,4.41,3.71
14176,4.41,3.71
14178,4.41,3.71
14179,4.41,3.71
14180,4.41,3.71
14181,4.41,3.72
14182,4.41,3.71
14183,4.41,3.71
14185,4.41,3.71
14186,4.41,3.72
14187,4.41,3.72
14188,4.41,3.72
14189,4.41,3.72
14191,4.41,3.72
14192,4.41,3.72
14193,4.41,3.72
14194,4.41,3.72
14195,4.41,3.72
14196,4.41,3.71
14198,4.41,3.71
14199,4.41,3.71
14200,4.41,3.71
14201,4.41,3.71
14202,4.41,3.71
14203,4.41,3.71
14205,4.41,3.71
14206,4.41,3.71
14208,4.41,3.71
14209,4.41,3.71
14210,4.41,3.71
14212,4.41,3.71
14213,4.41,3.71
14214,4.41,3.71
14215,4.41,3.71
14216,4.41,3.71
14217,4.41,3.71
14219,4.41,3.71
14220,4.41,3.71
14221,4.41,3.71
14222,4.41,3.71
14223,4.41,3.71
14225,4.41,3.71
14226,4.41,3.71
14227,4.41,3.71
14228,4.41,3.71
14229,4.41,3.71
14230,4.41,3.71
14232,4.41,3.71
14233,4.42,3.71
14234,4.41,3.71
14235,4.41,3.71
14236,4.41,3.71
14238,4.41,3.71
14239,4.41,3.71
14240,4.41,3.71
14241,4.41,3.71
14242,4.41,3.71
14243,4.41,3.71
14245,4.41,3.71
14246,4.41,3.71
14247,4.41,3.71
14248,4.41,3.71
14249,4.41,3.71
14252,4.41,3.71
14253,4.41,3.71
14254,4.41,3.71
14255,4.41,3.71
14256,4.41,3.71
14257,4.41,3.71
14259,4.41,3.71
14260,4.41,3.71
14261,4.41,3.71
14262,4.41,3.71
14263,4.41,3.71
14264,4.41,3.71
14266,4.41,3.71
14267,4.41,3.71
14268,4.41,3.71
14269,4.41,3.71
14270,4.41,3.71
14272,4.41,3.71
14273,4.41,3.71
14274,4.41,3.71
14275,4.41,3.71
14276,4.41,3.71
14277,4.41,3.71
14279,4.41,3.71
14280,4.41,3.71
14281,4.41,3.71
14282,4.41,3.71
14283,4.41,3.71
14285,4.41,3.71
14286,4.41,3.71
14287,4.41,3.71
14288,4.41,3.71
14289,4.41,3.71
14290,4.41,3.71
14292,4.41,3.71
14294,4.41,3.71
14295,4.41,3.71
14296,4.41,3.71
14297,4.41,3.71
14299,4.41,3.71
14300,4.41,3.71
14301,4.41,3.71
14302,4.41,3.71
14303,4.41,3.71
14304,4.41,3.71
14306,4.41,3.71
14307,4.41,3.71
14308,4.41,3.71
14309,4.41,3.71
14310,4.41,3.71
14312,4.41,3.71
14313,4.41,3.71
14314,4.41,3.71
14315,4.41,3.71
14316,4.41,3.71
14317,4.41,3.71
14319,4.41,3.71
14320,4.41,3.71
14321,4.41,3.71
14322,4.41,3.71
14323,4.41,3.71
14324,4.41,3.71
14326,4.41,3.71
14327,4.41,3.71
14328,4.41,3.71
14329,4.41,3.71
14330,4.41,3.71
14332,4.41,3.71
14333,4.41,3.71
14334,4.41,3.71
14336,4.41,3.71
14337,4.41,3.71
14338,4.41,3.71
14340,4.41,3.71
14341,4.41,3.71
14342,4.41,3.71
14343,4.41,3.71
14344,4.41,3.71
14346,4.41,3.71
14347,4.41,3.71
14348,4.41,3.71
14349,4.41,3.71
14350,4.41,3.71
14351,4.41,3.71
14353,4.41,3.71
14354,4.41,3.71
14355,4.41,3.71
14356,4.41,3.72
14357,4.41,3.71
14359,4.41,3.71
14360,4.41,3.71
14361,4.41,3.71
14362,4.41,3.71
14363,4.41,3.71
14364,4.41,3.71
14366,4.41,3.71
14367,4.41,3.71
14368,4.41,3.71
14369,4.41,3.71
14370,4.41,3.71
14372,4.41,3.71
14373,4.41,3.71
14374,4.41,3.71
14375,4.41,3.71
14376,4.41,3.71
14377,4.41,3.71
14380,4.41,3.71
14381,4.41,3.71
14382,4.41,3.71
14383,4.41,3.71
14384,4.41,3.71
14385,4.41,3.71
14387,4.41,3.71
14388,4.41,3.71
14389,4.41,3.71
14390,4.41,3.71
14391,4.41,3.71
14393,4.41,3.71
14394,4.41,3.71
14395,4.41,3.71
14396,4.41,3.71
14397,4.41,3.71
14398,4.41,3.71
14400,4.41,3.71
14401,4.41,3.71
14402,4.41,3.71
14403,4.41,3.71
14404,4.41,3.71
14406,4.41,3.71
14407,4.41,3.71
14408,4.41,3.71
14409,4.41,3.71
14410,4.41,3.71
14411,4.41,3.71
14413,4.41,3.71
14414,4.41,3.71
14415,4.41,3.71
14416,4.41,3.71
14417,4.41,3.71
14419,4.41,3.71
14420,4.41,3.71
14422,4.41,3.71
14423,4.41,3.71
14424,4.41,3.71
14425,4.41,3.71
14427,4.41,3.71
14428,4.41,3.71
14429,4.41,3.71
14430,4.41,3.72
14431,4.41,3.71
14433,4.41,3.71
14434,4.41,3.71
14435,4.41,3.71
14436,4.41,3.71
14437,4.41,3.71
14438,4.41,3.71
14440,4.41,3.71
14441,4.41,3.71
14442,4.41,3.71
14443,4.41,3.71
14444,4.41,3.71
14445,4.41,3.71
14447,4.41,3.71
14448,4.41,3.71
14449,4.41,3.71
14450,4.41,3.71
14451,4.41,3.71
14453,4.41,3.71
14454,4.41,3.71
14455,4.41,3.71
14456,4.41,3.71
14457,4.41,3.71
14458,4.41,3.71
14460,4.41,3.71
14461,4.41,3.71
14462,4.41,3.71
14464,4.41,3.71
14465,4.41,3.71
14467,4.41,3.71
14468,4.41,3.71
14469,4.41,3.71
14470,4.41,3.71
14471,4.41,3.71
14472,4.41,3.71
14474,4.41,3.71
14475,4.41,3.71
14476,4.41,3.71
14477,4.41,3.71
14478,4.41,3.71
14480,4.41,3.71
14481,4.41,3.71
14482,4.41,3.71
14483,4.41,3.71
14484,4.41,3.71
14485,4.41,3.71
14487,4.41,3.71
14488,4.41,3.71
14489,4.41,3.71
14490,4.41,3.71
14491,4.41,3.71
14493,4.41,3.71
14494,4.41,3.71
14495,4.41,3.71
14496,4.41,3.71
14497,4.41,3.71
14498,4.41,3.71
14500,4.41,3.71
14501,4.41,3.71
14502,4.41,3.71
14503,4.41,3.71
14504,4.41,3.71
14505,4.41,3.71
14508,4.41,3.71
14509,4.41,3.71
14510,4.41,3.71
14511,4.41,3.71
14512,4.41,3.71
14514,4.41,3.71
14515,4.41,3.71
14516,4.41,3.71
14517,4.41,3.71
14518,4.41,3.71
14519,4.41,3.71
14521,4.41,3.71
14522,4.41,3.71
14523,4.41,3.71
14524,4.41,3.71
14525,4.41,3.71
14527,4.41,3.71
14528,4.41,3.71
14529,4.41,3.71
14530,4.41,3.71
14531,4.41,3.71
14532,4.41,3.71
14534,4.41,3.71
14535,4.41,3.71
14536,4.41,3.71
14537,4.41,3.71
14538,4.41,3.71
14540,4.41,3.71
14541,4.41,3.71
14542,4.41,3.71
14543,4.41,3.71
14544,4.41,3.71
14545,4.41,3.71
14547,4.41,3.71
14548,4.41,3.71
14550,4.41,3.71
14551,4.41,3.71
14552,4.41,3.71
14554,4.41,3.71
14555,4.41,3.71
14556,4.41,3.71
14557,4.41,3.72
14558,4.41,3.71
14559,4.41,3.71
14561,4.41,3.71
14562,4.41,3.71
14563,4.41,3.71
14564,4.41,3.71
14565,4.41,3.71
14566,4.41,3.71
14568,4.41,3.71
14569,4.41,3.71
14570,4.41,3.71
14571,4.41,3.71
14572,4.41,3.71
14574,4.41,3.71
14575,4.41,3.71
14576,4.41,3.71
14577,4.41,3.71
14578,4.41,3.71
14579,4.41,3.71
14581,4.41,3.71
14582,4.41,3.71
14583,4.41,3.71
14584,4.41,3.71
14585,4.41,3.71
14587,4.41,3.71
14588,4.41,3.71
14589,4.41,3.71
14590,4.41,3.71
14592,4.41,3.71
14593,4.41,3.71
14595,4.41,3.71
14596,4.41,3.71
14597,4.41,3.71
14598,4.41,3.71
14599,4.41,3.71
14601,4.41,3.71
14602,4.41,3.71
14603,4.41,3.71
14604,4.41,3.71
14605,4.41,3.71
14606,4.41,3.71
14608,4.41,3.71
14609,4.41,3.71
14610,4.41,3.71
14611,4.41,3.71
14612,4.41,3.71
14614,4.41,3.71
14615,4.41,3.71
14616,4.41,3.71
14617,4.41,3.71
14618,4.41,3.71
14619,4.41,3.71
14621,4.41,3.71
14622,4.41,3.71
14623,4.41,3.71
14624,4.41,3.71
14625,4.41,3.71
14626,4.41,3.71
14628,4.41,3.71
14629,4.41,3.71
14630,4.41,3.71
14631,4.41,3.71
14632,4.41,3.71
14635,4.41,3.71
14636,4.41,3.71
14637,4.41,3.71
14638,4.41,3.71
14639,4.41,3.71
14640,4.41,3.71
14642,4.41,3.71
14643,4.41,3.71
14644,4.41,3.71
14645,4.41,3.71
14646,4.41,3.71
14648,4.41,3.71
14649,4.41,3.71
14650,4.41,3.71
14651,4.41,3.71
14652,4.41,3.71
14653,4.41,3.71
14655,4.41,3.71
14656,4.41,3.71
14657,4.41,3.71
14658,4.41,3.71
14659,4.41,3.71
14661,4.41,3.71
14662,4.41,3.71
14663,4.41,3.71
14664,4.41,3.71
14665,4.41,3.71
14666,4.41,3.71
14668,4.41,3.71
14669,4.41,3.71
14670,4.41,3.71
14671,4.41,3.71
14672,4.41,3.71
14674,4.41,3.71
14675,4.41,3.71
14676,4.41,3.71
14678,4.41,3.71
14679,4.41,3.71
14680,4.41,3.71
14682,4.41,3.71
14683,4.41,3.71
14684,4.41,3.71
14685,4.41,3.71
14686,4.41,3.71
14687,4.41,3.71
14689,4.41,3.71
14690,4.41,3.71
14691,4.41,3.71
14692,4.41,3.71
14693,4.41,3.71
14695,4.41,3.71
14696,4.41,3.71
14697,4.41,3.71
14698,4.41,3.71
14699,4.41,3.71
14700,4.41,3.71
14702,4.41,3.71
14703,4.41,3.71
14704,4.41,3.71
14705,4.41,3.71
14706,4.41,3.71
14708,4.41,3.71
14709,4.41,3.71
14710,4.41,3.71
14711,4.41,3.71
14712,4.41,3.71
14713,4.41,3.71
14715,4.41,3.71
14716,4.41,3.71
14717,4.41,3.71
14718,4.41,3.71
14720,4.41,3.71
14722,4.41,3.71
14723,4.41,3.71
14724,4.41,3.71
14725,4.41,3.71
14726,4.41,3.71
14727,4.41,3.71
14729,4.41,3.71
14730,4.41,3.71
14731,4.41,3.71
14732,4.41,3.71
14733,4.41,3.71
14735,4.41,3.71
14736,4.41,3.71
14737,4.41,3.71
14738,4.41,3.71
14739,4.41,3.71
14740,4.41,3.71
14742,4.41,3.71
14743,4.41,3.71
14744,4.41,3.71
14745,4.41,3.71
14746,4.41,3.71
14747,4.41,3.71
14749,4.41,3.71
14750,4.41,3.71
14751,4.41,3.71
14752,4.41,3.71
14753,4.41,3.71
14755,4.41,3.71
14756,4.41,3.71
14757,4.41,3.71
14758,4.41,3.71
14759,4.41,3.71
14760,4.41,3.71
14763,4.41,3.71
14764,4.41,3.71
14765,4.41,3.71
14766,4.41,3.71
14767,4.41,3.71
14769,4.41,3.71
14770,4.41,3.71
14771,4.41,3.71
14772,4.41,3.71
14773,4.41,3.71
14774,4.41,3.71
14776,4.41,3.71
14777,4.41,3.71
14778,4.41,3.71
14779,4.41,3.71
14780,4.41,3.71
14782,4.41,3.71
14783,4.41,3.71
14784,4.41,3.71
14785,4.41,3.71
14786,4.41,3.71
14787,4.41,3.71
14789,4.41,3.71
14790,4.41,3.71
14791,4.41,3.71
14792,4.41,3.71
14793,4.41,3.71
14795,4.41,3.71
14796,4.41,3.71
14797,4.41,3.71
14798,4.41,3.71
14799,4.41,3.71
14800,4.41,3.71
14802,4.41,3.71
14803,4.41,3.71
14804,4.41,3.71
14806,4.41,3.71
14807,4.41,3.71
14808,4.41,3.71
14810,4.41,3.71
14811,4.41,3.71
14812,4.41,3.71
14813,4.41,3.71
14814,4.41,3.71
14816,4.41,3.71
14817,4.41,3.71
14818,4.41,3.71
14819,4.41,3.71
14820,4.41,3.71
14821,4.41,3.71
14823,4.41,3.71
14824,4.41,3.71
14825,4.41,3.71
14826,4.41,3.71
14827,4.41,3.71
14829,4.41,3.71
14830,4.41,3.71
14831,4.41,3.71
14832,4.41,3.71
14833,4.41,3.71
14834,4.41,3.71
14836,4.41,3.71
14837,4.41,3.71
14838,4.41,3.71
14839,4.41,3.71
14840,4.41,3.71
14842,4.41,3.71
14843,4.41,3.71
14844,4.41,3.71
14845,4.41,3.71
14846,4.41,3.71
14848,4.41,3.71
14850,4.41,3.71
14851,4.41,3.71
14852,4.41,3.71
14853,4.41,3.71
14854,4.41,3.71
14856,4.41,3.71
14857,4.41,3.71
14858,4.41,3.71
14859,4.41,3.71
14860,4.41,3.71
14861,4.41,3.71
14863,4.41,3.71
14864,4.41,3.71
14865,4.41,3.71
14866,4.41,3.71
14867,4.41,3.71
14868,4.41,3.71
14870,4.41,3.71
14871,4.41,3.71
14872,4.41,3.71
14873,4.41,3.71
14874,4.41,3.71
14876,4.41,3.71
14877,4.41,3.71
14878,4.41,3.71
14879,4.41,3.71
14880,4.41,3.71
14881,4.41,3.71
14883,4.41,3.71
14884,4.41,3.71
14885,4.41,3.71
14886,4.41,3.71
14887,4.41,3.71
14889,4.41,3.71
14891,4.41,3.71
14892,4.41,3.71
14893,4.41,3.71
14894,4.41,3.71
14895,4.41,3.71
14897,4.41,3.71
14898,4.41,3.71
14899,4.41,3.71
14900,4.41,3.71
14901,4.41,3.71
14903,4.41,3.71
14904,4.41,3.71
14905,4.41,3.71
14906,4.41,3.71
14907,4.41,3.71
14908,4.41,3.71
14910,4.41,3.71
14911,4.41,3.71
14912,4.41,3.71
14913,4.41,3.71
14914,4.41,3.71
14916,4.41,3.71
14917,4.41,3.71
14918,4.41,3.71
14919,4.41,3.71
14920,4.41,3.71
14921,4.41,3.71
14923,4.41,3.71
14924,4.41,3.71
14925,4.41,3.71
14926,4.41,3.71
14927,4.41,3.71
14928,4.41,3.71
14930,4.41,3.71
14931,4.41,3.71
14932,4.41,3.71
14934,4.41,3.71
14935,4.41,3.71
14937,4.41,3.71
14938,4.41,3.71
14939,4.41,3.71
14940,4.41,3.71
14941,4.41,3.71
14942,4.41,3.71
14944,4.41,3.71
14945,4.41,3.71
14946,4.41,3.71
14947,4.41,3.71
14948,4.41,3.71
14950,4.41,3.71
14951,4.41,3.71
14952,4.41,3.71
14953,4.41,3.71
14954,4.41,3.71
14955,4.41,3.71
14957,4.41,3.71
14958,4.41,3.71
14959,4.41,3.71
14960,4.41,3.71
14961,4.41,3.71
14963,4.41,3.71
14964,4.41,3.71
14965,4.41,3.71
14966,4.41,3.71
14967,4.41,3.71
14968,4.41,3.71
14970,4.41,3.71
14971,4.41,3.71
14972,4.41,3.71
14973,4.41,3.71
14974,4.41,3.71
14977,4.41,3.71
14978,4.41,3.71
14979,4.41,3.71
14980,4.41,3.71
14981,4.41,3.71
14982,4.41,3.71
14984,4.41,3.71
14985,4.41,3.71
14986,4.41,3.71
14987,4.41,3.71
14988,4.41,3.71
14989,4.41,3.71
14991,4.41,3.71
14992,4.41,3.71
14993,4.41,3.71
14994,4.41,3.71
14995,4.41,3.71
14997,4.41,3.71
14998,4.41,3.71
14999,4.41,3.71
15000,4.41,3.71
15001,4.41,3.71
15002,4.41,3.71
15004,4.41,3.71
15005,4.41,3.71
15006,4.41,3.71
15007,4.41,3.71
15008,4.41,3.71
15010,4.41,3.71
15011,4.41,3.71
15012,4.41,3.71
15013,4.41,3.71
15014,4.41,3.71
15015,4.41,3.71
15017,4.41,3.71
15019,4.41,3.71
15020,4.41,3.71
15021,4.41,3.71
15022,4.41,3.71
15024,4.41,3.71
15025,4.41,3.71
15026,4.41,3.71
15027,4.41,3.71
15028,4.41,3.71
15029,4.41,3.71
15031,4.41,3.71
15032,4.41,3.71
15033,4.41,3.71
15034,4.41,3.71
15035,4.41,3.71
15037,4.41,3.71
15038,4.41,3.71
15039,4.41,3.71
15040,4.41,3.71
15041,4.41,3.71
15042,4.41,3.71
15044,4.41,3.71
15045,4.41,3.71
15046,4.41,3.71
15047,4.41,3.71
15048,4.41,3.71
15049,4.41,3.71
15051,4.41,3.71
15052,4.41,3.71
15053,4.41,3.71
15054,4.41,3.71
15055,4.41,3.71
15057,4.41,3.71
15058,4.41,3.71
15059,4.41,3.71
15060,4.41,3.71
15062,4.41,3.71
15063,4.41,3.71
15065,4.41,3.71
15066,4.41,3.71
15067,4.41,3.71
15068,4.41,3.71
15069,4.41,3.71
15071,4.41,3.71
15072,4.41,3.71
15073,4.41,3.71
15074,4.41,3.71
15075,4.41,3.71
15076,4.41,3.71
15078,4.41,3.71
15079,4.41,3.71
15080,4.41,3.71
15081,4.41,3.71
15082,4.41,3.71
15084,4.41,3.71
15085,4.41,3.71
15086,4.41,3.71
15087,4.41,3.71
15088,4.41,3.71
15089,4.41,3.71
15091,4.41,3.71
15092,4.41,3.71
15093,4.41,3.71
15094,4.41,3.71
15095,4.41,3.71
15097,4.41,3.71
15098,4.41,3.71
15099,4.41,3.71
15100,4.41,3.71
15101,4.41,3.71
15102,4.41,3.71
15105,4.41,3.71
15106,4.41,3.71
15107,4.41,3.71
15108,4.41,3.71
15109,4.41,3.71
15110,4.41,3.71
15112,4.41,3.71
15113,4.41,3.71
15114,4.41,3.71
15115,4.41,3.71
15116,4.41,3.71
15118,4.41,3.71
15119,4.41,3.71
15120,4.41,3.71
15121,4.41,3.71
15122,4.41,3.71
15123,4.41,3.71
15125,4.41,3.71
15126,4.41,3.71
15127,4.41,3.71
15128,4.41,3.71
15129,4.41,3.71
15131,4.41,3.71
15132,4.41,3.71
15133,4.41,3.71
15134,4.41,3.71
15135,4.41,3.71
15136,4.41,3.71
15138,4.41,3.71
15139,4.41,3.71
15140,4.41,3.71
15141,4.41,3.71
15142,4.41,3.71
15144,4.41,3.71
15145,4.41,3.71
15147,4.41,3.71
15148,4.41,3.71
15149,4.41,3.71
15150,4.41,3.71
15152,4.41,3.71
15153,4.41,3.71
15154,4.41,3.71
15155,4.41,3.71
15156,4.41,3.71
15158,4.41,3.71
15159,4.41,3.71
15160,4.41,3.71
15161,4.41,3.71
15162,4.41,3.71
15163,4.41,3.71
15165,4.41,3.71
15166,4.41,3.71
15167,4.41,3.71
15168,4.41,3.71
15169,4.41,3.71
15170,4.41,3.71
15172,4.41,3.71
15173,4.41,3.71
15174,4.41,3.71
15175,4.41,3.71
15176,4.41,3.71
15178,4.41,3.71
15179,4.41,3.71
15180,4.41,3.71
15181,4.41,3.71
15182,4.41,3.71
15183,4.41,3.71
15185,4.41,3.71
15186,4.41,3.71
15187,4.41,3.71
15188,4.41,3.71
15190,4.41,3.71
15192,4.41,3.71
15193,4.41,3.71
15194,4.41,3.71
15195,4.41,3.71
15196,4.41,3.71
15197,4.41,3.71
15199,4.41,3.71
15200,4.41,3.71
15201,4.41,3.71
15202,4.41,3.71
15203,4.41,3.71
15205,4.41,3.71
15206,4.41,3.71
15207,4.41,3.71
15208,4.41,3.71
15209,4.41,3.71
15210,4.41,3.71
15212,4.41,3.71
15213,4.41,3.71
15214,4.41,3.71
15215,4.41,3.71
15216,4.41,3.71
15218,4.41,3.71
15219,4.41,3.71
15220,4.41,3.71
15221,4.41,3.71
15222,4.41,3.71
15223,4.41,3.71
15225,4.41,3.71
15226,4.41,3.71
15227,4.41,3.71
15228,4.41,3.71
15229,4.41,3.71
15230,4.41,3.71
15233,4.41,3.71
15234,4.41,3.71
15235,4.41,3.71
15236,4.41,3.71
15237,4.41,3.71
15239,4.41,3.71
15240,4.41,3.71
15241,4.41,3.71
15242,4.41,3.71
15243,4.41,3.71
15244,4.41,3.71
15246,4.41,3.71
15247,4.41,3.71
15248,4.41,3.71
15249,4.41,3.71
15250,4.41,3.71
15252,4.41,3.71
15253,4.41,3.71
15254,4.41,3.71
15255,4.41,3.71
15256,4.41,3.71
15257,4.41,3.71
15259,4.41,3.71
15260,4.41,3.71
15261,4.41,3.71
15262,4.41,3.71
15263,4.41,3.71
15265,4.41,3.71
15266,4.41,3.71
15267,4.41,3.71
15268,4.41,3.71
15269,4.41,3.71
15270,4.41,3.71
15272,4.41,3.71
15273,4.41,3.71
15275,4.41,3.71
15276,4.41,3.71
15277,4.41,3.71
15279,4.41,3.71
15280,4.41,3.71
15281,4.41,3.71
15282,4.41,3.71
15283,4.41,3.71
15284,4.41,3.71
15286,4.41,3.71
15287,4.41,3.71
15288,4.41,3.71
15289,4.41,3.71
15290,4.41,3.71
15291,4.41,3.71
15293,4.41,3.71
15294,4.41,3.71
15295,4.41,3.71
15296,4.41,3.71
15297,4.41,3.71
15299,4.41,3.71
15300,4.41,3.71
15301,4.41,3.71
15302,4.41,3.71
15303,4.41,3.71
15304,4.41,3.71
15306,4.41,3.71
15307,4.41,3.71
15308,4.41,3.71
15309,4.41,3.71
15310,4.41,3.71
15312,4.41,3.71
15313,4.41,3.71
15314,4.41,3.71
15315,4.41,3.71
15316,4.41,3.71
15318,4.41,3.71
15320,4.41,3.71
15321,4.41,3.71
15322,4.41,3.71
15323,4.41,3.71
15324,4.41,3.71
15326,4.41,3.71
15327,4.41,3.71
15328,4.41,3.71
15329,4.41,3.71
15330,4.41,3.71
15331,4.41,3.71
15333,4.41,3.71
15334,4.41,3.71
15335,4.41,3.71
15336,4.41,3.71
15337,4.41,3.71
15339,4.41,3.71
15340,4.41,3.71
15341,4.41,3.71
15342,4.41,3.71
15343,4.41,3.71
15344,4.41,3.71
15346,4.41,3.71
15347,4.41,3.71
15348,4.41,3.71
15349,4.41,3.71
15350,4.41,3.71
15351,4.41,3.71
15353,4.41,3.71
15354,4.41,3.71
15355,4.41,3.71
15356,4.41,3.71
15357,4.41,3.71
15360,4.41,3.71
15361,4.41,3.71
15362,4.41,3.71
15363,4.41,3.71
15364,4.41,3.71
15365,4.41,3.71
15367,4.41,3.71
15368,4.41,3.71
15369,4.41,3.71
15370,4.41,3.71
15371,4.41,3.71
15373,4.41,3.71
15374,4.41,3.71
15375,4.41,3.71
15376,4.41,3.71
15377,4.41,3.71
15378,4.41,3.71
15380,4.41,3.71
15381,4.41,3.71
15382,4.41,3.71
15383,4.41,3.71
15384,4.41,3.71
15386,4.41,3.71
15387,4.41,3.71
15388,4.41,3.71
15389,4.41,3.71
15390,4.41,3.71
15391,4.41,3.71
15393,4.41,3.71
15394,4.41,3.71
15395,4.41,3.71
15396,4.41,3.71
15397,4.41,3.71
15399,4.41,3.71
15400,4.41,3.71
15401,4.41,3.71
15403,4.41,3.71
15404,4.41,3.71
15405,4.41,3.71
15407,4.41,3.71
15408,4.41,3.71
15409,4.41,3.71
15410,4.41,3.71
15411,4.41,3.71
15412,4.41,3.71
15414,4.41,3.71
15415,4.41,3.71
15416,4.41,3.71
15417,4.41,3.71
15418,4.41,3.71
15420,4.41,3.71
15421,4.41,3.71
15422,4.41,3.71
15423,4.41,3.71
15424,4.41,3.71
15425,4.41,3.71
15427,4.41,3.71
15428,4.41,3.71
15429,4.41,3.71
15430,4.41,3.71
15431,4.41,3.71
15433,4.41,3.71
15434,4.41,3.71
15435,4.41,3.71
15436,4.41,3.71
15437,4.41,3.71
15438,4.41,3.71
15440,4.41,3.71
15441,4.41,3.71
15442,4.41,3.71
15443,4.41,3.71
15444,4.41,3.71
15447,4.41,3.71
15448,4.41,3.71
15449,4.41,3.71
15450,4.41,3.71
15451,4.41,3.71
15452,4.41,3.71
15454,4.42,3.71
15455,4.41,3.71
15456,4.41,3.71
15457,4.41,3.71
15458,4.41,3.71
15460,4.41,3.71
15461,4.41,3.71
15462,4.41,3.71
15463,4.41,3.71
15464,4.41,3.71
15465,4.41,3.71
15467,4.41,3.71
15468,4.41,3.71
15469,4.41,3.71
15470,4.41,3.71
15471,4.41,3.71
15472,4.41,3.71
15474,4.41,3.71
15475,4.41,3.71
15476,4.41,3.71
15477,4.41,3.71
15478,4.41,3.71
15480,4.41,3.71
15481,4.41,3.71
15482,4.41,3.71
15483,4.41,3.71
15484,4.41,3.71
15485,4.41,3.71
15488,4.41,3.71
15489,4.41,3.71
15490,4.41,3.71
15491,4.41,3.71
15492,4.41,3.71
15494,4.41,3.71
15495,4.41,3.71
15496,4.41,3.71
15497,4.41,3.71
15498,4.41,3.71
15499,4.41,3.71
15501,4.41,3.71
15502,4.41,3.71
15503,4.41,3.71
15504,4.41,3.71
15505,4.41,3.71
15507,4.41,3.71
15508,4.41,3.71
15509,4.41,3.71
15510,4.41,3.71
