time_ms,ch1_v,ch2_v
136735,1.9212,2.7722
136736,1.9083,2.7625
136737,1.9139,2.7633
136738,1.9131,2.7875
136739,1.9123,2.7778
136740,1.9107,2.7722
136741,1.9188,2.7722
136742,1.9188,2.7714
136743,1.9188,2.7448
136744,1.9171,2.7133
136745,1.9163,2.6859
136746,1.9171,2.6464
136747,1.9107,2.6182
136748,1.9083,2.5884
136749,1.9083,2.5554
136750,1.9010,2.5264
136751,1.8954,2.4933
136752,1.8954,2.4611
136753,1.8873,2.4377
136754,1.8825,2.4232
136755,1.8881,2.4111
136756,1.8817,2.4127
136757,1.8809,2.4216
136758,1.8849,2.4297
136759,1.8857,2.4232
136760,1.8914,2.4136
136761,1.8809,2.3870
136762,1.8897,2.3757
136763,1.8825,2.3604
136764,1.8793,2.3394
136765,1.8752,2.3185
136766,1.8752,2.3007
136767,1.8696,2.2749
136768,1.8696,2.2580
136769,1.8648,2.2403
136770,1.8615,2.2282
136771,1.8486,2.2193
136772,1.8478,2.2492
136773,1.8551,2.2467
136774,1.8599,2.2653
136775,1.8640,2.2717
136776,1.8656,2.2693
136777,1.8704,2.2701
136778,1.8696,2.2564
136779,1.8704,2.2322
136780,1.8688,2.2218
136781,1.8543,2.2064
136782,1.8543,2.1960
136783,1.8591,2.1782
136784,1.8559,2.1613
136785,1.8511,2.1363
136786,1.8486,2.1307
136787,1.8414,2.1218
136788,1.8406,2.1259
136789,1.8390,2.1388
136790,1.8454,2.1645
136791,1.8462,2.1895
136792,1.8575,2.2000
136793,1.8599,2.1944
136794,1.8640,2.1887
136795,1.8575,2.1790
136796,1.8591,2.1662
136797,1.8559,2.1460
136798,1.8559,2.1291
136799,1.8535,2.1162
136800,1.8535,2.0977
136801,1.8495,2.0622
136802,1.8527,2.0582
136803,1.8293,2.0372
136804,1.8382,2.0308
136805,1.8390,2.0437
136806,1.8390,2.0622
136807,1.8301,2.0912
136808,1.8446,2.1146
136809,1.8559,2.1234
136810,1.8503,2.1218
136811,1.8575,2.1146
136812,1.8615,2.1105
136813,1.8559,2.0960
136814,1.8583,2.0936
136815,1.8527,2.0622
136816,1.8519,2.0525
136817,1.8462,2.0388
136818,1.8462,2.0267
136819,1.8438,2.0122
136820,1.8349,2.0010
136821,1.8333,2.0058
136822,1.8333,2.0211
136823,1.8390,2.0501
136824,1.8406,2.0799
136825,1.8543,2.1017
136826,1.8519,2.1073
136827,1.8575,2.1122
136828,1.8591,2.1017
136829,1.8527,2.0960
136830,1.8519,2.0815
136831,1.8527,2.0622
136832,1.8478,2.0501
136833,1.8478,2.0404
136834,1.8454,2.0259
136835,1.8438,2.0138
136836,1.8398,2.0034
136837,1.8398,2.0010
136838,1.8333,2.0114
136839,1.8309,2.0243
136840,1.8430,2.0590
136841,1.8438,2.0904
136842,1.8438,2.1130
136843,1.8486,2.0622
136844,1.8575,2.1065
136845,1.8551,2.0977
136846,1.8543,2.0622
136847,1.8495,2.0622
136848,1.8454,2.0622
136849,1.8422,2.0493
136850,1.8358,2.0364
136851,1.8398,2.0203
136852,1.8325,2.0106
136853,1.8333,1.9985
136854,1.8301,1.9993
136855,1.8366,2.0010
136856,1.8221,2.0421
136857,1.8301,2.0622
136858,1.8422,2.0977
136859,1.8430,2.1097
136860,1.8446,2.1049
136861,1.8454,2.1025
136862,1.8446,2.0993
136863,1.8446,2.0872
136864,1.8462,2.0622
136865,1.8414,2.0590
136866,1.8333,2.0485
136867,1.8341,2.0300
136868,1.8317,2.0227
136869,1.8333,2.0074
136870,1.8293,1.9961
136871,1.8221,1.9969
136872,1.8221,2.0195
136873,1.8285,2.0259
136874,1.8382,2.0493
136875,1.8422,2.0558
136876,1.8422,2.0606
136877,1.8414,2.0501
136878,1.8422,2.0485
136879,1.8398,2.0356
136880,1.8398,2.0445
136881,1.8301,2.0155
136882,1.8221,2.0026
136883,1.8317,1.9921
136884,1.8277,1.9816
136885,1.8229,1.9808
136886,1.8269,1.9929
136887,1.8204,2.0026
136888,1.8229,2.0292
136889,1.8229,2.0574
136890,1.8261,2.0856
136891,1.8285,2.1162
136892,1.8269,2.1436
136893,1.8293,2.1871
136894,1.8366,2.2048
136895,1.8398,2.2306
136896,1.8430,2.2580
136897,1.8583,2.2838
136898,1.8438,2.3088
136899,1.8438,2.3394
136900,1.8495,2.3894
136901,1.8535,2.3853
136902,1.8527,2.4023
136903,1.8503,2.4281
136904,1.8527,2.4385
136905,1.8583,2.4619
136906,1.8583,2.4748
136907,1.8607,2.4885
136908,1.8656,2.5054
136909,1.8672,2.5167
136910,1.8704,2.5272
136911,1.8672,2.5401
136912,1.8696,2.5505
136913,1.8720,2.5578
136914,1.8704,2.5747
136915,1.8575,2.5876
136916,1.8817,2.5973
136917,1.8785,2.6142
136918,1.8833,2.6279
136919,1.8825,2.6319
136920,1.8881,2.6424
136921,1.8865,2.6537
136922,1.8905,2.6618
136923,1.8914,2.6730
136924,1.8954,2.6787
136925,1.8938,2.6932
136926,1.8954,2.6972
136927,1.8994,2.7061
136928,1.9010,2.7190
136929,1.9002,2.7230
136930,1.8889,2.7335
136931,1.9002,2.7335
136932,1.9026,2.7480
136933,1.9042,2.7544
136934,1.9083,2.7633
136935,1.9107,2.7697
136936,1.9075,2.7762
136937,1.9131,2.7842
136938,1.9204,2.7867
136939,1.9139,2.7979
136940,1.9123,2.8052
136941,1.9099,2.8084
136942,1.9091,2.8149
136943,1.9171,2.8157
136944,1.9196,2.8221
136945,1.9107,2.8278
136946,1.9155,2.8326
136947,1.9196,2.8439
136948,1.9220,2.8423
136949,1.9212,2.8495
136950,1.9212,2.8544
136951,1.9212,2.8616
136952,1.9212,2.8729
136953,1.9204,2.8721
136954,1.9212,2.8753
136955,1.9300,2.8834
136956,1.9252,2.8850
136957,1.9268,2.8874
136958,1.9252,2.9011
136959,1.9316,2.9027
136960,1.9325,2.9108
136961,1.9333,2.9148
136962,1.9316,2.9237
136963,1.9325,2.9285
136964,1.9316,2.9301
136965,1.9357,2.9390
136966,1.9381,2.9374
136967,1.9470,2.9438
136968,1.9373,2.9486
136969,1.9437,2.9559
136970,1.9365,2.9583
136971,1.9397,2.9664
136972,1.9292,2.9688
136973,1.9381,2.9768
136974,1.9421,2.9752
136975,1.9429,2.9785
136976,1.9453,2.9785
136977,1.9421,2.9922
136978,1.9462,3.0042
136979,1.9510,3.0042
136980,1.9470,3.0083
136981,1.9381,3.0131
136982,1.9445,3.0099
136983,1.9453,3.0252
136984,1.9470,3.0260
136985,1.9445,3.0316
136986,1.9429,3.0325
136987,1.9462,3.0381
136988,1.9470,3.0389
136989,1.9494,3.0518
136990,1.9470,3.0687
136991,1.9462,3.0647
136992,1.9470,3.0663
136993,1.9470,3.0744
136994,1.9470,3.0832
136995,1.9470,3.0856
136996,1.9478,3.0953
136997,1.9518,3.1034
136998,1.9478,3.1219
136999,1.9510,3.1211
137000,1.9526,3.1316
137001,1.9510,3.1292
137002,1.9518,3.1332
137003,1.9494,3.1453
137004,1.9510,3.1509
137005,1.9510,3.1566
137006,1.9502,3.1630
137007,1.9566,3.1759
137008,1.9574,3.2323
137009,1.9518,3.1823
137010,1.9727,3.1896
137011,1.9518,3.1960
137012,1.9526,3.2122
137013,1.9526,3.2097
137014,1.9550,3.2202
137015,1.9558,3.2388
137016,1.9470,3.2379
137017,1.9558,3.2484
137018,1.9510,3.2605
137019,1.9582,3.2782
137020,1.9590,3.2645
137021,1.9582,3.2919
137022,1.9582,3.3000
137023,1.9582,3.3000
137024,1.9679,3.3000
137025,1.9599,3.3000
137026,1.9574,3.3000
137027,1.9607,3.3000
137028,1.9655,3.3000
137029,1.9679,3.3000
137030,1.9631,3.3000
137031,1.9727,3.3000
137032,1.9582,3.3000
137033,1.9655,3.3000
137034,1.9647,3.3000
137035,1.9615,3.3000
137036,1.9703,3.3000
137037,1.9671,3.3000
137038,1.9703,3.3000
137039,1.9703,3.3000
137040,1.9647,3.3000
137041,1.9655,3.3000
137042,1.9687,3.3000
137043,1.9679,3.3000
137044,1.9703,3.3000
137045,1.9719,3.3000
137046,1.9711,3.3000
137047,1.9711,3.3000
137048,1.9727,3.3000
137049,1.9727,3.3000
137050,1.9768,3.3000
137051,1.9711,3.3000
137052,1.9776,3.3000
137053,1.9840,3.3000
137054,1.9808,3.3000
137055,1.9727,3.3000
137056,1.9840,3.3000
137057,1.9784,3.3000
137058,1.9752,3.3000
137059,1.9873,3.3000
137060,1.9816,3.3000
137061,1.9848,3.3000
137062,1.9800,3.3000
137063,1.9864,3.3000
137064,1.9816,3.3000
137065,1.9961,3.3000
137066,1.9800,3.3000
137067,1.9776,3.3000
137068,1.9873,3.3000
137069,1.9832,3.3000
137070,1.9864,3.3000
137071,1.9824,3.3000
137072,1.9832,3.3000
137073,1.9873,3.3000
137074,1.9889,3.3000
137075,1.9832,3.3000
137076,1.9873,3.3000
137077,1.9945,3.3000
137078,1.9889,3.3000
137079,1.9905,3.3000
137080,1.9873,3.3000
137081,1.9929,3.3000
137082,1.9905,3.3000
137083,1.9985,3.3000
137084,1.9913,3.3000
137085,1.9945,3.3000
137086,2.0058,3.3000
137087,1.9921,3.3000
137088,1.9985,3.3000
137089,1.9961,3.3000
137090,1.9985,3.3000
137091,1.9961,3.3000
137092,1.9985,3.3000
137093,1.9993,3.3000
137094,2.0001,3.3000
137095,1.9985,3.3000
137096,2.0042,3.3000
137097,2.0018,3.3000
137098,2.0090,3.3000
137099,2.0058,3.3000
137100,2.0042,3.3000
137101,2.0106,3.3000
137102,2.0114,3.3000
137103,2.0026,3.3000
137104,2.0098,3.3000
137105,2.0114,3.3000
137106,2.0114,3.3000
137107,2.0106,3.3000
137108,2.0155,3.3000
137109,2.0122,3.3000
137110,2.0163,3.3000
137111,2.0171,3.3000
137112,2.0203,3.3000
137113,2.0203,3.3000
137114,2.0163,3.3000
137115,2.0122,3.3000
137116,2.0138,3.3000
137117,2.0163,3.3000
137118,2.0203,3.3000
137119,2.0243,3.3000
137120,2.0138,3.3000
137121,2.0243,3.3000
137122,2.0243,3.3000
137123,2.0243,3.3000
137124,2.0292,3.3000
137125,2.0284,3.3000
137126,2.0243,3.3000
137127,2.0251,3.3000
137128,2.0348,3.3000
137129,2.0324,3.3000
137130,2.0275,3.3000
137131,2.0267,3.3000
137132,2.0356,3.3000
137133,2.0324,3.3000
137134,2.0356,3.3000
137135,2.0380,3.3000
137136,2.0364,3.3000
137137,2.0380,3.3000
137138,2.0445,3.3000
137139,2.0388,3.3000
137140,2.0356,3.3000
137141,2.0396,3.3000
137142,2.0493,3.3000
137143,2.0477,3.3000
137144,2.0485,3.3000
137145,2.0509,3.3000
137146,2.0549,3.3000
137147,2.0477,3.3000
137148,2.0582,3.3000
137149,2.0549,3.3000
137150,2.0566,3.3000
137151,2.0622,3.3000
137152,2.0622,3.3000
137153,2.0614,3.3000
137154,2.0622,3.3000
137155,2.0622,3.3000
137156,2.0622,3.3000
137157,2.0622,3.3000
137158,2.0622,3.3000
137159,2.0622,3.3000
137160,2.0622,3.3000
137161,2.0622,3.3000
137162,2.0622,3.3000
137163,2.0622,3.3000
137164,2.0840,3.3000
137165,2.0815,3.3000
137166,2.0864,3.3000
137167,2.0912,3.3000
137168,2.0888,3.3000
137169,2.0888,3.3000
137170,2.0968,3.3000
137171,2.0912,3.3000
137172,2.0944,3.3000
137173,2.1041,3.3000
137174,2.1017,3.3000
137175,2.1138,3.3000
137176,2.1065,3.3000
137177,2.1073,3.3000
137178,2.1138,3.3000
137179,2.1138,3.3000
137180,2.1218,3.3000
137181,2.1275,3.3000
137182,2.1323,3.3000
137183,2.1363,3.3000
137184,2.1428,3.3000
137185,2.1533,3.3000
137186,2.1589,3.3000
137187,2.1718,3.3000
137188,2.1968,3.3000
137189,2.2048,3.3000
137190,2.2169,3.3000
137191,2.2169,3.3000
137192,2.2298,3.2533
137193,2.2201,3.1856
137194,2.2169,3.1179
137195,2.2169,3.0679
137196,2.2089,3.0171
137197,2.2040,2.9648
137198,2.1944,2.9164
137199,2.1960,2.8753
137200,2.2105,2.8455
137201,2.2048,2.8165
137202,2.2073,2.7802
137203,2.2016,2.7480
137204,2.2097,2.7206
137205,2.2064,2.6940
137206,2.2008,2.6682
137207,2.1871,2.6360
137208,2.2000,2.6174
137209,2.2073,2.5957
137210,2.2129,2.5659
137211,2.2153,2.5538
137212,2.2153,2.5360
137213,2.2121,2.5135
137214,2.2073,2.4949
137215,2.2040,2.4740
137216,2.1960,2.4547
137217,2.1960,2.4426
137218,2.2032,2.4273
137219,2.2040,2.4111
137220,2.2121,2.3999
137221,2.2073,2.3853
137222,2.2089,2.3716
137223,2.2048,2.3579
137224,2.2000,2.3523
137225,2.2000,2.3330
137226,2.2040,2.3257
137227,2.2073,2.3136
137228,2.2129,2.3040
137229,2.2169,2.2911
137230,2.2145,2.2814
137231,2.2073,2.2669
137232,2.2048,2.2621
137233,2.1944,2.2564
137234,2.1887,2.2459
137235,2.1960,2.2347
137236,2.2032,2.2290
137237,2.2105,2.2201
137238,2.2105,2.2121
137239,2.2081,2.2048
137240,2.2048,2.1960
137241,2.2064,2.1968
137242,2.1919,2.1863
137243,2.1960,2.1790
137244,2.2040,2.1710
137245,2.2105,2.1710
137246,2.2177,2.1662
137247,2.2048,2.1589
137248,2.2040,2.1557
137249,2.2048,2.1460
137250,2.1992,2.1428
137251,2.1847,2.1404
137252,2.1879,2.1315
137253,2.2056,2.1315
137254,2.2048,2.1275
137255,2.2073,2.1234
137256,2.2073,2.1138
137257,2.2064,2.1089
137258,2.2040,2.1017
137259,2.1960,2.0936
137260,2.1927,2.0832
137261,2.2040,2.0807
137262,2.2048,2.0622
137263,2.2153,2.0622
137264,2.2105,2.0606
137265,2.2105,2.0558
137266,2.2024,2.0525
137267,2.2032,2.0493
137268,2.1976,2.0477
137269,2.1879,2.0421
137270,2.2040,2.0388
137271,2.2064,2.0380
137272,2.2105,2.0356
137273,2.2137,2.0396
137274,2.2153,2.0348
137275,2.2177,2.0340
137276,2.2073,2.0558
137277,2.2073,2.0348
137278,2.1952,2.0259
137279,2.1944,2.0412
137280,2.2016,2.0284
137281,2.2073,2.0300
137282,2.2161,2.0284
137283,2.2097,2.0259
137284,2.2048,2.0243
137285,2.2032,1.9993
137286,2.2000,2.0251
137287,2.1944,2.0396
137288,2.1807,2.0348
137289,2.2032,2.0243
137290,2.2048,2.0235
137291,2.2137,2.0243
137292,2.2250,2.0138
137293,2.2234,2.0243
137294,2.2081,2.0219
137295,2.2089,2.0219
137296,2.2048,2.0203
137297,2.1992,2.0227
137298,2.2000,2.0195
137299,2.2040,2.0074
137300,2.2105,2.0187
137301,2.2153,2.0155
137302,2.2153,2.0219
137303,2.2097,2.0203
137304,2.2008,2.0187
137305,2.1992,2.0219
137306,2.1944,2.0163
137307,2.1960,2.0138
137308,2.2129,2.0155
137309,2.2153,2.0235
137310,2.2201,2.0243
137311,2.2161,2.0187
137312,2.2089,2.0155
137313,2.2064,2.0171
137314,2.1976,2.0163
137315,2.1903,2.0163
137316,2.2040,2.0501
137317,2.2073,2.0138
137318,2.2073,2.0155
137319,2.2073,2.0138
137320,2.2105,2.0138
137321,2.2105,2.0163
137322,2.2048,2.0114
137323,2.2008,2.0171
137324,2.2024,2.0163
137325,2.2048,2.0114
137326,2.2064,2.0114
137327,2.2056,2.0155
137328,2.2129,2.0130
137329,2.2056,2.0155
137330,2.2081,2.0171
137331,2.2040,2.0138
137332,2.1936,2.0114
137333,2.1895,2.0163
137334,2.1992,2.0138
137335,2.2040,2.0130
137336,2.2306,2.0171
137337,2.2105,2.0130
137338,2.2105,2.0122
137339,2.2081,2.0130
137340,2.2008,2.0138
137341,2.1992,2.0130
137342,2.2008,2.0243
137343,2.2097,2.0130
137344,2.2105,2.0122
137345,2.2137,2.0130
137346,2.2169,2.0122
137347,2.2073,2.0138
137348,2.2000,2.0074
137349,2.1968,2.0130
137350,2.1927,2.0130
137351,2.2048,2.0187
137352,2.2121,2.0155
137353,2.2137,2.0219
137354,2.2169,2.0138
137355,2.2097,2.0114
137356,2.2024,2.0130
137357,2.2008,2.0042
137358,2.2008,2.0122
137359,2.2089,2.0114
137360,2.2161,2.0082
137361,2.2153,2.0034
137362,2.2169,1.9864
137363,2.2081,2.0122
137364,2.2105,2.0203
137365,2.2048,2.0130
137366,2.2024,2.0114
137367,2.1960,2.0090
137368,2.2008,2.0138
137369,2.2048,2.0114
137370,2.2105,2.0122
137371,2.1936,2.0130
137372,2.2129,2.0122
137373,2.2081,2.0122
137374,2.2048,2.0106
137375,2.1960,2.0122
137376,2.2056,2.0130
137377,2.2016,2.0138
137378,2.2129,2.0122
137379,2.2064,2.0114
137380,2.2161,2.0114
137381,2.2056,2.0138
137382,2.2048,2.0114
137383,2.1944,2.0114
137384,2.1927,2.0155
137385,2.2040,2.0106
137386,2.2177,2.0122
137387,2.2105,2.0114
137388,2.2121,2.0130
137389,2.2064,2.0122
137390,2.2040,2.0106
137391,2.2024,1.9905
137392,2.2024,2.0138
137393,2.2048,2.0058
137394,2.2056,2.0106
137395,2.2129,2.0130
137396,2.2153,2.0122
137397,2.2137,2.0155
137398,2.2032,2.0114
137399,2.1952,2.0130
137400,2.1960,2.0122
137401,2.1911,2.0114
137402,2.1976,2.0090
137403,2.2073,2.0106
137404,2.2145,2.0122
137405,2.2064,2.0259
137406,2.2153,2.0042
137407,2.2008,2.0147
137408,2.2048,2.0114
137409,2.1968,2.0130
137410,2.2048,2.0098
137411,2.2048,2.0195
137412,2.2137,2.0114
137413,2.2048,2.0114
137414,2.2105,2.0171
137415,2.2137,2.0114
137416,2.2048,2.0106
137417,2.2008,2.0106
137418,2.2000,2.0138
137419,2.2064,2.0203
137420,2.2064,2.0114
137421,2.2105,2.0114
137422,2.2218,2.0155
137423,2.2177,1.9985
137424,2.2153,2.0082
137425,2.2056,2.0106
137426,2.2048,1.9856
137427,2.1968,2.0114
137428,2.1992,2.0130
137429,2.2048,2.0138
137430,2.2137,2.0138
137431,2.2210,2.0114
137432,2.2137,2.0122
137433,2.2129,2.0163
137434,2.2137,2.0114
137435,2.2000,2.0138
137436,2.2024,2.0138
137437,2.2008,2.0138
137438,2.2040,2.0122
137439,2.2129,2.0130
137440,2.2282,2.0147
137441,2.2177,2.0138
137442,2.2234,2.0138
137443,2.2097,2.0114
137444,2.2153,2.0114
137445,2.2048,2.0130
137446,2.1960,2.0155
137447,2.1936,2.0171
137448,2.2073,2.0130
137449,2.2105,2.0147
137450,2.2169,2.0106
137451,2.2169,2.0114
137452,2.2177,2.0122
137453,2.2064,2.0130
137454,2.2032,2.0122
137455,2.1919,2.0114
137456,2.1992,2.0138
137457,2.2000,2.0106
137458,2.2177,2.0106
137459,2.2201,2.0122
137460,2.2161,2.0138
137461,2.2153,2.0122
137462,2.2056,1.9881
137463,2.2064,2.0114
137464,2.1976,2.0155
137465,2.1992,2.0130
137466,2.1976,2.0138
137467,2.2073,2.0155
137468,2.2129,2.0106
137469,2.2105,2.0122
137470,2.2064,2.0122
137471,2.2048,2.0114
137472,2.2024,2.0316
137473,2.2008,2.0138
137474,2.2000,2.0114
137475,2.2064,2.0114
137476,2.2379,2.0138
138701,1.9188,2.3338
138702,1.9139,2.3152
138703,1.9163,2.2967
138703,1.9163,2.2967
138703,1.9163,2.2967
138703,1.9163,2.2967
138703,1.9163,2.2967
138703,1.9163,2.2967
138703,1.9163,2.2967
138703,1.9139,2.2911
138705,1.9099,2.2999
138706,1.9123,2.3209
138707,1.9115,2.3410
138708,1.9139,2.3612
138709,1.9188,2.3942
138710,1.9212,2.4136
138711,1.9212,2.4329
138712,1.9284,2.4361
138713,1.9325,2.4281
138714,1.9357,2.4152
138715,1.9381,2.3966
138716,1.9381,2.3853
138717,1.9349,2.3596
138718,1.9349,2.3410
138719,1.9308,2.3209
138720,1.9308,2.3080
138721,1.9228,2.3088
138722,1.9284,2.3160
138723,1.9252,2.3386
138724,1.9260,2.3612
138725,1.9292,2.3845
138726,1.9292,2.4119
138727,1.9284,2.4345
138728,1.9381,2.4426
138729,1.9429,2.4385
138730,1.9494,2.4289
138731,1.9518,2.4136
138732,1.9494,2.3999
138733,1.9494,2.3805
138734,1.9494,2.3596
138735,1.9453,2.3378
138736,1.9437,2.3209
138737,1.9421,2.3080
138738,1.9365,2.3136
138739,1.9413,2.3297
138740,1.9397,2.3507
138741,1.9421,2.3725
138742,1.9397,2.3999
138743,1.9413,2.4361
138744,1.9389,2.4361
138745,1.9470,2.4369
138746,1.9429,2.4281
138747,1.9453,2.4079
138748,1.9445,2.3974
138749,1.9413,2.3765
138750,1.9365,2.3588
138751,1.9333,2.3378
138752,1.9292,2.3201
138753,1.9252,2.3023
138754,1.9204,2.2935
138755,1.9212,2.3080
138756,1.9196,2.3225
138757,1.9204,2.3483
138758,1.9212,2.3716
138759,1.9188,2.3934
138760,1.9220,2.4152
138761,1.9196,2.4313
138762,1.9349,2.4240
138763,1.9413,2.4216
138764,1.9413,2.3966
138765,1.9470,2.3805
138766,1.9397,2.3612
138767,1.9381,2.3410
138768,1.9357,2.3233
138769,1.9357,2.3023
138770,1.9325,2.2862
138771,1.9316,2.2862
138772,1.9300,2.3007
138773,1.9260,2.3217
138774,1.9316,2.3507
138775,1.9300,2.3652
138776,1.9316,2.4023
138777,1.9357,2.4152
138778,1.9341,2.4127
138779,1.9365,2.4119
138780,1.9445,2.3974
138781,1.9341,2.3845
138782,1.9316,2.3668
138783,1.9284,2.3467
138784,1.9252,2.3265
138785,1.9212,2.3072
138786,1.9115,2.2983
138787,1.9131,2.2798
138788,1.9099,2.2822
138789,1.9091,2.2967
138790,1.9010,2.3168
138791,1.9091,2.3370
138792,1.9099,2.3716
138793,1.9115,2.3910
138794,1.9091,2.4103
138795,1.9155,2.4079
138796,1.9155,2.3878
138797,1.9123,2.3853
138798,1.9123,2.3628
138799,1.9075,2.3507
138800,1.9042,2.3265
138801,1.9034,2.3040
138802,1.8954,2.2895
138803,1.8954,2.2733
138804,1.8954,2.2669
138805,1.8938,2.2733
138806,1.8881,2.2943
138807,1.8914,2.3177
138808,1.8938,2.3386
138809,1.8946,2.3692
138810,1.8881,2.3870
138811,1.8970,2.3982
138812,1.9091,2.3902
138813,1.9139,2.3853
138814,1.9204,2.3475
138815,1.9188,2.3539
138816,1.9163,2.3338
138817,1.9196,2.3185
138818,1.9155,2.2991
138819,1.9091,2.2782
138820,1.9083,2.2612
138821,1.9051,2.2645
138822,1.9067,2.2798
138823,1.9091,2.3072
138824,1.8994,2.3249
138825,1.9091,2.3483
138826,1.9139,2.3749
138827,1.9300,2.3934
138828,1.9163,2.4007
138829,1.9204,2.3870
138830,1.9139,2.3821
138831,1.9107,2.3652
138832,1.9099,2.3539
138833,1.9042,2.3249
138834,1.9083,2.3088
138835,1.8970,2.2943
138836,1.8954,2.2733
138837,1.8954,2.2621
138838,1.8930,2.2685
138839,1.8897,2.2862
138840,1.8946,2.3080
138841,1.8930,2.3338
138842,1.8954,2.3604
138843,1.9002,2.3862
138844,1.8970,2.3982
138845,1.8954,2.3974
138846,1.8954,2.3886
138847,1.8970,2.3781
138848,1.8978,2.3596
138849,1.8954,2.3386
138850,1.8833,2.3201
138851,1.8873,2.3064
138852,1.8865,2.2967
138853,1.8825,2.2685
138854,1.8833,2.2709
138855,1.8736,2.2830
138856,1.8768,2.3152
138857,1.8752,2.3257
138858,1.8672,2.3475
138859,1.8785,2.3765
138860,1.8785,2.4007
138861,1.8849,2.4192
138862,1.8930,2.4216
138863,1.8962,2.4168
138864,1.8970,2.4071
138865,1.9002,2.3926
138866,1.8962,2.3684
138867,1.9099,2.3523
138868,1.8970,2.3322
138869,1.8930,2.3096
138870,1.8930,2.2935
138871,1.8922,2.3120
138872,1.8914,2.3201
138873,1.8881,2.3338
138874,1.8905,2.3579
138875,1.8938,2.3878
138876,1.8938,2.4111
138877,1.8954,2.4353
138878,1.8994,2.4458
138879,1.9067,2.4321
138880,1.9051,2.4345
138881,1.9139,2.4192
138882,1.9188,2.4023
138883,1.9115,2.3797
138884,1.9131,2.3588
138885,1.9075,2.3386
138886,1.9067,2.3160
138887,1.9010,2.3168
138888,1.8978,2.3193
138889,1.9042,2.3354
138890,1.8970,2.3604
138891,1.9026,2.3829
138892,1.9059,2.4071
138893,1.8978,2.4313
138894,1.8946,2.4426
138895,1.9042,2.4506
138896,1.9083,2.4273
138897,1.9083,2.4144
138898,1.9010,2.3982
138899,1.9010,2.3773
138900,1.8962,2.3555
138901,1.8930,2.3330
138902,1.8897,2.3128
138903,1.8849,2.2975
138904,1.8833,2.2975
138905,1.8825,2.3080
138906,1.8777,2.3257
138907,1.8793,2.3507
138908,1.8785,2.3733
138909,1.8833,2.3942
138910,1.8833,2.4208
138911,1.8833,2.4289
138912,1.8930,2.4232
138913,1.8865,2.4087
138914,1.8833,2.3958
138915,1.8809,2.3781
138916,1.8817,2.3579
138917,1.8817,2.3362
138918,1.8752,2.3104
138919,1.8680,2.2975
138920,1.8696,2.2846
138921,1.8672,2.2870
138922,1.8664,2.3032
138923,1.8664,2.3209
138924,1.8599,2.3467
138925,1.8688,2.3716
138926,1.8696,2.3910
138927,1.8696,2.4119
138928,1.8696,2.4144
138929,1.8720,2.4111
138930,1.8720,2.3958
138931,1.8704,2.3733
138932,1.8688,2.3571
138933,1.8688,2.3354
138934,1.8615,2.3152
138935,1.8640,2.2967
138936,1.8567,2.2782
138937,1.8519,2.2677
138938,1.8527,2.2774
138939,1.8495,2.2870
138940,1.8495,2.3120
138941,1.8430,2.3338
138942,1.8559,2.3596
138943,1.8575,2.3853
138944,1.8567,2.3966
138945,1.8454,2.3990
138946,1.8575,2.3853
138947,1.8583,2.3749
138948,1.8583,2.3547
138949,1.8567,2.3370
138950,1.8519,2.3209
138951,1.8486,2.2959
138952,1.8478,2.2749
138953,1.8438,2.2604
138954,1.8430,2.2556
138955,1.8422,2.2685
138956,1.8422,2.2830
138957,1.8430,2.3128
138958,1.8462,2.3338
138959,1.8438,2.3588
138960,1.8454,2.3805
138961,1.8486,2.3878
138962,1.8551,2.3845
138963,1.8519,2.3716
138964,1.8438,2.3571
138965,1.8495,2.3451
138966,1.8438,2.3201
138967,1.8438,2.3209
138968,1.8414,2.2798
138969,1.8349,2.2580
138970,1.8317,2.2459
138971,1.8293,2.2475
138972,1.8349,2.2508
138973,1.8366,2.2830
138974,1.8341,2.3080
138975,1.8390,2.3338
138976,1.8366,2.3571
138977,1.8398,2.3765
138978,1.8430,2.3837
138979,1.8438,2.3749
138980,1.8438,2.3596
138981,1.8414,2.3418
138982,1.8422,2.3233
138983,1.8366,2.3080
138984,1.8366,2.2814
138985,1.8349,2.2612
138986,1.8253,2.2419
138987,1.8269,2.2322
138988,1.8261,2.2435
138989,1.8229,2.2580
138990,1.8277,2.2806
138991,1.8301,2.3080
138992,1.8293,2.3322
138993,1.8293,2.3596
138994,1.8382,2.3708
138995,1.8382,2.3676
138996,1.8358,2.3596
138997,1.8414,2.3418
138998,1.8366,2.3281
138999,1.8358,2.3080
139000,1.8358,2.2903
139001,1.8317,2.2733
139002,1.8285,2.2451
139003,1.8253,2.2306
139004,1.8285,2.2282
139005,1.8188,2.2492
139006,1.8237,2.2564
139007,1.8269,2.2822
139008,1.8261,2.3072
139009,1.8204,2.3338
139010,1.8301,2.3547
139011,1.8519,2.3636
139012,1.8317,2.3588
139013,1.8390,2.3459
139014,1.8398,2.3330
139015,1.8317,2.3080
139016,1.8317,2.2919
139017,1.8317,2.2725
139018,1.8237,2.2540
139019,1.8261,2.2322
139020,1.8180,2.2193
139021,1.8221,2.2266
139022,1.8204,2.2355
139023,1.8188,2.2588
139024,1.8196,2.2830
139025,1.8196,2.3088
139026,1.8261,2.3346
139027,1.8269,2.3596
139028,1.8317,2.3596
139029,1.8333,2.3483
139030,1.8237,2.3362
139031,1.8349,2.3233
139032,1.8341,2.3048
139033,1.8285,2.2870
139034,1.8293,2.2604
139035,1.8221,2.2451
139036,1.8212,2.2266
139037,1.8196,2.2177
139038,1.8156,2.2282
139039,1.8204,2.2411
139040,1.8188,2.2685
139041,1.8204,2.2903
139042,1.8188,2.3080
139043,1.8221,2.3483
139044,1.8301,2.3571
139045,1.8293,2.3547
139046,1.8301,2.3636
139047,1.8438,2.3322
139048,1.8301,2.3120
139049,1.8253,2.3040
139050,1.8261,2.2741
139051,1.8261,2.2685
139052,1.8172,2.2395
139053,1.8188,2.2153
139054,1.8188,2.2177
139055,1.8188,2.2290
139056,1.8188,2.2443
139057,1.8180,2.2701
139058,1.8180,2.2967
139059,1.8204,2.3217
139060,1.8269,2.3475
139061,1.8277,2.3515
139062,1.8293,2.3499
139063,1.8366,2.3338
139064,1.8293,2.3233
139065,1.8285,2.3056
139066,1.8269,2.2870
139067,1.8237,2.2621
139068,1.8229,2.2443
139069,1.8261,2.2258
139070,1.8180,2.2073
139071,1.8132,2.2161
139072,1.8164,2.2306
139073,1.8172,2.2508
139074,1.8180,2.2774
139075,1.8196,2.2975
139076,1.8221,2.3322
139077,1.8229,2.3451
139078,1.8301,2.3475
139079,1.8317,2.3418
139080,1.8293,2.3265
139081,1.8317,2.3136
139082,1.8285,2.3064
139083,1.8285,2.2717
139084,1.8269,2.2564
139085,1.8180,2.2306
139086,1.8180,2.2153
139087,1.8180,2.2048
139088,1.8156,2.2145
139089,1.8180,2.2306
139090,1.8188,2.2532
139091,1.8212,2.2822
139092,1.8180,2.3072
139093,1.8229,2.3297
139094,1.8293,2.3426
139095,1.8325,2.3426
139096,1.8325,2.3330
139097,1.8285,2.3193
139098,1.8196,2.3007
139099,1.8269,2.2830
139100,1.8285,2.2604
139101,1.8253,2.2411
139102,1.8204,2.2250
139103,1.8172,2.2073
139104,1.8180,2.2008
139105,1.8172,2.2089
139106,1.8196,2.2330
139107,1.8188,2.2500
139108,1.8229,2.2814
139109,1.8212,2.3072
139110,1.8293,2.3305
139111,1.8309,2.3378
139112,1.8325,2.3338
139113,1.8333,2.3201
139114,1.8349,2.3080
139115,1.8358,2.2911
139116,1.8325,2.2701
139117,1.8229,2.2556
139118,1.8285,2.2322
139119,1.8253,2.2097
139120,1.8196,2.1992
139121,1.8204,2.1960
139122,1.8180,2.2089
139123,1.8172,2.2347
139124,1.8229,2.2580
139125,1.8269,2.2822
139126,1.8301,2.3080
139127,1.8269,2.3257
139128,1.8358,2.3338
139129,1.8406,2.3217
139130,1.8406,2.3104
139131,1.8390,2.2959
139132,1.8414,2.2814
139133,1.8366,2.2580
139134,1.8325,2.2419
139135,1.8333,2.2177
139136,1.8293,2.1936
139137,1.8253,2.1960
139138,1.8261,2.2073
139139,1.8285,2.2153
139140,1.8229,2.2306
139141,1.8285,2.2572
139142,1.8301,2.2838
139143,1.8301,2.3128
139144,1.8430,2.3289
139145,1.8398,2.3241
139146,1.8446,2.3152
139147,1.8430,2.3040
139148,1.8430,2.2878
139149,1.8398,2.2685
139150,1.8438,2.2540
139151,1.8333,2.2306
139152,1.8309,2.2137
139153,1.8285,2.2258
139154,1.8285,2.1847
139155,1.8261,2.2048
139156,1.8309,2.2201
139157,1.8237,2.2435
139158,1.8358,2.2685
139159,1.8382,2.2935
139160,1.8406,2.3201
139161,1.8438,2.3233
139162,1.8470,2.3209
139163,1.8478,2.3112
139164,1.8495,2.3056
139165,1.8438,2.2798
139166,1.8438,2.2612
139167,1.8438,2.2427
139168,1.8390,2.2266
139169,1.8333,2.2048
139170,1.8349,2.1936
139171,1.8301,2.1944
139172,1.8301,2.2105
139173,1.8309,2.2258
139174,1.8358,2.2564
139175,1.8366,2.2806
139176,1.8390,2.3015
139177,1.8446,2.3217
139178,1.8438,2.3281
139179,1.8462,2.3177
139180,1.8478,2.3040
139181,1.8446,2.2862
139182,1.8454,2.2725
139183,1.8446,2.2556
139184,1.8414,2.2379
139185,1.8398,2.2193
139186,1.8382,2.2024
139187,1.8333,2.1871
139188,1.8358,2.1968
139189,1.8309,2.2081
139190,1.8358,2.2330
139191,1.8366,2.2564
139192,1.8398,2.2798
139193,1.8438,2.3088
139194,1.8462,2.3209
139195,1.8559,2.3168
139196,1.8535,2.3072
139197,1.8535,2.2959
139198,1.8559,2.2822
139199,1.8543,2.2612
139200,1.8511,2.2524
139201,1.8462,2.2475
139202,1.8438,2.2137
139203,1.8446,2.1903
139204,1.8414,2.1831
139205,1.8438,2.1911
139206,1.8430,2.2089
139207,1.8438,2.2322
139208,1.8486,2.2564
139209,1.8462,2.2822
139210,1.8543,2.2967
139211,1.8615,2.2991
139212,1.8632,2.2878
139213,1.8607,2.2814
139214,1.8640,2.2645
139215,1.8583,2.2451
139216,1.8607,2.2282
139217,1.8583,2.2121
139218,1.8672,2.1960
139219,1.8559,2.1790
139220,1.8462,2.1533
139221,1.8559,2.1525
139222,1.8438,2.1613
139223,1.8454,2.1782
139224,1.8495,2.2040
139225,1.8543,2.2266
139226,1.8591,2.2508
139227,1.8615,2.2556
139228,1.8623,2.2540
139229,1.8648,2.2363
139230,1.8648,2.2193
139231,1.8656,2.2073
139232,1.8777,2.1871
139233,1.8503,2.1702
139234,1.8559,2.1533
139235,1.8495,2.1396
139236,1.8551,2.1154
139237,1.8495,2.1097
139238,1.8446,2.1025
139239,1.8438,2.1275
139240,1.8527,2.1420
139241,1.8478,2.1702
139242,1.8495,2.1952
139243,1.8567,2.2032
139244,1.8527,2.2024
139245,1.8527,2.1944
139246,1.8495,2.1799
139247,1.8527,2.1645
139248,1.8519,2.1533
139249,1.8495,2.1404
139250,1.8438,2.1194
139251,1.8462,2.1017
139252,1.8349,2.0880
139253,1.8317,2.0558
139254,1.8317,2.0622
139255,1.8325,2.0848
139256,1.8309,2.1033
139257,1.8333,2.1355
139258,1.8333,2.1589
139259,1.8414,2.1766
139260,1.8382,2.1774
139261,1.8438,2.1790
139262,1.8430,2.1718
139263,1.8486,2.1573
139264,1.8349,2.1444
139265,1.8349,2.1283
139266,1.8366,2.1146
139267,1.8237,2.1001
139268,1.8301,2.0896
139269,1.8261,2.0622
139270,1.8204,2.0501
139271,1.8180,2.0558
139272,1.8180,2.0622
139273,1.8156,2.1041
139274,1.8156,2.1315
139275,1.8358,2.1557
139276,1.8229,2.1637
139277,1.8333,2.1742
139278,1.8261,2.1653
139279,1.8301,2.1549
139280,1.8285,2.1339
139281,1.8293,2.1251
139282,1.8229,2.1097
139283,1.8204,2.1009
139284,1.8180,2.0622
139285,1.8172,2.0614
139286,1.8196,2.0421
139287,1.8180,2.0356
139288,1.8140,2.0558
139289,1.8092,2.0622
139290,1.8140,2.1049
139291,1.8180,2.1404
139292,1.8172,2.1573
139293,1.8285,2.1686
139294,1.8204,2.1621
139295,1.8196,2.1670
139296,1.8229,2.1484
139297,1.8204,2.1299
139298,1.8188,2.1218
139299,1.8140,2.1033
139300,1.8132,2.0622
139301,1.8092,2.0622
139302,1.8075,2.0509
139303,1.8075,2.0388
139304,1.8067,2.0509
139305,1.8051,2.0622
139306,1.7810,2.0864
139307,1.8003,2.1162
139308,1.8124,2.1444
139309,1.8180,2.1637
139310,1.8124,2.1670
139311,1.8148,2.1621
139312,1.8180,2.1533
139313,1.8180,2.1412
139314,1.8140,2.1218
139315,1.8140,2.1130
139316,1.8108,2.0977
139317,1.8059,2.0622
139318,1.8237,2.0622
139319,1.7995,2.0461
139320,1.8092,2.0380
139321,1.7971,2.0485
139322,1.8019,2.0622
139323,1.7987,2.0993
139324,1.8011,2.1275
139325,1.8124,2.1525
139326,1.8084,2.1637
139327,1.8108,2.1653
139328,1.8043,2.1581
139329,1.8180,2.1492
139330,1.8156,2.1283
139331,1.8067,2.1154
139332,1.7938,2.1033
139333,1.8164,2.0896
139334,1.8035,2.0622
139335,1.7979,2.0501
139336,1.7971,2.0348
139337,1.7922,2.0388
139338,1.7938,2.0541
139339,1.7930,2.0622
139340,1.7963,2.1097
139341,1.8003,2.1379
139342,1.8019,2.1573
139343,1.8051,2.1525
139344,1.8059,2.1653
139345,1.8092,2.1533
139346,1.8003,2.1412
139347,1.8059,2.1275
139348,1.8059,2.1226
139349,1.8035,2.1017
139350,1.8003,2.0856
139351,1.7963,2.0622
139352,1.7713,2.0477
139353,1.7955,2.0380
139354,1.7922,2.0453
139355,1.7914,2.0590
139356,1.7906,2.0896
139357,1.7922,2.1154
139358,1.7938,2.1484
139359,1.8043,2.1702
139360,1.8035,2.1653
139361,1.8011,2.1573
139362,1.8172,2.1492
139363,1.8035,2.1525
139364,1.8084,2.1194
139365,1.7995,2.1017
139366,1.8019,2.0936
139367,1.8011,2.0622
139368,1.7979,2.0574
139369,1.7930,2.0421
139370,1.7906,2.0493
139371,1.7882,2.0485
139372,1.7882,2.0622
139373,1.7914,2.1001
139374,1.7922,2.1283
139375,1.7971,2.1533
139376,1.7842,2.1645
139377,1.8051,2.1613
139378,1.8003,2.1831
139379,1.8027,2.1444
139380,1.8003,2.1283
139381,1.7955,2.1154
139382,1.7971,2.1033
139383,1.7922,2.0525
139384,1.7971,2.0622
139385,1.7826,2.0469
139386,1.7922,2.0380
139387,1.7898,2.0429
139388,1.7818,2.0541
139389,1.7914,2.0622
139390,1.7914,2.1170
139391,1.7922,2.1525
139392,1.8019,2.1742
139393,1.7963,2.1831
139394,1.7995,2.1863
139395,1.8027,2.1790
139396,1.8027,2.1702
139397,1.8019,2.1549
139398,1.8051,2.1371
139399,1.8011,2.1202
139400,1.7971,2.1073
139401,1.7898,2.0896
139402,1.7914,2.0622
139403,1.7898,2.0622
139404,1.7898,2.0622
139405,1.7930,2.1017
139406,1.7793,2.1291
139407,1.7971,2.1637
139408,1.7930,2.1903
139409,1.8043,2.2201
139410,1.7874,2.2185
139411,1.8043,2.2201
139412,1.8100,2.2073
139413,1.8059,2.1944
139414,1.8051,2.1911
139415,1.8043,2.2024
139416,1.8092,2.2105
139417,1.8132,2.2427
139418,1.8156,2.2717
139419,1.8180,2.3023
139420,1.8180,2.3249
139421,1.8140,2.3459
139422,1.8180,2.3652
139423,1.8140,2.3837
139424,1.8293,2.4007
139425,1.8237,2.4119
139426,1.8277,2.4216
139427,1.8358,2.4393
139428,1.8229,2.4506
139429,1.8366,2.4635
139430,1.8390,2.4869
139431,1.8430,2.4933
139432,1.8406,2.5030
139433,1.8398,2.5199
139434,1.8446,2.5312
139435,1.8438,2.5377
139436,1.8438,2.5505
139437,1.8438,2.5626
139438,1.8478,2.5739
139439,1.8478,2.5731
139440,1.8527,2.5916
139441,1.8454,2.5965
139442,1.8430,2.6102
139443,1.8535,2.6174
139444,1.8454,2.6166
139445,1.8527,2.6327
139446,1.8551,2.6376
139447,1.8511,2.6473
139448,1.8551,2.6553
139449,1.8438,2.6618
139450,1.8519,2.6690
139451,1.8495,2.6747
139452,1.8567,2.7085
139453,1.8623,2.6827
139454,1.8591,2.6964
139455,1.8535,2.6988
139456,1.8551,2.7029
139457,1.8495,2.7109
139458,1.8591,2.6569
139459,1.8680,2.7206
139460,1.8575,2.7278
139461,1.8495,2.7319
139462,1.8615,2.7359
139463,1.8583,2.7440
139464,1.8607,2.7464
139465,1.8591,2.7512
139466,1.8623,2.7544
139467,1.8583,2.7585
139468,1.8607,2.7714
139469,1.8567,2.7705
139470,1.8615,2.7649
139471,1.8607,2.7834
139472,1.8575,2.7794
139473,1.8640,2.7875
139474,1.8640,2.7859
139475,1.8623,2.7907
139476,1.8583,2.7939
139477,1.8615,2.7988
139478,1.8615,2.8004
139479,1.8527,2.8036
139480,1.8640,2.8092
139481,1.8865,2.8116
139482,1.8632,2.8149
139483,1.8583,2.8125
139484,1.8607,2.8189
139485,1.8623,2.8213
139486,1.8623,2.8237
139487,1.8575,2.8278
139488,1.8623,2.8310
139489,1.8567,2.8326
139490,1.8623,2.8318
139491,1.8591,2.8374
139492,1.8551,2.8471
139493,1.8640,2.8495
139494,1.8615,2.8495
139495,1.8607,2.8495
139496,1.8640,2.8495
139497,1.8591,2.8237
139498,1.8648,2.8495
139499,1.8607,2.8608
139500,1.8656,2.8632
139501,1.8623,2.8705
139502,1.8615,2.8713
139503,1.8615,2.8745
139504,1.8640,2.8793
139505,1.8640,2.8753
139506,1.8680,2.8858
139507,1.8615,2.8874
139508,1.8656,2.8874
139509,1.8623,2.9011
139510,1.8672,2.9027
139511,1.8672,2.9156
139512,1.8559,2.9132
139513,1.8640,2.9358
139514,1.8591,2.9237
139515,1.8656,2.9269
139516,1.8640,2.9325
139517,1.8672,2.9390
139518,1.8615,2.9486
139519,1.8640,2.9543
139520,1.8656,2.9599
139521,1.8672,2.9704
139522,1.8615,2.9809
139523,1.8672,2.9930
139524,1.8656,3.0067
139525,1.8688,3.0059
139526,1.8648,3.0300
139527,1.8648,3.0325
139528,1.8640,3.0534
139529,1.8640,3.0607
139530,1.8696,3.0744
139531,1.8680,3.0848
139532,1.8680,3.1034
139533,1.8696,3.1147
139534,1.8688,3.1775
139535,1.8664,3.1711
139536,1.8712,3.2033
139537,1.8785,3.1590
139538,1.8640,3.1920
139539,1.8680,3.2049
139540,1.8680,3.2178
139541,1.8680,3.2162
139542,1.8720,3.2452
139543,1.8696,3.2541
139544,1.8648,3.2645
139545,1.8712,3.2839
139546,1.8680,3.2936
139547,1.8696,3.3000
139548,1.8696,3.3000
139549,1.8817,3.3000
139550,1.8736,3.3000
139551,1.8728,3.3000
139552,1.8768,3.3000
139553,1.8752,3.3000
139554,1.8777,3.3000
139555,1.8768,3.3000
139556,1.8752,3.3000
139557,1.8720,3.3000
139558,1.8801,3.3000
139559,1.8728,3.3000
139560,1.8736,3.3000
139561,1.8841,3.3000
139562,1.8752,3.3000
139563,1.8809,3.3000
139564,1.8914,3.3000
139565,1.8954,3.3000
139566,1.8825,3.3000
139567,1.8809,3.3000
139568,1.8760,3.3000
139569,1.8825,3.3000
139570,1.8777,3.3000
139571,1.8768,3.3000
139572,1.8881,3.3000
139573,1.8809,3.3000
139574,1.8841,3.3000
139575,1.8833,3.3000
139576,1.8841,3.3000
139577,1.8809,3.3000
139578,1.8914,3.3000
139579,1.8841,3.3000
139580,1.8865,3.3000
139581,1.8849,3.3000
139582,1.8962,3.3000
139583,1.8881,3.3000
139584,1.8873,3.3000
139585,1.8881,3.3000
139586,1.8841,3.3000
139587,1.8881,3.3000
139588,1.8922,3.3000
139589,1.8946,3.3000
139590,1.8865,3.3000
139591,1.8865,3.3000
139592,1.8954,3.3000
139593,1.8946,3.3000
139594,1.8801,3.3000
139595,1.8696,3.3000
139596,1.8873,3.3000
139597,1.8954,3.3000
139598,1.8954,3.3000
139599,1.9042,3.3000
139600,1.8930,3.3000
139601,1.8954,3.3000
139602,1.8954,3.3000
139603,1.9010,3.3000
139604,1.8946,3.3000
139605,1.8946,3.3000
139606,1.8962,3.3000
139607,1.8930,3.3000
139608,1.8954,3.3000
139609,1.9034,3.3000
139610,1.8978,3.3000
139611,1.8970,3.3000
139612,1.8970,3.3000
139613,1.9034,3.3000
139614,1.9010,3.3000
139615,1.8994,3.3000
139616,1.8994,3.3000
139617,1.8954,3.3000
139618,1.8962,3.3000
139619,1.8978,3.3000
139620,1.8978,3.3000
139621,1.9042,3.3000
139622,1.9010,3.3000
139623,1.9010,3.3000
139624,1.9083,3.3000
139625,1.9059,3.3000
139626,1.9059,3.3000
139627,1.9123,3.3000
139628,1.9059,3.3000
139629,1.8978,3.3000
139630,1.9042,3.3000
139631,1.9026,3.3000
139632,1.9034,3.3000
139633,1.9099,3.3000
139634,1.9091,3.3000
139635,1.9131,3.3000
139636,1.9123,3.3000
139637,1.9042,3.3000
139638,1.9067,3.3000
139639,1.9099,3.3000
139640,1.9083,3.3000
139641,1.9091,3.3000
139642,1.9091,3.3000
139643,1.9115,3.3000
139644,1.9042,3.3000
139645,1.9123,3.3000
139646,1.9163,3.3000
139647,1.9083,3.3000
139648,1.9171,3.3000
139649,1.9163,3.3000
139650,1.9107,3.3000
139651,1.9139,3.3000
139652,1.9131,3.3000
139653,1.9091,3.3000
139654,1.9139,3.3000
139655,1.9155,3.3000
139656,1.9196,3.3000
139657,1.9139,3.3000
139658,1.9163,3.3000
139659,1.9204,3.3000
139660,1.9179,3.3000
139661,1.9188,3.3000
139662,1.9155,3.3000
139663,1.9171,3.3000
139664,1.9123,3.3000
139665,1.9212,3.3000
139666,1.9171,3.3000
139667,1.9155,3.3000
139668,1.9171,3.3000
139669,1.9220,3.3000
139670,1.9188,3.3000
139671,1.9292,3.3000
139672,1.9155,3.3000
139673,1.9204,3.3000
139674,1.9228,3.3000
139675,1.9204,3.3000
139676,1.9260,3.3000
139677,1.9171,3.3000
139678,1.9188,3.3000
139679,1.9236,3.3000
139680,1.9244,3.3000
139681,1.9212,3.3000
139682,1.9268,3.3000
139683,1.9212,3.3000
139684,1.9260,3.3000
139685,1.9236,3.3000
139686,1.9220,3.3000
139687,1.9236,3.3000
139688,1.9212,3.3000
139689,1.9236,3.3000
139690,1.9220,3.3000
139691,1.9252,3.3000
139692,1.9308,3.3000
139693,1.9236,3.3000
139694,1.9244,3.3000
139695,1.9300,3.3000
139696,1.9300,3.3000
139697,1.9284,3.3000
139698,1.9349,3.3000
139699,1.9260,3.3000
139700,1.9284,3.3000
139701,1.9260,3.3000
139702,1.9284,3.3000
139703,1.9252,3.3000
139704,1.9381,3.3000
139705,1.9292,3.3000
139706,1.9300,3.3000
139707,1.9300,3.3000
139708,1.9316,3.3000
139709,1.9349,3.3000
139710,1.9349,3.3000
139711,1.9308,3.3000
139712,1.9325,3.3000
139713,1.9333,3.3000
139714,1.9333,3.3000
139715,1.9397,3.3000
139716,1.9365,3.3000
139717,1.9316,3.3000
139718,1.9365,3.3000
139719,1.9365,3.3000
139720,1.9397,3.3000
139721,1.9220,3.3000
139722,1.9429,3.3000
139723,1.9357,3.3000
139724,1.9397,3.3000
139725,1.9381,3.3000
139726,1.9389,3.3000
139727,1.9373,3.3000
139728,1.9373,3.3000
139729,1.9429,3.3000
139730,1.9389,3.3000
139731,1.9365,3.3000
139732,1.9365,3.3000
139733,1.9445,3.3000
139734,1.9470,3.3000
139735,1.9300,3.3000
139736,1.9413,3.3000
139737,1.9397,3.3000
139738,1.9429,3.3000
139739,1.9397,3.3000
139740,1.9445,3.3000
139741,1.9413,3.3000
139742,1.9397,3.3000
139743,1.9429,3.3000
139744,1.9445,3.3000
139745,1.9453,3.3000
139746,1.9478,3.3000
139747,1.9542,3.3000
139748,1.9502,3.3000
139749,1.9470,3.3000
139750,1.9470,3.3000
139751,1.9445,3.3000
139752,1.9550,3.3000
139753,1.9486,3.3000
139754,1.9462,3.3000
139755,1.9462,3.3000
139756,1.9462,3.3000
139757,1.9470,3.3000
139758,1.9470,3.3000
139759,1.9228,3.3000
139760,1.9478,3.3000
139761,1.9703,3.3000
139762,1.9453,3.3000
139763,1.9470,3.3000
139764,1.9445,3.3000
139765,1.9478,3.3000
139766,1.9470,3.3000
139767,1.9494,3.3000
139768,1.9510,3.2799
139769,1.9429,3.2678
139770,1.9453,3.2581
139771,1.9526,3.2452
139772,1.9470,3.2508
139773,1.9470,3.2573
139774,1.9462,3.2621
139775,1.9494,3.2581
139776,1.9510,3.2637
139777,1.9486,3.2774
139778,1.9421,3.2871
139779,1.9470,3.2879
139780,1.9470,3.2887
139781,1.9470,3.3000
139782,1.9453,3.3000
139783,1.9550,3.3000
139784,1.9470,3.3000
139785,1.9558,3.3000
139786,1.9437,3.3000
139787,1.9486,3.3000
139788,1.9510,3.3000
139789,1.9550,3.3000
139790,1.9478,3.3000
139791,1.9494,3.3000
139792,1.9494,3.3000
139793,1.9510,3.3000
139794,1.9470,3.3000
139795,1.9486,3.3000
139796,1.9510,3.3000
139797,1.9542,3.3000
139798,1.9445,3.3000
139799,1.9462,3.3000
139800,1.9470,3.3000
139801,1.9518,3.3000
139802,1.9470,3.3000
139803,1.9510,3.3000
139804,1.9494,3.3000
139805,1.9526,3.3000
139806,1.9470,3.3000
139807,1.9526,3.3000
139808,1.9453,3.3000
139809,1.9470,3.3000
139810,1.9462,3.3000
139811,1.9526,3.3000
139812,1.9470,3.3000
139813,1.9518,3.3000
139814,1.9470,3.3000
139815,1.9470,3.3000
139816,1.9494,3.3000
139817,1.9494,3.3000
139818,1.9445,3.3000
139819,1.9526,3.3000
139820,1.9526,3.3000
139821,1.9494,3.3000
139822,1.9607,3.3000
139823,1.9453,3.3000
139824,1.9526,3.3000
139825,1.9462,3.3000
139826,1.9413,3.3000
139827,1.9486,3.3000
139828,1.9445,3.3000
139829,1.9470,3.3000
139830,1.9590,3.3000
139831,1.9470,3.3000
139832,1.9478,3.3000
139833,1.9478,3.3000
139834,1.9470,3.3000
139835,1.9470,3.3000
139836,1.9687,3.3000
139837,1.9470,3.3000
139838,1.9445,3.3000
139839,1.9365,3.3000
139840,1.9462,3.3000
139841,1.9397,3.3000
139842,1.9429,3.3000
139843,1.9445,3.3000
139844,1.9470,3.3000
139845,1.9365,3.3000
139846,1.9453,3.3000
139847,1.9421,3.3000
139848,1.9445,3.3000
139849,1.9445,3.3000
139850,1.9365,3.3000
139851,1.9429,3.3000
139852,1.9244,3.3000
139853,1.9397,3.3000
139854,1.9365,3.3000
139855,1.9341,3.3000
139856,1.9413,3.3000
139857,1.9349,3.3000
139858,1.9381,3.3000
139859,1.9429,3.3000
139860,1.9486,3.3000
139861,1.9421,3.3000
139862,1.9397,3.3000
139863,1.9325,3.2879
139864,1.9349,3.2710
139865,1.9284,3.3000
139866,1.9349,3.2605
139867,1.9365,3.2927
139868,1.9333,3.2919
139869,1.9341,3.3000
139870,1.9316,3.2774
139871,1.9333,3.2879
139872,1.9365,3.2879
139873,1.9341,3.2863
139874,1.9325,3.2911
139875,1.9389,3.2887
139876,1.9325,3.2782
139877,1.9397,3.2895
139878,1.9316,3.2919
139879,1.9300,3.2903
139880,1.9204,3.2895
139881,1.9300,3.2927
139882,1.9316,3.3000
139883,1.9333,3.3000
139884,1.9292,3.2952
139885,1.9308,3.2976
139886,1.9349,3.2984
139887,1.9268,3.3000
139888,1.9212,3.3000
139889,1.9284,3.3000
139890,1.9260,3.3000
139891,1.9236,3.3000
139892,1.9300,3.3000
139893,1.9284,3.3000
139894,1.9292,3.3000
139895,1.9252,3.3000
139896,1.9228,3.3000
139897,1.9220,3.3000
139898,1.9252,3.3000
139899,1.9333,3.3000
139900,1.9316,3.3000
139901,1.9212,3.3000
139902,1.9220,3.3000
139903,1.9228,3.3000
139904,1.9260,3.3000
139905,1.9212,3.3000
139906,1.9292,3.3000
139907,1.9236,3.3000
139908,1.9212,3.3000
139909,1.9212,3.3000
139910,1.9179,3.3000
139911,1.9212,3.3000
139912,1.9268,3.3000
139913,1.9204,3.3000
139914,1.9212,3.3000
139915,1.9236,3.3000
139916,1.9188,3.3000
139917,1.9204,3.3000
139918,1.9212,3.3000
139919,1.9179,3.3000
139920,1.9220,3.3000
139921,1.9171,3.3000
139922,1.9067,3.3000
139923,1.9171,3.3000
139924,1.9155,3.3000
139925,1.9268,3.3000
139926,1.9099,3.3000
139927,1.9316,3.3000
139928,1.9115,3.3000
139929,1.9139,3.3000
139930,1.9212,3.3000
139931,1.9163,3.3000
139932,1.9163,3.3000
139933,1.9196,3.3000
139934,1.9123,3.3000
139935,1.9171,3.3000
139936,1.9107,3.3000
139937,1.9075,3.3000
139938,1.9163,3.3000
139939,1.9163,3.3000
139940,1.9123,3.3000
139941,1.9131,3.3000
139942,1.9099,3.3000
139943,1.9131,3.3000
139944,1.9075,3.3000
139945,1.9059,3.3000
139946,1.9075,3.3000
139947,1.9107,3.3000
139948,1.9067,3.3000
139949,1.9155,3.3000
139950,1.9002,3.3000
139951,1.9107,3.3000
139952,1.9083,3.3000
139953,1.9083,3.3000
139954,1.9091,3.3000
139955,1.8994,3.3000
139956,1.9034,3.3000
139957,1.9067,3.3000
139958,1.9002,3.3000
139959,1.9083,3.3000
139960,1.9067,3.3000
139961,1.8954,3.3000
139962,1.9059,3.3000
139963,1.8978,3.3000
139964,1.9067,3.3000
139965,1.9026,3.3000
139966,1.9204,3.3000
139967,1.8978,3.3000
139968,1.9002,3.3000
139969,1.8954,3.3000
139970,1.9010,3.3000
139971,1.8914,3.3000
139972,1.8962,3.3000
139973,1.9026,3.3000
139974,1.8954,3.3000
139975,1.9010,3.3000
139976,1.8954,3.3000
139977,1.8954,3.3000
139978,1.8930,3.3000
139979,1.8978,3.3000
139980,1.8970,3.3000
139981,1.8930,3.3000
139982,1.8930,3.3000
139983,1.8954,3.3000
139984,1.8938,3.3000
139985,1.8922,3.3000
139986,1.8954,3.3000
139987,1.8905,3.3000
139988,1.8897,3.3000
139989,1.8930,3.3000
139990,1.8897,3.3000
139991,1.8849,3.3000
139992,1.8938,3.3000
139993,1.8873,3.3000
139994,1.8873,3.3000
139995,1.8873,3.3000
139996,1.8914,3.3000
139997,1.8905,3.3000
139998,1.8833,3.3000
139999,1.8897,3.3000
140000,1.8905,3.3000
140001,1.8905,3.3000
140002,1.8881,3.3000
140003,1.8817,3.3000
140004,1.8865,3.3000
140005,1.8857,3.3000
140006,1.8833,3.3000
140007,1.8849,3.3000
140008,1.8873,3.3000
140009,1.8914,3.3000
140010,1.8833,3.3000
140011,1.8841,3.3000
140012,1.8785,3.3000
140013,1.8817,3.3000
140014,1.8801,3.3000
140015,1.8777,3.3000
140016,1.8825,3.3000
140017,1.8825,3.3000
140018,1.8817,3.3000
140019,1.8825,3.3000
140020,1.8777,3.3000
140021,1.8817,3.3000
140022,1.8752,3.3000
140023,1.8752,3.3000
140024,1.8801,3.3000
140025,1.8849,3.3000
140026,1.8801,3.3000
140027,1.8817,3.3000
140028,1.8720,3.3000
140029,1.8954,3.3000
140030,1.8736,3.3000
140031,1.8696,3.3000
140032,1.8785,3.3000
140033,1.8801,3.3000
140034,1.8777,3.3000
140035,1.8704,3.3000
140036,1.8744,3.3000
140037,1.8720,3.3000
140038,1.8849,3.3000
140039,1.8696,3.3000
140040,1.8696,3.3000
140041,1.8905,3.3000
140042,1.8768,3.3000
140043,1.8785,3.3000
140044,1.8696,3.3000
140045,1.8785,3.3000
140046,1.8720,3.3000
140047,1.8696,3.3000
140048,1.8712,3.3000
140049,1.8680,3.3000
140050,1.8696,3.3000
140051,1.8672,3.3000
140052,1.8672,3.3000
140053,1.8696,3.3000
140054,1.8672,3.3000
140055,1.8712,3.3000
140056,1.8656,3.3000
140057,1.8696,3.3000
140058,1.8688,3.3000
140059,1.8623,3.3000
140060,1.8696,3.3000
140061,1.8704,3.3000
140062,1.8704,3.3000
140063,1.8648,3.3000
140064,1.8623,3.3000
140065,1.8640,3.3000
140066,1.8696,3.3000
140067,1.8623,3.3000
140068,1.8615,3.3000
140069,1.8615,3.3000
140070,1.8680,3.3000
140071,1.8664,3.3000
140072,1.8712,3.3000
140073,1.8648,3.3000
140074,1.8615,3.3000
140075,1.8591,3.3000
140076,1.8696,3.3000
140077,1.8672,3.3000
140078,1.8656,3.3000
140079,1.8656,3.3000
140080,1.8591,3.3000
140081,1.8615,3.3000
140082,1.8656,3.3000
140083,1.8623,3.3000
140084,1.8656,3.3000
140085,1.8648,3.3000
140086,1.8559,3.3000
140087,1.8648,3.3000
140088,1.8591,3.3000
140089,1.8583,3.3000
140090,1.8696,3.3000
140091,1.8575,3.3000
140092,1.8623,3.3000
140093,1.8591,3.3000
140094,1.8543,3.3000
140095,1.8623,3.3000
140096,1.8575,3.3000
140097,1.8575,3.3000
140098,1.8519,3.3000
140099,1.8575,3.3000
140100,1.8583,3.3000
140101,1.8559,3.3000
140102,1.8648,3.3000
140103,1.8615,3.3000
140104,1.8317,3.3000
140105,1.8583,3.3000
140106,1.8607,3.3000
140107,1.8575,3.3000
140108,1.8567,3.3000
140109,1.8495,3.3000
140110,1.8559,3.3000
140111,1.8591,3.3000
140112,1.8551,3.3000
140113,1.8511,3.3000
140114,1.8486,3.3000
140115,1.8519,3.3000
140116,1.8551,3.3000
140117,1.8495,3.3000
140118,1.8495,3.3000
140119,1.8543,3.3000
140120,1.8575,3.3000
140121,1.8511,3.3000
140122,1.8527,3.3000
140123,1.8495,3.3000
140124,1.8470,3.3000
140125,1.8446,3.3000
140126,1.8486,3.3000
140127,1.8486,3.3000
140128,1.8559,3.3000
140129,1.8511,3.3000
140130,1.8486,3.3000
140131,1.8495,3.3000
140132,1.8462,3.3000
140133,1.8462,3.3000
140134,1.8462,3.3000
140135,1.8519,3.3000
140136,1.8462,3.3000
140137,1.8462,3.3000
140138,1.8478,3.3000
140139,1.8446,3.3000
140140,1.8495,3.3000
140141,1.8462,3.3000
140142,1.8462,3.3000
140143,1.8446,3.3000
140144,1.8422,3.3000
140145,1.8462,3.3000
140146,1.8390,3.3000
140147,1.8486,3.3000
140148,1.8438,3.3000
140149,1.8414,3.3000
140150,1.8462,3.3000
140151,1.8438,3.3000
140152,1.8438,3.3000
140153,1.8422,3.3000
140154,1.8414,3.3000
140155,1.8398,3.3000
140156,1.8398,3.3000
140157,1.8438,3.3000
140158,1.8438,3.3000
140159,1.8382,3.3000
140160,1.8382,3.3000
140161,1.8430,3.3000
140162,1.8430,3.3000
140163,1.8366,3.3000
140164,1.8398,3.3000
140165,1.8390,3.3000
140166,1.8422,3.3000
140167,1.8398,3.3000
140168,1.8325,3.3000
140169,1.8382,3.3000
140170,1.8349,3.3000
140171,1.8382,3.3000
140172,1.8301,3.3000
140173,1.8349,3.3000
140174,1.8390,3.3000
140175,1.8301,3.3000
140176,1.8325,3.3000
140177,1.8390,3.3000
140178,1.8333,3.3000
140179,1.8349,3.3000
140180,1.8269,3.3000
140181,1.8333,3.3000
140182,1.8309,3.3000
140183,1.8333,3.3000
140184,1.8333,3.3000
140185,1.8269,3.3000
140186,1.8156,3.3000
140187,1.8293,3.3000
140188,1.8301,3.3000
140189,1.8261,3.3000
140190,1.8269,3.3000
140191,1.8221,3.3000
140192,1.8293,3.3000
140193,1.8253,3.3000
140194,1.8253,3.3000
140195,1.8301,3.3000
140196,1.8229,3.3000
140197,1.8221,3.3000
140198,1.8237,3.3000
140199,1.8221,3.3000
140200,1.8180,3.3000
140201,1.8237,3.3000
140202,1.8180,3.3000
140203,1.8180,3.3000
140204,1.8261,3.3000
140205,1.8180,3.3000
140206,1.8188,3.3000
140207,1.8156,3.3000
140208,1.8180,3.3000
140209,1.8156,3.3000
140210,1.8180,3.3000
140211,1.8075,3.3000
140212,1.8164,3.3000
140213,1.8180,3.3000
140214,1.8132,3.3000
140215,1.8180,3.3000
140216,1.8156,3.3000
140217,1.8196,3.3000
140218,1.8156,3.3000
140219,1.8180,3.3000
140220,1.8124,3.3000
140221,1.8156,3.3000
140222,1.8180,3.3000
140223,1.8156,3.3000
140224,1.8100,3.3000
140225,1.8132,3.3000
140226,1.8075,3.3000
140227,1.8108,3.3000
140228,1.8172,3.3000
140229,1.8084,3.3000
140230,1.8092,3.3000
140231,1.8075,3.3000
140232,1.8043,3.3000
140233,1.8043,3.3000
140234,1.8092,3.3000
140235,1.8051,3.3000
140236,1.8027,3.3000
140237,1.8132,3.3000
140238,1.8035,3.3000
140239,1.8059,3.3000
140240,1.8027,3.3000
140241,1.7963,3.3000
140242,1.8003,3.3000
140243,1.8059,3.3000
140244,1.7995,3.3000
140245,1.8035,3.3000
140246,1.8051,3.3000
140247,1.8003,3.3000
140248,1.8027,3.3000
140249,1.8011,3.3000
140250,1.8011,3.3000
140251,1.7979,3.3000
140252,1.8011,3.3000
140253,1.8043,3.3000
140254,1.8003,3.3000
140255,1.8011,3.3000
140256,1.8084,3.3000
140257,1.8003,3.3000
140258,1.7995,3.3000
140259,1.8011,3.3000
140260,1.7995,3.3000
140261,1.7938,3.3000
140262,1.7922,3.3000
140263,1.7963,3.3000
140264,1.7955,3.3000
140265,1.7914,3.3000
140266,1.8156,3.3000
140267,1.7938,3.3000
140268,1.7906,3.3000
140269,1.7922,3.3000
140270,1.8051,3.3000
140271,1.7922,3.3000
140272,1.7906,3.3000
140273,1.7882,3.3000
140274,1.7906,3.3000
140275,1.7922,3.3000
140276,1.8140,3.3000
140277,1.7971,3.3000
140278,1.7906,3.3000
140279,1.7850,3.3000
140280,1.7922,3.3000
140281,1.7906,3.3000
140282,1.7906,3.3000
140283,1.7834,3.3000
140284,1.7834,3.3000
140285,1.7826,3.2936
140286,1.7818,3.2742
140287,1.7842,3.2581
140288,1.7874,3.2420
140289,1.7810,3.2114
140290,1.7826,3.2081
140291,1.7801,3.1840
140292,1.7810,3.1678
140293,1.7866,3.1533
140294,1.7866,3.1332
140295,1.7810,3.1203
140296,1.7834,3.1034
140297,1.8027,3.0897
140298,1.7761,3.0744
140299,1.7793,3.0663
140300,1.7922,3.0510
140301,1.7753,3.0405
140302,1.7721,3.0260
140303,1.7745,3.0179
140304,1.7777,2.9986
140305,1.7753,2.9922
140306,1.7721,2.9825
140307,1.7697,2.9712
140308,1.7745,2.9672
140309,1.7664,2.9543
140310,1.7689,2.9527
140311,1.7681,2.9374
140312,1.7689,2.9325
140313,1.7673,2.9196
140314,1.7664,2.9172
140315,1.7664,2.9221
140316,1.7656,2.8874
140317,1.7656,2.8810
140318,1.7664,2.8584
140319,1.7656,2.8769
140320,1.7656,2.8745
140321,1.7673,2.8673
140322,1.7616,2.8616
140323,1.7681,2.8495
140324,1.7664,2.8495
140325,1.7648,2.8495
140326,1.7664,2.8423
140327,1.7640,2.8374
140328,1.7624,2.8382
140329,1.7624,2.8350
140330,1.7648,2.8278
140331,1.7592,2.8237
140332,1.7552,2.8165
140333,1.7656,2.8237
140334,1.7608,2.8052
140335,1.7560,2.8487
140336,1.7544,2.8012
140337,1.7584,2.8334
140338,1.7560,2.7971
140339,1.7576,2.7939
140340,1.7536,2.7923
140341,1.7584,2.7891
140342,1.7592,2.7891
140343,1.7664,2.7851
140344,1.7536,2.7842
140345,1.7560,2.7802
140346,1.7519,2.7762
140347,1.7576,2.7754
140348,1.7527,2.7730
140349,1.7568,2.7705
140350,1.7624,2.7705
140351,1.7536,2.7705
140352,1.7536,2.7649
140353,1.7536,2.7649
140354,1.7552,2.7585
140355,1.7536,2.7633
140356,1.7592,2.7585
140357,1.7544,2.7593
140358,1.7495,2.7552
140359,1.7527,2.7520
140360,1.7552,2.7568
140361,1.7511,2.7577
140362,1.7544,2.7552
140363,1.7616,2.7464
140364,1.7479,2.7472
140365,1.7519,2.7432
140366,1.7536,2.7391
140367,1.7527,2.7440
140368,1.7536,2.7641
140369,1.7519,2.7440
140370,1.7495,2.7415
140371,1.7519,2.7407
140372,1.7511,2.7415
140373,1.7463,2.7391
140374,1.7527,2.7359
140375,1.7511,2.7375
140376,1.7487,2.7343
140377,1.7495,2.7327
140378,1.7519,2.7303
140379,1.7511,2.7295
140380,1.7519,2.7295
140381,1.7447,2.7311
140382,1.7487,2.7206
140383,1.7495,2.7254
140384,1.7431,2.7246
140385,1.7536,2.7214
140386,1.7455,2.7254
140387,1.7519,2.7230
140388,1.7519,2.7206
140389,1.7439,2.7206
140390,1.7439,2.7101
140391,1.7511,2.7246
140392,1.7447,2.7174
140393,1.7487,2.7182
140394,1.7519,2.7021
140395,1.7431,2.6747
140396,1.7495,2.6432
140397,1.7479,2.6086
140398,1.7431,2.5779
140399,1.7399,2.5272
140400,1.7382,2.5062
140401,1.7390,2.4667
140402,1.7407,2.4474
140403,1.7326,2.4232
140404,1.7350,2.4216
140405,1.7318,2.4264
140406,1.7358,2.4345
140407,1.7390,2.4506
140408,1.7294,2.4627
140409,1.7407,2.4885
140410,1.7374,2.4748
140411,1.7407,2.4643
140412,1.7423,2.4490
140413,1.7318,2.4256
140414,1.7439,2.4007
140415,1.7366,2.3725
140416,1.7366,2.3491
140417,1.7407,2.3281
140418,1.7334,2.3007
140419,1.7366,2.2814
140420,1.7326,2.2741
140421,1.7302,2.2822
140422,1.7237,2.2983
140423,1.7286,2.3096
140424,1.7366,2.3297
140425,1.7326,2.3483
140426,1.7366,2.3588
140427,1.7407,2.3571
140428,1.7366,2.3362
140429,1.7407,2.3193
140430,1.7455,2.3023
140431,1.7407,2.2766
140432,1.7334,2.2580
140433,1.7358,2.2363
140434,1.7294,2.2121
140435,1.7270,2.1927
140436,1.7318,2.1774
140437,1.7278,2.1790
140438,1.7294,2.1799
140439,1.7237,2.2008
140440,1.7278,2.2226
140441,1.7366,2.2492
140442,1.7334,2.2677
140443,1.7318,2.2717
140444,1.7366,2.2733
140445,1.7350,2.2588
140446,1.7342,2.2330
140447,1.7358,2.2169
140448,1.7350,2.2089
140449,1.7366,2.1815
140450,1.7358,2.1702
140451,1.7366,2.1428
140452,1.7253,2.1234
140453,1.7253,2.1146
140454,1.7294,2.1218
140455,1.7262,2.1275
140456,1.7278,2.1428
140457,1.7286,2.1678
140458,1.7245,2.1790
140459,1.7302,2.2153
140460,1.7399,2.2064
140461,1.7374,2.2097
140462,1.7374,2.1976
140463,1.7382,2.1758
140464,1.7366,2.1533
140465,1.7536,2.1331
140466,1.7318,2.1154
140467,1.7358,2.1299
140468,1.7302,2.0622
140469,1.7294,2.0509
140470,1.7270,2.0429
140471,1.7270,2.0549
140472,1.7302,2.0807
140473,1.7294,2.1017
140474,1.7334,2.1323
140475,1.7318,2.1533
140476,1.7294,2.1718
140477,1.7390,2.1782
140478,1.7382,2.1605
140479,1.7366,2.1533
140480,1.7366,2.1331
140481,1.7407,2.1218
140482,1.7382,2.1057
140483,1.7358,2.0864
140484,1.7302,2.0622
140485,1.7366,2.0429
140486,1.7286,2.0300
140487,1.7286,2.0316
140488,1.7278,2.0372
140489,1.7262,2.0832
140490,1.7318,2.0977
140491,1.7302,2.1259
140492,1.7350,2.1460
140493,1.7358,2.1621
140494,1.7358,2.1533
140495,1.7407,2.1508
140496,1.7366,2.1331
140497,1.7374,2.1202
140498,1.7390,2.1017
140499,1.7318,2.0872
140500,1.7318,2.0598
140501,1.7294,2.0493
140502,1.7334,2.0300
140503,1.7229,2.0171
140504,1.7278,2.0114
140505,1.7253,2.0372
140506,1.7278,2.0590
140507,1.7286,2.0977
140508,1.7286,2.1251
140509,1.7350,2.1484
140510,1.7326,2.1379
140511,1.7358,2.1492
140512,1.7399,2.1379
140513,1.7318,2.1218
140514,1.7310,2.1081
140515,1.7399,2.0968
140516,1.7318,2.0622
140517,1.7278,2.0598
140518,1.7334,2.0348
140519,1.7270,2.0187
140520,1.7245,2.0155
140521,1.7245,2.0243
140522,1.7286,2.0437
140523,1.7270,2.0614
140524,1.7294,2.1097
140525,1.7318,2.1226
140526,1.7366,2.1347
140527,1.7358,2.1363
140528,1.7326,2.1331
140529,1.7407,2.1202
140530,1.7326,2.0960
140531,1.7366,2.0912
140532,1.7286,2.0622
140533,1.7302,2.0453
140534,1.7262,2.0364
140535,1.7278,2.0122
140536,1.7270,1.9993
140537,1.7229,2.0026
140538,1.7237,2.0130
140539,1.7213,2.0235
140540,1.7229,2.0533
140541,1.7310,2.0904
140542,1.7302,2.1178
140543,1.7334,2.1194
140544,1.7334,2.1170
140545,1.7366,2.1146
140546,1.7334,2.1057
140547,1.7326,2.0904
140548,1.7270,2.0622
140549,1.7334,2.0517
140550,1.7350,2.0364
140551,1.7286,2.0171
140552,1.7270,2.0066
140553,1.7253,1.9937
140554,1.7205,1.9953
140555,1.7221,1.9840
140556,1.7229,2.0259
140557,1.7270,2.0509
140558,1.7253,2.0880
140559,1.7318,2.1146
140560,1.7270,2.1097
140561,1.7302,2.1017
140562,1.7318,2.1017
140563,1.7326,2.0807
140564,1.7262,2.0622
140565,1.7270,2.0501
140566,1.7229,2.0396
140567,1.7237,2.0284
140568,1.7205,2.0001
140569,1.7205,1.9913
140570,1.7165,1.9816
140571,1.7189,1.9703
140572,1.7157,1.9993
140573,1.7197,2.0251
140574,1.7229,2.0509
140575,1.7229,2.0864
140576,1.7302,2.1041
140577,1.7270,2.1025
140578,1.7286,2.1017
140579,1.7286,2.0815
140580,1.7270,2.0622
140581,1.7262,2.0549
140582,1.7286,2.0469
140583,1.7229,2.0259
140584,1.7253,2.0122
140585,1.7221,1.9937
140586,1.7197,1.9808
140587,1.7229,1.9768
140588,1.7157,1.9913
140589,1.7229,2.0114
140590,1.7253,2.0316
140591,1.7237,2.0622
140592,1.7245,2.0896
140593,1.7286,2.1017
140594,1.7286,2.1041
140595,1.7286,2.0944
140596,1.7286,2.0815
140597,1.7253,2.0622
140598,1.7253,2.0525
140599,1.7278,2.0372
140600,1.7270,2.0227
140601,1.7253,2.0034
140602,1.7149,1.9897
140603,1.7165,1.9985
140604,1.7157,1.9784
140605,1.7173,1.9873
140606,1.7173,2.0114
140607,1.7157,2.0421
140608,1.7237,2.0622
140609,1.7221,2.0944
140610,1.7286,2.1017
140611,1.7294,2.1017
140612,1.7278,2.1017
140613,1.7262,2.0622
140614,1.7286,2.0622
140615,1.7326,2.0501
140616,1.7237,2.0316
140617,1.7253,2.0235
140618,1.7205,2.0066
140619,1.7173,1.9897
140620,1.7165,1.9744
140621,1.7181,1.9824
140622,1.7205,2.0001
140623,1.7197,2.0259
140624,1.7189,2.0582
140625,1.7221,2.0960
140626,1.7253,2.1299
140627,1.7253,2.1452
140628,1.7302,2.1508
140629,1.7318,2.1444
140630,1.7286,2.1396
140631,1.7334,2.1194
140632,1.7302,2.1089
140633,1.7342,2.0872
140634,1.7294,2.0622
140635,1.7237,2.0509
140636,1.7237,2.0404
140637,1.7326,2.0364
140638,1.7262,2.0493
140639,1.7262,2.0622
140640,1.7262,2.0944
140641,1.7237,2.1251
140642,1.7286,2.1533
140643,1.7302,2.1823
140644,1.7318,2.2081
140645,1.7358,2.2169
140646,1.7318,2.2097
140647,1.7350,2.1976
140648,1.7350,2.1863
140649,1.7294,2.1670
140650,1.7318,2.1508
140651,1.7278,2.1323
140652,1.7302,2.1146
140653,1.7286,2.0993
140654,1.7286,2.1065
140655,1.7310,2.1226
140656,1.7245,2.1347
140657,1.7294,2.1589
140658,1.7286,2.1790
140659,1.7318,2.2081
140660,1.7302,2.2403
140661,1.7382,2.2693
140662,1.7326,2.2999
140663,1.7399,2.3120
140664,1.7431,2.3209
140665,1.7447,2.3080
140666,1.7519,2.2959
140667,1.7479,2.2798
140668,1.7479,2.2588
140669,1.7455,2.2387
140670,1.7503,2.2306
140671,1.7463,2.2330
140672,1.7511,2.2524
140673,1.7536,2.2669
140674,1.7536,2.2822
140675,1.7560,2.3032
140676,1.7536,2.3185
140677,1.7576,2.3410
140678,1.7576,2.3716
140679,1.7592,2.3853
140680,1.7656,2.4071
140681,1.7801,2.4103
140682,1.7721,2.3982
140683,1.7745,2.3934
140684,1.7745,2.3765
140685,1.7753,2.3539
140686,1.7769,2.3362
140687,1.7753,2.3338
140688,1.7769,2.3378
140689,1.7785,2.3394
140690,1.7801,2.3676
140691,1.7818,2.3813
140692,1.7810,2.3942
140693,1.7818,2.4095
140694,1.7834,2.4256
140695,1.7834,2.4458
140696,1.7866,2.4643
140697,1.7914,2.4909
140698,1.7922,2.5022
140699,1.7963,2.5046
140700,1.8051,2.4990
140701,1.8043,2.4716
140702,1.8092,2.4490
140703,1.8092,2.4369
140704,1.8108,2.4361
140705,1.8132,2.4498
140706,1.8164,2.4490
140707,1.8156,2.4635
140708,1.8148,2.4748
140709,1.8156,2.4941
140710,1.8188,2.5103
140711,1.8180,2.5280
140712,1.8204,2.5481
140713,1.8188,2.5626
140714,1.8204,2.5788
140715,1.8285,2.5876
140716,1.8382,2.5715
140717,1.8422,2.5554
140718,1.8430,2.5344
140719,1.8438,2.5062
140720,1.8478,2.4958
140721,1.8478,2.4998
140722,1.8470,2.5046
140723,1.8511,2.5143
140724,1.8495,2.5272
140725,1.8543,2.5393
140726,1.8543,2.5538
140727,1.8551,2.5739
140728,1.8696,2.5916
140729,1.8559,2.6062
140730,1.8551,2.5796
140731,1.8583,2.6319
140732,1.8648,2.6247
140733,1.8696,2.6037
140734,1.8696,2.5812
140735,1.8672,2.5538
140736,1.8623,2.5264
140737,1.8680,2.5256
140738,1.8696,2.5232
140739,1.8672,2.5328
140740,1.8664,2.5401
140741,1.8623,2.5514
140742,1.8567,2.5667
140743,1.8696,2.5844
140744,1.8648,2.6013
140745,1.8648,2.6199
140746,1.8623,2.6432
140747,1.8768,2.6481
140748,1.8688,2.6408
140749,1.8696,2.6303
140750,1.8704,2.6021
140751,1.8696,2.5779
140752,1.8785,2.5497
140753,1.8672,2.5280
140754,1.8696,2.5175
140755,1.8672,2.5215
140756,1.8696,2.5328
140757,1.8696,2.5449
140758,1.8696,2.5651
140759,1.8688,2.5707
140760,1.8696,2.5916
140761,1.8632,2.6126
140762,1.8623,2.6126
140763,1.8688,2.6432
140764,1.8672,2.6521
140765,1.8696,2.6424
140766,1.8704,2.6150
140767,1.8720,2.5925
140768,1.8680,2.5618
140769,1.8696,2.5320
140770,1.8696,2.5143
140771,1.8607,2.5119
140772,1.8656,2.5223
140773,1.8656,2.5312
140774,1.8648,2.5401
140775,1.8648,2.5602
140776,1.8680,2.5820
140777,1.8648,2.5933
140778,1.8438,2.6142
140779,1.8817,2.6303
140780,1.8736,2.6424
140781,1.8688,2.6336
140782,1.8688,2.6166
140783,1.8768,2.5925
140784,1.8696,2.5715
140785,1.8535,2.5360
140786,1.8696,2.5159
140787,1.8607,2.4941
140788,1.8752,2.4941
140789,1.8615,2.5103
140790,1.8640,2.5223
140791,1.8640,2.5385
140792,1.8623,2.5514
140793,1.8664,2.5771
140794,1.8591,2.5916
140795,1.8640,2.6118
140796,1.8640,2.6247
140797,1.8648,2.6279
140798,1.8704,2.6126
140799,1.8720,2.5900
140800,1.8736,2.5642
140801,1.8688,2.5401
140802,1.8696,2.5143
140803,1.8688,2.4885
140804,1.8656,2.4869
140805,1.8607,2.4748
140806,1.8648,2.4901
140807,1.8519,2.5054
140808,1.8648,2.5280
140809,1.8656,2.5425
140810,1.8688,2.5651
140811,1.8648,2.5908
140812,1.8632,2.6021
140813,1.8712,2.6053
140814,1.8696,2.5876
140815,1.8688,2.5747
140816,1.8696,2.5505
140817,1.8680,2.5256
140818,1.8688,2.5006
140819,1.8696,2.4675
140820,1.8656,2.4474
140821,1.8623,2.4410
140822,1.8583,2.4474
140823,1.8591,2.4627
140824,1.8623,2.4748
140825,1.8591,2.5006
140826,1.8607,2.5280
140827,1.8865,2.5409
140828,1.8583,2.5659
140829,1.8656,2.5707
140830,1.8672,2.5675
140831,1.8720,2.5522
140832,1.8736,2.5280
140833,1.8696,2.5070
140834,1.8720,2.4748
140835,1.8696,2.4514
140836,1.8623,2.4240
140837,1.8599,2.4063
140838,1.8640,2.4031
140839,1.8478,2.4200
140840,1.8575,2.4297
140841,1.8623,2.4506
140842,1.8623,2.4740
140843,1.8623,2.4958
140844,1.8615,2.5199
140845,1.8656,2.5304
140846,1.8656,2.5344
140847,1.8728,2.5143
140848,1.8720,2.5038
140849,1.8712,2.4748
140850,1.8696,2.4506
140851,1.8664,2.4321
140852,1.8672,2.4055
140853,1.8648,2.3813
140854,1.8591,2.3813
140855,1.8615,2.3773
140856,1.8640,2.3942
140857,1.8623,2.4111
140858,1.8656,2.4393
140859,1.8607,2.4555
140860,1.8607,2.4740
140861,1.8648,2.4974
140862,1.8688,2.5062
140863,1.8696,2.4998
140864,1.8688,2.4845
140865,1.8712,2.4643
140866,1.8704,2.4442
140867,1.8696,2.4224
140868,1.8559,2.3950
140869,1.8640,2.3741
140870,1.8623,2.3523
140871,1.8599,2.3491
140872,1.8607,2.3588
140873,1.8567,2.3716
140874,1.8607,2.3910
140875,1.8583,2.4136
140876,1.8567,2.4369
140877,1.8559,2.4595
140878,1.8575,2.4740
140879,1.8656,2.4732
140880,1.8696,2.4651
140881,1.8720,2.4474
140882,1.8696,2.4168
140883,1.8704,2.4095
140884,1.8688,2.3862
140885,1.8680,2.3636
140886,1.8623,2.3394
140887,1.8438,2.3225
140888,1.8615,2.3281
140889,1.8615,2.3386
140890,1.8559,2.3588
140891,1.8640,2.3781
140892,1.8567,2.3990
140893,1.8567,2.4200
140894,1.8575,2.4369
140895,1.8656,2.4369
140896,1.8704,2.4281
140897,1.8768,2.4071
140898,1.8760,2.3942
140899,1.8857,2.3741
140900,1.8768,2.3571
140901,1.8591,2.3338
140902,1.8817,2.3104
140903,1.8744,2.2951
140904,1.8704,2.2822
140905,1.8704,2.2846
140906,1.8736,2.3040
140907,1.8704,2.3201
140908,1.8704,2.3418
140909,1.8720,2.3539
140910,1.8752,2.3878
140911,1.8712,2.4007
140912,1.8752,2.3982
140913,1.8744,2.3853
140914,1.8704,2.3716
140915,1.8648,2.3539
140916,1.8656,2.3338
140917,1.8656,2.3152
140918,1.8567,2.2895
140919,1.8551,2.2701
140920,1.8559,2.2564
140921,1.8430,2.2467
140922,1.8567,2.2564
140923,1.8446,2.2685
140924,1.8591,2.2854
140925,1.8511,2.3096
140926,1.8446,2.3378
140927,1.8535,2.3620
140928,1.8527,2.3588
140929,1.8543,2.3539
140930,1.8527,2.3499
140931,1.8519,2.3265
140932,1.8495,2.3088
140933,1.8438,2.2854
140934,1.8430,2.2685
140935,1.8414,2.2492
140936,1.8414,2.2306
140937,1.8390,2.2129
140938,1.8366,2.2161
140939,1.8349,2.2177
140940,1.8301,2.2387
140941,1.8349,2.2621
140942,1.8293,2.2822
140943,1.8390,2.3080
140944,1.8366,2.3096
140945,1.8414,2.3064
140946,1.8438,2.2959
140947,1.8430,2.2822
140948,1.8358,2.2782
140949,1.8398,2.2419
140950,1.8349,2.2306
140951,1.8285,2.2073
140952,1.8196,2.1782
140953,1.8253,2.1750
140954,1.8269,2.1573
140955,1.8164,2.1605
140956,1.8180,2.1718
140957,1.8180,2.1944
140958,1.8180,2.2137
140959,1.8196,2.2419
140960,1.8237,2.2459
140961,1.8221,2.2403
140962,1.8277,2.2314
140963,1.8293,2.2185
140964,1.8285,2.2266
140965,1.8204,2.1879
140966,1.8196,2.1662
140967,1.8180,2.1420
140968,1.8092,2.1315
140969,1.8108,2.1138
140970,1.8108,2.0936
140971,1.8075,2.0944
140972,1.8140,2.1017
140973,1.8075,2.1275
140974,1.8043,2.1460
140975,1.8051,2.1678
140976,1.8108,2.2177
140977,1.8059,2.2121
140978,1.8051,2.2056
140979,1.8043,2.1944
140980,1.8043,2.1847
140981,1.8011,2.1653
140982,1.7995,2.1516
140983,1.7995,2.1476
140984,1.7995,2.1146
140985,1.7963,2.1001
140986,1.7930,2.0622
140987,1.7914,2.0622
140988,1.7914,2.0622
140989,1.7914,2.0993
140990,1.7842,2.1122
140991,1.7906,2.1420
140992,1.7914,2.1678
140993,1.7914,2.1782
140994,1.7922,2.1686
140995,1.7947,2.1637
140996,1.7922,2.1525
140997,1.7930,2.1363
140998,1.7914,2.1146
140999,1.7850,2.1025
141000,1.7818,2.0840
141001,1.7842,2.0622
141002,1.7769,2.0429
141003,1.7761,2.0130
141004,1.7721,2.0251
141005,1.7689,2.0412
141006,1.7673,2.0622
141007,1.7721,2.0856
141008,1.7745,2.1146
141009,1.7753,2.1363
141010,1.7785,2.1428
141011,1.7777,2.1533
141012,1.7769,2.1267
141013,1.7850,2.1186
141014,1.7753,2.1009
141015,1.7745,2.0880
141016,1.7713,2.0622
141017,1.7737,2.0501
141018,1.7713,2.0324
141019,1.7664,2.0227
141020,1.7640,2.0090
141021,1.7640,2.0114
141022,1.7616,2.0203
141023,1.7616,2.0517
141024,1.7640,2.0888
141025,1.7664,2.1218
141026,1.7705,2.1339
141027,1.7689,2.1315
141028,1.7697,2.1234
141029,1.7745,2.1146
141030,1.7664,2.1138
141031,1.7664,2.0888
141032,1.7681,2.0622
141033,1.7656,2.0525
141034,1.7648,2.0380
141035,1.7632,2.0251
141036,1.7592,2.0074
141037,1.7536,2.0098
141038,1.7544,2.0098
141039,1.7576,2.0300
141040,1.7576,2.0533
141041,1.7576,2.0936
141042,1.7640,2.1154
141043,1.7608,2.1226
141044,1.7673,2.1218
141045,1.7664,2.1202
141046,1.7664,2.1186
141047,1.7608,2.0622
141048,1.7632,2.0622
141049,1.7584,2.0541
141050,1.7560,2.0461
141051,1.7552,2.0243
141052,1.7544,2.0122
141053,1.7527,1.9993
141054,1.7447,1.9985
141055,1.7479,2.0155
141056,1.7495,2.0332
141057,1.7544,2.0614
141058,1.7544,2.0952
141059,1.7568,2.1041
141060,1.7624,2.1154
141061,1.7592,2.1170
141062,1.7584,2.1041
141063,1.7624,2.0977
141064,1.7648,2.0832
141065,1.7544,2.0574
141066,1.7576,2.0501
141067,1.7552,2.0412
141068,1.7536,2.0147
141069,1.7519,1.9969
141070,1.7479,1.9889
141071,1.7503,1.9985
141072,1.7431,2.0155
141073,1.7463,2.0453
141074,1.7479,2.0622
141075,1.7552,2.1041
141076,1.7527,2.1114
141077,1.7584,2.1259
141078,1.7608,2.1218
141079,1.7584,2.1138
141080,1.7624,2.0936
141081,1.7576,2.0622
141082,1.7511,2.0622
141083,1.7552,2.0501
141084,1.7536,2.0348
141085,1.7527,2.0243
141086,1.7463,2.0074
141087,1.7519,2.0106
141088,1.7415,2.0195
141089,1.7479,2.0549
141090,1.7423,2.0622
141091,1.7479,2.1049
141092,1.7503,2.1275
141093,1.7544,2.1388
141094,1.7560,2.1404
141095,1.7592,2.1283
141096,1.7536,2.1275
141097,1.7487,2.1138
141098,1.7527,2.0968
141099,1.7544,2.0606
141100,1.7527,2.0614
141101,1.7519,2.0372
141102,1.7463,2.0259
141103,1.7415,2.0187
141104,1.7447,2.0243
141105,1.7463,2.0412
141106,1.7479,2.0622
141107,1.7447,2.0985
141108,1.7536,2.1275
141109,1.7503,2.1500
141110,1.7592,2.1557
141111,1.7584,2.1460
141112,1.7560,2.1379
141113,1.7544,2.1275
141114,1.7544,2.1073
141115,1.7536,2.1009
141116,1.7560,2.0622
141117,1.7495,2.0541
141118,1.7455,2.0421
141119,1.7495,2.0243
141120,1.7463,2.0243
141121,1.7463,2.0243
141122,1.7423,2.0501
141123,1.7447,2.0622
141124,1.7495,2.1130
141125,1.7479,2.1396
141126,1.7511,2.1629
141127,1.7536,2.1694
141128,1.7536,2.1557
141129,1.7576,2.1573
141130,1.7584,2.1460
141131,1.7560,2.1275
141132,1.7511,2.1114
141133,1.7544,2.0888
141134,1.7552,2.0622
141135,1.7536,2.0525
141136,1.7527,2.0461
141137,1.7511,2.0549
141138,1.7439,2.0622
141139,1.7479,2.0864
141140,1.7503,2.1202
141141,1.7463,2.1516
141142,1.7511,2.1742
141143,1.7552,2.2089
141144,1.7664,2.2201
141145,1.7616,2.2177
141146,1.7399,2.2073
141147,1.7616,2.1944
141148,1.7648,2.1807
141149,1.7552,2.1605
141150,1.7576,2.1476
141151,1.7584,2.1299
141152,1.7608,2.1122
141153,1.7584,2.1097
141154,1.7568,2.1146
141155,1.7536,2.1379
141156,1.7552,2.1444
141157,1.7576,2.1653
141158,1.7536,2.1815
141159,1.7584,2.2064
141160,1.7592,2.2290
141161,1.7624,2.2475
141162,1.7664,2.2669
141163,1.7640,2.2838
141164,1.7656,2.3064
141165,1.7664,2.3193
141166,1.7673,2.3354
141167,1.7664,2.3523
141168,1.7664,2.3636
141169,1.7705,2.3853
141170,1.7431,2.3853
141171,1.7721,2.4095
141172,1.7705,2.4095
141173,1.7713,2.4160
141174,1.7681,2.4240
141175,1.7745,2.4361
141176,1.7769,2.4434
141177,1.7737,2.4547
141178,1.7793,2.4627
141179,1.7785,2.4659
141180,1.7753,2.4748
141181,1.7810,2.4885
141182,1.7785,2.4933
141183,1.7810,2.5030
141184,1.7810,2.5070
141185,1.7850,2.5167
141186,1.7801,2.5199
141187,1.7874,2.5280
141188,1.7826,2.5377
141189,1.7850,2.5401
141190,1.7850,2.5441
141191,1.7882,2.5546
141192,1.7842,2.5546
141193,1.7898,2.5610
141194,1.7882,2.5659
141195,1.7898,2.5683
141196,1.7882,2.5755
141197,1.7914,2.5788
141198,1.7906,2.5820
141199,1.7882,2.5876
141200,1.7898,2.5868
141201,1.7906,2.5933
141202,1.7882,2.5941
141203,1.7882,2.6021
141204,1.7914,2.6086
141205,1.7914,2.6062
141206,1.7914,2.6118
141207,1.7882,2.6134
141208,1.7914,2.6166
141209,1.7914,2.6190
141210,1.7906,2.6247
141211,1.7906,2.6295
141212,1.7850,2.6303
141213,1.7914,2.6311
141214,1.7882,2.6384
141215,1.7906,2.6432
141216,1.7801,2.6400
141217,1.7922,2.6448
141218,1.7922,2.6456
141219,1.7882,2.6481
141220,1.7922,2.6505
141221,1.7922,2.6569
141222,1.7906,2.6569
141223,1.7914,2.6618
141224,1.7898,2.6706
141225,1.7914,2.6650
141226,1.8092,2.6674
141227,1.7938,2.6690
141228,1.7882,2.6714
141229,1.7898,2.6730
141230,1.7947,2.6730
141231,1.7922,2.6932
141232,1.7922,2.6795
141233,1.7930,2.6819
141234,1.7922,2.6827
141235,1.7922,2.6843
141236,1.7922,2.6835
141237,1.7826,2.6819
141238,1.7922,2.6924
141239,1.7938,2.6924
141240,1.7914,2.6924
141241,1.7971,2.6972
141242,1.7963,2.7037
141243,1.7947,2.6988
141244,1.7922,2.7029
141245,1.7938,2.7029
141246,1.8003,2.7101
141247,1.7922,2.7109
141248,1.8035,2.7133
141249,1.7914,2.7166
141250,1.7971,2.7149
141251,1.7930,2.7206
141252,1.7963,2.7206
141253,1.7938,2.7222
141254,1.7955,2.7206
141255,1.7922,2.7286
141256,1.7930,2.7319
141257,1.7947,2.7335
141258,1.7938,2.7327
141259,1.7947,2.7367
141260,1.7922,2.7375
141261,1.7930,2.7423
141262,1.7947,2.7464
141263,1.7938,2.7464
141264,1.7947,2.7488
141265,1.7963,2.7552
141266,1.7938,2.7585
141267,1.7922,2.7633
141268,1.7930,2.7794
141269,1.7955,2.7730
141270,1.7930,2.7802
141271,1.8003,2.7891
141272,1.7938,2.8068
141273,1.7922,2.7979
141274,1.7922,2.8068
141275,1.7938,2.8213
141276,1.8011,2.8237
141277,1.8084,2.8382
141278,1.7922,2.8479
141279,1.7963,2.8576
141280,1.7922,2.8713
141281,1.8003,2.8801
141282,1.7938,2.8874
141283,1.7971,2.9059
141284,1.7979,2.9221
141285,1.7922,2.9341
141286,1.8003,2.9503
141287,1.7979,2.9648
141288,1.7979,2.9777
141289,1.7777,2.9914
141290,1.7971,3.0051
141291,1.8027,3.0091
141292,1.8019,3.0341
141293,1.8027,3.0462
141294,1.8043,3.0478
141295,1.8011,3.0719
141296,1.7963,3.0816
141297,1.7995,3.0961
141298,1.7761,3.1090
141299,1.8011,3.1163
141300,1.7947,3.1324
141301,1.8027,3.1445
141302,1.8043,3.1469
141303,1.8059,3.1638
141304,1.8027,3.1727
141305,1.7979,3.1799
141306,1.7850,3.1888
141307,1.8075,3.2017
141308,1.8132,3.2105
141309,1.8108,3.2130
141310,1.8051,3.2210
141311,1.8124,3.2267
141312,1.8067,3.2420
141313,1.8027,3.2468
141314,1.8059,3.2516
141315,1.8043,3.2621
141316,1.8100,3.2670
141317,1.8084,3.2799
141318,1.8067,3.2879
141319,1.8124,3.2903
141320,1.8180,3.3000
141321,1.8108,3.3000
141322,1.8108,3.3000
141323,1.8164,3.3000
141324,1.8124,3.3000
141325,1.8156,3.3000
141326,1.8172,3.3000
141327,1.8156,3.3000
141328,1.8269,3.3000
141329,1.8132,3.3000
141330,1.8180,3.3000
141331,1.8156,3.3000
141332,1.8172,3.3000
141333,1.8108,3.3000
141334,1.8180,3.3000
141335,1.8180,3.3000
141336,1.8180,3.3000
141337,1.8180,3.3000
141338,1.8051,3.3000
141339,1.8180,3.3000
141340,1.8196,3.3000
141341,1.8059,3.3000
141342,1.8180,3.3000
141343,1.8180,3.3000
141344,1.8108,3.3000
141345,1.8221,3.3000
141346,1.8180,3.3000
141347,1.8212,3.3000
141348,1.8180,3.3000
141349,1.8221,3.3000
141350,1.8204,3.3000
141351,1.8180,3.3000
141352,1.8221,3.3000
141353,1.8221,3.3000
141354,1.8253,3.3000
141355,1.8204,3.3000
141356,1.8229,3.3000
141357,1.8229,3.3000
141358,1.8237,3.3000
141359,1.8261,3.3000
141360,1.8269,3.3000
141361,1.8221,3.3000
141362,1.8261,3.3000
141363,1.8253,3.3000
141364,1.8188,3.3000
141365,1.8261,3.3000
141366,1.8237,3.3000
141367,1.8317,3.3000
141368,1.8237,3.3000
141369,1.8204,3.3000
141370,1.8301,3.3000
141371,1.8309,3.3000
141372,1.8229,3.3000
141373,1.8309,3.3000
141374,1.8253,3.3000
141375,1.8285,3.3000
141376,1.8285,3.3000
141377,1.8261,3.3000
141378,1.8309,3.3000
141379,1.8309,3.3000
141380,1.8285,3.3000
141381,1.8390,3.3000
141382,1.8398,3.3000
141383,1.8269,3.3000
141384,1.8366,3.3000
141385,1.8309,3.3000
141386,1.8366,3.3000
141387,1.8349,3.3000
141388,1.8333,3.3000
141389,1.8309,3.3000
141390,1.8382,3.3000
141391,1.8390,3.3000
141392,1.8341,3.3000
141393,1.8333,3.3000
141394,1.8366,3.3000
141395,1.8301,3.3000
141396,1.8285,3.3000
141397,1.8341,3.3000
141398,1.8406,3.3000
141399,1.8366,3.3000
141400,1.8414,3.3000
141401,1.8309,3.3000
141402,1.8382,3.3000
141403,1.8430,3.3000
141404,1.8406,3.3000
141405,1.8366,3.3000
141406,1.8390,3.3000
141407,1.8317,3.3000
141408,1.8438,3.3000
141409,1.8285,3.3000
141410,1.8390,3.3000
141411,1.8382,3.3000
141412,1.8358,3.3000
141413,1.8430,3.3000
141414,1.8438,3.3000
141415,1.8438,3.3000
141416,1.8382,3.3000
141417,1.8422,3.3000
141418,1.8390,3.3000
141419,1.8366,3.3000
141420,1.8438,3.3000
141421,1.8454,3.3000
141422,1.8406,3.3000
141423,1.8382,3.3000
141424,1.8438,3.3000
141425,1.8438,3.3000
141426,1.8430,3.3000
141427,1.8438,3.3000
141428,1.8406,3.3000
141429,1.8422,3.3000
141430,1.8478,3.3000
141431,1.8486,3.3000
141432,1.8478,3.3000
141433,1.8495,3.3000
141434,1.8430,3.3000
141435,1.8495,3.3000
141436,1.8454,3.3000
141437,1.8495,3.3000
141438,1.8478,3.3000
141439,1.8438,3.3000
141440,1.8478,3.3000
141441,1.8559,3.3000
141442,1.8478,3.3000
141443,1.8503,3.3000
141444,1.8511,3.3000
141445,1.8543,3.3000
141446,1.8470,3.3000
141447,1.8519,3.3000
141448,1.8438,3.3000
141449,1.8358,3.3000
141450,1.8478,3.3000
141451,1.8478,3.3000
141452,1.8567,3.3000
141453,1.8495,3.3000
141454,1.8511,3.3000
141455,1.8559,3.3000
141456,1.8551,3.3000
141457,1.8551,3.3000
141458,1.8551,3.3000
141459,1.8551,3.3000
141460,1.8478,3.3000
141461,1.8559,3.3000
141462,1.8583,3.3000
141463,1.8535,3.3000
141464,1.8527,3.3000
141465,1.8535,3.3000
141466,1.8543,3.3000
141467,1.8575,3.3000
141468,1.8607,3.3000
141469,1.8519,3.3000
141470,1.8551,3.3000
141471,1.8567,3.3000
141472,1.8656,3.3000
141473,1.8607,3.3000
141474,1.8567,3.3000
141475,1.8486,3.3000
141476,1.8462,3.3000
141477,1.8648,3.3000
141478,1.8591,3.3000
141479,1.8511,3.3000
141480,1.8591,3.3000
141481,1.8559,3.3000
141482,1.8559,3.3000
141483,1.8575,3.3000
141484,1.8591,3.3000
141485,1.8607,3.3000
141486,1.8607,3.3000
141487,1.8591,3.3000
141488,1.8567,3.3000
141489,1.8575,3.3000
141490,1.8567,3.3000
141491,1.8575,3.3000
141492,1.8599,3.3000
141493,1.8575,3.3000
141494,1.8583,3.3000
141495,1.8583,3.2927
141496,1.8567,3.2879
141497,1.8591,3.2645
141498,1.8543,3.2549
141499,1.8623,3.2242
141500,1.8575,3.2154
141501,1.8591,3.1848
141502,1.8559,3.1590
141503,1.8583,3.1316
141504,1.8567,3.1130
141505,1.8672,3.1066
141506,1.8672,3.1018
141507,1.8640,3.0679
141508,1.8591,3.0993
141509,1.8583,3.1010
141510,1.8623,3.1018
141511,1.8567,3.1227
141512,1.8648,3.1147
141513,1.8583,3.1090
141514,1.8656,3.1195
141515,1.8623,3.1292
141516,1.8615,3.1324
141517,1.8623,3.1380
141518,1.8623,3.1429
141519,1.8583,3.1453
141520,1.8615,3.1533
141521,1.8607,3.1590
141522,1.8615,3.1703
141523,1.8615,3.1493
141524,1.8680,3.1872
141525,1.8543,3.1840
141526,1.8567,3.1920
141527,1.8607,3.1977
141528,1.8648,3.1985
141529,1.8615,3.2049
141530,1.8623,3.2178
141531,1.8575,3.2194
141532,1.8648,3.2218
141533,1.8623,3.2323
141534,1.8648,3.2347
141535,1.8648,3.2412
141536,1.8567,3.2363
141537,1.8640,3.2500
141538,1.8599,3.2492
141539,1.8615,3.2621
141540,1.8656,3.2194
141541,1.8656,3.2629
141542,1.8696,3.2621
141543,1.8672,3.2678
141544,1.8640,3.2742
141545,1.8672,3.2863
141546,1.8640,3.2807
141547,1.8664,3.2662
141548,1.8696,3.2790
141549,1.8672,3.2605
141550,1.8672,3.2887
141551,1.8688,3.2887
141552,1.8656,3.2927
141553,1.8656,3.2919
141554,1.8680,3.2927
141555,1.8664,3.2936
141556,1.8672,3.2984
141557,1.8656,3.2936
141558,1.8640,3.2903
141559,1.8672,3.2927
141560,1.8615,3.2968
141561,1.8696,3.2911
141562,1.8623,3.3000
141563,1.8648,3.3000
141564,1.8640,3.3000
141565,1.8696,3.2960
141566,1.8696,3.2936
141567,1.8712,3.2976
141568,1.8648,3.2952
141569,1.8648,3.2984
141570,1.8648,3.2984
141571,1.8648,3.2670
141572,1.8648,3.2774
141573,1.8656,3.2984
141574,1.8704,3.3000
141575,1.8696,3.2984
141576,1.8607,3.3000
141577,1.8672,3.2984
141578,1.8623,3.3000
141579,1.8648,3.2879
141580,1.8623,3.3000
141581,1.8696,3.2871
141582,1.8623,3.2710
141583,1.8696,3.2879
141584,1.8607,3.2774
141585,1.8648,3.2621
141586,1.8664,3.2468
141587,1.8656,3.2500
141588,1.8688,3.2420
141589,1.8656,3.2444
141590,1.8680,3.2251
141591,1.8656,3.2371
141592,1.8640,3.2122
141593,1.8599,3.2025
141594,1.8640,3.2170
141595,1.8648,3.1952
141596,1.8623,3.1872
141597,1.8656,3.1807
141598,1.8640,3.1791
141599,1.8623,3.1799
141600,1.8656,3.1646
141601,1.8680,3.1558
141602,1.8672,3.1566
141603,1.8640,3.1848
141604,1.8607,3.1421
141605,1.8648,3.1421
141606,1.8559,3.1372
141607,1.8640,3.1348
141608,1.8648,3.1332
141609,1.8648,3.1114
141610,1.8607,3.1163
141611,1.8575,3.1114
141612,1.8543,3.1058
141613,1.8567,3.1082
141614,1.8607,3.1082
141615,1.8575,3.1090
141616,1.8591,3.1066
141617,1.8591,3.0969
141618,1.8607,3.0961
141619,1.8591,3.0993
141620,1.8551,3.0921
141621,1.8495,3.0856
141622,1.8567,3.0873
141623,1.8583,3.0953
141624,1.8591,3.0848
141625,1.8535,3.0832
141626,1.8575,3.0832
141627,1.8648,3.0558
141628,1.8543,3.0808
141629,1.8519,3.0808
141630,1.8462,3.0816
141631,1.8583,3.0776
141632,1.8591,3.0808
141633,1.8495,3.0816
141634,1.8486,3.0768
141635,1.8527,3.0744
141636,1.8543,3.0727
141637,1.8478,3.0695
141638,1.8462,3.0760
141639,1.8511,3.0784
141640,1.8575,3.0727
141641,1.8527,3.0703
141642,1.8495,3.0800
141643,1.8559,3.0792
141644,1.8486,3.0719
141645,1.8478,3.0816
141646,1.8470,3.0760
141647,1.8559,3.0808
141648,1.8543,3.0752
141649,1.8519,3.0816
141650,1.8527,3.0816
141651,1.8478,3.0816
141652,1.8519,3.0824
141653,1.8511,3.0881
141654,1.8486,3.0929
141655,1.8519,3.0937
141656,1.8478,3.0969
141657,1.8527,3.1074
141658,1.8478,3.1074
141659,1.8495,3.1195
141660,1.8535,3.1275
141661,1.8527,3.1445
141662,1.8454,3.1501
141663,1.8543,3.1549
141664,1.8527,3.1775
141665,1.8511,3.1888
141666,1.8519,3.2025
141667,1.8551,3.2162
141668,1.8559,3.2315
141669,1.8543,3.2589
141670,1.8382,3.2549
141671,1.8470,3.2670
141672,1.8527,3.2807
141673,1.8543,3.2855
141674,1.8559,3.2992
141675,1.8495,3.3000
141676,1.8551,3.3000
141677,1.8486,3.3000
141678,1.8543,3.3000
141679,1.8511,3.3000
141680,1.8438,3.3000
141681,1.8478,3.3000
141682,1.8551,3.3000
141683,1.8462,3.3000
141684,1.8478,3.3000
141685,1.8519,3.3000
141686,1.8438,3.3000
141687,1.8470,3.3000
141688,1.8543,3.3000
141689,1.8486,3.3000
141690,1.8567,3.3000
141691,1.8543,3.3000
141692,1.8543,3.3000
141693,1.8535,3.3000
141694,1.8454,3.3000
141695,1.8519,3.3000
141696,1.8543,3.3000
141697,1.8567,3.3000
141698,1.8527,3.3000
141699,1.8519,3.3000
141700,1.8511,3.3000
141701,1.8543,3.3000
141702,1.8495,3.3000
141703,1.8543,3.3000
141704,1.8543,3.3000
141705,1.8559,3.3000
141706,1.8591,3.3000
141707,1.8519,3.3000
141708,1.8688,3.3000
141709,1.8527,3.3000
141710,1.8519,3.3000
141711,1.8535,3.3000
141712,1.8559,3.3000
141713,1.8495,3.3000
141714,1.8478,3.3000
141715,1.8551,3.3000
141716,1.8543,3.3000
141717,1.8519,3.3000
141718,1.8527,3.3000
141719,1.8551,3.3000
141720,1.8486,3.3000
141721,1.8454,3.3000
141722,1.8511,3.3000
141723,1.8495,3.3000
141724,1.8519,3.3000
141725,1.8495,3.3000
141726,1.8478,3.3000
141727,1.8527,3.3000
141728,1.8486,3.3000
141729,1.8462,3.3000
141730,1.8527,3.3000
141731,1.8543,3.3000
141732,1.8478,3.3000
141733,1.8478,3.3000
141734,1.8478,3.3000
141735,1.8495,3.3000
141736,1.8495,3.3000
141737,1.8454,3.3000
141738,1.8446,3.3000
141739,1.8486,3.3000
141740,1.8575,3.3000
141741,1.8486,3.3000
141742,1.8519,3.3000
141743,1.8462,3.3000
141744,1.8527,3.3000
141745,1.8478,3.3000
141746,1.8462,3.3000
141747,1.8511,3.3000
141748,1.8486,3.3000
141749,1.8478,3.3000
141750,1.8462,3.3000
141751,1.8495,3.3000
141752,1.8519,3.3000
141753,1.8495,3.3000
141754,1.8462,3.3000
141755,1.8446,3.3000
141756,1.8527,3.3000
141757,1.8478,3.3000
141758,1.8567,3.3000
141759,1.8462,3.3000
141760,1.8462,3.3000
141761,1.8478,3.3000
141762,1.8438,3.3000
141763,1.8567,3.3000
141764,1.8486,3.3000
141765,1.8511,3.3000
141766,1.8446,3.3000
141767,1.8486,3.3000
141768,1.8446,3.3000
141769,1.8559,3.3000
141770,1.8503,3.3000
141771,1.8495,3.3000
141772,1.8551,3.3000
141773,1.8495,3.3000
141774,1.8519,3.3000
141775,1.8446,3.3000
141776,1.8575,3.3000
141777,1.8527,3.3000
141778,1.8575,3.3000
141779,1.8519,3.3000
141780,1.8495,3.3000
141781,1.8543,3.3000
141782,1.8486,3.3000
141783,1.8551,3.3000
141784,1.8519,3.3000
141785,1.8511,3.3000
141786,1.8495,3.3000
141787,1.8527,3.3000
141788,1.8559,3.3000
141789,1.8543,3.3000
141790,1.8486,3.3000
141791,1.8486,3.3000
141792,1.8527,3.3000
141793,1.8559,3.3000
141794,1.8511,3.3000
141795,1.8527,3.3000
141796,1.8543,3.3000
141797,1.8559,3.3000
141798,1.8551,3.3000
141799,1.8583,3.3000
141800,1.8551,3.3000
141801,1.8559,3.3000
141802,1.8551,3.3000
141803,1.8768,3.3000
141804,1.8551,3.3000
141805,1.8454,3.3000
141806,1.8527,3.3000
141807,1.8527,3.3000
141808,1.8438,3.3000
141809,1.8422,3.3000
141810,1.8559,3.3000
141811,1.8551,3.3000
141812,1.8567,3.3000
141813,1.8543,3.3000
141814,1.8567,3.3000
141815,1.8543,3.3000
141816,1.8527,3.3000
141817,1.8575,3.3000
141818,1.8591,3.3000
141819,1.8527,3.3000
141820,1.8559,3.3000
141821,1.8567,3.3000
141822,1.8559,3.3000
141823,1.8527,3.3000
141824,1.8462,3.3000
141825,1.8559,3.3000
141826,1.8607,3.3000
141827,1.8543,3.3000
141828,1.8688,3.3000
141829,1.8551,3.3000
141830,1.8438,3.3000
141831,1.8527,3.3000
141832,1.8527,3.3000
141833,1.8567,3.3000
141834,1.8591,3.3000
141835,1.8575,3.3000
141836,1.8567,3.3000
141837,1.8559,3.3000
141838,1.8559,3.3000
141839,1.8543,3.3000
141840,1.8591,3.3000
141841,1.8519,3.3000
141842,1.8567,3.3000
141843,1.8575,3.3000
141844,1.8591,3.3000
141845,1.8615,3.3000
141846,1.8543,3.3000
141847,1.8583,3.3000
141848,1.8777,3.3000
141849,1.8551,3.3000
141850,1.8559,3.3000
141851,1.8720,3.3000
141852,1.8551,3.3000
141853,1.8744,3.3000
141854,1.8575,3.3000
141855,1.8559,3.3000
141856,1.8559,3.3000
141857,1.8559,3.3000
141858,1.8591,3.3000
141859,1.8486,3.3000
141860,1.8527,3.3000
141861,1.8567,3.3000
141862,1.8567,3.3000
141863,1.8688,3.3000
141864,1.8511,3.3000
141865,1.8575,3.3000
141866,1.8543,3.3000
141867,1.8559,3.3000
141868,1.8486,3.3000
141869,1.8615,3.3000
141870,1.8559,3.3000
141871,1.8607,3.3000
141872,1.8567,3.3000
141873,1.8430,3.3000
141874,1.8575,3.3000
141875,1.8567,3.3000
141876,1.8495,3.3000
141877,1.8551,3.3000
141878,1.8575,3.3000
141879,1.8623,3.3000
141880,1.8567,3.3000
141881,1.8575,3.3000
141882,1.8632,3.3000
141883,1.8607,3.3000
141884,1.8543,3.3000
141885,1.8623,3.3000
141886,1.8527,3.3000
141887,1.8535,3.3000
141888,1.8559,3.3000
141889,1.8551,3.3000
141890,1.8575,3.3000
141891,1.8551,3.3000
141892,1.8575,3.3000
141893,1.8599,3.3000
141894,1.8591,3.3000
141895,1.8559,3.3000
141896,1.8567,3.3000
141897,1.8583,3.3000
141898,1.8527,3.3000
141899,1.8527,3.3000
141900,1.8583,3.3000
141901,1.8511,3.3000
141902,1.8567,3.3000
141903,1.8567,3.3000
141904,1.8623,3.3000
141905,1.8575,3.3000
141906,1.8567,3.3000
141907,1.8607,3.3000
141908,1.8623,3.3000
141909,1.8446,3.3000
141910,1.8575,3.3000
141911,1.8559,3.3000
141912,1.8543,3.3000
141913,1.8664,3.3000
141914,1.8559,3.3000
141915,1.8535,3.3000
141916,1.8559,3.3000
141917,1.8615,3.3000
141918,1.8503,3.3000
141919,1.8567,3.3000
141920,1.8599,3.3000
141921,1.8527,3.3000
141922,1.8623,3.3000
141923,1.8495,3.3000
141924,1.8559,3.3000
141925,1.8551,3.3000
141926,1.8543,3.3000
141927,1.8551,3.3000
141928,1.8535,3.3000
141929,1.8591,3.3000
141930,1.8559,3.3000
141931,1.8607,3.3000
141932,1.8567,3.3000
141933,1.8567,3.3000
141934,1.8486,3.3000
141935,1.8583,3.3000
141936,1.8583,3.3000
141937,1.8567,3.3000
141938,1.8527,3.3000
141939,1.8575,3.3000
141940,1.8527,3.3000
141941,1.8486,3.3000
141942,1.8567,3.3000
141943,1.8527,3.3000
141944,1.8559,3.3000
141945,1.8519,3.3000
141946,1.8535,3.3000
141947,1.8527,3.3000
141948,1.8575,3.3000
141949,1.8567,3.3000
141950,1.8511,3.3000
141951,1.8567,3.3000
141952,1.8567,3.3000
141953,1.8575,3.3000
141954,1.8543,3.3000
141955,1.8527,3.3000
141956,1.8527,3.3000
141957,1.8527,3.3000
141958,1.8583,3.3000
141959,1.8446,3.3000
141960,1.8551,3.3000
141961,1.8486,3.3000
141962,1.8470,3.3000
141963,1.8454,3.3000
141964,1.8559,3.3000
141965,1.8527,3.3000
141966,1.8519,3.3000
141967,1.8478,3.3000
141968,1.8559,3.3000
141969,1.8519,3.3000
141970,1.8519,3.3000
141971,1.8527,3.3000
141972,1.8495,3.3000
141973,1.8454,3.3000
141974,1.8470,3.3000
141975,1.8543,3.3000
141976,1.8462,3.3000
141977,1.8519,3.3000
141978,1.8470,3.3000
141979,1.8486,3.3000
141980,1.8527,3.3000
141981,1.8527,3.3000
141982,1.8438,3.3000
141983,1.8454,3.3000
141984,1.8438,3.3000
141985,1.8470,3.3000
141986,1.8495,3.3000
141987,1.8486,3.3000
141988,1.8462,3.3000
141989,1.8462,3.3000
141990,1.8398,3.3000
141991,1.8446,3.3000
141992,1.8454,3.3000
141993,1.8438,3.3000
141994,1.8462,3.3000
141995,1.8438,3.3000
141996,1.8438,3.3000
141997,1.8438,3.3000
141998,1.8422,3.3000
141999,1.8414,3.3000
142000,1.8438,3.3000
142001,1.8414,3.3000
142002,1.8519,3.3000
142003,1.8422,3.3000
142004,1.8358,3.3000
142005,1.8422,3.3000
142006,1.8414,3.3000
142007,1.8430,3.3000
142008,1.8430,3.3000
142009,1.8438,3.3000
142010,1.8422,3.3000
142011,1.8366,3.3000
142012,1.8430,3.3000
142013,1.8414,3.3000
142014,1.8398,3.3000
142015,1.8406,3.3000
142016,1.8430,3.3000
142017,1.8422,3.3000
142018,1.8325,3.3000
142019,1.8398,3.3000
142020,1.8390,3.3000
142021,1.8349,3.3000
142022,1.8390,3.3000
142023,1.8366,3.3000
142024,1.8325,3.3000
142025,1.8358,3.3000
142026,1.8333,3.3000
142027,1.8325,3.3000
142028,1.8366,3.3000
142029,1.8398,3.3000
142030,1.8422,3.3000
142031,1.8366,3.3000
142032,1.8366,3.3000
142033,1.8285,3.3000
142034,1.8293,3.3000
142035,1.8341,3.3000
142036,1.8398,3.3000
142037,1.8293,3.3000
142038,1.8358,3.3000
142039,1.8382,3.3000
142040,1.8309,3.3000
142041,1.8349,3.3000
142042,1.8325,3.3000
142043,1.8285,3.3000
142044,1.8285,3.3000
142045,1.8317,3.3000
142046,1.8285,3.3000
142047,1.8253,3.3000
142048,1.8301,3.3000
142049,1.8325,3.3000
142050,1.8333,3.3000
142051,1.8325,3.3000
142052,1.8333,3.3000
142053,1.8277,3.3000
142054,1.8285,3.3000
142055,1.8261,3.3000
142056,1.8277,3.3000
142057,1.8204,3.3000
142058,1.8253,3.3000
142059,1.8301,3.3000
142060,1.8285,3.3000
142061,1.8253,3.3000
142062,1.8237,3.3000
142063,1.8293,3.3000
142064,1.8285,3.3000
142065,1.8285,3.3000
142066,1.8309,3.3000
142067,1.8309,3.3000
142068,1.8301,3.3000
142069,1.8285,3.3000
142070,1.8293,3.3000
142071,1.8269,3.3000
142072,1.8269,3.3000
142073,1.8285,3.3000
142074,1.8285,3.3000
142075,1.8261,3.3000
142076,1.8261,3.3000
142077,1.8253,3.3000
142078,1.8261,3.3000
142079,1.8221,3.3000
142080,1.8229,3.3000
142081,1.8237,3.3000
142082,1.8269,3.3000
142083,1.8196,3.3000
142084,1.8253,3.3000
142085,1.8180,3.3000
142086,1.8204,3.3000
142087,1.8261,3.2927
142088,1.8229,3.2790
142089,1.8180,3.2597
142090,1.8237,3.2484
142091,1.8269,3.2202
142092,1.8269,3.2105
142093,1.8188,3.1711
142094,1.8180,3.1791
142095,1.8164,3.1437
142096,1.8180,3.1461
142097,1.8172,3.1332
142098,1.8196,3.1219
142099,1.8132,3.1090
142100,1.8180,3.0953
142101,1.8148,3.0824
142102,1.8188,3.0993
142103,1.8172,3.0655
142104,1.8180,3.0518
142105,1.8180,3.0300
142106,1.8156,3.0252
142107,1.8180,3.0179
142108,1.8180,3.0075
142109,1.8164,2.9970
142110,1.8164,2.9922
142111,1.8156,2.9825
142112,1.8156,2.9744
142113,1.8180,2.9696
142114,1.8156,2.9632
142115,1.8132,2.9527
142116,1.8108,2.9438
142117,1.8140,2.9398
142118,1.8100,2.9309
142119,1.8124,2.9261
142120,1.8188,2.9196
142121,1.8156,2.9140
142122,1.8092,2.9051
142123,1.8059,2.9011
142124,1.8075,2.9003
142125,1.8156,2.8874
142126,1.8108,2.8810
142127,1.8100,2.8793
142128,1.8124,2.8801
142129,1.8124,2.8713
142130,1.8067,2.8624
142131,1.8059,2.8616
142132,1.8116,2.8519
142133,1.8164,2.8415
142134,1.8100,2.8447
142135,1.8108,2.8447
142136,1.8132,2.8350
142137,1.8100,2.8374
142138,1.8092,2.8358
142139,1.8067,2.8302
142140,1.8124,2.8245
142141,1.8075,2.8245
142142,1.8140,2.8237
142143,1.8108,2.8213
142144,1.8140,2.8213
142145,1.8092,2.8125
142146,1.8075,2.8262
142147,1.8092,2.8084
142148,1.8140,2.8028
142149,1.8075,2.8036
142150,1.8092,2.8020
142151,1.8108,2.7996
142152,1.8067,2.7988
142153,1.8092,2.8004
142154,1.8067,2.7971
142155,1.8067,2.7955
142156,1.8132,2.7931
142157,1.8067,2.7923
142158,1.8075,2.7842
142159,1.8075,2.7842
142160,1.8075,2.7842
142161,1.8059,2.7826
142162,1.8092,2.7834
142163,1.8092,2.7826
142164,1.8084,2.7834
142165,1.8075,2.7794
142166,1.8075,2.7794
142167,1.8059,2.7778
142168,1.8067,2.7722
142169,1.8100,2.7746
142170,1.8108,2.7730
142171,1.8043,2.7762
142172,1.8051,2.7714
142173,1.8092,2.7722
142174,1.8043,2.7714
142175,1.8075,2.7697
142176,1.8059,2.7722
142177,1.8100,2.7689
142178,1.8059,2.7681
142179,1.8075,2.7770
142180,1.8100,2.7593
142181,1.8092,2.7552
142182,1.8067,2.7649
142183,1.8108,2.7649
142184,1.8059,2.7641
142185,1.8108,2.7633
142186,1.8092,2.7641
142187,1.8092,2.7641
142188,1.8067,2.7577
142189,1.8027,2.7641
142190,1.8116,2.7641
142191,1.8051,2.7593
142192,1.8051,2.7601
142193,1.8100,2.7609
142194,1.8075,2.7601
142195,1.8067,2.7585
142196,1.8092,2.7673
142197,1.8027,2.7577
142198,1.8075,2.7617
142199,1.8092,2.7577
142200,1.8075,2.7609
142201,1.8100,2.7585
142202,1.8084,2.7568
142203,1.8051,2.7568
142204,1.8075,2.7585
142205,1.8100,2.7601
142206,1.8043,2.7593
142207,1.8100,2.7633
142208,1.8092,2.7585
142209,1.8075,2.7585
142210,1.8100,2.7568
142211,1.8140,2.7544
142212,1.8067,2.7552
142213,1.8124,2.7552
142214,1.8035,2.7552
142215,1.8043,2.7472
142216,1.8140,2.7593
142217,1.8092,2.7609
142218,1.8092,2.7593
142219,1.8075,2.7601
142220,1.8075,2.7552
142221,1.8084,2.7601
142222,1.8132,2.7585
142223,1.8003,2.7568
142224,1.8140,2.7609
142225,1.8092,2.7593
142226,1.8092,2.7577
142227,1.8156,2.7536
142228,1.8204,2.7343
142229,1.8059,2.7125
142230,1.8100,2.6779
142231,1.8075,2.6432
142232,1.8035,2.6070
142233,1.7979,2.5747
142234,1.7947,2.5409
142235,1.7938,2.5086
142236,1.7922,2.4748
142237,1.7882,2.4627
142238,1.7850,2.4603
142239,1.7898,2.4667
142240,1.7906,2.4853
142241,1.8011,2.4966
142242,1.7882,2.5103
142243,1.7922,2.5119
142244,1.7930,2.5030
142245,1.7947,2.4724
142246,1.7930,2.4595
142247,1.7914,2.4329
142248,1.7922,2.4071
142249,1.7922,2.3829
142250,1.7874,2.3555
142251,1.7818,2.3297
142252,1.7769,2.3080
142253,1.7769,2.2870
142254,1.7745,2.2878
142255,1.7753,2.2951
142256,1.7793,2.3128
142257,1.7793,2.3305
142258,1.7761,2.3426
142259,1.7818,2.3676
142260,1.7866,2.3676
142261,1.7842,2.3604
142262,1.7850,2.3442
142263,1.7793,2.3289
142264,1.7866,2.3080
142265,1.7834,2.2878
142266,1.7922,2.2685
142267,1.7721,2.2451
142268,1.7705,2.2250
142269,1.7721,2.2048
142270,1.7745,2.1968
142271,1.7673,2.2032
142272,1.7737,2.2153
142273,1.7689,2.2435
142274,1.7753,2.2564
142275,1.7753,2.2806
142276,1.7713,2.2927
142277,1.7793,2.2911
142278,1.7874,2.2878
142279,1.7801,2.2766
142280,1.7890,2.2564
142281,1.7753,2.2379
142282,1.7866,2.2218
142283,1.7737,2.2024
142284,1.7753,2.1790
142285,1.7697,2.1645
142286,1.7673,2.1508
142287,1.7713,2.1500
142288,1.7632,2.1533
142289,1.7648,2.1750
142290,1.7713,2.1968
142291,1.7689,2.2218
142292,1.7753,2.2492
142293,1.7769,2.2508
142294,1.7713,2.2556
142295,1.7818,2.2435
142296,1.7753,2.2306
142297,1.7793,2.2129
142298,1.7664,2.1919
142299,1.7761,2.1807
142300,1.7785,2.1533
142301,1.7689,2.1291
142302,1.7721,2.1089
142303,1.7673,2.0977
142304,1.7664,2.1017
142305,1.7681,2.1089
142306,1.7632,2.1259
142307,1.7656,2.1533
142308,1.7689,2.1815
142309,1.8027,2.2064
142310,1.7753,2.2201
142311,1.7753,2.2089
142312,1.7769,2.2040
142313,1.7777,2.1903
142314,1.7705,2.1718
142315,1.7745,2.1533
142316,1.7689,2.1331
142317,1.7721,2.1186
142318,1.7673,2.1017
142319,1.7681,2.0807
142320,1.7664,2.0622
142321,1.7624,2.0622
142322,1.7382,2.0912
142323,1.7544,2.1170
142324,1.7681,2.1476
142325,1.7681,2.1807
142326,1.7697,2.1428
142327,1.7721,2.2032
142328,1.7777,2.1976
142329,1.7761,2.1911
142330,1.7705,2.1718
142331,1.7785,2.1573
142332,1.7721,2.1444
142333,1.7753,2.1218
142334,1.7664,2.1065
142335,1.7664,2.0896
142336,1.7673,2.0622
142337,1.7648,2.0622
142338,1.7576,2.0622
142339,1.7648,2.0968
142340,1.7648,2.1251
142341,1.7705,2.1533
142342,1.7656,2.1782
142343,1.7689,2.1968
142344,1.7761,2.2008
142345,1.7785,2.1919
142346,1.7753,2.1847
142347,1.7753,2.1686
142348,1.7721,2.1452
142349,1.7664,2.1291
142350,1.7689,2.1122
142351,1.7753,2.1009
142352,1.7681,2.0622
142353,1.7624,2.0614
142354,1.7479,2.0622
142355,1.7664,2.0622
142356,1.7640,2.0993
142357,1.7664,2.1355
142358,1.7664,2.1589
142359,1.7664,2.1807
142360,1.7737,2.1919
142361,1.7737,2.1952
142362,1.7705,2.1831
142363,1.7777,2.1726
142364,1.7721,2.1541
142365,1.7721,2.1412
142366,1.7664,2.1275
142367,1.7721,2.1017
142368,1.7673,2.0888
142369,1.7624,2.0622
142370,1.7656,2.0558
142371,1.7681,2.0606
142372,1.7656,2.0799
142373,1.7664,2.1017
142374,1.7648,2.1379
142375,1.7536,2.1589
142376,1.7705,2.1887
142377,1.7689,2.1863
142378,1.7761,2.1790
142379,1.7729,2.1686
142380,1.7729,2.1573
142381,1.7721,2.1412
142382,1.7721,2.1267
142383,1.7705,2.1073
142384,1.7713,2.0888
142385,1.7648,2.0622
142386,1.7664,2.0525
142387,1.7608,2.0429
142388,1.7592,2.0590
142389,1.7584,2.0622
142390,1.7640,2.1065
142391,1.7648,2.1291
142392,1.7664,2.1557
142393,1.7664,2.1847
142394,1.7729,2.1944
142395,1.7753,2.1936
142396,1.7769,2.1823
142397,1.7664,2.1702
142398,1.7753,2.1516
142399,1.7689,2.1363
142400,1.7689,2.1275
142401,1.7898,2.1017
142402,1.7664,2.0622
142403,1.7681,2.0622
142404,1.7648,2.0622
142405,1.7681,2.0622
142406,1.7632,2.0993
142407,1.7624,2.1251
142408,1.7664,2.1541
142409,1.7673,2.1895
142410,1.7721,2.2129
142411,1.7705,2.2193
142412,1.7793,2.2201
142413,1.7753,2.2048
142414,1.7793,2.1710
142415,1.7801,2.1790
142416,1.7810,2.1653
142417,1.7785,2.1460
142418,1.7745,2.1533
142419,1.7721,2.1122
142420,1.7721,2.0985
142421,1.7713,2.0977
142422,1.7705,2.1146
142423,1.7624,2.1315
142424,1.7584,2.1581
142425,1.7705,2.1936
142426,1.7777,2.2306
142427,1.7777,2.2540
142428,1.7850,2.2580
142429,1.7850,2.2588
142430,1.7818,2.2451
142431,1.7922,2.2330
142432,1.7834,2.2193
142433,1.7777,2.1976
142434,1.7801,2.1750
142435,1.7834,2.1541
142436,1.7753,2.1388
142437,1.7769,2.1275
142438,1.7777,2.1347
142439,1.7721,2.1492
142440,1.7801,2.1686
142441,1.7793,2.2016
142442,1.7818,2.2347
142443,1.7810,2.2580
142444,1.7842,2.2830
142445,1.7882,2.2935
142446,1.7858,2.2935
142447,1.7914,2.2790
142448,1.7818,2.2637
142449,1.7842,2.2637
142450,1.7898,2.2250
142451,1.7842,2.2016
142452,1.7818,2.1831
142453,1.7810,2.1742
142454,1.7818,2.1637
142455,1.7769,2.1662
142456,1.7818,2.1790
142457,1.7801,2.2048
142458,1.7793,2.2314
142459,1.7850,2.2475
142460,1.7834,2.2733
142461,1.7850,2.3064
142462,1.7874,2.3096
142463,1.7947,2.2967
142464,1.7874,2.2830
142465,1.7914,2.2685
142466,1.7842,2.2532
142467,1.7890,2.2185
142468,1.7882,2.2089
142469,1.7769,2.1887
142470,1.7785,2.1662
142471,1.7745,2.1734
142472,1.7761,2.1823
142473,1.7777,2.2064
142474,1.7745,2.2161
142475,1.7818,2.2564
142476,1.7810,2.2814
142477,1.7850,2.3056
142478,1.7898,2.3160
142479,1.7963,2.3168
142480,1.8075,2.3168
142481,1.8124,2.2911
142482,1.8164,2.2822
142483,1.8204,2.2564
142484,1.8180,2.2435
142485,1.8253,2.2177
142486,1.8188,2.2024
142487,1.8229,2.1919
142488,1.8180,2.2032
142489,1.8204,2.2161
142490,1.8196,2.2306
142491,1.8261,2.2564
142492,1.8229,2.2798
142493,1.8269,2.3072
142494,1.8285,2.3338
142495,1.8301,2.3547
142496,1.8390,2.3596
142497,1.8438,2.3539
142498,1.8462,2.3314
142499,1.8486,2.3233
142500,1.8478,2.3080
142501,1.8438,2.2846
142502,1.8438,2.2685
142503,1.8438,2.2475
142504,1.8438,2.2484
142505,1.8438,2.2556
142506,1.8438,2.2677
142507,1.8438,2.2878
142508,1.8454,2.3104
142509,1.8454,2.3370
142510,1.8486,2.3644
142511,1.8462,2.3668
142512,1.8511,2.4063
142513,1.8575,2.4039
142514,1.8648,2.3942
142515,1.8640,2.3821
142516,1.8688,2.3684
142517,1.8672,2.3475
142518,1.8656,2.3241
142519,1.8615,2.3080
142520,1.8607,2.2846
142521,1.8559,2.2830
142522,1.8559,2.2943
142523,1.8607,2.3080
142524,1.8591,2.3338
142525,1.8672,2.3797
142526,1.8623,2.3829
142527,1.8607,2.4023
142528,1.8623,2.4410
142529,1.8696,2.4264
142530,1.8704,2.4377
142531,1.8712,2.4256
142532,1.8865,2.4095
142533,1.8801,2.3894
142534,1.8768,2.3708
142535,1.8752,2.3547
142536,1.8696,2.3297
142537,1.8768,2.3152
142538,1.8728,2.3152
142539,1.8696,2.3249
142540,1.8704,2.3483
142541,1.8736,2.3684
142542,1.8704,2.3910
142543,1.8696,2.4160
142544,1.8736,2.4377
142545,1.8736,2.4724
142546,1.8833,2.4627
142547,1.8857,2.4651
142548,1.8897,2.4458
142549,1.8914,2.4313
142550,1.8930,2.4087
142551,1.8914,2.3845
142552,1.8954,2.3596
142553,1.8841,2.3378
142554,1.8865,2.3297
142555,1.8777,2.3362
142556,1.8849,2.3507
142557,1.8833,2.3652
142558,1.8849,2.3870
142559,1.8825,2.4152
142560,1.8833,2.4410
142561,1.8873,2.4627
142562,1.8897,2.4740
142563,1.8962,2.4748
142564,1.8986,2.4716
142565,1.9042,2.4555
142566,1.9010,2.4321
142567,1.9010,2.4111
142568,1.8970,2.3902
142569,1.8994,2.3684
142570,1.8954,2.3467
142571,1.8954,2.3305
142572,1.8946,2.3426
142573,1.8905,2.3628
142574,1.8946,2.3813
142575,1.8954,2.4039
142576,1.8962,2.4305
142577,1.8954,2.4369
142578,1.8962,2.4708
142579,1.8970,2.4885
142580,1.9051,2.4748
142581,1.9099,2.4627
142582,1.9075,2.4458
142583,1.9107,2.4256
142584,1.9083,2.4055
142585,1.9059,2.3845
142586,1.8978,2.3612
142587,1.8978,2.3451
142588,1.9010,2.3426
142589,1.8978,2.3547
142590,1.8962,2.3668
142591,1.8954,2.3894
142592,1.8954,2.4127
142593,1.9010,2.4385
142594,1.8986,2.4619
142595,1.9010,2.4885
142596,1.9083,2.4829
142597,1.9139,2.4708
142598,1.9188,2.4538
142599,1.9179,2.4345
142600,1.9155,2.4119
142601,1.9155,2.3910
142602,1.9171,2.3716
142603,1.9099,2.3515
142604,1.9083,2.3338
142605,1.9107,2.3378
142606,1.9067,2.3499
142607,1.9042,2.3708
142608,1.9075,2.3934
142609,1.9083,2.4168
142610,1.9067,2.4410
142611,1.9107,2.4651
142612,1.9163,2.4708
142613,1.9228,2.4643
142614,1.9228,2.4611
142615,1.9212,2.4353
142616,1.9220,2.4192
142617,1.9260,2.3966
142618,1.9212,2.3853
142619,1.9212,2.3588
142620,1.9188,2.3354
142621,1.9099,2.3273
142622,1.9115,2.3346
142623,1.9123,2.3515
142624,1.9099,2.3708
142625,1.9155,2.3934
142626,1.9171,2.4192
142627,1.9123,2.4418
142628,1.9131,2.4643
142629,1.9220,2.4627
142630,1.9236,2.4587
142631,1.9300,2.4418
142632,1.9300,2.4248
142633,1.9341,2.4111
142634,1.9284,2.3853
142635,1.9292,2.3716
142636,1.9220,2.3467
142637,1.9212,2.3289
142638,1.9196,2.3281
142639,1.9196,2.3362
142640,1.9171,2.3596
142641,1.9188,2.3757
142642,1.9212,2.4039
142643,1.9171,2.4264
142644,1.9204,2.4490
142645,1.9236,2.4547
142646,1.9316,2.4490
142647,1.9357,2.4377
142648,1.9462,2.4200
142649,1.9429,2.4031
142650,1.9421,2.3894
142651,1.9421,2.3612
142652,1.9365,2.3442
142653,1.9357,2.3217
142654,1.9300,2.3152
142655,1.9268,2.3160
142656,1.9292,2.3289
142657,1.9316,2.3467
142658,1.9268,2.3725
142659,1.9228,2.3974
142660,1.9292,2.4232
142661,1.9333,2.4321
142662,1.9437,2.4385
142663,1.9526,2.4313
142664,1.9486,2.4184
142665,1.9550,2.4071
142666,1.9574,2.3902
142667,1.9526,2.3596
142668,1.9510,2.3459
142669,1.9510,2.3265
142670,1.9453,2.3080
142671,1.9453,2.3056
142672,1.9429,2.3080
142673,1.9405,2.3249
142674,1.9421,2.3467
142675,1.9429,2.3725
142676,1.9357,2.3990
142677,1.9413,2.4184
142678,1.9445,2.4281
142679,1.9429,2.4289
142680,1.9421,2.4224
142681,1.9413,2.4031
142682,1.9373,2.3870
142683,1.9316,2.3700
142684,1.9292,2.3475
142685,1.9220,2.3338
142686,1.9204,2.3104
142687,1.9155,2.2911
142688,1.9075,2.2903
142689,1.9091,2.2991
142690,1.9083,2.3177
142691,1.9083,2.3410
142692,1.9083,2.3652
142693,1.9091,2.3894
142694,1.9067,2.4111
142695,1.9107,2.4136
142696,1.9107,2.4079
142697,1.9075,2.3990
142698,1.9010,2.3829
142699,1.9042,2.3620
142700,1.9002,2.3442
142701,1.8946,2.3209
142702,1.8946,2.3056
142703,1.8897,2.2814
142704,1.8849,2.2709
142705,1.8825,2.2741
142706,1.8801,2.2846
142707,1.8801,2.3064
142708,1.8809,2.3289
142709,1.8817,2.3491
142710,1.8841,2.3781
142711,1.8841,2.3878
142712,1.8857,2.3894
142713,1.8849,2.3781
142714,1.8849,2.3628
142715,1.8809,2.3507
142716,1.8744,2.3297
142717,1.8752,2.3201
142718,1.8720,2.2911
142719,1.8696,2.2749
142720,1.8640,2.2564
142721,1.8623,2.2435
142722,1.8632,2.2524
142723,1.8575,2.2693
142724,1.8599,2.2862
142725,1.8599,2.3080
142726,1.8615,2.3338
142727,1.8688,2.3596
142728,1.8672,2.3813
142729,1.8688,2.3636
142730,1.8688,2.3539
142731,1.8696,2.3346
142732,1.8680,2.3201
142733,1.8672,2.3040
142734,1.8615,2.2838
142735,1.8567,2.2653
142736,1.8567,2.2459
142737,1.8543,2.2274
142738,1.8495,2.2210
142739,1.8438,2.2306
142740,1.8495,2.2459
142741,1.8527,2.2709
142742,1.8535,2.2935
142743,1.8543,2.3152
142744,1.8583,2.3233
142745,1.8591,2.3233
142746,1.8607,2.3128
142747,1.8607,2.3056
142748,1.8615,2.2870
142749,1.8559,2.2693
142750,1.8559,2.2492
142751,1.8559,2.2258
142752,1.8519,2.2137
142753,1.8470,2.2000
142754,1.8454,2.1790
142755,1.8438,2.1790
142756,1.8430,2.1927
142757,1.8438,2.2105
142758,1.8309,2.2322
142759,1.8543,2.2596
142760,1.8527,2.2685
142761,1.8519,2.2669
142762,1.8575,2.2580
142763,1.8559,2.2484
142764,1.8591,2.2322
142765,1.8519,2.2169
142766,1.8486,2.2048
142767,1.8462,2.1863
142768,1.8454,2.1645
142769,1.8406,2.1436
142770,1.8349,2.1275
142771,1.8349,2.1194
142772,1.8333,2.1275
142773,1.8317,2.1492
142774,1.8285,2.1710
142775,1.8454,2.2048
142776,1.8390,2.2282
142777,1.8430,2.2379
142778,1.8414,2.2427
142779,1.8366,2.2298
142780,1.8398,2.2169
142781,1.8382,2.2024
142782,1.8317,2.1863
142783,1.8349,2.1710
142784,1.8269,2.1500
142785,1.8269,2.1355
142786,1.8285,2.1154
142787,1.8180,2.1033
142788,1.8196,2.1105
142789,1.8075,2.1275
142790,1.8180,2.1500
142791,1.8221,2.1766
142792,1.8180,2.2040
142793,1.8293,2.2218
142794,1.8285,2.2185
142795,1.8301,2.2097
142796,1.8277,2.2032
142797,1.8261,2.1911
142798,1.8221,2.1774
142799,1.8277,2.1500
142800,1.8156,2.1331
142801,1.8156,2.1218
142802,1.8100,2.1009
142803,1.8132,2.0832
142804,1.8084,2.0864
142805,1.8067,2.0944
142806,1.8043,2.1130
142807,1.7979,2.1404
142808,1.8075,2.1686
142809,1.8100,2.1976
142810,1.8140,2.2048
142811,1.8180,2.2048
142812,1.8140,2.1968
142813,1.8140,2.1815
142814,1.8140,2.1702
142815,1.8164,2.1533
142816,1.8180,2.1331
142817,1.8092,2.1194
142818,1.8035,2.1017
142819,1.8051,2.0791
142820,1.8027,2.0622
142821,1.8051,2.0622
142822,1.7938,2.0888
142823,1.7922,2.1170
142824,1.8019,2.1428
142825,1.7963,2.1734
142826,1.8067,2.1976
142827,1.8293,2.2000
142828,1.8059,2.2048
142829,1.8027,2.1839
142830,1.8092,2.1742
142831,1.8027,2.1589
142832,1.8043,2.1412
142833,1.8043,2.1251
142834,1.8011,2.1130
142835,1.8051,2.0960
142836,1.7922,2.0622
142837,1.7922,2.0622
142838,1.7898,2.0799
142839,1.7914,2.0968
142840,1.7906,2.1259
142841,1.7906,2.1525
142842,1.7898,2.1831
142843,1.7963,2.1911
142844,1.7906,2.2000
142845,1.8067,2.1936
142846,1.8051,2.1823
142847,1.8051,2.1686
142848,1.8011,2.1516
142849,1.7963,2.1363
142850,1.7922,2.1154
142851,1.7834,2.1017
142852,1.7922,2.0622
142853,1.7898,2.0622
142854,1.7922,2.0622
142855,1.7834,2.0840
142856,1.7834,2.1041
142857,1.7842,2.1331
142858,1.7922,2.1573
142859,1.8035,2.1863
142860,1.7971,2.1968
142861,1.7971,2.1992
142862,1.7979,2.1903
142863,1.7979,2.1742
142864,1.7995,2.1589
142865,1.7930,2.1444
142866,1.7955,2.1275
142867,1.7922,2.1114
142868,1.7914,2.0936
142869,1.7898,2.0622
142870,1.7858,2.0872
142871,1.7826,2.0622
142872,1.7850,2.0872
142873,1.7818,2.1130
142874,1.7818,2.1347
142875,1.7842,2.1678
142876,1.7922,2.1895
142877,1.7947,2.1927
142878,1.7922,2.1960
142879,1.7922,2.1782
142880,1.8003,2.1645
142881,1.7922,2.1508
142882,1.7850,2.1275
142883,1.7874,2.1146
142884,1.7858,2.1009
142885,1.7810,2.0799
142886,1.7785,2.0541
142887,1.7753,2.0606
142888,1.7801,2.0622
142889,1.7737,2.0880
142890,1.7664,2.1154
142891,1.7753,2.1444
142892,1.7769,2.1726
142893,1.7898,2.1839
142894,1.7874,2.1879
142895,1.7890,2.1782
142896,1.7882,2.1750
142897,1.7930,2.1589
142898,1.7842,2.1420
142899,1.7898,2.1275
142900,1.7810,2.1138
142901,1.7818,2.0920
142902,1.7793,2.0622
142903,1.7834,2.0590
142904,1.7769,2.0606
142905,1.7737,2.0622
142906,1.7697,2.1017
142907,1.7785,2.1275
142908,1.7810,2.1589
142909,1.7930,2.1790
142910,1.7826,2.1927
142911,1.7874,2.1919
142912,1.7850,2.1831
142913,1.7898,2.1718
142914,1.7890,2.1581
142915,1.7898,2.1412
142916,1.7801,2.1251
142917,1.7834,2.1065
142918,1.7721,2.0944
142919,1.7793,2.0622
142920,1.7785,2.0872
142921,1.7769,2.0622
142922,1.7785,2.0928
142923,1.7761,2.1146
142924,1.7785,2.1404
142925,1.7818,2.1742
142926,1.7818,2.1976
142927,1.7842,2.2048
142928,1.7866,2.1960
142929,1.7842,2.2000
142930,1.7826,2.1879
142931,1.7882,2.1847
142932,1.7882,2.1533
142933,1.7890,2.1347
142934,1.7818,2.1194
142935,1.7850,2.1009
142936,1.7882,2.0896
142937,1.7785,2.0904
142938,1.7793,2.1033
142939,1.7834,2.1146
142940,1.7769,2.1533
142941,1.7801,2.1702
142942,1.7874,2.1960
142943,1.7906,2.2314
142944,1.7922,2.2524
142945,1.7922,2.2524
142946,1.7914,2.2435
142947,1.7979,2.2347
142948,1.7963,2.2161
142949,1.7930,2.2024
142950,1.7930,2.1815
142951,1.7947,2.1645
142952,1.7922,2.1428
142953,1.7906,2.1388
142954,1.7874,2.1412
142955,1.7906,2.1541
142956,1.7906,2.1766
142957,1.7914,2.2032
142958,1.7963,2.2282
142959,1.7922,2.2580
142960,1.7963,2.2870
142961,1.7971,2.3185
142962,1.7979,2.3475
142963,1.8003,2.3716
142964,1.8035,2.3999
142965,1.8156,2.4168
142966,1.8140,2.4385
142967,1.8180,2.4514
142968,1.8188,2.4651
142969,1.8188,2.4837
142970,1.8221,2.4998
142971,1.8261,2.4893
142972,1.8212,2.5070
142973,1.8317,2.5191
142974,1.8325,2.5296
142975,1.8309,2.5368
142976,1.8317,2.5417
142977,1.8349,2.5522
142978,1.8366,2.5779
142979,1.8358,2.5651
142980,1.8349,2.5683
142981,1.8325,2.5771
142982,1.8422,2.5868
142983,1.8341,2.5908
142984,1.8406,2.5925
142985,1.8414,2.6005
142986,1.8438,2.6070
142987,1.8406,2.6150
142988,1.8438,2.6086
142989,1.8438,2.6182
142990,1.8438,2.6263
142991,1.8430,2.6207
142992,1.8446,2.6319
142993,1.8454,2.6408
142994,1.8470,2.6408
142995,1.8486,2.6456
142996,1.8438,2.6432
142997,1.8438,2.6505
142998,1.8438,2.6569
142999,1.8438,2.6601
143000,1.8446,2.6650
143001,1.8478,2.6666
143002,1.8495,2.6642
143003,1.8454,2.6747
143004,1.8478,2.6690
143005,1.8543,2.6867
143006,1.8478,2.6843
143007,1.8462,2.6892
143008,1.8462,2.6859
143009,1.8495,2.7061
143010,1.8438,2.6948
143011,1.8495,2.7158
143012,1.8495,2.7004
143013,1.8454,2.7053
143014,1.8462,2.7061
143015,1.8486,2.7061
143016,1.8511,2.7166
143017,1.8462,2.7166
143018,1.8519,2.7190
143019,1.8478,2.7198
143020,1.8511,2.7158
143021,1.8438,2.7214
143022,1.8486,2.7214
143023,1.8486,2.7037
143024,1.8495,2.7286
143025,1.8495,2.7295
143026,1.8559,2.7311
143027,1.8462,2.7351
143028,1.8511,2.7351
143029,1.8527,2.7286
143030,1.8478,2.7415
143031,1.8486,2.7407
143032,1.8495,2.7407
143033,1.8519,2.7391
143034,1.8470,2.7464
143035,1.8527,2.7432
143036,1.8462,2.7456
143037,1.8478,2.7762
143038,1.8495,2.7472
143039,1.8495,2.7496
143040,1.8438,2.7520
143041,1.8478,2.7472
143042,1.8486,2.7722
143043,1.8511,2.7536
143044,1.8462,2.7544
143045,1.8551,2.7512
143046,1.8438,2.7577
143047,1.8535,2.7254
143048,1.8511,2.7577
143049,1.8519,2.7826
143050,1.8462,2.7625
143051,1.8446,2.7609
143052,1.8478,2.7633
143053,1.8495,2.7617
143054,1.8486,2.7593
143055,1.8486,2.7641
143056,1.8478,2.7673
143057,1.8462,2.7681
143058,1.8527,2.7714
143059,1.8478,2.7697
143060,1.8462,2.7673
143061,1.8535,2.7762
143062,1.8551,2.7722
143063,1.8519,2.7875
143064,1.8495,2.7738
143065,1.8438,2.7754
143066,1.8519,2.7762
143067,1.8511,2.7770
143068,1.8495,2.7762
143069,1.8519,2.7722
143070,1.8438,2.7834
143071,1.8495,2.7826
143072,1.8478,2.7834
143073,1.8495,2.7851
143074,1.8422,2.7883
143075,1.8462,2.7931
143076,1.8462,2.7923
143077,1.8438,2.8262
143078,1.8519,2.7875
143079,1.8495,2.7988
143080,1.8438,2.7979
143081,1.8454,2.7971
143082,1.8478,2.7988
143083,1.8511,2.7979
143084,1.8478,2.7979
143085,1.8519,2.7988
143086,1.8543,2.7988
143087,1.8543,2.8012
143088,1.8486,2.8052
143089,1.8495,2.8165
143090,1.8478,2.8092
143091,1.8543,2.8036
143092,1.8519,2.8108
143093,1.8462,2.8278
143094,1.8495,2.8181
143095,1.8478,2.8197
143096,1.8495,2.8270
143097,1.8535,2.8253
143098,1.8519,2.8390
143099,1.8495,2.8374
143100,1.8511,2.8382
143101,1.8495,2.8439
143102,1.8495,2.8495
143103,1.8559,2.8503
143104,1.8486,2.8608
143105,1.8495,2.8527
143106,1.8478,2.8664
143107,1.8478,2.8721
143108,1.8527,2.8761
143109,1.8446,2.8858
143110,1.8462,2.8874
143111,1.8543,2.9108
143112,1.8495,2.9132
143113,1.8486,2.9188
143114,1.8462,2.9317
143115,1.8543,2.9438
143116,1.8575,2.9527
143117,1.8454,2.9656
143118,1.8551,2.9768
143119,1.8583,2.9897
143120,1.8495,3.0042
143121,1.8543,3.0026
143122,1.8543,3.0292
143123,1.8567,3.0421
143124,1.8527,3.0558
143125,1.8543,3.0736
143126,1.8519,3.0832
143127,1.8583,3.0945
143128,1.8575,3.1122
143129,1.8559,3.1211
143130,1.8567,3.1251
143131,1.8583,3.1485
143132,1.8615,3.1606
143133,1.8575,3.1767
143134,1.8607,3.1848
143135,1.8567,3.1952
143136,1.8591,3.2122
143137,1.8623,3.2178
143138,1.8607,3.2242
143139,1.8656,3.2734
143140,1.8640,3.2549
143141,1.8664,3.2662
143142,1.8615,3.2710
143143,1.8591,3.2960
143144,1.8607,3.2968
143145,1.8607,3.2960
143146,1.8567,3.3000
143147,1.8591,3.3000
143148,1.8688,3.3000
143149,1.8656,3.3000
143150,1.8688,3.3000
143151,1.8672,3.3000
143152,1.8607,3.3000
143153,1.8640,3.3000
143154,1.8648,3.3000
143155,1.8623,3.3000
143156,1.8688,3.3000
143157,1.8696,3.3000
143158,1.8640,3.3000
143159,1.8696,3.3000
143160,1.8688,3.3000
143161,1.8680,3.3000
143162,1.8672,3.3000
143163,1.8648,3.3000
143164,1.8696,3.3000
143165,1.8712,3.3000
143166,1.8696,3.3000
143167,1.8672,3.3000
143168,1.8696,3.3000
143169,1.8696,3.3000
143170,1.8728,3.3000
143171,1.8704,3.3000
143172,1.8704,3.3000
143173,1.8688,3.3000
143174,1.8623,3.3000
143175,1.8696,3.3000
143176,1.8720,3.3000
143177,1.8712,3.3000
143178,1.8720,3.3000
143179,1.8688,3.3000
143180,1.8664,3.3000
143181,1.8704,3.3000
143182,1.8736,3.3000
143183,1.8712,3.3000
143184,1.8752,3.3000
143185,1.8744,3.3000
143186,1.8712,3.3000
143187,1.8720,3.3000
143188,1.8640,3.3000
143189,1.8704,3.3000
143190,1.8704,3.3000
143191,1.8752,3.3000
143192,1.8696,3.3000
143193,1.8728,3.3000
143194,1.8768,3.3000
143195,1.8744,3.3000
143196,1.8720,3.3000
143197,1.8736,3.3000
143198,1.8768,3.3000
143199,1.8752,3.3000
143200,1.8736,3.3000
143201,1.8752,3.3000
143202,1.8793,3.3000
143203,1.8785,3.3000
143204,1.8752,3.3000
143205,1.8785,3.3000
143206,1.8511,3.3000
143207,1.8785,3.3000
143208,1.8841,3.3000
143209,1.8817,3.3000
143210,1.8841,3.3000
143211,1.8760,3.3000
143212,1.8825,3.3000
143213,1.8801,3.3000
143214,1.8801,3.3000
143215,1.8849,3.3000
143216,1.8793,3.3000
143217,1.8817,3.3000
143218,1.8881,3.3000
143219,1.8849,3.3000
143220,1.8833,3.3000
143221,1.8785,3.3000
143222,1.8801,3.3000
143223,1.8873,3.3000
143224,1.8833,3.3000
143225,1.8841,3.3000
143226,1.8865,3.3000
143227,1.8881,3.3000
143228,1.8849,3.3000
143229,1.8905,3.3000
143230,1.8873,3.3000
143231,1.8881,3.3000
143232,1.8841,3.3000
143233,1.8857,3.3000
143234,1.8897,3.3000
143235,1.8849,3.3000
143236,1.8857,3.3000
143237,1.8865,3.3000
143238,1.8849,3.3000
143239,1.8897,3.3000
143240,1.8680,3.3000
143241,1.8946,3.3000
143242,1.8946,3.3000
143243,1.8946,3.3000
143244,1.8930,3.3000
143245,1.8865,3.3000
143246,1.8905,3.3000
143247,1.8930,3.3000
143248,1.8865,3.3000
143249,1.8970,3.3000
143250,1.8962,3.3000
143251,1.8938,3.3000
143252,1.8954,3.3000
143253,1.8946,3.3000
143254,1.8970,3.3000
143255,1.8914,3.3000
143256,1.8978,3.3000
143257,1.8954,3.3000
143258,1.8946,3.3000
143259,1.8930,3.3000
143260,1.8954,3.3000
143261,1.8994,3.3000
143262,1.8962,3.3000
143263,1.8970,3.3000
143264,1.9002,3.3000
143265,1.8954,3.3000
143266,1.8954,3.3000
143267,1.8986,3.3000
143268,1.8970,3.3000
143269,1.9051,3.3000
143270,1.8994,3.3000
143271,1.9034,3.3000
143272,1.9059,3.3000
143273,1.8978,3.3000
143274,1.9042,3.3000
143275,1.9091,3.3000
143276,1.9163,3.3000
143277,1.8994,3.3000
143278,1.9010,3.3000
143279,1.9042,3.3000
143280,1.9034,3.3000
143281,1.9083,3.3000
143282,1.9067,3.3000
143283,1.9067,3.3000
143284,1.9010,3.3000
143285,1.9059,3.3000
143286,1.9075,3.3000
143287,1.9099,3.3000
143288,1.9059,3.3000
143289,1.9091,3.3000
143290,1.9099,3.3000
143291,1.9083,3.3000
143292,1.9139,3.3000
143293,1.9123,3.3000
143294,1.9075,3.3000
143295,1.9099,3.3000
143296,1.9059,3.3000
143297,1.9155,3.3000
143298,1.9139,3.3000
143299,1.9075,3.3000
143300,1.9196,3.3000
143301,1.9123,3.3000
143302,1.9188,3.3000
143303,1.9051,3.3000
143304,1.9034,3.3000
143305,1.9026,3.3000
143306,1.9131,3.3000
143307,1.9163,3.3000
143308,1.9212,3.3000
143309,1.9139,3.3000
143310,1.9034,3.3000
143311,1.9155,3.3000
143312,1.9099,3.3000
143313,1.8946,3.3000
143314,1.9139,3.3000
143315,1.9188,3.3000
143316,1.9115,3.3000
143317,1.9196,3.3000
143318,1.9212,3.3000
143319,1.9204,3.3000
143320,1.9196,3.2774
143321,1.9212,3.2500
143322,1.8954,3.2202
143323,1.9196,3.1936
143324,1.9010,3.1582
143325,1.9212,3.1130
143326,1.9212,3.0695
143327,1.9188,3.0381
143328,1.9139,3.0204
143329,1.9107,3.0034
143330,1.9188,3.0042
143331,1.9389,2.9954
143332,1.9115,2.9938
143333,1.9365,2.9986
143334,1.9139,2.9962
143335,1.9123,3.0067
143336,1.9179,3.0188
143337,1.9171,3.0276
143338,1.9131,3.0228
143339,1.9155,3.0389
143340,1.9196,3.0470
143341,1.9131,3.0582
143342,1.9139,3.0663
143343,1.9212,3.0816
143344,1.9123,3.0856
143345,1.9260,3.0953
143346,1.9196,3.1066
143347,1.9196,3.1090
143348,1.9268,3.1187
143349,1.9139,3.1219
143350,1.9204,3.1340
143351,1.9188,3.1316
143352,1.9171,3.0985
143353,1.9212,3.1332
143354,1.9155,3.1372
143355,1.9196,3.1356
143356,1.9139,3.1074
143357,1.9188,3.1404
143358,1.9220,3.1356
143359,1.9163,3.1340
143360,1.9196,3.1332
143361,1.9188,3.1324
143362,1.9155,3.1332
143363,1.9171,3.1316
143364,1.9212,3.1227
143365,1.9220,3.1187
143366,1.9212,3.1074
143367,1.9139,3.1122
143368,1.9196,3.1082
143369,1.9212,3.1106
143370,1.9188,3.1098
143371,1.9212,3.1034
143372,1.9212,3.0558
143373,1.9163,3.1010
143374,1.9163,3.1235
143375,1.9163,3.0977
143376,1.9212,3.0945
143377,1.9155,3.0856
143378,1.9188,3.0599
143379,1.9188,3.0832
143380,1.9155,3.0897
143381,1.9365,3.0800
143382,1.9212,3.0744
143383,1.9139,3.0776
143384,1.9196,3.0703
143385,1.9171,3.0711
143386,1.9147,3.0695
143387,1.9139,3.0679
143388,1.9131,3.0607
143389,1.9212,3.0744
143390,1.9204,3.0558
143391,1.9131,3.0582
143392,1.9220,3.0582
143393,1.9212,3.0574
143394,1.9252,3.0574
143395,1.9188,3.0590
143396,1.9188,3.0518
143397,1.9179,3.0550
143398,1.9212,3.0526
143399,1.9171,3.0550
143400,1.9196,3.0486
143401,1.9276,3.0518
143402,1.9171,3.0510
143403,1.9196,3.0510
143404,1.9212,3.0333
143405,1.9171,3.0510
143406,1.9188,3.0542
143407,1.9179,3.0373
143408,1.9171,3.0470
143409,1.9107,3.0478
143410,1.9155,3.0647
143411,1.9188,3.0486
143412,1.9163,3.0486
143413,1.9236,3.0502
143414,1.9163,3.0768
143415,1.9139,3.0486
143416,1.9204,3.0486
143417,1.9196,3.0486
143418,1.9188,3.0526
143419,1.9212,3.0558
143420,1.9196,3.0510
143421,1.9123,3.0534
143422,1.9179,3.0558
143423,1.9212,3.0558
143424,1.9212,3.0518
143425,1.9163,3.0582
143426,1.9131,3.0590
143427,1.9171,3.1082
143428,1.9179,3.0599
143429,1.9163,3.0574
143430,1.9099,3.0615
143431,1.9188,3.0615
143432,1.9171,3.0639
143433,1.9171,3.0792
143434,1.9188,3.0478
143435,1.9212,3.0631
143436,1.9155,3.0768
143437,1.9107,3.0671
143438,1.9163,3.0695
143439,1.9155,3.0711
143440,1.9107,3.0744
143441,1.9155,3.0800
143442,1.9083,3.0470
143443,1.9115,3.0744
143444,1.9163,3.0768
143445,1.9163,3.0760
143446,1.9163,3.0816
143447,1.9139,3.0824
143448,1.9099,3.0816
143449,1.9115,3.0873
143450,1.9155,3.0744
143451,1.9155,3.1147
143452,1.9139,3.1130
143453,1.9123,3.0840
143454,1.9155,3.0824
143455,1.9163,3.0897
143456,1.9131,3.0873
143457,1.9139,3.0929
143458,1.9091,3.1372
143459,1.9131,3.0929
143460,1.9139,3.0945
143461,1.9196,3.1001
143462,1.9139,3.1074
143463,1.9107,3.0816
143464,1.9163,3.1074
143465,1.9115,3.1090
143466,1.9123,3.1179
143467,1.9107,3.1493
143468,1.9188,3.1340
143469,1.9131,3.1195
143470,1.9059,3.1122
143471,1.9131,3.1243
143472,1.9099,3.1211
143473,1.9107,3.1259
143474,1.9163,3.1308
143475,1.9067,3.1316
143476,1.9099,3.1340
143477,1.9123,3.1340
143478,1.9059,3.1380
143479,1.9091,3.1372
143480,1.9083,3.1412
143481,1.9083,3.1453
143482,1.9091,3.1437
143483,1.9107,3.1493
143484,1.9067,3.1461
143485,1.9091,3.1501
143486,1.9034,3.1501
143487,1.9075,3.1590
143488,1.9091,3.1743
143489,1.9107,3.1590
143490,1.9139,3.1606
143491,1.9067,3.1646
143492,1.9059,3.1719
143493,1.9091,3.1566
143494,1.9099,3.1985
143495,1.9075,3.2065
143496,1.9123,3.1872
143497,1.9042,3.1896
143498,1.9099,3.1888
143499,1.9010,3.1936
143500,1.9067,3.1968
143501,1.9107,3.1985
143502,1.9075,3.2073
143503,1.9091,3.1968
143504,1.9075,3.1888
143505,1.8978,3.2097
143506,1.9099,3.2033
143507,1.9107,3.2218
143508,1.9059,3.2307
143509,1.9067,3.2363
143510,1.9075,3.2533
143511,1.9059,3.2807
143512,1.9042,3.2766
143513,1.9026,3.2613
143514,1.9051,3.3000
143515,1.9010,3.3000
143516,1.9107,3.3000
143517,1.9083,3.3000
143518,1.9091,3.3000
143519,1.9075,3.3000
143520,1.9115,3.3000
143521,1.9083,3.3000
143522,1.9010,3.3000
143523,1.9002,3.3000
143524,1.9123,3.3000
143525,1.9034,3.3000
143526,1.9139,3.3000
143527,1.9091,3.3000
143528,1.9075,3.3000
143529,1.9075,3.3000
143530,1.9042,3.3000
143531,1.9107,3.3000
143532,1.9034,3.3000
143533,1.9091,3.3000
143534,1.9099,3.3000
143535,1.9026,3.3000
143536,1.9059,3.3000
143537,1.9075,3.3000
143538,1.9059,3.3000
143539,1.9042,3.3000
143540,1.9099,3.3000
143541,1.9059,3.3000
143542,1.9059,3.3000
143543,1.9099,3.3000
143544,1.9059,3.3000
143545,1.9115,3.3000
143546,1.9010,3.3000
143547,1.9083,3.3000
143548,1.9067,3.3000
143549,1.9083,3.3000
143550,1.9059,3.3000
143551,1.9075,3.3000
143552,1.9091,3.3000
143553,1.9034,3.3000
143554,1.9042,3.3000
143555,1.9075,3.3000
143556,1.9026,3.3000
143557,1.9075,3.3000
143558,1.9083,3.3000
143559,1.9026,3.3000
143560,1.9067,3.3000
143561,1.9059,3.3000
143562,1.9123,3.3000
143563,1.9026,3.3000
143564,1.9051,3.3000
143565,1.9026,3.3000
143566,1.9083,3.3000
143567,1.8994,3.3000
143568,1.9083,3.3000
143569,1.9002,3.3000
143570,1.9059,3.3000
143571,1.9091,3.3000
143572,1.9002,3.3000
143573,1.9075,3.3000
143574,1.9042,3.3000
143575,1.9051,3.3000
143576,1.9083,3.3000
143577,1.9051,3.3000
143578,1.9067,3.3000
143579,1.9067,3.3000
143580,1.9026,3.3000
143581,1.9042,3.3000
143582,1.9099,3.3000
143583,1.9059,3.3000
143584,1.8994,3.3000
143585,1.9099,3.3000
143586,1.9034,3.3000
143587,1.9059,3.3000
143588,1.9034,3.3000
143589,1.8986,3.3000
143590,1.9010,3.3000
143591,1.9042,3.3000
143592,1.9042,3.3000
143593,1.9010,3.3000
143594,1.9067,3.3000
143595,1.9059,3.3000
143596,1.9059,3.3000
143597,1.9026,3.3000
143598,1.8978,3.3000
143599,1.9075,3.3000
143600,1.9034,3.3000
143601,1.9002,3.3000
143602,1.8994,3.3000
143603,1.9010,3.3000
143604,1.9042,3.3000
143605,1.9059,3.3000
143606,1.9002,3.3000
143607,1.9091,3.3000
143608,1.9026,3.3000
143609,1.9034,3.3000
143610,1.8994,3.3000
143611,1.8986,3.3000
143612,1.8970,3.3000
143613,1.8954,3.3000
143614,1.9010,3.3000
143615,1.9034,3.3000
143616,1.9002,3.3000
143617,1.8954,3.3000
143618,1.9026,3.3000
143619,1.8954,3.3000
143620,1.8986,3.3000
143621,1.8978,3.3000
143622,1.8954,3.3000
143623,1.8962,3.3000
143624,1.9034,3.3000
143625,1.8954,3.3000
143626,1.8954,3.3000
143627,1.8962,3.3000
143628,1.8978,3.3000
143629,1.8962,3.3000
143630,1.8914,3.3000
143631,1.8962,3.3000
143632,1.8946,3.3000
143633,1.8994,3.3000
143634,1.8954,3.3000
143635,1.8954,3.3000
143636,1.8954,3.3000
143637,1.8881,3.3000
143638,1.8962,3.3000
143639,1.8954,3.3000
143640,1.8978,3.3000
143641,1.8954,3.3000
143642,1.8954,3.3000
143643,1.8994,3.3000
143644,1.8914,3.3000
143645,1.8954,3.3000
143646,1.8970,3.3000
143647,1.8954,3.3000
143648,1.8954,3.3000
143649,1.8954,3.3000
143650,1.9131,3.3000
143651,1.8970,3.3000
143652,1.8914,3.3000
143653,1.8954,3.3000
143654,1.8962,3.3000
143655,1.8962,3.3000
143656,1.8946,3.3000
143657,1.8946,3.3000
143658,1.8954,3.3000
143659,1.8946,3.3000
143660,1.8954,3.3000
143661,1.8897,3.3000
143662,1.8930,3.3000
143663,1.8873,3.3000
143664,1.8905,3.3000
143665,1.8938,3.3000
143666,1.8914,3.3000
143667,1.8881,3.3000
143668,1.8849,3.3000
143669,1.8954,3.3000
143670,1.8954,3.3000
143671,1.8905,3.3000
143672,1.8922,3.3000
143673,1.8841,3.3000
143674,1.8873,3.3000
143675,1.8873,3.3000
143676,1.8962,3.3000
143677,1.8841,3.3000
143678,1.8897,3.3000
143679,1.8930,3.3000
143680,1.8889,3.3000
143681,1.8809,3.3000
143682,1.8897,3.3000
143683,1.8849,3.3000
143684,1.8833,3.3000
143685,1.8873,3.3000
143686,1.8865,3.3000
143687,1.8849,3.3000
143688,1.8841,3.3000
143689,1.8833,3.3000
143690,1.8793,3.3000
143691,1.8809,3.3000
143692,1.8809,3.3000
143693,1.8873,3.3000
143694,1.8817,3.3000
143695,1.8809,3.3000
143696,1.8809,3.3000
143697,1.8801,3.3000
143698,1.8809,3.3000
143699,1.8768,3.3000
143700,1.8736,3.3000
143701,1.8744,3.3000
143702,1.8817,3.3000
143703,1.8768,3.3000
143704,1.8696,3.3000
143705,1.8865,3.3000
143706,1.8688,3.3000
143707,1.8777,3.3000
143708,1.8768,3.3000
143709,1.8801,3.3000
143710,1.8680,3.3000
143711,1.8785,3.3000
143712,1.8801,3.3000
143713,1.8785,3.3000
143714,1.8720,3.3000
143715,1.8712,3.3000
143716,1.8809,3.3000
143717,1.8777,3.3000
143718,1.8704,3.3000
143719,1.8785,3.3000
143720,1.8696,3.3000
143721,1.8744,3.3000
143722,1.8688,3.3000
143723,1.8785,3.3000
143724,1.8696,3.3000
143725,1.8696,3.3000
143726,1.8744,3.3000
143727,1.8704,3.3000
143728,1.8704,3.3000
143729,1.8680,3.3000
143730,1.8736,3.3000
143731,1.8696,3.3000
143732,1.8801,3.3000
143733,1.8720,3.3000
143734,1.8696,3.3000
143735,1.8688,3.3000
143736,1.8656,3.3000
143737,1.8688,3.3000
143738,1.8672,3.3000
143739,1.8696,3.3000
143740,1.8672,3.3000
143741,1.8704,3.3000
143742,1.8656,3.3000
143743,1.8680,3.3000
143744,1.8656,3.3000
143745,1.8696,3.3000
143746,1.8656,3.3000
143747,1.8672,3.3000
143748,1.8535,3.3000
143749,1.8704,3.3000
143750,1.8672,3.3000
143751,1.8656,3.3000
143752,1.8583,3.3000
143753,1.8680,3.3000
143754,1.8583,3.3000
143755,1.8712,3.3000
143756,1.8623,3.3000
143757,1.8623,3.3000
143758,1.8583,3.3000
143759,1.8752,3.3000
143760,1.8672,3.3000
143761,1.8607,3.3000
143762,1.8599,3.3000
143763,1.8640,3.3000
143764,1.8640,3.3000
143765,1.8648,3.3000
143766,1.8575,3.3000
143767,1.8615,3.3000
143768,1.8559,3.3000
143769,1.8527,3.3000
143770,1.8583,3.3000
143771,1.8615,3.3000
143772,1.8599,3.3000
143773,1.8567,3.3000
143774,1.8575,3.3000
143775,1.8720,3.3000
143776,1.8567,3.3000
143777,1.8640,3.3000
143778,1.8640,3.3000
143779,1.8559,3.3000
143780,1.8607,3.3000
143781,1.8575,3.3000
143782,1.8607,3.3000
143783,1.8591,3.3000
143784,1.8607,3.3000
143785,1.8615,3.3000
143786,1.8478,3.3000
143787,1.8567,3.3000
143788,1.8575,3.3000
143789,1.8567,3.3000
143790,1.8696,3.3000
143791,1.8543,3.3000
143792,1.8527,3.3000
143793,1.8551,3.3000
143794,1.8559,3.3000
143795,1.8390,3.3000
143796,1.8640,3.3000
143797,1.8543,3.3000
143798,1.8696,3.3000
143799,1.8478,3.3000
143800,1.8341,3.3000
143801,1.8478,3.3000
143802,1.8495,3.3000
143803,1.8486,3.3000
143804,1.8527,3.3000
143805,1.8559,3.3000
143806,1.8495,3.3000
143807,1.8511,3.3000
143808,1.8478,3.3000
143809,1.8511,3.3000
143810,1.8623,3.3000
143811,1.8559,3.3000
143812,1.8478,3.3000
143813,1.8438,3.3000
143814,1.8462,3.3000
143815,1.8446,3.3000
143816,1.8438,3.3000
143817,1.8640,3.2831
143818,1.8446,3.2613
143819,1.8446,3.2444
143820,1.8511,3.2234
143821,1.8478,3.2025
143822,1.8438,3.1848
143823,1.8438,3.1735
143824,1.8333,3.1566
143825,1.8567,3.1340
143826,1.8438,3.1163
143827,1.8430,3.1074
143828,1.8430,3.0945
143829,1.8438,3.0800
143830,1.8422,3.0631
143831,1.8285,3.0478
143832,1.8430,3.0413
143833,1.8414,3.0284
143834,1.8422,3.0171
143835,1.8414,3.0042
143836,1.8438,2.9962
143837,1.8221,2.9865
143838,1.8414,2.9768
143839,1.8430,2.9672
143840,1.8164,2.9527
143841,1.8438,2.9503
143842,1.8414,2.9398
143843,1.8358,2.9277
143844,1.8398,2.9269
143845,1.8398,2.9212
143846,1.8390,2.9124
143847,1.8358,2.9011
143848,1.8382,2.8874
143849,1.8333,2.8874
143850,1.8325,2.8801
143851,1.8317,2.8753
143852,1.8366,2.8673
143853,1.8180,2.8600
143854,1.8341,2.8544
143855,1.8325,2.8519
143856,1.8341,2.8495
143857,1.8341,2.8479
143858,1.8382,2.8407
143859,1.8349,2.8382
143860,1.8269,2.8318
143861,1.8269,2.8245
143862,1.8325,2.8237
143863,1.8390,2.8229
143864,1.8349,2.8181
143865,1.8317,2.8125
143866,1.8382,2.8084
143867,1.8301,2.8108
143868,1.8349,2.8060
143869,1.8349,2.8036
143870,1.8349,2.7996
143871,1.8317,2.7891
143872,1.8301,2.7955
143873,1.8341,2.7955
143874,1.8317,2.7939
143875,1.8285,2.7891
143876,1.8309,2.7859
143877,1.8317,2.7851
143878,1.8269,2.7762
143879,1.8293,2.7802
143880,1.8301,2.7794
143881,1.8285,2.7770
143882,1.8301,2.7504
143883,1.8269,2.7746
143884,1.8301,2.7714
143885,1.8269,2.7722
143886,1.8285,2.7762
143887,1.8317,2.7722
143888,1.8269,2.7625
143889,1.8285,2.7649
143890,1.8237,2.7673
143891,1.8309,2.7665
143892,1.8317,2.7464
143893,1.8269,2.7617
143894,1.8277,2.7697
143895,1.8293,2.7617
143896,1.8301,2.7601
143897,1.8333,2.7617
143898,1.8301,2.7536
143899,1.8325,2.7544
143900,1.8269,2.7568
143901,1.8261,2.7585
143902,1.8317,2.7464
143903,1.8309,2.7520
143904,1.8349,2.7552
143905,1.8293,2.7552
143906,1.8293,2.7593
143907,1.8293,2.7520
143908,1.8317,2.7722
143909,1.8333,2.7552
143910,1.8237,2.7536
143911,1.8293,2.7536
143912,1.8325,2.7488
143913,1.8301,2.7488
143914,1.8269,2.7343
143915,1.8301,2.7536
143916,1.8317,2.7480
143917,1.8333,2.7480
143918,1.8285,2.7568
143919,1.8293,2.7601
143920,1.8285,2.7472
143921,1.8325,2.7488
143922,1.8309,2.7504
143923,1.8317,2.7512
143924,1.8341,2.7472
143925,1.8325,2.7665
143926,1.8333,2.7488
143927,1.8317,2.7488
143928,1.8301,2.7480
143929,1.8317,2.7504
143930,1.8301,2.7214
143931,1.8301,2.7464
143932,1.8309,2.7327
143933,1.8269,2.7520
143934,1.8366,2.7730
143935,1.8309,2.7488
143936,1.8301,2.7560
143937,1.8285,2.7504
143938,1.8285,2.7568
143939,1.8317,2.7625
143940,1.8317,2.7673
143941,1.8309,2.7810
143942,1.8325,2.7818
143943,1.8349,2.7891
143944,1.8398,2.7714
143945,1.8333,2.7423
143946,1.8390,2.6875
143947,1.8366,2.6964
143948,1.8309,2.6360
143949,1.8277,2.6021
143950,1.8253,2.5739
143951,1.8196,2.5320
143952,1.8237,2.5014
143953,1.8221,2.4667
143954,1.8180,2.4611
143955,1.8172,2.4555
143956,1.8164,2.4619
143957,1.8140,2.4748
143958,1.8124,2.4990
143959,1.8156,2.5135
143960,1.8172,2.5086
143961,1.8180,2.5232
143962,1.8180,2.4716
143963,1.8108,2.4426
143964,1.8124,2.4297
143965,1.8132,2.3902
143966,1.8051,2.3829
143967,1.8067,2.3579
143968,1.8051,2.3507
143969,1.7963,2.3104
143970,1.7955,2.2959
143971,1.7938,2.2870
143972,1.7947,2.3064
143973,1.7955,2.3201
143974,1.7963,2.3322
143975,1.7922,2.3378
143976,1.8027,2.3716
143977,1.7979,2.3781
143978,1.8067,2.3596
143979,1.8043,2.3491
143980,1.8027,2.3241
143981,1.8027,2.3080
143982,1.7979,2.2709
143983,1.7930,2.2693
143984,1.7930,2.2508
143985,1.7922,2.2298
143986,1.7930,2.2064
143987,1.7882,2.1936
143988,1.7906,2.2451
143989,1.7914,2.2121
143990,1.7922,2.2411
143991,1.7898,2.2637
143992,1.7922,2.2854
143993,1.7922,2.3080
143994,1.7930,2.2999
143995,1.7922,2.2919
143996,1.8003,2.2749
143997,1.7922,2.2677
143998,1.7930,2.2395
143999,1.7922,2.2282
144000,1.7914,2.2048
144001,1.7914,2.1895
144002,1.7898,2.1678
144003,1.7810,2.1541
144004,1.7850,2.1549
144005,1.7785,2.1533
144006,1.7850,2.1799
144007,1.7834,2.2024
144008,1.7858,2.2274
144009,1.7850,2.2524
144010,1.7906,2.2596
144011,1.7922,2.2604
144012,1.7930,2.2508
144013,1.7947,2.2355
144014,1.7947,2.2218
144015,1.7914,2.2040
144016,1.7906,2.1790
144017,1.7801,2.1637
144018,1.7874,2.1484
144019,1.7810,2.1267
144020,1.7785,2.1105
144021,1.7818,2.1138
144022,1.7785,2.1210
144023,1.7769,2.1275
144024,1.7818,2.1653
144025,1.7834,2.1895
144026,1.7882,2.2185
144027,1.7882,2.2282
144028,1.7922,2.2306
144029,1.7922,2.2089
144030,1.7882,2.1968
144031,1.7906,2.1879
144032,1.7882,2.1653
144033,1.7922,2.1226
144034,1.7890,2.1291
144035,1.7850,2.1138
144036,1.7818,2.0968
144037,1.7753,2.0880
144038,1.7753,2.0936
144039,1.7769,2.1041
144040,1.7793,2.1363
144041,1.7850,2.1573
144042,1.7818,2.1927
144043,1.7882,2.2056
144044,1.7914,2.2137
144045,1.7890,2.2137
144046,1.7914,2.2008
144047,1.7922,2.1831
144048,1.7866,2.1718
144049,1.7898,2.1774
144050,1.7810,2.1331
144051,1.7801,2.1186
144052,1.7850,2.1009
144053,1.7785,2.0799
144054,1.7721,2.0832
144055,1.7769,2.0920
144056,1.7697,2.1105
144057,1.7793,2.1371
144058,1.7810,2.1629
144059,1.7785,2.2000
144060,1.7850,2.2064
144061,1.7882,2.2089
144062,1.7898,2.1968
144063,1.7882,2.1573
144064,1.7922,2.1686
144065,1.7874,2.1621
144066,1.7898,2.1388
144067,1.7842,2.1218
144068,1.7793,2.1009
144069,1.7785,2.0848
144070,1.7753,2.0622
144071,1.7769,2.0815
144072,1.7721,2.0896
144073,1.7713,2.1114
144074,1.7753,2.1355
144075,1.7777,2.1686
144076,1.7801,2.1968
144077,1.7898,2.2048
144078,1.7898,2.2008
144079,1.7882,2.1927
144080,1.7882,2.1863
144081,1.7801,2.1549
144082,1.7834,2.1452
144083,1.7769,2.1315
144084,1.7769,2.1122
144085,1.7721,2.0928
144086,1.7769,2.0622
144087,1.7705,2.0622
144088,1.7705,2.0622
144089,1.7721,2.0896
144090,1.7745,2.1138
144091,1.7769,2.1428
144092,1.7753,2.1742
144093,1.7810,2.1927
144094,1.7866,2.1992
144095,1.7769,2.1960
144096,1.7898,2.1847
144097,1.7834,2.1710
144098,1.7898,2.1613
144099,1.7785,2.1363
144100,1.7866,2.1146
144101,1.7818,2.1033
144102,1.7753,2.0888
144103,1.7761,2.0622
144104,1.7737,2.0614
144105,1.7664,2.0622
144106,1.7689,2.0888
144107,1.7737,2.1186
144108,1.7681,2.1460
144109,1.7769,2.1774
144110,1.7801,2.1807
144111,1.7834,2.1887
144112,1.7882,2.1831
144113,1.7874,2.1758
144114,1.7882,2.1541
144115,1.7834,2.1388
144116,1.7793,2.1242
144117,1.7769,2.1025
144118,1.7785,2.0888
144119,1.7729,2.0622
144120,1.7713,2.0501
144121,1.7721,2.0509
144122,1.7664,2.0614
144123,1.7737,2.0904
144124,1.7681,2.1146
144125,1.7753,2.1404
144126,1.7745,2.1662
144127,1.7793,2.1766
144128,1.7874,2.1710
144129,1.7882,2.1662
144130,1.7850,2.1533
144131,1.7866,2.1363
144132,1.7850,2.1194
144133,1.7785,2.1041
144134,1.7793,2.0904
144135,1.7745,2.0622
144136,1.7689,2.0509
144137,1.7697,2.0404
144138,1.7681,2.0445
144139,1.7673,2.0606
144140,1.7681,2.0864
144141,1.7673,2.1146
144142,1.7745,2.1444
144143,1.7810,2.1662
144144,1.7777,2.1662
144145,1.7801,2.1662
144146,1.7793,2.1573
144147,1.7818,2.1388
144148,1.7769,2.1267
144149,1.7785,2.1138
144150,1.7785,2.0993
144151,1.7705,2.0622
144152,1.7777,2.0574
144153,1.7713,2.0372
144154,1.7705,2.0372
144155,1.7713,2.0421
144156,1.7810,2.0622
144157,1.7689,2.0944
144158,1.7681,2.1170
144159,1.7673,2.1500
144160,1.7729,2.1605
144161,1.7801,2.1653
144162,1.7761,2.1629
144163,1.7818,2.1508
144164,1.7785,2.1363
144165,1.7793,2.1170
144166,1.7801,2.1025
144167,1.7753,2.0888
144168,1.7745,2.0622
144169,1.7737,2.0477
144170,1.7689,2.0372
144171,1.7664,2.0332
144172,1.7640,2.0485
144173,1.7673,2.0574
144174,1.7664,2.0912
144175,1.7697,2.1275
144176,1.7689,2.1525
144177,1.7721,2.1581
144178,1.7761,2.1589
144179,1.7801,2.1533
144180,1.7810,2.1388
144181,1.7801,2.1275
144182,1.7721,2.1041
144183,1.7753,2.0944
144184,1.7745,2.0622
144185,1.7721,2.0558
144186,1.7664,2.0356
144187,1.7689,2.0284
144188,1.7648,2.0404
144189,1.7664,2.0469
144190,1.7519,2.0622
144191,1.7664,2.0993
144192,1.7689,2.1299
144193,1.7713,2.1541
144194,1.7753,2.1589
144195,1.7801,2.1629
144196,1.7834,2.1533
144197,1.7721,2.1428
144198,1.7721,2.1259
144199,1.7753,2.1105
144200,1.7721,2.0968
144201,1.7697,2.0622
144202,1.7745,2.0590
144203,1.7673,2.0388
144204,1.7673,2.0316
144205,1.7648,2.0396
144206,1.7673,2.0590
144207,1.7689,2.0872
144208,1.7664,2.1154
144209,1.7664,2.1508
144210,1.7745,2.1718
144211,1.7785,2.1790
144212,1.7793,2.1758
144213,1.7810,2.1662
144214,1.7874,2.1516
144215,1.7785,2.1396
144216,1.7673,2.1194
144217,1.7737,2.1041
144218,1.7624,2.0928
144219,1.7737,2.0622
144220,1.7705,2.0501
144221,1.7664,2.0501
144222,1.7664,2.0558
144223,1.7697,2.0622
144224,1.7713,2.1114
144225,1.7705,2.1388
144226,1.7753,2.1686
144227,1.7785,2.1919
144228,1.7777,2.1992
144229,1.7801,2.1960
144230,1.7818,2.1879
144231,1.7842,2.1718
144232,1.7810,2.1613
144233,1.7866,2.1388
144234,1.7914,2.1234
144235,1.7745,2.1097
144236,1.7753,2.0912
144237,1.7777,2.0622
144238,1.7664,2.0622
144239,1.7729,2.0888
144240,1.7850,2.1033
144241,1.7753,2.1412
144242,1.7721,2.1702
144243,1.7810,2.1976
144244,1.7866,2.2250
144245,1.7850,2.2347
144246,1.7906,2.2306
144247,1.7930,2.2185
144248,1.7922,2.2064
144249,1.7882,2.1879
144250,1.7882,2.1702
144251,1.7882,2.1573
144252,1.7850,2.1428
144253,1.7834,2.1170
144254,1.7801,2.1073
144255,1.7785,2.1089
144256,1.7850,2.1275
144257,1.7801,2.1460
144258,1.8027,2.1782
144259,1.7874,2.2089
144260,1.7922,2.2363
144261,1.7922,2.2653
144262,1.7834,2.2749
144263,1.7922,2.2693
144264,1.7979,2.2596
144265,1.7930,2.2508
144266,1.7979,2.2298
144267,1.7938,2.2097
144268,1.7922,2.1871
144269,1.7914,2.1710
144270,1.7906,2.1533
144271,1.7882,2.1460
144272,1.7834,2.1613
144273,1.7922,2.1694
144274,1.7898,2.1936
144275,1.7963,2.2185
144276,1.7922,2.2532
144277,1.7971,2.2822
144278,1.7922,2.2999
144279,1.8011,2.2999
144280,1.7995,2.2943
144281,1.7971,2.2846
144282,1.7979,2.2685
144283,1.7947,2.2516
144284,1.7938,2.2314
144285,1.7922,2.2105
144286,1.7922,2.1919
144287,1.7898,2.1750
144288,1.7898,2.1702
144289,1.7922,2.1799
144290,1.7914,2.2008
144291,1.7922,2.2258
144292,1.7793,2.2524
144293,1.7947,2.2798
144294,1.7793,2.3080
144295,1.7979,2.3305
144296,1.8035,2.3451
144297,1.8132,2.3378
144298,1.8156,2.3338
144299,1.8196,2.3249
144300,1.8261,2.3032
144301,1.8229,2.2822
144302,1.8229,2.2685
144303,1.8196,2.2492
144304,1.8164,2.2347
144305,1.8204,2.2395
144306,1.8269,2.2564
144307,1.8204,2.2774
144308,1.8253,2.2903
144309,1.8092,2.3185
144310,1.8325,2.3386
144311,1.8398,2.3660
144312,1.8358,2.3878
144313,1.8438,2.4039
144314,1.8454,2.4031
144315,1.8519,2.3982
144316,1.8495,2.3813
144317,1.8752,2.3628
144318,1.8583,2.3346
144319,1.8591,2.3225
144320,1.8559,2.3064
144321,1.8567,2.2991
144322,1.8559,2.3217
144323,1.8567,2.3217
144324,1.8551,2.3386
144325,1.8664,2.3612
144326,1.8575,2.3781
144327,1.8607,2.4055
144328,1.8615,2.4256
144329,1.8664,2.4482
144330,1.8736,2.4595
144331,1.8785,2.4619
144332,1.8809,2.4458
144333,1.8849,2.4369
144334,1.8841,2.4192
144335,1.8825,2.3942
144336,1.8849,2.3716
144337,1.8817,2.3596
144338,1.8785,2.3547
144339,1.8922,2.3612
144340,1.8817,2.3741
144341,1.8801,2.3934
144342,1.8833,2.4119
144343,1.8873,2.4353
144344,1.8849,2.4555
144345,1.8857,2.4861
144346,1.8930,2.5062
144347,1.8954,2.5143
144348,1.9010,2.5070
144349,1.9204,2.4966
144350,1.9059,2.4748
144351,1.9083,2.4514
144352,1.9002,2.4321
144353,1.9034,2.4071
144354,1.9010,2.3902
144355,1.8954,2.3942
144356,1.9002,2.4007
144357,1.8970,2.4168
144358,1.8962,2.4361
144359,1.9026,2.4587
144360,1.9010,2.4837
144361,1.9034,2.5062
144362,1.9026,2.5296
144363,1.9083,2.5417
144364,1.9115,2.5393
144365,1.9212,2.5288
144366,1.9212,2.5143
144367,1.9204,2.4925
144368,1.9212,2.4619
144369,1.9204,2.4595
144370,1.9163,2.4426
144371,1.9179,2.4103
144372,1.9155,2.3974
144373,1.9107,2.4216
144374,1.9171,2.4369
144375,1.9155,2.4627
144376,1.9155,2.5086
144377,1.9115,2.5103
144378,1.9155,2.5215
144379,1.9212,2.5514
144380,1.9252,2.5546
144381,1.9212,2.5473
144382,1.9333,2.5296
144383,1.9341,2.5103
144384,1.9325,2.4885
144385,1.9292,2.4619
144386,1.9292,2.4361
144387,1.9284,2.4127
144388,1.9204,2.4103
144389,1.9212,2.4136
144390,1.9220,2.4289
144391,1.9212,2.4418
144392,1.9220,2.4603
144393,1.9212,2.4893
144394,1.9333,2.5143
144395,1.9284,2.5385
144396,1.9308,2.5401
144397,1.9365,2.5844
144398,1.9405,2.5264
144399,1.9397,2.5086
144400,1.9429,2.4837
144401,1.9244,2.4627
144402,1.9357,2.4426
144403,1.9381,2.4160
144404,1.9325,2.3910
144405,1.9325,2.3894
144406,1.9300,2.3942
144407,1.9284,2.4168
144408,1.9268,2.4281
144409,1.9252,2.4506
144410,1.9236,2.4716
144411,1.9316,2.4933
144412,1.9341,2.5014
144413,1.9284,2.4885
144414,1.9308,2.4716
144415,1.9284,2.4538
144416,1.9292,2.4264
144417,1.9220,2.4103
144418,1.9188,2.3894
144419,1.9155,2.3668
144420,1.9107,2.3459
144421,1.9042,2.3289
144422,1.9010,2.3281
144423,1.9034,2.3354
144424,1.9010,2.3515
144425,1.9067,2.3716
144426,1.9042,2.3958
144427,1.9059,2.4136
144428,1.9083,2.4264
144429,1.9067,2.4240
144430,1.9139,2.4152
144431,1.9067,2.4119
144432,1.9067,2.3604
144433,1.9083,2.3628
144434,1.9010,2.3314
144435,1.8970,2.3249
144436,1.8954,2.3072
144437,1.8914,2.2830
144438,1.8849,2.2612
144439,1.8825,2.2669
144440,1.8825,2.2814
144441,1.8849,2.2862
144442,1.8825,2.3346
144443,1.8857,2.3346
144444,1.8954,2.3475
144445,1.8954,2.3467
144446,1.8946,2.3338
144447,1.8946,2.3209
144448,1.8954,2.3023
144449,1.8962,2.2878
144450,1.8914,2.2588
144451,1.8914,2.2556
144452,1.8833,2.2347
144453,1.8825,2.2161
144454,1.8752,2.1831
144455,1.8696,2.1815
144456,1.8736,2.1799
144457,1.8704,2.2032
144458,1.8720,2.2218
144459,1.8744,2.2411
144460,1.8793,2.2516
144461,1.8793,2.2435
144462,1.8825,2.2443
144463,1.8809,2.2282
144464,1.8849,2.2097
144465,1.8801,2.2008
144466,1.8744,2.1815
144467,1.8728,2.1702
144468,1.8696,2.1621
144469,1.8648,2.1299
144470,1.8640,2.1218
144471,1.8583,2.1033
144472,1.8583,2.1146
144473,1.8543,2.1275
144474,1.8495,2.1533
144475,1.8567,2.1621
144476,1.8559,2.2016
144477,1.8559,2.2048
144478,1.8551,2.2032
144479,1.8543,2.1871
144480,1.8583,2.1782
144481,1.8527,2.1653
144482,1.8478,2.1420
144483,1.8446,2.1291
144484,1.8414,2.1146
144485,1.8430,2.0960
144486,1.8341,2.0622
144487,1.8325,2.0614
144488,1.8333,2.0622
144489,1.8301,2.0815
144490,1.8325,2.1041
144491,1.8309,2.1275
144492,1.8333,2.1549
144493,1.8349,2.1718
144494,1.8301,2.1815
144495,1.8398,2.1766
144496,1.8398,2.1670
144497,1.8293,2.1557
144498,1.8261,2.1420
144499,1.8325,2.1492
144500,1.8261,2.1105
144501,1.8180,2.0880
144502,1.8180,2.0622
144503,1.8180,2.0421
144504,1.8092,2.0501
144505,1.8100,2.0598
144506,1.8108,2.0622
144507,1.8108,2.1379
144508,1.8156,2.1331
144509,1.8180,2.1670
144510,1.8180,2.1702
144511,1.8164,2.1565
144512,1.8204,2.1750
144513,1.8164,2.1662
144514,1.8172,2.1525
144515,1.8180,2.1404
144516,1.8172,2.1186
144517,1.8059,2.1017
144518,1.8084,2.0840
144519,1.8108,2.0622
144520,1.8011,2.0501
144521,1.7963,2.0267
144522,1.7947,2.0622
144523,1.7963,2.0880
144524,1.8011,2.1170
144525,1.8019,2.1492
144526,1.8075,2.1670
144527,1.8132,2.1750
144528,1.8092,2.1653
144529,1.8084,2.1670
144530,1.8140,2.1533
144531,1.8051,2.1412
144532,1.8027,2.1283
144533,1.8043,2.1017
144534,1.8011,2.0912
144535,1.8043,2.0622
144536,1.7930,2.0525
144537,1.7882,2.0453
144538,1.7914,2.0493
144539,1.7922,2.0896
144540,1.7898,2.0912
144541,1.7947,2.1218
144542,1.7898,2.1484
144543,1.8019,2.1662
144544,1.8027,2.1694
144545,1.8019,2.1629
144546,1.7947,2.1557
144547,1.8051,2.1508
144548,1.7987,2.1299
144549,1.7963,2.1154
144550,1.7963,2.0968
144551,1.7930,2.0840
144552,1.7930,2.0614
144553,1.7898,2.0477
144554,1.7922,2.0453
144555,1.7842,2.0888
144556,1.7874,2.0622
144557,1.7866,2.1251
144558,1.7922,2.1275
144559,1.7947,2.1645
144560,1.7955,2.1790
144561,1.7963,2.1766
144562,1.7963,2.1710
144563,1.7947,2.1678
144564,1.7955,2.1492
144565,1.7979,2.1299
144566,1.7963,2.1226
144567,1.7914,2.1033
144568,1.7906,2.0872
144569,1.7922,2.0622
144570,1.7874,2.0558
144571,1.7850,2.0525
144572,1.7842,2.0622
144573,1.7874,2.0904
144574,1.7810,2.1162
144575,1.7882,2.1476
144576,1.7922,2.1823
144577,1.7930,2.1895
144578,1.7922,2.1911
144579,1.8003,2.1871
144580,1.7930,2.1645
144581,1.7922,2.1581
144582,1.7922,2.1347
144583,1.7930,2.1275
144584,1.7906,2.1073
144585,1.7866,2.0944
144586,1.7850,2.0622
144587,1.7810,2.0622
144588,1.7882,2.0622
144589,1.7818,2.0936
144590,1.7737,2.1202
144591,1.7826,2.1476
144592,1.7882,2.1766
144593,1.7947,2.1936
144594,1.7947,2.2016
144595,1.7938,2.2032
144596,1.8003,2.1887
144597,1.7922,2.1718
144598,1.7922,2.1573
144599,1.7922,2.1404
144600,1.7922,2.1202
144601,1.7882,2.1073
144602,1.7882,2.0904
144603,1.7850,2.0622
144604,1.7801,2.0622
144605,1.7818,2.0904
144606,1.7801,2.1130
144607,1.7801,2.1363
144608,1.7810,2.1605
144609,1.7914,2.1976
144610,1.7914,2.2161
144611,1.7922,2.2105
144612,1.7938,2.2137
144613,1.7938,2.2105
144614,1.7971,2.1960
144615,1.7963,2.1799
144616,1.7930,2.1565
144617,1.7922,2.1420
144618,1.7914,2.1259
144619,1.7850,2.1105
144620,1.7842,2.1025
144621,1.7882,2.1033
144622,1.7874,2.1267
144623,1.7818,2.1452
144624,1.7914,2.1718
144625,1.7866,2.1992
144626,1.7922,2.2266
144627,1.7971,2.2580
144628,1.7955,2.2774
144629,1.8027,2.2822
144630,1.8019,2.2669
144631,1.8043,2.2556
144632,1.8011,2.2379
144633,1.8051,2.2218
144634,1.8043,2.2024
144635,1.7955,2.1790
144636,1.7979,2.1726
144637,1.7922,2.1710
144638,1.7938,2.1790
144639,1.7971,2.1927
144640,1.7930,2.2105
144641,1.7947,2.2298
144642,1.7963,2.2443
144643,1.8003,2.2612
144644,1.8003,2.2838
144645,1.7979,2.2975
144646,1.8027,2.3201
144647,1.8035,2.3314
144648,1.8067,2.3426
144649,1.8051,2.3596
144650,1.8092,2.3700
144651,1.8108,2.3853
144652,1.8132,2.3958
144653,1.8140,2.4095
144654,1.8140,2.4200
144655,1.8084,2.4361
144656,1.8148,2.4377
144657,1.8124,2.4474
144658,1.8148,2.4619
144659,1.8188,2.4643
144660,1.8188,2.4845
144661,1.8172,2.4893
144662,1.8180,2.4990
144663,1.8221,2.5038
144664,1.8180,2.5143
144665,1.8253,2.5199
144666,1.8237,2.5296
144667,1.8293,2.5377
144668,1.8229,2.5409
144669,1.8221,2.5473
144670,1.8269,2.5570
144671,1.8269,2.5651
144672,1.8301,2.5683
144673,1.8293,2.5779
144674,1.8325,2.5788
144675,1.8325,2.5860
144676,1.8358,2.5844
144677,1.8317,2.5925
144678,1.8390,2.5973
144679,1.8309,2.5941
144680,1.8390,2.6078
144681,1.8317,2.6158
144682,1.8349,2.6215
144683,1.8333,2.6174
144684,1.8309,2.6287
144685,1.8366,2.6311
144686,1.8382,2.6295
144687,1.8422,2.6424
144688,1.8422,2.6432
144689,1.8422,2.6473
144690,1.8382,2.6569
144691,1.8438,2.6553
144692,1.8398,2.6561
144693,1.8438,2.6642
144694,1.8390,2.6674
144695,1.8366,2.6690
144696,1.8398,2.6706
144697,1.8390,2.6779
144698,1.8422,2.6779
144699,1.8414,2.6859
144700,1.8438,2.6867
144701,1.8446,2.6875
144702,1.8430,2.6924
144703,1.8438,2.6940
144704,1.8398,2.6972
144705,1.8414,2.6972
144706,1.8430,2.7117
144707,1.8438,2.7053
144708,1.8422,2.7093
144709,1.8430,2.7053
144710,1.8430,2.7053
144711,1.8446,2.7117
144712,1.8454,2.7037
144713,1.8454,2.7214
144714,1.8446,2.7198
144715,1.8454,2.7198
144716,1.8422,2.7246
144717,1.8454,2.7286
144718,1.8495,2.7214
144719,1.8462,2.7359
144720,1.8438,2.7335
144721,1.8462,2.7464
144722,1.8438,2.7456
144723,1.8446,2.7464
144724,1.8446,2.7512
144725,1.8438,2.7512
144726,1.8478,2.7568
144727,1.8486,2.7520
144728,1.8430,2.7641
144729,1.8486,2.7681
144730,1.8438,2.7722
144731,1.8478,2.7738
144732,1.8462,2.7722
144733,1.8438,2.7826
144734,1.8446,2.7786
144735,1.8543,2.7907
144736,1.8519,2.7979
144737,1.8527,2.8092
144738,1.8478,2.8004
144739,1.8470,2.8092
144740,1.8559,2.8181
144741,1.8495,2.8237
144742,1.8486,2.8326
144743,1.8511,2.8366
144744,1.8768,2.8407
144745,1.8486,2.8503
144746,1.8478,2.8584
144747,1.8511,2.8648
144748,1.8478,2.8761
144749,1.8495,2.8874
144750,1.8358,2.9051
144751,1.8486,2.9108
144752,1.8543,2.9253
144753,1.8551,2.9406
144754,1.8358,2.9527
144755,1.8446,2.9648
144756,1.8551,2.9777
144757,1.8511,2.9930
144758,1.8551,3.0059
144759,1.8543,3.0196
144760,1.8511,3.0341
144761,1.8591,3.0526
144762,1.8462,3.0615
144763,1.8688,3.0800
144764,1.8543,3.0889
144765,1.8623,3.1001
144766,1.8567,3.1155
144767,1.8567,3.1227
144768,1.8567,3.1404
144769,1.8599,3.1590
144770,1.8567,3.1872
144771,1.8591,3.1840
144772,1.8374,3.1968
144773,1.8607,3.2114
144774,1.8575,3.2234
144775,1.8591,3.2355
144776,1.8583,3.2468
144777,1.8591,3.2565
144778,1.8575,3.2621
144779,1.8567,3.2766
144780,1.8559,3.2863
144781,1.8575,3.2927
144782,1.8454,3.3000
144783,1.8623,3.3000
144784,1.8656,3.3000
144785,1.8680,3.3000
144786,1.8543,3.3000
144787,1.8688,3.3000
144788,1.8615,3.3000
144789,1.8607,3.3000
144790,1.8615,3.3000
144791,1.8623,3.3000
144792,1.8648,3.3000
144793,1.8672,3.3000
144794,1.8623,3.3000
144795,1.8777,3.3000
144796,1.8607,3.3000
144797,1.8656,3.3000
144798,1.8752,3.3000
144799,1.8575,3.3000
144800,1.8704,3.3000
144801,1.8712,3.3000
144802,1.8664,3.3000
144803,1.8495,3.3000
144804,1.8623,3.3000
144805,1.8656,3.3000
144806,1.8696,3.3000
144807,1.8623,3.3000
144808,1.8688,3.3000
144809,1.8680,3.3000
144810,1.8640,3.3000
144811,1.8680,3.3000
144812,1.8672,3.3000
144813,1.8680,3.3000
144814,1.8696,3.3000
144815,1.8688,3.3000
144816,1.8768,3.3000
144817,1.8752,3.3000
144818,1.8688,3.3000
144819,1.8696,3.3000
144820,1.8712,3.3000
144821,1.8696,3.3000
144822,1.8696,3.3000
144823,1.8704,3.3000
144824,1.8712,3.3000
144825,1.8857,3.3000
144826,1.8688,3.3000
144827,1.8720,3.3000
144828,1.8801,3.3000
144829,1.8736,3.3000
144830,1.8768,3.3000
144831,1.8696,3.3000
144832,1.8712,3.3000
144833,1.8688,3.3000
144834,1.8696,3.3000
144835,1.8696,3.3000
144836,1.8696,3.3000
144837,1.8664,3.3000
144838,1.8712,3.3000
144839,1.8696,3.3000
144840,1.8809,3.3000
144841,1.8696,3.3000
144842,1.8720,3.3000
144843,1.8752,3.3000
144844,1.8777,3.3000
144845,1.8696,3.3000
144846,1.8696,3.3000
144847,1.8696,3.3000
144848,1.8704,3.3000
144849,1.8688,3.3000
144850,1.8696,3.3000
144851,1.8793,3.3000
144852,1.8744,3.3000
144853,1.8648,3.3000
144854,1.8728,3.3000
144855,1.8785,3.3000
144856,1.8825,3.3000
144857,1.8865,3.3000
144858,1.8785,3.3000
144859,1.8793,3.3000
144860,1.8696,3.3000
144861,1.8736,3.3000
144862,1.8720,3.3000
144863,1.8736,3.3000
144864,1.8768,3.3000
144865,1.8970,3.3000
144866,1.8833,3.3000
144867,1.8785,3.3000
144868,1.8817,3.3000
144869,1.8817,3.3000
144870,1.8768,3.3000
144871,1.8696,3.3000
144872,1.8777,3.3000
144873,1.8801,3.3000
144874,1.8817,3.3000
144875,1.8793,3.3000
144876,1.8777,3.3000
144877,1.8825,3.3000
144878,1.8809,3.3000
144879,1.8817,3.3000
144880,1.8841,3.3000
144881,1.8841,3.3000
144882,1.8865,3.3000
144883,1.8833,3.3000
144884,1.8857,3.3000
144885,1.8873,3.3000
144886,1.8785,3.3000
144887,1.8801,3.3000
144888,1.8881,3.3000
144889,1.8841,3.3000
144890,1.8873,3.3000
144891,1.8817,3.3000
144892,1.8833,3.3000
144893,1.8785,3.3000
144894,1.8914,3.3000
144895,1.8825,3.3000
144896,1.8841,3.3000
144897,1.8833,3.3000
144898,1.8841,3.3000
144899,1.8914,3.3000
144900,1.8865,3.3000
144901,1.8833,3.3000
144902,1.8954,3.3000
144903,1.8905,3.3000
144904,1.8905,3.3000
144905,1.8946,3.3000
144906,1.8897,3.3000
144907,1.8873,3.3000
144908,1.8946,3.3000
144909,1.8922,3.3000
144910,1.8881,3.3000
144911,1.8938,3.3000
144912,1.8946,3.3000
144913,1.8914,3.3000
144914,1.8914,3.3000
144915,1.8938,3.3000
144916,1.8954,3.3000
144917,1.8954,3.3000
144918,1.8922,3.3000
144919,1.8970,3.3000
144920,1.8954,3.3000
144921,1.8962,3.3000
144922,1.8954,3.3000
144923,1.8962,3.3000
144924,1.8994,3.3000
144925,1.8954,3.3000
144926,1.8954,3.3000
144927,1.9010,3.3000
144928,1.9002,3.3000
144929,1.8962,3.3000
144930,1.8946,3.3000
144931,1.8946,3.3000
144932,1.8954,3.3000
144933,1.8930,3.3000
144934,1.8954,3.3000
144935,1.9002,3.3000
144936,1.8962,3.3000
144937,1.8994,3.3000
144938,1.9002,3.3000
144939,1.9042,3.3000
144940,1.9059,3.3000
144941,1.9034,3.3000
144942,1.8970,3.3000
144943,1.8986,3.3000
144944,1.9002,3.3000
144945,1.9002,3.3000
144946,1.9026,3.3000
144947,1.8978,3.3000
144948,1.9042,3.3000
144949,1.9051,3.3000
144950,1.9042,3.3000
144951,1.8994,3.3000
144952,1.9059,3.3000
144953,1.8994,3.3000
144954,1.9059,3.3000
144955,1.9059,3.3000
144956,1.9002,3.3000
144957,1.9051,3.3000
144958,1.9099,3.3000
144959,1.9010,3.3000
144960,1.9091,3.3000
144961,1.9107,3.3000
144962,1.9083,3.3000
144963,1.9034,3.3000
144964,1.9026,3.3000
144965,1.9099,3.3000
144966,1.9099,3.3000
144967,1.9075,3.3000
144968,1.9099,3.3000
144969,1.9083,3.3000
144970,1.9075,3.3000
144971,1.9042,3.3000
144972,1.9091,3.3000
144973,1.9171,3.3000
144974,1.9107,3.3000
144975,1.9099,3.3000
144976,1.9099,3.3000
144977,1.9091,3.3000
144978,1.9075,3.3000
144979,1.9075,3.3000
144980,1.9026,3.3000
144981,1.9131,3.3000
144982,1.9091,3.3000
144983,1.9139,3.3000
144984,1.9123,3.3000
144985,1.9163,3.3000
144986,1.9155,3.3000
144987,1.9123,3.3000
144988,1.9067,3.3000
144989,1.9139,3.3000
144990,1.9131,3.3000
144991,1.9083,3.3000
144992,1.9196,3.3000
144993,1.9067,3.2734
144994,1.9123,3.2436
144995,1.9091,3.2122
144996,1.9139,3.1791
144997,1.9107,3.1114
144998,1.9083,3.0985
144999,1.9091,3.0647
145000,1.9107,3.0599
145001,1.9083,3.0599
145002,1.9131,3.0478
145003,1.9163,3.0792
145004,1.9123,3.0574
145005,1.9059,3.0897
145006,1.9099,3.0719
145007,1.9059,3.0856
145008,1.9099,3.0856
145009,1.9059,3.1082
145010,1.9042,3.1195
145011,1.9107,3.1308
145012,1.9075,3.1485
145013,1.9067,3.1469
145014,1.9083,3.1590
145015,1.9091,3.1759
145016,1.9131,3.1848
145017,1.9042,3.1896
145018,1.9042,3.2033
145019,1.9083,3.2105
145020,1.9042,3.2210
145021,1.9083,3.2573
145022,1.9083,3.2371
145023,1.9091,3.2476
145024,1.9091,3.2613
145025,1.9042,3.2613
145026,1.9131,3.2799
145027,1.9123,3.2790
145028,1.9107,3.2879
145029,1.9163,3.2903
145030,1.9139,3.2879
145031,1.9131,3.3000
145032,1.9099,3.3000
145033,1.9131,3.3000
145034,1.9059,3.3000
145035,1.9171,3.3000
145036,1.9107,3.3000
145037,1.9107,3.3000
145038,1.9139,3.3000
145039,1.9131,3.3000
145040,1.9083,3.3000
145041,1.9051,3.3000
145042,1.9139,3.2952
145043,1.9107,3.2879
145044,1.9091,3.2807
145045,1.9115,3.2726
145046,1.9075,3.2702
145047,1.9123,3.2637
145048,1.9091,3.2452
145049,1.9091,3.2484
145050,1.9083,3.2444
145051,1.9107,3.2355
145052,1.9123,3.2444
145053,1.9083,3.2291
145054,1.9107,3.2210
145055,1.9083,3.2105
145056,1.9010,3.2154
145057,1.9042,3.2105
145058,1.9115,3.2009
145059,1.9099,3.2017
145060,1.9067,3.2089
145061,1.9139,3.1920
145062,1.9115,3.1872
145063,1.9083,3.1848
145064,1.9067,3.1815
145065,1.9067,3.1767
145066,1.9083,3.1759
145067,1.9099,3.1799
145068,1.9067,3.1614
145069,1.9107,3.1646
145070,1.9042,3.1598
145071,1.9099,3.1574
145072,1.9091,3.1533
145073,1.9067,3.1574
145074,1.9034,3.1759
145075,1.8970,3.1485
145076,1.9051,3.1429
145077,1.9091,3.1541
145078,1.9034,3.1412
145079,1.9042,3.1372
145080,1.8978,3.1380
145081,1.9091,3.1380
145082,1.9075,3.1380
145083,1.9002,3.1412
145084,1.9059,3.1332
145085,1.9059,3.1388
145086,1.9083,3.1332
145087,1.9059,3.1332
145088,1.9051,3.1356
145089,1.9026,3.1348
145090,1.9067,3.1300
145091,1.9067,3.1179
145092,1.9002,3.1300
145093,1.9059,3.1275
145094,1.9026,3.1332
145095,1.9083,3.1324
145096,1.9059,3.1308
145097,1.9010,3.1332
145098,1.9075,3.1316
145099,1.9075,3.1485
145100,1.8994,3.1308
145101,1.9010,3.1340
145102,1.9042,3.1324
145103,1.8978,3.1340
145104,1.9002,3.1388
145105,1.8978,3.1412
145106,1.9075,3.1453
145107,1.9010,3.1380
145108,1.9010,3.1453
145109,1.9026,3.1477
145110,1.9002,3.1549
145111,1.9002,3.1469
145112,1.8994,3.1517
145113,1.9026,3.1574
145114,1.9010,3.1549
145115,1.9042,3.1598
145116,1.9051,3.1590
145117,1.9042,3.1590
145118,1.9059,3.1662
145119,1.9034,3.1638
145120,1.9002,3.1703
145121,1.8986,3.1799
145122,1.8978,3.1807
145123,1.9059,3.1848
145124,1.9059,3.1904
145125,1.8970,3.1936
145126,1.9051,3.1985
145127,1.9002,3.1985
145128,1.8978,3.2025
145129,1.8978,3.2105
145130,1.9034,3.2218
145131,1.8994,3.2388
145132,1.8962,3.2283
145133,1.9067,3.2331
145134,1.8994,3.2307
145135,1.8994,3.2404
145136,1.9042,3.2484
145137,1.9010,3.2533
145138,1.8986,3.2581
145139,1.8962,3.2597
145140,1.9026,3.2678
145141,1.8978,3.2750
145142,1.8954,3.2863
145143,1.8962,3.2839
145144,1.9034,3.2960
145145,1.8970,3.3000
145146,1.9010,3.3000
145147,1.8954,3.3000
145148,1.8962,3.3000
145149,1.8954,3.3000
145150,1.8938,3.3000
145151,1.8962,3.3000
145152,1.8978,3.3000
145153,1.8970,3.3000
145154,1.8978,3.3000
145155,1.8970,3.3000
145156,1.8994,3.3000
145157,1.8954,3.3000
145158,1.8978,3.3000
145159,1.8962,3.3000
145160,1.9010,3.3000
145161,1.9002,3.3000
145162,1.8954,3.3000
145163,1.8938,3.3000
145164,1.8978,3.3000
145165,1.8954,3.3000
145166,1.8946,3.3000
145167,1.9010,3.3000
145168,1.8954,3.3000
145169,1.8994,3.3000
145170,1.8817,3.3000
145171,1.8954,3.3000
145172,1.8954,3.3000
145173,1.8954,3.3000
145174,1.8954,3.3000
145175,1.8946,3.3000
145176,1.8954,3.3000
145177,1.8938,3.3000
145178,1.8954,3.3000
145179,1.8914,3.3000
145180,1.8946,3.3000
145181,1.8954,3.3000
145182,1.9075,3.3000
145183,1.8954,3.3000
145184,1.8938,3.3000
145185,1.8962,3.3000
145186,1.8954,3.3000
145187,1.8938,3.3000
145188,1.8946,3.3000
145189,1.8946,3.3000
145190,1.8986,3.3000
145191,1.8954,3.3000
145192,1.8914,3.3000
145193,1.8930,3.3000
145194,1.8930,3.3000
145195,1.8954,3.3000
145196,1.8946,3.3000
145197,1.8978,3.3000
145198,1.8954,3.3000
145199,1.8954,3.3000
145200,1.8962,3.3000
145201,1.8962,3.3000
145202,1.8954,3.3000
145203,1.8970,3.3000
145204,1.8841,3.3000
145205,1.8938,3.3000
145206,1.8946,3.3000
145207,1.8914,3.3000
145208,1.8946,3.3000
145209,1.8938,3.3000
145210,1.8962,3.3000
145211,1.8954,3.3000
145212,1.8897,3.3000
145213,1.8905,3.3000
145214,1.8873,3.3000
145215,1.8881,3.3000
145216,1.8881,3.3000
145217,1.8930,3.3000
145218,1.8946,3.3000
145219,1.8914,3.3000
145220,1.8905,3.3000
145221,1.8817,3.3000
145222,1.8849,3.3000
145223,1.8881,3.3000
145224,1.9107,3.3000
145225,1.8833,3.3000
145226,1.8865,3.3000
145227,1.8897,3.3000
145228,1.8865,3.3000
145229,1.8833,3.3000
145230,1.8881,3.3000
145231,1.8833,3.3000
145232,1.8873,3.3000
145233,1.8873,3.3000
145234,1.8809,3.3000
145235,1.8905,3.3000
145236,1.8857,3.3000
145237,1.8873,3.3000
145238,1.8930,3.3000
145239,1.8914,3.3000
145240,1.8768,3.3000
145241,1.8833,3.3000
145242,1.8752,3.3000
145243,1.8841,3.3000
145244,1.8865,3.3000
145245,1.8833,3.3000
145246,1.8897,3.3000
145247,1.8825,3.3000
145248,1.8849,3.3000
145249,1.8873,3.3000
145250,1.8736,3.3000
145251,1.8672,3.3000
145252,1.8825,3.3000
145253,1.8841,3.3000
145254,1.8777,3.3000
145255,1.8768,3.3000
145256,1.8905,3.3000
145257,1.8833,3.3000
145258,1.8841,3.3000
145259,1.8833,3.3000
145260,1.8704,3.3000
145261,1.8817,3.3000
145262,1.8785,3.3000
145263,1.8454,3.3000
145264,1.8849,3.3000
145265,1.8817,3.3000
145266,1.8559,3.3000
145267,1.8801,3.3000
145268,1.8744,3.3000
145269,1.8752,3.3000
145270,1.8873,3.3000
145271,1.8785,3.3000
145272,1.8777,3.3000
145273,1.8777,3.3000
145274,1.8817,3.3000
145275,1.8777,3.3000
145276,1.8712,3.3000
145277,1.8736,3.3000
145278,1.8809,3.3000
145279,1.8744,3.3000
145280,1.8567,3.3000
145281,1.8752,3.3000
145282,1.8736,3.3000
145283,1.8736,3.3000
145284,1.8736,3.3000
145285,1.8696,3.3000
145286,1.8720,3.3000
145287,1.8712,3.3000
145288,1.8849,3.3000
145289,1.8752,3.3000
145290,1.8777,3.3000
145291,1.8720,3.3000
145292,1.8704,3.3000
145293,1.8712,3.3000
145294,1.8736,3.3000
145295,1.8736,3.3000
145296,1.8801,3.3000
145297,1.8696,3.3000
145298,1.8744,3.3000
145299,1.8712,3.3000
145300,1.8696,3.3000
145301,1.8696,3.3000
145302,1.8712,3.3000
145303,1.8712,3.3000
145304,1.8728,3.3000
145305,1.8696,3.3000
145306,1.8704,3.3000
145307,1.8696,3.3000
145308,1.8615,3.3000
145309,1.8648,3.3000
145310,1.8696,3.3000
145311,1.8752,3.3000
145312,1.8696,3.3000
145313,1.8656,3.3000
145314,1.8680,3.3000
145315,1.8728,3.3000
145316,1.8470,3.3000
145317,1.8696,3.3000
145318,1.8696,3.3000
145319,1.8656,3.3000
145320,1.8696,3.3000
145321,1.8696,3.3000
145322,1.8777,3.3000
145323,1.8672,3.3000
145324,1.8688,3.3000
145325,1.8664,3.3000
145326,1.8575,3.3000
145327,1.8615,3.3000
145328,1.8640,3.3000
145329,1.8648,3.3000
145330,1.8640,3.3000
145331,1.8656,3.3000
145332,1.8664,3.3000
145333,1.8607,3.3000
145334,1.8607,3.3000
145335,1.8446,3.3000
145336,1.8575,3.3000
145337,1.8817,3.3000
145338,1.8607,3.3000
145339,1.8446,3.3000
145340,1.8599,3.3000
145341,1.8607,3.3000
145342,1.8648,3.3000
145343,1.8575,3.3000
145344,1.8583,3.3000
145345,1.8559,3.3000
145346,1.8575,3.3000
145347,1.8591,3.3000
145348,1.8623,3.3000
145349,1.8591,3.3000
145350,1.8591,3.3000
145351,1.8632,3.3000
145352,1.8535,3.3000
145353,1.8567,3.3000
145354,1.8559,3.3000
145355,1.8543,3.3000
145356,1.8543,3.3000
145357,1.8575,3.3000
145358,1.8495,3.3000
145359,1.8543,3.3000
145360,1.8519,3.3000
145361,1.8527,3.3000
145362,1.8486,3.3000
145363,1.8486,3.3000
145364,1.8462,3.3000
145365,1.8559,3.3000
145366,1.8527,3.3000
145367,1.8511,3.3000
145368,1.8438,3.3000
145369,1.8398,3.3000
145370,1.8446,3.3000
145371,1.8414,3.3000
145372,1.8519,3.3000
145373,1.8495,3.3000
145374,1.8486,3.3000
145375,1.8462,3.3000
145376,1.8470,3.3000
145377,1.8511,3.3000
145378,1.8438,3.3000
145379,1.8422,3.3000
145380,1.8446,3.3000
145381,1.8438,3.3000
145382,1.8414,3.3000
145383,1.8414,3.3000
145384,1.8438,3.3000
145385,1.8438,3.3000
145386,1.8446,3.3000
145387,1.8438,3.3000
145388,1.8366,3.3000
145389,1.8454,3.3000
145390,1.8366,3.3000
145391,1.8430,3.3000
145392,1.8301,3.3000
145393,1.8430,3.3000
145394,1.8478,3.3000
145395,1.8390,3.3000
145396,1.8398,3.3000
145397,1.8366,3.3000
145398,1.8438,3.3000
145399,1.8454,3.3000
145400,1.8341,3.3000
145401,1.8366,3.3000
145402,1.8414,3.3000
145403,1.8390,3.3000
145404,1.8325,3.3000
145405,1.8422,3.3000
145406,1.8398,3.3000
145407,1.8349,3.3000
145408,1.8382,3.3000
145409,1.8317,3.3000
145410,1.8325,3.3000
145411,1.8301,3.3000
145412,1.8358,3.3000
145413,1.8430,3.3000
145414,1.8325,3.3000
145415,1.8349,3.3000
145416,1.8390,3.3000
145417,1.8349,3.3000
145418,1.8366,3.3000
145419,1.8317,3.3000
145420,1.8333,3.3000
145421,1.8382,3.3000
145422,1.8237,3.3000
145423,1.8366,3.3000
145424,1.8422,3.3000
145425,1.8333,3.3000
145426,1.8317,3.3000
145427,1.8366,3.3000
145428,1.8349,3.3000
145429,1.8390,3.3000
145430,1.8293,3.3000
145431,1.8398,3.3000
145432,1.8293,3.3000
145433,1.8349,3.3000
145434,1.8358,3.3000
145435,1.8301,3.3000
145436,1.8358,3.3000
145437,1.8358,3.3000
145438,1.8325,3.3000
145439,1.8309,3.3000
145440,1.8317,3.3000
145441,1.8309,3.3000
145442,1.8261,3.3000
145443,1.8341,3.3000
145444,1.8293,3.3000
145445,1.8333,3.3000
145446,1.8269,3.3000
145447,1.8309,3.3000
145448,1.8390,3.3000
145449,1.8309,3.3000
145450,1.8349,3.3000
145451,1.8293,3.3000
145452,1.8358,3.3000
145453,1.8333,3.3000
145454,1.8269,3.3000
145455,1.8333,3.3000
145456,1.8333,3.3000
145457,1.8349,3.3000
145458,1.8325,3.3000
145459,1.8333,3.3000
145460,1.8269,3.3000
145461,1.8317,3.3000
145462,1.8269,3.3000
145463,1.8325,3.3000
145464,1.8317,3.3000
145465,1.8301,3.3000
145466,1.8301,3.3000
145467,1.8374,3.3000
145468,1.8349,3.3000
145469,1.8285,3.3000
145470,1.8293,3.3000
145471,1.8317,3.2742
145472,1.8261,3.2597
145473,1.8309,3.2404
145474,1.8309,3.2234
145475,1.8309,3.1872
145476,1.8261,3.1888
145477,1.8309,3.1227
145478,1.8285,3.1590
145479,1.8221,3.1195
145480,1.8269,3.1292
145481,1.8261,3.0816
145482,1.8261,3.0937
145483,1.8349,3.0808
145484,1.8317,3.0687
145485,1.8285,3.0502
145486,1.8269,3.0381
145487,1.8293,3.0284
145488,1.8221,3.0163
145489,1.8293,3.0034
145490,1.8301,2.9905
145491,1.8221,2.9728
145492,1.8229,2.9744
145493,1.8237,2.9680
145494,1.8269,2.9567
145495,1.8285,2.9269
145496,1.8285,2.9446
145497,1.8245,2.9059
145498,1.8204,2.9237
145499,1.8253,2.9140
145500,1.8212,2.9059
145501,1.8301,2.8753
145502,1.8221,2.8858
145503,1.8212,2.8785
145504,1.8237,2.8745
145505,1.8196,2.8713
145506,1.8285,2.8608
145507,1.8229,2.8536
145508,1.8341,2.8495
145509,1.8269,2.8262
145510,1.8212,2.8358
145511,1.8285,2.8278
145512,1.8261,2.8334
145513,1.8204,2.8382
145514,1.8269,2.8237
145515,1.8221,2.8157
145516,1.8204,2.8221
145517,1.8237,2.8116
145518,1.8253,2.8084
145519,1.8261,2.8036
145520,1.8237,2.7996
145521,1.8221,2.7955
145522,1.8221,2.7979
145523,1.8229,2.7907
145524,1.8237,2.7891
145525,1.8229,2.7842
145526,1.8301,2.7842
145527,1.8253,2.7778
145528,1.8237,2.7665
145529,1.8285,2.7722
145530,1.8293,2.7714
145531,1.8261,2.7673
145532,1.8221,2.7681
145533,1.8196,2.7577
145534,1.8204,2.7641
145535,1.8221,2.7641
145536,1.8277,2.7601
145537,1.8245,2.7633
145538,1.8237,2.7552
145539,1.8204,2.7520
145540,1.8269,2.7472
145541,1.8285,2.7464
145542,1.8269,2.7440
145543,1.8237,2.7464
145544,1.8285,2.7423
145545,1.8269,2.7423
145546,1.8285,2.7367
145547,1.8204,2.7311
145548,1.8237,2.7456
145549,1.8269,2.7448
145550,1.8269,2.7399
145551,1.8301,2.7375
145552,1.8253,2.7319
145553,1.8229,2.6964
145554,1.8293,2.7351
145555,1.8293,2.7359
145556,1.8261,2.7286
145557,1.8269,2.7327
145558,1.8309,2.7295
145559,1.8261,2.7238
145560,1.8261,2.7230
145561,1.8293,2.7327
145562,1.8285,2.7254
145563,1.8253,2.7286
145564,1.8261,2.7254
145565,1.8237,2.7222
145566,1.8285,2.7262
145567,1.8317,2.7206
145568,1.8285,2.7198
145569,1.8301,2.7206
145570,1.8293,2.7206
145571,1.8293,2.7182
145572,1.8261,2.7230
145573,1.8269,2.7214
145574,1.8269,2.7166
145575,1.8301,2.7182
145576,1.8269,2.7190
145577,1.8293,2.7101
145578,1.8325,2.7190
145579,1.8285,2.7182
145580,1.8349,2.7182
145581,1.8317,2.7174
145582,1.8325,2.7182
145583,1.8325,2.7190
145584,1.8317,2.7166
145585,1.8325,2.7182
145586,1.8325,2.7141
145587,1.8341,2.7037
145588,1.8390,2.7198
145589,1.8325,2.7198
145590,1.8309,2.7246
145591,1.8285,2.7456
145592,1.8422,2.7520
145593,1.8422,2.7609
145594,1.8390,2.7464
145595,1.8438,2.7246
145596,1.8422,2.6924
145597,1.8414,2.6537
145598,1.8390,2.6352
145599,1.8358,2.5965
145600,1.8317,2.5602
145601,1.8301,2.5272
145602,1.8269,2.5006
145603,1.8285,2.4667
145604,1.8229,2.4522
145605,1.8204,2.4506
145606,1.8237,2.4555
145607,1.8172,2.4732
145608,1.8196,2.4885
145609,1.8237,2.4974
145610,1.8229,2.5078
145611,1.8253,2.5022
145612,1.8269,2.4853
145613,1.8180,2.4603
145614,1.8237,2.4385
145615,1.8221,2.4111
145616,1.8180,2.3902
145617,1.8180,2.3596
145618,1.8140,2.3362
145619,1.8148,2.3177
145620,1.8108,2.2999
145621,1.8051,2.2967
145622,1.8051,2.3015
145623,1.8043,2.3152
145624,1.8051,2.3362
145625,1.8100,2.3555
145626,1.8148,2.3741
145627,1.8100,2.3797
145628,1.8180,2.3749
145629,1.8164,2.3596
145630,1.8172,2.3467
145631,1.8124,2.3297
145632,1.8067,2.3128
145633,1.8067,2.2927
145634,1.8059,2.2685
145635,1.8027,2.2427
145636,1.8051,2.2250
145637,1.8019,2.2169
145638,1.7938,2.2185
145639,1.8003,2.2306
145640,1.7930,2.2443
145641,1.8011,2.2653
145642,1.8011,2.2862
145643,1.8011,2.3080
145644,1.8116,2.3080
145645,1.8027,2.3064
145646,1.7979,2.2862
145647,1.8067,2.2733
145648,1.8059,2.2612
145649,1.8011,2.2427
145650,1.8003,2.2226
145651,1.7979,2.2024
145652,1.7963,2.1758
145653,1.7938,2.1662
145654,1.7938,2.1637
145655,1.7922,2.1702
145656,1.7922,2.1815
145657,1.7922,2.2008
145658,1.7938,2.2258
145659,1.7971,2.2564
145660,1.7922,2.2701
145661,1.8011,2.2677
145662,1.8011,2.2564
145663,1.8011,2.2427
145664,1.7987,2.2330
145665,1.8027,2.2145
145666,1.7979,2.2000
145667,1.7947,2.1766
145668,1.8059,2.1621
145669,1.7930,2.1428
145670,1.7938,2.1162
145671,1.7882,2.1234
145672,1.7866,2.1275
145673,1.7922,2.1492
145674,1.7922,2.1621
145675,1.7922,2.1911
145676,1.8003,2.2185
145677,1.8003,2.2266
145678,1.7995,2.2298
145679,1.7971,2.2185
145680,1.7963,2.2097
145681,1.7955,2.1895
145682,1.7938,2.1750
145683,1.7955,2.1549
145684,1.7906,2.1363
145685,1.7922,2.1202
145686,1.7922,2.1017
145687,1.7866,2.0864
145688,1.7890,2.0936
145689,1.7866,2.1025
145690,1.7898,2.1234
145691,1.7906,2.1508
145692,1.7898,2.1831
145693,1.7947,2.1976
145694,1.7963,2.2169
145695,1.7850,2.2048
145696,1.7673,2.1944
145697,1.7979,2.1790
145698,1.7922,2.1702
145699,1.7930,2.1533
145700,1.7971,2.1283
145701,1.7914,2.1170
145702,1.7922,2.0960
145703,1.7842,2.0815
145704,1.7874,2.0622
145705,1.7834,2.0622
145706,1.7793,2.0936
145707,1.7922,2.1138
145708,1.7866,2.1460
145709,1.7681,2.1742
145710,1.7938,2.1911
145711,1.7930,2.2016
145712,1.7947,2.1919
145713,1.7979,2.1847
145714,1.8003,2.1670
145715,1.7922,2.1508
145716,1.7963,2.1355
145717,1.7898,2.1170
145718,1.7898,2.1033
145719,1.7922,2.0856
145720,1.7922,2.0622
145721,1.7850,2.0614
145722,1.7810,2.0622
145723,1.7826,2.0928
145724,1.7922,2.1186
145725,1.7898,2.1460
145726,1.7777,2.1766
145727,1.7922,2.2040
145728,1.7971,2.2121
145729,1.8011,2.2161
145730,1.7995,2.2048
145731,1.8059,2.1976
145732,1.7971,2.1799
145733,1.7947,2.1621
145734,1.7947,2.1444
145735,1.7947,2.1275
145736,1.7922,2.1097
145737,1.7818,2.0993
145738,1.7914,2.0977
145739,1.8067,2.1097
145740,1.7810,2.1251
145741,1.7922,2.1508
145742,1.7922,2.1774
145743,1.7882,2.2153
145744,1.7914,2.2355
145745,1.8067,2.2475
145746,1.7979,2.2492
145747,1.8051,2.2451
145748,1.8059,2.2306
145749,1.8043,2.2185
145750,1.8043,2.2000
145751,1.7979,2.1799
145752,1.7995,2.1621
145753,1.8011,2.1412
145754,1.8003,2.1396
145755,1.7922,2.1323
145756,1.7922,2.1500
145757,1.7955,2.1662
145758,1.7947,2.1919
145759,1.7963,2.2129
145760,1.8035,2.2492
145761,1.8003,2.2685
145762,1.8003,2.2806
145763,1.8108,2.2766
145764,1.8084,2.2669
145765,1.8100,2.2484
145766,1.8100,2.2347
145767,1.8059,2.2121
145768,1.8124,2.1936
145769,1.8140,2.1734
145770,1.8067,2.1549
145771,1.8148,2.1460
145772,1.8043,2.1533
145773,1.7914,2.1662
145774,1.7995,2.1879
145775,1.8075,2.2137
145776,1.8035,2.2379
145777,1.7793,2.2693
145778,1.8092,2.2830
145779,1.8188,2.2830
145780,1.8180,2.2766
145781,1.8172,2.2621
145782,1.8172,2.2500
145783,1.8124,2.2306
145784,1.8164,2.2073
145785,1.8124,2.1887
145786,1.8124,2.1702
145787,1.8092,2.1500
145788,1.8019,2.1476
145789,1.8092,2.1533
145790,1.8108,2.1742
145791,1.8092,2.1944
145792,1.8092,2.2169
145793,1.8140,2.2475
145794,1.8124,2.2741
145795,1.8180,2.2822
145796,1.8188,2.2846
145797,1.8204,2.2685
145798,1.8196,2.2588
145799,1.8204,2.2427
145800,1.8180,2.2234
145801,1.8180,2.2048
145802,1.8180,2.1807
145803,1.8156,2.1637
145804,1.8180,2.1452
145805,1.8075,2.1428
145806,1.8221,2.1541
145807,1.8043,2.1782
145808,1.8140,2.2000
145809,1.8092,2.2306
145810,1.8132,2.2564
145811,1.8261,2.2774
145812,1.8188,2.2838
145813,1.8237,2.2782
145814,1.8108,2.2653
145815,1.8229,2.2548
145816,1.8237,2.2347
145817,1.8325,2.2153
145818,1.8180,2.1976
145819,1.8059,2.1750
145820,1.8100,2.1533
145821,1.7979,2.1476
145822,1.8156,2.1444
145823,1.8132,2.1573
145824,1.8140,2.1807
145825,1.8156,2.2056
145826,1.8132,2.2306
145827,1.8172,2.2669
145828,1.8196,2.2822
145829,1.8269,2.2806
145830,1.8261,2.2741
145831,1.8301,2.2629
145832,1.8261,2.2459
145833,1.8317,2.2290
145834,1.8229,2.2097
145835,1.8204,2.1903
145836,1.8212,2.1678
145837,1.8156,2.1484
145838,1.8164,2.1484
145839,1.8180,2.1533
145840,1.8180,2.1637
145841,1.8180,2.1887
145842,1.8188,2.2193
145843,1.8180,2.2467
145844,1.8221,2.2749
145845,1.8261,2.2838
145846,1.8317,2.2830
145847,1.8325,2.2701
145848,1.8301,2.2580
145849,1.8333,2.2459
145850,1.8293,2.2234
145851,1.8317,2.2056
145852,1.8253,2.1847
145853,1.8204,2.1662
145854,1.8212,2.1492
145855,1.8180,2.1412
145856,1.8180,2.1533
145857,1.8180,2.1710
145858,1.8196,2.1976
145859,1.8196,2.2282
145860,1.8204,2.2572
145861,1.8301,2.2790
145862,1.8309,2.2822
145863,1.8325,2.2822
145864,1.8349,2.2701
145865,1.8309,2.2516
145866,1.8349,2.2395
145867,1.8285,2.2185
145868,1.8237,2.1750
145869,1.8293,2.1782
145870,1.8261,2.1492
145871,1.8229,2.1412
145872,1.8229,2.1662
145873,1.8196,2.1589
145874,1.8221,2.1750
145875,1.8237,2.2024
145876,1.8084,2.2379
145877,1.8309,2.2637
145878,1.8349,2.2822
145879,1.8374,2.2830
145880,1.8398,2.2814
145881,1.8366,2.2701
145882,1.8382,2.2492
145883,1.8349,2.2314
145884,1.8398,2.2201
145885,1.8333,2.1936
145886,1.8277,2.1742
145887,1.8309,2.1557
145888,1.8309,2.1420
145889,1.8237,2.1492
145890,1.8261,2.1653
145891,1.8277,2.1879
145892,1.8309,2.2177
145893,1.8301,2.2524
145894,1.8358,2.2943
145895,1.8414,2.2878
145896,1.8438,2.2838
145897,1.8438,2.2814
145898,1.8446,2.2653
145899,1.8462,2.2508
145900,1.8422,2.2443
145901,1.8438,2.2137
145902,1.8414,2.1927
145903,1.8406,2.1758
145904,1.8333,2.1541
145905,1.8309,2.1492
145906,1.8349,2.1573
145907,1.8333,2.1815
145908,1.8269,2.2048
145909,1.8325,2.2347
145910,1.8349,2.2459
145911,1.8333,2.2870
145912,1.8446,2.2935
145913,1.8527,2.2685
145914,1.8446,2.2782
145915,1.8462,2.2677
145916,1.8511,2.2451
145917,1.8486,2.2306
145918,1.8454,2.2185
145919,1.8430,2.1936
145920,1.8406,2.1742
145921,1.8366,2.1573
145922,1.8366,2.1605
145923,1.8358,2.1742
145924,1.8398,2.1952
145925,1.8406,2.2185
145926,1.8438,2.2572
145927,1.8446,2.2830
145928,1.8486,2.3015
145929,1.8543,2.2967
145930,1.8575,2.2822
145931,1.8607,2.2814
145932,1.8543,2.2653
145933,1.8583,2.2540
145934,1.8519,2.2322
145935,1.8462,2.2153
145936,1.8486,2.2056
145937,1.8486,2.1686
145938,1.8446,2.1613
145939,1.8438,2.1670
145940,1.8422,2.1863
145941,1.8446,2.2105
145942,1.8438,2.2435
145943,1.8559,2.2564
145944,1.8495,2.2935
145945,1.8543,2.3088
145946,1.8591,2.3056
145947,1.8615,2.2927
145948,1.8623,2.2846
145949,1.8591,2.2685
145950,1.8607,2.2540
145951,1.8567,2.2258
145952,1.8551,2.2193
145953,1.8559,2.2008
145954,1.8486,2.1790
145955,1.8495,2.1790
145956,1.8495,2.1879
145957,1.8446,2.2048
145958,1.8511,2.2314
145959,1.8495,2.2564
145960,1.8527,2.2927
145961,1.8551,2.3080
145962,1.8607,2.3160
145963,1.8623,2.3104
145964,1.8632,2.2999
145965,1.8672,2.2959
145966,1.8656,2.2661
145967,1.8591,2.2564
145968,1.8583,2.2347
145969,1.8559,2.2193
145970,1.8527,2.1960
145971,1.8551,2.1863
145972,1.8495,2.1831
145973,1.8511,2.2016
145974,1.8519,2.2306
145975,1.8495,2.2475
145976,1.8559,2.2701
145977,1.8543,2.2999
145978,1.8583,2.3185
145979,1.8656,2.3225
145980,1.8688,2.3096
145981,1.8696,2.2999
145982,1.8696,2.2846
145983,1.8656,2.2653
145984,1.8640,2.2532
145985,1.8615,2.2306
145986,1.8567,2.2177
145987,1.8567,2.2000
145988,1.8551,2.1831
145989,1.8543,2.1911
145990,1.8567,2.2089
145991,1.8511,2.2226
145992,1.8559,2.2580
145993,1.8567,2.2822
145994,1.8591,2.3080
145995,1.8656,2.3128
145996,1.8696,2.3136
145997,1.8696,2.2983
145998,1.8656,2.2903
145999,1.8704,2.2741
146000,1.8672,2.2604
146001,1.8688,2.2645
146002,1.8648,2.2258
146003,1.8607,2.2032
146004,1.8567,2.1847
146005,1.8575,2.1815
146006,1.8543,2.1879
146007,1.8559,2.2193
146008,1.8559,2.2338
146009,1.8543,2.2621
146010,1.8559,2.2870
146011,1.8640,2.3040
146012,1.8688,2.3064
146013,1.8680,2.2991
146014,1.8696,2.2854
146015,1.8680,2.2693
146016,1.8696,2.2564
146017,1.8623,2.2330
146018,1.8656,2.2250
146019,1.8591,2.2048
146020,1.8575,2.1847
146021,1.8551,2.1694
146022,1.8527,2.1662
146023,1.8495,2.1782
146024,1.8527,2.2040
146025,1.8527,2.2210
146026,1.8567,2.2508
146027,1.8583,2.2749
146028,1.8623,2.2862
146029,1.8696,2.2822
146030,1.8672,2.2749
146031,1.8712,2.2564
146032,1.8696,2.2548
146033,1.8623,2.2306
146034,1.8607,2.2073
146035,1.8607,2.1952
146036,1.8575,2.1702
146037,1.8495,2.1541
146038,1.8495,2.1549
146039,1.8495,2.1645
146040,1.8495,2.1734
146041,1.8470,2.1879
146042,1.8438,2.2177
146043,1.8519,2.2588
146044,1.8575,2.2766
146045,1.8615,2.2870
146046,1.8648,2.2830
146047,1.8640,2.2774
146048,1.8615,2.2645
146049,1.8567,2.2516
146050,1.8567,2.2266
146051,1.8503,2.2121
146052,1.8543,2.1944
146053,1.8511,2.1702
146054,1.8438,2.1613
146055,1.8438,2.1653
146056,1.8422,2.1750
146057,1.8438,2.2064
146058,1.8446,2.2258
146059,1.8438,2.2604
146060,1.8486,2.2782
146061,1.8478,2.2862
146062,1.8575,2.2862
146063,1.8567,2.2822
146064,1.8551,2.2621
146065,1.8567,2.2435
146066,1.8519,2.2306
146067,1.8495,2.2097
146068,1.8462,2.1919
146069,1.8454,2.1774
146070,1.8398,2.1557
146071,1.8390,2.1428
146072,1.8382,2.1492
146073,1.8253,2.1581
146074,1.8414,2.1815
146075,1.8414,2.2137
146076,1.8414,2.2387
146077,1.8470,2.2435
146078,1.8486,2.2427
146079,1.8511,2.2306
146080,1.8462,2.2210
146081,1.8462,2.2024
146082,1.8414,2.1871
146083,1.8438,2.1662
146084,1.8390,2.1508
146085,1.8325,2.1283
146086,1.8333,2.1138
146087,1.8212,2.0993
146088,1.8277,2.0968
146089,1.8269,2.1009
146090,1.8261,2.1251
146091,1.8277,2.1484
146092,1.8293,2.1790
146093,1.8382,2.2032
146094,1.8333,2.2161
146095,1.8430,2.2048
146096,1.8382,2.1992
146097,1.8358,2.1847
146098,1.8341,2.1710
146099,1.8349,2.1412
146100,1.8325,2.1388
146101,1.8317,2.1154
146102,1.8253,2.1017
146103,1.8188,2.0888
146104,1.8212,2.0622
146105,1.8180,2.0856
146106,1.8204,2.1017
146107,1.8172,2.1234
146108,1.8180,2.1331
146109,1.8237,2.1790
146110,1.8309,2.2048
146111,1.8317,2.2089
146112,1.8358,2.2073
146113,1.8341,2.2008
146114,1.8325,2.1871
146115,1.8317,2.1782
146116,1.8301,2.1533
146117,1.8285,2.1396
146118,1.8317,2.1259
146119,1.8229,2.1065
146120,1.8188,2.0912
146121,1.8188,2.0872
146122,1.8180,2.0904
146123,1.8221,2.1146
146124,1.8180,2.1388
146125,1.8204,2.1662
146126,1.8269,2.1968
146127,1.8269,2.2089
146128,1.8358,2.2048
146129,1.8317,2.2048
146130,1.8317,2.1919
146131,1.8285,2.1823
146132,1.8301,2.1645
146133,1.8293,2.1396
146134,1.8237,2.1299
146135,1.8188,2.1154
146136,1.8237,2.0968
146137,1.8140,2.0872
146138,1.8156,2.0864
146139,1.8172,2.1017
146140,1.8172,2.1170
146141,1.8188,2.1428
146142,1.8180,2.1718
146143,1.8196,2.2048
146144,1.8221,2.2056
146145,1.8196,2.2056
146146,1.8293,2.2008
146147,1.8261,2.1919
146148,1.8196,2.1694
146149,1.8237,2.1557
146150,1.8204,2.1331
146151,1.8180,2.1170
146152,1.8108,2.1017
146153,1.8148,2.0872
146154,1.8108,2.0807
146155,1.8156,2.0888
146156,1.8156,2.1009
146157,1.8180,2.1259
146158,1.8148,2.1533
146159,1.8180,2.1815
146160,1.8180,2.2008
146161,1.8221,2.2048
146162,1.7922,2.1976
146163,1.8253,2.1863
146164,1.8478,2.1782
146165,1.8229,2.1621
146166,1.8204,2.1460
146167,1.8172,2.1275
146168,1.8180,2.1089
146169,1.8164,2.1057
146170,1.8140,2.0832
146171,1.8075,2.0832
146172,1.8124,2.0968
146173,1.8140,2.1089
146174,1.8221,2.1331
146175,1.8156,2.1653
146176,1.8180,2.1903
146177,1.8188,2.2129
146178,1.8301,2.2129
146179,1.8221,2.2064
146180,1.8293,2.2032
146181,1.8277,2.1831
146182,1.8237,2.1670
146183,1.8196,2.1508
146184,1.8140,2.1275
146185,1.8156,2.1154
146186,1.8180,2.0977
146187,1.8092,2.0920
146188,1.8092,2.1009
146189,1.8156,2.1122
146190,1.8059,2.1291
146191,1.8108,2.1549
146192,1.8172,2.1839
146193,1.8188,2.2161
146194,1.8221,2.2411
146195,1.8253,2.2524
146196,1.8269,2.2564
146197,1.8382,2.2451
146198,1.8317,2.2298
146199,1.8253,2.2097
146200,1.8317,2.1992
146201,1.8285,2.1790
146202,1.8237,2.1637
146203,1.8196,2.1492
146204,1.8221,2.1492
146205,1.8325,2.1533
146206,1.8180,2.1670
146207,1.8269,2.1831
146208,1.8253,2.2032
146209,1.8229,2.2226
146210,1.8229,2.2395
146211,1.8301,2.2588
146212,1.8333,2.2806
146213,1.8317,2.2951
146214,1.8325,2.3080
146215,1.8414,2.3257
146216,1.8349,2.3354
146217,1.8430,2.3523
146218,1.8438,2.3716
146219,1.8390,2.3716
146220,1.8454,2.3845
146221,1.8519,2.3853
146222,1.8495,2.4063
146223,1.8478,2.4111
146224,1.8486,2.4184
146225,1.8535,2.4289
146226,1.8599,2.4369
146227,1.8551,2.4442
146228,1.8575,2.4530
146229,1.8575,2.4595
146230,1.8640,2.4643
146231,1.8672,2.4716
146232,1.8672,2.4845
146233,1.8696,2.4925
146234,1.8656,2.4958
146235,1.8744,2.5038
146236,1.8696,2.5135
146237,1.8688,2.5167
146238,1.8801,2.5248
146239,1.8736,2.5280
146240,1.8801,2.5352
146241,1.8777,2.5425
146242,1.8785,2.5449
146243,1.8833,2.5457
146244,1.8833,2.5546
146245,1.8873,2.5618
146246,1.8809,2.5659
146247,1.8809,2.5667
146248,1.8881,2.5747
146249,1.8922,2.5739
146250,1.8881,2.5844
146251,1.8825,2.5868
146252,1.8978,2.5916
146253,1.8801,2.5908
146254,1.8954,2.5965
146255,1.8962,2.6037
146256,1.8954,2.6086
146257,1.8962,2.6102
146258,1.8978,2.6166
146259,1.8954,2.6166
146260,1.8938,2.6174
146261,1.8962,2.6247
146262,1.8978,2.6287
146263,1.8994,2.6255
146264,1.9010,2.6303
146265,1.8978,2.6344
146266,1.9171,2.6408
146267,1.9010,2.6424
146268,1.9034,2.6448
146269,1.9034,2.6456
146270,1.9075,2.6505
146271,1.9188,2.6513
146272,1.9075,2.6593
146273,1.9075,2.6593
146274,1.9091,2.6585
146275,1.9091,2.6650
146276,1.9075,2.6642
146277,1.9131,2.6690
146278,1.9075,2.6698
146279,1.9107,2.6722
146280,1.9099,2.6779
146281,1.9131,2.6827
146282,1.9123,2.6803
146283,1.9139,2.6795
146284,1.9131,2.6819
146285,1.9171,2.6892
146286,1.9171,2.6916
146287,1.9131,2.6940
146288,1.9107,2.6948
146289,1.9381,2.6972
146290,1.9163,2.7004
146291,1.9179,2.7045
146292,1.9131,2.7061
146293,1.9228,2.7077
146294,1.9204,2.7101
146295,1.9139,2.7077
146296,1.9212,2.7206
146297,1.9188,2.7254
146298,1.9204,2.7206
146299,1.9196,2.7262
146300,1.9171,2.7311
146301,1.9204,2.7335
146302,1.9236,2.7407
146303,1.9188,2.7415
146304,1.9333,2.7504
146305,1.9204,2.7544
146306,1.9204,2.7568
146307,1.9212,2.7665
146308,1.9212,2.7722
146309,1.9212,2.7746
146310,1.9212,2.7810
146311,1.9284,2.7851
146312,1.9236,2.7963
146313,1.9220,2.8004
146314,1.9252,2.8060
146315,1.9204,2.8181
146316,1.9292,2.8262
146317,1.9163,2.8390
146318,1.9212,2.8519
146319,1.9260,2.8624
146320,1.9292,2.8705
146321,1.9260,2.8874
146322,1.9268,2.9116
146323,1.9284,2.9269
146324,1.9284,2.9269
146325,1.9300,2.9615
146326,1.9308,2.9760
146327,1.9349,2.9914
146328,1.9349,3.0051
146329,1.9300,3.0252
146330,1.9349,3.0357
146331,1.9349,3.0542
146332,1.9268,3.0663
146333,1.9381,3.0832
146334,1.9316,3.1018
146335,1.9357,3.1179
146336,1.9550,3.1316
146337,1.9421,3.1412
146338,1.9405,3.1541
146339,1.9542,3.1727
146340,1.9453,3.1848
146341,1.9397,3.2033
146342,1.9373,3.2162
146343,1.9445,3.2315
146344,1.9445,3.3000
146345,1.9470,3.2581
146346,1.9397,3.2621
146347,1.9413,3.2742
146348,1.9445,3.2879
146349,1.9437,3.2984
146350,1.9381,3.3000
146351,1.9445,3.3000
146352,1.9462,3.3000
146353,1.9373,3.3000
146354,1.9429,3.3000
146355,1.9429,3.3000
146356,1.9470,3.3000
146357,1.9518,3.3000
146358,1.9445,3.3000
146359,1.9445,3.3000
146360,1.9470,3.3000
146361,1.9526,3.3000
146362,1.9518,3.3000
146363,1.9502,3.3000
146364,1.9470,3.3000
146365,1.9478,3.3000
146366,1.9558,3.3000
146367,1.9453,3.3000
146368,1.9526,3.3000
146369,1.9518,3.3000
146370,1.9478,3.3000
146371,1.9470,3.3000
146372,1.9526,3.3000
146373,1.9502,3.3000
146374,1.9542,3.3000
146375,1.9470,3.3000
146376,1.9558,3.3000
146377,1.9453,3.3000
146378,1.9494,3.3000
146379,1.9502,3.3000
146380,1.9526,3.3000
146381,1.9566,3.3000
146382,1.9526,3.3000
146383,1.9510,3.3000
146384,1.9510,3.3000
146385,1.9574,3.3000
146386,1.9582,3.3000
146387,1.9566,3.3000
146388,1.9526,3.3000
146389,1.9550,3.3000
146390,1.9607,3.3000
146391,1.9574,3.3000
146392,1.9574,3.3000
146393,1.9470,3.3000
146394,1.9518,3.3000
146395,1.9550,3.3000
146396,1.9494,3.3000
146397,1.9566,3.3000
146398,1.9574,3.3000
146399,1.9599,3.3000
146400,1.9574,3.3000
146401,1.9542,3.3000
146402,1.9599,3.3000
146403,1.9574,3.3000
146404,1.9599,3.3000
146405,1.9574,3.3000
146406,1.9655,3.3000
146407,1.9582,3.3000
146408,1.9639,3.3000
146409,1.9582,3.3000
146410,1.9607,3.3000
146411,1.9655,3.3000
146412,1.9607,3.3000
146413,1.9623,3.3000
146414,1.9615,3.3000
146415,1.9623,3.3000
146416,1.9639,3.3000
146417,1.9615,3.3000
146418,1.9671,3.3000
146419,1.9615,3.3000
146420,1.9671,3.3000
146421,1.9703,3.3000
146422,1.9711,3.3000
146423,1.9719,3.3000
146424,1.9639,3.3000
146425,1.9647,3.3000
146426,1.9574,3.3000
146427,1.9719,3.3000
146428,1.9679,3.3000
146429,1.9752,3.3000
146430,1.9695,3.3000
146431,1.9719,3.3000
146432,1.9687,3.3000
146433,1.9744,3.3000
146434,1.9679,3.3000
146435,1.9703,3.3000
146436,1.9719,3.3000
146437,1.9744,3.3000
146438,1.9727,3.3000
146439,1.9760,3.3000
146440,1.9687,3.3000
146441,1.9727,3.3000
146442,1.9719,3.3000
146443,1.9727,3.3000
146444,1.9727,3.3000
146445,1.9727,3.3000
146446,1.9727,3.3000
146447,1.9752,3.3000
146448,1.9736,3.3000
146449,1.9727,3.3000
146450,1.9776,3.3000
146451,1.9776,3.3000
146452,1.9800,3.3000
146453,1.9840,3.3000
146454,1.9768,3.3000
146455,1.9768,3.3000
146456,1.9760,3.3000
146457,1.9816,3.3000
146458,1.9776,3.3000
146459,1.9752,3.3000
146460,1.9800,3.3000
146461,1.9736,3.3000
146462,1.9776,3.3000
146463,1.9864,3.3000
146464,1.9864,3.3000
146465,1.9800,3.3000
146466,1.9800,3.3000
146467,1.9832,3.3000
146468,1.9856,3.3000
146469,1.9840,3.3000
146470,1.9848,3.3000
146471,1.9848,3.3000
146472,1.9808,3.3000
146473,1.9856,3.3000
146474,1.9873,3.3000
146475,1.9824,3.3000
146476,1.9864,3.3000
146477,1.9913,3.3000
146478,1.9913,3.3000
146479,1.9864,3.3000
146480,1.9945,3.3000
146481,1.9913,3.3000
146482,1.9897,3.3000
146483,1.9905,3.3000
146484,1.9953,3.3000
146485,1.9864,3.3000
146486,1.9897,3.3000
146487,1.9864,3.3000
146488,1.9953,3.3000
146489,1.9913,3.3000
146490,1.9929,3.3000
146491,1.9937,3.3000
146492,1.9945,3.3000
146493,1.9929,3.3000
146494,1.9977,3.3000
146495,1.9985,3.3000
146496,1.9953,3.3000
146497,1.9985,3.3000
146498,1.9969,3.3000
146499,1.9945,3.3000
146500,2.0050,3.3000
146501,1.9977,3.3000
146502,1.9985,3.3000
146503,1.9985,3.3000
146504,1.9985,3.3000
146505,1.9993,3.3000
146506,1.9985,3.3000
146507,2.0098,3.3000
146508,2.0026,3.3000
146509,2.0042,3.3000
146510,2.0026,3.3000
146511,2.0042,3.3000
146512,1.9985,3.3000
146513,2.0026,3.3000
146514,2.0042,3.3000
146515,2.0034,3.3000
146516,2.0034,3.3000
146517,2.0058,3.3000
146518,2.0034,3.3000
146519,2.0106,3.3000
146520,2.0122,3.3000
146521,2.0074,3.3000
146522,2.0106,3.3000
146523,2.0082,3.3000
146524,2.0106,3.3000
146525,2.0106,3.3000
146526,2.0155,3.3000
146527,2.0074,3.3000
146528,2.0074,3.3000
146529,2.0042,3.3000
146530,2.0130,3.3000
146531,2.0138,3.3000
146532,2.0122,3.3000
146533,2.0130,3.3000
146534,2.0171,3.3000
146535,2.0122,3.3000
146536,2.0122,3.3000
146537,2.0203,3.3000
146538,2.0171,3.3000
146539,2.0163,3.3000
146540,2.0138,3.3000
146541,2.0155,3.3000
146542,2.0155,3.3000
146543,2.0195,3.3000
146544,2.0235,3.3000
146545,2.0130,3.3000
146546,2.0235,3.3000
146547,2.0211,3.3000
146548,2.0203,3.3000
146549,2.0243,3.3000
146550,2.0227,3.3000
146551,2.0243,3.3000
146552,2.0243,3.3000
146553,2.0243,3.3000
146554,2.0243,3.3000
146555,2.0235,3.3000
146556,2.0235,3.3000
146557,2.0316,3.3000
146558,2.0243,3.3000
146559,2.0267,3.3000
146560,2.0316,3.3000
146561,2.0243,3.3000
146562,2.0251,3.3000
146563,2.0316,3.3000
146564,2.0284,3.3000
146565,2.0284,3.3000
146566,2.0316,3.3000
146567,2.0372,3.3000
146568,2.0284,3.3000
146569,2.0332,3.3000
146570,2.0292,3.3000
146571,2.0364,3.3000
146572,2.0292,3.3000
146573,2.0316,3.3000
146574,2.0267,3.2968
146575,2.0292,3.2629
146576,2.0348,3.2162
146577,2.0388,3.1864
146578,2.0332,3.1533
146579,2.0292,3.1332
146580,2.0541,3.1251
146581,2.0396,3.1243
146582,2.0332,3.1227
146583,2.0332,3.1332
146584,2.0380,3.1356
146585,2.0364,3.1469
146586,2.0356,3.1517
146587,2.0396,3.1646
146588,2.0380,3.1888
146589,2.0412,3.1944
146590,2.0429,3.2234
146591,2.0388,3.2178
146592,2.0348,3.2371
146593,2.0300,3.2484
146594,2.0364,3.2597
146595,2.0404,3.2702
146596,2.0332,3.2750
146597,2.0388,3.2823
146598,2.0437,3.2879
146599,2.0388,3.2919
146600,2.0380,3.2952
146601,2.0429,3.3000
146602,2.0388,3.3000
146603,2.0421,3.2968
146604,2.0421,3.3000
146605,2.0364,3.3000
146606,2.0412,3.3000
146607,2.0477,3.3000
146608,2.0445,3.3000
146609,2.0445,3.3000
146610,2.0453,3.3000
146611,2.0364,3.3000
146612,2.0429,3.3000
146613,2.0396,3.3000
146614,2.0493,3.3000
146615,2.0453,3.3000
146616,2.0493,3.3000
146617,2.0493,3.3000
146618,2.0485,3.3000
146619,2.0421,3.3000
146620,2.0445,3.3000
146621,2.0501,3.3000
146622,2.0493,3.3000
146623,2.0445,3.3000
146624,2.0582,3.3000
146625,2.0469,3.3000
146626,2.0509,3.3000
146627,2.0485,3.3000
146628,2.0501,3.3000
146629,2.0501,3.3000
146630,2.0501,3.3000
146631,2.0509,3.3000
146632,2.0501,3.3000
146633,2.0517,3.3000
146634,2.0501,3.3000
146635,2.0493,3.3000
146636,2.0477,3.3000
146637,2.0501,3.3000
146638,2.0541,3.3000
146639,2.0501,3.3000
146640,2.0509,3.3000
146641,2.0525,3.3000
146642,2.0517,3.3000
146643,2.0501,3.3000
146644,2.0541,3.3000
146645,2.0598,3.3000
146646,2.0501,3.3000
146647,2.0501,3.3000
146648,2.0501,3.3000
146649,2.0525,3.3000
146650,2.0501,3.3000
146651,2.0509,3.3000
146652,2.0517,3.3000
146653,2.0525,3.3000
146654,2.0525,3.3000
146655,2.0549,3.3000
146656,2.0590,3.3000
146657,2.0582,3.3000
146658,2.0525,3.3000
146659,2.0541,3.3000
146660,2.0598,3.3000
146661,2.0541,3.3000
146662,2.0533,3.3000
146663,2.0598,3.3000
146664,2.0509,3.3000
146665,2.0622,3.3000
146666,2.0525,3.3000
146667,2.0558,3.3000
146668,2.0541,3.3000
146669,2.0558,3.3000
146670,2.0566,3.3000
146671,2.0622,3.3000
146672,2.0541,3.3000
146673,2.0549,3.3000
146674,2.0614,3.3000
146675,2.0590,3.3000
146676,2.0412,3.3000
146677,2.0622,3.3000
146678,2.0622,3.3000
146679,2.0590,3.3000
146680,2.0606,3.3000
146681,2.0590,3.3000
146682,2.0541,3.3000
146683,2.0606,3.3000
146684,2.0614,3.3000
146685,2.0606,3.3000
146686,2.0622,3.3000
146687,2.0622,3.3000
146688,2.0606,3.3000
146689,2.0558,3.3000
146690,2.0622,3.3000
146691,2.0590,3.3000
146692,2.0622,3.3000
146693,2.0622,3.3000
146694,2.0622,3.3000
146695,2.0614,3.3000
146696,2.0590,3.3000
146697,2.0622,3.3000
146698,2.0622,3.3000
146699,2.0558,3.3000
146700,2.0622,3.3000
146701,2.0622,3.3000
146702,2.0501,3.3000
146703,2.0622,3.3000
146704,2.0622,3.3000
146705,2.0614,3.3000
146706,2.0622,3.3000
146707,2.0622,3.3000
146708,2.0622,3.3000
146709,2.0622,3.3000
146710,2.0622,3.3000
146711,2.0622,3.3000
146712,2.0622,3.3000
146713,2.0622,3.3000
146714,2.0622,3.3000
146715,2.0598,3.3000
146716,2.0622,3.3000
146717,2.0606,3.3000
146718,2.0622,3.3000
146719,2.0622,3.3000
146720,2.0622,3.3000
146721,2.0622,3.3000
146722,2.0622,3.3000
146723,2.0622,3.3000
146724,2.0622,3.3000
146725,2.0622,3.3000
146726,2.0622,3.3000
146727,2.0622,3.3000
146728,2.0622,3.3000
146729,2.0622,3.3000
146730,2.0622,3.3000
146731,2.0622,3.3000
146732,2.0622,3.3000
146733,2.0622,3.3000
146734,2.0622,3.3000
146735,2.0622,3.3000
146736,2.0622,3.3000
146737,2.0622,3.3000
146738,2.0622,3.3000
146739,2.0622,3.3000
146740,2.0622,3.3000
146741,2.0614,3.3000
146742,2.0622,3.3000
146743,2.0622,3.3000
146744,2.0928,3.3000
146745,2.0622,3.3000
146746,2.0622,3.3000
146747,2.0622,3.3000
146748,2.0622,3.3000
146749,2.0622,3.3000
146750,2.0622,3.3000
146751,2.0622,3.3000
146752,2.0622,3.3000
146753,2.0622,3.3000
146754,2.0622,3.3000
146755,2.0622,3.3000
146756,2.0622,3.3000
146757,2.0622,3.3000
146758,2.0622,3.3000
146759,2.0622,3.3000
146760,2.0622,3.3000
146761,2.0622,3.3000
146762,2.0622,3.3000
146763,2.0622,3.3000
146764,2.0598,3.3000
146765,2.0622,3.3000
146766,2.0622,3.3000
146767,2.0622,3.3000
146768,2.0622,3.3000
146769,2.0622,3.3000
146770,2.0622,3.3000
146771,2.0622,3.3000
146772,2.0815,3.3000
146773,2.0622,3.3000
146774,2.0622,3.3000
146775,2.0622,3.3000
146776,2.0622,3.3000
146777,2.0622,3.3000
146778,2.0815,3.3000
146779,2.0622,3.3000
146780,2.0815,3.3000
146781,2.0525,3.3000
146782,2.0799,3.3000
146783,2.0622,3.3000
146784,2.0799,3.3000
146785,2.0622,3.3000
146786,2.0622,3.3000
146787,2.0622,3.3000
146788,2.0864,3.3000
146789,2.0815,3.3000
146790,2.0622,3.3000
146791,2.0799,3.3000
146792,2.0807,3.3000
146793,2.0622,3.3000
146794,2.0872,3.3000
146795,2.0864,3.3000
146796,2.0622,3.3000
146797,2.0872,3.3000
146798,2.0815,3.3000
146799,2.1017,3.3000
146800,2.0815,3.3000
146801,2.0622,3.3000
146802,2.0622,3.3000
146803,2.0840,3.3000
146804,2.0622,3.3000
146805,2.0832,3.3000
146806,2.0832,3.3000
146807,2.0848,3.3000
146808,2.0896,3.3000
146809,2.0856,3.3000
146810,2.0815,3.3000
146811,2.0840,3.3000
146812,2.0832,3.3000
146813,2.0872,3.3000
146814,2.0864,3.3000
146815,2.0622,3.3000
146816,2.0880,3.3000
146817,2.0622,3.3000
146818,2.0856,3.3000
146819,2.0904,3.3000
146820,2.0864,3.3000
146821,2.0815,3.3000
146822,2.0977,3.3000
146823,2.0960,3.3000
146824,2.0840,3.3000
146825,2.0848,3.3000
146826,2.0864,3.3000
146827,2.0896,3.3000
146828,2.0880,3.3000
146829,2.0888,3.3000
146830,2.0888,3.3000
146831,2.0872,3.3000
146832,2.0872,3.3000
146833,2.0880,3.3000
146834,2.0985,3.3000
146835,2.0912,3.3000
146836,2.0928,3.3000
146837,2.0944,3.3000
146838,2.0920,3.3000
146839,2.0968,3.3000
146840,2.0904,3.3000
146841,2.0936,3.3000
146842,2.0968,3.3000
146843,2.0872,3.3000
146844,2.0920,3.3000
146845,2.0977,3.3000
146846,2.0944,3.3000
146847,2.0993,3.3000
146848,2.1057,3.3000
146849,2.0993,3.3000
146850,2.0993,3.3000
146851,2.0968,3.3000
146852,2.1009,3.3000
146853,2.1017,3.3000
146854,2.0993,3.3000
146855,2.1017,3.3000
146856,2.1081,3.3000
146857,2.1017,3.3000
146858,2.1017,3.3000
146859,2.1017,3.3000
146860,2.1025,3.3000
146861,2.1017,3.3000
146862,2.1065,3.3000
146863,2.1097,3.3000
146864,2.1057,3.3000
146865,2.1194,3.3000
146866,2.1073,3.3000
146867,2.1146,3.3000
146868,2.1073,3.3000
146869,2.1162,3.3000
146870,2.1105,3.3000
146871,2.1154,3.3000
146872,2.1154,3.3000
146873,2.1170,3.3000
146874,2.1146,3.3000
146875,2.1146,3.3000
146876,2.1170,3.3000
146877,2.1154,3.3000
146878,2.1234,3.3000
146879,2.1170,3.3000
146880,2.1226,3.3000
146881,2.1170,3.3000
146882,2.1275,3.3000
146883,2.1283,3.3000
146884,2.1275,3.3000
146885,2.1275,3.3000
146886,2.1347,3.3000
146887,2.1323,3.3000
146888,2.1291,3.3000
146889,2.1396,3.3000
146890,2.1371,3.3000
146891,2.1476,3.3000
146892,2.1484,3.3000
146893,2.1516,3.3000
146894,2.1533,3.3000
146895,2.1581,3.3000
146896,2.1662,3.3000
146897,2.1686,3.3000
146898,2.1790,3.3000
146899,2.1976,3.3000
146900,2.2097,3.3000
146901,2.2266,3.3000
146902,2.2298,3.2952
146903,2.2314,3.2331
146904,2.2306,3.1421
146905,2.2266,3.1050
146906,2.2258,3.0518
146907,2.2161,2.9970
146908,2.2105,2.9462
146909,2.2073,2.9027
146910,2.2048,2.8479
146911,2.2161,2.8165
146912,2.2258,2.7722
146913,2.2226,2.7464
146914,2.2290,2.7069
146915,2.2298,2.6867
146916,2.2201,2.6473
146917,2.2129,2.6303
146918,2.2185,2.6094
146919,2.2008,2.5820
146920,2.2073,2.5642
146921,2.2226,2.5401
146922,2.2234,2.5167
146923,2.2274,2.5030
146924,2.2193,2.4861
146925,2.2185,2.4627
146926,2.2137,2.4410
146927,2.2040,2.4297
146928,2.2105,2.4200
146929,2.2177,2.4023
146930,2.2177,2.3878
146931,2.2177,2.3733
146932,2.2274,2.3451
146933,2.2218,2.3491
146934,2.2129,2.3354
146935,2.2177,2.3322
146936,2.2008,2.3144
146937,2.2048,2.2951
146938,2.2153,2.2951
146939,2.2185,2.2862
146940,2.2226,2.2798
146941,2.2306,2.2645
146942,2.2234,2.2580
146943,2.2226,2.2540
146944,2.2153,2.2451
146945,2.2048,2.2330
146946,2.2097,2.2218
146947,2.2032,2.2258
146948,2.2089,2.2218
146949,2.2137,2.2048
146950,2.2258,2.2040
146951,2.2234,2.1919
146952,2.2282,2.1895
146953,2.2161,2.1807
146954,2.2073,2.1766
146955,2.2024,2.1678
146956,2.2048,2.1670
146957,2.2097,2.1557
146958,2.2177,2.1533
146959,2.2177,2.1533
146960,2.2258,2.1508
146961,2.2298,2.1420
146962,2.2177,2.1234
146963,2.2121,2.1589
146964,2.2056,2.1275
146965,2.2008,2.1226
146966,2.2048,2.1170
146967,2.2169,2.1105
146968,2.2201,2.1017
146969,2.2129,2.0968
146970,2.2177,2.0622
146971,2.2129,2.1105
146972,2.2056,2.0928
146973,2.2032,2.0622
146974,2.2089,2.0574
146975,2.2129,2.0606
146976,2.2250,2.0501
146977,2.2282,2.0501
146978,2.2218,2.0404
146979,2.2234,2.0404
146980,2.2193,2.0396
146981,2.2105,2.0412
146982,2.2048,2.0332
146983,2.2040,2.0316
146984,2.2048,2.0284
146985,2.2169,2.0300
146986,2.2201,2.0300
146987,2.2193,2.0251
146988,2.2177,2.0235
146989,2.2169,2.0429
146990,2.2048,2.0300
146991,2.2008,2.0509
146992,2.2024,2.0251
146993,2.2129,2.0203
146994,2.2218,2.0243
146995,2.2306,2.0243
146996,2.2266,2.0219
146997,2.2274,2.0243
146998,2.2177,2.0243
146999,2.2137,2.0243
147000,2.2040,2.0243
147001,2.2024,2.0493
147002,2.2089,2.0219
147003,2.2161,2.0243
147004,2.2177,2.0243
147005,2.2193,2.0203
147006,2.2169,2.0195
147007,2.2097,2.0219
147008,2.2056,2.0227
147009,2.1992,2.0227
147010,2.2105,2.0187
147011,2.2177,2.0243
147012,2.2185,2.0227
147013,2.2193,2.0219
147014,2.2177,2.0372
147015,2.2169,2.0243
147016,2.2153,2.0227
147017,2.2000,2.0243
147018,2.2016,2.0243
147019,2.2121,2.0211
147020,2.2169,2.0195
147021,2.2169,2.0203
147022,2.2185,2.0203
147023,2.2161,2.0203
147024,2.2081,2.0203
147025,2.2040,2.0243
147026,2.2048,2.0114
147027,2.2064,2.0235
147028,2.2185,2.0227
147029,2.2258,2.0203
147030,2.2185,2.0211
147031,2.2185,2.0292
147032,2.2153,2.0203
147033,2.2081,2.0203
147034,2.2016,2.0114
147035,2.1968,2.0211
147036,2.2137,2.0235
147037,2.2193,2.0155
147038,2.2177,2.0187
147039,2.2258,2.0187
147040,2.2153,2.0203
147041,2.2064,2.0187
147042,2.2040,2.0171
147043,2.2097,2.0203
147044,2.2081,2.0195
147045,2.2177,2.0243
147046,2.2234,2.0106
147047,2.2193,2.0203
147048,2.2153,2.0171
147049,2.2177,2.0195
147050,2.2137,2.0292
147051,2.2048,2.0187
147052,2.2008,2.0211
147053,2.2056,2.0203
147054,2.2153,2.0187
147055,2.2201,2.0171
147056,2.2201,2.0227
147057,2.2121,2.0171
147058,2.2064,2.0203
147059,2.2064,2.0243
147060,2.2040,2.0219
147061,2.2121,2.0163
147062,2.2185,2.0187
147063,2.2177,2.0187
147064,2.2234,2.0187
147065,2.2137,2.0179
147066,2.2145,2.0147
147067,2.2089,2.0195
147068,2.2064,2.0203
147069,2.2048,2.0235
147070,2.2081,2.0203
147071,2.2210,2.0163
147072,2.2193,2.0171
147073,2.2250,2.0227
147074,2.2218,2.0195
147075,2.2089,2.0203
147076,2.2064,2.0219
147077,2.2048,2.0187
147078,2.2064,2.0155
147079,2.2177,2.0195
147080,2.2193,2.0171
147081,2.2234,2.0203
147082,2.2121,2.0195
147083,2.2105,2.0195
147084,2.2105,2.0171
147085,2.2032,2.0155
147086,2.2024,2.0203
147087,2.2121,2.0155
147088,2.2145,2.0163
147089,2.2210,2.0163
147090,2.2177,2.0106
147091,2.2201,2.0171
147092,2.2153,2.0235
147093,2.2105,2.0171
147094,2.2056,2.0203
147095,2.2048,2.0243
147096,2.2153,2.0195
147097,2.2258,2.0187
147098,2.2234,2.0203
147099,2.2258,2.0227
147100,2.2250,2.0195
147101,2.2177,2.0171
147102,2.2169,2.0203
147103,2.2016,2.0163
147104,2.2000,2.0163
147105,2.2073,2.0195
147106,2.2185,2.0203
147107,2.2290,2.0155
147108,2.2298,2.0171
147109,2.2298,2.0203
147110,2.2290,2.0219
147111,2.2210,2.0211
147112,2.2137,2.0203
147113,2.2089,2.0195
147114,2.2032,2.0187
147115,2.2040,2.0203
147116,2.2145,2.0195
147117,2.2201,2.0195
147118,2.2218,2.0195
147119,2.2185,2.0187
147120,2.2153,2.0122
147121,2.2121,2.0235
147122,2.2089,2.0203
147123,2.2056,2.0163
147124,2.2048,2.0155
147125,2.2177,2.0171
147126,2.2540,2.0203
147127,2.2290,2.0203
147128,2.2266,2.0155
147129,2.2218,2.0243
147130,2.2169,2.0275
147131,2.2089,2.0195
147132,2.2048,2.0195
147133,2.2024,2.0195
147134,2.2048,2.0195
147135,2.2089,2.0203
147136,2.2089,2.0155
147137,2.2129,2.0155
147138,2.2073,2.0171
147139,2.2073,2.0195
147140,2.2048,2.0243
147141,2.2040,2.0098
147142,2.2073,2.0163
147143,2.2169,2.0187
147144,2.2201,2.0195
147145,2.2201,2.0195
147146,2.2218,2.0243
147147,2.2153,2.0171
147148,2.2089,2.0187
147149,2.2032,2.0171
147150,2.1952,2.0171
147151,2.1927,2.0155
147152,2.2016,2.0130
147153,2.2081,2.0147
147154,2.2121,2.0147
147155,2.2113,2.0211
147156,2.2048,2.0155
147157,2.2040,2.0155
147158,2.2089,2.0130
147159,2.2153,2.0122
147160,2.2298,2.0138
147161,2.2137,2.0138
147162,2.2161,2.0114
147163,2.2129,2.0163
147164,2.2048,2.0114
147165,2.1960,2.0155
147166,2.1799,2.0138
147167,2.1976,2.0138
147168,2.2048,2.0155
147169,2.2048,2.0122
147170,2.2040,2.0114
147171,2.2048,2.0114
147172,2.1960,2.0122
147173,2.2048,2.0034
147174,2.2056,2.0130
147175,2.2177,2.0130
147176,2.2218,2.0114
147177,2.2226,2.0235
147178,2.2290,2.0138
147179,2.2161,2.0171
147180,2.2105,2.0122
147181,2.2048,2.0163
147182,2.1968,2.0122
147183,2.1919,2.0122
147184,2.1895,2.0106
147185,2.1936,2.0138
147186,2.1992,2.0122
147187,2.1992,2.0114
147188,2.1936,2.0114
147189,2.2032,2.0122
147190,2.2113,2.0114
147191,2.2218,2.0114
147192,2.2306,2.0122
147193,2.2250,2.0098
147194,2.2347,2.0130
147195,2.2306,2.0155
147196,2.2306,2.0147
147197,2.2121,2.0114
147198,2.1734,2.0106
147199,2.2008,2.0130
147200,2.1847,2.0155
147201,2.1774,2.0138
147202,2.1799,2.0138
147203,2.1831,2.0130
147204,2.1847,2.0114
147205,2.2048,2.0114
147206,2.2177,2.0122
147207,2.2266,2.0203
147208,2.2314,2.0138
147209,2.2306,2.0122
147210,2.2395,2.0138
147211,2.2363,2.0163
147212,2.2282,2.0187
147213,2.2137,2.0138
147214,2.2056,2.0130
147215,2.2024,2.0138
147216,2.1936,2.0171
147217,2.1871,2.0171
147218,2.1774,2.0114
147219,2.1694,2.0138
147220,2.1605,2.0114
147221,2.1516,2.0243
147222,2.1420,2.0509
147223,2.1186,2.0807
147224,2.1404,2.1202
147225,2.1275,2.1589
147226,2.1315,2.1960
147227,2.1275,2.2177
147228,2.1275,2.2258
147229,2.1202,2.2306
147230,2.1146,2.2193
147231,2.1073,2.2226
147232,2.1081,2.2137
147233,2.0944,2.2089
147234,2.0928,2.2000
147235,2.0848,2.1919
147236,2.0622,2.1807
147237,2.0622,2.1718
147238,2.0525,2.1790
147239,2.0501,2.1976
147240,2.0364,2.2250
147241,2.0429,2.2564
147242,2.0533,2.2878
147243,2.0396,2.3096
147244,2.0396,2.3120
147245,2.0388,2.3152
147246,2.0364,2.3080
147247,2.0300,2.2975
147248,2.0284,2.2830
147249,2.0243,2.2701
147250,2.0163,2.2588
147251,2.0090,2.2411
147252,2.0090,2.2282
147253,2.0010,2.2153
147254,1.9969,2.2161
147255,1.9864,2.2137
147256,1.9832,2.2298
147257,1.9816,2.2484
147258,2.0034,2.2717
147259,1.9840,2.2999
147260,1.9832,2.3120
147261,1.9824,2.3152
147262,1.9776,2.3080
147263,1.9752,2.2951
147264,1.9768,2.2822
147265,1.9542,2.2693
147266,1.9671,2.2564
147267,1.9607,2.2475
147268,1.9526,2.2250
147269,1.9494,2.2105
147270,1.9470,2.1952
147271,1.9421,2.1911
147272,1.9397,2.2024
147273,1.9429,2.2121
147274,1.9341,2.2322
147275,1.9341,2.2661
147276,1.9397,2.2822
147277,1.9421,2.2935
147278,1.9421,2.2967
147279,1.9389,2.2838
147280,1.9365,2.2782
147281,1.9333,2.2733
147282,1.9284,2.2427
147283,1.9236,2.2306
147284,1.9268,2.2169
147285,1.9204,2.1960
147286,1.9188,2.1799
147287,1.9075,2.1678
147288,1.9002,2.1621
147289,1.8849,2.1742
147290,1.9026,2.1919
147291,1.8994,2.2153
147292,1.9010,2.2443
147293,1.9075,2.2580
147294,1.9075,2.2717
147295,1.9123,2.2693
147296,1.9091,2.2645
147297,1.8954,2.2508
147298,1.9034,2.2306
147299,1.9002,2.2177
147300,1.8946,2.1976
147301,1.8914,2.1807
147302,1.8938,2.1662
147303,1.8954,2.1436
147304,1.8841,2.1388
147305,1.8768,2.1355
147306,1.8712,2.1508
147307,1.8720,2.1678
147308,1.8752,2.1887
147309,1.8744,2.2250
147310,1.8841,2.2443
147311,1.8841,2.2459
147312,1.8857,2.2274
147313,1.8865,2.2314
147314,1.8857,2.2193
147315,1.8696,2.2048
147316,1.8801,2.1903
147317,1.8793,2.1734
147318,1.8801,2.1541
147319,1.8696,2.1388
147320,1.8640,2.1251
147321,1.8519,2.1146
147322,1.8567,2.1202
147323,1.8607,2.1379
147324,1.8615,2.1589
147325,1.8591,2.1839
147326,1.8656,2.2314
147327,1.8696,2.2314
147328,1.8696,2.2371
147329,1.8704,2.2290
147330,1.8696,2.1944
147331,1.8696,2.2040
147332,1.8623,2.1847
147333,1.8648,2.1702
147334,1.8648,2.1533
147335,1.8470,2.1379
147336,1.8527,2.1202
147337,1.8486,2.1057
147338,1.8519,2.1017
147339,1.8398,2.1105
147340,1.8438,2.1275
147341,1.8438,2.1533
147342,1.8454,2.1750
147343,1.8543,2.2363
147344,1.8559,2.2056
147345,1.8567,2.2169
147346,1.8575,2.2064
147347,1.8527,2.1960
147348,1.8551,2.1782
147349,1.8567,2.1670
147350,1.8478,2.1533
147351,1.8495,2.1323
147352,1.8430,2.1170
147353,1.8390,2.1017
147354,1.8414,2.0928
147355,1.8406,2.0896
147356,1.8309,2.1017
147357,1.8333,2.1226
147358,1.8341,2.1460
147359,1.8438,2.1766
147360,1.8446,2.1968
147361,1.8511,2.2024
147362,1.8454,2.2024
147363,1.8478,2.1960
147364,1.8486,2.1766
147365,1.8462,2.1637
147366,1.8495,2.1525
147367,1.8438,2.1299
147368,1.8382,2.1194
147369,1.8382,2.1041
147370,1.8374,2.1009
147371,1.8333,2.0622
147372,1.8237,2.0848
147373,1.8277,2.0977
147374,1.8261,2.1251
147375,1.8309,2.1492
147376,1.8390,2.1782
147377,1.8430,2.1960
147378,1.8438,2.1903
147379,1.8438,2.1919
147380,1.8398,2.1662
147381,1.8414,2.1613
147382,1.8366,2.1565
147383,1.8325,2.1315
147384,1.8317,2.1194
147385,1.8301,2.1105
147386,1.8301,2.0960
147387,1.8253,2.0622
147388,1.8204,2.0622
147389,1.8196,2.0799
147390,1.8237,2.0960
147391,1.8237,2.1251
147392,1.8285,2.1557
147393,1.8269,2.1782
147394,1.8349,2.1976
147395,1.8358,2.1919
147396,1.8398,2.1879
147397,1.8349,2.1790
147398,1.8301,2.1621
147399,1.8358,2.1533
147400,1.8309,2.1331
147401,1.8333,2.1202
147402,1.8333,2.1025
147403,1.8212,2.0840
147404,1.8261,2.0574
147405,1.8188,2.0622
147406,1.8204,2.0807
147407,1.8221,2.0936
147408,1.8221,2.1202
147409,1.8204,2.1589
147410,1.8269,2.1678
147411,1.8309,2.1903
147412,1.8333,2.1702
147413,1.8301,2.1790
147414,1.8333,2.1686
147415,1.8358,2.1549
147416,1.8293,2.1428
147417,1.8317,2.1073
147418,1.8301,2.1170
147419,1.8237,2.0960
147420,1.8180,2.0622
147421,1.8180,2.0622
147422,1.8188,2.0622
147423,1.8172,2.0848
147424,1.8188,2.1041
147425,1.8180,2.1307
147426,1.8196,2.1508
147427,1.8269,2.1871
147428,1.8325,2.1936
147429,1.8333,2.1976
147430,1.8317,2.1815
147431,1.8366,2.1790
147432,1.8382,2.1645
147433,1.8293,2.1444
147434,1.8333,2.1299
147435,1.8269,2.1146
147436,1.8237,2.0977
147437,1.8212,2.0815
147438,1.8269,2.0622
147439,1.8196,2.0832
147440,1.8204,2.1017
147441,1.8188,2.1275
147442,1.8196,2.1525
147443,1.8204,2.1823
147444,1.8301,2.2073
147445,1.8333,2.2177
147446,1.8398,2.2185
147447,1.8398,2.2129
147448,1.8390,2.2024
147449,1.8349,2.1839
147450,1.8309,2.1718
147451,1.8317,2.1533
147452,1.8293,2.1508
147453,1.8253,2.1218
147454,1.8237,2.1017
147455,1.8237,2.1122
147456,1.8253,2.1146
147457,1.8229,2.1331
147458,1.8229,2.1533
147459,1.8317,2.1790
147460,1.8309,2.2032
147461,1.8301,2.2338
147462,1.8349,2.2443
147463,1.8438,2.2363
147464,1.8422,2.2443
147465,1.8414,2.2274
147466,1.8430,2.2073
147467,1.8382,2.1927
147468,1.8390,2.1815
147469,1.8358,2.1573
147470,1.8293,2.1404
147471,1.8301,2.1146
147472,1.8269,2.1307
147473,1.8317,2.1436
147474,1.8261,2.1565
147475,1.8317,2.1782
147476,1.8333,2.2064
147477,1.8341,2.2314
147478,1.8398,2.2596
147479,1.8438,2.2733
147480,1.8454,2.2677
147481,1.8486,2.2588
147482,1.8527,2.2419
147483,1.8462,2.2298
147484,1.8446,2.2073
147485,1.8446,2.1944
147486,1.8430,2.1766
147487,1.8422,2.1557
147488,1.8414,2.1516
147489,1.8333,2.1533
147490,1.8349,2.1662
147491,1.8366,2.1790
147492,1.8398,2.2048
147493,1.8414,2.2306
147494,1.8438,2.2588
147495,1.8446,2.2814
147496,1.8478,2.2814
147497,1.8559,2.2548
147498,1.8559,2.2653
147499,1.8543,2.2492
147500,1.8519,2.2347
147501,1.8495,2.2177
147502,1.8486,2.1992
147503,1.8438,2.1790
147504,1.8438,2.1629
147505,1.8438,2.1549
147506,1.8398,2.1653
147507,1.8438,2.1790
147508,1.8422,2.2008
147509,1.8446,2.2234
147510,1.8446,2.2459
147511,1.8478,2.2749
147512,1.8478,2.2822
147513,1.8551,2.2822
147514,1.8575,2.2790
147515,1.8591,2.2677
147516,1.8567,2.2524
147517,1.8575,2.2306
147518,1.8551,2.2105
147519,1.8535,2.1903
147520,1.8462,2.1782
147521,1.8438,2.1589
147522,1.8438,2.1613
147523,1.8438,2.1694
147524,1.8446,2.1871
147525,1.8478,2.2081
147526,1.8478,2.2322
147527,1.8519,2.2621
147528,1.8551,2.2895
147529,1.8583,2.2830
147530,1.8615,2.2830
147531,1.8656,2.2701
147532,1.8696,2.2580
147533,1.8640,2.2266
147534,1.8623,2.2290
147535,1.8567,2.2089
147536,1.8551,2.1847
147537,1.8551,2.1525
147538,1.8511,2.1541
147539,1.8511,2.1637
147540,1.8495,2.1670
147541,1.8478,2.1903
147542,1.8495,2.2129
147543,1.8543,2.2443
147544,1.8591,2.2685
147545,1.8623,2.2774
147546,1.8648,2.2878
147547,1.8623,2.2749
147548,1.8696,2.2564
147549,1.8696,2.2451
147550,1.8640,2.2266
147551,1.8656,2.2089
147552,1.8575,2.1927
147553,1.8583,2.1742
147554,1.8543,2.1533
147555,1.8519,2.1404
147556,1.8511,2.1476
147557,1.8470,2.1662
147558,1.8527,2.1903
147559,1.8575,2.2193
147560,1.8527,2.2419
147561,1.8583,2.2685
147562,1.8623,2.2733
147563,1.8648,2.2669
147564,1.8696,2.2564
147565,1.8696,2.2411
147566,1.8696,2.2266
147567,1.8696,2.2048
147568,1.8623,2.1919
147569,1.8607,2.1678
147570,1.8583,2.1533
147571,1.8527,2.1363
147572,1.8495,2.1283
147573,1.8535,2.1371
147574,1.8511,2.1533
147575,1.8551,2.1790
147576,1.8543,2.2137
147577,1.8575,2.2347
147578,1.8672,2.2548
147579,1.8696,2.2508
147580,1.8688,2.2435
147581,1.8696,2.2306
147582,1.8688,2.2177
147583,1.8696,2.1992
147584,1.8672,2.1807
147585,1.8664,2.1653
147586,1.8623,2.1404
147587,1.8583,2.1315
147588,1.8543,2.1146
147589,1.8519,2.1122
147590,1.8495,2.1275
147591,1.8511,2.1484
147592,1.8527,2.1758
147593,1.8551,2.2048
147594,1.8656,2.2266
147595,1.8648,2.2306
147596,1.8664,2.2290
147597,1.8696,2.2153
147598,1.8672,2.2056
147599,1.8656,2.1895
147600,1.8648,2.1702
147601,1.8623,2.1549
147602,1.8575,2.1388
147603,1.8559,2.1226
147604,1.8486,2.1089
147605,1.8446,2.1001
147606,1.8519,2.1017
147607,1.8446,2.1170
147608,1.8486,2.1396
147609,1.8543,2.1670
147610,1.8575,2.2008
147611,1.8615,2.2056
147612,1.8664,2.2048
147613,1.8672,2.1984
147614,1.8672,2.1919
147615,1.8648,2.1790
147616,1.8607,2.1605
147617,1.8623,2.1460
147618,1.8559,2.1299
147619,1.8527,2.1122
147620,1.8777,2.1009
147621,1.8446,2.0840
147622,1.8438,2.0622
147623,1.8446,2.0944
147624,1.8422,2.1146
147625,1.8438,2.1331
147626,1.8462,2.1662
147627,1.8543,2.1903
147628,1.8543,2.1911
147629,1.8575,2.1895
147630,1.8559,2.1742
147631,1.8575,2.1686
147632,1.8551,2.1557
147633,1.8559,2.1379
147634,1.8567,2.1226
147635,1.8462,2.1033
147636,1.8438,2.0912
147637,1.8462,2.0622
147638,1.8382,2.0622
147639,1.8349,2.0622
147640,1.8390,2.0864
147641,1.8382,2.1105
147642,1.8358,2.1404
147643,1.8454,2.1662
147644,1.8414,2.1774
147645,1.8462,2.1758
147646,1.8543,2.1774
147647,1.8543,2.1645
147648,1.8519,2.1444
147649,1.8438,2.1404
147650,1.8486,2.1234
147651,1.8398,2.1057
147652,1.8317,2.0896
147653,1.8366,2.0622
147654,1.8414,2.0501
147655,1.8293,2.0622
147656,1.8285,2.0622
147657,1.8301,2.0856
147658,1.8317,2.1146
147659,1.8325,2.1436
147660,1.8374,2.1637
147661,1.8398,2.1670
147662,1.8390,2.1686
147663,1.8438,2.1621
147664,1.8495,2.1533
147665,1.8414,2.1315
147666,1.8422,2.1259
147667,1.8390,2.1114
147668,1.8156,2.0968
147669,1.8301,2.0622
147670,1.8285,2.0582
147671,1.8285,2.0509
147672,1.8212,2.0477
147673,1.8229,2.0622
147674,1.8269,2.0864
147675,1.8301,2.1234
147676,1.8301,2.1492
147677,1.8349,2.1645
147678,1.8406,2.1686
147679,1.8438,2.1605
147680,1.8438,2.1533
147681,1.8430,2.1428
147682,1.8261,2.1291
147683,1.8366,2.1146
147684,1.8317,2.1009
147685,1.8333,2.0864
147686,1.8277,2.0622
147687,1.8261,2.0509
147688,1.8196,2.0477
147689,1.8204,2.0509
147690,1.8221,2.0622
147691,1.8237,2.1017
147692,1.8293,2.1275
147693,1.8325,2.1525
147694,1.8349,2.1662
147695,1.8366,2.1621
147696,1.8414,2.1605
147697,1.8438,2.1500
147698,1.8366,2.1412
147699,1.8390,2.1267
147700,1.8341,2.1114
147701,1.8366,2.0960
147702,1.8317,2.0622
147703,1.8277,2.0598
147704,1.8212,2.0485
147705,1.8075,2.0501
147706,1.8245,2.0590
147707,1.8229,2.0880
147708,1.8277,2.1097
147709,1.8237,2.1412
147710,1.8333,2.1645
147711,1.8390,2.1678
147712,1.8341,2.1686
147713,1.8398,2.1662
147714,1.8366,2.1533
147715,1.8325,2.1388
147716,1.8358,2.1275
147717,1.8301,2.1097
147718,1.8317,2.0952
147719,1.8309,2.0799
147720,1.8180,2.0622
147721,1.8108,2.0525
147722,1.8204,2.0622
147723,1.8188,2.0622
147724,1.8188,2.1017
147725,1.8261,2.1259
147726,1.8269,2.1541
147727,1.8366,2.1686
147728,1.8333,2.1742
147729,1.8285,2.1782
147730,1.8422,2.1629
147731,1.8366,2.1533
147732,1.8398,2.1388
147733,1.8325,2.1259
147734,1.8495,2.1097
147735,1.8277,2.0912
147736,1.8229,2.1122
147737,1.8285,2.0574
147738,1.8180,2.0533
147739,1.8212,2.0622
147740,1.8180,2.0880
147741,1.8180,2.1041
147742,1.8269,2.1363
147743,1.8349,2.1621
147744,1.8309,2.1758
147745,1.8398,2.1702
147746,1.8277,2.1718
147747,1.8108,2.1662
147748,1.8349,2.1525
147749,1.8349,2.1355
147750,1.8309,2.1218
147751,1.8309,2.1089
147752,1.8301,2.0896
147753,1.8293,2.0622
147754,1.8237,2.0590
147755,1.8438,2.0590
147756,1.8212,2.0622
147757,1.8237,2.1001
147758,1.8221,2.1275
147759,1.8253,2.1533
147760,1.8309,2.1790
147761,1.8398,2.1823
147762,1.8398,2.1807
147763,1.8438,2.1694
147764,1.8398,2.1662
147765,1.8341,2.1492
147766,1.8358,2.1363
147767,1.8406,2.1226
147768,1.8317,2.1154
147769,1.8261,2.0896
147770,1.8253,2.0622
147771,1.8221,2.0590
147772,1.8204,2.0622
147773,1.8237,2.0880
147774,1.8285,2.1105
147775,1.8237,2.1355
147776,1.8366,2.1396
147777,1.8583,2.1790
147778,1.8398,2.1718
147779,1.8269,2.1782
147780,1.8438,2.1678
147781,1.8285,2.1549
147782,1.8358,2.1533
147783,1.8382,2.1275
147784,1.8317,2.1041
147785,1.8285,2.1001
147786,1.8269,2.0622
147787,1.8285,2.0622
147788,1.8261,2.0517
147789,1.8011,2.0622
147790,1.8261,2.0928
147791,1.8221,2.1194
147792,1.8301,2.1492
147793,1.8333,2.1766
147794,1.8366,2.1847
147795,1.8414,2.1911
147796,1.8406,2.1790
147797,1.8414,2.1782
147798,1.8341,2.1525
147799,1.8366,2.1484
147800,1.8390,2.1315
147801,1.8277,2.1146
147802,1.8422,2.1017
147803,1.8285,2.0880
147804,1.8333,2.0622
147805,1.8285,2.0815
147806,1.8301,2.0904
147807,1.8075,2.1138
147808,1.8349,2.1404
147809,1.8277,2.1645
147810,1.8366,2.2024
147811,1.8430,2.2064
147812,1.8454,2.2121
147813,1.8333,2.2048
147814,1.8478,2.1919
147815,1.8438,2.1815
147816,1.8406,2.1670
147817,1.8430,2.1484
147818,1.8414,2.1315
147819,1.8358,2.1170
147820,1.8341,2.1017
147821,1.8180,2.0993
147822,1.8325,2.1025
147823,1.8454,2.1186
147824,1.8366,2.1404
147825,1.8366,2.1621
147826,1.8333,2.1895
147827,1.8446,2.2193
147828,1.8454,2.2266
147829,1.8486,2.2395
147830,1.8543,2.2322
147831,1.8511,2.2395
147832,1.8478,2.2137
147833,1.8422,2.2032
147834,1.8511,2.1831
147835,1.8478,2.1653
147836,1.8438,2.1476
147837,1.8446,2.1549
147838,1.8454,2.1388
147839,1.8486,2.1460
147840,1.8422,2.1662
147841,1.8559,2.1750
147842,1.8438,2.2097
147843,1.8446,2.2048
147844,1.8495,2.2201
147845,1.8438,2.2451
147846,1.8543,2.2782
147847,1.8680,2.2774
147848,1.8648,2.2999
147849,1.8623,2.3112
147850,1.8656,2.3233
147851,1.8688,2.3370
147852,1.8696,2.3507
147853,1.8728,2.3596
147854,1.8728,2.3725
147855,1.8809,2.3749
147856,1.8825,2.3853
147857,1.8817,2.3966
147858,1.8849,2.4023
147859,1.8849,2.4119
147860,1.8905,2.4200
147861,1.8914,2.4281
147862,1.8938,2.4353
147863,1.8962,2.4627
147864,1.8970,2.4490
147865,1.8978,2.4571
147866,1.8986,2.4619
147867,1.8946,2.4675
147868,1.8994,2.4748
147869,1.9099,2.4853
147870,1.9139,2.4901
147871,1.9091,2.4974
147872,1.9123,2.5240
147873,1.9107,2.4909
147874,1.9155,2.5143
147875,1.9163,2.5191
147876,1.9212,2.5248
147877,1.9196,2.5304
147878,1.9212,2.5264
147879,1.9236,2.5401
147880,1.9268,2.5280
147881,1.9284,2.5465
147882,1.9333,2.5401
147883,1.9349,2.5554
147884,1.9365,2.5618
147885,1.9349,2.5489
147886,1.9349,2.5755
147887,1.9349,2.5747
147888,1.9357,2.5828
147889,1.9365,2.5836
147890,1.9421,2.5844
147891,1.9397,2.5916
147892,1.9445,2.5804
147893,1.9550,2.5989
147894,1.9445,2.6037
147895,1.9429,2.6053
147896,1.9470,2.6053
147897,1.9486,2.6158
147898,1.9510,2.6166
147899,1.9510,2.6166
147900,1.9574,2.6247
147901,1.9526,2.5763
147902,1.9470,2.6376
147903,1.9470,2.6344
147904,1.9550,2.6392
147905,1.9566,2.6432
147906,1.9607,2.6440
147907,1.9647,2.6464
147908,1.9623,2.6706
147909,1.9615,2.6344
147910,1.9639,2.6553
147911,1.9671,2.6601
147912,1.9639,2.6666
147913,1.9679,2.6182
147914,1.9679,2.6682
147915,1.9719,2.6698
147916,1.9703,2.6779
147917,1.9695,2.6738
147918,1.9719,2.6787
147919,1.9744,2.6859
147920,1.9736,2.6843
147921,1.9744,2.7069
147922,1.9744,2.6811
147923,1.9752,2.6988
147924,1.9808,2.7029
147925,1.9776,2.7004
147926,1.9800,2.7029
147927,1.9792,2.7077
147928,1.9776,2.7198
147929,1.9800,2.7149
147930,1.9760,2.7149
147931,1.9816,2.7206
147932,1.9824,2.7206
147933,1.9832,2.7222
147934,1.9881,2.7214
147935,1.9905,2.7343
147936,1.9856,2.7351
147937,1.9848,2.7190
147938,1.9905,2.7423
147939,1.9905,2.7456
147940,1.9864,2.7456
147941,1.9897,2.7472
147942,1.9913,2.7536
147943,1.9929,2.7528
147944,1.9977,2.7568
147945,1.9985,2.7609
147946,1.9985,2.7673
147947,1.9929,2.7722
147948,1.9985,2.7730
147949,1.9977,2.7754
147950,1.9985,2.7859
147951,1.9993,2.7875
147952,1.9977,2.7931
147953,1.9985,2.7979
147954,2.0066,2.7996
147955,1.9993,2.8076
147956,2.0082,2.8036
147957,2.0001,2.8116
147958,2.0026,2.8237
147959,1.9993,2.8294
147960,2.0042,2.8366
147961,2.0010,2.8423
147962,2.0026,2.8503
147963,2.0098,2.8568
147964,2.0001,2.9059
147965,2.0082,2.8753
147966,2.0138,2.8874
147967,2.0114,2.9019
147968,2.0163,2.9116
147969,2.0098,2.9269
147970,2.0122,2.9358
147971,2.0106,2.9567
147972,2.0203,2.9712
147973,2.0219,2.9897
147974,2.0042,3.0042
147975,2.0163,3.0042
147976,2.0187,3.0300
147977,2.0243,3.0510
147978,2.0227,3.0703
147979,2.0267,3.0663
147980,2.0187,3.1058
147981,2.0243,3.1163
147982,2.0243,3.1356
147983,2.0275,3.1517
147984,2.0316,3.1630
147985,2.0243,3.1815
147986,2.0284,3.1880
147987,2.0259,3.2081
147988,2.0300,3.2242
147989,2.0284,3.2355
147990,2.0356,3.2500
147991,2.0251,3.2589
147992,2.0292,3.2678
147993,2.0300,3.2871
147994,2.0348,3.2936
147995,2.0348,3.3000
147996,2.0412,3.3000
147997,2.0429,3.3000
147998,2.0493,3.3000
147999,2.0404,3.3000
148000,2.0517,3.3000
148001,2.0501,3.3000
148002,2.0509,3.3000
148003,2.0501,3.3000
148004,2.0477,3.3000
148005,2.0501,3.3000
148006,2.0558,3.3000
148007,2.0501,3.3000
148008,2.0541,3.3000
148009,2.0501,3.3000
148010,2.0549,3.3000
148011,2.0622,3.3000
148012,2.0622,3.3000
148013,2.0606,3.3000
148014,2.0582,3.3000
148015,2.0622,3.3000
148016,2.0622,3.3000
148017,2.0622,3.3000
148018,2.0622,3.3000
148019,2.0622,3.3000
148020,2.0622,3.3000
148021,2.0622,3.3000
148022,2.0622,3.3000
148023,2.0622,3.3000
148024,2.0815,3.3000
148025,2.0856,3.3000
148026,2.0848,3.3000
148027,2.0815,3.3000
148028,2.0944,3.3000
148029,2.0896,3.3000
148030,2.0880,3.3000
148031,2.0960,3.3000
148032,2.0985,3.3000
148033,2.1009,3.3000
148034,2.1033,3.3000
148035,2.1025,3.3000
148036,2.1017,3.3000
148037,2.1105,3.3000
148038,2.1138,3.3000
148039,2.1146,3.3000
148040,2.1154,3.3000
148041,2.1146,3.3000
148042,2.1226,3.3000
148043,2.1218,3.3000
148044,2.1218,3.3000
148045,2.1275,3.3000
148046,2.1331,3.3000
148047,2.1444,3.3000
148048,2.1420,3.3000
148049,2.1508,3.3000
148050,2.1492,3.3000
148051,2.1573,3.3000
148052,2.1686,3.3000
148053,2.1903,3.3000
148054,2.2064,3.3000
148055,2.2153,3.3000
148056,2.2306,3.3000
148057,2.2306,3.2323
148058,2.2330,3.1670
148059,2.2306,3.1090
148060,2.2282,3.0518
148061,2.2266,3.0042
148062,2.2153,2.9527
148063,2.2040,2.9084
148064,2.2056,2.8584
148065,2.2064,2.8108
148066,2.2226,2.7810
148067,2.2218,2.7480
148068,2.2290,2.7166
148069,2.2298,2.6819
148070,2.2185,2.6585
148071,2.2193,2.6352
148072,2.2129,2.6053
148073,2.2008,2.5796
148074,2.2097,2.5602
148075,2.2153,2.5401
148076,2.2226,2.5199
148077,2.2306,2.5054
148078,2.2218,2.4845
148079,2.2234,2.4627
148080,2.2226,2.4482
148081,2.2137,2.4321
148082,2.2048,2.4192
148083,2.2048,2.3999
148084,2.2137,2.3870
148085,2.2234,2.3741
148086,2.2201,2.3579
148087,2.2258,2.3483
148088,2.2242,2.3362
148089,2.2185,2.3297
148090,2.2089,2.3160
148091,2.2032,2.3064
148092,2.2097,2.2967
148093,2.2258,2.2903
148094,2.2290,2.2749
148095,2.2282,2.2564
148096,2.2250,2.2516
148097,2.2185,2.2524
148098,2.2169,2.2387
148099,2.2056,2.2314
148100,2.2008,2.2266
148101,2.2048,2.2177
148102,2.2137,2.2169
148103,2.2153,2.1992
148104,2.2242,2.1952
148105,2.2137,2.1903
148106,2.2193,2.1863
148107,2.2161,2.1823
148108,2.2081,2.1734
148109,2.2048,2.1670
148110,2.2064,2.1629
148111,2.2169,2.1557
148112,2.2169,2.1533
148113,2.2193,2.1492
148114,2.2145,2.1492
148115,2.2169,2.1396
148116,2.2073,2.1363
148117,2.2048,2.1363
148118,2.1976,2.1283
148119,2.2048,2.1275
148120,2.2129,2.1146
148121,2.2177,2.1041
148122,2.2193,2.1017
148123,2.2129,2.0944
148124,2.2137,2.0815
148125,2.1976,2.0622
148126,2.2064,2.0622
148127,2.2121,2.0622
148128,2.2185,2.0525
148129,2.2201,2.0541
148130,2.2226,2.0501
148131,2.2177,2.0429
148132,2.2129,2.0396
148133,2.2089,2.0421
148134,2.2048,2.0380
148135,2.2032,2.0340
148136,2.2177,2.0348
148137,2.2161,2.0380
148138,2.2185,2.0300
148139,2.2177,2.0292
148140,2.2250,2.0243
148141,2.2073,2.0259
148142,2.2024,2.0259
148143,2.2032,2.0259
148144,2.2089,2.0235
148145,2.2201,2.0243
148146,2.2427,2.0243
148147,2.2218,2.0195
148148,2.2210,2.0243
148149,2.2064,2.0211
148150,2.2056,2.0235
148151,2.2048,2.0203
148152,2.2048,2.0243
148153,2.2048,2.0219
148154,2.2435,2.0227
148155,2.2121,2.0098
148156,2.2193,2.0187
148157,2.2169,2.0203
148158,2.2073,2.0187
148159,2.2105,2.0251
148160,2.2000,2.0171
148161,2.2073,2.0203
148162,2.2177,2.0243
148163,2.2210,2.0203
148164,2.2193,2.0171
148165,2.2137,2.0219
148166,2.2185,2.0211
148167,2.2089,2.0203
148168,2.2000,2.0203
148169,2.2048,2.0114
148170,2.2048,2.0147
148171,2.2177,2.0195
148172,2.2210,2.0235
148173,2.2218,2.0195
148174,2.2153,2.0195
148175,2.2153,2.0211
148176,2.2137,2.0163
148177,2.2048,2.0195
148178,2.2048,2.0235
148179,2.2177,2.0203
148180,2.2185,2.0235
148181,2.2266,2.0203
148182,2.2185,2.0203
148183,2.2274,2.0219
148184,2.2121,2.0219
148185,2.2024,2.0195
148186,2.2000,2.0195
148187,2.2121,2.0195
148188,2.2201,2.0195
148189,2.2193,2.0187
148190,2.2234,2.0211
148191,2.2169,2.0195
148192,2.2105,2.0171
148193,2.2089,2.0163
148194,2.2048,2.0163
148195,2.1968,2.0195
148196,2.2201,2.0187
148197,2.2169,2.0155
148198,2.2177,2.0163
148199,2.2234,2.0219
148200,2.2089,2.0219
148201,2.2064,2.0227
148202,2.2073,2.0195
148203,2.1992,2.0243
148204,2.1936,2.0171
148205,2.2145,2.0203
148206,2.2226,2.0171
148207,2.2218,2.0195
148208,2.1944,2.0195
148209,2.2201,2.0195
148210,2.2137,2.0195
148211,2.2064,2.0227
148212,2.2048,2.0219
148213,2.2137,2.0163
148214,2.2137,2.0195
148215,2.2258,2.0203
148216,2.2314,2.0219
148217,2.2153,2.0195
148218,2.2218,2.0163
148219,2.2056,2.0187
148220,2.2048,2.0155
148221,2.2032,2.0187
148222,2.2121,2.0211
148223,2.2105,2.0195
148224,2.2282,2.0203
148225,2.2226,2.0267
148226,2.2234,2.0219
148227,2.2282,2.0219
148228,2.2161,2.0155
148229,2.2306,2.0219
148230,2.2040,2.0203
148231,2.2056,2.0219
148232,2.2000,2.0211
148233,2.2161,2.0195
148234,2.2218,2.0195
148235,2.2218,2.0227
148236,2.2193,2.0195
148237,2.2185,2.0219
148238,2.2097,2.0171
148239,2.2040,2.0203
148240,2.2048,2.0211
148241,2.2129,2.0138
148242,2.2169,2.0171
148243,2.2250,2.0171
148244,2.2161,2.0171
148245,2.2201,2.0147
148246,2.2201,2.0195
148247,2.2137,2.0187
148248,2.2064,2.0171
148249,2.2081,2.0211
148250,2.2097,2.0187
148251,2.2185,2.0138
148252,2.2338,2.0195
148253,2.2185,2.0211
148254,2.2153,2.0219
148255,2.2121,2.0203
148256,2.2105,2.0243
148257,2.2056,2.0187
148258,2.2064,2.0195
148259,2.2073,2.0203
148260,2.2218,2.0171
148261,2.2210,2.0203
148262,2.2226,2.0219
148263,2.2234,2.0195
148264,2.2201,2.0203
148265,2.2193,2.0235
148266,2.2137,2.0171
148267,2.2024,2.0211
148268,2.2056,2.0171
148269,2.2105,2.0275
148270,2.2266,2.0211
148271,2.2234,2.0203
148272,2.2282,2.0187
148273,2.1927,2.0195
148274,2.2145,2.0195
148275,2.2129,2.0203
148276,2.2048,2.0203
148277,2.2097,2.0171
148278,2.2193,2.0187
148279,2.2185,2.0195
148280,2.2226,2.0171
148281,2.2226,2.0203
148282,2.2153,2.0106
148283,2.2105,2.0171
148284,2.2048,2.0155
148285,2.1976,2.0187
148286,2.2048,2.0171
148287,2.2105,2.0163
148288,2.2218,2.0195
148289,2.2210,2.0155
148290,2.2266,2.0203
148291,2.2177,2.0195
148292,2.2145,2.0195
148293,2.2073,2.0171
148294,2.2032,2.0195
148295,2.2048,2.0187
148296,2.2169,2.0203
148297,2.2234,2.0171
148298,2.2048,2.0171
148299,2.2201,2.0155
148300,2.2073,2.0203
148301,2.2201,2.0163
148302,2.2137,2.0203
148303,2.2089,2.0163
148304,2.2040,2.0171
148305,2.2064,2.0203
148306,2.2153,1.9985
148307,2.2258,2.0195
148308,2.2290,2.0138
148309,2.2443,2.0203
148310,2.2177,2.0219
148311,2.2258,2.0098
148312,2.2137,2.0404
148313,2.2097,2.0195
148314,2.2024,2.0195
148315,2.2048,2.0171
148316,2.2177,2.0203
148317,2.2177,2.0171
148318,2.2201,2.0018
148319,2.2145,2.0219
148320,2.2073,2.0243
148321,2.2137,2.0203
148322,2.2089,2.0171
148323,2.2040,2.0203
148324,2.2145,2.0187
148325,2.2161,2.0171
148326,2.2298,2.0171
148327,2.2330,2.0203
148328,2.2193,2.0042
148329,2.2258,2.0203
148330,2.2169,2.0114
148331,2.2073,2.0203
148332,2.2048,2.0219
148333,2.2008,2.0187
148334,2.2169,2.0155
148335,2.2218,2.0171
148336,2.2201,2.0195
148337,2.2218,2.0171
148338,2.2193,2.0195
148339,2.2177,2.0195
148340,2.2048,2.0259
148341,2.2048,2.0195
148342,2.2081,1.9969
148343,2.2201,2.0138
148344,2.2250,2.0010
148345,2.2306,2.0203
148346,2.2218,2.0171
148347,2.2218,2.0187
148348,2.2193,2.0211
148349,2.2056,2.0163
148350,2.2073,2.0163
148351,2.2032,2.0235
148352,2.2121,2.0187
148353,2.2177,2.0187
148354,2.2226,2.0179
148355,2.2266,2.0195
148356,2.2161,2.0155
148357,2.2153,2.0187
148358,2.2089,2.0195
148359,2.2040,2.0187
148360,2.2105,2.0179
148361,2.2056,2.0187
148362,2.2226,2.0187
148363,2.2306,2.0163
148364,2.2290,2.0211
148365,2.2193,2.0179
148366,2.2129,2.0219
148367,2.2097,2.0203
148368,2.2008,2.0187
148369,2.2056,2.0195
148370,2.2210,2.0074
148371,2.2161,2.0324
148372,2.2201,2.0163
148373,2.2137,2.0541
148374,2.2177,2.0163
148375,2.2129,2.0195
148376,2.2048,2.0195
148377,2.2073,2.0219
148378,2.2177,2.0163
148379,2.2218,2.0171
148380,2.2161,2.0195
148381,2.2210,2.0203
148382,2.2201,2.0235
148383,2.2177,2.0195
148384,2.2137,2.0187
148385,2.2048,2.0171
148386,2.2032,2.0171
148387,2.2056,2.0195
148388,2.2153,2.0098
148389,2.2121,2.0235
148390,2.2234,2.0171
148391,2.2177,2.0163
148392,2.2290,2.0235
148393,2.2161,2.0155
148394,2.2105,2.0275
148395,2.2048,2.0171
148396,2.2129,2.0090
148397,2.2137,2.0163
148398,2.2169,2.0187
148399,2.2185,2.0163
148400,2.2218,2.0171
148401,2.2169,2.0155
148402,2.2089,2.0195
148403,2.2048,2.0187
148404,2.2024,2.0203
148405,2.2064,2.0549
148406,2.2177,2.0227
148407,2.2193,2.0114
148408,2.2314,2.0243
148409,2.2282,2.0163
148410,2.2218,2.0171
148411,2.2169,2.0195
148412,2.2056,2.0163
148413,2.2097,2.0114
148414,2.2089,2.0187
148415,2.2121,2.0138
148416,2.2153,2.0058
148417,2.2210,2.0138
148418,2.2226,2.0114
148419,2.2177,2.0074
148420,2.2169,2.0147
148421,2.2089,2.0171
148422,2.2048,2.0171
148423,2.2073,2.0171
148424,2.2129,2.0195
148425,2.2210,2.0163
148426,2.2234,2.0106
148427,2.2234,2.0155
148428,2.2234,2.0114
148429,2.2161,2.0074
148430,2.2073,2.0195
148431,2.2073,2.0187
148432,2.2016,2.0171
148433,2.2048,2.0195
148434,2.2137,2.0155
148435,2.2185,2.0348
148436,2.2201,2.0171
148437,2.2234,2.0122
148438,2.2177,2.0155
148439,2.2105,2.0203
148440,2.2097,2.0163
148441,2.2024,2.0187
148442,2.2105,2.0163
148443,2.2306,2.0267
148444,2.2226,2.0332
148445,2.2306,2.0171
148446,2.2226,2.0074
148447,2.2161,2.0171
148448,2.2105,2.0195
148449,2.2097,2.0042
148450,2.2040,2.0171
148451,2.2073,2.0187
148452,2.2201,2.0171
148453,2.2177,2.0163
148454,2.2185,2.0163
148455,2.2201,2.0203
148456,2.2113,2.0171
148457,2.2073,2.0187
148458,2.2032,2.0195
148459,2.2121,2.0171
148460,2.2169,2.0155
148461,2.2258,2.0195
148462,2.2266,2.0090
148463,2.2226,2.0372
148464,2.2201,2.0195
148465,2.2097,2.0163
148466,2.2137,2.0155
148467,2.2081,2.0187
148468,2.1960,2.0155
148469,2.2153,2.0114
148470,2.2234,2.0163
148471,2.2201,2.0171
148472,2.2177,2.0171
148473,2.2153,2.0187
148474,2.2218,2.0163
148475,2.2097,2.0219
148476,2.2040,2.0171
148477,2.2105,2.0203
148478,2.2193,2.0219
148479,2.2266,2.0034
148480,2.2282,2.0155
148481,2.2250,2.0155
148482,2.2210,2.0203
148483,2.2129,2.0163
148484,2.2089,2.0138
148485,2.2048,1.9969
148486,2.2008,2.0138
148487,2.2089,2.0243
148488,2.2177,2.0155
148489,2.2234,2.0251
148490,2.2266,2.0163
148491,2.2097,2.0155
148492,2.2177,2.0203
148493,2.2161,2.0259
148494,2.2048,2.0243
148495,2.2064,2.0122
148496,2.2137,2.0195
148497,2.2258,2.0219
148498,2.2282,2.0138
148499,2.2234,2.0227
148500,2.2218,2.0195
148501,2.2185,2.0163
148502,2.2105,2.0203
148503,2.2056,2.0203
148504,2.2048,2.0163
148505,2.2097,2.0195
148506,2.2169,2.0163
148507,2.2234,2.0227
148508,2.2306,2.0171
148509,2.2274,2.0195
148510,2.2234,2.0114
148511,2.2185,2.0074
148512,2.2137,2.0163
148513,2.2048,2.0195
148514,2.2073,2.0171
148515,2.2048,2.0195
148516,2.2185,2.0155
148517,2.2258,2.0203
148518,2.2226,2.0203
148519,2.2234,2.0171
148520,2.2177,2.0203
148521,2.2169,2.0195
148522,2.2016,2.0203
148523,2.2073,2.0243
148524,2.2137,2.0163
148525,2.2201,1.9961
148526,2.2218,2.0219
148527,2.2242,2.0122
148528,2.2193,2.0227
148529,2.2218,2.0171
148530,2.2105,2.0155
148531,2.2073,2.0130
148532,2.2048,2.0203
148533,2.2073,2.0187
148534,2.2145,2.0195
148535,2.2210,2.0163
148536,2.2193,2.0171
148537,2.2177,2.0171
148538,2.2169,2.0203
148539,2.2177,2.0171
148540,2.2081,2.0219
148541,2.2064,2.0163
148542,2.2145,2.0171
148543,2.2234,2.0203
148544,2.2226,2.0219
148545,2.2266,2.0195
148546,2.2210,2.0195
148547,2.2153,2.0155
148548,2.2153,2.0203
148549,2.2064,2.0203
148550,2.2000,2.0163
148551,2.2048,2.0195
148552,2.2161,2.0243
148553,2.2161,2.0211
148554,2.2193,2.0203
148555,2.2201,2.0219
148556,2.2137,2.0179
148557,2.2073,2.0179
148558,2.2048,2.0171
148559,2.2073,2.0163
148560,2.2097,2.0171
148561,2.2201,2.0122
148562,2.2282,2.0203
148563,2.2306,2.0171
148564,2.2201,2.0243
148565,2.2185,2.0171
148566,2.2137,2.0195
148567,2.2089,2.0235
148568,2.2008,2.0211
148569,2.2048,2.0171
148570,2.2169,2.0171
148571,2.2201,2.0187
148572,2.2218,2.0155
148573,2.2153,2.0106
148574,2.2169,2.0195
148575,2.2113,2.0203
148576,2.2056,2.0098
148577,2.2121,2.0171
148578,2.2169,2.0171
148579,2.2177,2.0203
148580,2.2185,2.0195
148581,2.2266,2.0171
148582,2.2274,2.0171
148583,2.2193,2.0195
148584,2.2097,2.0243
148585,2.2024,2.0203
148586,2.2048,2.0163
148587,2.2056,2.0163
148588,2.2169,2.0227
148589,2.2226,2.0203
148590,2.2226,2.0203
148591,2.2298,2.0171
148592,2.2274,2.0147
148593,2.2185,2.0203
148594,2.2048,2.0171
148595,2.2032,2.0195
148596,2.2121,2.0187
148597,2.2234,2.0211
148598,2.2218,2.0155
148599,2.2177,2.0203
148600,2.2193,2.0155
148601,2.2105,2.0163
148602,2.2105,2.0187
148603,2.2008,2.0147
148604,2.2016,2.0187
148605,2.2129,2.0163
148606,2.2250,2.0163
148607,2.2218,2.0203
148608,2.2306,2.0171
148609,2.2201,2.0163
148610,2.2250,2.0163
148611,2.2153,2.0227
148612,2.2089,2.0187
148613,2.2032,2.0163
148614,2.2056,2.0195
148615,2.2129,2.0187
148616,2.2234,2.0187
148617,2.2282,2.0163
148618,2.2201,2.0155
148619,2.2177,2.0219
148620,2.2105,2.0187
148621,2.2105,2.0163
148622,2.2048,2.0179
148623,2.2064,2.0155
148624,2.2161,2.0130
148625,2.2226,2.0171
148626,2.2218,2.0171
148627,2.2266,2.0187
148628,2.2234,2.0203
148629,2.2169,2.0179
148630,2.2089,2.0122
148631,2.2056,2.0187
148632,2.1968,2.0195
148633,2.2097,2.0171
148634,2.2177,2.0195
148635,2.2201,2.0187
148636,2.2258,2.0187
148637,2.2218,2.0187
148638,2.2137,2.0187
148639,2.2129,2.0138
148640,2.2048,2.0195
148641,2.2048,2.0203
148642,2.2161,2.0163
148643,2.2201,2.0155
148644,2.2298,2.0219
148645,2.2201,2.0195
148646,2.2218,2.0195
148647,2.2161,2.0171
148648,2.2073,2.0163
148649,2.1839,2.0138
148650,2.1936,2.0163
148651,2.2129,2.0163
148652,2.2121,2.0195
148653,2.2258,2.0203
148654,2.2193,2.0163
148655,2.2177,2.0195
148656,2.2169,2.0138
148657,2.2064,2.0122
148658,2.2040,2.0187
148659,2.2105,2.0171
148660,2.2201,2.0122
148661,2.2266,2.0163
148662,2.2218,2.0171
148663,2.2218,2.0195
148664,2.2185,2.0171
148665,2.2161,2.0106
148666,2.2129,2.0195
148667,2.2048,2.0163
148668,2.2064,2.0171
148669,2.2105,2.0163
148670,2.2201,2.0138
148671,2.2226,2.0171
148672,2.2193,2.0163
148673,2.2137,2.0163
148674,2.2161,2.0155
148675,2.2064,2.0155
148676,2.2073,2.0187
148677,2.2121,2.0187
148678,2.2145,2.0187
148679,2.2210,2.0155
148680,2.2210,2.0171
148681,2.2250,2.0171
148682,2.2193,2.0171
148683,2.2105,2.0163
148684,2.2024,2.0171
148685,2.2000,2.0163
148686,2.1968,2.0179
148687,2.2266,2.0171
148688,2.2218,2.0203
148689,2.2193,2.0155
148690,2.2250,2.0155
148691,2.2185,2.0187
148692,2.2081,2.0163
148693,2.2048,2.0235
148694,2.2000,2.0163
148695,2.2161,2.0147
148696,2.2137,2.0155
148697,2.2177,2.0203
148698,2.2250,2.0171
148699,2.2226,2.0195
148700,2.2322,2.0163
148701,2.2177,2.0171
148702,2.2105,2.0203
148703,2.2040,2.0171
148704,2.1992,2.0163
148705,2.2097,2.0171
148706,2.2234,2.0195
148707,2.2451,2.0195
148708,2.2234,2.0171
148709,2.2258,2.0171
148710,2.2306,2.0171
148711,2.2153,2.0227
148712,2.2089,2.0211
148713,2.2000,2.0195
148714,2.1960,2.0187
148715,2.2137,2.0155
148716,2.2177,2.0114
148717,2.2185,2.0179
148718,2.2210,2.0163
148719,2.2169,2.0171
148720,2.2089,2.0155
148721,2.2073,2.0163
148722,2.2048,2.0171
148723,2.2040,2.0203
148724,2.2177,2.0163
148725,2.2250,2.0187
148726,2.2129,2.0195
148727,2.2250,2.0179
148728,2.2451,2.0171
148729,2.2161,2.0163
148730,2.2073,2.0187
148731,2.2064,2.0203
148732,2.2048,2.0171
148733,2.2105,2.0187
148734,2.2177,2.0187
148735,2.2185,2.0171
148736,2.2193,2.0171
148737,2.2177,2.0171
148738,2.2145,2.0147
148739,2.2048,2.0171
148740,2.1847,2.0171
148741,2.2073,2.0171
148742,2.2000,2.0147
148743,2.2210,2.0211
148744,2.2282,2.0171
148745,2.2226,2.0155
148746,2.2355,2.0171
148747,2.2169,2.0171
148748,2.2097,2.0171
148749,2.2040,2.0171
148750,2.1960,2.0163
148751,2.2153,2.0138
148752,2.2105,2.0171
148753,2.2193,2.0155
148754,2.2185,2.0163
148755,2.2290,2.0130
148756,2.2137,2.0138
148757,2.2129,2.0203
148758,2.2016,2.0163
148759,2.2073,2.0187
148760,2.2169,2.0171
148761,2.2201,2.0187
148762,2.2234,2.0130
148763,2.2266,2.0138
148764,2.2210,2.0195
148765,2.2153,2.0187
148766,2.2097,2.0163
148767,2.1968,2.0171
148768,2.2016,2.0163
148769,2.1976,2.0163
148770,2.2153,2.0155
148771,2.2161,2.0130
148772,2.2169,2.0171
148773,2.2161,2.0155
148774,2.2121,2.0340
148775,2.2056,2.0163
148776,2.2032,2.0155
148777,2.2129,2.0155
148778,2.2161,2.0138
148779,2.2185,2.0155
148780,2.2226,2.0171
148781,2.2234,2.0171
148782,2.2169,2.0147
148783,2.2048,2.0163
148784,2.2000,2.0163
148785,2.2032,2.0138
148786,2.2048,2.0243
148787,2.2056,2.0163
148788,2.2161,2.0163
148789,2.2218,2.0171
148790,2.2226,2.0147
148791,2.2097,2.0155
148792,2.2048,2.0211
148793,2.1879,2.0163
148794,2.2105,2.0163
148795,2.2169,2.0163
148796,2.2234,2.0138
148797,2.2274,2.0138
148798,2.2145,2.0324
148799,2.2105,2.0187
148800,2.2048,2.0147
148801,2.1992,2.0195
148802,2.2008,2.0195
148803,2.2040,2.0171
148804,2.2121,1.9961
148805,2.2169,2.0163
148806,2.2169,2.0147
148807,2.2048,2.0155
148808,2.2073,2.0130
148809,2.2048,2.0130
148810,2.2129,2.0163
148811,2.2145,2.0122
148812,2.2185,2.0138
148813,2.2218,2.0138
148814,2.2193,2.0187
148815,2.2064,2.0138
148816,2.2145,2.0155
148817,2.2073,2.0171
148818,2.2024,2.0138
148819,2.2105,2.0138
148820,2.2024,2.0171
148821,2.2258,2.0122
148822,2.2193,2.0122
148823,2.2153,2.0130
148824,2.2129,2.0155
148825,2.2056,2.0155
148826,2.2048,2.0155
148827,2.2040,2.0122
148828,2.2097,2.0138
148829,2.2129,2.0130
148830,2.2153,2.0155
148831,2.2177,2.0163
148832,2.2121,2.0138
148833,2.2056,2.0138
148834,2.2040,2.0138
148835,2.1976,2.0106
148836,2.1992,2.0138
148837,2.2048,2.0138
148838,2.2105,2.0130
148839,2.2145,2.0114
148840,2.2169,2.0155
148841,2.2137,2.0122
148842,2.2064,2.0259
148843,2.2008,2.0114
148844,2.2073,2.0090
148845,2.2129,2.0138
148846,2.2161,2.0130
148847,2.2161,2.0122
148848,2.2161,2.0138
148849,2.2145,2.0130
148850,2.2064,2.0130
148851,2.2048,2.0114
148852,2.1944,2.0122
148853,2.1960,2.0114
148854,2.2064,2.0114
148855,2.2105,2.0001
148856,2.2137,2.0106
148857,2.2145,2.0138
148858,2.2185,2.0130
148859,2.2073,2.0130
148860,2.1976,2.0122
148861,2.2048,2.0195
148862,2.2016,2.0114
148863,2.2097,2.0098
148864,2.2089,2.0138
148865,2.2129,2.0122
148866,2.2081,2.0114
148867,2.2056,2.0130
148868,2.1976,2.0114
148869,2.1903,2.0122
148870,2.1936,1.9953
148871,2.1984,2.0042
148872,2.2097,2.0106
148873,2.2218,2.0114
148874,2.2201,2.0147
148875,2.2290,2.0138
148876,2.2258,2.0090
148877,2.2185,2.0114
148878,2.2153,2.0106
148879,2.2097,2.0138
148880,2.2040,1.9977
148881,2.2032,2.0114
148882,2.1968,2.0187
148883,2.2048,2.0106
148884,2.2097,2.0114
148885,2.2105,2.0138
148886,2.2064,2.0114
148887,2.2008,2.0106
148888,2.1976,2.0106
148889,2.1952,2.0114
148890,2.2064,2.0106
148891,2.2161,2.0114
148892,2.2218,2.0106
148893,2.2290,2.0114
148894,2.2250,2.0010
148895,2.2218,2.0235
148896,2.2185,2.0163
148897,2.2137,2.0155
148898,2.2040,2.0122
148899,2.1992,2.0138
148900,2.1919,2.0163
148901,2.1903,2.0122
148902,2.1911,2.0138
148903,2.1927,2.0114
148904,2.1927,1.9832
148905,2.1911,2.0090
148906,2.2008,2.0106
148907,2.2024,2.0106
148908,2.2153,2.0106
148909,2.2242,2.0122
148910,2.2266,2.0106
148911,2.2201,2.0122
148912,2.2210,2.0122
148913,2.2161,2.0106
148914,2.2048,2.0130
148915,2.2024,2.0106
148916,2.1960,2.0106
148917,2.1831,2.0106
148918,2.1863,2.0114
148919,2.1839,1.9985
148920,2.1831,2.0034
148921,2.1879,2.0122
148922,2.1976,2.0066
148923,2.2097,2.0243
148924,2.2282,2.0066
148925,2.2258,2.0042
148926,2.2306,2.0066
148927,2.2306,2.0284
148928,2.2226,2.0147
148929,2.2218,2.0195
148930,2.2177,2.0130
148931,2.2105,2.0122
148932,2.2040,2.0138
148933,2.1992,2.0122
148934,2.1831,1.9848
148935,2.1774,2.0042
148936,2.1662,2.0114
148937,2.1589,2.0130
148938,2.1533,2.0324
148939,2.1508,2.0445
148940,2.1404,2.0622
148941,2.1331,2.1105
148942,2.1323,2.1492
148943,2.1283,2.1807
148944,2.1388,2.2048
148945,2.1299,2.2161
148946,2.1267,2.2169
148947,2.1170,2.2064
148948,2.1146,2.2153
148949,2.1073,2.2234
148950,2.1017,2.2000
148951,2.0864,2.1895
148952,2.0872,2.1807
148953,2.0622,2.1589
148954,2.0622,2.1621
148955,2.0622,2.1694
148956,2.0533,2.1839
148957,2.0533,2.2056
148958,2.0501,2.2322
148959,2.0493,2.2701
148960,2.0485,2.2951
148961,2.0501,2.3023
148962,2.0477,2.3048
148963,2.0445,2.2959
148964,2.0412,2.2878
148965,2.0340,2.2685
148966,2.0348,2.2572
148967,2.0243,2.2451
148968,2.0243,2.2379
148969,2.0138,2.2282
148970,2.0010,2.2073
148971,1.9993,2.2129
148972,1.9929,2.2056
148973,1.9961,2.2258
148974,1.9848,2.2379
148975,1.9913,2.2556
148976,1.9864,2.2854
148977,1.9945,2.3007
148978,1.9929,2.3023
148979,1.9897,2.3056
148980,1.9937,2.2862
148981,1.9840,2.2782
148982,1.9832,2.2612
148983,1.9760,2.2306
148984,1.9711,2.2330
148985,1.9590,2.2185
148986,1.9590,2.2048
148987,1.9526,2.1960
148988,1.9478,2.1799
148989,1.9486,2.1903
148990,1.9429,2.2024
148991,1.9421,2.2210
148992,1.9445,2.2548
148993,1.9421,2.2709
148994,1.9502,2.2838
148995,1.9486,2.2935
148996,1.9486,2.2717
148997,1.9510,2.2612
148998,1.9445,2.2564
148999,1.9413,2.2395
149000,1.9421,2.2177
149001,1.9325,2.2008
149002,1.9268,2.1831
149003,1.9220,2.1694
149004,1.9188,2.1533
149005,1.9107,2.1533
149006,1.9107,2.1589
149007,1.9107,2.1750
149008,1.9099,2.1960
149009,1.9212,2.2298
149010,1.9123,2.2492
149011,1.9212,2.2564
149012,1.9220,2.2572
149013,1.9212,2.2540
149014,1.9196,2.2395
149015,1.9171,2.2250
149016,1.9083,2.2048
149017,1.9075,2.1944
149018,1.9059,2.1742
149019,1.8978,2.1589
149020,1.8970,2.1436
149021,1.8946,2.1283
149022,1.8881,2.1323
149023,1.8873,2.1404
149024,1.8897,2.1516
149025,1.8930,2.1839
149026,1.8938,2.2137
149027,1.8922,2.2322
149028,1.8954,2.2403
149029,1.8946,2.2355
149030,1.8970,2.2266
149031,1.8954,2.2105
149032,1.8849,2.2016
149033,1.8954,2.1847
149034,1.8889,2.1662
149035,1.8849,2.1492
149036,1.8768,2.1283
149037,1.8777,2.1162
149038,1.8704,2.1162
149039,1.8696,2.1097
149040,1.8696,2.1275
149041,1.8696,2.1484
149042,1.8712,2.1702
149043,1.8817,2.2048
149044,1.8785,2.2177
149045,1.8793,2.2145
149046,1.8841,2.2048
149047,1.8841,2.1944
149048,1.8768,2.1807
149049,1.8809,2.1621
149050,1.8785,2.1500
149051,1.8696,2.1412
149052,1.8640,2.1251
149053,1.8632,2.1122
149054,1.8607,2.0977
149055,1.8575,2.0904
149056,1.8575,2.0977
149057,1.8559,2.1097
149058,1.8527,2.1331
149059,1.8567,2.1613
149060,1.8607,2.1847
149061,1.8672,2.1927
149062,1.8696,2.2048
149063,1.8712,2.1936
149064,1.8704,2.1831
149065,1.8591,2.1702
149066,1.8672,2.1533
149067,1.8615,2.1347
149068,1.8567,2.1226
149069,1.8543,2.1073
149070,1.8535,2.0960
149071,1.8511,2.0622
149072,1.8470,2.0622
149073,1.8519,2.0904
149074,1.8438,2.1097
149075,1.8495,2.1331
149076,1.8543,2.1597
149077,1.8567,2.1847
149078,1.8559,2.1871
149079,1.8559,2.1927
149080,1.8575,2.1790
149081,1.8567,2.1686
149082,1.8559,2.1573
149083,1.8495,2.1460
149084,1.8511,2.1275
149085,1.8470,2.1105
149086,1.8527,2.0944
149087,1.8438,2.0622
149088,1.8414,2.0622
149089,1.8438,2.0622
149090,1.8366,2.0888
149091,1.8438,2.1073
149092,1.8422,2.1388
149093,1.8430,2.1702
149094,1.8478,2.1831
149095,1.8495,2.1863
149096,1.8527,2.1839
149097,1.8559,2.1766
149098,1.8543,2.1589
149099,1.8527,2.1412
149100,1.8470,2.1331
149101,1.8446,2.1146
149102,1.8438,2.1105
149103,1.8438,2.0872
149104,1.8422,2.0622
149105,1.8317,2.0622
149106,1.8430,2.0622
149107,1.8358,2.0904
149108,1.8341,2.1146
149109,1.8358,2.1428
149110,1.8414,2.1710
149111,1.8438,2.1927
149112,1.8495,2.2000
149113,1.8478,2.1960
149114,1.8511,2.1863
149115,1.8478,2.1774
149116,1.8495,2.1605
149117,1.8438,2.1452
149118,1.8438,2.1283
149119,1.8430,2.1154
149120,1.8398,2.1001
149121,1.8341,2.0840
149122,1.8229,2.0864
149123,1.8325,2.0944
149124,1.8285,2.1146
149125,1.8382,2.1331
149126,1.8390,2.1653
149127,1.8438,2.1944
149128,1.8438,2.2137
149129,1.8478,2.2201
149130,1.8478,2.2105
149131,1.8535,2.2048
149132,1.8478,2.1944
149133,1.8519,2.1807
149134,1.8495,2.1621
149135,1.8446,2.1508
149136,1.8446,2.1283
149137,1.8430,2.1170
149138,1.8390,2.1041
149139,1.8390,2.1057
149140,1.8430,2.1146
149141,1.8333,2.1307
149142,1.8430,2.1533
149143,1.8414,2.1807
149144,1.8462,2.2105
149145,1.8495,2.2322
149146,1.8527,2.2347
149147,1.8543,2.2306
149148,1.8559,2.2250
149149,1.8551,2.2056
149150,1.8511,2.1944
149151,1.8543,2.1782
149152,1.8495,2.1565
149153,1.8495,2.1428
149154,1.8446,2.1275
149155,1.8422,2.1186
149156,1.8422,2.1283
149157,1.8422,2.1339
149158,1.8438,2.1549
149159,1.8591,2.1758
149160,1.8478,2.2024
149161,1.8285,2.2306
149162,1.8535,2.2475
149163,1.8567,2.2524
149164,1.8591,2.2427
149165,1.8615,2.2355
149166,1.8623,2.2210
149167,1.8607,2.2048
149168,1.8696,2.1879
149169,1.8543,2.1718
149170,1.8567,2.1549
149171,1.8495,2.1396
149172,1.8575,2.1363
149173,1.8390,2.1476
149174,1.8454,2.1589
149175,1.8632,2.1774
149176,1.8543,2.2000
149177,1.8623,2.2226
149178,1.8897,2.2435
149179,1.8591,2.2669
149180,1.8615,2.2661
149181,1.8656,2.2588
149182,1.8656,2.2492
149183,1.8623,2.2330
149184,1.8640,2.2226
149185,1.8615,2.1968
149186,1.8567,2.1863
149187,1.8551,2.1662
149188,1.8535,2.1533
149189,1.8511,2.1557
149190,1.8495,2.1686
149191,1.8366,2.1790
149192,1.8527,2.1992
149193,1.8551,2.2161
149194,1.8559,2.2419
149195,1.8575,2.2677
149196,1.8688,2.2806
149197,1.8648,2.2749
149198,1.8672,2.2677
149199,1.8623,2.2564
149200,1.8591,2.2427
149201,1.8615,2.2266
149202,1.8607,2.2048
149203,1.8551,2.1879
149204,1.8551,2.1702
149205,1.8495,2.1653
149206,1.8486,2.1702
149207,1.8462,2.1774
149208,1.8543,2.1919
149209,1.8696,2.2105
149210,1.8543,2.2314
149211,1.8567,2.2548
149212,1.8567,2.2749
149213,1.8615,2.2830
149214,1.8656,2.2814
149215,1.8599,2.2709
149216,1.8615,2.2564
149217,1.8591,2.2395
149218,1.8672,2.2234
149219,1.8591,2.2040
149220,1.8551,2.1815
149221,1.8462,2.1686
149222,1.8438,2.1653
149223,1.8462,2.1702
149224,1.8454,2.1839
149225,1.8511,2.2008
149226,1.8535,2.2169
149227,1.8414,2.2379
149228,1.8495,2.2604
149229,1.8841,2.2822
149230,1.8688,2.2814
149231,1.8801,2.2822
149232,1.8930,2.2685
149233,1.8962,2.2564
149234,1.9010,2.2411
149235,1.9034,2.2193
149236,1.9002,2.2048
149237,1.9042,2.1847
149238,1.9091,2.1750
149239,1.9034,2.1774
149240,1.9059,2.1855
149241,1.9026,2.1968
149242,1.9091,2.2226
149243,1.8970,2.2459
149244,1.9300,2.2693
149245,1.9196,2.2943
149246,1.9179,2.3128
149247,1.9316,2.3064
149248,1.9429,2.3032
149249,1.9470,2.2903
149250,1.9510,2.2774
149251,1.9566,2.2604
149252,1.9590,2.2685
149253,1.9526,2.2306
149254,1.9518,2.2161
149255,1.9542,2.2064
149256,1.9462,2.2129
149257,1.9526,2.2306
149258,1.9510,2.2451
149259,1.9558,2.2669
149260,1.9550,2.2878
149261,1.9566,2.3128
149262,1.9550,2.3354
149263,1.9655,2.3378
149264,1.9599,2.3386
149265,1.9615,2.3241
149266,1.9590,2.3152
149267,1.9574,2.3072
149268,1.9494,2.2870
149269,1.9486,2.2685
149270,1.9470,2.2516
149271,1.9429,2.2395
149272,1.9357,2.2306
149273,1.9349,2.2347
149274,1.9341,2.2540
149275,1.9349,2.2685
149276,1.9300,2.2927
149277,1.9333,2.3168
149278,1.9381,2.3451
149279,1.9421,2.3596
149280,1.9462,2.3588
149281,1.9453,2.3523
149282,1.9429,2.3426
149283,1.9389,2.3257
149284,1.9389,2.3080
149285,1.9260,2.2943
149286,1.9292,2.2725
149287,1.9292,2.2564
149288,1.9220,2.2411
149289,1.9220,2.2355
149290,1.9171,2.2459
149291,1.9179,2.2637
149292,1.9179,2.2830
149293,1.9212,2.3080
149294,1.9188,2.3322
149295,1.9276,2.3563
149296,1.9252,2.3636
149297,1.9300,2.3604
149298,1.9292,2.3507
149299,1.9268,2.3394
149300,1.9252,2.3233
149301,1.9212,2.3080
149302,1.9204,2.2854
149303,1.9155,2.2693
149304,1.9091,2.2564
149305,1.9091,2.2363
149306,1.9075,2.2427
149307,1.9075,2.2540
149308,1.9067,2.2766
149309,1.9083,2.2895
149310,1.9091,2.3152
149311,1.9091,2.3378
149312,1.9139,2.3596
149313,1.9171,2.3620
149314,1.9212,2.3588
149315,1.9171,2.3418
149316,1.9107,2.3289
149317,1.9155,2.3160
149318,1.9107,2.2927
149319,1.9059,2.2766
149320,1.9083,2.2564
149321,1.9018,2.2419
149322,1.8994,2.2419
149323,1.8978,2.2387
149324,1.8954,2.2556
149325,1.9099,2.2701
149326,1.8986,2.3185
149327,1.8994,2.3209
149328,1.9042,2.3426
149329,1.9083,2.3596
149330,1.9171,2.3588
149331,1.9131,2.3523
149332,1.9107,2.3362
149333,1.9115,2.3265
149334,1.9059,2.3080
149335,1.9059,2.2846
149336,1.9059,2.2709
149337,1.9042,2.2540
149338,1.8978,2.2306
149339,1.8865,2.2298
149340,1.8922,2.2322
149341,1.8801,2.2540
149342,1.8954,2.2895
149343,1.8970,2.2999
149344,1.9042,2.3305
149345,1.9010,2.3491
149346,1.9010,2.3579
149347,1.9083,2.3523
149348,1.9139,2.3483
149349,1.9155,2.3289
149350,1.9107,2.3152
149351,1.9059,2.3120
149352,1.9059,2.2822
149353,1.9042,2.2475
149354,1.9010,2.2427
149355,1.8946,2.2250
149356,1.8946,2.2258
149357,1.8954,2.2363
149358,1.8954,2.2459
149359,1.8954,2.2814
149360,1.8986,2.3040
149361,1.8970,2.3338
149362,1.9010,2.3410
149363,1.9091,2.3434
149364,1.9139,2.3338
149365,1.9131,2.3217
149366,1.9139,2.3080
149367,1.9107,2.2927
149368,1.9091,2.2733
149369,1.9010,2.2564
149370,1.9002,2.2314
149371,1.8962,2.2218
149372,1.8954,2.2048
149373,1.8897,2.2089
149374,1.8954,2.2234
149375,1.8954,2.2443
149376,1.8978,2.2709
149377,1.9002,2.2967
149378,1.9034,2.3120
149379,1.9123,2.3128
149380,1.9163,2.3080
149381,1.9123,2.3023
149382,1.9155,2.2822
149383,1.9139,2.2709
149384,1.9099,2.2427
149385,1.9059,2.2347
149386,1.9002,2.2193
149387,1.9010,2.2048
149388,1.8970,2.1871
149389,1.8962,2.2210
149390,1.8946,2.1976
149391,1.8938,2.2016
149392,1.8954,2.2234
149393,1.8954,2.2459
149394,1.9002,2.2612
149395,1.9091,2.2443
149396,1.9059,2.2612
149397,1.9091,2.2306
149398,1.9083,2.2411
149399,1.9059,2.2218
149400,1.9010,2.2073
149401,1.9010,2.1903
149402,1.8946,2.1782
149403,1.8922,2.1637
149404,1.8841,2.1379
149405,1.8849,2.1259
149406,1.8817,2.1210
149407,1.8777,2.1420
149408,1.8760,2.1589
149409,1.8841,2.1799
149410,1.8873,2.2177
149411,1.8897,2.2193
149412,1.8905,2.2129
149413,1.8946,2.2073
149414,1.8946,2.2008
149415,1.8897,2.1895
149416,1.8849,2.1710
149417,1.8817,2.1637
149418,1.8777,2.1379
149419,1.8777,2.1242
149420,1.8736,2.1073
149421,1.8712,2.0864
149422,1.8672,2.0896
149423,1.8672,2.0928
149424,1.8648,2.1162
149425,1.8656,2.1388
149426,1.8664,2.1710
149427,1.8696,2.1903
149428,1.8809,2.1927
149429,1.8777,2.1936
149430,1.8785,2.1790
149431,1.8744,2.1871
149432,1.8615,2.1613
149433,1.8696,2.1420
149434,1.8696,2.1275
149435,1.8648,2.1323
149436,1.8615,2.1009
149437,1.8567,2.0888
149438,1.8567,2.0622
149439,1.8543,2.0517
149440,1.8559,2.0856
149441,1.8519,2.1097
149442,1.8543,2.1323
149443,1.8495,2.1670
149444,1.8640,2.1976
149445,1.8648,2.1992
149446,1.8680,2.1807
149447,1.8672,2.1807
149448,1.8615,2.1653
149449,1.8648,2.1549
149450,1.8640,2.1396
149451,1.8559,2.1259
149452,1.8551,2.1122
149453,1.8559,2.0960
149454,1.8559,2.0622
149455,1.8454,2.0622
149456,1.8478,2.0799
149457,1.8430,2.0968
149458,1.8438,2.1259
149459,1.8551,2.1508
149460,1.8519,2.1790
149461,1.8551,2.1871
149462,1.8615,2.1879
149463,1.8599,2.1807
149464,1.8575,2.1662
149465,1.8607,2.1629
149466,1.8567,2.1452
149467,1.8575,2.1355
149468,1.8519,2.1162
149469,1.8454,2.1017
149470,1.8454,2.0904
149471,1.8430,2.0622
149472,1.8390,2.0622
149473,1.8414,2.0912
149474,1.8398,2.1033
149475,1.8422,2.1291
149476,1.8446,2.1589
149477,1.8486,2.1863
149478,1.8470,2.1919
149479,1.8495,2.2137
149480,1.8495,2.1911
149481,1.8511,2.1927
149482,1.8478,2.1621
149483,1.8519,2.1452
149484,1.8462,2.1315
149485,1.8438,2.1267
149486,1.8430,2.0968
149487,1.8358,2.0622
149488,1.8317,2.0622
149489,1.8309,2.0622
149490,1.8382,2.0904
149491,1.8309,2.1162
149492,1.8349,2.1412
149493,1.8382,2.1847
149494,1.8543,2.1927
149495,1.8438,2.1960
149496,1.8486,2.1936
149497,1.8511,2.1839
149498,1.8527,2.1734
149499,1.8446,2.1533
149500,1.8462,2.1460
149501,1.8438,2.1331
149502,1.8454,2.1057
149503,1.8422,2.1017
149504,1.8414,2.0832
149505,1.8309,2.0622
149506,1.8309,2.0896
149507,1.8333,2.1025
149508,1.8366,2.1275
149509,1.8366,2.1533
149510,1.8414,2.1799
149511,1.8454,2.1960
149512,1.8486,2.1936
149513,1.8454,2.1863
149514,1.8462,2.1839
149515,1.8446,2.1629
149516,1.8446,2.1508
149517,1.8430,2.1525
149518,1.8382,2.1178
149519,1.8333,2.1025
149520,1.8382,2.0840
149521,1.8349,2.0622
149522,1.8301,2.0622
149523,1.8285,2.0880
149524,1.8317,2.1041
149525,1.8366,2.1299
149526,1.8309,2.1662
149527,1.8398,2.1807
149528,1.8438,2.1903
149529,1.8495,2.1871
149530,1.8478,2.1774
149531,1.8478,2.1662
149532,1.8454,2.1549
149533,1.8406,2.1412
149534,1.8382,2.1202
149535,1.8349,2.1105
149536,1.8349,2.0928
149537,1.8309,2.0622
149538,1.8301,2.0622
149539,1.8293,2.0622
149540,1.8309,2.0936
149541,1.8293,2.1178
149542,1.8358,2.1412
149543,1.8358,2.1702
149544,1.8398,2.1968
149545,1.8438,2.2073
149546,1.8438,2.2064
149547,1.8438,2.2048
149548,1.8462,2.1919
149549,1.8438,2.1750
149550,1.8438,2.1613
149551,1.8309,2.1484
149552,1.8414,2.1275
149553,1.8414,2.1130
149554,1.8325,2.1017
149555,1.8349,2.1065
149556,1.8325,2.1105
149557,1.8325,2.1275
149558,1.8366,2.1533
149559,1.8333,2.1678
149560,1.8438,2.1960
149561,1.8430,2.2234
149562,1.8462,2.2379
149563,1.8527,2.2411
149564,1.8495,2.2347
149565,1.8559,2.2177
149566,1.8511,2.2073
149567,1.8543,2.1976
149568,1.8495,2.1766
149569,1.8511,2.1621
149570,1.8470,2.1460
149571,1.8446,2.1371
149572,1.8454,2.1428
149573,1.8462,2.1525
149574,1.8454,2.1605
149575,1.8478,2.1799
149576,1.8358,2.1960
149577,1.8495,2.2137
149578,1.8527,2.2306
149579,1.8615,2.2516
149580,1.8543,2.2645
149581,1.8599,2.2822
149582,1.8591,2.2991
149583,1.8672,2.3104
149584,1.8696,2.3217
149585,1.8696,2.3338
149586,1.8744,2.3467
149587,1.8777,2.3539
149588,1.8768,2.3644
149589,1.8744,2.3628
149590,1.8833,2.3813
149591,1.8833,2.3870
149592,1.8865,2.3982
149593,1.8905,2.4111
149594,1.8930,2.4111
149595,1.8930,2.4192
149596,1.8954,2.4240
149597,1.8962,2.4329
149598,1.8978,2.4393
149599,1.9034,2.4385
149600,1.9010,2.4530
149601,1.9034,2.4595
149602,1.9075,2.4635
149603,1.9091,2.4716
149604,1.9123,2.4829
149605,1.9147,2.4893
149606,1.9188,2.4909
149607,1.9212,2.4885
149608,1.9163,2.4998
149609,1.9155,2.5062
149610,1.9212,2.5143
149611,1.9204,2.5167
149612,1.9212,2.5191
149613,1.9212,2.5272
149614,1.9212,2.5288
149615,1.9300,2.5360
149616,1.9300,2.5401
149617,1.9341,2.5441
149618,1.9292,2.5489
149619,1.9284,2.5481
149620,1.9325,2.5554
149621,1.9341,2.5618
149622,1.9381,2.5651
149623,1.9397,2.5675
149624,1.9413,2.5715
149625,1.9397,2.5779
149626,1.9389,2.5796
149627,1.9389,2.5828
149628,1.9429,2.5892
149629,1.9445,2.5997
149630,1.9470,2.5941
149631,1.9470,2.6013
149632,1.9470,2.6037
149633,1.9478,2.6070
149634,1.9526,2.6126
149635,1.9494,2.6134
149636,1.9470,2.6174
149637,1.9558,2.6215
149638,1.9550,2.6247
149639,1.9558,2.6263
149640,1.9566,2.6303
149641,1.9590,2.6271
149642,1.9558,2.6360
149643,1.9582,2.6432
149644,1.9582,2.6432
149645,1.9607,2.6448
149646,1.9615,2.6513
149647,1.9607,2.6553
149648,1.9639,2.6601
149649,1.9703,2.6650
149650,1.9647,2.6682
149651,1.9647,2.6698
149652,1.9671,2.6714
149653,1.9679,2.6747
149654,1.9687,2.6795
149655,1.9711,2.6811
149656,1.9687,2.6851
149657,1.9711,2.6875
149658,1.9574,2.6932
149659,1.9727,2.7004
149660,1.9727,2.6988
149661,1.9744,2.7053
149662,1.9768,2.7093
149663,1.9727,2.7149
149664,1.9752,2.7198
149665,1.9808,2.7262
149666,1.9800,2.7230
149667,1.9768,2.7206
149668,1.9776,2.7375
149669,1.9816,2.7359
149670,1.9800,2.7464
149671,1.9848,2.7552
149672,1.9808,2.7617
149673,1.9816,2.7697
149674,1.9800,2.7722
149675,1.9784,2.7891
149676,1.9897,2.7996
149677,1.9913,2.8100
149678,2.0001,2.8237
149679,1.9897,2.8294
149680,1.9913,2.8423
149681,1.9929,2.8584
149682,1.9856,2.8761
149683,1.9889,2.9019
149684,1.9937,2.9124
149685,1.9897,2.9285
149686,1.9985,2.9454
149687,1.9945,2.9615
149688,1.9824,2.9752
149689,1.9961,2.9889
149690,1.9977,3.0091
149691,1.9945,3.0276
149692,1.9985,3.0405
149693,1.9816,3.0590
149694,2.0034,3.0768
149695,2.0042,3.0856
149696,1.9985,3.1082
149697,1.9985,3.1227
149698,2.0082,3.1372
149699,2.0155,3.1517
149700,2.0138,3.1743
149701,2.0098,3.1872
149702,2.0122,3.1952
149703,2.0114,3.2130
149704,2.0066,3.2259
149705,2.0098,3.2363
149706,1.9985,3.2468
149707,2.0122,3.2525
149708,2.0138,3.2750
149709,2.0171,3.2855
149710,2.0195,3.2919
149711,2.0195,3.3000
149712,2.0155,3.3000
149713,2.0090,3.3000
149714,2.0235,3.3000
149715,2.0203,3.3000
149716,2.0187,3.3000
149717,2.0211,3.3000
149718,2.0219,3.3000
149719,2.0267,3.3000
149720,2.0243,3.3000
149721,2.0267,3.3000
149722,2.0324,3.3000
149723,2.0259,3.3000
149724,2.0348,3.3000
149725,2.0292,3.3000
149726,2.0477,3.3000
149727,2.0284,3.3000
149728,2.0292,3.3000
149729,2.0324,3.3000
149730,2.0356,3.3000
149731,2.0461,3.3000
149732,2.0372,3.3000
149733,2.0356,3.3000
149734,2.0396,3.3000
149735,2.0380,3.3000
149736,2.0396,3.3000
149737,2.0412,3.3000
149738,2.0396,3.3000
149739,2.0396,3.3000
149740,2.0461,3.3000
149741,2.0461,3.3000
149742,2.0412,3.3000
149743,2.0477,3.3000
149744,2.0372,3.3000
149745,2.0501,3.3000
149746,2.0501,3.3000
149747,2.0606,3.3000
149748,2.0324,3.3000
149749,2.0501,3.3000
149750,2.0582,3.3000
149751,2.0582,3.3000
149752,2.0606,3.3000
149753,2.0549,3.3000
149754,2.0509,3.3000
149755,2.0509,3.3000
149756,2.0622,3.3000
149757,2.0590,3.3000
149758,2.0614,3.3000
149759,2.0622,3.3000
149760,2.0622,3.3000
149761,2.0622,3.3000
149762,2.0904,3.3000
149763,2.0622,3.3000
149764,2.0622,3.3000
149765,2.0622,3.3000
149766,2.0832,3.3000
149767,2.0622,3.3000
149768,2.0622,3.3000
149769,2.0622,3.3000
149770,2.0832,3.3000
149771,2.0807,3.3000
149772,2.0864,3.3000
149773,2.0896,3.3000
149774,2.0896,3.3000
149775,2.0888,3.3000
149776,2.0936,3.3000
149777,2.0993,3.3000
149778,2.0896,3.3000
149779,2.1001,3.3000
149780,2.1009,3.3000
149781,2.1017,3.3000
149782,2.1017,3.3000
149783,2.1041,3.3000
149784,2.1025,3.3000
149785,2.1057,3.3000
149786,2.1105,3.3000
149787,2.1065,3.3000
149788,2.1114,3.3000
149789,2.1049,3.3000
149790,2.1186,3.3000
149791,2.1234,3.3000
149792,2.1251,3.3000
149793,2.1275,3.3000
149794,2.1275,3.3000
149795,2.1323,3.3000
149796,2.1412,3.3000
149797,2.1444,3.3000
149798,2.1533,3.3000
149799,2.1541,3.3000
149800,2.1662,3.3000
149801,2.1774,3.3000
149802,2.1895,3.3000
149803,2.2153,3.3000
149804,2.2266,3.3000
149805,2.2266,3.2807
149806,2.2282,3.2097
149807,2.2306,3.1582
149808,2.2298,3.0977
149809,2.2306,3.0421
149810,2.2137,2.9841
149811,2.2161,2.9390
149812,2.2040,2.8874
149813,2.2040,2.8455
149814,2.2064,2.8068
149815,2.2169,2.7665
149816,2.2218,2.7206
149817,2.2234,2.7069
149818,2.2169,2.6763
149819,2.2177,2.6481
149820,2.2169,2.6223
149821,2.2024,2.6005
149822,2.2056,2.5900
149823,2.2056,2.5634
149824,2.2185,2.5352
149825,2.2234,2.5143
149826,2.2250,2.4966
149827,2.2250,2.4740
149828,2.2201,2.4555
149829,2.2201,2.4410
149830,2.2161,2.4256
149831,2.2056,2.4103
149832,2.2048,2.3974
149833,2.2016,2.3708
149834,2.2201,2.3716
149835,2.2258,2.3588
149836,2.2250,2.3426
149837,2.2177,2.3338
149838,2.2153,2.3297
149839,2.2105,2.3185
149840,2.2048,2.3007
149841,2.2129,2.2919
149842,2.2218,2.2798
149843,2.2226,2.2709
149844,2.2210,2.2645
149845,2.2266,2.2556
149846,2.2266,2.2443
149847,2.2137,2.2588
149848,2.2089,2.2298
149849,2.2024,2.2242
149850,2.2008,2.2113
149851,2.2129,2.2064
149852,2.2185,2.2032
149853,2.2201,2.1790
149854,2.2201,2.1879
149855,2.2153,2.1831
149856,2.2177,2.1790
149857,2.2048,2.1686
149858,2.2032,2.1653
149859,2.2000,2.1605
149860,2.2048,2.1557
149861,2.2137,2.1533
149862,2.2193,2.1508
149863,2.2153,2.1476
149864,2.2153,2.1396
149865,2.2129,2.1331
149866,2.2073,2.1331
149867,2.2048,2.1267
149868,2.1968,2.1170
149869,2.1968,2.1097
149870,2.2056,2.0968
149871,2.2153,2.0936
149872,2.2161,2.0896
149873,2.2185,2.0815
149874,2.2137,2.0477
149875,2.2105,2.0622
149876,2.2024,2.0574
149877,2.2048,2.0558
149878,2.2048,2.0525
149879,2.2169,2.0469
149880,2.2137,2.0461
149881,2.2161,2.0380
149882,2.2105,2.0348
149883,2.2097,2.0421
149884,2.2048,2.0356
149885,2.2048,2.0324
149886,2.2032,2.0284
149887,2.2008,2.0292
149888,2.2105,2.0243
149889,2.2161,2.0243
149890,2.2105,2.0267
149891,2.2193,2.0243
149892,2.2048,2.0219
149893,2.2048,2.0227
149894,2.1976,2.0203
149895,2.2048,2.0203
149896,2.2153,2.0171
149897,2.2185,2.0066
149898,2.2161,2.0114
149899,2.2153,2.0203
149900,2.2056,2.0203
149901,2.2056,2.0227
149902,2.2040,2.0195
149903,2.2048,2.0171
149904,2.2000,2.0138
149905,2.2121,2.0219
149906,2.2137,2.0187
149907,2.2193,2.0195
149908,2.2177,2.0195
149909,2.2105,2.0203
149910,2.2064,2.0147
149911,2.2048,2.0227
149912,2.2056,2.0179
149913,2.2032,2.0227
149914,2.2129,2.0203
149915,2.2177,2.0195
149916,2.2153,2.0195
149917,2.2153,2.0203
149918,2.2145,2.0187
149919,2.2040,2.0243
149920,2.1952,2.0090
149921,2.1968,2.0130
149922,2.2089,2.0195
149923,2.2097,2.0227
149924,2.2185,2.0203
149925,2.2234,2.0332
149926,2.2193,2.0171
149927,2.2105,2.0163
149928,2.2048,2.0138
149929,2.2048,2.0195
149930,2.2008,2.0195
149931,2.2064,2.0195
149932,2.2145,2.0163
149933,2.2177,2.0195
149934,2.2266,2.0066
149935,2.2161,2.0219
149936,2.2105,2.0171
149937,2.2056,2.0388
149938,2.2000,2.0155
149939,2.1960,2.0098
149940,2.2064,2.0171
149941,2.2185,2.0203
149942,2.2185,2.0155
149943,2.2218,2.0147
149944,2.2169,2.0195
149945,2.2266,2.0187
149946,2.2137,2.0155
149947,2.2048,2.0259
149948,2.2024,2.0155
149949,2.2048,2.0187
149950,2.2081,2.0163
149951,2.2129,2.0147
149952,2.2169,2.0171
149953,2.2201,2.0042
149954,2.2161,2.0138
149955,2.2064,2.0155
149956,2.2048,2.0163
149957,2.2008,2.0477
149958,2.2129,2.0171
149959,2.2089,2.0195
149960,2.2153,2.0163
149961,2.2234,2.0163
149962,2.2145,2.0155
149963,2.2129,2.0155
149964,2.2081,2.0243
149965,2.2024,2.0090
149966,2.1952,2.0155
149967,2.2048,2.0171
149968,2.2089,2.0147
149969,2.2185,2.0211
149970,2.2177,2.0163
149971,2.2153,2.0187
149972,2.2218,2.0163
149973,2.2169,2.0163
149974,2.2073,2.0203
149975,2.2008,2.0130
149976,2.2161,2.0171
149977,2.2169,2.0195
149978,2.2282,2.0147
149979,2.2161,2.0187
149980,2.2153,2.0163
149981,2.2177,2.0155
149982,2.2056,2.0155
149983,2.2048,2.0147
149984,2.2040,2.0114
149985,2.2040,2.0155
149986,2.2137,2.0163
149987,2.2129,2.0163
149988,2.2177,2.0171
149989,2.2177,2.0018
149990,2.2056,2.0195
149991,2.2040,2.0404
149992,2.2032,2.0155
149993,2.2073,2.0138
149994,2.2145,2.0138
149995,2.2234,2.0130
149996,2.2282,2.0114
149997,2.2161,2.0034
149998,2.2137,2.0171
149999,2.2097,2.0114
150000,2.2048,2.0147
150001,2.1960,2.0211
150002,2.2048,2.0219
150003,2.2073,1.9897
150004,2.2056,2.0114
150005,2.2201,2.0171
150006,2.2121,2.0138
150007,2.2073,2.0163
150008,2.2008,2.0138
150009,2.2040,2.0155
150010,2.2113,2.0195
150011,2.2161,2.0235
150012,2.2226,2.0155
150013,2.2185,2.0122
150014,2.2169,2.0122
150015,2.2089,2.0235
150016,2.2089,2.0171
150017,2.2008,2.0155
150018,2.1976,2.0171
150019,2.2089,2.0106
150020,2.2121,2.0227
150021,2.2177,2.0155
150022,2.2129,2.0147
150023,2.2105,2.0122
150024,2.2073,2.0147
150025,2.2048,2.0235
150026,2.2048,2.0243
150027,2.2129,2.0130
150028,2.2153,2.0122
150029,2.2201,2.0163
150030,2.2201,2.0138
150031,2.2161,2.0171
150032,2.2153,2.0090
150033,2.2048,2.0114
150034,2.2048,2.0171
150035,2.2008,2.0138
150036,2.2105,2.0219
150037,2.2137,2.0163
150038,2.2185,2.0171
150039,2.2169,2.0147
150040,2.2089,2.0187
150041,2.2064,2.0138
150042,2.2048,2.0171
150043,2.2008,2.0203
150044,2.2064,2.0171
150045,2.2161,2.0163
150046,2.2234,2.0179
150047,2.2145,2.0138
150048,2.2218,2.0138
150049,2.2145,2.0034
150050,2.2024,2.0227
150051,2.2008,2.0171
150052,2.2008,2.0138
150053,2.2040,2.0090
150054,2.2089,2.0122
150055,2.2177,2.0155
150056,2.2121,2.0122
150057,2.2129,2.0163
150058,2.2056,2.0138
150059,2.2040,2.0122
150060,2.2048,2.0138
150061,2.2056,2.0114
150062,2.2137,2.0122
150063,2.2153,2.0114
150064,2.2218,2.0171
150065,2.2153,2.0130
150066,2.2169,2.0171
150067,2.2040,2.0138
150068,2.1960,2.0171
150069,2.2048,2.0171
150070,2.2064,2.0122
150071,2.2089,2.0138
150072,2.2169,2.0155
150073,2.2137,2.0130
150074,2.2201,2.0138
150075,2.2105,2.0130
150076,2.2081,2.0130
150077,2.2048,2.0122
150078,2.2048,2.0187
150079,2.2145,2.0203
150080,2.2153,2.0147
150081,2.2185,2.0122
150082,2.2201,2.0130
150083,2.2097,2.0171
150084,2.2056,2.0122
150085,2.2040,2.0195
150086,2.2024,2.0171
150087,2.2064,2.0187
150088,2.2097,2.0203
150089,2.2161,2.0187
150090,2.2185,2.0187
150091,2.2153,2.0138
150092,2.2089,2.0138
150093,2.2040,2.0171
150094,2.2048,2.0155
150095,2.2024,2.0187
150096,2.2121,2.0138
150097,2.2201,2.0219
150098,2.2226,2.0138
150099,2.2121,2.0155
150100,2.2113,2.0122
150101,2.2089,2.0155
150102,2.2064,2.0130
150103,2.1968,2.0163
150104,2.2073,2.0138
150105,2.2185,2.0138
150106,2.2177,2.0171
150107,2.2185,2.0155
150108,2.2145,2.0163
150109,2.2097,2.0171
150110,2.2089,2.0155
150111,2.2016,2.0130
150112,2.2073,2.0130
150113,2.2193,2.0163
150114,2.2201,2.0155
150115,2.2169,2.0138
150116,2.2177,2.0122
150117,2.2073,2.0171
150118,2.2250,2.0155
150119,2.2040,2.0163
150120,2.1976,2.0171
150121,2.2105,2.0130
150122,2.2193,2.0138
150123,2.2177,2.0138
150124,2.2218,2.0155
150125,2.2137,2.0155
150126,2.2153,2.0114
150127,2.2129,2.0219
150128,2.2024,2.0122
150129,2.2105,2.0147
150130,2.2105,2.0203
150131,2.2201,2.0130
150132,2.2250,2.0114
150133,2.2274,2.0155
150134,2.2210,2.0155
150135,2.2129,2.0147
150136,2.1944,2.0187
150137,2.2040,2.0211
150138,2.1936,2.0130
150139,2.2064,2.0155
150140,2.2137,2.0138
150141,2.2290,2.0138
150142,2.2201,2.0138
150143,2.2218,2.0138
150144,2.2266,2.0155
150145,2.2105,2.0155
150146,2.2089,2.0171
150147,2.2000,2.0171
150148,2.2048,2.0155
150149,2.2073,2.0187
150150,2.2153,2.0163
150151,2.2185,2.0138
150152,2.2185,2.0138
150153,2.2161,2.0163
150154,2.2008,2.0195
150155,2.2064,2.0171
150156,2.2008,2.0187
150157,2.2016,2.0130
150158,2.2097,2.0155
150159,2.2169,2.0195
150160,2.2218,2.0155
150161,2.2169,2.0155
150162,2.2024,2.0138
150163,2.2290,2.0171
150164,2.2121,2.0074
150165,2.2000,2.0171
150166,2.2056,2.0179
150167,2.2064,2.0122
150168,2.2129,2.0155
150169,2.2169,2.0195
150170,2.2177,2.0138
150171,2.2169,2.0195
150172,2.2048,2.0187
150173,2.2193,2.0171
150174,2.2073,2.0138
150175,2.1976,2.0155
150176,2.2129,2.0203
150177,2.2226,2.0138
150178,2.2290,2.0114
150179,2.2234,2.0138
150180,2.2226,2.0130
150181,2.2226,2.0203
150182,2.2129,2.0155
150183,2.2266,2.0195
150184,2.2048,2.0171
150185,2.2105,2.0187
150186,2.2177,2.0155
150187,2.2177,2.0163
150188,2.2226,2.0203
150189,2.2169,2.0155
150190,2.2089,2.0171
150191,2.2161,2.0155
150192,2.2048,2.0171
150193,2.2024,2.0163
150194,2.2064,2.0130
150195,2.2193,2.0138
150196,2.2153,2.0163
150197,2.2201,2.0171
150198,2.2234,2.0187
150199,2.2056,2.0147
150200,2.1992,2.0163
150201,2.2008,2.0138
150202,2.2121,2.0187
150203,2.2073,2.0138
150204,2.2201,2.0171
150205,2.2210,2.0155
150206,2.2161,2.0211
150207,2.1968,2.0163
150208,2.2129,2.0147
150209,2.1927,2.0138
150210,2.2097,2.0171
150211,2.2048,2.0171
150212,2.2185,2.0122
150213,2.2177,2.0171
150214,2.2201,2.0138
150215,2.2169,2.0163
150216,2.2153,2.0155
150217,2.2064,2.0106
150218,2.2040,2.0138
150219,2.2201,2.0171
150220,2.2048,2.0171
150221,2.2137,2.0138
150222,2.2185,2.0155
150223,2.2129,2.0130
150224,2.2105,2.0163
150225,2.2097,2.0130
150226,2.2040,2.0155
150227,2.2000,2.0195
150228,2.2056,2.0147
150229,2.2169,2.0066
150230,2.2218,2.0122
150231,2.2153,2.0155
150232,2.2210,2.0163
150233,2.2145,2.0130
150234,2.2081,2.0114
150235,2.2073,2.0155
150236,2.2048,2.0138
150237,2.2048,2.0171
150238,2.2177,2.0138
150239,2.2193,2.0138
150240,2.2193,2.0138
150241,2.2105,2.0155
150242,2.2137,2.0106
150243,2.2073,2.0106
150244,2.2024,2.0155
150245,2.2056,2.0138
150246,2.2129,2.0171
150247,2.2234,2.0138
150248,2.2201,2.0155
150249,2.2250,2.0163
150250,2.2105,2.0130
150251,2.2064,2.0163
150252,2.2056,2.0163
150253,2.1992,2.0163
150254,2.2024,2.0147
150255,2.2113,2.0187
150256,2.2169,2.0155
150257,2.2177,2.0090
150258,2.2210,2.0138
150259,2.2193,2.0138
150260,2.2056,2.0138
150261,2.2089,2.0171
150262,2.2048,2.0106
150263,2.2113,2.0138
150264,2.2048,2.0138
150265,2.2048,2.0147
150266,2.2185,2.0147
150267,2.2105,2.0171
150268,2.2105,2.0163
150269,2.2073,2.0138
150270,2.1968,2.0171
150271,2.1992,2.0163
150272,2.2048,2.0138
150273,2.2226,2.0138
150274,2.2137,2.0163
150275,2.2234,2.0155
150276,2.2169,2.0098
150277,2.2169,2.0130
150278,2.2113,2.0171
150279,2.2113,2.0147
150280,2.2016,2.0163
150281,2.2024,2.0187
150282,2.2145,2.0147
150283,2.2193,2.0122
150284,2.2193,2.0138
150285,2.2258,2.0122
150286,2.2185,2.0155
150287,2.2081,2.0163
150288,2.2024,2.0171
150289,2.2089,2.0155
150290,2.2097,2.0179
150291,2.1895,2.0187
150292,2.2258,2.0163
150293,2.2347,2.0163
150294,2.2274,2.0138
150295,2.2210,2.0163
150296,2.2161,2.0122
150297,2.2097,2.0171
150298,2.2081,2.0187
150299,2.1944,2.0179
150300,2.2056,2.0163
150301,2.2008,2.0171
150302,2.2153,2.0074
150303,2.2161,2.0138
150304,2.2169,2.0155
150305,2.2161,2.0138
150306,2.2105,2.0227
150307,2.2024,2.0138
150308,2.2056,2.0155
150309,2.2121,2.0171
150310,2.2201,2.0058
150311,2.2177,2.0171
150312,2.2153,2.0171
150313,2.2177,2.0155
150314,2.2129,1.9881
150315,2.2129,2.0155
150316,2.2048,2.0364
150317,2.2008,2.0163
150318,2.1992,2.0122
150319,2.2137,2.0163
150320,2.2161,2.0163
150321,2.2161,2.0163
150322,2.2169,2.0138
150323,2.2290,2.0155
150324,2.2081,2.0130
150325,2.2185,2.0187
150326,2.2032,2.0106
150327,2.2089,2.0130
150328,2.2169,2.0090
150329,2.2266,2.0122
150330,2.2210,2.0203
150331,2.2193,2.0155
150332,2.2105,2.0163
150333,2.2121,2.0211
150334,2.2089,2.0147
150335,2.2040,2.0114
150336,2.2024,2.0130
150337,2.2081,2.0130
150338,2.2145,1.9985
150339,2.2161,2.0445
150340,2.2097,2.0122
150341,2.2169,2.0147
150342,2.2048,2.0195
150343,2.2040,2.0163
150344,2.2024,2.0171
150345,2.2105,2.0155
150346,2.2201,2.0138
150347,2.2185,2.0171
150348,2.2153,2.0138
150349,2.2218,2.0195
150350,2.2073,2.0171
150351,2.1976,2.0106
150352,2.2000,2.0380
150353,2.2048,2.0147
150354,2.2129,2.0074
150355,2.2161,2.0163
150356,2.2161,2.0171
150357,2.2153,2.0130
150358,2.2056,2.0090
150359,2.2048,2.0163
150360,2.2000,2.0114
150361,2.2024,2.0090
150362,2.2169,2.0219
150363,2.2137,2.0114
150364,2.2193,2.0114
150365,2.2201,2.0187
150366,2.2137,2.0155
150367,2.2048,2.0114
150368,2.2040,2.0058
150369,2.2024,2.0130
150370,2.2056,2.0122
150371,2.2137,2.0155
150372,2.2153,2.0130
150373,2.2153,2.0138
150374,2.2105,2.0130
150375,2.2097,2.0114
150376,2.2048,2.0122
150377,2.1968,2.0171
150378,2.2048,2.0130
150379,2.2185,2.0114
150380,2.2226,2.0130
150381,2.2137,2.0138
150382,2.2153,2.0114
150383,2.2048,2.0525
150384,2.2056,2.0155
150385,2.2008,2.0155
150386,2.2000,2.0114
150387,2.2008,2.0130
150388,2.2105,2.0106
150389,2.2129,2.0114
150390,2.2193,2.0066
150391,2.2129,2.0235
150392,2.2064,2.0130
150393,2.1976,2.0138
150394,2.1968,2.0122
150395,2.2048,2.0138
150396,2.2169,2.0147
150397,2.2258,2.0114
150398,2.2153,2.0122
150399,2.2121,2.0122
150400,2.2105,2.0155
150401,2.2064,2.0138
150402,2.2032,2.0018
150403,2.2032,2.0106
150404,2.2073,2.0259
150405,2.2105,2.0114
150406,2.2169,2.0130
150407,2.2177,2.0155
150408,2.2153,2.0098
150409,2.2105,2.0122
150410,2.2040,2.0114
150411,2.2056,2.0042
150412,2.2048,2.0122
150413,2.2137,2.0122
150414,2.2169,2.0138
150415,2.2201,2.0429
150416,2.2137,2.0130
150417,2.2105,2.0163
150418,2.2048,2.0138
150419,2.1984,2.0155
150420,2.1944,2.0114
150421,2.2048,2.0114
150422,2.2177,2.0122
150423,2.2169,2.0090
150424,2.2161,2.0122
150425,2.2210,2.0138
150426,2.2097,2.0163
150427,2.2048,2.0171
150428,2.2048,2.0026
150429,2.2040,2.0155
150430,2.2137,2.0074
150431,2.2121,2.0251
150432,2.2161,2.0114
150433,2.2161,2.0171
150434,2.2161,2.0138
150435,2.2089,2.0163
150436,2.2056,2.0155
150437,2.1952,2.0364
150438,2.2024,2.0010
150439,2.2105,2.0171
150440,2.2185,2.0074
150441,2.2169,2.0171
150442,2.2290,2.0138
150443,2.2266,2.0147
150444,2.2169,2.0122
150445,2.2185,1.9985
150446,2.2048,2.0155
150447,2.2000,2.0171
150448,2.2040,2.0155
150449,2.2153,2.0138
150450,2.2129,2.0195
150451,2.2193,2.0147
150452,2.2177,2.0163
150453,2.2258,1.9985
150454,2.2089,2.0130
150455,2.2073,2.0138
150456,2.1960,2.0155
150457,2.2040,2.0340
150458,2.2073,2.0130
150459,2.2226,2.0155
150460,2.2234,2.0098
150461,2.2201,2.0163
150462,2.2250,2.0082
150463,2.2129,2.0163
150464,2.2089,2.0155
150465,2.2048,2.0155
150466,2.1992,2.0130
150467,2.1944,2.0122
150468,2.2056,2.0171
150469,2.2185,2.0187
150470,2.2234,2.0155
150471,2.2201,2.0147
150472,2.2137,2.0138
150473,2.2153,2.0074
150474,2.2056,2.0138
150475,2.2024,2.0138
150476,2.2040,2.0138
150477,2.2121,2.0163
150478,2.2177,2.0122
150479,2.2226,2.0155
150480,2.2201,2.0187
150481,2.2177,2.0421
150482,2.2113,2.0147
150483,2.2048,2.0195
150484,2.1976,2.0163
150485,2.1927,2.0147
150486,2.2048,2.0171
150487,2.2064,2.0114
150488,2.2089,2.0122
150489,2.2145,2.0114
150490,2.2129,2.0130
150491,2.2048,2.0138
150492,2.2024,2.0130
150493,2.2032,2.0122
150494,2.2089,2.0155
150495,2.2218,2.0106
150496,2.2177,2.0122
150497,2.2153,2.0114
150498,2.2161,2.0114
150499,2.2121,2.0195
150500,2.2064,2.0163
150501,2.2024,2.0122
150502,2.1911,2.0147
150503,2.1960,2.0090
150504,2.2089,2.0114
150505,2.2048,2.0138
150506,2.2048,2.0138
150507,2.2024,2.0114
150508,2.1992,2.0114
150509,2.2040,2.0147
150510,2.2048,2.0130
150511,2.2137,2.0195
150512,2.2177,2.0106
150513,2.2137,2.0114
150514,2.2105,2.0106
150515,2.2129,2.0114
150516,2.2024,2.0130
150517,2.1976,1.9985
150518,2.1879,2.0130
150519,2.1831,2.0122
150520,2.1960,2.0114
150521,2.2016,2.0138
150522,2.2048,2.0098
150523,2.2024,2.0163
150524,2.1992,2.0106
150525,2.2000,2.0090
150526,2.2048,2.0074
150527,2.2097,2.0098
150528,2.2056,2.0106
150529,2.2048,2.0010
150530,2.2032,2.0155
150531,2.1895,2.0114
150532,2.1903,2.0090
150533,2.1936,2.0106
150534,2.1976,2.0098
150535,2.2040,2.0074
150536,2.2064,2.0106
150537,2.2008,1.9993
150538,2.2008,2.0058
150539,2.1936,2.0074
150540,2.1960,2.0082
150541,2.2089,2.0106
150542,2.2153,2.0066
150543,2.2177,2.0082
150544,2.2226,2.0066
150545,2.2177,2.0034
150546,2.2201,2.0098
150547,2.2145,2.0130
150548,2.2056,2.0090
150549,2.2032,2.0106
150550,2.1919,2.0106
150551,2.1895,2.0090
150552,2.1782,2.0050
150553,2.1782,2.0042
150554,2.1790,2.0066
150555,2.1871,2.0066
150556,2.2040,2.0042
150557,2.2185,2.0058
150558,2.2250,2.0082
150559,2.2306,2.0074
150560,2.2330,2.0066
150561,2.2298,2.0114
150562,2.2234,2.0106
150563,2.2210,2.0122
150564,2.2129,2.0098
150565,2.2056,2.0130
150566,2.1968,2.0114
150567,2.1911,2.0114
150568,2.1807,2.0114
150569,2.1774,2.0106
150570,2.1653,2.0114
150571,2.1508,2.0042
150572,2.1460,2.0235
150573,2.1412,2.0485
150574,2.1315,2.0622
150575,2.1291,2.1202
150576,2.1275,2.1549
150577,2.1307,2.1807
150578,2.1283,2.1944
150579,2.1267,2.2048
150580,2.1154,2.2073
150581,2.1146,2.2040
150582,2.1105,2.1960
150583,2.0977,2.1992
150584,2.0977,2.1847
150585,2.0888,2.1782
150586,2.0622,2.1686
150587,2.0622,2.1621
150588,2.0517,2.1573
150589,2.0525,2.1694
150590,2.0622,2.1863
150591,2.0461,2.2089
150592,2.0477,2.2427
150593,2.0445,2.2693
150594,2.0485,2.2919
150595,2.0453,2.2943
150596,2.0412,2.2967
150597,2.0372,2.2919
150598,2.0300,2.2806
150599,2.0267,2.2645
150600,2.0267,2.2524
150601,2.0155,2.2306
150602,2.0106,2.2226
150603,2.0090,2.2089
150604,1.9655,2.1936
150605,1.9881,2.1895
150606,1.9856,2.1944
150607,1.9856,2.2089
150608,1.9848,2.2338
150609,1.9808,2.2612
150610,1.9897,2.2854
150611,1.9889,2.3007
150612,1.9816,2.2951
150613,1.9776,2.2822
150614,1.9824,2.2790
150615,1.9752,2.2612
150616,1.9727,2.2516
150617,1.9703,2.2338
150618,1.9615,2.2177
150619,1.9590,2.2064
150620,1.9510,2.1911
150621,1.9494,2.1790
150622,1.9470,2.1750
150623,1.9429,2.1799
150624,1.9268,2.2000
150625,1.9365,2.2201
150626,1.9437,2.2516
150627,1.9429,2.2709
150628,1.9486,2.2741
150629,1.9470,2.2766
150630,1.9397,2.2621
150631,1.9429,2.2564
150632,1.9252,2.2427
150633,1.9373,2.2298
150634,1.9292,2.2121
150635,1.9260,2.1936
150636,1.9171,2.1766
150637,1.9171,2.1621
150638,1.9099,2.1452
150639,1.9091,2.1533
150640,1.9059,2.1605
150641,1.9067,2.1782
150642,1.8962,2.2048
150643,1.9188,2.2306
150644,1.9042,2.2564
150645,1.9171,2.2580
150646,1.9171,2.2524
150647,1.9188,2.2467
150648,1.9171,2.2355
150649,1.9107,2.2161
150650,1.9059,2.2016
150651,1.9155,2.1839
150652,1.9042,2.1702
150653,1.8970,2.1533
150654,1.8938,2.1323
150655,1.8930,2.1275
150656,1.8914,2.1379
150657,1.8841,2.1492
150658,1.8897,2.1702
150659,1.8897,2.1936
150660,1.9123,2.2218
150661,1.8946,2.2306
150662,1.8833,2.2411
150663,1.8930,2.2306
150664,1.8954,2.2266
150665,1.8938,2.2056
150666,1.8914,2.1976
150667,1.8801,2.1790
150668,1.8696,2.1645
150669,1.8817,2.1460
150670,1.8801,2.1275
150671,1.8736,2.1154
150672,1.8696,2.1105
150673,1.8696,2.1186
150674,1.8696,2.1331
150675,1.8696,2.1589
150676,1.8696,2.1815
150677,1.8744,2.2056
150678,1.8785,2.2177
150679,1.8793,2.2153
150680,1.8785,2.2048
150681,1.8752,2.2024
150682,1.8720,2.1831
150683,1.8696,2.1662
150684,1.8793,2.1533
150685,1.8640,2.1355
150686,1.8696,2.1186
150687,1.8640,2.1041
150688,1.8591,2.0920
150689,1.8712,2.0944
150690,1.8559,2.1065
150691,1.8801,2.1194
150692,1.8559,2.1452
150693,1.8623,2.1831
150694,1.8696,2.1960
150695,1.8623,2.2024
150696,1.8680,2.2000
150697,1.8623,2.1911
150698,1.8559,2.1799
150699,1.8527,2.1670
150700,1.8607,2.1476
150701,1.8567,2.1347
150702,1.8583,2.1226
150703,1.8478,2.1041
150704,1.8382,2.0888
150705,1.8462,2.0622
150706,1.8454,2.0832
150707,1.8349,2.0936
150708,1.8583,2.1154
150709,1.8519,2.1404
150710,1.8495,2.1718
150711,1.8543,2.1831
150712,1.8575,2.1847
150713,1.8495,2.1847
150714,1.8583,2.1742
150715,1.8559,2.1565
150716,1.8543,2.1452
150717,1.8503,2.1291
150718,1.8519,2.1146
150719,1.8478,2.1009
150720,1.8438,2.0622
150721,1.8390,2.0614
150722,1.8374,2.0606
150723,1.8422,2.0622
150724,1.8349,2.1162
150725,1.8341,2.1130
150726,1.8382,2.1363
150727,1.8462,2.1653
150728,1.8414,2.1718
150729,1.8543,2.1662
150730,1.8478,2.1662
150731,1.8519,2.1525
150732,1.8438,2.1412
150733,1.8446,2.1299
150734,1.8422,2.1138
150735,1.8414,2.1001
150736,1.8390,2.0622
150737,1.8317,2.0606
150738,1.8317,2.0445
150739,1.8293,2.0501
150740,1.8301,2.0606
150741,1.8341,2.0848
150742,1.8325,2.1122
150743,1.8245,2.1299
150744,1.8390,2.1589
150745,1.8446,2.1670
150746,1.8430,2.1653
150747,1.8446,2.1573
150748,1.8438,2.1444
150749,1.8438,2.1315
150750,1.8438,2.1162
150751,1.8390,2.1065
150752,1.8511,2.0872
150753,1.8358,2.0622
150754,1.8269,2.0541
150755,1.8245,2.0477
150756,1.8221,2.0501
150757,1.8277,2.0622
150758,1.8221,2.0904
150759,1.8261,2.1170
150760,1.8382,2.1412
150761,1.8358,2.1557
150762,1.8414,2.1629
150763,1.8422,2.1605
150764,1.8398,2.1525
150765,1.8293,2.1388
150766,1.8341,2.1275
150767,1.8366,2.1122
150768,1.8317,2.1017
150769,1.8269,2.0832
150770,1.8204,2.0598
150771,1.8221,2.0501
150772,1.8196,2.0461
150773,1.8180,2.0493
150774,1.8212,2.0622
150775,1.8349,2.0968
150776,1.8261,2.1331
150777,1.8325,2.1476
150778,1.8390,2.1621
150779,1.8366,2.1565
150780,1.8358,2.1541
150781,1.8366,2.1444
150782,1.8398,2.1275
150783,1.8358,2.1162
150784,1.8293,2.1017
150785,1.8301,2.0880
150786,1.8237,2.0622
150787,1.8212,2.0541
150788,1.8221,2.0469
150789,1.8180,2.0429
150790,1.8204,2.0501
150791,1.8180,2.0622
150792,1.8188,2.0993
150793,1.8237,2.1323
150794,1.8341,2.1476
150795,1.8317,2.1589
150796,1.8309,2.1621
150797,1.8349,2.1492
150798,1.8333,2.1267
150799,1.8349,2.1267
150800,1.8317,2.1033
150801,1.8293,2.0977
150802,1.8269,2.0622
150803,1.8253,2.0622
150804,1.8204,2.0501
150805,1.8172,2.0364
150806,1.8172,2.0404
150807,1.8180,2.0549
150808,1.8221,2.0622
150809,1.8204,2.1138
150810,1.8237,2.1436
150811,1.8285,2.1533
150812,1.8366,2.1557
150813,1.8341,2.1541
150814,1.8333,2.1468
150815,1.8237,2.1315
150816,1.8269,2.1154
150817,1.8196,2.1025
150818,1.8269,2.0993
150819,1.8237,2.0622
150820,1.8237,2.0622
150821,1.8164,2.0485
150822,1.8164,2.0509
150823,1.8140,2.0404
150824,1.8140,2.0622
150825,1.8156,2.0880
150826,1.8180,2.1202
150827,1.8204,2.1412
150828,1.8317,2.1525
150829,1.8285,2.1533
150830,1.8293,2.1492
150831,1.8349,2.1379
150832,1.8309,2.1267
150833,1.8317,2.1154
150834,1.8237,2.1025
150835,1.8188,2.0622
150836,1.8196,2.0558
150837,1.8196,2.0501
150838,1.8156,2.0324
150839,1.8172,2.0396
150840,1.8092,2.0461
150841,1.8172,2.0622
150842,1.8180,2.0977
150843,1.8188,2.1259
150844,1.8212,2.1484
150845,1.8414,2.1533
150846,1.8269,2.1533
150847,1.8325,2.1476
150848,1.8261,2.1347
150849,1.8285,2.1242
150850,1.8237,2.1065
150851,1.8237,2.0912
150852,1.8188,2.0928
150853,1.8180,2.0453
150854,1.8172,2.0453
150855,1.8108,2.0243
150856,1.8148,2.0421
150857,1.8180,2.0509
150858,1.8156,2.0622
150859,1.8172,2.1033
150860,1.8172,2.1291
150861,1.8237,2.1508
150862,1.8221,2.1500
150863,1.8301,2.1525
150864,1.8293,2.1420
150865,1.8261,2.1331
150866,1.8229,2.1154
150867,1.8237,2.1057
150868,1.8204,2.1017
150869,1.8188,2.0622
150870,1.8196,2.0574
150871,1.8124,2.0622
150872,1.8035,2.0372
150873,1.8092,2.0421
150874,1.8100,2.0590
150875,1.8164,2.1234
150876,1.8140,2.1154
150877,1.8180,2.1452
150878,1.8261,2.1516
150879,1.8261,2.1557
150880,1.8301,2.1371
150881,1.8317,2.1412
150882,1.8253,2.1291
150883,1.8285,2.1251
150884,1.8333,2.1017
150885,1.8180,2.0815
150886,1.8180,2.0622
150887,1.8269,2.0493
150888,1.8164,2.0461
150889,1.8092,2.0292
150890,1.8132,2.0501
150891,1.8059,2.0622
150892,1.8108,2.0993
150893,1.8188,2.1226
150894,1.8204,2.1444
150895,1.8269,2.1573
150896,1.8261,2.1589
150897,1.8269,2.1541
150898,1.8293,2.1355
150899,1.8269,2.1396
150900,1.8229,2.1138
150901,1.8269,2.1017
150902,1.8277,2.0896
150903,1.8188,2.0622
150904,1.8108,2.0549
150905,1.8108,2.0453
150906,1.8116,2.0485
150907,1.8132,2.0558
150908,1.8092,2.0840
150909,1.8156,2.1017
150910,1.8172,2.1379
150911,1.8196,2.1605
150912,1.8309,2.1782
150913,1.8317,2.1807
150914,1.8333,2.1750
150915,1.8325,2.1637
150916,1.8285,2.1549
150917,1.8317,2.1533
150918,1.8309,2.1259
150919,1.8293,2.1073
150920,1.8221,2.1057
150921,1.8204,2.0622
150922,1.8180,2.0622
150923,1.8196,2.0622
150924,1.8204,2.0993
150925,1.8180,2.1138
150926,1.8196,2.1315
150927,1.8309,2.1790
150928,1.8293,2.1936
150929,1.8333,2.2048
150930,1.8406,2.2056
150931,1.8430,2.2032
150932,1.8438,2.1960
150933,1.8398,2.1799
150934,1.8430,2.1637
150935,1.8382,2.1508
150936,1.8406,2.1299
150937,1.8366,2.1146
150938,1.8317,2.1025
150939,1.8309,2.0807
150940,1.8317,2.1017
150941,1.8309,2.1202
150942,1.8333,2.1388
150943,1.8349,2.1718
150944,1.8382,2.2073
150945,1.8438,2.2201
150946,1.8511,2.2105
150947,1.8495,2.2322
150948,1.8527,2.2258
150949,1.8535,2.2105
150950,1.8519,2.1936
150951,1.8575,2.1831
150952,1.8519,2.1653
150953,1.8495,2.1533
150954,1.8454,2.1299
150955,1.8438,2.1194
150956,1.8438,2.1146
150957,1.8406,2.1267
150958,1.8422,2.1420
150959,1.8446,2.1686
150960,1.8462,2.1968
150961,1.8527,2.2234
150962,1.8567,2.2467
150963,1.8583,2.2685
150964,1.8599,2.2484
150965,1.8688,2.2185
150966,1.8680,2.2258
150967,1.8648,2.2137
150968,1.8696,2.1960
150969,1.8656,2.1790
150970,1.8623,2.1581
150971,1.8583,2.1476
150972,1.8559,2.1355
150973,1.8551,2.1275
150974,1.8551,2.1492
150975,1.8543,2.1613
150976,1.8495,2.1847
150977,1.8575,2.2185
150978,1.8615,2.2508
150979,1.8696,2.2645
150980,1.8704,2.2701
150981,1.8720,2.2612
150982,1.8801,2.2516
150983,1.8768,2.2338
150984,1.8785,2.2137
150985,1.8744,2.2040
150986,1.8696,2.1863
150987,1.8696,2.1790
150988,1.8640,2.1516
150989,1.8648,2.1396
150990,1.8640,2.1460
150991,1.8672,2.1549
150992,1.8664,2.1799
150993,1.8656,2.2089
150994,1.8688,2.2355
150995,1.8712,2.2508
150996,1.8777,2.2814
150997,1.8809,2.2782
150998,1.8833,2.2693
150999,1.8849,2.2588
151000,1.8865,2.2419
151001,1.8841,2.2266
151002,1.8881,2.2081
151003,1.8809,2.1903
151004,1.8744,2.1774
151005,1.8744,2.1573
151006,1.8720,2.1533
151007,1.8696,2.1573
151008,1.8712,2.1790
151009,1.8712,2.2040
151010,1.8720,2.2250
151011,1.8720,2.2564
151012,1.8777,2.2790
151013,1.8857,2.2830
151014,1.8897,2.2886
151015,1.8873,2.2798
151016,1.8946,2.2621
151017,1.8865,2.2314
151018,1.8897,2.2306
151019,1.8865,2.2121
151020,1.8825,2.1960
151021,1.8777,2.1782
151022,1.8744,2.1637
151023,1.8712,2.1662
151024,1.8752,2.1750
151025,1.8752,2.1992
151026,1.8744,2.2169
151027,1.8801,2.2419
151028,1.8785,2.2677
151029,1.8841,2.2911
151030,1.8881,2.2911
151031,1.8954,2.2846
151032,1.8938,2.2790
151033,1.8954,2.2621
151034,1.8938,2.2516
151035,1.8914,2.2306
151036,1.8857,2.2161
151037,1.8833,2.2024
151038,1.8777,2.1790
151039,1.8785,2.1670
151040,1.8785,2.1718
151041,1.8736,2.1815
151042,1.8752,2.2056
151043,1.8825,2.2306
151044,1.8825,2.2588
151045,1.8841,2.2854
151046,1.8897,2.2927
151047,1.8954,2.2927
151048,1.8994,2.2782
151049,1.8978,2.2693
151050,1.8978,2.2564
151051,1.8922,2.2387
151052,1.8954,2.2298
151053,1.8954,2.2048
151054,1.8881,2.1911
151055,1.8881,2.1670
151056,1.8817,2.1645
151057,1.8825,2.1750
151058,1.8801,2.1895
151059,1.8809,2.2137
151060,1.8873,2.2395
151061,1.8873,2.2685
151062,1.8905,2.2878
151063,1.8954,2.2967
151064,1.8994,2.2903
151065,1.8978,2.2830
151066,1.9010,2.2693
151067,1.8970,2.2604
151068,1.9002,2.2379
151069,1.8970,2.2218
151070,1.8954,2.2056
151071,1.8922,2.1831
151072,1.8873,2.1702
151073,1.8841,2.1710
151074,1.8817,2.1790
151075,1.8801,2.2008
151076,1.8865,2.2250
151077,1.8897,2.2556
151078,1.8930,2.2814
151079,1.8954,2.2895
151080,1.8970,2.2862
151081,1.9002,2.2822
151082,1.9034,2.2693
151083,1.9002,2.2532
151084,1.9010,2.2451
151085,1.8994,2.2242
151086,1.8954,2.2056
151087,1.8914,2.1839
151088,1.8881,2.1766
151089,1.8833,2.1613
151090,1.8833,2.1613
151091,1.8785,2.1790
151092,1.8841,2.1968
151093,1.8849,2.2250
151094,1.8905,2.2564
151095,1.8914,2.2693
151096,1.8954,2.2701
151097,1.8970,2.2677
151098,1.9002,2.2556
151099,1.9034,2.2443
151100,1.9010,2.2306
151101,1.8938,2.2064
151102,1.8930,2.1927
151103,1.8914,2.1726
151104,1.8865,2.1573
151105,1.8817,2.1428
151106,1.8777,2.1283
151107,1.8752,2.1428
151108,1.8744,2.1541
151109,1.8768,2.1774
151110,1.8825,2.2073
151111,1.8849,2.2298
151112,1.8865,2.2306
151113,1.8914,2.2298
151114,1.8599,2.2314
151115,1.8914,2.2073
151116,1.8543,2.1919
151117,1.8849,2.1815
151118,1.8897,2.1645
151119,1.8777,2.1484
151120,1.8744,2.1283
151121,1.8736,2.1138
151122,1.8656,2.1033
151123,1.8672,2.1017
151124,1.8640,2.1138
151125,1.8664,2.1404
151126,1.8656,2.1653
151127,1.8696,2.1944
151128,1.8777,2.2032
151129,1.8744,2.2024
151130,1.8970,2.1976
151131,1.8720,2.1871
151132,1.8696,2.1710
151133,1.8696,2.1573
151134,1.8696,2.1436
151135,1.8696,2.1226
151136,1.8623,2.1065
151137,1.8567,2.0920
151138,1.8495,2.0815
151139,1.8486,2.0622
151140,1.8527,2.0896
151141,1.8535,2.1025
151142,1.8527,2.1307
151143,1.8559,2.1549
151144,1.8615,2.1766
151145,1.8615,2.1831
151146,1.8696,2.1815
151147,1.8615,2.1758
151148,1.8656,2.1637
151149,1.8623,2.1492
151150,1.8640,2.1299
151151,1.8567,2.1218
151152,1.8495,2.1073
151153,1.8519,2.0880
151154,1.8446,2.0622
151155,1.8495,2.0582
151156,1.8414,2.0622
151157,1.8414,2.0622
151158,1.8382,2.1009
151159,1.8430,2.1267
151160,1.8446,2.1500
151161,1.8462,2.1637
151162,1.8744,2.1645
151163,1.8559,2.1686
151164,1.8575,2.1549
151165,1.8527,2.1484
151166,1.8511,2.1291
151167,1.8446,2.1170
151168,1.8454,2.1065
151169,1.8511,2.0912
151170,1.8430,2.0622
151171,1.8414,2.0501
151172,1.8333,2.0485
151173,1.8349,2.0549
151174,1.8317,2.0622
151175,1.8438,2.1001
151176,1.8390,2.1242
151177,1.8204,2.1460
151178,1.8438,2.1613
151179,1.8478,2.1613
151180,1.8430,2.1605
151181,1.8486,2.1428
151182,1.8446,2.1331
151183,1.8398,2.1202
151184,1.8454,2.1073
151185,1.8422,2.0840
151186,1.8398,2.0622
151187,1.8333,2.0541
151188,1.8317,2.0493
151189,1.8301,2.0429
151190,1.8277,2.0549
151191,1.8333,2.0622
151192,1.8366,2.1001
151193,1.8333,2.1291
151194,1.8398,2.1533
151195,1.8551,2.1637
151196,1.8495,2.1573
151197,1.8438,2.1508
151198,1.8511,2.1412
151199,1.8527,2.1267
151200,1.8462,2.1122
151201,1.8390,2.1017
151202,1.8382,2.0840
151203,1.8551,2.0622
151204,1.8172,2.0517
151205,1.8414,2.0396
151206,1.8196,2.0445
151207,1.8309,2.0574
151208,1.8293,2.0799
151209,1.8358,2.1097
151210,1.8358,2.1396
151211,1.8124,2.1516
151212,1.8430,2.1541
151213,1.8422,2.1541
151214,1.8446,2.1452
151215,1.8414,2.1323
151216,1.8309,2.1178
151217,1.8398,2.1073
151218,1.8341,2.0928
151219,1.8317,2.0622
151220,1.8261,2.0582
151221,1.8301,2.0461
151222,1.8196,2.0501
151223,1.8204,2.0461
151224,1.8180,2.0541
151225,1.8269,2.0952
151226,1.8237,2.1194
151227,1.8390,2.1444
151228,1.8422,2.1581
151229,1.8438,2.1549
151230,1.8430,2.1533
151231,1.8422,2.1476
151232,1.8422,2.1275
151233,1.8438,2.1202
151234,1.8285,2.1017
151235,1.8333,2.0872
151236,1.8382,2.0622
151237,1.8309,2.0574
151238,1.8212,2.0445
151239,1.8148,2.0404
151240,1.8188,2.0501
151241,1.8204,2.0622
151242,1.8277,2.1025
151243,1.8293,2.1307
151244,1.8358,2.1533
151245,1.8349,2.1637
151246,1.8382,2.1452
151247,1.8366,2.1533
151248,1.8390,2.1460
151249,1.8349,2.1307
151250,1.8374,2.1138
151251,1.8325,2.1025
151252,1.8317,2.0977
151253,1.8293,2.0622
151254,1.8309,2.0485
151255,1.8253,2.0485
151256,1.8221,2.0453
151257,1.8221,2.0622
151258,1.8261,2.0944
151259,1.8301,2.1162
151260,1.8317,2.1492
151261,1.8366,2.1702
151262,1.8438,2.1742
151263,1.8398,2.1694
151264,1.8438,2.1686
151265,1.8567,2.1508
151266,1.8438,2.1573
151267,1.8382,2.1251
151268,1.8156,2.1065
151269,1.8333,2.0936
151270,1.8317,2.0622
151271,1.8269,2.0614
151272,1.8237,2.0622
151273,1.8212,2.0622
151274,1.8221,2.0888
151275,1.8140,2.1122
151276,1.8229,2.1355
151277,1.8325,2.1637
151278,1.8398,2.1758
151279,1.8446,2.1815
151280,1.8430,2.1782
151281,1.8422,2.1662
151282,1.8430,2.1565
151283,1.8438,2.1420
151284,1.8333,2.1275
151285,1.8438,2.1130
151286,1.8366,2.0944
151287,1.8309,2.0622
151288,1.8237,2.0622
151289,1.8237,2.0622
151290,1.8269,2.0799
151291,1.8269,2.1009
151292,1.8180,2.1234
151293,1.8325,2.1516
151294,1.8390,2.1823
151295,1.8430,2.1927
151296,1.8414,2.1911
151297,1.8438,2.1879
151298,1.8438,2.1710
151299,1.8414,2.1581
151300,1.8438,2.1484
151301,1.8261,2.1275
151302,1.8366,2.1146
151303,1.8301,2.1009
151304,1.8325,2.0574
151305,1.8229,2.0807
151306,1.8245,2.0896
151307,1.8261,2.0977
151308,1.8253,2.1154
151309,1.8261,2.1412
151310,1.8366,2.1678
151311,1.8422,2.1976
151312,1.8446,2.2056
151313,1.8478,2.2064
151314,1.8462,2.1952
151315,1.8527,2.1686
151316,1.8511,2.1734
151317,1.8438,2.1589
151318,1.8438,2.1388
151319,1.8438,2.1267
151320,1.8398,2.1122
151321,1.8390,2.1041
151322,1.8317,2.1073
151323,1.8325,2.1057
151324,1.8293,2.1162
151325,1.8414,2.1355
151326,1.8390,2.1573
151327,1.8398,2.1815
151328,1.8422,2.2097
151329,1.8519,2.2306
151330,1.8559,2.2347
151331,1.8599,2.2314
151332,1.8583,2.2210
151333,1.8567,2.2048
151334,1.8535,2.1944
151335,1.8535,2.1782
151336,1.8567,2.1605
151337,1.8511,2.1525
151338,1.8535,2.1581
151339,1.8478,2.1670
151340,1.8543,2.1774
151341,1.8543,2.1831
151342,1.8567,2.2048
151343,1.8648,2.2355
151344,1.8672,2.2338
151345,1.8656,2.2717
151346,1.8672,2.2612
151347,1.8704,2.2822
151348,1.8736,2.2943
151349,1.8777,2.3040
151350,1.8704,2.3225
151351,1.8825,2.3257
151352,1.8785,2.3338
151353,1.8873,2.3515
151354,1.8833,2.3596
151355,1.8938,2.3676
151356,1.8954,2.3789
151357,1.8946,2.3853
151358,1.8978,2.3982
151359,1.8994,2.4087
151360,1.9010,2.4111
151361,1.9115,2.4136
151362,1.9107,2.4256
151363,1.9091,2.4224
151364,1.9139,2.4369
151365,1.9139,2.4458
151366,1.9131,2.4530
151367,1.9163,2.4587
151368,1.9163,2.4667
151369,1.9204,2.4716
151370,1.9212,2.4748
151371,1.9212,2.4990
151372,1.9212,2.4901
151373,1.9220,2.5086
151374,1.9252,2.4990
151375,1.9284,2.5103
151376,1.9333,2.5167
151377,1.9212,2.5248
151378,1.9325,2.5256
151379,1.9389,2.5143
151380,1.9357,2.5360
151381,1.9341,2.5377
151382,1.9357,2.5433
151383,1.9389,2.5457
151384,1.9445,2.5530
151385,1.9453,2.5683
151386,1.9437,2.5659
151387,1.9470,2.5683
151388,1.9462,2.5916
151389,1.9486,2.5755
151390,1.9462,2.5659
151391,1.9526,2.5812
151392,1.9542,2.5779
151393,1.9574,2.5755
151394,1.9510,2.5659
151395,1.9478,2.6174
151396,1.9631,2.6037
151397,1.9574,2.6070
151398,1.9590,2.6045
151399,1.9639,2.6078
151400,1.9599,2.6142
151401,1.9615,2.6182
151402,1.9671,2.6295
151403,1.9639,2.6279
151404,1.9679,2.6311
151405,1.9687,2.6352
151406,1.9719,2.6376
151407,1.9711,2.6610
151408,1.9671,2.6432
151409,1.9719,2.6456
151410,1.9687,2.6448
151411,1.9727,2.6464
151412,1.9727,2.6537
151413,1.9727,2.6553
151414,1.9727,2.6610
151415,1.9816,2.6642
151416,1.9671,2.6682
151417,1.9744,2.6706
151418,1.9736,2.6706
151419,1.9768,2.6771
151420,1.9816,2.6771
151421,1.9816,2.6827
151422,1.9808,2.6843
151423,1.9848,2.6892
151424,1.9856,2.6948
151425,1.9864,2.6948
151426,1.9864,2.7069
151427,1.9881,2.6892
151428,1.9897,2.6988
151429,1.9881,2.7077
151430,1.9977,2.7093
151431,1.9889,2.7149
151432,1.9889,2.7149
151433,1.9897,2.7206
151434,1.9929,2.7246
151435,1.9929,2.7423
151436,1.9913,2.7254
151437,1.9913,2.7295
151438,1.9977,2.7335
151439,1.9985,2.7480
151440,1.9945,2.7375
151441,1.9985,2.7399
151442,1.9913,2.7464
151443,1.9969,2.7480
151444,2.0010,2.7568
151445,2.0042,2.7746
151446,1.9985,2.7568
151447,2.0034,2.7617
151448,2.0042,2.7641
151449,1.9977,2.7681
151450,2.0058,2.7697
151451,2.0058,2.7673
151452,2.0106,2.7762
151453,2.0042,2.7794
151454,2.0074,2.7842
151455,2.0090,2.7875
151456,2.0090,2.7931
151457,2.0114,2.7979
151458,2.0106,2.7988
151459,2.0090,2.8020
151460,2.0106,2.8149
151461,2.0122,2.8278
151462,2.0106,2.8221
151463,2.0122,2.8253
151464,2.0171,2.8310
151465,2.0114,2.8366
151466,2.0195,2.8447
151467,2.0187,2.8874
151468,2.0155,2.8592
151469,2.0163,2.8713
151470,2.0187,2.8874
151471,2.0187,2.8810
151472,2.0227,2.9011
151473,2.0243,2.9035
151474,2.0187,2.9148
151475,2.0243,2.9277
151476,2.0179,2.9390
151477,2.0243,2.9897
151478,2.0219,2.9672
151479,2.0259,2.9809
151480,2.0243,2.9922
151481,2.0243,3.0131
151482,2.0267,3.0300
151483,2.0259,3.0421
151484,2.0267,3.0518
151485,2.0267,3.0744
151486,2.0275,3.0856
151487,2.0243,3.1074
151488,2.0356,3.1227
151489,2.0267,3.1412
151490,2.0332,3.1574
151491,2.0332,3.1743
151492,2.0348,3.1848
151493,2.0300,3.1993
151494,2.0396,3.2162
151495,2.0364,3.2242
151496,2.0404,3.2452
151497,2.0396,3.2533
151498,2.0437,3.2702
151499,2.0388,3.2758
151500,2.0453,3.2879
151501,2.0453,3.3000
151502,2.0461,3.3000
151503,2.0501,3.3000
151504,2.0477,3.3000
151505,2.0501,3.3000
151506,2.0469,3.3000
151507,2.0501,3.3000
151508,2.0517,3.3000
151509,2.0549,3.3000
151510,2.0501,3.3000
151511,2.0549,3.3000
151512,2.0590,3.3000
151513,2.0525,3.3000
151514,2.0590,3.3000
151515,2.0614,3.3000
151516,2.0606,3.3000
151517,2.0622,3.3000
151518,2.0622,3.3000
151519,2.0622,3.3000
151520,2.0622,3.3000
151521,2.0622,3.3000
151522,2.0622,3.3000
151523,2.0622,3.3000
151524,2.0840,3.3000
151525,2.0815,3.3000
151526,2.0622,3.3000
151527,2.0622,3.3000
151528,2.0622,3.3000
151529,2.0848,3.3000
151530,2.0622,3.3000
151531,2.0896,3.3000
151532,2.0872,3.3000
151533,2.1017,3.3000
151534,2.0928,3.3000
151535,2.0904,3.3000
151536,2.0993,3.3000
151537,2.0968,3.3000
151538,2.0968,3.3000
151539,2.1025,3.3000
151540,2.1033,3.3000
151541,2.1009,3.3000
151542,2.1025,3.3000
151543,2.1073,3.3000
151544,2.1033,3.3000
151545,2.1122,3.3000
151546,2.1146,3.3000
151547,2.1154,3.3000
151548,2.1202,3.3000
151549,2.1226,3.3000
151550,2.1218,3.3000
151551,2.1275,3.3000
151552,2.1379,3.3000
151553,2.1420,3.3000
151554,2.1436,3.3000
151555,2.1533,3.3000
151556,2.1613,3.3000
151557,2.1694,3.3000
151558,2.1847,3.3000
151559,2.2024,3.3000
151560,2.2169,3.3000
151561,2.2266,3.2919
151562,2.2306,3.2307
151563,2.2322,3.1662
151564,2.2306,3.1122
151565,2.2306,3.0558
151566,2.2169,3.0042
151567,2.2250,2.9454
151568,2.2137,2.9043
151569,2.2097,2.8608
151570,2.2048,2.8189
151571,2.2000,2.7834
151572,2.2161,2.7448
151573,2.2258,2.7149
151574,2.2282,2.6835
151575,2.2250,2.6569
151576,2.2218,2.6303
151577,2.2185,2.6062
151578,2.2129,2.5812
151579,2.2048,2.5554
151580,2.2008,2.5393
151581,2.2048,2.5256
151582,2.2169,2.5014
151583,2.2193,2.4821
151584,2.2234,2.4587
151585,2.2097,2.4458
151586,2.2089,2.4289
151587,2.2048,2.4136
151588,2.2008,2.3990
151589,2.2008,2.3725
151590,2.2266,2.3733
151591,2.2169,2.3596
151592,2.2250,2.3442
151593,2.2234,2.3330
151594,2.2193,2.3217
151595,2.2177,2.3080
151596,2.2105,2.3040
151597,2.2032,2.2927
151598,2.2024,2.2822
151599,2.1976,2.2709
151600,2.2153,2.2637
151601,2.2169,2.2548
151602,2.2177,2.2475
151603,2.2201,2.2347
151604,2.2201,2.2306
151605,2.2105,2.2258
151606,2.2048,2.2153
151607,2.2048,2.2008
151608,2.2040,2.2024
151609,2.2105,2.1952
151610,2.2137,2.1847
151611,2.2137,2.1807
151612,2.2185,2.1790
151613,2.2161,2.1734
151614,2.2105,2.1662
151615,2.2097,2.1573
151616,2.1936,2.1653
151617,2.1911,2.1516
151618,2.2032,2.1460
151619,2.2105,2.1444
151620,2.2121,2.1371
151621,2.2169,2.1299
151622,2.2169,2.1275
151623,2.2048,2.1218
151624,2.2056,2.1170
151625,2.1968,2.1057
151626,2.1976,2.1017
151627,2.2105,2.0960
151628,2.2129,2.0912
151629,2.2185,2.0622
151630,2.2226,2.0622
151631,2.2048,2.0622
151632,2.2089,2.0574
151633,2.1839,2.0525
151634,2.2056,2.0525
151635,2.1960,2.0461
151636,2.2024,2.0429
151637,2.2048,2.0396
151638,2.2121,2.0372
151639,2.2177,2.0372
151640,2.2097,2.0364
151641,2.2153,2.0275
151642,2.2105,2.0284
151643,2.2105,2.0292
151644,2.2089,2.0251
151645,2.2024,2.0211
151646,2.2121,2.0227
151647,2.2169,2.0251
151648,2.2177,2.0243
151649,2.2073,2.0203
151650,2.2121,2.0195
151651,2.2048,2.0219
151652,2.2016,2.0187
151653,2.1976,2.0219
151654,2.2008,2.0203
151655,2.2064,2.0195
151656,2.2185,2.0171
151657,2.2048,2.0147
151658,2.2048,2.0171
151659,2.2266,2.0203
151660,2.2048,2.0203
151661,2.2000,2.0195
151662,2.2056,2.0187
151663,2.2048,2.0122
151664,2.2153,2.0171
151665,2.2201,2.0155
151666,2.2153,2.0138
151667,2.2081,2.0171
151668,2.2032,2.0155
151669,2.2024,2.0155
151670,2.2008,2.0163
151671,2.2048,2.0130
151672,2.2105,2.0155
151673,2.2274,2.0163
151674,2.2153,2.0155
151675,2.2185,2.0122
151676,2.2056,2.0155
151677,2.2032,2.0155
151678,2.1968,2.0155
151679,2.1927,2.0106
151680,2.2161,2.0138
151681,2.2177,2.0122
151682,2.2177,2.0171
151683,2.2234,2.0106
151684,2.2040,2.0155
151685,2.2081,2.0203
151686,2.2137,2.0163
151687,2.1976,2.0179
151688,2.1952,2.0203
151689,2.2089,2.0122
151690,2.2089,2.0155
151691,2.2298,2.0130
151692,2.2234,2.0155
151693,2.2177,2.0147
151694,2.2169,2.0130
151695,2.2137,2.0130
151696,2.2024,2.0155
151697,2.1976,2.0147
151698,2.2000,2.0138
151699,2.2137,2.0155
151700,2.2089,2.0130
151701,2.2185,2.0227
151702,2.2177,2.0155
151703,2.2218,2.0138
151704,2.2097,2.0195
151705,2.2048,2.0155
151706,2.1976,2.0138
151707,2.2000,2.0163
151708,2.2040,2.0163
151709,2.2226,2.0171
151710,2.2226,2.0171
151711,2.2242,2.0155
151712,2.2153,2.0155
151713,2.2129,2.0187
151714,2.2073,2.0348
151715,2.2032,2.0147
151716,2.2008,2.0171
151717,2.2040,2.0203
151718,2.2137,2.0147
151719,2.2218,2.0138
151720,2.2193,2.0195
151721,2.2201,2.0163
151722,2.2105,2.0147
151723,2.2048,2.0155
151724,2.2056,2.0155
151725,2.2024,2.0171
151726,2.2129,2.0147
151727,2.2089,2.0163
151728,2.2153,2.0211
151729,2.2169,2.0114
151730,2.2089,1.9873
151731,2.2048,2.0163
151732,2.2056,2.0138
151733,2.2048,2.0090
151734,2.1960,2.0130
151735,2.1992,2.0171
151736,2.2169,2.0138
151737,2.2169,2.0171
151738,2.2169,2.0251
151739,2.2185,2.0155
151740,2.2073,2.0114
151741,2.2048,2.0163
151742,2.2032,2.0138
151743,2.2073,2.0122
151744,2.2121,2.0130
151745,2.2137,2.0203
151746,2.2201,2.0171
151747,2.2153,2.0195
151748,2.2185,2.0138
151749,2.2161,2.0171
151750,2.1944,2.0171
151751,2.2016,2.0138
151752,2.2000,2.0163
151753,2.1839,2.0155
151754,2.2153,2.0163
151755,2.2073,2.0138
151756,2.2105,2.0171
151757,2.2169,2.0195
151758,2.2032,2.0155
151759,2.1952,2.0130
151760,2.1960,2.0026
151761,2.2016,2.0155
151762,2.2097,2.0163
151763,2.2177,2.0171
151764,2.2169,2.0155
151765,2.2161,2.0138
151766,2.2073,2.0171
151767,2.2064,2.0138
151768,2.2089,2.0130
151769,2.2137,2.0138
151770,2.1992,1.9808
151771,2.2169,2.0138
151772,2.2137,2.0147
151773,2.2185,2.0138
151774,2.2105,2.0147
151775,2.2169,2.0138
151776,2.2048,2.0130
151777,2.1976,2.0147
151778,2.1968,2.0163
151779,2.2064,2.0130
151780,2.2201,2.0130
151781,2.2169,2.0114
151782,2.2137,2.0130
151783,2.2105,2.0138
151784,2.2048,2.0138
151785,2.2024,2.0171
151786,2.1895,2.0163
151787,2.2000,2.0130
151788,2.2048,2.0316
151789,2.2185,2.0122
151790,2.2193,2.0155
151791,2.2169,2.0171
151792,2.2226,2.0138
151793,2.2081,2.0138
151794,2.2073,2.0155
151795,2.1895,2.0114
151796,2.1992,2.0138
151797,2.2073,2.0122
151798,2.2105,2.0163
151799,2.2193,2.0171
151800,2.2177,2.0138
151801,2.2185,2.0147
151802,2.2193,2.0122
151803,2.2097,2.0130
151804,2.2032,2.0138
151805,2.2008,2.0155
151806,2.2073,2.0122
151807,2.2105,2.0138
151808,2.2177,2.0332
151809,2.2274,2.0130
151810,2.2218,2.0493
151811,2.2201,2.0155
151812,2.2137,2.0259
151813,2.2266,2.0138
151814,2.2040,2.0130
151815,2.2000,2.0155
151816,2.1976,2.0138
151817,2.2145,2.0163
151818,2.2153,2.0138
151819,2.2145,2.0138
151820,2.2193,2.0122
151821,2.2193,2.0163
151822,2.2089,2.0138
151823,2.2024,2.0138
151824,2.1960,2.0155
151825,2.2064,2.0163
151826,2.2153,2.0171
151827,2.2201,2.0114
151828,2.2201,2.0138
151829,2.2210,2.0155
151830,2.2145,2.0122
151831,2.2137,2.0155
151832,2.2024,2.0163
151833,2.1976,2.0098
151834,2.2048,2.0292
151835,2.2056,2.0130
151836,2.2193,2.0122
151837,2.2169,2.0138
151838,2.2064,2.0203
151839,2.2097,2.0122
151840,2.2089,2.0187
151841,2.2032,2.0155
151842,2.2024,2.0122
151843,2.2089,2.0138
151844,2.2161,2.0130
151845,2.2169,2.0122
151846,2.2218,2.0195
151847,2.2153,2.0138
151848,2.2105,2.0106
151849,2.2097,2.0171
151850,2.2040,2.0098
151851,2.2000,2.0122
151852,2.2040,2.0187
151853,2.2056,2.0195
151854,2.2137,2.0138
151855,2.2105,2.0114
151856,2.2137,2.0243
151857,2.2089,2.0130
151858,2.2048,1.9840
151859,2.1976,2.0122
151860,2.2089,2.0114
151861,2.2169,2.0042
151862,2.2089,2.0171
151863,2.2145,2.0138
151864,2.2193,2.0147
151865,2.2105,2.0106
151866,2.2048,2.0066
151867,2.2040,2.0155
151868,2.2000,2.0203
151869,2.2008,2.0066
151870,2.2105,2.0090
151871,2.2137,2.0122
151872,2.2137,2.0138
151873,2.2097,2.0074
151874,2.2129,2.0090
151875,2.2048,2.0130
151876,2.1984,2.0155
151877,2.2064,2.0219
151878,2.2177,2.0388
151879,2.2185,2.0147
151880,2.2201,2.0211
151881,2.2169,2.0138
151882,2.2153,2.0130
151883,2.2089,2.0106
151884,2.2048,2.0122
151885,2.1960,2.0493
151886,2.2056,2.0066
151887,2.2064,2.0163
151888,2.2129,2.0138
151889,2.2137,2.0114
151890,2.2137,2.0211
151891,2.2024,2.0106
151892,2.2056,2.0114
151893,2.1927,2.0130
151894,2.2048,2.0138
151895,2.2193,2.0122
151896,2.2153,2.0122
151897,2.2145,2.0171
151898,2.2226,2.0163
151899,2.2105,2.0155
151900,2.2048,2.0114
151901,2.1960,2.0163
151902,2.1976,2.0138
151903,2.2000,2.0010
151904,2.2161,2.0138
151905,2.2048,2.0251
151906,2.2129,2.0130
151907,2.2105,2.0171
151908,2.2048,2.0138
151909,2.1968,2.0018
151910,2.1919,2.0147
151911,2.2097,2.0340
151912,2.2105,2.0114
151913,2.2153,2.0122
151914,2.2161,1.9977
151915,2.2137,1.9985
151916,2.2073,2.0155
151917,2.2056,2.0106
151918,2.1976,2.0138
151919,2.1976,2.0130
151920,2.2048,2.0138
151921,2.2161,2.0155
151922,2.2177,2.0130
151923,2.2185,2.0163
151924,2.2177,2.0243
151925,2.2056,2.0235
151926,2.2040,1.9929
151927,2.2056,1.9985
151928,2.2064,2.0058
151929,2.2121,2.0074
151930,2.2153,2.0122
151931,2.2177,2.0171
151932,2.2177,2.0114
151933,2.2137,2.0259
151934,2.2040,2.0074
151935,2.1960,2.0090
151936,2.1976,2.0106
151937,2.2048,2.0122
151938,2.2089,2.0114
151939,2.2137,2.0243
151940,2.2177,2.0171
151941,2.2145,2.0155
151942,2.2048,2.0114
151943,2.2056,2.0130
151944,2.1952,2.0155
151945,2.2048,2.0130
151946,2.2169,2.0155
151947,2.2121,2.0138
151948,2.2226,2.0122
151949,2.2089,2.0292
151950,2.2105,2.0130
151951,2.2048,2.0106
151952,2.1976,2.0130
151953,2.2008,2.0163
151954,2.2048,2.0130
151955,2.2169,2.0130
151956,2.2169,2.0130
151957,2.2089,2.0122
151958,2.2145,2.0130
151959,2.2073,2.0138
151960,2.2040,2.0147
151961,2.2040,2.0163
151962,2.2048,2.0114
151963,2.2089,2.0195
151964,2.2210,2.0098
151965,2.2161,2.0114
151966,2.2121,2.0138
151967,2.2121,2.0106
151968,2.2105,2.0138
151969,2.2008,2.0163
151970,2.1944,2.0130
151971,2.2081,2.0147
151972,2.2097,2.0130
151973,2.2218,2.0106
151974,2.2185,2.0122
151975,2.2105,2.0106
151976,2.2129,2.0211
151977,2.2056,2.0106
151978,2.2040,2.0114
151979,2.2056,2.0130
151980,2.2064,2.0171
151981,2.2177,2.0163
151982,2.2218,2.0163
151983,2.2193,2.0130
151984,2.2193,2.0114
151985,2.2064,2.0114
151986,2.2097,2.0211
151987,2.2000,2.0106
151988,2.2048,2.0219
151989,2.2024,2.0106
151990,2.2177,2.0130
151991,2.2234,2.0122
151992,2.2266,2.0130
151993,2.2185,2.0122
151994,2.2169,2.0114
151995,2.2129,2.0155
151996,2.2056,2.0138
151997,2.2048,2.0130
151998,2.1968,2.0130
151999,2.2048,2.0114
152000,2.2089,2.0171
152001,2.2169,2.0138
152002,2.2137,2.0122
152003,2.2218,2.0138
152004,2.2137,2.0130
152005,2.2048,2.0122
152006,2.2056,2.0147
152007,2.2032,2.0106
152008,2.2129,2.0163
152009,2.2145,2.0130
152010,2.2201,2.0155
152011,2.2201,2.0155
152012,2.2226,2.0138
152013,2.2121,2.0122
152014,2.2073,2.0138
152015,2.2048,2.0138
152016,2.2000,2.0138
152017,2.2056,2.0122
152018,2.2089,2.0138
152019,2.2193,2.0163
152020,2.2185,2.0114
152021,2.2153,2.0163
152022,2.2177,2.0155
152023,2.2097,2.0114
152024,2.2016,2.0155
152025,2.1976,2.0122
152026,2.2073,2.0114
152027,2.2121,2.0098
152028,2.2161,2.0130
152029,2.2234,2.0122
152030,2.2185,2.0090
152031,2.2089,2.0122
152032,2.2048,2.0171
152033,2.2040,2.0171
152034,2.2000,2.0122
152035,2.1936,2.0114
152036,2.2121,2.0138
152037,2.2137,2.0122
152038,2.2169,2.0138
152039,2.2137,2.0130
152040,2.2089,2.0138
152041,2.2032,2.0163
152042,2.2024,2.0147
152043,2.2000,2.0155
152044,2.2129,2.0090
152045,2.2177,2.0026
152046,2.2234,2.0147
152047,2.2266,2.0074
152048,2.2137,2.0155
152049,2.2105,2.0187
152050,2.2073,2.0130
152051,2.2000,2.0155
152052,2.1944,2.0114
152053,2.2056,2.0171
152054,2.2105,2.0155
152055,2.2153,2.0114
152056,2.2185,2.0122
152057,2.2089,2.0155
152058,2.2073,2.0122
152059,2.2040,2.0155
152060,2.1952,2.0163
152061,2.2089,2.0130
152062,2.2113,2.0138
152063,2.2218,2.0195
152064,2.2250,2.0114
152065,2.2169,2.0138
152066,2.2105,2.0155
152067,2.2048,2.0195
152068,2.2008,2.0138
152069,2.1992,2.0138
152070,2.2024,2.0187
152071,2.2105,2.0138
152072,2.2161,2.0130
152073,2.2218,2.0203
152074,2.2113,2.0171
152075,2.2056,2.0138
152076,2.2008,2.0098
152077,2.2032,2.0122
152078,2.2048,2.0130
152079,2.2105,2.0147
152080,2.2145,2.0122
152081,2.2185,2.0155
152082,2.2097,2.0130
152083,2.2105,2.0187
152084,2.2048,2.0138
152085,2.2024,2.0122
152086,2.2008,2.0114
152087,2.2121,2.0155
152088,2.2137,2.0114
152089,2.2161,2.0130
152090,2.2161,2.0122
152091,2.2161,2.0106
152092,2.2105,2.0155
152093,2.2008,2.0130
152094,2.2024,2.0130
152095,2.2056,2.0147
152096,2.2105,2.0098
152097,2.2129,2.0114
152098,2.2266,2.0098
152099,2.2073,2.0122
152100,2.2153,2.0130
152101,2.2073,2.0130
152102,2.2000,2.0138
152103,2.1968,2.0122
152104,2.2048,2.0147
152105,2.2105,2.0122
152106,2.2073,2.0114
152107,2.2073,2.0122
152108,2.2097,2.0130
152109,2.2048,2.0114
152110,2.2008,2.0138
152111,2.2048,2.0163
152112,2.2105,2.0114
152113,2.2153,2.0155
152114,2.2250,2.0114
152115,2.2129,2.0171
152116,2.2201,2.0130
152117,2.2064,2.0138
152118,2.2048,2.0114
152119,2.2008,2.0122
152120,2.2008,2.0163
152121,2.2040,2.0155
152122,2.2105,2.0147
152123,2.2169,2.0138
152124,2.2201,2.0130
152125,2.2169,2.0235
152126,2.2161,2.0195
152127,2.1992,2.0122
152128,2.2048,2.0155
152129,2.2056,2.0155
152130,2.2185,2.0098
152131,2.2121,2.0122
152132,2.2218,2.0114
152133,2.2145,2.0163
152134,2.2105,2.0147
152135,2.1976,2.0147
152136,2.2008,2.0138
152137,2.2024,2.0114
152138,2.2081,2.0050
152139,2.2153,2.0187
152140,2.2177,2.0187
152141,2.2064,2.0114
152142,2.2185,2.0114
152143,2.1919,2.0138
152144,2.2097,2.0138
152145,2.2048,2.0090
152146,2.2032,2.0227
152147,2.2153,2.0195
152148,2.2129,2.0147
152149,2.2177,2.0138
152150,2.2145,2.0130
152151,2.2153,2.0114
152152,2.2105,2.0147
152153,2.2048,2.0155
152154,2.2024,2.0138
152155,2.1976,2.0138
152156,2.2201,2.0155
152157,2.2048,2.0114
152158,2.2193,2.0122
152159,2.2234,2.0138
152160,2.2379,2.0155
152161,2.2177,2.0155
152162,2.2105,2.0138
152163,2.2097,2.0171
152164,2.2032,2.0147
152165,2.1968,2.0155
152166,2.2056,2.0163
152167,2.2105,2.0130
152168,2.2185,2.0138
152169,2.2137,2.0138
152170,2.2097,2.0106
152171,2.2073,2.0138
152172,2.2073,2.0155
152173,2.2032,2.0138
152174,2.2008,2.0235
152175,2.2089,2.0130
152176,2.2169,2.0138
152177,2.2169,2.0138
152178,2.2218,2.0155
152179,2.2193,2.0147
152180,2.2185,2.0163
152181,2.2048,2.0163
152182,2.2048,2.0155
152183,2.2000,2.0163
152184,2.1871,2.0138
152185,2.2169,2.0171
152186,2.2193,2.0138
152187,2.2169,2.0171
152188,2.2306,2.0147
152189,2.2153,2.0211
152190,2.2097,2.0138
152191,2.2032,2.0187
152192,2.1887,2.0138
152193,2.2056,2.0195
152194,2.2073,2.0147
152195,2.2137,2.0243
152196,2.2234,2.0171
152197,2.2185,2.0122
152198,2.2306,2.0138
152199,2.2048,2.0163
152200,2.2048,2.0138
152201,2.2000,2.0203
152202,2.2048,2.0114
152203,2.1847,2.0122
152204,2.2169,2.0122
152205,2.2419,2.0155
152206,2.2226,2.0147
152207,2.2056,2.0114
152208,2.2129,2.0155
152209,2.2048,2.0122
152210,2.1927,2.0138
152211,2.1992,2.0163
152212,2.2081,2.0187
152213,2.2169,2.0147
152214,2.2226,2.0138
152215,2.2218,2.0155
152216,2.2161,2.0155
152217,2.2048,2.0155
152218,2.2081,2.0163
152219,2.1960,2.0130
152220,2.1936,2.0187
152221,2.2032,2.0147
152222,2.2048,2.0106
152223,2.2185,2.0138
152224,2.2193,2.0155
152225,2.2121,2.0114
152226,2.2129,2.0122
152227,2.2048,2.0163
152228,2.1960,2.0163
152229,2.1790,2.0130
152230,2.2129,2.0122
152231,2.2137,2.0219
152232,2.2201,2.0155
152233,2.2169,2.0163
152234,2.2137,2.0138
152235,2.2097,2.0106
152236,2.2016,2.0155
152237,2.1960,2.0130
152238,2.1960,2.0122
152239,2.2073,2.0138
152240,2.2177,2.0138
152241,2.2387,2.0122
152242,2.2185,2.0155
152243,2.2234,2.0114
152244,2.2137,2.0372
152245,2.2161,2.0114
152246,2.2048,2.0147
152247,2.2008,2.0122
152248,2.2048,2.0155
152249,2.2097,2.0155
152250,2.2185,2.0114
152251,2.2145,2.0138
152252,2.2137,2.0130
152253,2.2137,2.0155
152254,2.2089,2.0163
152255,2.2024,2.0098
152256,2.1976,2.0130
152257,2.2000,2.0122
152258,2.2161,2.0138
152259,2.2266,2.0114
152260,2.2218,2.0147
152261,2.2226,2.0138
152262,2.2105,2.0155
152263,2.2145,2.0138
152264,2.2137,2.0163
152265,2.2024,2.0138
152266,2.1992,2.0138
152267,2.2048,2.0130
152268,2.2073,2.0138
152269,2.2185,2.0114
152270,2.2129,2.0138
152271,2.2177,2.0138
152272,2.2185,2.0130
152273,2.2081,2.0138
152274,2.2040,2.0163
152275,2.2032,2.0147
152276,2.2105,2.0138
152277,2.2048,2.0155
152278,2.2226,2.0147
152279,2.2226,2.0138
152280,2.2193,2.0122
152281,2.2097,2.0130
152282,2.2048,2.0147
152283,2.2040,2.0147
152284,2.2000,2.0122
152285,2.2048,2.0122
152286,2.2048,2.0138
152287,2.2097,2.0130
152288,2.2153,2.0114
152289,2.2153,2.0147
152290,2.2129,2.0163
152291,2.2056,2.0227
152292,2.2016,2.0138
152293,2.2048,2.0138
152294,2.2137,2.0171
152295,2.2121,2.0155
152296,2.2218,2.0122
152297,2.2234,2.0130
152298,2.2218,2.0163
152299,2.2185,2.0114
152300,2.2177,2.0275
152301,2.2024,2.0130
152302,2.1960,2.0138
152303,2.1976,2.0106
152304,2.2105,2.0163
152305,2.2177,2.0138
152306,2.2137,2.0114
152307,2.2161,2.0235
152308,2.2064,2.0163
152309,2.2032,2.0122
152310,2.2032,2.0122
152311,2.2048,2.0114
152312,2.2081,2.0155
152313,2.2201,2.0114
152314,2.2185,1.9929
152315,2.2201,2.0122
152316,2.2137,2.0243
152317,2.2129,2.0155
152318,2.2048,2.0147
152319,2.2000,2.0130
152320,2.1936,2.0227
152321,2.2024,2.0138
152322,2.2145,2.0235
152323,2.2145,2.0163
152324,2.2137,2.0155
152325,2.2121,2.0114
152326,2.2056,1.9961
152327,2.1976,2.0130
152328,2.2024,2.0138
152329,2.2048,2.0372
152330,2.2073,2.0195
152331,2.2129,2.0010
152332,2.2169,2.0243
152333,2.2137,2.0114
152334,2.2064,2.0163
152335,2.2048,2.0130
152336,2.1927,2.0163
152337,2.1895,2.0187
152338,2.2032,1.9969
152339,2.2064,2.0122
152340,2.2121,2.0122
152341,2.2153,2.0114
152342,2.2161,2.0106
152343,2.2105,2.0163
152344,2.2056,2.0090
152345,2.2024,1.9985
152346,2.1944,2.0114
152347,2.2048,2.0171
152348,2.2105,2.0090
152349,2.2153,2.0469
152350,2.2129,1.9961
152351,2.2177,2.0122
152352,2.2056,2.0324
152353,2.2000,1.9961
152354,2.1919,2.0114
152355,2.1847,2.0114
152356,2.1976,2.0034
152357,2.2073,2.0106
152358,2.2177,2.0114
152359,2.2298,2.0026
152360,2.2290,2.0098
152361,2.2250,2.0211
152362,2.2274,2.0203
152363,2.2266,2.0114
152364,2.2121,2.0163
152365,2.2048,2.0155
152366,2.2040,2.0114
152367,2.1895,2.0130
152368,2.1927,1.9977
152369,2.2032,2.0098
152370,2.2032,2.0122
152371,2.2048,2.0114
152372,2.2032,1.9977
152373,2.2024,2.0130
152374,2.1960,2.0098
152375,2.2000,2.0114
152376,2.2097,2.0171
152377,2.2129,2.0106
152378,2.2064,2.0090
152379,2.2056,2.0284
152380,2.2056,2.0235
152381,2.2016,2.0155
152382,2.2008,2.0138
152383,2.1831,2.0130
152384,2.1799,2.0026
152385,2.1863,2.0106
152386,2.2008,2.0122
152387,2.1992,2.0114
152388,2.2008,2.0098
152389,2.1944,2.0243
152390,2.1992,1.9913
152391,2.2016,2.0114
152392,2.2081,2.0066
152393,2.2169,2.0098
152394,2.2201,2.0090
152395,2.2145,2.0066
152396,2.2137,2.0082
152397,2.2056,2.0259
152398,2.2024,2.0235
152399,2.1952,2.0058
152400,2.1887,2.0066
152401,2.1766,2.0106
152402,2.1686,2.0114
152403,2.1670,2.0074
152404,2.1533,2.0042
152405,2.1492,2.0227
152406,2.1379,2.0501
152407,2.1331,2.0622
152408,2.1275,2.1017
152409,2.1234,2.1379
152410,2.1259,2.1790
152411,2.1275,2.1927
152412,2.1251,2.2153
152413,2.1194,2.2185
152414,2.1146,2.2177
152415,2.1097,2.2177
152416,2.1097,2.2048
152417,2.0968,2.2032
152418,2.0912,2.1944
152419,2.0622,2.1863
152420,2.0622,2.1766
152421,2.0622,2.1686
152422,2.0574,2.1686
152423,2.0501,2.1774
152424,2.0485,2.2032
152425,2.0412,2.2153
152426,2.0445,2.2709
152427,2.0461,2.2959
152428,2.0501,2.2951
152429,2.0493,2.3056
152430,2.0429,2.2951
152431,2.0300,2.2830
152432,2.0316,2.2749
152433,2.0348,2.2572
152434,2.0235,2.2564
152435,2.0195,2.2330
152436,2.0195,2.2218
152437,2.0106,2.2097
152438,1.9985,2.1960
152439,1.9985,2.1960
152440,1.9905,2.2040
152441,1.9897,2.2290
152442,1.9881,2.2427
152443,1.9929,2.2806
152444,1.9913,2.2911
152445,1.9913,2.2975
152446,1.9881,2.2911
152447,1.9856,2.2878
152448,1.9848,2.2701
152449,1.9832,2.2564
152450,1.9752,2.2443
152451,1.9711,2.2306
152452,1.9703,2.2234
152453,1.9599,2.2008
152454,1.9590,2.1815
152455,1.9486,2.1766
152456,1.9470,2.1790
152457,1.9470,2.1871
152458,1.9470,2.2073
152459,1.9421,2.2427
152460,1.9453,2.2564
152461,1.9510,2.2717
152462,1.9470,2.2749
152463,1.9462,2.2709
152464,1.9470,2.2621
152465,1.9437,2.2435
152466,1.9462,2.2330
152467,1.9381,2.2201
152468,1.9349,2.2032
152469,1.9300,2.1847
152470,1.9220,2.1678
152471,1.9196,2.1484
152472,1.9171,2.1452
152473,1.9107,2.1508
152474,1.9083,2.1621
152475,1.9155,2.1799
152476,1.9091,2.2161
152477,1.9115,2.2306
152478,1.9171,2.2475
152479,1.9196,2.2459
152480,1.9163,2.2435
152481,1.9139,2.2314
152482,1.9139,2.2193
152483,1.9139,2.2056
152484,1.9083,2.1871
152485,1.9010,2.1766
152486,1.9002,2.1557
152487,1.8954,2.1371
152488,1.8938,2.1259
152489,1.8914,2.1218
152490,1.8865,2.1275
152491,1.8873,2.1404
152492,1.8881,2.1686
152493,1.8897,2.1911
152494,1.8938,2.2169
152495,1.8954,2.2266
152496,1.8954,2.2226
152497,1.8954,2.2210
152498,1.8946,2.2064
152499,1.8930,2.1927
152500,1.8849,2.1782
152501,1.8841,2.1637
152502,1.8817,2.1347
152503,1.8777,2.1315
152504,1.8777,2.1130
152505,1.8696,2.1001
152506,1.8696,2.1033
152507,1.8696,2.1105
152508,1.8688,2.1275
152509,1.8704,2.1508
152510,1.8704,2.1790
152511,1.8736,2.2024
152512,1.8785,2.2073
152513,1.8785,2.2032
152514,1.8785,2.1960
152515,1.8817,2.1847
152516,1.8736,2.1766
152517,1.8696,2.1533
152518,1.8696,2.1363
152519,1.8696,2.1218
152520,1.8648,2.1057
152521,1.8615,2.0968
152522,1.8559,2.0799
152523,1.8527,2.0880
152524,1.8519,2.1033
152525,1.8559,2.1194
152526,1.8527,2.1525
152527,1.8615,2.1766
152528,1.8623,2.1919
152529,1.8640,2.1936
152530,1.8696,2.1895
152531,1.8632,2.1750
152532,1.8648,2.1653
152533,1.8623,2.1508
152534,1.8591,2.1379
152535,1.8575,2.1194
152536,1.8559,2.1146
152537,1.8527,2.0936
152538,1.8478,2.0832
152539,1.8438,2.0622
152540,1.8438,2.0815
152541,1.8406,2.0896
152542,1.8438,2.1170
152543,1.8438,2.1500
152544,1.8495,2.1710
152545,1.8543,2.1799
152546,1.8543,2.1790
152547,1.8591,2.1774
152548,1.8543,2.1637
152549,1.8559,2.1557
152550,1.8543,2.1388
152551,1.8495,2.1291
152552,1.8486,2.1033
152553,1.8438,2.0936
152554,1.8293,2.0622
152555,1.8333,2.0582
152556,1.8358,2.0622
152557,1.8317,2.0622
152558,1.8398,2.0960
152559,1.8341,2.1146
152560,1.8438,2.1500
152561,1.8438,2.1621
152562,1.8462,2.1782
152563,1.8446,2.1718
152564,1.8543,2.1621
152565,1.8470,2.1565
152566,1.8438,2.1420
152567,1.8446,2.1267
152568,1.8462,2.1146
152569,1.8398,2.0985
152570,1.8398,2.0848
152571,1.8341,2.0622
152572,1.8309,2.0501
152573,1.8301,2.0590
152574,1.8341,2.0622
152575,1.8309,2.0993
152576,1.8366,2.1242
152577,1.8374,2.1492
152578,1.8390,2.1662
152579,1.8486,2.1734
152580,1.8414,2.1637
152581,1.8438,2.1621
152582,1.8446,2.1476
152583,1.8438,2.1347
152584,1.8422,2.1186
152585,1.8390,2.1017
152586,1.8358,2.0864
152587,1.8317,2.0622
152588,1.8349,2.0509
152589,1.8253,2.0501
152590,1.8269,2.0517
152591,1.8269,2.0622
152592,1.8253,2.0985
152593,1.8309,2.1234
152594,1.8366,2.1549
152595,1.8366,2.1621
152596,1.8454,2.1597
152597,1.8438,2.1557
152598,1.8438,2.1492
152599,1.8422,2.1355
152600,1.8414,2.1234
152601,1.8406,2.1122
152602,1.8349,2.0928
152603,1.8285,2.0622
152604,1.8237,2.0574
152605,1.8277,2.0461
152606,1.8253,2.0412
152607,1.8237,2.0525
152608,1.8229,2.0622
152609,1.8341,2.1017
152610,1.8180,2.1291
152611,1.8341,2.1508
152612,1.8382,2.1589
152613,1.8422,2.1581
152614,1.8212,2.1516
152615,1.8398,2.1436
152616,1.8180,2.1242
152617,1.8325,2.1154
152618,1.8358,2.0985
152619,1.8301,2.0622
152620,1.8261,2.0622
152621,1.8341,2.0493
152622,1.8196,2.0388
152623,1.8172,2.0429
152624,1.8204,2.0541
152625,1.8221,2.0622
152626,1.8237,2.1017
152627,1.8325,2.1371
152628,1.8333,2.1508
152629,1.8317,2.1573
152630,1.8358,2.1533
152631,1.8366,2.1428
152632,1.8325,2.1307
152633,1.8358,2.1194
152634,1.8341,2.1049
152635,1.8333,2.0928
152636,1.8180,2.0622
152637,1.8051,2.0558
152638,1.8285,2.0445
152639,1.8261,2.0356
152640,1.8188,2.0421
152641,1.8164,2.0598
152642,1.8172,2.0815
152643,1.8180,2.1146
152644,1.8269,2.1363
152645,1.8309,2.1516
152646,1.8293,2.1525
152647,1.8317,2.1444
152648,1.8366,2.1388
152649,1.8366,2.1259
152650,1.8349,2.1105
152651,1.8293,2.1017
152652,1.8188,2.0815
152653,1.8261,2.0622
152654,1.8237,2.0493
152655,1.8180,2.0332
152656,1.8172,2.0429
152657,1.8140,2.0453
152658,1.8196,2.0622
152659,1.8204,2.0936
152660,1.8285,2.1234
152661,1.8229,2.1436
152662,1.8180,2.1533
152663,1.8309,2.1525
152664,1.8172,2.1412
152665,1.8358,2.1347
152666,1.8543,2.1234
152667,1.8269,2.1065
152668,1.8237,2.0928
152669,1.8204,2.0622
152670,1.8100,2.0614
152671,1.8075,2.0453
152672,1.8188,2.0324
152673,1.8180,2.0372
152674,1.8067,2.0501
152675,1.8132,2.0622
152676,1.8180,2.1025
152677,1.8164,2.1283
152678,1.8261,2.1476
152679,1.8204,2.1516
152680,1.8317,2.1460
152681,1.8156,2.1508
152682,1.8325,2.1283
152683,1.8204,2.1154
152684,1.8261,2.1017
152685,1.8261,2.0896
152686,1.8196,2.0622
152687,1.8204,2.0525
152688,1.8269,2.0372
152689,1.8148,2.0324
152690,1.8180,2.0396
152691,1.8003,2.0549
152692,1.8172,2.0848
152693,1.8180,2.1073
152694,1.8196,2.1363
152695,1.8325,2.1476
152696,1.8325,2.1516
152697,1.8293,2.1452
152698,1.8237,2.1355
152699,1.8253,2.1234
152700,1.8261,2.1073
152701,1.8237,2.0977
152702,1.8221,2.0815
152703,1.8188,2.0622
152704,1.8382,2.0501
152705,1.8204,2.0380
152706,1.8188,2.0388
152707,1.8092,2.0453
152708,1.8221,2.0598
152709,1.8051,2.0896
152710,1.8075,2.1194
152711,1.8204,2.1444
152712,1.8212,2.1533
152713,1.8309,2.1533
152714,1.8269,2.1460
152715,1.8253,2.1291
152716,1.8285,2.1234
152717,1.8277,2.1057
152718,1.8237,2.0936
152719,1.8180,2.0622
152720,1.8172,2.0622
152721,1.8188,2.0453
152722,1.8172,2.0356
152723,1.8124,2.0388
152724,1.8124,2.0501
152725,1.8172,2.0622
152726,1.7995,2.1017
152727,1.8229,2.1315
152728,1.8212,2.1460
152729,1.8261,2.1525
152730,1.8293,2.1525
152731,1.8333,2.1444
152732,1.8269,2.1275
152733,1.8422,2.1186
152734,1.8148,2.1033
152735,1.8293,2.0896
152736,1.8204,2.0622
152737,1.8204,2.0582
152738,1.8172,2.0396
152739,1.7930,2.0340
152740,1.8204,2.0388
152741,1.8140,2.0533
152742,1.8164,2.0807
152743,1.8180,2.1138
152744,1.8172,2.1388
152745,1.8253,2.1589
152746,1.8221,2.1653
152747,1.8317,2.1637
152748,1.8277,2.1782
152749,1.8317,2.1436
152750,1.8309,2.1291
152751,1.8253,2.1162
152752,1.8229,2.1017
152753,1.8285,2.0912
152754,1.8333,2.0622
152755,1.8180,2.0509
152756,1.8156,2.0549
152757,1.8188,2.0590
152758,1.8156,2.0622
152759,1.8180,2.0993
152760,1.8156,2.0832
152761,1.8221,2.1492
152762,1.8221,2.1750
152763,1.8301,2.1879
152764,1.8349,2.1871
152765,1.8261,2.1799
152766,1.8430,2.1710
152767,1.8390,2.1605
152768,1.8398,2.1452
152769,1.8382,2.1275
152770,1.8341,2.1130
152771,1.8317,2.0977
152772,1.8277,2.0848
152773,1.8317,2.0888
152774,1.8261,2.1017
152775,1.8293,2.1122
152776,1.8317,2.1275
152777,1.8317,2.1525
152778,1.8317,2.1782
152779,1.8349,2.2048
152780,1.8414,2.2177
152781,1.8438,2.2201
152782,1.8438,2.2000
152783,1.8462,2.2048
152784,1.8478,2.1911
152785,1.8438,2.1790
152786,1.8422,2.1573
152787,1.8462,2.1436
152788,1.8430,2.1283
152789,1.8382,2.1202
152790,1.8317,2.1283
152791,1.8317,2.1307
152792,1.8366,2.1492
152793,1.8422,2.1678
152794,1.8406,2.1815
152795,1.8414,2.2105
152796,1.8446,2.2330
152797,1.8575,2.2540
152798,1.8696,2.2484
152799,1.8801,2.2379
152800,1.8914,2.2258
152801,1.8954,2.2097
152802,1.8954,2.1960
152803,1.9002,2.1790
152804,1.8954,2.1605
152805,1.8946,2.1476
152806,1.8954,2.1653
152807,1.8978,2.1557
152808,1.8978,2.1694
152809,1.8962,2.1879
152810,1.9042,2.2064
152811,1.9083,2.2290
152812,1.9075,2.2572
152813,1.9091,2.2814
152814,1.9212,2.2878
152815,1.9308,2.2838
152816,1.9381,2.2749
152817,1.9494,2.2653
152818,1.9470,2.2516
152819,1.9478,2.2379
152820,1.9470,2.2226
152821,1.9486,2.2024
152822,1.9470,2.2016
152823,1.9453,2.1903
152824,1.9429,2.1992
152825,1.9453,2.2129
152826,1.9470,2.2330
152827,1.9470,2.2564
152828,1.9518,2.2830
152829,1.9558,2.3096
152830,1.9550,2.3225
152831,1.9727,2.3201
152832,1.9816,2.3120
152833,1.9873,2.3080
152834,1.9945,2.2935
152835,1.9937,2.2822
152836,1.9977,2.2677
152837,1.9929,2.2524
152838,1.9848,2.2387
152839,1.9848,2.2282
152840,1.9856,2.2298
152841,1.9840,2.2435
152842,1.9824,2.2588
152843,1.9840,2.2870
152844,1.9881,2.3064
152845,1.9889,2.3257
152846,1.9905,2.3483
152847,1.9985,2.3596
152848,2.0074,2.3571
152849,2.0138,2.3442
152850,2.0163,2.3386
152851,2.0211,2.2838
152852,2.0195,2.3040
152853,2.0187,2.2741
152854,2.0122,2.2749
152855,2.0122,2.2612
152856,2.0042,2.2508
152857,2.0058,2.2588
152858,2.0042,2.2862
152859,2.0098,2.2927
152860,2.0090,2.3040
152861,2.0074,2.3338
152862,2.0066,2.3596
152863,2.0098,2.3781
152864,2.0155,2.3926
152865,2.0267,2.3749
152866,2.0340,2.3507
152867,2.0396,2.3394
152868,2.0380,2.3491
152869,2.0372,2.3257
152870,2.0332,2.2943
152871,2.0324,2.2943
152872,2.0251,2.2741
152873,2.0243,2.2741
152874,2.0203,2.2846
152875,2.0243,2.2983
152876,2.0243,2.3136
152877,2.0235,2.3378
152878,2.0243,2.3596
152879,2.0219,2.3837
152880,2.0235,2.3910
152881,2.0372,2.3942
152882,2.0445,2.3845
152883,2.0509,2.3829
152884,2.0501,2.3644
152885,2.0477,2.3491
152886,2.0501,2.3338
152887,2.0461,2.3120
152888,2.0445,2.2991
152889,2.0340,2.2903
152890,2.0332,2.2895
152891,2.0292,2.3032
152892,2.0300,2.3201
152893,2.0275,2.3346
152894,2.0275,2.3531
152895,2.0267,2.4119
152896,2.0316,2.3974
152897,2.0348,2.4071
152898,2.0300,2.4063
152899,2.0292,2.3958
152900,2.0284,2.3813
152901,2.0243,2.3684
152902,2.0203,2.3483
152903,2.0155,2.3338
152904,2.0114,2.3040
152905,2.0034,2.2983
152906,1.9977,2.2846
152907,1.9969,2.2951
152908,1.9945,2.3064
152909,1.9897,2.3201
152910,1.9921,2.3394
152911,1.9913,2.3620
152912,1.9945,2.3878
152913,1.9969,2.4007
152914,1.9937,2.4031
152915,1.9969,2.3596
152916,1.9977,2.3853
152917,1.9913,2.3676
152918,1.9873,2.3523
152919,1.9824,2.3394
152920,1.9816,2.3225
152921,1.9727,2.2975
152922,1.9671,2.2814
152923,1.9639,2.2749
152924,1.9607,2.2693
152925,1.9599,2.2951
152926,1.9582,2.3168
152927,1.9558,2.3233
152928,1.9615,2.3596
152929,1.9639,2.3765
152930,1.9687,2.3878
152931,1.9744,2.3845
152932,1.9736,2.3716
152933,1.9719,2.3596
152934,1.9736,2.3467
152935,1.9711,2.3297
152936,1.9671,2.3104
152937,1.9687,2.2943
152938,1.9582,2.2838
152939,1.9574,2.2717
152940,1.9470,2.2556
152941,1.9470,2.2604
152942,1.9462,2.2717
152943,1.9486,2.3064
152944,1.9470,2.3160
152945,1.9518,2.3467
152946,1.9574,2.3596
152947,1.9623,2.3620
152948,1.9639,2.3523
152949,1.9655,2.3418
152950,1.9599,2.3289
152951,1.9590,2.3088
152952,1.9518,2.2911
152953,1.9558,2.2774
152954,1.9526,2.2588
152955,1.9462,2.2459
152956,1.9413,2.2282
152957,1.9349,2.2234
152958,1.9357,2.2355
152959,1.9333,2.2685
152960,1.9365,2.2822
152961,1.9413,2.3056
152962,1.9470,2.3201
152963,1.9486,2.3225
152964,1.9558,2.3136
152965,1.9518,2.3056
152966,1.9542,2.2959
152967,1.9526,2.2798
152968,1.9526,2.2645
152969,1.9453,2.2475
152970,1.9429,2.2306
152971,1.9397,2.2145
152972,1.9333,2.2024
152973,1.9292,2.1871
152974,1.9268,2.1895
152975,1.9252,2.2064
152976,1.9276,2.2282
152977,1.9308,2.2540
152978,1.9325,2.2693
152979,1.9397,2.2733
152980,1.9397,2.2733
152981,1.9421,2.2564
152982,1.9413,2.2548
152983,1.9413,2.2395
152984,1.9357,2.2218
152985,1.9341,2.2073
152986,1.9292,2.1944
152987,1.9196,2.1766
152988,1.9220,2.1621
152989,1.9188,2.1412
152990,1.9171,2.1363
152991,1.9123,2.1460
152992,1.9099,2.1662
152993,1.9115,2.1887
152994,1.9163,2.2105
152995,1.9188,2.2314
152996,1.9196,2.2258
152997,1.9171,2.2113
152998,1.9163,2.2048
152999,1.9188,2.1895
153000,1.9139,2.1750
153001,1.9083,2.1589
153002,1.9083,2.1460
153003,1.9034,2.1275
153004,1.9002,2.1130
153005,1.8946,2.1057
153006,1.8857,2.0936
153007,1.8905,2.1009
153008,1.8841,2.1170
153009,1.8905,2.1379
153010,1.8914,2.1629
153011,1.8922,2.1766
153012,1.8946,2.1919
153013,1.8954,2.1879
153014,1.8930,2.1790
153015,1.8962,2.1734
153016,1.8930,2.1589
153017,1.8857,2.1444
153018,1.8881,2.1275
153019,1.8825,2.1057
153020,1.8825,2.0904
153021,1.8777,2.0832
153022,1.8720,2.0622
153023,1.8688,2.0622
153024,1.8680,2.0622
153025,1.8688,2.1033
153026,1.8704,2.1299
153027,1.8704,2.1557
153028,1.8728,2.1670
153029,1.8809,2.1782
153030,1.8825,2.1734
153031,1.8752,2.1645
153032,1.8801,2.1444
153033,1.8752,2.1388
153034,1.8696,2.1291
153035,1.8696,2.1130
153036,1.8680,2.0896
153037,1.8672,2.0799
153038,1.8607,2.0622
153039,1.8583,2.0541
153040,1.8551,2.0606
153041,1.8486,2.0622
153042,1.8551,2.1017
153043,1.8559,2.1275
153044,1.8623,2.1549
153045,1.8648,2.1621
153046,1.8688,2.1653
153047,1.8656,2.1629
153048,1.8672,2.1492
153049,1.8615,2.1299
153050,1.8623,2.1218
153051,1.8583,2.1105
153052,1.8567,2.0968
153053,1.8511,2.0799
153054,1.8511,2.0622
153055,1.8438,2.0493
153056,1.8462,2.0485
153057,1.8438,2.0574
153058,1.8422,2.0864
153059,1.8438,2.1025
153060,1.8527,2.1299
153061,1.8527,2.1621
153062,1.8575,2.1605
153063,1.8615,2.1589
153064,1.8591,2.1484
153065,1.8551,2.1412
153066,1.8575,2.1275
153067,1.8527,2.1146
153068,1.8543,2.1001
153069,1.8462,2.0856
153070,1.8559,2.0622
153071,1.8398,2.0525
153072,1.8422,2.0429
153073,1.8366,2.0453
153074,1.8358,2.0549
153075,1.8317,2.0622
153076,1.8414,2.1105
153077,1.8438,2.1315
153078,1.8430,2.1525
153079,1.8527,2.1549
153080,1.8551,2.1549
153081,1.8486,2.1460
153082,1.8519,2.1331
153083,1.8438,2.1226
153084,1.8486,2.1122
153085,1.8446,2.0928
153086,1.8438,2.0622
153087,1.8374,2.0582
153088,1.8325,2.0485
153089,1.8317,2.0461
153090,1.8358,2.0501
153091,1.8301,2.0590
153092,1.8325,2.0888
153093,1.8414,2.1146
153094,1.8414,2.1404
153095,1.8446,2.1533
153096,1.8430,2.1533
153097,1.8462,2.1533
153098,1.8454,2.1428
153099,1.8462,2.1275
153100,1.8486,2.1105
153101,1.8438,2.1017
153102,1.8422,2.0896
153103,1.8430,2.0622
153104,1.8390,2.0590
153105,1.8317,2.0412
153106,1.8253,2.0421
153107,1.8309,2.0501
153108,1.8253,2.0622
153109,1.8317,2.0977
153110,1.8382,2.1275
153111,1.8438,2.1484
153112,1.8438,2.1557
153113,1.8446,2.1533
153114,1.8486,2.1500
153115,1.8446,2.1388
153116,1.8454,2.1267
153117,1.8406,2.1138
153118,1.8261,2.1009
153119,1.8438,2.0832
153120,1.8414,2.0622
153121,1.8341,2.0501
153122,1.8237,2.0429
153123,1.8269,2.0477
153124,1.8229,2.0582
153125,1.8293,2.0840
153126,1.8333,2.1122
153127,1.8325,2.1436
153128,1.8422,2.1533
153129,1.8414,2.1549
153130,1.8430,2.1557
153131,1.8462,2.1476
153132,1.8414,2.1404
153133,1.8422,2.1275
153134,1.8261,2.1146
153135,1.8301,2.0944
153136,1.8325,2.0840
153137,1.8285,2.0622
153138,1.8277,2.0485
153139,1.8285,2.0509
153140,1.8221,2.0549
153141,1.8269,2.0622
153142,1.8277,2.0968
153143,1.8269,2.1275
153144,1.8261,2.1460
153145,1.8430,2.1645
153146,1.8438,2.1662
153147,1.8285,2.1613
153148,1.8438,2.1541
153149,1.8438,2.1444
153150,1.8575,2.1283
153151,1.8438,2.1186
153152,1.8398,2.1009
153153,1.8301,2.0864
153154,1.8277,2.0622
153155,1.8293,2.0614
153156,1.8221,2.0622
153157,1.8285,2.0622
153158,1.8269,2.0928
153159,1.8309,2.1122
153160,1.8317,2.1331
153161,1.8269,2.1613
153162,1.8438,2.1871
153163,1.8446,2.1944
153164,1.8543,2.1927
153165,1.8511,2.1799
153166,1.8551,2.1790
153167,1.8656,2.1637
153168,1.8486,2.1452
153169,1.8551,2.1307
153170,1.8462,2.1170
153171,1.8454,2.1057
153172,1.8486,2.1017
153173,1.8438,2.1065
153174,1.8398,2.1154
153175,1.8438,2.1259
153176,1.8478,2.1476
153177,1.8527,2.1702
153178,1.8527,2.1895
153179,1.8575,2.2185
153180,1.8591,2.2306
153181,1.8672,2.2355
153182,1.8688,2.2322
153183,1.8736,2.2492
153184,1.8825,2.2621
153185,1.8897,2.2846
153186,1.9010,2.2870
153187,1.9123,2.2878
153188,1.9333,2.2911
153189,1.9607,2.2975
153190,1.9840,2.3080
153191,1.9945,2.3201
153192,1.9961,2.3314
153193,2.0155,2.3467
153194,2.0251,2.3604
153195,2.0227,2.3813
153196,2.0259,2.3942
153197,2.0348,2.4111
153198,2.0300,2.4264
153199,2.0445,2.4466
153200,2.0421,2.4571
153201,2.0525,2.4748
153202,2.0541,2.5103
153203,2.0606,2.5288
153204,2.0606,2.5489
153205,2.0622,2.5763
153206,2.0622,2.5949
153207,2.0622,2.6150
153208,2.0622,2.6344
153209,2.0622,2.6537
153210,2.0864,2.6714
153211,2.0840,2.6908
153212,2.0622,2.7117
153213,2.0936,2.7295
153214,2.0912,2.7536
153215,2.0944,2.7754
153216,2.0993,2.7979
153217,2.1194,2.8149
153218,2.1025,2.8382
153219,2.1025,2.8544
153220,2.1089,2.8737
153221,2.1138,2.8995
153222,2.1154,2.9116
153223,2.1275,2.9221
153224,2.1291,2.9511
153225,2.1396,2.9607
153226,2.1428,2.9744
153227,2.1412,2.9865
153228,2.1581,3.0139
153229,2.1702,2.9793
153230,2.1871,2.9567
153231,2.2032,2.9245
153232,2.2153,2.8801
153233,2.2137,2.8439
153234,2.2145,2.8294
153235,2.2169,2.7722
153236,2.2105,2.7391
153237,2.1960,2.7069
153238,2.2048,2.6771
153239,2.1799,2.6464
153240,2.1903,2.6223
153241,2.2048,2.5949
153242,2.2193,2.5731
153243,2.2177,2.5481
153244,2.2226,2.5223
153245,2.2266,2.5103
153246,2.2210,2.4885
153247,2.2089,2.4635
153248,2.2056,2.4530
153249,2.2105,2.4329
153250,2.1960,2.4152
153251,2.2000,2.4007
153252,2.2105,2.3853
153253,2.2105,2.3725
153254,2.2137,2.3588
153255,2.2048,2.3426
153256,2.2121,2.3338
153257,2.2048,2.3209
153258,2.2040,2.3201
153259,2.2056,2.2967
153260,2.2073,2.2878
153261,2.2153,2.2774
153262,2.2210,2.2669
153263,2.2177,2.2580
153264,2.2193,2.2516
153265,2.2169,2.2419
153266,2.2089,2.2218
153267,2.2032,2.2250
153268,2.1976,2.2258
153269,2.2048,2.2089
153270,2.2089,2.2040
153271,2.2153,2.1960
153272,2.2137,2.2024
153273,2.2145,2.1823
153274,2.2064,2.1774
153275,2.2218,2.1718
153276,2.2048,2.1653
153277,2.1911,2.1589
153278,2.2121,2.1549
153279,2.2201,2.1516
153280,2.2185,2.1476
153281,2.2234,2.1396
153282,2.2121,2.1404
153283,2.2137,2.1307
153284,2.2048,2.1267
153285,2.1992,2.1202
153286,2.1968,2.1105
153287,2.2048,2.1017
153288,2.2129,2.0960
153289,2.2169,2.0904
153290,2.2145,2.0622
153291,2.2153,2.0622
153292,2.2073,2.0622
153293,2.2105,2.0558
153294,2.1944,2.0582
153295,2.2048,2.0509
153296,2.2145,2.0477
153297,2.2177,2.0421
153298,2.2201,2.0388
153299,2.2121,2.0356
153300,2.2081,2.0332
153301,2.2097,2.0284
153302,2.1960,2.0243
153303,2.2024,2.0259
153304,2.2048,2.0243
153305,2.2129,2.0243
153306,2.2169,2.0219
153307,2.2177,2.0251
153308,2.2153,2.0203
153309,2.2048,2.0227
153310,2.2040,2.0171
153311,2.2032,2.0171
153312,2.2040,2.0187
153313,2.2137,2.0203
153314,2.2185,2.0163
153315,2.2129,2.0187
153316,2.2113,2.0138
153317,2.2121,2.0203
153318,2.1992,2.0187
153319,2.2032,2.0187
153320,2.1944,2.0138
153321,2.2040,2.0163
153322,2.2129,2.0195
153323,2.2137,2.0155
153324,2.2105,2.0501
153325,2.2073,2.0195
153326,2.2089,2.0074
153327,2.2048,2.0147
153328,2.2000,2.0364
153329,2.2081,2.0155
153330,2.2129,2.0195
153331,2.2153,2.0098
153332,2.2250,2.0130
153333,2.2097,2.0171
153334,2.2121,2.0147
153335,2.2056,2.0122
153336,2.1927,2.0138
153337,2.1968,2.0130
153338,2.2097,2.0163
153339,2.2129,2.0187
153340,2.2234,1.9977
153341,2.2185,2.0155
153342,2.2089,2.0001
153343,2.2064,2.0098
153344,2.2048,2.0179
153345,2.2008,2.0155
153346,2.2032,2.0147
153347,2.2105,2.0187
153348,2.2201,2.0130
153349,2.2137,2.0147
153350,2.2161,2.0155
153351,2.2048,2.0163
153352,2.2048,2.0163
153353,2.2016,2.0122
153354,2.1968,2.0106
153355,2.2048,2.0147
153356,2.2145,2.0171
153357,2.2185,2.0171
153358,2.2193,2.0122
153359,2.2210,2.0155
153360,2.2121,2.0098
153361,2.2081,1.9945
153362,2.2040,2.0243
153363,2.2032,2.0098
153364,2.2097,2.0195
153365,2.2234,2.0163
153366,2.2218,2.0114
153367,2.2193,2.0122
153368,2.2185,2.0171
153369,2.2081,2.0114
153370,2.2073,2.0138
153371,2.2048,2.0130
153372,2.1992,2.0138
153373,2.2048,2.0106
153374,2.2177,2.0163
153375,2.2177,2.0106
153376,2.2201,2.0122
153377,2.2250,2.0163
153378,2.2193,2.0163
153379,2.2177,2.0155
153380,2.2105,2.0147
153381,2.2048,2.0130
153382,2.1976,2.0163
153383,2.2089,2.0114
153384,2.2145,2.0171
153385,2.2177,2.0147
153386,2.2153,2.0130
153387,2.2201,2.0163
153388,2.2137,2.0251
153389,2.2048,2.0155
153390,2.2000,2.0122
153391,2.2024,2.0404
153392,2.2064,2.0155
153393,2.2226,2.0332
153394,2.2169,2.0163
153395,2.2185,2.0163
153396,2.2185,2.0421
153397,2.2185,2.0155
153398,2.2089,2.0155
153399,2.2056,2.0300
153400,2.2040,2.0171
153401,2.2073,2.0106
153402,2.2169,2.0122
153403,2.2185,2.0074
153404,2.2201,2.0187
153405,2.2121,2.0138
153406,2.2121,2.0138
153407,2.2145,2.0171
153408,2.2048,2.0138
153409,2.2008,2.0114
153410,2.2097,2.0163
153411,2.2250,2.0155
153412,2.2226,2.0171
153413,2.2193,2.0147
153414,2.2161,2.0001
153415,2.2137,2.0163
153416,2.2129,2.0300
153417,2.2040,2.0138
153418,2.1960,2.0227
153419,2.2081,2.0163
153420,2.2073,2.0138
153421,2.2210,2.0155
153422,2.2177,2.0122
153423,2.2218,2.0114
153424,2.2073,2.0147
153425,2.2016,2.0147
153426,2.2000,2.0195
153427,2.2048,2.0138
153428,2.2169,2.0138
153429,2.2185,2.0171
153430,2.2242,2.0163
153431,2.2177,2.0219
153432,2.2185,2.0147
153433,2.2153,2.0163
153434,2.2048,2.0138
153435,2.2000,2.0155
153436,2.2048,2.0195
153437,2.2064,2.0163
153438,2.2201,2.0243
153439,2.2185,2.0171
153440,2.2185,2.0147
153441,2.2121,2.0187
153442,2.2105,2.0138
153443,2.2097,2.0155
153444,2.2040,2.0130
153445,2.2161,2.0122
153446,2.2169,2.0163
153447,2.2153,2.0155
153448,2.2226,2.0203
153449,2.2161,2.0163
153450,2.2105,2.0138
153451,2.2137,2.0195
153452,2.2040,2.0171
153453,2.1927,2.0163
153454,2.2048,2.0122
153455,2.2097,2.0122
153456,2.2097,2.0082
153457,2.2161,2.0187
153458,2.2161,2.0163
153459,2.2073,2.0364
153460,2.2048,2.0171
153461,2.1976,2.0122
153462,2.2073,2.0171
153463,2.2161,2.0130
153464,2.2201,2.0130
153465,2.2177,2.0114
153466,2.2177,2.0066
153467,2.2153,2.0074
153468,2.2073,2.0138
153469,2.1976,2.0155
153470,2.2024,2.0155
153471,2.2048,2.0138
153472,2.2129,2.0114
153473,2.2169,2.0155
153474,2.2169,2.0114
153475,2.2169,2.0155
153476,2.2105,2.0130
153477,2.2056,2.0171
153478,2.2016,2.0138
153479,2.2064,2.0155
153480,2.2177,2.0114
153481,2.2185,2.0098
153482,2.2201,2.0138
153483,2.2153,2.0155
153484,2.2169,2.0130
153485,2.2040,2.0138
153486,2.2040,2.0155
153487,2.2040,2.0114
153488,2.2040,2.0122
153489,2.2121,2.0138
153490,2.2185,2.0138
153491,2.2218,2.0130
153492,2.2169,2.0122
153493,2.2064,2.0122
153494,2.2048,2.0122
153495,2.2048,2.0130
153496,2.2048,2.0171
153497,2.2153,2.0090
153498,2.2185,2.0138
153499,2.2234,2.0122
153500,2.2161,2.0147
153501,2.2097,2.0138
153502,2.2056,2.0122
153503,2.2032,2.0130
153504,2.1976,2.0130
153505,2.2048,2.0122
153506,2.2153,2.0138
153507,2.2185,2.0171
153508,2.2177,2.0114
153509,2.2290,2.0187
153510,2.2177,2.0163
153511,2.2169,2.0155
153512,2.2064,2.0138
153513,2.2056,2.0147
153514,2.2048,2.0074
153515,2.2024,2.0147
153516,2.2169,2.0147
153517,2.2226,2.0090
153518,2.2153,2.0130
153519,2.2177,2.0155
153520,2.2056,2.0203
153521,2.2081,2.0147
153522,2.2040,2.0171
153523,2.1992,2.0163
153524,2.2097,2.0171
153525,2.2121,2.0138
153526,2.2226,2.0155
153527,2.2290,2.0155
153528,2.2258,2.0122
153529,2.2234,2.0147
153530,2.2105,2.0155
153531,2.2073,2.0138
153532,2.2040,2.0147
153533,2.2048,2.0187
153534,2.2097,2.0122
153535,2.2129,2.0235
153536,2.2201,2.0138
153537,2.2169,2.0122
153538,2.2226,2.0147
153539,2.2105,2.0155
153540,2.2048,2.0155
153541,2.1976,2.0195
153542,2.2056,2.0155
153543,2.2129,2.0155
153544,2.2177,2.0147
153545,2.2290,2.0138
153546,2.2177,2.0155
153547,2.2201,2.0147
153548,2.2089,2.0187
153549,2.2024,2.0122
153550,2.2024,2.0163
153551,2.1952,2.0155
153552,2.2161,2.0138
153553,2.2210,2.0155
153554,2.2266,2.0195
153555,2.2201,2.0163
153556,2.2169,2.0138
153557,2.2137,2.0163
153558,2.2097,2.0147
153559,2.2056,2.0155
153560,2.2048,2.0147
153561,2.2073,2.0163
153562,2.2193,2.0122
153563,2.2258,2.0138
153564,2.2169,2.0130
153565,2.2169,2.0106
153566,2.2137,2.0203
153567,2.2097,2.0163
153568,2.2048,2.0179
153569,2.1936,2.0163
153570,2.2129,2.0163
153571,2.2137,2.0147
153572,2.2137,2.0243
153573,2.2177,2.0163
153574,2.2097,2.0163
153575,2.2137,2.0171
153576,2.1911,2.0171
153577,2.2048,2.0203
153578,2.2089,2.0171
153579,2.2145,2.0147
153580,2.2201,2.0155
153581,2.2250,2.0138
153582,2.2258,2.0155
153583,2.2153,2.0155
153584,2.2121,2.0130
153585,2.2048,2.0082
153586,2.2008,2.0155
153587,2.2040,2.0163
153588,2.2089,2.0155
153589,2.2177,2.0074
153590,2.2185,2.0138
153591,2.2153,2.0130
153592,2.1960,2.0122
153593,2.2056,2.0163
153594,2.2048,2.0163
153595,2.2040,2.0138
153596,2.2032,2.0106
153597,2.2129,2.0195
153598,2.2129,2.0138
153599,2.2169,2.0155
153600,2.2177,2.0130
153601,2.2105,2.0155
153602,2.2064,2.0155
153603,2.2016,2.0163
153604,2.2008,2.0130
153605,2.2048,2.0138
153606,2.2153,2.0114
153607,2.2218,2.0187
153608,2.2177,2.0171
153609,2.2161,2.0130
153610,2.2395,2.0227
153611,2.2089,2.0130
153612,2.2024,2.0155
153613,2.2000,2.0147
153614,2.2274,2.0187
153615,2.2193,2.0163
153616,2.2298,2.0122
153617,2.2210,2.0138
153618,2.2185,2.0147
153619,2.2105,2.0090
153620,2.2105,2.0138
153621,2.2048,2.0155
153622,2.2032,2.0203
153623,2.2048,2.0114
153624,2.2201,2.0171
153625,2.2201,2.0171
153626,2.2282,2.0147
153627,2.2250,2.0138
153628,2.2185,2.0155
153629,2.2177,2.0155
153630,2.2089,2.0171
153631,2.2048,2.0155
153632,2.1992,2.0138
153633,2.2056,2.0122
153634,2.2121,2.0147
153635,2.2201,2.0138
153636,2.2258,2.0187
153637,2.2226,2.0171
153638,2.2145,2.0171
153639,2.2097,2.0155
153640,2.2073,2.0138
153641,2.2040,2.0130
153642,2.2306,2.0187
153643,2.2193,2.0155
153644,2.2298,2.0163
153645,2.2411,2.0138
153646,2.2250,2.0138
153647,2.2169,2.0122
153648,2.2073,2.0114
153649,2.2177,2.0219
153650,2.2008,2.0130
153651,2.2048,2.0155
153652,2.2250,2.0171
153653,2.2185,2.0155
153654,2.2185,2.0171
153655,2.2169,2.0130
153656,2.2177,2.0243
153657,2.2105,2.0090
153658,2.2048,2.0138
153659,2.2032,2.0179
153660,2.2048,2.0211
153661,2.2177,2.0122
153662,2.2218,2.0147
153663,2.2073,2.0195
153664,2.2169,2.0187
153665,2.2169,2.0138
153666,2.2105,2.0171
153667,2.2105,2.0171
153668,2.1992,2.0155
153669,2.2048,2.0195
153670,2.2145,2.0195
153671,2.2097,2.0243
153672,2.2129,2.0163
153673,2.2137,2.0155
153674,2.2129,2.0171
153675,2.2048,2.0163
153676,2.2048,2.0171
153677,2.2048,2.0130
153678,2.2153,2.0163
153679,2.2218,2.0147
153680,2.2218,2.0147
153681,2.2105,2.0130
153682,2.2201,2.0147
153683,2.2169,2.0114
153684,2.2097,2.0171
153685,2.2040,2.0187
153686,2.1750,2.0163
153687,2.2073,2.0130
153688,2.2169,2.0171
153689,2.2169,2.0163
153690,2.2258,2.0155
153691,2.2177,2.0163
