time_ms,ch1_v,ch2_v
,4.52,4.14
66,4.52,4.14
67,4.52,4.14
68,4.52,4.14
69,4.52,4.14
70,4.52,4.14
71,4.52,4.14
72,4.52,4.14
73,4.52,4.14
74,4.52,4.14
75,4.52,4.14
76,4.52,4.14
77,4.52,4.14
78,4.52,4.14
79,4.52,4.14
80,4.52,4.14
81,4.52,4.14
82,4.52,4.14
83,4.52,4.14
84,4.52,4.14
86,4.52,4.14
87,4.52,4.14
88,4.52,4.14
89,4.52,4.14
90,4.52,4.14
91,4.52,4.14
92,4.52,4.14
94,4.52,4.14
95,4.52,4.14
96,4.52,4.14
97,4.52,4.14
98,4.52,4.14
99,4.52,4.14
100,4.52,4.14
101,4.52,4.14
102,4.52,4.14
103,4.52,4.14
104,4.52,4.14
105,4.52,4.14
106,4.52,4.14
107,4.52,4.14
108,4.52,4.14
109,4.52,4.14
110,4.52,4.14
112,4.52,4.14
113,4.52,4.14
114,4.52,4.14
115,4.52,4.14
116,4.52,4.14
117,4.52,4.14
118,4.52,4.14
119,4.52,4.14
120,4.52,4.14
121,4.52,4.14
122,4.52,4.14
123,4.52,4.14
124,4.52,4.14
126,4.52,4.14
128,4.52,4.14
129,4.52,4.14
130,4.52,4.14
131,4.52,4.14
132,4.52,4.14
133,4.52,4.14
134,4.52,4.14
135,4.52,4.14
136,4.52,4.14
137,4.52,4.14
138,4.52,4.14
139,4.52,4.14
141,4.52,4.14
142,4.52,4.14
143,4.52,4.14
144,4.52,4.14
145,4.52,4.14
146,4.52,4.14
147,4.52,4.14
148,4.52,4.14
149,4.52,4.14
150,4.52,4.14
151,4.52,4.14
152,4.52,4.14
153,4.52,4.14
155,4.52,4.14
156,4.52,4.14
157,4.52,4.14
158,4.52,4.13
159,4.52,4.13
160,4.52,4.14
161,4.52,4.13
162,4.52,4.13
163,4.52,4.13
164,4.52,4.13
165,4.52,4.13
166,4.52,4.13
167,4.52,4.13
169,4.52,4.13
171,4.52,4.13
172,4.52,4.13
173,4.52,4.13
174,4.52,4.13
175,4.52,4.13
176,4.52,4.13
177,4.52,4.13
178,4.52,4.13
179,4.52,4.13
180,4.52,4.13
181,4.52,4.14
182,4.52,4.14
184,4.53,4.14
185,4.53,4.15
186,4.53,4.14
187,4.53,4.14
188,4.53,4.14
189,4.53,4.14
190,4.53,4.14
191,4.51,4.12
192,4.48,4.10
193,4.44,4.07
194,4.40,4.04
195,4.35,4.00
196,4.29,3.96
198,4.24,3.93
199,4.18,3.90
200,4.14,3.88
201,4.11,3.86
202,4.10,3.86
203,4.09,3.87
204,4.09,3.87
205,4.10,3.88
206,4.10,3.88
207,4.09,3.86
208,4.06,3.84
209,4.03,3.81
210,3.99,3.79
212,3.95,3.76
214,3.91,3.73
215,3.87,3.70
216,3.83,3.68
217,3.80,3.68
218,3.79,3.67
219,3.79,3.68
220,3.80,3.69
221,3.82,3.70
222,3.84,3.72
223,3.85,3.72
224,3.86,3.72
225,3.85,3.70
226,3.83,3.69
228,3.81,3.67
229,3.79,3.65
230,3.76,3.62
231,3.73,3.60
232,3.70,3.58
233,3.69,3.58
234,3.69,3.59
235,3.70,3.60
236,3.71,3.61
237,3.74,3.63
238,3.77,3.65
239,3.80,3.66
240,3.81,3.66
242,3.81,3.65
243,3.79,3.63
244,3.78,3.62
245,3.76,3.60
246,3.74,3.58
247,3.72,3.56
248,3.70,3.55
249,3.68,3.54
250,3.68,3.55
251,3.70,3.57
252,3.72,3.58
253,3.74,3.60
254,3.77,3.63
257,3.80,3.64
258,3.82,3.64
259,3.82,3.63
260,3.81,3.62
261,3.80,3.60
262,3.78,3.59
263,3.76,3.57
264,3.74,3.55
265,3.71,3.53
266,3.70,3.53
267,3.70,3.54
268,3.71,3.56
269,3.73,3.57
271,3.76,3.59
272,3.79,3.62
273,3.82,3.63
274,3.84,3.63
275,3.84,3.62
276,3.83,3.61
277,3.81,3.60
278,3.80,3.58
279,3.78,3.57
280,3.76,3.56
281,3.73,3.55
282,3.72,3.54
283,3.71,3.55
285,3.72,3.56
286,3.74,3.57
287,3.77,3.60
288,3.80,3.62
289,3.83,3.63
290,3.85,3.64
291,3.85,3.63
292,3.84,3.62
293,3.83,3.61
294,3.81,3.60
295,3.79,3.58
296,3.77,3.57
297,3.75,3.56
300,3.73,3.55
301,3.72,3.55
302,3.73,3.56
303,3.74,3.57
304,3.77,3.59
305,3.80,3.62
306,3.83,3.64
307,3.85,3.64
308,3.85,3.63
309,3.84,3.62
310,3.83,3.61
311,3.82,3.60
312,3.79,3.59
314,3.77,3.58
315,3.75,3.56
316,3.73,3.55
317,3.72,3.55
318,3.73,3.56
319,3.74,3.58
320,3.77,3.59
321,3.80,3.62
322,3.83,3.64
323,3.85,3.64
324,3.85,3.64
325,3.84,3.63
326,3.83,3.62
328,3.82,3.61
329,3.80,3.59
330,3.78,3.58
331,3.75,3.56
332,3.73,3.56
333,3.72,3.56
334,3.73,3.56
335,3.74,3.57
336,3.77,3.59
337,3.80,3.62
338,3.83,3.64
339,3.85,3.64
340,3.86,3.64
343,3.86,3.64
344,3.84,3.62
345,3.83,3.61
346,3.81,3.60
347,3.79,3.59
348,3.76,3.57
349,3.74,3.56
350,3.73,3.56
351,3.74,3.57
352,3.75,3.58
353,3.78,3.60
354,3.81,3.62
355,3.84,3.65
357,3.87,3.66
358,3.88,3.66
359,3.88,3.65
360,3.87,3.64
361,3.85,3.63
362,3.83,3.61
363,3.81,3.60
364,3.79,3.59
365,3.76,3.58
366,3.76,3.58
367,3.76,3.59
368,3.78,3.60
369,3.80,3.62
371,3.83,3.64
372,3.86,3.66
373,3.90,3.68
374,3.91,3.69
375,3.92,3.68
376,3.91,3.67
377,3.90,3.66
378,3.89,3.65
379,3.86,3.64
380,3.84,3.62
381,3.82,3.61
382,3.81,3.62
385,3.82,3.62
386,3.83,3.63
387,3.86,3.65
388,3.88,3.67
389,3.91,3.68
390,3.94,3.70
391,3.97,3.72
392,4.00,3.73
393,4.03,3.75
394,4.06,3.77
395,4.09,3.79
396,4.12,3.80
397,4.15,3.82
398,4.18,3.84
400,4.20,3.85
401,4.23,3.87
402,4.26,3.88
403,4.29,3.89
404,4.31,3.91
405,4.33,3.92
406,4.36,3.93
407,4.38,3.95
408,4.40,3.96
409,4.42,3.97
410,4.44,3.99
411,4.45,4.00
412,4.47,4.01
414,4.49,4.02
415,4.50,4.03
416,4.51,4.04
417,4.53,4.05
418,4.54,4.05
419,4.55,4.06
420,4.55,4.07
421,4.56,4.07
422,4.57,4.08
423,4.57,4.08
424,4.58,4.08
425,4.58,4.09
427,4.58,4.09
429,4.58,4.09
430,4.58,4.09
431,4.59,4.10
432,4.58,4.10
433,4.58,4.10
434,4.58,4.10
435,4.58,4.10
436,4.58,4.10
437,4.58,4.10
438,4.58,4.10
439,4.58,4.10
440,4.57,4.10
441,4.57,4.10
442,4.57,4.10
443,4.57,4.10
445,4.57,4.10
446,4.57,4.10
447,4.56,4.10
448,4.56,4.10
449,4.56,4.10
450,4.55,4.10
451,4.55,4.10
452,4.55,4.10
453,4.55,4.09
454,4.54,4.09
455,4.54,4.09
456,4.54,4.09
457,4.54,4.09
458,4.54,4.09
460,4.53,4.09
461,4.53,4.09
462,4.53,4.09
463,4.53,4.09
464,4.52,4.09
465,4.52,4.09
466,4.52,4.09
467,4.52,4.09
468,4.52,4.09
470,4.51,4.09
471,4.51,4.09
472,4.51,4.09
473,4.51,4.09
475,4.51,4.09
476,4.51,4.09
477,4.51,4.09
478,4.51,4.09
479,4.51,4.09
480,4.51,4.09
481,4.51,4.09
482,4.50,4.09
483,4.50,4.09
484,4.50,4.09
485,4.50,4.09
486,4.50,4.09
487,4.50,4.09
488,4.50,4.09
489,4.50,4.09
491,4.50,4.09
492,4.50,4.09
493,4.50,4.09
494,4.50,4.09
495,4.50,4.09
496,4.50,4.10
497,4.50,4.10
498,4.50,4.10
499,4.50,4.10
500,4.50,4.10
501,4.50,4.10
502,4.50,4.10
503,4.50,4.10
504,4.51,4.10
505,4.50,4.10
507,4.50,4.10
508,4.51,4.10
509,4.51,4.10
510,4.51,4.10
512,4.51,4.10
513,4.51,4.10
514,4.51,4.10
515,4.51,4.10
516,4.51,4.10
517,4.51,4.10
518,4.51,4.10
519,4.51,4.10
520,4.51,4.10
522,4.51,4.10
523,4.51,4.10
524,4.51,4.10
525,4.51,4.10
526,4.51,4.10
527,4.51,4.10
528,4.51,4.10
529,4.51,4.10
530,4.51,4.10
531,4.51,4.10
532,4.51,4.10
533,4.51,4.10
534,4.51,4.11
535,4.51,4.10
537,4.51,4.11
538,4.51,4.10
539,4.51,4.10
540,4.51,4.10
541,4.51,4.11
542,4.51,4.10
543,4.51,4.10
544,4.51,4.10
545,4.51,4.10
546,4.51,4.10
547,4.51,4.10
548,4.51,4.10
549,4.51,4.10
550,4.51,4.10
552,4.51,4.10
553,4.51,4.10
555,4.51,4.10
556,4.51,4.10
557,4.51,4.10
558,4.51,4.10
559,4.51,4.10
560,4.51,4.10
561,4.51,4.10
562,4.51,4.10
563,4.51,4.10
564,4.51,4.10
565,4.51,4.10
566,4.51,4.10
568,4.51,4.10
569,4.51,4.10
570,4.51,4.11
571,4.51,4.11
572,4.51,4.10
573,4.51,4.10
574,4.50,4.11
575,4.50,4.11
576,4.50,4.11
577,4.51,4.11
578,4.51,4.11
579,4.50,4.11
581,4.50,4.11
582,4.50,4.11
583,4.50,4.11
584,4.51,4.11
585,4.51,4.11
586,4.50,4.11
587,4.50,4.11
588,4.50,4.11
589,4.51,4.11
590,4.51,4.11
591,4.50,4.11
592,4.50,4.11
594,4.51,4.11
595,4.50,4.11
596,4.50,4.11
598,4.51,4.11
599,4.51,4.11
600,4.51,4.11
601,4.51,4.11
602,4.51,4.11
603,4.51,4.11
604,4.51,4.11
605,4.51,4.11
606,4.51,4.11
607,4.51,4.11
609,4.51,4.11
610,4.51,4.11
611,4.51,4.12
612,4.51,4.11
613,4.50,4.12
614,4.50,4.12
615,4.51,4.12
616,4.51,4.12
617,4.51,4.12
618,4.51,4.12
619,4.51,4.12
620,4.51,4.12
622,4.51,4.12
623,4.51,4.12
624,4.51,4.12
625,4.51,4.12
626,4.51,4.12
627,4.51,4.12
628,4.51,4.12
629,4.51,4.12
630,4.51,4.13
631,4.51,4.13
632,4.51,4.12
633,4.51,4.13
635,4.51,4.13
636,4.51,4.13
637,4.51,4.13
638,4.51,4.13
640,4.51,4.13
641,4.51,4.13
642,4.51,4.13
643,4.51,4.13
644,4.50,4.13
645,4.50,4.13
646,4.51,4.13
647,4.50,4.13
649,4.51,4.13
650,4.50,4.13
651,4.51,4.13
652,4.51,4.13
653,4.51,4.13
654,4.51,4.13
655,4.51,4.13
656,4.51,4.13
657,4.51,4.13
658,4.51,4.14
659,4.51,4.13
660,4.51,4.14
661,4.51,4.14
663,4.51,4.14
664,4.51,4.14
665,4.51,4.14
666,4.51,4.14
667,4.51,4.14
668,4.51,4.14
669,4.51,4.15
670,4.51,4.15
671,4.51,4.15
672,4.51,4.15
673,4.51,4.15
674,4.50,4.15
675,4.50,4.15
677,4.50,4.15
678,4.51,4.15
679,4.51,4.15
680,4.51,4.15
681,4.51,4.15
683,4.51,4.16
684,4.51,4.16
685,4.51,4.16
686,4.50,4.16
687,4.50,4.16
688,4.51,4.16
689,4.51,4.16
690,4.50,4.17
692,4.50,4.17
693,4.51,4.17
694,4.51,4.17
695,4.51,4.17
696,4.51,4.17
697,4.51,4.17
698,4.50,4.18
699,4.50,4.18
700,4.50,4.18
701,4.51,4.18
702,4.50,4.18
703,4.51,4.19
704,4.51,4.19
705,4.50,4.19
707,4.51,4.19
708,4.51,4.19
709,4.51,4.19
710,4.51,4.20
711,4.51,4.20
712,4.51,4.20
713,4.51,4.20
714,4.51,4.20
715,4.51,4.21
716,4.51,4.21
717,4.51,4.21
718,4.51,4.21
719,4.51,4.21
721,4.51,4.22
722,4.51,4.22
723,4.51,4.22
724,4.51,4.22
726,4.51,4.22
727,4.51,4.23
728,4.51,4.23
729,4.51,4.23
730,4.50,4.23
731,4.51,4.24
732,4.51,4.24
733,4.51,4.24
734,4.51,4.24
736,4.51,4.25
737,4.51,4.25
738,4.51,4.25
739,4.51,4.26
740,4.51,4.26
741,4.51,4.26
742,4.51,4.26
743,4.51,4.27
744,4.51,4.27
745,4.51,4.27
746,4.51,4.27
747,4.51,4.27
748,4.51,4.28
750,4.51,4.28
751,4.51,4.28
752,4.51,4.28
753,4.51,4.28
754,4.51,4.29
755,4.51,4.29
756,4.51,4.29
757,4.51,4.29
758,4.51,4.30
759,4.51,4.30
760,4.51,4.30
761,4.51,4.31
763,4.51,4.31
764,4.51,4.31
765,4.51,4.31
766,4.51,4.32
768,4.51,4.32
769,4.51,4.32
770,4.51,4.32
771,4.51,4.32
772,4.51,4.33
773,4.51,4.33
774,4.51,4.33
775,4.51,4.33
776,4.51,4.34
778,4.51,4.34
779,4.51,4.34
780,4.51,4.35
781,4.51,4.35
782,4.50,4.35
783,4.51,4.35
784,4.51,4.35
785,4.51,4.35
786,4.51,4.35
787,4.51,4.35
788,4.50,4.36
789,4.50,4.36
791,4.50,4.36
792,4.50,4.36
793,4.50,4.36
794,4.50,4.36
795,4.50,4.37
796,4.50,4.37
797,4.50,4.37
798,4.50,4.37
799,4.50,4.37
800,4.50,4.37
801,4.51,4.37
802,4.50,4.37
803,4.50,4.38
804,4.50,4.38
805,4.50,4.38
807,4.50,4.38
808,4.50,4.38
809,4.50,4.39
811,4.50,4.39
812,4.50,4.39
813,4.50,4.39
814,4.50,4.39
815,4.50,4.39
816,4.50,4.39
817,4.50,4.39
818,4.50,4.40
819,4.50,4.40
820,4.50,4.40
821,4.50,4.40
823,4.50,4.40
824,4.50,4.40
825,4.50,4.40
826,4.50,4.40
827,4.50,4.40
828,4.50,4.40
829,4.50,4.40
830,4.50,4.40
831,4.50,4.40
832,4.50,4.41
833,4.50,4.41
834,4.50,4.41
835,4.50,4.41
836,4.50,4.41
837,4.50,4.41
839,4.50,4.41
840,4.50,4.41
841,4.50,4.41
842,4.50,4.41
843,4.50,4.41
844,4.50,4.41
845,4.50,4.41
846,4.50,4.41
847,4.50,4.41
848,4.50,4.41
849,4.50,4.41
850,4.50,4.42
851,4.50,4.42
852,4.50,4.42
854,4.50,4.42
856,4.50,4.42
857,4.50,4.42
858,4.50,4.42
859,4.50,4.42
860,4.50,4.42
861,4.50,4.42
862,4.50,4.42
863,4.50,4.42
864,4.50,4.42
865,4.50,4.42
866,4.50,4.42
867,4.50,4.42
868,4.50,4.42
869,4.50,4.42
871,4.50,4.42
872,4.50,4.42
873,4.50,4.42
874,4.50,4.42
875,4.50,4.42
876,4.50,4.42
877,4.50,4.42
878,4.50,4.42
879,4.50,4.42
880,4.50,4.42
881,4.50,4.42
882,4.50,4.41
883,4.50,4.41
884,4.50,4.41
885,4.49,4.41
887,4.50,4.41
888,4.50,4.41
889,4.50,4.41
890,4.50,4.41
891,4.50,4.41
892,4.50,4.41
893,4.50,4.41
894,4.50,4.41
896,4.50,4.40
897,4.50,4.40
898,4.50,4.40
899,4.50,4.40
900,4.50,4.40
901,4.50,4.39
903,4.50,4.39
904,4.50,4.39
905,4.50,4.39
906,4.50,4.39
907,4.50,4.39
908,4.50,4.38
909,4.50,4.38
910,4.50,4.38
911,4.50,4.38
912,4.50,4.38
913,4.50,4.37
914,4.50,4.37
915,4.50,4.37
916,4.50,4.37
918,4.50,4.36
919,4.50,4.36
920,4.50,4.36
921,4.50,4.35
922,4.50,4.35
923,4.50,4.35
924,4.50,4.35
925,4.50,4.35
926,4.50,4.34
927,4.50,4.34
928,4.50,4.33
929,4.50,4.33
930,4.50,4.32
931,4.50,4.32
933,4.50,4.32
934,4.50,4.31
935,4.50,4.31
936,4.49,4.30
937,4.49,4.30
939,4.49,4.29
940,4.50,4.29
941,4.49,4.28
942,4.49,4.28
943,4.49,4.27
944,4.49,4.27
945,4.49,4.26
946,4.50,4.26
948,4.49,4.26
949,4.49,4.25
950,4.49,4.24
951,4.49,4.24
952,4.49,4.24
953,4.49,4.23
954,4.49,4.22
955,4.49,4.22
956,4.49,4.21
957,4.49,4.21
958,4.49,4.20
959,4.49,4.20
960,4.49,4.20
962,4.49,4.19
963,4.49,4.19
964,4.49,4.18
965,4.49,4.18
966,4.49,4.17
967,4.49,4.17
968,4.49,4.16
969,4.49,4.16
970,4.49,4.15
971,4.49,4.15
972,4.49,4.14
973,4.49,4.14
974,4.49,4.13
976,4.49,4.13
977,4.49,4.13
978,4.49,4.12
979,4.49,4.12
980,4.49,4.12
982,4.49,4.11
983,4.49,4.11
984,4.49,4.10
985,4.49,4.10
986,4.49,4.09
987,4.49,4.09
988,4.49,4.09
989,4.49,4.08
991,4.49,4.08
992,4.49,4.07
993,4.49,4.07
994,4.49,4.07
995,4.48,4.06
996,4.49,4.06
997,4.49,4.05
998,4.49,4.05
999,4.49,4.05
1000,4.49,4.04
1001,4.49,4.04
1002,4.49,4.04
1004,4.48,4.03
1005,4.49,4.03
1006,4.49,4.03
1007,4.49,4.02
1008,4.48,4.02
1009,4.49,4.01
1010,4.48,4.01
1011,4.49,4.01
1013,4.48,4.00
1014,4.49,4.00
1015,4.48,4.00
1016,4.48,3.99
1017,4.49,3.99
1018,4.49,3.99
1019,4.49,3.98
1020,4.48,3.98
1022,4.48,3.98
1024,4.49,3.98
1025,4.49,3.97
1026,4.49,3.97
1027,4.48,3.97
1028,4.49,3.96
1029,4.49,3.96
1030,4.49,3.96
1032,4.49,3.96
1033,4.49,3.95
1034,4.49,3.95
1035,4.49,3.95
1036,4.49,3.94
1037,4.49,3.94
1038,4.49,3.94
1039,4.49,3.94
1041,4.49,3.93
1042,4.48,3.93
1043,4.49,3.93
1044,4.49,3.92
1045,4.48,3.92
1046,4.48,3.92
1047,4.48,3.92
1048,4.49,3.91
1050,4.49,3.91
1051,4.48,3.91
1052,4.49,3.91
1053,4.48,3.91
1054,4.48,3.91
1055,4.48,3.91
1056,4.48,3.90
1057,4.49,3.90
1059,4.49,3.90
1060,4.48,3.90
1061,4.49,3.89
1062,4.49,3.89
1063,4.49,3.89
1064,4.49,3.89
1065,4.49,3.88
1067,4.49,3.88
1069,4.49,3.88
1070,4.48,3.88
1071,4.49,3.87
1072,4.48,3.87
1073,4.49,3.87
1074,4.49,3.87
1075,4.48,3.87
1076,4.49,3.86
1078,4.49,3.86
1079,4.48,3.86
1080,4.48,3.86
1081,4.48,3.86
1082,4.49,3.85
1083,4.48,3.85
1084,4.49,3.85
1085,4.49,3.85
1087,4.48,3.85
1088,4.48,3.85
1089,4.49,3.84
1090,4.48,3.84
1091,4.48,3.84
1092,4.48,3.84
1093,4.48,3.84
1095,4.48,3.84
1096,4.48,3.83
1097,4.49,3.83
1098,4.48,3.83
1099,4.49,3.83
1100,4.49,3.83
1101,4.48,3.83
1102,4.48,3.83
1104,4.48,3.83
1105,4.48,3.82
1106,4.48,3.82
1107,4.49,3.82
1108,4.48,3.82
1110,4.48,3.82
1111,4.48,3.82
1112,4.48,3.82
1114,4.48,3.82
1115,4.48,3.82
1116,4.49,3.82
1117,4.48,3.82
1118,4.48,3.82
1119,4.48,3.82
1120,4.48,3.82
1121,4.48,3.82
1123,4.49,3.82
1124,4.48,3.82
1125,4.48,3.82
1126,4.48,3.82
1127,4.48,3.82
1128,4.48,3.81
1129,4.49,3.82
1130,4.48,3.82
1132,4.49,3.81
1133,4.48,3.81
1134,4.48,3.82
1135,4.48,3.82
1136,4.49,3.82
1137,4.48,3.81
1138,4.49,3.82
1139,4.48,3.82
1141,4.49,3.82
1142,4.49,3.82
1143,4.49,3.82
1144,4.49,3.82
1145,4.49,3.82
1146,4.49,3.82
1147,4.48,3.82
1149,4.49,3.82
1150,4.49,3.82
1152,4.49,3.82
1153,4.49,3.82
1154,4.49,3.82
1155,4.49,3.82
1156,4.49,3.82
1157,4.49,3.82
1159,4.49,3.82
1160,4.49,3.82
1161,4.49,3.82
1162,4.49,3.82
1163,4.49,3.82
1164,4.49,3.82
1165,4.49,3.83
1166,4.49,3.83
1168,4.49,3.83
1169,4.49,3.83
1170,4.49,3.83
1171,4.49,3.83
1172,4.49,3.83
1173,4.49,3.83
1174,4.49,3.83
1175,4.49,3.83
1177,4.49,3.83
1178,4.49,3.83
1179,4.49,3.83
1180,4.49,3.83
1181,4.48,3.83
1182,4.49,3.83
1183,4.49,3.83
1184,4.49,3.83
1186,4.49,3.83
1187,4.49,3.84
1188,4.49,3.84
1189,4.49,3.84
1190,4.48,3.84
1191,4.49,3.84
1192,4.48,3.84
1193,4.49,3.84
1196,4.48,3.84
1197,4.49,3.84
1198,4.49,3.84
1199,4.49,3.84
1200,4.49,3.84
1201,4.49,3.84
1202,4.49,3.84
1204,4.49,3.84
1205,4.49,3.84
1206,4.48,3.85
1207,4.48,3.85
1208,4.49,3.85
1209,4.48,3.85
1210,4.49,3.85
1211,4.49,3.85
1213,4.49,3.85
1214,4.48,3.85
1215,4.48,3.85
1216,4.48,3.85
1217,4.48,3.85
1218,4.48,3.85
1219,4.48,3.85
1220,4.49,3.85
1222,4.48,3.85
1223,4.48,3.85
1224,4.49,3.85
1225,4.48,3.85
1226,4.48,3.85
1227,4.48,3.85
1228,4.49,3.85
1230,4.48,3.85
1231,4.48,3.84
1232,4.49,3.84
1233,4.48,3.84
1234,4.48,3.84
1235,4.48,3.84
1236,4.49,3.84
1238,4.48,3.84
1240,4.48,3.84
1241,4.48,3.84
1242,4.48,3.84
1243,4.48,3.84
1244,4.48,3.84
1245,4.48,3.84
1246,4.48,3.84
1247,4.48,3.85
1249,4.48,3.85
1250,4.48,3.85
1251,4.48,3.85
1252,4.49,3.85
1253,4.49,3.85
1254,4.48,3.85
1255,4.49,3.85
1256,4.48,3.86
1258,4.49,3.86
1259,4.49,3.86
1260,4.49,3.86
1261,4.49,3.87
1262,4.49,3.87
1263,4.49,3.87
1264,4.49,3.87
1265,4.49,3.87
1267,4.49,3.88
1268,4.49,3.88
1269,4.49,3.88
1270,4.49,3.88
1271,4.49,3.88
1272,4.49,3.89
1273,4.49,3.89
1274,4.49,3.89
1276,4.49,3.89
1277,4.49,3.90
1278,4.49,3.90
1280,4.49,3.90
1281,4.49,3.90
1282,4.49,3.91
1283,4.49,3.91
1284,4.49,3.91
1286,4.49,3.91
1287,4.49,3.91
1288,4.49,3.91
1289,4.49,3.91
1290,4.49,3.91
1291,4.49,3.92
1292,4.49,3.92
1294,4.49,3.92
1295,4.49,3.92
1296,4.49,3.92
1297,4.49,3.93
1298,4.49,3.93
1299,4.49,3.93
1300,4.49,3.93
1301,4.49,3.93
1303,4.49,3.94
1304,4.49,3.94
1305,4.49,3.94
1306,4.49,3.94
1307,4.49,3.94
1308,4.49,3.94
1309,4.49,3.95
1310,4.49,3.95
1312,4.49,3.95
1313,4.49,3.95
1314,4.49,3.95
1315,4.49,3.95
1316,4.48,3.96
1317,4.49,3.96
1318,4.49,3.96
1319,4.49,3.96
1321,4.49,3.96
1323,4.49,3.96
1324,4.49,3.96
1325,4.48,3.97
1326,4.49,3.97
1327,4.49,3.97
1328,4.49,3.97
1329,4.48,3.97
1331,4.49,3.97
1332,4.49,3.98
1333,4.49,3.98
1334,4.49,3.98
1335,4.48,3.98
1336,4.49,3.98
1337,4.49,3.98
1338,4.49,3.98
1340,4.48,3.99
1341,4.48,3.99
1342,4.48,3.99
1343,4.48,3.99
1344,4.48,3.99
1345,4.49,3.99
1346,4.49,3.99
1347,4.48,3.99
1349,4.49,4.00
1350,4.48,4.00
1351,4.49,4.00
1352,4.48,4.00
1353,4.49,4.00
1354,4.48,4.00
1355,4.49,4.01
1356,4.49,4.00
1357,4.48,4.01
1359,4.49,4.01
1360,4.49,4.01
1361,4.49,4.01
1362,4.48,4.01
1363,4.48,4.01
1364,4.49,4.01
1366,4.49,4.02
1367,4.49,4.02
1369,4.49,4.02
1370,4.49,4.02
1371,4.49,4.02
1372,4.49,4.02
1373,4.49,4.02
1374,4.49,4.02
1375,4.49,4.03
1376,4.49,4.03
1378,4.48,4.03
1379,4.49,4.03
1380,4.49,4.03
1381,4.49,4.03
1382,4.49,4.03
1383,4.49,4.03
1384,4.49,4.03
1385,4.49,4.04
1387,4.49,4.04
1388,4.49,4.04
1389,4.49,4.04
1390,4.49,4.04
1391,4.49,4.05
1392,4.49,4.05
1393,4.49,4.05
1394,4.49,4.05
1396,4.49,4.06
1397,4.49,4.06
1398,4.49,4.06
1399,4.49,4.06
1400,4.49,4.06
1401,4.49,4.07
1402,4.49,4.07
1403,4.49,4.07
1405,4.49,4.07
1406,4.49,4.07
1408,4.49,4.07
1409,4.49,4.08
1410,4.49,4.08
1411,4.49,4.08
1412,4.49,4.08
1413,4.49,4.09
1415,4.49,4.09
1416,4.49,4.09
1417,4.49,4.09
1418,4.49,4.09
1419,4.49,4.10
1420,4.49,4.10
1421,4.49,4.10
1422,4.49,4.10
1424,4.49,4.11
1425,4.49,4.11
1426,4.49,4.11
1427,4.49,4.11
1428,4.49,4.12
1429,4.49,4.12
1430,4.49,4.12
1431,4.49,4.13
1433,4.49,4.13
1434,4.49,4.13
1435,4.49,4.13
1436,4.49,4.13
1437,4.49,4.14
1438,4.49,4.14
1439,4.49,4.14
1441,4.49,4.14
1442,4.49,4.15
1443,4.49,4.15
1444,4.49,4.15
1445,4.49,4.15
1446,4.49,4.16
1447,4.49,4.16
1448,4.49,4.16
1451,4.49,4.16
1452,4.49,4.16
1453,4.49,4.17
1454,4.49,4.17
1455,4.49,4.17
1456,4.49,4.17
1457,4.49,4.17
1458,4.49,4.17
1460,4.49,4.17
1461,4.49,4.17
1462,4.49,4.17
1463,4.49,4.17
1464,4.49,4.17
1465,4.49,4.17
1466,4.49,4.17
1467,4.49,4.17
1469,4.49,4.17
1470,4.49,4.17
1471,4.49,4.17
1472,4.49,4.16
1473,4.49,4.16
1474,4.49,4.16
1475,4.48,4.16
1476,4.49,4.16
1478,4.49,4.16
1479,4.49,4.15
1480,4.49,4.15
1481,4.49,4.15
1482,4.49,4.15
1483,4.49,4.15
1484,4.49,4.15
1485,4.49,4.14
1487,4.49,4.14
1488,4.49,4.14
1489,4.49,4.14
1490,4.49,4.14
1491,4.49,4.13
1492,4.49,4.13
1494,4.49,4.13
1495,4.49,4.13
1497,4.49,4.13
1498,4.49,4.13
1499,4.49,4.13
1500,4.49,4.12
1501,4.49,4.12
1502,4.49,4.12
1503,4.49,4.11
1504,4.49,4.11
1506,4.49,4.11
1507,4.49,4.11
1508,4.49,4.10
1509,4.49,4.10
1510,4.49,4.10
1511,4.49,4.09
1512,4.49,4.09
1513,4.49,4.09
1515,4.49,4.09
1516,4.49,4.09
1517,4.49,4.08
1518,4.49,4.08
1519,4.49,4.08
1520,4.49,4.07
1521,4.49,4.07
1522,4.49,4.07
1524,4.49,4.07
1525,4.49,4.07
1526,4.49,4.06
1527,4.49,4.06
1528,4.49,4.06
1529,4.49,4.06
1530,4.49,4.06
1531,4.49,4.06
1533,4.49,4.05
1534,4.49,4.05
1536,4.49,4.05
1537,4.49,4.05
1538,4.49,4.05
1539,4.49,4.05
1540,4.49,4.05
1541,4.49,4.04
1543,4.49,4.04
1544,4.49,4.04
1545,4.49,4.04
1546,4.49,4.04
1547,4.49,4.04
1548,4.49,4.04
1549,4.49,4.04
1550,4.49,4.04
1552,4.49,4.04
1553,4.49,4.04
1554,4.49,4.04
1555,4.49,4.04
1556,4.49,4.04
1557,4.49,4.03
1558,4.49,4.03
1559,4.49,4.04
1561,4.49,4.03
1562,4.49,4.03
1563,4.49,4.03
1564,4.49,4.03
1565,4.49,4.03
1566,4.49,4.03
1567,4.49,4.03
1568,4.49,4.03
1570,4.49,4.03
1571,4.49,4.03
1572,4.49,4.04
1573,4.49,4.04
1574,4.49,4.04
1575,4.49,4.04
1576,4.49,4.04
1577,4.49,4.04
1580,4.49,4.04
1581,4.49,4.04
1582,4.49,4.04
1583,4.49,4.04
1584,4.50,4.04
1585,4.50,4.04
1586,4.50,4.04
1587,4.50,4.04
1589,4.50,4.04
1590,4.50,4.04
1591,4.50,4.04
1592,4.50,4.04
1593,4.50,4.04
1594,4.50,4.04
1595,4.50,4.04
1596,4.50,4.04
1598,4.50,4.05
1599,4.50,4.05
1600,4.50,4.05
1601,4.50,4.05
1602,4.50,4.05
1603,4.49,4.05
1604,4.49,4.05
1605,4.49,4.05
1607,4.49,4.05
1608,4.49,4.05
1609,4.49,4.05
1610,4.49,4.05
1611,4.49,4.05
1612,4.49,4.05
1613,4.50,4.05
1614,4.50,4.05
1615,4.50,4.05
1617,4.50,4.05
1618,4.50,4.05
1619,4.49,4.05
1620,4.49,4.05
1622,4.50,4.05
1623,4.50,4.06
1624,4.50,4.06
1625,4.50,4.06
1627,4.49,4.06
1628,4.49,4.06
1629,4.49,4.06
1630,4.50,4.06
1631,4.49,4.06
1632,4.49,4.06
1633,4.50,4.06
1634,4.49,4.06
1636,4.50,4.06
1637,4.50,4.06
1638,4.50,4.06
1639,4.50,4.06
1640,4.50,4.06
1641,4.50,4.06
1642,4.50,4.06
1643,4.50,4.07
1644,4.50,4.07
1646,4.50,4.07
1647,4.50,4.07
1648,4.50,4.07
1649,4.50,4.07
1650,4.50,4.07
1651,4.50,4.07
1652,4.50,4.07
1653,4.50,4.07
1655,4.50,4.07
1656,4.50,4.07
1657,4.50,4.07
1658,4.50,4.07
1659,4.50,4.07
1660,4.50,4.07
1661,4.50,4.07
1662,4.50,4.08
1664,4.50,4.08
1666,4.50,4.08
1667,4.50,4.08
1668,4.50,4.08
1669,4.50,4.08
1670,4.50,4.08
1671,4.50,4.08
1672,4.50,4.08
1673,4.50,4.08
1675,4.50,4.08
1676,4.50,4.08
1677,4.50,4.08
1678,4.50,4.08
1679,4.50,4.08
1680,4.50,4.08
1681,4.50,4.09
1682,4.50,4.09
1684,4.50,4.09
1685,4.50,4.09
1686,4.50,4.09
1687,4.50,4.09
1688,4.50,4.09
1689,4.50,4.09
1690,4.50,4.09
1691,4.50,4.09
1693,4.50,4.09
1694,4.50,4.09
1695,4.50,4.09
1696,4.50,4.09
1697,4.50,4.09
1698,4.50,4.09
1699,4.50,4.09
1700,4.50,4.09
1701,4.50,4.09
1703,4.50,4.10
1704,4.50,4.10
1705,4.50,4.10
1707,4.50,4.10
1708,4.50,4.10
1709,4.50,4.10
1710,4.50,4.10
1711,4.50,4.10
1713,4.50,4.10
1714,4.50,4.10
1715,4.50,4.10
1716,4.50,4.10
1717,4.50,4.10
1718,4.50,4.10
1719,4.50,4.10
1720,4.50,4.10
1721,4.50,4.10
1723,4.50,4.10
1724,4.50,4.10
1725,4.50,4.10
1726,4.50,4.10
1727,4.50,4.11
1728,4.50,4.11
1729,4.50,4.11
1730,4.50,4.11
1732,4.50,4.11
1733,4.50,4.11
1734,4.50,4.11
1735,4.50,4.11
1736,4.50,4.11
1737,4.50,4.11
1738,4.50,4.11
1739,4.50,4.11
1741,4.50,4.11
1742,4.50,4.11
1743,4.50,4.11
1744,4.50,4.11
1745,4.50,4.11
1746,4.50,4.11
1747,4.50,4.11
1750,4.50,4.11
1751,4.50,4.11
1752,4.50,4.11
1753,4.50,4.12
1754,4.50,4.12
1755,4.50,4.12
1756,4.50,4.12
1757,4.50,4.12
1759,4.50,4.12
1760,4.50,4.12
1761,4.50,4.12
1762,4.50,4.12
1763,4.50,4.12
1764,4.50,4.12
1765,4.50,4.12
1766,4.50,4.12
1768,4.50,4.12
1769,4.50,4.12
1770,4.50,4.12
1771,4.50,4.12
1772,4.50,4.12
1773,4.50,4.12
1774,4.50,4.12
1775,4.50,4.12
1777,4.50,4.13
1778,4.50,4.12
1779,4.50,4.12
1780,4.50,4.13
1781,4.50,4.13
1782,4.50,4.13
1783,4.50,4.13
1784,4.50,4.13
1786,4.50,4.13
1787,4.50,4.13
1788,4.50,4.13
1789,4.50,4.13
1790,4.50,4.13
1792,4.50,4.13
1793,4.50,4.13
1795,4.50,4.13
1796,4.50,4.13
1797,4.50,4.13
1798,4.50,4.13
1799,4.50,4.13
1800,4.50,4.13
1801,4.50,4.13
1802,4.50,4.13
1804,4.50,4.13
1805,4.50,4.13
1806,4.50,4.13
1807,4.50,4.13
1808,4.50,4.13
1809,4.50,4.13
1810,4.50,4.13
1811,4.50,4.13
1813,4.50,4.13
1814,4.50,4.13
1815,4.50,4.13
1816,4.50,4.13
1817,4.50,4.13
1818,4.50,4.14
1819,4.50,4.14
1820,4.50,4.14
1822,4.50,4.14
1823,4.50,4.14
1824,4.50,4.14
1825,4.50,4.14
1826,4.50,4.14
1827,4.50,4.14
1828,4.49,4.13
1829,4.47,4.11
1831,4.43,4.08
1832,4.40,4.07
1833,4.38,4.06
1835,4.37,4.05
1836,4.36,4.05
1837,4.35,4.05
1838,4.35,4.05
1839,4.36,4.06
1841,4.35,4.04
1842,4.33,4.02
1843,4.29,3.99
1844,4.24,3.96
1845,4.19,3.92
1846,4.14,3.89
1847,4.09,3.86
1848,4.04,3.83
1850,4.01,3.82
1851,4.00,3.83
1852,4.00,3.83
1853,4.00,3.84
1854,4.01,3.85
1855,4.02,3.86
1856,4.03,3.86
1857,4.02,3.85
1859,4.00,3.83
1860,3.97,3.80
1861,3.93,3.77
1862,3.90,3.74
1863,3.86,3.72
1864,3.83,3.70
1865,3.80,3.69
1866,3.79,3.70
1868,3.80,3.70
1869,3.82,3.71
1870,3.83,3.73
1871,3.86,3.75
1872,3.88,3.76
1873,3.89,3.76
1874,3.89,3.74
1875,3.87,3.72
1878,3.85,3.70
1879,3.82,3.68
1880,3.80,3.66
1881,3.76,3.64
1882,3.74,3.63
1883,3.73,3.63
1884,3.74,3.64
1885,3.76,3.66
1887,3.78,3.68
1888,3.81,3.70
1889,3.84,3.71
1890,3.86,3.71
1891,3.86,3.70
1892,3.85,3.69
1893,3.83,3.67
1894,3.81,3.65
1896,3.78,3.63
1897,3.76,3.61
1898,3.73,3.59
1899,3.72,3.59
1900,3.72,3.60
1901,3.74,3.62
1902,3.76,3.64
1904,3.79,3.66
1905,3.83,3.69
1906,3.85,3.69
1907,3.85,3.68
1908,3.85,3.67
1909,3.84,3.66
1910,3.82,3.64
1911,3.79,3.62
1913,3.77,3.60
1914,3.74,3.58
1915,3.72,3.58
1916,3.72,3.59
1917,3.74,3.60
1918,3.76,3.62
1920,3.79,3.64
1921,3.82,3.67
1923,3.85,3.68
1924,3.86,3.68
1925,3.86,3.67
1926,3.85,3.66
1927,3.83,3.64
1928,3.81,3.63
1929,3.79,3.61
1930,3.76,3.59
1932,3.74,3.58
1933,3.73,3.58
1934,3.73,3.59
1935,3.75,3.61
1936,3.78,3.63
1937,3.81,3.66
1938,3.84,3.68
1939,3.86,3.69
1941,3.86,3.68
1942,3.85,3.67
1943,3.84,3.66
1944,3.82,3.64
1945,3.80,3.63
1946,3.78,3.61
1947,3.75,3.59
1949,3.73,3.59
1950,3.73,3.60
1951,3.75,3.61
1952,3.77,3.63
1953,3.80,3.65
1954,3.83,3.68
1955,3.86,3.69
1956,3.87,3.68
1958,3.86,3.68
1959,3.85,3.66
1960,3.83,3.65
1961,3.81,3.63
1963,3.79,3.62
1964,3.76,3.60
1965,3.74,3.59
1966,3.73,3.59
1968,3.74,3.61
1969,3.76,3.62
1970,3.79,3.64
1971,3.82,3.67
1972,3.85,3.69
1973,3.86,3.68
1974,3.86,3.68
1976,3.86,3.67
1977,3.84,3.65
1978,3.82,3.64
1979,3.80,3.62
1980,3.77,3.61
1981,3.75,3.59
1982,3.73,3.59
1983,3.74,3.60
1985,3.75,3.61
1986,3.77,3.63
1987,3.80,3.66
1988,3.83,3.68
1989,3.86,3.69
1990,3.87,3.68
1991,3.86,3.68
1992,3.85,3.66
1994,3.83,3.65
1995,3.81,3.63
1996,3.78,3.62
1997,3.76,3.60
1998,3.74,3.59
1999,3.73,3.60
2000,3.74,3.61
2001,3.76,3.63
2003,3.79,3.65
2004,3.82,3.67
2006,3.85,3.69
2007,3.87,3.69
2008,3.87,3.68
2009,3.86,3.67
2010,3.84,3.66
2012,3.82,3.64
2013,3.80,3.63
2014,3.77,3.61
2015,3.75,3.60
2016,3.73,3.60
2017,3.74,3.60
2018,3.76,3.62
2019,3.78,3.64
2021,3.81,3.66
2022,3.84,3.69
2023,3.86,3.69
2024,3.87,3.68
2025,3.86,3.67
2026,3.85,3.66
2027,3.83,3.65
2028,3.80,3.63
2030,3.78,3.61
2031,3.75,3.60
2032,3.74,3.59
2033,3.73,3.60
2034,3.74,3.61
2035,3.77,3.63
2036,3.79,3.65
2037,3.83,3.68
2039,3.85,3.69
2040,3.86,3.69
2041,3.86,3.68
2042,3.85,3.67
2043,3.83,3.65
2044,3.81,3.64
2045,3.79,3.62
2046,3.76,3.60
2049,3.74,3.60
2050,3.73,3.60
2051,3.74,3.61
2052,3.76,3.62
2053,3.78,3.64
2054,3.81,3.66
2055,3.84,3.68
2056,3.86,3.69
2058,3.86,3.68
2059,3.85,3.67
2060,3.83,3.65
2061,3.81,3.64
2062,3.79,3.62
2063,3.77,3.60
2064,3.74,3.59
2066,3.72,3.59
2067,3.72,3.59
2068,3.74,3.60
2069,3.76,3.63
2070,3.79,3.65
2071,3.82,3.68
2072,3.85,3.68
2073,3.86,3.68
2075,3.85,3.67
2076,3.84,3.66
2077,3.82,3.64
2078,3.80,3.63
2079,3.78,3.61
2080,3.75,3.60
2081,3.73,3.59
2082,3.73,3.59
2084,3.73,3.61
2085,3.75,3.62
2086,3.78,3.64
2087,3.81,3.67
2088,3.85,3.69
2089,3.86,3.69
2091,3.86,3.68
2092,3.85,3.67
2094,3.84,3.66
2095,3.82,3.64
2096,3.79,3.63
2097,3.77,3.61
2098,3.74,3.60
2099,3.73,3.60
2100,3.74,3.60
2102,3.75,3.62
2103,3.78,3.64
2104,3.81,3.66
2105,3.84,3.69
2106,3.86,3.69
2107,3.87,3.69
2108,3.86,3.68
2109,3.85,3.67
2111,3.83,3.65
2112,3.81,3.64
2113,3.78,3.62
2114,3.76,3.60
2115,3.74,3.60
2116,3.74,3.60
2117,3.75,3.61
2118,3.77,3.63
2120,3.80,3.65
2121,3.83,3.68
2122,3.86,3.69
2123,3.87,3.69
2124,3.86,3.68
2125,3.85,3.67
2126,3.83,3.65
2128,3.81,3.64
2129,3.79,3.62
2130,3.76,3.61
2131,3.74,3.60
2132,3.73,3.60
2134,3.74,3.61
2135,3.75,3.62
2136,3.78,3.64
2138,3.81,3.67
2139,3.84,3.69
2140,3.86,3.70
2141,3.87,3.69
2142,3.86,3.68
2143,3.85,3.67
2144,3.83,3.65
2145,3.81,3.64
2147,3.78,3.62
2148,3.76,3.60
2149,3.74,3.60
2150,3.74,3.61
2151,3.76,3.62
2152,3.78,3.64
2153,3.81,3.66
2154,3.84,3.69
2156,3.87,3.70
2157,3.87,3.69
2158,3.87,3.69
2159,3.86,3.67
2160,3.84,3.66
2161,3.82,3.64
2162,3.79,3.63
2164,3.77,3.61
2165,3.74,3.60
2166,3.74,3.60
2167,3.75,3.61
2168,3.76,3.63
2169,3.79,3.65
2170,3.82,3.68
2171,3.85,3.69
2173,3.87,3.69
2174,3.87,3.69
2176,3.86,3.67
2177,3.84,3.66
2178,3.82,3.64
2179,3.80,3.62
2180,3.77,3.61
2181,3.74,3.60
2183,3.73,3.60
2184,3.73,3.60
2185,3.75,3.62
2186,3.77,3.64
2187,3.80,3.67
2188,3.83,3.69
2189,3.86,3.70
2190,3.87,3.69
2192,3.87,3.68
2193,3.85,3.67
2194,3.84,3.66
2195,3.81,3.64
2196,3.79,3.63
2197,3.76,3.61
2198,3.74,3.60
2199,3.74,3.61
2201,3.75,3.62
2202,3.77,3.64
2203,3.80,3.66
2204,3.83,3.68
2205,3.86,3.70
2206,3.87,3.70
2207,3.87,3.69
2209,3.86,3.68
2210,3.85,3.67
2211,3.82,3.65
2212,3.80,3.63
2213,3.77,3.62
2214,3.75,3.60
2215,3.74,3.60
2216,3.74,3.61
2219,3.76,3.63
2220,3.79,3.64
2221,3.82,3.67
2222,3.85,3.69
2223,3.87,3.70
2224,3.87,3.69
2225,3.86,3.68
2226,3.84,3.67
2228,3.83,3.65
2229,3.80,3.63
2230,3.78,3.62
2231,3.75,3.60
2232,3.73,3.59
2233,3.73,3.60
2234,3.75,3.61
2235,3.77,3.63
2237,3.80,3.66
2238,3.83,3.68
2239,3.86,3.70
2240,3.87,3.69
2241,3.86,3.68
2242,3.85,3.67
2243,3.84,3.66
2244,3.81,3.64
2246,3.79,3.62
2247,3.77,3.61
2248,3.74,3.60
2249,3.73,3.60
2250,3.74,3.61
2251,3.76,3.63
2252,3.79,3.65
2253,3.81,3.67
2255,3.85,3.70
2256,3.87,3.70
2257,3.87,3.69
2258,3.86,3.68
2259,3.85,3.67
2260,3.83,3.65
2262,3.80,3.64
2264,3.78,3.62
2265,3.75,3.60
2266,3.74,3.60
2267,3.74,3.61
2268,3.75,3.62
2269,3.78,3.64
2270,3.80,3.66
2271,3.84,3.69
2273,3.86,3.70
2274,3.87,3.69
2275,3.86,3.68
2276,3.85,3.67
2277,3.83,3.66
2278,3.81,3.64
2279,3.79,3.62
2280,3.76,3.61
2282,3.74,3.60
2283,3.73,3.60
2284,3.74,3.61
2285,3.76,3.63
2286,3.79,3.65
2287,3.82,3.68
2288,3.85,3.69
2289,3.87,3.70
2291,3.87,3.69
2292,3.86,3.68
2293,3.84,3.66
2294,3.82,3.65
2295,3.80,3.63
2296,3.77,3.61
2297,3.75,3.60
2298,3.73,3.60
2300,3.74,3.61
2301,3.75,3.62
2302,3.78,3.64
2304,3.81,3.67
2305,3.84,3.69
2306,3.87,3.70
2307,3.87,3.69
2308,3.87,3.69
2310,3.85,3.67
2311,3.83,3.66
2312,3.81,3.64
2313,3.79,3.63
2314,3.76,3.61
2315,3.74,3.60
2316,3.74,3.61
2318,3.75,3.62
2319,3.77,3.64
2320,3.80,3.66
2321,3.83,3.69
2322,3.86,3.70
2323,3.87,3.70
2324,3.87,3.69
2325,3.86,3.68
2327,3.84,3.66
2328,3.82,3.65
2329,3.79,3.63
2330,3.77,3.61
2331,3.74,3.60
2332,3.73,3.60
2333,3.74,3.61
2334,3.76,3.63
2336,3.78,3.65
2337,3.81,3.67
2338,3.84,3.69
2339,3.87,3.70
2340,3.87,3.69
2341,3.86,3.68
2342,3.85,3.67
2344,3.83,3.65
2345,3.81,3.64
2347,3.78,3.62
2348,3.76,3.60
2349,3.74,3.60
2350,3.74,3.61
2351,3.75,3.62
2352,3.77,3.64
2354,3.80,3.66
2355,3.84,3.69
2356,3.86,3.70
2357,3.87,3.70
2358,3.87,3.69
2359,3.86,3.68
2360,3.84,3.66
2361,3.82,3.65
2363,3.79,3.63
2364,3.77,3.61
2365,3.74,3.60
2366,3.74,3.61
2367,3.75,3.62
2368,3.77,3.63
2369,3.79,3.66
2371,3.82,3.68
2372,3.85,3.70
2373,3.87,3.70
2374,3.87,3.69
2375,3.86,3.68
2376,3.84,3.67
2377,3.82,3.65
2378,3.80,3.63
2380,3.77,3.62
2381,3.75,3.60
2382,3.73,3.60
2383,3.74,3.61
2384,3.75,3.62
2385,3.78,3.64
2386,3.81,3.67
2387,3.84,3.69
2390,3.86,3.70
2391,3.87,3.70
2392,3.86,3.68
2393,3.85,3.67
2394,3.83,3.66
2395,3.81,3.64
2396,3.79,3.63
2397,3.76,3.61
2399,3.74,3.60
2400,3.74,3.61
2401,3.75,3.61
2402,3.77,3.64
2403,3.80,3.66
2404,3.83,3.69
2405,3.86,3.70
2407,3.87,3.70
2408,3.87,3.69
2409,3.86,3.68
2410,3.84,3.67
2411,3.82,3.65
2412,3.80,3.64
2413,3.77,3.62
2414,3.75,3.60
2416,3.74,3.61
2417,3.74,3.61
2418,3.76,3.63
2419,3.79,3.65
2420,3.82,3.68
2421,3.85,3.70
2422,3.87,3.70
2423,3.87,3.69
2425,3.86,3.68
2426,3.85,3.67
2427,3.83,3.66
2428,3.80,3.64
2429,3.78,3.62
2430,3.75,3.60
2432,3.74,3.60
2434,3.74,3.61
2435,3.75,3.62
2436,3.77,3.64
2437,3.80,3.66
2438,3.83,3.69
2439,3.86,3.70
2440,3.87,3.70
2441,3.87,3.69
2443,3.86,3.68
2444,3.84,3.66
2445,3.82,3.65
2446,3.79,3.63
2447,3.77,3.61
2448,3.75,3.60
2449,3.74,3.61
2450,3.75,3.62
2452,3.77,3.63
2453,3.79,3.66
2454,3.82,3.68
2455,3.86,3.70
2456,3.87,3.70
2457,3.88,3.70
2458,3.87,3.69
2459,3.85,3.67
2461,3.83,3.66
2462,3.81,3.64
2463,3.78,3.62
2464,3.76,3.61
2465,3.74,3.61
2466,3.75,3.62
2467,3.76,3.63
2468,3.78,3.65
2470,3.81,3.67
2471,3.84,3.70
2472,3.87,3.70
2473,3.87,3.70
2475,3.87,3.68
2476,3.85,3.67
2477,3.83,3.66
2478,3.81,3.64
2480,3.79,3.63
2481,3.76,3.61
2482,3.74,3.60
2483,3.74,3.61
2484,3.75,3.62
2485,3.77,3.63
2486,3.79,3.66
2488,3.82,3.68
2489,3.85,3.70
2490,3.87,3.70
2491,3.87,3.69
2492,3.86,3.68
2493,3.85,3.67
2494,3.82,3.65
2495,3.80,3.64
2497,3.78,3.62
2498,3.75,3.61
2499,3.74,3.61
2500,3.74,3.62
2501,3.76,3.63
2502,3.79,3.65
2503,3.81,3.68
2504,3.85,3.70
2506,3.87,3.70
2507,3.88,3.70
2508,3.87,3.70
2509,3.86,3.68
2510,3.84,3.67
2511,3.82,3.65
2512,3.80,3.64
2513,3.77,3.62
2515,3.75,3.61
2516,3.75,3.62
2518,3.76,3.63
2519,3.78,3.65
2520,3.81,3.67
2521,3.84,3.70
2522,3.87,3.71
2524,3.88,3.70
2525,3.88,3.70
2526,3.87,3.69
2527,3.85,3.67
2528,3.83,3.66
2529,3.81,3.64
2530,3.78,3.63
2531,3.75,3.61
2533,3.75,3.61
2534,3.75,3.63
2535,3.77,3.64
2536,3.80,3.66
2537,3.83,3.69
2538,3.86,3.70
2539,3.88,3.71
2540,3.88,3.70
2542,3.87,3.70
2543,3.86,3.68
2544,3.84,3.67
2545,3.81,3.65
2546,3.79,3.63
2547,3.76,3.62
2548,3.75,3.61
2549,3.75,3.62
2551,3.76,3.63
2552,3.78,3.65
2553,3.81,3.67
2554,3.84,3.70
2555,3.87,3.71
2556,3.88,3.70
2557,3.88,3.70
2558,3.87,3.69
2561,3.85,3.68
2562,3.82,3.66
2563,3.80,3.64
2564,3.77,3.62
2565,3.75,3.62
2566,3.75,3.62
2567,3.75,3.63
2568,3.77,3.64
2570,3.80,3.66
2571,3.83,3.69
2572,3.86,3.70
2573,3.88,3.71
2574,3.88,3.70
2575,3.87,3.69
2576,3.86,3.68
2578,3.84,3.66
2579,3.81,3.65
2580,3.79,3.63
2581,3.76,3.61
2582,3.75,3.61
2583,3.75,3.62
2584,3.76,3.63
2585,3.79,3.65
2587,3.81,3.68
2588,3.84,3.70
2589,3.87,3.70
2590,3.88,3.70
2591,3.87,3.70
2592,3.86,3.69
2593,3.84,3.67
2594,3.82,3.65
2596,3.79,3.64
2597,3.77,3.62
2598,3.74,3.61
2599,3.74,3.61
2600,3.75,3.62
2601,3.77,3.64
2603,3.80,3.67
2604,3.83,3.69
2606,3.86,3.70
2607,3.88,3.70
2608,3.88,3.70
2609,3.86,3.68
2610,3.85,3.67
2611,3.83,3.65
2612,3.80,3.64
2613,3.78,3.62
2615,3.75,3.61
2616,3.74,3.61
2617,3.74,3.62
2618,3.76,3.63
2619,3.78,3.65
2620,3.81,3.68
2621,3.84,3.70
2622,3.86,3.70
2624,3.87,3.70
2625,3.86,3.68
2626,3.84,3.67
2627,3.82,3.65
2628,3.80,3.64
2629,3.78,3.62
2630,3.75,3.60
2631,3.73,3.59
2633,3.73,3.60
2634,3.74,3.62
2635,3.76,3.63
2636,3.79,3.66
2637,3.82,3.68
2638,3.85,3.70
2639,3.86,3.69
2640,3.85,3.68
2642,3.84,3.67
2643,3.83,3.66
2644,3.81,3.64
2646,3.78,3.62
2647,3.76,3.60
2648,3.73,3.59
2649,3.72,3.60
2650,3.73,3.61
2652,3.74,3.62
2653,3.77,3.64
2654,3.80,3.67
2655,3.83,3.69
2656,3.85,3.69
2657,3.85,3.69
2658,3.84,3.67
2660,3.83,3.66
2661,3.81,3.65
2662,3.79,3.63
2663,3.76,3.61
2664,3.74,3.60
2665,3.72,3.59
2666,3.72,3.60
2667,3.73,3.61
2669,3.75,3.63
2670,3.78,3.66
2671,3.82,3.68
2672,3.84,3.69
2673,3.85,3.68
2674,3.85,3.68
2675,3.83,3.66
2676,3.81,3.65
2678,3.79,3.63
2679,3.77,3.62
2680,3.74,3.60
2681,3.72,3.59
2682,3.71,3.59
2683,3.72,3.61
2684,3.74,3.62
2685,3.77,3.64
2688,3.80,3.67
2689,3.83,3.68
2690,3.84,3.69
2691,3.84,3.68
2692,3.83,3.67
2693,3.82,3.65
2694,3.80,3.64
2695,3.78,3.62
2697,3.75,3.60
2698,3.73,3.59
2699,3.72,3.59
2700,3.72,3.61
2701,3.74,3.62
2702,3.77,3.64
2703,3.80,3.67
2705,3.83,3.70
2706,3.87,3.71
2707,3.88,3.71
2708,3.88,3.71
2709,3.88,3.70
2710,3.86,3.69
2711,3.84,3.67
2712,3.82,3.66
2714,3.79,3.64
2715,3.78,3.64
2716,3.78,3.64
2717,3.79,3.66
2718,3.81,3.67
2719,3.84,3.69
2720,3.87,3.71
2721,3.91,3.73
2723,3.94,3.76
2724,3.97,3.78
2725,4.00,3.80
2726,4.04,3.82
2727,4.07,3.84
2728,4.11,3.86
2729,4.14,3.88
2731,4.17,3.90
2733,4.20,3.92
2734,4.24,3.94
2735,4.27,3.96
2736,4.30,3.98
2737,4.32,4.00
2738,4.35,4.02
2739,4.37,4.04
2740,4.40,4.05
2742,4.42,4.07
2743,4.44,4.08
2744,4.46,4.10
2745,4.48,4.11
2746,4.50,4.13
2747,4.52,4.13
2748,4.53,4.14
2749,4.54,4.15
2751,4.55,4.16
2752,4.56,4.17
2753,4.57,4.18
2754,4.57,4.19
2755,4.58,4.19
2756,4.59,4.19
2757,4.59,4.20
2758,4.59,4.20
2760,4.60,4.20
2761,4.60,4.21
2762,4.60,4.21
2763,4.60,4.21
2764,4.60,4.21
2765,4.60,4.21
2766,4.60,4.22
2767,4.59,4.22
2769,4.59,4.22
2770,4.59,4.22
2771,4.59,4.22
2772,4.58,4.22
2774,4.58,4.22
2775,4.58,4.22
2776,4.57,4.22
2777,4.57,4.22
2779,4.57,4.22
2780,4.57,4.21
2781,4.56,4.21
2782,4.56,4.21
2783,4.56,4.21
2784,4.55,4.21
2785,4.55,4.21
2786,4.54,4.21
2788,4.54,4.21
2789,4.54,4.21
2790,4.53,4.21
2791,4.53,4.21
2792,4.53,4.20
2793,4.52,4.20
2794,4.52,4.20
2795,4.52,4.20
2797,4.52,4.20
2798,4.52,4.20
2799,4.51,4.20
2800,4.51,4.20
2801,4.51,4.20
2802,4.51,4.20
2803,4.51,4.20
2804,4.51,4.20
2806,4.51,4.20
2807,4.50,4.20
2808,4.50,4.20
2809,4.50,4.20
2810,4.50,4.20
2811,4.50,4.20
2812,4.50,4.20
2813,4.50,4.20
2816,4.50,4.20
2817,4.50,4.20
2818,4.50,4.20
2819,4.50,4.20
2820,4.50,4.20
2821,4.50,4.21
2822,4.50,4.21
2823,4.50,4.21
2824,4.50,4.21
2826,4.50,4.21
2827,4.50,4.21
2828,4.50,4.21
2829,4.50,4.21
2830,4.50,4.21
2831,4.50,4.21
2832,4.50,4.21
2833,4.50,4.21
2835,4.50,4.21
2836,4.50,4.21
2837,4.50,4.21
2838,4.50,4.21
2839,4.50,4.21
2840,4.50,4.21
2841,4.50,4.21
2842,4.51,4.21
2844,4.51,4.21
2845,4.51,4.21
2846,4.51,4.21
2847,4.50,4.21
2848,4.51,4.21
2849,4.50,4.21
2850,4.51,4.21
2852,4.51,4.22
2853,4.51,4.22
2854,4.51,4.22
2855,4.50,4.22
2856,4.50,4.21
2857,4.50,4.22
2859,4.50,4.22
2860,4.51,4.22
2862,4.51,4.22
2863,4.50,4.22
2864,4.50,4.22
2865,4.50,4.22
2866,4.50,4.22
2867,4.50,4.22
2868,4.50,4.22
2869,4.50,4.22
2871,4.50,4.22
2872,4.50,4.22
2873,4.50,4.22
2874,4.50,4.22
2875,4.50,4.22
2876,4.50,4.22
2877,4.50,4.22
2878,4.50,4.22
2880,4.50,4.22
2881,4.50,4.22
2882,4.50,4.22
2883,4.50,4.22
2884,4.50,4.22
2885,4.50,4.22
2886,4.50,4.23
2887,4.50,4.22
2889,4.50,4.22
2890,4.50,4.23
2891,4.50,4.23
2892,4.50,4.23
2893,4.50,4.23
2894,4.50,4.23
2895,4.50,4.23
2896,4.50,4.23
2898,4.50,4.23
2899,4.50,4.23
2900,4.50,4.23
2902,4.50,4.23
2903,4.50,4.23
2904,4.50,4.23
2905,4.50,4.23
2906,4.50,4.23
2908,4.50,4.23
2909,4.50,4.23
2910,4.50,4.23
2911,4.50,4.23
2912,4.50,4.23
2913,4.50,4.23
2914,4.50,4.23
2915,4.50,4.23
2917,4.50,4.23
2918,4.50,4.23
2919,4.50,4.23
2920,4.50,4.23
2921,4.50,4.23
2922,4.50,4.24
2923,4.50,4.24
2924,4.50,4.24
2926,4.50,4.24
2927,4.50,4.24
2928,4.50,4.24
2929,4.50,4.24
2930,4.50,4.24
2931,4.50,4.24
2932,4.50,4.24
2933,4.50,4.24
2935,4.50,4.24
2936,4.50,4.24
2937,4.50,4.24
2938,4.50,4.24
2939,4.50,4.24
2940,4.50,4.24
2941,4.50,4.24
2942,4.50,4.25
2945,4.50,4.25
2946,4.50,4.25
2947,4.50,4.25
2948,4.50,4.25
2949,4.50,4.25
2950,4.50,4.25
2951,4.50,4.25
2952,4.51,4.26
2954,4.50,4.26
2955,4.50,4.26
2956,4.50,4.26
2957,4.50,4.26
2958,4.50,4.26
2959,4.50,4.26
2960,4.50,4.27
2961,4.50,4.27
2963,4.50,4.27
2964,4.50,4.27
2965,4.50,4.27
2966,4.50,4.27
2967,4.50,4.27
2968,4.50,4.27
2969,4.50,4.27
2970,4.50,4.28
2972,4.50,4.28
2973,4.50,4.28
2974,4.50,4.28
2975,4.50,4.28
2976,4.50,4.28
2977,4.50,4.28
2978,4.50,4.29
2979,4.50,4.29
2981,4.50,4.29
2982,4.50,4.29
2983,4.50,4.29
2984,4.50,4.29
2985,4.50,4.29
2987,4.50,4.29
2988,4.50,4.29
2990,4.50,4.29
2991,4.50,4.29
2992,4.50,4.29
2993,4.51,4.29
2994,4.51,4.29
2995,4.50,4.30
2996,4.51,4.30
2997,4.51,4.30
2999,4.50,4.30
3000,4.51,4.30
3001,4.50,4.30
3002,4.50,4.30
3003,4.50,4.30
3004,4.50,4.30
3005,4.50,4.31
3006,4.50,4.30
3007,4.50,4.31
3009,4.50,4.31
3010,4.50,4.31
3011,4.50,4.31
3012,4.50,4.31
3013,4.50,4.31
3014,4.50,4.31
3015,4.50,4.31
3016,4.50,4.32
3018,4.50,4.32
3019,4.50,4.32
3020,4.50,4.32
3021,4.51,4.32
3022,4.50,4.32
3023,4.51,4.32
3024,4.51,4.33
3026,4.50,4.33
3027,4.50,4.33
3028,4.51,4.33
3030,4.50,4.34
3031,4.50,4.34
3032,4.50,4.34
3033,4.50,4.34
3034,4.50,4.35
3036,4.50,4.35
3037,4.50,4.35
3038,4.50,4.35
3039,4.50,4.35
3040,4.50,4.35
3041,4.50,4.35
3042,4.50,4.36
3043,4.51,4.36
3045,4.50,4.36
3046,4.50,4.36
3047,4.50,4.36
3048,4.50,4.37
3049,4.50,4.37
3050,4.51,4.37
3051,4.50,4.38
3052,4.50,4.38
3054,4.50,4.38
3055,4.50,4.38
3056,4.50,4.38
3057,4.50,4.38
3058,4.50,4.39
3059,4.50,4.39
3060,4.50,4.39
3061,4.50,4.39
3063,4.50,4.39
3064,4.50,4.39
3065,4.50,4.40
3066,4.50,4.40
3067,4.50,4.40
3068,4.50,4.40
3069,4.50,4.40
3070,4.50,4.40
3073,4.50,4.41
3074,4.50,4.41
3075,4.50,4.41
3076,4.50,4.41
3077,4.50,4.41
3078,4.50,4.41
3079,4.50,4.41
3080,4.50,4.41
3082,4.50,4.41
3083,4.50,4.41
3084,4.50,4.41
3085,4.50,4.41
3086,4.50,4.41
3087,4.50,4.41
3088,4.50,4.42
3089,4.50,4.42
3091,4.50,4.42
3092,4.50,4.42
3093,4.50,4.42
3094,4.50,4.42
3095,4.50,4.42
3096,4.50,4.42
3097,4.50,4.42
3098,4.50,4.42
3100,4.50,4.42
3101,4.50,4.42
3102,4.50,4.42
3103,4.50,4.42
3104,4.50,4.42
3105,4.50,4.42
3106,4.50,4.42
3107,4.50,4.42
3109,4.50,4.41
3110,4.50,4.41
3111,4.50,4.41
3112,4.50,4.41
3113,4.50,4.41
3115,4.50,4.41
3116,4.50,4.41
3117,4.50,4.41
3119,4.50,4.40
3120,4.50,4.40
3121,4.50,4.40
3122,4.50,4.40
3123,4.50,4.40
3124,4.50,4.40
3125,4.50,4.40
3126,4.50,4.39
3127,4.50,4.39
3129,4.50,4.39
3130,4.50,4.39
3131,4.50,4.39
3132,4.50,4.39
3133,4.50,4.39
3134,4.50,4.38
3135,4.50,4.38
3136,4.50,4.38
3138,4.50,4.38
3139,4.50,4.37
3140,4.50,4.37
3141,4.50,4.37
3142,4.50,4.37
3143,4.50,4.36
3144,4.50,4.36
3145,4.50,4.36
3147,4.50,4.35
3148,4.50,4.35
3149,4.50,4.35
3150,4.50,4.35
3151,4.50,4.34
3152,4.50,4.34
3153,4.50,4.34
3155,4.50,4.33
3156,4.50,4.32
3158,4.50,4.32
3159,4.50,4.32
3160,4.50,4.31
3161,4.50,4.31
3162,4.50,4.30
3163,4.50,4.30
3165,4.50,4.30
3166,4.49,4.29
3167,4.50,4.29
3168,4.49,4.28
3169,4.50,4.28
3170,4.49,4.27
3171,4.50,4.27
3172,4.49,4.26
3174,4.49,4.26
3175,4.49,4.25
3176,4.49,4.25
3177,4.49,4.24
3178,4.49,4.24
3179,4.49,4.23
3180,4.49,4.22
3181,4.49,4.22
3183,4.49,4.21
3184,4.49,4.21
3185,4.49,4.20
3186,4.49,4.20
3187,4.49,4.19
3188,4.49,4.18
3189,4.49,4.18
3190,4.49,4.17
3192,4.49,4.17
3193,4.49,4.16
3194,4.49,4.16
3195,4.49,4.15
3196,4.49,4.15
3197,4.49,4.14
3198,4.49,4.13
3200,4.49,4.13
3202,4.49,4.13
3203,4.49,4.12
3204,4.49,4.12
3205,4.49,4.11
3206,4.49,4.11
3207,4.49,4.10
3208,4.49,4.09
3209,4.49,4.09
3211,4.49,4.08
3212,4.49,4.08
3213,4.49,4.07
3214,4.49,4.06
3215,4.49,4.06
3216,4.49,4.05
3217,4.49,4.05
3218,4.49,4.04
3220,4.49,4.04
3221,4.49,4.03
3222,4.49,4.03
3223,4.49,4.02
3224,4.49,4.02
3225,4.49,4.01
3226,4.49,4.01
3227,4.48,4.00
3229,4.49,4.00
3230,4.48,3.99
3231,4.48,3.99
3232,4.48,3.98
3233,4.48,3.98
3234,4.48,3.97
3235,4.49,3.97
3236,4.48,3.96
3238,4.49,3.96
3239,4.48,3.95
3240,4.48,3.95
3241,4.48,3.94
3243,4.49,3.94
3244,4.49,3.93
3245,4.48,3.93
3246,4.48,3.92
3248,4.48,3.92
3249,4.48,3.91
3250,4.48,3.91
3251,4.48,3.91
3252,4.48,3.91
3253,4.48,3.90
3254,4.48,3.90
3255,4.48,3.89
3257,4.48,3.89
3258,4.48,3.89
3259,4.48,3.88
3260,4.48,3.88
3261,4.48,3.88
3262,4.48,3.87
3263,4.48,3.87
3264,4.48,3.87
3266,4.48,3.86
3267,4.49,3.86
3268,4.48,3.86
3269,4.48,3.85
3270,4.48,3.85
3271,4.48,3.85
3272,4.48,3.85
3273,4.48,3.84
3275,4.48,3.84
3276,4.48,3.84
3277,4.48,3.83
3278,4.48,3.83
3279,4.48,3.83
3280,4.48,3.83
3281,4.48,3.83
3282,4.48,3.83
3284,4.48,3.82
3286,4.48,3.82
3287,4.48,3.82
3288,4.49,3.82
3289,4.48,3.82
3290,4.48,3.82
3291,4.48,3.82
3293,4.48,3.82
3294,4.48,3.81
3295,4.48,3.82
3296,4.48,3.81
3297,4.48,3.81
3298,4.48,3.81
3299,4.48,3.81
3300,4.48,3.81
3302,4.48,3.81
3303,4.48,3.81
3304,4.48,3.81
3305,4.48,3.81
3306,4.48,3.81
3307,4.49,3.81
3308,4.48,3.81
3309,4.48,3.81
3311,4.48,3.81
3312,4.49,3.81
3313,4.48,3.81
3314,4.48,3.81
3315,4.48,3.81
3316,4.49,3.81
3317,4.49,3.81
3318,4.49,3.81
3320,4.49,3.81
3321,4.48,3.81
3322,4.49,3.81
3323,4.49,3.82
3324,4.49,3.82
3325,4.49,3.82
3326,4.49,3.82
3328,4.49,3.82
3330,4.49,3.82
3331,4.49,3.82
3332,4.49,3.82
3333,4.49,3.82
3334,4.49,3.82
3335,4.49,3.82
3336,4.49,3.83
3337,4.49,3.83
3339,4.49,3.83
3340,4.49,3.83
3341,4.49,3.83
3342,4.49,3.83
3343,4.49,3.83
3344,4.49,3.83
3345,4.49,3.83
3346,4.49,3.83
3348,4.49,3.83
3349,4.49,3.83
3350,4.49,3.83
3351,4.49,3.83
3352,4.49,3.83
3353,4.49,3.83
3354,4.49,3.83
3355,4.49,3.83
3357,4.49,3.83
3358,4.49,3.84
3359,4.49,3.83
3360,4.49,3.84
3361,4.49,3.84
3362,4.49,3.84
3363,4.49,3.84
3364,4.49,3.84
3366,4.49,3.84
3367,4.49,3.84
3368,4.49,3.84
3369,4.49,3.84
3371,4.49,3.84
3372,4.49,3.84
3373,4.49,3.84
3375,4.49,3.84
3376,4.49,3.84
3377,4.49,3.84
3378,4.49,3.84
3379,4.49,3.84
3380,4.49,3.84
3381,4.49,3.84
3382,4.49,3.84
3384,4.49,3.84
3385,4.49,3.84
3386,4.49,3.85
3387,4.49,3.84
3388,4.49,3.85
3389,4.49,3.84
3390,4.49,3.85
3391,4.49,3.85
3393,4.49,3.84
3394,4.49,3.84
3395,4.49,3.84
3396,4.49,3.84
3397,4.48,3.84
3398,4.49,3.84
3399,4.49,3.84
3400,4.49,3.84
3402,4.49,3.84
3403,4.49,3.84
3404,4.49,3.84
3405,4.49,3.84
3406,4.49,3.84
3407,4.49,3.84
3408,4.49,3.84
3409,4.49,3.84
3411,4.49,3.84
3412,4.49,3.84
3414,4.49,3.84
3415,4.49,3.85
3416,4.49,3.85
3417,4.49,3.85
3418,4.49,3.85
3420,4.49,3.85
3421,4.49,3.86
3422,4.49,3.86
3423,4.49,3.86
3424,4.49,3.86
3425,4.49,3.87
3426,4.49,3.87
3427,4.49,3.87
3429,4.49,3.87
3430,4.49,3.88
3431,4.49,3.88
3432,4.49,3.88
3433,4.49,3.88
3434,4.49,3.89
3435,4.49,3.89
3436,4.49,3.89
3438,4.49,3.90
3439,4.49,3.90
3440,4.49,3.90
3441,4.49,3.91
3442,4.49,3.91
3443,4.49,3.91
3444,4.49,3.91
3445,4.49,3.91
3447,4.49,3.92
3448,4.49,3.92
3449,4.49,3.92
3450,4.49,3.92
3451,4.49,3.93
3452,4.49,3.93
3453,4.49,3.93
3454,4.49,3.93
3457,4.49,3.94
3458,4.49,3.94
3459,4.49,3.94
3460,4.49,3.94
3461,4.49,3.95
3462,4.49,3.95
3463,4.49,3.95
3464,4.49,3.96
3466,4.49,3.96
3467,4.49,3.96
3468,4.49,3.96
3469,4.49,3.97
3470,4.49,3.97
3471,4.49,3.97
3472,4.49,3.97
3473,4.49,3.98
3475,4.49,3.98
3476,4.49,3.98
3477,4.49,3.98
3478,4.49,3.98
3479,4.49,3.98
3480,4.49,3.99
3481,4.49,3.99
3482,4.49,3.99
3484,4.49,3.99
3485,4.49,4.00
3486,4.49,4.00
3487,4.49,4.00
3488,4.49,4.00
3489,4.49,4.00
3490,4.49,4.00
3491,4.49,4.01
3493,4.49,4.01
3494,4.49,4.01
3495,4.49,4.01
3496,4.49,4.01
3497,4.49,4.01
3499,4.49,4.02
3500,4.49,4.02
3501,4.49,4.02
3503,4.49,4.02
3504,4.49,4.02
3505,4.49,4.03
3506,4.49,4.03
3507,4.49,4.03
3508,4.49,4.03
3509,4.49,4.03
3510,4.49,4.03
3512,4.49,4.04
3513,4.49,4.04
3514,4.49,4.04
3515,4.49,4.04
3516,4.49,4.04
3517,4.49,4.04
3518,4.49,4.05
3519,4.49,4.05
3521,4.49,4.05
3522,4.49,4.05
3523,4.49,4.05
3524,4.49,4.05
3525,4.49,4.05
3526,4.49,4.06
3527,4.49,4.06
3528,4.49,4.06
3530,4.49,4.06
3531,4.49,4.06
3532,4.49,4.06
3533,4.49,4.07
3534,4.49,4.07
3535,4.49,4.07
3536,4.49,4.07
3537,4.49,4.07
3539,4.49,4.08
3540,4.49,4.08
3542,4.49,4.08
3543,4.49,4.08
3544,4.49,4.08
3545,4.49,4.08
3546,4.49,4.09
3547,4.49,4.09
3549,4.49,4.09
3550,4.49,4.09
3551,4.49,4.09
3552,4.49,4.09
3553,4.49,4.09
3554,4.49,4.09
3555,4.49,4.09
3556,4.49,4.09
3558,4.49,4.09
3559,4.49,4.09
3560,4.49,4.09
3561,4.49,4.09
3562,4.49,4.09
3563,4.49,4.09
3564,4.49,4.10
3565,4.49,4.10
3566,4.49,4.10
3568,4.49,4.10
3569,4.49,4.10
3570,4.49,4.10
3571,4.49,4.10
3572,4.49,4.10
3573,4.49,4.10
3574,4.49,4.10
3575,4.49,4.10
3577,4.49,4.10
3578,4.49,4.11
3579,4.49,4.11
3580,4.49,4.11
3581,4.49,4.11
3582,4.49,4.11
3584,4.49,4.11
3585,4.49,4.11
3587,4.49,4.11
3588,4.49,4.12
3589,4.49,4.12
3590,4.49,4.12
3591,4.49,4.12
3592,4.49,4.12
3593,4.49,4.12
3595,4.49,4.12
3596,4.49,4.12
3597,4.49,4.12
3598,4.49,4.12
3599,4.49,4.12
3600,4.49,4.12
3601,4.49,4.12
3602,4.49,4.12
3604,4.49,4.12
3605,4.49,4.12
3606,4.49,4.12
3607,4.49,4.12
3608,4.49,4.12
3609,4.49,4.12
3610,4.49,4.12
3611,4.49,4.12
3613,4.49,4.12
3614,4.49,4.12
3615,4.49,4.13
3616,4.49,4.12
3617,4.49,4.12
3618,4.49,4.12
3619,4.49,4.12
3620,4.49,4.12
3622,4.49,4.12
3623,4.49,4.12
3624,4.49,4.12
3625,4.49,4.12
3627,4.49,4.12
3628,4.49,4.11
3629,4.49,4.11
3631,4.49,4.11
3632,4.49,4.11
3633,4.49,4.11
3634,4.49,4.11
3635,4.49,4.11
3636,4.49,4.11
3637,4.49,4.11
3638,4.49,4.11
3640,4.49,4.11
3641,4.49,4.11
3642,4.49,4.10
3643,4.49,4.10
3644,4.49,4.10
3645,4.49,4.10
3646,4.49,4.10
3647,4.49,4.10
3649,4.49,4.10
3650,4.49,4.10
3651,4.49,4.09
3652,4.49,4.09
3653,4.49,4.09
3654,4.49,4.09
3655,4.49,4.09
3656,4.49,4.09
3658,4.50,4.09
3659,4.50,4.09
3660,4.50,4.09
3661,4.50,4.09
3662,4.50,4.08
3663,4.50,4.08
3664,4.50,4.08
3665,4.50,4.08
3667,4.49,4.08
3668,4.49,4.08
3670,4.50,4.08
3671,4.49,4.08
3672,4.49,4.08
3673,4.49,4.08
3674,4.49,4.08
3675,4.49,4.07
3677,4.49,4.07
3678,4.49,4.07
3679,4.49,4.07
3680,4.49,4.07
3681,4.49,4.07
3682,4.49,4.07
3683,4.49,4.07
3684,4.49,4.07
3685,4.49,4.07
3687,4.49,4.07
3688,4.49,4.07
3689,4.49,4.07
3690,4.49,4.07
3691,4.49,4.07
3692,4.49,4.07
3693,4.49,4.07
3695,4.49,4.07
3696,4.49,4.07
3697,4.49,4.06
3698,4.49,4.07
3699,4.49,4.07
3700,4.49,4.07
3701,4.49,4.07
3702,4.49,4.07
3704,4.49,4.07
3705,4.49,4.07
3706,4.49,4.07
3707,4.49,4.07
3708,4.49,4.07
3709,4.49,4.07
3710,4.49,4.07
3712,4.49,4.07
3714,4.49,4.07
3715,4.49,4.07
3716,4.49,4.07
3717,4.50,4.07
3718,4.50,4.08
3719,4.50,4.08
3720,4.49,4.08
3721,4.50,4.08
3723,4.50,4.08
3724,4.50,4.08
3725,4.50,4.08
3726,4.50,4.08
3727,4.50,4.08
3728,4.50,4.08
3729,4.50,4.08
3730,4.50,4.09
3731,4.50,4.09
3733,4.50,4.09
3734,4.50,4.09
3735,4.50,4.09
3736,4.50,4.09
3737,4.50,4.09
3738,4.50,4.09
3739,4.50,4.10
3740,4.50,4.10
3742,4.50,4.10
3743,4.50,4.10
3744,4.50,4.10
3745,4.50,4.10
3746,4.50,4.10
3747,4.50,4.10
3748,4.50,4.10
3749,4.50,4.11
3750,4.50,4.11
3752,4.50,4.11
3753,4.50,4.11
3755,4.50,4.11
3756,4.50,4.11
3757,4.50,4.11
3758,4.50,4.11
3759,4.50,4.11
3761,4.50,4.12
3762,4.50,4.12
3763,4.50,4.12
3764,4.50,4.12
3765,4.50,4.12
3766,4.50,4.12
3767,4.50,4.12
3768,4.50,4.12
3770,4.50,4.12
3771,4.50,4.13
3772,4.50,4.13
3773,4.50,4.13
3774,4.50,4.13
3775,4.50,4.13
3776,4.50,4.13
3777,4.50,4.13
3779,4.50,4.13
3780,4.50,4.13
3781,4.50,4.13
3782,4.50,4.13
3783,4.50,4.13
3784,4.50,4.13
3785,4.50,4.13
3786,4.50,4.13
3788,4.50,4.13
3789,4.50,4.14
3790,4.50,4.14
3791,4.50,4.14
3792,4.50,4.14
3793,4.50,4.14
3794,4.50,4.14
3795,4.50,4.14
3798,4.50,4.14
3799,4.50,4.14
3800,4.50,4.14
3801,4.50,4.14
3802,4.50,4.15
3803,4.50,4.15
3804,4.50,4.15
3805,4.50,4.15
3807,4.50,4.15
3808,4.50,4.15
3809,4.50,4.15
3810,4.50,4.15
3811,4.50,4.15
3812,4.50,4.15
3813,4.50,4.16
3814,4.50,4.16
3816,4.50,4.16
3817,4.50,4.16
3818,4.50,4.16
3819,4.50,4.16
3820,4.50,4.16
3821,4.50,4.16
3822,4.50,4.16
3823,4.50,4.16
3825,4.50,4.16
3826,4.50,4.16
3827,4.50,4.17
3828,4.50,4.17
3829,4.50,4.17
3830,4.50,4.17
3831,4.50,4.17
3832,4.50,4.17
3834,4.50,4.17
3835,4.50,4.17
3836,4.50,4.17
3837,4.50,4.17
3838,4.50,4.17
3840,4.50,4.18
3841,4.50,4.18
3842,4.50,4.18
3844,4.50,4.18
3845,4.50,4.18
3846,4.50,4.18
3847,4.50,4.18
3848,4.50,4.18
3849,4.50,4.18
3850,4.50,4.18
3851,4.50,4.18
3853,4.50,4.19
3854,4.50,4.19
3855,4.50,4.19
3856,4.50,4.19
3857,4.50,4.19
3858,4.50,4.19
3859,4.50,4.19
3860,4.50,4.19
3862,4.50,4.19
3863,4.50,4.19
3864,4.50,4.19
3865,4.50,4.19
3866,4.50,4.20
3867,4.50,4.20
3868,4.50,4.20
3869,4.50,4.20
3871,4.50,4.20
3872,4.50,4.20
3873,4.50,4.20
3874,4.50,4.20
3875,4.50,4.20
3876,4.49,4.19
3877,4.46,4.16
3878,4.42,4.13
3880,4.37,4.09
3881,4.34,4.08
3883,4.31,4.06
3884,4.29,4.05
3885,4.28,4.05
3886,4.28,4.05
3887,4.28,4.05
3888,4.28,4.06
3890,4.28,4.05
3891,4.26,4.03
3892,4.22,4.00
3893,4.18,3.97
3894,4.13,3.93
3895,4.09,3.90
3896,4.04,3.87
3897,3.99,3.85
3899,3.96,3.84
3900,3.95,3.84
3901,3.95,3.85
3902,3.95,3.86
3903,3.96,3.87
3904,3.98,3.88
3905,3.99,3.89
3906,3.99,3.88
3908,3.98,3.86
3909,3.95,3.83
3910,3.92,3.81
3911,3.89,3.78
3912,3.86,3.75
3913,3.82,3.73
3914,3.80,3.72
3915,3.79,3.73
3917,3.80,3.74
3918,3.82,3.75
3919,3.84,3.77
3920,3.86,3.79
3921,3.89,3.80
3922,3.91,3.81
3923,3.90,3.79
3924,3.89,3.77
3927,3.88,3.76
3928,3.85,3.73
3929,3.83,3.71
3930,3.80,3.69
3931,3.77,3.67
3932,3.76,3.68
3933,3.77,3.69
3934,3.79,3.70
3936,3.81,3.72
3937,3.84,3.74
3938,3.87,3.77
3939,3.90,3.77
3940,3.90,3.77
3941,3.90,3.75
3942,3.88,3.74
3943,3.86,3.71
3945,3.84,3.70
3946,3.81,3.68
3947,3.78,3.66
3948,3.77,3.66
3949,3.77,3.67
3950,3.79,3.68
3951,3.81,3.70
3952,3.83,3.72
3954,3.86,3.74
3955,3.89,3.75
3956,3.90,3.75
3957,3.89,3.74
3958,3.88,3.72
3959,3.86,3.70
3960,3.84,3.69
3961,3.81,3.67
3963,3.79,3.65
3964,3.76,3.64
3965,3.76,3.65
3966,3.77,3.66
3968,3.78,3.68
3969,3.81,3.70
3970,3.84,3.72
3972,3.87,3.74
3973,3.89,3.74
3974,3.89,3.73
3975,3.88,3.72
3976,3.86,3.70
3977,3.84,3.69
3978,3.82,3.67
3979,3.79,3.65
3981,3.77,3.64
3982,3.75,3.64
3983,3.75,3.65
3984,3.77,3.66
3985,3.79,3.69
3986,3.82,3.70
3987,3.85,3.73
3988,3.88,3.74
3990,3.89,3.73
3991,3.88,3.72
3992,3.87,3.71
3993,3.85,3.70
3994,3.83,3.68
3995,3.80,3.66
3996,3.78,3.64
3997,3.75,3.64
3999,3.75,3.64
4000,3.76,3.66
4001,3.78,3.68
4002,3.81,3.70
4003,3.84,3.72
4004,3.87,3.74
4005,3.88,3.73
4006,3.88,3.73
4008,3.87,3.72
4009,3.85,3.70
4011,3.83,3.69
4012,3.81,3.67
4013,3.78,3.65
4014,3.76,3.64
4015,3.74,3.64
4017,3.75,3.65
4018,3.77,3.66
4019,3.79,3.68
4020,3.82,3.71
4021,3.85,3.73
4022,3.88,3.74
4023,3.88,3.73
4024,3.88,3.72
4026,3.86,3.71
4027,3.84,3.70
4028,3.82,3.67
4029,3.79,3.66
4030,3.77,3.64
4031,3.75,3.64
4032,3.75,3.65
4033,3.76,3.66
4035,3.78,3.68
4036,3.81,3.70
4037,3.84,3.72
4038,3.87,3.74
4039,3.88,3.74
4040,3.88,3.73
4041,3.87,3.72
4042,3.85,3.70
4044,3.83,3.69
4045,3.81,3.67
4046,3.78,3.65
4047,3.75,3.64
4048,3.75,3.64
4049,3.75,3.65
4050,3.77,3.67
4052,3.80,3.69
4054,3.83,3.71
4055,3.86,3.73
4056,3.88,3.74
4057,3.88,3.73
4058,3.87,3.72
4059,3.86,3.71
4060,3.84,3.70
4062,3.82,3.67
4063,3.79,3.66
4064,3.76,3.64
4065,3.75,3.64
4066,3.75,3.65
4067,3.76,3.66
4068,3.79,3.68
4069,3.81,3.70
4071,3.85,3.73
4072,3.87,3.74
4073,3.88,3.74
4074,3.88,3.73
4075,3.87,3.72
4076,3.85,3.70
4077,3.83,3.69
4078,3.80,3.67
4080,3.78,3.65
4081,3.75,3.64
4082,3.75,3.65
4083,3.76,3.66
4084,3.78,3.68
4085,3.81,3.70
4086,3.84,3.72
4087,3.87,3.74
4089,3.88,3.74
4090,3.88,3.73
4091,3.88,3.72
4092,3.86,3.71
4093,3.84,3.70
4094,3.81,3.68
4096,3.79,3.66
4098,3.76,3.64
4099,3.75,3.64
4100,3.75,3.65
4101,3.77,3.67
4102,3.79,3.69
4103,3.82,3.71
4104,3.85,3.74
4105,3.88,3.74
4107,3.89,3.74
4108,3.88,3.73
4109,3.87,3.72
4110,3.85,3.70
4111,3.83,3.69
4112,3.80,3.67
4113,3.78,3.65
4114,3.75,3.64
4116,3.75,3.65
4117,3.76,3.66
4118,3.78,3.68
4119,3.81,3.70
4120,3.84,3.72
4121,3.87,3.74
4122,3.88,3.74
4123,3.88,3.73
4125,3.87,3.72
4126,3.85,3.70
4127,3.83,3.69
4128,3.81,3.67
4129,3.78,3.65
4130,3.75,3.64
4131,3.74,3.64
4132,3.75,3.65
4134,3.76,3.67
4135,3.79,3.69
4136,3.82,3.71
4137,3.85,3.73
4139,3.87,3.74
4140,3.87,3.73
4141,3.87,3.72
4143,3.85,3.70
4144,3.84,3.69
4145,3.81,3.67
4146,3.79,3.65
4147,3.76,3.63
4148,3.74,3.63
4149,3.74,3.64
4150,3.75,3.66
4152,3.78,3.68
4153,3.80,3.70
4154,3.83,3.72
4155,3.86,3.73
4156,3.87,3.73
4157,3.87,3.72
4158,3.86,3.71
4159,3.84,3.70
4161,3.82,3.68
4162,3.79,3.66
4163,3.76,3.64
4164,3.74,3.63
4165,3.73,3.63
4166,3.74,3.64
4167,3.76,3.66
4168,3.79,3.69
4170,3.82,3.71
4171,3.85,3.73
4172,3.87,3.73
4173,3.87,3.72
4174,3.86,3.71
4175,3.85,3.70
4176,3.82,3.68
4177,3.80,3.67
4179,3.78,3.65
4180,3.75,3.63
4182,3.74,3.63
4183,3.74,3.64
4184,3.75,3.66
4185,3.78,3.68
4186,3.80,3.70
4187,3.84,3.72
4189,3.86,3.73
4190,3.87,3.73
4191,3.87,3.72
4192,3.85,3.70
4193,3.84,3.69
4194,3.81,3.67
4195,3.79,3.65
4197,3.77,3.64
4198,3.74,3.63
4199,3.74,3.64
4200,3.75,3.65
4201,3.77,3.67
4202,3.80,3.69
4203,3.83,3.71
4204,3.86,3.73
4206,3.87,3.73
4207,3.87,3.72
4208,3.86,3.71
4209,3.84,3.70
4210,3.82,3.68
4211,3.80,3.67
4212,3.77,3.65
4213,3.75,3.63
4215,3.74,3.63
4216,3.74,3.64
4217,3.76,3.66
4218,3.78,3.68
4219,3.81,3.70
4220,3.84,3.73
4221,3.87,3.73
4222,3.87,3.73
4225,3.87,3.72
4226,3.86,3.71
4227,3.84,3.70
4228,3.81,3.67
4229,3.79,3.66
4230,3.76,3.64
4231,3.74,3.63
4232,3.74,3.64
4234,3.75,3.65
4235,3.77,3.67
4236,3.80,3.69
4237,3.83,3.72
4238,3.86,3.74
4239,3.88,3.74
4240,3.88,3.73
4241,3.87,3.72
4243,3.85,3.70
4244,3.83,3.69
4245,3.81,3.67
4246,3.78,3.65
4247,3.76,3.64
4248,3.75,3.64
4249,3.75,3.66
4251,3.77,3.67
4252,3.79,3.69
4253,3.82,3.71
4254,3.85,3.73
4255,3.87,3.74
4256,3.88,3.73
4257,3.87,3.72
4258,3.85,3.71
4260,3.83,3.69
4261,3.81,3.68
4262,3.79,3.66
4263,3.76,3.64
4264,3.74,3.63
4265,3.74,3.64
4267,3.75,3.66
4268,3.78,3.68
4270,3.80,3.70
4271,3.83,3.72
4272,3.86,3.73
4273,3.87,3.73
4274,3.87,3.72
4275,3.86,3.71
4276,3.84,3.70
4277,3.82,3.68
4279,3.79,3.66
4280,3.77,3.64
4281,3.74,3.63
4282,3.74,3.64
4283,3.74,3.65
4284,3.76,3.67
4285,3.79,3.69
4286,3.82,3.71
4288,3.85,3.73
4289,3.86,3.73
4290,3.86,3.72
4291,3.85,3.71
4292,3.83,3.69
4293,3.81,3.68
4294,3.79,3.66
4296,3.77,3.64
4297,3.74,3.62
4298,3.72,3.62
4299,3.73,3.63
4300,3.74,3.65
4301,3.77,3.67
4302,3.79,3.70
4303,3.83,3.72
4305,3.85,3.73
4306,3.86,3.72
4307,3.85,3.71
4308,3.84,3.70
4310,3.82,3.69
4311,3.80,3.67
4312,3.78,3.65
4313,3.75,3.63
4315,3.73,3.62
4316,3.73,3.63
4317,3.74,3.64
4318,3.76,3.66
4319,3.78,3.69
4320,3.81,3.71
4321,3.85,3.73
4322,3.86,3.73
4324,3.86,3.72
4325,3.85,3.71
4326,3.83,3.70
4327,3.82,3.68
4328,3.79,3.66
4329,3.77,3.64
4330,3.74,3.63
4331,3.73,3.63
4333,3.73,3.64
4334,3.75,3.66
4335,3.77,3.68
4336,3.80,3.70
4337,3.84,3.72
4338,3.86,3.73
4339,3.86,3.73
4340,3.85,3.71
4342,3.84,3.70
4343,3.82,3.68
4344,3.80,3.67
4345,3.77,3.65
4346,3.75,3.63
4347,3.73,3.62
4348,3.73,3.63
4350,3.74,3.64
4352,3.76,3.67
4353,3.79,3.69
4354,3.82,3.71
4355,3.85,3.72
4356,3.86,3.72
4357,3.86,3.71
4358,3.85,3.70
4360,3.83,3.69
4361,3.81,3.68
4362,3.79,3.66
4363,3.76,3.64
4364,3.74,3.63
4365,3.73,3.63
4366,3.74,3.64
4367,3.75,3.66
4369,3.78,3.68
4370,3.81,3.70
4371,3.84,3.72
4372,3.86,3.73
4373,3.86,3.72
4374,3.85,3.71
4375,3.84,3.70
4377,3.82,3.68
4378,3.80,3.67
4379,3.77,3.64
4380,3.75,3.63
4381,3.73,3.63
4382,3.73,3.64
4383,3.75,3.65
4384,3.77,3.67
4386,3.80,3.70
4387,3.83,3.72
4388,3.85,3.72
4389,3.86,3.72
4390,3.85,3.71
4391,3.84,3.70
4392,3.82,3.68
4393,3.80,3.66
4396,3.78,3.65
4397,3.75,3.63
4398,3.73,3.62
4399,3.72,3.62
4400,3.73,3.64
4401,3.75,3.66
4402,3.78,3.68
4403,3.81,3.70
4405,3.84,3.72
4406,3.86,3.72
4407,3.86,3.72
4408,3.85,3.70
4409,3.83,3.69
4410,3.81,3.68
4411,3.79,3.66
4413,3.76,3.64
4414,3.74,3.63
4415,3.73,3.63
4416,3.73,3.64
4417,3.75,3.65
4418,3.77,3.67
4419,3.80,3.70
4420,3.83,3.72
4422,3.85,3.73
4423,3.86,3.72
4424,3.86,3.71
4425,3.84,3.70
4426,3.82,3.69
4427,3.80,3.67
4428,3.78,3.65
4429,3.75,3.63
4431,3.73,3.63
4432,3.73,3.63
4433,3.74,3.65
4434,3.76,3.67
4435,3.79,3.69
4436,3.82,3.71
4438,3.85,3.72
4439,3.86,3.72
4441,3.85,3.71
4442,3.84,3.70
4443,3.83,3.69
4444,3.80,3.67
4445,3.78,3.65
4446,3.75,3.63
4447,3.73,3.62
4449,3.72,3.62
4450,3.73,3.63
4451,3.75,3.65
4452,3.77,3.68
4453,3.80,3.70
4454,3.83,3.72
4455,3.85,3.73
4456,3.86,3.72
4458,3.85,3.71
4459,3.84,3.70
4460,3.82,3.69
4461,3.80,3.67
4462,3.77,3.65
4463,3.75,3.63
4464,3.73,3.63
4465,3.73,3.64
4467,3.75,3.65
4468,3.77,3.67
4469,3.80,3.70
4470,3.83,3.72
4471,3.86,3.73
4472,3.87,3.73
4473,3.86,3.72
4474,3.85,3.71
4476,3.84,3.70
4477,3.81,3.68
4478,3.79,3.66
4480,3.77,3.64
4481,3.74,3.63
4482,3.74,3.64
4483,3.75,3.65
4484,3.76,3.67
4486,3.79,3.69
4487,3.82,3.71
4488,3.85,3.73
4489,3.87,3.74
4490,3.87,3.73
4491,3.86,3.72
4492,3.85,3.71
4494,3.83,3.69
4495,3.80,3.67
4496,3.78,3.66
4497,3.75,3.64
4498,3.74,3.64
4499,3.74,3.65
4500,3.76,3.67
4501,3.78,3.69
4503,3.81,3.71
4504,3.84,3.73
4505,3.87,3.74
4506,3.87,3.74
4507,3.87,3.73
4508,3.86,3.71
4509,3.84,3.70
4510,3.82,3.68
4512,3.79,3.66
4513,3.77,3.65
4514,3.74,3.64
4515,3.74,3.64
4516,3.75,3.65
4517,3.77,3.67
4518,3.80,3.70
4519,3.83,3.72
4521,3.86,3.74
4523,3.87,3.74
4524,3.87,3.73
4525,3.86,3.72
4526,3.85,3.70
4527,3.83,3.69
4528,3.80,3.67
4529,3.78,3.65
4531,3.75,3.64
4532,3.74,3.64
4533,3.74,3.65
4534,3.76,3.67
4535,3.79,3.69
4536,3.81,3.71
4537,3.85,3.74
4538,3.87,3.74
4540,3.88,3.74
4541,3.87,3.73
4542,3.86,3.72
4543,3.84,3.70
4544,3.82,3.69
4545,3.79,3.67
4546,3.76,3.64
4547,3.75,3.64
4549,3.74,3.65
4550,3.76,3.66
4551,3.78,3.68
4552,3.81,3.70
4553,3.83,3.73
4554,3.86,3.75
4555,3.88,3.75
4557,3.88,3.74
4558,3.87,3.72
4559,3.85,3.71
4560,3.82,3.70
4561,3.80,3.68
4562,3.78,3.66
4563,3.75,3.65
4564,3.74,3.65
4567,3.75,3.66
4568,3.77,3.68
4569,3.79,3.70
4570,3.83,3.72
4571,3.86,3.74
4572,3.88,3.75
4573,3.88,3.74
4574,3.87,3.73
4576,3.86,3.71
4577,3.84,3.70
4578,3.81,3.68
4579,3.79,3.66
4580,3.76,3.65
4581,3.74,3.64
4582,3.75,3.65
4583,3.76,3.67
4585,3.78,3.69
4586,3.81,3.71
4587,3.84,3.74
4588,3.87,3.75
4589,3.89,3.75
4590,3.88,3.74
4591,3.87,3.73
4592,3.85,3.71
4594,3.83,3.70
4595,3.81,3.68
4596,3.78,3.66
4597,3.76,3.65
4598,3.76,3.66
4599,3.77,3.67
4600,3.79,3.69
4602,3.82,3.71
4603,3.85,3.74
4604,3.88,3.77
4605,3.92,3.80
4606,3.96,3.84
4608,4.00,3.88
4609,4.04,3.91
4610,4.08,3.95
4612,4.12,3.98
4613,4.16,4.01
4614,4.20,4.04
4615,4.23,4.06
4616,4.27,4.09
4617,4.30,4.11
4618,4.33,4.13
4619,4.36,4.14
4621,4.39,4.16
4622,4.41,4.18
4623,4.44,4.19
4624,4.46,4.21
4625,4.49,4.22
4626,4.51,4.24
4627,4.53,4.25
4628,4.54,4.26
4630,4.56,4.27
4631,4.57,4.28
4632,4.58,4.29
4633,4.59,4.29
4634,4.60,4.30
4635,4.60,4.30
4636,4.61,4.31
4637,4.61,4.31
4639,4.62,4.31
4640,4.62,4.32
4641,4.62,4.32
4642,4.62,4.32
4643,4.62,4.32
4644,4.62,4.32
4645,4.62,4.32
4647,4.61,4.32
4648,4.61,4.32
4649,4.61,4.32
4651,4.60,4.32
4652,4.60,4.32
4653,4.60,4.32
4654,4.59,4.32
4655,4.59,4.32
4657,4.58,4.32
4658,4.58,4.31
4659,4.57,4.31
4660,4.57,4.31
4661,4.57,4.31
4662,4.57,4.31
4663,4.56,4.30
4664,4.56,4.30
4666,4.55,4.30
4667,4.55,4.30
4668,4.54,4.30
4669,4.54,4.30
4670,4.54,4.30
4671,4.53,4.30
4672,4.53,4.29
4673,4.53,4.29
4675,4.52,4.29
4676,4.52,4.29
4677,4.52,4.29
4678,4.51,4.29
4679,4.51,4.29
4680,4.51,4.29
4681,4.51,4.29
4683,4.51,4.29
4684,4.51,4.29
4685,4.50,4.29
4686,4.50,4.29
4687,4.50,4.29
4688,4.50,4.29
4689,4.50,4.29
4690,4.50,4.29
4692,4.50,4.29
4694,4.50,4.29
4695,4.50,4.29
4696,4.50,4.29
4697,4.50,4.29
4698,4.50,4.29
4699,4.50,4.29
4701,4.50,4.29
4702,4.50,4.29
4703,4.50,4.29
4704,4.50,4.29
4705,4.50,4.29
4706,4.50,4.29
4707,4.50,4.29
4708,4.50,4.29
4710,4.50,4.29
4711,4.50,4.29
4712,4.50,4.29
4713,4.50,4.29
4714,4.50,4.29
4715,4.50,4.29
4716,4.50,4.29
4717,4.50,4.29
4719,4.50,4.29
4720,4.50,4.30
4721,4.50,4.29
4722,4.50,4.29
4723,4.50,4.30
4724,4.50,4.30
4725,4.50,4.30
4726,4.50,4.30
4728,4.50,4.30
4729,4.50,4.30
4730,4.50,4.30
4731,4.50,4.30
4732,4.50,4.30
4733,4.50,4.30
4734,4.50,4.30
4736,4.50,4.30
4737,4.50,4.30
4739,4.50,4.30
4740,4.51,4.30
4741,4.50,4.30
4742,4.50,4.30
4743,4.50,4.30
4744,4.50,4.30
4745,4.50,4.30
4746,4.50,4.30
4748,4.50,4.30
4749,4.50,4.30
4750,4.50,4.30
4751,4.50,4.30
4752,4.50,4.30
4753,4.50,4.30
4754,4.50,4.30
4755,4.50,4.30
4756,4.50,4.30
4758,4.50,4.30
4759,4.50,4.30
4760,4.50,4.30
4761,4.50,4.30
4762,4.50,4.30
4763,4.50,4.30
4764,4.50,4.30
4765,4.50,4.30
4767,4.50,4.30
4768,4.50,4.30
4769,4.50,4.30
4770,4.50,4.30
4771,4.50,4.30
4772,4.50,4.30
4773,4.50,4.30
4774,4.50,4.30
4775,4.50,4.30
4777,4.50,4.30
4779,4.50,4.30
4780,4.50,4.30
4781,4.50,4.30
4782,4.50,4.30
4783,4.50,4.30
4784,4.50,4.30
4785,4.50,4.30
4787,4.50,4.30
4788,4.50,4.30
4789,4.50,4.30
4790,4.50,4.30
4791,4.50,4.30
4792,4.50,4.30
4793,4.50,4.30
4794,4.50,4.30
4795,4.50,4.30
4797,4.50,4.30
4798,4.50,4.30
4799,4.50,4.30
4800,4.50,4.30
4801,4.50,4.30
4802,4.50,4.30
4803,4.50,4.30
4804,4.50,4.30
4806,4.50,4.30
4807,4.50,4.30
4808,4.50,4.30
4809,4.50,4.30
4810,4.50,4.31
4811,4.50,4.31
4812,4.50,4.31
4813,4.50,4.31
4815,4.50,4.31
4816,4.50,4.31
4817,4.50,4.31
4818,4.50,4.31
4819,4.50,4.31
4820,4.50,4.31
4822,4.50,4.31
4823,4.50,4.31
4825,4.50,4.31
4826,4.50,4.31
4827,4.50,4.31
4828,4.50,4.31
4829,4.50,4.31
4830,4.50,4.31
4831,4.50,4.31
4832,4.50,4.31
4834,4.50,4.31
4835,4.50,4.31
4836,4.50,4.31
4837,4.50,4.31
4838,4.50,4.31
4839,4.50,4.32
4840,4.50,4.31
4841,4.50,4.31
4843,4.50,4.32
4844,4.50,4.32
4845,4.50,4.32
4846,4.50,4.32
4847,4.50,4.32
4848,4.50,4.32
4849,4.50,4.32
4850,4.50,4.32
4852,4.50,4.32
4853,4.50,4.32
4854,4.50,4.32
4855,4.50,4.32
4856,4.50,4.33
4857,4.50,4.33
4858,4.50,4.33
4860,4.50,4.33
4861,4.50,4.33
4862,4.50,4.33
4864,4.50,4.33
4865,4.50,4.33
4866,4.50,4.33
4867,4.50,4.34
4868,4.50,4.34
4870,4.50,4.34
4871,4.50,4.34
4872,4.50,4.34
4873,4.50,4.34
4874,4.50,4.34
4875,4.50,4.35
4876,4.50,4.35
4877,4.50,4.35
4879,4.50,4.35
4880,4.50,4.35
4881,4.50,4.35
4882,4.50,4.35
4883,4.50,4.36
4884,4.50,4.36
4885,4.50,4.36
4886,4.50,4.36
4888,4.50,4.37
4889,4.50,4.37
4890,4.50,4.37
4891,4.50,4.37
4892,4.50,4.37
4893,4.50,4.38
4894,4.50,4.38
4895,4.50,4.38
4897,4.50,4.38
4898,4.50,4.38
4899,4.50,4.39
4900,4.50,4.39
4901,4.50,4.39
4902,4.50,4.40
4903,4.50,4.40
4904,4.50,4.40
4905,4.50,4.40
4908,4.50,4.41
4909,4.50,4.41
4910,4.50,4.41
4911,4.50,4.41
4912,4.50,4.42
4913,4.50,4.42
4914,4.50,4.42
4915,4.50,4.42
4917,4.50,4.43
4918,4.50,4.43
4919,4.50,4.43
4920,4.50,4.43
4921,4.50,4.44
4922,4.50,4.44
4923,4.50,4.44
4924,4.50,4.44
4926,4.50,4.44
4927,4.50,4.45
4928,4.50,4.45
4929,4.50,4.45
4930,4.50,4.45
4931,4.50,4.46
4932,4.50,4.46
4933,4.50,4.46
4935,4.50,4.47
4936,4.50,4.47
4937,4.50,4.47
4938,4.50,4.47
4939,4.50,4.47
4940,4.50,4.47
4941,4.50,4.48
4942,4.50,4.48
4944,4.50,4.48
4945,4.50,4.48
4946,4.50,4.49
4947,4.50,4.49
4948,4.50,4.49
4950,4.50,4.49
4951,4.50,4.50
4953,4.50,4.50
4954,4.50,4.50
4955,4.50,4.50
4956,4.50,4.51
4957,4.50,4.51
4958,4.50,4.51
4959,4.50,4.51
4960,4.50,4.51
4961,4.50,4.52
4963,4.50,4.52
4964,4.50,4.52
4965,4.50,4.52
4966,4.50,4.52
4967,4.50,4.52
4968,4.50,4.52
4969,4.50,4.53
4971,4.50,4.53
4972,4.50,4.53
4973,4.50,4.53
4974,4.50,4.54
4975,4.50,4.53
4976,4.50,4.54
4977,4.50,4.54
4978,4.50,4.54
4980,4.50,4.54
4981,4.50,4.54
4982,4.50,4.54
4983,4.50,4.54
4984,4.50,4.54
4985,4.50,4.54
4986,4.50,4.55
4987,4.49,4.55
4989,4.49,4.55
4990,4.49,4.55
4992,4.49,4.55
4993,4.49,4.55
4994,4.49,4.55
4995,4.50,4.55
4996,4.49,4.55
4997,4.49,4.55
4999,4.49,4.55
5000,4.49,4.55
5001,4.50,4.55
5002,4.49,4.55
5003,4.50,4.55
5004,4.49,4.56
5005,4.49,4.55
5006,4.49,4.55
5008,4.49,4.55
5009,4.50,4.55
5010,4.49,4.56
5011,4.49,4.56
5012,4.49,4.56
5013,4.49,4.56
5014,4.49,4.56
5016,4.49,4.56
5017,4.49,4.56
5018,4.49,4.56
5019,4.49,4.56
5020,4.49,4.56
5021,4.49,4.56
5022,4.49,4.56
5023,4.49,4.56
5025,4.49,4.56
5026,4.49,4.56
5027,4.49,4.55
5028,4.49,4.55
5029,4.49,4.55
5030,4.49,4.55
5031,4.49,4.55
5032,4.49,4.55
5035,4.49,4.55
5036,4.49,4.55
5037,4.49,4.55
5038,4.49,4.55
5039,4.49,4.55
5040,4.49,4.54
5041,4.49,4.54
5043,4.49,4.54
5044,4.49,4.54
5045,4.49,4.54
5046,4.49,4.54
5047,4.49,4.54
5048,4.49,4.53
5049,4.49,4.53
5050,4.49,4.53
5052,4.49,4.53
5053,4.49,4.53
5054,4.49,4.53
5055,4.49,4.53
5056,4.49,4.52
5057,4.49,4.52
5058,4.49,4.52
5059,4.49,4.52
5061,4.49,4.51
5062,4.49,4.51
5063,4.49,4.51
5064,4.49,4.51
5065,4.49,4.50
5066,4.49,4.50
5067,4.49,4.49
5068,4.49,4.49
5070,4.49,4.49
5071,4.49,4.48
5072,4.49,4.48
5073,4.49,4.47
5074,4.49,4.47
5075,4.49,4.46
5076,4.49,4.46
5078,4.49,4.45
5080,4.49,4.44
5081,4.49,4.44
5082,4.49,4.44
5083,4.49,4.43
5084,4.49,4.43
5085,4.49,4.42
5086,4.49,4.41
5087,4.49,4.41
5089,4.49,4.40
5090,4.49,4.39
5091,4.49,4.39
5092,4.49,4.38
5093,4.49,4.37
5094,4.49,4.37
5095,4.49,4.36
5096,4.49,4.35
5098,4.49,4.35
5099,4.49,4.34
5100,4.49,4.34
5101,4.49,4.33
5102,4.49,4.32
5103,4.49,4.32
5104,4.49,4.31
5106,4.49,4.30
5107,4.49,4.29
5108,4.49,4.29
5109,4.48,4.28
5110,4.48,4.27
5111,4.48,4.26
5112,4.48,4.26
5113,4.49,4.25
5115,4.48,4.24
5116,4.48,4.23
5117,4.48,4.23
5118,4.48,4.22
5120,4.48,4.21
5121,4.48,4.21
5122,4.48,4.20
5123,4.48,4.19
5125,4.48,4.19
5126,4.48,4.18
5127,4.48,4.17
5128,4.48,4.17
5129,4.48,4.16
5130,4.48,4.15
5131,4.48,4.15
5132,4.48,4.14
5134,4.48,4.14
5135,4.48,4.13
5136,4.48,4.13
5137,4.48,4.12
5138,4.48,4.11
5139,4.48,4.11
5140,4.48,4.10
5141,4.48,4.10
5143,4.48,4.09
5144,4.48,4.09
5145,4.48,4.08
5146,4.48,4.08
5147,4.48,4.07
5148,4.48,4.06
5149,4.48,4.06
5150,4.48,4.05
5152,4.48,4.05
5153,4.48,4.04
5154,4.48,4.04
5155,4.48,4.03
5156,4.48,4.03
5157,4.48,4.02
5158,4.48,4.02
5159,4.48,4.01
5161,4.48,4.01
5163,4.48,4.00
5164,4.48,4.00
5165,4.48,3.99
5166,4.48,3.99
5167,4.48,3.99
5168,4.48,3.98
5169,4.48,3.98
5171,4.48,3.97
5172,4.48,3.97
5173,4.48,3.96
5174,4.48,3.96
5175,4.48,3.96
5176,4.48,3.95
5177,4.48,3.95
5178,4.48,3.95
5180,4.48,3.94
5181,4.48,3.94
5182,4.48,3.94
5183,4.48,3.93
5184,4.48,3.93
5185,4.48,3.92
5186,4.48,3.92
5187,4.48,3.92
5189,4.48,3.91
5190,4.48,3.91
5191,4.48,3.91
5192,4.48,3.91
5193,4.48,3.91
5194,4.48,3.91
5195,4.48,3.90
5196,4.48,3.90
5198,4.48,3.90
5199,4.48,3.90
5200,4.48,3.90
5201,4.48,3.89
5202,4.48,3.89
5203,4.48,3.89
5204,4.48,3.89
5206,4.48,3.89
5208,4.48,3.89
5209,4.48,3.88
5210,4.48,3.88
5211,4.48,3.88
5212,4.48,3.88
5213,4.48,3.88
5214,4.48,3.88
5215,4.48,3.88
5217,4.48,3.88
5218,4.48,3.88
5219,4.48,3.88
5220,4.48,3.87
5221,4.48,3.87
5222,4.48,3.87
5223,4.48,3.87
5224,4.48,3.87
5226,4.48,3.87
5227,4.48,3.87
5228,4.48,3.87
5229,4.48,3.87
5230,4.48,3.87
5231,4.48,3.87
5232,4.48,3.87
5233,4.48,3.87
5235,4.48,3.87
5236,4.48,3.87
5237,4.48,3.87
5238,4.48,3.87
5239,4.48,3.87
5240,4.48,3.87
5241,4.48,3.87
5242,4.48,3.87
5244,4.48,3.87
5245,4.48,3.88
5246,4.48,3.88
5248,4.48,3.88
5249,4.48,3.88
5250,4.48,3.88
5251,4.48,3.88
5253,4.48,3.88
5254,4.48,3.88
5255,4.48,3.88
5256,4.49,3.88
5257,4.49,3.88
5258,4.48,3.88
5259,4.48,3.88
5260,4.48,3.89
5262,4.49,3.89
5263,4.48,3.89
5264,4.48,3.89
5265,4.48,3.89
5266,4.48,3.89
5267,4.48,3.89
5268,4.48,3.89
5269,4.49,3.89
5271,4.48,3.89
5272,4.48,3.89
5273,4.49,3.90
5274,4.48,3.90
5275,4.48,3.90
5276,4.48,3.90
5277,4.48,3.90
5278,4.48,3.90
5280,4.49,3.90
5281,4.48,3.90
5282,4.48,3.90
5283,4.49,3.90
5284,4.48,3.90
5285,4.48,3.90
5286,4.48,3.90
5287,4.48,3.90
5289,4.48,3.90
5291,4.48,3.90
5292,4.48,3.90
5293,4.48,3.90
5294,4.48,3.91
5295,4.48,3.91
5296,4.48,3.91
5297,4.48,3.91
5299,4.48,3.91
5300,4.48,3.91
5301,4.48,3.91
5302,4.48,3.91
5303,4.48,3.91
5304,4.48,3.91
5305,4.48,3.91
5306,4.48,3.91
5308,4.48,3.91
5309,4.48,3.91
5310,4.48,3.91
5311,4.48,3.91
5312,4.48,3.91
5313,4.48,3.91
5314,4.48,3.91
5315,4.48,3.91
5317,4.48,3.91
5318,4.48,3.91
5319,4.48,3.91
5320,4.48,3.91
5321,4.48,3.91
5322,4.48,3.91
5323,4.48,3.91
5324,4.48,3.91
5326,4.48,3.91
5327,4.48,3.91
5328,4.48,3.92
5329,4.48,3.92
5330,4.48,3.92
5331,4.48,3.92
5332,4.48,3.92
5334,4.48,3.92
5336,4.48,3.92
5337,4.48,3.92
5338,4.48,3.92
5339,4.48,3.92
5340,4.48,3.92
5341,4.48,3.92
5342,4.48,3.92
5343,4.48,3.92
5345,4.48,3.92
5346,4.48,3.92
5347,4.48,3.93
5348,4.48,3.93
5349,4.48,3.93
5350,4.48,3.93
5351,4.48,3.93
5352,4.48,3.93
5354,4.48,3.93
5355,4.48,3.93
5356,4.48,3.93
5357,4.48,3.93
5358,4.48,3.94
5359,4.48,3.94
5360,4.48,3.94
5361,4.48,3.94
5363,4.48,3.94
5364,4.48,3.95
5365,4.48,3.95
5366,4.48,3.95
5367,4.48,3.95
5368,4.48,3.95
5369,4.48,3.96
5370,4.48,3.96
5372,4.48,3.96
5373,4.48,3.96
5374,4.48,3.97
5376,4.48,3.97
5377,4.48,3.97
5378,4.48,3.98
5379,4.48,3.98
5380,4.48,3.99
5382,4.48,3.99
5383,4.49,4.00
5384,4.49,4.00
5385,4.48,4.01
5386,4.49,4.02
5387,4.49,4.03
5388,4.49,4.04
5389,4.49,4.05
5391,4.49,4.07
5392,4.49,4.08
5393,4.49,4.10
5394,4.49,4.11
5395,4.50,4.13
5396,4.50,4.16
5397,4.50,4.19
5398,4.50,4.22
5400,4.51,4.25
5401,4.50,4.28
5402,4.51,4.31
5403,4.51,4.34
5404,4.51,4.37
5405,4.51,4.39
5406,4.51,4.42
5407,4.51,4.44
5409,4.51,4.46
5410,4.52,4.48
5411,4.52,4.51
5412,4.52,4.53
5413,4.52,4.55
5414,4.53,4.56
5415,4.53,4.57
5416,4.53,4.59
5419,4.53,4.61
5420,4.53,4.62
5421,4.53,4.64
5422,4.53,4.65
5423,4.54,4.66
5424,4.54,4.67
5425,4.53,4.69
5426,4.54,4.70
5428,4.54,4.71
5429,4.54,4.72
5430,4.54,4.73
5431,4.54,4.74
5432,4.53,4.75
5433,4.54,4.76
5434,4.53,4.76
5436,4.53,4.77
5437,4.53,4.78
5438,4.53,4.78
5439,4.53,4.79
5440,4.53,4.79
5441,4.52,4.80
5442,4.52,4.81
5443,4.52,4.81
5445,4.52,4.82
5446,4.52,4.82
5447,4.51,4.83
5448,4.51,4.83
5449,4.51,4.84
5450,4.51,4.84
5451,4.51,4.84
5452,4.51,4.85
5454,4.50,4.85
5455,4.50,4.86
5456,4.50,4.86
5457,4.50,4.86
5458,4.50,4.87
5459,4.50,4.87
5460,4.49,4.87
5462,4.49,4.88
5464,4.49,4.88
5465,4.49,4.88
5466,4.49,4.89
5467,4.49,4.89
5468,4.49,4.89
5469,4.49,4.89
5470,4.49,4.90
5471,4.49,4.90
5473,4.49,4.90
5474,4.49,4.90
5475,4.49,4.90
5476,4.48,4.91
5477,4.48,4.91
5478,4.48,4.91
5479,4.48,4.91
5480,4.48,4.91
5482,4.48,4.92
5483,4.48,4.92
5484,4.48,4.92
5485,4.48,4.92
5486,4.48,4.92
5487,4.48,4.92
5488,4.48,4.93
5489,4.48,4.93
5491,4.48,4.93
5492,4.48,4.93
5493,4.48,4.93
5494,4.48,4.93
5495,4.48,4.93
5496,4.48,4.94
5497,4.48,4.94
5498,4.48,4.94
5500,4.48,4.94
5501,4.48,4.94
5502,4.48,4.94
5504,4.48,4.94
5505,4.48,4.94
5506,4.48,4.94
5507,4.48,4.95
5508,4.48,4.94
5510,4.48,4.95
5511,4.48,4.95
5512,4.48,4.95
5513,4.48,4.95
5514,4.48,4.95
5515,4.48,4.95
5516,4.48,4.95
5518,4.48,4.95
5519,4.49,4.95
5520,4.49,4.95
5521,4.48,4.95
5522,4.48,4.95
5523,4.48,4.95
5524,4.48,4.95
5525,4.48,4.95
5527,4.48,4.96
5528,4.48,4.96
5529,4.48,4.95
5530,4.48,4.96
5531,4.48,4.96
5532,4.48,4.96
5533,4.48,4.96
5534,4.48,4.96
5536,4.48,4.96
5537,4.48,4.96
5538,4.48,4.96
5539,4.48,4.96
5540,4.48,4.96
5541,4.48,4.96
5542,4.48,4.96
5543,4.48,4.96
5545,4.48,4.96
5547,4.48,4.96
5548,4.48,4.96
5549,4.48,4.96
5550,4.48,4.96
5551,4.48,4.96
5552,4.48,4.96
5553,4.48,4.96
5555,4.48,4.96
5556,4.49,4.97
5557,4.48,4.97
5558,4.48,4.97
5559,4.48,4.96
5560,4.48,4.97
5561,4.48,4.97
5562,4.48,4.97
5564,4.48,4.97
5565,4.48,4.97
5566,4.48,4.97
5567,4.48,4.97
5568,4.48,4.97
5569,4.48,4.97
5570,4.48,4.97
5572,4.48,4.97
5573,4.48,4.97
5574,4.48,4.97
5575,4.48,4.97
5576,4.48,4.97
5577,4.48,4.97
5578,4.48,4.97
5579,4.48,4.96
5581,4.48,4.96
5582,4.48,4.96
5583,4.48,4.95
5584,4.48,4.95
5585,4.48,4.94
5586,4.48,4.94
5587,4.48,4.93
5588,4.48,4.92
5591,4.48,4.91
5592,4.49,4.89
5593,4.49,4.88
5594,4.49,4.87
5595,4.49,4.85
5596,4.49,4.84
5597,4.49,4.82
5598,4.49,4.80
5600,4.49,4.79
5601,4.49,4.78
5602,4.49,4.76
5603,4.49,4.74
5604,4.49,4.72
5605,4.49,4.70
5606,4.49,4.68
5607,4.49,4.67
5609,4.49,4.65
5610,4.49,4.63
5611,4.48,4.61
5612,4.48,4.59
5613,4.48,4.57
5614,4.48,4.56
5615,4.48,4.54
5616,4.48,4.52
5618,4.48,4.50
5619,4.48,4.49
5620,4.47,4.47
5621,4.47,4.45
5622,4.47,4.44
5623,4.47,4.42
5624,4.47,4.41
5625,4.47,4.39
5627,4.47,4.38
5628,4.46,4.36
5629,4.46,4.35
5630,4.46,4.34
5632,4.46,4.33
5633,4.46,4.32
5634,4.46,4.30
5636,4.46,4.29
5637,4.46,4.28
5638,4.46,4.27
5639,4.46,4.26
5640,4.46,4.25
5641,4.46,4.24
5642,4.46,4.23
5643,4.46,4.22
5645,4.46,4.21
5646,4.46,4.20
5647,4.46,4.19
5648,4.45,4.19
5649,4.45,4.18
5650,4.46,4.17
5651,4.46,4.16
5652,4.46,4.16
5654,4.46,4.15
5655,4.46,4.15
5656,4.46,4.14
5657,4.46,4.14
5658,4.46,4.13
5659,4.46,4.13
5660,4.46,4.13
5661,4.46,4.13
5663,4.46,4.12
5664,4.46,4.12
5665,4.46,4.11
5666,4.46,4.11
5667,4.46,4.11
5668,4.46,4.11
5669,4.46,4.10
5671,4.46,4.10
5672,4.46,4.10
5673,4.46,4.10
5675,4.46,4.10
5676,4.46,4.10
5677,4.46,4.10
5678,4.46,4.09
5679,4.47,4.09
5681,4.47,4.09
5682,4.47,4.09
5683,4.47,4.09
5684,4.47,4.09
5685,4.47,4.09
5686,4.47,4.09
5687,4.47,4.09
5688,4.47,4.09
5689,4.47,4.09
5691,4.47,4.09
5692,4.47,4.09
5693,4.47,4.09
5694,4.47,4.09
5695,4.47,4.09
5696,4.47,4.09
5697,4.47,4.09
5698,4.48,4.09
5700,4.48,4.09
5701,4.48,4.10
5702,4.48,4.10
5703,4.48,4.10
5704,4.48,4.10
5705,4.48,4.10
5706,4.48,4.10
5707,4.48,4.10
5709,4.48,4.10
5710,4.48,4.11
5711,4.48,4.11
5712,4.49,4.11
5713,4.49,4.11
5714,4.49,4.11
5715,4.49,4.11
5718,4.49,4.11
5719,4.49,4.11
5720,4.49,4.11
5721,4.49,4.11
5722,4.49,4.11
5723,4.49,4.12
5724,4.49,4.12
5725,4.49,4.12
5727,4.49,4.12
5728,4.49,4.12
5729,4.49,4.12
5730,4.49,4.12
5731,4.49,4.12
5732,4.49,4.12
5733,4.49,4.12
5734,4.49,4.12
5736,4.49,4.13
5737,4.49,4.13
5738,4.49,4.13
5739,4.49,4.13
5740,4.49,4.13
5741,4.49,4.13
5742,4.49,4.13
5744,4.49,4.13
5745,4.49,4.13
5746,4.49,4.13
5747,4.49,4.13
5748,4.49,4.13
5749,4.49,4.13
5750,4.49,4.13
5751,4.49,4.13
5753,4.49,4.13
5754,4.49,4.13
5755,4.49,4.14
5756,4.49,4.14
5757,4.49,4.14
5758,4.49,4.14
5760,4.49,4.14
5761,4.49,4.14
5763,4.49,4.14
5764,4.49,4.14
5765,4.49,4.14
5766,4.49,4.14
5767,4.49,4.14
5768,4.49,4.14
5769,4.49,4.14
5770,4.49,4.14
5772,4.49,4.14
5773,4.49,4.14
5774,4.49,4.14
5775,4.49,4.15
5776,4.49,4.15
5777,4.49,4.15
5778,4.49,4.15
5779,4.49,4.15
5781,4.49,4.15
5782,4.49,4.15
5783,4.49,4.15
5784,4.49,4.15
5785,4.49,4.15
5786,4.49,4.15
5787,4.49,4.15
5788,4.49,4.15
5790,4.49,4.15
5791,4.49,4.15
5792,4.49,4.16
5793,4.49,4.15
5794,4.49,4.16
5795,4.49,4.16
5796,4.49,4.16
5797,4.49,4.16
5799,4.49,4.16
5800,4.49,4.16
5801,4.49,4.16
5803,4.49,4.16
5804,4.49,4.16
5805,4.49,4.16
5806,4.50,4.16
5807,4.49,4.16
5809,4.49,4.16
5810,4.49,4.16
5811,4.49,4.16
5812,4.49,4.16
5813,4.49,4.16
5814,4.49,4.16
5815,4.49,4.17
5816,4.49,4.17
5818,4.49,4.17
5819,4.49,4.17
5820,4.49,4.17
5821,4.49,4.17
5822,4.49,4.17
5823,4.49,4.17
5824,4.49,4.17
5825,4.49,4.17
5827,4.49,4.17
5828,4.49,4.17
5829,4.49,4.17
5830,4.49,4.17
5831,4.49,4.17
5832,4.49,4.17
5833,4.49,4.18
5834,4.49,4.17
5836,4.49,4.18
5837,4.49,4.18
5838,4.49,4.18
5839,4.49,4.18
5840,4.49,4.18
5841,4.49,4.18
5842,4.49,4.18
5843,4.49,4.18
5846,4.49,4.18
5847,4.49,4.18
5848,4.49,4.18
5849,4.49,4.18
5850,4.49,4.18
5851,4.49,4.18
5852,4.49,4.18
5853,4.49,4.18
5855,4.49,4.18
5856,4.49,4.19
5857,4.49,4.19
5858,4.49,4.19
5859,4.49,4.19
5860,4.49,4.19
5861,4.49,4.19
5862,4.49,4.19
5864,4.50,4.19
5865,4.50,4.19
5866,4.50,4.19
5867,4.50,4.19
5868,4.50,4.19
5869,4.50,4.19
5870,4.50,4.19
5871,4.50,4.19
5873,4.50,4.19
5874,4.50,4.19
5875,4.50,4.19
5876,4.50,4.19
5877,4.50,4.19
5878,4.50,4.19
5879,4.50,4.19
5880,4.50,4.20
5882,4.50,4.20
5883,4.50,4.20
5884,4.50,4.20
5885,4.50,4.20
5886,4.50,4.20
5888,4.50,4.20
5889,4.49,4.20
5890,4.50,4.20
5891,4.50,4.20
5893,4.50,4.20
5894,4.49,4.20
5895,4.50,4.20
5896,4.49,4.20
5897,4.49,4.20
5898,4.50,4.21
5899,4.50,4.20
5900,4.49,4.20
5902,4.49,4.21
5903,4.49,4.21
5904,4.49,4.20
5905,4.49,4.21
5906,4.49,4.21
5907,4.49,4.21
5908,4.49,4.21
5909,4.49,4.21
5911,4.50,4.21
5912,4.49,4.21
5913,4.49,4.21
5914,4.49,4.21
5915,4.49,4.21
5916,4.49,4.21
5917,4.49,4.21
5918,4.49,4.21
5920,4.49,4.21
5921,4.49,4.21
5922,4.49,4.21
5923,4.50,4.22
5924,4.50,4.22
5925,4.50,4.22
5926,4.49,4.22
5927,4.49,4.22
5929,4.49,4.22
5931,4.49,4.22
5932,4.50,4.22
5933,4.50,4.22
5934,4.50,4.22
5935,4.49,4.22
5936,4.50,4.22
5937,4.49,4.22
5939,4.49,4.22
5940,4.49,4.22
5941,4.49,4.22
5942,4.49,4.22
5943,4.49,4.22
5944,4.49,4.22
5945,4.49,4.22
5946,4.49,4.22
5948,4.49,4.22
5949,4.50,4.22
5950,4.49,4.22
5951,4.49,4.22
5952,4.49,4.22
5953,4.49,4.23
5954,4.49,4.22
5955,4.49,4.23
5957,4.49,4.23
5958,4.49,4.23
5959,4.49,4.23
5960,4.49,4.23
5961,4.49,4.21
5962,4.47,4.19
5963,4.44,4.17
5964,4.42,4.16
5966,4.40,4.16
5967,4.40,4.15
5968,4.39,4.15
5969,4.39,4.15
5970,4.39,4.16
5971,4.39,4.15
5972,4.37,4.13
5974,4.34,4.10
5976,4.29,4.07
5977,4.24,4.03
5978,4.19,3.99
5979,4.13,3.95
5980,4.09,3.92
5981,4.05,3.91
5982,4.03,3.91
5983,4.02,3.91
5985,4.02,3.91
5986,4.02,3.92
5987,4.03,3.93
5988,4.04,3.94
5989,4.04,3.93
5990,4.02,3.91
5991,4.00,3.89
5992,3.96,3.86
5994,3.93,3.83
5995,3.89,3.80
5996,3.85,3.77
5997,3.82,3.76
5998,3.81,3.76
5999,3.81,3.77
6000,3.82,3.78
6001,3.84,3.79
6003,3.86,3.81
6004,3.88,3.83
6005,3.90,3.83
6006,3.90,3.81
6007,3.89,3.79
6008,3.86,3.77
6009,3.84,3.75
6010,3.81,3.72
6012,3.78,3.70
6013,3.76,3.68
6014,3.74,3.68
6016,3.75,3.69
6017,3.76,3.70
6018,3.78,3.72
6019,3.81,3.74
6020,3.84,3.76
6022,3.86,3.77
6023,3.87,3.76
6024,3.87,3.75
6025,3.85,3.73
6026,3.83,3.71
6027,3.81,3.69
6028,3.78,3.67
6029,3.76,3.65
6031,3.74,3.64
6032,3.74,3.65
6033,3.75,3.67
6034,3.77,3.68
6035,3.80,3.70
6036,3.83,3.73
6037,3.86,3.74
6038,3.87,3.74
6040,3.87,3.73
6041,3.86,3.71
6042,3.84,3.70
6043,3.82,3.68
6044,3.80,3.66
6045,3.77,3.64
6046,3.75,3.63
6047,3.74,3.63
6049,3.75,3.65
6050,3.77,3.66
6051,3.79,3.69
6052,3.82,3.70
6053,3.85,3.73
6054,3.87,3.74
6055,3.88,3.73
6057,3.87,3.71
6059,3.85,3.70
6060,3.84,3.68
6061,3.81,3.67
6062,3.79,3.65
6063,3.76,3.63
6064,3.75,3.63
6065,3.75,3.64
6067,3.76,3.65
6068,3.78,3.68
6069,3.81,3.70
6070,3.84,3.72
6071,3.87,3.73
6072,3.88,3.73
6073,3.87,3.72
6074,3.86,3.71
6076,3.84,3.69
6077,3.82,3.68
6078,3.80,3.66
6079,3.77,3.64
6080,3.74,3.63
6081,3.74,3.63
6082,3.75,3.64
6084,3.76,3.66
6085,3.79,3.69
6086,3.82,3.71
6087,3.85,3.73
6088,3.87,3.73
6089,3.87,3.72
6090,3.86,3.71
6091,3.84,3.70
6093,3.82,3.68
6094,3.80,3.66
6095,3.77,3.65
6096,3.75,3.63
6097,3.73,3.63
6098,3.74,3.64
6099,3.75,3.65
6100,3.78,3.68
6103,3.80,3.70
6104,3.83,3.72
6105,3.86,3.73
6106,3.87,3.73
6107,3.86,3.72
6108,3.85,3.71
6109,3.83,3.69
6110,3.81,3.68
6112,3.78,3.66
6113,3.76,3.63
6114,3.74,3.63
6115,3.73,3.64
6116,3.74,3.65
6117,3.76,3.67
6118,3.79,3.69
6120,3.82,3.72
6121,3.85,3.73
6122,3.86,3.73
6123,3.86,3.72
6124,3.85,3.71
6125,3.83,3.70
6126,3.81,3.68
6127,3.79,3.66
6129,3.76,3.64
6130,3.74,3.63
6131,3.73,3.63
6132,3.73,3.64
6133,3.75,3.66
6134,3.78,3.68
6135,3.80,3.70
6136,3.84,3.73
6138,3.86,3.73
6139,3.86,3.73
6140,3.86,3.72
6141,3.84,3.70
6142,3.82,3.69
6144,3.80,3.67
6145,3.78,3.65
6146,3.75,3.63
6148,3.73,3.63
6149,3.73,3.64
6150,3.74,3.66
6151,3.77,3.67
6152,3.79,3.70
6153,3.82,3.72
6154,3.85,3.73
6156,3.86,3.73
6157,3.86,3.72
6158,3.85,3.71
6159,3.83,3.70
6160,3.81,3.68
6161,3.79,3.66
6162,3.76,3.64
6163,3.74,3.63
6165,3.73,3.63
6166,3.74,3.65
6167,3.76,3.67
6168,3.78,3.69
6169,3.81,3.71
6170,3.84,3.73
6171,3.86,3.73
6172,3.86,3.73
6174,3.85,3.71
6175,3.84,3.70
6176,3.82,3.69
6177,3.79,3.67
6178,3.77,3.65
6179,3.74,3.63
6180,3.73,3.63
6182,3.73,3.64
6183,3.75,3.66
6184,3.77,3.68
6185,3.80,3.70
6187,3.83,3.73
6188,3.86,3.74
6189,3.87,3.73
6190,3.86,3.72
6192,3.85,3.71
6193,3.83,3.70
6194,3.81,3.68
6195,3.79,3.66
6196,3.76,3.64
6197,3.74,3.63
6198,3.73,3.64
6199,3.74,3.65
6201,3.76,3.67
6202,3.79,3.70
6203,3.82,3.72
6204,3.85,3.74
6205,3.87,3.74
6206,3.87,3.73
6207,3.86,3.72
6208,3.84,3.70
6210,3.82,3.69
6211,3.80,3.67
6212,3.77,3.65
6213,3.75,3.64
6214,3.73,3.64
6215,3.74,3.65
6216,3.75,3.66
6217,3.78,3.69
6219,3.81,3.71
6220,3.84,3.73
6221,3.86,3.74
6222,3.87,3.73
6223,3.86,3.72
6224,3.84,3.70
6225,3.83,3.69
6227,3.80,3.67
6228,3.78,3.66
6230,3.75,3.64
6231,3.73,3.64
6232,3.73,3.64
6233,3.74,3.65
6234,3.77,3.68
6235,3.80,3.70
6237,3.82,3.72
6238,3.85,3.74
6239,3.87,3.73
6240,3.86,3.73
6241,3.85,3.71
6242,3.83,3.70
6243,3.81,3.69
6244,3.79,3.66
6246,3.76,3.64
6247,3.74,3.64
6248,3.73,3.64
6249,3.74,3.65
6250,3.76,3.67
6251,3.79,3.69
6252,3.81,3.72
6254,3.85,3.73
6255,3.86,3.74
6256,3.87,3.73
6257,3.86,3.72
6258,3.84,3.71
6259,3.83,3.69
6260,3.80,3.67
6261,3.78,3.65
6263,3.75,3.64
6264,3.74,3.64
6265,3.74,3.65
6266,3.75,3.66
6267,3.78,3.68
6268,3.80,3.70
6269,3.83,3.73
6270,3.86,3.74
6273,3.87,3.73
6274,3.86,3.72
6275,3.85,3.71
6276,3.83,3.70
6277,3.81,3.68
6278,3.78,3.66
6279,3.76,3.64
6280,3.74,3.63
6282,3.73,3.64
6283,3.74,3.65
6284,3.76,3.67
6285,3.79,3.70
6286,3.82,3.72
6287,3.85,3.74
6288,3.87,3.74
6289,3.87,3.73
6291,3.86,3.72
6292,3.84,3.70
6293,3.82,3.69
6294,3.80,3.67
6295,3.77,3.65
6296,3.75,3.64
6297,3.73,3.64
6299,3.74,3.65
6300,3.76,3.67
6301,3.78,3.69
6302,3.81,3.71
6303,3.84,3.74
6304,3.86,3.74
6305,3.87,3.74
6307,3.86,3.73
6308,3.85,3.71
6309,3.83,3.70
6310,3.81,3.68
6311,3.78,3.66
6312,3.76,3.64
6313,3.74,3.64
6315,3.74,3.65
6317,3.75,3.66
6318,3.77,3.68
6319,3.80,3.70
6320,3.83,3.73
6321,3.86,3.74
6322,3.87,3.74
6323,3.86,3.73
6324,3.85,3.72
6326,3.83,3.70
6327,3.81,3.69
6328,3.79,3.67
6329,3.76,3.65
6330,3.74,3.63
6331,3.73,3.64
6332,3.74,3.65
6333,3.76,3.67
6335,3.78,3.69
6336,3.81,3.71
6337,3.84,3.74
6338,3.86,3.74
6339,3.87,3.73
6340,3.86,3.72
6341,3.84,3.71
6343,3.82,3.69
6344,3.80,3.68
6345,3.78,3.66
6346,3.75,3.64
6347,3.73,3.64
6348,3.74,3.65
6349,3.75,3.66
6350,3.77,3.69
6352,3.80,3.71
6353,3.84,3.73
6354,3.86,3.74
6355,3.87,3.74
6356,3.86,3.73
6358,3.85,3.71
6359,3.83,3.70
6360,3.81,3.68
6362,3.78,3.66
6363,3.76,3.64
6364,3.73,3.63
6365,3.73,3.64
6366,3.74,3.66
6367,3.76,3.67
6368,3.79,3.70
6370,3.82,3.72
6371,3.85,3.73
6372,3.86,3.73
6373,3.86,3.73
6374,3.85,3.71
6375,3.83,3.70
6376,3.81,3.68
6377,3.79,3.66
6379,3.76,3.65
6380,3.74,3.63
6381,3.72,3.63
6382,3.73,3.64
6383,3.74,3.66
6384,3.77,3.68
6385,3.80,3.70
6386,3.83,3.73
6388,3.85,3.73
6389,3.86,3.73
6390,3.85,3.72
6391,3.84,3.70
6392,3.82,3.69
6393,3.80,3.67
6394,3.77,3.66
6395,3.75,3.64
6397,3.73,3.63
6398,3.73,3.64
6400,3.74,3.65
6401,3.76,3.67
6402,3.79,3.70
6403,3.82,3.72
6404,3.85,3.73
6406,3.86,3.73
6407,3.86,3.72
6408,3.85,3.71
6409,3.83,3.70
6410,3.81,3.68
6411,3.79,3.66
6412,3.76,3.64
6413,3.74,3.63
6415,3.73,3.63
6416,3.73,3.65
6417,3.75,3.66
6418,3.78,3.69
6419,3.81,3.71
6420,3.84,3.73
6421,3.86,3.73
6422,3.86,3.72
6424,3.85,3.71
6425,3.83,3.70
6426,3.82,3.68
6427,3.79,3.67
6428,3.77,3.65
6429,3.74,3.63
6430,3.72,3.63
6431,3.73,3.63
6433,3.74,3.65
6434,3.76,3.67
6435,3.79,3.70
6436,3.82,3.72
6437,3.85,3.73
6438,3.86,3.73
6439,3.86,3.72
6440,3.84,3.70
6443,3.83,3.69
6444,3.81,3.68
6445,3.78,3.66
6446,3.76,3.64
6447,3.73,3.63
6448,3.73,3.63
6449,3.74,3.65
6450,3.76,3.66
6452,3.78,3.69
6453,3.81,3.71
6454,3.84,3.73
6455,3.86,3.73
6456,3.86,3.72
6457,3.85,3.71
6458,3.84,3.70
6460,3.81,3.68
6461,3.79,3.67
6462,3.77,3.65
6463,3.74,3.63
6464,3.73,3.63
6465,3.73,3.64
6466,3.75,3.66
6467,3.77,3.68
6469,3.80,3.70
6470,3.83,3.72
6471,3.85,3.73
6472,3.86,3.72
6473,3.85,3.71
6474,3.83,3.70
6475,3.81,3.68
6476,3.79,3.66
6478,3.77,3.64
6479,3.74,3.63
6480,3.72,3.62
6481,3.72,3.63
6482,3.73,3.64
6483,3.75,3.66
6484,3.78,3.68
6486,3.81,3.71
6488,3.84,3.72
6489,3.85,3.72
6490,3.85,3.71
6491,3.84,3.70
6492,3.83,3.69
6493,3.81,3.67
6494,3.78,3.66
6495,3.76,3.64
6497,3.73,3.62
6498,3.72,3.62
6499,3.73,3.64
6500,3.74,3.65
6501,3.77,3.68
6502,3.80,3.70
6503,3.83,3.72
6504,3.85,3.73
6506,3.86,3.72
6507,3.85,3.71
6508,3.84,3.70
6509,3.82,3.69
6510,3.80,3.67
6511,3.77,3.65
6512,3.75,3.63
6513,3.73,3.63
6515,3.73,3.63
6516,3.74,3.65
6517,3.76,3.67
6518,3.79,3.69
6519,3.82,3.72
6520,3.85,3.73
6521,3.86,3.72
6523,3.85,3.72
6524,3.84,3.70
6525,3.82,3.69
6526,3.80,3.67
6528,3.78,3.66
6529,3.75,3.64
6530,3.73,3.62
6531,3.72,3.63
6533,3.73,3.64
6534,3.75,3.66
6535,3.77,3.68
6536,3.80,3.70
6537,3.83,3.72
6538,3.85,3.72
6539,3.85,3.72
6540,3.84,3.70
6542,3.83,3.70
6543,3.81,3.68
6544,3.79,3.66
6545,3.76,3.64
6546,3.74,3.63
6547,3.72,3.62
6548,3.72,3.63
6549,3.73,3.65
6551,3.76,3.67
6552,3.79,3.69
6553,3.82,3.72
6554,3.85,3.72
6555,3.85,3.72
6556,3.85,3.71
6557,3.84,3.70
6558,3.82,3.69
6560,3.80,3.67
6561,3.78,3.65
6562,3.75,3.63
6563,3.73,3.62
6564,3.72,3.63
6565,3.73,3.64
6566,3.75,3.66
6568,3.77,3.69
6569,3.80,3.71
6571,3.83,3.72
6572,3.85,3.73
6573,3.85,3.72
6574,3.84,3.71
6575,3.82,3.70
6576,3.80,3.68
6578,3.78,3.66
6579,3.76,3.64
6580,3.73,3.63
6581,3.71,3.62
6582,3.72,3.63
6583,3.73,3.65
6584,3.76,3.67
6585,3.79,3.70
6587,3.82,3.72
6588,3.84,3.72
6589,3.85,3.72
6590,3.84,3.71
6591,3.83,3.70
6592,3.81,3.68
6593,3.79,3.67
6594,3.77,3.65
6596,3.74,3.63
6597,3.72,3.62
6598,3.71,3.63
6599,3.73,3.64
6600,3.74,3.66
6601,3.77,3.69
6602,3.80,3.71
6603,3.83,3.72
6605,3.85,3.72
6606,3.85,3.72
6607,3.84,3.71
6608,3.82,3.70
6609,3.80,3.68
6610,3.78,3.66
6611,3.76,3.64
6612,3.73,3.63
6615,3.72,3.63
6616,3.72,3.64
6617,3.74,3.66
6618,3.76,3.68
6619,3.79,3.70
6620,3.83,3.72
6621,3.85,3.73
6623,3.85,3.72
6624,3.84,3.71
6625,3.83,3.70
6626,3.81,3.68
6627,3.79,3.66
6628,3.76,3.65
6629,3.74,3.62
6630,3.72,3.62
6632,3.72,3.63
6633,3.73,3.65
6634,3.75,3.67
6635,3.78,3.69
6636,3.81,3.72
6637,3.84,3.73
6638,3.85,3.73
6639,3.85,3.72
6641,3.83,3.71
6642,3.82,3.70
6643,3.80,3.68
6644,3.77,3.65
6645,3.75,3.64
6646,3.73,3.63
6647,3.72,3.63
6648,3.73,3.64
6650,3.74,3.66
6651,3.77,3.68
6652,3.80,3.71
6653,3.84,3.73
6654,3.85,3.73
6656,3.85,3.72
6657,3.85,3.71
6658,3.83,3.70
6660,3.81,3.68
6661,3.79,3.67
6662,3.77,3.65
6663,3.74,3.63
6664,3.73,3.63
6665,3.73,3.64
6666,3.74,3.66
6667,3.76,3.68
6669,3.79,3.70
6670,3.83,3.73
6671,3.85,3.73
6672,3.86,3.73
6673,3.86,3.72
6674,3.84,3.71
6675,3.82,3.70
6677,3.80,3.68
6678,3.78,3.66
6679,3.75,3.64
6680,3.73,3.63
6681,3.73,3.64
6682,3.74,3.65
6683,3.76,3.67
6684,3.79,3.70
6686,3.82,3.72
6687,3.85,3.73
6688,3.86,3.74
6689,3.86,3.73
6690,3.85,3.72
6691,3.83,3.70
6692,3.81,3.69
6693,3.79,3.67
6695,3.76,3.65
6696,3.74,3.64
6697,3.73,3.64
6699,3.73,3.65
6700,3.75,3.66
6701,3.77,3.69
6702,3.81,3.71
6704,3.84,3.74
6705,3.87,3.76
6706,3.89,3.76
6707,3.89,3.75
6708,3.88,3.74
6709,3.86,3.73
6710,3.84,3.71
6711,3.82,3.69
6713,3.79,3.68
6714,3.78,3.68
6715,3.78,3.68
6716,3.80,3.70
6717,3.82,3.71
6718,3.84,3.73
6719,3.87,3.76
6720,3.91,3.79
6722,3.94,3.81
6723,3.95,3.80
6724,3.94,3.80
6725,3.95,3.82
6726,3.97,3.84
6727,4.00,3.86
6728,4.03,3.89
6729,4.07,3.92
6731,4.10,3.94
6732,4.13,3.96
6733,4.16,3.98
6734,4.19,4.01
6735,4.22,4.03
6736,4.25,4.05
6737,4.28,4.07
6738,4.30,4.08
6740,4.33,4.10
6742,4.35,4.12
6743,4.38,4.13
6744,4.40,4.15
6745,4.42,4.16
6746,4.44,4.18
6747,4.46,4.19
6748,4.48,4.20
6750,4.49,4.22
6751,4.50,4.23
6752,4.52,4.24
6753,4.53,4.25
6754,4.54,4.25
6755,4.55,4.26
6756,4.56,4.27
6757,4.56,4.27
6759,4.57,4.28
6760,4.57,4.28
6761,4.57,4.29
6762,4.58,4.29
6763,4.58,4.29
6764,4.58,4.30
6765,4.58,4.30
6766,4.58,4.30
6768,4.58,4.30
6769,4.58,4.30
6770,4.58,4.30
6771,4.58,4.31
6772,4.57,4.31
6773,4.57,4.31
6774,4.57,4.31
6775,4.57,4.31
6777,4.57,4.31
6778,4.57,4.31
6779,4.56,4.31
6780,4.56,4.31
6781,4.56,4.30
6782,4.55,4.30
6784,4.55,4.30
6786,4.55,4.30
6787,4.54,4.30
6788,4.54,4.30
6789,4.54,4.30
6790,4.54,4.30
6791,4.53,4.30
6792,4.53,4.30
6793,4.53,4.30
6795,4.52,4.30
6796,4.52,4.29
6797,4.52,4.30
6798,4.52,4.29
6799,4.51,4.29
6800,4.51,4.29
6801,4.51,4.29
6802,4.51,4.29
6804,4.51,4.29
6805,4.51,4.29
6806,4.51,4.29
6807,4.50,4.29
6808,4.50,4.29
6809,4.50,4.29
6810,4.50,4.29
6811,4.50,4.30
6813,4.50,4.30
6814,4.50,4.30
6815,4.50,4.30
6816,4.50,4.30
6817,4.50,4.30
6818,4.50,4.30
6819,4.50,4.30
6820,4.50,4.30
6821,4.50,4.30
6823,4.50,4.29
6824,4.50,4.29
6825,4.50,4.30
6827,4.49,4.30
6828,4.50,4.30
6829,4.50,4.30
6830,4.50,4.30
6831,4.50,4.30
6833,4.50,4.30
6834,4.49,4.30
6835,4.50,4.30
6836,4.50,4.30
6837,4.50,4.30
6838,4.50,4.30
6839,4.49,4.30
6840,4.49,4.30
6841,4.49,4.30
6843,4.50,4.30
6844,4.50,4.30
6845,4.50,4.30
6846,4.50,4.30
6847,4.50,4.30
6848,4.50,4.30
6849,4.50,4.30
6850,4.50,4.30
6852,4.50,4.30
6853,4.50,4.30
6854,4.50,4.30
6855,4.50,4.30
6856,4.50,4.30
6857,4.50,4.30
6858,4.50,4.30
6859,4.50,4.30
6860,4.50,4.30
6862,4.50,4.30
6863,4.50,4.30
6864,4.50,4.30
6865,4.50,4.30
6866,4.50,4.30
6867,4.50,4.30
6868,4.50,4.30
6870,4.50,4.30
6872,4.50,4.30
6873,4.50,4.30
6874,4.50,4.30
6875,4.50,4.30
6876,4.50,4.30
6877,4.50,4.30
6878,4.50,4.30
6879,4.50,4.30
6880,4.50,4.30
6882,4.50,4.30
6883,4.50,4.30
6884,4.50,4.30
6885,4.50,4.30
6886,4.50,4.30
6887,4.50,4.30
6888,4.50,4.30
6889,4.50,4.30
6891,4.50,4.30
6892,4.50,4.30
6893,4.50,4.30
6894,4.50,4.30
6895,4.50,4.30
6896,4.50,4.30
6897,4.50,4.31
6898,4.50,4.31
6899,4.50,4.31
6901,4.50,4.31
6902,4.50,4.31
6903,4.50,4.31
6904,4.50,4.31
6905,4.50,4.31
6906,4.50,4.31
6907,4.50,4.31
6909,4.50,4.31
6910,4.50,4.31
6912,4.50,4.31
6913,4.50,4.31
6914,4.50,4.31
6915,4.50,4.31
6916,4.50,4.31
6917,4.50,4.31
6919,4.50,4.31
6920,4.50,4.31
6921,4.50,4.31
6922,4.50,4.31
6923,4.50,4.31
6924,4.50,4.31
6925,4.49,4.31
6926,4.49,4.31
6928,4.49,4.31
6929,4.49,4.31
6930,4.49,4.31
6931,4.49,4.31
6932,4.49,4.31
6933,4.49,4.31
6934,4.49,4.31
6935,4.49,4.31
6937,4.49,4.32
6938,4.50,4.32
6939,4.50,4.31
6940,4.49,4.31
6941,4.49,4.32
6942,4.49,4.32
6943,4.49,4.32
6944,4.49,4.32
6946,4.49,4.32
6947,4.49,4.32
6948,4.49,4.32
6949,4.49,4.32
6950,4.49,4.32
6951,4.49,4.32
6952,4.49,4.32
6955,4.49,4.32
6956,4.49,4.32
6957,4.49,4.32
6958,4.49,4.32
6959,4.50,4.32
6960,4.50,4.32
6961,4.50,4.31
6962,4.50,4.32
6964,4.50,4.32
6965,4.50,4.32
6966,4.50,4.32
6967,4.50,4.32
6968,4.50,4.32
6969,4.50,4.32
6970,4.50,4.32
6972,4.50,4.32
6973,4.50,4.32
6974,4.50,4.32
6975,4.50,4.32
6976,4.49,4.33
6977,4.49,4.32
6978,4.49,4.33
6979,4.50,4.33
6981,4.50,4.33
6982,4.50,4.33
6983,4.50,4.33
6984,4.49,4.33
6985,4.49,4.33
6986,4.49,4.33
6987,4.49,4.33
6989,4.49,4.33
6990,4.49,4.33
6991,4.49,4.33
6992,4.49,4.33
6993,4.50,4.33
6994,4.50,4.33
6995,4.50,4.33
6996,4.50,4.33
6999,4.49,4.33
7000,4.49,4.34
7001,4.49,4.34
7002,4.50,4.34
7003,4.49,4.34
7004,4.50,4.34
7005,4.49,4.34
7007,4.49,4.34
7008,4.50,4.34
7009,4.50,4.34
7010,4.50,4.34
7011,4.50,4.34
7012,4.50,4.34
7013,4.50,4.34
7014,4.50,4.34
7016,4.50,4.35
7017,4.50,4.35
7018,4.50,4.35
7019,4.50,4.35
7020,4.50,4.35
7021,4.50,4.35
7022,4.50,4.35
7023,4.50,4.35
7025,4.50,4.35
7026,4.50,4.35
7027,4.50,4.35
7028,4.50,4.35
7029,4.50,4.35
7030,4.50,4.35
7031,4.50,4.35
7032,4.50,4.35
7034,4.50,4.35
7035,4.50,4.36
7036,4.50,4.36
7037,4.50,4.36
7038,4.50,4.36
7040,4.50,4.36
7041,4.50,4.36
7042,4.50,4.36
7044,4.50,4.36
7045,4.50,4.36
7046,4.50,4.36
7047,4.50,4.36
7048,4.49,4.36
7049,4.50,4.36
7050,4.49,4.37
7051,4.50,4.37
7053,4.50,4.37
7054,4.50,4.37
7055,4.50,4.37
7056,4.50,4.37
7057,4.50,4.37
7058,4.50,4.37
7059,4.50,4.37
7060,4.50,4.37
7062,4.50,4.37
7063,4.50,4.37
7064,4.50,4.37
7065,4.49,4.37
7066,4.50,4.38
7067,4.49,4.38
7068,4.50,4.38
7069,4.50,4.38
7071,4.49,4.38
7072,4.50,4.38
7073,4.50,4.38
7074,4.49,4.38
7075,4.50,4.38
7076,4.50,4.38
7077,4.50,4.38
7078,4.49,4.38
7080,4.49,4.38
7081,4.49,4.38
7083,4.49,4.38
7084,4.49,4.38
7085,4.49,4.38
7086,4.49,4.38
7087,4.49,4.38
7088,4.49,4.38
7090,4.49,4.39
7091,4.49,4.39
7092,4.50,4.39
7093,4.49,4.39
7094,4.49,4.39
7095,4.49,4.39
7096,4.49,4.39
7097,4.49,4.39
7099,4.49,4.39
7100,4.49,4.39
7101,4.49,4.39
7102,4.49,4.39
7103,4.49,4.39
7104,4.49,4.39
7105,4.50,4.39
7106,4.49,4.39
7108,4.49,4.39
7109,4.49,4.39
7110,4.49,4.39
7111,4.49,4.39
7112,4.49,4.39
7113,4.49,4.39
7114,4.49,4.39
7115,4.49,4.39
7117,4.49,4.39
7118,4.49,4.39
7119,4.49,4.39
7120,4.49,4.39
7121,4.49,4.39
7122,4.49,4.39
7123,4.49,4.39
7124,4.49,4.39
7127,4.49,4.39
7128,4.49,4.39
7129,4.49,4.39
7130,4.49,4.39
7131,4.49,4.39
7132,4.49,4.39
7133,4.49,4.39
7134,4.49,4.39
7136,4.49,4.39
7137,4.49,4.39
7138,4.49,4.39
7139,4.49,4.39
7140,4.49,4.39
7141,4.49,4.39
7142,4.49,4.39
7143,4.49,4.39
7145,4.49,4.39
7146,4.49,4.39
7147,4.49,4.39
7148,4.49,4.39
7149,4.49,4.39
7150,4.49,4.39
7151,4.49,4.39
7152,4.49,4.38
7154,4.49,4.38
7155,4.49,4.38
7156,4.49,4.38
7157,4.49,4.38
7158,4.49,4.38
7159,4.49,4.38
7160,4.49,4.38
7161,4.49,4.38
7163,4.49,4.38
7164,4.49,4.38
7165,4.49,4.38
7166,4.49,4.38
7168,4.49,4.37
7169,4.49,4.37
7170,4.49,4.37
7171,4.49,4.37
7173,4.49,4.37
7174,4.49,4.37
7175,4.49,4.37
7176,4.49,4.37
7177,4.49,4.37
7178,4.49,4.37
7179,4.49,4.36
7180,4.49,4.36
7182,4.49,4.36
7183,4.49,4.36
7184,4.49,4.36
7185,4.49,4.36
7186,4.49,4.36
7187,4.49,4.36
7188,4.49,4.35
7189,4.49,4.35
7191,4.49,4.35
7192,4.49,4.35
7193,4.49,4.35
7194,4.49,4.35
7195,4.49,4.35
7196,4.49,4.35
7197,4.49,4.35
7198,4.49,4.34
7200,4.49,4.34
7201,4.49,4.34
7202,4.49,4.34
7203,4.49,4.34
7204,4.49,4.33
7205,4.49,4.33
7206,4.49,4.33
7207,4.49,4.33
7209,4.49,4.33
7211,4.49,4.32
7212,4.49,4.32
7213,4.49,4.32
7214,4.49,4.31
7215,4.49,4.31
7216,4.49,4.31
7218,4.49,4.31
7219,4.49,4.30
7220,4.49,4.30
7221,4.49,4.30
7222,4.49,4.29
7223,4.49,4.29
7224,4.49,4.29
7225,4.49,4.28
7227,4.49,4.28
7228,4.49,4.28
7229,4.49,4.27
7230,4.49,4.27
7231,4.49,4.27
7232,4.49,4.26
7233,4.49,4.26
7234,4.49,4.25
7236,4.49,4.25
7237,4.49,4.25
7238,4.49,4.24
7239,4.49,4.24
7240,4.49,4.24
7241,4.49,4.23
7242,4.49,4.23
7243,4.49,4.22
7245,4.49,4.22
7246,4.49,4.22
7247,4.49,4.21
7248,4.49,4.21
7249,4.49,4.20
7250,4.49,4.20
7251,4.49,4.20
7252,4.48,4.19
7255,4.49,4.19
7256,4.49,4.18
7257,4.49,4.18
7258,4.49,4.17
7259,4.49,4.17
7260,4.48,4.16
7261,4.48,4.16
7262,4.49,4.16
7264,4.49,4.15
7265,4.49,4.15
7266,4.48,4.15
7267,4.48,4.14
7268,4.48,4.14
7269,4.48,4.13
7270,4.48,4.13
7271,4.48,4.13
7273,4.48,4.13
7274,4.48,4.12
7275,4.48,4.12
7276,4.48,4.12
7277,4.48,4.11
7278,4.48,4.11
7279,4.48,4.11
7281,4.48,4.10
7282,4.48,4.10
7283,4.48,4.09
7284,4.48,4.09
7285,4.48,4.09
7286,4.48,4.08
7287,4.48,4.08
7288,4.48,4.08
7290,4.48,4.07
7291,4.48,4.07
7292,4.48,4.07
7293,4.48,4.06
7294,4.48,4.06
7296,4.48,4.06
7297,4.48,4.05
7298,4.48,4.05
7300,4.48,4.05
7301,4.48,4.04
7302,4.48,4.04
7303,4.48,4.04
7304,4.48,4.04
7305,4.48,4.03
7306,4.48,4.03
7307,4.48,4.03
7309,4.48,4.03
7310,4.48,4.02
7311,4.48,4.02
7312,4.48,4.02
7313,4.48,4.02
7314,4.48,4.01
7315,4.48,4.01
7316,4.48,4.01
7318,4.48,4.01
7319,4.48,4.00
7320,4.48,4.00
7321,4.48,4.00
7322,4.48,4.00
7323,4.48,3.99
7324,4.48,3.99
7325,4.48,3.99
7326,4.48,3.99
7328,4.48,3.99
7329,4.48,3.99
7330,4.48,3.99
7331,4.48,3.99
7332,4.48,3.99
7333,4.48,3.98
7334,4.48,3.98
7335,4.48,3.98
7337,4.48,3.98
7339,4.48,3.98
7340,4.48,3.98
7341,4.48,3.98
7342,4.48,3.98
7343,4.48,3.97
7344,4.48,3.98
7345,4.48,3.97
7347,4.48,3.97
7348,4.48,3.97
7349,4.48,3.97
7350,4.48,3.97
7351,4.48,3.97
7352,4.48,3.97
7353,4.48,3.97
7354,4.48,3.97
7356,4.48,3.97
7357,4.49,3.97
7358,4.48,3.97
7359,4.48,3.97
7360,4.48,3.97
7361,4.48,3.97
7362,4.48,3.97
7363,4.48,3.97
7365,4.49,3.97
7366,4.48,3.97
7367,4.49,3.97
7368,4.49,3.97
7369,4.49,3.97
7370,4.49,3.98
7371,4.49,3.98
7372,4.49,3.98
7374,4.49,3.98
7375,4.49,3.98
7376,4.49,3.98
7377,4.49,3.98
7378,4.49,3.98
7379,4.49,3.98
7380,4.49,3.98
7382,4.49,3.98
7384,4.49,3.98
7385,4.49,3.98
7386,4.49,3.98
7387,4.49,3.98
7388,4.49,3.98
7389,4.49,3.98
7390,4.49,3.98
7391,4.49,3.98
7393,4.49,3.99
7394,4.49,3.99
7395,4.49,3.99
7396,4.49,3.99
7397,4.48,3.99
7398,4.49,3.99
7399,4.49,3.99
7400,4.49,3.99
7402,4.49,3.99
7403,4.48,3.99
7404,4.49,3.99
7405,4.48,3.99
7406,4.49,3.99
7407,4.48,3.99
7408,4.49,3.99
7410,4.49,3.99
7411,4.48,3.99
7412,4.49,3.99
7413,4.49,3.99
7414,4.48,3.99
7415,4.49,4.00
7416,4.48,4.00
7417,4.49,4.00
7418,4.49,4.00
7420,4.48,4.00
7421,4.48,4.00
7422,4.48,4.00
7424,4.49,4.00
7425,4.49,4.00
7426,4.48,4.00
7427,4.48,4.00
7428,4.48,4.00
7430,4.48,4.00
7431,4.48,4.00
7432,4.48,4.00
7433,4.48,4.00
7434,4.48,4.00
7435,4.48,4.00
7436,4.49,4.00
7437,4.49,4.01
7438,4.49,4.01
7440,4.49,4.01
7441,4.49,4.01
7442,4.48,4.01
7443,4.48,4.01
7444,4.48,4.01
7445,4.49,4.01
7446,4.49,4.01
7447,4.49,4.01
7449,4.49,4.01
7450,4.48,4.01
7451,4.49,4.01
7452,4.49,4.02
7453,4.48,4.02
7454,4.48,4.02
7455,4.48,4.02
7456,4.48,4.02
7458,4.48,4.02
7459,4.48,4.02
7460,4.48,4.02
7461,4.48,4.02
7462,4.49,4.02
7463,4.48,4.02
7464,4.48,4.02
7465,4.49,4.02
7468,4.49,4.02
7469,4.48,4.02
7470,4.48,4.03
7471,4.48,4.03
7472,4.48,4.03
7473,4.48,4.03
7474,4.48,4.03
7475,4.49,4.03
7477,4.48,4.03
7478,4.48,4.03
7479,4.49,4.04
7480,4.48,4.04
7481,4.49,4.04
7482,4.49,4.04
7483,4.49,4.04
7484,4.49,4.04
7486,4.49,4.04
7487,4.48,4.05
7488,4.49,4.05
7489,4.49,4.05
7490,4.48,4.05
7491,4.49,4.05
7492,4.49,4.05
7493,4.49,4.05
7495,4.48,4.06
7496,4.48,4.06
7497,4.49,4.06
7498,4.48,4.06
7499,4.49,4.06
7500,4.49,4.06
7501,4.49,4.07
7502,4.48,4.07
7504,4.49,4.07
7505,4.49,4.07
7506,4.49,4.07
7507,4.49,4.08
7508,4.48,4.08
7510,4.48,4.08
7511,4.49,4.08
7512,4.49,4.08
7514,4.49,4.08
7515,4.49,4.09
7516,4.49,4.09
7517,4.48,4.09
7518,4.48,4.09
7519,4.48,4.09
7520,4.49,4.10
7521,4.48,4.10
7523,4.48,4.10
7524,4.48,4.10
7525,4.49,4.10
7526,4.49,4.10
7527,4.48,4.11
7528,4.48,4.11
7529,4.48,4.11
7531,4.49,4.11
7532,4.48,4.11
7533,4.48,4.11
7534,4.49,4.11
7535,4.49,4.12
7536,4.48,4.12
7537,4.48,4.12
7538,4.48,4.12
7540,4.48,4.12
7541,4.48,4.13
7542,4.48,4.13
7543,4.48,4.13
7544,4.48,4.13
7545,4.48,4.13
7546,4.48,4.13
7548,4.48,4.13
7549,4.48,4.13
7550,4.48,4.13
7552,4.49,4.13
7553,4.49,4.13
7554,4.48,4.14
7555,4.48,4.14
7556,4.48,4.14
7558,4.48,4.14
7559,4.48,4.14
7560,4.48,4.14
7561,4.48,4.14
7562,4.48,4.14
7563,4.48,4.15
7564,4.48,4.15
7565,4.49,4.15
7567,4.48,4.15
7568,4.48,4.15
7569,4.48,4.15
7570,4.48,4.15
7571,4.48,4.16
7572,4.48,4.16
7573,4.48,4.16
7574,4.48,4.16
7576,4.48,4.16
7577,4.48,4.16
7578,4.48,4.16
7579,4.48,4.16
7580,4.48,4.16
7581,4.48,4.17
7582,4.48,4.17
7583,4.48,4.17
7585,4.48,4.17
7586,4.48,4.17
7587,4.48,4.17
7588,4.48,4.17
7589,4.48,4.17
7590,4.48,4.17
7591,4.48,4.17
7592,4.48,4.17
7595,4.48,4.18
7596,4.48,4.18
7597,4.48,4.18
7598,4.48,4.18
7599,4.48,4.18
7600,4.48,4.18
7601,4.48,4.19
7602,4.49,4.19
7604,4.49,4.19
7605,4.48,4.19
7606,4.48,4.19
7607,4.48,4.20
7608,4.49,4.20
7609,4.49,4.20
7610,4.49,4.20
7611,4.49,4.20
7613,4.49,4.20
7614,4.49,4.20
7615,4.49,4.21
7616,4.49,4.21
7617,4.49,4.21
7618,4.49,4.21
7619,4.48,4.21
7620,4.48,4.21
7622,4.48,4.21
7623,4.48,4.21
7624,4.48,4.21
7625,4.48,4.21
7626,4.48,4.21
7627,4.48,4.21
7628,4.48,4.21
7629,4.48,4.21
7631,4.49,4.21
7632,4.48,4.21
7633,4.48,4.21
7634,4.49,4.21
7635,4.49,4.21
7636,4.48,4.21
7638,4.48,4.22
7639,4.48,4.22
7641,4.49,4.22
7642,4.49,4.22
7643,4.49,4.22
7644,4.49,4.22
7645,4.48,4.22
7646,4.49,4.23
7647,4.49,4.23
7648,4.49,4.23
7650,4.49,4.23
7651,4.49,4.23
7652,4.49,4.24
7653,4.49,4.24
7654,4.49,4.24
7655,4.49,4.24
7656,4.49,4.25
7657,4.49,4.25
7659,4.49,4.25
7660,4.49,4.26
7661,4.49,4.26
7662,4.49,4.26
7663,4.49,4.27
7664,4.49,4.27
7665,4.49,4.27
7667,4.49,4.28
7668,4.49,4.28
7669,4.49,4.28
7670,4.49,4.28
7671,4.49,4.29
7672,4.49,4.29
7673,4.49,4.29
7674,4.49,4.29
7676,4.49,4.30
7677,4.49,4.30
7678,4.49,4.30
7680,4.49,4.30
7681,4.49,4.30
7682,4.49,4.30
7683,4.49,4.30
7684,4.49,4.30
7686,4.49,4.30
7687,4.49,4.30
7688,4.49,4.30
7689,4.49,4.30
7690,4.49,4.30
7691,4.49,4.30
7692,4.49,4.30
7693,4.49,4.30
7695,4.48,4.29
7696,4.49,4.29
7697,4.48,4.29
7698,4.48,4.29
7699,4.48,4.28
7700,4.48,4.28
7701,4.49,4.28
7702,4.48,4.28
7704,4.48,4.28
7705,4.48,4.28
7706,4.48,4.27
7707,4.48,4.27
7708,4.49,4.27
7709,4.49,4.27
7710,4.49,4.27
7711,4.49,4.26
7713,4.49,4.26
7714,4.49,4.26
7715,4.49,4.25
7716,4.49,4.25
7717,4.49,4.25
7718,4.49,4.24
7719,4.49,4.24
7720,4.49,4.24
7723,4.49,4.24
7724,4.49,4.23
7725,4.49,4.23
7726,4.49,4.23
7727,4.49,4.22
7728,4.49,4.22
7729,4.49,4.22
7730,4.49,4.21
7732,4.49,4.21
7733,4.49,4.21
7734,4.49,4.20
7735,4.49,4.20
7736,4.49,4.20
7737,4.49,4.19
7738,4.49,4.19
7739,4.49,4.19
7741,4.48,4.19
7742,4.48,4.18
7743,4.49,4.18
7744,4.48,4.18
7745,4.48,4.18
7746,4.48,4.17
7747,4.48,4.17
7748,4.48,4.17
7750,4.48,4.17
7751,4.48,4.16
7752,4.48,4.16
7753,4.48,4.16
7754,4.48,4.16
7755,4.48,4.15
7756,4.48,4.15
7757,4.48,4.15
7759,4.48,4.15
7760,4.48,4.15
7761,4.48,4.15
7762,4.48,4.14
7763,4.48,4.14
7764,4.48,4.14
7766,4.48,4.14
7767,4.48,4.14
7769,4.48,4.14
7770,4.48,4.14
7771,4.48,4.14
7772,4.48,4.13
7773,4.48,4.13
7774,4.48,4.13
7775,4.48,4.13
7776,4.48,4.13
7778,4.48,4.13
7779,4.48,4.13
7780,4.48,4.13
7781,4.48,4.13
7782,4.48,4.13
7783,4.48,4.13
7784,4.48,4.13
7785,4.48,4.13
7787,4.48,4.13
7788,4.48,4.13
7789,4.48,4.13
7790,4.48,4.13
7791,4.48,4.13
7792,4.48,4.13
7793,4.49,4.13
7794,4.49,4.13
7796,4.49,4.13
7797,4.49,4.13
7798,4.49,4.13
7799,4.49,4.13
7800,4.49,4.13
7801,4.49,4.13
7802,4.49,4.14
7803,4.49,4.14
7805,4.49,4.14
7806,4.49,4.14
7808,4.49,4.14
7809,4.49,4.14
7810,4.49,4.14
7811,4.49,4.14
7812,4.49,4.14
7813,4.49,4.14
7815,4.49,4.14
7816,4.49,4.14
7817,4.49,4.14
7818,4.49,4.14
7819,4.49,4.14
7820,4.49,4.15
7821,4.49,4.15
7822,4.49,4.15
7824,4.49,4.15
7825,4.49,4.15
7826,4.49,4.15
7827,4.49,4.15
7828,4.49,4.15
7829,4.49,4.15
7830,4.49,4.15
7831,4.49,4.15
7833,4.49,4.15
7834,4.49,4.15
7835,4.49,4.15
7836,4.49,4.15
7837,4.49,4.15
7838,4.49,4.15
7839,4.49,4.15
7840,4.49,4.15
7842,4.49,4.15
7843,4.49,4.15
7844,4.49,4.16
7845,4.49,4.16
7846,4.49,4.16
7847,4.49,4.16
7848,4.49,4.16
7849,4.49,4.16
7852,4.49,4.16
7853,4.49,4.16
7854,4.49,4.16
7855,4.49,4.16
7856,4.49,4.16
7857,4.49,4.16
7858,4.49,4.16
7859,4.49,4.16
7861,4.49,4.16
7862,4.49,4.16
7863,4.49,4.16
7864,4.49,4.16
7865,4.49,4.16
7866,4.49,4.17
7867,4.49,4.17
7868,4.49,4.17
7870,4.49,4.16
7871,4.49,4.17
7872,4.49,4.17
7873,4.49,4.17
7874,4.49,4.17
7875,4.49,4.17
7876,4.49,4.17
7877,4.49,4.17
7879,4.49,4.17
7880,4.49,4.17
7881,4.49,4.17
7882,4.49,4.17
7883,4.49,4.17
7884,4.49,4.17
7885,4.49,4.17
7886,4.49,4.17
7888,4.49,4.17
7889,4.49,4.17
7890,4.49,4.18
7891,4.49,4.18
7892,4.49,4.18
7894,4.49,4.18
7895,4.49,4.18
7896,4.49,4.18
7898,4.49,4.18
7899,4.49,4.18
7900,4.49,4.18
7901,4.50,4.18
7902,4.50,4.18
7903,4.49,4.18
7904,4.49,4.18
7905,4.50,4.18
7907,4.50,4.18
7908,4.49,4.18
7909,4.50,4.18
7910,4.50,4.18
7911,4.50,4.18
7912,4.50,4.18
7913,4.50,4.18
7914,4.50,4.18
7916,4.50,4.18
7917,4.50,4.18
7918,4.50,4.18
7919,4.50,4.18
7920,4.50,4.18
7921,4.50,4.18
7922,4.50,4.18
7923,4.50,4.18
7925,4.50,4.18
7926,4.50,4.19
7927,4.50,4.18
7928,4.50,4.19
7929,4.50,4.19
7930,4.50,4.19
7931,4.50,4.19
7932,4.50,4.19
7934,4.50,4.19
7936,4.50,4.19
7937,4.50,4.19
7938,4.50,4.19
7939,4.50,4.19
7940,4.50,4.19
7941,4.50,4.19
7942,4.50,4.19
7944,4.50,4.19
7945,4.50,4.19
7946,4.50,4.19
7947,4.50,4.19
7948,4.50,4.19
7949,4.50,4.19
7950,4.50,4.19
7952,4.50,4.19
7953,4.50,4.19
7954,4.50,4.19
7955,4.50,4.19
7956,4.50,4.19
7957,4.50,4.19
7958,4.50,4.19
7959,4.49,4.19
7961,4.50,4.19
7962,4.50,4.19
7963,4.50,4.19
7964,4.50,4.19
7965,4.50,4.19
7966,4.50,4.19
7967,4.50,4.19
7968,4.50,4.19
7970,4.50,4.19
7971,4.50,4.19
7972,4.50,4.19
7973,4.50,4.19
7974,4.50,4.20
7975,4.50,4.20
7976,4.50,4.20
7977,4.50,4.20
7980,4.50,4.20
7981,4.50,4.20
7982,4.50,4.20
7983,4.50,4.20
7984,4.50,4.20
7985,4.50,4.20
7986,4.50,4.20
7987,4.50,4.20
7988,4.50,4.20
7990,4.50,4.20
7991,4.50,4.20
7992,4.50,4.20
7993,4.50,4.20
7994,4.50,4.20
7995,4.50,4.20
7996,4.50,4.20
7997,4.50,4.20
7999,4.50,4.20
8000,4.50,4.20
8001,4.50,4.20
8002,4.50,4.20
8003,4.50,4.20
8004,4.50,4.20
8005,4.50,4.20
8006,4.50,4.20
8007,4.50,4.20
8009,4.50,4.21
8010,4.50,4.20
8011,4.50,4.21
8012,4.50,4.21
8013,4.50,4.20
8014,4.50,4.21
8015,4.50,4.21
8016,4.50,4.21
8018,4.50,4.21
8019,4.50,4.21
8020,4.50,4.21
8022,4.50,4.21
8023,4.50,4.21
8024,4.50,4.21
8025,4.50,4.21
8026,4.50,4.21
8028,4.50,4.21
8029,4.50,4.21
8030,4.50,4.21
8031,4.50,4.21
8032,4.50,4.21
8033,4.50,4.21
8034,4.50,4.21
8035,4.50,4.21
8037,4.50,4.22
8038,4.50,4.21
8039,4.48,4.19
8040,4.44,4.16
8041,4.39,4.13
8042,4.35,4.09
8043,4.29,4.04
8044,4.23,4.00
8046,4.17,3.97
8047,4.13,3.95
8048,4.11,3.94
8049,4.09,3.94
8050,4.09,3.94
8051,4.09,3.95
8052,4.09,3.96
8053,4.10,3.96
8055,4.10,3.95
8056,4.07,3.93
8057,4.04,3.91
8058,4.01,3.88
8059,3.97,3.85
8060,3.92,3.81
8061,3.89,3.78
8062,3.85,3.77
8065,3.83,3.77
8066,3.83,3.77
8067,3.83,3.78
8068,3.85,3.79
8069,3.87,3.81
8070,3.89,3.83
8071,3.90,3.82
8072,3.90,3.81
8074,3.89,3.79
8075,3.86,3.76
8076,3.84,3.74
8077,3.81,3.72
8078,3.78,3.70
8079,3.75,3.68
8080,3.73,3.67
8081,3.73,3.68
8083,3.75,3.70
8084,3.77,3.71
8085,3.79,3.73
8086,3.82,3.75
8087,3.85,3.75
8088,3.85,3.74
8089,3.85,3.73
8090,3.83,3.71
8092,3.81,3.70
8093,3.79,3.67
8094,3.77,3.65
8095,3.74,3.63
8096,3.72,3.63
8097,3.72,3.63
8098,3.73,3.65
8099,3.75,3.66
8101,3.78,3.68
8102,3.81,3.70
8103,3.84,3.72
8104,3.85,3.72
8105,3.85,3.71
8107,3.84,3.70
8108,3.82,3.68
8110,3.80,3.66
8111,3.78,3.64
8112,3.75,3.62
8113,3.73,3.61
8114,3.72,3.61
8115,3.73,3.62
8116,3.74,3.64
8117,3.77,3.66
8119,3.80,3.69
8120,3.83,3.71
8121,3.86,3.71
8122,3.86,3.71
8123,3.86,3.70
8124,3.84,3.68
8125,3.82,3.66
8126,3.80,3.65
8128,3.78,3.63
8129,3.75,3.61
8130,3.74,3.61
8131,3.73,3.62
8132,3.75,3.63
8133,3.77,3.66
8134,3.80,3.68
8135,3.83,3.70
8137,3.86,3.72
8138,3.87,3.71
8139,3.87,3.70
8140,3.86,3.70
8141,3.84,3.68
8142,3.83,3.67
8143,3.80,3.65
8144,3.78,3.63
8146,3.75,3.62
8147,3.74,3.62
8148,3.75,3.64
8150,3.77,3.65
8151,3.79,3.67
8152,3.82,3.70
8153,3.85,3.71
8154,3.87,3.72
8156,3.88,3.71
8157,3.87,3.70
8158,3.85,3.69
8159,3.84,3.67
8160,3.81,3.66
8161,3.79,3.64
8162,3.76,3.62
8164,3.74,3.62
8165,3.74,3.63
8166,3.76,3.64
8167,3.78,3.66
8168,3.81,3.69
8169,3.84,3.71
8170,3.87,3.72
8171,3.88,3.72
8173,3.88,3.71
8174,3.87,3.70
8175,3.85,3.69
8176,3.83,3.67
8177,3.80,3.65
8178,3.77,3.63
8179,3.75,3.63
8180,3.75,3.63
8182,3.75,3.64
8183,3.77,3.66
8184,3.80,3.68
8185,3.83,3.70
8186,3.86,3.72
8187,3.88,3.72
8188,3.88,3.72
8189,3.87,3.71
8192,3.85,3.70
8193,3.83,3.68
8194,3.81,3.66
8195,3.79,3.65
8196,3.76,3.63
8197,3.75,3.63
8198,3.75,3.64
8199,3.76,3.65
8201,3.79,3.67
8202,3.82,3.70
8203,3.85,3.72
8204,3.87,3.73
8205,3.88,3.72
8206,3.87,3.71
8207,3.86,3.70
8208,3.84,3.69
8210,3.82,3.67
8211,3.79,3.65
8212,3.77,3.63
8213,3.75,3.63
8214,3.74,3.63
8215,3.75,3.64
8216,3.77,3.66
8218,3.80,3.69
8219,3.83,3.71
8220,3.86,3.73
8221,3.88,3.73
8222,3.88,3.72
8223,3.87,3.71
8224,3.85,3.70
8225,3.83,3.68
8227,3.81,3.66
8228,3.79,3.65
8229,3.76,3.63
8230,3.75,3.63
8231,3.75,3.64
8232,3.77,3.66
8233,3.80,3.68
8235,3.82,3.70
8237,3.86,3.73
8238,3.88,3.73
8239,3.89,3.73
8240,3.88,3.72
8241,3.87,3.70
8242,3.85,3.69
8243,3.82,3.67
8244,3.80,3.66
8246,3.77,3.64
8247,3.75,3.63
8248,3.75,3.64
8249,3.77,3.65
8250,3.79,3.67
8251,3.81,3.69
8252,3.84,3.72
8253,3.87,3.73
8255,3.88,3.73
8256,3.88,3.72
8257,3.87,3.71
8258,3.85,3.70
8259,3.83,3.68
8260,3.80,3.66
8261,3.78,3.64
8262,3.75,3.63
8264,3.75,3.63
8265,3.75,3.64
8266,3.77,3.66
8267,3.79,3.68
8268,3.82,3.70
8269,3.86,3.72
8270,3.88,3.73
8272,3.88,3.72
8273,3.87,3.71
8274,3.86,3.70
8275,3.84,3.69
8276,3.82,3.67
8278,3.79,3.65
8279,3.76,3.63
8280,3.75,3.63
8282,3.75,3.63
8283,3.76,3.65
8284,3.79,3.67
8285,3.81,3.70
8286,3.84,3.72
8287,3.87,3.73
8288,3.88,3.72
8289,3.88,3.72
8291,3.86,3.70
8292,3.85,3.69
8293,3.83,3.67
8294,3.80,3.65
8295,3.78,3.64
8296,3.75,3.62
8297,3.74,3.63
8298,3.75,3.64
8300,3.77,3.66
8301,3.80,3.68
8302,3.83,3.71
8303,3.86,3.72
8304,3.88,3.73
8305,3.88,3.72
8306,3.87,3.71
8307,3.85,3.70
8309,3.83,3.68
8310,3.81,3.66
8311,3.78,3.64
8312,3.75,3.63
8313,3.74,3.63
8314,3.74,3.64
8315,3.76,3.65
8317,3.78,3.67
8318,3.81,3.70
8320,3.84,3.72
8321,3.87,3.72
8322,3.88,3.72
8323,3.87,3.71
8324,3.86,3.70
8325,3.84,3.69
8327,3.82,3.67
8328,3.79,3.65
8329,3.76,3.63
8330,3.74,3.63
8331,3.74,3.63
8332,3.75,3.64
8333,3.77,3.66
8334,3.80,3.69
8336,3.83,3.71
8337,3.86,3.73
8338,3.88,3.73
8339,3.88,3.72
8340,3.87,3.71
8341,3.85,3.69
8342,3.83,3.68
8343,3.81,3.66
8345,3.78,3.64
8346,3.76,3.63
8347,3.74,3.62
8348,3.75,3.64
8349,3.77,3.66
8350,3.79,3.68
8351,3.82,3.70
8353,3.85,3.72
8354,3.87,3.73
8355,3.88,3.72
8356,3.87,3.71
8357,3.85,3.70
8358,3.83,3.68
8359,3.81,3.66
8360,3.79,3.65
8363,3.76,3.63
8364,3.74,3.63
8365,3.74,3.63
8366,3.75,3.65
8367,3.78,3.67
8368,3.80,3.69
8369,3.83,3.71
8370,3.86,3.72
8372,3.87,3.72
8373,3.87,3.71
8374,3.86,3.70
8375,3.84,3.69
8376,3.82,3.67
8377,3.80,3.66
8378,3.77,3.64
8379,3.75,3.63
8381,3.74,3.63
8382,3.75,3.64
8383,3.77,3.66
8384,3.79,3.68
8385,3.82,3.70
8386,3.85,3.72
8387,3.87,3.73
8388,3.88,3.72
8390,3.87,3.71
8391,3.85,3.70
8392,3.83,3.68
8393,3.81,3.66
8394,3.78,3.65
8395,3.76,3.63
8396,3.74,3.63
8398,3.74,3.64
8399,3.76,3.65
8400,3.78,3.67
8401,3.81,3.70
8402,3.84,3.72
8403,3.86,3.72
8404,3.87,3.72
8406,3.87,3.71
8408,3.86,3.70
8409,3.83,3.69
8410,3.81,3.67
8411,3.79,3.65
8412,3.76,3.63
8413,3.74,3.62
8414,3.73,3.63
8415,3.74,3.64
8417,3.76,3.66
8418,3.79,3.68
8419,3.82,3.70
8420,3.85,3.72
8421,3.87,3.72
8422,3.87,3.71
8423,3.86,3.70
8424,3.84,3.69
8426,3.82,3.67
8427,3.80,3.66
8428,3.77,3.64
8429,3.75,3.62
8430,3.74,3.63
8431,3.74,3.64
8432,3.76,3.65
8434,3.78,3.67
8435,3.81,3.70
8436,3.84,3.72
8437,3.87,3.73
8438,3.87,3.72
8439,3.87,3.71
8440,3.85,3.70
8441,3.83,3.68
8443,3.81,3.67
8444,3.79,3.65
8445,3.76,3.63
8446,3.74,3.62
8448,3.74,3.63
8449,3.75,3.65
8450,3.77,3.66
8451,3.80,3.69
8453,3.83,3.71
8454,3.86,3.72
8455,3.87,3.72
8456,3.87,3.71
8457,3.86,3.70
8458,3.84,3.69
8459,3.82,3.67
8460,3.79,3.65
8462,3.77,3.63
8463,3.74,3.62
8464,3.73,3.63
8465,3.74,3.64
8466,3.76,3.65
8467,3.79,3.68
8468,3.82,3.70
8470,3.85,3.72
8471,3.87,3.72
8472,3.87,3.72
8473,3.86,3.71
8474,3.85,3.70
8475,3.83,3.68
8476,3.81,3.66
8477,3.78,3.65
8479,3.76,3.63
8480,3.74,3.63
8481,3.74,3.63
8482,3.76,3.65
8483,3.78,3.67
8484,3.81,3.69
8485,3.84,3.72
8486,3.87,3.73
8488,3.88,3.72
8489,3.87,3.72
8491,3.86,3.70
8492,3.84,3.69
8493,3.82,3.67
8494,3.80,3.65
8495,3.77,3.64
8496,3.75,3.63
8498,3.74,3.63
8499,3.75,3.64
8500,3.77,3.66
8501,3.80,3.68
8502,3.83,3.70
8503,3.86,3.72
8504,3.87,3.72
8505,3.87,3.71
8507,3.86,3.70
8508,3.85,3.69
8509,3.82,3.68
8510,3.80,3.66
8511,3.77,3.64
8512,3.75,3.62
8513,3.73,3.62
8514,3.74,3.63
8516,3.75,3.65
8517,3.78,3.67
8518,3.81,3.69
8519,3.84,3.71
8520,3.86,3.72
8521,3.87,3.72
8522,3.87,3.71
8524,3.85,3.70
8525,3.83,3.68
8526,3.81,3.66
8527,3.79,3.65
8528,3.76,3.63
8529,3.74,3.62
8530,3.74,3.63
8531,3.75,3.64
8534,3.77,3.66
8535,3.79,3.68
8536,3.83,3.71
8537,3.86,3.72
8538,3.87,3.72
8539,3.87,3.72
8540,3.86,3.70
8541,3.84,3.69
8543,3.82,3.68
8544,3.80,3.66
8545,3.78,3.64
8546,3.75,3.63
8547,3.74,3.63
8548,3.74,3.64
8549,3.76,3.65
8550,3.79,3.67
8552,3.82,3.70
8553,3.85,3.72
8554,3.87,3.72
8555,3.87,3.71
8556,3.86,3.71
8557,3.85,3.70
8558,3.83,3.68
8559,3.81,3.66
8561,3.78,3.65
8562,3.76,3.63
8563,3.74,3.62
8564,3.73,3.63
8565,3.75,3.64
8566,3.77,3.66
8567,3.80,3.69
8569,3.83,3.71
8570,3.86,3.72
8571,3.87,3.72
8572,3.87,3.71
8573,3.86,3.70
8574,3.84,3.69
8576,3.82,3.67
8577,3.80,3.65
8579,3.77,3.63
8580,3.74,3.62
8581,3.74,3.62
8582,3.74,3.64
8583,3.76,3.65
8584,3.78,3.68
8585,3.81,3.70
8586,3.85,3.72
8588,3.87,3.72
8589,3.87,3.72
8590,3.86,3.71
8591,3.85,3.70
8592,3.83,3.68
8593,3.80,3.66
8594,3.78,3.65
8595,3.75,3.63
8597,3.74,3.63
8598,3.74,3.63
8599,3.75,3.65
8600,3.77,3.67
8601,3.80,3.69
8602,3.83,3.71
8603,3.86,3.72
8604,3.87,3.72
8606,3.86,3.71
8607,3.85,3.70
8608,3.83,3.68
8609,3.81,3.66
8610,3.79,3.65
8611,3.76,3.63
8612,3.74,3.62
8614,3.73,3.62
8615,3.74,3.63
8616,3.76,3.65
8617,3.79,3.68
8619,3.82,3.70
8620,3.85,3.72
8621,3.87,3.72
8622,3.87,3.71
8624,3.86,3.70
8625,3.84,3.69
8626,3.82,3.67
8627,3.80,3.65
8628,3.77,3.63
8629,3.75,3.62
8630,3.73,3.62
8631,3.74,3.63
8633,3.75,3.65
8634,3.78,3.67
8635,3.81,3.69
8636,3.84,3.71
8637,3.87,3.72
8638,3.87,3.71
8639,3.87,3.70
8640,3.85,3.70
8642,3.84,3.68
8643,3.82,3.66
8644,3.79,3.65
8645,3.76,3.63
8646,3.74,3.62
8647,3.74,3.63
8648,3.75,3.64
8649,3.77,3.66
8651,3.80,3.68
8652,3.83,3.71
8653,3.86,3.72
8654,3.87,3.72
8655,3.87,3.71
8656,3.86,3.70
8657,3.84,3.69
8659,3.82,3.67
8660,3.80,3.65
8662,3.77,3.63
8663,3.75,3.62
8664,3.73,3.62
8665,3.74,3.63
8666,3.76,3.65
8667,3.78,3.67
8669,3.81,3.69
8670,3.84,3.71
8671,3.86,3.72
8672,3.87,3.72
8673,3.86,3.71
8674,3.85,3.70
8675,3.83,3.68
8676,3.81,3.66
8678,3.78,3.64
8679,3.76,3.62
8680,3.74,3.62
8681,3.73,3.63
8682,3.75,3.64
8683,3.77,3.66
8684,3.80,3.69
8685,3.83,3.71
8687,3.86,3.72
8688,3.87,3.72
8689,3.87,3.71
8690,3.86,3.70
8691,3.84,3.69
8692,3.82,3.67
8693,3.79,3.65
8694,3.77,3.63
8696,3.74,3.62
8697,3.73,3.63
8698,3.74,3.64
8699,3.76,3.65
8700,3.78,3.68
8701,3.82,3.70
8702,3.85,3.72
8704,3.87,3.72
8706,3.87,3.71
8707,3.86,3.70
8708,3.85,3.69
8709,3.83,3.68
8710,3.80,3.66
8711,3.78,3.64
8712,3.75,3.62
8714,3.74,3.62
8715,3.74,3.63
8716,3.75,3.65
8717,3.78,3.67
8718,3.80,3.69
8719,3.84,3.71
8720,3.86,3.72
8721,3.87,3.72
8723,3.87,3.71
8724,3.86,3.70
8725,3.84,3.69
8726,3.82,3.67
8727,3.79,3.65
8728,3.77,3.64
8729,3.75,3.63
8730,3.74,3.64
8732,3.75,3.65
8733,3.77,3.67
8734,3.80,3.69
8735,3.83,3.71
8736,3.86,3.73
8737,3.88,3.73
8738,3.88,3.73
8740,3.87,3.72
8741,3.85,3.70
8742,3.83,3.69
8743,3.81,3.67
8744,3.78,3.65
8745,3.76,3.64
8747,3.75,3.64
8748,3.75,3.65
8750,3.77,3.66
8751,3.80,3.68
8752,3.83,3.71
8753,3.86,3.73
8754,3.88,3.73
8755,3.88,3.73
8756,3.87,3.72
8757,3.86,3.70
8759,3.84,3.69
8760,3.81,3.67
8761,3.79,3.65
8762,3.76,3.63
8763,3.74,3.63
8764,3.74,3.64
8765,3.76,3.65
8766,3.78,3.67
8768,3.81,3.70
8769,3.84,3.72
8770,3.87,3.73
8771,3.88,3.73
8772,3.88,3.72
8773,3.86,3.71
8774,3.85,3.70
8775,3.83,3.68
8777,3.80,3.66
8778,3.78,3.64
8779,3.75,3.63
8780,3.74,3.64
8781,3.75,3.65
8782,3.77,3.66
8783,3.80,3.69
8785,3.83,3.71
8786,3.86,3.73
8787,3.89,3.75
8788,3.91,3.75
8790,3.91,3.74
8791,3.90,3.73
8792,3.88,3.71
8793,3.86,3.70
8795,3.83,3.68
8796,3.81,3.67
8797,3.80,3.67
8798,3.80,3.68
8799,3.82,3.70
8800,3.84,3.71
8801,3.87,3.73
8802,3.90,3.75
8804,3.93,3.78
8805,3.96,3.80
8806,3.99,3.82
8807,4.03,3.84
8808,4.06,3.86
8809,4.09,3.89
8810,4.12,3.91
8811,4.15,3.93
8813,4.19,3.95
8814,4.22,3.97
8815,4.25,3.99
8816,4.28,4.01
8817,4.31,4.03
8818,4.33,4.05
8819,4.35,4.07
8820,4.37,4.09
8822,4.40,4.10
8823,4.42,4.12
8824,4.44,4.13
8825,4.46,4.14
8826,4.48,4.15
8827,4.49,4.17
8828,4.51,4.18
8829,4.52,4.19
8832,4.53,4.20
8833,4.54,4.20
8834,4.55,4.21
8835,4.56,4.22
8836,4.57,4.23
8837,4.57,4.23
8838,4.57,4.24
8839,4.58,4.24
8841,4.58,4.24
8842,4.58,4.25
8843,4.58,4.25
8844,4.59,4.25
8845,4.59,4.25
8846,4.59,4.25
8847,4.59,4.25
8848,4.58,4.26
8850,4.58,4.26
8851,4.58,4.26
8852,4.58,4.26
8853,4.57,4.26
8854,4.57,4.26
8855,4.57,4.26
8856,4.57,4.26
8858,4.57,4.26
8859,4.56,4.26
8860,4.56,4.26
8861,4.55,4.25
8862,4.55,4.25
8863,4.55,4.25
8864,4.54,4.25
8865,4.54,4.25
8867,4.54,4.25
8868,4.53,4.25
8869,4.53,4.25
8870,4.53,4.25
8871,4.52,4.25
8872,4.52,4.25
8873,4.52,4.25
8876,4.52,4.25
8877,4.51,4.25
8878,4.51,4.25
8879,4.51,4.25
8880,4.51,4.25
8881,4.50,4.24
8882,4.50,4.24
8883,4.50,4.25
8885,4.50,4.24
8886,4.50,4.24
8887,4.50,4.24
8888,4.50,4.24
8889,4.50,4.24
8890,4.50,4.24
8891,4.50,4.24
8892,4.50,4.24
8894,4.50,4.24
8895,4.50,4.24
8896,4.50,4.24
8897,4.50,4.24
8898,4.50,4.24
8899,4.50,4.24
8900,4.50,4.24
8901,4.50,4.24
8903,4.50,4.24
8904,4.49,4.24
8905,4.50,4.25
8906,4.49,4.25
8907,4.50,4.25
8908,4.49,4.25
8909,4.49,4.25
8911,4.49,4.25
8912,4.49,4.25
8913,4.50,4.25
8914,4.50,4.25
8915,4.49,4.25
8916,4.50,4.25
8918,4.50,4.25
8919,4.49,4.25
8921,4.50,4.25
8922,4.50,4.25
8923,4.50,4.25
8924,4.50,4.25
8925,4.50,4.25
8926,4.49,4.25
8927,4.50,4.25
8928,4.50,4.25
8930,4.50,4.25
8931,4.49,4.25
8932,4.49,4.25
8933,4.50,4.25
8934,4.49,4.26
8935,4.50,4.26
8936,4.50,4.26
8937,4.50,4.26
8939,4.50,4.26
8940,4.50,4.26
8941,4.50,4.26
8942,4.50,4.26
8943,4.50,4.26
8944,4.50,4.26
8945,4.50,4.26
8946,4.50,4.26
8948,4.50,4.26
8949,4.50,4.26
8950,4.50,4.26
8951,4.50,4.26
8952,4.50,4.26
8953,4.50,4.27
8954,4.50,4.26
8956,4.49,4.27
8957,4.50,4.26
8958,4.50,4.26
8960,4.50,4.26
8961,4.50,4.27
8962,4.50,4.27
8963,4.50,4.27
8964,4.50,4.26
8966,4.50,4.27
8967,4.50,4.27
8968,4.50,4.27
8969,4.50,4.27
8970,4.50,4.27
8971,4.50,4.27
8972,4.50,4.27
8973,4.50,4.27
8975,4.50,4.27
8976,4.50,4.27
8977,4.50,4.27
8978,4.50,4.27
8979,4.50,4.27
8980,4.50,4.27
8981,4.50,4.27
8983,4.50,4.27
8984,4.50,4.27
8985,4.50,4.27
8986,4.50,4.27
8987,4.50,4.27
8988,4.50,4.27
8989,4.50,4.27
8990,4.50,4.27
8992,4.50,4.27
8993,4.50,4.27
8994,4.50,4.28
8995,4.50,4.27
8996,4.50,4.28
8997,4.50,4.28
8998,4.50,4.28
8999,4.50,4.28
9001,4.50,4.28
9003,4.50,4.28
9004,4.50,4.28
9005,4.50,4.28
9006,4.50,4.29
9007,4.50,4.29
9008,4.50,4.29
9009,4.50,4.29
9011,4.50,4.29
9012,4.50,4.29
9013,4.50,4.29
9014,4.50,4.29
9015,4.50,4.30
9016,4.50,4.30
9017,4.50,4.30
9018,4.50,4.30
9020,4.50,4.30
9021,4.50,4.30
9022,4.50,4.30
9023,4.50,4.31
9024,4.50,4.31
9025,4.50,4.31
9026,4.50,4.32
9027,4.50,4.32
9029,4.50,4.32
9030,4.50,4.32
9031,4.50,4.33
9032,4.50,4.33
9033,4.50,4.33
9034,4.50,4.34
9035,4.50,4.34
9036,4.50,4.35
9038,4.50,4.35
9039,4.50,4.35
9040,4.50,4.36
9041,4.50,4.36
9042,4.50,4.36
9043,4.50,4.37
9044,4.50,4.37
9046,4.50,4.38
9048,4.50,4.38
9049,4.50,4.38
9050,4.50,4.39
9051,4.50,4.39
9052,4.50,4.40
9053,4.50,4.40
9054,4.50,4.41
9055,4.50,4.41
9057,4.50,4.42
9058,4.50,4.42
9059,4.50,4.42
9060,4.50,4.43
9061,4.50,4.43
9062,4.50,4.44
9063,4.50,4.44
9064,4.50,4.45
9066,4.50,4.45
9067,4.50,4.45
9068,4.50,4.46
9069,4.50,4.46
9070,4.50,4.47
9071,4.50,4.47
9072,4.50,4.48
9073,4.50,4.48
9075,4.50,4.49
9076,4.50,4.49
9077,4.50,4.50
9078,4.50,4.50
9079,4.50,4.51
9080,4.50,4.51
9081,4.50,4.52
9082,4.50,4.52
9084,4.50,4.53
9085,4.50,4.53
9086,4.50,4.54
9088,4.50,4.54
9089,4.50,4.55
9090,4.50,4.56
9091,4.50,4.56
9092,4.50,4.57
9094,4.50,4.57
9095,4.50,4.58
9096,4.50,4.58
9097,4.50,4.59
9098,4.50,4.60
9099,4.50,4.61
9100,4.50,4.61
9101,4.50,4.62
9103,4.50,4.63
9104,4.50,4.64
9105,4.51,4.65
9106,4.51,4.66
9107,4.51,4.67
9108,4.51,4.67
9109,4.50,4.68
9110,4.51,4.69
9112,4.50,4.70
9113,4.50,4.71
9114,4.51,4.72
9115,4.51,4.73
9116,4.50,4.74
9117,4.50,4.75
9118,4.50,4.76
9119,4.51,4.77
9121,4.50,4.77
9122,4.50,4.78
9123,4.51,4.79
9124,4.50,4.79
9125,4.50,4.80
9126,4.50,4.81
9127,4.50,4.81
9128,4.51,4.82
9131,4.50,4.83
9132,4.50,4.83
9133,4.50,4.84
9134,4.50,4.84
9135,4.50,4.84
9136,4.50,4.85
9137,4.50,4.86
9138,4.50,4.86
9140,4.50,4.86
9141,4.50,4.87
9142,4.50,4.87
9143,4.50,4.87
9144,4.50,4.88
9145,4.50,4.88
9146,4.50,4.88
9147,4.50,4.89
9149,4.50,4.89
9150,4.50,4.89
9151,4.50,4.90
9152,4.50,4.90
9153,4.50,4.90
9154,4.50,4.90
9155,4.49,4.90
9156,4.49,4.91
9157,4.50,4.91
9159,4.49,4.91
9160,4.49,4.91
9161,4.49,4.92
9162,4.49,4.92
9163,4.49,4.92
9164,4.49,4.92
9165,4.49,4.92
9167,4.49,4.92
9168,4.49,4.93
9169,4.49,4.93
9170,4.49,4.93
9171,4.49,4.93
9172,4.49,4.93
9174,4.49,4.93
9175,4.49,4.93
9177,4.49,4.94
9178,4.49,4.94
9179,4.49,4.94
9180,4.49,4.94
9181,4.49,4.94
9182,4.49,4.94
9183,4.49,4.94
9184,4.49,4.94
9186,4.49,4.95
9187,4.49,4.95
9188,4.49,4.94
9189,4.49,4.95
9190,4.49,4.95
9191,4.49,4.95
9192,4.49,4.95
9193,4.49,4.95
9195,4.49,4.95
9196,4.49,4.95
9197,4.49,4.95
9198,4.49,4.95
9199,4.49,4.95
9200,4.49,4.95
9201,4.50,4.95
9202,4.50,4.95
9204,4.49,4.95
9205,4.50,4.96
9206,4.49,4.96
9207,4.49,4.96
9208,4.49,4.96
9209,4.49,4.96
9210,4.50,4.96
9212,4.49,4.96
9213,4.50,4.96
9214,4.49,4.96
9216,4.50,4.96
9217,4.50,4.96
9218,4.50,4.96
9219,4.50,4.96
9220,4.50,4.96
9222,4.50,4.96
9223,4.50,4.96
9224,4.50,4.96
9225,4.50,4.96
9226,4.49,4.96
9227,4.50,4.96
9228,4.50,4.96
9229,4.50,4.97
9231,4.50,4.97
9232,4.49,4.97
9233,4.49,4.97
9234,4.50,4.97
9235,4.49,4.97
9236,4.50,4.97
9237,4.49,4.97
9238,4.49,4.97
9240,4.49,4.97
9241,4.49,4.97
9242,4.49,4.97
9243,4.49,4.97
9244,4.49,4.97
9245,4.49,4.97
9246,4.49,4.96
9248,4.49,4.96
9249,4.49,4.95
9250,4.49,4.95
9251,4.49,4.95
9252,4.49,4.94
9253,4.50,4.93
9254,4.49,4.93
9255,4.50,4.92
9257,4.50,4.91
9259,4.50,4.90
9260,4.50,4.89
9261,4.50,4.87
9262,4.50,4.86
9263,4.50,4.85
9264,4.50,4.84
9265,4.50,4.82
9267,4.50,4.81
9268,4.50,4.79
9269,4.50,4.78
9270,4.50,4.76
9271,4.50,4.75
9272,4.50,4.73
9273,4.50,4.71
9274,4.50,4.70
9276,4.50,4.68
9277,4.50,4.66
9278,4.50,4.65
9279,4.50,4.63
9280,4.50,4.61
9281,4.50,4.59
9282,4.49,4.58
9283,4.49,4.56
9285,4.49,4.55
9286,4.49,4.53
9287,4.49,4.51
9288,4.49,4.50
9289,4.49,4.48
9290,4.48,4.47
9291,4.48,4.45
9292,4.48,4.44
9294,4.48,4.42
9295,4.48,4.41
9296,4.48,4.39
9297,4.48,4.38
9298,4.48,4.37
9299,4.48,4.35
9300,4.47,4.34
9302,4.47,4.33
9304,4.47,4.32
9305,4.47,4.31
9306,4.47,4.30
9307,4.47,4.28
9308,4.47,4.27
9309,4.47,4.26
9310,4.47,4.25
9311,4.47,4.24
9313,4.47,4.23
9314,4.47,4.22
9315,4.47,4.21
9316,4.47,4.21
9317,4.47,4.20
9318,4.47,4.19
9319,4.47,4.18
9320,4.47,4.17
9322,4.47,4.17
9323,4.47,4.16
9324,4.47,4.15
9325,4.47,4.14
9326,4.47,4.14
9327,4.47,4.13
9328,4.47,4.13
9330,4.47,4.13
9331,4.47,4.12
9332,4.47,4.12
9333,4.47,4.11
9334,4.47,4.11
9335,4.47,4.10
9336,4.47,4.10
9337,4.47,4.09
9339,4.47,4.09
9340,4.47,4.09
9341,4.47,4.08
9342,4.47,4.08
9344,4.47,4.07
9345,4.47,4.07
9346,4.47,4.07
9347,4.47,4.06
9349,4.47,4.06
9350,4.47,4.06
9351,4.47,4.06
9352,4.47,4.05
9353,4.48,4.05
9354,4.48,4.05
9355,4.48,4.05
9356,4.48,4.04
9358,4.48,4.04
9359,4.48,4.04
9360,4.48,4.04
9361,4.48,4.04
9362,4.48,4.04
9363,4.48,4.03
9364,4.48,4.03
9366,4.48,4.03
9367,4.48,4.03
9368,4.48,4.03
9369,4.48,4.02
9370,4.48,4.02
9371,4.48,4.02
9372,4.48,4.02
9373,4.48,4.02
9375,4.48,4.02
9376,4.48,4.02
9377,4.48,4.02
9378,4.48,4.01
9379,4.48,4.01
9380,4.48,4.01
9381,4.48,4.01
9382,4.48,4.01
9384,4.48,4.01
9385,4.48,4.01
9387,4.48,4.00
9388,4.48,4.00
9389,4.48,4.00
9390,4.48,4.00
9391,4.48,4.00
9392,4.49,4.00
9393,4.49,4.00
9395,4.49,3.99
9396,4.49,3.99
9397,4.48,3.99
9398,4.48,3.99
9399,4.49,3.99
9400,4.49,3.99
9401,4.49,3.99
9402,4.48,3.99
9404,4.48,3.98
9405,4.48,3.98
9406,4.49,3.98
9407,4.49,3.98
9408,4.49,3.98
9409,4.49,3.98
9410,4.48,3.98
9411,4.48,3.97
9413,4.48,3.97
9414,4.49,3.97
9415,4.49,3.97
9416,4.49,3.97
9417,4.49,3.97
9418,4.48,3.97
9419,4.49,3.96
9420,4.48,3.96
9422,4.49,3.96
9423,4.49,3.96
9424,4.49,3.96
9425,4.48,3.96
9426,4.49,3.96
9427,4.48,3.96
9428,4.49,3.96
9430,4.49,3.95
9432,4.48,3.95
9433,4.48,3.95
9434,4.49,3.95
9435,4.48,3.95
9436,4.48,3.95
9437,4.49,3.95
9438,4.48,3.95
9439,4.48,3.95
9441,4.49,3.95
9442,4.48,3.95
9443,4.48,3.95
9444,4.48,3.95
9445,4.49,3.94
9446,4.48,3.94
9447,4.49,3.94
9448,4.48,3.94
9450,4.48,3.94
9451,4.49,3.94
9452,4.49,3.94
9453,4.48,3.94
9454,4.49,3.94
9455,4.48,3.94
9456,4.49,3.94
9457,4.48,3.94
9459,4.49,3.94
9460,4.48,3.94
9461,4.48,3.94
9462,4.49,3.94
9463,4.48,3.94
9464,4.49,3.94
9465,4.48,3.94
9466,4.48,3.94
9468,4.49,3.94
9469,4.48,3.94
9470,4.49,3.94
9472,4.48,3.94
9473,4.48,3.94
9474,4.49,3.94
9475,4.48,3.94
9476,4.48,3.94
9478,4.48,3.94
9479,4.49,3.94
9480,4.48,3.93
9481,4.48,3.93
9482,4.49,3.93
9483,4.48,3.93
9484,4.48,3.93
9485,4.49,3.94
9487,4.49,3.93
9488,4.49,3.93
9489,4.48,3.94
9490,4.48,3.94
9491,4.48,3.94
9492,4.49,3.94
9493,4.49,3.94
9494,4.49,3.94
9496,4.48,3.94
9497,4.49,3.94
9498,4.49,3.94
9499,4.49,3.94
9500,4.49,3.94
9501,4.49,3.94
9502,4.49,3.94
9503,4.49,3.94
9505,4.49,3.94
9506,4.49,3.94
9507,4.49,3.94
9508,4.48,3.94
9509,4.49,3.94
9510,4.48,3.94
9511,4.49,3.94
9512,4.48,3.94
9515,4.48,3.94
9516,4.48,3.94
9517,4.48,3.94
9518,4.49,3.94
9519,4.49,3.94
9520,4.48,3.94
9521,4.48,3.94
9522,4.49,3.95
9524,4.49,3.94
9525,4.48,3.95
9526,4.48,3.95
9527,4.48,3.95
9528,4.49,3.95
9529,4.48,3.95
9530,4.49,3.95
9531,4.48,3.95
9533,4.49,3.95
9534,4.48,3.95
9535,4.49,3.95
9536,4.49,3.95
9537,4.48,3.95
9538,4.49,3.95
9539,4.48,3.95
9540,4.49,3.96
9542,4.48,3.95
9543,4.48,3.96
9544,4.48,3.96
9545,4.48,3.96
9546,4.48,3.96
9547,4.48,3.96
9548,4.48,3.96
9549,4.48,3.96
9551,4.48,3.96
9552,4.48,3.96
9553,4.48,3.96
9554,4.48,3.96
9555,4.49,3.96
9556,4.48,3.96
9558,4.48,3.97
9559,4.48,3.97
9561,4.48,3.97
9562,4.49,3.97
9563,4.48,3.97
9564,4.48,3.97
9565,4.49,3.97
9566,4.48,3.98
9567,4.48,3.98
9568,4.48,3.98
9570,4.49,3.98
9571,4.48,3.98
9572,4.48,3.98
9573,4.48,3.99
9574,4.48,3.99
9575,4.49,3.99
9576,4.48,3.99
9577,4.48,3.99
9579,4.48,3.99
9580,4.48,4.00
9581,4.48,4.00
9582,4.48,4.00
9583,4.49,4.00
9584,4.48,4.00
9585,4.48,4.00
9586,4.48,4.01
9587,4.49,4.01
9589,4.48,4.01
9590,4.49,4.01
9591,4.49,4.01
9592,4.49,4.02
9593,4.48,4.02
9594,4.48,4.02
9595,4.48,4.02
9596,4.49,4.02
9598,4.48,4.03
9600,4.48,4.03
9601,4.48,4.03
9602,4.48,4.03
9603,4.48,4.04
9604,4.48,4.04
9605,4.48,4.04
9606,4.48,4.04
9608,4.48,4.05
9609,4.48,4.05
9610,4.48,4.05
9611,4.48,4.05
9612,4.48,4.06
9613,4.48,4.06
9614,4.48,4.06
9615,4.49,4.06
9617,4.48,4.07
9618,4.48,4.07
9619,4.48,4.07
9620,4.49,4.08
9621,4.49,4.08
9622,4.48,4.09
9623,4.49,4.09
9624,4.49,4.09
9626,4.48,4.10
9627,4.49,4.10
9628,4.49,4.10
9629,4.49,4.10
9630,4.49,4.11
9631,4.49,4.11
9632,4.49,4.12
9633,4.49,4.12
9635,4.49,4.12
9636,4.49,4.13
9637,4.49,4.13
9638,4.49,4.13
9639,4.49,4.14
9640,4.49,4.14
9641,4.49,4.15
9643,4.49,4.15
9645,4.49,4.16
9646,4.49,4.16
9647,4.49,4.16
9648,4.49,4.17
9649,4.49,4.18
9650,4.49,4.18
9651,4.49,4.19
9652,4.49,4.19
9654,4.49,4.20
9655,4.49,4.20
9656,4.49,4.21
9657,4.49,4.22
9658,4.49,4.22
9659,4.49,4.23
9660,4.49,4.24
9661,4.49,4.24
9663,4.49,4.25
9664,4.49,4.26
9665,4.49,4.27
9666,4.49,4.28
9667,4.49,4.29
9668,4.49,4.30
9669,4.49,4.31
9670,4.49,4.33
9672,4.49,4.34
9673,4.50,4.35
9674,4.50,4.36
9675,4.50,4.38
9676,4.50,4.39
9677,4.50,4.41
9678,4.50,4.43
9679,4.50,4.45
9681,4.50,4.47
9682,4.50,4.49
9683,4.50,4.51
9684,4.50,4.53
9686,4.51,4.55
9687,4.50,4.57
9688,4.50,4.58
9690,4.50,4.60
9691,4.51,4.61
9692,4.51,4.62
9693,4.51,4.64
9694,4.51,4.65
9695,4.51,4.67
9696,4.51,4.68
9697,4.51,4.69
9699,4.51,4.70
9700,4.51,4.71
9701,4.51,4.73
9702,4.51,4.73
9703,4.51,4.74
9704,4.51,4.75
9705,4.51,4.76
9706,4.51,4.77
9708,4.51,4.78
9709,4.51,4.78
9710,4.51,4.79
9711,4.51,4.79
9712,4.51,4.80
9713,4.51,4.80
9714,4.51,4.81
9715,4.51,4.82
9717,4.50,4.82
9718,4.50,4.83
9719,4.50,4.83
9720,4.50,4.83
9721,4.50,4.84
9722,4.50,4.84
9723,4.50,4.85
9724,4.50,4.85
9726,4.50,4.86
9728,4.50,4.86
9729,4.50,4.86
9730,4.49,4.87
9731,4.50,4.87
9732,4.49,4.87
9733,4.50,4.88
9734,4.49,4.88
9736,4.49,4.88
9737,4.49,4.89
9738,4.49,4.89
9739,4.49,4.89
9740,4.49,4.89
9741,4.49,4.90
9742,4.49,4.90
9743,4.49,4.90
9745,4.49,4.90
9746,4.49,4.91
9747,4.49,4.91
9748,4.49,4.91
9749,4.49,4.91
9750,4.49,4.91
9751,4.49,4.92
9752,4.49,4.92
9754,4.49,4.92
9755,4.49,4.92
9756,4.49,4.92
9757,4.49,4.92
9758,4.49,4.92
9759,4.49,4.93
9760,4.49,4.93
9761,4.49,4.93
9763,4.49,4.93
9764,4.49,4.93
9765,4.49,4.93
9766,4.49,4.93
9767,4.49,4.93
9768,4.49,4.94
9769,4.49,4.94
9771,4.49,4.94
9773,4.49,4.94
9774,4.49,4.94
9775,4.49,4.94
9776,4.49,4.94
9777,4.49,4.94
9778,4.49,4.94
9779,4.49,4.95
9780,4.49,4.95
9782,4.49,4.95
9783,4.49,4.95
9784,4.49,4.95
9785,4.49,4.95
9786,4.49,4.95
9787,4.49,4.95
9788,4.49,4.95
9789,4.49,4.95
9791,4.49,4.95
9792,4.49,4.95
9793,4.49,4.95
9794,4.49,4.95
9795,4.49,4.96
9796,4.49,4.95
9797,4.49,4.95
9798,4.49,4.96
9800,4.49,4.96
9801,4.49,4.96
9802,4.49,4.96
9803,4.49,4.96
9804,4.49,4.96
9805,4.49,4.95
9806,4.48,4.95
9808,4.48,4.94
9809,4.48,4.94
9810,4.48,4.93
9811,4.48,4.93
9812,4.49,4.92
9814,4.48,4.91
9815,4.49,4.90
9816,4.49,4.89
9818,4.49,4.88
9819,4.49,4.86
9820,4.49,4.85
9821,4.49,4.84
9822,4.49,4.82
9823,4.49,4.81
9824,4.49,4.79
9825,4.49,4.78
9827,4.49,4.77
9828,4.49,4.75
9829,4.49,4.73
9830,4.49,4.72
9831,4.49,4.70
9832,4.49,4.68
9833,4.49,4.66
9834,4.49,4.65
9836,4.49,4.63
9837,4.49,4.61
9838,4.49,4.59
9839,4.48,4.57
9840,4.48,4.56
9841,4.48,4.55
9842,4.48,4.53
9843,4.48,4.51
9845,4.48,4.49
9846,4.48,4.48
9847,4.48,4.46
9848,4.48,4.44
9849,4.48,4.43
9850,4.47,4.41
9851,4.47,4.40
9852,4.47,4.38
9854,4.47,4.37
9856,4.47,4.36
9857,4.47,4.35
9858,4.47,4.34
9859,4.47,4.32
9860,4.47,4.31
9861,4.47,4.30
9862,4.47,4.29
9864,4.47,4.28
9865,4.47,4.27
9866,4.46,4.25
9867,4.46,4.25
9868,4.46,4.23
9869,4.46,4.22
9870,4.46,4.22
9872,4.46,4.21
9873,4.46,4.20
9874,4.46,4.19
9875,4.46,4.18
9876,4.46,4.18
9877,4.46,4.17
9878,4.46,4.16
9879,4.46,4.16
9881,4.46,4.15
9882,4.46,4.15
9883,4.46,4.14
9884,4.46,4.14
9885,4.46,4.13
9886,4.46,4.13
9887,4.46,4.13
9888,4.46,4.12
9890,4.46,4.12
9891,4.46,4.12
9892,4.46,4.11
9893,4.46,4.11
9894,4.46,4.11
9895,4.46,4.11
9896,4.46,4.11
9897,4.47,4.10
9900,4.47,4.10
9901,4.47,4.10
9902,4.47,4.10
9903,4.47,4.10
9904,4.47,4.10
9905,4.47,4.09
9906,4.47,4.09
9907,4.47,4.09
9909,4.47,4.09
9910,4.47,4.09
9911,4.47,4.09
9912,4.47,4.09
9913,4.47,4.09
9914,4.47,4.09
9915,4.47,4.09
9916,4.47,4.09
9918,4.47,4.09
9919,4.48,4.09
9920,4.48,4.09
9921,4.48,4.09
9922,4.48,4.09
9923,4.48,4.09
9924,4.48,4.09
9925,4.48,4.09
9927,4.48,4.09
9928,4.48,4.09
9929,4.48,4.09
9930,4.48,4.09
9931,4.48,4.09
9932,4.48,4.10
9933,4.48,4.10
9934,4.48,4.10
9936,4.48,4.10
9937,4.48,4.10
9938,4.49,4.10
9939,4.49,4.10
9940,4.49,4.10
9942,4.49,4.10
9943,4.49,4.11
9944,4.49,4.11
9946,4.49,4.11
9947,4.49,4.11
9948,4.49,4.11
9949,4.49,4.11
9950,4.49,4.11
9951,4.49,4.11
9952,4.49,4.11
9954,4.49,4.11
9955,4.49,4.11
9956,4.49,4.11
9957,4.49,4.11
9958,4.49,4.11
9959,4.49,4.12
9960,4.49,4.11
9961,4.49,4.12
9963,4.49,4.12
9964,4.49,4.12
9965,4.49,4.12
9966,4.49,4.12
9967,4.49,4.12
9968,4.49,4.12
9969,4.49,4.12
9970,4.49,4.12
9972,4.49,4.12
9973,4.49,4.12
9974,4.49,4.12
9975,4.49,4.12
9976,4.49,4.12
9977,4.49,4.13
9978,4.49,4.12
9980,4.49,4.13
9981,4.49,4.13
9982,4.49,4.13
9984,4.49,4.13
9985,4.49,4.13
9986,4.49,4.13
9987,4.49,4.13
9989,4.49,4.13
9990,4.49,4.13
9991,4.49,4.13
9992,4.49,4.13
9993,4.49,4.13
9994,4.49,4.13
9995,4.49,4.13
9996,4.49,4.13
9998,4.49,4.13
9999,4.49,4.13
10000,4.49,4.13
10001,4.49,4.13
10002,4.49,4.13
10003,4.49,4.13
10005,4.49,4.13
10006,4.49,4.13
10007,4.49,4.13
10008,4.49,4.13
10009,4.49,4.13
10010,4.49,4.13
10012,4.49,4.13
10013,4.49,4.13
10014,4.49,4.13
10015,4.49,4.13
10016,4.49,4.14
10018,4.49,4.14
10019,4.49,4.14
10020,4.49,4.14
10021,4.49,4.14
10022,4.49,4.14
10023,4.49,4.14
10025,4.49,4.14
10027,4.49,4.14
10028,4.49,4.14
10029,4.49,4.14
10030,4.49,4.14
10031,4.49,4.14
10033,4.49,4.14
10034,4.49,4.14
10035,4.49,4.14
10036,4.49,4.14
10037,4.49,4.14
10039,4.49,4.14
10040,4.49,4.14
10041,4.49,4.14
10042,4.49,4.15
10043,4.49,4.14
10044,4.49,4.15
10046,4.49,4.15
10047,4.49,4.15
10048,4.49,4.15
10049,4.49,4.15
10050,4.49,4.15
10052,4.49,4.15
10053,4.49,4.15
10054,4.49,4.15
10055,4.49,4.15
10056,4.49,4.15
10057,4.49,4.15
10059,4.49,4.15
10060,4.49,4.15
10061,4.49,4.15
10062,4.49,4.16
10063,4.49,4.15
10065,4.49,4.15
10066,4.49,4.16
10067,4.49,4.15
10068,4.49,4.16
10070,4.49,4.16
10071,4.49,4.16
10073,4.49,4.15
10074,4.49,4.16
10075,4.49,4.16
10076,4.49,4.16
10077,4.49,4.16
10079,4.49,4.16
10080,4.49,4.16
10081,4.49,4.16
10082,4.49,4.16
10083,4.49,4.16
10084,4.49,4.16
10086,4.49,4.16
10087,4.49,4.16
10088,4.49,4.16
10089,4.49,4.16
10090,4.49,4.16
10091,4.49,4.16
10093,4.49,4.16
10094,4.49,4.16
10095,4.49,4.16
10096,4.49,4.17
10097,4.49,4.17
10099,4.49,4.17
10100,4.49,4.17
10101,4.49,4.17
10102,4.49,4.17
10103,4.49,4.17
10104,4.49,4.17
10106,4.49,4.17
10107,4.49,4.17
10108,4.49,4.17
10109,4.49,4.17
10110,4.49,4.17
10113,4.49,4.17
10114,4.49,4.17
10115,4.49,4.17
10116,4.49,4.17
10117,4.49,4.17
10118,4.49,4.18
10120,4.49,4.18
10121,4.49,4.18
10122,4.49,4.18
10123,4.49,4.18
10124,4.49,4.18
10126,4.49,4.18
10127,4.49,4.18
10128,4.49,4.18
10129,4.49,4.18
10130,4.49,4.18
10131,4.49,4.18
10133,4.49,4.18
10134,4.49,4.18
10135,4.49,4.18
10136,4.49,4.18
10137,4.49,4.18
10139,4.49,4.18
10140,4.49,4.18
10141,4.49,4.18
10142,4.49,4.18
10143,4.49,4.18
10144,4.49,4.19
10146,4.49,4.19
10147,4.49,4.18
10148,4.49,4.19
10149,4.49,4.19
10150,4.49,4.19
10151,4.49,4.19
10153,4.49,4.19
10155,4.49,4.19
10156,4.49,4.19
10157,4.49,4.19
10158,4.49,4.19
10160,4.49,4.19
10161,4.49,4.19
10162,4.49,4.19
10163,4.49,4.19
10164,4.49,4.19
10165,4.49,4.19
10167,4.49,4.19
10168,4.49,4.19
10169,4.49,4.19
10170,4.49,4.19
10171,4.49,4.19
10173,4.49,4.19
10174,4.49,4.19
10175,4.49,4.20
10176,4.49,4.19
10177,4.49,4.20
10178,4.49,4.20
10180,4.49,4.20
10181,4.49,4.20
10182,4.49,4.20
10183,4.49,4.20
10184,4.49,4.20
10185,4.49,4.20
10187,4.49,4.20
10188,4.49,4.20
10189,4.49,4.20
10190,4.49,4.20
10191,4.49,4.20
10192,4.49,4.20
10194,4.49,4.20
10195,4.49,4.20
10196,4.49,4.20
10198,4.49,4.20
10199,4.49,4.20
10201,4.49,4.20
10202,4.49,4.21
10203,4.49,4.21
10204,4.49,4.21
10205,4.47,4.18
10206,4.43,4.15
10208,4.38,4.11
10209,4.33,4.07
10210,4.27,4.03
10211,4.21,3.99
10212,4.16,3.95
10213,4.12,3.94
10215,4.10,3.94
10216,4.10,3.94
10217,4.09,3.94
10218,4.10,3.95
10219,4.10,3.96
10221,4.10,3.96
10222,4.09,3.94
10223,4.06,3.91
10224,4.02,3.88
10225,3.98,3.85
10226,3.93,3.82
10228,3.89,3.78
10229,3.86,3.77
10230,3.84,3.77
10231,3.84,3.77
10232,3.85,3.78
10233,3.86,3.80
10235,3.88,3.81
10236,3.90,3.83
10237,3.91,3.82
10238,3.91,3.81
10240,3.89,3.78
10242,3.86,3.76
10243,3.83,3.73
10244,3.80,3.71
10245,3.77,3.69
10246,3.75,3.68
10247,3.74,3.68
10249,3.76,3.70
10250,3.78,3.71
10251,3.80,3.73
10252,3.83,3.75
10253,3.86,3.76
10255,3.87,3.76
10256,3.87,3.74
10257,3.85,3.72
10258,3.83,3.70
10259,3.81,3.68
10260,3.78,3.66
10262,3.75,3.64
10263,3.74,3.64
10264,3.74,3.65
10265,3.76,3.67
10266,3.78,3.69
10268,3.81,3.71
10269,3.85,3.73
10270,3.87,3.74
10271,3.88,3.73
10272,3.87,3.72
10273,3.85,3.70
10275,3.83,3.68
10276,3.81,3.66
10277,3.78,3.64
10278,3.76,3.63
10279,3.75,3.63
10280,3.76,3.65
10283,3.77,3.66
10284,3.80,3.68
10285,3.83,3.71
10286,3.86,3.73
10287,3.88,3.73
10289,3.89,3.72
10290,3.88,3.70
10291,3.86,3.69
10292,3.83,3.67
10293,3.81,3.65
10294,3.78,3.64
10296,3.76,3.63
10297,3.75,3.63
10298,3.76,3.64
10299,3.78,3.66
10300,3.81,3.69
10302,3.84,3.71
10303,3.87,3.73
10304,3.89,3.73
10305,3.89,3.72
10306,3.88,3.71
10307,3.86,3.70
10309,3.84,3.68
10310,3.81,3.66
10311,3.79,3.64
10312,3.77,3.64
10313,3.76,3.64
10315,3.77,3.66
10316,3.80,3.67
10317,3.82,3.70
10318,3.86,3.72
10319,3.89,3.74
10320,3.90,3.74
10322,3.90,3.73
10323,3.88,3.71
10324,3.87,3.70
10326,3.84,3.68
10327,3.82,3.66
10328,3.79,3.65
10330,3.77,3.64
10331,3.77,3.65
10332,3.78,3.66
10333,3.80,3.68
10334,3.83,3.70
10336,3.86,3.73
10337,3.89,3.74
10338,3.90,3.74
10339,3.90,3.74
10340,3.88,3.72
10341,3.86,3.70
10343,3.84,3.69
10344,3.81,3.67
10345,3.79,3.65
10346,3.77,3.65
10347,3.77,3.66
10349,3.79,3.67
10350,3.81,3.69
10351,3.84,3.71
10352,3.87,3.74
10353,3.90,3.75
10354,3.91,3.75
10356,3.90,3.74
10357,3.88,3.72
10358,3.86,3.70
10359,3.84,3.69
10360,3.81,3.67
10361,3.78,3.65
10363,3.77,3.65
10364,3.78,3.67
10365,3.79,3.68
10366,3.82,3.70
10368,3.85,3.72
10370,3.88,3.75
10371,3.91,3.75
10372,3.91,3.75
10373,3.90,3.74
10374,3.89,3.72
10375,3.86,3.70
10377,3.84,3.69
10378,3.81,3.67
10379,3.78,3.66
10380,3.78,3.66
10381,3.79,3.67
10383,3.80,3.69
10384,3.83,3.71
10385,3.86,3.73
10386,3.89,3.76
10387,3.91,3.76
10388,3.91,3.76
10390,3.91,3.75
10391,3.89,3.73
10392,3.87,3.71
10393,3.84,3.69
10394,3.81,3.67
10396,3.79,3.67
10397,3.79,3.67
10398,3.80,3.68
10399,3.82,3.70
10400,3.84,3.72
10401,3.88,3.75
10403,3.91,3.76
10404,3.92,3.76
10405,3.91,3.76
10406,3.91,3.74
10407,3.89,3.72
10408,3.86,3.70
10411,3.83,3.69
10412,3.80,3.67
10413,3.78,3.66
10414,3.78,3.67
10415,3.80,3.68
10417,3.82,3.70
10418,3.85,3.72
10419,3.88,3.75
10420,3.90,3.76
10421,3.91,3.75
10422,3.91,3.74
10424,3.89,3.73
10425,3.87,3.71
10426,3.85,3.70
10427,3.82,3.67
10428,3.79,3.66
10430,3.77,3.65
10431,3.78,3.66
10432,3.79,3.68
10433,3.81,3.70
10434,3.84,3.72
10435,3.87,3.75
10437,3.90,3.75
10438,3.90,3.75
10439,3.90,3.73
10440,3.88,3.72
10441,3.86,3.70
10442,3.83,3.69
10444,3.81,3.66
10445,3.78,3.65
10446,3.77,3.65
10447,3.77,3.66
10448,3.79,3.68
10450,3.81,3.70
10451,3.84,3.72
10452,3.88,3.74
10454,3.90,3.75
10455,3.90,3.74
10456,3.89,3.73
10458,3.87,3.71
10459,3.85,3.70
10460,3.83,3.68
10461,3.80,3.66
10462,3.77,3.65
10464,3.77,3.65
10465,3.77,3.66
10466,3.79,3.68
10467,3.82,3.70
10468,3.85,3.73
10469,3.88,3.75
10471,3.90,3.75
10472,3.90,3.74
10473,3.89,3.72
10474,3.87,3.71
10475,3.85,3.70
10476,3.82,3.67
10478,3.79,3.65
10479,3.77,3.65
10480,3.77,3.65
10481,3.78,3.66
10482,3.80,3.69
10484,3.83,3.71
10485,3.86,3.73
10486,3.89,3.75
10487,3.90,3.75
10488,3.90,3.74
10489,3.89,3.73
10491,3.87,3.71
10492,3.85,3.69
10493,3.82,3.67
10494,3.79,3.65
10496,3.77,3.65
10498,3.77,3.66
10499,3.78,3.67
10500,3.81,3.69
10501,3.83,3.71
10502,3.87,3.74
10503,3.90,3.75
10505,3.91,3.75
10506,3.90,3.74
10507,3.89,3.73
10508,3.87,3.71
10509,3.84,3.69
10510,3.82,3.67
10512,3.79,3.65
10513,3.77,3.65
10514,3.77,3.66
10515,3.79,3.68
10516,3.81,3.70
10518,3.84,3.72
10519,3.87,3.75
10520,3.90,3.75
10521,3.91,3.75
10522,3.90,3.74
10523,3.88,3.73
10525,3.86,3.71
10526,3.84,3.69
10527,3.81,3.67
10528,3.78,3.66
10529,3.77,3.66
10531,3.77,3.67
10532,3.79,3.68
10533,3.82,3.70
10534,3.85,3.72
10535,3.88,3.75
10536,3.90,3.75
10539,3.90,3.74
10540,3.89,3.73
10541,3.87,3.71
10542,3.84,3.70
10543,3.82,3.68
10545,3.79,3.66
10546,3.76,3.64
10547,3.76,3.65
10548,3.76,3.66
10549,3.78,3.68
10550,3.81,3.70
10552,3.84,3.72
10553,3.87,3.75
10554,3.89,3.74
10555,3.89,3.74
10556,3.88,3.73
10558,3.86,3.71
10559,3.84,3.70
10560,3.82,3.67
10561,3.79,3.66
10562,3.77,3.65
10563,3.76,3.66
10565,3.77,3.67
10566,3.80,3.69
10567,3.82,3.71
10568,3.86,3.74
10569,3.89,3.75
10571,3.90,3.75
10572,3.90,3.75
10573,3.89,3.73
10574,3.87,3.71
10575,3.84,3.70
10576,3.82,3.68
10578,3.79,3.66
10579,3.77,3.66
10580,3.77,3.66
10582,3.79,3.68
10583,3.81,3.70
10585,3.84,3.72
10586,3.87,3.75
10587,3.90,3.76
10588,3.91,3.76
10589,3.90,3.75
10590,3.89,3.73
10592,3.87,3.71
10593,3.84,3.70
10594,3.82,3.68
10595,3.79,3.66
10596,3.77,3.66
10597,3.78,3.67
10599,3.79,3.68
10600,3.82,3.70
10601,3.84,3.73
10602,3.88,3.75
10603,3.90,3.76
10605,3.91,3.76
10606,3.90,3.74
10607,3.89,3.73
10608,3.86,3.71
10609,3.84,3.69
10610,3.81,3.67
10612,3.78,3.66
10613,3.77,3.66
10614,3.78,3.67
10615,3.80,3.69
10616,3.82,3.71
10618,3.85,3.73
10619,3.88,3.76
10620,3.91,3.76
10621,3.91,3.75
10622,3.90,3.74
10624,3.88,3.73
10626,3.86,3.71
10627,3.83,3.69
10628,3.80,3.67
10629,3.78,3.66
10630,3.77,3.66
10631,3.78,3.67
10633,3.80,3.69
10634,3.83,3.71
10635,3.86,3.74
10636,3.89,3.76
10637,3.91,3.76
10639,3.91,3.76
10640,3.90,3.74
10641,3.88,3.73
10642,3.86,3.71
10643,3.83,3.69
10644,3.80,3.67
10646,3.78,3.66
10647,3.78,3.67
10648,3.79,3.68
10649,3.81,3.70
10650,3.84,3.72
10652,3.87,3.75
10653,3.90,3.76
10654,3.91,3.76
10655,3.91,3.75
10656,3.89,3.74
10657,3.87,3.72
10659,3.85,3.70
10660,3.82,3.68
10661,3.79,3.66
10662,3.77,3.66
10663,3.77,3.67
10664,3.79,3.68
10667,3.81,3.70
10668,3.84,3.72
10669,3.87,3.75
10670,3.90,3.76
10671,3.91,3.76
10673,3.90,3.74
10674,3.89,3.73
10675,3.87,3.71
10676,3.84,3.69
10677,3.81,3.68
10678,3.78,3.66
10680,3.77,3.66
10681,3.77,3.67
10682,3.79,3.68
10683,3.81,3.70
10684,3.84,3.72
10686,3.87,3.75
10687,3.90,3.76
10688,3.90,3.75
10689,3.89,3.74
10690,3.88,3.72
10691,3.85,3.70
10693,3.83,3.69
10694,3.80,3.67
10695,3.78,3.65
10696,3.76,3.65
10697,3.77,3.66
10699,3.79,3.68
10700,3.81,3.70
10701,3.84,3.73
10702,3.88,3.75
10703,3.90,3.75
10704,3.90,3.74
10706,3.89,3.73
10707,3.87,3.72
10708,3.85,3.70
10710,3.82,3.68
10711,3.79,3.66
10712,3.77,3.65
10714,3.76,3.65
10715,3.77,3.67
10716,3.79,3.68
10717,3.82,3.70
10718,3.85,3.73
10720,3.88,3.75
10721,3.90,3.75
10722,3.90,3.74
10723,3.88,3.73
10724,3.86,3.71
10725,3.84,3.70
10727,3.82,3.68
10728,3.79,3.66
10729,3.77,3.65
10730,3.76,3.65
10731,3.77,3.67
10733,3.80,3.69
10734,3.82,3.71
10735,3.86,3.73
10736,3.88,3.75
10737,3.90,3.75
10738,3.89,3.74
10740,3.88,3.72
10741,3.86,3.70
10742,3.84,3.69
10743,3.81,3.67
10744,3.78,3.65
10746,3.76,3.65
10747,3.76,3.66
10748,3.78,3.67
10749,3.80,3.69
10750,3.83,3.71
10752,3.86,3.74
10754,3.89,3.75
10755,3.90,3.74
10756,3.89,3.73
10757,3.88,3.72
10758,3.86,3.70
10759,3.83,3.69
10761,3.80,3.67
10762,3.78,3.65
10763,3.76,3.65
10764,3.77,3.66
10765,3.78,3.67
10767,3.81,3.70
10768,3.84,3.72
10769,3.87,3.74
10770,3.89,3.75
10771,3.90,3.74
10772,3.89,3.73
10774,3.87,3.72
10775,3.85,3.70
10776,3.82,3.68
10777,3.80,3.66
10778,3.77,3.65
10780,3.76,3.65
10781,3.77,3.66
10782,3.79,3.68
10783,3.81,3.70
10784,3.84,3.72
10785,3.87,3.74
10787,3.89,3.75
10788,3.90,3.74
10789,3.89,3.73
10790,3.87,3.71
10791,3.84,3.70
10793,3.82,3.68
10795,3.79,3.66
10796,3.76,3.65
10797,3.76,3.65
10798,3.77,3.66
10799,3.79,3.68
10801,3.82,3.70
10802,3.85,3.73
10803,3.88,3.74
10804,3.90,3.75
10805,3.89,3.73
10807,3.88,3.72
10808,3.86,3.71
10809,3.84,3.69
10810,3.81,3.67
10811,3.79,3.65
10812,3.76,3.65
10814,3.76,3.65
10815,3.77,3.66
10816,3.80,3.69
10817,3.82,3.70
10818,3.85,3.73
10820,3.89,3.74
10821,3.90,3.74
10822,3.89,3.73
10823,3.88,3.72
10824,3.86,3.70
10825,3.83,3.69
10827,3.81,3.67
10828,3.78,3.65
10829,3.76,3.65
10830,3.76,3.65
10831,3.78,3.67
10833,3.80,3.69
10834,3.83,3.71
10835,3.87,3.74
10836,3.89,3.75
10838,3.90,3.74
10839,3.89,3.73
10841,3.88,3.71
10842,3.86,3.70
10843,3.83,3.68
10844,3.80,3.66
10845,3.77,3.65
10846,3.76,3.65
10848,3.77,3.66
10849,3.78,3.67
10850,3.81,3.69
10851,3.84,3.72
10852,3.87,3.74
10854,3.89,3.75
10855,3.90,3.74
10856,3.89,3.73
10857,3.87,3.71
10858,3.85,3.70
10859,3.83,3.68
10861,3.80,3.66
10862,3.77,3.65
10863,3.76,3.65
10864,3.77,3.66
10865,3.79,3.68
10867,3.82,3.70
10868,3.85,3.72
10869,3.88,3.74
10870,3.90,3.75
10871,3.90,3.74
10872,3.89,3.73
10874,3.87,3.71
10875,3.85,3.70
10876,3.82,3.68
10877,3.79,3.65
10878,3.77,3.65
10881,3.77,3.65
10882,3.78,3.67
10883,3.80,3.68
10884,3.82,3.70
10885,3.86,3.73
10886,3.89,3.75
10888,3.90,3.75
10889,3.90,3.74
10890,3.89,3.72
10891,3.87,3.71
10892,3.84,3.70
10893,3.82,3.67
10895,3.79,3.65
10896,3.77,3.65
10897,3.77,3.66
10898,3.78,3.67
10899,3.80,3.69
10901,3.83,3.71
10902,3.86,3.74
10903,3.89,3.75
10904,3.90,3.75
10905,3.90,3.74
10906,3.88,3.72
10908,3.86,3.71
10909,3.84,3.69
10910,3.81,3.67
10911,3.78,3.65
10912,3.76,3.65
10914,3.77,3.66
10915,3.78,3.67
10916,3.81,3.70
10917,3.84,3.72
10918,3.87,3.74
10919,3.90,3.75
10921,3.90,3.75
10923,3.90,3.74
10924,3.88,3.72
10925,3.86,3.70
10926,3.84,3.68
10927,3.81,3.67
10929,3.78,3.65
10930,3.77,3.65
10931,3.77,3.66
10932,3.79,3.68
10933,3.81,3.70
10935,3.84,3.72
10936,3.88,3.75
10937,3.90,3.75
10938,3.90,3.75
10939,3.90,3.74
10940,3.88,3.72
10942,3.86,3.70
10943,3.83,3.68
10944,3.80,3.66
10945,3.77,3.65
10946,3.77,3.66
10948,3.77,3.66
10949,3.79,3.69
10950,3.82,3.70
10951,3.85,3.73
10952,3.88,3.75
10953,3.90,3.75
10955,3.90,3.75
10956,3.89,3.73
10957,3.87,3.72
10958,3.85,3.70
10959,3.82,3.68
10960,3.79,3.66
10962,3.77,3.65
10963,3.77,3.66
10964,3.78,3.67
10966,3.80,3.69
10967,3.83,3.71
10969,3.86,3.74
10970,3.89,3.76
10971,3.91,3.76
10972,3.91,3.75
10973,3.90,3.74
10974,3.88,3.72
10976,3.86,3.71
10977,3.83,3.69
10978,3.80,3.67
10979,3.78,3.67
10980,3.78,3.67
10982,3.80,3.69
10983,3.82,3.70
10984,3.85,3.73
10985,3.88,3.75
10986,3.91,3.77
10987,3.92,3.77
10989,3.91,3.76
10990,3.90,3.74
10991,3.88,3.72
10992,3.85,3.70
10993,3.83,3.69
10994,3.80,3.67
10996,3.79,3.67
10997,3.79,3.68
10998,3.81,3.70
10999,3.83,3.71
11000,3.86,3.74
11002,3.89,3.76
11003,3.92,3.78
11004,3.94,3.78
11005,3.94,3.78
11006,3.92,3.76
11008,3.91,3.76
11010,3.91,3.76
11011,3.91,3.78
11012,3.93,3.80
11013,3.95,3.82
11014,3.98,3.84
11016,4.00,3.86
11017,4.03,3.88
11018,4.07,3.90
11019,4.09,3.92
11020,4.13,3.94
11021,4.15,3.96
11023,4.18,3.98
11024,4.21,4.00
11025,4.24,4.02
11026,4.27,4.04
11027,4.30,4.05
11028,4.33,4.07
11030,4.35,4.09
11031,4.37,4.10
11032,4.40,4.12
11033,4.42,4.13
11034,4.44,4.14
11036,4.46,4.15
11037,4.47,4.16
11038,4.49,4.17
11039,4.50,4.18
11040,4.52,4.19
11041,4.53,4.20
11043,4.54,4.21
11044,4.55,4.22
11045,4.56,4.22
11046,4.56,4.23
11047,4.56,4.23
11048,4.57,4.24
11051,4.57,4.24
11052,4.57,4.25
11053,4.57,4.25
11054,4.57,4.25
11055,4.57,4.26
11057,4.57,4.26
11058,4.57,4.26
11059,4.57,4.26
11060,4.57,4.26
11061,4.57,4.26
11062,4.57,4.26
11064,4.57,4.26
11065,4.57,4.26
11066,4.56,4.26
11067,4.56,4.26
11068,4.56,4.26
11070,4.55,4.26
11071,4.55,4.26
11072,4.55,4.26
11073,4.54,4.26
11074,4.54,4.26
11076,4.53,4.26
11077,4.53,4.25
11078,4.53,4.25
11079,4.53,4.25
11080,4.52,4.25
11081,4.52,4.25
11083,4.52,4.25
11084,4.52,4.25
11085,4.52,4.25
11086,4.51,4.25
11087,4.51,4.25
11089,4.51,4.25
11090,4.51,4.25
11091,4.50,4.25
11092,4.50,4.25
11094,4.50,4.25
11095,4.50,4.25
11097,4.50,4.25
11098,4.50,4.25
11099,4.50,4.25
11100,4.50,4.25
11101,4.50,4.25
11103,4.50,4.25
11104,4.49,4.25
11105,4.49,4.25
11106,4.49,4.25
11107,4.50,4.25
11108,4.49,4.25
11110,4.49,4.25
11111,4.49,4.25
11112,4.49,4.25
11113,4.49,4.25
11114,4.49,4.25
11116,4.49,4.25
11117,4.49,4.25
11118,4.49,4.25
11119,4.49,4.25
11120,4.49,4.25
11121,4.49,4.25
11123,4.49,4.25
11124,4.49,4.25
11125,4.49,4.25
11126,4.49,4.25
11127,4.49,4.25
11129,4.49,4.25
11130,4.49,4.25
11131,4.49,4.25
11132,4.49,4.25
11133,4.49,4.26
11134,4.49,4.26
11137,4.49,4.26
11138,4.49,4.26
11139,4.49,4.26
11140,4.49,4.26
11141,4.49,4.26
11143,4.49,4.26
11144,4.49,4.26
11145,4.49,4.26
11146,4.49,4.25
11147,4.50,4.26
11149,4.50,4.26
11150,4.50,4.26
11151,4.50,4.26
11152,4.50,4.26
11153,4.49,4.26
11154,4.50,4.26
11156,4.49,4.26
11157,4.50,4.26
11158,4.50,4.26
11159,4.50,4.26
11160,4.50,4.26
11162,4.50,4.26
11163,4.50,4.26
11164,4.50,4.26
11165,4.50,4.26
11166,4.50,4.26
11167,4.49,4.26
11169,4.50,4.26
11170,4.50,4.26
11171,4.50,4.26
11172,4.50,4.26
11173,4.49,4.26
11175,4.50,4.26
11176,4.50,4.26
11177,4.50,4.26
11179,4.49,4.26
11180,4.50,4.26
11181,4.49,4.26
11183,4.50,4.26
11184,4.49,4.26
11185,4.49,4.26
11186,4.50,4.26
11187,4.49,4.27
11188,4.50,4.26
11190,4.49,4.26
11191,4.49,4.26
11192,4.50,4.27
11193,4.50,4.26
11194,4.50,4.26
11196,4.49,4.26
11197,4.50,4.27
11198,4.49,4.27
11199,4.49,4.27
11200,4.49,4.27
11201,4.49,4.27
11203,4.49,4.27
11204,4.49,4.27
11205,4.49,4.27
11206,4.49,4.27
11207,4.49,4.27
11209,4.50,4.27
11210,4.49,4.27
11211,4.50,4.27
11212,4.50,4.27
11213,4.49,4.27
11214,4.50,4.27
11216,4.50,4.27
11217,4.49,4.27
11218,4.49,4.27
11219,4.49,4.27
11220,4.49,4.27
11223,4.49,4.27
11224,4.49,4.27
11225,4.49,4.27
11226,4.49,4.27
11227,4.49,4.27
11228,4.49,4.27
11230,4.49,4.27
11231,4.49,4.28
11232,4.49,4.28
11233,4.49,4.28
11234,4.49,4.28
11236,4.49,4.28
11237,4.49,4.28
11238,4.49,4.28
11239,4.49,4.28
11240,4.49,4.28
11242,4.49,4.28
11243,4.49,4.28
11244,4.49,4.28
11245,4.49,4.28
11246,4.49,4.28
11247,4.49,4.28
11249,4.49,4.29
11250,4.49,4.29
11251,4.49,4.29
11252,4.49,4.29
11253,4.49,4.29
11254,4.49,4.29
11256,4.49,4.29
11257,4.49,4.30
11258,4.49,4.30
11259,4.49,4.30
11260,4.49,4.30
11262,4.49,4.30
11264,4.49,4.30
11265,4.49,4.30
11266,4.49,4.30
11267,4.49,4.30
11268,4.49,4.31
11270,4.49,4.31
11271,4.49,4.31
11272,4.49,4.31
11273,4.49,4.31
11274,4.50,4.32
11276,4.49,4.32
11277,4.49,4.32
11278,4.49,4.32
11279,4.50,4.33
11280,4.49,4.33
11281,4.49,4.33
11283,4.49,4.33
11284,4.49,4.34
11285,4.49,4.34
11286,4.50,4.34
11287,4.49,4.35
11289,4.49,4.35
11290,4.49,4.35
11291,4.50,4.35
11292,4.50,4.36
11293,4.49,4.36
11294,4.50,4.36
11296,4.50,4.37
11297,4.49,4.37
11298,4.50,4.37
11299,4.50,4.38
11300,4.50,4.38
11301,4.50,4.38
11303,4.50,4.39
11304,4.50,4.39
11305,4.50,4.39
11307,4.50,4.40
11308,4.50,4.40
11309,4.50,4.41
11311,4.49,4.41
11312,4.50,4.41
11313,4.50,4.42
11314,4.50,4.42
11315,4.49,4.43
11317,4.50,4.43
11318,4.50,4.43
11319,4.50,4.44
11320,4.50,4.44
11321,4.50,4.45
11322,4.50,4.45
11324,4.50,4.45
11325,4.50,4.46
11326,4.50,4.46
11327,4.50,4.47
11328,4.50,4.47
11329,4.49,4.47
11331,4.49,4.48
11332,4.49,4.48
11333,4.49,4.48
11334,4.49,4.49
11335,4.49,4.49
11337,4.49,4.50
11338,4.49,4.50
11339,4.49,4.51
11340,4.49,4.51
11341,4.50,4.51
11342,4.49,4.52
11344,4.49,4.52
11345,4.49,4.52
11346,4.49,4.53
11347,4.49,4.53
11348,4.49,4.54
11351,4.49,4.54
11352,4.49,4.55
11353,4.49,4.55
11354,4.49,4.56
11355,4.49,4.56
11356,4.50,4.57
11358,4.50,4.57
11359,4.49,4.57
11360,4.50,4.58
11361,4.50,4.58
11362,4.50,4.59
11363,4.50,4.59
11365,4.49,4.60
11366,4.49,4.60
11367,4.49,4.61
11368,4.50,4.61
11369,4.49,4.61
11371,4.50,4.62
11372,4.49,4.62
11373,4.49,4.63
11374,4.50,4.63
11375,4.49,4.63
11376,4.50,4.64
11378,4.49,4.64
11379,4.49,4.65
11380,4.49,4.65
11381,4.49,4.65
11382,4.49,4.66
11383,4.49,4.66
11385,4.49,4.67
11386,4.49,4.67
11387,4.49,4.67
11388,4.49,4.68
11389,4.49,4.68
11392,4.49,4.68
11393,4.49,4.69
11394,4.49,4.69
11395,4.49,4.69
11396,4.49,4.70
11397,4.49,4.70
11399,4.49,4.70
11400,4.49,4.70
11401,4.49,4.71
11402,4.49,4.71
11403,4.49,4.72
11404,4.49,4.72
11406,4.49,4.72
11407,4.49,4.73
11408,4.49,4.73
11409,4.49,4.74
11410,4.49,4.74
11412,4.49,4.74
11413,4.49,4.75
11414,4.49,4.75
11415,4.49,4.76
11416,4.49,4.76
11417,4.49,4.77
11419,4.49,4.77
11420,4.49,4.77
11421,4.49,4.78
11422,4.49,4.78
11423,4.49,4.78
11425,4.49,4.79
11426,4.49,4.79
11427,4.49,4.80
11428,4.49,4.80
11429,4.49,4.80
11430,4.49,4.81
11432,4.49,4.81
11433,4.49,4.82
11435,4.49,4.82
11436,4.49,4.82
11437,4.49,4.83
11439,4.49,4.83
11440,4.49,4.84
11441,4.49,4.84
11442,4.49,4.85
11443,4.49,4.85
11444,4.49,4.85
11446,4.49,4.85
11447,4.49,4.86
11448,4.49,4.86
11449,4.49,4.86
11450,4.49,4.87
11451,4.49,4.87
11453,4.49,4.87
11454,4.49,4.88
11455,4.49,4.88
11456,4.49,4.88
11457,4.49,4.88
11458,4.49,4.88
11460,4.49,4.88
11461,4.49,4.88
11462,4.49,4.89
11463,4.49,4.89
11464,4.49,4.89
11466,4.49,4.89
11467,4.49,4.89
11468,4.49,4.89
11469,4.49,4.89
11470,4.49,4.89
11471,4.49,4.89
11473,4.49,4.89
11474,4.49,4.88
11475,4.49,4.88
11476,4.48,4.87
11478,4.48,4.86
11479,4.48,4.86
11481,4.49,4.85
11482,4.49,4.85
11483,4.49,4.84
11484,4.49,4.83
11485,4.49,4.83
11487,4.49,4.82
11488,4.49,4.81
11489,4.49,4.80
11490,4.49,4.78
11491,4.49,4.78
11492,4.49,4.76
11494,4.49,4.75
11495,4.49,4.74
11496,4.49,4.73
11497,4.49,4.71
11498,4.49,4.70
11500,4.49,4.68
11501,4.49,4.67
11502,4.49,4.65
11503,4.49,4.64
11504,4.49,4.62
11505,4.49,4.61
11507,4.49,4.59
11508,4.49,4.57
11509,4.49,4.56
11510,4.49,4.55
11511,4.49,4.53
11513,4.49,4.52
11514,4.49,4.50
11515,4.49,4.49
11516,4.48,4.47
11517,4.48,4.46
11518,4.48,4.44
11521,4.48,4.43
11522,4.48,4.41
11523,4.48,4.40
11524,4.48,4.38
11525,4.48,4.37
11527,4.48,4.36
11528,4.48,4.35
11529,4.48,4.34
11530,4.47,4.33
11531,4.47,4.31
11532,4.47,4.30
11534,4.47,4.29
11535,4.47,4.28
11536,4.47,4.26
11537,4.47,4.25
11538,4.47,4.24
11540,4.47,4.23
11541,4.47,4.22
11542,4.47,4.21
11543,4.47,4.20
11544,4.47,4.19
11545,4.47,4.18
11547,4.47,4.17
11548,4.47,4.16
11549,4.47,4.16
11550,4.47,4.15
11551,4.47,4.14
11552,4.47,4.13
11554,4.47,4.13
11555,4.47,4.12
11556,4.47,4.11
11557,4.47,4.10
11558,4.47,4.10
11560,4.47,4.09
11561,4.47,4.08
11563,4.47,4.08
11564,4.47,4.07
11565,4.47,4.06
11566,4.47,4.06
11568,4.47,4.05
11569,4.47,4.05
11570,4.47,4.04
11571,4.47,4.03
11572,4.47,4.03
11573,4.47,4.02
11575,4.47,4.02
11576,4.47,4.01
11577,4.47,4.01
11578,4.47,4.00
11579,4.47,3.99
11581,4.47,3.99
11582,4.47,3.98
11583,4.47,3.98
11584,4.47,3.97
11585,4.48,3.97
11586,4.48,3.97
11588,4.47,3.96
11589,4.48,3.95
11590,4.48,3.95
11591,4.48,3.95
11592,4.48,3.94
11593,4.48,3.94
11595,4.48,3.93
11596,4.48,3.93
11597,4.48,3.92
11598,4.48,3.92
11599,4.48,3.92
11601,4.48,3.91
11602,4.48,3.91
11603,4.48,3.91
11604,4.48,3.91
11606,4.48,3.91
11607,4.48,3.90
11609,4.48,3.90
11610,4.48,3.90
11611,4.48,3.90
11612,4.48,3.89
11613,4.48,3.89
11615,4.48,3.89
11616,4.48,3.89
11617,4.48,3.88
11618,4.48,3.88
11619,4.48,3.88
11620,4.48,3.88
11622,4.48,3.87
11623,4.48,3.87
11624,4.48,3.87
11625,4.48,3.87
11626,4.48,3.87
11628,4.48,3.87
11629,4.48,3.87
11630,4.48,3.86
11631,4.48,3.86
11632,4.48,3.86
11633,4.48,3.86
11635,4.48,3.86
11636,4.48,3.86
11637,4.48,3.86
11638,4.48,3.86
11639,4.48,3.86
11641,4.48,3.85
11642,4.48,3.86
11643,4.48,3.85
11644,4.48,3.85
11645,4.48,3.85
11646,4.48,3.85
11649,4.48,3.85
11650,4.48,3.85
11651,4.48,3.85
11652,4.48,3.85
11653,4.48,3.85
11655,4.48,3.85
11656,4.48,3.85
11657,4.48,3.85
11658,4.48,3.85
11659,4.48,3.85
11660,4.48,3.85
11662,4.48,3.85
11663,4.48,3.85
11664,4.48,3.85
11665,4.48,3.85
11666,4.48,3.85
11667,4.48,3.85
11669,4.48,3.85
11670,4.48,3.85
11671,4.48,3.86
11672,4.48,3.86
11673,4.48,3.86
11675,4.48,3.86
11676,4.48,3.86
11677,4.48,3.86
11678,4.48,3.86
11679,4.48,3.86
11680,4.48,3.86
11682,4.48,3.86
11683,4.48,3.86
11684,4.48,3.86
11685,4.48,3.86
11686,4.48,3.86
11687,4.48,3.87
11689,4.48,3.87
11691,4.48,3.87
11692,4.48,3.87
11693,4.48,3.87
11694,4.48,3.87
11696,4.48,3.87
11697,4.48,3.87
11698,4.48,3.87
11699,4.48,3.87
11700,4.48,3.87
11702,4.48,3.87
11703,4.48,3.87
11704,4.48,3.87
11705,4.48,3.87
11706,4.48,3.87
11707,4.48,3.87
11709,4.48,3.87
11710,4.48,3.87
11711,4.48,3.87
11712,4.48,3.87
11713,4.48,3.88
11714,4.48,3.88
11716,4.48,3.88
11717,4.48,3.88
11718,4.48,3.88
11719,4.48,3.88
11720,4.48,3.88
11722,4.48,3.88
11723,4.48,3.88
11724,4.48,3.88
11725,4.48,3.88
11726,4.48,3.88
11727,4.48,3.88
11729,4.48,3.88
11730,4.48,3.88
11731,4.48,3.88
11732,4.48,3.88
11734,4.48,3.88
11736,4.48,3.88
11737,4.48,3.88
11738,4.48,3.88
11739,4.48,3.89
11740,4.48,3.89
11741,4.48,3.89
11743,4.48,3.89
11744,4.48,3.89
11745,4.48,3.89
11746,4.48,3.89
11747,4.48,3.89
11749,4.48,3.89
11750,4.48,3.89
11751,4.48,3.89
11752,4.48,3.89
11753,4.48,3.89
11754,4.48,3.89
11756,4.48,3.89
11757,4.48,3.89
11758,4.48,3.89
11759,4.48,3.89
11760,4.48,3.89
11762,4.48,3.89
11763,4.48,3.89
11764,4.48,3.89
11765,4.48,3.89
11766,4.48,3.89
11768,4.48,3.89
11769,4.48,3.89
11770,4.48,3.89
11771,4.48,3.89
11772,4.48,3.89
11773,4.48,3.89
11776,4.48,3.89
11777,4.48,3.89
11778,4.48,3.88
11779,4.48,3.88
11780,4.48,3.88
11782,4.48,3.88
11783,4.48,3.88
11784,4.48,3.88
11785,4.48,3.88
11786,4.48,3.88
11787,4.48,3.88
11789,4.48,3.88
11790,4.48,3.88
11791,4.48,3.88
11792,4.48,3.88
11793,4.48,3.88
11795,4.48,3.88
11796,4.48,3.88
11797,4.48,3.89
11798,4.48,3.89
11799,4.48,3.89
11800,4.48,3.89
11802,4.48,3.89
11803,4.48,3.90
11804,4.48,3.90
11805,4.48,3.90
11806,4.48,3.90
11808,4.48,3.91
11809,4.48,3.91
11810,4.48,3.91
11811,4.48,3.91
11812,4.48,3.91
11813,4.48,3.91
11815,4.48,3.91
11816,4.48,3.92
11817,4.48,3.92
11819,4.48,3.93
11820,4.48,3.93
11822,4.48,3.93
11823,4.48,3.94
11824,4.48,3.94
11825,4.48,3.94
11826,4.48,3.94
11827,4.48,3.94
11829,4.48,3.95
11830,4.48,3.95
11831,4.48,3.95
11832,4.48,3.96
11833,4.48,3.96
11834,4.48,3.96
11836,4.48,3.96
11837,4.48,3.97
11838,4.48,3.97
11839,4.48,3.97
11840,4.48,3.98
11842,4.48,3.98
11843,4.48,3.98
11844,4.48,3.98
11845,4.48,3.98
11846,4.48,3.99
11847,4.48,3.99
11849,4.48,3.99
11850,4.48,3.99
11851,4.48,4.00
11852,4.48,4.00
11853,4.48,4.00
11854,4.48,4.00
11856,4.48,4.01
11857,4.48,4.01
11858,4.48,4.01
11859,4.48,4.01
11860,4.48,4.02
11862,4.48,4.02
11864,4.48,4.02
11865,4.48,4.02
11866,4.48,4.02
11867,4.48,4.03
11868,4.48,4.03
11869,4.48,4.03
11871,4.48,4.03
11872,4.48,4.04
11873,4.48,4.04
11874,4.48,4.04
11875,4.48,4.04
11877,4.48,4.04
11878,4.48,4.04
11879,4.48,4.05
11880,4.48,4.05
11881,4.48,4.05
11882,4.48,4.05
11884,4.48,4.05
11885,4.48,4.06
11886,4.48,4.06
11887,4.48,4.06
11888,4.48,4.06
11889,4.48,4.06
11891,4.48,4.06
11892,4.48,4.06
11893,4.48,4.07
11894,4.48,4.07
11895,4.48,4.07
11897,4.48,4.07
11898,4.48,4.07
11899,4.48,4.08
11900,4.48,4.08
11901,4.48,4.08
11902,4.48,4.08
11905,4.48,4.08
11906,4.48,4.09
11907,4.48,4.09
11908,4.48,4.09
11909,4.48,4.09
11910,4.48,4.09
11912,4.48,4.09
11913,4.48,4.10
11914,4.48,4.10
11915,4.48,4.10
11916,4.48,4.10
11917,4.48,4.10
11919,4.48,4.10
11920,4.48,4.10
11921,4.48,4.11
11922,4.48,4.11
11923,4.48,4.11
11925,4.48,4.11
11926,4.48,4.11
11927,4.48,4.11
11928,4.48,4.11
11929,4.48,4.11
11930,4.48,4.12
11932,4.48,4.12
11933,4.48,4.12
11934,4.48,4.12
11935,4.48,4.13
11936,4.48,4.13
11938,4.48,4.13
11939,4.48,4.13
11940,4.48,4.13
11941,4.48,4.13
11942,4.48,4.13
11943,4.48,4.14
11945,4.48,4.14
11947,4.48,4.14
11948,4.48,4.14
11949,4.48,4.14
11950,4.48,4.14
11952,4.48,4.14
11953,4.48,4.15
11954,4.48,4.15
11955,4.48,4.15
11956,4.48,4.15
11957,4.48,4.15
11959,4.48,4.15
11960,4.48,4.15
11961,4.48,4.15
11962,4.48,4.16
11963,4.48,4.16
11965,4.48,4.16
11966,4.48,4.16
11967,4.48,4.16
11968,4.48,4.16
11969,4.48,4.17
11970,4.48,4.17
11972,4.48,4.17
11973,4.48,4.17
11974,4.48,4.17
11975,4.48,4.17
11976,4.48,4.17
11978,4.48,4.17
11979,4.48,4.17
11980,4.48,4.18
11981,4.48,4.18
11982,4.48,4.18
11983,4.48,4.18
11985,4.48,4.18
11986,4.48,4.18
11987,4.48,4.18
11988,4.48,4.19
11990,4.48,4.19
11992,4.48,4.19
11993,4.48,4.19
11994,4.48,4.19
11995,4.48,4.19
11996,4.48,4.19
11997,4.48,4.19
11999,4.48,4.19
12000,4.48,4.19
12001,4.48,4.20
12002,4.48,4.20
12003,4.48,4.20
12004,4.48,4.20
12006,4.48,4.20
12007,4.48,4.20
12008,4.48,4.20
12009,4.48,4.20
12010,4.48,4.20
12012,4.48,4.20
12013,4.48,4.20
12014,4.48,4.20
12015,4.48,4.20
12016,4.48,4.20
12017,4.48,4.20
12019,4.48,4.20
12020,4.48,4.20
12021,4.48,4.20
12022,4.48,4.20
12023,4.48,4.20
12024,4.48,4.20
12026,4.48,4.20
12027,4.48,4.20
12028,4.48,4.20
12029,4.48,4.20
12030,4.48,4.20
12032,4.48,4.20
12034,4.48,4.20
12035,4.48,4.20
12036,4.48,4.20
12037,4.48,4.20
12038,4.48,4.20
12039,4.48,4.20
12041,4.48,4.20
12042,4.48,4.20
12043,4.48,4.20
12044,4.48,4.20
12045,4.48,4.20
12046,4.48,4.19
12048,4.48,4.19
12049,4.48,4.19
12050,4.48,4.19
12051,4.48,4.19
12052,4.48,4.19
12054,4.48,4.19
12055,4.48,4.19
12056,4.48,4.18
12057,4.48,4.18
12058,4.48,4.18
12059,4.49,4.18
12061,4.48,4.18
12062,4.48,4.18
12063,4.48,4.17
12064,4.48,4.17
12065,4.48,4.17
12067,4.48,4.17
12068,4.48,4.17
12069,4.48,4.16
12070,4.48,4.16
12071,4.48,4.16
12072,4.48,4.16
12075,4.48,4.15
12076,4.48,4.15
12077,4.48,4.15
12078,4.48,4.15
12079,4.48,4.15
12081,4.48,4.14
12082,4.48,4.14
12083,4.48,4.14
12084,4.48,4.14
12085,4.48,4.14
12086,4.48,4.13
12088,4.48,4.13
12089,4.48,4.13
12090,4.48,4.13
12091,4.48,4.13
12092,4.48,4.13
12094,4.48,4.13
12095,4.48,4.13
12096,4.48,4.13
12097,4.48,4.12
12098,4.48,4.12
12099,4.48,4.12
12101,4.48,4.12
12102,4.48,4.12
12103,4.48,4.12
12104,4.48,4.12
12105,4.48,4.12
12107,4.48,4.11
12108,4.48,4.11
12109,4.48,4.11
12110,4.48,4.11
12111,4.48,4.11
12112,4.48,4.11
12114,4.48,4.11
12115,4.48,4.11
12116,4.48,4.11
12118,4.48,4.11
12119,4.48,4.11
12121,4.48,4.11
12122,4.48,4.11
12123,4.48,4.10
12124,4.48,4.10
12125,4.48,4.10
12126,4.48,4.10
12128,4.48,4.10
12129,4.48,4.10
12130,4.48,4.10
12131,4.48,4.10
12132,4.48,4.10
12133,4.49,4.10
12135,4.48,4.10
12136,4.49,4.10
12137,4.49,4.10
12138,4.49,4.10
12139,4.49,4.10
12141,4.49,4.10
12142,4.49,4.10
12143,4.49,4.10
12144,4.49,4.10
12145,4.49,4.10
12146,4.49,4.10
12148,4.49,4.10
12149,4.49,4.10
12150,4.49,4.10
12151,4.49,4.10
12152,4.49,4.10
12153,4.49,4.10
12155,4.49,4.10
12156,4.49,4.10
12157,4.49,4.10
12158,4.49,4.10
12160,4.49,4.10
12161,4.49,4.10
12163,4.49,4.10
12164,4.49,4.10
12165,4.49,4.10
12166,4.49,4.10
12167,4.49,4.10
12168,4.49,4.10
12170,4.49,4.10
12171,4.49,4.10
12172,4.49,4.10
12173,4.49,4.11
12174,4.49,4.11
12176,4.49,4.10
12177,4.49,4.11
12178,4.49,4.11
12179,4.49,4.10
12180,4.49,4.11
12181,4.49,4.11
12183,4.49,4.11
12184,4.49,4.11
12185,4.49,4.11
12186,4.49,4.11
12187,4.49,4.11
12189,4.49,4.11
12190,4.49,4.11
12191,4.49,4.11
12192,4.49,4.11
12193,4.49,4.11
12194,4.49,4.11
12196,4.49,4.11
12197,4.49,4.11
12198,4.49,4.11
12199,4.49,4.11
12200,4.49,4.11
12203,4.49,4.12
12204,4.49,4.12
12205,4.49,4.12
12206,4.49,4.12
12207,4.49,4.12
12208,4.49,4.12
12210,4.49,4.12
12211,4.49,4.12
12212,4.49,4.12
12213,4.49,4.12
12214,4.49,4.12
12216,4.49,4.12
12217,4.49,4.12
12218,4.49,4.12
12219,4.49,4.12
12220,4.49,4.12
12222,4.49,4.12
12223,4.49,4.12
12224,4.49,4.12
12225,4.49,4.12
12226,4.49,4.12
12227,4.49,4.12
12229,4.49,4.12
12230,4.49,4.12
12231,4.49,4.13
12232,4.49,4.12
12233,4.49,4.12
12235,4.49,4.13
12236,4.49,4.13
12237,4.49,4.13
12238,4.49,4.13
12239,4.49,4.13
12240,4.49,4.13
12242,4.49,4.13
12243,4.49,4.13
12244,4.49,4.13
12246,4.49,4.13
12247,4.49,4.13
12249,4.49,4.13
12250,4.49,4.13
12251,4.49,4.13
12252,4.49,4.13
12253,4.49,4.13
12255,4.49,4.13
12256,4.49,4.13
12257,4.49,4.13
12258,4.49,4.13
12259,4.49,4.13
12260,4.49,4.13
12262,4.49,4.13
12263,4.49,4.13
12264,4.49,4.13
12265,4.49,4.13
12266,4.49,4.13
12267,4.49,4.13
12269,4.49,4.13
12270,4.49,4.13
12271,4.49,4.13
12272,4.49,4.13
12273,4.49,4.13
12275,4.49,4.13
12276,4.49,4.14
12277,4.49,4.13
12278,4.49,4.14
12279,4.49,4.14
12280,4.49,4.14
12282,4.49,4.14
12283,4.49,4.14
12284,4.49,4.14
12285,4.49,4.14
12286,4.49,4.14
12289,4.49,4.14
12290,4.49,4.14
12291,4.49,4.14
12292,4.49,4.14
12293,4.49,4.14
12294,4.49,4.14
12296,4.49,4.14
12297,4.49,4.14
12298,4.49,4.15
12299,4.49,4.15
12300,4.49,4.15
12302,4.49,4.15
12303,4.49,4.15
12304,4.49,4.15
12305,4.49,4.15
12306,4.49,4.15
12307,4.49,4.15
12309,4.49,4.15
12310,4.49,4.15
12311,4.49,4.15
12312,4.49,4.15
12313,4.49,4.15
12315,4.49,4.15
12316,4.49,4.15
12317,4.49,4.15
12318,4.49,4.15
12319,4.49,4.15
12320,4.49,4.16
12322,4.49,4.16
12323,4.49,4.16
12324,4.49,4.16
12325,4.49,4.16
12326,4.49,4.16
12327,4.49,4.16
12329,4.49,4.16
12331,4.49,4.16
12332,4.49,4.16
12333,4.49,4.16
12334,4.49,4.16
12336,4.49,4.16
12337,4.49,4.16
12338,4.49,4.16
12339,4.49,4.16
12340,4.49,4.16
12341,4.49,4.16
12343,4.49,4.17
12344,4.49,4.17
12345,4.49,4.16
12346,4.49,4.17
12347,4.49,4.17
12349,4.49,4.17
12350,4.49,4.17
12351,4.49,4.17
12352,4.49,4.17
12353,4.49,4.17
12354,4.49,4.17
12356,4.49,4.17
12357,4.49,4.17
12358,4.49,4.17
12359,4.49,4.17
12360,4.49,4.17
12362,4.49,4.17
12363,4.49,4.17
12364,4.49,4.17
12365,4.49,4.17
12366,4.49,4.17
12367,4.49,4.17
12369,4.49,4.17
12370,4.49,4.17
12371,4.49,4.17
12372,4.49,4.17
12374,4.49,4.18
12376,4.49,4.18
12377,4.49,4.18
12378,4.49,4.18
12379,4.49,4.18
12380,4.49,4.18
12381,4.49,4.18
12383,4.49,4.18
12384,4.49,4.18
12385,4.49,4.18
12386,4.49,4.18
12387,4.49,4.18
12388,4.49,4.18
12390,4.49,4.18
12391,4.49,4.18
12392,4.49,4.18
12393,4.49,4.18
12394,4.49,4.18
12396,4.49,4.18
12397,4.49,4.18
12398,4.49,4.18
12399,4.49,4.18
12400,4.49,4.18
12401,4.49,4.18
12403,4.49,4.19
12404,4.49,4.19
12405,4.49,4.18
12406,4.49,4.19
12407,4.49,4.19
12409,4.49,4.19
12410,4.49,4.19
12411,4.49,4.19
12412,4.49,4.19
12413,4.49,4.19
12414,4.49,4.19
12417,4.49,4.19
12418,4.49,4.19
12419,4.49,4.19
12420,4.49,4.19
12421,4.49,4.19
12423,4.49,4.19
12424,4.49,4.19
12425,4.49,4.19
12426,4.49,4.19
12427,4.49,4.19
12428,4.49,4.19
12430,4.49,4.19
12431,4.49,4.19
12432,4.49,4.20
12433,4.49,4.20
12434,4.49,4.20
12436,4.49,4.20
12437,4.49,4.19
12438,4.49,4.20
12439,4.49,4.20
12440,4.49,4.20
12441,4.49,4.20
12443,4.49,4.20
12444,4.49,4.20
12445,4.49,4.20
12446,4.49,4.20
12447,4.49,4.20
12448,4.49,4.20
12450,4.49,4.20
12451,4.49,4.20
12452,4.49,4.20
12453,4.49,4.20
12454,4.49,4.20
12455,4.49,4.20
12457,4.49,4.20
12459,4.49,4.20
12460,4.49,4.20
12461,4.49,4.20
12462,4.49,4.21
12463,4.49,4.21
12465,4.49,4.21
12466,4.49,4.21
12467,4.49,4.21
12468,4.49,4.21
12469,4.49,4.21
12471,4.49,4.21
12472,4.49,4.21
12473,4.49,4.21
12474,4.49,4.21
12475,4.49,4.21
12476,4.49,4.21
12478,4.49,4.21
12479,4.49,4.21
12480,4.49,4.21
12481,4.49,4.21
12482,4.49,4.21
12484,4.49,4.21
12485,4.49,4.22
12486,4.49,4.22
12487,4.48,4.20
12488,4.44,4.16
12489,4.40,4.13
12491,4.35,4.11
12492,4.31,4.07
12493,4.26,4.03
12494,4.20,4.00
12495,4.17,3.98
12496,4.15,3.98
12498,4.14,3.98
12499,4.13,3.98
12500,4.14,3.99
12502,4.14,4.00
12503,4.14,4.00
12505,4.14,3.99
12506,4.13,3.96
12507,4.10,3.94
12508,4.07,3.92
12509,4.04,3.90
12510,4.00,3.87
12512,3.96,3.86
12513,3.95,3.85
12514,3.94,3.86
12515,3.95,3.87
12516,3.96,3.88
12518,3.98,3.89
12519,4.00,3.91
12520,4.01,3.91
12521,4.01,3.89
12522,3.99,3.87
12523,3.96,3.84
12525,3.93,3.81
12526,3.90,3.78
12527,3.87,3.75
12528,3.84,3.74
12529,3.83,3.75
12531,3.83,3.76
12532,3.85,3.77
12533,3.87,3.79
12534,3.90,3.81
12535,3.92,3.83
12536,3.94,3.83
12538,3.94,3.81
12539,3.92,3.79
12540,3.90,3.77
12541,3.88,3.74
12542,3.85,3.72
12545,3.82,3.70
12546,3.79,3.69
12547,3.79,3.70
12548,3.80,3.71
12549,3.82,3.73
12550,3.85,3.75
12552,3.88,3.77
12553,3.91,3.79
12554,3.92,3.78
12555,3.91,3.77
12556,3.90,3.75
12557,3.88,3.73
12559,3.85,3.70
12560,3.83,3.68
12561,3.80,3.67
12562,3.78,3.67
12563,3.79,3.68
12565,3.80,3.70
12566,3.82,3.71
12567,3.85,3.73
12568,3.88,3.76
12569,3.90,3.76
12570,3.91,3.75
12572,3.89,3.73
12573,3.88,3.72
12574,3.85,3.70
12575,3.83,3.68
12576,3.80,3.65
12578,3.77,3.64
12579,3.76,3.64
12580,3.77,3.66
12581,3.78,3.68
12582,3.81,3.70
12583,3.84,3.72
12585,3.87,3.74
12587,3.89,3.75
12588,3.90,3.74
12589,3.89,3.73
12590,3.87,3.71
12592,3.85,3.70
12593,3.83,3.68
12594,3.80,3.66
12595,3.77,3.65
12596,3.76,3.65
12597,3.77,3.66
12599,3.80,3.68
12600,3.82,3.70
12601,3.85,3.73
12602,3.88,3.75
12603,3.90,3.75
12604,3.90,3.74
12606,3.89,3.73
12607,3.87,3.71
12608,3.85,3.70
12609,3.82,3.68
12610,3.79,3.66
12612,3.77,3.65
12613,3.77,3.66
12614,3.78,3.67
12615,3.80,3.69
12616,3.83,3.71
12617,3.86,3.73
12619,3.89,3.75
12620,3.90,3.74
12621,3.89,3.73
12622,3.88,3.72
12623,3.86,3.70
12625,3.83,3.69
12626,3.81,3.67
12627,3.78,3.65
12628,3.76,3.64
12630,3.76,3.65
12631,3.77,3.66
12633,3.80,3.69
12634,3.82,3.71
12635,3.86,3.74
12636,3.88,3.74
12637,3.89,3.74
12639,3.89,3.73
12640,3.87,3.72
12641,3.85,3.70
12642,3.83,3.68
12643,3.80,3.66
12644,3.77,3.65
12646,3.75,3.64
12647,3.76,3.65
12648,3.77,3.67
12649,3.80,3.69
12650,3.83,3.71
12652,3.86,3.74
12653,3.88,3.74
12654,3.89,3.74
12655,3.88,3.73
12656,3.86,3.71
12657,3.84,3.69
12659,3.81,3.68
12660,3.79,3.66
12661,3.76,3.64
12662,3.75,3.64
12663,3.75,3.65
12665,3.77,3.67
12666,3.80,3.69
12667,3.83,3.72
12668,3.86,3.74
12669,3.88,3.74
12670,3.88,3.73
12673,3.87,3.72
12674,3.85,3.70
12675,3.83,3.69
12676,3.80,3.67
12677,3.78,3.65
12678,3.75,3.64
12680,3.74,3.64
12681,3.75,3.65
12682,3.77,3.67
12683,3.80,3.70
12684,3.83,3.72
12686,3.86,3.74
12687,3.88,3.74
12688,3.88,3.73
12689,3.87,3.72
12690,3.85,3.70
12691,3.83,3.69
12693,3.80,3.66
12694,3.77,3.65
12695,3.75,3.64
12696,3.75,3.65
12697,3.76,3.66
12699,3.78,3.68
12700,3.81,3.70
12701,3.84,3.73
12702,3.87,3.74
12703,3.89,3.74
12704,3.88,3.73
12706,3.87,3.72
12707,3.85,3.70
12708,3.82,3.69
12709,3.80,3.66
12710,3.77,3.65
12712,3.75,3.65
12713,3.75,3.65
12715,3.77,3.67
12716,3.79,3.69
12717,3.82,3.71
12718,3.86,3.74
12720,3.88,3.74
12721,3.88,3.74
12722,3.88,3.73
12723,3.86,3.72
12724,3.84,3.70
12726,3.81,3.68
12727,3.79,3.66
12728,3.76,3.64
12729,3.75,3.64
12730,3.75,3.65
12731,3.77,3.67
12733,3.79,3.69
12734,3.82,3.71
12735,3.86,3.74
12736,3.88,3.74
12737,3.88,3.74
12739,3.87,3.73
12740,3.85,3.71
12741,3.83,3.70
12742,3.81,3.67
12743,3.78,3.66
12744,3.75,3.64
12746,3.74,3.64
12747,3.75,3.66
12748,3.77,3.68
12749,3.80,3.70
12750,3.83,3.72
12752,3.86,3.74
12753,3.87,3.74
12754,3.88,3.73
12755,3.86,3.72
12756,3.84,3.70
12758,3.82,3.69
12760,3.80,3.67
12761,3.77,3.65
12762,3.74,3.64
12763,3.74,3.64
12764,3.75,3.66
12766,3.77,3.68
12767,3.80,3.70
12768,3.83,3.73
12769,3.86,3.74
12770,3.87,3.73
12771,3.87,3.73
12773,3.85,3.71
12774,3.83,3.70
12775,3.81,3.68
12776,3.78,3.66
12777,3.76,3.64
12779,3.73,3.64
12780,3.73,3.64
12781,3.75,3.66
12782,3.77,3.68
12783,3.80,3.70
12784,3.84,3.73
12786,3.86,3.74
12787,3.87,3.73
12788,3.86,3.72
12789,3.85,3.71
12790,3.83,3.70
12792,3.80,3.68
12793,3.78,3.66
12794,3.75,3.64
12795,3.73,3.64
12796,3.74,3.65
12797,3.75,3.67
12800,3.78,3.69
12801,3.81,3.71
12802,3.84,3.73
12803,3.87,3.74
12804,3.87,3.73
12806,3.86,3.72
12807,3.84,3.71
12808,3.82,3.69
12809,3.80,3.67
12810,3.77,3.65
12811,3.75,3.64
12813,3.73,3.64
12814,3.74,3.65
12815,3.76,3.67
12816,3.79,3.69
12817,3.82,3.72
12819,3.85,3.74
12820,3.86,3.74
12821,3.87,3.73
12822,3.85,3.72
12823,3.84,3.70
12824,3.81,3.69
12826,3.79,3.67
12827,3.76,3.64
12828,3.74,3.63
12829,3.73,3.64
12830,3.74,3.66
12832,3.76,3.67
12833,3.79,3.70
12834,3.82,3.72
12835,3.85,3.73
12836,3.86,3.73
12837,3.86,3.72
12839,3.85,3.71
12840,3.83,3.70
12841,3.81,3.68
12843,3.78,3.66
12844,3.75,3.64
12846,3.73,3.63
12847,3.73,3.64
12848,3.74,3.66
12849,3.76,3.68
12850,3.79,3.70
12851,3.83,3.72
12853,3.85,3.73
12854,3.86,3.73
12855,3.85,3.72
12856,3.84,3.70
12857,3.82,3.69
12859,3.80,3.67
12860,3.77,3.65
12861,3.75,3.63
12862,3.73,3.63
12863,3.73,3.64
12864,3.74,3.66
12866,3.77,3.68
12867,3.80,3.70
12868,3.83,3.73
12869,3.85,3.73
12870,3.86,3.72
12871,3.85,3.71
12873,3.83,3.70
12874,3.81,3.68
12875,3.79,3.67
12876,3.76,3.64
12877,3.74,3.63
12879,3.72,3.63
12880,3.73,3.64
12881,3.75,3.66
12882,3.77,3.68
12883,3.80,3.70
12884,3.84,3.73
12887,3.86,3.73
12888,3.86,3.72
12889,3.85,3.71
12890,3.83,3.70
12891,3.81,3.68
12893,3.78,3.66
12894,3.76,3.64
12895,3.73,3.63
12896,3.72,3.63
12897,3.73,3.64
12898,3.75,3.66
12900,3.78,3.69
12901,3.81,3.71
12902,3.84,3.73
12903,3.86,3.73
12904,3.86,3.72
12906,3.84,3.71
12907,3.83,3.69
12908,3.80,3.68
12909,3.78,3.66
12910,3.75,3.64
12911,3.73,3.63
12913,3.72,3.63
12914,3.74,3.65
12915,3.76,3.67
12916,3.79,3.69
12917,3.82,3.72
12919,3.85,3.73
12920,3.86,3.72
12921,3.85,3.72
12922,3.84,3.70
12923,3.82,3.69
12924,3.80,3.67
12926,3.77,3.65
12928,3.74,3.63
12929,3.72,3.62
12930,3.72,3.63
12931,3.74,3.65
12933,3.76,3.67
12934,3.79,3.70
12935,3.82,3.72
12936,3.85,3.73
12937,3.86,3.72
12938,3.85,3.71
12940,3.83,3.70
12941,3.81,3.68
12942,3.79,3.67
12943,3.77,3.65
12944,3.74,3.63
12946,3.72,3.63
12947,3.73,3.64
12948,3.74,3.65
12949,3.77,3.68
12950,3.80,3.70
12951,3.83,3.72
12953,3.85,3.73
12954,3.86,3.72
12955,3.85,3.71
12956,3.83,3.70
12957,3.81,3.68
12959,3.79,3.66
12960,3.76,3.64
12961,3.74,3.63
12962,3.72,3.63
12963,3.73,3.64
12964,3.75,3.66
12966,3.78,3.68
12967,3.81,3.71
12968,3.84,3.73
12969,3.86,3.73
12971,3.85,3.72
12973,3.85,3.71
12974,3.83,3.69
12975,3.80,3.68
12976,3.78,3.66
12977,3.75,3.64
12978,3.73,3.63
12980,3.72,3.63
12981,3.73,3.65
12982,3.75,3.66
12983,3.78,3.69
12984,3.81,3.71
12986,3.84,3.72
12987,3.86,3.72
12988,3.85,3.72
12989,3.84,3.70
12990,3.82,3.69
12991,3.80,3.67
12993,3.77,3.65
12994,3.75,3.63
12995,3.73,3.63
12996,3.72,3.63
12997,3.73,3.65
12999,3.76,3.67
13000,3.79,3.70
13001,3.82,3.72
13002,3.85,3.73
13003,3.86,3.73
13004,3.85,3.72
13006,3.84,3.70
13007,3.82,3.69
13008,3.80,3.67
13009,3.77,3.65
13010,3.74,3.63
13012,3.73,3.63
13014,3.73,3.64
13015,3.74,3.65
13016,3.77,3.68
13017,3.80,3.70
13018,3.83,3.72
13020,3.85,3.73
13021,3.86,3.73
13022,3.85,3.71
13023,3.83,3.70
13024,3.81,3.68
13025,3.79,3.66
13027,3.76,3.64
13028,3.74,3.63
13029,3.72,3.63
13030,3.73,3.64
13031,3.75,3.66
13033,3.77,3.68
13034,3.80,3.70
13035,3.83,3.72
13036,3.85,3.73
13037,3.85,3.72
13038,3.84,3.71
13040,3.83,3.70
13041,3.80,3.68
13042,3.78,3.66
13043,3.75,3.64
13044,3.73,3.63
13046,3.72,3.63
13047,3.73,3.64
13048,3.75,3.66
13049,3.78,3.69
13050,3.81,3.71
13051,3.84,3.73
13053,3.85,3.73
13054,3.85,3.72
13056,3.84,3.71
13057,3.82,3.70
13058,3.80,3.68
13060,3.78,3.66
13061,3.75,3.64
13062,3.73,3.63
13063,3.72,3.63
13064,3.73,3.65
13065,3.76,3.67
13067,3.78,3.69
13068,3.82,3.72
13069,3.85,3.73
13070,3.86,3.72
13071,3.85,3.71
13073,3.84,3.70
13074,3.82,3.69
13075,3.79,3.67
13076,3.77,3.65
13077,3.74,3.63
13078,3.72,3.62
13080,3.72,3.63
13081,3.74,3.65
13082,3.76,3.67
13083,3.79,3.70
13084,3.83,3.72
13086,3.85,3.73
13087,3.85,3.72
13088,3.85,3.71
13089,3.83,3.70
13090,3.81,3.68
13091,3.79,3.66
13093,3.76,3.64
13094,3.74,3.63
13095,3.72,3.63
13096,3.72,3.64
13097,3.74,3.65
13100,3.77,3.68
13101,3.80,3.70
13102,3.83,3.72
13103,3.85,3.72
13104,3.85,3.72
13105,3.85,3.71
13107,3.83,3.69
13108,3.81,3.68
13109,3.78,3.66
13110,3.76,3.64
13111,3.73,3.62
13113,3.72,3.62
13114,3.73,3.64
13115,3.75,3.66
13116,3.77,3.68
13117,3.81,3.71
13118,3.84,3.72
13120,3.85,3.73
13121,3.85,3.72
13122,3.84,3.71
13123,3.82,3.69
13124,3.80,3.67
13126,3.78,3.65
13127,3.75,3.63
13128,3.73,3.63
13129,3.72,3.63
13130,3.73,3.64
13131,3.75,3.66
13133,3.78,3.69
13134,3.81,3.72
13135,3.84,3.73
13136,3.85,3.73
13137,3.85,3.72
13139,3.84,3.70
13140,3.82,3.69
13142,3.80,3.67
13143,3.77,3.65
13144,3.75,3.63
13145,3.73,3.63
13147,3.73,3.64
13148,3.74,3.65
13149,3.76,3.68
13150,3.79,3.70
13151,3.83,3.73
13153,3.85,3.74
13154,3.86,3.74
13155,3.86,3.72
13156,3.85,3.71
13157,3.83,3.70
13158,3.80,3.68
13160,3.78,3.66
13161,3.75,3.64
13162,3.74,3.64
13163,3.74,3.65
13164,3.76,3.67
13165,3.78,3.69
13167,3.81,3.71
13168,3.85,3.74
13169,3.87,3.75
13170,3.88,3.75
13171,3.87,3.74
13173,3.86,3.72
13174,3.84,3.70
13175,3.81,3.69
13176,3.79,3.66
13177,3.76,3.65
13178,3.75,3.65
13180,3.76,3.67
13181,3.78,3.68
13182,3.80,3.70
13184,3.83,3.73
13185,3.87,3.76
13187,3.89,3.76
13188,3.89,3.76
13189,3.88,3.74
13190,3.86,3.73
13191,3.84,3.71
13192,3.82,3.69
13194,3.79,3.67
13195,3.76,3.66
13196,3.76,3.66
13197,3.77,3.68
13198,3.79,3.69
13200,3.81,3.71
13201,3.85,3.74
13202,3.88,3.77
13203,3.91,3.78
13204,3.91,3.77
13205,3.90,3.76
13207,3.89,3.74
13208,3.87,3.72
13209,3.84,3.70
13210,3.81,3.68
13211,3.79,3.68
13212,3.79,3.69
13214,3.81,3.70
13215,3.83,3.72
13216,3.86,3.74
13217,3.89,3.77
13218,3.92,3.80
13220,3.94,3.81
13221,3.95,3.80
13222,3.94,3.78
13223,3.92,3.77
13224,3.90,3.75
13225,3.88,3.73
13228,3.85,3.71
13229,3.83,3.71
13230,3.83,3.72
13231,3.85,3.73
13232,3.87,3.75
13233,3.90,3.77
13235,3.92,3.79
13236,3.95,3.82
13237,3.98,3.84
13238,4.02,3.86
13239,4.05,3.89
13241,4.08,3.91
13242,4.11,3.93
13243,4.15,3.95
13244,4.18,3.97
13245,4.21,4.00
13246,4.24,4.02
13248,4.27,4.04
13249,4.30,4.06
13250,4.32,4.08
13251,4.35,4.10
13252,4.37,4.12
13254,4.39,4.13
13255,4.41,4.15
13256,4.43,4.16
13257,4.45,4.18
13258,4.47,4.19
13259,4.48,4.20
13261,4.50,4.21
13262,4.51,4.22
13263,4.52,4.23
13264,4.53,4.24
13265,4.54,4.25
13266,4.55,4.26
13268,4.56,4.26
13270,4.56,4.27
13271,4.57,4.27
13272,4.57,4.28
13273,4.57,4.28
13275,4.57,4.28
13276,4.57,4.29
13277,4.57,4.29
13278,4.57,4.29
13279,4.57,4.29
13280,4.57,4.29
13282,4.57,4.29
13283,4.57,4.30
13284,4.57,4.30
13285,4.57,4.30
13286,4.57,4.29
13288,4.56,4.30
13289,4.56,4.30
13290,4.56,4.30
13291,4.56,4.30
13292,4.55,4.30
13293,4.55,4.30
13295,4.55,4.30
13296,4.54,4.29
13297,4.54,4.29
13298,4.54,4.29
13299,4.53,4.29
13301,4.53,4.29
13302,4.53,4.29
13303,4.52,4.29
13304,4.52,4.29
13305,4.52,4.29
13306,4.52,4.29
13308,4.51,4.29
13309,4.51,4.29
13310,4.51,4.29
13312,4.51,4.29
13313,4.50,4.29
13315,4.50,4.29
13316,4.50,4.29
13317,4.50,4.29
13318,4.50,4.29
13319,4.50,4.29
13320,4.50,4.29
13322,4.50,4.29
13323,4.50,4.29
13324,4.49,4.29
13325,4.49,4.29
13326,4.49,4.29
13328,4.49,4.29
13329,4.49,4.29
13330,4.49,4.29
13331,4.49,4.29
13332,4.49,4.29
13333,4.49,4.29
13335,4.49,4.29
13336,4.49,4.29
13337,4.49,4.28
13338,4.49,4.29
13339,4.49,4.29
13341,4.49,4.29
13342,4.49,4.29
13343,4.49,4.29
13344,4.49,4.29
13345,4.49,4.29
13347,4.49,4.29
13348,4.49,4.29
13349,4.49,4.29
13350,4.49,4.29
13351,4.50,4.29
13352,4.49,4.29
13355,4.50,4.29
13356,4.49,4.29
13357,4.50,4.29
13358,4.50,4.29
13359,4.49,4.29
13360,4.50,4.29
13362,4.49,4.30
13363,4.49,4.30
13364,4.50,4.30
13365,4.49,4.30
13366,4.49,4.30
13367,4.49,4.30
13369,4.49,4.30
13370,4.50,4.30
13371,4.49,4.30
13372,4.50,4.30
13373,4.49,4.30
13375,4.49,4.30
13376,4.49,4.30
13377,4.49,4.30
13378,4.49,4.30
13379,4.49,4.30
13380,4.49,4.30
13382,4.49,4.30
13383,4.49,4.30
13384,4.49,4.30
13385,4.49,4.30
13386,4.49,4.30
13387,4.49,4.30
13389,4.49,4.30
13390,4.49,4.30
13391,4.49,4.30
13392,4.49,4.30
13393,4.49,4.30
13394,4.49,4.30
13396,4.49,4.30
13398,4.49,4.30
13399,4.49,4.30
13400,4.49,4.30
13401,4.49,4.31
13402,4.49,4.30
13404,4.49,4.30
13405,4.49,4.31
13406,4.49,4.31
13407,4.49,4.31
13408,4.49,4.31
13410,4.49,4.31
13411,4.49,4.31
13412,4.49,4.31
13413,4.49,4.31
13414,4.49,4.31
13415,4.49,4.31
13417,4.49,4.31
13418,4.49,4.31
13419,4.50,4.31
13420,4.49,4.31
13421,4.50,4.31
13423,4.50,4.31
13424,4.49,4.31
13425,4.50,4.31
13426,4.49,4.32
13427,4.49,4.32
13428,4.49,4.32
13430,4.49,4.32
13431,4.49,4.32
13432,4.49,4.32
13433,4.49,4.32
13434,4.49,4.32
13436,4.49,4.32
13437,4.49,4.32
13438,4.49,4.32
13440,4.49,4.32
13441,4.49,4.32
13443,4.49,4.32
13444,4.49,4.33
13445,4.49,4.33
13446,4.49,4.33
13447,4.49,4.33
13448,4.49,4.33
13450,4.49,4.33
13451,4.49,4.33
13452,4.49,4.34
13453,4.49,4.34
13454,4.49,4.34
13456,4.49,4.34
13457,4.49,4.34
13458,4.49,4.34
13459,4.49,4.34
13460,4.49,4.34
13461,4.49,4.34
13463,4.49,4.34
13464,4.49,4.35
13465,4.49,4.35
13466,4.49,4.35
13467,4.49,4.35
13469,4.49,4.35
13470,4.49,4.35
13471,4.49,4.35
13472,4.49,4.35
13473,4.49,4.35
13475,4.49,4.35
13476,4.49,4.35
13477,4.49,4.35
13478,4.50,4.35
13479,4.49,4.35
13480,4.49,4.35
13483,4.49,4.35
13484,4.49,4.35
13485,4.49,4.35
13486,4.49,4.35
13487,4.49,4.35
13488,4.49,4.35
13490,4.49,4.35
13491,4.49,4.35
13492,4.50,4.36
13493,4.49,4.36
13494,4.50,4.36
13496,4.49,4.36
13497,4.50,4.36
13498,4.49,4.36
13499,4.49,4.36
13500,4.49,4.36
13501,4.49,4.36
13503,4.49,4.36
13504,4.49,4.36
13505,4.49,4.36
13506,4.49,4.36
13507,4.49,4.36
13509,4.49,4.36
13510,4.49,4.36
13511,4.49,4.36
13512,4.49,4.36
13513,4.49,4.36
13514,4.49,4.36
13516,4.49,4.36
13517,4.49,4.37
13518,4.49,4.37
13519,4.49,4.37
13520,4.49,4.37
13521,4.49,4.37
13523,4.49,4.37
13524,4.49,4.37
13526,4.49,4.37
13527,4.49,4.37
13528,4.49,4.37
13530,4.49,4.37
13531,4.49,4.37
13532,4.49,4.37
13533,4.49,4.37
13534,4.49,4.37
13535,4.49,4.37
13537,4.49,4.37
13538,4.49,4.38
13539,4.49,4.38
13540,4.49,4.38
13541,4.49,4.38
13543,4.49,4.38
13544,4.49,4.38
13545,4.49,4.38
13546,4.49,4.38
13547,4.49,4.39
13548,4.49,4.39
13550,4.49,4.39
13551,4.49,4.39
13552,4.49,4.39
13553,4.49,4.39
13554,4.49,4.39
13556,4.49,4.39
13557,4.49,4.39
13558,4.49,4.39
13559,4.49,4.39
13560,4.49,4.39
13561,4.49,4.39
13563,4.49,4.39
13564,4.49,4.39
13565,4.49,4.40
13566,4.49,4.39
13568,4.49,4.40
13569,4.49,4.40
13571,4.49,4.40
13572,4.49,4.40
13573,4.49,4.40
13574,4.49,4.40
13575,4.49,4.40
13577,4.49,4.39
13578,4.49,4.40
13579,4.49,4.39
13580,4.49,4.39
13581,4.49,4.39
13582,4.49,4.39
13584,4.49,4.39
13585,4.49,4.39
13586,4.49,4.39
13587,4.49,4.39
13588,4.49,4.39
13589,4.49,4.39
13591,4.49,4.39
13592,4.49,4.39
13593,4.49,4.39
13594,4.49,4.39
13595,4.49,4.39
13597,4.49,4.39
13598,4.49,4.39
13599,4.49,4.39
13600,4.49,4.39
13601,4.49,4.39
13602,4.49,4.38
13604,4.49,4.38
13605,4.49,4.38
13606,4.49,4.38
13607,4.49,4.38
13608,4.49,4.38
13611,4.49,4.38
13612,4.49,4.38
13613,4.49,4.38
13614,4.49,4.38
13615,4.49,4.37
13616,4.49,4.37
13618,4.49,4.37
13619,4.49,4.37
13620,4.49,4.37
13621,4.49,4.37
13622,4.49,4.37
13624,4.49,4.36
13625,4.49,4.36
13626,4.49,4.36
13627,4.49,4.36
13628,4.49,4.36
13629,4.49,4.35
13631,4.49,4.35
13632,4.49,4.35
13633,4.49,4.35
13634,4.49,4.35
13635,4.49,4.35
13637,4.49,4.35
13638,4.49,4.34
13639,4.49,4.34
13640,4.49,4.34
13641,4.49,4.34
13642,4.49,4.34
13644,4.49,4.34
13645,4.49,4.33
13646,4.49,4.33
13647,4.49,4.33
13648,4.49,4.33
13650,4.49,4.32
13651,4.49,4.32
13652,4.49,4.32
13654,4.49,4.32
13655,4.49,4.32
13656,4.49,4.32
13658,4.48,4.32
13659,4.49,4.32
13660,4.49,4.31
13661,4.49,4.31
13662,4.49,4.31
13664,4.49,4.31
13665,4.49,4.30
13666,4.49,4.30
13667,4.49,4.30
13668,4.49,4.30
13669,4.49,4.29
13671,4.49,4.29
13672,4.49,4.29
13673,4.49,4.28
13674,4.49,4.28
13675,4.49,4.28
13677,4.49,4.27
13678,4.49,4.27
13679,4.49,4.27
13680,4.49,4.27
13681,4.49,4.26
13682,4.49,4.26
13684,4.49,4.25
13685,4.49,4.25
13686,4.49,4.25
13687,4.49,4.24
13688,4.49,4.24
13690,4.49,4.23
13691,4.49,4.23
13692,4.49,4.23
13693,4.49,4.22
13694,4.49,4.22
13696,4.49,4.21
13698,4.49,4.21
13699,4.49,4.21
13700,4.49,4.20
13701,4.49,4.20
13702,4.49,4.19
13704,4.48,4.19
13705,4.48,4.18
13706,4.48,4.18
13707,4.48,4.18
13708,4.48,4.17
13709,4.48,4.17
13711,4.48,4.16
13712,4.49,4.16
13713,4.48,4.16
13714,4.48,4.15
13715,4.48,4.15
13716,4.48,4.14
13718,4.48,4.14
13719,4.48,4.13
13720,4.48,4.13
13721,4.48,4.13
13722,4.48,4.13
13724,4.48,4.12
13725,4.48,4.12
13726,4.48,4.12
13727,4.48,4.11
13728,4.48,4.11
13729,4.48,4.10
13731,4.48,4.10
13732,4.48,4.10
13733,4.48,4.09
13734,4.48,4.09
13735,4.48,4.08
13737,4.48,4.08
13739,4.48,4.08
13740,4.48,4.07
13741,4.48,4.07
13742,4.48,4.07
13743,4.48,4.06
13745,4.48,4.06
13746,4.48,4.06
13747,4.48,4.06
13748,4.48,4.05
13749,4.48,4.05
13750,4.48,4.05
13752,4.48,4.04
13753,4.48,4.04
13754,4.48,4.04
13755,4.48,4.04
13756,4.48,4.03
13758,4.48,4.03
13759,4.48,4.03
13760,4.48,4.03
13761,4.48,4.02
13762,4.48,4.02
13763,4.48,4.02
13765,4.48,4.02
13766,4.48,4.02
13767,4.48,4.01
13768,4.48,4.01
13769,4.48,4.01
13770,4.48,4.01
13772,4.48,4.01
13773,4.48,4.00
13774,4.48,4.00
13775,4.48,4.00
13776,4.48,4.00
13777,4.48,4.00
13779,4.48,4.00
13780,4.48,4.00
13782,4.48,4.00
13783,4.48,4.00
13784,4.48,3.99
13785,4.48,3.99
13787,4.48,3.99
13788,4.48,3.99
13789,4.48,3.99
13790,4.48,3.99
13791,4.48,3.99
13792,4.48,3.99
13794,4.48,3.99
13795,4.48,3.99
13796,4.48,3.99
13797,4.48,3.99
13798,4.48,3.99
13800,4.48,3.99
13801,4.48,3.99
13802,4.48,3.99
13803,4.48,3.99
13804,4.48,3.99
13805,4.48,3.99
13807,4.48,3.99
13808,4.48,3.99
13809,4.48,3.99
13810,4.48,3.99
13811,4.48,4.00
13812,4.48,4.00
13814,4.48,4.00
13815,4.48,4.00
13816,4.48,4.00
13817,4.48,4.00
13818,4.48,4.00
13819,4.48,4.00
13821,4.48,4.00
13822,4.48,4.00
13824,4.48,4.00
13825,4.48,4.01
13826,4.48,4.01
13827,4.48,4.01
13829,4.48,4.01
13830,4.48,4.01
13831,4.48,4.01
13832,4.48,4.01
13833,4.48,4.01
13834,4.48,4.01
13836,4.48,4.01
13837,4.48,4.01
13838,4.48,4.02
13839,4.48,4.02
13840,4.48,4.02
13841,4.48,4.02
13843,4.48,4.02
13844,4.48,4.02
13845,4.48,4.02
13846,4.48,4.02
13847,4.48,4.02
13849,4.48,4.02
13850,4.48,4.02
13851,4.48,4.02
13852,4.48,4.02
13853,4.48,4.02
13854,4.48,4.02
13856,4.48,4.02
13857,4.48,4.02
13858,4.48,4.02
13859,4.48,4.03
13860,4.48,4.03
13861,4.48,4.03
13863,4.48,4.03
13864,4.48,4.03
13865,4.48,4.03
13867,4.48,4.03
13868,4.48,4.03
13869,4.48,4.03
13871,4.48,4.03
13872,4.48,4.03
13873,4.48,4.03
13874,4.48,4.03
13875,4.48,4.03
13877,4.48,4.03
13878,4.48,4.03
13879,4.48,4.03
13880,4.48,4.04
13881,4.48,4.04
13882,4.48,4.04
13884,4.48,4.04
13885,4.48,4.04
13886,4.48,4.04
13887,4.48,4.04
13888,4.48,4.04
13889,4.48,4.04
13891,4.48,4.04
13892,4.48,4.04
13893,4.48,4.04
13894,4.48,4.04
13895,4.48,4.04
13897,4.48,4.04
13898,4.48,4.03
13899,4.48,4.04
13900,4.48,4.04
13901,4.48,4.04
13902,4.48,4.04
13904,4.48,4.04
13905,4.48,4.04
13906,4.48,4.04
13907,4.48,4.04
13908,4.48,4.04
13911,4.48,4.04
13912,4.48,4.04
13913,4.48,4.04
13914,4.48,4.04
13915,4.48,4.04
13916,4.48,4.05
13918,4.48,4.05
13919,4.48,4.05
13920,4.48,4.05
13921,4.48,4.05
13922,4.48,4.06
13923,4.48,4.06
13925,4.48,4.06
13926,4.48,4.06
13927,4.48,4.06
13928,4.48,4.07
13929,4.48,4.07
13930,4.48,4.07
13932,4.48,4.07
13933,4.48,4.07
13934,4.48,4.08
13935,4.48,4.08
13936,4.48,4.08
13938,4.48,4.09
13939,4.48,4.09
13940,4.48,4.09
13941,4.48,4.09
13942,4.48,4.10
13943,4.48,4.10
13945,4.48,4.10
13946,4.48,4.10
13947,4.48,4.10
13948,4.48,4.11
13949,4.48,4.11
13950,4.48,4.11
13953,4.48,4.11
13954,4.48,4.12
13955,4.48,4.12
13956,4.48,4.12
13957,4.48,4.12
13959,4.48,4.12
13960,4.48,4.13
13961,4.48,4.13
13962,4.48,4.13
13963,4.48,4.13
13964,4.48,4.13
13966,4.48,4.13
13967,4.48,4.13
13968,4.48,4.13
13969,4.48,4.14
13970,4.48,4.14
13972,4.48,4.14
13973,4.48,4.14
13974,4.48,4.14
13975,4.48,4.14
13976,4.48,4.15
13977,4.48,4.15
13979,4.48,4.15
13980,4.48,4.15
13981,4.48,4.15
13982,4.48,4.15
13983,4.48,4.16
13985,4.48,4.16
13986,4.48,4.16
13987,4.48,4.16
13988,4.48,4.16
13989,4.48,4.16
13990,4.48,4.16
13992,4.48,4.17
13993,4.48,4.17
13995,4.48,4.17
13996,4.48,4.17
13997,4.48,4.17
13999,4.48,4.17
14000,4.48,4.17
14001,4.48,4.17
14002,4.48,4.17
14003,4.48,4.18
14004,4.48,4.18
14006,4.48,4.18
14007,4.48,4.18
14008,4.48,4.18
14009,4.48,4.18
14010,4.48,4.18
14012,4.48,4.18
14013,4.48,4.18
14014,4.48,4.19
14015,4.48,4.19
14016,4.48,4.19
14017,4.48,4.19
14019,4.48,4.19
14020,4.48,4.19
14021,4.48,4.19
14022,4.48,4.19
14023,4.48,4.19
14025,4.48,4.19
14026,4.48,4.20
14027,4.48,4.19
14028,4.48,4.20
14029,4.48,4.20
14030,4.48,4.20
14032,4.48,4.20
14033,4.48,4.20
14034,4.48,4.20
14035,4.48,4.20
14036,4.48,4.20
14038,4.48,4.20
14040,4.48,4.21
14041,4.48,4.21
14042,4.48,4.21
14043,4.48,4.21
14044,4.48,4.22
14045,4.48,4.22
14047,4.48,4.22
14048,4.48,4.22
14049,4.48,4.22
14050,4.48,4.22
14051,4.48,4.22
14053,4.48,4.23
14054,4.48,4.23
14055,4.48,4.23
14056,4.48,4.23
14057,4.48,4.23
14058,4.48,4.23
14060,4.48,4.23
14061,4.48,4.23
14062,4.48,4.24
14063,4.48,4.24
14064,4.48,4.24
14066,4.48,4.24
14067,4.48,4.24
14068,4.48,4.24
14069,4.48,4.24
14070,4.48,4.24
14071,4.48,4.24
14073,4.48,4.25
14074,4.48,4.25
14075,4.48,4.25
14076,4.48,4.25
14077,4.48,4.25
14080,4.48,4.26
14081,4.48,4.26
14082,4.48,4.26
14083,4.48,4.27
14084,4.48,4.27
14085,4.48,4.27
14087,4.48,4.28
14088,4.48,4.28
14089,4.48,4.28
14090,4.48,4.29
14091,4.49,4.29
14093,4.48,4.30
14094,4.49,4.30
14095,4.49,4.30
14096,4.48,4.31
14097,4.49,4.31
14098,4.49,4.32
14100,4.49,4.32
14101,4.49,4.33
14102,4.49,4.33
14103,4.49,4.34
14104,4.49,4.34
14106,4.49,4.34
14107,4.49,4.35
14108,4.49,4.35
14109,4.49,4.35
14110,4.49,4.35
14111,4.49,4.36
14113,4.49,4.36
14114,4.49,4.36
14115,4.49,4.36
14116,4.49,4.37
14117,4.49,4.37
14119,4.49,4.37
14120,4.49,4.37
14121,4.48,4.37
14123,4.49,4.38
14124,4.48,4.38
14125,4.48,4.38
14127,4.48,4.38
14128,4.48,4.38
14129,4.48,4.38
14130,4.48,4.37
14131,4.48,4.37
14133,4.48,4.37
14134,4.48,4.37
14135,4.48,4.37
14136,4.48,4.36
14137,4.48,4.36
14138,4.48,4.36
14140,4.48,4.35
14141,4.48,4.35
14142,4.48,4.35
14143,4.48,4.35
14144,4.48,4.35
14146,4.48,4.35
14147,4.48,4.35
14148,4.48,4.34
14149,4.48,4.34
14150,4.48,4.34
14151,4.48,4.34
14153,4.48,4.33
14154,4.48,4.33
14155,4.48,4.32
14156,4.48,4.32
14157,4.48,4.32
14159,4.48,4.31
14160,4.48,4.31
14161,4.48,4.31
14162,4.48,4.30
14163,4.48,4.30
14164,4.48,4.29
14167,4.48,4.29
14168,4.48,4.29
14169,4.48,4.28
14170,4.48,4.28
14171,4.48,4.27
14172,4.48,4.27
14174,4.48,4.26
14175,4.48,4.26
14176,4.48,4.26
14177,4.48,4.25
14178,4.48,4.25
14180,4.48,4.25
14181,4.48,4.24
14182,4.48,4.24
14183,4.48,4.24
14184,4.48,4.23
14186,4.48,4.23
14187,4.48,4.23
14188,4.48,4.22
14189,4.48,4.22
14190,4.48,4.22
14191,4.48,4.21
14193,4.48,4.21
14194,4.48,4.21
14195,4.48,4.20
14196,4.48,4.20
14197,4.48,4.20
14198,4.48,4.20
14200,4.48,4.20
14201,4.48,4.19
14202,4.48,4.19
14203,4.48,4.19
14204,4.48,4.19
14206,4.48,4.19
14208,4.48,4.18
14209,4.48,4.18
14210,4.48,4.18
14211,4.48,4.18
14212,4.48,4.18
14214,4.48,4.18
14215,4.48,4.18
14216,4.48,4.18
14217,4.48,4.18
14218,4.48,4.18
14220,4.48,4.18
14221,4.48,4.18
14222,4.48,4.17
14223,4.48,4.17
14224,4.48,4.17
14225,4.48,4.17
14227,4.48,4.17
14228,4.48,4.17
14229,4.48,4.17
14230,4.48,4.17
14231,4.48,4.17
14233,4.48,4.17
14234,4.48,4.17
14235,4.48,4.17
14236,4.48,4.17
14237,4.48,4.18
14238,4.48,4.17
14240,4.48,4.17
14241,4.48,4.18
14242,4.48,4.18
14243,4.48,4.18
14244,4.49,4.18
14245,4.49,4.18
14247,4.49,4.18
14248,4.49,4.18
14249,4.49,4.18
14251,4.49,4.18
14252,4.49,4.18
14254,4.49,4.18
14255,4.49,4.18
14256,4.49,4.18
14257,4.49,4.18
14258,4.49,4.18
14259,4.49,4.18
14261,4.49,4.18
14262,4.49,4.19
14263,4.49,4.19
14264,4.49,4.19
14265,4.49,4.19
14267,4.49,4.19
14268,4.49,4.19
14269,4.49,4.19
14270,4.49,4.19
14271,4.49,4.19
14272,4.49,4.19
14274,4.49,4.19
14275,4.49,4.19
14276,4.49,4.19
14277,4.49,4.19
14278,4.49,4.19
14280,4.49,4.19
14281,4.49,4.19
14282,4.49,4.20
14283,4.49,4.20
14284,4.49,4.20
14285,4.49,4.20
14287,4.49,4.20
14288,4.49,4.20
14289,4.49,4.20
14290,4.49,4.20
14291,4.49,4.20
14292,4.49,4.20
14295,4.49,4.20
14296,4.49,4.20
14297,4.49,4.20
14298,4.49,4.20
14299,4.49,4.20
14300,4.49,4.20
14302,4.49,4.20
14303,4.49,4.20
14304,4.49,4.20
14305,4.49,4.20
14306,4.49,4.20
14307,4.49,4.20
14309,4.49,4.20
14310,4.49,4.21
14311,4.49,4.21
14312,4.49,4.21
14313,4.49,4.21
14315,4.49,4.21
14316,4.49,4.21
14317,4.49,4.21
14318,4.49,4.21
14319,4.49,4.21
14320,4.49,4.21
14322,4.49,4.21
14323,4.49,4.21
14324,4.49,4.21
14325,4.49,4.21
14326,4.49,4.21
14328,4.49,4.21
14329,4.49,4.21
14330,4.49,4.21
14331,4.49,4.21
14332,4.49,4.21
14333,4.49,4.21
14336,4.49,4.22
14337,4.49,4.22
14338,4.49,4.22
14339,4.49,4.21
14340,4.49,4.22
14342,4.49,4.22
14343,4.49,4.22
14344,4.49,4.22
14345,4.49,4.22
14346,4.49,4.22
14347,4.49,4.22
14349,4.50,4.22
14350,4.49,4.22
14351,4.49,4.22
14352,4.50,4.22
14353,4.49,4.22
14354,4.49,4.22
14356,4.50,4.22
14357,4.49,4.22
14358,4.49,4.22
14359,4.49,4.22
14360,4.49,4.22
14362,4.49,4.22
14363,4.49,4.22
14364,4.49,4.22
14365,4.49,4.22
14366,4.49,4.22
14367,4.49,4.22
14369,4.49,4.23
14370,4.49,4.23
14371,4.49,4.23
14372,4.49,4.23
14373,4.49,4.23
14375,4.49,4.23
14376,4.49,4.23
14377,4.49,4.23
14379,4.49,4.23
14380,4.49,4.23
14381,4.49,4.23
14383,4.49,4.23
14384,4.49,4.23
14385,4.49,4.23
14386,4.49,4.23
14387,4.49,4.23
14389,4.49,4.23
14390,4.49,4.23
14391,4.49,4.23
14392,4.49,4.23
14393,4.49,4.23
14394,4.49,4.23
14396,4.49,4.23
14397,4.49,4.23
14398,4.49,4.23
14399,4.49,4.23
14400,4.49,4.23
14401,4.49,4.23
14403,4.49,4.23
14404,4.49,4.23
14405,4.49,4.24
14406,4.49,4.23
14407,4.49,4.24
14409,4.49,4.24
14410,4.49,4.24
14411,4.49,4.24
14412,4.49,4.24
14413,4.49,4.24
14414,4.49,4.24
14416,4.49,4.24
14417,4.49,4.24
14418,4.49,4.24
14419,4.49,4.24
14420,4.49,4.24
14423,4.49,4.24
14424,4.49,4.24
14425,4.49,4.24
14426,4.49,4.24
14427,4.49,4.24
14428,4.49,4.24
14430,4.49,4.24
14431,4.49,4.24
14432,4.49,4.24
14433,4.49,4.24
14434,4.49,4.24
14436,4.49,4.24
14437,4.49,4.24
14438,4.49,4.24
14439,4.49,4.24
14440,4.49,4.24
14441,4.49,4.24
14443,4.49,4.24
14444,4.49,4.25
14445,4.49,4.24
14446,4.49,4.25
14447,4.49,4.24
14449,4.49,4.24
14450,4.49,4.24
14451,4.49,4.25
14452,4.49,4.25
14453,4.49,4.25
14454,4.49,4.25
14456,4.49,4.25
14457,4.49,4.25
14458,4.49,4.25
14459,4.49,4.24
14460,4.49,4.25
14462,4.49,4.25
14464,4.49,4.25
14465,4.49,4.25
14466,4.49,4.25
14467,4.49,4.25
14468,4.49,4.25
14470,4.48,4.24
14471,4.46,4.21
14472,4.42,4.17
14473,4.37,4.13
14474,4.32,4.09
14476,4.26,4.05
14477,4.19,4.00
14478,4.14,3.98
14479,4.12,3.97
14480,4.10,3.97
14481,4.09,3.98
14483,4.09,3.98
14484,4.10,3.99
14485,4.10,4.00
14486,4.10,3.99
14487,4.09,3.96
14488,4.05,3.93
14490,4.02,3.91
14491,3.97,3.87
14492,3.93,3.84
14493,3.89,3.81
14494,3.86,3.80
14496,3.85,3.80
14497,3.85,3.81
14498,3.86,3.82
14499,3.87,3.84
14500,3.89,3.85
14501,3.91,3.86
14503,3.92,3.86
14504,3.92,3.84
14505,3.90,3.82
14507,3.88,3.79
14508,3.85,3.76
14510,3.82,3.73
14511,3.79,3.71
14512,3.77,3.71
14513,3.77,3.72
14514,3.79,3.74
14515,3.81,3.75
14517,3.84,3.77
14518,3.87,3.79
14519,3.90,3.81
14520,3.91,3.80
14521,3.90,3.79
14522,3.89,3.76
14524,3.87,3.74
14525,3.85,3.72
14526,3.82,3.70
14527,3.79,3.68
14528,3.78,3.69
14530,3.79,3.70
14531,3.81,3.71
14532,3.83,3.73
14533,3.86,3.75
14534,3.89,3.78
14535,3.92,3.79
14537,3.93,3.78
14538,3.92,3.77
14539,3.91,3.75
14540,3.89,3.73
14541,3.86,3.70
14543,3.83,3.69
14544,3.81,3.68
14545,3.80,3.68
14546,3.81,3.70
14547,3.83,3.71
14548,3.86,3.73
14551,3.89,3.76
14552,3.91,3.78
14553,3.94,3.79
14554,3.94,3.78
14555,3.93,3.76
14557,3.91,3.74
14558,3.89,3.72
14559,3.86,3.70
14560,3.83,3.69
14561,3.81,3.68
14562,3.81,3.69
14564,3.82,3.70
14565,3.84,3.72
14566,3.86,3.74
14567,3.89,3.76
14568,3.92,3.78
14569,3.94,3.78
14571,3.93,3.77
14572,3.92,3.76
14573,3.91,3.74
14574,3.88,3.72
14575,3.85,3.70
14577,3.82,3.68
14578,3.80,3.68
14579,3.80,3.68
14580,3.81,3.70
14581,3.83,3.71
14582,3.86,3.74
14584,3.89,3.76
14585,3.91,3.78
14586,3.93,3.78
14587,3.92,3.77
14588,3.91,3.75
14590,3.89,3.73
14592,3.86,3.71
14593,3.84,3.69
14594,3.81,3.68
14595,3.79,3.68
14596,3.79,3.68
14598,3.81,3.70
14599,3.83,3.72
14600,3.86,3.74
14601,3.89,3.77
14602,3.91,3.78
14604,3.92,3.77
14605,3.91,3.76
14606,3.90,3.74
14607,3.88,3.72
14608,3.85,3.70
14609,3.82,3.68
14611,3.79,3.67
14612,3.78,3.67
14613,3.79,3.68
14614,3.80,3.70
14615,3.83,3.71
14617,3.86,3.74
14618,3.89,3.76
14619,3.91,3.77
14620,3.91,3.76
14621,3.91,3.74
14622,3.88,3.73
14624,3.86,3.71
14625,3.84,3.70
14626,3.81,3.67
14627,3.78,3.66
14628,3.77,3.67
14629,3.78,3.68
14631,3.80,3.70
14632,3.83,3.71
14633,3.86,3.74
14635,3.89,3.76
14636,3.90,3.76
14638,3.90,3.75
14639,3.89,3.73
14640,3.87,3.72
14641,3.85,3.70
14642,3.82,3.68
14643,3.79,3.66
14645,3.77,3.65
14646,3.76,3.66
14647,3.77,3.67
14648,3.79,3.69
14649,3.82,3.71
14651,3.85,3.74
14652,3.88,3.75
14653,3.89,3.75
14654,3.89,3.74
14655,3.87,3.72
14656,3.85,3.70
14658,3.83,3.69
14659,3.80,3.67
14660,3.77,3.65
14661,3.75,3.64
14662,3.75,3.65
14664,3.77,3.67
14665,3.79,3.69
14666,3.82,3.71
14667,3.85,3.74
14668,3.88,3.75
14669,3.89,3.74
14671,3.88,3.73
14672,3.86,3.71
14673,3.84,3.70
14674,3.82,3.68
14675,3.79,3.66
14678,3.77,3.64
14679,3.75,3.64
14680,3.75,3.65
14681,3.77,3.67
14682,3.80,3.69
14683,3.83,3.71
14685,3.86,3.74
14686,3.88,3.74
14687,3.88,3.73
14688,3.87,3.72
14689,3.86,3.70
14690,3.83,3.69
14692,3.81,3.67
14693,3.78,3.65
14694,3.75,3.64
14695,3.74,3.64
14696,3.75,3.65
14698,3.77,3.67
14699,3.80,3.69
14700,3.83,3.72
14701,3.86,3.73
14702,3.88,3.73
14703,3.87,3.72
14705,3.86,3.71
14706,3.85,3.70
14707,3.82,3.68
14708,3.80,3.66
14709,3.77,3.64
14711,3.75,3.63
14712,3.74,3.64
14713,3.75,3.65
14714,3.77,3.67
14715,3.80,3.69
14716,3.83,3.72
14718,3.86,3.73
14720,3.87,3.73
14721,3.87,3.72
14722,3.86,3.71
14723,3.84,3.69
14725,3.82,3.68
14726,3.79,3.66
14727,3.76,3.64
14728,3.74,3.63
14729,3.74,3.64
14730,3.75,3.65
14732,3.77,3.67
14733,3.80,3.70
14734,3.84,3.72
14735,3.86,3.73
14736,3.87,3.73
14738,3.87,3.72
14739,3.85,3.70
14740,3.83,3.69
14741,3.81,3.67
14742,3.79,3.65
14743,3.76,3.64
14745,3.74,3.63
14746,3.74,3.64
14747,3.76,3.66
14748,3.78,3.68
14749,3.81,3.70
14751,3.84,3.72
14752,3.87,3.73
14753,3.87,3.73
14754,3.87,3.71
14755,3.85,3.70
14756,3.83,3.68
14758,3.81,3.67
14759,3.78,3.65
14760,3.75,3.63
14761,3.74,3.63
14763,3.74,3.64
14765,3.76,3.66
14766,3.79,3.68
14767,3.82,3.70
14768,3.85,3.73
14769,3.87,3.73
14770,3.87,3.72
14772,3.86,3.71
14773,3.84,3.70
14774,3.82,3.68
14775,3.80,3.66
14776,3.77,3.64
14777,3.75,3.63
14779,3.74,3.63
14780,3.75,3.64
14781,3.77,3.66
14782,3.80,3.69
14783,3.83,3.71
14785,3.86,3.73
14786,3.87,3.72
14787,3.87,3.71
14788,3.86,3.70
14789,3.84,3.69
14790,3.81,3.67
14792,3.79,3.65
14793,3.76,3.63
14794,3.74,3.62
14795,3.74,3.63
14796,3.75,3.64
14798,3.77,3.67
14799,3.80,3.69
14800,3.83,3.71
14801,3.86,3.73
14802,3.87,3.72
14803,3.87,3.71
14806,3.86,3.70
14807,3.84,3.69
14808,3.81,3.67
14809,3.79,3.65
14810,3.76,3.63
14812,3.74,3.63
14813,3.74,3.64
14814,3.75,3.65
14815,3.78,3.67
14816,3.81,3.70
14817,3.84,3.72
14819,3.87,3.73
14820,3.87,3.72
14821,3.87,3.71
14822,3.85,3.70
14823,3.83,3.69
14825,3.81,3.67
14826,3.78,3.65
14827,3.76,3.62
14828,3.74,3.63
14829,3.74,3.64
14830,3.76,3.66
14832,3.79,3.68
14833,3.82,3.70
14834,3.85,3.73
14835,3.87,3.73
14836,3.88,3.72
14838,3.87,3.71
14839,3.85,3.70
14840,3.83,3.68
14841,3.81,3.67
14842,3.78,3.65
14843,3.75,3.63
14845,3.74,3.63
14846,3.75,3.65
14848,3.77,3.66
14849,3.80,3.68
14850,3.83,3.71
14852,3.86,3.73
14853,3.88,3.73
14854,3.88,3.72
14855,3.87,3.71
14856,3.85,3.70
14857,3.83,3.68
14859,3.80,3.66
14860,3.77,3.64
14861,3.75,3.63
14862,3.74,3.64
14863,3.75,3.65
14865,3.77,3.67
14866,3.80,3.69
14867,3.83,3.71
14868,3.87,3.73
14869,3.88,3.73
14870,3.87,3.72
14872,3.86,3.71
14873,3.84,3.70
14874,3.82,3.68
14875,3.80,3.65
14876,3.77,3.64
14877,3.75,3.63
14879,3.75,3.64
14880,3.76,3.65
14881,3.78,3.67
14882,3.81,3.70
14883,3.84,3.72
14885,3.87,3.73
14886,3.88,3.73
14887,3.87,3.72
14888,3.86,3.71
14889,3.84,3.69
14891,3.82,3.67
14893,3.79,3.66
14894,3.76,3.64
14895,3.74,3.63
14896,3.75,3.64
14897,3.76,3.66
14899,3.79,3.68
14900,3.82,3.70
14901,3.85,3.73
14902,3.88,3.73
14903,3.88,3.73
14904,3.87,3.72
14906,3.86,3.70
14907,3.84,3.69
14908,3.81,3.67
14909,3.79,3.65
14910,3.76,3.64
14912,3.74,3.64
14913,3.75,3.65
14914,3.77,3.66
14915,3.79,3.68
14916,3.82,3.71
14917,3.86,3.73
14919,3.88,3.73
14920,3.88,3.73
14921,3.87,3.72
14922,3.85,3.70
14923,3.83,3.69
14925,3.81,3.67
14926,3.78,3.65
14927,3.75,3.64
14928,3.75,3.64
14929,3.75,3.65
14930,3.77,3.67
14932,3.80,3.69
14934,3.83,3.72
14935,3.87,3.73
14936,3.88,3.73
14937,3.88,3.73
14939,3.87,3.71
14940,3.85,3.70
14941,3.83,3.68
14942,3.80,3.66
14943,3.77,3.64
14944,3.75,3.63
14946,3.75,3.64
14947,3.76,3.65
14948,3.78,3.67
14949,3.81,3.70
14950,3.84,3.72
14952,3.87,3.73
14953,3.88,3.73
14954,3.87,3.72
14955,3.86,3.70
14956,3.84,3.69
14957,3.81,3.67
14959,3.79,3.65
14960,3.76,3.63
14961,3.74,3.63
14962,3.74,3.63
14963,3.75,3.65
14965,3.78,3.67
14966,3.81,3.70
14967,3.84,3.72
14968,3.87,3.73
14969,3.88,3.72
14970,3.87,3.71
14972,3.85,3.70
14973,3.83,3.69
14974,3.81,3.67
14976,3.78,3.65
14977,3.76,3.63
14979,3.74,3.63
14980,3.74,3.64
14981,3.76,3.66
14982,3.79,3.68
14983,3.82,3.70
14984,3.85,3.73
14986,3.87,3.73
14987,3.88,3.72
14988,3.87,3.71
14989,3.85,3.70
14990,3.83,3.69
14992,3.81,3.66
14993,3.78,3.65
14994,3.75,3.63
14995,3.75,3.63
14996,3.75,3.64
14997,3.77,3.66
14999,3.80,3.69
15000,3.83,3.71
15001,3.86,3.73
15002,3.88,3.73
15003,3.88,3.72
15004,3.87,3.71
15006,3.85,3.70
15007,3.83,3.68
15008,3.80,3.67
15009,3.78,3.64
15010,3.75,3.63
15012,3.75,3.64
15013,3.76,3.65
15014,3.77,3.67
15015,3.80,3.69
15016,3.84,3.72
15017,3.87,3.73
15020,3.88,3.73
15021,3.88,3.72
15022,3.86,3.71
15023,3.85,3.70
15024,3.82,3.68
15026,3.80,3.66
15027,3.77,3.64
15028,3.75,3.63
15029,3.75,3.64
15030,3.76,3.65
15031,3.78,3.67
15033,3.81,3.70
15034,3.84,3.72
15035,3.87,3.73
15036,3.88,3.73
15037,3.88,3.72
15039,3.86,3.70
15040,3.84,3.69
15041,3.82,3.67
15042,3.79,3.65
15043,3.76,3.63
15044,3.75,3.63
15046,3.75,3.64
15047,3.76,3.66
15048,3.79,3.67
15049,3.82,3.70
15050,3.85,3.73
15052,3.87,3.73
15053,3.88,3.73
15054,3.87,3.72
15055,3.86,3.70
15056,3.84,3.69
15057,3.81,3.67
15059,3.79,3.65
15060,3.76,3.64
15062,3.75,3.63
15063,3.75,3.64
15064,3.77,3.66
15066,3.80,3.68
15067,3.82,3.70
15068,3.86,3.73
15069,3.88,3.73
15070,3.88,3.73
15071,3.87,3.71
15073,3.86,3.70
15074,3.83,3.69
15075,3.81,3.67
15076,3.78,3.65
15077,3.76,3.64
15078,3.75,3.64
15080,3.75,3.65
15081,3.77,3.67
15082,3.80,3.69
15083,3.83,3.71
15084,3.86,3.73
15086,3.88,3.73
15087,3.88,3.72
15088,3.87,3.71
15089,3.85,3.70
15090,3.83,3.68
15091,3.81,3.66
15093,3.78,3.65
15094,3.75,3.63
15095,3.75,3.64
15096,3.76,3.65
15097,3.78,3.67
15099,3.81,3.69
15100,3.84,3.72
15101,3.87,3.73
15102,3.88,3.73
15104,3.88,3.72
15105,3.87,3.71
15107,3.85,3.69
15108,3.82,3.68
15109,3.80,3.66
15110,3.77,3.64
15111,3.75,3.63
15113,3.75,3.64
15114,3.76,3.66
15115,3.78,3.68
15116,3.81,3.70
15117,3.85,3.72
15118,3.87,3.73
15120,3.88,3.73
15121,3.88,3.72
15122,3.86,3.70
15123,3.84,3.69
15124,3.82,3.67
15126,3.79,3.65
15127,3.76,3.63
15128,3.75,3.63
15129,3.75,3.64
15130,3.77,3.66
15131,3.79,3.68
15133,3.82,3.70
15134,3.85,3.73
15135,3.88,3.73
15136,3.88,3.73
15137,3.87,3.72
15139,3.86,3.70
15140,3.83,3.69
15141,3.81,3.67
15142,3.78,3.65
15143,3.75,3.63
15144,3.75,3.64
15147,3.75,3.64
15148,3.77,3.66
15149,3.80,3.69
15150,3.83,3.71
15151,3.86,3.73
15153,3.88,3.73
15154,3.88,3.72
15155,3.87,3.71
15156,3.85,3.70
15157,3.83,3.68
15158,3.80,3.66
15160,3.78,3.64
15161,3.75,3.63
15162,3.75,3.64
15163,3.75,3.65
15164,3.77,3.67
15166,3.80,3.69
15167,3.84,3.71
15168,3.87,3.73
15169,3.88,3.73
15170,3.87,3.72
15171,3.86,3.71
15173,3.84,3.70
15174,3.82,3.68
15175,3.79,3.66
15176,3.77,3.64
15177,3.74,3.63
15179,3.74,3.64
15180,3.75,3.65
15181,3.78,3.67
15182,3.81,3.70
15183,3.84,3.72
15184,3.87,3.73
15186,3.88,3.73
15187,3.87,3.71
15188,3.86,3.70
15190,3.84,3.69
15191,3.81,3.67
15193,3.79,3.65
15194,3.76,3.63
15195,3.74,3.63
15196,3.74,3.64
15197,3.76,3.65
15198,3.78,3.68
15200,3.81,3.70
15201,3.85,3.72
15202,3.87,3.73
15203,3.87,3.72
15204,3.87,3.71
15206,3.85,3.70
15207,3.83,3.68
15208,3.80,3.66
15209,3.78,3.65
15210,3.75,3.63
15211,3.74,3.63
15213,3.74,3.64
15214,3.76,3.66
15215,3.79,3.68
15216,3.82,3.70
15217,3.85,3.72
15219,3.87,3.73
15220,3.87,3.72
15221,3.86,3.71
15222,3.84,3.70
15223,3.82,3.68
15224,3.80,3.66
15226,3.77,3.64
15227,3.74,3.62
15228,3.74,3.63
15229,3.75,3.64
15230,3.77,3.66
15233,3.80,3.69
15234,3.83,3.71
15235,3.86,3.73
15236,3.87,3.72
15237,3.87,3.72
15238,3.86,3.70
15240,3.84,3.69
15241,3.82,3.67
15242,3.79,3.65
15243,3.77,3.63
15244,3.75,3.63
15245,3.74,3.63
15247,3.75,3.65
15248,3.78,3.67
15249,3.81,3.69
15250,3.84,3.72
15251,3.87,3.73
15253,3.88,3.73
15254,3.88,3.72
15255,3.86,3.70
15256,3.84,3.69
15257,3.82,3.67
15258,3.79,3.65
15260,3.77,3.64
15261,3.75,3.63
15262,3.75,3.64
15263,3.77,3.66
15264,3.79,3.68
15266,3.82,3.70
15267,3.86,3.73
15268,3.88,3.74
15269,3.90,3.74
15270,3.89,3.73
15271,3.88,3.72
15273,3.86,3.70
15275,3.83,3.68
15276,3.81,3.66
15277,3.78,3.65
15278,3.77,3.65
15280,3.77,3.66
15281,3.79,3.68
15282,3.82,3.70
15283,3.85,3.72
15284,3.89,3.75
15285,3.92,3.78
15287,3.96,3.81
15288,4.00,3.83
15289,4.04,3.86
15290,4.08,3.88
15291,4.12,3.91
15293,4.16,3.93
15294,4.20,3.96
15295,4.23,3.98
15296,4.27,4.00
15297,4.30,4.03
15298,4.33,4.05
15300,4.35,4.07
15301,4.38,4.09
15302,4.41,4.10
15303,4.43,4.12
15304,4.46,4.14
15305,4.48,4.15
15307,4.50,4.17
15308,4.52,4.18
15309,4.54,4.19
15310,4.55,4.20
15311,4.56,4.21
15313,4.57,4.22
15314,4.58,4.23
15315,4.59,4.23
15316,4.60,4.24
15318,4.60,4.24
15319,4.60,4.25
15321,4.60,4.25
15322,4.61,4.25
15323,4.61,4.26
15324,4.61,4.26
15325,4.60,4.26
15327,4.60,4.26
15328,4.60,4.26
15329,4.60,4.26
15330,4.59,4.26
15331,4.59,4.26
15332,4.59,4.26
15334,4.58,4.26
15335,4.58,4.26
15336,4.57,4.26
15337,4.57,4.26
15338,4.57,4.26
15340,4.57,4.25
15341,4.56,4.25
15342,4.56,4.25
15343,4.55,4.25
15344,4.55,4.25
15345,4.54,4.25
15347,4.54,4.25
15348,4.53,4.24
15349,4.53,4.24
15350,4.53,4.24
15351,4.53,4.24
15353,4.52,4.24
15354,4.52,4.24
15355,4.52,4.24
15356,4.52,4.24
15357,4.51,4.24
15358,4.51,4.24
15361,4.51,4.23
15362,4.51,4.24
15363,4.50,4.24
15364,4.50,4.24
15365,4.50,4.24
15366,4.50,4.23
15368,4.50,4.24
15369,4.50,4.24
15370,4.50,4.24
15371,4.49,4.23
15372,4.49,4.24
15374,4.49,4.24
15375,4.49,4.24
15376,4.49,4.24
15377,4.49,4.24
15378,4.49,4.24
15379,4.49,4.24
15381,4.49,4.24
15382,4.49,4.24
15383,4.49,4.24
15384,4.49,4.24
15385,4.49,4.24
15387,4.49,4.24
15388,4.49,4.24
15389,4.49,4.24
15390,4.49,4.24
15391,4.49,4.24
15392,4.49,4.24
15394,4.49,4.24
15395,4.49,4.24
15396,4.49,4.24
15397,4.49,4.24
15398,4.49,4.24
15399,4.49,4.24
15401,4.49,4.24
15403,4.49,4.24
15404,4.49,4.25
15405,4.49,4.25
15406,4.49,4.24
15408,4.49,4.25
15409,4.49,4.24
15410,4.49,4.25
15411,4.49,4.25
15412,4.49,4.24
15413,4.50,4.25
15415,4.50,4.24
15416,4.50,4.25
15417,4.50,4.25
15418,4.50,4.24
15419,4.50,4.25
15421,4.50,4.25
15422,4.50,4.25
15423,4.50,4.25
15424,4.50,4.25
15425,4.50,4.25
15426,4.50,4.25
15428,4.50,4.24
15429,4.50,4.25
15430,4.50,4.25
15431,4.50,4.25
15432,4.50,4.25
15434,4.49,4.25
15435,4.49,4.25
15436,4.49,4.25
15437,4.49,4.25
15438,4.49,4.25
15439,4.49,4.25
15441,4.49,4.25
15442,4.49,4.25
15443,4.49,4.25
15444,4.50,4.25
15446,4.49,4.25
15448,4.49,4.25
15449,4.49,4.25
15450,4.49,4.25
15451,4.49,4.25
15452,4.49,4.25
15454,4.49,4.25
15455,4.49,4.25
15456,4.49,4.25
15457,4.49,4.25
15458,4.49,4.25
15459,4.49,4.25
15461,4.49,4.25
15462,4.49,4.25
15463,4.49,4.25
15464,4.49,4.25
15465,4.49,4.25
15467,4.49,4.25
15468,4.49,4.25
15469,4.49,4.25
15470,4.49,4.25
15471,4.49,4.25
15472,4.49,4.25
15474,4.49,4.25
15475,4.49,4.25
15476,4.49,4.25
15477,4.49,4.25
15478,4.49,4.25
15480,4.49,4.25
15481,4.49,4.25
15482,4.49,4.25
15483,4.49,4.25
15484,4.49,4.25
15485,4.49,4.25
15488,4.49,4.25
15489,4.49,4.25
15490,4.49,4.25
15491,4.49,4.25
15492,4.49,4.25
15494,4.49,4.26
15495,4.49,4.26
15496,4.49,4.26
15497,4.49,4.26
15498,4.49,4.26
15499,4.49,4.26
15501,4.49,4.26
15502,4.49,4.26
15503,4.49,4.26
15504,4.49,4.26
15505,4.49,4.26
15507,4.49,4.26
15508,4.49,4.26
15509,4.49,4.26
