time_ms,ch1_v,ch2_v
,4.41,3.63
73,4.41,3.63
75,4.41,3.63
76,4.41,3.63
77,4.41,3.63
78,4.41,3.63
79,4.41,3.63
80,4.41,3.63
81,4.41,3.63
82,4.41,3.63
83,4.41,3.63
84,4.41,3.63
86,4.41,3.63
87,4.41,3.63
88,4.41,3.63
89,4.41,3.63
90,4.41,3.63
91,4.41,3.63
92,4.41,3.63
93,4.41,3.63
94,4.41,3.63
95,4.41,3.63
96,4.41,3.63
97,4.41,3.63
98,4.41,3.63
99,4.41,3.63
100,4.41,3.63
101,4.42,3.63
102,4.42,3.63
103,4.42,3.63
104,4.42,3.63
106,4.41,3.63
107,4.42,3.63
108,4.41,3.63
109,4.41,3.63
110,4.41,3.63
111,4.41,3.63
112,4.41,3.63
113,4.41,3.63
114,4.41,3.63
115,4.41,3.63
116,4.41,3.63
117,4.41,3.63
119,4.41,3.63
120,4.41,3.63
121,4.41,3.63
122,4.41,3.63
123,4.41,3.63
124,4.41,3.63
125,4.41,3.63
126,4.41,3.64
128,4.40,3.63
129,4.41,3.63
130,4.40,3.63
131,4.40,3.63
132,4.40,3.64
134,4.40,3.64
135,4.40,3.63
136,4.40,3.63
137,4.40,3.63
138,4.40,3.63
139,4.40,3.63
140,4.40,3.63
141,4.40,3.63
142,4.40,3.63
143,4.40,3.63
144,4.40,3.63
145,4.40,3.63
146,4.40,3.63
147,4.40,3.63
148,4.40,3.63
150,4.41,3.63
151,4.40,3.64
152,4.40,3.64
153,4.40,3.64
154,4.40,3.64
155,4.40,3.64
156,4.40,3.64
157,4.41,3.64
158,4.41,3.64
159,4.41,3.64
160,4.41,3.64
161,4.41,3.64
162,4.41,3.64
164,4.40,3.64
165,4.41,3.64
166,4.40,3.64
167,4.40,3.64
168,4.40,3.64
169,4.40,3.64
171,4.40,3.64
172,4.41,3.64
173,4.41,3.64
174,4.41,3.64
175,4.41,3.64
176,4.41,3.64
178,4.41,3.64
179,4.41,3.64
180,4.41,3.64
181,4.41,3.64
182,4.41,3.64
183,4.41,3.64
184,4.41,3.64
185,4.41,3.64
186,4.41,3.64
187,4.41,3.64
188,4.41,3.64
189,4.41,3.64
190,4.41,3.64
192,4.41,3.64
193,4.41,3.64
194,4.41,3.64
195,4.41,3.64
196,4.41,3.64
197,4.41,3.64
198,4.41,3.64
199,4.41,3.64
200,4.41,3.64
201,4.41,3.64
202,4.41,3.64
203,4.41,3.64
204,4.41,3.64
206,4.41,3.64
207,4.41,3.64
208,4.41,3.64
209,4.41,3.64
210,4.41,3.64
211,4.41,3.64
212,4.41,3.64
214,4.41,3.64
215,4.41,3.64
216,4.41,3.64
217,4.41,3.64
218,4.41,3.64
219,4.41,3.65
221,4.41,3.64
222,4.41,3.65
223,4.41,3.65
224,4.41,3.65
225,4.41,3.65
226,4.42,3.65
227,4.42,3.65
228,4.41,3.65
229,4.42,3.65
230,4.42,3.64
231,4.42,3.65
232,4.42,3.64
234,4.42,3.64
235,4.42,3.64
236,4.42,3.64
237,4.42,3.64
238,4.42,3.64
239,4.42,3.64
240,4.42,3.64
241,4.42,3.64
242,4.42,3.64
243,4.42,3.64
244,4.42,3.64
245,4.42,3.64
246,4.42,3.64
248,4.42,3.64
249,4.42,3.64
250,4.42,3.64
251,4.42,3.64
252,4.42,3.64
253,4.42,3.64
254,4.42,3.64
256,4.42,3.64
257,4.42,3.64
258,4.42,3.64
259,4.42,3.64
261,4.42,3.64
262,4.42,3.64
263,4.42,3.64
264,4.42,3.64
265,4.42,3.64
266,4.42,3.64
267,4.42,3.64
268,4.42,3.64
269,4.41,3.64
270,4.42,3.64
271,4.42,3.64
272,4.42,3.64
273,4.42,3.64
275,4.42,3.64
276,4.42,3.64
277,4.42,3.64
278,4.42,3.64
279,4.42,3.64
280,4.42,3.64
281,4.42,3.64
282,4.42,3.64
283,4.42,3.64
284,4.42,3.64
285,4.42,3.64
286,4.42,3.64
287,4.42,3.64
289,4.42,3.64
290,4.42,3.64
291,4.42,3.64
292,4.42,3.64
293,4.42,3.64
294,4.42,3.64
295,4.42,3.64
296,4.42,3.64
297,4.42,3.64
299,4.42,3.64
300,4.42,3.64
301,4.42,3.64
302,4.43,3.64
304,4.43,3.64
305,4.43,3.64
306,4.43,3.64
307,4.43,3.64
308,4.43,3.64
309,4.43,3.64
310,4.43,3.64
311,4.43,3.64
312,4.43,3.64
313,4.43,3.64
314,4.43,3.64
315,4.43,3.64
316,4.43,3.64
318,4.43,3.64
319,4.43,3.64
320,4.43,3.64
321,4.43,3.64
322,4.43,3.64
323,4.43,3.64
324,4.43,3.64
325,4.43,3.64
326,4.43,3.64
327,4.43,3.64
328,4.43,3.64
329,4.43,3.64
331,4.43,3.64
332,4.43,3.64
333,4.43,3.64
334,4.43,3.64
335,4.43,3.64
336,4.43,3.64
337,4.43,3.64
338,4.43,3.64
339,4.43,3.64
340,4.43,3.63
342,4.43,3.63
343,4.43,3.64
345,4.43,3.64
346,4.43,3.64
347,4.43,3.64
348,4.43,3.64
349,4.42,3.64
350,4.42,3.64
351,4.42,3.64
352,4.42,3.64
353,4.42,3.64
354,4.42,3.64
355,4.42,3.64
356,4.42,3.64
357,4.42,3.64
359,4.42,3.64
360,4.42,3.64
361,4.42,3.64
362,4.42,3.64
363,4.42,3.64
364,4.42,3.64
365,4.42,3.64
366,4.42,3.64
367,4.42,3.64
368,4.42,3.64
369,4.42,3.64
370,4.42,3.64
371,4.42,3.64
373,4.42,3.64
374,4.42,3.64
375,4.42,3.64
376,4.42,3.64
377,4.42,3.64
378,4.42,3.65
379,4.42,3.65
380,4.42,3.64
381,4.42,3.65
382,4.42,3.64
384,4.42,3.64
385,4.42,3.65
386,4.42,3.65
388,4.42,3.64
389,4.42,3.64
390,4.42,3.65
391,4.42,3.65
392,4.42,3.64
393,4.42,3.65
394,4.42,3.65
395,4.42,3.65
396,4.42,3.65
397,4.42,3.65
398,4.42,3.65
399,4.42,3.65
401,4.42,3.65
402,4.42,3.65
403,4.42,3.65
404,4.42,3.65
405,4.42,3.65
406,4.42,3.65
407,4.43,3.65
408,4.43,3.65
409,4.43,3.65
410,4.43,3.65
411,4.43,3.65
413,4.43,3.65
414,4.43,3.65
415,4.43,3.65
416,4.43,3.65
417,4.43,3.65
418,4.43,3.65
419,4.43,3.65
420,4.43,3.65
421,4.43,3.65
422,4.43,3.65
423,4.43,3.65
424,4.43,3.65
427,4.43,3.65
428,4.43,3.65
429,4.43,3.65
430,4.43,3.65
431,4.43,3.65
432,4.43,3.65
433,4.43,3.65
434,4.43,3.65
435,4.43,3.65
436,4.43,3.65
437,4.43,3.65
438,4.43,3.65
439,4.43,3.66
441,4.43,3.66
442,4.43,3.66
443,4.43,3.65
444,4.43,3.66
445,4.43,3.66
446,4.43,3.66
447,4.43,3.66
448,4.43,3.66
449,4.43,3.66
450,4.43,3.66
451,4.43,3.65
452,4.43,3.66
454,4.43,3.66
455,4.43,3.65
456,4.43,3.65
457,4.43,3.65
458,4.43,3.65
459,4.43,3.66
460,4.43,3.66
461,4.44,3.66
462,4.44,3.66
463,4.44,3.65
464,4.44,3.66
465,4.44,3.65
466,4.44,3.65
468,4.44,3.65
470,4.44,3.65
471,4.44,3.65
472,4.44,3.65
473,4.44,3.65
474,4.44,3.65
475,4.44,3.65
476,4.44,3.66
477,4.44,3.66
478,4.44,3.66
479,4.44,3.66
480,4.44,3.66
482,4.44,3.66
483,4.43,3.66
484,4.43,3.66
485,4.43,3.66
486,4.43,3.66
487,4.43,3.66
488,4.43,3.66
489,4.43,3.66
490,4.43,3.66
491,4.43,3.66
492,4.43,3.66
493,4.43,3.66
495,4.43,3.66
496,4.43,3.66
497,4.43,3.66
498,4.43,3.66
499,4.43,3.66
500,4.43,3.66
501,4.43,3.66
502,4.43,3.66
503,4.43,3.66
504,4.43,3.66
505,4.43,3.66
506,4.43,3.66
508,4.43,3.66
509,4.43,3.66
510,4.43,3.66
512,4.43,3.66
513,4.43,3.66
514,4.43,3.66
515,4.43,3.66
516,4.43,3.66
517,4.43,3.66
518,4.43,3.67
519,4.43,3.66
520,4.43,3.66
522,4.43,3.66
523,4.43,3.66
524,4.43,3.66
525,4.43,3.66
526,4.43,3.66
527,4.43,3.66
528,4.43,3.66
529,4.43,3.66
530,4.44,3.66
531,4.44,3.66
532,4.44,3.66
533,4.44,3.66
534,4.44,3.66
536,4.44,3.66
537,4.44,3.66
538,4.44,3.66
539,4.43,3.66
540,4.43,3.66
541,4.43,3.66
542,4.44,3.66
543,4.44,3.66
544,4.44,3.66
545,4.43,3.66
546,4.44,3.67
547,4.43,3.67
549,4.43,3.67
550,4.43,3.67
551,4.43,3.67
552,4.44,3.67
553,4.44,3.67
555,4.44,3.67
556,4.44,3.67
557,4.44,3.67
558,4.45,3.67
559,4.45,3.66
560,4.45,3.66
561,4.45,3.66
563,4.45,3.66
564,4.45,3.66
565,4.45,3.66
566,4.45,3.66
567,4.45,3.66
568,4.44,3.66
569,4.44,3.66
570,4.44,3.66
571,4.44,3.66
572,4.44,3.66
573,4.44,3.66
574,4.44,3.66
576,4.44,3.67
577,4.43,3.67
578,4.43,3.67
579,4.43,3.67
580,4.43,3.67
581,4.43,3.67
582,4.43,3.67
583,4.43,3.67
584,4.43,3.67
585,4.43,3.67
586,4.43,3.67
587,4.43,3.67
589,4.43,3.67
590,4.43,3.67
591,4.43,3.67
592,4.43,3.67
593,4.43,3.67
594,4.43,3.67
595,4.43,3.67
596,4.43,3.67
598,4.43,3.67
599,4.43,3.67
600,4.43,3.67
601,4.43,3.67
602,4.43,3.67
604,4.43,3.68
605,4.43,3.68
606,4.43,3.68
607,4.43,3.68
608,4.43,3.68
609,4.43,3.68
610,4.43,3.68
611,4.43,3.69
612,4.43,3.69
613,4.43,3.69
614,4.43,3.69
615,4.43,3.69
617,4.43,3.69
618,4.43,3.69
619,4.43,3.69
620,4.43,3.69
621,4.43,3.70
622,4.43,3.69
623,4.43,3.69
624,4.44,3.69
625,4.44,3.69
626,4.45,3.69
627,4.45,3.69
628,4.46,3.69
629,4.45,3.69
631,4.45,3.69
632,4.45,3.69
633,4.45,3.69
634,4.45,3.69
635,4.44,3.69
636,4.44,3.69
637,4.44,3.69
638,4.44,3.69
640,4.44,3.70
641,4.44,3.70
642,4.44,3.70
643,4.44,3.70
644,4.44,3.70
646,4.44,3.70
647,4.44,3.70
648,4.44,3.70
649,4.44,3.70
650,4.44,3.70
651,4.44,3.70
652,4.44,3.70
653,4.44,3.70
654,4.44,3.70
655,4.44,3.70
656,4.44,3.70
657,4.44,3.70
658,4.44,3.70
659,4.44,3.70
661,4.44,3.70
662,4.44,3.70
663,4.44,3.70
664,4.45,3.70
665,4.45,3.70
666,4.45,3.70
667,4.45,3.70
668,4.45,3.70
669,4.45,3.70
670,4.45,3.70
671,4.44,3.70
672,4.44,3.70
673,4.44,3.70
674,4.44,3.70
676,4.44,3.70
677,4.43,3.70
678,4.43,3.70
679,4.43,3.70
680,4.43,3.71
681,4.43,3.71
683,4.42,3.71
684,4.42,3.71
685,4.42,3.71
686,4.42,3.71
687,4.42,3.71
688,4.42,3.71
689,4.42,3.70
691,4.42,3.70
692,4.42,3.70
693,4.42,3.70
694,4.42,3.70
695,4.42,3.70
696,4.42,3.70
697,4.43,3.70
698,4.43,3.70
699,4.44,3.70
700,4.44,3.70
701,4.45,3.70
702,4.45,3.70
703,4.46,3.70
704,4.46,3.70
705,4.46,3.70
707,4.46,3.70
708,4.46,3.70
709,4.46,3.69
710,4.46,3.69
711,4.45,3.69
712,4.44,3.69
713,4.44,3.69
714,4.43,3.68
715,4.43,3.69
716,4.43,3.69
717,4.42,3.69
718,4.42,3.70
720,4.42,3.70
721,4.42,3.70
722,4.42,3.70
723,4.42,3.70
724,4.41,3.70
726,4.41,3.70
727,4.41,3.71
728,4.41,3.71
729,4.41,3.71
730,4.41,3.71
731,4.41,3.71
732,4.41,3.70
733,4.41,3.70
734,4.41,3.70
736,4.41,3.70
737,4.41,3.70
738,4.41,3.70
739,4.41,3.70
740,4.41,3.70
741,4.41,3.70
742,4.41,3.70
743,4.41,3.70
744,4.42,3.70
745,4.42,3.70
746,4.42,3.70
747,4.42,3.70
748,4.42,3.70
749,4.42,3.70
751,4.42,3.70
752,4.42,3.70
753,4.42,3.70
754,4.42,3.70
755,4.42,3.70
756,4.42,3.70
757,4.43,3.70
758,4.43,3.70
759,4.43,3.70
760,4.43,3.70
761,4.43,3.70
762,4.43,3.70
763,4.43,3.70
764,4.43,3.70
765,4.43,3.70
768,4.43,3.70
769,4.43,3.70
770,4.43,3.70
771,4.44,3.70
772,4.44,3.70
773,4.44,3.70
774,4.44,3.70
775,4.44,3.70
776,4.44,3.70
777,4.44,3.70
778,4.44,3.70
779,4.44,3.70
780,4.44,3.70
781,4.44,3.69
783,4.43,3.69
784,4.43,3.69
785,4.43,3.69
786,4.43,3.69
787,4.43,3.69
788,4.43,3.69
789,4.43,3.69
790,4.42,3.69
791,4.42,3.69
792,4.42,3.69
793,4.42,3.69
794,4.42,3.70
795,4.42,3.70
797,4.42,3.70
798,4.42,3.70
799,4.42,3.70
800,4.42,3.70
801,4.42,3.70
802,4.42,3.70
803,4.42,3.70
804,4.42,3.70
805,4.42,3.70
806,4.41,3.70
807,4.41,3.70
808,4.41,3.70
809,4.41,3.70
811,4.41,3.70
813,4.41,3.70
814,4.41,3.70
815,4.41,3.70
816,4.41,3.70
817,4.41,3.70
818,4.41,3.70
819,4.41,3.70
820,4.41,3.70
821,4.41,3.70
822,4.41,3.70
823,4.42,3.70
824,4.42,3.70
825,4.42,3.70
826,4.42,3.70
828,4.42,3.70
829,4.43,3.71
830,4.43,3.70
831,4.43,3.71
832,4.44,3.71
833,4.44,3.71
834,4.44,3.71
835,4.45,3.71
836,4.46,3.71
837,4.46,3.71
838,4.46,3.70
839,4.46,3.70
840,4.46,3.70
841,4.46,3.70
843,4.46,3.70
844,4.46,3.70
845,4.45,3.70
846,4.45,3.70
847,4.44,3.70
848,4.44,3.70
849,4.44,3.70
850,4.44,3.70
851,4.43,3.70
852,4.43,3.71
854,4.43,3.71
855,4.43,3.71
856,4.43,3.71
857,4.43,3.71
859,4.42,3.71
860,4.42,3.72
861,4.42,3.72
862,4.42,3.72
863,4.42,3.72
864,4.42,3.72
865,4.41,3.72
866,4.41,3.72
867,4.41,3.72
868,4.41,3.72
869,4.41,3.72
870,4.41,3.72
871,4.41,3.72
873,4.41,3.71
874,4.41,3.72
875,4.41,3.72
876,4.41,3.72
877,4.41,3.72
878,4.41,3.72
879,4.41,3.72
880,4.41,3.72
881,4.41,3.72
882,4.42,3.71
883,4.42,3.72
884,4.42,3.71
885,4.42,3.72
887,4.42,3.72
888,4.42,3.72
889,4.42,3.72
890,4.42,3.72
891,4.42,3.71
892,4.42,3.71
893,4.42,3.72
894,4.42,3.72
896,4.42,3.72
897,4.42,3.72
898,4.42,3.72
899,4.42,3.73
900,4.42,3.73
902,4.42,3.73
903,4.43,3.73
904,4.43,3.73
905,4.43,3.73
906,4.43,3.73
907,4.43,3.73
908,4.43,3.73
909,4.44,3.73
910,4.44,3.73
911,4.44,3.73
912,4.44,3.73
913,4.44,3.73
914,4.44,3.73
916,4.44,3.73
917,4.44,3.73
918,4.44,3.73
919,4.44,3.73
920,4.44,3.73
921,4.44,3.73
922,4.44,3.73
923,4.44,3.73
924,4.44,3.73
925,4.44,3.73
926,4.44,3.74
927,4.44,3.74
928,4.44,3.74
930,4.43,3.74
931,4.43,3.74
932,4.43,3.74
933,4.43,3.74
934,4.43,3.74
935,4.43,3.74
936,4.43,3.74
937,4.43,3.74
939,4.43,3.74
940,4.43,3.74
941,4.43,3.74
942,4.43,3.74
943,4.43,3.74
945,4.43,3.74
946,4.43,3.74
947,4.43,3.74
948,4.43,3.74
949,4.43,3.74
950,4.43,3.74
951,4.43,3.74
952,4.43,3.74
953,4.43,3.74
954,4.43,3.74
955,4.43,3.74
956,4.43,3.74
957,4.43,3.74
959,4.42,3.74
960,4.42,3.74
961,4.42,3.75
962,4.42,3.75
963,4.42,3.75
964,4.42,3.75
965,4.42,3.75
966,4.42,3.75
967,4.42,3.75
968,4.42,3.75
969,4.42,3.75
970,4.43,3.75
971,4.43,3.75
973,4.43,3.75
974,4.43,3.74
975,4.43,3.74
976,4.43,3.74
977,4.43,3.74
978,4.43,3.74
979,4.43,3.74
980,4.43,3.74
982,4.44,3.75
983,4.45,3.75
984,4.45,3.75
985,4.46,3.75
986,4.46,3.75
988,4.46,3.75
989,4.47,3.75
990,4.47,3.75
991,4.47,3.74
992,4.47,3.74
993,4.47,3.74
994,4.47,3.74
995,4.47,3.74
996,4.47,3.74
997,4.47,3.73
998,4.47,3.73
999,4.47,3.73
1000,4.47,3.73
1002,4.46,3.73
1003,4.46,3.73
1004,4.46,3.73
1005,4.45,3.73
1006,4.45,3.73
1007,4.45,3.74
1008,4.45,3.74
1009,4.45,3.74
1011,4.44,3.75
1012,4.44,3.75
1013,4.44,3.75
1014,4.44,3.75
1015,4.44,3.75
1016,4.44,3.75
1017,4.44,3.75
1018,4.44,3.75
1020,4.44,3.74
1021,4.44,3.74
1022,4.45,3.74
1024,4.45,3.74
1025,4.46,3.74
1026,4.46,3.74
1027,4.47,3.74
1028,4.47,3.74
1030,4.47,3.74
1031,4.47,3.73
1032,4.46,3.73
1033,4.46,3.73
1034,4.46,3.73
1035,4.45,3.73
1036,4.45,3.73
1037,4.45,3.73
1039,4.45,3.74
1040,4.45,3.74
1041,4.45,3.74
1042,4.45,3.74
1043,4.44,3.73
1044,4.44,3.73
1045,4.44,3.73
1046,4.45,3.74
1048,4.45,3.74
1049,4.46,3.74
1050,4.46,3.74
1051,4.46,3.74
1052,4.46,3.74
1053,4.46,3.74
1054,4.46,3.74
1055,4.46,3.74
1057,4.46,3.73
1058,4.46,3.73
1059,4.45,3.73
1060,4.45,3.73
1061,4.45,3.73
1062,4.45,3.73
1063,4.46,3.74
1064,4.47,3.74
1067,4.47,3.74
1068,4.48,3.75
1069,4.49,3.74
1070,4.50,3.74
1071,4.51,3.74
1072,4.51,3.74
1073,4.51,3.74
1074,4.51,3.73
1076,4.50,3.73
1077,4.50,3.72
1078,4.50,3.72
1079,4.50,3.72
1080,4.49,3.72
1081,4.50,3.73
1082,4.50,3.73
1083,4.50,3.73
1085,4.50,3.73
1086,4.51,3.73
1087,4.51,3.72
1088,4.51,3.72
1089,4.51,3.72
1090,4.50,3.71
1091,4.50,3.71
1092,4.50,3.71
1094,4.49,3.71
1095,4.48,3.71
1096,4.48,3.71
1097,4.48,3.71
1098,4.48,3.72
1099,4.47,3.72
1100,4.47,3.73
1101,4.47,3.73
1103,4.47,3.73
1104,4.46,3.73
1105,4.46,3.73
1106,4.46,3.73
1107,4.46,3.73
1108,4.46,3.73
1110,4.46,3.73
1111,4.46,3.73
1113,4.46,3.74
1114,4.47,3.74
1115,4.47,3.73
1116,4.48,3.73
1117,4.48,3.73
1118,4.48,3.73
1119,4.48,3.72
1120,4.48,3.72
1122,4.48,3.71
1123,4.48,3.71
1124,4.47,3.71
1125,4.47,3.71
1126,4.46,3.71
1127,4.46,3.71
1128,4.46,3.72
1129,4.46,3.72
1131,4.45,3.73
1132,4.45,3.73
1133,4.45,3.74
1134,4.45,3.74
1135,4.45,3.75
1136,4.45,3.75
1137,4.45,3.75
1138,4.45,3.75
1140,4.45,3.75
1141,4.45,3.75
1142,4.46,3.75
1143,4.46,3.74
1144,4.47,3.74
1145,4.47,3.74
1146,4.48,3.74
1147,4.48,3.74
1149,4.48,3.74
1150,4.47,3.73
1152,4.47,3.73
1153,4.46,3.73
1154,4.45,3.73
1155,4.45,3.74
1156,4.45,3.74
1157,4.45,3.75
1159,4.45,3.75
1160,4.45,3.76
1161,4.46,3.76
1162,4.47,3.76
1163,4.47,3.75
1164,4.48,3.75
1165,4.49,3.75
1166,4.50,3.75
1168,4.50,3.74
1169,4.51,3.74
1170,4.50,3.73
1171,4.50,3.73
1172,4.50,3.73
1173,4.49,3.73
1174,4.48,3.73
1175,4.47,3.73
1177,4.47,3.74
1178,4.47,3.74
1179,4.46,3.75
1180,4.46,3.76
1181,4.46,3.76
1182,4.46,3.76
1183,4.46,3.77
1184,4.46,3.77
1186,4.47,3.77
1187,4.47,3.76
1188,4.47,3.76
1189,4.47,3.76
1190,4.47,3.75
1191,4.47,3.75
1192,4.48,3.75
1193,4.48,3.75
1196,4.49,3.75
1197,4.49,3.75
1198,4.49,3.75
1199,4.49,3.75
1200,4.48,3.74
1201,4.48,3.74
1202,4.48,3.74
1203,4.48,3.73
1205,4.48,3.73
1206,4.48,3.74
1207,4.49,3.74
1208,4.49,3.74
1209,4.48,3.74
1210,4.48,3.74
1211,4.47,3.74
1212,4.47,3.74
1214,4.46,3.75
1215,4.46,3.75
1216,4.45,3.75
1217,4.45,3.75
1218,4.44,3.76
1219,4.44,3.77
1220,4.43,3.77
1221,4.43,3.78
1223,4.43,3.78
1224,4.43,3.78
1225,4.43,3.78
1226,4.43,3.78
1227,4.43,3.78
1228,4.43,3.78
1229,4.44,3.77
1230,4.44,3.77
1232,4.45,3.77
1233,4.46,3.76
1234,4.46,3.76
1235,4.47,3.76
1236,4.47,3.76
1238,4.47,3.75
1239,4.47,3.75
1240,4.47,3.75
1242,4.48,3.75
1243,4.48,3.74
1244,4.48,3.74
1245,4.49,3.74
1246,4.49,3.74
1247,4.49,3.73
1248,4.49,3.73
1249,4.49,3.73
1251,4.49,3.73
1252,4.49,3.73
1253,4.49,3.73
1254,4.49,3.74
1255,4.49,3.74
1256,4.48,3.74
1257,4.48,3.74
1258,4.48,3.74
1260,4.48,3.74
1261,4.48,3.74
1262,4.48,3.74
1263,4.48,3.74
1264,4.48,3.74
1265,4.48,3.74
1266,4.49,3.74
1267,4.49,3.74
1269,4.50,3.74
1270,4.50,3.73
1271,4.50,3.73
1272,4.49,3.73
1273,4.49,3.72
1274,4.48,3.72
1275,4.47,3.72
1276,4.47,3.72
1278,4.47,3.73
1280,4.47,3.73
1281,4.47,3.73
1282,4.47,3.74
1283,4.47,3.75
1284,4.47,3.75
1285,4.47,3.76
1286,4.47,3.75
1288,4.47,3.75
1289,4.47,3.75
1290,4.47,3.74
1291,4.48,3.74
1292,4.49,3.74
1293,4.50,3.74
1294,4.50,3.74
1295,4.51,3.73
1297,4.51,3.73
1298,4.52,3.73
1299,4.52,3.73
1300,4.52,3.73
1301,4.52,3.72
1302,4.51,3.72
1303,4.50,3.72
1304,4.49,3.72
1306,4.48,3.71
1307,4.47,3.72
1308,4.47,3.72
1309,4.46,3.73
1310,4.46,3.73
1311,4.45,3.74
1312,4.45,3.75
1313,4.45,3.75
1315,4.45,3.75
1316,4.46,3.76
1317,4.47,3.76
1318,4.48,3.76
1319,4.48,3.76
1320,4.49,3.76
1321,4.48,3.75
1323,4.48,3.74
1325,4.47,3.73
1326,4.46,3.73
1327,4.45,3.73
1328,4.45,3.73
1329,4.45,3.74
1330,4.45,3.74
1331,4.45,3.75
1332,4.46,3.75
1334,4.46,3.74
1335,4.47,3.75
1336,4.48,3.75
1337,4.50,3.74
1338,4.50,3.74
1339,4.50,3.74
1340,4.50,3.74
1341,4.49,3.73
1343,4.48,3.73
1344,4.47,3.73
1345,4.46,3.74
1346,4.46,3.74
1347,4.46,3.74
1348,4.45,3.75
1349,4.46,3.76
1350,4.45,3.76
1352,4.45,3.76
1353,4.45,3.76
1354,4.44,3.75
1355,4.44,3.75
1356,4.44,3.75
1357,4.44,3.75
1358,4.44,3.75
1359,4.45,3.75
1361,4.46,3.76
1362,4.48,3.76
1363,4.49,3.76
1364,4.50,3.76
1366,4.51,3.76
1367,4.52,3.75
1368,4.51,3.74
1369,4.51,3.74
1371,4.50,3.74
1372,4.50,3.73
1373,4.49,3.73
1374,4.48,3.73
1375,4.48,3.73
1376,4.47,3.73
1377,4.48,3.74
1378,4.48,3.74
1380,4.48,3.74
1381,4.48,3.74
1382,4.48,3.74
1383,4.48,3.74
1384,4.49,3.74
1385,4.49,3.74
1386,4.50,3.74
1387,4.51,3.74
1389,4.51,3.74
1390,4.52,3.74
1391,4.52,3.74
1392,4.51,3.74
1393,4.51,3.74
1394,4.51,3.74
1395,4.51,3.74
1396,4.51,3.74
1398,4.51,3.74
1399,4.51,3.74
1400,4.51,3.74
1401,4.51,3.74
1402,4.50,3.74
1403,4.50,3.73
1404,4.50,3.73
1405,4.49,3.73
1408,4.48,3.73
1409,4.49,3.73
1410,4.48,3.73
1411,4.49,3.74
1412,4.49,3.74
1413,4.49,3.74
1414,4.48,3.74
1415,4.48,3.74
1417,4.48,3.73
1418,4.47,3.73
1419,4.47,3.73
1420,4.46,3.74
1421,4.46,3.74
1422,4.46,3.74
1423,4.46,3.74
1424,4.46,3.74
1426,4.46,3.74
1427,4.47,3.74
1428,4.47,3.74
1429,4.47,3.74
1430,4.48,3.74
1431,4.48,3.74
1432,4.48,3.74
1433,4.48,3.74
1435,4.48,3.74
1436,4.48,3.74
1437,4.47,3.74
1438,4.47,3.74
1439,4.47,3.74
1440,4.47,3.74
1441,4.47,3.74
1442,4.47,3.75
1444,4.48,3.75
1445,4.49,3.75
1446,4.50,3.75
1447,4.51,3.75
1448,4.51,3.75
1449,4.51,3.74
1451,4.51,3.73
1452,4.51,3.73
1454,4.50,3.72
1455,4.49,3.72
1456,4.48,3.72
1457,4.48,3.73
1458,4.48,3.74
1459,4.49,3.74
1460,4.50,3.75
1461,4.50,3.75
1463,4.51,3.76
1464,4.51,3.76
1465,4.51,3.75
1466,4.51,3.75
1467,4.51,3.74
1468,4.51,3.74
1469,4.51,3.73
1470,4.52,3.73
1472,4.52,3.73
1473,4.51,3.73
1474,4.51,3.73
1475,4.50,3.72
1476,4.49,3.72
1477,4.48,3.72
1478,4.48,3.72
1479,4.48,3.73
1481,4.48,3.73
1482,4.49,3.74
1483,4.49,3.74
1484,4.49,3.74
1485,4.50,3.74
1486,4.50,3.74
1487,4.49,3.73
1488,4.49,3.73
1490,4.49,3.72
1491,4.48,3.72
1492,4.48,3.72
1494,4.48,3.73
1495,4.49,3.74
1496,4.49,3.75
1497,4.49,3.75
1498,4.48,3.75
1500,4.48,3.75
1501,4.48,3.74
1502,4.47,3.74
1503,4.46,3.73
1504,4.46,3.73
1505,4.46,3.73
1506,4.46,3.73
1507,4.46,3.74
1509,4.46,3.74
1510,4.46,3.74
1511,4.46,3.74
1512,4.47,3.74
1513,4.48,3.74
1514,4.48,3.75
1515,4.49,3.75
1516,4.50,3.74
1518,4.50,3.74
1519,4.51,3.74
1520,4.51,3.74
1521,4.52,3.74
1522,4.52,3.74
1523,4.52,3.74
1524,4.52,3.74
1525,4.51,3.74
1527,4.51,3.73
1528,4.50,3.73
1529,4.49,3.73
1530,4.49,3.73
1531,4.49,3.74
1532,4.48,3.74
1533,4.49,3.74
1534,4.49,3.75
1537,4.49,3.75
1538,4.50,3.75
1539,4.50,3.75
1540,4.50,3.75
1541,4.51,3.75
1542,4.51,3.74
1543,4.52,3.74
1544,4.52,3.73
1546,4.52,3.73
1547,4.51,3.73
1548,4.51,3.72
1549,4.50,3.72
1550,4.49,3.72
1551,4.48,3.72
1552,4.47,3.72
1553,4.47,3.72
1555,4.47,3.73
1556,4.47,3.74
1557,4.48,3.74
1558,4.48,3.74
1559,4.49,3.74
1560,4.51,3.74
1561,4.51,3.74
1562,4.52,3.73
1564,4.51,3.73
1565,4.51,3.72
1566,4.49,3.71
1567,4.48,3.71
1568,4.47,3.72
1569,4.46,3.72
1570,4.45,3.73
1571,4.45,3.74
1573,4.45,3.74
1574,4.44,3.74
1575,4.44,3.74
1576,4.44,3.75
1577,4.45,3.74
1579,4.45,3.74
1580,4.46,3.74
1581,4.47,3.74
1583,4.48,3.74
1584,4.50,3.74
1585,4.51,3.75
1586,4.52,3.74
1587,4.53,3.74
1588,4.53,3.74
1589,4.53,3.74
1590,4.52,3.74
1592,4.52,3.73
1593,4.51,3.73
1594,4.50,3.73
1595,4.50,3.73
1596,4.49,3.73
1597,4.49,3.74
1598,4.50,3.74
1599,4.49,3.74
1601,4.49,3.73
1602,4.49,3.73
1603,4.49,3.73
1604,4.48,3.73
1605,4.49,3.73
1606,4.49,3.73
1607,4.49,3.74
1608,4.49,3.74
1610,4.49,3.74
1611,4.49,3.74
1612,4.48,3.74
1613,4.48,3.74
1614,4.47,3.74
1615,4.47,3.74
1616,4.47,3.75
1617,4.47,3.75
1619,4.47,3.75
1620,4.47,3.75
1622,4.48,3.76
1623,4.49,3.75
1624,4.49,3.75
1625,4.50,3.75
1626,4.51,3.75
1627,4.51,3.74
1629,4.51,3.74
1630,4.50,3.73
1631,4.49,3.73
1632,4.48,3.73
1633,4.47,3.73
1634,4.47,3.73
1635,4.47,3.74
1636,4.46,3.74
1638,4.47,3.75
1639,4.47,3.75
1640,4.47,3.75
1641,4.48,3.76
1642,4.49,3.76
1643,4.50,3.76
1644,4.50,3.76
1645,4.51,3.76
1647,4.51,3.76
1648,4.51,3.75
1649,4.51,3.75
1650,4.51,3.74
1651,4.51,3.74
1652,4.50,3.74
1653,4.50,3.74
1654,4.49,3.74
1656,4.49,3.74
1657,4.48,3.74
1658,4.48,3.73
1659,4.48,3.73
1660,4.48,3.73
1661,4.49,3.74
1662,4.50,3.74
1664,4.51,3.74
1666,4.53,3.74
1667,4.54,3.74
1668,4.54,3.74
1669,4.54,3.73
1670,4.53,3.73
1671,4.51,3.73
1672,4.50,3.73
1673,4.49,3.74
1675,4.49,3.75
1676,4.48,3.76
1677,4.48,3.76
1678,4.48,3.76
1679,4.48,3.76
1680,4.49,3.75
1681,4.49,3.75
1682,4.49,3.75
1684,4.49,3.74
1685,4.48,3.73
1686,4.48,3.73
1687,4.47,3.73
1688,4.46,3.73
1689,4.46,3.74
1690,4.47,3.75
1691,4.47,3.75
1693,4.48,3.76
1694,4.49,3.77
1695,4.50,3.77
1696,4.50,3.77
1697,4.51,3.76
1698,4.51,3.76
1699,4.51,3.76
1700,4.51,3.75
1702,4.50,3.75
1703,4.49,3.75
1704,4.49,3.75
1705,4.48,3.75
1707,4.48,3.76
1708,4.48,3.76
1709,4.48,3.77
1710,4.48,3.77
1712,4.48,3.77
1713,4.48,3.77
1714,4.48,3.77
1715,4.48,3.77
1716,4.47,3.77
1717,4.47,3.77
1718,4.47,3.76
1719,4.48,3.76
1721,4.48,3.76
1722,4.49,3.77
1723,4.50,3.77
1724,4.51,3.78
1725,4.52,3.78
1726,4.52,3.78
1727,4.52,3.78
1728,4.52,3.78
1730,4.52,3.78
1731,4.52,3.78
1732,4.51,3.78
1733,4.50,3.78
1734,4.50,3.77
1735,4.49,3.77
1736,4.49,3.77
1737,4.48,3.77
1739,4.49,3.78
1740,4.49,3.79
1741,4.49,3.80
1742,4.50,3.80
1743,4.50,3.81
1744,4.50,3.81
1745,4.50,3.81
1746,4.50,3.81
1748,4.49,3.81
1750,4.49,3.82
1751,4.49,3.82
1752,4.49,3.83
1753,4.49,3.83
1754,4.50,3.84
1755,4.50,3.84
1756,4.50,3.84
1758,4.50,3.84
1759,4.50,3.84
1760,4.49,3.85
1761,4.49,3.85
1762,4.49,3.85
1763,4.49,3.86
1764,4.48,3.87
1765,4.48,3.87
1767,4.48,3.88
1768,4.47,3.89
1769,4.48,3.91
1770,4.48,3.91
1771,4.48,3.93
1772,4.49,3.96
1773,4.49,3.99
1774,4.50,4.03
1776,4.51,4.06
1777,4.53,4.10
1778,4.55,4.13
1779,4.56,4.17
1780,4.56,4.20
1781,4.56,4.24
1782,4.55,4.27
1783,4.54,4.30
1785,4.53,4.33
1786,4.52,4.35
1787,4.52,4.38
1788,4.51,4.40
1789,4.51,4.43
1790,4.51,4.45
1792,4.52,4.47
1793,4.53,4.49
1795,4.54,4.51
1796,4.55,4.53
1797,4.56,4.55
1798,4.57,4.57
1799,4.57,4.58
1800,4.58,4.60
1801,4.58,4.61
1802,4.58,4.62
1804,4.58,4.64
1805,4.58,4.65
1806,4.58,4.66
1807,4.58,4.68
1808,4.58,4.69
1809,4.58,4.70
1810,4.59,4.71
1811,4.59,4.72
1813,4.60,4.73
1814,4.61,4.74
1815,4.61,4.75
1816,4.61,4.76
1817,4.60,4.76
1818,4.59,4.77
1819,4.59,4.78
1820,4.58,4.78
1822,4.58,4.79
1823,4.57,4.79
1824,4.57,4.80
1825,4.57,4.81
1826,4.58,4.81
1827,4.57,4.82
1828,4.57,4.82
1829,4.57,4.83
1831,4.57,4.83
1832,4.57,4.84
1833,4.57,4.84
1835,4.57,4.85
1836,4.56,4.85
1837,4.55,4.85
1838,4.55,4.86
1839,4.54,4.86
1841,4.53,4.86
1842,4.53,4.87
1843,4.52,4.87
1844,4.52,4.87
1845,4.51,4.87
1846,4.51,4.88
1847,4.51,4.88
1848,4.51,4.88
1850,4.51,4.88
1851,4.51,4.88
1852,4.51,4.88
1853,4.52,4.88
1854,4.52,4.88
1855,4.52,4.88
1856,4.52,4.89
1857,4.52,4.89
1859,4.52,4.89
1860,4.52,4.90
1861,4.51,4.90
1862,4.51,4.90
1863,4.50,4.91
1864,4.49,4.91
1865,4.49,4.91
1866,4.48,4.91
1868,4.48,4.92
1869,4.48,4.92
1870,4.47,4.92
1871,4.47,4.92
1872,4.47,4.92
1873,4.46,4.92
1874,4.46,4.92
1875,4.46,4.92
1878,4.46,4.92
1879,4.46,4.92
1880,4.46,4.92
1881,4.46,4.92
1882,4.47,4.92
1883,4.47,4.92
1884,4.47,4.92
1885,4.47,4.93
1887,4.47,4.93
1888,4.47,4.93
1889,4.47,4.93
1890,4.47,4.93
1891,4.47,4.93
1892,4.48,4.93
1893,4.48,4.93
1895,4.48,4.93
1896,4.49,4.93
1897,4.49,4.93
1898,4.49,4.93
1899,4.49,4.94
1900,4.49,4.94
1901,4.49,4.94
1902,4.49,4.94
1904,4.49,4.94
1905,4.49,4.94
1906,4.49,4.94
1907,4.50,4.94
1908,4.50,4.94
1909,4.50,4.95
1910,4.50,4.95
1911,4.50,4.95
1913,4.50,4.95
1914,4.49,4.95
1915,4.50,4.95
1916,4.50,4.95
1917,4.50,4.95
1918,4.50,4.95
1920,4.50,4.95
1921,4.50,4.95
1923,4.50,4.95
1924,4.50,4.96
1925,4.49,4.96
1926,4.49,4.96
1927,4.49,4.96
1928,4.48,4.96
1929,4.48,4.96
1930,4.48,4.96
1932,4.48,4.96
1933,4.48,4.96
1934,4.48,4.96
1935,4.48,4.95
1936,4.48,4.96
1937,4.48,4.96
1938,4.48,4.96
1940,4.48,4.95
1941,4.48,4.96
1942,4.48,4.95
1943,4.48,4.96
1944,4.48,4.96
1945,4.48,4.96
1946,4.48,4.96
1947,4.48,4.95
1949,4.48,4.95
1950,4.49,4.95
1951,4.50,4.96
1952,4.50,4.96
1953,4.50,4.96
1954,4.50,4.96
1955,4.49,4.96
1956,4.49,4.96
1958,4.49,4.96
1959,4.49,4.96
1960,4.49,4.96
1961,4.48,4.96
1963,4.48,4.96
1964,4.48,4.96
1965,4.48,4.96
1966,4.49,4.96
1968,4.49,4.96
1969,4.50,4.96
1970,4.50,4.96
1971,4.50,4.96
1972,4.50,4.96
1973,4.50,4.96
1974,4.50,4.96
1976,4.49,4.97
1977,4.49,4.97
1978,4.48,4.97
1979,4.48,4.97
1980,4.48,4.96
1981,4.49,4.96
1982,4.49,4.96
1983,4.49,4.96
1985,4.49,4.96
1986,4.49,4.97
1987,4.49,4.97
1988,4.48,4.97
1989,4.48,4.97
1990,4.48,4.97
1991,4.48,4.97
1992,4.48,4.97
1994,4.48,4.96
1995,4.48,4.96
1996,4.48,4.96
1997,4.48,4.96
1998,4.48,4.96
1999,4.49,4.96
2000,4.49,4.96
2001,4.48,4.96
2003,4.49,4.97
2004,4.48,4.97
2006,4.48,4.97
2007,4.48,4.97
2008,4.47,4.97
2009,4.47,4.97
2010,4.47,4.97
2012,4.47,4.97
2013,4.47,4.97
2014,4.47,4.96
2015,4.48,4.96
2016,4.48,4.96
2017,4.48,4.96
2018,4.48,4.96
2019,4.48,4.96
2021,4.48,4.96
2022,4.48,4.97
2023,4.48,4.97
2024,4.48,4.97
2025,4.47,4.97
2026,4.47,4.97
2027,4.47,4.97
2028,4.48,4.97
2030,4.48,4.96
2031,4.48,4.96
2032,4.48,4.96
2033,4.48,4.97
2034,4.48,4.97
2035,4.48,4.97
2036,4.47,4.97
2037,4.47,4.97
2039,4.47,4.97
2040,4.47,4.97
2041,4.47,4.96
2042,4.48,4.97
2043,4.48,4.97
2044,4.48,4.97
2045,4.48,4.97
2048,4.47,4.97
2049,4.47,4.97
2050,4.47,4.97
2051,4.47,4.97
2052,4.47,4.97
2053,4.47,4.96
2054,4.47,4.97
2055,4.47,4.97
2057,4.47,4.97
2058,4.47,4.97
2059,4.46,4.97
2060,4.46,4.97
2061,4.46,4.97
2062,4.46,4.97
2063,4.46,4.97
2065,4.46,4.97
2066,4.46,4.97
2067,4.46,4.97
2068,4.46,4.96
2069,4.46,4.96
2070,4.47,4.96
2071,4.47,4.97
2072,4.47,4.96
2074,4.47,4.97
2075,4.47,4.96
2076,4.47,4.97
2077,4.47,4.97
2078,4.47,4.97
2079,4.47,4.97
2080,4.46,4.97
2081,4.46,4.97
2083,4.46,4.97
2084,4.46,4.97
2085,4.46,4.97
2086,4.46,4.97
2087,4.46,4.96
2088,4.47,4.97
2089,4.47,4.97
2092,4.47,4.97
2093,4.47,4.97
2094,4.47,4.97
2095,4.47,4.97
2096,4.47,4.97
2097,4.47,4.97
2098,4.47,4.97
2099,4.47,4.97
2101,4.47,4.97
2102,4.48,4.97
2103,4.48,4.97
2104,4.48,4.97
2105,4.47,4.97
2106,4.47,4.97
2107,4.47,4.97
2108,4.47,4.97
2110,4.47,4.97
2111,4.47,4.97
2112,4.47,4.97
2113,4.47,4.97
2114,4.47,4.97
2115,4.47,4.97
2116,4.48,4.97
2117,4.48,4.97
2119,4.49,4.97
2120,4.49,4.97
2121,4.49,4.97
2122,4.48,4.97
2123,4.48,4.97
2124,4.48,4.97
2125,4.48,4.97
2127,4.47,4.97
2128,4.47,4.97
2129,4.47,4.97
2130,4.47,4.97
2131,4.47,4.97
2132,4.48,4.97
2134,4.48,4.97
2135,4.48,4.97
2137,4.48,4.97
2138,4.48,4.97
2139,4.48,4.97
2140,4.48,4.97
2141,4.48,4.96
2142,4.48,4.96
2143,4.49,4.95
2144,4.49,4.94
2146,4.49,4.92
2147,4.50,4.91
2148,4.50,4.90
2149,4.50,4.88
2150,4.50,4.86
2151,4.50,4.85
2152,4.50,4.82
2153,4.50,4.80
2155,4.50,4.78
2156,4.50,4.75
2157,4.50,4.72
2158,4.50,4.70
2159,4.50,4.67
2160,4.50,4.64
2161,4.50,4.62
2162,4.50,4.59
2164,4.50,4.57
2165,4.49,4.54
2166,4.49,4.52
2167,4.48,4.50
2168,4.48,4.47
2169,4.47,4.45
2170,4.47,4.42
2171,4.47,4.40
2173,4.47,4.38
2174,4.46,4.36
2176,4.46,4.34
2177,4.46,4.32
2178,4.46,4.29
2179,4.45,4.27
2180,4.45,4.25
2181,4.44,4.23
2183,4.44,4.21
2184,4.43,4.20
2185,4.43,4.18
2186,4.43,4.17
2187,4.42,4.15
2188,4.42,4.14
2189,4.42,4.13
2190,4.42,4.11
2192,4.42,4.10
2193,4.42,4.08
2194,4.43,4.07
2195,4.43,4.06
2196,4.43,4.05
2197,4.42,4.04
2198,4.42,4.03
2199,4.42,4.02
2201,4.42,4.01
2202,4.42,4.00
2203,4.42,3.99
2204,4.42,3.98
2205,4.42,3.97
2206,4.42,3.96
2207,4.42,3.95
2208,4.42,3.94
2210,4.42,3.93
2211,4.42,3.92
2212,4.42,3.91
2213,4.42,3.91
2214,4.42,3.89
2215,4.43,3.89
2216,4.43,3.88
2217,4.43,3.87
2220,4.43,3.86
2221,4.43,3.86
2222,4.43,3.85
2223,4.43,3.84
2224,4.43,3.83
2225,4.43,3.82
2226,4.44,3.82
2228,4.44,3.81
2229,4.44,3.80
2230,4.44,3.79
2231,4.45,3.79
2232,4.44,3.78
2233,4.45,3.78
2234,4.45,3.77
2235,4.45,3.77
2237,4.45,3.76
2238,4.45,3.76
2239,4.45,3.76
2240,4.45,3.75
2241,4.45,3.75
2242,4.45,3.74
2243,4.45,3.74
2244,4.45,3.73
2246,4.45,3.73
2247,4.45,3.72
2248,4.45,3.72
2249,4.45,3.72
2250,4.45,3.71
2251,4.45,3.71
2252,4.45,3.71
2253,4.45,3.70
2255,4.45,3.70
2256,4.45,3.70
2257,4.46,3.70
2258,4.46,3.70
2259,4.46,3.69
2260,4.46,3.69
2262,4.46,3.69
2263,4.47,3.69
2265,4.46,3.68
2266,4.47,3.68
2267,4.46,3.68
2268,4.46,3.68
2269,4.46,3.68
2270,4.46,3.68
2271,4.46,3.67
2272,4.46,3.67
2274,4.46,3.67
2275,4.46,3.67
2276,4.46,3.67
2277,4.46,3.67
2278,4.46,3.66
2279,4.46,3.66
2280,4.46,3.66
2281,4.46,3.66
2283,4.46,3.66
2284,4.46,3.66
2285,4.47,3.66
2286,4.47,3.66
2287,4.47,3.66
2288,4.47,3.65
2289,4.47,3.65
2291,4.47,3.65
2292,4.47,3.65
2293,4.47,3.65
2294,4.47,3.65
2295,4.47,3.64
2296,4.47,3.64
2297,4.47,3.64
2298,4.47,3.64
2300,4.47,3.64
2301,4.47,3.64
2302,4.47,3.64
2304,4.47,3.64
2305,4.47,3.64
2306,4.47,3.64
2307,4.47,3.64
2308,4.47,3.64
2310,4.47,3.64
2311,4.47,3.64
2312,4.47,3.64
2313,4.47,3.64
2314,4.47,3.64
2315,4.47,3.64
2316,4.47,3.63
2318,4.47,3.63
2319,4.47,3.63
2320,4.47,3.63
2321,4.47,3.63
2322,4.47,3.63
2323,4.47,3.63
2324,4.47,3.63
2325,4.47,3.63
2327,4.47,3.63
2328,4.47,3.63
2329,4.47,3.63
2330,4.47,3.63
2331,4.47,3.63
2332,4.46,3.63
2333,4.46,3.63
2334,4.46,3.63
2336,4.46,3.63
2337,4.46,3.63
2338,4.46,3.63
2339,4.46,3.63
2340,4.46,3.63
2341,4.46,3.63
2342,4.46,3.63
2343,4.46,3.63
2345,4.46,3.63
2347,4.46,3.63
2348,4.46,3.63
2349,4.46,3.63
2350,4.46,3.63
2351,4.46,3.63
2352,4.46,3.63
2353,4.46,3.63
2355,4.46,3.63
2356,4.46,3.63
2357,4.46,3.63
2358,4.46,3.63
2359,4.46,3.63
2360,4.46,3.63
2361,4.46,3.63
2363,4.45,3.63
2364,4.45,3.63
2365,4.45,3.63
2366,4.45,3.63
2367,4.45,3.63
2368,4.45,3.63
2369,4.45,3.63
2370,4.45,3.63
2372,4.45,3.63
2373,4.45,3.63
2374,4.45,3.63
2375,4.45,3.63
2376,4.45,3.63
2377,4.45,3.63
2378,4.45,3.63
2379,4.45,3.63
2381,4.45,3.63
2382,4.45,3.63
2383,4.44,3.63
2384,4.44,3.63
2385,4.44,3.63
2386,4.44,3.63
2387,4.44,3.63
2388,4.44,3.63
2391,4.44,3.63
2392,4.44,3.63
2393,4.44,3.63
2394,4.44,3.63
2395,4.44,3.63
2396,4.44,3.64
2397,4.44,3.64
2398,4.44,3.64
2400,4.44,3.64
2401,4.44,3.65
2402,4.44,3.65
2403,4.44,3.65
2404,4.44,3.65
2405,4.45,3.65
2406,4.45,3.65
2408,4.45,3.65
2409,4.45,3.65
2410,4.45,3.65
2411,4.45,3.65
2412,4.45,3.66
2413,4.45,3.66
2414,4.45,3.66
2415,4.45,3.66
2417,4.45,3.66
2418,4.45,3.67
2419,4.45,3.67
2420,4.45,3.67
2421,4.45,3.67
2422,4.45,3.67
2423,4.45,3.67
2424,4.45,3.67
2426,4.45,3.68
2427,4.45,3.68
2428,4.45,3.68
2429,4.45,3.69
2430,4.45,3.69
2432,4.45,3.70
2433,4.45,3.70
2435,4.45,3.70
2436,4.45,3.70
2437,4.45,3.71
2438,4.45,3.71
2439,4.45,3.72
2440,4.45,3.73
2441,4.45,3.73
2442,4.45,3.74
2444,4.45,3.75
2445,4.45,3.76
2446,4.45,3.76
2447,4.44,3.77
2448,4.44,3.77
2449,4.45,3.78
2450,4.45,3.79
2451,4.44,3.79
2453,4.44,3.80
2454,4.44,3.80
2455,4.44,3.81
2456,4.44,3.81
2457,4.44,3.81
2458,4.44,3.82
2459,4.44,3.82
2460,4.44,3.82
2462,4.44,3.83
2463,4.44,3.83
2464,4.45,3.84
2465,4.44,3.84
2466,4.44,3.85
2467,4.45,3.86
2468,4.44,3.87
2469,4.45,3.88
2471,4.45,3.89
2472,4.45,3.90
2473,4.45,3.91
2475,4.45,3.92
2476,4.45,3.93
2477,4.46,3.94
2478,4.45,3.95
2479,4.45,3.96
2481,4.45,3.98
2482,4.45,4.00
2483,4.44,4.02
2484,4.44,4.05
2485,4.44,4.08
2486,4.44,4.12
2487,4.44,4.15
2488,4.44,4.18
2490,4.45,4.22
2491,4.45,4.25
2492,4.45,4.28
2493,4.46,4.31
2494,4.47,4.34
2495,4.47,4.36
2496,4.48,4.39
2497,4.48,4.41
2499,4.49,4.44
2500,4.49,4.46
2501,4.50,4.48
2502,4.50,4.50
2503,4.51,4.52
2504,4.51,4.54
2505,4.51,4.56
2506,4.51,4.57
2508,4.52,4.59
2509,4.52,4.60
2510,4.52,4.62
2511,4.52,4.63
2512,4.52,4.64
2513,4.52,4.66
2514,4.52,4.67
2515,4.53,4.68
2518,4.52,4.69
2519,4.53,4.70
2520,4.52,4.71
2521,4.52,4.72
2522,4.52,4.73
2523,4.52,4.74
2524,4.52,4.75
2525,4.52,4.76
2527,4.52,4.77
2528,4.52,4.77
2529,4.51,4.78
2530,4.51,4.78
2531,4.51,4.79
2532,4.51,4.80
2533,4.51,4.80
2534,4.50,4.81
2536,4.50,4.81
2537,4.49,4.82
2538,4.49,4.82
2539,4.48,4.83
2540,4.48,4.83
2541,4.48,4.84
2542,4.47,4.84
2543,4.47,4.85
2545,4.46,4.85
2546,4.46,4.85
2547,4.46,4.86
2548,4.46,4.86
2549,4.45,4.86
2550,4.45,4.87
2551,4.45,4.87
2552,4.45,4.87
2554,4.44,4.87
2555,4.44,4.88
2556,4.44,4.88
2557,4.44,4.88
2558,4.43,4.88
2560,4.43,4.88
2561,4.43,4.89
2562,4.42,4.89
2564,4.42,4.89
2565,4.42,4.89
2566,4.42,4.89
2567,4.42,4.90
2568,4.42,4.90
2569,4.41,4.90
2570,4.41,4.90
2571,4.40,4.90
2573,4.40,4.91
2574,4.40,4.91
2575,4.40,4.91
2576,4.39,4.91
2577,4.39,4.91
2578,4.39,4.91
2579,4.39,4.91
2580,4.39,4.92
2582,4.39,4.92
2583,4.38,4.92
2584,4.38,4.92
2585,4.38,4.92
2586,4.38,4.92
2587,4.38,4.92
2588,4.38,4.92
2589,4.38,4.92
2591,4.38,4.92
2592,4.38,4.92
2593,4.38,4.93
2594,4.38,4.93
2595,4.38,4.93
2596,4.38,4.93
2597,4.39,4.93
2598,4.39,4.93
2600,4.39,4.93
2601,4.39,4.93
2603,4.39,4.93
2604,4.39,4.93
2605,4.39,4.94
2606,4.39,4.94
2607,4.39,4.94
2608,4.39,4.94
2610,4.39,4.94
2611,4.39,4.94
2612,4.39,4.94
2613,4.39,4.94
2614,4.39,4.94
2615,4.39,4.94
2616,4.39,4.94
2618,4.40,4.94
2619,4.40,4.94
2620,4.40,4.94
2621,4.41,4.94
2622,4.41,4.94
2623,4.41,4.95
2624,4.41,4.95
2625,4.41,4.95
2627,4.41,4.95
2628,4.41,4.95
2629,4.40,4.95
2630,4.40,4.95
2631,4.40,4.95
2632,4.40,4.96
2633,4.40,4.95
2634,4.40,4.96
2635,4.40,4.96
2637,4.39,4.96
2638,4.39,4.96
2639,4.39,4.96
2640,4.39,4.96
2641,4.39,4.96
2642,4.39,4.96
2643,4.39,4.95
2646,4.39,4.96
2647,4.39,4.96
2648,4.39,4.95
2649,4.39,4.96
2650,4.39,4.95
2651,4.39,4.96
2652,4.39,4.96
2653,4.39,4.96
2655,4.39,4.96
2656,4.39,4.96
2657,4.39,4.96
2658,4.39,4.96
2659,4.39,4.96
2660,4.39,4.96
2661,4.39,4.96
2663,4.40,4.96
2664,4.40,4.96
2665,4.40,4.96
2666,4.40,4.96
2667,4.40,4.96
2668,4.39,4.96
2669,4.39,4.96
2670,4.39,4.96
2672,4.39,4.96
2673,4.39,4.96
2674,4.39,4.96
2675,4.39,4.96
2676,4.39,4.96
2677,4.39,4.96
2678,4.39,4.96
2679,4.38,4.97
2681,4.38,4.96
2682,4.38,4.96
2683,4.38,4.96
2684,4.39,4.96
2685,4.38,4.96
2686,4.39,4.96
2688,4.39,4.96
2689,4.39,4.96
2691,4.39,4.96
2692,4.39,4.96
2693,4.39,4.96
2694,4.39,4.96
2695,4.39,4.96
2696,4.39,4.96
2697,4.39,4.97
2698,4.39,4.96
2700,4.39,4.96
2701,4.39,4.96
2702,4.39,4.96
2703,4.39,4.96
2704,4.39,4.96
2705,4.39,4.96
2706,4.39,4.96
2707,4.39,4.96
2709,4.39,4.96
2710,4.39,4.96
2711,4.39,4.96
2712,4.39,4.97
2713,4.39,4.96
2714,4.39,4.96
2715,4.38,4.96
2716,4.38,4.96
2718,4.38,4.96
2719,4.38,4.97
2720,4.38,4.97
2721,4.38,4.97
2722,4.38,4.97
2723,4.38,4.97
2724,4.38,4.97
2725,4.38,4.96
2727,4.38,4.97
2728,4.38,4.97
2729,4.38,4.96
2731,4.38,4.97
2732,4.38,4.96
2733,4.38,4.96
2734,4.38,4.96
2735,4.38,4.96
2737,4.39,4.97
2738,4.39,4.96
2739,4.39,4.96
2740,4.39,4.96
2741,4.39,4.96
2742,4.39,4.97
2743,4.39,4.97
2744,4.39,4.97
2746,4.39,4.97
2747,4.38,4.97
2748,4.38,4.97
2749,4.38,4.97
2750,4.38,4.97
2751,4.38,4.97
2752,4.38,4.97
2754,4.38,4.97
2755,4.38,4.97
2756,4.38,4.97
2757,4.38,4.97
2758,4.38,4.97
2759,4.38,4.96
2760,4.38,4.96
2761,4.39,4.97
2763,4.39,4.97
2764,4.39,4.97
2765,4.40,4.97
2766,4.40,4.97
2767,4.40,4.97
2768,4.40,4.97
2769,4.40,4.97
2771,4.41,4.95
2772,4.41,4.94
2774,4.42,4.91
2775,4.42,4.89
2776,4.43,4.85
2777,4.42,4.81
2778,4.42,4.77
2779,4.42,4.73
2781,4.41,4.68
2782,4.41,4.64
2783,4.41,4.60
2784,4.41,4.56
2785,4.40,4.52
2786,4.40,4.48
2787,4.40,4.44
2788,4.39,4.40
2790,4.39,4.36
2791,4.38,4.33
2792,4.38,4.30
2793,4.37,4.26
2794,4.37,4.23
2795,4.36,4.20
2796,4.36,4.17
2797,4.35,4.14
2799,4.35,4.12
2800,4.35,4.10
2801,4.35,4.08
2802,4.34,4.05
2803,4.34,4.03
2804,4.33,4.01
2805,4.33,3.99
2806,4.33,3.97
2808,4.33,3.96
2809,4.32,3.94
2810,4.32,3.93
2811,4.32,3.91
2812,4.32,3.90
2813,4.32,3.89
2814,4.32,3.87
2816,4.32,3.86
2818,4.32,3.85
2819,4.32,3.84
2820,4.32,3.83
2821,4.32,3.82
2822,4.32,3.81
2823,4.32,3.80
2824,4.32,3.79
2826,4.31,3.78
2827,4.31,3.77
2828,4.31,3.76
2829,4.31,3.75
2830,4.31,3.75
2831,4.32,3.74
2832,4.32,3.74
2833,4.32,3.74
2835,4.32,3.73
2836,4.32,3.73
2837,4.33,3.72
2838,4.33,3.72
2839,4.34,3.71
2840,4.34,3.71
2841,4.34,3.70
2842,4.34,3.70
2844,4.35,3.70
2845,4.35,3.70
2846,4.35,3.70
2847,4.36,3.70
2848,4.36,3.69
2849,4.37,3.69
2850,4.37,3.69
2851,4.37,3.68
2853,4.37,3.68
2854,4.36,3.67
2855,4.36,3.67
2856,4.35,3.67
2857,4.35,3.66
2859,4.34,3.66
2860,4.34,3.66
2862,4.34,3.66
2863,4.33,3.66
2864,4.33,3.66
2865,4.33,3.66
2866,4.33,3.66
2867,4.33,3.66
2868,4.33,3.66
2869,4.33,3.67
2871,4.32,3.67
2872,4.33,3.67
2873,4.33,3.67
2874,4.33,3.67
2875,4.33,3.67
2876,4.34,3.67
2877,4.34,3.67
2879,4.34,3.67
2880,4.35,3.67
2881,4.35,3.67
2882,4.35,3.66
2883,4.35,3.66
2884,4.35,3.66
2885,4.35,3.66
2886,4.36,3.66
2888,4.36,3.67
2889,4.37,3.67
2890,4.37,3.67
2891,4.38,3.67
2892,4.39,3.67
2893,4.39,3.67
2894,4.39,3.67
2896,4.39,3.67
2897,4.39,3.66
2898,4.38,3.66
2899,4.38,3.66
2900,4.38,3.66
2902,4.38,3.66
2903,4.38,3.66
2904,4.38,3.66
2906,4.38,3.66
2907,4.38,3.66
2908,4.39,3.67
2909,4.39,3.67
2910,4.39,3.67
2911,4.39,3.66
2912,4.38,3.66
2913,4.38,3.66
2915,4.37,3.66
2916,4.37,3.66
2917,4.37,3.66
2918,4.36,3.66
2919,4.36,3.67
2920,4.36,3.67
2921,4.35,3.67
2923,4.35,3.68
2924,4.35,3.68
2925,4.35,3.68
2926,4.35,3.68
2927,4.35,3.68
2928,4.35,3.68
2929,4.35,3.68
2930,4.35,3.68
2932,4.35,3.67
2933,4.35,3.67
2934,4.35,3.67
2935,4.35,3.67
2936,4.35,3.67
2937,4.35,3.67
2938,4.35,3.67
2939,4.35,3.67
2941,4.35,3.67
2942,4.35,3.67
2944,4.35,3.67
2945,4.35,3.67
2946,4.35,3.67
2947,4.36,3.68
2948,4.37,3.68
2950,4.38,3.68
2951,4.39,3.68
2952,4.40,3.68
2953,4.40,3.68
2954,4.40,3.68
2955,4.40,3.67
2956,4.40,3.67
2957,4.40,3.66
2959,4.40,3.66
2960,4.40,3.66
2961,4.39,3.66
2962,4.39,3.66
2963,4.38,3.67
2964,4.38,3.67
2965,4.38,3.67
2966,4.37,3.67
2968,4.37,3.67
2969,4.36,3.68
2970,4.36,3.68
2971,4.36,3.68
2972,4.35,3.68
2973,4.35,3.68
2974,4.35,3.68
2975,4.35,3.68
2977,4.35,3.68
2978,4.35,3.68
2979,4.35,3.68
2980,4.35,3.67
2981,4.35,3.67
2982,4.35,3.67
2983,4.35,3.67
2985,4.35,3.67
2987,4.35,3.67
2988,4.35,3.67
2989,4.35,3.67
2990,4.35,3.68
2991,4.36,3.68
2992,4.36,3.68
2993,4.36,3.68
2995,4.37,3.68
2996,4.37,3.68
2997,4.37,3.68
2998,4.37,3.68
2999,4.37,3.68
3000,4.36,3.68
3001,4.36,3.68
3002,4.36,3.68
3004,4.36,3.68
3005,4.36,3.68
3006,4.37,3.68
3007,4.37,3.69
3008,4.37,3.69
3009,4.38,3.69
3010,4.38,3.68
3011,4.38,3.68
3013,4.38,3.68
3014,4.38,3.68
3015,4.38,3.68
3016,4.37,3.68
3017,4.37,3.68
3018,4.37,3.68
3019,4.37,3.68
3021,4.36,3.68
3022,4.36,3.68
3023,4.36,3.68
3024,4.36,3.68
3025,4.35,3.69
3026,4.35,3.69
3027,4.35,3.69
3028,4.35,3.69
3031,4.35,3.69
3032,4.35,3.69
3033,4.35,3.69
3034,4.35,3.69
3035,4.35,3.69
3036,4.35,3.68
3037,4.35,3.68
3039,4.35,3.68
3040,4.35,3.69
3041,4.36,3.69
3042,4.36,3.69
3043,4.36,3.69
3044,4.36,3.69
3045,4.37,3.69
3047,4.36,3.69
3048,4.36,3.68
3049,4.36,3.68
3050,4.36,3.68
3051,4.36,3.69
3052,4.35,3.69
3053,4.35,3.69
3054,4.35,3.69
3056,4.35,3.69
3057,4.35,3.69
3058,4.35,3.69
3059,4.35,3.69
3060,4.35,3.69
3061,4.35,3.69
3062,4.35,3.68
3064,4.35,3.68
3065,4.35,3.68
3066,4.35,3.68
3067,4.35,3.68
3068,4.36,3.68
3069,4.36,3.68
3070,4.36,3.68
3072,4.36,3.68
3074,4.36,3.68
3075,4.37,3.68
3076,4.37,3.69
3077,4.37,3.69
3078,4.37,3.69
3079,4.37,3.68
3080,4.37,3.68
3081,4.37,3.68
3083,4.37,3.68
3084,4.37,3.68
3085,4.37,3.68
3086,4.37,3.68
3087,4.37,3.68
3088,4.37,3.68
3089,4.36,3.68
3091,4.36,3.67
3092,4.36,3.67
3093,4.36,3.67
3094,4.35,3.67
3095,4.35,3.68
3096,4.35,3.68
3097,4.35,3.68
3098,4.35,3.68
3100,4.35,3.68
3101,4.35,3.68
3102,4.35,3.68
3103,4.35,3.68
3104,4.35,3.68
3105,4.35,3.68
3106,4.35,3.68
3108,4.34,3.68
3109,4.34,3.68
3110,4.34,3.68
3111,4.34,3.68
3112,4.34,3.68
3113,4.34,3.68
3115,4.34,3.68
3117,4.34,3.68
3118,4.35,3.68
3119,4.35,3.69
3120,4.36,3.69
3121,4.37,3.69
3122,4.38,3.69
3123,4.39,3.69
3124,4.39,3.68
3126,4.39,3.68
3127,4.39,3.67
3128,4.39,3.67
3129,4.39,3.67
3130,4.38,3.67
3131,4.38,3.67
3132,4.39,3.67
3134,4.39,3.68
3135,4.39,3.68
3136,4.39,3.68
3137,4.38,3.68
3138,4.38,3.68
3139,4.38,3.68
3140,4.37,3.68
3141,4.37,3.68
3143,4.36,3.68
3144,4.36,3.68
3145,4.36,3.68
3146,4.35,3.68
3147,4.35,3.68
3148,4.35,3.68
3149,4.35,3.68
3151,4.35,3.68
3152,4.35,3.67
3153,4.34,3.67
3154,4.34,3.68
3155,4.34,3.68
3156,4.34,3.68
3158,4.33,3.68
3160,4.33,3.68
3161,4.33,3.68
3162,4.33,3.68
3163,4.33,3.68
3164,4.33,3.68
3165,4.32,3.68
3166,4.32,3.68
3167,4.32,3.68
3169,4.32,3.68
3170,4.32,3.68
3171,4.32,3.68
3172,4.32,3.68
3173,4.32,3.67
3174,4.33,3.67
3175,4.33,3.68
3176,4.33,3.67
3178,4.33,3.68
3179,4.34,3.68
3180,4.34,3.68
3181,4.34,3.67
3182,4.34,3.68
3183,4.34,3.68
3184,4.34,3.68
3186,4.34,3.68
3187,4.34,3.68
3188,4.34,3.68
3189,4.34,3.68
3190,4.35,3.68
3191,4.35,3.68
3192,4.35,3.68
3194,4.36,3.68
3195,4.36,3.67
3196,4.36,3.67
3197,4.36,3.67
3198,4.36,3.67
3200,4.36,3.67
3201,4.36,3.67
3202,4.35,3.67
3204,4.35,3.67
3205,4.35,3.67
3206,4.36,3.68
3207,4.36,3.68
3208,4.36,3.68
3209,4.37,3.68
3210,4.37,3.68
3211,4.37,3.68
3213,4.37,3.68
3214,4.37,3.67
3215,4.36,3.67
3216,4.36,3.67
3217,4.36,3.67
3218,4.35,3.67
3219,4.35,3.68
3221,4.35,3.68
3222,4.35,3.68
3223,4.35,3.68
3224,4.35,3.69
3225,4.34,3.69
3226,4.34,3.69
3227,4.34,3.69
3228,4.34,3.69
3230,4.34,3.69
3231,4.34,3.69
3232,4.34,3.69
3233,4.34,3.68
3234,4.34,3.68
3235,4.35,3.68
3236,4.35,3.68
3238,4.35,3.68
3239,4.35,3.68
3240,4.35,3.68
3241,4.35,3.68
3243,4.35,3.68
3244,4.35,3.67
3245,4.35,3.68
3246,4.34,3.68
3248,4.34,3.69
3249,4.34,3.69
3250,4.34,3.69
3251,4.34,3.70
3252,4.34,3.70
3253,4.34,3.70
3254,4.34,3.70
3255,4.34,3.70
3257,4.34,3.70
3258,4.34,3.70
3259,4.34,3.70
3260,4.34,3.70
3261,4.34,3.70
3262,4.34,3.70
3263,4.34,3.70
3264,4.34,3.69
3266,4.34,3.69
3267,4.34,3.70
3268,4.34,3.70
3269,4.34,3.70
3270,4.34,3.70
3271,4.34,3.70
3272,4.34,3.70
3274,4.34,3.70
3275,4.34,3.70
3276,4.35,3.70
3277,4.34,3.70
3278,4.35,3.70
3279,4.35,3.70
3280,4.35,3.70
3281,4.35,3.70
3283,4.35,3.70
3284,4.36,3.70
3286,4.36,3.70
3287,4.36,3.70
3288,4.36,3.70
3289,4.36,3.70
3290,4.35,3.70
3291,4.35,3.70
3293,4.35,3.70
3294,4.36,3.70
3295,4.36,3.71
3296,4.37,3.71
3297,4.38,3.71
3298,4.38,3.71
3299,4.38,3.71
3300,4.39,3.71
3302,4.38,3.71
3303,4.38,3.70
3304,4.38,3.70
3305,4.37,3.70
3306,4.37,3.70
3307,4.36,3.70
3308,4.36,3.71
3309,4.36,3.71
3311,4.36,3.71
3312,4.36,3.72
3313,4.35,3.72
3314,4.35,3.72
3315,4.35,3.72
3316,4.35,3.73
3317,4.35,3.73
3318,4.35,3.73
3320,4.35,3.73
3321,4.35,3.73
3322,4.34,3.73
3323,4.34,3.73
3324,4.34,3.73
3325,4.34,3.72
3326,4.34,3.72
3328,4.34,3.72
3330,4.34,3.72
3331,4.34,3.72
3332,4.34,3.72
3333,4.34,3.72
3334,4.34,3.72
3335,4.34,3.72
3336,4.34,3.72
3337,4.34,3.73
3339,4.35,3.73
3340,4.35,3.73
3341,4.35,3.73
3342,4.35,3.73
3343,4.35,3.74
3344,4.35,3.74
3345,4.35,3.74
3347,4.35,3.74
3348,4.35,3.74
3349,4.35,3.74
3350,4.35,3.74
3351,4.35,3.74
3352,4.35,3.75
3353,4.35,3.75
3354,4.35,3.75
3356,4.35,3.75
3357,4.35,3.75
3358,4.35,3.75
3359,4.35,3.75
3360,4.35,3.75
3361,4.35,3.75
3362,4.35,3.75
3363,4.36,3.75
3365,4.37,3.75
3366,4.37,3.75
3367,4.38,3.75
3368,4.39,3.75
3369,4.39,3.75
3371,4.39,3.75
3372,4.39,3.74
3373,4.39,3.74
3375,4.38,3.74
3376,4.38,3.74
3377,4.37,3.74
3378,4.37,3.74
3379,4.37,3.74
3380,4.36,3.75
3381,4.36,3.75
3382,4.36,3.75
3384,4.36,3.76
3385,4.36,3.76
3386,4.36,3.76
3387,4.36,3.76
3388,4.36,3.76
3389,4.35,3.76
3390,4.35,3.76
3391,4.35,3.76
3393,4.35,3.76
3394,4.35,3.76
3395,4.35,3.76
3396,4.35,3.76
3397,4.35,3.76
3398,4.36,3.76
3399,4.36,3.76
3400,4.36,3.76
3402,4.36,3.76
3403,4.36,3.76
3404,4.36,3.76
3405,4.36,3.76
3406,4.36,3.76
3407,4.36,3.76
3408,4.36,3.76
3409,4.36,3.76
3411,4.36,3.76
3412,4.36,3.76
3414,4.36,3.76
3415,4.35,3.77
3416,4.35,3.77
3417,4.36,3.77
3418,4.35,3.77
3419,4.35,3.77
3421,4.36,3.77
3422,4.35,3.77
3423,4.36,3.77
3424,4.36,3.77
3425,4.36,3.77
3426,4.36,3.77
3427,4.36,3.77
3428,4.36,3.77
3430,4.36,3.77
3431,4.36,3.77
3432,4.36,3.77
3433,4.36,3.77
3434,4.36,3.77
3435,4.36,3.77
3436,4.37,3.77
3437,4.37,3.77
3439,4.37,3.77
3440,4.37,3.77
3441,4.37,3.77
3442,4.37,3.76
3443,4.37,3.77
3444,4.37,3.76
3445,4.37,3.76
3446,4.37,3.76
3448,4.37,3.77
3449,4.37,3.77
3450,4.37,3.77
3451,4.37,3.77
3452,4.37,3.77
3453,4.37,3.77
3454,4.38,3.77
3456,4.39,3.78
3458,4.40,3.78
3459,4.41,3.78
3460,4.41,3.78
3461,4.42,3.78
3462,4.42,3.78
3463,4.42,3.77
3464,4.42,3.77
3465,4.41,3.76
3467,4.41,3.76
3468,4.40,3.76
3469,4.40,3.75
3470,4.39,3.75
3471,4.39,3.76
3472,4.38,3.77
3473,4.38,3.77
3474,4.38,3.78
3476,4.38,3.78
3477,4.38,3.78
3478,4.38,3.78
3479,4.38,3.78
3480,4.37,3.78
3481,4.37,3.79
3482,4.37,3.79
3483,4.37,3.79
3485,4.37,3.79
3486,4.37,3.79
3487,4.36,3.79
3488,4.37,3.79
3489,4.37,3.79
3490,4.36,3.79
3491,4.36,3.80
3492,4.36,3.79
3494,4.37,3.79
3495,4.37,3.79
3496,4.37,3.79
3497,4.37,3.79
3499,4.37,3.79
3500,4.37,3.79
3501,4.37,3.78
3502,4.38,3.79
3504,4.38,3.79
3505,4.38,3.78
3506,4.37,3.79
3507,4.37,3.79
3508,4.37,3.79
3509,4.37,3.79
3510,4.37,3.80
3511,4.37,3.80
3513,4.37,3.80
3514,4.37,3.81
3515,4.37,3.81
3516,4.37,3.81
3517,4.37,3.81
3518,4.37,3.81
3519,4.37,3.81
3520,4.37,3.81
3522,4.37,3.81
3523,4.37,3.81
3524,4.37,3.81
3525,4.37,3.81
3526,4.38,3.81
3527,4.38,3.81
3528,4.38,3.80
3529,4.38,3.80
3531,4.39,3.80
3532,4.39,3.80
3533,4.40,3.80
3534,4.40,3.81
3535,4.41,3.81
3536,4.42,3.81
3537,4.43,3.81
3538,4.44,3.81
3540,4.44,3.81
3542,4.45,3.80
3543,4.45,3.80
3544,4.44,3.79
3545,4.44,3.79
3546,4.43,3.78
3547,4.41,3.78
3549,4.40,3.78
3550,4.40,3.78
3551,4.39,3.79
3552,4.39,3.79
3553,4.39,3.80
3554,4.38,3.80
3555,4.38,3.81
3556,4.38,3.81
3557,4.38,3.81
3559,4.38,3.81
3560,4.38,3.81
3561,4.38,3.80
3562,4.37,3.80
3563,4.38,3.80
3564,4.38,3.79
3565,4.38,3.79
3567,4.38,3.79
3568,4.38,3.79
3569,4.39,3.79
3570,4.39,3.79
3571,4.39,3.79
3572,4.39,3.79
3573,4.39,3.79
3574,4.40,3.79
3576,4.40,3.79
3577,4.41,3.79
3578,4.42,3.79
3579,4.43,3.79
3580,4.44,3.79
3581,4.44,3.79
3582,4.45,3.79
3584,4.45,3.78
3586,4.44,3.78
3587,4.44,3.78
3588,4.44,3.77
3589,4.43,3.77
3590,4.43,3.77
3591,4.42,3.77
3592,4.42,3.77
3593,4.41,3.77
3595,4.41,3.77
3596,4.41,3.78
3597,4.40,3.78
3598,4.40,3.78
3599,4.40,3.78
3600,4.40,3.78
3601,4.40,3.78
3602,4.40,3.78
3604,4.40,3.78
3605,4.40,3.78
3606,4.40,3.78
3607,4.41,3.78
3608,4.42,3.78
3609,4.43,3.78
3610,4.44,3.78
3611,4.44,3.77
3613,4.44,3.77
3614,4.43,3.76
3615,4.43,3.76
3616,4.41,3.75
3617,4.40,3.75
3618,4.39,3.76
3619,4.39,3.77
3620,4.38,3.79
3622,4.38,3.79
3623,4.37,3.80
3624,4.37,3.81
3625,4.37,3.81
3627,4.36,3.81
3628,4.36,3.81
3629,4.37,3.81
3630,4.37,3.81
3632,4.36,3.81
3633,4.36,3.80
3634,4.36,3.80
3635,4.36,3.79
3636,4.36,3.79
3637,4.36,3.79
3638,4.36,3.78
3639,4.36,3.78
3641,4.36,3.78
3642,4.36,3.79
3643,4.37,3.79
3644,4.37,3.79
3645,4.37,3.79
3646,4.38,3.79
3647,4.38,3.79
3648,4.38,3.79
3650,4.39,3.79
3651,4.40,3.80
3652,4.40,3.80
3653,4.41,3.80
3654,4.41,3.80
3655,4.41,3.80
3656,4.41,3.79
3657,4.41,3.79
3659,4.41,3.79
3660,4.40,3.79
3661,4.40,3.79
3662,4.39,3.79
3663,4.39,3.79
3664,4.39,3.80
3665,4.39,3.80
3666,4.40,3.80
3668,4.40,3.80
3670,4.40,3.79
3671,4.40,3.79
3672,4.41,3.79
3673,4.41,3.78
3674,4.41,3.78
3675,4.40,3.77
3676,4.40,3.77
3678,4.39,3.77
3679,4.38,3.77
3680,4.38,3.79
3681,4.38,3.80
3682,4.38,3.80
3683,4.38,3.81
3684,4.38,3.82
3685,4.38,3.82
3687,4.38,3.82
3688,4.38,3.81
3689,4.38,3.81
3690,4.38,3.80
3691,4.38,3.80
3692,4.38,3.79
3693,4.38,3.79
3694,4.37,3.79
3696,4.37,3.79
3697,4.37,3.80
3698,4.36,3.80
3699,4.36,3.81
3700,4.36,3.81
3701,4.36,3.82
3702,4.36,3.82
3703,4.36,3.82
3705,4.36,3.82
3706,4.36,3.81
3707,4.36,3.81
3708,4.37,3.80
3709,4.38,3.80
3710,4.39,3.81
3712,4.40,3.81
3713,4.41,3.81
3715,4.41,3.80
3716,4.42,3.80
3717,4.42,3.80
3718,4.41,3.79
3719,4.40,3.79
3720,4.39,3.78
3721,4.39,3.78
3722,4.38,3.78
3724,4.38,3.79
3725,4.38,3.79
3726,4.38,3.80
3727,4.38,3.80
3728,4.38,3.80
3729,4.38,3.79
3730,4.39,3.79
3731,4.39,3.79
3733,4.39,3.78
3734,4.39,3.78
3735,4.39,3.78
3736,4.38,3.78
3737,4.38,3.78
3738,4.37,3.79
3739,4.37,3.79
3740,4.37,3.80
3742,4.37,3.80
3743,4.37,3.81
3744,4.37,3.81
3745,4.38,3.81
3746,4.38,3.81
3747,4.38,3.80
3748,4.39,3.80
3749,4.39,3.80
3751,4.40,3.79
3752,4.41,3.79
3753,4.41,3.79
3755,4.41,3.78
3756,4.41,3.78
3757,4.40,3.77
3758,4.39,3.77
3759,4.38,3.77
3761,4.38,3.77
3762,4.37,3.77
3763,4.36,3.77
3764,4.37,3.77
3765,4.37,3.78
3766,4.37,3.78
3767,4.38,3.78
3768,4.38,3.78
3770,4.39,3.78
3771,4.39,3.78
3772,4.39,3.77
3773,4.39,3.77
3774,4.39,3.77
3775,4.39,3.77
3776,4.39,3.77
3777,4.39,3.77
3779,4.39,3.77
3780,4.40,3.77
3781,4.41,3.77
3782,4.41,3.77
3783,4.41,3.77
3784,4.41,3.77
3785,4.40,3.76
3786,4.39,3.75
3788,4.38,3.75
3789,4.38,3.75
3790,4.37,3.75
3791,4.36,3.76
3792,4.36,3.77
3793,4.35,3.77
3794,4.35,3.78
3795,4.35,3.78
3798,4.35,3.78
3799,4.35,3.78
3800,4.35,3.78
3801,4.35,3.77
3802,4.35,3.77
3803,4.36,3.77
3804,4.36,3.77
3805,4.37,3.77
3807,4.37,3.77
3808,4.37,3.77
3809,4.37,3.77
3810,4.37,3.77
3811,4.37,3.77
3812,4.37,3.77
3813,4.37,3.78
3814,4.36,3.77
3816,4.36,3.78
3817,4.36,3.78
3818,4.36,3.78
3819,4.36,3.79
3820,4.36,3.79
3821,4.36,3.79
3822,4.36,3.79
3823,4.37,3.79
3825,4.38,3.79
3826,4.38,3.79
3827,4.39,3.79
3828,4.40,3.79
3829,4.40,3.78
3830,4.41,3.78
3831,4.41,3.77
3832,4.40,3.77
3834,4.40,3.76
3835,4.40,3.76
3836,4.39,3.76
3837,4.39,3.76
3838,4.39,3.76
3840,4.39,3.77
3841,4.38,3.77
3842,4.38,3.77
3844,4.38,3.78
3845,4.38,3.78
3846,4.37,3.78
3847,4.37,3.78
3848,4.36,3.77
3849,4.36,3.77
3850,4.36,3.77
3851,4.36,3.77
3853,4.36,3.77
3854,4.36,3.77
3855,4.36,3.77
3856,4.36,3.77
3857,4.36,3.77
3858,4.36,3.78
3859,4.36,3.77
3860,4.36,3.77
3862,4.37,3.77
3863,4.37,3.77
3864,4.38,3.77
3865,4.39,3.77
3866,4.40,3.77
3867,4.39,3.77
3868,4.39,3.77
3869,4.39,3.76
3871,4.38,3.76
3872,4.38,3.76
3873,4.38,3.76
3874,4.38,3.76
3875,4.38,3.76
3876,4.38,3.76
3877,4.38,3.76
3878,4.38,3.76
3880,4.39,3.76
3881,4.39,3.76
3883,4.39,3.76
3884,4.39,3.75
3885,4.39,3.75
3886,4.39,3.74
3887,4.38,3.74
3888,4.36,3.74
3890,4.36,3.75
3891,4.35,3.75
3892,4.35,3.76
3893,4.35,3.77
3894,4.35,3.78
3895,4.35,3.78
3896,4.35,3.79
3897,4.37,3.79
3899,4.38,3.79
3900,4.39,3.79
3901,4.41,3.79
3902,4.42,3.79
3903,4.42,3.78
3904,4.42,3.77
3905,4.41,3.76
3906,4.39,3.75
3908,4.38,3.74
3909,4.37,3.74
3910,4.36,3.75
3911,4.36,3.76
3912,4.36,3.77
3913,4.36,3.78
3914,4.35,3.78
3915,4.35,3.78
3917,4.35,3.78
3918,4.35,3.77
3919,4.35,3.77
3920,4.35,3.77
3921,4.35,3.77
3922,4.36,3.78
3923,4.37,3.78
3924,4.37,3.78
3927,4.38,3.78
3928,4.39,3.78
3929,4.40,3.78
3930,4.40,3.78
3931,4.41,3.78
3932,4.40,3.77
3933,4.40,3.77
3934,4.39,3.77
3936,4.38,3.76
3937,4.37,3.77
3938,4.37,3.77
3939,4.36,3.78
3940,4.35,3.78
3941,4.35,3.79
3942,4.35,3.80
3943,4.35,3.80
3945,4.35,3.80
3946,4.35,3.80
3947,4.35,3.80
3948,4.35,3.80
3949,4.35,3.80
3950,4.34,3.79
3951,4.34,3.79
3952,4.35,3.79
3954,4.35,3.78
3955,4.35,3.78
3956,4.35,3.78
3957,4.35,3.78
3958,4.35,3.78
3959,4.35,3.78
3960,4.34,3.78
3961,4.34,3.78
3963,4.34,3.79
3964,4.35,3.79
3965,4.35,3.79
3966,4.36,3.80
3968,4.37,3.80
3969,4.38,3.80
3970,4.38,3.80
3971,4.39,3.80
3973,4.39,3.80
3974,4.39,3.80
3975,4.39,3.80
3976,4.38,3.79
3977,4.37,3.80
3978,4.37,3.80
3979,4.37,3.81
3980,4.36,3.81
3982,4.35,3.82
3983,4.35,3.82
3984,4.35,3.82
3985,4.35,3.82
3986,4.35,3.82
3987,4.35,3.81
3988,4.36,3.81
3990,4.36,3.81
3991,4.37,3.81
3992,4.38,3.80
3993,4.38,3.80
3994,4.38,3.80
3995,4.38,3.79
3996,4.37,3.79
3997,4.36,3.79
3999,4.36,3.80
4000,4.36,3.80
4001,4.37,3.81
4002,4.37,3.81
4003,4.38,3.81
4004,4.38,3.81
4005,4.38,3.81
4006,4.38,3.80
4008,4.38,3.80
4009,4.37,3.81
4011,4.37,3.81
4012,4.37,3.81
4013,4.37,3.82
4014,4.36,3.83
4015,4.36,3.83
4016,4.36,3.83
4018,4.35,3.83
4019,4.35,3.83
4020,4.35,3.83
4021,4.34,3.82
4022,4.34,3.82
4023,4.34,3.81
4024,4.34,3.81
4025,4.34,3.81
4027,4.34,3.81
4028,4.35,3.81
4029,4.35,3.81
4030,4.35,3.82
4031,4.35,3.82
4032,4.35,3.81
4033,4.35,3.82
4034,4.35,3.82
4036,4.35,3.82
4037,4.36,3.82
4038,4.37,3.82
4039,4.39,3.83
4040,4.39,3.82
4041,4.40,3.82
4042,4.40,3.82
4044,4.39,3.82
4045,4.38,3.81
4046,4.37,3.81
4047,4.37,3.81
4048,4.36,3.81
4049,4.36,3.81
4050,4.36,3.82
4051,4.36,3.82
4054,4.36,3.81
4055,4.36,3.81
4056,4.36,3.81
4057,4.35,3.81
4058,4.35,3.80
4059,4.35,3.81
4060,4.35,3.81
4061,4.35,3.82
4063,4.35,3.83
4064,4.35,3.83
4065,4.35,3.83
4066,4.35,3.83
4067,4.35,3.83
4068,4.35,3.83
4069,4.35,3.82
4070,4.35,3.82
4072,4.36,3.82
4073,4.35,3.82
4074,4.35,3.82
4075,4.35,3.82
4076,4.35,3.82
4077,4.35,3.82
4078,4.34,3.81
4080,4.34,3.81
4081,4.34,3.82
4082,4.34,3.82
4083,4.34,3.83
4084,4.34,3.83
4085,4.34,3.84
4086,4.34,3.84
4087,4.34,3.85
4089,4.33,3.85
4090,4.34,3.85
4091,4.34,3.85
4092,4.34,3.85
4093,4.35,3.85
4094,4.35,3.84
4096,4.35,3.84
4098,4.35,3.83
4099,4.35,3.83
4100,4.35,3.83
4101,4.35,3.83
4102,4.34,3.83
4103,4.34,3.83
4104,4.34,3.84
4105,4.34,3.84
4107,4.35,3.85
4108,4.34,3.84
4109,4.34,3.84
4110,4.34,3.84
4111,4.34,3.84
4112,4.35,3.84
4113,4.35,3.84
4114,4.35,3.84
4116,4.35,3.84
4117,4.35,3.84
4118,4.34,3.84
4119,4.34,3.84
4120,4.34,3.85
4121,4.34,3.85
4122,4.33,3.85
4124,4.33,3.85
4125,4.33,3.85
4126,4.33,3.85
4127,4.34,3.86
4128,4.35,3.86
4129,4.35,3.86
4130,4.37,3.86
4131,4.37,3.87
4133,4.38,3.86
4134,4.38,3.86
4135,4.37,3.85
4136,4.37,3.85
4137,4.36,3.84
4139,4.35,3.83
4140,4.34,3.84
4141,4.34,3.84
4143,4.33,3.85
4144,4.33,3.85
4145,4.33,3.85
4146,4.33,3.85
4147,4.33,3.85
4148,4.32,3.86
4149,4.32,3.85
4151,4.32,3.85
4152,4.32,3.85
4153,4.32,3.85
4154,4.33,3.85
4155,4.33,3.85
4156,4.33,3.85
4157,4.34,3.85
4158,4.35,3.85
4160,4.35,3.85
4161,4.35,3.85
4162,4.36,3.85
4163,4.37,3.85
4164,4.37,3.85
4165,4.36,3.85
4166,4.36,3.85
4167,4.35,3.85
4169,4.35,3.84
4170,4.35,3.85
4171,4.35,3.85
4172,4.35,3.85
4173,4.35,3.85
4174,4.35,3.86
4175,4.36,3.86
4177,4.37,3.86
4178,4.38,3.87
4179,4.39,3.86
4180,4.39,3.86
4182,4.38,3.86
4183,4.38,3.85
4184,4.37,3.84
4185,4.36,3.84
4187,4.35,3.84
4188,4.35,3.84
4189,4.35,3.84
4190,4.34,3.85
4191,4.34,3.85
4192,4.34,3.85
4193,4.34,3.85
4194,4.34,3.85
4196,4.35,3.85
4197,4.35,3.85
4198,4.35,3.85
4199,4.35,3.85
4200,4.35,3.85
4201,4.35,3.85
4202,4.35,3.84
4203,4.35,3.84
4205,4.35,3.84
4206,4.35,3.84
4207,4.35,3.84
4208,4.34,3.84
4209,4.34,3.84
4210,4.34,3.84
4211,4.34,3.84
4213,4.34,3.85
4214,4.34,3.85
4215,4.34,3.85
4216,4.34,3.85
4217,4.34,3.85
4218,4.34,3.85
4219,4.34,3.86
4220,4.34,3.86
4222,4.34,3.86
4224,4.34,3.86
4225,4.34,3.85
4226,4.34,3.85
4227,4.34,3.85
4228,4.34,3.85
4229,4.35,3.85
4231,4.35,3.85
4232,4.36,3.85
4233,4.36,3.85
4234,4.36,3.85
4235,4.36,3.85
4236,4.35,3.84
4237,4.35,3.84
4238,4.35,3.84
4240,4.34,3.85
4241,4.34,3.85
4242,4.35,3.85
4243,4.35,3.86
4244,4.35,3.86
4245,4.35,3.85
4246,4.35,3.85
4247,4.35,3.85
4249,4.36,3.85
4250,4.36,3.85
4251,4.37,3.85
4252,4.37,3.85
4253,4.36,3.85
4254,4.36,3.85
4255,4.36,3.85
4256,4.36,3.86
4258,4.36,3.86
4259,4.36,3.86
4260,4.36,3.86
4261,4.36,3.86
4262,4.36,3.86
4263,4.36,3.86
4264,4.36,3.86
4267,4.35,3.86
4268,4.35,3.86
4269,4.35,3.86
4270,4.35,3.86
4271,4.35,3.86
4272,4.35,3.86
4273,4.35,3.86
4274,4.35,3.86
4276,4.35,3.86
4277,4.35,3.86
4278,4.34,3.87
4279,4.34,3.87
4280,4.35,3.87
4281,4.35,3.87
4282,4.35,3.86
4284,4.35,3.86
4285,4.36,3.86
4286,4.36,3.86
4287,4.37,3.86
4288,4.37,3.86
4289,4.36,3.85
4290,4.36,3.85
4291,4.35,3.85
4293,4.35,3.86
4294,4.35,3.86
4295,4.35,3.87
4296,4.35,3.87
4297,4.35,3.88
4298,4.35,3.88
4299,4.35,3.88
4300,4.35,3.89
4302,4.35,3.89
4303,4.35,3.89
4304,4.35,3.89
4305,4.35,3.90
4306,4.35,3.90
4307,4.35,3.90
4308,4.34,3.91
4311,4.34,3.91
4312,4.34,3.92
4313,4.34,3.92
4314,4.34,3.92
4315,4.34,3.92
4316,4.34,3.93
4317,4.34,3.93
4318,4.34,3.93
4320,4.34,3.93
4321,4.34,3.94
4322,4.35,3.94
4323,4.35,3.94
4324,4.35,3.94
4325,4.35,3.95
4326,4.36,3.95
4327,4.36,3.96
4329,4.37,3.96
4330,4.37,3.97
4331,4.38,3.97
4332,4.38,3.98
4333,4.39,3.98
4334,4.39,3.98
4335,4.38,3.98
4336,4.38,3.98
4338,4.38,3.99
4339,4.37,4.00
4340,4.37,4.01
4341,4.36,4.02
4342,4.36,4.03
4343,4.36,4.04
4344,4.36,4.05
4345,4.35,4.06
4347,4.35,4.07
4348,4.35,4.08
4349,4.36,4.09
4350,4.36,4.10
4352,4.36,4.11
4353,4.36,4.13
4354,4.36,4.14
4355,4.36,4.16
4357,4.36,4.19
4358,4.36,4.22
4359,4.36,4.26
4360,4.36,4.29
4361,4.37,4.32
4362,4.37,4.34
4363,4.37,4.37
4365,4.38,4.39
4366,4.38,4.42
4367,4.38,4.44
4368,4.39,4.46
4369,4.40,4.49
4370,4.41,4.51
4371,4.42,4.53
4372,4.43,4.54
4374,4.44,4.56
4375,4.45,4.58
4376,4.45,4.59
4377,4.45,4.61
4378,4.45,4.62
4379,4.45,4.64
4380,4.45,4.65
4381,4.44,4.66
4383,4.44,4.67
4384,4.44,4.69
4385,4.43,4.70
4386,4.43,4.71
4387,4.43,4.72
4388,4.43,4.73
4389,4.43,4.74
4390,4.43,4.75
4392,4.43,4.76
4393,4.43,4.76
4395,4.43,4.77
4396,4.42,4.78
4397,4.42,4.78
4398,4.42,4.79
4399,4.42,4.79
4401,4.42,4.80
4402,4.42,4.81
4403,4.42,4.81
4404,4.42,4.82
4405,4.42,4.82
4406,4.42,4.83
4407,4.42,4.83
4408,4.42,4.84
4410,4.41,4.84
4411,4.41,4.85
4412,4.40,4.85
4413,4.40,4.85
4414,4.40,4.86
4415,4.40,4.86
4416,4.41,4.86
4417,4.40,4.86
4418,4.40,4.87
4420,4.40,4.87
4421,4.40,4.88
4422,4.39,4.88
4423,4.39,4.88
4424,4.39,4.88
4425,4.38,4.88
4426,4.38,4.89
4427,4.37,4.89
4429,4.37,4.89
4430,4.37,4.89
4431,4.37,4.89
4432,4.37,4.89
4433,4.37,4.89
4434,4.37,4.90
4435,4.37,4.90
4436,4.37,4.90
4439,4.37,4.91
4440,4.36,4.91
4441,4.35,4.91
4442,4.35,4.92
4443,4.34,4.92
4444,4.34,4.92
4445,4.33,4.92
4447,4.33,4.92
4448,4.33,4.92
4449,4.32,4.92
4450,4.32,4.92
4451,4.32,4.92
4452,4.32,4.92
4453,4.32,4.92
4454,4.32,4.92
4456,4.32,4.92
4457,4.32,4.92
4458,4.32,4.92
4459,4.32,4.93
4460,4.33,4.93
4461,4.33,4.93
4462,4.33,4.93
4463,4.33,4.93
4465,4.33,4.93
4466,4.34,4.93
4467,4.34,4.93
4468,4.35,4.93
4469,4.35,4.93
4470,4.35,4.93
4471,4.35,4.94
4473,4.35,4.94
4474,4.35,4.94
4475,4.35,4.94
4476,4.35,4.94
4477,4.35,4.94
4478,4.35,4.95
4480,4.35,4.95
4481,4.35,4.95
4483,4.35,4.95
4484,4.34,4.95
4485,4.34,4.95
4486,4.33,4.95
4487,4.33,4.95
4488,4.33,4.95
4489,4.33,4.95
4490,4.33,4.95
4492,4.34,4.95
4493,4.34,4.95
4494,4.34,4.95
4495,4.34,4.95
4496,4.34,4.95
4497,4.34,4.95
4498,4.34,4.95
4499,4.34,4.95
4501,4.34,4.95
4502,4.35,4.95
4503,4.35,4.95
4504,4.35,4.95
4505,4.35,4.95
4506,4.35,4.95
4507,4.35,4.95
4509,4.35,4.95
4510,4.35,4.95
4511,4.35,4.95
4512,4.35,4.96
4513,4.35,4.96
4514,4.35,4.96
4515,4.35,4.96
4516,4.35,4.96
4518,4.35,4.96
4519,4.35,4.96
4520,4.35,4.96
4521,4.35,4.96
4523,4.34,4.96
4524,4.34,4.96
4525,4.34,4.96
4526,4.34,4.96
4528,4.34,4.96
4529,4.34,4.96
4530,4.34,4.96
4531,4.34,4.96
4532,4.34,4.96
4533,4.34,4.96
4534,4.34,4.96
4535,4.35,4.96
4537,4.35,4.96
4538,4.35,4.96
4539,4.35,4.96
4540,4.35,4.96
4541,4.35,4.96
4542,4.35,4.96
4543,4.35,4.96
4545,4.36,4.97
4546,4.37,4.97
4547,4.38,4.97
4548,4.38,4.97
4549,4.38,4.97
4550,4.38,4.96
4551,4.38,4.96
4552,4.37,4.96
4554,4.37,4.96
4555,4.36,4.97
4556,4.36,4.97
4557,4.36,4.97
4558,4.35,4.97
4559,4.35,4.97
4560,4.35,4.97
4562,4.35,4.97
4563,4.34,4.97
4564,4.34,4.97
4566,4.34,4.96
4567,4.34,4.96
4568,4.35,4.96
4569,4.35,4.96
4570,4.35,4.96
4572,4.36,4.96
4573,4.36,4.96
4574,4.36,4.96
4575,4.36,4.96
4576,4.36,4.96
4577,4.35,4.96
4578,4.35,4.97
4579,4.35,4.96
4581,4.35,4.97
4582,4.35,4.97
4583,4.35,4.97
4584,4.35,4.97
4585,4.35,4.96
4586,4.35,4.96
4587,4.35,4.96
4589,4.35,4.96
4590,4.35,4.96
4591,4.36,4.96
4592,4.36,4.96
4593,4.36,4.96
4594,4.35,4.96
4595,4.35,4.97
4596,4.35,4.97
4598,4.35,4.97
4599,4.35,4.97
4600,4.35,4.97
4601,4.35,4.97
4602,4.35,4.97
4603,4.35,4.96
4604,4.35,4.96
4605,4.35,4.97
4608,4.36,4.97
4609,4.37,4.97
4610,4.37,4.97
4611,4.37,4.97
4612,4.36,4.96
4613,4.36,4.96
4614,4.36,4.97
4616,4.36,4.97
4617,4.35,4.97
4618,4.35,4.97
4619,4.35,4.97
4620,4.35,4.97
4621,4.35,4.97
4622,4.35,4.97
4623,4.35,4.96
4625,4.35,4.96
4626,4.36,4.97
4627,4.37,4.97
4628,4.37,4.97
4629,4.37,4.97
4630,4.37,4.96
4631,4.36,4.96
4633,4.36,4.97
4634,4.36,4.97
4635,4.35,4.97
4636,4.35,4.97
4637,4.35,4.97
4638,4.35,4.97
4639,4.34,4.97
4640,4.34,4.97
4642,4.34,4.97
4643,4.34,4.97
4644,4.33,4.97
4645,4.33,4.97
4646,4.33,4.97
4647,4.34,4.96
4648,4.34,4.96
4651,4.34,4.96
4652,4.34,4.96
4653,4.34,4.96
4654,4.34,4.97
4655,4.34,4.97
4656,4.34,4.97
4657,4.34,4.97
4658,4.34,4.97
4660,4.34,4.96
4661,4.34,4.96
4662,4.35,4.97
4663,4.35,4.97
4664,4.35,4.97
4665,4.36,4.97
4666,4.36,4.97
4667,4.36,4.97
4669,4.36,4.97
4670,4.36,4.97
4671,4.36,4.97
4672,4.36,4.97
4673,4.36,4.96
4674,4.36,4.96
4675,4.35,4.97
4677,4.35,4.97
4678,4.35,4.97
4679,4.35,4.97
4680,4.35,4.97
4681,4.35,4.97
4682,4.35,4.97
4683,4.35,4.97
4684,4.35,4.97
4686,4.34,4.97
4687,4.34,4.97
4688,4.34,4.96
4689,4.35,4.97
4690,4.35,4.96
4691,4.35,4.97
4692,4.35,4.97
4695,4.36,4.97
4696,4.36,4.97
4697,4.36,4.96
4698,4.35,4.97
4699,4.35,4.97
4700,4.36,4.97
4701,4.36,4.97
4702,4.36,4.97
4704,4.36,4.97
4705,4.36,4.97
4706,4.36,4.97
4707,4.36,4.97
4708,4.37,4.97
4709,4.37,4.97
4710,4.38,4.97
4712,4.38,4.97
4713,4.37,4.97
4714,4.37,4.97
4715,4.37,4.97
4716,4.36,4.97
4717,4.36,4.97
4718,4.35,4.97
4720,4.35,4.97
4721,4.35,4.97
4722,4.35,4.97
4723,4.35,4.97
4724,4.35,4.97
4725,4.34,4.97
4726,4.34,4.97
4727,4.34,4.97
4729,4.33,4.97
4730,4.33,4.97
4731,4.33,4.96
4732,4.34,4.96
4733,4.34,4.96
4734,4.35,4.97
4736,4.36,4.97
4737,4.37,4.97
4739,4.37,4.97
4740,4.37,4.97
4741,4.37,4.97
4742,4.37,4.97
4743,4.36,4.96
4744,4.36,4.96
4745,4.35,4.96
4747,4.35,4.97
4748,4.35,4.97
4749,4.35,4.97
4750,4.34,4.97
4751,4.34,4.97
4752,4.34,4.97
4753,4.34,4.97
4754,4.35,4.97
4756,4.35,4.97
4757,4.34,4.97
4758,4.34,4.97
4759,4.34,4.97
4760,4.33,4.97
4761,4.33,4.97
4762,4.32,4.97
4764,4.32,4.97
4765,4.32,4.97
4766,4.32,4.97
4767,4.32,4.96
4768,4.33,4.96
4769,4.33,4.96
4770,4.34,4.97
4772,4.34,4.97
4773,4.35,4.97
4774,4.35,4.97
4775,4.35,4.96
4776,4.35,4.97
4777,4.34,4.96
4779,4.34,4.96
4780,4.34,4.97
4782,4.34,4.97
4783,4.34,4.97
4784,4.33,4.97
4785,4.33,4.97
4786,4.33,4.97
4787,4.33,4.97
4788,4.34,4.97
4790,4.33,4.97
4791,4.34,4.97
4792,4.34,4.97
4793,4.33,4.97
4794,4.33,4.97
4795,4.33,4.97
4796,4.33,4.97
4798,4.33,4.97
4799,4.33,4.97
4800,4.33,4.96
4801,4.34,4.97
4802,4.35,4.97
4803,4.36,4.97
4804,4.37,4.97
4805,4.37,4.97
4807,4.38,4.97
4808,4.37,4.97
4809,4.37,4.97
4810,4.36,4.96
4811,4.36,4.96
4812,4.35,4.97
4813,4.35,4.97
4814,4.35,4.97
4816,4.35,4.97
4817,4.35,4.97
4818,4.34,4.97
4819,4.34,4.97
4820,4.34,4.97
4822,4.34,4.97
4823,4.34,4.97
4825,4.34,4.97
4826,4.34,4.96
4827,4.34,4.97
4828,4.35,4.96
4829,4.35,4.96
4830,4.35,4.97
4831,4.35,4.96
4832,4.35,4.97
4834,4.35,4.97
4835,4.35,4.97
4836,4.34,4.97
4837,4.34,4.97
4838,4.34,4.97
4839,4.34,4.97
4840,4.34,4.96
4842,4.35,4.97
4843,4.36,4.97
4844,4.38,4.97
4845,4.39,4.97
4846,4.39,4.97
4847,4.39,4.97
4848,4.38,4.97
4849,4.37,4.96
4851,4.36,4.96
4852,4.36,4.97
4853,4.35,4.97
4854,4.35,4.97
4855,4.34,4.97
4856,4.34,4.97
4857,4.34,4.97
4858,4.33,4.97
4860,4.33,4.97
4861,4.34,4.97
4862,4.34,4.97
4864,4.34,4.97
4865,4.34,4.96
4866,4.34,4.97
4867,4.34,4.97
4869,4.34,4.96
4870,4.34,4.96
4871,4.34,4.97
4872,4.35,4.97
4873,4.36,4.97
4874,4.37,4.97
4875,4.37,4.97
4876,4.37,4.97
4878,4.36,4.96
4879,4.35,4.96
4880,4.35,4.97
4881,4.34,4.97
4882,4.34,4.97
4883,4.34,4.97
4884,4.33,4.97
4885,4.33,4.97
4887,4.33,4.97
4888,4.33,4.97
4889,4.33,4.97
4890,4.33,4.96
4891,4.33,4.96
4892,4.33,4.96
4893,4.34,4.97
4895,4.35,4.97
4896,4.36,4.97
4897,4.37,4.97
4898,4.38,4.97
4899,4.38,4.97
4900,4.37,4.97
4901,4.36,4.97
4902,4.35,4.96
4904,4.35,4.96
4905,4.35,4.96
4907,4.35,4.97
4908,4.35,4.97
4909,4.35,4.97
4910,4.35,4.97
4911,4.35,4.97
4912,4.35,4.97
4914,4.34,4.97
4915,4.35,4.97
4916,4.35,4.97
4917,4.35,4.96
4918,4.35,4.97
4919,4.35,4.97
4920,4.35,4.96
4922,4.35,4.97
4923,4.35,4.97
4924,4.35,4.97
4925,4.35,4.97
4926,4.35,4.96
4927,4.35,4.97
4928,4.35,4.97
4929,4.36,4.97
4931,4.35,4.97
4932,4.35,4.97
4933,4.35,4.97
4934,4.35,4.97
4935,4.35,4.97
4936,4.35,4.97
4937,4.35,4.97
4939,4.35,4.97
4940,4.35,4.97
4941,4.34,4.97
4942,4.34,4.97
4943,4.34,4.97
4944,4.33,4.97
4945,4.33,4.97
4946,4.33,4.97
4948,4.33,4.97
4950,4.34,4.96
4951,4.34,4.96
4952,4.34,4.97
4953,4.34,4.97
4954,4.35,4.97
4955,4.35,4.97
4957,4.34,4.97
4958,4.34,4.97
4959,4.35,4.97
4960,4.35,4.97
4961,4.35,4.97
4962,4.35,4.97
4963,4.35,4.97
4964,4.35,4.97
4966,4.35,4.97
4967,4.36,4.97
4968,4.36,4.97
4969,4.36,4.97
4970,4.36,4.97
4971,4.36,4.97
4972,4.37,4.97
4974,4.37,4.97
4975,4.37,4.97
4976,4.38,4.97
4977,4.38,4.97
4978,4.37,4.97
4979,4.37,4.97
4980,4.37,4.97
4981,4.36,4.97
4983,4.36,4.97
4984,4.36,4.97
4985,4.36,4.97
4986,4.36,4.97
4987,4.36,4.97
4988,4.36,4.96
4989,4.36,4.97
4992,4.37,4.97
4993,4.37,4.97
4994,4.37,4.97
4995,4.37,4.97
4996,4.37,4.97
4997,4.36,4.97
4998,4.36,4.97
4999,4.36,4.97
5001,4.36,4.97
5002,4.36,4.97
5003,4.36,4.97
5004,4.36,4.97
5005,4.35,4.97
5006,4.35,4.97
5007,4.35,4.97
5009,4.35,4.97
5010,4.36,4.96
5011,4.36,4.96
5012,4.36,4.97
5013,4.36,4.97
5014,4.35,4.97
5015,4.35,4.97
5016,4.35,4.97
5018,4.35,4.97
5019,4.34,4.97
5020,4.34,4.97
5021,4.34,4.97
5022,4.34,4.97
5023,4.34,4.97
5024,4.34,4.97
5025,4.34,4.97
5027,4.34,4.97
5028,4.34,4.97
5029,4.34,4.96
5030,4.34,4.96
5031,4.35,4.96
5032,4.35,4.97
5033,4.35,4.97
5036,4.35,4.97
5037,4.35,4.97
5038,4.35,4.97
5039,4.36,4.97
5040,4.37,4.97
5041,4.37,4.97
5042,4.38,4.97
5043,4.38,4.97
5045,4.38,4.97
5046,4.37,4.97
5047,4.36,4.96
5048,4.36,4.97
5049,4.35,4.97
5050,4.35,4.97
5051,4.35,4.97
5053,4.35,4.97
5054,4.35,4.97
5055,4.35,4.97
5056,4.35,4.97
5057,4.35,4.96
5058,4.35,4.96
5059,4.35,4.96
5060,4.35,4.96
5062,4.35,4.97
5063,4.35,4.97
5064,4.36,4.97
5065,4.36,4.97
5066,4.36,4.97
5067,4.37,4.97
5068,4.37,4.97
5070,4.37,4.97
5071,4.37,4.97
5072,4.37,4.97
5073,4.37,4.97
5074,4.37,4.97
5075,4.37,4.97
5076,4.37,4.97
5078,4.37,4.96
5080,4.37,4.97
5081,4.36,4.97
5082,4.36,4.97
5083,4.36,4.97
5084,4.35,4.97
5085,4.35,4.97
5086,4.35,4.97
5088,4.35,4.97
5089,4.35,4.97
5090,4.36,4.96
5091,4.36,4.97
5092,4.36,4.97
5093,4.36,4.97
5094,4.36,4.97
5095,4.36,4.97
5097,4.36,4.97
5098,4.36,4.97
5099,4.37,4.97
5100,4.36,4.97
5101,4.36,4.97
5102,4.36,4.97
5103,4.36,4.97
5105,4.36,4.97
5106,4.36,4.97
5107,4.36,4.97
5108,4.35,4.97
5109,4.35,4.97
5110,4.35,4.97
5111,4.35,4.97
5112,4.35,4.97
5114,4.35,4.97
5115,4.34,4.97
5116,4.35,4.97
5117,4.35,4.97
5118,4.35,4.96
5120,4.35,4.97
5121,4.36,4.97
5123,4.36,4.97
5124,4.36,4.97
5125,4.36,4.97
5126,4.36,4.96
5127,4.35,4.97
5128,4.35,4.97
5129,4.35,4.97
5130,4.35,4.97
5132,4.35,4.97
5133,4.35,4.97
5134,4.35,4.97
5135,4.35,4.97
5136,4.36,4.97
5137,4.36,4.97
5138,4.36,4.97
5140,4.35,4.97
5141,4.35,4.97
5142,4.35,4.97
5143,4.35,4.97
5144,4.35,4.97
5145,4.35,4.97
5146,4.35,4.97
5148,4.35,4.97
5149,4.35,4.97
5150,4.35,4.97
5151,4.36,4.97
5152,4.36,4.97
5153,4.36,4.97
5154,4.36,4.97
5155,4.36,4.97
5157,4.36,4.96
5158,4.35,4.97
5159,4.35,4.97
5160,4.35,4.97
5161,4.35,4.97
5163,4.35,4.97
5164,4.35,4.97
5166,4.35,4.96
5167,4.35,4.97
5168,4.36,4.97
5169,4.36,4.97
5170,4.36,4.97
5171,4.37,4.97
5172,4.37,4.97
5173,4.36,4.97
5175,4.36,4.97
5176,4.36,4.97
5177,4.36,4.97
5178,4.36,4.97
5179,4.36,4.97
5180,4.36,4.97
5181,4.36,4.97
5183,4.36,4.97
5184,4.36,4.97
5185,4.36,4.97
5186,4.36,4.97
5187,4.36,4.97
5188,4.36,4.97
5189,4.37,4.97
5190,4.37,4.97
5192,4.37,4.97
5193,4.38,4.97
5194,4.37,4.97
5195,4.37,4.97
5196,4.37,4.97
5197,4.37,4.97
5198,4.37,4.97
5200,4.36,4.97
5201,4.36,4.97
5202,4.36,4.97
5203,4.36,4.97
5204,4.36,4.97
5206,4.36,4.97
5207,4.36,4.97
5208,4.36,4.97
5210,4.36,4.97
5211,4.36,4.96
5212,4.36,4.97
5213,4.37,4.97
5214,4.37,4.97
5215,4.37,4.97
5216,4.37,4.97
5217,4.37,4.97
5219,4.37,4.97
5220,4.37,4.97
5221,4.37,4.97
5222,4.37,4.97
5223,4.37,4.97
5224,4.36,4.97
5225,4.37,4.97
5227,4.36,4.97
5228,4.36,4.97
5229,4.36,4.97
5230,4.37,4.97
5231,4.37,4.97
5232,4.38,4.97
5233,4.38,4.97
5234,4.38,4.97
5236,4.37,4.97
5237,4.37,4.97
5238,4.37,4.97
5239,4.37,4.97
5240,4.37,4.97
5241,4.37,4.97
5242,4.37,4.97
5244,4.37,4.97
5245,4.37,4.97
5246,4.37,4.97
5248,4.37,4.97
5249,4.37,4.97
5250,4.37,4.97
5251,4.36,4.97
5252,4.36,4.97
5254,4.36,4.97
5255,4.36,4.97
5256,4.37,4.97
5257,4.37,4.97
5258,4.37,4.97
5259,4.38,4.97
5260,4.38,4.97
5262,4.38,4.97
5263,4.37,4.97
5264,4.37,4.97
5265,4.37,4.97
5266,4.36,4.97
5267,4.36,4.97
5268,4.36,4.97
5269,4.36,4.97
5271,4.36,4.97
5272,4.36,4.97
5273,4.36,4.97
5274,4.36,4.97
5275,4.36,4.97
5276,4.36,4.97
5277,4.36,4.97
5279,4.36,4.97
5280,4.36,4.96
5281,4.36,4.96
5282,4.36,4.97
5283,4.37,4.97
5284,4.37,4.97
5285,4.37,4.97
5286,4.37,4.97
5288,4.37,4.97
5289,4.37,4.96
5291,4.37,4.97
5292,4.37,4.97
5293,4.36,4.97
5294,4.36,4.97
5295,4.36,4.97
5296,4.36,4.97
5298,4.35,4.97
5299,4.35,4.97
5300,4.35,4.97
5301,4.35,4.97
5302,4.35,4.97
5303,4.35,4.97
5304,4.36,4.97
5306,4.36,4.97
5307,4.37,4.97
5308,4.38,4.97
5309,4.38,4.97
5310,4.39,4.97
5311,4.39,4.97
5312,4.38,4.97
5313,4.38,4.97
5315,4.38,4.97
5316,4.38,4.97
5317,4.38,4.96
5318,4.38,4.96
5319,4.38,4.97
5320,4.38,4.96
5321,4.38,4.97
5322,4.38,4.97
5324,4.38,4.96
5325,4.38,4.97
5326,4.38,4.97
5327,4.38,4.97
5328,4.38,4.97
5329,4.38,4.97
5330,4.38,4.97
5332,4.38,4.97
5334,4.38,4.97
5335,4.38,4.97
5336,4.38,4.97
5337,4.39,4.97
5338,4.39,4.97
5339,4.39,4.97
5340,4.40,4.97
5342,4.40,4.97
5343,4.39,4.97
5344,4.39,4.97
5345,4.39,4.97
5346,4.38,4.97
5347,4.38,4.97
5348,4.38,4.97
5350,4.38,4.97
5351,4.38,4.97
5352,4.38,4.97
5353,4.39,4.97
5354,4.39,4.97
5355,4.40,4.97
5356,4.40,4.97
5357,4.40,4.97
5359,4.39,4.97
5360,4.39,4.97
5361,4.39,4.97
5362,4.39,4.97
5363,4.39,4.97
5364,4.39,4.97
5365,4.39,4.97
5366,4.39,4.97
5368,4.38,4.97
5369,4.38,4.97
5370,4.38,4.97
5371,4.38,4.97
5372,4.38,4.97
5373,4.38,4.97
5374,4.38,4.97
5377,4.38,4.97
5378,4.38,4.97
5379,4.38,4.97
5380,4.38,4.97
5381,4.38,4.97
5382,4.38,4.97
5383,4.38,4.97
5384,4.38,4.97
5386,4.38,4.97
5387,4.38,4.97
5388,4.38,4.97
5389,4.38,4.97
5390,4.38,4.97
5391,4.37,4.97
5392,4.38,4.97
5394,4.38,4.97
5395,4.38,4.97
5396,4.39,4.97
5397,4.39,4.97
5398,4.40,4.97
5399,4.40,4.97
5400,4.39,4.97
5401,4.39,4.97
5403,4.38,4.97
5404,4.38,4.97
5405,4.38,4.97
5406,4.38,4.97
5407,4.38,4.97
5408,4.38,4.97
5409,4.38,4.97
5410,4.38,4.97
5412,4.38,4.97
5413,4.38,4.97
5414,4.39,4.97
5415,4.39,4.97
5416,4.39,4.97
5417,4.39,4.97
5419,4.39,4.97
5420,4.39,4.97
5422,4.39,4.97
5423,4.38,4.97
5424,4.38,4.97
5425,4.38,4.97
5426,4.38,4.97
5427,4.37,4.97
5428,4.37,4.97
5429,4.37,4.97
5431,4.38,4.97
5432,4.38,4.97
5433,4.38,4.97
5434,4.38,4.97
5435,4.38,4.97
5436,4.38,4.97
5437,4.38,4.97
5439,4.38,4.97
5440,4.38,4.97
5441,4.38,4.97
5442,4.37,4.97
5443,4.38,4.97
5444,4.38,4.97
5445,4.38,4.97
5446,4.38,4.97
5448,4.38,4.97
5449,4.38,4.97
5450,4.38,4.97
5451,4.38,4.97
5452,4.38,4.97
5453,4.38,4.97
5454,4.38,4.97
5455,4.37,4.97
5457,4.37,4.97
5458,4.37,4.97
5459,4.37,4.97
5460,4.37,4.97
5462,4.38,4.97
5463,4.38,4.97
5464,4.38,4.97
5466,4.38,4.97
5467,4.38,4.97
5468,4.38,4.97
5469,4.38,4.97
5470,4.38,4.97
5471,4.38,4.97
5472,4.38,4.97
5473,4.38,4.97
5475,4.38,4.97
5476,4.38,4.97
5477,4.38,4.97
5478,4.38,4.97
5479,4.38,4.97
5480,4.37,4.97
5481,4.38,4.97
5482,4.37,4.97
5484,4.38,4.97
5485,4.38,4.97
5486,4.39,4.96
5487,4.40,4.95
5488,4.40,4.94
5489,4.40,4.93
5490,4.41,4.91
5491,4.41,4.90
5493,4.41,4.88
5494,4.41,4.87
5495,4.41,4.85
5496,4.41,4.83
5497,4.41,4.81
5498,4.41,4.79
5499,4.41,4.77
5500,4.40,4.75
5502,4.40,4.72
5504,4.40,4.70
5505,4.40,4.67
5506,4.39,4.65
5507,4.39,4.62
5508,4.39,4.60
5509,4.38,4.58
5510,4.38,4.56
5512,4.38,4.54
5513,4.38,4.52
5514,4.38,4.50
5515,4.38,4.48
5516,4.37,4.46
5517,4.37,4.44
5518,4.37,4.41
5519,4.37,4.39
5521,4.37,4.37
5522,4.37,4.35
5523,4.37,4.33
5524,4.36,4.31
5525,4.36,4.29
5526,4.35,4.27
5527,4.35,4.26
5529,4.35,4.24
5530,4.34,4.22
5531,4.34,4.21
5532,4.34,4.19
5533,4.34,4.18
5534,4.34,4.17
5535,4.34,4.15
5536,4.34,4.14
5538,4.34,4.13
5539,4.34,4.12
5540,4.34,4.11
5541,4.34,4.10
5542,4.34,4.09
5543,4.34,4.07
5544,4.34,4.06
5545,4.34,4.05
5548,4.34,4.04
5549,4.34,4.03
5550,4.34,4.02
5551,4.34,4.01
5552,4.34,4.00
5553,4.34,3.99
5554,4.34,3.98
5555,4.34,3.97
5557,4.34,3.96
5558,4.34,3.96
5559,4.34,3.95
5560,4.34,3.94
5561,4.34,3.93
5562,4.34,3.92
5563,4.34,3.92
5564,4.35,3.91
5566,4.35,3.91
5567,4.35,3.90
5568,4.35,3.89
5569,4.35,3.89
5570,4.35,3.88
5571,4.35,3.88
5572,4.35,3.87
5573,4.36,3.87
5575,4.35,3.86
5576,4.35,3.85
5577,4.35,3.85
5578,4.35,3.84
5579,4.35,3.84
5580,4.35,3.83
5581,4.36,3.83
5583,4.36,3.82
5584,4.36,3.82
5585,4.36,3.82
5586,4.37,3.81
5587,4.37,3.81
5588,4.37,3.80
5590,4.37,3.80
5591,4.37,3.79
5593,4.37,3.79
5594,4.37,3.78
5595,4.37,3.78
5596,4.37,3.78
5597,4.37,3.77
5598,4.37,3.77
5599,4.37,3.77
5600,4.37,3.76
5602,4.37,3.76
5603,4.38,3.76
5604,4.38,3.76
5605,4.38,3.75
5606,4.38,3.75
5607,4.38,3.75
5608,4.38,3.74
5609,4.38,3.74
5611,4.38,3.74
5612,4.38,3.74
5613,4.38,3.74
5614,4.38,3.74
5615,4.38,3.73
5616,4.38,3.73
5617,4.38,3.73
5618,4.38,3.73
5620,4.38,3.73
5621,4.38,3.72
5622,4.38,3.72
5623,4.38,3.72
5624,4.38,3.72
5625,4.38,3.72
5626,4.38,3.72
5627,4.38,3.72
5629,4.38,3.72
5630,4.38,3.71
5632,4.38,3.71
5633,4.38,3.71
5634,4.38,3.71
5635,4.38,3.71
5636,4.38,3.71
5637,4.38,3.71
5639,4.38,3.71
5640,4.38,3.71
5641,4.38,3.71
5642,4.38,3.71
5643,4.38,3.71
5644,4.38,3.71
5645,4.38,3.70
5646,4.38,3.70
5648,4.38,3.71
5649,4.38,3.70
5650,4.38,3.70
5651,4.38,3.70
5652,4.38,3.70
5653,4.38,3.70
5654,4.38,3.70
5655,4.38,3.70
5657,4.38,3.70
5658,4.38,3.70
5659,4.38,3.70
5660,4.38,3.70
5661,4.38,3.70
5662,4.38,3.70
5663,4.38,3.70
5664,4.38,3.70
5666,4.38,3.70
5667,4.38,3.70
5668,4.38,3.70
5669,4.38,3.70
5670,4.38,3.70
5671,4.38,3.70
5672,4.38,3.70
5673,4.38,3.70
5676,4.38,3.70
5677,4.38,3.70
5678,4.38,3.70
5679,4.38,3.70
5680,4.38,3.70
5681,4.38,3.70
5682,4.38,3.70
5683,4.38,3.70
5685,4.38,3.70
5686,4.38,3.70
5687,4.38,3.70
5688,4.38,3.70
5689,4.38,3.70
5690,4.38,3.70
5691,4.38,3.70
5692,4.38,3.70
5694,4.38,3.70
5695,4.38,3.70
5696,4.38,3.70
5697,4.38,3.70
5698,4.38,3.70
5699,4.38,3.70
5700,4.38,3.70
5701,4.38,3.70
5703,4.37,3.71
5704,4.37,3.71
5705,4.37,3.71
5706,4.37,3.71
5707,4.37,3.70
5708,4.37,3.70
5709,4.37,3.70
5710,4.37,3.70
5712,4.37,3.71
5713,4.37,3.71
5714,4.38,3.71
5715,4.38,3.71
5716,4.38,3.72
5718,4.38,3.72
5719,4.38,3.72
5720,4.39,3.72
5722,4.39,3.72
5723,4.39,3.72
5724,4.39,3.73
5725,4.39,3.73
5726,4.39,3.73
5727,4.39,3.73
5728,4.39,3.74
5729,4.39,3.74
5731,4.39,3.75
5732,4.39,3.75
5733,4.39,3.75
5734,4.38,3.76
5735,4.38,3.76
5736,4.38,3.77
5737,4.38,3.77
5738,4.38,3.77
5740,4.39,3.78
5741,4.39,3.78
5742,4.39,3.78
5743,4.39,3.79
5744,4.39,3.79
5745,4.39,3.79
5746,4.39,3.80
5747,4.39,3.80
5749,4.39,3.81
5750,4.38,3.81
5751,4.38,3.82
5752,4.38,3.82
5753,4.38,3.82
5754,4.38,3.83
5755,4.38,3.83
5756,4.38,3.84
5758,4.38,3.84
5760,4.38,3.85
5761,4.38,3.85
5762,4.38,3.85
5763,4.38,3.86
5764,4.37,3.86
5765,4.38,3.87
5767,4.37,3.87
5768,4.37,3.88
5769,4.37,3.88
5770,4.37,3.89
5771,4.37,3.89
5772,4.37,3.90
5773,4.37,3.90
5774,4.37,3.91
5776,4.38,3.91
5777,4.38,3.92
5778,4.38,3.93
5779,4.38,3.93
5780,4.39,3.94
5781,4.39,3.95
5782,4.39,3.96
5783,4.39,3.97
5785,4.39,3.98
5786,4.39,3.99
5787,4.38,4.00
5788,4.38,4.01
5789,4.38,4.02
5790,4.38,4.03
5791,4.38,4.04
5792,4.38,4.05
5794,4.38,4.07
5795,4.39,4.09
5796,4.39,4.11
5797,4.39,4.14
5798,4.39,4.17
5799,4.39,4.20
5800,4.39,4.24
5801,4.39,4.27
5804,4.39,4.30
5805,4.39,4.33
5806,4.39,4.35
5807,4.40,4.38
5808,4.40,4.40
5809,4.41,4.43
5810,4.41,4.45
5811,4.42,4.48
5813,4.42,4.50
5814,4.43,4.52
5815,4.43,4.54
5816,4.44,4.55
5817,4.44,4.57
5818,4.45,4.58
5819,4.45,4.60
5821,4.45,4.61
5822,4.46,4.63
5823,4.46,4.64
5824,4.46,4.66
5825,4.46,4.67
5826,4.46,4.68
5827,4.46,4.69
5828,4.47,4.70
5830,4.47,4.71
5831,4.47,4.72
5832,4.47,4.73
5833,4.46,4.74
5834,4.46,4.75
5835,4.46,4.76
5836,4.46,4.77
5837,4.46,4.77
5839,4.45,4.78
5840,4.45,4.78
5841,4.45,4.79
5842,4.45,4.80
5843,4.45,4.80
5844,4.45,4.81
5846,4.44,4.81
5847,4.44,4.82
5849,4.44,4.82
5850,4.44,4.83
5851,4.43,4.83
5852,4.43,4.84
5853,4.42,4.84
5854,4.42,4.85
5855,4.41,4.85
5856,4.41,4.85
5858,4.41,4.86
5859,4.40,4.86
5860,4.40,4.87
5861,4.40,4.87
5862,4.39,4.87
5863,4.39,4.87
5864,4.39,4.88
5865,4.38,4.88
5867,4.38,4.88
5868,4.38,4.88
5869,4.38,4.88
5870,4.37,4.89
5871,4.37,4.89
5872,4.37,4.89
5873,4.37,4.89
5874,4.37,4.89
5876,4.36,4.89
5877,4.36,4.90
5878,4.36,4.90
5879,4.36,4.90
5880,4.36,4.90
5881,4.36,4.90
5882,4.35,4.91
5883,4.35,4.91
5885,4.35,4.91
5886,4.35,4.91
5888,4.35,4.91
5889,4.35,4.91
5890,4.35,4.91
5891,4.35,4.92
5892,4.35,4.92
5893,4.35,4.92
5895,4.35,4.92
5896,4.35,4.92
5897,4.35,4.92
5898,4.35,4.92
5899,4.35,4.92
5900,4.35,4.93
5901,4.34,4.93
5903,4.34,4.93
5904,4.34,4.93
5905,4.34,4.93
5906,4.34,4.93
5907,4.34,4.93
5908,4.34,4.93
5909,4.34,4.93
5910,4.34,4.93
5912,4.34,4.93
5913,4.34,4.94
5914,4.34,4.94
5915,4.34,4.94
5916,4.34,4.94
5917,4.34,4.94
5918,4.35,4.94
5920,4.35,4.94
5921,4.35,4.94
5922,4.35,4.94
5923,4.35,4.94
5924,4.35,4.94
5925,4.35,4.94
5926,4.35,4.95
5927,4.35,4.95
5929,4.35,4.95
5931,4.35,4.95
5932,4.35,4.95
5933,4.35,4.95
5934,4.35,4.95
5935,4.35,4.95
5936,4.35,4.95
5937,4.35,4.95
5939,4.35,4.95
5940,4.35,4.95
5941,4.35,4.95
5942,4.35,4.96
5943,4.35,4.95
5944,4.35,4.95
5945,4.35,4.95
5946,4.35,4.95
5948,4.35,4.95
5949,4.35,4.96
5950,4.35,4.96
5951,4.35,4.96
5952,4.35,4.96
5953,4.35,4.96
5954,4.35,4.96
5956,4.34,4.96
5957,4.34,4.96
5958,4.34,4.96
5959,4.34,4.96
5960,4.34,4.96
5961,4.34,4.96
5962,4.34,4.96
5963,4.34,4.96
5965,4.34,4.96
5966,4.34,4.96
5967,4.35,4.96
5968,4.34,4.96
5969,4.35,4.96
5970,4.35,4.96
5971,4.35,4.96
5974,4.35,4.96
5975,4.35,4.96
5976,4.35,4.96
5977,4.35,4.96
5978,4.35,4.96
5979,4.35,4.96
5980,4.34,4.96
5982,4.34,4.96
5983,4.35,4.96
5984,4.35,4.96
5985,4.35,4.96
5986,4.35,4.96
5987,4.35,4.96
5988,4.35,4.96
5989,4.35,4.96
5991,4.34,4.96
5992,4.34,4.96
5993,4.34,4.96
5994,4.34,4.96
5995,4.34,4.96
5996,4.34,4.96
5997,4.34,4.96
5998,4.34,4.96
6000,4.34,4.96
6001,4.35,4.96
6002,4.34,4.96
6003,4.34,4.97
6004,4.34,4.96
6005,4.34,4.96
6006,4.35,4.96
6007,4.35,4.96
6009,4.35,4.96
6010,4.35,4.96
6011,4.35,4.96
6012,4.35,4.96
6013,4.35,4.96
6014,4.35,4.96
6016,4.35,4.96
6018,4.35,4.97
6019,4.35,4.97
6020,4.35,4.96
6021,4.34,4.97
6022,4.34,4.97
6023,4.34,4.97
6024,4.34,4.97
6025,4.34,4.96
6027,4.34,4.96
6028,4.34,4.96
6029,4.34,4.96
6030,4.34,4.96
6031,4.35,4.96
6032,4.35,4.96
6033,4.35,4.96
6035,4.35,4.96
6036,4.35,4.96
6037,4.35,4.96
6038,4.35,4.96
6039,4.35,4.96
6040,4.35,4.97
6041,4.35,4.97
6042,4.35,4.97
6044,4.35,4.97
6045,4.35,4.97
6046,4.34,4.97
6047,4.34,4.97
6048,4.34,4.97
6049,4.34,4.97
6050,4.34,4.97
6052,4.34,4.97
6053,4.34,4.97
6054,4.33,4.97
6055,4.33,4.97
6056,4.33,4.97
6057,4.33,4.97
6059,4.34,4.97
6060,4.33,4.97
6062,4.33,4.97
6063,4.33,4.97
6064,4.33,4.97
6065,4.33,4.97
6066,4.33,4.97
6067,4.33,4.97
6068,4.33,4.97
6070,4.33,4.97
6071,4.33,4.97
6072,4.33,4.96
6073,4.33,4.96
6074,4.34,4.97
6075,4.34,4.97
6076,4.35,4.97
6078,4.35,4.97
6079,4.36,4.97
6080,4.36,4.97
6081,4.36,4.97
6082,4.35,4.96
6083,4.35,4.96
6084,4.35,4.96
6085,4.35,4.97
6087,4.35,4.97
6088,4.35,4.97
6089,4.35,4.97
6090,4.35,4.97
6091,4.34,4.97
6092,4.34,4.97
6093,4.34,4.97
6095,4.34,4.97
6096,4.34,4.97
6097,4.34,4.97
6098,4.33,4.97
6099,4.33,4.97
6100,4.33,4.97
6102,4.33,4.97
6103,4.33,4.97
6105,4.34,4.97
6106,4.34,4.97
6107,4.34,4.96
6108,4.34,4.96
6109,4.34,4.97
6110,4.34,4.97
6111,4.34,4.97
6113,4.34,4.97
6114,4.34,4.97
6115,4.34,4.97
6116,4.34,4.97
6117,4.34,4.97
6118,4.34,4.97
6119,4.34,4.97
6121,4.34,4.97
6122,4.34,4.97
6123,4.34,4.97
6124,4.34,4.97
6125,4.34,4.97
6126,4.34,4.97
6127,4.34,4.97
6128,4.34,4.97
6130,4.34,4.97
6131,4.35,4.97
6132,4.34,4.97
6133,4.34,4.96
6134,4.35,4.95
6135,4.35,4.93
6136,4.36,4.91
6138,4.37,4.88
6139,4.37,4.84
6140,4.37,4.80
6141,4.37,4.76
6142,4.37,4.71
6144,4.37,4.66
6145,4.37,4.61
6146,4.37,4.57
6148,4.37,4.53
6149,4.37,4.48
6150,4.36,4.44
6151,4.36,4.40
6152,4.35,4.36
6153,4.35,4.32
6154,4.34,4.29
6155,4.33,4.26
6157,4.33,4.22
6158,4.33,4.19
6159,4.32,4.16
6160,4.32,4.13
6161,4.32,4.11
6162,4.31,4.09
6163,4.31,4.06
6165,4.30,4.04
6166,4.30,4.01
6167,4.29,3.99
6168,4.29,3.98
6169,4.28,3.96
6170,4.28,3.94
6171,4.27,3.92
6172,4.27,3.91
6174,4.27,3.90
6175,4.27,3.88
6176,4.27,3.87
6177,4.26,3.86
6178,4.26,3.85
6179,4.26,3.83
6180,4.26,3.82
6181,4.26,3.81
6183,4.26,3.80
6184,4.26,3.79
6185,4.26,3.78
6187,4.26,3.78
6188,4.26,3.77
6189,4.27,3.77
6190,4.27,3.76
6191,4.27,3.75
6193,4.27,3.75
6194,4.28,3.74
6195,4.28,3.74
6196,4.29,3.74
6197,4.29,3.73
6198,4.30,3.73
6199,4.30,3.73
6200,4.30,3.72
6202,4.30,3.72
6203,4.30,3.71
6204,4.30,3.71
6205,4.30,3.71
6206,4.30,3.70
6207,4.29,3.70
6208,4.29,3.70
6209,4.29,3.70
6211,4.29,3.70
6212,4.29,3.69
6213,4.28,3.69
6214,4.28,3.69
6215,4.28,3.69
6216,4.28,3.69
6217,4.28,3.68
6218,4.28,3.68
6220,4.28,3.68
6221,4.28,3.68
6222,4.28,3.69
6223,4.29,3.68
6224,4.29,3.69
6225,4.29,3.69
6226,4.29,3.68
6227,4.29,3.68
6230,4.29,3.68
6231,4.29,3.68
6232,4.29,3.68
6233,4.29,3.68
6234,4.29,3.68
6235,4.30,3.69
6236,4.30,3.68
6238,4.30,3.69
6239,4.30,3.68
6240,4.31,3.68
6241,4.31,3.68
6242,4.31,3.68
6243,4.31,3.68
6244,4.31,3.68
6245,4.32,3.68
6247,4.32,3.69
6248,4.33,3.69
6249,4.34,3.69
6250,4.34,3.69
6251,4.34,3.69
6252,4.34,3.69
6253,4.34,3.69
6254,4.33,3.69
6256,4.33,3.69
6257,4.32,3.68
6258,4.32,3.69
6259,4.32,3.69
6260,4.31,3.69
6261,4.31,3.70
6262,4.31,3.70
6264,4.31,3.70
6265,4.31,3.70
6266,4.31,3.70
6267,4.31,3.70
6268,4.31,3.70
6269,4.31,3.70
6270,4.31,3.70
6272,4.30,3.70
6274,4.30,3.70
6275,4.30,3.70
6276,4.30,3.70
6277,4.30,3.70
6278,4.29,3.70
6279,4.29,3.70
6280,4.30,3.70
6281,4.30,3.70
6283,4.29,3.70
6284,4.30,3.70
6285,4.30,3.71
6286,4.30,3.71
6287,4.30,3.71
6288,4.30,3.71
6289,4.31,3.71
6290,4.30,3.71
6292,4.30,3.71
6293,4.30,3.71
6294,4.30,3.70
6295,4.30,3.70
6296,4.30,3.70
6297,4.30,3.70
6298,4.30,3.71
6299,4.31,3.71
6301,4.31,3.71
6302,4.31,3.71
6303,4.31,3.71
6304,4.31,3.71
6305,4.31,3.71
6306,4.31,3.72
6307,4.31,3.72
6308,4.31,3.72
6310,4.31,3.72
6311,4.31,3.72
6312,4.31,3.72
6313,4.32,3.72
6315,4.32,3.72
6316,4.32,3.72
6317,4.32,3.72
6319,4.32,3.72
6320,4.33,3.72
6321,4.33,3.72
6322,4.33,3.72
6323,4.33,3.72
6324,4.34,3.72
6325,4.34,3.72
6326,4.34,3.72
6328,4.34,3.72
6329,4.34,3.72
6330,4.34,3.73
6331,4.34,3.73
6332,4.34,3.73
6333,4.33,3.73
6334,4.33,3.73
6335,4.33,3.73
6337,4.33,3.73
6338,4.33,3.73
6339,4.33,3.73
6340,4.33,3.73
6341,4.33,3.73
6342,4.33,3.73
6343,4.33,3.73
6345,4.33,3.73
6346,4.32,3.73
6347,4.32,3.73
6348,4.32,3.73
6349,4.31,3.73
6350,4.31,3.73
6351,4.31,3.73
6352,4.31,3.73
6354,4.31,3.73
6355,4.30,3.73
6356,4.30,3.73
6358,4.30,3.73
6359,4.30,3.73
6360,4.30,3.73
6361,4.30,3.73
6362,4.30,3.72
6364,4.30,3.72
6365,4.29,3.72
6366,4.29,3.72
6367,4.29,3.73
6368,4.29,3.73
6369,4.29,3.73
6370,4.29,3.73
6371,4.29,3.73
6373,4.30,3.73
6374,4.30,3.73
6375,4.30,3.73
6376,4.30,3.73
6377,4.31,3.73
6378,4.31,3.73
6379,4.31,3.73
6380,4.31,3.73
6382,4.31,3.73
6383,4.31,3.73
6384,4.31,3.72
6385,4.31,3.72
6386,4.31,3.72
6387,4.32,3.73
6388,4.32,3.73
6390,4.33,3.73
6391,4.33,3.73
6392,4.34,3.73
6393,4.34,3.73
6394,4.34,3.72
6395,4.35,3.72
6396,4.34,3.71
6397,4.34,3.71
6400,4.34,3.71
6401,4.33,3.71
6402,4.32,3.71
6403,4.32,3.71
6404,4.31,3.71
6405,4.31,3.72
6406,4.31,3.72
6408,4.31,3.72
6409,4.30,3.72
6410,4.30,3.73
6411,4.30,3.73
6412,4.29,3.73
6413,4.29,3.73
6414,4.29,3.73
6415,4.29,3.73
6417,4.29,3.73
6418,4.29,3.73
6419,4.29,3.72
6420,4.29,3.72
6421,4.29,3.72
6422,4.29,3.72
6423,4.30,3.72
6424,4.30,3.72
6426,4.31,3.72
6427,4.31,3.72
6428,4.31,3.72
6429,4.31,3.72
6430,4.30,3.72
6431,4.30,3.72
6432,4.30,3.72
6433,4.29,3.72
6435,4.29,3.72
6436,4.29,3.72
6437,4.29,3.72
6438,4.29,3.72
6439,4.29,3.72
6440,4.30,3.72
6441,4.30,3.72
6443,4.30,3.73
6445,4.31,3.73
6446,4.31,3.73
6447,4.31,3.72
6448,4.31,3.72
6449,4.31,3.72
6450,4.31,3.72
6451,4.30,3.72
6452,4.30,3.72
6454,4.30,3.72
6455,4.30,3.72
6456,4.30,3.72
6457,4.30,3.73
6458,4.30,3.73
6459,4.30,3.73
6460,4.30,3.73
6461,4.30,3.73
6463,4.30,3.73
6464,4.31,3.73
6465,4.31,3.72
6466,4.31,3.72
6467,4.31,3.72
6468,4.31,3.72
6469,4.31,3.72
6471,4.31,3.72
6472,4.31,3.72
6473,4.31,3.72
6474,4.31,3.72
6475,4.31,3.72
6476,4.31,3.73
6477,4.31,3.73
6478,4.31,3.73
6480,4.31,3.73
6481,4.31,3.73
6482,4.31,3.73
6483,4.31,3.73
6484,4.30,3.73
6486,4.30,3.73
6487,4.30,3.73
6488,4.30,3.73
6490,4.30,3.73
6491,4.30,3.73
6492,4.30,3.73
6493,4.30,3.73
6494,4.30,3.73
6495,4.30,3.73
6496,4.30,3.73
6497,4.30,3.72
6499,4.30,3.73
6500,4.30,3.73
6501,4.31,3.73
6502,4.31,3.73
6503,4.31,3.73
6504,4.31,3.73
6505,4.32,3.73
6507,4.32,3.73
6508,4.32,3.73
6509,4.32,3.73
6510,4.32,3.73
6511,4.32,3.72
6512,4.31,3.72
6513,4.31,3.72
6514,4.31,3.72
6516,4.31,3.72
6517,4.30,3.72
6518,4.30,3.72
6519,4.30,3.72
6520,4.30,3.72
6521,4.30,3.72
6522,4.30,3.72
6523,4.30,3.72
6525,4.30,3.72
6526,4.31,3.72
6528,4.31,3.72
6529,4.31,3.72
6530,4.32,3.72
6531,4.32,3.72
6532,4.32,3.72
6533,4.32,3.71
6535,4.31,3.71
6536,4.31,3.71
6537,4.31,3.71
6538,4.31,3.71
6539,4.30,3.71
6540,4.30,3.71
6541,4.30,3.71
6543,4.30,3.71
6544,4.30,3.71
6545,4.30,3.71
6546,4.30,3.72
6547,4.30,3.72
6548,4.30,3.71
6549,4.29,3.72
6550,4.30,3.72
6552,4.30,3.72
6553,4.31,3.72
6554,4.31,3.72
6555,4.32,3.72
6556,4.33,3.72
6557,4.33,3.72
6558,4.33,3.72
6559,4.33,3.71
6561,4.33,3.71
6562,4.32,3.71
6563,4.32,3.71
6564,4.32,3.70
6565,4.31,3.70
6566,4.30,3.70
6567,4.30,3.71
6568,4.30,3.71
6571,4.30,3.71
6572,4.30,3.71
6573,4.30,3.71
6574,4.30,3.71
6575,4.30,3.71
6576,4.30,3.71
6577,4.29,3.71
6578,4.29,3.71
6580,4.29,3.71
6581,4.29,3.71
6582,4.29,3.72
6583,4.29,3.72
6584,4.29,3.72
6585,4.29,3.72
6586,4.29,3.72
6587,4.29,3.72
6589,4.29,3.72
6590,4.29,3.72
6591,4.29,3.72
6592,4.29,3.73
6593,4.29,3.73
6594,4.28,3.73
6595,4.29,3.73
6596,4.28,3.73
6598,4.28,3.74
6599,4.29,3.74
6600,4.29,3.74
6601,4.29,3.74
6602,4.29,3.74
6603,4.29,3.74
6604,4.29,3.75
6605,4.29,3.75
6607,4.29,3.75
6608,4.29,3.75
6609,4.29,3.75
6610,4.29,3.75
6611,4.29,3.75
6612,4.29,3.75
6614,4.29,3.75
6615,4.29,3.75
6617,4.29,3.75
6618,4.30,3.75
6619,4.30,3.75
6620,4.30,3.75
6621,4.30,3.75
6622,4.30,3.75
6623,4.31,3.75
6624,4.31,3.76
6626,4.31,3.76
6627,4.31,3.76
6628,4.31,3.76
6629,4.31,3.76
6630,4.31,3.76
6631,4.31,3.77
6632,4.30,3.77
6633,4.30,3.77
6635,4.30,3.77
6636,4.30,3.78
6637,4.30,3.78
6638,4.30,3.78
6639,4.30,3.78
6640,4.30,3.78
6641,4.30,3.78
6642,4.30,3.78
6644,4.30,3.78
6645,4.30,3.78
6646,4.30,3.78
6647,4.30,3.78
6648,4.30,3.78
6649,4.31,3.78
6650,4.31,3.78
6652,4.31,3.78
6653,4.31,3.78
6654,4.30,3.78
6656,4.30,3.78
6657,4.30,3.78
6658,4.30,3.78
6659,4.30,3.78
6660,4.30,3.78
6662,4.30,3.78
6663,4.30,3.78
6664,4.30,3.79
6665,4.30,3.79
6666,4.30,3.79
6667,4.30,3.79
6668,4.29,3.79
6669,4.30,3.79
6671,4.30,3.79
6672,4.30,3.79
6673,4.30,3.79
6674,4.30,3.79
6675,4.31,3.79
6676,4.31,3.79
6677,4.31,3.79
6678,4.31,3.79
6680,4.31,3.79
6681,4.30,3.79
6682,4.30,3.80
6683,4.30,3.80
6684,4.30,3.80
6685,4.30,3.80
6686,4.30,3.81
6687,4.30,3.81
6689,4.30,3.81
6690,4.30,3.81
6691,4.30,3.81
6692,4.29,3.81
6693,4.29,3.81
6694,4.29,3.82
6695,4.29,3.82
6696,4.29,3.82
6699,4.29,3.82
6700,4.29,3.82
6701,4.29,3.82
6702,4.29,3.82
6703,4.29,3.82
6704,4.30,3.82
6705,4.30,3.82
6706,4.30,3.82
6708,4.30,3.82
6709,4.30,3.82
6710,4.30,3.82
6711,4.30,3.82
6712,4.30,3.82
6713,4.30,3.82
6714,4.30,3.83
6715,4.30,3.83
6717,4.29,3.83
6718,4.29,3.83
6719,4.29,3.83
6720,4.29,3.83
6721,4.30,3.83
6722,4.29,3.83
6723,4.29,3.83
6724,4.29,3.83
6726,4.30,3.84
6727,4.29,3.83
6728,4.29,3.84
6729,4.29,3.84
6730,4.29,3.84
6731,4.29,3.84
6732,4.30,3.84
6733,4.29,3.84
6735,4.29,3.84
6736,4.29,3.84
6737,4.30,3.84
6738,4.30,3.84
6739,4.30,3.84
6740,4.30,3.84
6742,4.30,3.84
6744,4.30,3.84
6745,4.30,3.84
6746,4.30,3.84
6747,4.30,3.84
6748,4.30,3.84
6749,4.30,3.84
6750,4.30,3.84
6751,4.30,3.84
6753,4.30,3.84
6754,4.30,3.84
6755,4.30,3.84
6756,4.30,3.84
6757,4.30,3.84
6758,4.30,3.85
6759,4.30,3.85
6760,4.30,3.85
6762,4.30,3.85
6763,4.30,3.85
6764,4.30,3.85
6765,4.30,3.85
6766,4.30,3.85
6767,4.30,3.85
6768,4.30,3.85
6769,4.30,3.85
6771,4.30,3.86
6772,4.29,3.86
6773,4.29,3.86
6774,4.29,3.86
6775,4.29,3.86
6776,4.29,3.86
6777,4.29,3.86
6778,4.29,3.86
6780,4.29,3.86
6781,4.29,3.86
6782,4.29,3.86
6784,4.29,3.86
6785,4.29,3.86
6786,4.29,3.86
6787,4.29,3.86
6789,4.29,3.86
6790,4.29,3.85
6791,4.29,3.86
6792,4.29,3.85
6793,4.29,3.85
6794,4.28,3.85
6795,4.28,3.85
6796,4.29,3.85
6798,4.29,3.85
6799,4.29,3.85
6800,4.29,3.85
6801,4.29,3.86
6802,4.29,3.85
6803,4.29,3.86
6804,4.29,3.85
6805,4.29,3.85
6807,4.29,3.86
6808,4.29,3.85
6809,4.29,3.85
6810,4.29,3.85
6811,4.29,3.86
6812,4.29,3.86
6813,4.29,3.86
6814,4.29,3.86
6816,4.30,3.86
6817,4.30,3.86
6818,4.30,3.86
6819,4.30,3.86
6820,4.30,3.86
6821,4.30,3.85
6822,4.30,3.85
6824,4.30,3.85
6825,4.29,3.85
6827,4.30,3.86
6828,4.29,3.86
6829,4.29,3.86
6830,4.29,3.86
6831,4.29,3.86
6832,4.29,3.86
6834,4.29,3.86
6835,4.29,3.86
6836,4.29,3.86
6837,4.29,3.86
6838,4.29,3.86
6839,4.29,3.86
6840,4.28,3.86
6841,4.28,3.86
6843,4.29,3.86
6844,4.28,3.86
6845,4.28,3.86
6846,4.28,3.86
6847,4.28,3.86
6848,4.28,3.86
6849,4.28,3.86
6850,4.28,3.85
6852,4.28,3.86
6853,4.29,3.86
6854,4.29,3.86
6855,4.29,3.86
6856,4.30,3.86
6857,4.30,3.86
6858,4.30,3.86
6860,4.30,3.85
6861,4.30,3.85
6862,4.30,3.85
6863,4.30,3.85
6864,4.30,3.85
6865,4.30,3.85
6866,4.30,3.85
6867,4.30,3.85
6870,4.31,3.85
6871,4.31,3.85
6872,4.31,3.85
6873,4.32,3.85
6874,4.32,3.85
6875,4.31,3.85
6876,4.31,3.85
6878,4.31,3.84
6879,4.30,3.84
6880,4.30,3.84
6881,4.29,3.84
6882,4.29,3.85
6883,4.29,3.85
6884,4.28,3.85
6885,4.28,3.85
6887,4.28,3.85
6888,4.28,3.85
6889,4.28,3.85
6890,4.28,3.85
6891,4.28,3.85
6892,4.27,3.85
6893,4.27,3.85
6894,4.27,3.85
6896,4.27,3.85
6897,4.27,3.85
6898,4.27,3.84
6899,4.27,3.84
6900,4.27,3.84
6901,4.27,3.84
6902,4.27,3.84
6904,4.27,3.84
6905,4.28,3.84
6906,4.28,3.84
6907,4.28,3.84
6908,4.28,3.84
6909,4.28,3.84
6910,4.28,3.84
6912,4.28,3.84
6914,4.28,3.84
6915,4.28,3.84
6916,4.28,3.84
6917,4.29,3.84
6918,4.28,3.84
6919,4.28,3.84
6920,4.28,3.84
6921,4.28,3.84
6923,4.29,3.84
6924,4.29,3.84
6925,4.29,3.84
6926,4.29,3.84
6927,4.29,3.84
6928,4.29,3.84
6929,4.29,3.84
6930,4.29,3.84
6932,4.29,3.84
6933,4.29,3.84
6934,4.29,3.84
6935,4.29,3.84
6936,4.29,3.84
6937,4.29,3.84
6938,4.29,3.84
6939,4.29,3.84
6941,4.29,3.84
6942,4.29,3.84
6943,4.29,3.84
6944,4.30,3.84
6945,4.30,3.84
6946,4.30,3.84
6947,4.30,3.84
6949,4.30,3.83
6950,4.30,3.83
6951,4.30,3.83
6952,4.30,3.83
6953,4.30,3.83
6955,4.30,3.83
6956,4.29,3.83
6957,4.29,3.83
6959,4.29,3.83
6960,4.29,3.84
6961,4.29,3.84
6962,4.29,3.84
6963,4.29,3.83
6964,4.29,3.83
6965,4.29,3.83
6966,4.29,3.83
6968,4.29,3.83
6969,4.29,3.83
6970,4.29,3.83
6971,4.29,3.83
6972,4.29,3.83
6973,4.29,3.83
6974,4.29,3.83
6975,4.29,3.83
6977,4.29,3.83
6978,4.29,3.83
6979,4.28,3.83
6980,4.28,3.83
6981,4.28,3.83
6982,4.28,3.83
6983,4.28,3.83
6984,4.28,3.83
6986,4.28,3.84
6987,4.28,3.84
6988,4.28,3.84
6989,4.28,3.84
6990,4.27,3.84
6991,4.27,3.84
6992,4.27,3.84
6994,4.27,3.84
6995,4.27,3.84
6996,4.27,3.84
6998,4.27,3.84
6999,4.27,3.83
7000,4.27,3.83
7001,4.27,3.83
7002,4.27,3.83
7004,4.27,3.83
7005,4.27,3.83
7006,4.27,3.83
7007,4.27,3.83
7008,4.27,3.83
7009,4.28,3.83
7010,4.28,3.83
7011,4.28,3.83
7013,4.28,3.83
7014,4.28,3.83
7015,4.28,3.83
7016,4.28,3.83
7017,4.28,3.83
7018,4.28,3.83
7019,4.28,3.83
7020,4.28,3.83
7022,4.28,3.83
7023,4.28,3.83
7024,4.28,3.84
7025,4.28,3.84
7026,4.28,3.84
7027,4.28,3.84
7028,4.28,3.84
7029,4.28,3.84
7031,4.28,3.84
7032,4.28,3.84
7033,4.28,3.84
7034,4.28,3.84
7035,4.28,3.84
7036,4.28,3.84
7037,4.28,3.83
7040,4.28,3.83
7041,4.28,3.83
7042,4.28,3.83
7043,4.28,3.83
7044,4.29,3.84
7045,4.29,3.83
7046,4.29,3.83
7047,4.29,3.83
7049,4.29,3.83
7050,4.29,3.83
7051,4.29,3.83
7052,4.29,3.83
7053,4.28,3.83
7054,4.28,3.83
7055,4.28,3.83
7056,4.28,3.83
7058,4.28,3.83
7059,4.28,3.83
7060,4.28,3.83
7061,4.27,3.84
7062,4.27,3.84
7063,4.27,3.84
7064,4.27,3.84
7065,4.27,3.83
7067,4.27,3.83
7068,4.27,3.83
7069,4.27,3.83
7070,4.27,3.83
7071,4.27,3.83
7072,4.27,3.83
7073,4.28,3.83
7075,4.28,3.83
7076,4.27,3.83
7077,4.28,3.83
7078,4.27,3.83
7079,4.27,3.83
7080,4.27,3.83
7081,4.27,3.83
7083,4.27,3.83
7085,4.27,3.83
7086,4.27,3.83
7087,4.27,3.83
7088,4.27,3.83
7089,4.27,3.83
7090,4.27,3.83
7091,4.27,3.83
7092,4.27,3.83
7094,4.27,3.83
7095,4.27,3.83
7096,4.27,3.83
7097,4.27,3.83
7098,4.27,3.83
7099,4.27,3.83
7100,4.27,3.83
7102,4.27,3.83
7103,4.27,3.83
7104,4.27,3.83
7105,4.27,3.83
7106,4.27,3.83
7107,4.28,3.83
7108,4.28,3.83
7110,4.28,3.83
7111,4.28,3.83
7112,4.29,3.83
7113,4.29,3.83
7114,4.29,3.83
7115,4.29,3.82
7116,4.29,3.82
7117,4.29,3.82
7119,4.29,3.82
7120,4.29,3.82
7121,4.28,3.81
7122,4.28,3.81
7123,4.28,3.81
7124,4.27,3.82
7126,4.27,3.82
7127,4.27,3.82
7129,4.27,3.82
7130,4.27,3.82
7131,4.27,3.82
7132,4.27,3.82
7133,4.27,3.82
7134,4.27,3.82
7135,4.28,3.82
7137,4.28,3.82
7138,4.28,3.82
7139,4.28,3.82
7140,4.28,3.82
7141,4.28,3.82
7142,4.28,3.82
7143,4.28,3.82
7144,4.27,3.82
7146,4.27,3.82
7147,4.27,3.82
7148,4.27,3.82
7149,4.27,3.82
7150,4.27,3.82
7151,4.26,3.83
7152,4.26,3.82
7153,4.26,3.83
7155,4.26,3.82
7156,4.26,3.83
7157,4.26,3.83
7158,4.26,3.83
7159,4.26,3.83
7160,4.26,3.83
7161,4.26,3.82
7163,4.26,3.82
7164,4.26,3.82
7165,4.26,3.82
7166,4.26,3.82
7168,4.26,3.82
7169,4.26,3.82
7170,4.26,3.82
7171,4.26,3.82
7173,4.26,3.82
7174,4.26,3.82
7175,4.26,3.82
7176,4.26,3.82
7177,4.26,3.82
7178,4.27,3.82
7179,4.27,3.83
7180,4.27,3.83
7182,4.27,3.83
7183,4.28,3.83
7184,4.28,3.83
7185,4.28,3.83
7186,4.28,3.83
7187,4.28,3.82
7188,4.28,3.82
7189,4.28,3.82
7191,4.28,3.82
7192,4.28,3.82
7193,4.28,3.82
7194,4.28,3.82
7195,4.28,3.82
7196,4.27,3.82
7197,4.27,3.82
7199,4.27,3.82
7200,4.27,3.83
7201,4.27,3.83
7202,4.27,3.83
7203,4.27,3.83
7204,4.27,3.83
7205,4.27,3.83
7206,4.27,3.82
7208,4.28,3.82
7209,4.28,3.82
7211,4.28,3.82
7212,4.28,3.82
7213,4.28,3.82
7214,4.28,3.82
7215,4.28,3.82
7216,4.28,3.82
7218,4.28,3.81
7219,4.27,3.81
7220,4.27,3.81
7221,4.27,3.82
7222,4.27,3.82
7223,4.27,3.82
7224,4.27,3.82
7225,4.27,3.82
7227,4.27,3.82
7228,4.26,3.82
7229,4.26,3.82
7230,4.26,3.82
7231,4.26,3.83
7232,4.26,3.82
7233,4.26,3.82
7235,4.26,3.82
7236,4.26,3.82
7237,4.26,3.82
7238,4.26,3.82
7239,4.26,3.82
7240,4.26,3.82
7241,4.26,3.82
7242,4.26,3.82
7244,4.26,3.82
7245,4.26,3.82
7246,4.26,3.82
7247,4.26,3.82
7248,4.26,3.82
7249,4.26,3.81
7250,4.26,3.81
7251,4.26,3.81
7254,4.26,3.82
7255,4.26,3.82
7256,4.26,3.82
7257,4.26,3.82
7258,4.26,3.82
7259,4.26,3.82
7260,4.26,3.82
7262,4.26,3.82
7263,4.26,3.82
7264,4.27,3.82
7265,4.27,3.82
7266,4.27,3.82
7267,4.27,3.82
7268,4.28,3.82
7269,4.28,3.82
7271,4.28,3.82
7272,4.29,3.82
7273,4.29,3.82
7274,4.29,3.82
7275,4.29,3.82
7276,4.29,3.82
7277,4.30,3.82
7279,4.30,3.81
7280,4.30,3.82
7281,4.30,3.81
7282,4.30,3.81
7283,4.31,3.81
7284,4.31,3.81
7285,4.31,3.81
7286,4.31,3.80
7288,4.31,3.80
7289,4.30,3.80
7290,4.30,3.80
7291,4.29,3.80
7292,4.29,3.80
7293,4.29,3.80
7294,4.28,3.80
7296,4.28,3.80
7298,4.28,3.80
7299,4.28,3.80
7300,4.28,3.80
7301,4.28,3.80
7302,4.27,3.80
7303,4.27,3.80
7304,4.27,3.80
7305,4.27,3.80
7307,4.26,3.80
7308,4.26,3.80
7309,4.26,3.81
7310,4.26,3.81
7311,4.26,3.81
7312,4.26,3.81
7313,4.26,3.80
7314,4.26,3.80
7316,4.27,3.80
7317,4.27,3.80
7318,4.28,3.80
7319,4.28,3.80
7320,4.29,3.80
7321,4.29,3.80
7322,4.30,3.80
7323,4.30,3.80
7325,4.31,3.80
7326,4.31,3.80
7327,4.32,3.80
7328,4.32,3.80
7329,4.32,3.80
7330,4.32,3.79
7331,4.31,3.79
7332,4.30,3.79
7334,4.30,3.78
7335,4.29,3.78
7336,4.28,3.78
7337,4.28,3.79
7339,4.28,3.79
7340,4.27,3.79
7341,4.28,3.80
7342,4.28,3.80
7344,4.28,3.80
7345,4.28,3.80
7346,4.28,3.80
7347,4.28,3.79
7348,4.27,3.79
7349,4.27,3.79
7350,4.27,3.79
7351,4.26,3.79
7353,4.26,3.79
7354,4.26,3.80
7355,4.25,3.80
7356,4.25,3.80
7357,4.25,3.80
7358,4.25,3.80
7359,4.26,3.80
7360,4.26,3.80
7362,4.27,3.80
7363,4.28,3.80
7364,4.28,3.80
7365,4.29,3.80
7366,4.29,3.80
7367,4.29,3.79
7368,4.28,3.79
7369,4.28,3.78
7371,4.27,3.78
7372,4.26,3.78
7373,4.26,3.79
7374,4.26,3.79
7375,4.26,3.80
7376,4.26,3.80
7377,4.25,3.80
7378,4.26,3.80
7380,4.26,3.79
7382,4.27,3.79
7383,4.27,3.79
7384,4.28,3.79
7385,4.28,3.79
7386,4.29,3.79
7387,4.29,3.79
7388,4.29,3.78
7390,4.30,3.78
7391,4.30,3.78
7392,4.31,3.78
7393,4.31,3.78
7394,4.32,3.78
7395,4.32,3.78
7396,4.32,3.77
7397,4.32,3.77
7399,4.31,3.76
7400,4.30,3.76
7401,4.29,3.76
7402,4.29,3.76
7403,4.27,3.76
7404,4.27,3.76
7405,4.27,3.77
7406,4.26,3.78
7408,4.26,3.79
7409,4.26,3.79
7410,4.25,3.80
7411,4.25,3.80
7412,4.25,3.80
7413,4.24,3.80
7414,4.24,3.80
7415,4.23,3.80
7417,4.23,3.80
7418,4.23,3.80
7419,4.23,3.80
7420,4.24,3.79
7421,4.24,3.79
7422,4.26,3.79
7424,4.28,3.79
7425,4.29,3.79
7427,4.30,3.79
7428,4.31,3.79
7429,4.32,3.78
7430,4.32,3.77
7431,4.32,3.76
7432,4.31,3.76
7433,4.31,3.75
7434,4.30,3.75
7436,4.29,3.75
7437,4.29,3.75
7438,4.28,3.76
7439,4.28,3.76
7440,4.28,3.76
7441,4.28,3.77
7442,4.28,3.77
7443,4.28,3.78
7445,4.28,3.78
7446,4.28,3.78
7447,4.28,3.78
7448,4.28,3.78
7449,4.28,3.78
7450,4.28,3.77
7451,4.29,3.78
7452,4.31,3.78
7454,4.32,3.78
7455,4.33,3.78
7456,4.35,3.77
7457,4.36,3.77
7458,4.36,3.77
7459,4.36,3.76
7460,4.36,3.75
7462,4.35,3.75
7463,4.34,3.74
7464,4.32,3.74
7465,4.30,3.73
7467,4.29,3.74
7468,4.28,3.75
7469,4.27,3.76
7470,4.27,3.77
7472,4.28,3.77
7473,4.28,3.78
7474,4.29,3.78
7475,4.29,3.78
7476,4.30,3.77
7477,4.30,3.76
7478,4.30,3.76
7479,4.30,3.75
7481,4.30,3.75
7482,4.29,3.74
7483,4.28,3.74
7484,4.27,3.75
7485,4.27,3.76
7486,4.26,3.77
7487,4.25,3.77
7488,4.25,3.78
7490,4.24,3.78
7491,4.23,3.78
7492,4.23,3.78
7493,4.23,3.78
7494,4.23,3.78
7495,4.23,3.78
7496,4.23,3.78
7497,4.23,3.78
7499,4.23,3.77
7500,4.23,3.77
7501,4.23,3.77
7502,4.23,3.76
7503,4.22,3.76
7504,4.22,3.76
7505,4.22,3.76
7506,4.22,3.76
7508,4.22,3.77
7510,4.23,3.77
7511,4.24,3.77
7512,4.25,3.78
7513,4.26,3.78
7514,4.28,3.79
7515,4.29,3.78
7516,4.30,3.78
7518,4.31,3.78
7519,4.31,3.77
7520,4.31,3.76
7521,4.30,3.75
7522,4.29,3.74
7523,4.27,3.74
7524,4.26,3.73
7525,4.24,3.73
7527,4.23,3.74
7528,4.22,3.75
7529,4.22,3.77
7530,4.22,3.78
7531,4.21,3.78
7532,4.21,3.79
7533,4.21,3.79
7534,4.21,3.80
7536,4.21,3.80
7537,4.21,3.79
7538,4.21,3.79
7539,4.22,3.78
7540,4.22,3.77
7541,4.23,3.77
7542,4.24,3.77
7543,4.24,3.77
7545,4.25,3.76
7546,4.25,3.76
7547,4.26,3.76
7548,4.26,3.76
7549,4.26,3.76
7550,4.27,3.76
7552,4.27,3.77
7554,4.28,3.77
7555,4.29,3.77
7556,4.30,3.77
7557,4.30,3.76
7558,4.31,3.76
7559,4.31,3.75
7560,4.31,3.75
7561,4.30,3.74
7563,4.29,3.73
7564,4.28,3.73
7565,4.27,3.72
7566,4.25,3.72
7567,4.24,3.72
7568,4.24,3.74
7569,4.23,3.75
7570,4.23,3.76
7572,4.22,3.76
7573,4.22,3.77
7574,4.22,3.77
7575,4.22,3.77
7576,4.22,3.77
7577,4.22,3.77
7578,4.22,3.77
7579,4.23,3.77
7581,4.23,3.77
7582,4.23,3.76
7583,4.24,3.76
7584,4.24,3.76
7585,4.24,3.76
7586,4.25,3.76
7587,4.25,3.76
7588,4.26,3.76
7590,4.27,3.76
7591,4.27,3.76
7592,4.28,3.76
7593,4.27,3.75
7595,4.27,3.75
7596,4.26,3.75
7597,4.25,3.74
7598,4.24,3.74
7600,4.23,3.74
7601,4.23,3.75
7602,4.23,3.75
7603,4.23,3.76
7604,4.23,3.76
7605,4.24,3.76
7606,4.24,3.76
7607,4.25,3.76
7609,4.25,3.76
7610,4.26,3.76
7611,4.26,3.75
7612,4.26,3.75
7613,4.25,3.75
7614,4.25,3.75
7615,4.25,3.75
7616,4.24,3.75
7618,4.24,3.75
7619,4.24,3.75
7620,4.24,3.75
7621,4.23,3.75
7622,4.23,3.75
7623,4.23,3.75
7624,4.22,3.75
7625,4.23,3.75
7627,4.23,3.76
7628,4.23,3.77
7629,4.24,3.77
7630,4.24,3.77
7631,4.25,3.77
7632,4.25,3.77
7633,4.25,3.77
7634,4.25,3.77
7636,4.24,3.77
7638,4.24,3.76
7639,4.23,3.76
7640,4.23,3.76
7641,4.23,3.76
7642,4.22,3.76
7643,4.22,3.76
7644,4.22,3.77
7646,4.22,3.77
7647,4.22,3.77
7648,4.22,3.77
7649,4.23,3.77
7650,4.23,3.77
7651,4.24,3.77
7652,4.25,3.77
7653,4.26,3.77
7655,4.27,3.78
7656,4.29,3.78
7657,4.30,3.77
7658,4.31,3.77
7659,4.31,3.77
7660,4.30,3.76
7661,4.30,3.75
7662,4.28,3.74
7664,4.26,3.74
7665,4.24,3.74
7666,4.23,3.75
7667,4.23,3.76
7668,4.22,3.77
7669,4.22,3.78
7670,4.22,3.79
7671,4.22,3.79
7673,4.22,3.79
7674,4.22,3.79
7675,4.22,3.79
7676,4.22,3.78
7677,4.22,3.78
7678,4.22,3.77
7680,4.22,3.77
7681,4.22,3.77
7683,4.22,3.77
7684,4.23,3.77
7685,4.23,3.77
7686,4.24,3.77
7687,4.24,3.77
7688,4.24,3.77
7689,4.24,3.77
7691,4.24,3.77
7692,4.23,3.77
7693,4.23,3.77
7694,4.22,3.77
7695,4.22,3.77
7696,4.22,3.78
7697,4.23,3.78
7698,4.23,3.78
7700,4.24,3.79
7701,4.24,3.79
7702,4.25,3.79
7703,4.25,3.79
7704,4.26,3.79
7705,4.26,3.78
7706,4.26,3.78
7707,4.25,3.78
7709,4.25,3.78
7710,4.25,3.78
7711,4.25,3.78
7712,4.24,3.78
7713,4.24,3.78
7714,4.24,3.78
7715,4.24,3.78
7716,4.25,3.78
7718,4.25,3.79
7719,4.26,3.79
7720,4.28,3.79
7721,4.29,3.79
7723,4.30,3.79
7724,4.31,3.79
7725,4.31,3.78
7726,4.30,3.78
7728,4.30,3.77
7729,4.28,3.77
7730,4.27,3.77
7731,4.26,3.77
7732,4.25,3.77
7733,4.25,3.78
7734,4.24,3.78
7735,4.24,3.78
7737,4.23,3.78
7738,4.23,3.78
7739,4.23,3.78
7740,4.23,3.78
7741,4.22,3.77
7742,4.22,3.77
7743,4.22,3.77
7744,4.22,3.77
7746,4.22,3.77
7747,4.23,3.77
7748,4.23,3.77
7749,4.23,3.77
7750,4.23,3.77
7751,4.23,3.78
7752,4.23,3.78
7753,4.22,3.78
7755,4.22,3.78
7756,4.22,3.78
7757,4.23,3.78
7758,4.25,3.79
7759,4.26,3.79
7760,4.28,3.79
7761,4.29,3.79
7762,4.29,3.78
7764,4.29,3.78
7766,4.29,3.77
7767,4.28,3.76
7768,4.27,3.75
7769,4.26,3.75
7770,4.25,3.75
7771,4.24,3.76
7772,4.24,3.76
7774,4.25,3.77
7775,4.25,3.78
7776,4.25,3.78
7777,4.25,3.78
7778,4.25,3.78
7779,4.25,3.77
7780,4.25,3.77
7781,4.25,3.76
7783,4.24,3.76
7784,4.24,3.76
7785,4.24,3.76
7786,4.23,3.77
7787,4.24,3.77
7788,4.24,3.77
7789,4.24,3.77
7790,4.25,3.78
7792,4.25,3.78
7793,4.25,3.78
7794,4.26,3.78
7795,4.26,3.78
7796,4.26,3.78
7797,4.26,3.77
7798,4.26,3.77
7799,4.26,3.77
7801,4.26,3.77
7802,4.26,3.77
7803,4.26,3.77
7804,4.26,3.77
7805,4.26,3.76
7806,4.25,3.76
7808,4.24,3.76
7809,4.24,3.76
7811,4.23,3.76
7812,4.23,3.77
7813,4.22,3.77
7814,4.22,3.77
7815,4.23,3.77
7816,4.23,3.77
7817,4.24,3.78
7818,4.25,3.78
7820,4.25,3.78
7821,4.25,3.78
7822,4.24,3.78
7823,4.24,3.78
7824,4.24,3.78
7825,4.23,3.78
7826,4.23,3.78
7827,4.23,3.78
7829,4.23,3.79
7830,4.23,3.79
7831,4.23,3.79
7832,4.24,3.79
7833,4.25,3.78
7834,4.25,3.78
7835,4.25,3.78
7836,4.25,3.78
7838,4.25,3.78
7839,4.25,3.77
7840,4.24,3.77
7841,4.24,3.77
7842,4.23,3.76
7843,4.22,3.76
7844,4.22,3.76
7845,4.22,3.77
7847,4.22,3.77
7848,4.22,3.77
7849,4.22,3.78
7851,4.23,3.78
7852,4.24,3.78
7853,4.25,3.79
7854,4.26,3.79
7855,4.26,3.79
7857,4.27,3.79
7858,4.27,3.79
7859,4.26,3.79
7860,4.26,3.79
7861,4.26,3.79
7862,4.25,3.80
7863,4.25,3.80
7864,4.25,3.80
7866,4.24,3.81
7867,4.24,3.81
7868,4.24,3.81
7869,4.24,3.81
7870,4.24,3.81
7871,4.24,3.81
7872,4.25,3.80
7873,4.25,3.80
7875,4.25,3.80
7876,4.25,3.79
7877,4.25,3.79
7878,4.25,3.79
7879,4.25,3.79
7880,4.25,3.79
7881,4.26,3.79
7882,4.26,3.79
7884,4.26,3.79
7885,4.26,3.79
7886,4.26,3.79
7887,4.25,3.79
7888,4.25,3.80
7889,4.25,3.80
7890,4.25,3.80
7891,4.24,3.80
7894,4.25,3.79
7895,4.25,3.79
7896,4.25,3.79
7897,4.25,3.79
7898,4.26,3.79
7899,4.26,3.79
7900,4.26,3.79
7901,4.25,3.78
7903,4.25,3.78
7904,4.24,3.78
7905,4.24,3.79
7906,4.24,3.79
7907,4.24,3.79
7908,4.24,3.79
7909,4.24,3.79
7910,4.25,3.79
7912,4.25,3.79
7913,4.25,3.79
7914,4.25,3.79
7915,4.25,3.79
7916,4.24,3.78
7917,4.24,3.78
7918,4.24,3.78
7919,4.24,3.78
7921,4.24,3.78
7922,4.24,3.78
7923,4.24,3.78
7924,4.25,3.79
7925,4.25,3.78
7926,4.26,3.79
7927,4.27,3.79
7928,4.28,3.80
7930,4.29,3.80
7931,4.30,3.80
7932,4.30,3.80
7933,4.30,3.80
7934,4.30,3.79
7936,4.29,3.79
7937,4.28,3.78
7938,4.27,3.78
7940,4.26,3.78
7941,4.26,3.78
7942,4.25,3.79
7943,4.24,3.79
7944,4.24,3.79
7945,4.23,3.79
7946,4.23,3.79
7947,4.23,3.79
7949,4.22,3.79
7950,4.22,3.79
7951,4.22,3.78
7952,4.22,3.78
7953,4.22,3.77
7954,4.22,3.77
7955,4.22,3.77
7956,4.22,3.77
7958,4.22,3.77
7959,4.23,3.77
7960,4.23,3.77
7961,4.23,3.77
7962,4.23,3.77
7963,4.23,3.78
7964,4.23,3.78
7965,4.23,3.78
7967,4.23,3.78
7968,4.23,3.78
7969,4.24,3.79
7970,4.24,3.79
7971,4.25,3.79
7972,4.25,3.79
7973,4.26,3.79
7974,4.27,3.79
7976,4.28,3.79
7977,4.29,3.80
7979,4.30,3.80
7980,4.30,3.80
7981,4.30,3.80
7982,4.30,3.79
7983,4.30,3.79
7984,4.29,3.78
7986,4.28,3.78
7987,4.27,3.78
7988,4.27,3.78
7989,4.26,3.78
7990,4.26,3.79
7991,4.25,3.79
7992,4.25,3.79
7993,4.25,3.80
7995,4.24,3.80
7996,4.24,3.80
7997,4.24,3.81
7998,4.24,3.81
7999,4.24,3.82
8000,4.24,3.82
8001,4.24,3.82
8002,4.24,3.83
8004,4.24,3.83
8005,4.24,3.84
8006,4.24,3.84
8007,4.24,3.84
8008,4.24,3.84
8009,4.24,3.85
8010,4.24,3.85
8011,4.25,3.86
8013,4.25,3.87
8014,4.25,3.89
8015,4.26,3.90
8016,4.26,3.91
8017,4.27,3.92
8018,4.27,3.94
8019,4.28,3.96
8020,4.28,4.00
8023,4.28,4.03
8024,4.29,4.07
8025,4.29,4.11
8026,4.29,4.14
8027,4.30,4.17
8028,4.31,4.21
8029,4.31,4.24
8030,4.32,4.27
8032,4.33,4.30
8033,4.35,4.33
8034,4.35,4.36
8035,4.35,4.38
8036,4.35,4.41
8037,4.35,4.43
8038,4.35,4.45
8040,4.35,4.48
8041,4.34,4.50
8042,4.34,4.52
8043,4.34,4.54
8044,4.34,4.56
8045,4.34,4.57
8046,4.35,4.58
8047,4.35,4.60
8049,4.35,4.61
8050,4.36,4.63
8051,4.37,4.64
8052,4.37,4.65
8053,4.37,4.67
8054,4.38,4.68
8055,4.38,4.69
8056,4.38,4.70
8058,4.38,4.71
8059,4.38,4.72
8060,4.38,4.73
8061,4.37,4.74
8062,4.37,4.75
8064,4.37,4.76
8065,4.36,4.76
8066,4.36,4.77
8068,4.36,4.78
8069,4.36,4.78
8070,4.36,4.79
8071,4.36,4.79
8072,4.36,4.80
8073,4.37,4.81
8074,4.37,4.81
8075,4.37,4.82
8077,4.37,4.82
8078,4.37,4.83
8079,4.36,4.83
8080,4.36,4.84
8081,4.35,4.84
8082,4.34,4.85
8083,4.33,4.85
8085,4.33,4.85
8086,4.33,4.86
8087,4.33,4.86
8088,4.32,4.86
8089,4.32,4.87
8090,4.31,4.87
8091,4.31,4.87
8092,4.30,4.88
8094,4.30,4.88
8095,4.30,4.88
8096,4.29,4.88
8097,4.29,4.88
8098,4.28,4.89
8099,4.28,4.89
8100,4.27,4.89
8101,4.26,4.89
8103,4.26,4.89
8104,4.26,4.90
8105,4.25,4.90
8107,4.25,4.90
8108,4.25,4.90
8109,4.24,4.90
8110,4.25,4.90
8111,4.24,4.90
8113,4.24,4.90
8114,4.24,4.90
8115,4.24,4.90
8116,4.24,4.91
8117,4.24,4.91
8118,4.24,4.91
8119,4.24,4.91
8120,4.24,4.91
8122,4.24,4.91
8123,4.24,4.91
8124,4.24,4.91
8125,4.24,4.91
8126,4.25,4.91
8127,4.25,4.91
8128,4.26,4.92
8129,4.26,4.92
8131,4.26,4.92
8132,4.27,4.92
8133,4.28,4.92
8134,4.28,4.92
8135,4.29,4.92
8136,4.29,4.93
8137,4.29,4.93
8138,4.29,4.93
8140,4.28,4.94
8141,4.28,4.94
8142,4.28,4.94
8143,4.27,4.94
8144,4.27,4.94
8145,4.27,4.94
8146,4.26,4.95
8147,4.26,4.95
8150,4.26,4.95
8151,4.26,4.94
8152,4.26,4.94
8153,4.26,4.94
8154,4.26,4.95
8155,4.26,4.95
8156,4.26,4.95
8157,4.26,4.94
8159,4.25,4.95
8160,4.25,4.95
8161,4.25,4.95
8162,4.25,4.95
8163,4.25,4.95
8164,4.25,4.95
8165,4.25,4.95
8167,4.25,4.95
8168,4.25,4.95
8169,4.25,4.95
8170,4.25,4.95
8171,4.25,4.95
8172,4.25,4.95
8173,4.25,4.95
8174,4.25,4.95
8176,4.25,4.95
8177,4.25,4.95
8178,4.26,4.95
8179,4.26,4.95
8180,4.26,4.95
8181,4.26,4.95
8182,4.26,4.95
8184,4.27,4.95
8185,4.27,4.95
8186,4.27,4.95
8187,4.26,4.96
8188,4.27,4.96
8189,4.27,4.95
8190,4.27,4.95
8192,4.28,4.95
8194,4.28,4.96
8195,4.29,4.96
8196,4.29,4.96
8197,4.29,4.96
8198,4.29,4.96
8199,4.29,4.96
8200,4.28,4.96
8201,4.28,4.96
8203,4.28,4.96
8204,4.27,4.96
8205,4.27,4.96
8206,4.27,4.96
8207,4.27,4.96
8208,4.27,4.96
8209,4.26,4.96
8210,4.26,4.96
8212,4.26,4.96
8213,4.26,4.96
8214,4.26,4.96
8215,4.26,4.96
8216,4.26,4.96
8217,4.26,4.96
8218,4.26,4.96
8219,4.27,4.96
8221,4.27,4.96
8222,4.27,4.96
8223,4.27,4.96
8224,4.27,4.96
8225,4.27,4.96
8226,4.27,4.96
8227,4.27,4.96
8229,4.28,4.96
8230,4.28,4.96
8231,4.28,4.96
8232,4.28,4.96
8233,4.28,4.96
8235,4.28,4.96
8236,4.28,4.96
8237,4.28,4.96
8239,4.28,4.96
8240,4.28,4.96
8241,4.28,4.96
8242,4.28,4.96
8243,4.28,4.96
8244,4.28,4.96
8245,4.28,4.96
8246,4.29,4.96
8248,4.29,4.96
8249,4.30,4.96
8250,4.30,4.96
8251,4.30,4.96
8252,4.29,4.96
8253,4.29,4.96
8254,4.29,4.97
8255,4.28,4.97
8257,4.28,4.97
8258,4.27,4.97
8259,4.27,4.97
8260,4.27,4.97
8261,4.27,4.97
8262,4.26,4.97
8263,4.26,4.97
8264,4.26,4.97
8266,4.26,4.96
8267,4.26,4.96
8268,4.26,4.96
8269,4.26,4.96
8270,4.26,4.96
8271,4.26,4.96
8272,4.26,4.96
8274,4.26,4.96
8275,4.27,4.96
8276,4.28,4.97
8278,4.29,4.97
8279,4.30,4.97
8280,4.30,4.97
8281,4.29,4.97
8282,4.29,4.96
8284,4.28,4.96
8285,4.28,4.96
8286,4.28,4.96
8287,4.27,4.97
8288,4.27,4.97
8289,4.27,4.97
8290,4.26,4.96
8291,4.27,4.97
8293,4.27,4.96
8294,4.26,4.96
8295,4.27,4.96
8296,4.27,4.96
8297,4.27,4.96
8298,4.27,4.96
8299,4.27,4.96
8300,4.27,4.96
8302,4.28,4.96
8303,4.28,4.96
8304,4.28,4.96
8305,4.27,4.96
8306,4.27,4.96
8307,4.27,4.96
8308,4.27,4.97
8310,4.27,4.97
8311,4.27,4.97
8312,4.27,4.96
8313,4.27,4.97
8314,4.27,4.96
8315,4.27,4.97
8316,4.27,4.96
8317,4.27,4.96
8320,4.27,4.96
8321,4.27,4.97
8322,4.27,4.96
8323,4.27,4.96
8324,4.27,4.97
8325,4.27,4.97
8326,4.27,4.97
8327,4.27,4.97
8329,4.27,4.96
8330,4.27,4.96
8331,4.27,4.96
8332,4.28,4.96
8333,4.28,4.97
8334,4.28,4.96
8335,4.28,4.97
8336,4.29,4.97
8338,4.29,4.97
8339,4.29,4.97
8340,4.29,4.97
8341,4.29,4.97
8342,4.29,4.97
8343,4.29,4.96
8344,4.29,4.96
8346,4.29,4.97
8347,4.28,4.97
8348,4.28,4.97
8349,4.28,4.97
8350,4.28,4.97
8351,4.27,4.97
8352,4.27,4.97
8353,4.27,4.97
8355,4.27,4.97
8356,4.28,4.96
8357,4.27,4.96
8358,4.27,4.97
8359,4.28,4.97
8360,4.28,4.96
8361,4.28,4.96
8364,4.28,4.96
8365,4.28,4.96
8366,4.28,4.96
8367,4.28,4.96
8368,4.28,4.96
8369,4.28,4.96
8370,4.28,4.96
8371,4.28,4.96
8373,4.29,4.97
8374,4.29,4.97
8375,4.30,4.97
8376,4.30,4.97
8377,4.31,4.97
8378,4.30,4.97
8379,4.30,4.97
8380,4.29,4.97
8382,4.29,4.97
8383,4.28,4.97
8384,4.28,4.97
8385,4.28,4.97
8386,4.27,4.97
8387,4.27,4.97
8388,4.26,4.97
8389,4.26,4.97
8391,4.26,4.97
8392,4.26,4.97
8393,4.26,4.97
8394,4.26,4.96
8395,4.27,4.96
8396,4.27,4.96
8397,4.28,4.97
8398,4.29,4.97
8400,4.29,4.97
8401,4.29,4.97
8402,4.29,4.96
8403,4.29,4.96
8404,4.28,4.96
8406,4.28,4.96
8407,4.27,4.97
8409,4.27,4.97
8410,4.27,4.97
8411,4.27,4.97
8412,4.27,4.97
8413,4.27,4.97
8414,4.27,4.97
8415,4.27,4.96
8416,4.27,4.96
8418,4.27,4.96
8419,4.27,4.96
8420,4.27,4.96
8421,4.27,4.96
8422,4.27,4.96
8423,4.28,4.96
8424,4.28,4.97
8425,4.28,4.96
8427,4.28,4.96
8428,4.28,4.96
8429,4.28,4.96
8430,4.28,4.96
8431,4.28,4.97
8432,4.28,4.97
8433,4.27,4.97
8434,4.28,4.97
8436,4.28,4.96
8437,4.28,4.97
8438,4.29,4.97
8439,4.30,4.97
8440,4.30,4.97
8441,4.31,4.97
8442,4.31,4.97
8444,4.31,4.97
8445,4.31,4.97
8446,4.31,4.97
8448,4.30,4.96
8449,4.30,4.96
8450,4.30,4.97
8451,4.29,4.97
8452,4.29,4.97
8454,4.29,4.97
8455,4.29,4.97
8456,4.28,4.97
8457,4.29,4.97
8458,4.29,4.96
8459,4.29,4.96
8460,4.29,4.96
8462,4.29,4.97
8463,4.29,4.97
8464,4.28,4.97
8465,4.28,4.97
8466,4.28,4.97
8467,4.28,4.97
8468,4.28,4.97
8469,4.28,4.97
8471,4.28,4.96
8472,4.28,4.96
8473,4.29,4.96
8474,4.29,4.97
8475,4.30,4.97
8476,4.31,4.97
8477,4.31,4.97
8478,4.31,4.97
8480,4.31,4.97
8481,4.31,4.96
8482,4.30,4.96
8483,4.30,4.96
8484,4.30,4.97
8485,4.29,4.97
8486,4.29,4.97
8488,4.29,4.97
8489,4.28,4.97
8491,4.28,4.97
8492,4.28,4.97
8493,4.28,4.97
8494,4.28,4.97
8495,4.27,4.97
8496,4.27,4.97
8498,4.27,4.97
8499,4.27,4.97
8500,4.27,4.96
8501,4.28,4.96
8502,4.28,4.96
8503,4.28,4.96
8504,4.29,4.97
8505,4.29,4.97
8507,4.29,4.96
8508,4.29,4.96
8509,4.29,4.96
8510,4.28,4.96
8511,4.29,4.96
8512,4.29,4.97
8513,4.30,4.97
8514,4.30,4.97
8516,4.31,4.97
8517,4.31,4.97
8518,4.31,4.97
8519,4.31,4.97
8520,4.30,4.96
8521,4.30,4.97
8522,4.29,4.97
8524,4.29,4.97
8525,4.29,4.97
8526,4.28,4.97
8527,4.28,4.97
8528,4.28,4.97
8529,4.28,4.97
8530,4.27,4.97
8531,4.27,4.97
8534,4.27,4.97
8535,4.27,4.96
8536,4.28,4.96
8537,4.28,4.96
8538,4.29,4.97
8539,4.30,4.97
8540,4.31,4.97
8542,4.31,4.97
8543,4.32,4.97
8544,4.32,4.97
8545,4.32,4.97
8546,4.32,4.97
8547,4.31,4.96
8548,4.31,4.96
8549,4.30,4.96
8551,4.30,4.96
8552,4.30,4.97
8553,4.29,4.97
8554,4.29,4.97
8555,4.29,4.97
8556,4.29,4.97
8557,4.29,4.97
8558,4.28,4.97
8560,4.28,4.97
8561,4.28,4.97
8562,4.28,4.97
8563,4.28,4.96
8564,4.28,4.96
8565,4.28,4.96
8566,4.28,4.96
8568,4.29,4.96
8569,4.29,4.96
8570,4.30,4.97
8571,4.30,4.96
8572,4.30,4.96
8573,4.29,4.96
8574,4.29,4.96
8576,4.29,4.96
8578,4.30,4.96
8579,4.30,4.96
8580,4.30,4.97
8581,4.30,4.97
8582,4.31,4.97
8583,4.31,4.96
8584,4.30,4.96
8585,4.30,4.97
8587,4.30,4.97
8588,4.29,4.97
8589,4.29,4.97
8590,4.29,4.97
8591,4.28,4.97
8592,4.28,4.97
8593,4.28,4.97
8594,4.28,4.97
8596,4.28,4.97
8597,4.28,4.96
8598,4.28,4.96
8599,4.29,4.96
8600,4.30,4.97
8601,4.30,4.97
8602,4.30,4.97
8604,4.29,4.96
8605,4.29,4.96
8606,4.29,4.97
8607,4.29,4.97
8608,4.29,4.97
8609,4.28,4.97
8610,4.28,4.97
8611,4.28,4.97
8613,4.28,4.96
8614,4.28,4.97
8615,4.28,4.96
8616,4.29,4.97
8617,4.29,4.97
8619,4.30,4.97
8620,4.30,4.97
8621,4.31,4.97
8623,4.31,4.97
8624,4.31,4.97
8625,4.31,4.97
8626,4.31,4.97
8627,4.31,4.96
8628,4.30,4.96
8629,4.30,4.97
8631,4.30,4.97
8632,4.30,4.97
8633,4.30,4.96
8634,4.30,4.96
8635,4.31,4.96
8636,4.31,4.97
8637,4.31,4.97
8638,4.31,4.96
8640,4.31,4.97
8641,4.31,4.97
8642,4.30,4.97
8643,4.30,4.97
8644,4.30,4.97
8645,4.30,4.97
8646,4.30,4.97
8648,4.30,4.97
8649,4.30,4.97
8650,4.30,4.97
8651,4.30,4.97
8652,4.29,4.97
8653,4.29,4.97
8654,4.29,4.97
8655,4.30,4.97
8657,4.30,4.96
8658,4.30,4.96
8659,4.30,4.97
8660,4.30,4.97
8662,4.30,4.97
8663,4.29,4.97
8664,4.29,4.97
8666,4.29,4.97
8667,4.28,4.97
8668,4.28,4.97
8669,4.28,4.97
8670,4.28,4.97
8671,4.28,4.96
8672,4.29,4.96
8673,4.29,4.97
8675,4.29,4.96
8676,4.30,4.97
8677,4.29,4.97
8678,4.29,4.96
8679,4.29,4.96
8680,4.29,4.97
8681,4.29,4.96
8682,4.30,4.97
8684,4.30,4.97
8685,4.30,4.97
8686,4.30,4.97
8687,4.30,4.97
8688,4.30,4.97
8689,4.30,4.97
8690,4.30,4.97
8692,4.30,4.97
8693,4.30,4.97
8694,4.30,4.97
8695,4.31,4.97
8696,4.31,4.97
8697,4.31,4.97
8698,4.31,4.97
8699,4.31,4.97
8701,4.31,4.97
8702,4.31,4.97
8704,4.31,4.97
8705,4.31,4.97
8706,4.32,4.97
8707,4.32,4.97
8708,4.32,4.97
8710,4.32,4.97
8711,4.31,4.97
8712,4.31,4.97
8713,4.31,4.97
8714,4.31,4.97
8715,4.31,4.97
8716,4.31,4.97
8718,4.31,4.97
8719,4.30,4.97
8720,4.30,4.97
8721,4.30,4.97
8722,4.30,4.97
8723,4.30,4.97
8724,4.30,4.97
8725,4.30,4.97
8727,4.30,4.97
8728,4.30,4.96
8729,4.30,4.97
8730,4.30,4.97
8731,4.30,4.97
8732,4.30,4.97
8733,4.30,4.97
8735,4.30,4.97
8736,4.30,4.97
8737,4.30,4.97
8738,4.30,4.96
8739,4.30,4.97
8740,4.30,4.97
8741,4.30,4.97
8742,4.30,4.97
8744,4.29,4.97
8745,4.29,4.97
8747,4.29,4.97
8748,4.29,4.97
8749,4.29,4.97
8750,4.29,4.97
8751,4.29,4.97
8753,4.29,4.96
8754,4.30,4.97
8755,4.30,4.97
8756,4.30,4.97
8757,4.30,4.97
8758,4.30,4.97
8759,4.30,4.97
8760,4.30,4.97
8762,4.30,4.97
8763,4.30,4.97
8764,4.30,4.97
8765,4.31,4.97
8766,4.31,4.97
8767,4.31,4.97
8768,4.30,4.97
8770,4.30,4.97
8771,4.30,4.97
8772,4.31,4.97
8773,4.31,4.97
8774,4.31,4.97
8775,4.31,4.97
8776,4.31,4.97
8777,4.31,4.97
8779,4.31,4.97
8780,4.31,4.97
8781,4.30,4.97
8782,4.30,4.97
8783,4.30,4.97
8784,4.30,4.97
8785,4.30,4.97
8787,4.30,4.97
8788,4.30,4.97
8790,4.30,4.97
8791,4.30,4.97
8792,4.30,4.97
8793,4.30,4.97
8794,4.31,4.97
8795,4.31,4.97
8797,4.31,4.97
8798,4.31,4.97
8799,4.31,4.97
8800,4.31,4.97
8801,4.30,4.97
8802,4.30,4.97
8803,4.30,4.97
8805,4.29,4.97
8806,4.29,4.97
8807,4.29,4.97
8808,4.29,4.97
8809,4.29,4.97
8810,4.31,4.97
8811,4.32,4.97
8812,4.33,4.97
8814,4.33,4.97
8815,4.33,4.97
8816,4.33,4.97
8817,4.32,4.97
8818,4.32,4.96
8819,4.31,4.97
8820,4.31,4.96
8822,4.31,4.96
8823,4.31,4.97
8824,4.31,4.96
8825,4.31,4.97
8826,4.31,4.97
8827,4.31,4.97
8828,4.31,4.97
8829,4.30,4.97
8832,4.30,4.97
8833,4.31,4.97
8834,4.31,4.97
8835,4.31,4.97
8836,4.31,4.96
8837,4.31,4.96
8838,4.31,4.97
8840,4.31,4.97
8841,4.31,4.97
8842,4.32,4.97
8843,4.32,4.97
8844,4.32,4.97
8845,4.32,4.97
8846,4.32,4.97
8848,4.32,4.97
8849,4.32,4.97
8850,4.32,4.97
8851,4.32,4.97
8852,4.32,4.97
8853,4.32,4.97
8854,4.32,4.97
8856,4.33,4.97
8857,4.33,4.97
8858,4.33,4.97
8859,4.32,4.97
8860,4.32,4.97
8861,4.32,4.97
8862,4.31,4.97
8863,4.31,4.97
8865,4.30,4.97
8866,4.30,4.97
8867,4.30,4.97
8868,4.30,4.97
8869,4.30,4.97
8870,4.30,4.97
8871,4.30,4.96
8873,4.31,4.96
8875,4.31,4.97
8876,4.31,4.97
8877,4.32,4.97
8878,4.33,4.97
8879,4.33,4.97
8880,4.33,4.97
8881,4.34,4.97
8883,4.34,4.97
8884,4.33,4.97
8885,4.33,4.97
8886,4.32,4.96
8887,4.32,4.97
8888,4.32,4.97
8889,4.32,4.97
8891,4.32,4.97
8892,4.31,4.97
8893,4.32,4.97
8894,4.32,4.97
8895,4.32,4.96
8896,4.32,4.97
8897,4.32,4.97
8899,4.32,4.97
8900,4.33,4.97
8901,4.33,4.97
8902,4.33,4.97
8903,4.33,4.97
8904,4.33,4.97
8905,4.33,4.97
8906,4.33,4.96
8908,4.33,4.97
8909,4.32,4.97
8910,4.32,4.97
8911,4.32,4.97
8912,4.32,4.97
8913,4.32,4.97
8914,4.32,4.97
8916,4.31,4.97
8918,4.31,4.97
8919,4.31,4.97
8920,4.31,4.97
8921,4.30,4.97
8922,4.30,4.97
8923,4.30,4.97
8925,4.30,4.97
8926,4.30,4.97
8927,4.30,4.96
8928,4.30,4.97
8929,4.30,4.96
8930,4.31,4.97
8931,4.31,4.97
8932,4.32,4.97
8934,4.32,4.97
8935,4.33,4.97
8936,4.33,4.97
8937,4.33,4.97
8938,4.33,4.97
8939,4.33,4.97
8940,4.32,4.97
8942,4.32,4.96
8943,4.32,4.97
8944,4.31,4.97
8945,4.31,4.97
8946,4.31,4.97
8947,4.31,4.96
8948,4.32,4.97
8950,4.34,4.97
8951,4.35,4.97
8952,4.35,4.97
8953,4.36,4.97
8954,4.36,4.97
8955,4.36,4.97
8956,4.35,4.97
8957,4.35,4.97
8960,4.35,4.96
8961,4.34,4.96
8962,4.34,4.97
8963,4.33,4.97
8964,4.33,4.97
8965,4.32,4.97
8966,4.32,4.97
8967,4.32,4.97
8969,4.32,4.97
8970,4.32,4.97
8971,4.32,4.96
8972,4.32,4.96
8973,4.33,4.96
8974,4.33,4.96
8975,4.33,4.96
8977,4.33,4.96
8978,4.33,4.96
8979,4.33,4.96
8980,4.33,4.97
8981,4.33,4.96
8982,4.33,4.97
8983,4.34,4.97
8984,4.34,4.97
8986,4.35,4.97
8987,4.35,4.97
8988,4.35,4.97
8989,4.36,4.97
8990,4.36,4.97
8991,4.35,4.97
8992,4.35,4.97
8993,4.35,4.97
8995,4.35,4.97
8996,4.34,4.97
8997,4.34,4.97
8998,4.34,4.97
8999,4.33,4.97
9000,4.33,4.97
9001,4.33,4.97
9004,4.33,4.97
9005,4.32,4.97
9006,4.32,4.97
9007,4.33,4.96
9008,4.33,4.96
9009,4.34,4.97
9010,4.35,4.97
9012,4.36,4.97
9013,4.36,4.97
9014,4.37,4.97
9015,4.37,4.97
9016,4.37,4.97
9017,4.37,4.97
9018,4.37,4.97
9019,4.36,4.96
9021,4.35,4.96
9022,4.35,4.96
9023,4.35,4.96
9024,4.35,4.96
9025,4.35,4.96
9026,4.35,4.96
9027,4.35,4.97
9028,4.35,4.97
9030,4.35,4.97
9031,4.35,4.97
9032,4.35,4.97
9033,4.34,4.97
9034,4.34,4.97
9035,4.34,4.97
9036,4.34,4.96
9038,4.34,4.96
9039,4.35,4.97
9040,4.35,4.97
9041,4.36,4.97
9042,4.36,4.97
9043,4.36,4.97
9044,4.36,4.96
9046,4.36,4.96
9048,4.35,4.96
9049,4.35,4.96
9050,4.35,4.96
9051,4.35,4.97
9052,4.35,4.97
9053,4.36,4.97
9054,4.36,4.97
9055,4.36,4.97
9057,4.36,4.97
9058,4.36,4.97
9059,4.36,4.96
9060,4.36,4.97
9061,4.36,4.97
9062,4.36,4.97
9063,4.36,4.97
9065,4.36,4.97
9066,4.36,4.97
9067,4.36,4.97
9068,4.36,4.97
9069,4.36,4.97
9070,4.36,4.97
9071,4.36,4.97
9072,4.35,4.97
9074,4.35,4.97
9075,4.35,4.97
9076,4.35,4.97
9077,4.35,4.97
9078,4.35,4.97
9079,4.35,4.97
9080,4.35,4.97
9082,4.35,4.96
9083,4.36,4.96
9084,4.36,4.97
9085,4.37,4.97
9086,4.37,4.97
9088,4.37,4.97
9089,4.37,4.97
9090,4.37,4.97
9092,4.37,4.97
9093,4.37,4.97
9094,4.37,4.97
9095,4.36,4.96
9096,4.36,4.97
9097,4.36,4.97
9098,4.36,4.97
9100,4.36,4.97
9101,4.37,4.97
9102,4.38,4.97
9103,4.39,4.97
9104,4.40,4.97
9105,4.40,4.97
9106,4.40,4.97
9107,4.40,4.97
9109,4.40,4.97
9110,4.39,4.96
9111,4.38,4.96
9112,4.38,4.97
9113,4.38,4.97
9114,4.37,4.97
9115,4.37,4.97
9116,4.37,4.97
9118,4.37,4.97
9119,4.37,4.97
9120,4.37,4.97
9121,4.37,4.96
9122,4.37,4.96
9123,4.38,4.97
9124,4.39,4.97
9125,4.40,4.97
9127,4.41,4.97
9128,4.41,4.97
9129,4.41,4.97
9131,4.41,4.97
9132,4.40,4.97
9133,4.40,4.96
9134,4.39,4.97
9136,4.39,4.96
9137,4.40,4.97
9138,4.40,4.97
9139,4.41,4.97
9140,4.41,4.97
9141,4.41,4.97
9142,4.41,4.97
9143,4.40,4.96
9145,4.40,4.97
9146,4.39,4.97
9147,4.39,4.97
9148,4.38,4.97
9149,4.38,4.97
9150,4.38,4.97
9151,4.38,4.97
9152,4.38,4.97
9154,4.37,4.97
9155,4.37,4.96
9156,4.38,4.96
9157,4.38,4.96
9158,4.38,4.96
9159,4.39,4.97
9160,4.39,4.97
9162,4.39,4.96
9163,4.39,4.97
9164,4.39,4.97
9165,4.39,4.97
9166,4.40,4.97
9167,4.40,4.96
9168,4.40,4.97
9169,4.40,4.97
9171,4.40,4.97
9172,4.40,4.96
9174,4.39,4.97
9175,4.39,4.97
9176,4.39,4.97
9177,4.39,4.97
9178,4.39,4.97
9179,4.39,4.97
9181,4.39,4.97
9182,4.39,4.97
9183,4.39,4.97
9184,4.39,4.96
9185,4.39,4.97
9186,4.40,4.97
9187,4.41,4.97
9189,4.42,4.97
9190,4.43,4.97
9191,4.43,4.97
9192,4.43,4.97
9193,4.43,4.97
9194,4.42,4.97
9195,4.41,4.96
9196,4.41,4.97
9198,4.40,4.97
9199,4.40,4.97
9200,4.40,4.97
9201,4.40,4.97
9202,4.40,4.96
9203,4.41,4.97
9204,4.42,4.97
9206,4.43,4.97
9207,4.44,4.97
9208,4.45,4.97
9209,4.45,4.97
9210,4.45,4.97
9211,4.44,4.97
9212,4.44,4.97
9213,4.43,4.96
9216,4.42,4.97
9217,4.42,4.97
9218,4.42,4.97
9219,4.41,4.97
9220,4.40,4.97
9221,4.40,4.97
9222,4.40,4.97
9223,4.39,4.97
9225,4.39,4.97
9226,4.39,4.97
9227,4.39,4.96
9228,4.40,4.96
9229,4.41,4.96
9230,4.42,4.97
9231,4.43,4.97
9232,4.44,4.97
9234,4.44,4.97
9235,4.44,4.97
9236,4.43,4.97
9237,4.43,4.97
9238,4.42,4.96
9239,4.42,4.97
9240,4.41,4.97
9241,4.41,4.97
9243,4.40,4.97
9244,4.40,4.97
9245,4.40,4.97
9246,4.39,4.97
9247,4.39,4.97
9248,4.39,4.97
9249,4.39,4.97
9250,4.39,4.96
9252,4.39,4.96
9253,4.40,4.96
9254,4.41,4.97
9255,4.42,4.97
9256,4.43,4.97
9257,4.43,4.97
9259,4.44,4.97
9261,4.44,4.97
9262,4.44,4.97
9263,4.44,4.97
9264,4.43,4.97
9265,4.43,4.96
9266,4.42,4.96
9267,4.42,4.96
9268,4.41,4.97
9270,4.41,4.97
9271,4.41,4.97
9272,4.41,4.97
9273,4.41,4.97
9274,4.41,4.97
9275,4.41,4.97
9276,4.41,4.97
9278,4.41,4.96
9279,4.41,4.97
9280,4.41,4.96
9281,4.41,4.97
9282,4.42,4.97
9283,4.42,4.97
9284,4.42,4.97
9285,4.42,4.97
9287,4.42,4.96
9288,4.42,4.97
9289,4.42,4.97
9290,4.42,4.97
9291,4.43,4.97
9292,4.43,4.97
9293,4.44,4.97
9295,4.44,4.97
9296,4.44,4.97
9297,4.44,4.97
9298,4.44,4.97
9299,4.43,4.97
9300,4.43,4.97
9302,4.43,4.97
9303,4.42,4.97
9305,4.42,4.97
9306,4.42,4.97
9307,4.42,4.97
9308,4.42,4.97
9309,4.42,4.97
9310,4.42,4.97
9311,4.43,4.97
9312,4.43,4.97
9314,4.43,4.97
9315,4.44,4.97
9316,4.44,4.97
9317,4.44,4.97
9318,4.44,4.97
9319,4.44,4.97
9320,4.44,4.97
9322,4.44,4.97
9323,4.44,4.97
9324,4.45,4.97
9325,4.46,4.97
9326,4.46,4.97
9327,4.47,4.97
9328,4.47,4.97
9329,4.47,4.97
9331,4.47,4.97
9332,4.46,4.97
9333,4.46,4.97
9334,4.46,4.97
9335,4.46,4.97
9336,4.46,4.97
9337,4.46,4.97
9338,4.47,4.97
9340,4.47,4.97
9341,4.46,4.97
9342,4.46,4.97
9344,4.46,4.97
9345,4.46,4.97
9346,4.46,4.97
9347,4.46,4.97
9349,4.46,4.97
9350,4.46,4.97
9351,4.46,4.97
9352,4.46,4.97
9353,4.45,4.97
9354,4.45,4.97
9355,4.45,4.97
9356,4.45,4.97
9358,4.45,4.97
9359,4.45,4.97
9360,4.45,4.97
9361,4.45,4.97
9362,4.45,4.97
9363,4.45,4.97
9364,4.46,4.97
9365,4.46,4.97
9367,4.46,4.97
9368,4.46,4.97
9369,4.46,4.97
9370,4.46,4.97
9371,4.46,4.97
9372,4.46,4.97
9373,4.46,4.97
9374,4.46,4.97
9376,4.46,4.97
9377,4.47,4.98
9378,4.48,4.98
9379,4.48,4.98
9380,4.48,4.98
9381,4.48,4.98
9382,4.48,4.98
9384,4.48,4.97
9385,4.48,4.97
9387,4.48,4.96
9388,4.48,4.96
9389,4.48,4.95
9390,4.49,4.94
9391,4.49,4.92
9392,4.50,4.91
9394,4.50,4.89
9395,4.51,4.88
9396,4.51,4.86
9397,4.51,4.83
9398,4.50,4.81
9399,4.50,4.79
9400,4.50,4.77
9401,4.50,4.75
9403,4.50,4.72
9404,4.50,4.70
9405,4.49,4.68
9406,4.49,4.66
9407,4.49,4.65
9408,4.48,4.63
9409,4.47,4.61
9410,4.47,4.59
9412,4.46,4.57
9413,4.46,4.56
9414,4.45,4.54
9415,4.45,4.52
9416,4.45,4.51
9417,4.44,4.49
9418,4.44,4.47
9419,4.44,4.45
9421,4.44,4.43
9422,4.44,4.42
9423,4.44,4.40
9424,4.44,4.39
9425,4.44,4.37
9426,4.44,4.36
9427,4.43,4.35
9430,4.43,4.33
9431,4.43,4.32
9432,4.42,4.30
9433,4.42,4.28
9434,4.42,4.27
9435,4.42,4.26
9436,4.42,4.24
9437,4.41,4.23
9439,4.42,4.21
9440,4.42,4.20
9441,4.42,4.18
9442,4.42,4.17
9443,4.42,4.16
9444,4.42,4.14
9445,4.42,4.13
9446,4.42,4.12
9448,4.42,4.11
9449,4.42,4.10
9450,4.42,4.09
9451,4.41,4.08
9452,4.41,4.07
9453,4.41,4.06
9454,4.41,4.06
9455,4.40,4.05
9457,4.41,4.04
9458,4.41,4.03
9459,4.41,4.03
9460,4.41,4.02
9461,4.41,4.01
9462,4.41,4.00
9463,4.41,3.99
9464,4.41,3.98
9466,4.41,3.97
9467,4.41,3.96
9468,4.41,3.96
9469,4.41,3.95
9470,4.41,3.94
9472,4.41,3.94
9473,4.41,3.93
9474,4.42,3.93
9476,4.42,3.92
9477,4.42,3.92
9478,4.42,3.92
9479,4.42,3.91
9480,4.43,3.91
9481,4.43,3.91
9482,4.43,3.91
9483,4.43,3.90
9485,4.43,3.90
9486,4.43,3.89
9487,4.43,3.89
9488,4.43,3.88
9489,4.43,3.88
9490,4.43,3.88
9491,4.43,3.87
9493,4.43,3.87
9494,4.43,3.86
9495,4.42,3.86
9496,4.42,3.85
9497,4.42,3.84
9498,4.42,3.84
9499,4.42,3.83
9500,4.42,3.83
9502,4.42,3.83
9503,4.43,3.82
9504,4.43,3.82
9505,4.43,3.82
9506,4.43,3.81
9507,4.43,3.81
9508,4.43,3.80
9509,4.43,3.80
9511,4.43,3.79
9512,4.43,3.79
9513,4.43,3.78
9515,4.43,3.78
9516,4.43,3.78
9517,4.43,3.78
9518,4.43,3.77
9519,4.43,3.77
9521,4.43,3.77
9522,4.43,3.76
9523,4.43,3.76
9524,4.43,3.76
9525,4.44,3.76
9526,4.44,3.76
9527,4.44,3.75
9528,4.44,3.75
9530,4.44,3.75
9531,4.44,3.74
9532,4.44,3.74
9533,4.44,3.74
9534,4.44,3.73
9535,4.44,3.73
9536,4.44,3.73
9537,4.43,3.73
9539,4.44,3.73
9540,4.43,3.72
9541,4.43,3.72
9542,4.43,3.72
9543,4.43,3.72
9544,4.43,3.72
9545,4.43,3.71
9547,4.43,3.71
9548,4.43,3.71
9549,4.43,3.71
9550,4.43,3.71
9551,4.43,3.71
9552,4.43,3.71
9553,4.43,3.71
9554,4.43,3.71
9556,4.43,3.71
9558,4.43,3.70
9559,4.43,3.70
9560,4.43,3.70
9561,4.43,3.70
9562,4.44,3.70
9563,4.44,3.70
9564,4.43,3.70
9566,4.44,3.70
9567,4.43,3.70
9568,4.43,3.70
9569,4.44,3.70
9570,4.44,3.70
9571,4.44,3.70
9572,4.44,3.69
9573,4.44,3.69
9575,4.44,3.69
9576,4.45,3.70
9577,4.45,3.70
9578,4.45,3.69
9579,4.45,3.69
9580,4.45,3.69
9581,4.45,3.69
9582,4.45,3.69
9584,4.45,3.69
9585,4.45,3.69
9586,4.45,3.69
9587,4.44,3.69
9588,4.44,3.69
9589,4.44,3.69
9590,4.44,3.69
9592,4.44,3.69
9593,4.44,3.69
9594,4.44,3.69
9595,4.44,3.69
9596,4.43,3.69
9597,4.43,3.69
9598,4.43,3.69
9600,4.43,3.69
9602,4.43,3.69
9603,4.43,3.69
9604,4.43,3.69
9605,4.43,3.69
9606,4.43,3.69
9607,4.44,3.69
9608,4.44,3.69
9609,4.44,3.69
9611,4.44,3.69
9612,4.44,3.69
9613,4.44,3.69
9614,4.44,3.69
9615,4.43,3.69
9616,4.43,3.69
9617,4.43,3.69
9618,4.43,3.69
9620,4.43,3.70
9621,4.43,3.70
9622,4.44,3.70
9623,4.43,3.70
9624,4.44,3.70
9625,4.44,3.70
9626,4.44,3.70
9627,4.44,3.70
9629,4.44,3.70
9630,4.44,3.71
9631,4.44,3.70
9632,4.44,3.70
9633,4.45,3.70
9634,4.45,3.71
9635,4.45,3.71
9636,4.45,3.71
9638,4.45,3.71
9639,4.45,3.71
9640,4.45,3.71
9641,4.45,3.72
9643,4.45,3.72
9644,4.45,3.72
9645,4.45,3.72
9646,4.46,3.72
9648,4.46,3.73
9649,4.46,3.73
9650,4.46,3.73
9651,4.46,3.73
9652,4.46,3.74
9653,4.46,3.74
9654,4.46,3.74
9655,4.45,3.74
9657,4.45,3.74
9658,4.45,3.74
9659,4.45,3.74
9660,4.45,3.74
9661,4.45,3.75
9662,4.45,3.75
9663,4.45,3.75
9664,4.45,3.75
9666,4.45,3.75
9667,4.45,3.76
9668,4.44,3.76
9669,4.44,3.76
9670,4.44,3.77
9671,4.44,3.77
9672,4.44,3.77
9673,4.43,3.77
9675,4.43,3.77
9676,4.43,3.77
9677,4.43,3.77
9678,4.43,3.78
9679,4.43,3.78
9680,4.44,3.78
9681,4.44,3.78
9682,4.44,3.79
9684,4.45,3.79
9686,4.45,3.80
9687,4.45,3.80
9688,4.45,3.81
9689,4.46,3.81
9690,4.46,3.82
9691,4.46,3.82
9692,4.46,3.83
9694,4.47,3.84
9695,4.47,3.84
9696,4.47,3.85
9697,4.47,3.85
9698,4.47,3.86
9699,4.47,3.87
9700,4.47,3.87
9701,4.47,3.88
9703,4.47,3.88
9704,4.47,3.89
9705,4.47,3.90
9706,4.47,3.90
9707,4.47,3.91
9708,4.47,3.91
9709,4.46,3.91
9710,4.46,3.92
9712,4.46,3.93
9713,4.46,3.94
9714,4.46,3.94
9715,4.46,3.95
9716,4.46,3.96
9717,4.46,3.97
9718,4.46,3.98
9719,4.46,3.99
9721,4.46,4.00
9722,4.46,4.01
9723,4.46,4.01
9724,4.46,4.02
9725,4.46,4.03
9726,4.45,4.03
9728,4.45,4.04
9729,4.45,4.05
9731,4.45,4.05
9732,4.44,4.06
9733,4.44,4.07
9734,4.44,4.07
9735,4.44,4.08
9736,4.44,4.09
9737,4.44,4.10
9738,4.44,4.12
9740,4.44,4.13
9741,4.45,4.15
9742,4.45,4.18
9743,4.45,4.21
9744,4.46,4.24
9745,4.46,4.27
9746,4.46,4.30
9747,4.47,4.33
9749,4.47,4.36
9750,4.48,4.38
9751,4.48,4.41
9752,4.49,4.43
9753,4.49,4.45
9754,4.50,4.48
9755,4.50,4.50
9756,4.51,4.52
9758,4.51,4.54
9759,4.51,4.56
9760,4.52,4.57
9761,4.52,4.58
9762,4.52,4.60
9763,4.53,4.62
9764,4.53,4.63
9766,4.53,4.65
9767,4.53,4.66
9768,4.53,4.67
9769,4.54,4.68
9771,4.54,4.69
9772,4.54,4.70
9773,4.54,4.71
9774,4.54,4.72
9776,4.54,4.73
9777,4.54,4.74
9778,4.54,4.75
9779,4.54,4.76
9780,4.54,4.77
9781,4.53,4.78
9782,4.53,4.78
9783,4.53,4.78
9785,4.52,4.79
9786,4.53,4.80
9787,4.52,4.80
9788,4.52,4.81
9789,4.52,4.82
9790,4.52,4.82
9791,4.51,4.82
9792,4.51,4.83
9794,4.51,4.84
9795,4.51,4.84
9796,4.51,4.84
9797,4.51,4.85
9798,4.50,4.85
9799,4.50,4.86
9800,4.50,4.86
9801,4.50,4.86
9803,4.49,4.87
9804,4.49,4.87
9805,4.49,4.87
9806,4.49,4.87
9807,4.48,4.87
9808,4.48,4.88
9809,4.48,4.88
9810,4.47,4.88
9812,4.47,4.88
9814,4.47,4.88
9815,4.47,4.89
9816,4.47,4.89
9817,4.47,4.89
9818,4.48,4.89
9819,4.48,4.89
9820,4.48,4.89
9822,4.48,4.90
9823,4.48,4.90
9824,4.48,4.90
9825,4.47,4.91
9826,4.47,4.91
9827,4.46,4.91
9828,4.46,4.91
9829,4.46,4.91
9831,4.46,4.92
9832,4.45,4.92
9833,4.45,4.92
9834,4.45,4.92
9835,4.45,4.92
9836,4.45,4.92
9837,4.45,4.92
9838,4.44,4.92
9840,4.44,4.93
9841,4.44,4.93
9842,4.44,4.93
9843,4.44,4.93
9844,4.44,4.93
9845,4.44,4.93
9846,4.44,4.93
9847,4.44,4.93
9849,4.44,4.93
9850,4.44,4.93
9851,4.44,4.93
9852,4.44,4.93
9853,4.44,4.93
9854,4.44,4.94
9856,4.44,4.94
9857,4.44,4.94
9859,4.44,4.94
9860,4.44,4.94
9861,4.45,4.94
9862,4.45,4.94
9863,4.45,4.94
9864,4.45,4.94
9865,4.45,4.94
9866,4.45,4.94
9868,4.45,4.95
9869,4.45,4.95
9870,4.45,4.95
9871,4.45,4.95
9872,4.45,4.95
9873,4.45,4.95
9874,4.45,4.95
9876,4.45,4.95
9877,4.45,4.95
9878,4.46,4.95
9879,4.46,4.95
9880,4.46,4.95
9881,4.46,4.95
9882,4.46,4.95
9883,4.46,4.95
9885,4.46,4.95
9886,4.47,4.95
9887,4.47,4.95
9888,4.47,4.95
9889,4.47,4.95
9890,4.47,4.96
9891,4.46,4.96
9892,4.46,4.96
9894,4.46,4.96
9895,4.46,4.96
9896,4.46,4.96
9897,4.46,4.96
9899,4.46,4.96
9900,4.46,4.96
9901,4.46,4.96
9903,4.46,4.96
9904,4.46,4.96
9905,4.46,4.96
9906,4.45,4.96
9907,4.45,4.96
9908,4.45,4.96
9909,4.45,4.96
9910,4.45,4.96
9912,4.46,4.96
9913,4.46,4.96
9914,4.46,4.96
9915,4.46,4.96
9916,4.46,4.96
9917,4.46,4.96
9918,4.46,4.96
9920,4.46,4.96
9921,4.46,4.96
9922,4.46,4.96
9923,4.46,4.96
9924,4.46,4.96
9925,4.45,4.96
9926,4.45,4.96
9927,4.45,4.96
9929,4.45,4.96
9930,4.45,4.96
9931,4.45,4.96
9932,4.45,4.96
9933,4.45,4.96
9934,4.46,4.96
9935,4.45,4.96
9936,4.45,4.96
9938,4.46,4.96
9939,4.46,4.96
9940,4.46,4.96
9942,4.46,4.96
9943,4.46,4.96
9944,4.46,4.96
9945,4.46,4.96
9946,4.47,4.96
9948,4.47,4.96
9949,4.47,4.97
9950,4.47,4.96
9951,4.47,4.96
9952,4.47,4.96
9953,4.47,4.96
9954,4.47,4.96
9955,4.47,4.96
9957,4.47,4.96
9958,4.47,4.97
9959,4.47,4.97
9960,4.46,4.97
9961,4.46,4.97
9962,4.46,4.97
9963,4.46,4.97
9964,4.46,4.97
9966,4.46,4.96
9967,4.46,4.97
9968,4.46,4.97
9969,4.46,4.96
9970,4.46,4.96
9971,4.46,4.96
9972,4.46,4.96
9973,4.46,4.96
9975,4.46,4.96
9976,4.46,4.97
9977,4.46,4.97
9978,4.46,4.97
9979,4.46,4.97
9980,4.46,4.97
9981,4.46,4.97
9984,4.46,4.97
9985,4.46,4.96
9986,4.46,4.96
9987,4.46,4.96
9988,4.46,4.96
9989,4.46,4.96
9990,4.46,4.97
9991,4.46,4.96
9993,4.46,4.97
9994,4.46,4.97
9995,4.46,4.97
9996,4.46,4.97
9997,4.46,4.97
9998,4.46,4.96
9999,4.46,4.97
10000,4.46,4.97
10002,4.46,4.96
10003,4.46,4.96
10004,4.46,4.96
10005,4.46,4.96
10006,4.46,4.96
10008,4.46,4.97
10009,4.47,4.97
10010,4.47,4.97
10011,4.48,4.97
10012,4.48,4.97
10013,4.48,4.97
10015,4.48,4.97
10016,4.48,4.97
10017,4.48,4.97
10018,4.48,4.96
10019,4.48,4.96
10021,4.47,4.97
10022,4.47,4.97
10023,4.47,4.97
10024,4.47,4.97
10025,4.47,4.97
10028,4.47,4.97
10029,4.47,4.97
10030,4.47,4.97
10031,4.47,4.97
10032,4.47,4.97
10033,4.47,4.96
10035,4.47,4.97
10036,4.47,4.97
10037,4.47,4.97
10038,4.46,4.97
10039,4.46,4.97
10041,4.46,4.97
10042,4.46,4.97
10043,4.46,4.97
10044,4.46,4.97
10045,4.46,4.97
10047,4.46,4.97
10048,4.46,4.97
10049,4.46,4.97
10050,4.45,4.96
10051,4.46,4.97
10052,4.46,4.97
10054,4.46,4.97
10055,4.46,4.97
10056,4.45,4.97
10057,4.46,4.97
10058,4.45,4.97
10060,4.46,4.96
10061,4.46,4.97
10062,4.46,4.97
10063,4.46,4.96
10064,4.46,4.97
10065,4.46,4.97
10067,4.46,4.97
10068,4.47,4.97
10070,4.47,4.97
10071,4.47,4.97
10072,4.47,4.97
10074,4.47,4.97
10075,4.47,4.97
10076,4.47,4.97
10077,4.47,4.96
10078,4.47,4.97
10080,4.47,4.97
10081,4.48,4.97
10082,4.48,4.97
10083,4.48,4.97
10084,4.48,4.97
10085,4.48,4.97
10087,4.48,4.97
10088,4.48,4.97
10089,4.48,4.97
10090,4.48,4.97
10091,4.48,4.97
10093,4.48,4.97
10094,4.47,4.97
10095,4.47,4.97
10096,4.47,4.97
10097,4.47,4.97
10099,4.47,4.97
10100,4.47,4.97
10101,4.47,4.97
10102,4.47,4.97
10103,4.47,4.97
10104,4.47,4.97
10106,4.47,4.97
10107,4.47,4.97
10108,4.47,4.97
10109,4.47,4.97
10110,4.47,4.97
10113,4.47,4.97
10114,4.47,4.97
10115,4.47,4.97
10116,4.47,4.97
10117,4.47,4.97
10119,4.47,4.97
10120,4.47,4.97
10121,4.46,4.97
10122,4.46,4.97
10123,4.46,4.97
10124,4.46,4.97
10126,4.46,4.97
10127,4.46,4.97
10128,4.46,4.97
10129,4.46,4.97
10130,4.46,4.97
10132,4.46,4.97
10133,4.46,4.97
10134,4.46,4.97
10135,4.46,4.97
10136,4.46,4.97
10137,4.46,4.97
10139,4.46,4.97
10140,4.46,4.97
10141,4.46,4.97
10142,4.45,4.97
10143,4.45,4.97
10145,4.45,4.97
10146,4.45,4.97
10147,4.45,4.97
10148,4.45,4.97
10149,4.45,4.97
10151,4.46,4.97
10152,4.46,4.97
10153,4.46,4.97
10155,4.46,4.96
10156,4.46,4.95
10157,4.47,4.93
10159,4.48,4.91
10160,4.49,4.89
10161,4.50,4.85
10162,4.50,4.81
10163,4.50,4.77
10164,4.50,4.71
10166,4.50,4.66
10167,4.50,4.61
10168,4.50,4.57
10169,4.50,4.52
10170,4.50,4.47
10172,4.49,4.42
10173,4.49,4.38
10174,4.48,4.34
10175,4.48,4.30
10176,4.47,4.27
10177,4.47,4.23
10179,4.46,4.20
10180,4.46,4.16
10181,4.45,4.13
10182,4.45,4.11
10183,4.44,4.08
10185,4.44,4.05
10186,4.44,4.03
10187,4.44,4.01
10188,4.44,3.98
10189,4.44,3.96
10190,4.44,3.94
10192,4.44,3.92
10193,4.44,3.90
10194,4.43,3.88
10195,4.43,3.86
10196,4.43,3.85
10198,4.42,3.83
10200,4.42,3.81
10201,4.42,3.80
10202,4.41,3.79
10203,4.41,3.77
10204,4.40,3.76
10206,4.40,3.75
10207,4.40,3.74
10208,4.40,3.73
10209,4.40,3.72
10210,4.40,3.71
10211,4.40,3.70
10213,4.40,3.70
10214,4.40,3.69
10215,4.40,3.68
10216,4.40,3.68
10217,4.40,3.67
10218,4.40,3.67
10220,4.40,3.66
10221,4.40,3.66
10222,4.40,3.66
10223,4.40,3.65
10224,4.41,3.65
10226,4.41,3.65
10227,4.41,3.65
10228,4.41,3.65
10229,4.41,3.64
10230,4.42,3.64
10231,4.42,3.64
10233,4.42,3.64
10234,4.42,3.64
10235,4.42,3.64
10236,4.42,3.63
10237,4.43,3.63
10240,4.42,3.63
10241,4.43,3.63
10242,4.43,3.63
10243,4.43,3.63
10244,4.43,3.62
10245,4.43,3.62
10247,4.43,3.62
10248,4.43,3.63
10249,4.43,3.63
10250,4.44,3.63
10251,4.44,3.63
10253,4.44,3.63
10254,4.45,3.63
10255,4.45,3.63
10256,4.45,3.63
10257,4.45,3.63
10258,4.45,3.62
10260,4.45,3.62
10261,4.45,3.62
10262,4.45,3.62
10263,4.45,3.62
10264,4.45,3.63
10266,4.45,3.63
10267,4.46,3.63
10268,4.46,3.63
10269,4.46,3.63
10270,4.46,3.63
10271,4.46,3.63
10273,4.46,3.63
10274,4.45,3.64
10275,4.45,3.64
10276,4.45,3.64
10277,4.45,3.65
10279,4.45,3.65
10280,4.45,3.65
10281,4.45,3.65
10283,4.45,3.65
10284,4.46,3.66
10285,4.46,3.66
10287,4.46,3.66
10288,4.47,3.66
10289,4.47,3.66
10290,4.47,3.65
10291,4.46,3.65
10293,4.46,3.65
10294,4.46,3.65
10295,4.46,3.65
10296,4.46,3.65
10297,4.45,3.66
10298,4.45,3.66
10300,4.45,3.66
10301,4.45,3.66
10302,4.46,3.66
10303,4.46,3.66
10304,4.46,3.66
10306,4.46,3.67
10307,4.46,3.67
10308,4.46,3.67
10309,4.46,3.67
10310,4.45,3.67
10311,4.45,3.67
10313,4.45,3.67
10314,4.45,3.67
10315,4.44,3.67
10316,4.44,3.67
10317,4.44,3.67
10319,4.44,3.67
10320,4.44,3.67
10321,4.44,3.67
10322,4.44,3.67
10323,4.44,3.67
10326,4.44,3.67
10327,4.44,3.67
10328,4.44,3.67
10329,4.44,3.67
10330,4.45,3.68
10331,4.45,3.67
10333,4.45,3.68
10334,4.45,3.67
10335,4.46,3.67
10336,4.46,3.67
10337,4.46,3.67
10339,4.46,3.67
10340,4.46,3.67
10341,4.46,3.67
10342,4.47,3.67
10343,4.47,3.67
10344,4.47,3.67
10346,4.47,3.67
10347,4.46,3.67
10348,4.46,3.66
10349,4.45,3.66
10350,4.45,3.66
10352,4.44,3.67
10353,4.44,3.67
10354,4.44,3.67
10355,4.44,3.67
10356,4.44,3.67
10357,4.43,3.67
10359,4.43,3.67
10360,4.43,3.67
10361,4.43,3.67
10362,4.43,3.67
10363,4.43,3.67
10365,4.43,3.67
10366,4.43,3.67
10368,4.43,3.67
10369,4.42,3.67
10370,4.42,3.67
10371,4.42,3.67
10373,4.42,3.67
10374,4.42,3.66
10375,4.42,3.66
10376,4.42,3.66
10377,4.42,3.66
10379,4.42,3.66
10380,4.42,3.66
10381,4.42,3.67
10382,4.42,3.67
10383,4.42,3.67
10384,4.43,3.67
10386,4.43,3.67
10387,4.43,3.67
10388,4.43,3.67
10389,4.44,3.67
10390,4.44,3.67
10392,4.44,3.67
10393,4.45,3.67
10394,4.45,3.67
10395,4.45,3.67
10396,4.45,3.66
10398,4.45,3.66
10399,4.45,3.66
10400,4.45,3.66
10401,4.45,3.66
10402,4.45,3.66
10403,4.45,3.66
10405,4.45,3.66
10406,4.45,3.66
10407,4.45,3.65
10408,4.44,3.65
10409,4.45,3.65
10412,4.44,3.65
10413,4.44,3.65
10414,4.44,3.65
10415,4.44,3.65
10416,4.44,3.65
10417,4.43,3.66
10419,4.43,3.65
10420,4.43,3.65
10421,4.43,3.65
10422,4.42,3.65
10423,4.42,3.65
10425,4.42,3.65
10426,4.42,3.65
10427,4.42,3.66
10428,4.42,3.65
10429,4.42,3.65
10430,4.42,3.65
10432,4.42,3.65
10433,4.42,3.65
10434,4.42,3.65
10435,4.43,3.65
10436,4.43,3.66
10437,4.43,3.66
10439,4.44,3.65
10440,4.44,3.65
10441,4.45,3.65
10442,4.45,3.65
10443,4.45,3.65
10445,4.44,3.65
10446,4.44,3.65
10447,4.44,3.65
10448,4.43,3.65
10449,4.43,3.64
10451,4.43,3.64
10452,4.43,3.65
10454,4.42,3.65
10455,4.42,3.65
10456,4.42,3.65
10457,4.42,3.65
10459,4.42,3.65
10460,4.41,3.65
10461,4.41,3.65
10462,4.41,3.65
10463,4.41,3.65
10465,4.42,3.65
10466,4.43,3.65
10467,4.43,3.65
10468,4.44,3.65
10469,4.44,3.65
10470,4.44,3.64
10472,4.44,3.64
10473,4.44,3.64
10474,4.44,3.64
10475,4.44,3.64
10476,4.44,3.64
10478,4.43,3.64
10479,4.43,3.64
10480,4.43,3.64
10481,4.43,3.64
10482,4.42,3.64
10484,4.42,3.64
10485,4.42,3.64
10486,4.42,3.64
10487,4.42,3.64
10488,4.42,3.64
10489,4.42,3.64
10491,4.42,3.64
10492,4.42,3.64
10493,4.41,3.64
10494,4.41,3.64
10496,4.41,3.64
10498,4.41,3.64
10499,4.41,3.64
10500,4.41,3.64
10501,4.41,3.64
10502,4.41,3.64
10503,4.41,3.64
10505,4.42,3.64
10506,4.42,3.64
10507,4.42,3.64
10508,4.43,3.64
10509,4.43,3.64
10511,4.43,3.64
10512,4.44,3.63
10513,4.44,3.63
10514,4.44,3.63
10515,4.43,3.63
10517,4.43,3.63
10518,4.43,3.63
10519,4.43,3.63
10520,4.42,3.62
10521,4.42,3.62
10522,4.42,3.63
10524,4.42,3.63
10525,4.42,3.63
10526,4.42,3.63
10527,4.42,3.63
10528,4.42,3.63
10530,4.42,3.63
10531,4.42,3.63
10532,4.42,3.63
10533,4.42,3.63
10534,4.42,3.63
10535,4.42,3.63
10537,4.42,3.63
10539,4.42,3.63
10540,4.43,3.63
10541,4.43,3.63
10542,4.43,3.63
10544,4.43,3.63
10545,4.44,3.63
10546,4.44,3.63
10547,4.44,3.63
10548,4.44,3.63
10549,4.44,3.62
10551,4.44,3.62
10552,4.44,3.62
10553,4.44,3.62
10554,4.44,3.62
10555,4.44,3.62
10557,4.44,3.62
10558,4.44,3.62
10559,4.44,3.62
10560,4.44,3.62
10561,4.44,3.62
10562,4.44,3.62
10564,4.44,3.62
10565,4.44,3.62
10566,4.43,3.61
10567,4.43,3.61
10568,4.43,3.62
10570,4.43,3.62
10571,4.42,3.62
10572,4.42,3.62
10573,4.42,3.62
10574,4.42,3.62
10575,4.42,3.62
10577,4.42,3.62
10578,4.42,3.62
10579,4.42,3.62
10580,4.42,3.62
10582,4.42,3.61
10584,4.42,3.61
10585,4.41,3.61
10586,4.41,3.61
10587,4.41,3.61
10588,4.41,3.61
10589,4.41,3.61
10591,4.40,3.61
10592,4.40,3.61
10593,4.40,3.61
10594,4.40,3.62
10595,4.40,3.62
10596,4.40,3.62
10598,4.40,3.62
10599,4.40,3.61
10600,4.40,3.62
10601,4.40,3.62
10602,4.40,3.62
10604,4.40,3.62
10605,4.40,3.62
10606,4.40,3.62
10607,4.40,3.62
10608,4.40,3.62
10609,4.40,3.62
10611,4.40,3.62
10612,4.40,3.62
10613,4.41,3.62
10614,4.41,3.62
10615,4.41,3.62
10616,4.41,3.62
10618,4.42,3.62
10619,4.42,3.62
10620,4.42,3.62
10621,4.43,3.62
10622,4.43,3.62
10625,4.44,3.62
10626,4.44,3.62
10627,4.44,3.62
10628,4.44,3.62
10629,4.43,3.62
10630,4.43,3.62
10632,4.43,3.62
10633,4.42,3.62
10634,4.42,3.62
10635,4.42,3.62
10636,4.42,3.62
10638,4.42,3.63
10639,4.42,3.63
10640,4.42,3.63
10641,4.41,3.63
10642,4.41,3.63
10644,4.41,3.63
10645,4.41,3.63
10646,4.41,3.63
10647,4.41,3.63
10648,4.41,3.63
10649,4.41,3.63
10651,4.41,3.63
10652,4.40,3.63
10653,4.40,3.63
10654,4.40,3.63
10655,4.40,3.63
10657,4.40,3.63
10658,4.40,3.63
10659,4.40,3.63
10660,4.40,3.63
10661,4.40,3.63
10662,4.40,3.62
10664,4.40,3.63
10665,4.40,3.63
10667,4.40,3.63
10668,4.40,3.63
10669,4.40,3.63
10670,4.40,3.63
10672,4.41,3.63
10673,4.41,3.63
10674,4.42,3.63
10675,4.42,3.63
10676,4.43,3.63
10678,4.44,3.63
10679,4.45,3.63
10680,4.45,3.63
10681,4.45,3.63
10682,4.46,3.63
10683,4.46,3.63
10685,4.46,3.62
10686,4.46,3.62
10687,4.45,3.62
10688,4.45,3.62
10689,4.45,3.62
10691,4.44,3.61
10692,4.44,3.61
10693,4.44,3.61
10694,4.43,3.61
10695,4.43,3.61
10696,4.43,3.61
10698,4.43,3.61
10699,4.42,3.61
10700,4.42,3.62
10701,4.42,3.62
10702,4.41,3.62
10704,4.41,3.62
10705,4.41,3.62
10706,4.41,3.62
10707,4.40,3.62
10708,4.40,3.62
10710,4.40,3.63
10712,4.40,3.63
10713,4.39,3.63
10714,4.39,3.63
10715,4.39,3.63
10716,4.39,3.63
10718,4.39,3.63
10719,4.39,3.63
10720,4.39,3.63
10721,4.39,3.63
10722,4.39,3.63
10723,4.39,3.63
10725,4.39,3.63
10726,4.39,3.63
10727,4.39,3.63
10728,4.39,3.63
10729,4.39,3.63
10731,4.39,3.63
10732,4.40,3.63
10733,4.39,3.63
10734,4.40,3.63
10735,4.40,3.63
10736,4.40,3.63
10738,4.40,3.63
10739,4.40,3.64
10740,4.40,3.64
10741,4.40,3.64
10742,4.41,3.64
10743,4.41,3.64
10745,4.41,3.64
10746,4.41,3.64
10747,4.41,3.64
10748,4.41,3.64
10749,4.41,3.64
10752,4.41,3.64
10753,4.42,3.64
10754,4.42,3.64
10755,4.42,3.64
10756,4.42,3.65
10757,4.42,3.65
10759,4.42,3.65
10760,4.42,3.65
10761,4.42,3.65
10762,4.42,3.65
10763,4.42,3.65
10765,4.42,3.65
10766,4.43,3.65
10767,4.43,3.65
10768,4.43,3.65
10769,4.43,3.65
10770,4.43,3.65
10772,4.43,3.65
10773,4.43,3.65
10774,4.43,3.65
10775,4.43,3.65
10776,4.43,3.65
10778,4.43,3.65
10779,4.43,3.65
10780,4.43,3.66
10781,4.43,3.66
10782,4.42,3.66
10783,4.42,3.66
10785,4.42,3.66
10786,4.42,3.67
10787,4.41,3.67
10788,4.41,3.67
10789,4.41,3.67
10791,4.41,3.67
10792,4.41,3.67
10793,4.41,3.67
10795,4.41,3.67
10796,4.40,3.67
10797,4.40,3.67
10799,4.40,3.67
10800,4.40,3.67
10801,4.40,3.67
10802,4.40,3.67
10803,4.40,3.67
10805,4.40,3.67
10806,4.40,3.67
10807,4.40,3.67
10808,4.40,3.67
10809,4.40,3.67
10810,4.40,3.67
10812,4.40,3.67
10813,4.40,3.67
10814,4.40,3.67
10815,4.40,3.67
10816,4.40,3.67
10817,4.40,3.67
10819,4.41,3.67
10820,4.41,3.67
10821,4.41,3.67
10822,4.41,3.67
10823,4.41,3.67
10824,4.41,3.67
10826,4.41,3.67
10827,4.42,3.67
10828,4.42,3.68
10829,4.42,3.67
10830,4.42,3.67
10832,4.42,3.68
10833,4.42,3.68
10834,4.42,3.68
10835,4.42,3.68
10836,4.41,3.68
10838,4.42,3.68
10840,4.41,3.68
10841,4.41,3.68
10842,4.41,3.67
10843,4.41,3.68
10844,4.41,3.67
10846,4.41,3.67
10847,4.41,3.67
10848,4.42,3.67
10849,4.42,3.67
10850,4.42,3.67
10851,4.42,3.67
10853,4.42,3.67
10854,4.42,3.67
10855,4.42,3.67
10856,4.41,3.67
10857,4.41,3.67
10859,4.41,3.66
10860,4.41,3.67
10861,4.41,3.67
10862,4.41,3.67
10863,4.41,3.67
10865,4.41,3.67
10866,4.41,3.67
10867,4.41,3.67
10868,4.41,3.67
10869,4.40,3.67
10870,4.40,3.66
10872,4.41,3.67
10873,4.40,3.66
10874,4.40,3.66
10875,4.40,3.66
10876,4.40,3.66
10878,4.40,3.66
10880,4.40,3.66
10881,4.40,3.66
10882,4.40,3.66
10883,4.40,3.66
10884,4.41,3.66
10886,4.41,3.66
10887,4.41,3.66
10888,4.41,3.66
10889,4.41,3.66
10890,4.41,3.66
10891,4.41,3.66
10893,4.41,3.66
10894,4.41,3.66
10895,4.42,3.66
10896,4.42,3.66
10897,4.41,3.66
10899,4.41,3.66
10900,4.41,3.66
10901,4.41,3.66
10902,4.41,3.66
10903,4.41,3.66
10904,4.41,3.66
10906,4.41,3.66
10907,4.41,3.66
10908,4.41,3.66
10909,4.42,3.66
10910,4.42,3.66
10912,4.42,3.66
10913,4.42,3.66
10914,4.42,3.66
10915,4.42,3.66
10916,4.42,3.66
10918,4.43,3.66
10919,4.43,3.66
10920,4.43,3.66
10921,4.43,3.65
10923,4.44,3.65
10924,4.44,3.65
10926,4.44,3.65
10927,4.43,3.65
10928,4.43,3.65
10929,4.43,3.64
10930,4.42,3.64
10932,4.42,3.64
10933,4.42,3.64
10934,4.41,3.64
10935,4.42,3.65
10936,4.41,3.65
10937,4.41,3.65
10939,4.41,3.65
10940,4.41,3.65
10941,4.41,3.65
10942,4.41,3.65
10943,4.41,3.65
10945,4.40,3.65
10946,4.40,3.65
10947,4.40,3.65
10948,4.40,3.64
10949,4.40,3.64
10950,4.40,3.64
10952,4.40,3.64
10953,4.40,3.64
10954,4.40,3.64
10955,4.40,3.64
10956,4.40,3.64
10957,4.40,3.64
10959,4.40,3.64
10960,4.40,3.64
10961,4.40,3.64
10962,4.40,3.64
10963,4.41,3.64
10966,4.41,3.64
10967,4.41,3.64
10968,4.41,3.64
10969,4.41,3.64
10970,4.41,3.64
10971,4.41,3.64
10973,4.41,3.64
10974,4.41,3.64
10975,4.41,3.64
10976,4.41,3.64
10977,4.41,3.64
10979,4.41,3.64
10980,4.41,3.64
10981,4.41,3.64
10982,4.41,3.64
10983,4.41,3.64
10984,4.41,3.64
10986,4.41,3.64
10987,4.41,3.64
10988,4.41,3.64
10989,4.41,3.64
10990,4.41,3.64
10992,4.41,3.64
10993,4.41,3.64
10994,4.41,3.64
10995,4.41,3.64
10996,4.41,3.64
10998,4.41,3.64
10999,4.41,3.64
11000,4.41,3.64
11001,4.41,3.64
11002,4.41,3.64
11003,4.41,3.64
11005,4.41,3.64
11006,4.41,3.64
11008,4.41,3.64
11009,4.41,3.64
11010,4.41,3.64
11012,4.41,3.64
11013,4.42,3.64
11014,4.41,3.63
11015,4.42,3.64
11016,4.42,3.63
11018,4.42,3.63
11019,4.42,3.63
11020,4.42,3.63
11021,4.42,3.63
11022,4.42,3.63
11023,4.42,3.63
11025,4.42,3.63
11026,4.42,3.63
11027,4.41,3.63
11028,4.41,3.63
11029,4.41,3.63
11030,4.41,3.63
11032,4.41,3.63
11033,4.41,3.63
11034,4.41,3.63
11035,4.41,3.63
11036,4.41,3.64
11038,4.41,3.63
11039,4.41,3.63
11040,4.41,3.63
11041,4.41,3.63
11042,4.41,3.63
11043,4.41,3.63
11045,4.41,3.63
11046,4.41,3.63
11047,4.41,3.63
11048,4.41,3.63
11049,4.41,3.63
11052,4.41,3.63
11053,4.41,3.63
11054,4.41,3.63
11055,4.41,3.63
11056,4.41,3.63
11057,4.41,3.63
11059,4.41,3.63
11060,4.41,3.63
11061,4.41,3.63
11062,4.41,3.63
11063,4.41,3.63
11065,4.41,3.63
11066,4.41,3.63
11067,4.41,3.63
11068,4.41,3.63
11069,4.41,3.63
11070,4.41,3.63
11072,4.41,3.63
11073,4.41,3.63
11074,4.41,3.63
11075,4.41,3.63
11076,4.42,3.63
11078,4.42,3.63
11079,4.42,3.63
11080,4.42,3.63
11081,4.42,3.62
11082,4.42,3.63
11084,4.42,3.62
11085,4.42,3.62
11086,4.42,3.62
11087,4.42,3.62
11088,4.42,3.62
11089,4.42,3.62
11091,4.42,3.62
11092,4.42,3.62
11094,4.41,3.62
11095,4.41,3.62
11096,4.41,3.62
11098,4.41,3.62
11099,4.41,3.62
11100,4.41,3.63
11101,4.41,3.62
11102,4.41,3.62
11103,4.41,3.62
11105,4.41,3.62
11106,4.41,3.62
11107,4.41,3.62
11108,4.41,3.62
11109,4.41,3.62
11110,4.41,3.62
11112,4.42,3.62
11113,4.42,3.62
11114,4.42,3.62
11115,4.42,3.62
11116,4.42,3.62
11118,4.42,3.62
11119,4.41,3.62
11120,4.41,3.62
11121,4.41,3.62
11122,4.41,3.63
11123,4.41,3.63
11125,4.41,3.63
11126,4.41,3.62
11127,4.41,3.62
11128,4.41,3.62
11129,4.41,3.62
11131,4.41,3.62
11132,4.41,3.62
11133,4.41,3.62
11134,4.41,3.62
11136,4.41,3.62
11137,4.41,3.62
11139,4.41,3.62
11140,4.41,3.62
11141,4.41,3.62
11142,4.41,3.62
11143,4.41,3.62
11145,4.41,3.62
11146,4.41,3.63
11147,4.41,3.62
11148,4.41,3.62
11149,4.42,3.63
11150,4.42,3.63
11152,4.42,3.63
11153,4.42,3.63
11154,4.42,3.62
11155,4.43,3.62
11156,4.43,3.62
11158,4.42,3.62
11159,4.42,3.62
11160,4.42,3.62
11161,4.42,3.62
11162,4.42,3.62
11163,4.42,3.62
11165,4.42,3.62
11166,4.41,3.62
11167,4.41,3.62
11168,4.41,3.62
11169,4.41,3.62
11171,4.41,3.62
11172,4.41,3.62
11173,4.41,3.62
11174,4.41,3.62
11175,4.41,3.62
11176,4.42,3.62
11179,4.42,3.62
11180,4.42,3.62
11181,4.42,3.62
11182,4.42,3.62
11183,4.42,3.62
11185,4.42,3.62
11186,4.43,3.61
11187,4.43,3.61
11188,4.43,3.61
11189,4.43,3.61
11190,4.43,3.61
11192,4.43,3.61
11193,4.43,3.61
11194,4.43,3.61
11195,4.43,3.61
11196,4.43,3.61
11198,4.42,3.61
11199,4.42,3.61
11200,4.42,3.61
11201,4.42,3.61
11202,4.42,3.61
11203,4.42,3.61
11205,4.42,3.61
11206,4.43,3.61
11207,4.43,3.61
11208,4.44,3.61
11209,4.44,3.61
11211,4.45,3.61
11212,4.45,3.61
11213,4.45,3.61
11214,4.45,3.61
11215,4.45,3.60
11216,4.44,3.60
11218,4.44,3.60
11219,4.44,3.60
11220,4.43,3.59
11222,4.43,3.60
11223,4.42,3.59
11224,4.42,3.60
11226,4.42,3.60
11227,4.42,3.60
11228,4.42,3.60
11229,4.41,3.60
11230,4.41,3.60
11232,4.41,3.60
11233,4.41,3.61
11234,4.41,3.60
11235,4.41,3.60
11236,4.41,3.60
11237,4.41,3.60
11239,4.41,3.60
11240,4.42,3.60
11241,4.42,3.60
11242,4.43,3.60
11243,4.43,3.60
11244,4.43,3.60
11246,4.43,3.59
11247,4.43,3.60
11248,4.42,3.59
11249,4.42,3.59
11250,4.41,3.59
11251,4.41,3.60
11253,4.41,3.60
11254,4.41,3.60
11255,4.41,3.60
11256,4.40,3.60
11257,4.40,3.61
11258,4.40,3.61
11260,4.40,3.61
11261,4.40,3.61
11262,4.40,3.61
11264,4.40,3.61
11265,4.40,3.60
11267,4.40,3.60
11268,4.41,3.61
11269,4.42,3.61
11270,4.42,3.61
11271,4.43,3.60
11272,4.43,3.60
11274,4.44,3.60
11275,4.44,3.60
11276,4.44,3.60
11277,4.45,3.59
11278,4.45,3.59
11279,4.45,3.59
11281,4.45,3.59
11282,4.45,3.59
11283,4.45,3.58
11284,4.45,3.58
11285,4.45,3.58
11287,4.44,3.58
11288,4.44,3.57
11289,4.43,3.57
11290,4.43,3.57
11291,4.42,3.58
11292,4.42,3.58
11294,4.42,3.58
11295,4.42,3.58
11296,4.42,3.59
11297,4.43,3.59
11298,4.43,3.59
11300,4.43,3.59
11301,4.43,3.59
11302,4.43,3.59
11303,4.43,3.59
11304,4.43,3.59
11305,4.43,3.59
11308,4.43,3.59
11309,4.43,3.59
11310,4.42,3.60
11311,4.42,3.60
11312,4.42,3.60
11314,4.41,3.61
11315,4.41,3.61
11316,4.41,3.61
11317,4.40,3.61
11318,4.40,3.61
11319,4.40,3.61
11321,4.39,3.61
11322,4.39,3.61
11323,4.39,3.61
11324,4.39,3.61
11325,4.39,3.61
11326,4.38,3.61
11328,4.39,3.61
11329,4.39,3.61
11330,4.39,3.60
11331,4.39,3.60
11332,4.39,3.61
11334,4.39,3.61
11335,4.39,3.61
11336,4.39,3.61
11337,4.39,3.61
11338,4.40,3.61
11339,4.39,3.61
11341,4.40,3.62
11342,4.40,3.61
11343,4.40,3.61
11344,4.41,3.61
11345,4.42,3.61
11347,4.43,3.62
11348,4.43,3.61
11350,4.44,3.61
11351,4.44,3.61
11352,4.44,3.60
11353,4.44,3.60
11355,4.43,3.60
11356,4.43,3.60
11357,4.43,3.59
11358,4.43,3.60
11359,4.43,3.60
11360,4.44,3.60
11362,4.44,3.60
11363,4.44,3.60
11364,4.45,3.60
11365,4.45,3.59
11366,4.45,3.59
11368,4.44,3.58
11369,4.44,3.58
11370,4.43,3.58
11371,4.42,3.57
11372,4.41,3.57
11373,4.41,3.58
11375,4.40,3.59
11376,4.40,3.59
11377,4.40,3.59
11378,4.40,3.59
11379,4.40,3.59
11380,4.40,3.59
11382,4.41,3.59
11383,4.41,3.59
11384,4.42,3.59
11385,4.43,3.59
11386,4.43,3.59
11388,4.43,3.59
11389,4.43,3.58
11390,4.43,3.58
11392,4.42,3.57
11393,4.42,3.57
11394,4.41,3.57
11396,4.40,3.57
11397,4.40,3.58
11398,4.40,3.59
11399,4.40,3.59
11400,4.40,3.59
11402,4.40,3.60
11403,4.40,3.60
11404,4.40,3.60
11405,4.40,3.59
11406,4.40,3.59
11407,4.40,3.59
11409,4.40,3.59
11410,4.41,3.59
11411,4.41,3.59
11412,4.42,3.59
11413,4.42,3.59
11414,4.43,3.59
11416,4.44,3.59
11417,4.45,3.60
11418,4.46,3.59
11419,4.47,3.59
11420,4.48,3.59
11422,4.49,3.59
11423,4.50,3.58
11424,4.50,3.58
11425,4.50,3.57
11426,4.49,3.57
11427,4.48,3.56
11429,4.46,3.56
11430,4.45,3.56
11431,4.43,3.56
11432,4.43,3.56
11433,4.42,3.57
11435,4.42,3.58
11437,4.41,3.58
11438,4.41,3.58
11439,4.41,3.58
11440,4.41,3.58
11441,4.41,3.58
11443,4.42,3.57
11444,4.42,3.57
11445,4.43,3.57
11446,4.44,3.57
11447,4.44,3.57
11448,4.45,3.57
11450,4.46,3.56
11451,4.46,3.56
11452,4.46,3.55
11453,4.46,3.55
11454,4.46,3.55
11456,4.45,3.54
11457,4.44,3.54
11458,4.43,3.54
11459,4.43,3.55
11460,4.42,3.56
11461,4.42,3.56
11463,4.42,3.57
11464,4.43,3.57
11465,4.43,3.57
11466,4.43,3.58
11467,4.43,3.58
11469,4.43,3.57
11470,4.42,3.57
11471,4.41,3.57
11472,4.41,3.57
11473,4.40,3.57
11474,4.40,3.57
11476,4.39,3.57
11478,4.38,3.57
11479,4.38,3.58
11480,4.38,3.58
11481,4.38,3.58
11482,4.38,3.58
11484,4.39,3.57
11485,4.39,3.57
11486,4.40,3.57
11487,4.41,3.57
11488,4.41,3.57
11490,4.41,3.56
11491,4.41,3.56
11492,4.40,3.56
11493,4.40,3.56
11494,4.39,3.57
11495,4.39,3.58
11497,4.39,3.59
11498,4.39,3.59
11499,4.40,3.60
11500,4.40,3.60
11501,4.40,3.60
11502,4.40,3.60
11504,4.41,3.61
11505,4.41,3.61
11506,4.41,3.61
11507,4.41,3.61
11508,4.41,3.61
11510,4.41,3.61
11511,4.42,3.60
11512,4.44,3.61
11513,4.45,3.61
11514,4.47,3.61
11515,4.48,3.60
11517,4.49,3.59
11518,4.49,3.59
11520,4.49,3.58
11521,4.48,3.57
11522,4.47,3.57
11524,4.46,3.56
11525,4.44,3.57
11526,4.43,3.57
11527,4.43,3.59
11528,4.44,3.60
11529,4.44,3.61
11531,4.44,3.62
11532,4.45,3.62
11533,4.45,3.62
11534,4.45,3.61
11535,4.45,3.61
11537,4.44,3.60
11538,4.44,3.59
11539,4.43,3.59
11540,4.42,3.58
11541,4.41,3.58
11542,4.41,3.59
11544,4.40,3.59
11545,4.40,3.59
11546,4.40,3.60
11547,4.40,3.60
11548,4.40,3.60
11549,4.40,3.60
11551,4.41,3.60
11552,4.41,3.60
11553,4.41,3.60
11554,4.41,3.60
11555,4.41,3.60
11557,4.40,3.59
11558,4.40,3.60
11559,4.40,3.60
11560,4.40,3.60
11561,4.39,3.61
11563,4.40,3.61
11565,4.40,3.61
11566,4.41,3.61
11567,4.42,3.61
11568,4.43,3.61
11569,4.44,3.61
11570,4.46,3.60
11572,4.47,3.60
11573,4.47,3.60
11574,4.48,3.59
11575,4.48,3.59
11576,4.47,3.58
11578,4.47,3.58
11579,4.46,3.57
11580,4.45,3.57
11581,4.44,3.57
11582,4.42,3.57
11583,4.41,3.58
11585,4.41,3.59
11586,4.41,3.60
11587,4.41,3.61
11588,4.40,3.61
11589,4.40,3.62
11590,4.40,3.62
11592,4.40,3.61
11593,4.40,3.61
11594,4.40,3.61
11595,4.40,3.60
11596,4.40,3.60
11598,4.40,3.60
11599,4.40,3.60
11600,4.40,3.59
11601,4.40,3.60
11602,4.41,3.60
11603,4.42,3.60
11606,4.42,3.60
11607,4.42,3.60
11608,4.42,3.60
11609,4.42,3.59
11610,4.41,3.59
11611,4.41,3.59
11613,4.40,3.59
11614,4.40,3.59
11615,4.40,3.59
11616,4.39,3.60
11617,4.39,3.60
11618,4.39,3.60
11620,4.39,3.60
11621,4.39,3.60
11622,4.39,3.60
11623,4.40,3.60
11624,4.40,3.60
11626,4.41,3.60
11627,4.41,3.60
11628,4.41,3.60
11629,4.41,3.59
11630,4.40,3.59
11631,4.39,3.59
11633,4.39,3.59
11634,4.39,3.60
11635,4.39,3.61
11636,4.39,3.62
11637,4.40,3.63
11638,4.41,3.64
11640,4.42,3.64
11641,4.42,3.64
11642,4.43,3.64
11643,4.43,3.63
11644,4.43,3.62
11646,4.44,3.62
11648,4.43,3.61
11649,4.43,3.61
11650,4.42,3.61
11651,4.41,3.60
11652,4.41,3.61
11654,4.40,3.62
11655,4.40,3.62
11656,4.40,3.63
11657,4.39,3.63
11658,4.39,3.63
11660,4.39,3.63
11661,4.39,3.63
11662,4.39,3.63
11663,4.39,3.63
11664,4.39,3.63
11665,4.38,3.63
11667,4.38,3.62
11668,4.38,3.62
11669,4.39,3.61
11670,4.40,3.62
11671,4.41,3.62
11673,4.42,3.62
11674,4.44,3.62
11675,4.45,3.62
11676,4.45,3.61
11677,4.46,3.61
11678,4.47,3.60
11680,4.47,3.59
11681,4.47,3.58
11682,4.46,3.58
11683,4.46,3.57
11684,4.45,3.57
11685,4.44,3.57
11687,4.43,3.58
11688,4.43,3.58
11689,4.42,3.58
11691,4.41,3.58
11692,4.41,3.59
11694,4.41,3.59
11695,4.40,3.59
11696,4.40,3.59
11697,4.39,3.59
11698,4.38,3.59
11699,4.38,3.59
11701,4.38,3.59
11702,4.38,3.59
11703,4.39,3.59
11704,4.40,3.59
11705,4.41,3.59
11707,4.43,3.59
11708,4.43,3.59
11709,4.44,3.59
11710,4.43,3.58
11711,4.43,3.57
11712,4.42,3.56
11714,4.41,3.56
11715,4.40,3.55
11716,4.38,3.55
11717,4.37,3.55
11718,4.37,3.56
11720,4.37,3.57
11721,4.37,3.58
11722,4.37,3.59
11723,4.38,3.59
11724,4.38,3.59
11725,4.38,3.59
11727,4.39,3.59
11728,4.39,3.58
11729,4.40,3.58
11730,4.40,3.58
11731,4.40,3.58
11734,4.39,3.58
11735,4.39,3.59
11736,4.39,3.59
11737,4.38,3.60
11738,4.38,3.60
11739,4.38,3.60
11741,4.38,3.61
11742,4.38,3.61
11743,4.38,3.61
11744,4.39,3.61
11745,4.39,3.60
11746,4.40,3.60
11748,4.40,3.60
11749,4.40,3.60
11750,4.41,3.60
11751,4.41,3.60
11752,4.41,3.60
11753,4.41,3.59
11755,4.41,3.59
11756,4.41,3.59
11757,4.42,3.59
11758,4.42,3.59
11759,4.42,3.59
11761,4.42,3.58
11762,4.42,3.58
11763,4.41,3.58
11764,4.41,3.58
11765,4.40,3.58
11766,4.40,3.58
11768,4.40,3.58
11769,4.40,3.59
11770,4.41,3.59
11771,4.41,3.59
11772,4.41,3.59
11774,4.41,3.59
11776,4.42,3.59
11777,4.43,3.59
11778,4.44,3.59
11779,4.44,3.59
11780,4.44,3.59
11782,4.44,3.59
11783,4.44,3.59
11784,4.43,3.58
11785,4.42,3.58
11786,4.42,3.58
11788,4.41,3.59
11789,4.41,3.59
11790,4.41,3.59
11791,4.41,3.59
11792,4.41,3.59
11793,4.41,3.59
11795,4.41,3.59
11796,4.41,3.59
11797,4.41,3.59
11798,4.41,3.59
11799,4.41,3.59
11801,4.41,3.59
11802,4.40,3.60
11803,4.40,3.60
11804,4.40,3.60
11805,4.39,3.60
11806,4.39,3.60
11808,4.39,3.60
11809,4.39,3.59
11810,4.39,3.59
11811,4.39,3.59
11812,4.38,3.59
11813,4.38,3.58
11815,4.38,3.58
11816,4.38,3.58
11817,4.38,3.59
11819,4.39,3.59
11820,4.39,3.59
11822,4.39,3.59
11823,4.40,3.59
11824,4.42,3.60
11825,4.43,3.60
11826,4.45,3.60
11827,4.47,3.60
11829,4.48,3.60
11830,4.48,3.60
11831,4.48,3.59
11832,4.47,3.58
11833,4.46,3.58
11834,4.45,3.57
11836,4.44,3.57
11837,4.43,3.56
11838,4.43,3.56
11839,4.42,3.56
11840,4.42,3.57
11842,4.41,3.58
11843,4.41,3.58
11844,4.40,3.58
11845,4.39,3.58
11846,4.39,3.58
11847,4.38,3.58
11849,4.38,3.58
11850,4.38,3.58
11851,4.38,3.58
11852,4.39,3.59
11853,4.39,3.59
11855,4.38,3.59
11856,4.38,3.59
11857,4.38,3.59
11858,4.38,3.58
11859,4.38,3.59
11860,4.38,3.59
11863,4.38,3.59
11864,4.38,3.59
11865,4.38,3.59
11866,4.38,3.59
11867,4.39,3.59
11869,4.39,3.59
11870,4.39,3.59
11871,4.39,3.59
11872,4.40,3.59
11873,4.40,3.60
11874,4.40,3.60
11876,4.41,3.60
11877,4.41,3.60
11878,4.41,3.60
11879,4.42,3.60
11880,4.42,3.60
11881,4.43,3.60
11883,4.43,3.59
11884,4.44,3.60
11885,4.44,3.60
11886,4.45,3.60
11887,4.45,3.60
11889,4.45,3.60
11890,4.45,3.60
11891,4.45,3.60
11892,4.45,3.60
11893,4.45,3.59
11894,4.44,3.59
11896,4.44,3.59
11897,4.43,3.59
11898,4.43,3.59
11899,4.42,3.59
11900,4.42,3.59
11902,4.42,3.59
11904,4.41,3.59
11905,4.41,3.59
11906,4.41,3.59
11907,4.41,3.59
11908,4.41,3.59
11910,4.41,3.59
11911,4.41,3.59
11912,4.42,3.59
11913,4.42,3.59
11914,4.43,3.59
11916,4.44,3.59
11917,4.44,3.59
11918,4.43,3.59
11919,4.43,3.58
11920,4.42,3.58
11921,4.41,3.59
11923,4.41,3.59
11924,4.42,3.59
11925,4.42,3.59
11926,4.42,3.60
11927,4.42,3.60
11929,4.42,3.60
11930,4.42,3.60
11931,4.43,3.60
11932,4.43,3.60
11933,4.43,3.60
11934,4.43,3.59
11936,4.43,3.59
11937,4.43,3.59
11938,4.42,3.59
11939,4.42,3.58
11940,4.41,3.59
11941,4.41,3.59
11943,4.41,3.59
11944,4.41,3.59
11945,4.40,3.59
11947,4.41,3.59
11948,4.41,3.59
11950,4.41,3.59
11951,4.42,3.59
11952,4.42,3.59
11953,4.42,3.59
11954,4.42,3.59
11955,4.42,3.59
11957,4.41,3.59
11958,4.41,3.59
11959,4.41,3.59
11960,4.41,3.60
11961,4.41,3.60
11963,4.41,3.60
11964,4.42,3.60
11965,4.42,3.60
11966,4.43,3.61
11967,4.43,3.61
11968,4.43,3.61
11970,4.43,3.61
11971,4.43,3.61
11972,4.43,3.61
11973,4.43,3.61
11974,4.43,3.61
11976,4.43,3.61
11977,4.43,3.60
11978,4.43,3.60
11979,4.43,3.60
11980,4.43,3.60
11981,4.43,3.59
11983,4.42,3.59
11984,4.42,3.59
11985,4.43,3.59
11986,4.43,3.59
11987,4.43,3.59
11988,4.43,3.60
11991,4.43,3.60
11992,4.44,3.60
11993,4.44,3.60
11994,4.44,3.60
11995,4.44,3.60
11997,4.43,3.60
11998,4.43,3.60
11999,4.43,3.60
12000,4.43,3.60
12001,4.43,3.60
12002,4.43,3.61
12004,4.43,3.61
12005,4.43,3.61
12006,4.42,3.61
12007,4.42,3.61
12008,4.42,3.61
12009,4.42,3.61
12011,4.42,3.60
12012,4.42,3.60
12013,4.43,3.61
12014,4.43,3.61
12015,4.44,3.61
12017,4.44,3.60
12018,4.44,3.60
12019,4.44,3.60
12020,4.43,3.60
12021,4.43,3.60
12022,4.43,3.60
12024,4.43,3.59
12025,4.44,3.60
12026,4.44,3.60
12027,4.44,3.60
12028,4.44,3.60
12029,4.44,3.60
12032,4.44,3.60
12033,4.44,3.60
12034,4.43,3.60
12035,4.43,3.60
12036,4.43,3.60
12037,4.43,3.61
12039,4.43,3.61
12040,4.43,3.61
12041,4.44,3.61
12042,4.44,3.61
12043,4.44,3.60
12045,4.44,3.60
12046,4.44,3.60
12047,4.44,3.60
12048,4.43,3.60
12049,4.43,3.60
12050,4.42,3.59
12052,4.42,3.59
12053,4.42,3.59
12054,4.42,3.59
12055,4.42,3.59
12056,4.43,3.59
12057,4.43,3.59
12059,4.43,3.59
12060,4.43,3.59
12061,4.43,3.59
12062,4.42,3.60
12063,4.42,3.60
12065,4.42,3.60
12066,4.41,3.60
12067,4.41,3.60
12068,4.41,3.60
12069,4.41,3.60
12070,4.42,3.60
12072,4.42,3.60
12073,4.43,3.60
12075,4.44,3.60
12076,4.44,3.60
12077,4.44,3.60
12078,4.45,3.60
12080,4.45,3.59
12081,4.45,3.59
12082,4.45,3.59
12083,4.45,3.59
12084,4.45,3.59
12085,4.45,3.60
12087,4.44,3.60
12088,4.44,3.60
12089,4.44,3.61
12090,4.44,3.61
12091,4.44,3.61
12093,4.44,3.61
12094,4.43,3.61
12095,4.43,3.61
12096,4.43,3.61
12097,4.42,3.61
12098,4.42,3.61
12100,4.42,3.61
12101,4.42,3.61
12102,4.43,3.60
12103,4.43,3.60
12104,4.44,3.60
12106,4.44,3.60
12107,4.45,3.60
12108,4.45,3.60
12109,4.45,3.60
12110,4.44,3.59
12111,4.44,3.59
12113,4.43,3.59
12114,4.43,3.59
12115,4.43,3.59
12116,4.43,3.59
12118,4.43,3.59
12119,4.43,3.59
12121,4.43,3.59
12122,4.43,3.59
12123,4.43,3.58
12124,4.43,3.58
12125,4.43,3.58
12127,4.43,3.58
12128,4.43,3.58
12129,4.43,3.58
12130,4.43,3.58
12131,4.43,3.58
12133,4.43,3.58
12134,4.43,3.58
12135,4.43,3.59
12136,4.43,3.59
12137,4.44,3.59
12138,4.44,3.60
12140,4.45,3.60
12141,4.45,3.60
12142,4.45,3.60
12143,4.45,3.60
12144,4.44,3.60
12145,4.44,3.59
12147,4.43,3.59
12148,4.43,3.59
12149,4.43,3.59
12150,4.44,3.59
12151,4.45,3.59
12153,4.45,3.59
12154,4.46,3.59
12155,4.46,3.59
12156,4.46,3.58
12157,4.45,3.58
12158,4.44,3.58
12161,4.43,3.57
12162,4.43,3.57
12163,4.43,3.58
12164,4.43,3.58
12165,4.43,3.58
12167,4.43,3.59
12168,4.43,3.59
12169,4.43,3.59
12170,4.43,3.59
12171,4.43,3.59
12172,4.44,3.59
12174,4.45,3.59
12175,4.45,3.59
12176,4.46,3.59
12177,4.47,3.59
12178,4.47,3.59
12180,4.47,3.59
12181,4.47,3.58
12182,4.47,3.58
12183,4.46,3.57
12184,4.45,3.57
12186,4.45,3.57
12187,4.44,3.57
12188,4.43,3.57
12189,4.43,3.58
12190,4.43,3.58
12191,4.42,3.58
12193,4.42,3.58
12194,4.42,3.59
12195,4.42,3.59
12196,4.42,3.59
12197,4.42,3.59
12199,4.42,3.59
12200,4.42,3.58
12201,4.42,3.58
12203,4.42,3.57
12204,4.42,3.57
12205,4.43,3.57
12207,4.43,3.57
12208,4.43,3.57
12209,4.42,3.57
12210,4.42,3.57
12211,4.42,3.57
12213,4.41,3.57
12214,4.41,3.57
12215,4.41,3.57
12216,4.41,3.57
12217,4.42,3.57
12218,4.42,3.58
12220,4.42,3.58
12221,4.42,3.58
12222,4.43,3.58
12223,4.44,3.58
12224,4.44,3.58
12226,4.45,3.59
12227,4.45,3.59
12228,4.46,3.59
12229,4.46,3.58
12230,4.47,3.58
12231,4.47,3.58
12233,4.47,3.58
12234,4.47,3.58
12235,4.46,3.58
12236,4.46,3.58
12237,4.46,3.58
12239,4.46,3.58
12240,4.46,3.59
12241,4.47,3.59
12242,4.47,3.59
12243,4.47,3.59
12244,4.46,3.59
12247,4.46,3.59
12248,4.46,3.59
12249,4.45,3.58
12250,4.45,3.57
12251,4.45,3.57
12253,4.45,3.57
12254,4.45,3.57
12255,4.45,3.57
12256,4.44,3.57
12257,4.44,3.57
12258,4.44,3.57
12260,4.43,3.57
12261,4.43,3.57
12262,4.42,3.57
12263,4.42,3.58
12264,4.42,3.58
12266,4.42,3.58
12267,4.42,3.58
12268,4.41,3.58
12269,4.41,3.58
12270,4.41,3.57
12271,4.41,3.57
12273,4.42,3.57
12274,4.42,3.57
12275,4.43,3.57
12276,4.43,3.57
12277,4.44,3.57
12279,4.45,3.57
12280,4.45,3.57
12281,4.46,3.57
12282,4.46,3.58
12283,4.46,3.57
12284,4.47,3.57
12286,4.47,3.58
12288,4.47,3.58
12289,4.48,3.58
12290,4.47,3.58
12291,4.46,3.58
12293,4.46,3.58
12294,4.46,3.58
12295,4.46,3.58
12296,4.45,3.58
12297,4.45,3.58
12298,4.45,3.58
12300,4.46,3.58
12301,4.46,3.58
12302,4.46,3.58
12303,4.46,3.58
12304,4.46,3.58
12306,4.45,3.57
12307,4.45,3.57
12308,4.45,3.57
12309,4.45,3.57
12310,4.44,3.57
12311,4.44,3.57
12313,4.44,3.58
12314,4.44,3.57
12315,4.44,3.57
12316,4.44,3.57
12317,4.44,3.57
12319,4.44,3.56
12320,4.44,3.57
12321,4.44,3.57
12322,4.44,3.56
12323,4.44,3.56
12324,4.43,3.56
12326,4.43,3.57
12327,4.43,3.57
12328,4.43,3.57
12329,4.43,3.57
12331,4.43,3.57
12332,4.43,3.57
12334,4.43,3.57
12335,4.43,3.57
12336,4.44,3.57
12337,4.44,3.58
12338,4.45,3.57
12340,4.45,3.58
12341,4.45,3.57
12342,4.45,3.57
12343,4.45,3.57
12344,4.45,3.57
12345,4.45,3.57
12347,4.45,3.57
12348,4.45,3.57
12349,4.44,3.57
12350,4.44,3.57
12351,4.44,3.57
12353,4.44,3.57
12354,4.44,3.57
12355,4.44,3.57
12356,4.44,3.57
12357,4.44,3.57
12358,4.44,3.57
12360,4.44,3.57
12361,4.44,3.57
12362,4.45,3.58
12363,4.45,3.58
12364,4.46,3.58
12366,4.47,3.58
12367,4.48,3.58
12368,4.48,3.58
12369,4.48,3.58
12370,4.48,3.58
12371,4.47,3.57
12374,4.46,3.57
12375,4.46,3.57
12376,4.45,3.57
12377,4.45,3.57
12378,4.44,3.57
12380,4.44,3.57
12381,4.44,3.57
12382,4.44,3.57
12383,4.43,3.58
12384,4.43,3.57
12385,4.44,3.57
12387,4.44,3.57
12388,4.44,3.57
12389,4.45,3.58
12390,4.46,3.58
12391,4.46,3.58
12392,4.47,3.58
12394,4.47,3.57
12395,4.47,3.57
12396,4.47,3.57
12397,4.47,3.57
12398,4.46,3.56
12400,4.46,3.56
12401,4.46,3.56
12402,4.45,3.56
12403,4.45,3.56
12404,4.44,3.56
12405,4.44,3.56
12407,4.44,3.56
12408,4.44,3.56
12409,4.44,3.57
12410,4.43,3.57
12411,4.43,3.57
12413,4.43,3.57
12414,4.43,3.58
12416,4.43,3.58
12417,4.43,3.58
12418,4.43,3.59
12419,4.43,3.59
12421,4.43,3.59
12422,4.43,3.58
12423,4.43,3.58
12424,4.44,3.58
12425,4.44,3.58
12427,4.45,3.58
12428,4.45,3.58
12429,4.46,3.57
12430,4.46,3.57
12431,4.45,3.57
12432,4.45,3.56
12434,4.45,3.56
12435,4.44,3.56
12436,4.44,3.57
12437,4.44,3.57
12438,4.45,3.57
12440,4.45,3.57
12441,4.46,3.58
12442,4.46,3.58
12443,4.46,3.58
12444,4.46,3.58
12445,4.46,3.57
12447,4.46,3.57
12448,4.46,3.57
12449,4.45,3.57
12450,4.45,3.57
12451,4.45,3.57
12453,4.45,3.57
12454,4.45,3.57
12455,4.45,3.57
12456,4.45,3.58
12457,4.46,3.58
12459,4.46,3.58
12461,4.47,3.58
12462,4.47,3.58
12463,4.48,3.58
12464,4.48,3.58
12465,4.48,3.57
12467,4.47,3.57
12468,4.47,3.57
12469,4.47,3.57
12470,4.46,3.57
12471,4.46,3.57
12472,4.46,3.58
12474,4.46,3.58
12475,4.46,3.58
12476,4.45,3.58
12477,4.45,3.58
12478,4.45,3.58
12480,4.44,3.58
12481,4.44,3.58
12482,4.44,3.58
12483,4.44,3.58
12484,4.44,3.58
12485,4.44,3.57
12487,4.43,3.57
12488,4.44,3.57
12489,4.44,3.57
12490,4.43,3.57
12491,4.43,3.57
12493,4.43,3.57
12494,4.43,3.57
12495,4.44,3.57
12496,4.44,3.57
12497,4.44,3.57
12498,4.44,3.57
12500,4.45,3.57
12502,4.45,3.57
12503,4.45,3.57
12504,4.45,3.57
12505,4.45,3.57
12506,4.45,3.57
12508,4.44,3.57
12509,4.45,3.57
12510,4.45,3.57
12511,4.45,3.58
12512,4.46,3.58
12514,4.46,3.58
12515,4.46,3.58
12516,4.46,3.58
12517,4.47,3.57
12518,4.47,3.57
12519,4.47,3.57
12521,4.47,3.57
12522,4.46,3.57
12523,4.46,3.57
12524,4.46,3.57
12525,4.45,3.57
12527,4.45,3.57
12528,4.45,3.58
12529,4.45,3.58
12530,4.45,3.58
12531,4.44,3.58
12532,4.44,3.58
12534,4.44,3.58
12535,4.44,3.58
12536,4.44,3.58
12537,4.45,3.58
12538,4.45,3.58
12540,4.45,3.58
12541,4.46,3.58
12542,4.46,3.58
12544,4.46,3.58
12545,4.46,3.58
12546,4.46,3.58
12548,4.46,3.58
12549,4.46,3.58
12550,4.45,3.58
12551,4.45,3.58
12552,4.45,3.58
12554,4.45,3.58
12555,4.44,3.58
12556,4.44,3.58
12557,4.44,3.58
12558,4.44,3.58
12559,4.44,3.58
12561,4.44,3.58
12562,4.44,3.57
12563,4.44,3.57
12564,4.44,3.57
12565,4.44,3.57
12567,4.45,3.57
12568,4.45,3.57
12569,4.46,3.58
12570,4.46,3.57
12571,4.47,3.58
12572,4.47,3.57
12574,4.47,3.57
12575,4.48,3.57
12576,4.48,3.57
12577,4.48,3.57
12578,4.48,3.57
12580,4.48,3.57
12581,4.48,3.57
12582,4.48,3.57
12583,4.48,3.57
12584,4.47,3.56
12585,4.46,3.56
12588,4.46,3.57
12589,4.46,3.57
12590,4.46,3.57
12591,4.46,3.57
12592,4.45,3.57
12593,4.45,3.58
12595,4.45,3.58
12596,4.45,3.58
12597,4.45,3.57
12598,4.45,3.57
12599,4.45,3.57
12601,4.45,3.57
12602,4.44,3.57
12603,4.44,3.56
12604,4.45,3.56
12605,4.45,3.56
12606,4.45,3.56
12608,4.44,3.56
12609,4.44,3.56
12610,4.44,3.56
12611,4.44,3.56
12612,4.44,3.56
12614,4.44,3.57
12615,4.44,3.57
12616,4.44,3.57
12617,4.44,3.57
12618,4.44,3.57
12619,4.44,3.57
12621,4.45,3.57
12622,4.45,3.57
12623,4.45,3.57
12624,4.46,3.57
12625,4.46,3.57
12627,4.47,3.57
12628,4.47,3.57
12630,4.48,3.57
12631,4.48,3.58
12632,4.49,3.58
12633,4.50,3.58
12635,4.50,3.58
12636,4.50,3.58
12637,4.50,3.58
12638,4.49,3.57
12639,4.49,3.57
12640,4.49,3.57
12642,4.48,3.57
12643,4.47,3.56
12644,4.47,3.57
12645,4.47,3.57
12646,4.46,3.57
12648,4.46,3.57
12649,4.45,3.56
12650,4.45,3.56
12651,4.45,3.56
12652,4.45,3.56
12653,4.45,3.56
12655,4.45,3.56
12656,4.45,3.56
12657,4.45,3.56
12658,4.44,3.55
12659,4.44,3.55
12661,4.44,3.56
12662,4.44,3.56
12663,4.44,3.56
12664,4.44,3.56
12665,4.44,3.56
12666,4.44,3.56
12668,4.44,3.56
12669,4.44,3.56
12670,4.44,3.56
12672,4.44,3.56
12673,4.44,3.56
12675,4.44,3.56
12676,4.45,3.56
12677,4.45,3.56
12678,4.46,3.56
12679,4.46,3.57
12680,4.47,3.57
12682,4.47,3.57
12683,4.48,3.56
12684,4.48,3.57
12685,4.48,3.56
12686,4.48,3.56
12687,4.48,3.56
12689,4.47,3.56
12690,4.47,3.56
12691,4.46,3.56
12692,4.46,3.55
12693,4.46,3.55
12695,4.46,3.56
12696,4.46,3.56
12697,4.46,3.56
12698,4.46,3.56
12699,4.46,3.56
12700,4.47,3.56
12702,4.48,3.56
12703,4.49,3.57
12704,4.50,3.56
12705,4.50,3.56
12706,4.50,3.56
12708,4.50,3.56
12709,4.50,3.56
12710,4.49,3.55
12711,4.48,3.55
12712,4.48,3.55
12713,4.47,3.54
12716,4.47,3.54
12717,4.46,3.55
12718,4.46,3.54
12719,4.46,3.55
12720,4.46,3.55
12721,4.45,3.54
12723,4.45,3.54
12724,4.45,3.54
12725,4.45,3.54
12726,4.44,3.54
12727,4.44,3.54
12729,4.44,3.54
12730,4.44,3.54
12731,4.44,3.54
12732,4.43,3.54
12733,4.43,3.54
12734,4.43,3.54
12736,4.43,3.55
12737,4.43,3.55
12738,4.43,3.55
12739,4.43,3.54
12740,4.43,3.54
12742,4.43,3.55
12743,4.44,3.54
12744,4.44,3.54
12745,4.44,3.54
12746,4.44,3.54
12747,4.44,3.54
12749,4.44,3.55
12750,4.44,3.55
12751,4.45,3.55
12752,4.45,3.55
12753,4.45,3.55
12755,4.45,3.55
12756,4.46,3.55
12758,4.46,3.55
12759,4.46,3.55
12760,4.47,3.55
12761,4.47,3.55
12763,4.48,3.55
12764,4.48,3.55
12765,4.49,3.55
12766,4.50,3.55
12767,4.50,3.55
12768,4.51,3.55
12770,4.51,3.55
12771,4.51,3.55
12772,4.51,3.55
12773,4.51,3.54
12774,4.50,3.54
12776,4.49,3.53
12777,4.48,3.53
12778,4.48,3.53
12779,4.47,3.53
12780,4.47,3.54
12781,4.46,3.54
12783,4.45,3.54
12784,4.45,3.54
12785,4.44,3.54
12786,4.44,3.53
12787,4.44,3.53
12789,4.44,3.53
12790,4.44,3.53
12791,4.43,3.53
12792,4.43,3.53
12793,4.43,3.53
12794,4.43,3.53
12796,4.43,3.53
12797,4.43,3.52
12798,4.43,3.52
12800,4.43,3.52
12801,4.43,3.53
12803,4.43,3.53
12804,4.44,3.53
12805,4.44,3.53
12806,4.44,3.53
12807,4.44,3.53
12808,4.44,3.53
12810,4.44,3.53
12811,4.44,3.54
12812,4.44,3.53
12813,4.44,3.53
12814,4.44,3.53
12815,4.45,3.53
12817,4.45,3.53
12818,4.45,3.53
12819,4.46,3.53
12820,4.46,3.53
12821,4.47,3.53
12823,4.47,3.53
12824,4.48,3.53
12825,4.48,3.53
12826,4.49,3.53
12827,4.49,3.53
12828,4.49,3.53
12830,4.49,3.53
12831,4.49,3.53
12832,4.49,3.53
12833,4.48,3.52
12834,4.48,3.52
12836,4.47,3.52
12837,4.47,3.52
12838,4.47,3.53
12839,4.47,3.53
12840,4.47,3.53
12841,4.47,3.53
12844,4.47,3.53
12845,4.47,3.53
12846,4.47,3.53
12847,4.47,3.53
12848,4.47,3.53
12850,4.47,3.53
12851,4.47,3.52
12852,4.47,3.52
12853,4.47,3.52
12854,4.46,3.53
12855,4.46,3.53
12857,4.46,3.52
12858,4.46,3.53
12859,4.45,3.53
12860,4.45,3.53
12861,4.45,3.53
12862,4.44,3.53
12864,4.44,3.53
12865,4.44,3.53
12866,4.44,3.53
12867,4.43,3.53
12868,4.43,3.53
12870,4.43,3.53
12871,4.43,3.53
12872,4.43,3.53
12873,4.43,3.52
12874,4.43,3.52
12875,4.43,3.52
12877,4.43,3.52
12878,4.43,3.52
12879,4.43,3.52
12880,4.43,3.52
12881,4.44,3.52
12883,4.44,3.52
12884,4.44,3.52
12886,4.44,3.52
12887,4.44,3.52
12888,4.45,3.52
12889,4.45,3.52
12891,4.45,3.52
12892,4.46,3.52
12893,4.46,3.52
12894,4.46,3.52
12895,4.46,3.52
12897,4.47,3.52
12898,4.47,3.52
12899,4.47,3.52
12900,4.47,3.52
12901,4.47,3.52
12902,4.47,3.52
12904,4.47,3.52
12905,4.47,3.52
12906,4.48,3.52
12907,4.48,3.52
12908,4.48,3.52
12910,4.48,3.52
12911,4.48,3.52
12912,4.48,3.52
12913,4.48,3.51
12914,4.48,3.51
12915,4.47,3.51
12917,4.47,3.51
12918,4.46,3.50
12919,4.46,3.50
12920,4.45,3.50
12921,4.45,3.51
12922,4.45,3.51
12924,4.45,3.51
12925,4.45,3.51
12926,4.45,3.51
12928,4.45,3.51
12929,4.45,3.51
12931,4.45,3.51
12932,4.45,3.52
12933,4.45,3.52
12934,4.45,3.52
12935,4.45,3.52
12936,4.45,3.52
12938,4.45,3.52
12939,4.44,3.53
12940,4.44,3.53
12941,4.44,3.53
12942,4.44,3.53
12944,4.44,3.53
12945,4.44,3.53
12946,4.44,3.53
12947,4.44,3.53
12948,4.44,3.53
12949,4.44,3.53
12951,4.44,3.53
12952,4.44,3.53
12953,4.44,3.52
12954,4.44,3.53
12955,4.45,3.52
12957,4.45,3.53
12958,4.46,3.52
12959,4.46,3.53
12960,4.46,3.52
12961,4.47,3.52
12962,4.47,3.52
12964,4.47,3.52
12965,4.47,3.53
12966,4.48,3.52
12967,4.48,3.53
12968,4.48,3.53
12969,4.48,3.53
12972,4.48,3.53
12973,4.47,3.53
12974,4.47,3.52
12975,4.47,3.52
12976,4.47,3.52
12978,4.46,3.52
12979,4.46,3.52
12980,4.46,3.53
12981,4.46,3.53
12982,4.46,3.53
12983,4.46,3.53
12985,4.45,3.53
12986,4.45,3.53
12987,4.45,3.53
12988,4.45,3.53
12989,4.45,3.53
12991,4.45,3.53
12992,4.45,3.53
12993,4.45,3.53
12994,4.45,3.53
12995,4.45,3.52
12996,4.45,3.53
12998,4.45,3.53
12999,4.45,3.53
13000,4.45,3.53
13001,4.45,3.53
13002,4.45,3.53
13004,4.45,3.53
13005,4.45,3.53
13006,4.45,3.53
13007,4.46,3.53
13008,4.46,3.53
13009,4.47,3.54
13011,4.47,3.54
13012,4.47,3.54
13014,4.47,3.54
13015,4.47,3.53
13016,4.47,3.53
13018,4.47,3.53
13019,4.47,3.53
13020,4.47,3.53
13021,4.47,3.53
13022,4.47,3.53
13023,4.47,3.53
13025,4.47,3.54
13026,4.47,3.54
13027,4.47,3.54
13028,4.48,3.54
13029,4.48,3.54
13030,4.48,3.54
13032,4.49,3.54
13033,4.50,3.54
13034,4.51,3.54
13035,4.51,3.54
13036,4.51,3.54
13038,4.51,3.54
13039,4.51,3.53
13040,4.50,3.53
13041,4.50,3.53
13042,4.49,3.53
13043,4.49,3.53
13045,4.48,3.54
13046,4.48,3.54
13047,4.47,3.55
13048,4.47,3.55
13049,4.47,3.55
13051,4.46,3.55
13052,4.46,3.56
13053,4.46,3.55
13054,4.45,3.56
13056,4.45,3.56
13057,4.45,3.56
13059,4.45,3.56
13060,4.45,3.55
13061,4.45,3.55
13062,4.45,3.55
13063,4.45,3.55
13064,4.46,3.55
13066,4.46,3.55
13067,4.46,3.55
13068,4.46,3.55
13069,4.46,3.55
13070,4.47,3.55
13072,4.46,3.55
13073,4.46,3.55
13074,4.46,3.55
13075,4.46,3.55
13076,4.46,3.56
13077,4.46,3.56
13079,4.46,3.56
13080,4.46,3.57
13081,4.46,3.57
13082,4.46,3.57
13083,4.46,3.57
13085,4.46,3.58
13086,4.46,3.58
13087,4.46,3.58
13088,4.46,3.58
13089,4.46,3.58
13090,4.46,3.58
13092,4.46,3.58
13093,4.47,3.58
13094,4.47,3.58
13095,4.47,3.58
13096,4.48,3.58
13099,4.48,3.58
13100,4.48,3.58
13101,4.49,3.58
13102,4.49,3.58
13103,4.49,3.58
13104,4.49,3.58
13106,4.49,3.57
13107,4.48,3.58
13108,4.48,3.58
13109,4.48,3.58
13110,4.48,3.59
13111,4.48,3.59
13113,4.47,3.59
13114,4.47,3.59
13115,4.47,3.59
13116,4.47,3.60
13117,4.47,3.59
13119,4.47,3.60
13120,4.47,3.60
13121,4.47,3.60
13122,4.47,3.60
13123,4.47,3.60
13124,4.47,3.60
13126,4.47,3.59
13127,4.47,3.60
13128,4.47,3.59
13129,4.47,3.59
13130,4.47,3.59
13131,4.47,3.59
13133,4.47,3.59
13134,4.47,3.59
13135,4.46,3.59
13136,4.47,3.59
13137,4.46,3.60
13139,4.46,3.60
13140,4.46,3.60
13142,4.46,3.60
13143,4.46,3.60
13144,4.46,3.60
13145,4.46,3.60
13147,4.46,3.60
13148,4.46,3.60
13149,4.46,3.60
13150,4.46,3.60
13151,4.46,3.60
13152,4.46,3.60
13154,4.46,3.60
13155,4.46,3.61
13156,4.46,3.61
13157,4.47,3.61
13158,4.47,3.60
13160,4.47,3.60
13161,4.47,3.60
13162,4.47,3.61
13163,4.48,3.60
13164,4.48,3.60
13165,4.48,3.60
13167,4.48,3.60
13168,4.48,3.60
13169,4.48,3.60
13170,4.49,3.60
13171,4.49,3.60
13172,4.49,3.60
13174,4.49,3.60
13175,4.49,3.60
13176,4.49,3.60
13177,4.49,3.60
13178,4.49,3.60
13179,4.50,3.60
13181,4.50,3.60
13182,4.50,3.60
13184,4.50,3.60
13185,4.51,3.60
13186,4.51,3.60
13187,4.51,3.59
13189,4.51,3.59
13190,4.51,3.58
13191,4.50,3.58
13192,4.50,3.58
13193,4.49,3.57
13195,4.48,3.57
13196,4.48,3.57
13197,4.47,3.57
13198,4.47,3.57
13199,4.46,3.57
13200,4.46,3.56
13202,4.46,3.56
13203,4.46,3.57
13204,4.46,3.56
13205,4.46,3.56
13206,4.46,3.56
13208,4.46,3.56
13209,4.46,3.56
13210,4.46,3.56
13211,4.46,3.55
13212,4.47,3.55
13213,4.47,3.55
13215,4.47,3.54
13216,4.47,3.54
13217,4.47,3.53
13218,4.47,3.53
13219,4.48,3.52
13221,4.48,3.51
13222,4.48,3.49
13223,4.49,3.47
13224,4.50,3.43
13225,4.50,3.37
13227,4.50,3.31
13229,4.50,3.24
13230,4.50,3.17
13231,4.50,3.10
13232,4.49,3.04
13233,4.49,2.97
13234,4.49,2.91
13236,4.49,2.85
13237,4.49,2.79
13238,4.49,2.73
13239,4.49,2.67
13240,4.49,2.62
13242,4.48,2.57
13243,4.48,2.51
13244,4.48,2.46
13245,4.48,2.41
13246,4.47,2.37
13247,4.47,2.33
13249,4.47,2.29
13250,4.47,2.26
13251,4.47,2.23
13252,4.47,2.21
13253,4.47,2.18
13255,4.46,2.16
13256,4.46,2.14
13257,4.46,2.12
13258,4.45,2.10
13259,4.45,2.07
13260,4.45,2.05
13262,4.44,2.04
13263,4.44,2.02
13264,4.44,2.00
13265,4.44,1.99
13266,4.43,1.98
13267,4.43,1.98
13270,4.43,1.97
13271,4.43,1.97
13272,4.43,1.96
13273,4.43,1.96
13274,4.43,1.96
13276,4.43,1.95
13277,4.43,1.95
13278,4.43,1.95
13279,4.42,1.94
13280,4.42,1.94
13281,4.42,1.94
13283,4.42,1.94
13284,4.42,1.94
13285,4.42,1.94
13286,4.42,1.95
13287,4.42,1.94
13289,4.42,1.95
13290,4.42,1.95
13291,4.42,1.94
13292,4.42,1.94
13293,4.42,1.94
13294,4.42,1.94
13296,4.43,1.93
13297,4.43,1.93
13298,4.43,1.93
13299,4.43,1.93
13300,4.43,1.93
13302,4.43,1.93
13303,4.43,1.93
13304,4.43,1.94
13305,4.43,1.93
13306,4.44,1.93
13307,4.44,1.93
13309,4.44,1.93
13310,4.44,1.93
13312,4.44,1.93
13313,4.44,1.92
13314,4.44,1.92
13316,4.44,1.92
13317,4.44,1.92
13318,4.44,1.92
13319,4.44,1.93
13320,4.44,1.93
13321,4.45,1.93
13323,4.45,1.93
13324,4.45,1.93
13325,4.45,1.92
13326,4.45,1.92
13327,4.45,1.92
13329,4.45,1.91
13330,4.45,1.91
13331,4.45,1.91
13332,4.44,1.91
13333,4.44,1.91
13334,4.44,1.91
13336,4.44,1.91
13337,4.44,1.91
13338,4.44,1.91
13339,4.44,1.91
13340,4.44,1.91
13342,4.44,1.91
13343,4.44,1.91
13344,4.43,1.91
13345,4.43,1.91
13346,4.43,1.90
13347,4.44,1.90
13349,4.44,1.90
13350,4.44,1.90
13351,4.44,1.91
13352,4.44,1.91
13353,4.44,1.91
13356,4.44,1.91
13357,4.44,1.91
13358,4.44,1.91
13359,4.44,1.91
13360,4.44,1.91
13361,4.44,1.90
13363,4.44,1.90
13364,4.44,1.90
13365,4.44,1.90
13366,4.45,1.90
13367,4.45,1.90
13369,4.45,1.90
13370,4.45,1.90
13371,4.45,1.91
13372,4.46,1.91
13373,4.46,1.90
13374,4.46,1.91
13376,4.46,1.91
13377,4.46,1.90
13378,4.46,1.90
13379,4.46,1.89
13380,4.46,1.89
13381,4.46,1.89
13383,4.46,1.89
13384,4.46,1.89
13385,4.46,1.89
13386,4.47,1.90
13387,4.47,1.89
13389,4.47,1.89
13390,4.47,1.89
13391,4.47,1.89
13392,4.47,1.89
13393,4.46,1.89
13394,4.46,1.89
13396,4.46,1.89
13398,4.46,1.89
13399,4.45,1.89
13400,4.45,1.89
13401,4.45,1.89
13403,4.45,1.89
13404,4.44,1.90
13405,4.44,1.90
13406,4.44,1.90
13407,4.44,1.90
13408,4.44,1.90
13410,4.44,1.90
13411,4.44,1.90
13412,4.44,1.90
13413,4.44,1.90
13414,4.44,1.90
13415,4.44,1.90
13417,4.44,1.90
13418,4.44,1.91
13419,4.44,1.91
13420,4.44,1.91
13421,4.44,1.92
13423,4.44,1.93
13424,4.44,1.94
13425,4.44,1.95
13426,4.45,1.97
13427,4.45,1.98
13428,4.45,2.00
13430,4.45,2.02
13431,4.45,2.05
13432,4.45,2.07
13433,4.45,2.11
13434,4.45,2.14
13435,4.45,2.17
13437,4.45,2.20
13438,4.45,2.23
13440,4.45,2.26
13441,4.45,2.29
13442,4.46,2.32
13444,4.46,2.35
13445,4.46,2.38
13446,4.46,2.40
13447,4.46,2.43
13448,4.46,2.47
13449,4.46,2.50
13451,4.46,2.54
13452,4.46,2.57
13453,4.46,2.61
13454,4.46,2.64
13455,4.46,2.68
13457,4.46,2.71
13458,4.46,2.75
13459,4.46,2.79
13460,4.46,2.82
13461,4.46,2.85
13462,4.46,2.88
13464,4.46,2.91
13465,4.46,2.94
13466,4.46,2.97
13467,4.46,3.00
13468,4.47,3.03
13470,4.46,3.05
13471,4.47,3.07
13472,4.47,3.10
13473,4.47,3.12
13474,4.47,3.14
13475,4.47,3.16
13477,4.47,3.18
13478,4.47,3.20
13479,4.47,3.22
13480,4.47,3.23
13481,4.47,3.25
13483,4.47,3.26
13485,4.47,3.27
13486,4.47,3.29
13487,4.47,3.31
13488,4.48,3.32
13489,4.48,3.33
13491,4.48,3.34
13492,4.48,3.35
13493,4.48,3.36
13494,4.49,3.37
13495,4.49,3.38
13496,4.49,3.39
13498,4.49,3.39
13499,4.49,3.40
13500,4.49,3.41
13501,4.49,3.42
13502,4.49,3.42
13504,4.49,3.43
13505,4.49,3.44
13506,4.50,3.44
13507,4.50,3.45
13508,4.50,3.46
13509,4.50,3.46
13511,4.51,3.47
13512,4.51,3.47
13513,4.51,3.48
13514,4.51,3.48
13515,4.51,3.48
13517,4.51,3.49
13518,4.50,3.49
13519,4.50,3.49
13520,4.50,3.50
13521,4.50,3.51
13522,4.50,3.52
13524,4.51,3.53
13526,4.51,3.53
13527,4.51,3.54
13528,4.51,3.55
13529,4.52,3.56
13530,4.52,3.56
13532,4.52,3.56
13533,4.52,3.57
13534,4.52,3.57
13535,4.52,3.57
13536,4.52,3.57
13538,4.52,3.58
13539,4.53,3.58
13540,4.53,3.58
13541,4.53,3.58
13542,4.53,3.59
13543,4.53,3.59
13545,4.53,3.59
13546,4.53,3.59
13547,4.53,3.59
13548,4.54,3.60
13549,4.54,3.60
13551,4.54,3.60
13552,4.54,3.61
13553,4.54,3.61
13554,4.54,3.61
13555,4.54,3.61
13556,4.54,3.61
13558,4.54,3.62
13559,4.54,3.62
13560,4.54,3.62
13561,4.54,3.62
13562,4.54,3.63
13564,4.54,3.63
13565,4.54,3.63
13566,4.54,3.63
13568,4.54,3.63
13569,4.54,3.63
13570,4.54,3.64
13572,4.54,3.64
13573,4.54,3.64
13574,4.54,3.64
13575,4.54,3.64
13576,4.54,3.64
13578,4.54,3.64
13579,4.54,3.64
13580,4.54,3.64
13581,4.54,3.65
13582,4.54,3.65
13583,4.54,3.65
13585,4.54,3.65
13586,4.54,3.65
13587,4.54,3.65
13588,4.54,3.65
13589,4.54,3.66
13591,4.54,3.66
13592,4.54,3.66
13593,4.54,3.66
13594,4.54,3.66
13595,4.54,3.66
13596,4.54,3.66
13598,4.54,3.66
13599,4.54,3.66
13600,4.54,3.66
13601,4.54,3.66
13602,4.54,3.66
13604,4.54,3.67
13605,4.54,3.67
13606,4.54,3.67
13607,4.54,3.67
13608,4.54,3.66
13609,4.54,3.67
13612,4.54,3.67
13613,4.54,3.67
13614,4.54,3.67
13615,4.55,3.67
13616,4.55,3.67
13618,4.55,3.67
13619,4.55,3.67
13620,4.55,3.67
13621,4.55,3.67
13622,4.55,3.67
13623,4.55,3.67
13625,4.55,3.67
13626,4.55,3.67
13627,4.55,3.67
13628,4.55,3.68
13629,4.55,3.68
13631,4.55,3.68
13632,4.55,3.68
13633,4.55,3.68
13634,4.55,3.68
13635,4.55,3.68
13637,4.55,3.68
13638,4.55,3.68
13639,4.55,3.68
13640,4.55,3.68
13641,4.55,3.69
13642,4.55,3.68
13644,4.55,3.68
13645,4.55,3.69
13646,4.55,3.69
13647,4.55,3.69
13648,4.55,3.69
13650,4.55,3.69
13651,4.55,3.69
13652,4.55,3.69
13654,4.55,3.69
13655,4.55,3.69
13656,4.55,3.69
13658,4.55,3.69
13659,4.55,3.69
13660,4.55,3.69
13661,4.55,3.69
13662,4.55,3.69
13664,4.55,3.69
13665,4.55,3.69
13666,4.55,3.69
13667,4.55,3.69
13668,4.55,3.69
13669,4.55,3.69
13671,4.55,3.69
13672,4.55,3.69
13673,4.55,3.69
13674,4.55,3.70
13675,4.55,3.70
13677,4.55,3.70
13678,4.56,3.70
13679,4.55,3.69
13680,4.56,3.69
13681,4.56,3.69
13682,4.56,3.69
13684,4.56,3.69
13685,4.56,3.69
13686,4.56,3.69
13687,4.56,3.69
13688,4.56,3.69
13690,4.56,3.70
13691,4.56,3.69
13692,4.56,3.69
13693,4.56,3.70
13694,4.56,3.70
13696,4.56,3.69
13698,4.56,3.70
13699,4.56,3.70
13700,4.56,3.70
13701,4.56,3.70
13702,4.56,3.70
13704,4.56,3.70
13705,4.56,3.70
13706,4.56,3.70
13707,4.56,3.70
13708,4.56,3.69
13709,4.56,3.70
13711,4.56,3.69
13712,4.56,3.69
13713,4.56,3.69
13714,4.56,3.69
13715,4.56,3.70
13716,4.56,3.69
13718,4.56,3.69
13719,4.56,3.69
13720,4.56,3.69
13721,4.56,3.69
13722,4.56,3.69
13724,4.56,3.69
13725,4.56,3.69
13726,4.56,3.69
13727,4.56,3.69
13728,4.56,3.69
13729,4.56,3.69
13731,4.56,3.69
13732,4.56,3.69
13733,4.56,3.69
13734,4.56,3.69
13735,4.57,3.69
13737,4.57,3.69
13739,4.57,3.69
13740,4.57,3.69
13741,4.57,3.69
13742,4.57,3.68
13744,4.57,3.68
13745,4.57,3.68
13746,4.57,3.68
13747,4.57,3.68
13748,4.57,3.68
13749,4.57,3.68
13751,4.57,3.68
13752,4.57,3.68
13753,4.57,3.68
13754,4.57,3.68
13755,4.57,3.68
13757,4.57,3.67
13758,4.57,3.67
13759,4.57,3.67
13760,4.57,3.67
13761,4.57,3.67
13762,4.57,3.67
13764,4.57,3.67
13765,4.57,3.67
13766,4.57,3.67
13767,4.57,3.66
13768,4.57,3.66
13770,4.57,3.66
13771,4.57,3.66
13772,4.57,3.66
13773,4.57,3.66
13774,4.57,3.66
13775,4.57,3.66
13777,4.57,3.66
13778,4.57,3.66
13779,4.57,3.66
13780,4.57,3.66
13782,4.57,3.66
13784,4.57,3.66
13785,4.57,3.65
13786,4.57,3.65
13787,4.57,3.65
13788,4.57,3.65
13790,4.57,3.65
13791,4.57,3.65
13792,4.57,3.65
13793,4.57,3.65
13794,4.57,3.65
13795,4.57,3.65
13797,4.57,3.65
13798,4.57,3.65
13799,4.57,3.65
13800,4.57,3.65
13801,4.57,3.65
13803,4.57,3.65
13804,4.57,3.65
13805,4.57,3.65
13806,4.57,3.65
13807,4.57,3.65
13808,4.57,3.65
13810,4.57,3.65
13811,4.57,3.65
13812,4.58,3.65
13813,4.58,3.65
13814,4.59,3.65
13816,4.59,3.64
13817,4.59,3.64
13818,4.60,3.64
13819,4.60,3.64
13820,4.60,3.64
13821,4.60,3.64
13824,4.60,3.63
13825,4.59,3.63
13826,4.59,3.63
13827,4.59,3.63
13828,4.58,3.63
13830,4.58,3.63
13831,4.58,3.63
13832,4.57,3.63
13833,4.57,3.63
13834,4.57,3.63
13835,4.57,3.63
13837,4.57,3.63
13838,4.57,3.63
13839,4.57,3.63
13840,4.57,3.63
13841,4.57,3.63
13843,4.57,3.63
13844,4.57,3.63
13845,4.57,3.63
13846,4.57,3.63
13847,4.57,3.63
13848,4.57,3.63
13850,4.57,3.63
13851,4.56,3.63
13852,4.57,3.63
13853,4.57,3.63
13854,4.57,3.63
13856,4.57,3.63
13857,4.57,3.63
13858,4.57,3.63
13859,4.57,3.63
13860,4.57,3.63
13861,4.57,3.63
13863,4.57,3.63
13864,4.57,3.63
13865,4.57,3.63
13867,4.57,3.63
13868,4.57,3.63
13870,4.58,3.63
13871,4.58,3.63
13872,4.59,3.63
13873,4.59,3.63
13874,4.60,3.63
13875,4.60,3.63
13877,4.61,3.63
13878,4.61,3.63
13879,4.62,3.63
13880,4.62,3.62
13881,4.63,3.62
13883,4.63,3.62
13884,4.63,3.62
13885,4.63,3.62
13886,4.63,3.62
13887,4.63,3.61
13888,4.63,3.61
13890,4.63,3.61
13891,4.62,3.61
13892,4.62,3.60
13893,4.61,3.60
13894,4.61,3.60
13896,4.60,3.59
13897,4.59,3.59
13898,4.59,3.59
13899,4.58,3.59
13900,4.58,3.59
13901,4.57,3.59
13903,4.57,3.59
13904,4.57,3.60
13905,4.57,3.60
13906,4.57,3.60
13907,4.57,3.60
13908,4.58,3.60
13911,4.58,3.60
13912,4.59,3.60
13913,4.59,3.60
13914,4.60,3.59
13915,4.60,3.59
13916,4.60,3.59
13918,4.61,3.59
13919,4.61,3.58
13920,4.60,3.58
13921,4.60,3.58
13922,4.60,3.58
13924,4.60,3.58
13925,4.60,3.58
13926,4.60,3.58
13927,4.60,3.58
13928,4.61,3.58
13929,4.61,3.58
13931,4.61,3.57
13932,4.61,3.57
13933,4.62,3.57
13934,4.62,3.56
13935,4.61,3.56
13936,4.61,3.55
13938,4.60,3.55
13939,4.60,3.54
13940,4.59,3.54
13941,4.58,3.53
13942,4.57,3.53
13944,4.56,3.53
13945,4.55,3.52
13946,4.55,3.52
13947,4.55,3.52
13948,4.55,3.52
13949,4.55,3.52
13952,4.55,3.52
13953,4.56,3.52
13954,4.57,3.51
13955,4.58,3.51
13956,4.59,3.51
13958,4.60,3.50
13959,4.62,3.50
13960,4.63,3.49
13961,4.64,3.49
13962,4.64,3.48
13963,4.64,3.47
13965,4.64,3.45
13966,4.63,3.44
13967,4.62,3.43
13968,4.61,3.42
13969,4.60,3.41
13971,4.59,3.40
13972,4.58,3.39
13973,4.57,3.39
13974,4.57,3.38
13975,4.56,3.38
13976,4.56,3.38
13978,4.55,3.37
13979,4.55,3.37
13980,4.56,3.37
13981,4.56,3.36
13982,4.57,3.36
13983,4.57,3.35
13985,4.57,3.34
13986,4.57,3.34
13987,4.57,3.33
13988,4.57,3.32
13989,4.57,3.32
13991,4.57,3.31
13992,4.56,3.31
13993,4.56,3.31
13995,4.55,3.30
13996,4.55,3.30
13997,4.55,3.30
13999,4.55,3.29
14000,4.55,3.29
14001,4.55,3.29
14002,4.55,3.29
14003,4.55,3.28
14005,4.55,3.28
14006,4.55,3.28
14007,4.55,3.28
14008,4.55,3.27
14009,4.55,3.27
14010,4.54,3.27
14012,4.54,3.27
14013,4.54,3.27
14014,4.54,3.27
14015,4.54,3.26
14016,4.54,3.26
14018,4.54,3.26
14019,4.55,3.26
14020,4.56,3.26
14021,4.57,3.26
14022,4.57,3.26
14023,4.58,3.26
14025,4.59,3.26
14026,4.60,3.25
14027,4.60,3.25
14028,4.61,3.24
14029,4.61,3.23
14031,4.60,3.22
14032,4.60,3.22
14033,4.59,3.22
14034,4.59,3.22
14035,4.58,3.22
14036,4.57,3.22
14039,4.57,3.23
14040,4.56,3.23
14041,4.56,3.23
14042,4.56,3.23
14043,4.56,3.23
14045,4.55,3.23
14046,4.55,3.23
14047,4.55,3.23
14048,4.55,3.23
14049,4.55,3.23
14050,4.55,3.23
14052,4.55,3.23
14053,4.55,3.24
14054,4.55,3.24
14055,4.55,3.24
14056,4.55,3.24
14058,4.55,3.24
14059,4.55,3.23
14060,4.55,3.23
14061,4.55,3.23
14062,4.55,3.22
14063,4.55,3.22
14065,4.56,3.22
14066,4.56,3.22
14067,4.56,3.22
14068,4.56,3.23
14069,4.56,3.23
14071,4.56,3.23
14072,4.56,3.23
14073,4.56,3.23
14074,4.56,3.23
14075,4.56,3.23
14077,4.56,3.23
14078,4.56,3.22
14080,4.56,3.22
14081,4.57,3.22
14082,4.56,3.22
14083,4.56,3.22
14085,4.56,3.22
14086,4.56,3.22
14087,4.56,3.22
14088,4.55,3.22
14089,4.55,3.23
14091,4.55,3.23
14092,4.55,3.23
14093,4.55,3.23
14094,4.55,3.23
14095,4.55,3.24
14096,4.56,3.24
14098,4.56,3.24
14099,4.56,3.24
14100,4.56,3.24
14101,4.56,3.24
14102,4.55,3.24
14104,4.54,3.24
14105,4.54,3.24
14106,4.53,3.24
14107,4.52,3.25
14108,4.51,3.25
14109,4.51,3.25
14111,4.50,3.25
14112,4.50,3.26
14113,4.50,3.26
14114,4.50,3.26
14115,4.50,3.26
14117,4.50,3.26
14118,4.50,3.26
14119,4.50,3.26
14120,4.50,3.26
14121,4.50,3.26
14123,4.50,3.26
14125,4.50,3.26
14126,4.50,3.26
14127,4.51,3.26
14128,4.51,3.26
14129,4.52,3.26
14131,4.52,3.26
14132,4.53,3.26
14133,4.54,3.26
14134,4.55,3.25
14135,4.56,3.25
14136,4.57,3.24
14138,4.57,3.24
14139,4.57,3.23
14140,4.57,3.23
14141,4.57,3.22
14142,4.57,3.22
14144,4.57,3.22
14145,4.57,3.22
14146,4.56,3.22
14147,4.56,3.23
14148,4.56,3.23
14149,4.56,3.23
14151,4.55,3.23
14152,4.55,3.24
14153,4.55,3.24
14154,4.55,3.23
14155,4.55,3.23
14157,4.55,3.23
14158,4.56,3.23
14159,4.56,3.23
14160,4.56,3.23
14161,4.56,3.22
14162,4.57,3.22
14164,4.56,3.21
14166,4.56,3.21
14167,4.56,3.20
14168,4.55,3.20
14169,4.55,3.19
14171,4.55,3.19
14172,4.54,3.19
14173,4.54,3.19
14174,4.54,3.18
14175,4.54,3.18
14176,4.53,3.18
14178,4.53,3.18
14179,4.53,3.17
14180,4.53,3.16
14181,4.53,3.14
14182,4.53,3.11
14184,4.54,3.06
14185,4.54,3.02
14186,4.54,2.96
14187,4.54,2.90
14188,4.54,2.85
14189,4.54,2.79
14191,4.54,2.74
14192,4.53,2.68
14193,4.53,2.62
14194,4.53,2.57
14195,4.53,2.52
14197,4.53,2.47
14198,4.53,2.43
14199,4.53,2.39
14200,4.52,2.35
14201,4.52,2.31
14202,4.52,2.28
14204,4.52,2.25
14205,4.52,2.22
14206,4.53,2.19
14208,4.53,2.17
14209,4.53,2.14
14211,4.53,2.11
14212,4.53,2.09
14213,4.53,2.06
14214,4.52,2.04
14215,4.52,2.02
14216,4.51,2.00
14218,4.51,1.99
14219,4.51,1.98
14220,4.51,1.96
14221,4.51,1.96
14222,4.52,1.95
14223,4.52,1.94
14225,4.53,1.93
14226,4.54,1.92
14227,4.54,1.90
14228,4.55,1.89
14229,4.55,1.87
14231,4.56,1.86
14232,4.56,1.86
14233,4.55,1.85
14234,4.54,1.85
14235,4.54,1.85
14236,4.54,1.86
14238,4.54,1.86
14239,4.54,1.88
14240,4.55,1.89
14241,4.55,1.91
14242,4.56,1.92
14244,4.56,1.94
14245,4.56,1.96
14246,4.56,1.98
14247,4.55,2.01
14248,4.54,2.04
14249,4.53,2.09
14252,4.53,2.13
14253,4.53,2.17
14254,4.52,2.22
14255,4.53,2.27
14256,4.53,2.31
14258,4.53,2.35
14259,4.53,2.39
14260,4.53,2.42
14261,4.53,2.45
14262,4.53,2.49
14263,4.52,2.53
14265,4.52,2.56
14266,4.51,2.60
14267,4.51,2.64
14268,4.51,2.68
14269,4.51,2.72
14271,4.51,2.76
14272,4.51,2.80
14273,4.51,2.83
14274,4.51,2.85
14275,4.51,2.88
14276,4.51,2.91
14278,4.50,2.94
14279,4.49,2.96
14280,4.49,2.99
14281,4.48,3.01
14282,4.47,3.03
14284,4.46,3.05
14285,4.46,3.07
14286,4.45,3.10
14287,4.45,3.12
14288,4.45,3.14
14289,4.45,3.16
14291,4.45,3.18
14292,4.45,3.20
14294,4.45,3.21
14295,4.46,3.23
14296,4.46,3.24
14297,4.47,3.25
14299,4.48,3.25
14300,4.49,3.26
14301,4.50,3.27
14302,4.51,3.28
14303,4.52,3.29
14305,4.53,3.30
14306,4.53,3.30
14307,4.53,3.31
14308,4.54,3.32
14309,4.54,3.33
14310,4.54,3.33
14312,4.54,3.34
14313,4.54,3.35
14314,4.54,3.35
14315,4.54,3.36
14316,4.55,3.36
14318,4.55,3.37
14319,4.55,3.38
14320,4.56,3.39
14321,4.56,3.39
14322,4.57,3.40
14323,4.57,3.40
14325,4.57,3.41
14326,4.57,3.41
14327,4.57,3.42
14328,4.57,3.42
14329,4.58,3.43
14331,4.58,3.44
14332,4.57,3.44
14333,4.57,3.44
14334,4.57,3.44
14336,4.56,3.44
14337,4.55,3.44
14339,4.54,3.44
14340,4.52,3.44
14341,4.51,3.44
14342,4.50,3.45
14343,4.49,3.46
14345,4.49,3.48
14346,4.49,3.49
14347,4.48,3.49
14348,4.48,3.50
14349,4.49,3.51
14350,4.49,3.51
14352,4.50,3.51
14353,4.51,3.52
14354,4.52,3.52
14355,4.53,3.52
14356,4.54,3.53
14357,4.55,3.53
14359,4.55,3.52
14360,4.54,3.52
14361,4.54,3.52
14362,4.54,3.52
14363,4.54,3.52
14365,4.55,3.53
14366,4.56,3.54
14367,4.57,3.55
14368,4.58,3.56
14369,4.59,3.56
14370,4.60,3.56
14372,4.60,3.55
14373,4.60,3.55
14374,4.59,3.54
14375,4.58,3.53
14376,4.57,3.52
14379,4.56,3.53
14380,4.55,3.54
14381,4.54,3.54
14382,4.54,3.55
14383,4.53,3.56
14384,4.53,3.57
14386,4.53,3.58
14387,4.53,3.59
14388,4.53,3.59
14389,4.53,3.59
14390,4.53,3.59
14392,4.53,3.59
14393,4.53,3.59
14394,4.53,3.58
14395,4.54,3.58
14396,4.54,3.58
14397,4.54,3.57
14399,4.54,3.57
14400,4.54,3.57
14401,4.55,3.57
14402,4.56,3.57
14403,4.57,3.58
14405,4.57,3.58
14406,4.58,3.58
14407,4.58,3.57
14408,4.58,3.57
14409,4.58,3.57
14410,4.58,3.56
14412,4.57,3.56
14413,4.57,3.56
14414,4.56,3.56
14415,4.56,3.56
14416,4.56,3.57
14418,4.56,3.58
14419,4.56,3.58
14420,4.56,3.58
14422,4.56,3.59
14423,4.56,3.58
14424,4.56,3.58
14426,4.55,3.58
14427,4.55,3.57
14428,4.54,3.57
14429,4.54,3.56
14430,4.54,3.57
14432,4.54,3.57
14433,4.54,3.57
14434,4.54,3.57
14435,4.54,3.57
14436,4.54,3.57
14437,4.55,3.57
14439,4.56,3.57
14440,4.57,3.57
14441,4.57,3.58
14442,4.57,3.58
14443,4.57,3.58
14444,4.57,3.58
14446,4.57,3.58
14447,4.57,3.58
14448,4.56,3.58
14449,4.56,3.58
14450,4.56,3.58
14452,4.56,3.58
14453,4.55,3.58
14454,4.55,3.58
14455,4.55,3.58
14456,4.55,3.58
14457,4.55,3.57
14459,4.55,3.57
14460,4.55,3.57
14461,4.54,3.56
14462,4.54,3.57
14464,4.54,3.57
14466,4.54,3.57
14467,4.54,3.58
14468,4.54,3.58
14469,4.54,3.58
14470,4.54,3.58
14471,4.54,3.59
14473,4.53,3.59
14474,4.53,3.59
14475,4.53,3.59
14476,4.53,3.60
14477,4.53,3.60
14479,4.53,3.60
14480,4.53,3.60
14481,4.53,3.61
14482,4.54,3.60
14483,4.54,3.60
14484,4.54,3.60
14486,4.54,3.60
14487,4.54,3.60
14488,4.54,3.60
14489,4.54,3.59
14490,4.54,3.59
14491,4.54,3.60
14493,4.55,3.60
14494,4.56,3.60
14495,4.57,3.61
14496,4.59,3.61
14497,4.60,3.61
14498,4.61,3.61
14500,4.62,3.60
14501,4.61,3.60
14502,4.61,3.59
14503,4.59,3.58
14504,4.58,3.57
14507,4.57,3.57
14508,4.56,3.57
14509,4.55,3.57
14510,4.54,3.58
14511,4.54,3.58
14512,4.54,3.59
14514,4.54,3.59
14515,4.54,3.59
14516,4.53,3.58
14517,4.53,3.58
14518,4.53,3.58
14520,4.53,3.58
14521,4.52,3.57
14522,4.52,3.57
14523,4.52,3.57
14524,4.52,3.58
14525,4.52,3.58
14527,4.52,3.58
14528,4.52,3.58
14529,4.53,3.58
14530,4.54,3.59
14531,4.55,3.59
14533,4.55,3.59
14534,4.56,3.59
14535,4.56,3.60
14536,4.57,3.60
14537,4.57,3.60
14538,4.58,3.60
14540,4.59,3.60
14541,4.59,3.60
14542,4.59,3.59
14543,4.59,3.59
14544,4.59,3.59
14545,4.58,3.58
14547,4.57,3.58
14548,4.57,3.57
14550,4.57,3.57
14551,4.56,3.57
14552,4.55,3.57
14554,4.55,3.57
14555,4.55,3.57
14556,4.54,3.58
14557,4.54,3.58
14558,4.53,3.58
14559,4.53,3.59
14561,4.52,3.59
14562,4.52,3.59
14563,4.52,3.59
14564,4.52,3.59
14565,4.52,3.59
14567,4.52,3.59
14568,4.52,3.58
14569,4.52,3.58
14570,4.52,3.58
14571,4.52,3.57
14572,4.52,3.57
14574,4.53,3.57
14575,4.54,3.57
14576,4.54,3.58
14577,4.55,3.58
14578,4.56,3.58
14580,4.56,3.58
14581,4.57,3.58
14582,4.57,3.58
14583,4.56,3.58
14584,4.56,3.58
14585,4.56,3.57
14587,4.55,3.58
14588,4.55,3.58
14589,4.55,3.58
14590,4.56,3.58
14592,4.56,3.59
14594,4.57,3.59
14595,4.57,3.59
14596,4.57,3.59
14597,4.58,3.59
14598,4.58,3.59
14599,4.57,3.59
14601,4.57,3.58
14602,4.57,3.58
14603,4.57,3.57
14604,4.56,3.57
14605,4.56,3.57
14607,4.55,3.56
14608,4.54,3.57
14609,4.54,3.57
14610,4.54,3.57
14611,4.53,3.57
14612,4.53,3.58
14614,4.53,3.58
14615,4.53,3.58
14616,4.53,3.59
14617,4.53,3.59
14618,4.53,3.59
14620,4.53,3.59
14621,4.53,3.59
14622,4.53,3.59
14623,4.52,3.59
14624,4.52,3.58
14625,4.52,3.58
14627,4.52,3.58
14628,4.51,3.58
14629,4.51,3.57
14630,4.51,3.57
14631,4.51,3.57
14633,4.51,3.57
14635,4.52,3.58
14636,4.52,3.58
14637,4.53,3.58
14638,4.54,3.59
14639,4.55,3.59
14641,4.56,3.59
14642,4.56,3.59
14643,4.57,3.59
14644,4.57,3.58
14645,4.57,3.58
14647,4.57,3.57
14648,4.56,3.57
14649,4.56,3.57
14650,4.56,3.57
14651,4.56,3.57
14652,4.56,3.57
14654,4.56,3.57
14655,4.56,3.57
14656,4.56,3.57
14657,4.55,3.57
14658,4.55,3.56
14660,4.54,3.57
14661,4.54,3.57
14662,4.53,3.57
14663,4.53,3.57
14664,4.52,3.57
14665,4.52,3.58
14667,4.52,3.58
14668,4.52,3.58
14669,4.52,3.58
14670,4.53,3.58
14671,4.53,3.58
14673,4.54,3.58
14674,4.54,3.58
14675,4.54,3.57
14676,4.54,3.57
14678,4.54,3.57
14679,4.53,3.57
14681,4.53,3.57
14682,4.53,3.56
14683,4.52,3.57
14684,4.52,3.57
14685,4.52,3.57
14687,4.52,3.58
14688,4.51,3.58
14689,4.51,3.58
14690,4.51,3.58
14691,4.51,3.58
14692,4.51,3.58
14694,4.51,3.58
14695,4.51,3.57
14696,4.51,3.57
14697,4.52,3.58
14698,4.52,3.58
14700,4.53,3.58
14701,4.53,3.58
14702,4.53,3.57
14703,4.53,3.57
14704,4.53,3.57
14705,4.53,3.57
14707,4.54,3.57
14708,4.54,3.57
14709,4.54,3.57
14710,4.54,3.57
14711,4.55,3.57
14712,4.55,3.57
14714,4.55,3.57
14715,4.55,3.57
14716,4.54,3.56
14717,4.54,3.56
14718,4.53,3.56
14721,4.53,3.56
14722,4.53,3.57
14723,4.52,3.57
14724,4.52,3.57
14725,4.52,3.58
14726,4.52,3.58
14728,4.51,3.58
14729,4.51,3.58
14730,4.52,3.58
14731,4.52,3.58
14732,4.52,3.58
14734,4.53,3.58
14735,4.53,3.58
14736,4.53,3.58
14737,4.54,3.58
14738,4.54,3.58
14739,4.54,3.57
14741,4.54,3.57
14742,4.53,3.57
14743,4.53,3.57
14744,4.52,3.57
14745,4.52,3.57
14747,4.52,3.57
14748,4.51,3.57
14749,4.51,3.57
14750,4.51,3.57
14751,4.51,3.57
14752,4.51,3.57
14754,4.51,3.57
14755,4.52,3.57
14756,4.52,3.57
14757,4.53,3.57
14758,4.54,3.57
14760,4.54,3.57
14761,4.55,3.57
14763,4.55,3.57
14764,4.54,3.57
14765,4.54,3.57
14766,4.54,3.57
14768,4.54,3.57
14769,4.54,3.57
14770,4.54,3.57
14771,4.55,3.57
14772,4.55,3.57
14774,4.54,3.57
14775,4.54,3.57
14776,4.54,3.57
14777,4.53,3.56
14778,4.53,3.56
14779,4.52,3.56
14781,4.52,3.56
14782,4.51,3.56
14783,4.51,3.56
14784,4.50,3.57
14785,4.50,3.56
14786,4.49,3.57
14788,4.49,3.57
14789,4.49,3.57
14790,4.49,3.57
14791,4.50,3.57
14792,4.50,3.57
14794,4.50,3.57
14795,4.50,3.57
14796,4.50,3.56
14797,4.50,3.56
14798,4.50,3.56
14799,4.51,3.56
14801,4.51,3.57
14802,4.51,3.57
14803,4.51,3.57
14804,4.51,3.57
14806,4.51,3.57
14807,4.51,3.57
14809,4.51,3.57
14810,4.51,3.57
14811,4.51,3.57
14812,4.51,3.57
14813,4.51,3.58
14815,4.51,3.57
14816,4.51,3.58
14817,4.51,3.58
14818,4.52,3.58
14819,4.53,3.58
14820,4.54,3.58
14822,4.54,3.58
14823,4.55,3.58
14824,4.55,3.58
14825,4.55,3.58
14826,4.55,3.58
14828,4.55,3.58
14829,4.55,3.58
14830,4.55,3.57
14831,4.55,3.57
14832,4.54,3.57
14833,4.54,3.56
14835,4.53,3.56
14836,4.53,3.56
14837,4.53,3.56
14838,4.52,3.56
14839,4.52,3.56
14841,4.51,3.56
14842,4.51,3.56
14843,4.51,3.56
14844,4.51,3.56
14845,4.51,3.56
14846,4.51,3.56
14849,4.51,3.56
14850,4.51,3.56
14851,4.52,3.57
14852,4.52,3.57
14853,4.52,3.57
14854,4.52,3.57
14856,4.52,3.57
14857,4.51,3.57
14858,4.51,3.57
14859,4.50,3.57
14860,4.50,3.57
14862,4.49,3.57
14863,4.49,3.57
14864,4.49,3.57
14865,4.49,3.57
14866,4.49,3.57
14867,4.49,3.57
14869,4.49,3.57
14870,4.49,3.57
14871,4.49,3.57
14872,4.49,3.57
14873,4.50,3.57
14875,4.50,3.57
14876,4.51,3.57
14877,4.52,3.57
14878,4.52,3.57
14879,4.52,3.57
14880,4.52,3.57
14882,4.52,3.57
14883,4.52,3.56
14884,4.52,3.57
14885,4.52,3.56
14886,4.52,3.56
14887,4.51,3.56
14889,4.51,3.56
14891,4.51,3.56
14892,4.51,3.57
14893,4.51,3.57
14894,4.50,3.57
14896,4.50,3.57
14897,4.50,3.57
14898,4.50,3.57
14899,4.50,3.57
14900,4.50,3.57
14901,4.50,3.57
14903,4.50,3.57
14904,4.50,3.57
14905,4.51,3.57
14906,4.51,3.57
14907,4.51,3.57
14908,4.51,3.57
14910,4.52,3.57
14911,4.52,3.57
14912,4.52,3.57
14913,4.52,3.57
14914,4.52,3.57
14916,4.53,3.58
14917,4.53,3.58
14918,4.54,3.58
14919,4.53,3.57
14920,4.53,3.57
14921,4.53,3.57
14923,4.53,3.57
14924,4.53,3.57
14925,4.53,3.57
14926,4.53,3.57
14927,4.53,3.56
14929,4.53,3.56
14930,4.53,3.56
14931,4.52,3.56
14932,4.52,3.56
14934,4.52,3.56
14935,4.51,3.56
14937,4.51,3.56
14938,4.51,3.56
14939,4.51,3.56
14940,4.50,3.56
14941,4.50,3.56
14942,4.50,3.56
14944,4.50,3.56
14945,4.50,3.56
14946,4.50,3.56
14947,4.51,3.56
14948,4.51,3.56
14950,4.51,3.57
14951,4.51,3.57
14952,4.51,3.57
14953,4.51,3.57
14954,4.51,3.57
14955,4.50,3.57
14957,4.50,3.57
14958,4.50,3.57
14959,4.49,3.57
14960,4.49,3.57
14961,4.49,3.57
14962,4.49,3.57
14964,4.49,3.57
14965,4.49,3.57
14966,4.49,3.57
14967,4.49,3.57
14968,4.49,3.57
14970,4.49,3.57
14971,4.49,3.57
14972,4.49,3.57
14973,4.49,3.57
14974,4.49,3.57
14976,4.50,3.57
14978,4.50,3.57
14979,4.50,3.57
14980,4.50,3.57
14981,4.50,3.57
14982,4.50,3.57
14983,4.50,3.57
14985,4.49,3.57
14986,4.50,3.57
14987,4.50,3.57
14988,4.50,3.57
14989,4.50,3.57
14991,4.49,3.57
14992,4.50,3.57
14993,4.49,3.57
14994,4.50,3.57
14995,4.50,3.57
14996,4.50,3.58
14998,4.50,3.57
14999,4.50,3.57
15000,4.50,3.57
15001,4.50,3.57
15002,4.50,3.57
15003,4.50,3.57
15005,4.51,3.57
15006,4.51,3.57
15007,4.52,3.57
15008,4.52,3.57
15009,4.53,3.57
15011,4.53,3.57
15012,4.54,3.57
15013,4.54,3.57
15014,4.54,3.57
15015,4.54,3.57
15016,4.54,3.57
15019,4.54,3.56
15020,4.53,3.56
15021,4.53,3.56
15022,4.52,3.56
15023,4.52,3.56
15024,4.52,3.56
15026,4.52,3.56
15027,4.52,3.56
15028,4.52,3.56
15029,4.52,3.56
15030,4.52,3.56
15032,4.51,3.56
15033,4.51,3.56
15034,4.51,3.56
15035,4.51,3.56
15036,4.51,3.55
15037,4.50,3.55
15039,4.50,3.56
15040,4.50,3.56
15041,4.50,3.56
15042,4.49,3.56
15043,4.49,3.56
15045,4.49,3.56
15046,4.49,3.56
15047,4.49,3.56
15048,4.48,3.56
15049,4.49,3.56
15050,4.48,3.56
15052,4.48,3.56
15053,4.48,3.56
15054,4.48,3.56
15055,4.48,3.56
15056,4.48,3.56
15057,4.48,3.56
15059,4.48,3.56
15060,4.48,3.56
15062,4.48,3.56
15063,4.48,3.56
15064,4.48,3.56
15066,4.49,3.56
15067,4.49,3.56
15068,4.49,3.56
15069,4.49,3.56
15070,4.49,3.56
15071,4.49,3.56
15073,4.49,3.56
15074,4.49,3.56
15075,4.49,3.56
15076,4.49,3.56
15077,4.50,3.56
15079,4.50,3.56
15080,4.51,3.56
15081,4.52,3.56
15082,4.52,3.56
15083,4.52,3.56
15084,4.52,3.56
15086,4.52,3.56
15087,4.52,3.56
15088,4.52,3.55
15089,4.51,3.55
15090,4.51,3.55
15092,4.51,3.55
15093,4.51,3.55
15094,4.51,3.55
15095,4.51,3.55
15096,4.51,3.55
15097,4.51,3.56
15099,4.50,3.56
15100,4.50,3.56
15101,4.50,3.55
15102,4.50,3.55
15104,4.50,3.55
15105,4.50,3.55
15107,4.49,3.55
15108,4.49,3.55
15109,4.49,3.55
15110,4.49,3.55
15111,4.49,3.56
15113,4.49,3.55
15114,4.49,3.55
15115,4.49,3.55
15116,4.49,3.56
15117,4.48,3.56
15118,4.48,3.56
15120,4.48,3.56
15121,4.48,3.56
15122,4.48,3.56
15123,4.48,3.55
15124,4.48,3.55
15126,4.48,3.55
15127,4.49,3.55
15128,4.49,3.55
15129,4.49,3.55
15130,4.49,3.55
15131,4.49,3.55
15133,4.49,3.55
15134,4.49,3.55
15135,4.49,3.55
15136,4.48,3.55
15137,4.48,3.55
15138,4.49,3.55
15140,4.49,3.55
15141,4.49,3.55
15142,4.49,3.55
15143,4.50,3.55
15144,4.50,3.55
15147,4.50,3.55
15148,4.50,3.55
15149,4.51,3.55
15150,4.51,3.55
15151,4.51,3.55
15152,4.51,3.55
15154,4.51,3.55
15155,4.51,3.54
15156,4.51,3.54
15157,4.51,3.54
15158,4.50,3.54
15159,4.50,3.54
15161,4.50,3.54
15162,4.50,3.54
15163,4.50,3.54
15164,4.49,3.54
15165,4.49,3.54
15167,4.49,3.54
15168,4.49,3.54
15169,4.49,3.54
15170,4.49,3.54
15171,4.48,3.54
15172,4.48,3.54
15174,4.48,3.54
15175,4.48,3.54
15176,4.48,3.54
15177,4.49,3.54
15178,4.49,3.54
15180,4.49,3.54
15181,4.49,3.54
15182,4.49,3.55
15183,4.49,3.55
15184,4.49,3.55
15185,4.49,3.55
15187,4.49,3.54
15188,4.49,3.55
15190,4.48,3.55
15191,4.48,3.54
15192,4.48,3.54
15194,4.48,3.54
15195,4.48,3.54
15196,4.48,3.55
15197,4.48,3.55
15198,4.48,3.54
15199,4.48,3.54
15201,4.48,3.54
15202,4.48,3.54
15203,4.49,3.55
15204,4.50,3.55
15205,4.51,3.55
15206,4.52,3.55
15208,4.52,3.55
15209,4.53,3.55
15210,4.53,3.54
15211,4.53,3.54
15212,4.53,3.53
15214,4.52,3.53
15215,4.52,3.53
15216,4.51,3.52
15217,4.50,3.52
15218,4.49,3.52
15219,4.49,3.52
15221,4.49,3.53
15222,4.48,3.53
15223,4.48,3.53
15224,4.48,3.53
15225,4.48,3.53
15227,4.48,3.53
15228,4.48,3.53
15229,4.48,3.53
15230,4.48,3.53
15232,4.48,3.53
15233,4.48,3.53
15235,4.47,3.53
15236,4.47,3.53
15237,4.47,3.53
15238,4.47,3.53
15239,4.47,3.53
15241,4.47,3.53
15242,4.47,3.53
15243,4.47,3.53
15244,4.47,3.53
15245,4.47,3.53
15246,4.47,3.53
15248,4.47,3.53
15249,4.47,3.53
15250,4.47,3.53
15251,4.47,3.53
15252,4.47,3.53
15253,4.47,3.53
15255,4.47,3.53
15256,4.47,3.53
15257,4.47,3.53
15258,4.47,3.53
15259,4.47,3.53
15261,4.47,3.53
15262,4.47,3.53
15263,4.47,3.53
15264,4.47,3.53
15265,4.47,3.53
15266,4.47,3.53
15268,4.47,3.53
15269,4.47,3.53
15270,4.48,3.53
15271,4.48,3.53
15272,4.47,3.53
15275,4.47,3.53
15276,4.48,3.53
15277,4.48,3.53
15278,4.48,3.53
15279,4.49,3.53
15280,4.49,3.53
15282,4.50,3.53
15283,4.50,3.53
15284,4.50,3.53
15285,4.50,3.53
15286,4.50,3.53
15287,4.50,3.52
15289,4.49,3.52
15290,4.49,3.52
15291,4.48,3.52
15292,4.48,3.52
15293,4.48,3.52
15295,4.48,3.52
15296,4.48,3.52
15297,4.47,3.52
15298,4.47,3.51
15299,4.48,3.52
15300,4.48,3.51
15302,4.47,3.51
15303,4.48,3.51
15304,4.48,3.51
15305,4.48,3.51
15306,4.48,3.51
15308,4.49,3.51
15309,4.49,3.51
15310,4.49,3.50
15311,4.49,3.50
15312,4.49,3.50
15313,4.49,3.50
15315,4.50,3.49
15316,4.50,3.49
15318,4.49,3.49
15319,4.49,3.49
15320,4.49,3.49
15321,4.49,3.49
15323,4.49,3.48
15324,4.48,3.48
15325,4.48,3.48
15326,4.48,3.48
15327,4.48,3.48
15329,4.48,3.48
15330,4.48,3.48
15331,4.47,3.48
15332,4.47,3.48
15333,4.47,3.48
15334,4.47,3.48
15336,4.47,3.48
15337,4.47,3.48
15338,4.47,3.47
15339,4.47,3.47
15340,4.47,3.47
15342,4.47,3.47
15343,4.47,3.47
15344,4.47,3.46
15345,4.48,3.46
15346,4.48,3.46
15347,4.49,3.44
15349,4.50,3.41
15350,4.50,3.37
15351,4.50,3.32
15352,4.50,3.26
15353,4.50,3.20
15355,4.50,3.13
15356,4.50,3.07
15357,4.50,3.01
15358,4.50,2.95
15360,4.49,2.89
15361,4.49,2.83
15363,4.48,2.78
15364,4.48,2.72
15365,4.48,2.67
15366,4.47,2.62
15367,4.47,2.58
15368,4.47,2.54
15370,4.46,2.50
15371,4.46,2.46
15372,4.46,2.42
15373,4.45,2.39
15374,4.45,2.36
15376,4.45,2.33
15377,4.45,2.30
15378,4.44,2.27
15379,4.44,2.24
15380,4.44,2.22
15381,4.44,2.20
15383,4.43,2.18
15384,4.43,2.17
15385,4.43,2.15
15386,4.44,2.14
15387,4.44,2.13
15389,4.44,2.12
15390,4.44,2.11
15391,4.44,2.10
15392,4.44,2.09
15393,4.45,2.07
15394,4.45,2.06
15396,4.45,2.05
15397,4.44,2.04
15398,4.44,2.04
15399,4.44,2.04
15400,4.44,2.04
15401,4.44,2.04
15404,4.44,2.04
15405,4.43,2.04
15406,4.43,2.04
15407,4.43,2.04
15408,4.42,2.04
15410,4.42,2.04
15411,4.42,2.03
15412,4.42,2.03
15413,4.41,2.03
15414,4.42,2.03
15415,4.41,2.03
15417,4.41,2.03
15418,4.41,2.04
15419,4.41,2.04
15420,4.41,2.04
15421,4.41,2.04
15422,4.41,2.04
15424,4.41,2.05
15425,4.41,2.05
15426,4.41,2.05
15427,4.41,2.05
15428,4.41,2.05
15429,4.41,2.05
15431,4.41,2.05
15432,4.41,2.05
15433,4.41,2.05
15434,4.41,2.06
15435,4.41,2.06
15436,4.41,2.06
15438,4.41,2.07
15439,4.42,2.07
15440,4.42,2.08
15441,4.42,2.09
15442,4.42,2.09
15444,4.42,2.10
15446,4.42,2.10
15447,4.42,2.11
15448,4.42,2.12
15449,4.42,2.14
15450,4.42,2.17
15452,4.42,2.19
15453,4.42,2.21
15454,4.42,2.24
15455,4.43,2.27
15456,4.43,2.30
15457,4.43,2.34
15459,4.43,2.37
15460,4.43,2.41
15461,4.43,2.45
15462,4.43,2.50
15463,4.43,2.54
15465,4.43,2.59
15466,4.43,2.63
15467,4.44,2.67
15468,4.44,2.72
15469,4.43,2.76
15470,4.43,2.80
15472,4.44,2.84
15473,4.44,2.87
15474,4.44,2.91
15475,4.44,2.94
15476,4.44,2.98
15478,4.44,3.01
15479,4.44,3.04
15480,4.44,3.07
15481,4.44,3.09
15482,4.44,3.12
15483,4.44,3.15
15485,4.44,3.17
15486,4.44,3.20
15488,4.44,3.22
15489,4.43,3.24
15490,4.43,3.26
15491,4.43,3.28
15493,4.43,3.29
15494,4.43,3.31
15495,4.43,3.33
15496,4.43,3.34
15497,4.43,3.35
15499,4.43,3.36
15500,4.42,3.38
15501,4.42,3.39
15502,4.42,3.40
15503,4.42,3.41
15504,4.43,3.42
15506,4.43,3.43
15507,4.43,3.44
15508,4.43,3.45
15509,4.43,3.46
15510,4.43,3.47
15512,4.43,3.47
