time_ms,ch1_v,ch2_v
60,3.75,3.49
61,3.74,3.48
62,3.73,3.48
63,3.71,3.47
64,3.70,3.45
65,3.68,3.44
66,3.66,3.44
67,3.64,3.43
68,3.65,3.44
69,3.66,3.45
70,3.68,3.46
71,3.70,3.48
72,3.73,3.50
73,3.75,3.50
74,3.76,3.50
75,3.76,3.50
76,3.75,3.49
77,3.74,3.48
78,3.72,3.48
79,3.71,3.47
80,3.69,3.45
81,3.67,3.44
82,3.66,3.44
83,3.65,3.44
86,3.65,3.45
87,3.67,3.46
88,3.69,3.47
89,3.71,3.48
90,3.74,3.50
91,3.77,3.52
92,3.78,3.52
93,3.79,3.52
94,3.78,3.51
95,3.77,3.50
96,3.76,3.49
97,3.74,3.48
98,3.72,3.48
99,3.70,3.46
100,3.69,3.46
101,3.68,3.46
102,3.69,3.47
103,3.70,3.48
104,3.73,3.50
105,3.75,3.51
106,3.79,3.53
107,3.81,3.55
109,3.82,3.55
110,3.82,3.54
111,3.81,3.53
112,3.79,3.52
113,3.77,3.50
114,3.75,3.49
115,3.73,3.48
116,3.71,3.48
117,3.70,3.48
118,3.71,3.48
119,3.72,3.49
120,3.75,3.51
121,3.77,3.52
123,3.80,3.54
124,3.83,3.56
125,3.84,3.56
126,3.83,3.55
128,3.82,3.54
129,3.81,3.53
130,3.79,3.52
131,3.77,3.51
132,3.75,3.50
133,3.73,3.49
134,3.71,3.49
135,3.72,3.49
136,3.73,3.49
138,3.75,3.51
139,3.78,3.53
140,3.81,3.55
141,3.83,3.56
142,3.84,3.56
143,3.84,3.55
144,3.83,3.54
145,3.81,3.52
146,3.79,3.52
147,3.77,3.51
148,3.75,3.50
149,3.73,3.49
150,3.72,3.48
152,3.72,3.49
153,3.73,3.49
154,3.75,3.51
155,3.77,3.52
156,3.80,3.55
157,3.82,3.56
158,3.83,3.56
159,3.83,3.55
160,3.82,3.54
161,3.80,3.53
162,3.79,3.52
163,3.77,3.51
164,3.75,3.50
165,3.72,3.48
167,3.71,3.48
168,3.70,3.48
169,3.72,3.49
171,3.73,3.50
172,3.76,3.52
173,3.79,3.54
174,3.81,3.55
175,3.82,3.55
176,3.82,3.54
177,3.81,3.53
178,3.79,3.52
179,3.78,3.51
180,3.76,3.50
182,3.73,3.49
183,3.71,3.48
184,3.70,3.48
185,3.70,3.48
186,3.71,3.48
187,3.73,3.49
188,3.75,3.50
189,3.78,3.52
190,3.81,3.55
191,3.84,3.56
192,3.84,3.56
193,3.84,3.57
194,3.85,3.59
196,3.87,3.62
197,3.89,3.64
198,3.91,3.64
199,3.90,3.64
200,3.90,3.65
201,3.91,3.65
202,3.92,3.66
203,3.93,3.66
204,3.96,3.67
205,3.98,3.68
206,4.01,3.69
207,4.03,3.70
208,4.06,3.71
210,4.08,3.72
211,4.11,3.73
212,4.13,3.74
214,4.16,3.75
215,4.18,3.76
216,4.20,3.77
217,4.22,3.78
218,4.24,3.79
219,4.27,3.79
220,4.28,3.80
221,4.30,3.81
222,4.32,3.81
223,4.33,3.82
225,4.35,3.83
226,4.36,3.83
227,4.37,3.83
228,4.38,3.84
229,4.39,3.84
230,4.40,3.85
231,4.41,3.85
232,4.42,3.86
233,4.43,3.86
234,4.43,3.87
235,4.44,3.87
236,4.44,3.87
237,4.45,3.87
239,4.45,3.87
240,4.45,3.88
241,4.46,3.88
242,4.46,3.88
243,4.46,3.88
244,4.46,3.88
245,4.46,3.88
246,4.46,3.88
247,4.46,3.88
248,4.46,3.88
249,4.46,3.88
250,4.46,3.88
252,4.46,3.88
253,4.46,3.87
254,4.46,3.87
256,4.46,3.87
257,4.45,3.87
258,4.45,3.87
259,4.45,3.87
260,4.45,3.87
261,4.45,3.87
262,4.44,3.87
263,4.44,3.87
264,4.44,3.87
266,4.44,3.86
267,4.44,3.86
268,4.43,3.86
269,4.43,3.86
270,4.43,3.86
271,4.43,3.86
272,4.43,3.86
273,4.42,3.86
274,4.42,3.86
275,4.42,3.86
276,4.42,3.86
277,4.42,3.85
279,4.42,3.85
280,4.42,3.86
281,4.42,3.85
282,4.42,3.85
283,4.41,3.85
284,4.41,3.85
285,4.41,3.85
286,4.41,3.85
287,4.41,3.85
288,4.41,3.85
289,4.41,3.85
290,4.41,3.85
291,4.41,3.85
293,4.41,3.85
294,4.41,3.85
295,4.41,3.85
296,4.41,3.85
297,4.41,3.85
299,4.41,3.85
300,4.41,3.85
301,4.41,3.85
302,4.41,3.85
303,4.41,3.85
304,4.41,3.85
305,4.41,3.85
306,4.41,3.85
308,4.41,3.85
309,4.41,3.85
310,4.41,3.85
311,4.41,3.86
312,4.41,3.85
313,4.41,3.86
314,4.41,3.86
315,4.41,3.86
316,4.41,3.86
317,4.41,3.86
318,4.41,3.86
319,4.41,3.86
321,4.41,3.86
322,4.41,3.86
323,4.41,3.86
324,4.41,3.86
325,4.41,3.86
326,4.41,3.86
327,4.41,3.86
328,4.41,3.86
329,4.41,3.86
330,4.41,3.86
331,4.41,3.86
332,4.41,3.86
333,4.41,3.86
335,4.41,3.86
336,4.41,3.86
337,4.41,3.86
338,4.41,3.86
339,4.41,3.86
340,4.41,3.86
342,4.41,3.86
343,4.41,3.86
344,4.42,3.86
345,4.41,3.86
346,4.41,3.86
347,4.41,3.87
348,4.41,3.87
350,4.41,3.87
351,4.42,3.87
352,4.41,3.87
353,4.42,3.87
354,4.42,3.87
355,4.42,3.87
356,4.42,3.87
357,4.42,3.87
358,4.42,3.87
359,4.42,3.87
360,4.42,3.87
361,4.42,3.87
363,4.42,3.87
364,4.42,3.87
365,4.42,3.87
366,4.42,3.87
367,4.42,3.87
368,4.42,3.87
369,4.42,3.87
370,4.42,3.87
371,4.42,3.87
372,4.42,3.87
373,4.42,3.87
375,4.42,3.87
376,4.41,3.87
377,4.41,3.87
378,4.42,3.87
379,4.42,3.87
380,4.42,3.87
381,4.42,3.87
382,4.42,3.87
384,4.42,3.87
385,4.42,3.87
386,4.42,3.87
387,4.42,3.87
388,4.42,3.87
390,4.42,3.87
391,4.42,3.87
392,4.42,3.87
393,4.42,3.87
394,4.41,3.87
395,4.41,3.87
396,4.42,3.87
397,4.41,3.87
398,4.41,3.87
399,4.42,3.87
400,4.42,3.87
401,4.42,3.87
402,4.42,3.87
404,4.42,3.87
405,4.42,3.87
406,4.42,3.87
407,4.42,3.87
408,4.41,3.87
409,4.42,3.87
410,4.42,3.87
411,4.42,3.87
412,4.42,3.87
413,4.42,3.87
414,4.42,3.87
415,4.42,3.87
416,4.42,3.87
418,4.42,3.87
419,4.41,3.87
420,4.42,3.87
421,4.42,3.87
422,4.42,3.87
423,4.42,3.87
424,4.42,3.87
425,4.42,3.87
427,4.42,3.87
428,4.42,3.87
429,4.42,3.87
430,4.42,3.87
431,4.42,3.87
433,4.42,3.87
434,4.42,3.87
435,4.42,3.87
436,4.42,3.87
437,4.42,3.87
438,4.42,3.87
439,4.42,3.87
440,4.42,3.87
441,4.42,3.87
442,4.42,3.87
443,4.42,3.87
444,4.42,3.87
445,4.42,3.87
447,4.42,3.87
448,4.42,3.87
449,4.42,3.87
450,4.42,3.87
451,4.42,3.87
452,4.42,3.87
453,4.42,3.87
454,4.42,3.87
455,4.42,3.87
456,4.42,3.87
457,4.42,3.87
458,4.42,3.87
460,4.42,3.87
461,4.42,3.87
462,4.42,3.87
463,4.42,3.87
464,4.42,3.87
465,4.42,3.87
466,4.42,3.87
467,4.42,3.87
468,4.42,3.87
470,4.42,3.87
471,4.42,3.87
472,4.42,3.87
473,4.42,3.87
475,4.42,3.87
476,4.42,3.87
477,4.42,3.87
478,4.42,3.87
479,4.42,3.87
480,4.42,3.87
481,4.42,3.87
482,4.42,3.87
483,4.42,3.87
484,4.42,3.87
485,4.42,3.87
486,4.42,3.87
487,4.42,3.87
489,4.42,3.87
490,4.42,3.87
491,4.42,3.87
492,4.42,3.87
493,4.42,3.87
494,4.42,3.87
495,4.42,3.87
496,4.42,3.87
497,4.42,3.87
498,4.42,3.87
499,4.42,3.87
500,4.42,3.87
502,4.42,3.87
503,4.42,3.87
504,4.42,3.87
505,4.42,3.87
506,4.42,3.87
507,4.42,3.87
508,4.42,3.87
509,4.42,3.87
510,4.42,3.87
512,4.42,3.87
513,4.42,3.87
514,4.42,3.87
515,4.42,3.87
517,4.42,3.87
518,4.42,3.87
519,4.42,3.87
520,4.42,3.87
521,4.42,3.87
522,4.42,3.87
523,4.42,3.87
524,4.42,3.87
525,4.42,3.87
526,4.42,3.87
527,4.42,3.87
528,4.42,3.87
530,4.42,3.87
531,4.42,3.87
532,4.42,3.87
533,4.42,3.87
534,4.42,3.87
535,4.42,3.87
536,4.42,3.87
537,4.42,3.87
538,4.42,3.87
539,4.42,3.87
540,4.42,3.87
541,4.42,3.87
543,4.42,3.87
544,4.42,3.87
545,4.42,3.87
546,4.42,3.87
547,4.42,3.87
548,4.42,3.87
549,4.42,3.87
550,4.42,3.87
551,4.42,3.87
552,4.42,3.87
553,4.42,3.87
555,4.42,3.87
557,4.42,3.87
558,4.42,3.87
559,4.42,3.87
560,4.42,3.87
561,4.42,3.87
562,4.42,3.87
563,4.42,3.87
564,4.42,3.87
565,4.42,3.87
566,4.42,3.87
567,4.42,3.87
568,4.42,3.87
570,4.42,3.87
571,4.42,3.87
572,4.42,3.87
573,4.42,3.87
574,4.42,3.87
575,4.42,3.87
576,4.42,3.87
577,4.42,3.87
578,4.42,3.87
579,4.42,3.87
580,4.42,3.87
581,4.42,3.87
583,4.42,3.87
584,4.42,3.87
585,4.42,3.87
586,4.42,3.87
587,4.42,3.87
588,4.42,3.87
589,4.42,3.87
590,4.42,3.87
591,4.42,3.87
592,4.42,3.87
593,4.42,3.87
594,4.42,3.87
595,4.42,3.87
598,4.42,3.87
599,4.42,3.87
600,4.42,3.87
601,4.42,3.87
602,4.42,3.87
603,4.42,3.87
604,4.42,3.87
605,4.42,3.87
606,4.42,3.87
607,4.42,3.87
608,4.42,3.87
609,4.42,3.87
610,4.42,3.87
612,4.42,3.87
613,4.42,3.87
614,4.42,3.87
615,4.42,3.87
616,4.42,3.88
617,4.42,3.88
618,4.42,3.88
619,4.42,3.88
620,4.42,3.88
621,4.42,3.88
622,4.42,3.88
623,4.42,3.88
625,4.42,3.88
626,4.42,3.88
627,4.42,3.88
628,4.42,3.88
629,4.42,3.88
630,4.42,3.88
631,4.42,3.88
632,4.42,3.88
633,4.43,3.88
634,4.42,3.88
635,4.43,3.88
636,4.42,3.88
638,4.42,3.88
640,4.43,3.88
641,4.42,3.88
642,4.42,3.88
643,4.42,3.88
644,4.42,3.88
645,4.42,3.89
646,4.42,3.89
647,4.42,3.89
648,4.42,3.89
649,4.42,3.89
650,4.42,3.89
651,4.42,3.89
653,4.42,3.89
654,4.42,3.89
655,4.42,3.89
656,4.42,3.89
657,4.42,3.89
658,4.42,3.89
659,4.42,3.89
660,4.42,3.89
661,4.42,3.89
662,4.42,3.89
663,4.42,3.89
664,4.42,3.89
666,4.42,3.89
667,4.42,3.89
668,4.42,3.89
669,4.42,3.89
670,4.42,3.89
671,4.42,3.89
672,4.42,3.89
673,4.42,3.89
674,4.42,3.89
675,4.42,3.90
676,4.42,3.90
677,4.42,3.89
678,4.42,3.90
679,4.42,3.90
681,4.42,3.90
683,4.42,3.90
684,4.42,3.90
685,4.42,3.90
686,4.42,3.90
687,4.42,3.90
688,4.42,3.90
689,4.42,3.90
690,4.42,3.90
691,4.42,3.90
692,4.42,3.90
693,4.42,3.90
694,4.42,3.90
695,4.42,3.90
696,4.42,3.90
698,4.42,3.90
699,4.42,3.90
700,4.42,3.90
701,4.42,3.90
702,4.42,3.90
703,4.42,3.90
704,4.42,3.90
705,4.42,3.90
706,4.42,3.90
707,4.42,3.90
708,4.42,3.90
709,4.42,3.90
710,4.42,3.90
711,4.42,3.90
713,4.42,3.90
714,4.42,3.90
715,4.42,3.90
716,4.42,3.90
717,4.42,3.90
718,4.42,3.90
719,4.42,3.90
720,4.42,3.90
721,4.42,3.90
722,4.42,3.90
723,4.42,3.90
724,4.42,3.90
726,4.42,3.91
727,4.42,3.91
729,4.42,3.91
730,4.42,3.91
731,4.42,3.91
732,4.42,3.91
733,4.42,3.91
734,4.42,3.91
735,4.42,3.91
736,4.42,3.91
737,4.42,3.91
738,4.42,3.91
739,4.42,3.91
740,4.42,3.91
742,4.42,3.91
743,4.42,3.91
744,4.42,3.91
745,4.42,3.91
746,4.42,3.91
747,4.42,3.91
748,4.42,3.91
749,4.42,3.91
750,4.42,3.91
751,4.42,3.91
752,4.42,3.91
753,4.42,3.91
755,4.42,3.91
756,4.42,3.91
757,4.42,3.91
758,4.42,3.91
759,4.42,3.91
760,4.42,3.91
761,4.42,3.91
762,4.42,3.91
763,4.42,3.91
764,4.42,3.91
765,4.42,3.91
766,4.42,3.91
768,4.42,3.91
770,4.42,3.91
771,4.42,3.91
772,4.42,3.91
773,4.42,3.91
774,4.42,3.91
775,4.42,3.91
776,4.42,3.91
777,4.42,3.91
778,4.42,3.91
779,4.42,3.91
780,4.42,3.91
781,4.42,3.91
782,4.42,3.91
784,4.42,3.91
785,4.42,3.91
786,4.42,3.91
787,4.42,3.91
788,4.42,3.91
789,4.42,3.91
790,4.42,3.91
791,4.42,3.91
792,4.42,3.91
793,4.42,3.91
794,4.42,3.91
795,4.42,3.91
796,4.42,3.91
798,4.42,3.91
799,4.42,3.91
800,4.42,3.91
801,4.42,3.91
802,4.42,3.91
803,4.42,3.91
804,4.42,3.91
805,4.42,3.91
806,4.42,3.91
807,4.42,3.91
808,4.42,3.91
809,4.42,3.91
811,4.42,3.91
813,4.42,3.91
814,4.42,3.91
815,4.42,3.91
816,4.42,3.91
817,4.42,3.91
818,4.42,3.91
819,4.42,3.91
820,4.42,3.91
821,4.42,3.91
822,4.42,3.91
823,4.42,3.91
824,4.42,3.92
825,4.42,3.92
827,4.42,3.91
828,4.42,3.91
829,4.42,3.91
830,4.42,3.91
831,4.42,3.91
832,4.42,3.92
833,4.42,3.91
834,4.42,3.91
835,4.42,3.91
836,4.42,3.91
837,4.42,3.92
838,4.42,3.91
839,4.42,3.91
841,4.42,3.91
842,4.42,3.91
843,4.42,3.91
844,4.42,3.91
845,4.42,3.92
846,4.42,3.92
847,4.42,3.92
848,4.42,3.92
849,4.42,3.91
850,4.42,3.92
851,4.42,3.92
852,4.42,3.92
854,4.42,3.92
856,4.42,3.92
857,4.42,3.92
858,4.42,3.92
859,4.42,3.92
860,4.42,3.92
861,4.42,3.92
862,4.42,3.92
863,4.42,3.92
864,4.42,3.92
865,4.42,3.92
866,4.42,3.92
867,4.42,3.92
868,4.42,3.92
870,4.42,3.92
871,4.42,3.92
872,4.42,3.92
873,4.42,3.92
874,4.42,3.92
875,4.42,3.92
876,4.42,3.92
877,4.42,3.92
878,4.42,3.92
879,4.42,3.92
880,4.42,3.92
881,4.42,3.92
882,4.41,3.92
884,4.42,3.92
885,4.42,3.92
886,4.42,3.92
887,4.42,3.92
888,4.42,3.92
889,4.42,3.92
890,4.42,3.92
891,4.42,3.91
892,4.42,3.91
893,4.42,3.92
894,4.42,3.91
896,4.42,3.91
897,4.41,3.91
899,4.42,3.91
900,4.42,3.91
901,4.42,3.91
902,4.42,3.91
903,4.42,3.91
904,4.41,3.91
905,4.42,3.91
906,4.42,3.91
907,4.42,3.91
908,4.42,3.91
909,4.42,3.91
910,4.42,3.91
911,4.42,3.91
913,4.42,3.91
914,4.42,3.91
915,4.41,3.91
916,4.41,3.91
917,4.42,3.91
918,4.42,3.91
919,4.41,3.91
920,4.42,3.91
921,4.42,3.91
922,4.42,3.91
923,4.41,3.91
924,4.41,3.91
925,4.41,3.91
927,4.41,3.91
928,4.42,3.91
929,4.41,3.91
930,4.41,3.91
931,4.41,3.91
932,4.42,3.91
933,4.41,3.91
934,4.42,3.91
935,4.41,3.91
936,4.41,3.91
937,4.41,3.91
939,4.41,3.91
940,4.41,3.91
942,4.41,3.91
943,4.42,3.91
944,4.41,3.91
945,4.41,3.91
946,4.41,3.91
947,4.41,3.91
948,4.41,3.91
949,4.41,3.91
950,4.41,3.91
951,4.41,3.91
952,4.41,3.91
953,4.41,3.91
955,4.41,3.91
956,4.41,3.91
957,4.41,3.91
958,4.41,3.91
959,4.41,3.91
960,4.41,3.91
961,4.41,3.91
962,4.41,3.91
963,4.41,3.90
964,4.41,3.90
965,4.41,3.90
966,4.41,3.90
967,4.41,3.90
969,4.41,3.90
970,4.41,3.90
971,4.41,3.90
972,4.41,3.90
973,4.41,3.90
974,4.41,3.90
975,4.41,3.90
976,4.41,3.90
977,4.41,3.89
978,4.41,3.90
979,4.41,3.89
980,4.41,3.89
982,4.41,3.89
983,4.41,3.89
985,4.41,3.89
986,4.41,3.89
987,4.41,3.89
988,4.41,3.89
989,4.41,3.89
990,4.41,3.89
991,4.41,3.89
992,4.41,3.88
993,4.41,3.88
994,4.41,3.88
995,4.41,3.88
996,4.41,3.88
998,4.41,3.88
999,4.41,3.88
1000,4.41,3.88
1001,4.41,3.88
1002,4.41,3.87
1003,4.41,3.87
1004,4.42,3.87
1005,4.41,3.87
1006,4.41,3.87
1008,4.41,3.87
1009,4.41,3.87
1010,4.41,3.87
1011,4.41,3.87
1012,4.41,3.87
1013,4.41,3.86
1014,4.41,3.86
1016,4.41,3.86
1017,4.41,3.86
1018,4.41,3.86
1019,4.41,3.86
1020,4.41,3.86
1021,4.41,3.86
1022,4.41,3.86
1024,4.41,3.85
1026,4.41,3.85
1027,4.41,3.85
1028,4.41,3.85
1029,4.41,3.85
1030,4.41,3.85
1031,4.41,3.85
1032,4.41,3.84
1033,4.41,3.84
1035,4.41,3.84
1036,4.41,3.84
1037,4.41,3.84
1038,4.41,3.84
1039,4.41,3.83
1040,4.41,3.83
1041,4.41,3.83
1042,4.41,3.83
1044,4.41,3.83
1045,4.41,3.83
1046,4.41,3.82
1047,4.41,3.82
1048,4.41,3.82
1049,4.41,3.82
1050,4.41,3.82
1051,4.41,3.82
1053,4.41,3.81
1054,4.41,3.81
1055,4.41,3.81
1056,4.41,3.81
1057,4.41,3.81
1058,4.41,3.80
1059,4.41,3.80
1061,4.41,3.80
1062,4.41,3.80
1063,4.41,3.80
1064,4.41,3.79
1065,4.41,3.79
1067,4.41,3.79
1068,4.41,3.79
1069,4.41,3.79
1071,4.41,3.79
1072,4.41,3.78
1073,4.41,3.78
1074,4.41,3.78
1075,4.41,3.78
1076,4.41,3.78
1077,4.41,3.78
1078,4.41,3.78
1080,4.41,3.77
1081,4.41,3.77
1082,4.41,3.77
1083,4.41,3.77
1084,4.41,3.77
1085,4.41,3.77
1086,4.41,3.77
1087,4.41,3.76
1089,4.41,3.76
1090,4.41,3.76
1091,4.41,3.76
1092,4.41,3.76
1093,4.41,3.76
1094,4.41,3.76
1095,4.41,3.76
1096,4.41,3.76
1098,4.41,3.75
1099,4.41,3.75
1100,4.41,3.75
1101,4.41,3.75
1102,4.41,3.75
1103,4.41,3.75
1104,4.41,3.75
1105,4.41,3.75
1107,4.41,3.75
1108,4.41,3.74
1110,4.41,3.74
1111,4.41,3.75
1112,4.41,3.74
1113,4.41,3.74
1114,4.41,3.74
1115,4.41,3.74
1117,4.41,3.74
1118,4.41,3.74
1119,4.41,3.74
1120,4.41,3.74
1121,4.41,3.74
1122,4.41,3.74
1123,4.41,3.74
1124,4.41,3.73
1126,4.41,3.73
1127,4.41,3.73
1128,4.41,3.73
1129,4.41,3.73
1130,4.41,3.73
1131,4.41,3.73
1132,4.41,3.73
1133,4.41,3.73
1135,4.41,3.73
1136,4.41,3.73
1137,4.41,3.73
1138,4.41,3.73
1139,4.41,3.73
1140,4.41,3.73
1141,4.41,3.73
1143,4.41,3.73
1144,4.41,3.73
1145,4.41,3.72
1146,4.41,3.72
1147,4.41,3.72
1148,4.41,3.72
1149,4.41,3.72
1150,4.41,3.72
1153,4.41,3.72
1154,4.41,3.72
1155,4.41,3.72
1156,4.41,3.72
1157,4.41,3.72
1158,4.41,3.72
1159,4.41,3.72
1161,4.41,3.72
1162,4.41,3.72
1163,4.41,3.72
1164,4.41,3.72
1165,4.41,3.72
1166,4.41,3.72
1167,4.41,3.72
1168,4.41,3.72
1170,4.41,3.72
1171,4.41,3.72
1172,4.41,3.72
1173,4.41,3.72
1174,4.41,3.72
1175,4.41,3.72
1176,4.41,3.72
1177,4.41,3.72
1179,4.41,3.72
1180,4.41,3.72
1181,4.41,3.72
1182,4.41,3.72
1183,4.41,3.72
1184,4.41,3.72
1185,4.41,3.72
1187,4.41,3.72
1188,4.41,3.72
1189,4.41,3.72
1190,4.41,3.71
1191,4.41,3.72
1192,4.41,3.72
1193,4.41,3.72
1195,4.41,3.72
1197,4.41,3.72
1198,4.41,3.72
1199,4.41,3.72
1200,4.41,3.72
1201,4.41,3.72
1202,4.41,3.72
1203,4.41,3.72
1205,4.41,3.72
1206,4.41,3.72
1207,4.41,3.72
1208,4.41,3.72
1209,4.41,3.72
1210,4.41,3.72
1211,4.41,3.72
1212,4.41,3.72
1214,4.41,3.72
1215,4.41,3.72
1216,4.41,3.72
1217,4.41,3.72
1218,4.41,3.72
1219,4.41,3.72
1220,4.41,3.72
1222,4.41,3.72
1223,4.41,3.72
1224,4.41,3.72
1225,4.41,3.72
1226,4.41,3.72
1227,4.41,3.72
1228,4.41,3.72
1229,4.41,3.72
1231,4.41,3.72
1232,4.41,3.72
1233,4.41,3.72
1234,4.41,3.72
1235,4.41,3.72
1236,4.41,3.72
1238,4.41,3.72
1239,4.41,3.72
1241,4.41,3.72
1242,4.41,3.72
1243,4.41,3.72
1244,4.41,3.72
1245,4.41,3.72
1246,4.41,3.72
1247,4.41,3.72
1249,4.41,3.72
1250,4.41,3.72
1251,4.41,3.72
1252,4.41,3.72
1253,4.41,3.72
1254,4.41,3.72
1255,4.41,3.72
1256,4.41,3.72
1258,4.41,3.72
1259,4.41,3.73
1260,4.41,3.72
1261,4.41,3.73
1262,4.41,3.73
1263,4.41,3.73
1264,4.41,3.73
1266,4.41,3.73
1267,4.41,3.73
1268,4.41,3.73
1269,4.41,3.73
1270,4.41,3.73
1271,4.41,3.73
1272,4.41,3.73
1273,4.41,3.73
1275,4.41,3.73
1276,4.41,3.73
1277,4.41,3.73
1278,4.41,3.73
1280,4.41,3.73
1281,4.41,3.73
1282,4.41,3.73
1283,4.41,3.73
1285,4.41,3.73
1286,4.41,3.73
1287,4.41,3.73
1288,4.41,3.73
1289,4.41,3.73
1290,4.41,3.73
1291,4.41,3.73
1292,4.41,3.73
1294,4.41,3.73
1295,4.41,3.73
1296,4.41,3.73
1297,4.41,3.73
1298,4.41,3.73
1299,4.41,3.73
1300,4.40,3.73
1301,4.41,3.73
1303,4.41,3.73
1304,4.40,3.74
1305,4.41,3.74
1306,4.41,3.74
1307,4.41,3.74
1308,4.40,3.74
1309,4.41,3.74
1310,4.40,3.74
1312,4.41,3.74
1313,4.41,3.74
1314,4.41,3.74
1315,4.41,3.74
1316,4.40,3.74
1317,4.41,3.74
1318,4.41,3.74
1319,4.41,3.74
1321,4.41,3.74
1323,4.40,3.74
1324,4.41,3.75
1325,4.41,3.75
1326,4.40,3.75
1327,4.40,3.75
1328,4.41,3.75
1329,4.41,3.75
1331,4.41,3.75
1332,4.40,3.75
1333,4.40,3.75
1334,4.40,3.75
1335,4.40,3.75
1336,4.41,3.75
1337,4.40,3.75
1338,4.40,3.75
1340,4.40,3.75
1341,4.40,3.75
1342,4.41,3.75
1343,4.41,3.76
1344,4.41,3.75
1345,4.40,3.75
1346,4.40,3.75
1347,4.41,3.76
1349,4.40,3.76
1350,4.40,3.76
1351,4.40,3.76
1352,4.40,3.76
1353,4.41,3.76
1354,4.40,3.76
1355,4.40,3.76
1356,4.41,3.76
1358,4.40,3.76
1359,4.40,3.76
1360,4.41,3.76
1361,4.40,3.76
1362,4.40,3.76
1363,4.40,3.76
1364,4.40,3.76
1366,4.40,3.76
1367,4.40,3.76
1369,4.40,3.76
1370,4.40,3.77
1371,4.40,3.76
1372,4.40,3.77
1373,4.40,3.77
1374,4.40,3.77
1375,4.40,3.77
1376,4.40,3.77
1378,4.40,3.77
1379,4.40,3.77
1380,4.40,3.77
1381,4.40,3.77
1382,4.40,3.77
1383,4.40,3.77
1384,4.40,3.77
1385,4.40,3.77
1387,4.40,3.77
1388,4.40,3.77
1389,4.40,3.77
1390,4.40,3.77
1391,4.40,3.77
1392,4.40,3.77
1393,4.40,3.77
1394,4.40,3.77
1396,4.40,3.77
1397,4.40,3.77
1398,4.40,3.78
1399,4.40,3.78
1400,4.40,3.78
1401,4.40,3.78
1402,4.40,3.78
1403,4.40,3.78
1404,4.40,3.78
1406,4.40,3.78
1408,4.40,3.78
1409,4.40,3.78
1410,4.40,3.78
1411,4.40,3.79
1412,4.40,3.79
1413,4.40,3.79
1414,4.40,3.79
1416,4.40,3.79
1417,4.40,3.79
1418,4.40,3.79
1419,4.40,3.79
1420,4.40,3.80
1421,4.40,3.80
1422,4.40,3.80
1423,4.40,3.80
1424,4.40,3.80
1426,4.40,3.80
1427,4.40,3.81
1428,4.40,3.81
1429,4.40,3.81
1430,4.40,3.81
1431,4.40,3.81
1432,4.40,3.81
1433,4.40,3.82
1435,4.40,3.82
1436,4.40,3.82
1437,4.40,3.82
1438,4.41,3.82
1439,4.40,3.83
1440,4.40,3.83
1441,4.40,3.83
1442,4.40,3.83
1444,4.40,3.84
1445,4.40,3.84
1446,4.40,3.84
1447,4.40,3.84
1448,4.40,3.84
1449,4.40,3.85
1451,4.40,3.85
1452,4.40,3.85
1454,4.40,3.85
1455,4.40,3.86
1456,4.40,3.86
1457,4.40,3.86
1458,4.40,3.86
1459,4.40,3.86
1460,4.40,3.87
1461,4.40,3.87
1463,4.40,3.87
1464,4.40,3.87
1465,4.40,3.87
1466,4.40,3.88
1467,4.40,3.88
1468,4.40,3.88
1469,4.40,3.88
1470,4.40,3.89
1472,4.40,3.89
1473,4.40,3.89
1474,4.40,3.89
1475,4.40,3.89
1476,4.40,3.89
1477,4.40,3.90
1478,4.40,3.90
1479,4.40,3.90
1481,4.40,3.90
1482,4.40,3.90
1483,4.40,3.90
1484,4.40,3.90
1485,4.40,3.90
1486,4.40,3.90
1487,4.40,3.90
1488,4.40,3.90
1489,4.40,3.91
1491,4.40,3.91
1492,4.40,3.90
1494,4.40,3.91
1495,4.40,3.91
1496,4.40,3.91
1497,4.40,3.90
1498,4.40,3.90
1499,4.40,3.90
1501,4.40,3.90
1502,4.40,3.90
1503,4.40,3.90
1504,4.40,3.90
1505,4.40,3.90
1506,4.40,3.90
1507,4.40,3.90
1508,4.40,3.90
1510,4.40,3.90
1511,4.40,3.90
1512,4.40,3.90
1513,4.40,3.89
1514,4.40,3.89
1515,4.40,3.89
1516,4.40,3.89
1517,4.40,3.89
1518,4.40,3.89
1520,4.40,3.89
1521,4.40,3.89
1522,4.41,3.88
1523,4.40,3.88
1524,4.40,3.88
1525,4.40,3.88
1526,4.41,3.88
1527,4.41,3.88
1529,4.41,3.87
1530,4.41,3.87
1531,4.41,3.87
1532,4.41,3.87
1533,4.41,3.87
1534,4.41,3.86
1536,4.41,3.86
1538,4.41,3.86
1539,4.41,3.86
1540,4.41,3.86
1541,4.41,3.85
1542,4.41,3.85
1543,4.41,3.85
1544,4.41,3.85
1545,4.41,3.84
1547,4.41,3.84
1548,4.41,3.84
1549,4.41,3.84
1550,4.41,3.83
1551,4.41,3.83
1552,4.41,3.83
1553,4.41,3.83
1555,4.41,3.83
1556,4.41,3.82
1557,4.41,3.82
1558,4.41,3.82
1559,4.41,3.82
1560,4.41,3.82
1561,4.41,3.81
1562,4.41,3.81
1564,4.41,3.81
1565,4.41,3.81
1566,4.41,3.81
1567,4.41,3.81
1568,4.41,3.80
1569,4.41,3.80
1570,4.41,3.80
1571,4.41,3.80
1573,4.41,3.80
1574,4.41,3.80
1575,4.41,3.80
1576,4.41,3.80
1577,4.41,3.79
1579,4.41,3.79
1580,4.41,3.79
1581,4.41,3.79
1583,4.41,3.79
1584,4.41,3.79
1585,4.41,3.79
1586,4.41,3.79
1587,4.41,3.79
1588,4.41,3.79
1589,4.40,3.78
1590,4.41,3.78
1592,4.41,3.78
1593,4.41,3.78
1594,4.41,3.78
1595,4.41,3.78
1596,4.41,3.78
1597,4.41,3.78
1598,4.41,3.78
1599,4.41,3.78
1601,4.41,3.78
1602,4.41,3.78
1603,4.41,3.77
1604,4.41,3.77
1605,4.41,3.77
1606,4.41,3.77
1607,4.41,3.77
1608,4.41,3.77
1610,4.41,3.77
1611,4.41,3.77
1612,4.41,3.77
1613,4.41,3.77
1614,4.41,3.77
1615,4.41,3.77
1616,4.41,3.77
1617,4.41,3.77
1619,4.41,3.77
1620,4.41,3.77
1622,4.41,3.77
1623,4.41,3.77
1624,4.41,3.77
1625,4.41,3.77
1626,4.41,3.77
1627,4.41,3.77
1629,4.41,3.77
1630,4.41,3.76
1631,4.41,3.77
1632,4.41,3.76
1633,4.41,3.76
1634,4.41,3.76
1635,4.41,3.76
1636,4.41,3.76
1638,4.41,3.76
1639,4.41,3.76
1640,4.41,3.76
1641,4.41,3.76
1642,4.41,3.76
1643,4.41,3.76
1644,4.41,3.76
1645,4.41,3.76
1647,4.41,3.76
1648,4.41,3.76
1649,4.41,3.76
1650,4.41,3.76
1651,4.41,3.76
1652,4.41,3.76
1653,4.41,3.76
1654,4.41,3.76
1656,4.41,3.76
1657,4.41,3.76
1658,4.41,3.76
1659,4.41,3.76
1660,4.41,3.76
1661,4.41,3.76
1662,4.41,3.76
1664,4.41,3.76
1666,4.41,3.76
1667,4.41,3.76
1668,4.41,3.76
1669,4.41,3.76
1670,4.41,3.76
1671,4.41,3.76
1672,4.41,3.77
1673,4.41,3.77
1675,4.41,3.76
1676,4.41,3.77
1677,4.41,3.77
1678,4.41,3.77
1679,4.41,3.77
1680,4.41,3.76
1681,4.41,3.77
1682,4.41,3.77
1684,4.41,3.77
1685,4.41,3.77
1686,4.41,3.77
1687,4.41,3.77
1688,4.41,3.77
1689,4.41,3.77
1690,4.41,3.77
1691,4.41,3.77
1693,4.41,3.77
1694,4.41,3.77
1695,4.41,3.77
1696,4.41,3.77
1697,4.41,3.77
1698,4.41,3.77
1699,4.42,3.77
1700,4.41,3.77
1702,4.41,3.77
1703,4.42,3.77
1704,4.42,3.77
1705,4.42,3.77
1707,4.42,3.77
1708,4.42,3.77
1709,4.42,3.77
1710,4.42,3.77
1712,4.41,3.77
1713,4.41,3.77
1714,4.41,3.77
1715,4.41,3.77
1716,4.41,3.77
1717,4.41,3.77
1718,4.41,3.77
1719,4.41,3.77
1721,4.41,3.77
1722,4.41,3.77
1723,4.41,3.77
1724,4.41,3.77
1725,4.41,3.77
1726,4.41,3.77
1727,4.41,3.77
1728,4.41,3.77
1730,4.41,3.77
1731,4.41,3.77
1732,4.41,3.77
1733,4.41,3.77
1734,4.41,3.77
1735,4.41,3.77
1736,4.41,3.77
1737,4.41,3.77
1739,4.41,3.77
1740,4.41,3.77
1741,4.41,3.77
1742,4.41,3.78
1743,4.41,3.78
1744,4.41,3.78
1745,4.41,3.78
1746,4.41,3.77
1748,4.41,3.77
1750,4.41,3.78
1751,4.41,3.78
1752,4.41,3.78
1753,4.41,3.78
1754,4.41,3.78
1755,4.41,3.78
1756,4.41,3.78
1758,4.41,3.78
1759,4.41,3.78
1760,4.41,3.78
1761,4.41,3.78
1762,4.42,3.78
1763,4.41,3.78
1764,4.41,3.78
1765,4.42,3.78
1767,4.42,3.78
1768,4.42,3.78
1769,4.41,3.78
1770,4.41,3.78
1771,4.41,3.78
1772,4.41,3.78
1773,4.41,3.78
1774,4.42,3.78
1776,4.42,3.78
1777,4.42,3.78
1778,4.42,3.78
1779,4.42,3.78
1780,4.41,3.78
1781,4.42,3.78
1782,4.42,3.78
1784,4.41,3.78
1785,4.42,3.78
1786,4.41,3.78
1787,4.41,3.78
1788,4.42,3.78
1789,4.42,3.78
1790,4.42,3.78
1792,4.41,3.78
1794,4.41,3.78
1795,4.41,3.78
1796,4.41,3.78
1797,4.41,3.78
1798,4.41,3.78
1799,4.41,3.78
1800,4.41,3.78
1801,4.41,3.78
1803,4.41,3.78
1804,4.41,3.78
1805,4.42,3.78
1806,4.41,3.78
1807,4.41,3.78
1808,4.41,3.78
1809,4.41,3.78
1810,4.41,3.78
1812,4.41,3.78
1813,4.41,3.78
1814,4.41,3.78
1815,4.41,3.78
1816,4.41,3.78
1817,4.41,3.78
1818,4.41,3.78
1819,4.41,3.78
1821,4.41,3.78
1822,4.41,3.78
1823,4.41,3.78
1824,4.41,3.78
1825,4.41,3.78
1826,4.41,3.78
1827,4.41,3.78
1828,4.41,3.78
1830,4.41,3.78
1831,4.41,3.78
1832,4.41,3.79
1833,4.41,3.79
1835,4.41,3.79
1836,4.42,3.79
1837,4.42,3.79
1838,4.42,3.79
1840,4.42,3.79
1841,4.42,3.79
1842,4.42,3.79
1843,4.42,3.79
1844,4.42,3.79
1845,4.42,3.79
1846,4.42,3.79
1847,4.42,3.79
1849,4.42,3.79
1850,4.42,3.79
1851,4.42,3.79
1852,4.42,3.79
1853,4.42,3.79
1854,4.42,3.79
1855,4.42,3.79
1856,4.42,3.79
1858,4.42,3.79
1859,4.42,3.79
1860,4.42,3.79
1861,4.42,3.79
1862,4.42,3.79
1863,4.42,3.79
1864,4.42,3.79
1865,4.42,3.79
1867,4.42,3.79
1868,4.42,3.79
1869,4.42,3.79
1870,4.42,3.79
1871,4.42,3.79
1872,4.42,3.79
1873,4.42,3.79
1874,4.42,3.79
1876,4.42,3.79
1878,4.42,3.79
1879,4.42,3.79
1880,4.42,3.79
1881,4.42,3.79
1882,4.42,3.79
1883,4.42,3.79
1884,4.42,3.79
1886,4.42,3.79
1887,4.42,3.79
1888,4.42,3.79
1889,4.42,3.79
1890,4.42,3.79
1891,4.42,3.79
1892,4.42,3.80
1893,4.42,3.80
1895,4.42,3.80
1896,4.42,3.80
1897,4.42,3.80
1898,4.42,3.80
1899,4.42,3.80
1900,4.42,3.80
1901,4.42,3.80
1902,4.42,3.80
1904,4.42,3.80
1905,4.42,3.80
1906,4.42,3.80
1907,4.42,3.80
1908,4.42,3.80
1909,4.42,3.80
1910,4.42,3.80
1911,4.42,3.80
1913,4.42,3.80
1914,4.42,3.80
1915,4.42,3.80
1916,4.42,3.80
1917,4.42,3.80
1918,4.42,3.80
1920,4.42,3.80
1921,4.42,3.80
1923,4.42,3.80
1924,4.42,3.80
1925,4.42,3.80
1926,4.42,3.80
1927,4.42,3.80
1928,4.42,3.80
1929,4.42,3.80
1930,4.42,3.80
1932,4.42,3.80
1933,4.42,3.80
1934,4.42,3.80
1935,4.42,3.80
1936,4.42,3.80
1937,4.42,3.80
1938,4.42,3.80
1939,4.42,3.80
1940,4.42,3.80
1942,4.42,3.81
1943,4.42,3.80
1944,4.42,3.81
1945,4.42,3.80
1946,4.42,3.81
1947,4.42,3.81
1948,4.42,3.81
1950,4.42,3.81
1951,4.42,3.81
1952,4.42,3.81
1953,4.42,3.81
1954,4.42,3.81
1955,4.42,3.81
1956,4.42,3.81
1957,4.42,3.81
1959,4.42,3.81
1960,4.42,3.81
1961,4.42,3.81
1963,4.42,3.81
1964,4.42,3.81
1965,4.42,3.81
1966,4.42,3.81
1967,4.42,3.81
1969,4.42,3.81
1970,4.42,3.81
1971,4.42,3.81
1972,4.42,3.81
1973,4.42,3.81
1974,4.42,3.81
1975,4.42,3.81
1976,4.42,3.81
1978,4.42,3.81
1979,4.42,3.81
1980,4.42,3.81
1981,4.42,3.81
1982,4.42,3.81
1983,4.42,3.81
1984,4.42,3.81
1985,4.42,3.82
1987,4.42,3.82
1988,4.42,3.82
1989,4.42,3.82
1990,4.42,3.82
1991,4.42,3.82
1992,4.42,3.82
1993,4.42,3.82
1994,4.42,3.82
1996,4.42,3.82
1997,4.42,3.82
1998,4.42,3.82
1999,4.42,3.82
2000,4.42,3.82
2001,4.42,3.82
2002,4.42,3.82
2004,4.42,3.82
2006,4.42,3.82
2007,4.42,3.82
2008,4.42,3.82
2009,4.42,3.82
2010,4.42,3.82
2011,4.42,3.82
2012,4.42,3.82
2014,4.42,3.82
2015,4.42,3.82
2016,4.42,3.82
2017,4.42,3.82
2018,4.42,3.82
2019,4.42,3.82
2020,4.42,3.82
2021,4.42,3.82
2023,4.42,3.83
2024,4.42,3.82
2025,4.42,3.82
2026,4.42,3.82
2027,4.42,3.83
2028,4.42,3.83
2029,4.42,3.83
2030,4.42,3.83
2032,4.42,3.83
2033,4.42,3.83
2034,4.42,3.83
2035,4.42,3.83
2036,4.42,3.83
2037,4.42,3.83
2038,4.42,3.83
2039,4.42,3.83
2041,4.42,3.83
2042,4.42,3.83
2043,4.42,3.83
2044,4.42,3.83
2045,4.42,3.83
2046,4.42,3.83
2048,4.42,3.83
2050,4.42,3.83
2051,4.42,3.83
2052,4.42,3.83
2053,4.42,3.83
2054,4.42,3.83
2055,4.42,3.83
2056,4.42,3.83
2057,4.42,3.83
2059,4.42,3.83
2060,4.42,3.83
2061,4.42,3.83
2062,4.42,3.83
2063,4.42,3.83
2064,4.41,3.83
2065,4.42,3.83
2066,4.42,3.83
2068,4.42,3.84
2069,4.42,3.83
2070,4.42,3.83
2071,4.42,3.84
2072,4.42,3.84
2073,4.42,3.84
2074,4.42,3.84
2075,4.42,3.84
2077,4.42,3.84
2078,4.42,3.84
2079,4.42,3.84
2080,4.42,3.84
2081,4.42,3.84
2082,4.42,3.84
2083,4.42,3.84
2085,4.42,3.84
2086,4.42,3.84
2087,4.42,3.84
2088,4.42,3.84
2089,4.42,3.84
2091,4.42,3.84
2092,4.42,3.84
2093,4.42,3.84
2095,4.42,3.84
2096,4.42,3.84
2097,4.42,3.84
2098,4.42,3.84
2099,4.42,3.84
2100,4.42,3.84
2101,4.42,3.84
2102,4.42,3.84
2104,4.42,3.84
2105,4.42,3.84
2106,4.42,3.84
2107,4.42,3.84
2108,4.42,3.84
2109,4.41,3.84
2110,4.42,3.84
2111,4.41,3.84
2113,4.42,3.84
2114,4.42,3.84
2115,4.41,3.84
2116,4.42,3.84
2117,4.42,3.84
2118,4.42,3.84
2119,4.42,3.84
2120,4.41,3.84
2122,4.42,3.84
2123,4.42,3.84
2124,4.42,3.84
2125,4.42,3.84
2126,4.42,3.84
2127,4.42,3.84
2128,4.42,3.84
2129,4.41,3.84
2131,4.41,3.84
2132,4.41,3.84
2134,4.42,3.84
2135,4.42,3.84
2136,4.42,3.84
2137,4.41,3.84
2138,4.41,3.84
2139,4.41,3.84
2141,4.42,3.84
2142,4.42,3.84
2143,4.42,3.84
2144,4.42,3.84
2145,4.42,3.84
2146,4.42,3.84
2147,4.42,3.84
2148,4.42,3.84
2150,4.42,3.84
2151,4.41,3.84
2152,4.41,3.84
2153,4.41,3.84
2154,4.41,3.84
2155,4.41,3.84
2156,4.41,3.84
2157,4.41,3.84
2159,4.41,3.84
2160,4.41,3.84
2161,4.41,3.84
2162,4.41,3.84
2163,4.41,3.84
2164,4.41,3.84
2165,4.41,3.84
2166,4.41,3.84
2168,4.41,3.84
2169,4.41,3.84
2170,4.41,3.84
2171,4.41,3.84
2172,4.41,3.84
2173,4.41,3.84
2174,4.41,3.84
2176,4.41,3.84
2178,4.41,3.84
2179,4.41,3.84
2180,4.41,3.84
2181,4.41,3.84
2182,4.41,3.84
2183,4.41,3.84
2184,4.41,3.84
2185,4.41,3.84
2187,4.41,3.84
2188,4.41,3.84
2189,4.41,3.84
2190,4.41,3.84
2191,4.41,3.84
2192,4.41,3.85
2193,4.41,3.84
2194,4.41,3.84
2196,4.41,3.84
2197,4.41,3.84
2198,4.41,3.84
2199,4.41,3.84
2200,4.41,3.84
2201,4.41,3.84
2202,4.41,3.84
2203,4.41,3.84
2205,4.41,3.84
2206,4.41,3.84
2207,4.41,3.84
2208,4.41,3.84
2209,4.41,3.84
2210,4.41,3.84
2211,4.41,3.84
2212,4.41,3.84
2214,4.41,3.84
2215,4.41,3.85
2216,4.42,3.84
2217,4.41,3.84
2219,4.41,3.85
2220,4.41,3.85
2221,4.41,3.85
2222,4.41,3.85
2224,4.41,3.85
2225,4.42,3.85
2226,4.41,3.85
2227,4.41,3.85
2228,4.41,3.84
2229,4.41,3.84
2230,4.41,3.84
2231,4.41,3.84
2233,4.41,3.85
2234,4.41,3.84
2235,4.41,3.85
2236,4.41,3.85
2237,4.41,3.85
2238,4.41,3.85
2239,4.41,3.85
2241,4.42,3.85
2242,4.41,3.85
2243,4.41,3.85
2244,4.42,3.85
2245,4.41,3.85
2246,4.42,3.85
2247,4.41,3.85
2248,4.42,3.85
2250,4.41,3.85
2251,4.41,3.85
2252,4.42,3.85
2253,4.41,3.85
2254,4.41,3.85
2255,4.41,3.85
2256,4.41,3.85
2258,4.41,3.85
2259,4.41,3.85
2260,4.41,3.85
2262,4.41,3.85
2263,4.41,3.85
2264,4.41,3.85
2265,4.41,3.85
2266,4.41,3.85
2268,4.41,3.85
2269,4.42,3.85
2270,4.42,3.85
2271,4.41,3.84
2272,4.41,3.85
2273,4.41,3.85
2274,4.41,3.85
2276,4.41,3.85
2277,4.41,3.85
2278,4.41,3.85
2279,4.41,3.85
2280,4.41,3.85
2281,4.41,3.85
2282,4.41,3.85
2283,4.41,3.85
2285,4.41,3.85
2286,4.41,3.85
2287,4.42,3.85
2288,4.42,3.85
2289,4.42,3.85
2290,4.41,3.85
2291,4.41,3.85
2292,4.41,3.85
2294,4.41,3.85
2295,4.41,3.85
2296,4.41,3.85
2297,4.41,3.85
2298,4.41,3.85
2299,4.41,3.85
2300,4.41,3.85
2302,4.41,3.85
2304,4.41,3.85
2305,4.41,3.85
2306,4.41,3.85
2307,4.41,3.85
2308,4.41,3.85
2309,4.41,3.85
2310,4.41,3.85
2312,4.41,3.85
2313,4.41,3.85
2314,4.41,3.85
2315,4.41,3.85
2316,4.41,3.85
2317,4.41,3.85
2318,4.42,3.85
2320,4.41,3.85
2321,4.41,3.85
2322,4.41,3.85
2323,4.41,3.85
2324,4.41,3.85
2325,4.41,3.85
2326,4.42,3.85
2327,4.41,3.85
2329,4.41,3.85
2330,4.41,3.85
2331,4.41,3.85
2332,4.41,3.85
2333,4.41,3.85
2334,4.41,3.85
2335,4.41,3.85
2337,4.41,3.85
2338,4.41,3.85
2339,4.41,3.85
2340,4.41,3.85
2341,4.41,3.85
2342,4.41,3.85
2343,4.41,3.85
2344,4.41,3.85
2347,4.41,3.85
2348,4.41,3.85
2349,4.41,3.85
2350,4.41,3.85
2351,4.41,3.85
2352,4.41,3.85
2353,4.41,3.85
2355,4.41,3.85
2356,4.41,3.85
2357,4.41,3.85
2358,4.41,3.85
2359,4.41,3.85
2360,4.41,3.85
2361,4.41,3.85
2362,4.41,3.85
2364,4.41,3.85
2365,4.41,3.85
2366,4.41,3.85
2367,4.41,3.85
2368,4.41,3.85
2369,4.41,3.85
2370,4.42,3.85
2371,4.42,3.85
2373,4.42,3.85
2374,4.42,3.85
2375,4.42,3.85
2376,4.42,3.85
2377,4.42,3.85
2378,4.42,3.85
2379,4.42,3.86
2380,4.42,3.86
2382,4.42,3.85
2383,4.42,3.86
2384,4.42,3.86
2385,4.42,3.85
2386,4.42,3.85
2387,4.42,3.85
2388,4.41,3.85
2390,4.42,3.86
2392,4.42,3.86
2393,4.42,3.86
2394,4.42,3.86
2395,4.42,3.86
2396,4.42,3.85
2397,4.42,3.86
2398,4.42,3.86
2399,4.42,3.86
2401,4.42,3.86
2402,4.42,3.86
2403,4.42,3.86
2404,4.42,3.86
2405,4.42,3.86
2406,4.42,3.86
2407,4.42,3.87
2409,4.42,3.89
2410,4.42,3.91
2411,4.43,3.93
2412,4.43,3.93
2413,4.41,3.93
2414,4.37,3.91
2415,4.35,3.90
2416,4.33,3.89
2418,4.31,3.88
2419,4.30,3.88
2420,4.30,3.87
2421,4.30,3.86
2422,4.30,3.86
2423,4.30,3.86
2424,4.30,3.86
2425,4.31,3.88
2427,4.32,3.89
2428,4.33,3.90
2429,4.33,3.90
2430,4.31,3.88
2432,4.28,3.87
2433,4.26,3.86
2434,4.25,3.85
2435,4.25,3.85
2437,4.25,3.84
2438,4.25,3.84
2439,4.25,3.84
2440,4.26,3.84
2441,4.27,3.85
2442,4.28,3.86
2443,4.29,3.88
2445,4.30,3.89
2446,4.31,3.89
2447,4.30,3.88
2448,4.28,3.87
2449,4.26,3.86
2450,4.25,3.85
2451,4.24,3.85
2452,4.24,3.85
2454,4.24,3.84
2455,4.25,3.84
2456,4.26,3.85
2457,4.26,3.85
2458,4.27,3.86
2459,4.29,3.87
2460,4.30,3.89
2461,4.31,3.90
2463,4.31,3.89
2464,4.29,3.88
2465,4.27,3.87
2466,4.26,3.86
2467,4.25,3.85
2468,4.25,3.85
2469,4.25,3.85
2470,4.25,3.85
2472,4.26,3.85
2473,4.27,3.85
2475,4.28,3.86
2476,4.29,3.88
2477,4.30,3.90
2478,4.32,3.92
2479,4.32,3.92
2480,4.31,3.91
2482,4.28,3.90
2483,4.26,3.89
2484,4.25,3.88
2485,4.25,3.88
2486,4.25,3.87
2487,4.25,3.87
2488,4.25,3.87
2490,4.26,3.87
2491,4.27,3.87
2492,4.28,3.88
2493,4.29,3.90
2494,4.31,3.92
2495,4.32,3.93
2496,4.31,3.92
2497,4.29,3.91
2499,4.26,3.90
2500,4.25,3.89
2501,4.25,3.89
2502,4.25,3.88
2503,4.25,3.88
2504,4.25,3.87
2505,4.26,3.87
2506,4.26,3.88
2508,4.27,3.89
2509,4.28,3.90
2510,4.30,3.92
2511,4.31,3.94
2512,4.31,3.93
2513,4.29,3.92
2514,4.27,3.91
2515,4.25,3.90
2518,4.24,3.89
2519,4.23,3.89
2520,4.23,3.88
2521,4.24,3.87
2522,4.24,3.87
2523,4.25,3.88
2524,4.26,3.88
2525,4.27,3.90
2527,4.28,3.91
2528,4.30,3.92
2529,4.31,3.92
2530,4.30,3.91
2531,4.28,3.91
2532,4.26,3.89
2533,4.25,3.89
2534,4.24,3.88
2536,4.25,3.88
2537,4.25,3.87
2538,4.26,3.88
2539,4.26,3.88
2540,4.27,3.88
2541,4.29,3.89
2542,4.30,3.90
2544,4.32,3.91
2545,4.33,3.91
2546,4.34,3.91
2547,4.32,3.89
2548,4.29,3.88
2549,4.28,3.87
2550,4.27,3.86
2551,4.28,3.86
2553,4.28,3.86
2554,4.28,3.86
2555,4.29,3.86
2556,4.29,3.86
2557,4.30,3.87
2558,4.31,3.88
2560,4.33,3.89
2561,4.34,3.90
2563,4.35,3.90
2564,4.34,3.88
2565,4.31,3.86
2566,4.29,3.86
2567,4.28,3.85
2568,4.28,3.85
2569,4.28,3.85
2570,4.28,3.85
2572,4.29,3.85
2573,4.29,3.85
2574,4.30,3.86
2575,4.31,3.86
2576,4.33,3.87
2577,4.34,3.88
2578,4.35,3.89
2580,4.35,3.88
2581,4.34,3.86
2582,4.31,3.85
2583,4.30,3.84
2584,4.30,3.84
2585,4.30,3.84
2586,4.30,3.84
2587,4.30,3.84
2589,4.30,3.84
2590,4.31,3.84
2591,4.32,3.85
2592,4.33,3.85
2593,4.35,3.86
2594,4.36,3.87
2595,4.37,3.88
2596,4.37,3.87
2598,4.36,3.86
2599,4.35,3.86
2600,4.35,3.86
2601,4.35,3.86
2603,4.35,3.86
2604,4.35,3.86
2605,4.35,3.86
2607,4.36,3.86
2608,4.36,3.86
2609,4.37,3.86
2610,4.37,3.86
2611,4.38,3.87
2612,4.39,3.87
2613,4.40,3.88
2614,4.41,3.89
2616,4.41,3.90
2617,4.42,3.90
2618,4.42,3.91
2619,4.42,3.91
2620,4.43,3.91
2621,4.43,3.91
2622,4.43,3.90
2623,4.43,3.90
2625,4.44,3.90
2626,4.44,3.90
2627,4.44,3.90
2628,4.45,3.90
2629,4.45,3.91
2630,4.46,3.92
2631,4.47,3.93
2632,4.47,3.93
2634,4.48,3.94
2635,4.48,3.93
2636,4.48,3.93
2637,4.48,3.93
2638,4.48,3.93
2639,4.48,3.93
2640,4.48,3.92
2641,4.47,3.92
2643,4.48,3.92
2644,4.47,3.92
2646,4.47,3.92
2647,4.48,3.92
2648,4.48,3.93
2649,4.49,3.93
2650,4.49,3.94
2651,4.49,3.93
2653,4.49,3.93
2654,4.49,3.93
2655,4.49,3.93
2656,4.48,3.93
2657,4.48,3.93
2658,4.49,3.93
2659,4.49,3.93
2660,4.49,3.93
2662,4.49,3.93
2663,4.49,3.93
2664,4.48,3.92
2665,4.49,3.92
2666,4.49,3.93
2667,4.48,3.92
2668,4.48,3.92
2669,4.48,3.92
2671,4.48,3.91
2672,4.48,3.91
2673,4.47,3.91
2674,4.48,3.91
2675,4.47,3.91
2676,4.47,3.91
2677,4.47,3.91
2678,4.46,3.90
2680,4.46,3.91
2681,4.47,3.91
2682,4.47,3.91
2683,4.47,3.91
2684,4.47,3.91
2685,4.47,3.90
2686,4.47,3.90
2688,4.46,3.90
2690,4.46,3.90
2691,4.46,3.90
2692,4.46,3.89
2693,4.45,3.89
2694,4.45,3.89
2695,4.45,3.89
2696,4.45,3.89
2698,4.45,3.89
2699,4.46,3.89
2700,4.46,3.89
2701,4.46,3.89
2702,4.46,3.89
2703,4.46,3.89
2704,4.45,3.88
2705,4.45,3.88
2707,4.45,3.88
2708,4.45,3.88
2709,4.45,3.88
2710,4.45,3.88
2711,4.44,3.88
2712,4.44,3.88
2713,4.44,3.88
2714,4.45,3.88
2716,4.45,3.88
2717,4.45,3.88
2718,4.45,3.88
2719,4.45,3.88
2720,4.45,3.88
2721,4.45,3.88
2722,4.45,3.88
2723,4.45,3.87
2725,4.45,3.87
2726,4.45,3.87
2727,4.44,3.87
2728,4.44,3.87
2729,4.44,3.87
2731,4.45,3.88
2732,4.45,3.88
2734,4.45,3.88
2735,4.45,3.88
2736,4.45,3.88
2737,4.45,3.88
2738,4.45,3.88
2739,4.45,3.88
2740,4.45,3.87
2741,4.45,3.88
2743,4.45,3.87
2744,4.45,3.87
2745,4.45,3.87
2746,4.45,3.87
2747,4.45,3.88
2748,4.45,3.88
2749,4.45,3.88
2750,4.45,3.88
2752,4.45,3.88
2753,4.45,3.88
2754,4.45,3.88
2755,4.45,3.88
2756,4.45,3.88
2757,4.45,3.87
2758,4.45,3.87
2760,4.45,3.87
2761,4.45,3.87
2762,4.45,3.87
2763,4.45,3.87
2764,4.45,3.88
2765,4.45,3.88
2766,4.45,3.88
2767,4.45,3.88
2769,4.46,3.88
2770,4.45,3.88
2771,4.45,3.88
2772,4.45,3.87
2774,4.45,3.87
2775,4.45,3.87
2776,4.45,3.87
2777,4.45,3.87
2779,4.45,3.87
2780,4.45,3.87
2781,4.45,3.87
2782,4.45,3.88
2783,4.45,3.88
2784,4.45,3.88
2785,4.45,3.88
2786,4.45,3.88
2788,4.45,3.87
2789,4.45,3.87
2790,4.45,3.87
2791,4.45,3.87
2792,4.45,3.87
2793,4.45,3.87
2794,4.45,3.87
2795,4.44,3.87
2797,4.44,3.87
2798,4.45,3.87
2799,4.45,3.87
2800,4.45,3.87
2801,4.45,3.88
2802,4.45,3.87
2803,4.45,3.87
2804,4.45,3.87
2806,4.45,3.87
2807,4.45,3.87
2808,4.45,3.87
2809,4.45,3.87
2810,4.45,3.87
2811,4.44,3.87
2812,4.44,3.87
2813,4.44,3.87
2816,4.45,3.87
2817,4.45,3.87
2818,4.45,3.87
2819,4.45,3.87
2820,4.45,3.87
2821,4.45,3.87
2822,4.45,3.87
2823,4.45,3.87
2825,4.45,3.87
2826,4.45,3.87
2827,4.44,3.87
2828,4.44,3.87
2829,4.44,3.87
2830,4.44,3.87
2831,4.45,3.87
2832,4.45,3.87
2834,4.45,3.87
2835,4.45,3.87
2836,4.45,3.87
2837,4.45,3.87
2838,4.45,3.87
2839,4.45,3.87
2840,4.45,3.87
2841,4.44,3.87
2843,4.45,3.87
2844,4.44,3.87
2845,4.44,3.87
2846,4.44,3.87
2847,4.45,3.87
2848,4.45,3.87
2849,4.45,3.87
2850,4.45,3.88
2852,4.45,3.88
2853,4.45,3.88
2854,4.45,3.88
2855,4.45,3.87
2856,4.45,3.87
2857,4.45,3.87
2859,4.45,3.87
2860,4.45,3.87
2862,4.44,3.87
2863,4.44,3.87
2864,4.45,3.87
2865,4.45,3.87
2866,4.45,3.88
2867,4.45,3.88
2868,4.45,3.88
2869,4.45,3.87
2871,4.45,3.88
2872,4.45,3.87
2873,4.45,3.87
2874,4.45,3.87
2875,4.45,3.87
2876,4.44,3.87
2877,4.44,3.87
2878,4.44,3.87
2880,4.44,3.87
2881,4.45,3.87
2882,4.45,3.87
2883,4.45,3.88
2884,4.45,3.87
2885,4.45,3.87
2886,4.45,3.87
2887,4.45,3.87
2889,4.45,3.87
2890,4.44,3.87
2891,4.44,3.87
2892,4.44,3.87
2893,4.44,3.87
2894,4.44,3.87
2895,4.44,3.87
2896,4.44,3.87
2898,4.44,3.87
2899,4.44,3.87
2900,4.45,3.87
2902,4.44,3.87
2903,4.45,3.87
2904,4.45,3.87
2905,4.44,3.87
2906,4.44,3.87
2908,4.44,3.87
2909,4.44,3.87
2910,4.44,3.87
2911,4.44,3.87
2912,4.44,3.87
2913,4.44,3.87
2914,4.44,3.87
2915,4.44,3.87
2917,4.44,3.87
2918,4.45,3.87
2919,4.44,3.87
2920,4.45,3.87
2921,4.45,3.87
2922,4.44,3.87
2923,4.44,3.87
2924,4.44,3.87
2926,4.44,3.87
2927,4.44,3.87
2928,4.44,3.87
2929,4.44,3.87
2930,4.44,3.87
2931,4.44,3.87
2932,4.44,3.87
2933,4.44,3.87
2935,4.45,3.87
2936,4.44,3.87
2937,4.44,3.87
2938,4.44,3.87
2939,4.44,3.87
2940,4.44,3.87
2941,4.44,3.87
2942,4.44,3.87
2945,4.44,3.87
2946,4.44,3.87
2947,4.44,3.87
2948,4.44,3.87
2949,4.44,3.87
2950,4.44,3.87
2951,4.44,3.87
2952,4.44,3.87
2954,4.44,3.87
2955,4.44,3.87
2956,4.44,3.87
2957,4.44,3.87
2958,4.44,3.87
2959,4.44,3.87
2960,4.44,3.87
2961,4.44,3.87
2963,4.44,3.87
2964,4.44,3.87
2965,4.44,3.87
2966,4.44,3.87
2967,4.44,3.87
2968,4.44,3.87
2969,4.44,3.87
2970,4.44,3.87
2972,4.44,3.87
2973,4.44,3.87
2974,4.44,3.87
2975,4.44,3.87
2976,4.44,3.87
2977,4.44,3.87
2978,4.44,3.87
2979,4.44,3.87
2981,4.44,3.87
2982,4.44,3.87
2983,4.44,3.87
2984,4.44,3.87
2985,4.44,3.87
2987,4.44,3.87
2988,4.44,3.87
2989,4.44,3.87
2991,4.44,3.87
2992,4.44,3.87
2993,4.44,3.87
2994,4.44,3.87
2995,4.44,3.87
2996,4.44,3.87
2997,4.44,3.87
2998,4.44,3.87
3000,4.44,3.87
3001,4.44,3.87
3002,4.44,3.87
3003,4.44,3.87
3004,4.44,3.87
3005,4.44,3.87
3006,4.44,3.87
3007,4.44,3.87
3009,4.44,3.87
3010,4.44,3.87
3011,4.44,3.87
3012,4.44,3.87
3013,4.44,3.87
3014,4.44,3.87
3015,4.44,3.87
3016,4.44,3.87
3018,4.44,3.87
3019,4.44,3.87
3020,4.44,3.87
3021,4.44,3.87
3022,4.44,3.87
3023,4.44,3.87
3024,4.44,3.87
3025,4.44,3.87
3027,4.44,3.87
3028,4.44,3.87
3030,4.44,3.87
3031,4.44,3.87
3032,4.44,3.87
3033,4.44,3.87
3034,4.44,3.87
3035,4.44,3.87
3037,4.44,3.87
3038,4.44,3.87
3039,4.44,3.87
3040,4.44,3.87
3041,4.44,3.87
3042,4.44,3.87
3043,4.44,3.87
3044,4.44,3.87
3046,4.44,3.87
3047,4.44,3.87
3048,4.44,3.87
3049,4.44,3.87
3050,4.44,3.87
3051,4.44,3.87
3052,4.44,3.87
3053,4.44,3.87
3055,4.44,3.87
3056,4.44,3.87
3057,4.44,3.87
3058,4.44,3.87
3059,4.44,3.87
3060,4.44,3.87
3061,4.44,3.87
3062,4.44,3.87
3064,4.44,3.87
3065,4.44,3.87
3066,4.44,3.87
3067,4.45,3.87
3068,4.44,3.87
3069,4.45,3.87
3070,4.44,3.87
3072,4.44,3.87
3074,4.44,3.87
3075,4.44,3.87
3076,4.44,3.87
3077,4.44,3.87
3078,4.44,3.87
3079,4.44,3.87
3080,4.44,3.87
3081,4.44,3.88
3083,4.44,3.88
3084,4.45,3.88
3085,4.45,3.88
3086,4.45,3.88
3087,4.45,3.88
3088,4.45,3.88
3089,4.44,3.87
3090,4.44,3.87
3092,4.44,3.87
3093,4.44,3.87
3094,4.44,3.87
3095,4.44,3.87
3096,4.44,3.87
3097,4.44,3.88
3098,4.44,3.88
3099,4.45,3.88
3101,4.44,3.88
3102,4.45,3.88
3103,4.44,3.88
3104,4.44,3.88
3105,4.44,3.87
3106,4.44,3.88
3107,4.44,3.87
3109,4.44,3.87
3110,4.44,3.87
3111,4.44,3.87
3112,4.44,3.87
3113,4.44,3.87
3115,4.44,3.87
3116,4.44,3.87
3117,4.44,3.87
3119,4.44,3.87
3120,4.44,3.87
3121,4.44,3.87
3122,4.44,3.87
3123,4.44,3.87
3124,4.44,3.87
3125,4.44,3.87
3126,4.44,3.87
3128,4.44,3.87
3129,4.44,3.87
3130,4.44,3.87
3131,4.44,3.87
3132,4.44,3.87
3133,4.44,3.87
3134,4.44,3.87
3135,4.44,3.87
3137,4.44,3.87
3138,4.44,3.87
3139,4.44,3.87
3140,4.44,3.87
3141,4.44,3.87
3142,4.44,3.87
3143,4.44,3.87
3144,4.44,3.87
3146,4.44,3.87
3147,4.44,3.87
3148,4.44,3.87
3149,4.44,3.87
3150,4.44,3.87
3151,4.44,3.87
3152,4.44,3.87
3153,4.44,3.87
3155,4.44,3.87
3156,4.44,3.87
3158,4.44,3.87
3159,4.44,3.87
3160,4.44,3.87
3161,4.44,3.87
3162,4.44,3.87
3163,4.44,3.87
3165,4.44,3.87
3166,4.44,3.87
3167,4.44,3.87
3168,4.44,3.87
3169,4.44,3.87
3170,4.44,3.87
3171,4.44,3.87
3172,4.44,3.87
3174,4.44,3.87
3175,4.44,3.87
3176,4.44,3.87
3177,4.43,3.87
3178,4.44,3.87
3179,4.43,3.87
3180,4.43,3.87
3181,4.43,3.87
3183,4.44,3.87
3184,4.44,3.87
3185,4.44,3.87
3186,4.44,3.87
3187,4.44,3.87
3188,4.44,3.87
3189,4.44,3.87
3190,4.43,3.87
3192,4.43,3.87
3193,4.43,3.87
3194,4.43,3.87
3195,4.43,3.87
3196,4.43,3.87
3197,4.43,3.87
3198,4.43,3.87
3200,4.43,3.87
3202,4.44,3.87
3203,4.44,3.87
3204,4.43,3.87
3205,4.44,3.87
3206,4.44,3.87
3207,4.44,3.87
3208,4.43,3.87
3209,4.43,3.87
3211,4.43,3.87
3212,4.43,3.87
3213,4.43,3.87
3214,4.43,3.87
3215,4.44,3.87
3216,4.44,3.87
3217,4.44,3.87
3218,4.43,3.87
3220,4.43,3.87
3221,4.44,3.87
3222,4.44,3.87
3223,4.44,3.87
3224,4.43,3.87
3225,4.43,3.87
3226,4.43,3.87
3227,4.43,3.87
3229,4.43,3.87
3230,4.43,3.87
3231,4.44,3.87
3232,4.44,3.87
3233,4.44,3.87
3234,4.44,3.87
3235,4.44,3.87
3236,4.44,3.87
3238,4.44,3.87
3239,4.44,3.87
3240,4.44,3.87
3241,4.44,3.87
3243,4.44,3.87
3244,4.44,3.87
3245,4.44,3.87
3246,4.43,3.87
3248,4.43,3.87
3249,4.44,3.87
3250,4.44,3.87
3251,4.44,3.87
3252,4.44,3.87
3253,4.44,3.87
3254,4.44,3.87
3255,4.44,3.87
3257,4.44,3.87
3258,4.44,3.87
3259,4.44,3.87
3260,4.44,3.87
3261,4.44,3.87
3262,4.44,3.87
3263,4.43,3.87
3264,4.44,3.87
3266,4.44,3.87
3267,4.44,3.87
3268,4.44,3.87
3269,4.44,3.87
3270,4.44,3.87
3271,4.44,3.87
3272,4.44,3.87
3273,4.44,3.87
3275,4.44,3.87
3276,4.44,3.87
3277,4.44,3.87
3278,4.43,3.87
3279,4.44,3.87
3280,4.44,3.87
3281,4.44,3.87
3282,4.44,3.87
3284,4.44,3.87
3286,4.44,3.87
3287,4.44,3.87
3288,4.44,3.87
3289,4.44,3.88
3290,4.44,3.87
3291,4.44,3.88
3292,4.44,3.88
3294,4.44,3.87
3295,4.44,3.88
3296,4.44,3.88
3297,4.44,3.88
3298,4.44,3.88
3299,4.44,3.88
3300,4.44,3.88
3301,4.44,3.88
3303,4.44,3.88
3304,4.44,3.88
3305,4.45,3.88
3306,4.44,3.88
3307,4.44,3.88
3308,4.44,3.88
3309,4.44,3.88
3311,4.44,3.88
3312,4.44,3.88
3313,4.45,3.89
3314,4.45,3.89
3315,4.45,3.89
3316,4.45,3.88
3317,4.45,3.89
3318,4.46,3.89
3320,4.45,3.88
3321,4.46,3.88
3322,4.45,3.88
3323,4.45,3.88
3324,4.45,3.88
3325,4.45,3.88
3326,4.45,3.88
3328,4.45,3.88
3330,4.45,3.88
3331,4.46,3.89
3332,4.46,3.89
3333,4.47,3.89
3334,4.47,3.89
3335,4.47,3.90
3336,4.47,3.89
3337,4.47,3.89
3339,4.47,3.89
3340,4.47,3.89
3341,4.47,3.89
3342,4.47,3.89
3343,4.46,3.89
3344,4.47,3.89
3345,4.47,3.90
3346,4.48,3.91
3348,4.48,3.92
3349,4.49,3.93
3350,4.49,3.93
3351,4.49,3.93
3352,4.48,3.93
3353,4.48,3.93
3354,4.48,3.92
3355,4.48,3.92
3357,4.48,3.92
3358,4.48,3.93
3359,4.49,3.93
3360,4.49,3.93
3361,4.50,3.94
3362,4.50,3.93
3363,4.47,3.91
3364,4.44,3.91
3366,4.42,3.90
3367,4.41,3.89
3368,4.40,3.88
3369,4.39,3.88
3371,4.38,3.87
3372,4.38,3.87
3373,4.38,3.87
3374,4.37,3.87
3376,4.35,3.86
3377,4.33,3.84
3378,4.29,3.82
3379,4.24,3.80
3380,4.19,3.77
3381,4.14,3.75
3382,4.11,3.73
3383,4.10,3.72
3385,4.08,3.72
3386,4.08,3.71
3387,4.07,3.71
3388,4.08,3.72
3389,4.09,3.72
3390,4.08,3.71
3391,4.06,3.70
3392,4.02,3.67
3394,3.99,3.66
3395,3.96,3.65
3396,3.93,3.63
3397,3.90,3.61
3398,3.88,3.60
3399,3.87,3.61
3400,3.87,3.61
3401,3.89,3.62
3403,3.90,3.63
3404,3.92,3.64
3405,3.94,3.65
3406,3.94,3.64
3407,3.93,3.63
3408,3.91,3.61
3409,3.88,3.59
3410,3.85,3.57
3412,3.82,3.55
3414,3.79,3.53
3415,3.76,3.53
3416,3.75,3.53
3417,3.76,3.54
3418,3.78,3.55
3419,3.81,3.57
3420,3.83,3.59
3422,3.86,3.60
3423,3.87,3.61
3424,3.87,3.60
3425,3.85,3.58
3426,3.83,3.57
3427,3.81,3.55
3428,3.78,3.53
3429,3.75,3.51
3431,3.73,3.50
3432,3.72,3.50
3433,3.73,3.52
3434,3.75,3.54
3435,3.78,3.56
3436,3.82,3.59
3437,3.83,3.58
3438,3.84,3.58
3440,3.85,3.58
3441,3.84,3.57
3442,3.82,3.55
3443,3.79,3.53
3444,3.77,3.52
3445,3.75,3.51
3446,3.74,3.51
3447,3.72,3.50
3449,3.70,3.49
3450,3.70,3.50
3451,3.73,3.52
3452,3.77,3.54
3453,3.80,3.57
3454,3.84,3.59
3456,3.86,3.59
3457,3.86,3.59
3459,3.84,3.56
3460,3.82,3.56
3461,3.82,3.57
3462,3.83,3.59
3463,3.84,3.59
3464,3.82,3.59
3465,3.82,3.59
3466,3.82,3.59
3468,3.83,3.59
3469,3.85,3.60
3470,3.89,3.62
3471,3.93,3.65
3472,3.96,3.67
3473,3.97,3.67
3474,3.96,3.66
3475,3.97,3.67
3477,3.98,3.68
3478,3.98,3.69
3479,3.98,3.70
3480,3.97,3.70
3481,3.97,3.70
3482,3.98,3.70
3483,3.99,3.70
3484,4.00,3.70
3486,4.01,3.70
3487,4.03,3.70
3488,4.05,3.72
3489,4.09,3.74
3490,4.12,3.75
3491,4.14,3.76
3492,4.16,3.77
3493,4.19,3.78
3495,4.21,3.79
3496,4.23,3.80
3497,4.25,3.81
3499,4.27,3.81
3500,4.29,3.82
3501,4.30,3.82
3502,4.32,3.83
3503,4.33,3.83
3505,4.34,3.84
3506,4.35,3.84
3507,4.36,3.85
3508,4.37,3.85
3509,4.38,3.85
3510,4.39,3.85
3511,4.40,3.86
3513,4.41,3.87
3514,4.43,3.88
3515,4.43,3.88
3516,4.44,3.88
3517,4.45,3.89
3518,4.45,3.89
3519,4.46,3.90
3520,4.47,3.90
3522,4.48,3.91
3523,4.48,3.91
3524,4.48,3.91
3525,4.49,3.91
3526,4.49,3.91
3527,4.49,3.91
3528,4.49,3.91
3529,4.49,3.91
3531,4.49,3.91
3532,4.49,3.91
3533,4.49,3.91
3534,4.49,3.91
3535,4.49,3.91
3536,4.49,3.91
3537,4.48,3.91
3538,4.48,3.90
3540,4.47,3.90
3542,4.47,3.90
3543,4.47,3.90
3544,4.47,3.90
3545,4.47,3.91
3546,4.46,3.90
3547,4.46,3.89
3548,4.45,3.89
3550,4.45,3.89
3551,4.45,3.89
3552,4.45,3.89
3553,4.45,3.89
3554,4.45,3.89
3555,4.45,3.89
3556,4.45,3.89
3557,4.44,3.89
3559,4.44,3.89
3560,4.44,3.89
3561,4.44,3.89
3562,4.44,3.89
3563,4.44,3.89
3564,4.44,3.89
3565,4.44,3.89
3566,4.44,3.89
3568,4.44,3.89
3569,4.43,3.88
3570,4.43,3.88
3571,4.43,3.88
3572,4.43,3.88
3573,4.43,3.88
3574,4.43,3.88
3575,4.43,3.88
3577,4.43,3.88
3578,4.43,3.89
3579,4.43,3.89
3580,4.44,3.89
3581,4.44,3.89
3582,4.44,3.89
3584,4.44,3.89
3585,4.44,3.89
3587,4.44,3.89
3588,4.44,3.89
3589,4.44,3.89
3590,4.44,3.89
3591,4.45,3.90
3592,4.44,3.90
3593,4.44,3.90
3594,4.45,3.90
3596,4.45,3.90
3597,4.45,3.90
3598,4.45,3.90
3599,4.45,3.90
3600,4.45,3.90
3601,4.45,3.90
3602,4.45,3.91
3603,4.45,3.91
3605,4.46,3.91
3606,4.46,3.91
3607,4.46,3.91
3608,4.46,3.91
3609,4.46,3.91
3610,4.45,3.91
3611,4.46,3.91
3613,4.45,3.91
3614,4.45,3.91
3615,4.45,3.91
3616,4.45,3.91
3617,4.45,3.91
3618,4.45,3.91
3619,4.45,3.91
3621,4.45,3.90
3622,4.45,3.91
3623,4.45,3.91
3624,4.45,3.91
3625,4.45,3.91
3627,4.45,3.91
3628,4.45,3.91
3629,4.45,3.91
3631,4.45,3.91
3632,4.45,3.91
3633,4.45,3.91
3634,4.45,3.91
3635,4.45,3.91
3636,4.45,3.91
3637,4.45,3.91
3639,4.45,3.91
3640,4.45,3.91
3641,4.45,3.91
3642,4.45,3.91
3643,4.45,3.91
3644,4.44,3.90
3645,4.45,3.90
3646,4.44,3.90
3648,4.44,3.90
3649,4.44,3.90
3650,4.44,3.90
3651,4.44,3.90
3652,4.44,3.90
3653,4.44,3.89
3654,4.44,3.90
3656,4.44,3.89
3657,4.44,3.89
3658,4.44,3.89
3659,4.44,3.89
3660,4.44,3.89
3661,4.44,3.90
3662,4.44,3.90
3663,4.44,3.90
3665,4.44,3.90
3666,4.44,3.90
3667,4.44,3.90
3668,4.45,3.90
3670,4.45,3.90
3671,4.45,3.90
3672,4.45,3.91
3673,4.45,3.91
3675,4.45,3.91
3676,4.45,3.91
3677,4.45,3.91
3678,4.45,3.91
3679,4.46,3.91
3680,4.45,3.91
3681,4.46,3.91
3683,4.46,3.91
3684,4.46,3.91
3685,4.46,3.91
3686,4.46,3.91
3687,4.46,3.91
3688,4.46,3.91
3689,4.46,3.91
3690,4.46,3.91
3692,4.46,3.91
3693,4.46,3.91
3694,4.46,3.91
3695,4.46,3.91
3696,4.46,3.91
3697,4.45,3.91
3698,4.45,3.91
3700,4.45,3.90
3701,4.45,3.90
3702,4.45,3.90
3703,4.45,3.90
3704,4.45,3.90
3705,4.45,3.90
3706,4.45,3.90
3707,4.45,3.90
3708,4.45,3.90
3710,4.45,3.90
3712,4.45,3.90
3713,4.45,3.90
3714,4.45,3.90
3715,4.45,3.90
3716,4.45,3.90
3717,4.45,3.90
3718,4.45,3.90
3720,4.45,3.90
3721,4.45,3.90
3722,4.44,3.90
3723,4.44,3.90
3724,4.44,3.89
3725,4.44,3.89
3726,4.44,3.89
3727,4.44,3.89
3729,4.44,3.89
3730,4.44,3.89
3731,4.44,3.89
3732,4.44,3.89
3733,4.44,3.89
3734,4.44,3.90
3735,4.44,3.90
3736,4.44,3.90
3738,4.44,3.90
3739,4.44,3.90
3740,4.44,3.90
3741,4.45,3.90
3742,4.45,3.90
3743,4.45,3.90
3744,4.45,3.91
3745,4.45,3.91
3747,4.45,3.91
3748,4.46,3.91
3749,4.45,3.91
3750,4.45,3.91
3751,4.45,3.91
3752,4.45,3.91
3753,4.45,3.91
3756,4.45,3.90
3757,4.45,3.90
3758,4.45,3.90
3759,4.45,3.90
3760,4.45,3.90
3761,4.45,3.90
3762,4.44,3.90
3763,4.44,3.90
3765,4.44,3.90
3766,4.44,3.90
3767,4.44,3.90
3768,4.44,3.90
3769,4.45,3.90
3770,4.45,3.90
3771,4.45,3.90
3772,4.45,3.90
3774,4.45,3.90
3775,4.45,3.90
3776,4.45,3.90
3777,4.45,3.90
3778,4.45,3.90
3779,4.45,3.90
3780,4.45,3.90
3781,4.45,3.90
3783,4.45,3.91
3784,4.45,3.90
3785,4.45,3.91
3786,4.45,3.91
3787,4.45,3.91
3788,4.45,3.91
3789,4.45,3.91
3791,4.46,3.91
3792,4.46,3.91
3793,4.46,3.91
3794,4.46,3.91
3795,4.46,3.91
3796,4.46,3.91
3798,4.46,3.91
3799,4.46,3.91
3801,4.46,3.91
3802,4.46,3.91
3803,4.46,3.91
3804,4.46,3.91
3805,4.46,3.91
3806,4.46,3.91
3807,4.44,3.90
3808,4.44,3.90
3810,4.44,3.91
3811,4.44,3.90
3812,4.43,3.89
3813,4.43,3.89
3814,4.43,3.89
3815,4.43,3.89
3816,4.43,3.90
3817,4.43,3.89
3819,4.43,3.89
3820,4.43,3.90
3821,4.43,3.90
3822,4.44,3.90
3823,4.43,3.90
3824,4.43,3.90
3825,4.43,3.90
3826,4.43,3.90
3828,4.43,3.90
3829,4.43,3.90
3830,4.44,3.90
3831,4.44,3.90
3832,4.43,3.90
3833,4.43,3.90
3834,4.43,3.90
3835,4.44,3.90
3837,4.44,3.91
3838,4.44,3.90
3840,4.44,3.91
3841,4.47,3.93
3842,4.48,3.94
3843,4.46,3.92
3844,4.45,3.91
3845,4.45,3.91
3847,4.44,3.91
3848,4.43,3.90
3849,4.43,3.90
3850,4.44,3.90
3851,4.44,3.90
3852,4.44,3.91
3853,4.44,3.91
3854,4.45,3.91
3856,4.46,3.92
3857,4.45,3.92
3858,4.45,3.91
3859,4.44,3.91
3860,4.44,3.91
3861,4.45,3.91
3862,4.45,3.91
3863,4.45,3.91
3865,4.44,3.91
3866,4.44,3.91
3867,4.44,3.91
3868,4.44,3.91
3869,4.44,3.91
3870,4.44,3.91
3871,4.44,3.91
3872,4.43,3.91
3874,4.43,3.91
3875,4.43,3.90
3876,4.43,3.90
3877,4.42,3.90
3878,4.42,3.90
3879,4.42,3.90
3880,4.42,3.89
3881,4.42,3.90
3884,4.42,3.90
3885,4.42,3.90
3886,4.42,3.90
3887,4.42,3.90
3888,4.42,3.90
3889,4.42,3.90
3890,4.42,3.90
3891,4.42,3.90
3893,4.42,3.90
3894,4.42,3.90
3895,4.42,3.90
3896,4.42,3.90
3897,4.42,3.90
3898,4.43,3.90
3899,4.43,3.90
3900,4.43,3.90
3902,4.42,3.90
3903,4.43,3.90
3904,4.43,3.90
3905,4.43,3.90
3906,4.43,3.90
3907,4.43,3.90
3908,4.43,3.91
3909,4.43,3.91
3911,4.43,3.91
3912,4.43,3.91
3913,4.43,3.91
3914,4.43,3.91
3915,4.43,3.91
3916,4.43,3.91
3917,4.43,3.91
3919,4.43,3.91
3920,4.43,3.91
3921,4.43,3.91
3922,4.43,3.91
3923,4.43,3.91
3924,4.43,3.91
3926,4.43,3.91
3927,4.43,3.91
3929,4.43,3.91
3930,4.43,3.91
3931,4.43,3.91
3932,4.43,3.91
3933,4.43,3.91
3934,4.43,3.91
3935,4.43,3.91
3936,4.44,3.91
3938,4.43,3.91
3939,4.43,3.91
3940,4.43,3.91
3941,4.43,3.91
3942,4.44,3.91
3943,4.44,3.91
3944,4.44,3.92
3945,4.44,3.91
3947,4.44,3.92
3948,4.44,3.92
3949,4.44,3.92
3950,4.44,3.92
3951,4.44,3.92
3952,4.44,3.92
3953,4.44,3.92
3954,4.44,3.92
3956,4.43,3.92
3957,4.43,3.92
3958,4.43,3.92
3959,4.43,3.92
3960,4.43,3.91
3961,4.43,3.91
3962,4.43,3.91
3963,4.43,3.91
3965,4.43,3.91
3966,4.43,3.91
3968,4.43,3.91
3969,4.43,3.91
3970,4.43,3.91
3971,4.43,3.91
3972,4.43,3.92
3973,4.43,3.92
3975,4.43,3.92
3976,4.43,3.92
3977,4.43,3.92
3978,4.43,3.92
3979,4.43,3.92
3980,4.43,3.92
3981,4.43,3.92
3982,4.43,3.91
3984,4.43,3.91
3985,4.43,3.91
3986,4.43,3.91
3987,4.43,3.91
3988,4.43,3.91
3989,4.43,3.91
3990,4.43,3.91
3991,4.43,3.91
3993,4.42,3.91
3994,4.42,3.91
3995,4.42,3.91
3996,4.42,3.91
3997,4.42,3.91
3998,4.42,3.91
3999,4.42,3.91
4000,4.42,3.91
4002,4.42,3.91
4003,4.42,3.91
4004,4.42,3.91
4005,4.42,3.91
4006,4.42,3.91
4007,4.42,3.91
4008,4.42,3.91
4009,4.42,3.91
4012,4.42,3.91
4013,4.42,3.91
4014,4.42,3.91
4015,4.42,3.91
4016,4.42,3.91
4017,4.42,3.91
4018,4.42,3.91
4019,4.42,3.91
4021,4.42,3.91
4022,4.42,3.91
4023,4.42,3.91
4024,4.42,3.91
4025,4.42,3.91
4026,4.42,3.91
4027,4.42,3.91
4028,4.42,3.91
4030,4.42,3.91
4031,4.42,3.91
4032,4.42,3.91
4033,4.42,3.91
4034,4.42,3.91
4035,4.42,3.91
4036,4.42,3.91
4037,4.42,3.91
4039,4.42,3.91
4040,4.42,3.91
4041,4.42,3.91
4042,4.42,3.91
4043,4.42,3.91
4044,4.42,3.91
4045,4.42,3.91
4046,4.42,3.91
4048,4.42,3.91
4049,4.42,3.91
4050,4.42,3.91
4051,4.42,3.91
4052,4.42,3.91
4054,4.42,3.91
4055,4.42,3.91
4056,4.42,3.91
4058,4.42,3.91
4059,4.42,3.91
4060,4.42,3.92
4061,4.42,3.92
4062,4.42,3.91
4063,4.42,3.91
4064,4.42,3.91
4065,4.42,3.91
4067,4.42,3.91
4068,4.42,3.91
4069,4.42,3.91
4070,4.42,3.91
4071,4.42,3.91
4072,4.42,3.91
4073,4.42,3.91
4074,4.42,3.91
4076,4.42,3.91
4077,4.42,3.91
4078,4.42,3.91
4079,4.42,3.91
4080,4.42,3.91
4081,4.42,3.91
4082,4.42,3.91
4083,4.42,3.91
4085,4.42,3.91
4086,4.42,3.91
4087,4.42,3.91
4088,4.42,3.91
4089,4.42,3.91
4090,4.42,3.91
4091,4.42,3.91
4092,4.42,3.91
4094,4.42,3.91
4096,4.42,3.91
4097,4.42,3.91
4098,4.42,3.91
4099,4.42,3.91
4100,4.42,3.91
4101,4.42,3.91
4102,4.42,3.91
4104,4.42,3.91
4105,4.42,3.91
4106,4.42,3.91
4107,4.42,3.91
4108,4.42,3.91
4109,4.42,3.91
4110,4.42,3.91
4111,4.42,3.91
4113,4.42,3.91
4114,4.42,3.91
4115,4.42,3.91
4116,4.42,3.91
4117,4.42,3.91
4118,4.42,3.91
4119,4.42,3.91
4120,4.42,3.91
4122,4.42,3.91
4123,4.42,3.91
4124,4.42,3.91
4125,4.42,3.91
4126,4.42,3.91
4127,4.42,3.91
4128,4.42,3.91
4129,4.42,3.91
4131,4.42,3.91
4132,4.42,3.91
4133,4.42,3.91
4134,4.42,3.91
4135,4.42,3.91
4136,4.42,3.91
4137,4.42,3.91
4140,4.42,3.91
4141,4.42,3.91
4142,4.42,3.91
4143,4.42,3.91
4144,4.42,3.91
4145,4.42,3.91
4146,4.42,3.91
4148,4.42,3.91
4149,4.42,3.91
4150,4.42,3.91
4151,4.42,3.91
4152,4.42,3.91
4153,4.42,3.91
4154,4.42,3.91
4156,4.42,3.90
4157,4.42,3.90
4158,4.42,3.90
4159,4.42,3.90
4160,4.42,3.90
4161,4.42,3.90
4162,4.42,3.90
4163,4.42,3.90
4164,4.42,3.90
4166,4.42,3.90
4167,4.42,3.90
4168,4.42,3.90
4169,4.42,3.90
4170,4.42,3.90
4171,4.42,3.90
4172,4.42,3.90
4173,4.42,3.90
4175,4.42,3.90
4176,4.42,3.90
4177,4.42,3.90
4178,4.42,3.90
4179,4.42,3.89
4180,4.42,3.90
4182,4.42,3.89
4183,4.42,3.89
4185,4.42,3.89
4186,4.42,3.89
4187,4.42,3.89
4188,4.42,3.89
4189,4.42,3.89
4190,4.42,3.89
4191,4.42,3.89
4192,4.42,3.89
4194,4.42,3.89
4195,4.42,3.89
4196,4.42,3.88
4197,4.42,3.89
4198,4.42,3.88
4199,4.42,3.88
4200,4.42,3.88
4202,4.42,3.88
4203,4.42,3.88
4204,4.42,3.88
4205,4.42,3.88
4206,4.42,3.88
4207,4.42,3.88
4208,4.42,3.88
4209,4.42,3.88
4211,4.42,3.87
4212,4.42,3.87
4213,4.42,3.87
4214,4.42,3.87
4215,4.42,3.87
4216,4.42,3.87
4217,4.42,3.87
4218,4.42,3.87
4220,4.42,3.87
4221,4.42,3.87
4222,4.42,3.87
4224,4.42,3.87
4225,4.42,3.86
4226,4.42,3.87
4227,4.42,3.86
4228,4.42,3.86
4230,4.42,3.86
4231,4.42,3.86
4232,4.42,3.86
4233,4.42,3.86
4234,4.42,3.86
4235,4.42,3.86
4236,4.42,3.86
4238,4.42,3.85
4239,4.42,3.85
4240,4.42,3.85
4241,4.42,3.85
4242,4.42,3.85
4243,4.42,3.85
4244,4.42,3.85
4245,4.42,3.85
4247,4.42,3.85
4248,4.42,3.84
4249,4.42,3.84
4250,4.42,3.84
4251,4.42,3.84
4252,4.42,3.84
4253,4.42,3.84
4254,4.42,3.84
4256,4.42,3.84
4257,4.42,3.83
4258,4.42,3.83
4259,4.42,3.83
4260,4.42,3.83
4261,4.42,3.83
4262,4.42,3.83
4263,4.42,3.83
4265,4.42,3.83
4267,4.42,3.82
4268,4.42,3.83
4269,4.42,3.82
4270,4.42,3.82
4271,4.42,3.82
4272,4.42,3.82
4273,4.42,3.82
4275,4.42,3.81
4276,4.42,3.81
4277,4.42,3.81
4278,4.42,3.81
4279,4.42,3.81
4280,4.42,3.81
4281,4.42,3.80
4282,4.42,3.80
4284,4.43,3.80
4285,4.42,3.80
4286,4.42,3.80
4287,4.43,3.80
4288,4.42,3.79
4289,4.42,3.79
4290,4.42,3.79
4291,4.42,3.79
4293,4.42,3.79
4294,4.42,3.78
4295,4.42,3.78
4296,4.42,3.78
4297,4.42,3.78
4298,4.42,3.77
4299,4.42,3.77
4300,4.42,3.77
4302,4.42,3.77
4303,4.42,3.77
4304,4.42,3.77
4305,4.42,3.76
4306,4.42,3.76
4307,4.42,3.76
4308,4.42,3.76
4310,4.42,3.76
4312,4.42,3.76
4313,4.42,3.75
4314,4.42,3.75
4315,4.42,3.75
4316,4.41,3.75
4317,4.41,3.75
4318,4.42,3.75
4319,4.41,3.74
4321,4.41,3.74
4322,4.42,3.74
4323,4.41,3.74
4324,4.41,3.74
4325,4.41,3.74
4326,4.41,3.74
4327,4.41,3.74
4328,4.42,3.74
4330,4.41,3.74
4331,4.41,3.73
4332,4.41,3.73
4333,4.42,3.73
4334,4.42,3.73
4335,4.42,3.73
4336,4.42,3.73
4337,4.42,3.73
4339,4.42,3.73
4340,4.42,3.73
4341,4.42,3.73
4342,4.42,3.73
4343,4.42,3.72
4344,4.42,3.72
4345,4.42,3.72
4346,4.42,3.72
4348,4.42,3.72
4349,4.42,3.72
4350,4.42,3.72
4352,4.42,3.72
4353,4.42,3.72
4354,4.42,3.72
4355,4.42,3.72
4357,4.42,3.72
4358,4.42,3.72
4359,4.42,3.72
4360,4.42,3.72
4361,4.41,3.72
4362,4.42,3.72
4363,4.42,3.72
4364,4.42,3.71
4366,4.42,3.71
4367,4.42,3.71
4368,4.41,3.71
4369,4.42,3.71
4370,4.42,3.71
4371,4.42,3.71
4372,4.42,3.71
4373,4.42,3.71
4375,4.42,3.71
4376,4.42,3.71
4377,4.42,3.71
4378,4.42,3.71
4379,4.42,3.71
4380,4.42,3.71
4381,4.42,3.71
4383,4.42,3.71
4384,4.41,3.71
4385,4.42,3.71
4386,4.42,3.71
4387,4.41,3.71
4388,4.41,3.71
4389,4.41,3.71
4390,4.42,3.71
4392,4.42,3.71
4393,4.42,3.71
4395,4.41,3.71
4396,4.42,3.71
4397,4.42,3.71
4398,4.42,3.71
4399,4.42,3.71
4401,4.42,3.71
4402,4.42,3.71
4403,4.42,3.71
4404,4.42,3.71
4405,4.42,3.71
4406,4.42,3.71
4407,4.42,3.71
4408,4.42,3.71
4410,4.42,3.71
4411,4.42,3.71
4412,4.42,3.71
4413,4.42,3.71
4414,4.42,3.71
4415,4.42,3.71
4416,4.42,3.71
4418,4.41,3.71
4419,4.42,3.71
4420,4.42,3.71
4421,4.42,3.71
4422,4.42,3.71
4423,4.42,3.71
4424,4.42,3.71
4425,4.42,3.71
4427,4.42,3.71
4428,4.42,3.71
4429,4.42,3.71
4430,4.42,3.71
4431,4.42,3.71
4432,4.42,3.71
4433,4.42,3.71
4435,4.42,3.71
4436,4.42,3.71
4438,4.42,3.71
4439,4.42,3.71
4440,4.42,3.71
4441,4.42,3.71
4442,4.42,3.71
4443,4.42,3.71
4445,4.42,3.71
4446,4.42,3.71
4447,4.41,3.71
4448,4.42,3.71
4449,4.42,3.71
4450,4.42,3.71
4451,4.42,3.71
4453,4.42,3.71
4454,4.42,3.71
4455,4.42,3.71
4456,4.42,3.71
4457,4.42,3.71
4458,4.42,3.71
4459,4.42,3.71
4460,4.42,3.71
4462,4.41,3.71
4463,4.41,3.71
4464,4.41,3.71
4465,4.42,3.71
4466,4.41,3.71
4467,4.42,3.71
4468,4.41,3.71
4469,4.42,3.71
4471,4.41,3.71
4472,4.42,3.71
4473,4.41,3.71
4474,4.41,3.71
4475,4.41,3.71
4476,4.41,3.71
4477,4.42,3.71
4480,4.41,3.71
4481,4.41,3.71
4482,4.41,3.71
4483,4.41,3.71
4484,4.41,3.71
4485,4.41,3.71
4486,4.41,3.71
4487,4.41,3.71
4489,4.41,3.71
4490,4.41,3.71
4491,4.41,3.71
4492,4.41,3.72
4493,4.41,3.71
4494,4.41,3.71
4495,4.41,3.71
4496,4.42,3.71
4498,4.41,3.71
4499,4.41,3.71
4500,4.41,3.72
4501,4.41,3.72
4502,4.41,3.72
4503,4.41,3.72
4504,4.41,3.72
4506,4.41,3.72
4507,4.41,3.72
4508,4.41,3.72
4509,4.41,3.72
4510,4.41,3.72
4511,4.41,3.72
4512,4.41,3.72
4513,4.41,3.72
4515,4.41,3.72
4516,4.41,3.72
4517,4.41,3.72
4518,4.41,3.72
4519,4.41,3.72
4520,4.41,3.72
4521,4.41,3.72
4523,4.41,3.72
4525,4.41,3.72
4526,4.41,3.72
4527,4.41,3.72
4528,4.41,3.72
4529,4.41,3.72
4530,4.41,3.72
4531,4.41,3.72
4532,4.41,3.72
4534,4.41,3.72
4535,4.41,3.72
4536,4.41,3.72
4537,4.41,3.72
4538,4.41,3.72
4539,4.41,3.72
4540,4.41,3.72
4541,4.41,3.72
4543,4.41,3.72
4544,4.41,3.72
4545,4.41,3.73
4546,4.41,3.73
4547,4.41,3.73
4548,4.41,3.73
4549,4.41,3.73
4551,4.41,3.73
4552,4.41,3.73
4553,4.41,3.73
4554,4.41,3.73
4555,4.41,3.73
4556,4.41,3.73
4557,4.41,3.73
4558,4.41,3.73
4560,4.41,3.73
4561,4.41,3.73
4562,4.41,3.73
4563,4.41,3.73
4564,4.41,3.73
4566,4.41,3.73
4567,4.41,3.73
4568,4.41,3.74
4570,4.41,3.74
4571,4.41,3.74
4572,4.41,3.74
4573,4.41,3.74
4574,4.41,3.74
4575,4.41,3.74
4576,4.41,3.74
4577,4.41,3.74
4579,4.41,3.74
4580,4.41,3.74
4581,4.41,3.74
4582,4.41,3.74
4583,4.41,3.74
4584,4.41,3.74
4585,4.41,3.74
4586,4.41,3.74
4588,4.41,3.74
4589,4.41,3.74
4590,4.41,3.75
4591,4.41,3.75
4592,4.41,3.75
4593,4.41,3.75
4594,4.41,3.75
4595,4.41,3.75
4597,4.41,3.75
4598,4.41,3.75
4599,4.41,3.75
4600,4.41,3.75
4601,4.41,3.75
4602,4.41,3.75
4603,4.41,3.75
4604,4.41,3.75
4606,4.41,3.75
4608,4.41,3.75
4609,4.41,3.75
4610,4.41,3.75
4611,4.41,3.75
4612,4.41,3.75
4613,4.41,3.75
4614,4.41,3.75
4616,4.41,3.75
4617,4.41,3.76
4618,4.41,3.76
4619,4.41,3.76
4620,4.41,3.76
4621,4.41,3.76
4622,4.41,3.76
4623,4.41,3.76
4625,4.41,3.76
4626,4.41,3.76
4627,4.41,3.76
4628,4.41,3.76
4629,4.41,3.76
4630,4.41,3.76
4631,4.41,3.76
4632,4.41,3.76
4634,4.41,3.76
4635,4.41,3.76
4636,4.41,3.76
4637,4.41,3.76
4638,4.41,3.76
4639,4.41,3.76
4640,4.41,3.76
4641,4.41,3.76
4643,4.41,3.76
4644,4.41,3.76
4645,4.41,3.76
4646,4.41,3.76
4647,4.41,3.76
4648,4.41,3.77
4649,4.41,3.77
4651,4.41,3.77
4653,4.41,3.77
4654,4.41,3.77
4655,4.41,3.77
4656,4.41,3.77
4657,4.41,3.77
4658,4.41,3.77
4659,4.41,3.77
4660,4.41,3.77
4662,4.41,3.77
4663,4.41,3.77
4664,4.41,3.77
4665,4.41,3.77
4666,4.41,3.77
4667,4.41,3.77
4668,4.41,3.77
4669,4.41,3.78
4671,4.41,3.78
4672,4.41,3.78
4673,4.41,3.78
4674,4.41,3.78
4675,4.41,3.78
4676,4.41,3.78
4677,4.41,3.78
4678,4.41,3.78
4680,4.41,3.78
4681,4.41,3.79
4682,4.41,3.78
4683,4.41,3.79
4684,4.41,3.79
4685,4.41,3.79
4686,4.41,3.79
4687,4.41,3.79
4689,4.41,3.79
4690,4.41,3.79
4691,4.41,3.79
4692,4.41,3.80
4694,4.41,3.80
4695,4.41,3.80
4696,4.41,3.80
4697,4.41,3.80
4699,4.41,3.80
4700,4.41,3.80
4701,4.41,3.80
4702,4.41,3.80
4703,4.41,3.81
4704,4.41,3.81
4705,4.41,3.81
4706,4.41,3.81
4708,4.41,3.81
4709,4.41,3.81
4710,4.41,3.81
4711,4.41,3.81
4712,4.41,3.82
4713,4.41,3.82
4714,4.41,3.82
4716,4.41,3.82
4717,4.41,3.82
4718,4.41,3.83
4719,4.41,3.83
4720,4.41,3.83
4721,4.41,3.83
4722,4.41,3.83
4723,4.41,3.83
4725,4.41,3.84
4726,4.41,3.84
4727,4.41,3.84
4728,4.41,3.84
4729,4.41,3.84
4730,4.41,3.84
4731,4.41,3.84
4732,4.41,3.84
4734,4.41,3.84
4736,4.41,3.84
4737,4.41,3.85
4738,4.41,3.85
4739,4.41,3.85
4740,4.41,3.85
4741,4.41,3.85
4743,4.41,3.85
4744,4.41,3.85
4745,4.41,3.85
4746,4.41,3.85
4747,4.41,3.85
4748,4.41,3.85
4749,4.41,3.84
4751,4.41,3.84
4752,4.41,3.84
4753,4.41,3.84
4754,4.41,3.84
4755,4.41,3.84
4756,4.41,3.84
4757,4.41,3.84
4758,4.41,3.84
4760,4.41,3.84
4761,4.41,3.84
4762,4.41,3.84
4763,4.41,3.84
4764,4.41,3.84
4765,4.41,3.84
4766,4.41,3.84
4767,4.41,3.83
4769,4.41,3.83
4770,4.41,3.83
4771,4.41,3.83
4772,4.41,3.83
4773,4.41,3.83
4774,4.41,3.83
4775,4.41,3.83
4777,4.41,3.83
4779,4.41,3.83
4780,4.41,3.82
4781,4.41,3.82
4782,4.41,3.82
4783,4.41,3.82
4784,4.41,3.82
4785,4.41,3.82
4787,4.41,3.81
4788,4.41,3.81
4789,4.41,3.81
4790,4.41,3.81
4791,4.41,3.81
4792,4.41,3.81
4793,4.41,3.81
4795,4.41,3.81
4796,4.41,3.80
4797,4.41,3.80
4798,4.41,3.80
4799,4.41,3.80
4800,4.41,3.80
4801,4.41,3.80
4802,4.41,3.80
4804,4.41,3.80
4805,4.41,3.80
4806,4.41,3.79
4807,4.41,3.79
4808,4.41,3.79
4809,4.41,3.79
4810,4.41,3.79
4811,4.41,3.79
4813,4.41,3.79
4814,4.41,3.79
4815,4.41,3.79
4816,4.41,3.79
4817,4.41,3.78
4818,4.41,3.78
4819,4.41,3.78
4820,4.41,3.78
4823,4.41,3.78
4824,4.41,3.78
4825,4.41,3.78
4826,4.41,3.78
4827,4.41,3.78
4828,4.41,3.78
4829,4.41,3.77
4830,4.41,3.77
4832,4.41,3.77
4833,4.41,3.77
4834,4.41,3.77
4835,4.41,3.77
4836,4.42,3.77
4837,4.41,3.77
4838,4.42,3.77
4839,4.41,3.77
4841,4.41,3.77
4842,4.41,3.76
4843,4.41,3.76
4844,4.41,3.76
4845,4.41,3.76
4846,4.41,3.76
4847,4.41,3.76
4848,4.41,3.76
4850,4.41,3.76
4851,4.41,3.76
4852,4.41,3.76
4853,4.42,3.76
4854,4.42,3.76
4855,4.42,3.76
4856,4.42,3.76
4857,4.42,3.76
4859,4.41,3.76
4860,4.42,3.76
4861,4.42,3.76
4862,4.42,3.76
4864,4.42,3.76
4865,4.42,3.76
4866,4.42,3.76
4867,4.42,3.76
4869,4.42,3.76
4870,4.42,3.76
4871,4.42,3.76
4872,4.42,3.76
4873,4.42,3.76
4874,4.42,3.76
4875,4.42,3.76
4876,4.42,3.76
4878,4.42,3.76
4879,4.42,3.76
4880,4.42,3.76
4881,4.42,3.76
4882,4.42,3.76
4883,4.42,3.76
4884,4.42,3.76
4885,4.42,3.76
4887,4.42,3.76
4888,4.42,3.76
4889,4.42,3.76
4890,4.42,3.76
4891,4.42,3.76
4892,4.42,3.76
4893,4.42,3.76
4894,4.42,3.76
4896,4.42,3.76
4897,4.42,3.76
4898,4.42,3.76
4899,4.42,3.76
4900,4.42,3.76
4901,4.42,3.76
4902,4.42,3.76
4903,4.42,3.76
4905,4.42,3.76
4907,4.42,3.76
4908,4.42,3.76
4909,4.42,3.76
4910,4.42,3.76
4911,4.42,3.76
4912,4.42,3.76
4913,4.42,3.76
4915,4.42,3.76
4916,4.42,3.76
4917,4.42,3.76
4918,4.42,3.76
4919,4.42,3.76
4920,4.42,3.76
4921,4.42,3.76
4922,4.42,3.76
4924,4.42,3.76
4925,4.42,3.76
4926,4.42,3.76
4927,4.42,3.76
4928,4.42,3.76
4929,4.42,3.76
4930,4.42,3.76
4931,4.42,3.76
4933,4.42,3.76
4934,4.42,3.76
4935,4.42,3.76
4936,4.42,3.76
4937,4.42,3.76
4938,4.42,3.76
4939,4.42,3.76
4940,4.42,3.77
4942,4.42,3.76
4943,4.42,3.77
4944,4.42,3.76
4945,4.42,3.77
4946,4.42,3.77
4947,4.42,3.77
4948,4.42,3.77
4950,4.42,3.77
4952,4.42,3.77
4953,4.42,3.77
4954,4.42,3.77
4955,4.42,3.77
4956,4.42,3.77
4957,4.42,3.77
4958,4.42,3.77
4959,4.42,3.77
4961,4.42,3.77
4962,4.42,3.77
4963,4.42,3.77
4964,4.42,3.77
4965,4.42,3.77
4966,4.42,3.77
4967,4.42,3.77
4968,4.42,3.77
4970,4.42,3.77
4971,4.42,3.77
4972,4.42,3.77
4973,4.42,3.77
4974,4.42,3.77
4975,4.42,3.77
4976,4.42,3.77
4977,4.42,3.77
4979,4.42,3.77
4980,4.42,3.77
4981,4.42,3.77
4982,4.42,3.77
4983,4.42,3.77
4984,4.42,3.77
4985,4.42,3.77
4986,4.42,3.77
4988,4.42,3.77
4989,4.42,3.77
4990,4.42,3.77
4992,4.42,3.77
4993,4.42,3.77
4994,4.42,3.77
4995,4.42,3.77
4996,4.42,3.77
4998,4.42,3.77
4999,4.42,3.77
5000,4.42,3.77
5001,4.42,3.77
5002,4.42,3.77
5003,4.42,3.77
5004,4.42,3.77
5005,4.42,3.77
5007,4.42,3.77
5008,4.42,3.78
5009,4.42,3.77
5010,4.42,3.77
5011,4.42,3.78
5012,4.42,3.77
5013,4.42,3.78
5014,4.42,3.78
5016,4.42,3.78
5017,4.42,3.78
5018,4.42,3.78
5019,4.42,3.78
5020,4.42,3.78
5021,4.42,3.78
5022,4.42,3.78
5023,4.42,3.78
5025,4.42,3.78
5026,4.42,3.78
5027,4.42,3.78
5028,4.42,3.78
5029,4.42,3.78
5030,4.42,3.78
5031,4.42,3.78
5032,4.42,3.78
5035,4.42,3.78
5036,4.42,3.78
5037,4.42,3.78
5038,4.42,3.78
5039,4.42,3.78
5040,4.42,3.78
5041,4.42,3.78
5042,4.42,3.78
5044,4.42,3.78
5045,4.42,3.78
5046,4.42,3.78
5047,4.42,3.78
5048,4.42,3.78
5049,4.42,3.78
5050,4.42,3.78
5051,4.42,3.78
5053,4.42,3.78
5054,4.42,3.78
5055,4.42,3.78
5056,4.42,3.78
5057,4.42,3.78
5058,4.42,3.78
5059,4.42,3.78
5060,4.42,3.78
5062,4.42,3.78
5063,4.42,3.78
5064,4.42,3.78
5065,4.42,3.78
5066,4.42,3.78
5067,4.43,3.79
5068,4.42,3.79
5069,4.42,3.78
5071,4.42,3.79
5072,4.42,3.79
5073,4.42,3.79
5074,4.43,3.79
5075,4.43,3.79
5076,4.43,3.79
5078,4.42,3.79
5079,4.43,3.79
5081,4.43,3.79
5082,4.42,3.79
5083,4.42,3.79
5084,4.42,3.79
5085,4.42,3.79
5086,4.42,3.79
5087,4.42,3.79
5088,4.42,3.79
5090,4.42,3.79
5091,4.42,3.79
5092,4.42,3.79
5093,4.42,3.79
5094,4.42,3.79
5095,4.42,3.79
5096,4.42,3.79
5097,4.43,3.80
5099,4.42,3.80
5100,4.42,3.80
5101,4.42,3.80
5102,4.42,3.80
5103,4.42,3.80
5104,4.42,3.80
5105,4.42,3.80
5106,4.42,3.80
5108,4.42,3.80
5109,4.42,3.80
5110,4.42,3.80
5111,4.42,3.80
5112,4.42,3.80
5113,4.42,3.80
5114,4.42,3.80
5115,4.42,3.80
5117,4.42,3.80
5118,4.42,3.80
5120,4.42,3.80
5121,4.42,3.80
5122,4.42,3.80
5123,4.42,3.80
5124,4.42,3.80
5125,4.43,3.80
5127,4.42,3.80
5128,4.42,3.80
5129,4.42,3.80
5130,4.42,3.80
5131,4.43,3.80
5132,4.43,3.80
5133,4.43,3.80
5134,4.42,3.80
5135,4.42,3.80
5137,4.43,3.80
5138,4.43,3.81
5139,4.43,3.81
5140,4.42,3.81
5141,4.43,3.81
5142,4.43,3.81
5143,4.43,3.81
5145,4.43,3.81
5146,4.43,3.81
5147,4.43,3.81
5148,4.43,3.81
5149,4.43,3.81
5150,4.43,3.81
5151,4.43,3.81
5152,4.43,3.81
5154,4.43,3.81
5155,4.43,3.81
5156,4.43,3.81
5157,4.43,3.81
5158,4.43,3.81
5159,4.43,3.81
5160,4.43,3.81
5163,4.43,3.81
5164,4.43,3.81
5165,4.43,3.81
5166,4.43,3.81
5167,4.42,3.81
5168,4.42,3.81
5169,4.42,3.81
5170,4.43,3.81
5172,4.43,3.81
5173,4.43,3.82
5174,4.42,3.81
5175,4.42,3.82
5176,4.42,3.82
5177,4.42,3.82
5178,4.42,3.82
5179,4.42,3.82
5181,4.42,3.82
5182,4.42,3.82
5183,4.42,3.82
5184,4.42,3.82
5185,4.42,3.82
5186,4.42,3.82
5187,4.42,3.82
5188,4.42,3.82
5190,4.42,3.82
5191,4.42,3.82
5192,4.42,3.82
5193,4.42,3.82
5194,4.42,3.82
5195,4.42,3.82
5196,4.42,3.82
5197,4.42,3.82
5199,4.42,3.82
5200,4.42,3.82
5201,4.42,3.82
5202,4.42,3.82
5203,4.42,3.82
5204,4.42,3.82
5206,4.43,3.82
5207,4.42,3.82
5209,4.42,3.82
5210,4.42,3.82
5211,4.43,3.82
5212,4.43,3.82
5213,4.43,3.82
5214,4.42,3.82
5215,4.42,3.82
5216,4.43,3.82
5218,4.43,3.82
5219,4.43,3.82
5220,4.43,3.82
5221,4.43,3.82
5222,4.43,3.82
5223,4.43,3.82
5224,4.43,3.82
5225,4.43,3.82
5227,4.43,3.82
5228,4.43,3.82
5229,4.43,3.82
5230,4.43,3.82
5231,4.43,3.82
5232,4.43,3.82
5233,4.43,3.82
5234,4.43,3.82
5236,4.43,3.82
5237,4.43,3.82
5238,4.43,3.82
5239,4.43,3.82
5240,4.43,3.82
5241,4.43,3.83
5242,4.43,3.83
5243,4.43,3.83
5245,4.43,3.83
5246,4.43,3.83
5248,4.43,3.83
5249,4.43,3.83
5250,4.43,3.83
5251,4.43,3.83
5252,4.42,3.83
5253,4.42,3.83
5255,4.42,3.83
5256,4.42,3.83
5257,4.42,3.83
5258,4.42,3.83
5259,4.42,3.83
5260,4.42,3.83
5261,4.42,3.83
5262,4.42,3.83
5264,4.42,3.83
5265,4.42,3.83
5266,4.42,3.83
5267,4.42,3.83
5268,4.42,3.84
5269,4.42,3.83
5270,4.42,3.83
5271,4.42,3.83
5273,4.42,3.83
5274,4.42,3.83
5275,4.42,3.83
5276,4.42,3.83
5277,4.42,3.84
5278,4.42,3.84
5279,4.42,3.83
5280,4.42,3.84
5282,4.42,3.84
5283,4.42,3.83
5284,4.42,3.84
5285,4.42,3.84
5286,4.42,3.84
5287,4.42,3.84
5288,4.42,3.84
5291,4.42,3.84
5292,4.42,3.84
5293,4.42,3.84
5294,4.42,3.84
5295,4.42,3.84
5296,4.42,3.84
5297,4.42,3.84
5298,4.42,3.84
5300,4.42,3.84
5301,4.42,3.84
5302,4.42,3.84
5303,4.42,3.84
5304,4.42,3.84
5305,4.42,3.84
5306,4.42,3.84
5307,4.42,3.84
5309,4.42,3.84
5310,4.42,3.84
5311,4.42,3.84
5312,4.42,3.84
5313,4.42,3.84
5314,4.42,3.84
5315,4.42,3.84
5317,4.42,3.84
5318,4.43,3.84
5319,4.42,3.84
5320,4.42,3.84
5321,4.42,3.84
5322,4.42,3.84
5323,4.42,3.84
5324,4.42,3.84
5326,4.42,3.84
5327,4.42,3.84
5328,4.42,3.84
5329,4.42,3.84
5330,4.42,3.84
5331,4.42,3.84
5332,4.42,3.84
5334,4.42,3.84
5336,4.42,3.84
5337,4.42,3.84
5338,4.42,3.84
5339,4.42,3.84
5340,4.42,3.84
5341,4.42,3.84
5342,4.42,3.84
5344,4.42,3.84
5345,4.42,3.84
5346,4.42,3.84
5347,4.42,3.84
5348,4.42,3.84
5349,4.42,3.84
5350,4.42,3.84
5351,4.42,3.84
5353,4.42,3.84
5354,4.42,3.84
5355,4.42,3.84
5356,4.42,3.84
5357,4.42,3.84
5358,4.42,3.84
5359,4.42,3.84
5360,4.42,3.84
5362,4.42,3.84
5363,4.42,3.84
5364,4.42,3.84
5365,4.42,3.84
5366,4.42,3.84
5367,4.42,3.84
5368,4.42,3.84
5369,4.42,3.84
5371,4.42,3.84
5372,4.42,3.84
5373,4.42,3.84
5374,4.42,3.84
5376,4.42,3.84
5377,4.42,3.84
5378,4.42,3.84
5379,4.42,3.84
5381,4.43,3.84
5382,4.42,3.84
5383,4.42,3.84
5384,4.42,3.84
5385,4.42,3.84
5386,4.42,3.84
5387,4.42,3.84
5388,4.42,3.84
5390,4.42,3.84
5391,4.42,3.84
5392,4.42,3.84
5393,4.42,3.84
5394,4.42,3.84
5395,4.42,3.84
5396,4.42,3.84
5397,4.43,3.84
5399,4.43,3.84
5400,4.43,3.84
5401,4.43,3.84
5402,4.43,3.84
5403,4.43,3.84
5404,4.43,3.84
5405,4.43,3.84
5406,4.43,3.84
5408,4.43,3.84
5409,4.43,3.84
5410,4.43,3.84
5411,4.42,3.84
5412,4.42,3.84
5413,4.42,3.84
5414,4.42,3.84
5415,4.42,3.84
5417,4.42,3.84
5419,4.42,3.84
5420,4.42,3.84
5421,4.42,3.84
5422,4.42,3.84
5423,4.42,3.84
5424,4.42,3.84
5425,4.42,3.85
5427,4.42,3.84
5428,4.42,3.85
5429,4.42,3.85
5430,4.42,3.84
5431,4.42,3.84
5432,4.42,3.84
5433,4.42,3.85
5434,4.42,3.84
5436,4.42,3.84
5437,4.42,3.84
5438,4.42,3.84
5439,4.42,3.84
5440,4.42,3.84
5441,4.42,3.84
5442,4.42,3.85
5443,4.42,3.85
5445,4.42,3.85
5446,4.42,3.84
5447,4.42,3.84
5448,4.42,3.84
5449,4.42,3.84
5450,4.42,3.85
5451,4.42,3.84
5453,4.42,3.84
5454,4.42,3.85
5455,4.42,3.85
5456,4.42,3.85
5457,4.42,3.84
5458,4.42,3.84
5459,4.42,3.84
5460,4.42,3.85
5463,4.42,3.85
5464,4.42,3.84
5465,4.42,3.84
5466,4.42,3.84
5467,4.43,3.84
5468,4.42,3.84
5469,4.42,3.84
5470,4.42,3.84
5472,4.42,3.84
5473,4.42,3.84
5474,4.42,3.84
5475,4.43,3.85
5476,4.42,3.85
5477,4.42,3.85
5478,4.42,3.85
5479,4.42,3.84
5481,4.42,3.84
5482,4.42,3.85
5483,4.42,3.85
5484,4.42,3.85
5485,4.42,3.85
5486,4.42,3.85
5487,4.42,3.85
5489,4.42,3.85
5490,4.42,3.85
5491,4.42,3.85
5492,4.42,3.85
5493,4.42,3.85
5494,4.42,3.85
5495,4.42,3.85
5496,4.42,3.85
5498,4.42,3.85
5499,4.42,3.85
5500,4.42,3.85
5501,4.42,3.85
5502,4.42,3.85
5504,4.42,3.85
5505,4.42,3.85
5506,4.42,3.85
5508,4.42,3.85
5509,4.42,3.85
5510,4.42,3.85
5511,4.42,3.85
5512,4.42,3.85
5513,4.42,3.85
5514,4.42,3.85
5516,4.42,3.85
5517,4.42,3.85
5518,4.42,3.85
5519,4.42,3.84
5520,4.42,3.85
5521,4.42,3.85
5522,4.42,3.84
5523,4.42,3.85
5525,4.42,3.84
5526,4.42,3.84
5527,4.42,3.84
5528,4.42,3.84
5529,4.42,3.85
5530,4.42,3.85
5531,4.42,3.85
5532,4.42,3.85
5534,4.42,3.85
5535,4.42,3.85
5536,4.42,3.85
5537,4.42,3.85
5538,4.42,3.85
5539,4.42,3.85
5540,4.42,3.85
5542,4.42,3.85
5543,4.42,3.85
5544,4.42,3.85
5545,4.42,3.85
5547,4.42,3.85
5548,4.42,3.85
5549,4.42,3.85
5550,4.42,3.85
5552,4.42,3.85
5553,4.42,3.85
5554,4.42,3.85
5555,4.42,3.85
5556,4.42,3.85
5557,4.42,3.85
5558,4.42,3.85
5560,4.42,3.85
5561,4.42,3.85
5562,4.42,3.85
5563,4.42,3.85
5564,4.42,3.85
5565,4.42,3.85
5566,4.42,3.85
5567,4.42,3.85
5569,4.42,3.85
5570,4.42,3.85
5571,4.42,3.85
5572,4.42,3.85
5573,4.42,3.85
5574,4.42,3.85
5575,4.42,3.85
5577,4.42,3.85
5578,4.42,3.85
5579,4.42,3.85
5580,4.42,3.85
5581,4.42,3.85
5582,4.42,3.85
5583,4.42,3.85
5584,4.42,3.85
5586,4.42,3.85
5587,4.42,3.85
5588,4.42,3.85
5590,4.42,3.85
5591,4.42,3.85
5592,4.42,3.85
5593,4.42,3.85
5595,4.42,3.85
5596,4.42,3.85
5597,4.42,3.85
5598,4.42,3.85
5599,4.42,3.85
5600,4.42,3.85
5601,4.42,3.85
5602,4.42,3.85
5604,4.42,3.85
5605,4.42,3.85
5606,4.42,3.85
5607,4.42,3.85
5608,4.42,3.85
5609,4.42,3.85
5610,4.42,3.85
5611,4.42,3.85
5613,4.42,3.85
5614,4.42,3.85
5615,4.42,3.85
5616,4.42,3.85
5617,4.42,3.85
5618,4.42,3.85
5619,4.42,3.85
5620,4.42,3.85
5622,4.42,3.85
5623,4.42,3.85
5624,4.42,3.85
5625,4.42,3.85
5626,4.42,3.85
5627,4.42,3.85
5628,4.42,3.85
5629,4.42,3.85
5632,4.42,3.85
5633,4.42,3.85
5634,4.42,3.85
5635,4.42,3.85
5636,4.42,3.85
5637,4.42,3.85
5638,4.42,3.85
5639,4.42,3.85
5641,4.42,3.85
5642,4.42,3.85
5643,4.42,3.85
5644,4.42,3.85
5645,4.42,3.85
5646,4.42,3.85
5647,4.42,3.85
5648,4.42,3.85
5650,4.42,3.85
5651,4.42,3.85
5652,4.42,3.85
5653,4.42,3.85
5654,4.42,3.85
5655,4.42,3.85
5656,4.42,3.85
5658,4.42,3.85
5659,4.42,3.85
5660,4.42,3.85
5661,4.42,3.85
5662,4.42,3.85
5663,4.42,3.85
5664,4.42,3.85
5665,4.42,3.85
5667,4.42,3.85
5668,4.42,3.85
5669,4.42,3.85
5670,4.42,3.85
5671,4.42,3.85
5672,4.42,3.85
5673,4.42,3.85
5675,4.42,3.85
5677,4.42,3.85
5678,4.42,3.85
5679,4.42,3.85
5680,4.42,3.85
5681,4.42,3.85
5682,4.42,3.85
5683,4.42,3.85
5684,4.42,3.85
5686,4.42,3.85
5687,4.42,3.85
5688,4.42,3.85
5689,4.42,3.85
5690,4.42,3.85
5691,4.42,3.85
5692,4.42,3.85
5693,4.42,3.85
5695,4.42,3.85
5696,4.42,3.85
5697,4.42,3.85
5698,4.42,3.85
5699,4.42,3.85
5700,4.42,3.85
5701,4.42,3.85
5702,4.42,3.85
5704,4.42,3.85
5705,4.42,3.85
5706,4.42,3.85
5707,4.42,3.85
5708,4.42,3.85
5709,4.42,3.85
5710,4.42,3.85
5711,4.42,3.85
5713,4.42,3.85
5714,4.42,3.85
5715,4.42,3.85
5716,4.42,3.85
5718,4.42,3.85
5719,4.42,3.85
5720,4.42,3.85
5721,4.42,3.85
5723,4.42,3.85
5724,4.42,3.85
5725,4.42,3.85
5726,4.42,3.85
5727,4.42,3.85
5728,4.42,3.85
5729,4.42,3.85
5730,4.42,3.85
5732,4.42,3.85
5733,4.42,3.85
5734,4.42,3.85
5735,4.42,3.85
5736,4.42,3.85
5737,4.42,3.85
5738,4.42,3.85
5739,4.42,3.85
5741,4.42,3.85
5742,4.42,3.85
5743,4.42,3.85
5744,4.42,3.85
5745,4.42,3.85
5746,4.42,3.85
5747,4.42,3.85
5749,4.42,3.85
5750,4.42,3.85
5751,4.42,3.85
5752,4.42,3.85
5753,4.42,3.85
5754,4.42,3.85
5755,4.42,3.85
5756,4.42,3.85
5758,4.42,3.85
5760,4.42,3.85
5761,4.42,3.85
5762,4.42,3.85
5763,4.42,3.85
5764,4.42,3.85
5765,4.42,3.85
5766,4.42,3.85
5768,4.42,3.85
5769,4.42,3.85
5770,4.42,3.85
5771,4.42,3.85
5772,4.42,3.85
5773,4.42,3.85
5774,4.42,3.85
5775,4.42,3.85
5777,4.42,3.85
5778,4.42,3.85
5779,4.42,3.85
5780,4.42,3.85
5781,4.42,3.85
5782,4.42,3.85
5783,4.42,3.85
5784,4.42,3.85
5786,4.42,3.85
5787,4.42,3.85
5788,4.42,3.85
5789,4.42,3.85
5790,4.42,3.85
5791,4.42,3.85
5792,4.42,3.85
5793,4.42,3.85
5795,4.42,3.85
5796,4.42,3.85
5797,4.42,3.85
5798,4.42,3.85
5799,4.42,3.85
5800,4.42,3.85
5801,4.42,3.85
5803,4.42,3.85
5805,4.42,3.85
5806,4.42,3.85
5807,4.42,3.85
5808,4.42,3.85
5809,4.42,3.85
5810,4.42,3.85
5811,4.42,3.85
5812,4.42,3.85
5814,4.42,3.85
5815,4.42,3.85
5816,4.42,3.85
5817,4.42,3.85
5818,4.42,3.85
5819,4.42,3.85
5820,4.42,3.85
5821,4.42,3.85
5823,4.42,3.85
5824,4.42,3.85
5825,4.42,3.85
5826,4.42,3.85
5827,4.42,3.85
5828,4.42,3.85
5829,4.42,3.85
5830,4.42,3.85
5832,4.42,3.85
5833,4.42,3.85
5834,4.42,3.85
5835,4.42,3.85
5836,4.42,3.85
5837,4.42,3.85
5838,4.42,3.85
5839,4.42,3.85
5841,4.42,3.85
5842,4.42,3.85
5843,4.42,3.85
5844,4.42,3.85
5846,4.42,3.85
5847,4.42,3.85
5848,4.42,3.85
5849,4.42,3.85
5851,4.42,3.85
5852,4.42,3.85
5853,4.42,3.85
5854,4.42,3.85
5855,4.42,3.85
5856,4.42,3.85
5857,4.42,3.85
5858,4.42,3.85
5860,4.42,3.85
5861,4.42,3.85
5862,4.42,3.85
5863,4.42,3.85
5864,4.42,3.85
5865,4.42,3.85
5866,4.42,3.85
5867,4.42,3.85
5869,4.42,3.85
5870,4.42,3.85
5871,4.42,3.85
5872,4.42,3.85
5873,4.42,3.85
5874,4.42,3.85
5875,4.42,3.85
5876,4.42,3.85
5878,4.42,3.85
5879,4.42,3.85
5880,4.42,3.85
5881,4.42,3.85
5882,4.42,3.85
5883,4.42,3.85
5884,4.42,3.85
5885,4.42,3.85
5888,4.42,3.85
5889,4.42,3.85
5890,4.42,3.85
5891,4.42,3.85
5892,4.42,3.85
5893,4.42,3.85
5894,4.42,3.85
5895,4.42,3.85
5897,4.42,3.85
5898,4.42,3.85
5899,4.42,3.85
5900,4.42,3.85
5901,4.42,3.85
5902,4.42,3.85
5903,4.42,3.85
5904,4.42,3.85
5906,4.42,3.85
5907,4.42,3.85
5908,4.42,3.85
5909,4.42,3.85
5910,4.42,3.86
5911,4.41,3.85
5912,4.38,3.84
5913,4.36,3.83
5915,4.35,3.83
5916,4.35,3.82
5917,4.34,3.82
5918,4.34,3.82
5919,4.34,3.82
5920,4.34,3.82
5921,4.34,3.83
5922,4.35,3.85
5924,4.35,3.87
5925,4.36,3.90
5926,4.37,3.91
5927,4.35,3.90
5928,4.33,3.89
5929,4.29,3.88
5931,4.28,3.87
5933,4.27,3.86
5934,4.26,3.85
5935,4.26,3.85
5936,4.26,3.84
5937,4.27,3.85
5938,4.27,3.85
5939,4.27,3.86
5940,4.28,3.88
5942,4.28,3.89
5943,4.29,3.90
5944,4.27,3.89
5945,4.25,3.87
5946,4.22,3.86
5947,4.20,3.85
5948,4.18,3.84
5949,4.18,3.83
5951,4.18,3.82
5952,4.18,3.82
5953,4.19,3.82
5954,4.19,3.82
5955,4.18,3.81
5956,4.15,3.79
5957,4.13,3.77
5959,4.09,3.75
5960,4.05,3.72
5961,4.01,3.70
5962,3.97,3.68
5963,3.94,3.67
5964,3.92,3.66
5965,3.92,3.66
5966,3.93,3.66
5968,3.94,3.67
5969,3.95,3.68
5970,3.97,3.69
5971,3.97,3.68
5972,3.96,3.66
5974,3.93,3.65
5975,3.91,3.63
5976,3.88,3.60
5978,3.84,3.58
5979,3.81,3.56
5980,3.78,3.55
5981,3.77,3.56
5982,3.78,3.56
5983,3.79,3.57
5984,3.81,3.58
5985,3.83,3.59
5987,3.86,3.61
5988,3.87,3.61
5989,3.87,3.60
5990,3.86,3.58
5991,3.84,3.57
5992,3.81,3.55
5993,3.79,3.53
5995,3.76,3.52
5996,3.73,3.51
5997,3.73,3.51
5998,3.73,3.52
5999,3.75,3.53
6000,3.77,3.54
6001,3.79,3.55
6002,3.82,3.58
6004,3.84,3.58
6005,3.85,3.58
6006,3.85,3.57
6007,3.83,3.55
6008,3.81,3.54
6009,3.79,3.52
6010,3.76,3.51
6011,3.74,3.50
6013,3.72,3.49
6014,3.72,3.50
6016,3.74,3.51
6017,3.76,3.52
6018,3.78,3.54
6019,3.81,3.56
6020,3.84,3.57
6021,3.85,3.57
6023,3.85,3.57
6024,3.84,3.56
6025,3.82,3.54
6026,3.80,3.53
6027,3.78,3.52
6028,3.76,3.51
6029,3.74,3.50
6030,3.73,3.50
6032,3.73,3.51
6033,3.75,3.51
6034,3.78,3.53
6035,3.80,3.55
6036,3.84,3.57
6037,3.86,3.57
6038,3.86,3.57
6039,3.85,3.56
6041,3.84,3.55
6042,3.82,3.54
6043,3.80,3.53
6044,3.78,3.52
6045,3.75,3.50
6046,3.74,3.50
6047,3.74,3.51
6048,3.75,3.51
6050,3.77,3.52
6051,3.79,3.54
6052,3.82,3.56
6053,3.85,3.57
6054,3.86,3.57
6055,3.86,3.56
6056,3.85,3.55
6057,3.83,3.54
6060,3.81,3.53
6061,3.79,3.52
6062,3.77,3.51
6063,3.74,3.50
6064,3.74,3.50
6065,3.74,3.51
6066,3.76,3.51
6067,3.78,3.53
6069,3.81,3.55
6070,3.84,3.57
6071,3.86,3.57
6072,3.86,3.57
6073,3.85,3.56
6074,3.84,3.55
6075,3.82,3.54
6076,3.80,3.53
6078,3.78,3.52
6079,3.75,3.51
6080,3.74,3.50
6081,3.74,3.51
6082,3.75,3.51
6083,3.77,3.52
6084,3.80,3.54
6085,3.83,3.56
6087,3.85,3.57
6088,3.86,3.57
6089,3.86,3.56
6090,3.85,3.55
6091,3.83,3.54
6092,3.81,3.53
6093,3.79,3.52
6094,3.76,3.51
6096,3.74,3.50
6097,3.74,3.51
6098,3.74,3.51
6099,3.76,3.52
6100,3.78,3.53
6102,3.81,3.55
6103,3.84,3.57
6104,3.86,3.57
6106,3.86,3.57
6107,3.85,3.56
6108,3.84,3.55
6109,3.82,3.54
6110,3.80,3.53
6111,3.78,3.52
6112,3.75,3.51
6113,3.74,3.50
6115,3.74,3.51
6116,3.75,3.51
6117,3.77,3.52
6118,3.80,3.54
6119,3.83,3.56
6120,3.86,3.57
6121,3.87,3.57
6122,3.86,3.57
6124,3.85,3.56
6125,3.83,3.55
6126,3.81,3.54
6127,3.79,3.52
6128,3.76,3.51
6129,3.74,3.51
6130,3.74,3.51
6131,3.75,3.51
6133,3.76,3.52
6134,3.79,3.53
6135,3.82,3.55
6136,3.85,3.57
6137,3.86,3.58
6138,3.86,3.57
6139,3.85,3.56
6140,3.84,3.55
6142,3.82,3.54
6144,3.80,3.53
6145,3.78,3.52
6146,3.75,3.51
6147,3.74,3.51
6148,3.74,3.51
6149,3.75,3.51
6150,3.78,3.53
6152,3.80,3.54
6153,3.83,3.57
6154,3.86,3.58
6155,3.87,3.57
6156,3.86,3.56
6157,3.84,3.55
6158,3.83,3.54
6159,3.81,3.53
6161,3.79,3.52
6162,3.76,3.51
6163,3.74,3.51
6164,3.74,3.51
6165,3.75,3.51
6166,3.77,3.52
6167,3.79,3.54
6168,3.82,3.56
6170,3.85,3.57
6171,3.86,3.57
6172,3.86,3.57
6173,3.85,3.56
6174,3.84,3.55
6175,3.82,3.54
6176,3.80,3.53
6177,3.77,3.52
6179,3.75,3.51
6180,3.74,3.51
6181,3.74,3.51
6182,3.76,3.52
6183,3.78,3.53
6184,3.81,3.55
6185,3.84,3.57
6187,3.86,3.58
6189,3.87,3.57
6190,3.86,3.57
6191,3.85,3.55
6192,3.83,3.54
6193,3.81,3.53
6194,3.79,3.52
6195,3.76,3.51
6197,3.74,3.51
6198,3.74,3.50
6199,3.75,3.51
6200,3.77,3.52
6201,3.80,3.54
6202,3.83,3.56
6203,3.85,3.58
6204,3.87,3.58
6206,3.86,3.57
6207,3.85,3.56
6208,3.83,3.55
6209,3.82,3.54
6210,3.79,3.53
6211,3.77,3.52
6212,3.75,3.50
6213,3.74,3.51
6215,3.74,3.51
6216,3.76,3.52
6217,3.78,3.53
6218,3.81,3.55
6219,3.84,3.57
6220,3.86,3.57
6221,3.87,3.57
6222,3.86,3.56
6224,3.84,3.55
6225,3.82,3.54
6226,3.80,3.53
6227,3.78,3.52
6228,3.75,3.51
6230,3.74,3.51
6231,3.74,3.51
6232,3.75,3.51
6234,3.77,3.52
6235,3.79,3.54
6236,3.82,3.56
6237,3.85,3.57
6238,3.87,3.57
6239,3.86,3.57
6240,3.85,3.56
6241,3.83,3.55
6243,3.81,3.54
6244,3.79,3.53
6245,3.77,3.51
6246,3.74,3.51
6247,3.74,3.51
6248,3.74,3.51
6249,3.76,3.52
6250,3.78,3.53
6252,3.81,3.55
6253,3.84,3.57
6254,3.86,3.58
6255,3.87,3.57
6256,3.86,3.56
6257,3.84,3.55
6258,3.82,3.54
6259,3.80,3.53
6261,3.78,3.52
6262,3.75,3.51
6263,3.74,3.51
6264,3.74,3.51
6265,3.75,3.52
6266,3.77,3.53
6267,3.80,3.54
6268,3.83,3.56
6270,3.86,3.58
6272,3.87,3.58
6273,3.86,3.57
6274,3.85,3.56
6275,3.83,3.55
6276,3.81,3.54
6277,3.79,3.53
6278,3.77,3.51
6280,3.74,3.51
6281,3.74,3.51
6282,3.75,3.51
6283,3.76,3.52
6284,3.79,3.54
6285,3.82,3.56
6286,3.85,3.57
6287,3.86,3.58
6289,3.86,3.57
6290,3.85,3.56
6291,3.84,3.55
6292,3.82,3.54
6293,3.80,3.53
6294,3.78,3.52
6295,3.75,3.51
6296,3.74,3.50
6298,3.74,3.51
6299,3.75,3.51
6300,3.78,3.53
6301,3.80,3.55
6302,3.83,3.57
6303,3.86,3.57
6304,3.87,3.57
6305,3.86,3.57
6307,3.85,3.55
6308,3.83,3.55
6309,3.81,3.53
6310,3.79,3.53
6311,3.76,3.51
6312,3.74,3.51
6313,3.74,3.51
6315,3.75,3.51
6317,3.77,3.52
6318,3.79,3.54
6319,3.82,3.55
6320,3.85,3.57
6321,3.87,3.58
6322,3.87,3.57
6323,3.85,3.56
6324,3.84,3.55
6326,3.82,3.55
6327,3.80,3.53
6328,3.77,3.52
6329,3.75,3.51
6330,3.74,3.51
6331,3.75,3.51
6332,3.76,3.52
6334,3.78,3.53
6335,3.81,3.55
6336,3.84,3.57
6337,3.86,3.58
6338,3.87,3.57
6339,3.86,3.57
6340,3.85,3.55
6341,3.83,3.54
6343,3.81,3.53
6344,3.78,3.52
6345,3.76,3.51
6346,3.75,3.51
6347,3.74,3.50
6348,3.75,3.51
6349,3.77,3.53
6350,3.80,3.54
6352,3.83,3.56
6353,3.86,3.58
6354,3.88,3.58
6355,3.88,3.58
6356,3.86,3.57
6358,3.85,3.56
6359,3.83,3.55
6360,3.81,3.54
6362,3.79,3.52
6363,3.76,3.51
6364,3.76,3.51
6365,3.76,3.52
6366,3.78,3.53
6367,3.80,3.54
6368,3.83,3.56
6369,3.86,3.58
6371,3.89,3.59
6372,3.89,3.59
6373,3.88,3.57
6374,3.87,3.57
6375,3.85,3.56
6376,3.83,3.55
6377,3.81,3.53
6378,3.78,3.52
6380,3.77,3.52
6381,3.77,3.52
6382,3.78,3.53
6383,3.80,3.54
6384,3.82,3.55
6385,3.85,3.58
6386,3.88,3.59
6387,3.89,3.59
6389,3.89,3.58
6390,3.88,3.57
6391,3.86,3.57
6392,3.84,3.55
6393,3.82,3.54
6394,3.79,3.53
6395,3.77,3.52
6396,3.77,3.52
6398,3.77,3.52
6400,3.79,3.53
6401,3.81,3.54
6402,3.84,3.56
6403,3.87,3.58
6404,3.89,3.59
6405,3.90,3.59
6407,3.89,3.58
6408,3.87,3.57
6409,3.85,3.55
6410,3.83,3.54
6411,3.81,3.53
6412,3.78,3.52
6413,3.77,3.52
6414,3.77,3.52
6416,3.78,3.53
6417,3.80,3.54
6418,3.83,3.55
6419,3.85,3.57
6420,3.88,3.59
6421,3.89,3.59
6422,3.89,3.58
6423,3.88,3.57
6425,3.86,3.56
6426,3.84,3.55
6427,3.82,3.54
6428,3.79,3.52
6429,3.77,3.52
6430,3.77,3.52
6431,3.77,3.52
6432,3.79,3.53
6434,3.81,3.55
6435,3.84,3.57
6436,3.87,3.59
6437,3.90,3.61
6438,3.91,3.61
6439,3.91,3.61
6440,3.91,3.62
6441,3.92,3.64
6444,3.92,3.65
6445,3.92,3.64
6446,3.91,3.63
6447,3.90,3.64
6448,3.91,3.64
6449,3.92,3.64
6450,3.94,3.65
6451,3.96,3.66
6453,3.99,3.67
6454,4.02,3.69
6455,4.04,3.70
6456,4.05,3.71
6457,4.06,3.72
6458,4.06,3.73
6459,4.07,3.74
6460,4.06,3.73
6462,4.04,3.72
6463,4.03,3.72
6464,4.03,3.72
6465,4.03,3.72
6466,4.04,3.72
6467,4.06,3.72
6468,4.07,3.73
6469,4.09,3.73
6471,4.11,3.75
6472,4.13,3.76
6473,4.16,3.78
6474,4.19,3.80
6475,4.21,3.82
6476,4.23,3.83
6477,4.23,3.82
6478,4.21,3.82
6480,4.21,3.82
6481,4.21,3.82
6482,4.22,3.81
6483,4.23,3.82
6484,4.24,3.82
6486,4.26,3.82
6487,4.27,3.83
6489,4.29,3.84
6490,4.31,3.85
6491,4.33,3.86
6492,4.35,3.88
6493,4.36,3.88
6494,4.36,3.88
6495,4.35,3.87
6496,4.33,3.86
6498,4.33,3.86
6499,4.32,3.86
6500,4.32,3.86
6501,4.33,3.86
6502,4.33,3.85
6503,4.34,3.85
6504,4.35,3.86
6505,4.35,3.86
6507,4.37,3.87
6508,4.38,3.88
6509,4.40,3.88
6510,4.41,3.89
6511,4.42,3.89
6512,4.44,3.90
6513,4.44,3.90
6515,4.45,3.90
6516,4.46,3.90
6517,4.46,3.90
6518,4.46,3.90
6519,4.47,3.90
6520,4.47,3.90
6521,4.47,3.90
6522,4.47,3.90
6524,4.47,3.89
6525,4.47,3.89
6526,4.47,3.89
6528,4.47,3.89
6529,4.47,3.89
6530,4.47,3.89
6531,4.47,3.89
6532,4.47,3.89
6534,4.47,3.88
6535,4.46,3.88
6536,4.46,3.88
6537,4.46,3.88
6538,4.46,3.88
6539,4.46,3.88
6540,4.45,3.88
6541,4.45,3.88
6543,4.45,3.87
6544,4.45,3.87
6545,4.45,3.87
6546,4.45,3.87
6547,4.44,3.87
6548,4.44,3.87
6549,4.44,3.87
6550,4.44,3.87
6552,4.44,3.87
6553,4.43,3.87
6554,4.43,3.86
6555,4.43,3.86
6556,4.43,3.86
6557,4.43,3.86
6558,4.43,3.86
6559,4.43,3.86
6561,4.43,3.86
6562,4.42,3.86
6563,4.42,3.86
6564,4.42,3.86
6565,4.42,3.86
6566,4.42,3.86
6567,4.42,3.86
6568,4.42,3.86
6571,4.42,3.86
6572,4.42,3.86
6573,4.42,3.86
6574,4.42,3.86
6575,4.42,3.86
6576,4.42,3.86
6577,4.42,3.86
6578,4.42,3.86
6580,4.42,3.86
6581,4.42,3.86
6582,4.42,3.86
6583,4.42,3.86
6584,4.42,3.86
6585,4.42,3.86
6586,4.42,3.86
6587,4.42,3.86
6589,4.42,3.86
6590,4.42,3.86
6591,4.42,3.86
6592,4.42,3.86
6593,4.42,3.86
6594,4.42,3.86
6595,4.42,3.86
6596,4.42,3.86
6598,4.42,3.86
6599,4.42,3.86
6600,4.43,3.87
6601,4.42,3.86
6602,4.42,3.87
6603,4.42,3.87
6604,4.42,3.87
6605,4.43,3.87
6607,4.43,3.87
6608,4.43,3.87
6609,4.43,3.87
6610,4.43,3.87
6611,4.43,3.87
6612,4.43,3.87
6614,4.43,3.87
6616,4.43,3.87
6617,4.43,3.87
6618,4.43,3.87
6619,4.43,3.87
6620,4.43,3.87
6621,4.43,3.87
6622,4.43,3.87
6623,4.43,3.87
6625,4.43,3.87
6626,4.43,3.87
6627,4.43,3.87
6628,4.43,3.87
6629,4.43,3.87
6630,4.43,3.87
6631,4.43,3.87
6632,4.43,3.88
6634,4.43,3.88
6635,4.43,3.88
6636,4.43,3.88
6637,4.43,3.88
6638,4.43,3.88
6639,4.43,3.88
6640,4.43,3.88
6641,4.43,3.88
6643,4.43,3.88
6644,4.43,3.88
6645,4.43,3.88
6646,4.42,3.88
6647,4.43,3.88
6648,4.43,3.88
6649,4.43,3.88
6651,4.43,3.88
6652,4.43,3.88
6653,4.43,3.88
6654,4.43,3.88
6656,4.43,3.88
6657,4.43,3.88
6658,4.43,3.88
6659,4.43,3.88
6661,4.43,3.88
6662,4.43,3.88
6663,4.43,3.88
6664,4.43,3.88
6665,4.43,3.88
6666,4.43,3.88
6667,4.43,3.88
6669,4.43,3.88
6670,4.43,3.88
6671,4.43,3.88
6672,4.43,3.88
6673,4.43,3.88
6674,4.43,3.88
6675,4.43,3.88
6676,4.43,3.88
6678,4.43,3.88
6679,4.43,3.88
6680,4.43,3.88
6681,4.43,3.88
6682,4.43,3.88
6683,4.43,3.88
6684,4.43,3.88
6685,4.43,3.88
6687,4.43,3.88
6688,4.43,3.88
6689,4.43,3.88
6690,4.43,3.88
6691,4.43,3.88
6692,4.43,3.88
6693,4.43,3.88
6694,4.43,3.88
6696,4.43,3.88
6697,4.43,3.88
6699,4.43,3.88
6700,4.43,3.88
6701,4.43,3.88
6702,4.43,3.88
6703,4.43,3.88
6704,4.43,3.88
6706,4.43,3.88
6707,4.43,3.88
6708,4.43,3.88
6709,4.43,3.88
6710,4.43,3.88
6711,4.43,3.88
6712,4.43,3.88
6713,4.43,3.88
6715,4.43,3.88
6716,4.43,3.88
6717,4.43,3.88
6718,4.43,3.88
6719,4.43,3.88
6720,4.43,3.88
6721,4.43,3.88
6722,4.43,3.88
6724,4.43,3.88
6725,4.43,3.88
6726,4.43,3.88
6727,4.43,3.88
6728,4.43,3.88
6729,4.43,3.89
6730,4.43,3.89
6731,4.43,3.88
6733,4.43,3.88
6734,4.43,3.88
6735,4.43,3.88
6736,4.43,3.89
6737,4.43,3.89
6738,4.43,3.89
6739,4.43,3.88
6740,4.43,3.88
6743,4.43,3.88
6744,4.43,3.88
6745,4.43,3.88
6746,4.43,3.88
6747,4.43,3.88
6748,4.43,3.88
6749,4.43,3.88
6750,4.43,3.88
6752,4.43,3.88
6753,4.43,3.88
6754,4.43,3.88
6755,4.43,3.88
6756,4.43,3.88
6757,4.43,3.88
6758,4.43,3.88
6759,4.43,3.88
6761,4.43,3.88
6762,4.43,3.88
6763,4.43,3.88
6764,4.43,3.88
6765,4.43,3.88
6766,4.43,3.88
6767,4.43,3.88
6768,4.43,3.88
6770,4.43,3.88
6771,4.43,3.88
6772,4.43,3.88
6773,4.43,3.88
6774,4.43,3.88
6775,4.43,3.88
6776,4.43,3.88
6777,4.43,3.88
6779,4.43,3.88
6780,4.43,3.88
6781,4.43,3.88
6782,4.43,3.88
6784,4.43,3.88
6785,4.43,3.88
6786,4.43,3.88
6787,4.43,3.88
6789,4.43,3.88
6790,4.43,3.88
6791,4.43,3.88
6792,4.43,3.88
6793,4.43,3.88
6794,4.43,3.88
6795,4.43,3.88
6796,4.43,3.88
6798,4.43,3.88
6799,4.43,3.88
6800,4.43,3.88
6801,4.43,3.88
6802,4.43,3.88
6803,4.43,3.88
6804,4.43,3.88
6805,4.43,3.88
6807,4.43,3.88
6808,4.43,3.88
6809,4.43,3.88
6810,4.43,3.88
6811,4.43,3.88
6812,4.43,3.88
6813,4.43,3.88
6814,4.43,3.88
6816,4.43,3.88
6817,4.43,3.88
6818,4.43,3.88
6819,4.43,3.88
6820,4.43,3.88
6821,4.43,3.88
6822,4.43,3.88
6823,4.43,3.88
6825,4.43,3.88
6827,4.43,3.88
6828,4.43,3.88
6829,4.43,3.88
6830,4.43,3.88
6831,4.43,3.88
6832,4.43,3.88
6834,4.43,3.88
6835,4.43,3.88
6836,4.43,3.88
6837,4.43,3.88
6838,4.43,3.88
6839,4.43,3.88
6840,4.43,3.88
6841,4.43,3.88
6843,4.43,3.88
6844,4.43,3.88
6845,4.43,3.88
6846,4.43,3.88
6847,4.43,3.88
6848,4.43,3.88
6849,4.43,3.88
6850,4.43,3.88
6852,4.43,3.88
6853,4.43,3.88
6854,4.43,3.88
6855,4.43,3.88
6856,4.43,3.88
6857,4.43,3.88
6858,4.43,3.88
6859,4.43,3.88
6861,4.43,3.88
6862,4.43,3.88
6863,4.43,3.88
6864,4.43,3.88
6865,4.43,3.88
6866,4.43,3.88
6867,4.43,3.88
6868,4.43,3.88
6871,4.43,3.88
6872,4.43,3.88
6873,4.43,3.88
6874,4.43,3.88
6875,4.43,3.88
6876,4.43,3.89
6877,4.43,3.88
6878,4.43,3.88
6880,4.43,3.89
6881,4.43,3.89
6882,4.43,3.89
6883,4.43,3.89
6884,4.43,3.89
6885,4.43,3.89
6886,4.43,3.89
6887,4.43,3.89
6889,4.43,3.89
6890,4.43,3.89
6891,4.43,3.89
6892,4.43,3.89
6893,4.43,3.89
6894,4.43,3.89
6895,4.43,3.89
6897,4.43,3.89
6898,4.43,3.89
6899,4.43,3.89
6900,4.43,3.89
6901,4.43,3.89
6902,4.43,3.89
6903,4.43,3.89
6904,4.43,3.89
6906,4.43,3.89
6907,4.43,3.89
6908,4.43,3.89
6909,4.43,3.89
6910,4.43,3.89
6912,4.43,3.89
6913,4.43,3.89
6914,4.43,3.89
6916,4.43,3.89
6917,4.43,3.90
6918,4.43,3.89
6919,4.43,3.90
6920,4.43,3.90
6921,4.43,3.89
6922,4.43,3.89
6923,4.43,3.90
6925,4.43,3.90
6926,4.43,3.90
6927,4.43,3.90
6928,4.43,3.90
6929,4.43,3.90
6930,4.43,3.90
6931,4.43,3.90
6932,4.43,3.90
6934,4.43,3.90
6935,4.43,3.90
6936,4.43,3.90
6937,4.43,3.90
6938,4.43,3.90
6939,4.43,3.90
6940,4.44,3.90
6941,4.43,3.90
6943,4.43,3.90
6944,4.44,3.90
6945,4.43,3.90
6946,4.43,3.90
6947,4.43,3.90
6948,4.43,3.90
6949,4.43,3.90
6950,4.43,3.90
6952,4.43,3.90
6953,4.43,3.90
6955,4.43,3.90
6956,4.43,3.90
6957,4.43,3.90
6958,4.43,3.90
6959,4.43,3.90
6960,4.43,3.90
6962,4.43,3.90
6963,4.43,3.90
6964,4.43,3.90
6965,4.43,3.90
6966,4.43,3.90
6967,4.43,3.90
6968,4.43,3.90
6969,4.43,3.90
6971,4.43,3.90
6972,4.43,3.90
6973,4.43,3.90
6974,4.43,3.90
6975,4.43,3.90
6976,4.43,3.91
6977,4.43,3.91
6978,4.43,3.91
6980,4.43,3.91
6981,4.43,3.91
6982,4.43,3.91
6983,4.43,3.91
6984,4.43,3.91
6985,4.43,3.91
6986,4.43,3.91
6988,4.43,3.91
6989,4.43,3.91
6990,4.43,3.91
6991,4.43,3.91
6992,4.43,3.91
6993,4.43,3.91
6994,4.43,3.91
6995,4.43,3.91
6998,4.43,3.91
6999,4.43,3.91
7000,4.43,3.91
7001,4.43,3.91
7002,4.43,3.91
7003,4.43,3.91
7004,4.43,3.91
7005,4.43,3.91
7007,4.43,3.91
7008,4.43,3.91
7009,4.43,3.91
7010,4.43,3.91
7011,4.43,3.91
7012,4.43,3.91
7013,4.43,3.92
7014,4.43,3.92
7016,4.43,3.92
7017,4.43,3.92
7018,4.43,3.92
7019,4.43,3.92
7020,4.43,3.92
7021,4.43,3.92
7022,4.43,3.92
7023,4.43,3.92
7025,4.43,3.92
7026,4.43,3.92
7027,4.43,3.92
7028,4.43,3.93
7029,4.43,3.93
7030,4.43,3.93
7031,4.43,3.93
7032,4.43,3.93
7034,4.43,3.93
7035,4.43,3.94
7036,4.43,3.94
7037,4.43,3.94
7038,4.43,3.94
7040,4.43,3.94
7041,4.43,3.94
7042,4.43,3.95
7044,4.43,3.95
7045,4.43,3.95
7046,4.43,3.95
7047,4.43,3.96
7048,4.43,3.96
7049,4.43,3.96
7050,4.43,3.96
7051,4.43,3.97
7053,4.43,3.97
7054,4.43,3.97
7055,4.43,3.97
7056,4.43,3.97
7057,4.43,3.98
7058,4.43,3.98
7059,4.43,3.98
7060,4.43,3.98
7062,4.43,3.99
7063,4.43,3.99
7064,4.43,3.99
7065,4.43,4.00
7066,4.43,4.00
7067,4.43,4.00
7068,4.43,4.00
7069,4.43,4.01
7071,4.43,4.01
7072,4.43,4.01
7073,4.43,4.01
7074,4.43,4.02
7075,4.43,4.02
7076,4.43,4.02
7077,4.43,4.02
7078,4.43,4.03
7080,4.43,4.03
7081,4.43,4.03
7083,4.43,4.03
7084,4.43,4.03
7085,4.43,4.04
7086,4.43,4.04
7087,4.43,4.04
7088,4.43,4.04
7090,4.43,4.04
7091,4.43,4.05
7092,4.43,4.05
7093,4.43,4.05
7094,4.43,4.05
7095,4.43,4.06
7096,4.43,4.06
7097,4.43,4.06
7099,4.43,4.06
7100,4.43,4.07
7101,4.43,4.07
7102,4.43,4.07
7103,4.43,4.08
7104,4.43,4.08
7105,4.43,4.08
7106,4.43,4.08
7108,4.43,4.09
7109,4.43,4.09
7110,4.43,4.09
7111,4.43,4.09
7112,4.43,4.10
7113,4.43,4.10
7114,4.43,4.10
7115,4.43,4.10
7117,4.43,4.11
7118,4.43,4.11
7119,4.43,4.11
7120,4.43,4.11
7121,4.43,4.12
7122,4.43,4.12
7123,4.43,4.12
7126,4.43,4.12
7127,4.43,4.13
7128,4.43,4.13
7129,4.43,4.13
7130,4.43,4.13
7131,4.43,4.13
7132,4.43,4.13
7133,4.43,4.13
7135,4.43,4.13
7136,4.43,4.14
7137,4.43,4.14
7138,4.43,4.14
7139,4.43,4.14
7140,4.43,4.14
7141,4.43,4.14
7143,4.43,4.14
7144,4.43,4.14
7145,4.43,4.15
7146,4.43,4.15
7147,4.43,4.15
7148,4.43,4.15
7149,4.43,4.15
7150,4.43,4.15
7152,4.43,4.15
7153,4.43,4.16
7154,4.43,4.16
7155,4.43,4.16
7156,4.43,4.16
7157,4.43,4.16
7158,4.43,4.16
7160,4.43,4.16
7161,4.42,4.16
7162,4.43,4.16
7163,4.43,4.16
7164,4.43,4.16
7165,4.43,4.16
7166,4.43,4.16
7168,4.43,4.16
7170,4.43,4.16
7171,4.43,4.16
7172,4.43,4.16
7173,4.43,4.16
7174,4.42,4.16
7175,4.42,4.16
7176,4.42,4.16
7177,4.43,4.16
7179,4.42,4.16
7180,4.42,4.16
7181,4.42,4.16
7182,4.42,4.16
7183,4.42,4.16
7184,4.42,4.16
7185,4.42,4.16
7186,4.42,4.16
7188,4.42,4.16
7189,4.42,4.16
7190,4.42,4.15
7191,4.42,4.15
7192,4.42,4.15
7193,4.42,4.15
7194,4.42,4.15
7195,4.42,4.15
7197,4.42,4.14
7198,4.42,4.14
7199,4.42,4.14
7200,4.42,4.14
7201,4.43,4.13
7202,4.43,4.13
7203,4.43,4.13
7205,4.43,4.13
7206,4.43,4.12
7207,4.43,4.12
7208,4.43,4.11
7209,4.43,4.11
7211,4.43,4.11
7212,4.43,4.10
7213,4.43,4.10
7215,4.43,4.10
7216,4.43,4.09
7217,4.43,4.09
7218,4.43,4.08
7219,4.43,4.08
7220,4.43,4.07
7221,4.43,4.07
7222,4.43,4.07
7224,4.43,4.06
7225,4.43,4.06
7226,4.43,4.05
7227,4.43,4.05
7228,4.43,4.05
7229,4.43,4.04
7230,4.43,4.04
7231,4.43,4.03
7233,4.43,4.03
7234,4.43,4.02
7235,4.42,4.02
7236,4.42,4.02
7237,4.42,4.01
7238,4.43,4.01
7239,4.43,4.00
7241,4.42,4.00
7242,4.42,4.00
7243,4.42,3.99
7244,4.42,3.99
7245,4.42,3.98
7246,4.42,3.98
7247,4.42,3.98
7248,4.42,3.97
7249,4.42,3.97
7251,4.42,3.97
7252,4.42,3.96
7254,4.42,3.96
7255,4.42,3.96
7256,4.42,3.95
7257,4.42,3.95
7258,4.42,3.95
7259,4.42,3.94
7261,4.42,3.94
7262,4.42,3.94
7263,4.42,3.94
7264,4.42,3.93
7265,4.42,3.93
7266,4.42,3.93
7267,4.42,3.93
7268,4.42,3.92
7270,4.42,3.92
7271,4.42,3.92
7272,4.42,3.91
7273,4.42,3.91
7274,4.42,3.91
7275,4.42,3.91
7276,4.42,3.91
7277,4.42,3.91
7279,4.42,3.91
7280,4.42,3.90
7281,4.42,3.90
7282,4.42,3.90
7283,4.42,3.90
7284,4.42,3.90
7285,4.42,3.89
7287,4.42,3.89
7288,4.42,3.89
7289,4.42,3.89
7290,4.42,3.89
7291,4.42,3.88
7292,4.42,3.88
7293,4.42,3.88
7294,4.42,3.88
7297,4.42,3.88
7298,4.42,3.88
7299,4.42,3.87
7300,4.42,3.87
7301,4.42,3.87
7302,4.42,3.87
7303,4.42,3.87
7304,4.42,3.87
7306,4.42,3.86
7307,4.42,3.86
7308,4.42,3.86
7309,4.42,3.86
7310,4.42,3.86
7311,4.42,3.86
7312,4.42,3.86
7313,4.42,3.85
7315,4.42,3.85
7316,4.42,3.85
7317,4.42,3.85
7318,4.42,3.85
7319,4.42,3.84
7320,4.42,3.84
7321,4.42,3.84
7323,4.42,3.84
7324,4.42,3.84
7325,4.42,3.84
7326,4.42,3.84
7327,4.42,3.83
7328,4.42,3.83
7329,4.42,3.83
7330,4.42,3.83
7332,4.42,3.83
7333,4.42,3.83
7334,4.42,3.83
7335,4.42,3.83
7336,4.42,3.83
7337,4.42,3.82
7339,4.42,3.82
7340,4.42,3.82
7342,4.42,3.82
7343,4.42,3.82
7344,4.42,3.82
7345,4.42,3.82
7346,4.42,3.82
7347,4.42,3.82
7348,4.42,3.82
7350,4.42,3.82
7351,4.42,3.81
7352,4.42,3.81
7353,4.42,3.81
7354,4.42,3.81
7355,4.42,3.81
7356,4.42,3.81
7357,4.42,3.81
7359,4.42,3.81
7360,4.42,3.81
7361,4.42,3.81
7362,4.42,3.81
7363,4.42,3.81
7364,4.42,3.81
7365,4.42,3.81
7366,4.42,3.80
7368,4.43,3.80
7369,4.42,3.80
7370,4.43,3.80
7371,4.43,3.80
7372,4.42,3.80
7373,4.43,3.80
7374,4.43,3.80
7375,4.42,3.80
7377,4.42,3.80
7378,4.43,3.80
7379,4.43,3.80
7380,4.43,3.80
7382,4.42,3.80
7383,4.42,3.80
7384,4.42,3.79
7385,4.42,3.80
7387,4.42,3.79
7388,4.42,3.79
7389,4.42,3.79
7390,4.43,3.79
7391,4.42,3.79
7392,4.42,3.79
7393,4.42,3.79
7394,4.42,3.79
7396,4.43,3.79
7397,4.42,3.79
7398,4.42,3.79
7399,4.42,3.79
7400,4.42,3.79
7401,4.42,3.79
7402,4.43,3.79
7403,4.43,3.79
7405,4.42,3.78
7406,4.42,3.78
7407,4.42,3.78
7408,4.42,3.78
7409,4.43,3.78
7410,4.42,3.78
7411,4.42,3.78
7412,4.42,3.78
7414,4.42,3.78
7415,4.42,3.78
7416,4.42,3.78
7417,4.42,3.78
7418,4.42,3.78
7419,4.42,3.78
7420,4.42,3.78
7421,4.42,3.78
7424,4.42,3.78
7425,4.42,3.78
7426,4.42,3.78
7427,4.42,3.78
7428,4.42,3.78
7429,4.42,3.78
7430,4.42,3.78
7431,4.42,3.78
7433,4.42,3.78
7434,4.42,3.77
7435,4.42,3.77
7436,4.42,3.77
7437,4.42,3.77
7438,4.42,3.77
7439,4.42,3.77
7440,4.42,3.77
7442,4.42,3.77
7443,4.42,3.77
7444,4.42,3.77
7445,4.42,3.77
7446,4.42,3.77
7447,4.42,3.77
7448,4.42,3.77
7449,4.42,3.77
7451,4.42,3.77
7452,4.42,3.77
7453,4.42,3.77
7454,4.42,3.77
7455,4.42,3.77
7456,4.42,3.77
7457,4.42,3.77
7458,4.42,3.77
7460,4.42,3.77
7461,4.42,3.77
7462,4.42,3.77
7463,4.42,3.77
7464,4.42,3.77
7465,4.42,3.77
7467,4.42,3.76
7468,4.42,3.76
7470,4.42,3.76
7471,4.42,3.76
7472,4.42,3.76
7473,4.42,3.76
7474,4.42,3.76
7475,4.42,3.76
7476,4.42,3.76
7477,4.42,3.76
7479,4.42,3.76
7480,4.42,3.76
7481,4.42,3.76
7482,4.42,3.76
7483,4.42,3.76
7484,4.42,3.76
7485,4.42,3.76
7486,4.42,3.76
7488,4.42,3.76
7489,4.42,3.76
7490,4.42,3.76
7491,4.42,3.76
7492,4.42,3.76
7493,4.42,3.76
7494,4.42,3.76
7495,4.42,3.76
7497,4.42,3.76
7498,4.42,3.76
7499,4.42,3.76
7500,4.42,3.76
7501,4.42,3.76
7502,4.42,3.76
7503,4.42,3.76
7504,4.42,3.76
7506,4.42,3.76
7507,4.42,3.76
7508,4.42,3.76
7510,4.42,3.76
7511,4.42,3.76
7512,4.42,3.76
7513,4.42,3.76
7514,4.42,3.76
7516,4.42,3.76
7517,4.42,3.76
7518,4.42,3.75
7519,4.42,3.75
7520,4.42,3.76
7521,4.42,3.76
7522,4.42,3.76
7523,4.42,3.76
7525,4.42,3.76
7526,4.42,3.76
7527,4.42,3.75
7528,4.42,3.76
7529,4.42,3.76
7530,4.42,3.75
7531,4.42,3.76
7532,4.42,3.76
7534,4.42,3.75
7535,4.42,3.75
7536,4.42,3.76
7537,4.42,3.75
7538,4.42,3.75
7539,4.42,3.75
7540,4.42,3.75
7541,4.42,3.75
7543,4.42,3.76
7544,4.42,3.76
7545,4.42,3.75
7546,4.42,3.76
7547,4.42,3.76
7548,4.42,3.76
7549,4.42,3.76
7550,4.42,3.76
7553,4.42,3.75
7554,4.42,3.76
7555,4.42,3.76
7556,4.42,3.76
7557,4.42,3.76
7558,4.42,3.76
7559,4.42,3.76
7560,4.42,3.76
7562,4.42,3.76
7563,4.42,3.76
7564,4.42,3.75
7565,4.42,3.76
7566,4.42,3.76
7567,4.42,3.76
7568,4.42,3.76
7569,4.42,3.76
7571,4.42,3.76
7572,4.42,3.76
7573,4.42,3.76
7574,4.42,3.76
7575,4.42,3.76
7576,4.42,3.76
7577,4.42,3.76
7578,4.42,3.76
7580,4.42,3.76
7581,4.42,3.76
7582,4.42,3.76
7583,4.42,3.76
7584,4.42,3.76
7585,4.42,3.76
7586,4.42,3.76
7587,4.42,3.76
7589,4.42,3.76
7590,4.42,3.76
7591,4.42,3.76
7592,4.42,3.76
7593,4.42,3.76
7595,4.42,3.76
7596,4.42,3.76
7597,4.42,3.76
7599,4.42,3.76
7600,4.42,3.76
7601,4.42,3.76
7602,4.42,3.76
7603,4.42,3.76
7604,4.42,3.77
7605,4.42,3.77
7606,4.42,3.77
7608,4.42,3.77
7609,4.42,3.77
7610,4.42,3.77
7611,4.42,3.77
7612,4.42,3.77
7613,4.42,3.77
7614,4.42,3.77
7615,4.42,3.77
7617,4.42,3.77
7618,4.42,3.77
7619,4.42,3.77
7620,4.42,3.77
7621,4.42,3.77
7622,4.42,3.77
7623,4.42,3.77
7624,4.42,3.77
7626,4.42,3.77
7627,4.42,3.77
7628,4.42,3.77
7629,4.42,3.77
7630,4.42,3.77
7631,4.42,3.77
7632,4.42,3.77
7633,4.42,3.77
7635,4.42,3.77
7636,4.42,3.77
7638,4.42,3.77
7639,4.42,3.77
7640,4.42,3.77
7641,4.42,3.77
7642,4.42,3.77
7643,4.42,3.77
7645,4.42,3.77
7646,4.42,3.77
7647,4.42,3.77
7648,4.42,3.78
7649,4.42,3.78
7650,4.42,3.78
7651,4.42,3.78
7652,4.42,3.78
7654,4.42,3.78
7655,4.42,3.78
7656,4.42,3.78
7657,4.42,3.78
7658,4.42,3.78
7659,4.42,3.79
7660,4.42,3.79
7661,4.42,3.79
7663,4.42,3.79
7664,4.42,3.79
7665,4.42,3.79
7666,4.42,3.79
7667,4.42,3.79
7668,4.42,3.80
7669,4.42,3.80
7670,4.42,3.80
7672,4.42,3.80
7673,4.42,3.80
7674,4.42,3.80
7675,4.42,3.81
7676,4.42,3.81
7677,4.42,3.81
7678,4.42,3.81
7681,4.42,3.81
7682,4.42,3.81
7683,4.42,3.81
7684,4.42,3.81
7685,4.42,3.82
7686,4.42,3.82
7687,4.42,3.82
7688,4.42,3.82
7690,4.42,3.82
7691,4.42,3.82
7692,4.42,3.82
7693,4.42,3.83
7694,4.42,3.83
7695,4.42,3.83
7696,4.42,3.83
7697,4.42,3.83
7699,4.42,3.83
7700,4.42,3.84
7701,4.42,3.84
7702,4.42,3.84
7703,4.42,3.84
7704,4.42,3.84
7705,4.42,3.85
7706,4.42,3.85
7708,4.42,3.85
7709,4.42,3.85
7710,4.42,3.85
7711,4.42,3.85
7712,4.42,3.86
7713,4.42,3.86
7714,4.42,3.86
7715,4.42,3.86
7717,4.42,3.86
7718,4.42,3.87
7719,4.42,3.87
7720,4.42,3.87
7721,4.42,3.87
7723,4.42,3.88
7724,4.42,3.88
7726,4.42,3.88
7727,4.42,3.88
7728,4.42,3.89
7729,4.42,3.89
7730,4.42,3.89
7731,4.42,3.89
7732,4.42,3.90
7733,4.42,3.90
7735,4.42,3.90
7736,4.42,3.90
7737,4.42,3.91
7738,4.42,3.91
7739,4.42,3.91
7740,4.42,3.91
7741,4.42,3.91
7742,4.42,3.92
7744,4.42,3.92
7745,4.42,3.92
7746,4.42,3.93
7747,4.42,3.93
7748,4.42,3.94
7749,4.42,3.94
7750,4.42,3.94
7751,4.42,3.95
7753,4.42,3.95
7754,4.42,3.95
7755,4.42,3.96
7756,4.42,3.96
7757,4.42,3.96
7758,4.42,3.97
7759,4.42,3.97
7760,4.42,3.98
7762,4.42,3.98
7763,4.42,3.99
7764,4.42,3.99
7766,4.42,3.99
7767,4.43,4.00
7768,4.42,4.00
7769,4.42,4.01
7770,4.43,4.01
7772,4.42,4.02
7773,4.43,4.02
7774,4.42,4.02
7775,4.42,4.03
7776,4.42,4.03
7777,4.42,4.03
7778,4.42,4.04
7779,4.42,4.04
7781,4.42,4.04
7782,4.42,4.05
7783,4.42,4.05
7784,4.42,4.06
7785,4.42,4.06
7786,4.42,4.06
7787,4.42,4.06
7788,4.42,4.07
7790,4.42,4.07
7791,4.42,4.07
7792,4.42,4.07
7793,4.42,4.07
7794,4.42,4.08
7795,4.42,4.08
7796,4.42,4.08
7797,4.42,4.08
7799,4.42,4.09
7800,4.42,4.09
7801,4.42,4.09
7802,4.42,4.09
7803,4.42,4.09
7804,4.42,4.10
7805,4.42,4.10
7806,4.42,4.10
7809,4.42,4.10
7810,4.42,4.10
7811,4.42,4.10
7812,4.42,4.10
7813,4.42,4.10
7814,4.42,4.10
7815,4.42,4.10
7816,4.42,4.10
7818,4.42,4.10
7819,4.42,4.10
7820,4.42,4.10
7821,4.42,4.10
7822,4.41,4.10
7823,4.41,4.09
7824,4.42,4.09
7825,4.42,4.09
7827,4.41,4.08
7828,4.41,4.08
7829,4.42,4.08
7830,4.42,4.08
7831,4.42,4.07
7832,4.42,4.07
7833,4.42,4.07
7834,4.42,4.06
7836,4.42,4.06
7837,4.42,4.06
7838,4.42,4.05
7839,4.42,4.05
7840,4.42,4.04
7841,4.42,4.04
7842,4.42,4.04
7843,4.42,4.03
7845,4.42,4.02
7846,4.43,4.02
7847,4.42,4.01
7848,4.42,4.01
7849,4.42,4.01
7851,4.42,4.00
7852,4.42,4.00
7853,4.43,3.99
7855,4.42,3.99
7856,4.42,3.98
7857,4.43,3.98
7858,4.42,3.97
7859,4.42,3.97
7860,4.42,3.96
7861,4.42,3.96
7862,4.42,3.95
7864,4.43,3.95
7865,4.42,3.95
7866,4.42,3.94
7867,4.42,3.94
7868,4.43,3.93
7869,4.42,3.93
7870,4.42,3.92
7871,4.42,3.92
7873,4.42,3.91
7874,4.42,3.91
7875,4.42,3.91
7876,4.42,3.91
7877,4.42,3.90
7878,4.42,3.90
7879,4.42,3.90
7880,4.42,3.89
7882,4.42,3.89
7883,4.42,3.89
7884,4.42,3.88
7885,4.42,3.88
7886,4.42,3.88
7887,4.42,3.87
7888,4.42,3.87
7889,4.42,3.87
7891,4.42,3.87
7892,4.42,3.86
7894,4.42,3.86
7895,4.42,3.86
7896,4.42,3.86
7897,4.42,3.86
7898,4.42,3.85
7900,4.42,3.85
7901,4.42,3.85
7902,4.42,3.85
7903,4.42,3.85
7904,4.42,3.84
7905,4.42,3.84
7906,4.42,3.84
7907,4.42,3.84
7909,4.42,3.84
7910,4.42,3.84
7911,4.42,3.84
7912,4.42,3.83
7913,4.42,3.83
7914,4.42,3.83
7915,4.42,3.83
7916,4.42,3.83
7918,4.42,3.83
7919,4.42,3.83
7920,4.42,3.83
7921,4.42,3.83
7922,4.42,3.83
7923,4.42,3.82
7924,4.42,3.82
7926,4.42,3.82
7927,4.42,3.82
7928,4.42,3.82
7929,4.42,3.82
7930,4.42,3.82
7931,4.42,3.82
7932,4.42,3.82
7933,4.42,3.82
7936,4.42,3.82
7937,4.42,3.82
7938,4.42,3.82
7939,4.42,3.82
7940,4.42,3.82
7941,4.42,3.82
7942,4.42,3.82
7944,4.42,3.82
7945,4.42,3.82
7946,4.42,3.82
7947,4.43,3.81
7948,4.42,3.81
7949,4.43,3.81
7950,4.42,3.81
7951,4.43,3.81
7953,4.42,3.81
7954,4.43,3.81
7955,4.43,3.81
7956,4.43,3.81
7957,4.43,3.81
7958,4.43,3.81
7959,4.43,3.81
7961,4.43,3.81
7962,4.43,3.81
7963,4.43,3.81
7964,4.43,3.81
7965,4.43,3.81
7966,4.43,3.81
7967,4.43,3.81
7968,4.43,3.81
7970,4.43,3.81
7971,4.43,3.81
7972,4.43,3.81
7973,4.43,3.81
7974,4.43,3.81
7975,4.43,3.81
7976,4.43,3.81
7979,4.43,3.81
7980,4.43,3.81
7981,4.43,3.81
7982,4.43,3.81
7983,4.43,3.81
7984,4.43,3.81
7985,4.43,3.81
7986,4.43,3.81
7988,4.43,3.81
7989,4.43,3.81
7990,4.43,3.81
7991,4.43,3.81
7992,4.43,3.81
7993,4.43,3.81
7994,4.43,3.81
7996,4.43,3.81
7997,4.43,3.81
7998,4.43,3.81
7999,4.43,3.81
8000,4.43,3.81
8001,4.43,3.81
8002,4.43,3.81
8003,4.43,3.81
8005,4.43,3.81
8006,4.43,3.81
8007,4.43,3.81
8008,4.43,3.81
8009,4.43,3.81
8010,4.43,3.81
8011,4.43,3.81
8013,4.43,3.81
8014,4.43,3.81
8015,4.43,3.81
8016,4.43,3.81
8017,4.43,3.81
8018,4.43,3.81
8019,4.43,3.81
8020,4.43,3.81
8023,4.43,3.81
8024,4.43,3.81
8025,4.43,3.81
8026,4.43,3.81
8027,4.43,3.81
8028,4.43,3.81
8029,4.43,3.81
8030,4.43,3.81
8032,4.43,3.81
8033,4.43,3.81
8034,4.43,3.81
8035,4.43,3.81
8036,4.43,3.81
8037,4.43,3.81
8038,4.43,3.81
8039,4.43,3.81
8041,4.43,3.81
8042,4.43,3.81
8043,4.43,3.81
8044,4.43,3.81
8045,4.43,3.81
8046,4.43,3.81
8047,4.43,3.81
8048,4.43,3.81
8050,4.43,3.81
8051,4.43,3.81
8052,4.43,3.81
8053,4.43,3.81
8054,4.43,3.81
8055,4.43,3.81
8056,4.43,3.81
8057,4.43,3.81
8059,4.43,3.81
8060,4.43,3.81
8061,4.43,3.81
8062,4.43,3.81
8064,4.43,3.81
8065,4.43,3.81
8066,4.43,3.81
8067,4.43,3.81
8069,4.43,3.81
8070,4.43,3.81
8071,4.43,3.81
8072,4.43,3.81
8073,4.43,3.81
8074,4.43,3.81
8075,4.43,3.81
8076,4.43,3.81
8078,4.43,3.81
8079,4.43,3.81
8080,4.43,3.81
8081,4.43,3.81
8082,4.43,3.81
8083,4.43,3.81
8084,4.43,3.81
8085,4.43,3.81
8087,4.43,3.81
8088,4.43,3.81
8089,4.43,3.81
8090,4.43,3.81
8091,4.43,3.81
8092,4.43,3.81
8093,4.43,3.81
8094,4.43,3.81
8096,4.43,3.81
8097,4.43,3.81
8098,4.43,3.81
8099,4.43,3.81
8100,4.43,3.81
8101,4.43,3.81
8102,4.43,3.82
8103,4.43,3.82
8105,4.43,3.82
8107,4.43,3.82
8108,4.43,3.82
8109,4.43,3.81
8110,4.43,3.82
8111,4.43,3.82
8112,4.43,3.82
8113,4.43,3.82
8115,4.43,3.82
8116,4.43,3.82
8117,4.43,3.82
8118,4.43,3.82
8119,4.43,3.82
8120,4.43,3.82
8121,4.43,3.82
8123,4.43,3.82
8124,4.43,3.82
8125,4.43,3.82
8126,4.43,3.82
8127,4.43,3.82
8128,4.43,3.82
8129,4.43,3.81
8130,4.43,3.82
8132,4.43,3.82
8133,4.43,3.82
8134,4.43,3.82
8135,4.43,3.82
8136,4.43,3.82
8137,4.43,3.82
8138,4.43,3.82
8139,4.43,3.82
8141,4.43,3.82
8142,4.43,3.82
8143,4.43,3.82
8144,4.43,3.82
8145,4.43,3.82
8146,4.43,3.82
8147,4.43,3.82
8150,4.43,3.82
8151,4.43,3.82
8152,4.43,3.82
8153,4.43,3.82
8154,4.43,3.82
8155,4.43,3.82
8156,4.43,3.82
8157,4.43,3.82
8159,4.43,3.81
8160,4.43,3.82
8161,4.43,3.82
8162,4.43,3.82
8163,4.43,3.82
8164,4.43,3.82
8165,4.43,3.82
8167,4.43,3.82
8168,4.43,3.82
8169,4.43,3.82
8170,4.43,3.82
8171,4.43,3.82
8172,4.43,3.82
8173,4.43,3.82
8174,4.43,3.82
8176,4.43,3.82
8177,4.43,3.82
8178,4.43,3.82
8179,4.43,3.82
8180,4.43,3.82
8181,4.43,3.82
8182,4.43,3.82
8183,4.43,3.82
8185,4.43,3.82
8186,4.43,3.82
8187,4.43,3.82
8188,4.43,3.82
8189,4.43,3.82
8190,4.43,3.82
8192,4.43,3.82
8193,4.43,3.82
8195,4.43,3.82
8196,4.43,3.82
8197,4.43,3.82
8198,4.43,3.82
8199,4.43,3.82
8200,4.43,3.82
8201,4.43,3.82
8202,4.43,3.82
8204,4.43,3.82
8205,4.43,3.82
8206,4.43,3.82
8207,4.43,3.82
8208,4.43,3.83
8209,4.43,3.82
8210,4.43,3.82
8211,4.43,3.82
8213,4.43,3.83
8214,4.43,3.82
8215,4.43,3.83
8216,4.43,3.82
8217,4.43,3.82
8218,4.43,3.83
8219,4.43,3.83
8220,4.43,3.83
8222,4.43,3.83
8223,4.43,3.83
8224,4.43,3.83
8225,4.43,3.83
8226,4.43,3.83
8227,4.43,3.83
8228,4.43,3.83
8230,4.43,3.83
8231,4.43,3.83
8232,4.43,3.83
8233,4.43,3.83
8235,4.43,3.83
8236,4.43,3.83
8237,4.43,3.83
8238,4.43,3.83
8240,4.43,3.83
8241,4.43,3.83
8242,4.43,3.83
8243,4.43,3.83
8244,4.43,3.83
8245,4.43,3.83
8246,4.44,3.83
8247,4.43,3.83
8249,4.43,3.83
8250,4.44,3.83
8251,4.43,3.83
8252,4.44,3.83
8253,4.43,3.83
8254,4.44,3.83
8255,4.43,3.83
8256,4.44,3.83
8258,4.44,3.83
8259,4.43,3.83
8260,4.43,3.83
8261,4.43,3.83
8262,4.43,3.83
8263,4.43,3.83
8264,4.43,3.83
8265,4.43,3.83
8267,4.43,3.83
8268,4.43,3.83
8269,4.43,3.83
8270,4.43,3.83
8271,4.43,3.83
8272,4.43,3.83
8273,4.43,3.83
8274,4.43,3.83
8276,4.43,3.83
8278,4.43,3.83
8279,4.43,3.83
8280,4.43,3.83
8281,4.43,3.83
8282,4.43,3.84
8283,4.43,3.84
8284,4.43,3.83
8286,4.43,3.84
8287,4.43,3.84
8288,4.43,3.84
8289,4.43,3.84
8290,4.43,3.84
8291,4.43,3.84
8292,4.43,3.84
8294,4.43,3.84
8295,4.43,3.84
8296,4.43,3.84
8297,4.43,3.84
8298,4.43,3.84
8299,4.43,3.84
8300,4.43,3.84
8301,4.43,3.84
8303,4.43,3.84
8304,4.43,3.84
8305,4.43,3.84
8306,4.43,3.84
8307,4.43,3.84
8308,4.43,3.84
8309,4.43,3.84
8311,4.43,3.84
8312,4.43,3.84
8313,4.43,3.84
8314,4.43,3.84
8315,4.43,3.84
8316,4.43,3.84
8317,4.43,3.84
8318,4.43,3.84
8321,4.43,3.84
8322,4.43,3.84
8323,4.43,3.84
8324,4.44,3.84
8325,4.43,3.84
8326,4.43,3.84
8327,4.43,3.84
8328,4.43,3.84
8330,4.43,3.84
8331,4.43,3.84
8332,4.43,3.84
8333,4.43,3.84
8334,4.43,3.84
8335,4.43,3.84
8336,4.44,3.84
8337,4.43,3.84
8339,4.43,3.84
8340,4.44,3.84
8341,4.44,3.84
8342,4.44,3.84
8343,4.44,3.84
8344,4.44,3.84
8345,4.44,3.84
8346,4.44,3.84
8348,4.44,3.85
8349,4.44,3.84
8350,4.44,3.84
8351,4.44,3.84
8352,4.44,3.84
8353,4.44,3.84
8354,4.44,3.84
8355,4.44,3.84
8357,4.44,3.84
8358,4.44,3.84
8359,4.44,3.85
8360,4.43,3.84
8361,4.44,3.85
8363,4.43,3.85
8364,4.43,3.85
8365,4.43,3.84
8367,4.44,3.84
8368,4.43,3.85
8369,4.44,3.85
8370,4.44,3.84
8371,4.44,3.84
8372,4.44,3.85
8373,4.44,3.84
8374,4.44,3.84
8376,4.44,3.85
8377,4.44,3.85
8378,4.44,3.85
8379,4.44,3.85
8380,4.44,3.85
8381,4.44,3.85
8382,4.44,3.85
8384,4.44,3.85
8385,4.44,3.85
8386,4.43,3.85
8387,4.43,3.85
8388,4.43,3.85
8389,4.43,3.85
8390,4.44,3.85
8391,4.43,3.85
8393,4.43,3.85
8394,4.43,3.85
8395,4.43,3.85
8396,4.43,3.85
8397,4.43,3.85
8398,4.43,3.85
8399,4.43,3.85
8400,4.43,3.85
8402,4.44,3.85
8403,4.43,3.85
8404,4.43,3.85
8406,4.44,3.85
8407,4.44,3.85
8408,4.43,3.85
8409,4.43,3.85
8410,4.43,3.85
8412,4.43,3.85
8413,4.44,3.85
8414,4.44,3.85
8415,4.44,3.85
8416,4.44,3.85
8417,4.44,3.85
8418,4.43,3.85
8419,4.43,3.85
8421,4.43,3.85
8422,4.43,3.85
8423,4.44,3.85
8424,4.44,3.85
8425,4.44,3.85
8426,4.43,3.85
8427,4.44,3.85
8428,4.43,3.85
8430,4.44,3.85
8431,4.44,3.85
8432,4.44,3.85
8433,4.44,3.85
8434,4.44,3.85
8435,4.44,3.85
8436,4.44,3.85
8437,4.43,3.85
8439,4.43,3.85
8440,4.44,3.85
8441,4.44,3.85
8442,4.44,3.85
8443,4.44,3.85
8444,4.44,3.85
8445,4.44,3.85
8446,4.43,3.85
8449,4.44,3.85
8450,4.43,3.85
8451,4.44,3.85
8452,4.44,3.85
8453,4.44,3.85
8454,4.44,3.85
8455,4.44,3.85
8456,4.43,3.85
8458,4.43,3.85
8459,4.44,3.86
8460,4.43,3.86
8461,4.43,3.86
8462,4.43,3.86
8463,4.43,3.85
8464,4.43,3.85
8465,4.43,3.86
8467,4.43,3.86
8468,4.43,3.86
8469,4.43,3.86
8470,4.43,3.86
8471,4.43,3.86
8472,4.43,3.86
8473,4.43,3.86
8475,4.43,3.86
8476,4.43,3.86
8477,4.43,3.86
8478,4.43,3.86
8479,4.43,3.86
8480,4.43,3.86
8481,4.43,3.86
8482,4.43,3.86
8484,4.43,3.86
8485,4.43,3.86
8486,4.43,3.86
8487,4.43,3.86
8488,4.43,3.86
8489,4.43,3.86
8491,4.43,3.86
8493,4.43,3.86
8494,4.43,3.86
8495,4.43,3.86
8496,4.43,3.86
8497,4.43,3.86
8498,4.43,3.86
8499,4.43,3.86
8500,4.43,3.86
8502,4.43,3.86
8503,4.43,3.86
8504,4.43,3.86
8505,4.43,3.86
8506,4.43,3.86
8507,4.43,3.86
8508,4.43,3.86
8510,4.43,3.86
8511,4.43,3.86
8512,4.43,3.86
8513,4.43,3.86
8514,4.43,3.86
8515,4.43,3.86
8516,4.43,3.86
8517,4.43,3.86
8519,4.43,3.86
8520,4.43,3.86
8521,4.43,3.86
8522,4.43,3.86
8523,4.43,3.86
8524,4.43,3.86
8525,4.43,3.86
8527,4.43,3.86
8528,4.43,3.86
8529,4.43,3.86
8530,4.43,3.86
8531,4.43,3.86
8532,4.43,3.86
8534,4.43,3.86
8535,4.43,3.86
8537,4.43,3.86
8538,4.43,3.86
8539,4.43,3.86
8540,4.43,3.86
8541,4.43,3.86
8542,4.43,3.86
8543,4.43,3.86
8545,4.43,3.86
8546,4.43,3.86
8547,4.43,3.86
8548,4.43,3.86
8549,4.43,3.86
8550,4.43,3.86
8551,4.43,3.86
8552,4.43,3.86
8554,4.43,3.86
8555,4.43,3.86
8556,4.43,3.86
8557,4.43,3.86
8558,4.43,3.86
8559,4.43,3.86
8560,4.43,3.86
8561,4.43,3.86
8563,4.43,3.86
8564,4.43,3.86
8565,4.43,3.86
8566,4.43,3.86
8567,4.43,3.86
8568,4.43,3.86
8569,4.43,3.86
8571,4.43,3.86
8572,4.43,3.86
8573,4.43,3.86
8574,4.43,3.86
8576,4.43,3.86
8577,4.43,3.86
8578,4.43,3.86
8579,4.43,3.86
8581,4.43,3.86
8582,4.43,3.86
8583,4.43,3.86
8584,4.43,3.86
8585,4.43,3.86
8586,4.43,3.86
8587,4.43,3.86
8589,4.43,3.86
8590,4.43,3.86
8591,4.43,3.86
8592,4.43,3.86
8593,4.43,3.86
8594,4.43,3.86
8595,4.43,3.86
8596,4.43,3.86
8598,4.43,3.86
8599,4.43,3.86
8600,4.43,3.86
8601,4.43,3.86
8602,4.43,3.86
8603,4.43,3.86
8604,4.43,3.86
8606,4.43,3.86
8607,4.43,3.86
8608,4.43,3.86
8609,4.43,3.86
8610,4.43,3.86
8611,4.43,3.86
8612,4.43,3.86
8613,4.43,3.86
8615,4.43,3.86
8616,4.43,3.86
8617,4.43,3.86
8619,4.43,3.86
8620,4.43,3.86
8621,4.43,3.86
8622,4.43,3.86
8624,4.43,3.86
8625,4.43,3.86
8626,4.43,3.86
8627,4.43,3.86
8628,4.43,3.86
8629,4.43,3.86
8630,4.43,3.86
8631,4.43,3.86
8633,4.43,3.86
8634,4.43,3.86
8635,4.43,3.86
8636,4.43,3.86
8637,4.43,3.86
8638,4.43,3.86
8639,4.43,3.86
8641,4.43,3.86
8642,4.43,3.86
8643,4.43,3.86
8644,4.43,3.86
8645,4.43,3.86
8646,4.43,3.86
8647,4.43,3.86
8648,4.43,3.86
8650,4.43,3.86
8651,4.43,3.86
8652,4.43,3.86
8653,4.43,3.86
8654,4.43,3.86
8655,4.43,3.86
8656,4.43,3.86
8658,4.43,3.86
8659,4.43,3.86
8660,4.43,3.86
8662,4.43,3.86
8663,4.43,3.86
8664,4.43,3.86
8665,4.43,3.86
8666,4.43,3.86
8668,4.43,3.86
8669,4.43,3.86
8670,4.43,3.86
8671,4.43,3.86
8672,4.43,3.86
8673,4.43,3.86
8674,4.43,3.86
8676,4.44,3.86
8677,4.43,3.86
8678,4.43,3.86
8679,4.43,3.86
8680,4.43,3.86
8681,4.43,3.86
8682,4.43,3.86
8683,4.43,3.86
8685,4.43,3.86
8686,4.44,3.86
8687,4.44,3.86
8688,4.43,3.86
8689,4.44,3.86
8690,4.44,3.86
8691,4.44,3.86
8693,4.43,3.86
8694,4.43,3.86
8695,4.43,3.86
8696,4.43,3.86
8697,4.43,3.86
8698,4.43,3.86
8699,4.43,3.86
8700,4.43,3.86
8702,4.43,3.86
8704,4.43,3.86
8705,4.43,3.86
8706,4.43,3.86
8707,4.43,3.86
8708,4.43,3.86
8709,4.43,3.86
8710,4.43,3.86
8712,4.43,3.86
8713,4.43,3.86
8714,4.43,3.86
8715,4.43,3.86
8716,4.43,3.86
8717,4.43,3.86
8718,4.43,3.86
8720,4.43,3.86
8721,4.43,3.86
8722,4.43,3.86
8723,4.43,3.86
8724,4.43,3.86
8725,4.43,3.86
8726,4.43,3.86
8727,4.43,3.86
8729,4.43,3.86
8730,4.43,3.86
8731,4.43,3.86
8732,4.43,3.86
8733,4.43,3.86
8734,4.43,3.86
8735,4.43,3.86
8737,4.43,3.86
8738,4.43,3.86
8739,4.43,3.86
8740,4.43,3.86
8741,4.43,3.86
8742,4.43,3.86
8743,4.43,3.86
8744,4.43,3.86
8747,4.43,3.86
8748,4.43,3.86
8749,4.43,3.86
8750,4.43,3.86
8751,4.43,3.86
8752,4.43,3.85
8753,4.43,3.86
8755,4.43,3.86
8756,4.43,3.86
8757,4.43,3.86
8758,4.43,3.86
8759,4.43,3.86
8760,4.43,3.86
8761,4.43,3.86
8762,4.43,3.86
8764,4.43,3.86
8765,4.43,3.86
8766,4.43,3.86
8767,4.43,3.86
8768,4.43,3.86
8769,4.43,3.86
8770,4.43,3.86
8772,4.43,3.86
8773,4.43,3.86
8774,4.43,3.86
8775,4.43,3.86
8776,4.43,3.86
8777,4.43,3.86
8778,4.43,3.86
8779,4.43,3.86
8781,4.43,3.86
8782,4.43,3.86
8783,4.43,3.86
8784,4.43,3.86
8785,4.43,3.86
8786,4.43,3.86
8787,4.43,3.86
8790,4.43,3.86
8791,4.43,3.86
8792,4.43,3.86
8793,4.43,3.86
8794,4.43,3.86
8795,4.43,3.86
8796,4.43,3.86
8797,4.43,3.86
8799,4.43,3.86
8800,4.43,3.86
8801,4.43,3.86
8802,4.43,3.86
8803,4.43,3.85
8804,4.43,3.86
8805,4.43,3.85
8806,4.43,3.86
8808,4.43,3.86
8809,4.43,3.86
8810,4.43,3.86
8811,4.43,3.85
8812,4.43,3.86
8813,4.43,3.86
8814,4.43,3.86
8816,4.43,3.86
8817,4.43,3.86
8818,4.43,3.86
8819,4.43,3.86
8820,4.43,3.86
8821,4.43,3.86
8822,4.43,3.86
8823,4.43,3.86
8825,4.43,3.86
8826,4.43,3.86
8827,4.43,3.86
8828,4.43,3.86
8829,4.43,3.86
8830,4.43,3.86
8832,4.43,3.85
8834,4.43,3.86
8835,4.43,3.86
8836,4.43,3.86
8837,4.43,3.86
8838,4.43,3.86
8839,4.43,3.85
8840,4.43,3.86
8841,4.43,3.86
8843,4.43,3.86
8844,4.43,3.86
8845,4.43,3.86
8846,4.43,3.86
8847,4.43,3.86
8848,4.43,3.86
8849,4.43,3.86
8851,4.43,3.86
8852,4.43,3.86
8853,4.43,3.86
8854,4.43,3.86
8855,4.43,3.86
8856,4.43,3.86
8857,4.43,3.86
8858,4.43,3.86
8860,4.43,3.85
8861,4.43,3.85
8862,4.43,3.86
8863,4.43,3.86
8864,4.43,3.86
8865,4.43,3.86
8866,4.43,3.86
8867,4.43,3.86
8869,4.43,3.86
8870,4.43,3.86
8871,4.43,3.86
8872,4.43,3.86
8873,4.43,3.86
8875,4.43,3.86
8876,4.43,3.86
8878,4.43,3.86
8879,4.43,3.86
8880,4.43,3.86
8881,4.43,3.86
8882,4.43,3.86
8883,4.43,3.86
8884,4.43,3.86
8885,4.43,3.86
8887,4.43,3.86
8888,4.43,3.86
8889,4.43,3.86
8890,4.43,3.86
8891,4.43,3.86
8892,4.43,3.86
8893,4.43,3.86
8895,4.43,3.86
8896,4.43,3.86
8897,4.43,3.86
8898,4.43,3.86
8899,4.43,3.86
8900,4.43,3.86
8901,4.43,3.86
8902,4.43,3.86
8904,4.43,3.86
8905,4.43,3.86
8906,4.43,3.86
8907,4.43,3.86
8908,4.43,3.86
8909,4.43,3.86
8910,4.43,3.86
8912,4.43,3.86
8913,4.43,3.86
8914,4.43,3.86
8915,4.43,3.86
8916,4.43,3.86
8918,4.43,3.86
8919,4.43,3.86
8920,4.43,3.86
8922,4.43,3.86
8923,4.43,3.86
8924,4.43,3.86
8925,4.43,3.86
8926,4.43,3.86
8927,4.43,3.86
8928,4.43,3.86
8930,4.43,3.86
8931,4.43,3.86
8932,4.43,3.86
8933,4.43,3.86
8934,4.43,3.86
8935,4.43,3.86
8936,4.43,3.86
8937,4.43,3.86
8939,4.43,3.86
8940,4.43,3.86
8941,4.43,3.86
8942,4.43,3.86
8943,4.43,3.86
8944,4.43,3.86
8945,4.43,3.86
8947,4.43,3.86
8948,4.43,3.86
8949,4.43,3.86
8950,4.43,3.86
8951,4.43,3.86
8952,4.43,3.86
8953,4.43,3.86
8954,4.43,3.86
8956,4.43,3.86
8957,4.43,3.86
8958,4.43,3.86
8960,4.43,3.86
8961,4.43,3.86
8962,4.43,3.86
8963,4.43,3.86
8964,4.43,3.86
8966,4.43,3.86
8967,4.43,3.86
8968,4.43,3.86
8969,4.43,3.86
8970,4.43,3.86
8971,4.43,3.86
8972,4.43,3.86
8974,4.43,3.86
8975,4.43,3.86
8976,4.43,3.86
8977,4.43,3.86
8978,4.43,3.86
8979,4.43,3.86
8980,4.43,3.86
8981,4.43,3.86
8983,4.43,3.86
8984,4.43,3.86
8985,4.43,3.86
8986,4.43,3.86
8987,4.43,3.86
8988,4.43,3.86
8989,4.43,3.86
8991,4.43,3.86
8992,4.43,3.86
8993,4.43,3.86
8994,4.43,3.86
8995,4.43,3.86
8996,4.43,3.86
8997,4.43,3.86
8998,4.43,3.86
9000,4.43,3.86
9001,4.43,3.86
9003,4.43,3.86
9004,4.43,3.86
9005,4.43,3.86
9006,4.43,3.86
9007,4.43,3.86
9008,4.43,3.86
9010,4.43,3.86
9011,4.43,3.86
9012,4.43,3.86
9013,4.43,3.86
9014,4.43,3.86
9015,4.44,3.86
9016,4.44,3.86
9018,4.44,3.86
9019,4.43,3.86
9020,4.44,3.86
9021,4.44,3.86
9022,4.43,3.86
9023,4.43,3.86
9024,4.43,3.86
9025,4.43,3.86
9027,4.43,3.86
9028,4.43,3.86
9029,4.43,3.86
9030,4.43,3.86
9031,4.43,3.86
9032,4.43,3.86
9033,4.43,3.86
9034,4.43,3.86
9036,4.43,3.86
9037,4.43,3.86
9038,4.43,3.86
9039,4.43,3.86
9040,4.43,3.86
9041,4.43,3.86
9042,4.44,3.86
9043,4.43,3.86
9046,4.44,3.86
9047,4.44,3.86
9048,4.44,3.86
9049,4.44,3.86
9050,4.44,3.86
9051,4.44,3.86
9052,4.44,3.86
9053,4.43,3.86
9055,4.43,3.86
9056,4.43,3.86
9057,4.43,3.86
9058,4.43,3.86
9059,4.43,3.86
9060,4.43,3.86
9061,4.43,3.86
9062,4.43,3.86
9064,4.43,3.86
9065,4.43,3.86
9066,4.43,3.86
9067,4.43,3.86
9068,4.43,3.87
9069,4.43,3.86
9070,4.43,3.86
9071,4.43,3.86
9073,4.43,3.86
9074,4.43,3.86
9075,4.43,3.86
9076,4.43,3.86
9077,4.43,3.86
9078,4.43,3.86
9079,4.43,3.86
9080,4.43,3.86
9082,4.44,3.86
9083,4.43,3.86
9084,4.43,3.86
9085,4.44,3.86
9086,4.43,3.86
9088,4.43,3.86
9089,4.43,3.86
9090,4.43,3.86
9092,4.43,3.86
9093,4.43,3.86
9094,4.43,3.86
9095,4.43,3.86
9096,4.43,3.86
9097,4.43,3.86
9098,4.43,3.86
9099,4.44,3.86
9101,4.44,3.86
9102,4.44,3.87
9103,4.43,3.86
9104,4.43,3.86
9105,4.44,3.86
9106,4.44,3.86
9107,4.44,3.86
9108,4.44,3.86
9110,4.44,3.86
9111,4.44,3.86
9112,4.44,3.86
9113,4.44,3.86
9114,4.44,3.86
9115,4.44,3.86
9116,4.44,3.86
9117,4.44,3.86
9119,4.44,3.86
9120,4.44,3.86
9121,4.44,3.86
9122,4.44,3.86
9123,4.44,3.86
9124,4.44,3.86
9125,4.44,3.86
9126,4.44,3.86
9128,4.44,3.86
9129,4.44,3.86
9131,4.44,3.87
9132,4.43,3.87
9133,4.43,3.87
9134,4.44,3.87
9135,4.43,3.87
9136,4.43,3.87
9138,4.43,3.87
9139,4.43,3.87
9140,4.43,3.87
9141,4.43,3.87
9142,4.43,3.87
9143,4.43,3.87
9144,4.43,3.87
9146,4.43,3.87
9147,4.43,3.87
9148,4.43,3.86
9149,4.43,3.87
9150,4.43,3.87
9151,4.43,3.87
9152,4.43,3.87
9153,4.43,3.87
9155,4.43,3.86
9156,4.43,3.87
9157,4.43,3.86
9158,4.43,3.87
9159,4.43,3.86
9160,4.43,3.86
9161,4.44,3.87
9162,4.43,3.86
9164,4.43,3.87
9165,4.43,3.87
9166,4.44,3.87
9167,4.44,3.87
9168,4.44,3.87
9169,4.44,3.87
9170,4.43,3.87
9172,4.43,3.87
9174,4.44,3.87
9175,4.44,3.87
9176,4.44,3.87
9177,4.44,3.86
9178,4.44,3.86
9179,4.44,3.87
9180,4.44,3.87
9182,4.44,3.87
9183,4.44,3.87
9184,4.44,3.87
9185,4.44,3.87
9186,4.43,3.87
9187,4.44,3.87
9188,4.44,3.87
9190,4.44,3.87
9191,4.44,3.87
9192,4.44,3.87
9193,4.44,3.87
9194,4.44,3.87
9195,4.44,3.87
9196,4.44,3.87
9197,4.44,3.87
9199,4.44,3.87
9200,4.43,3.87
9201,4.43,3.87
9202,4.43,3.87
9203,4.44,3.87
9204,4.43,3.87
9205,4.43,3.87
9207,4.43,3.87
9208,4.43,3.87
9209,4.43,3.87
9210,4.43,3.87
9211,4.43,3.87
9212,4.43,3.87
9213,4.43,3.87
9214,4.43,3.87
9217,4.43,3.87
9218,4.43,3.87
9219,4.43,3.87
9220,4.43,3.87
9221,4.43,3.87
9222,4.43,3.87
9223,4.43,3.87
9224,4.43,3.87
9226,4.43,3.87
9227,4.43,3.87
9228,4.43,3.87
9229,4.43,3.87
9230,4.43,3.87
9231,4.43,3.87
9232,4.44,3.87
9234,4.44,3.87
9235,4.43,3.87
9236,4.43,3.87
9237,4.44,3.87
9238,4.44,3.87
9239,4.44,3.87
9240,4.44,3.87
9241,4.43,3.87
9243,4.43,3.87
9244,4.43,3.87
9245,4.43,3.87
9246,4.43,3.87
9247,4.43,3.87
9248,4.43,3.87
9249,4.43,3.87
9250,4.43,3.87
9252,4.43,3.87
9253,4.43,3.87
9254,4.43,3.87
9255,4.43,3.87
9256,4.43,3.87
9257,4.43,3.87
9259,4.43,3.87
9260,4.43,3.87
9262,4.43,3.87
9263,4.43,3.87
9264,4.43,3.87
9265,4.43,3.87
9266,4.43,3.87
9267,4.43,3.87
9268,4.43,3.87
9269,4.43,3.87
9271,4.43,3.87
9272,4.43,3.87
9273,4.43,3.87
9274,4.43,3.87
9275,4.43,3.87
9276,4.43,3.87
9277,4.43,3.87
9278,4.43,3.87
9280,4.43,3.87
9281,4.44,3.87
9282,4.44,3.87
9283,4.44,3.87
9284,4.44,3.87
9285,4.44,3.87
9286,4.44,3.87
9287,4.44,3.87
9289,4.44,3.87
9290,4.44,3.87
9291,4.44,3.87
9292,4.44,3.87
9293,4.44,3.88
9294,4.44,3.87
9295,4.44,3.87
9296,4.44,3.87
9298,4.44,3.87
9299,4.44,3.87
9300,4.44,3.87
9302,4.44,3.87
9303,4.44,3.87
9304,4.44,3.87
9305,4.44,3.88
9306,4.44,3.88
9308,4.44,3.88
9309,4.44,3.88
9310,4.44,3.88
9311,4.44,3.88
9312,4.44,3.88
9313,4.44,3.88
9314,4.44,3.88
9315,4.44,3.88
9317,4.44,3.87
9318,4.44,3.87
9319,4.44,3.87
9320,4.44,3.88
9321,4.44,3.88
9322,4.44,3.88
9323,4.43,3.88
9325,4.44,3.88
9326,4.44,3.88
9327,4.43,3.88
9328,4.44,3.88
9329,4.44,3.88
9330,4.44,3.88
9331,4.44,3.88
9332,4.43,3.88
9334,4.44,3.88
9335,4.44,3.88
9336,4.44,3.88
9337,4.44,3.88
9338,4.44,3.88
9339,4.43,3.88
9340,4.43,3.88
9342,4.43,3.88
9344,4.43,3.88
9345,4.43,3.88
9346,4.43,3.88
9347,4.43,3.88
9348,4.44,3.88
9349,4.43,3.88
9350,4.43,3.88
9352,4.43,3.88
9353,4.43,3.88
9354,4.43,3.88
9355,4.43,3.88
9356,4.43,3.88
9357,4.43,3.88
9358,4.43,3.88
9359,4.43,3.88
9361,4.43,3.88
9362,4.43,3.88
9363,4.43,3.88
9364,4.44,3.88
9365,4.44,3.88
9366,4.44,3.88
9367,4.44,3.88
9369,4.44,3.88
9370,4.44,3.88
9371,4.44,3.88
9372,4.44,3.88
9373,4.44,3.88
9374,4.44,3.88
9375,4.44,3.88
9376,4.44,3.88
9378,4.44,3.88
9379,4.44,3.88
9380,4.44,3.88
9381,4.44,3.88
9382,4.44,3.88
9383,4.44,3.88
9384,4.44,3.88
9385,4.44,3.88
9388,4.44,3.88
9389,4.44,3.88
9390,4.44,3.88
9391,4.44,3.88
9392,4.44,3.88
9393,4.44,3.89
9394,4.44,3.88
9395,4.44,3.88
9397,4.44,3.88
9398,4.44,3.88
9399,4.44,3.88
9400,4.44,3.89
9401,4.44,3.88
9402,4.44,3.88
9403,4.44,3.89
9404,4.44,3.88
9406,4.44,3.88
9407,4.44,3.88
9408,4.44,3.89
9409,4.44,3.89
9410,4.44,3.89
9411,4.44,3.89
9412,4.44,3.89
9413,4.44,3.89
9415,4.44,3.89
9416,4.44,3.89
9417,4.44,3.89
9418,4.44,3.89
9419,4.44,3.89
9420,4.43,3.89
9421,4.43,3.89
9423,4.43,3.89
9424,4.44,3.89
9425,4.43,3.89
9426,4.43,3.89
9427,4.44,3.89
9428,4.44,3.89
9430,4.44,3.89
9431,4.44,3.89
9433,4.44,3.89
9434,4.44,3.89
9435,4.44,3.88
9436,4.44,3.89
9437,4.44,3.89
9438,4.44,3.88
9439,4.44,3.89
9441,4.44,3.89
9442,4.44,3.89
9443,4.44,3.88
9444,4.44,3.89
9445,4.44,3.89
9446,4.44,3.89
9447,4.44,3.89
9448,4.44,3.89
9450,4.44,3.89
9451,4.44,3.89
9452,4.44,3.89
9453,4.44,3.89
9454,4.44,3.89
9455,4.44,3.89
9456,4.44,3.89
9458,4.44,3.89
9459,4.44,3.89
9460,4.44,3.89
9461,4.44,3.89
9462,4.44,3.89
9463,4.44,3.89
9464,4.43,3.89
9465,4.44,3.89
9467,4.44,3.89
9468,4.44,3.89
9469,4.44,3.89
9470,4.44,3.89
9472,4.44,3.89
9473,4.44,3.89
9474,4.44,3.89
9475,4.44,3.89
9477,4.44,3.89
9478,4.44,3.89
9479,4.44,3.89
9480,4.44,3.89
9481,4.44,3.89
9482,4.44,3.89
9483,4.44,3.89
9485,4.44,3.89
9486,4.44,3.89
9487,4.43,3.89
9488,4.43,3.89
9489,4.44,3.89
9490,4.44,3.89
9491,4.44,3.89
9492,4.44,3.89
9494,4.43,3.89
9495,4.43,3.89
9496,4.44,3.89
9497,4.44,3.89
9498,4.44,3.89
9499,4.44,3.89
9500,4.44,3.89
9502,4.44,3.88
9503,4.44,3.89
9504,4.44,3.89
9505,4.44,3.88
9506,4.44,3.88
9507,4.44,3.88
9508,4.44,3.88
9509,4.44,3.88
9511,4.44,3.88
9512,4.44,3.88
9513,4.44,3.89
9515,4.44,3.89
9516,4.44,3.89
9517,4.44,3.89
9518,4.44,3.89
9519,4.44,3.89
9521,4.44,3.89
9522,4.44,3.89
9523,4.44,3.89
9524,4.44,3.89
9525,4.44,3.89
9526,4.44,3.89
9527,4.44,3.89
9529,4.44,3.89
9530,4.44,3.88
9531,4.44,3.89
9532,4.44,3.88
9533,4.44,3.88
9534,4.44,3.88
9535,4.44,3.89
9536,4.44,3.88
9538,4.44,3.89
9539,4.44,3.89
9540,4.44,3.89
9541,4.44,3.88
9542,4.44,3.89
9543,4.44,3.89
9544,4.44,3.88
9545,4.44,3.88
9547,4.44,3.88
9548,4.44,3.88
9549,4.44,3.88
9550,4.44,3.88
9551,4.44,3.88
9552,4.44,3.88
9553,4.44,3.88
9554,4.44,3.88
9556,4.44,3.89
9558,4.44,3.89
9559,4.44,3.88
9560,4.44,3.89
9561,4.44,3.89
9562,4.44,3.89
9563,4.44,3.89
9564,4.44,3.89
9566,4.44,3.89
9567,4.44,3.89
9568,4.44,3.89
9569,4.44,3.89
9570,4.44,3.89
9571,4.44,3.89
9572,4.44,3.89
9574,4.44,3.89
9575,4.44,3.89
9576,4.44,3.89
9577,4.44,3.89
9578,4.44,3.89
9579,4.44,3.89
9580,4.44,3.89
9581,4.44,3.89
9583,4.44,3.89
9584,4.44,3.89
9585,4.44,3.89
9586,4.44,3.89
9587,4.44,3.89
9588,4.44,3.89
9589,4.44,3.89
9591,4.44,3.89
9592,4.44,3.89
9593,4.44,3.89
9594,4.44,3.89
9595,4.44,3.89
9596,4.44,3.89
9597,4.44,3.89
9598,4.44,3.89
9601,4.44,3.89
9602,4.44,3.89
9603,4.44,3.89
9604,4.44,3.89
9605,4.44,3.90
9606,4.44,3.90
9607,4.44,3.90
9608,4.44,3.90
9610,4.44,3.89
9611,4.44,3.90
9612,4.44,3.90
9613,4.44,3.90
9614,4.44,3.90
9615,4.44,3.90
9616,4.44,3.90
9617,4.44,3.90
9619,4.44,3.90
9620,4.44,3.90
9621,4.44,3.90
9622,4.44,3.90
9623,4.44,3.90
9624,4.44,3.90
9625,4.44,3.90
9626,4.44,3.90
9627,4.44,3.90
9629,4.44,3.91
9630,4.44,3.91
9631,4.44,3.91
9632,4.44,3.91
9633,4.44,3.91
9634,4.44,3.91
9635,4.44,3.91
9637,4.44,3.91
9638,4.44,3.91
9639,4.44,3.91
9640,4.44,3.91
9641,4.44,3.91
9643,4.44,3.91
9644,4.44,3.91
9646,4.44,3.91
9647,4.44,3.91
9648,4.44,3.91
9649,4.44,3.91
9650,4.44,3.91
9651,4.44,3.91
9652,4.44,3.91
9653,4.44,3.91
9655,4.44,3.91
9656,4.44,3.91
9657,4.44,3.91
9658,4.44,3.91
9659,4.44,3.91
9660,4.44,3.91
9661,4.44,3.91
9662,4.44,3.91
9664,4.44,3.91
9665,4.44,3.91
9666,4.44,3.91
9667,4.44,3.91
9668,4.44,3.91
9669,4.44,3.91
9670,4.44,3.91
9671,4.44,3.91
9673,4.44,3.91
9674,4.44,3.92
9675,4.44,3.92
9676,4.44,3.92
9677,4.44,3.92
9678,4.44,3.92
9679,4.44,3.92
9680,4.44,3.92
9682,4.44,3.92
9683,4.44,3.92
9684,4.44,3.92
9686,4.44,3.92
9687,4.44,3.92
9688,4.44,3.92
9689,4.44,3.92
9690,4.44,3.92
9692,4.44,3.92
9693,4.44,3.92
9694,4.44,3.92
9695,4.44,3.92
9696,4.44,3.92
9697,4.44,3.93
9698,4.44,3.93
9699,4.44,3.93
9701,4.44,3.93
9702,4.44,3.93
9703,4.44,3.93
9704,4.44,3.93
9705,4.44,3.94
9706,4.44,3.94
9707,4.44,3.94
9708,4.44,3.94
9710,4.44,3.94
9711,4.44,3.95
9712,4.44,3.95
9713,4.44,3.95
9714,4.44,3.95
9715,4.44,3.95
9716,4.44,3.96
9717,4.44,3.96
9719,4.44,3.96
9720,4.44,3.97
9721,4.44,3.97
9722,4.44,3.97
9723,4.44,3.98
9724,4.44,3.98
9725,4.44,3.98
9726,4.44,3.99
9729,4.45,3.99
9730,4.44,4.00
9731,4.44,4.00
9732,4.44,4.01
9733,4.44,4.01
9734,4.44,4.01
9735,4.44,4.02
9736,4.44,4.03
9738,4.44,4.03
9739,4.44,4.04
9740,4.44,4.04
9741,4.45,4.05
9742,4.45,4.05
9743,4.45,4.06
9744,4.45,4.06
9745,4.45,4.07
9747,4.45,4.07
9748,4.45,4.08
9749,4.45,4.09
9750,4.45,4.09
9751,4.45,4.10
9752,4.45,4.11
9753,4.45,4.11
9754,4.45,4.12
9756,4.45,4.13
9757,4.45,4.13
9758,4.45,4.13
9759,4.45,4.14
9760,4.45,4.15
9761,4.45,4.16
9762,4.45,4.17
9764,4.45,4.17
9765,4.45,4.18
9766,4.45,4.19
9767,4.45,4.20
9768,4.45,4.21
9769,4.45,4.22
9771,4.45,4.23
9772,4.45,4.24
9774,4.45,4.25
9775,4.45,4.26
9776,4.45,4.27
9777,4.45,4.28
9778,4.45,4.29
9779,4.45,4.30
9780,4.45,4.31
9781,4.45,4.33
9783,4.45,4.34
9784,4.46,4.35
9785,4.46,4.36
9786,4.46,4.38
9787,4.46,4.39
9788,4.46,4.41
9789,4.46,4.42
9790,4.46,4.44
9792,4.46,4.46
9793,4.46,4.48
9794,4.46,4.50
9795,4.46,4.52
9796,4.47,4.54
9797,4.46,4.56
9798,4.47,4.57
9800,4.47,4.59
9801,4.47,4.60
9802,4.47,4.62
9803,4.47,4.63
9804,4.47,4.65
9805,4.47,4.66
9806,4.47,4.67
9807,4.47,4.69
9809,4.47,4.70
9810,4.47,4.71
9811,4.47,4.72
9812,4.46,4.73
9814,4.46,4.74
9815,4.46,4.75
9816,4.46,4.76
9817,4.46,4.76
9819,4.46,4.77
9820,4.46,4.78
9821,4.46,4.78
9822,4.45,4.79
9823,4.45,4.79
9824,4.45,4.80
9825,4.45,4.80
9826,4.45,4.81
9828,4.45,4.82
9829,4.45,4.82
9830,4.45,4.83
9831,4.45,4.83
9832,4.45,4.84
9833,4.44,4.84
9834,4.44,4.84
9835,4.44,4.85
9837,4.44,4.85
9838,4.45,4.86
9839,4.44,4.86
9840,4.44,4.86
9841,4.44,4.87
9842,4.44,4.87
9843,4.44,4.87
9844,4.44,4.88
9846,4.44,4.88
9847,4.44,4.88
9848,4.44,4.89
9849,4.44,4.89
9850,4.44,4.89
9851,4.44,4.90
9852,4.44,4.90
9853,4.44,4.90
9856,4.44,4.90
9857,4.44,4.90
9858,4.44,4.91
9859,4.44,4.91
9860,4.44,4.91
9861,4.44,4.91
9862,4.44,4.91
9863,4.44,4.92
9865,4.44,4.92
9866,4.44,4.92
9867,4.44,4.92
9868,4.44,4.92
9869,4.44,4.92
9870,4.44,4.93
9871,4.44,4.93
9872,4.44,4.93
9874,4.44,4.93
9875,4.44,4.93
9876,4.44,4.93
9877,4.44,4.93
9878,4.44,4.94
9879,4.44,4.94
9880,4.44,4.94
9881,4.44,4.94
9883,4.44,4.94
9884,4.44,4.94
9885,4.44,4.94
9886,4.44,4.94
9887,4.44,4.94
9888,4.44,4.94
9889,4.44,4.94
9890,4.44,4.95
9892,4.44,4.95
9893,4.44,4.95
9894,4.44,4.95
9895,4.44,4.95
9896,4.44,4.95
9897,4.44,4.95
9899,4.44,4.95
9901,4.44,4.95
9902,4.44,4.95
9903,4.44,4.95
9904,4.44,4.95
9905,4.44,4.95
9906,4.44,4.96
9907,4.44,4.96
9908,4.44,4.96
9910,4.44,4.96
9911,4.44,4.96
9912,4.44,4.96
9913,4.43,4.96
9914,4.44,4.96
9915,4.44,4.96
9916,4.44,4.96
9917,4.43,4.96
9919,4.44,4.96
9920,4.44,4.96
9921,4.44,4.96
9922,4.43,4.96
9923,4.43,4.96
9924,4.43,4.96
9925,4.43,4.96
9927,4.43,4.96
9928,4.44,4.97
9929,4.43,4.96
9930,4.44,4.96
9931,4.43,4.96
9932,4.44,4.96
9933,4.44,4.97
9934,4.43,4.96
9936,4.44,4.96
9937,4.44,4.97
9938,4.43,4.96
9939,4.43,4.96
9940,4.44,4.97
9942,4.43,4.97
9943,4.43,4.97
9944,4.43,4.97
9946,4.43,4.97
9947,4.43,4.97
9948,4.43,4.97
9949,4.43,4.97
9950,4.43,4.97
9951,4.43,4.97
9952,4.43,4.97
9954,4.43,4.97
9955,4.43,4.97
9956,4.43,4.97
9957,4.43,4.97
9958,4.43,4.97
9959,4.43,4.97
9960,4.43,4.97
9961,4.43,4.97
9963,4.43,4.97
9964,4.43,4.97
9965,4.43,4.97
9966,4.43,4.97
9967,4.43,4.96
9968,4.43,4.95
9969,4.43,4.94
9970,4.44,4.92
9972,4.44,4.91
9973,4.44,4.89
9974,4.45,4.87
9975,4.45,4.85
9976,4.45,4.83
9977,4.45,4.81
9978,4.46,4.78
9980,4.46,4.77
9981,4.46,4.74
9982,4.46,4.72
9984,4.46,4.70
9985,4.46,4.67
9986,4.46,4.65
9987,4.46,4.63
9988,4.46,4.60
9990,4.46,4.58
9991,4.46,4.56
9992,4.46,4.54
9993,4.45,4.52
9994,4.45,4.49
9995,4.45,4.48
9996,4.45,4.46
9997,4.45,4.44
9999,4.45,4.42
10000,4.44,4.39
10001,4.44,4.37
10002,4.44,4.35
10003,4.44,4.34
10004,4.44,4.32
10006,4.43,4.30
10007,4.43,4.28
10008,4.43,4.26
10009,4.43,4.24
10010,4.43,4.23
10012,4.43,4.21
10013,4.42,4.19
10014,4.42,4.18
10015,4.42,4.16
10016,4.42,4.15
10017,4.42,4.13
10019,4.42,4.13
10020,4.41,4.11
10021,4.41,4.10
10022,4.41,4.09
10023,4.41,4.07
10025,4.41,4.06
10027,4.41,4.05
10028,4.41,4.04
10029,4.41,4.03
10030,4.41,4.02
10031,4.41,4.01
10033,4.41,4.00
10034,4.41,4.00
10035,4.41,3.99
10036,4.41,3.98
10037,4.41,3.97
10038,4.41,3.97
10040,4.41,3.96
10041,4.41,3.95
10042,4.41,3.95
10043,4.41,3.94
10044,4.41,3.94
10046,4.41,3.93
10047,4.41,3.93
10048,4.41,3.92
10049,4.41,3.91
10050,4.41,3.91
10051,4.41,3.91
10053,4.41,3.91
10054,4.41,3.90
10055,4.41,3.90
10056,4.41,3.90
10057,4.41,3.89
10059,4.41,3.89
10060,4.41,3.89
10061,4.41,3.88
10062,4.41,3.88
10063,4.41,3.88
10064,4.41,3.88
10066,4.42,3.88
10067,4.41,3.87
10068,4.42,3.87
10070,4.42,3.87
10071,4.42,3.87
10073,4.42,3.86
10074,4.42,3.86
10075,4.42,3.86
10076,4.42,3.86
10077,4.42,3.86
10078,4.42,3.86
10080,4.42,3.86
10081,4.42,3.85
10082,4.42,3.85
10083,4.42,3.85
10084,4.42,3.85
10086,4.42,3.85
10087,4.42,3.85
10088,4.42,3.85
10089,4.42,3.85
10090,4.42,3.84
10091,4.42,3.84
10093,4.42,3.84
10094,4.42,3.84
10095,4.42,3.84
10096,4.42,3.84
10097,4.43,3.84
10099,4.42,3.84
10100,4.43,3.84
10101,4.42,3.84
10102,4.43,3.84
10103,4.43,3.84
10104,4.43,3.84
10106,4.43,3.83
10107,4.43,3.83
10108,4.43,3.83
10109,4.43,3.83
10110,4.43,3.83
10113,4.43,3.83
10114,4.43,3.83
10115,4.43,3.83
10116,4.43,3.83
10117,4.43,3.83
10118,4.43,3.83
10120,4.43,3.83
10121,4.43,3.83
10122,4.43,3.83
10123,4.43,3.83
10124,4.43,3.83
10126,4.43,3.83
10127,4.43,3.83
10128,4.43,3.83
10129,4.43,3.82
10130,4.43,3.83
10131,4.43,3.82
10133,4.43,3.82
10134,4.43,3.82
10135,4.43,3.82
10136,4.43,3.82
10137,4.43,3.82
10139,4.43,3.82
10140,4.43,3.82
10141,4.43,3.82
10142,4.43,3.82
10143,4.43,3.82
10144,4.43,3.82
10146,4.43,3.82
10147,4.43,3.82
10148,4.43,3.82
10149,4.43,3.82
10150,4.43,3.82
10152,4.43,3.82
10153,4.43,3.82
10155,4.43,3.82
10156,4.43,3.82
10157,4.43,3.82
10158,4.43,3.82
10160,4.43,3.82
10161,4.43,3.82
10162,4.43,3.82
10163,4.43,3.82
10164,4.43,3.82
10166,4.43,3.82
10167,4.43,3.82
10168,4.43,3.82
10169,4.43,3.82
10170,4.43,3.82
10171,4.43,3.82
10173,4.43,3.82
10174,4.42,3.82
10175,4.43,3.82
10176,4.43,3.82
10177,4.43,3.82
10179,4.43,3.82
10180,4.43,3.82
10181,4.42,3.82
10182,4.42,3.82
10183,4.43,3.82
10184,4.43,3.82
10186,4.43,3.82
10187,4.43,3.82
10188,4.43,3.82
10189,4.43,3.82
10190,4.43,3.82
10192,4.43,3.82
10193,4.43,3.82
10194,4.43,3.82
10195,4.43,3.82
10196,4.43,3.82
10198,4.43,3.82
10200,4.43,3.82
10201,4.43,3.82
10202,4.43,3.82
10203,4.43,3.82
10204,4.43,3.82
10206,4.43,3.82
10207,4.43,3.82
10208,4.43,3.82
10209,4.43,3.82
10210,4.43,3.82
10211,4.43,3.82
10213,4.43,3.82
10214,4.43,3.82
10215,4.43,3.82
10216,4.43,3.82
10217,4.43,3.82
10219,4.43,3.82
10220,4.43,3.82
10221,4.43,3.82
10222,4.43,3.83
10223,4.43,3.83
10224,4.43,3.83
10226,4.43,3.83
10227,4.43,3.83
10228,4.43,3.83
10229,4.43,3.83
10230,4.43,3.83
10232,4.43,3.83
10233,4.43,3.83
10234,4.43,3.83
10235,4.43,3.83
10236,4.43,3.83
10237,4.43,3.83
10240,4.43,3.83
10241,4.43,3.83
10242,4.43,3.83
10243,4.43,3.83
10244,4.43,3.83
10246,4.43,3.84
10247,4.43,3.84
10248,4.43,3.84
10249,4.43,3.84
10250,4.43,3.84
10251,4.42,3.84
10253,4.43,3.84
10254,4.43,3.84
10255,4.43,3.85
10256,4.43,3.85
10257,4.43,3.85
10259,4.43,3.85
10260,4.43,3.85
10261,4.43,3.85
10262,4.43,3.85
10263,4.43,3.86
10264,4.43,3.86
10266,4.43,3.86
10267,4.43,3.86
10268,4.43,3.86
10269,4.43,3.87
10270,4.43,3.87
10272,4.43,3.87
10273,4.43,3.87
10274,4.43,3.87
10275,4.43,3.87
10276,4.43,3.88
10277,4.43,3.88
10279,4.43,3.88
10280,4.43,3.88
10281,4.43,3.88
10283,4.43,3.89
10284,4.43,3.89
10286,4.43,3.89
10287,4.43,3.89
10288,4.43,3.90
10289,4.43,3.90
10290,4.43,3.90
10291,4.43,3.90
10293,4.43,3.91
10294,4.43,3.91
10295,4.43,3.91
10296,4.43,3.92
10297,4.44,3.95
10299,4.44,3.99
10300,4.45,4.04
10301,4.45,4.08
10302,4.46,4.12
10303,4.46,4.16
10304,4.47,4.20
10306,4.47,4.24
10307,4.47,4.28
10308,4.47,4.31
10309,4.47,4.34
10310,4.47,4.36
10312,4.47,4.39
10313,4.47,4.42
10314,4.47,4.44
10315,4.48,4.47
10316,4.48,4.49
10317,4.48,4.51
10319,4.48,4.53
10320,4.48,4.55
10321,4.48,4.57
10322,4.48,4.58
10323,4.48,4.60
10324,4.48,4.61
10327,4.48,4.63
10328,4.48,4.64
10329,4.48,4.66
10330,4.47,4.67
10331,4.47,4.68
10333,4.47,4.69
10334,4.47,4.70
10335,4.47,4.71
10336,4.47,4.72
10337,4.47,4.73
10338,4.46,4.74
10340,4.46,4.75
10341,4.46,4.76
10342,4.45,4.77
10343,4.45,4.77
10344,4.45,4.78
10346,4.45,4.78
10347,4.45,4.79
10348,4.44,4.79
10349,4.44,4.80
10350,4.44,4.81
10351,4.44,4.81
10353,4.44,4.82
10354,4.44,4.82
10355,4.43,4.83
10356,4.43,4.83
10357,4.43,4.84
10358,4.43,4.84
10360,4.43,4.84
10361,4.43,4.85
10362,4.43,4.86
10363,4.43,4.86
10364,4.43,4.86
10366,4.43,4.87
10368,4.43,4.87
10369,4.43,4.87
10370,4.43,4.88
10371,4.43,4.88
10372,4.43,4.88
10374,4.42,4.88
10375,4.42,4.89
10376,4.42,4.89
10377,4.42,4.89
10378,4.42,4.90
10380,4.42,4.90
10381,4.42,4.90
10382,4.42,4.90
10383,4.42,4.91
10384,4.42,4.91
10385,4.42,4.91
10387,4.42,4.91
10388,4.42,4.91
10389,4.42,4.92
10390,4.42,4.92
10391,4.42,4.92
10392,4.43,4.92
10394,4.43,4.92
10395,4.43,4.92
10396,4.42,4.93
10397,4.43,4.93
10398,4.43,4.93
10400,4.43,4.93
10401,4.43,4.93
10402,4.43,4.93
10403,4.43,4.94
10404,4.43,4.94
10405,4.43,4.94
10407,4.43,4.94
10408,4.43,4.94
10409,4.43,4.94
10411,4.43,4.94
10412,4.43,4.94
10414,4.43,4.94
10415,4.43,4.94
10416,4.43,4.95
10417,4.43,4.95
10418,4.43,4.95
10419,4.43,4.95
10421,4.43,4.95
10422,4.43,4.95
10423,4.43,4.95
10424,4.43,4.95
10425,4.43,4.95
10427,4.43,4.95
10428,4.43,4.95
10429,4.43,4.95
10430,4.43,4.96
10431,4.43,4.96
10433,4.43,4.96
10434,4.43,4.96
10435,4.43,4.96
10436,4.43,4.96
10437,4.43,4.96
10438,4.43,4.96
10440,4.43,4.96
10441,4.43,4.96
10442,4.43,4.96
10443,4.43,4.96
10444,4.43,4.96
10446,4.43,4.96
10447,4.43,4.96
10448,4.43,4.96
10449,4.43,4.96
10450,4.43,4.96
10451,4.43,4.96
10454,4.43,4.96
10455,4.43,4.96
10456,4.43,4.96
10457,4.43,4.96
10458,4.43,4.96
10460,4.43,4.96
10461,4.43,4.97
10462,4.43,4.96
10463,4.43,4.96
10464,4.43,4.97
10465,4.43,4.97
10467,4.43,4.97
10468,4.43,4.97
10469,4.43,4.96
10470,4.43,4.97
10471,4.43,4.97
10473,4.43,4.97
10474,4.43,4.97
10475,4.43,4.96
10476,4.43,4.96
10477,4.43,4.96
10478,4.43,4.95
10480,4.43,4.94
10481,4.43,4.93
10482,4.44,4.92
10483,4.44,4.91
10484,4.44,4.90
10486,4.44,4.88
10487,4.44,4.87
10488,4.44,4.85
10489,4.45,4.84
10490,4.45,4.82
10491,4.45,4.80
10493,4.45,4.78
10494,4.45,4.76
10496,4.45,4.74
10497,4.45,4.72
10498,4.45,4.69
10500,4.45,4.67
10501,4.45,4.65
10502,4.45,4.62
10503,4.45,4.60
10504,4.45,4.57
10505,4.45,4.55
10507,4.45,4.53
10508,4.45,4.51
10509,4.45,4.48
10510,4.45,4.46
10511,4.45,4.43
10513,4.45,4.41
10514,4.44,4.39
10515,4.44,4.36
10516,4.44,4.35
10517,4.44,4.33
10518,4.44,4.31
10520,4.43,4.29
10521,4.43,4.27
10522,4.43,4.25
10523,4.43,4.23
10524,4.43,4.21
10526,4.43,4.19
10527,4.43,4.17
10528,4.42,4.16
10529,4.42,4.14
10530,4.42,4.13
10531,4.42,4.12
10533,4.42,4.10
10534,4.42,4.09
10535,4.42,4.07
10536,4.41,4.06
10537,4.42,4.05
10540,4.41,4.03
10541,4.41,4.02
10542,4.41,4.01
10543,4.41,4.00
10544,4.41,3.99
10545,4.41,3.98
10547,4.41,3.97
10548,4.41,3.96
10549,4.41,3.95
10550,4.41,3.95
10551,4.41,3.94
10552,4.41,3.93
10554,4.41,3.92
10555,4.41,3.92
10556,4.41,3.91
10557,4.41,3.91
10558,4.41,3.90
10560,4.41,3.90
10561,4.41,3.89
10562,4.41,3.89
10563,4.41,3.88
10564,4.41,3.88
10565,4.41,3.88
10567,4.41,3.87
10568,4.41,3.87
10569,4.41,3.87
10570,4.41,3.86
10571,4.41,3.86
10573,4.41,3.86
10574,4.41,3.85
10575,4.41,3.85
10576,4.41,3.85
10577,4.41,3.85
10578,4.41,3.84
10580,4.41,3.84
10582,4.41,3.84
10583,4.41,3.84
10584,4.41,3.84
10585,4.41,3.84
10587,4.42,3.83
10588,4.42,3.83
10589,4.42,3.83
10590,4.42,3.83
10591,4.42,3.83
10592,4.42,3.83
10594,4.42,3.83
10595,4.42,3.83
10596,4.42,3.83
10597,4.42,3.83
10598,4.42,3.83
10600,4.42,3.83
10601,4.42,3.83
10602,4.42,3.82
10603,4.42,3.82
10604,4.42,3.82
10605,4.42,3.82
10607,4.42,3.82
10608,4.42,3.82
10609,4.42,3.82
10610,4.42,3.82
10611,4.42,3.82
10613,4.42,3.82
10614,4.42,3.82
10615,4.42,3.82
10616,4.43,3.82
10617,4.43,3.82
10618,4.43,3.82
10620,4.43,3.82
10621,4.43,3.82
10622,4.43,3.82
10624,4.43,3.82
10625,4.43,3.82
10627,4.43,3.82
10628,4.43,3.82
10629,4.43,3.82
10630,4.43,3.82
10631,4.43,3.82
10632,4.43,3.82
10634,4.43,3.82
10635,4.43,3.82
10636,4.43,3.82
10637,4.43,3.82
10638,4.43,3.82
10640,4.43,3.82
10641,4.43,3.82
10642,4.43,3.82
10643,4.43,3.82
10644,4.43,3.82
10645,4.43,3.82
10647,4.43,3.82
10648,4.43,3.82
10649,4.43,3.82
10650,4.43,3.82
10651,4.43,3.82
10653,4.43,3.82
10654,4.43,3.82
10655,4.43,3.82
10656,4.43,3.82
10657,4.43,3.82
10658,4.43,3.83
10660,4.43,3.82
10661,4.44,3.82
10662,4.43,3.82
10663,4.43,3.83
10664,4.43,3.83
10667,4.43,3.83
10668,4.43,3.83
10669,4.43,3.83
10670,4.43,3.83
10671,4.43,3.83
10672,4.43,3.83
10674,4.43,3.83
10675,4.43,3.83
10676,4.43,3.83
10677,4.43,3.83
10678,4.43,3.83
10680,4.43,3.83
10681,4.43,3.83
10682,4.43,3.83
10683,4.43,3.83
10684,4.43,3.83
10685,4.43,3.83
10687,4.43,3.83
10688,4.43,3.83
10689,4.43,3.83
10690,4.43,3.83
10691,4.43,3.83
10693,4.43,3.83
10694,4.43,3.83
10695,4.43,3.83
10696,4.43,3.83
10697,4.43,3.83
10698,4.43,3.83
10700,4.43,3.83
10701,4.43,3.83
10702,4.43,3.83
10703,4.43,3.83
10704,4.43,3.83
10706,4.43,3.83
10707,4.43,3.83
10708,4.43,3.83
10710,4.43,3.83
10711,4.43,3.83
10712,4.43,3.83
10714,4.43,3.83
10715,4.43,3.84
10716,4.43,3.83
10717,4.43,3.84
10718,4.43,3.84
10720,4.43,3.84
10721,4.43,3.84
10722,4.43,3.84
10723,4.43,3.84
10724,4.43,3.84
10725,4.43,3.84
10727,4.43,3.84
10728,4.43,3.84
10729,4.43,3.84
10730,4.43,3.84
10731,4.43,3.84
10733,4.43,3.84
10734,4.43,3.84
10735,4.43,3.84
10736,4.43,3.84
10737,4.43,3.84
10739,4.43,3.84
10740,4.43,3.84
10741,4.43,3.84
10742,4.43,3.84
10743,4.43,3.84
10744,4.43,3.84
10746,4.43,3.84
10747,4.43,3.84
10748,4.43,3.84
10749,4.43,3.84
10750,4.43,3.85
10753,4.43,3.85
10754,4.43,3.85
10755,4.43,3.85
10756,4.43,3.85
10757,4.43,3.85
10758,4.43,3.85
10760,4.43,3.85
10761,4.43,3.85
10762,4.43,3.85
10763,4.44,3.85
10764,4.44,3.85
10766,4.43,3.85
10767,4.43,3.85
10768,4.43,3.85
10769,4.43,3.85
10770,4.44,3.85
10772,4.44,3.85
10773,4.43,3.85
10774,4.43,3.85
10775,4.43,3.85
10776,4.44,3.85
10777,4.43,3.86
10779,4.43,3.85
10780,4.43,3.86
10781,4.43,3.86
10782,4.43,3.86
10783,4.43,3.86
10785,4.43,3.86
10786,4.43,3.86
10787,4.43,3.86
10788,4.43,3.86
10789,4.43,3.86
10790,4.43,3.86
10792,4.43,3.86
10793,4.43,3.86
10795,4.43,3.86
10796,4.44,3.86
10797,4.44,3.86
10799,4.44,3.86
10800,4.44,3.86
10801,4.44,3.86
10802,4.44,3.86
10803,4.44,3.86
10804,4.44,3.86
10806,4.44,3.86
10807,4.44,3.86
10808,4.44,3.86
10809,4.44,3.86
10810,4.44,3.87
10812,4.44,3.87
10813,4.44,3.87
10814,4.43,3.87
10815,4.43,3.87
10816,4.44,3.87
10817,4.44,3.87
10819,4.43,3.87
10820,4.43,3.87
10821,4.43,3.87
10822,4.44,3.87
10823,4.44,3.87
10825,4.44,3.87
10826,4.44,3.87
10827,4.44,3.87
10828,4.44,3.87
10829,4.44,3.87
10831,4.44,3.87
10832,4.44,3.87
10833,4.43,3.87
10834,4.44,3.87
10835,4.43,3.87
10836,4.43,3.87
10839,4.43,3.87
10840,4.43,3.88
10841,4.43,3.88
10842,4.43,3.88
10843,4.43,3.88
10845,4.43,3.88
10846,4.43,3.88
10847,4.43,3.88
10848,4.43,3.88
10849,4.43,3.88
10850,4.43,3.88
10852,4.43,3.88
10853,4.43,3.88
10854,4.43,3.88
10855,4.43,3.88
10856,4.43,3.88
10858,4.43,3.88
10859,4.43,3.88
10860,4.43,3.88
10861,4.43,3.89
10862,4.43,3.88
10863,4.43,3.89
10865,4.43,3.88
10866,4.43,3.89
10867,4.43,3.89
10868,4.43,3.89
10869,4.43,3.89
10871,4.43,3.89
10872,4.43,3.89
10873,4.43,3.89
10874,4.43,3.89
10875,4.43,3.89
10877,4.44,3.89
10878,4.43,3.89
10880,4.43,3.89
10881,4.43,3.89
10882,4.43,3.89
10883,4.44,3.89
10885,4.43,3.89
10886,4.44,3.89
10887,4.43,3.89
10888,4.44,3.89
10889,4.44,3.89
10890,4.44,3.89
10892,4.44,3.89
10893,4.44,3.90
10894,4.43,3.90
10895,4.44,3.90
10896,4.44,3.90
10897,4.44,3.90
10899,4.44,3.90
10900,4.44,3.90
10901,4.44,3.90
10902,4.44,3.90
10903,4.44,3.90
10904,4.44,3.90
10906,4.43,3.90
10907,4.43,3.90
10908,4.44,3.90
10909,4.44,3.90
10910,4.43,3.90
10912,4.43,3.90
10913,4.44,3.90
10914,4.43,3.90
10915,4.44,3.90
10916,4.44,3.90
10917,4.43,3.90
10919,4.43,3.90
10920,4.44,3.90
10921,4.44,3.90
10923,4.44,3.91
10924,4.43,3.90
10925,4.43,3.91
10927,4.44,3.91
10928,4.43,3.91
10929,4.43,3.91
10930,4.43,3.91
10931,4.43,3.91
10933,4.44,3.91
10934,4.43,3.91
10935,4.43,3.91
10936,4.43,3.91
10937,4.43,3.91
10939,4.44,3.91
10940,4.44,3.91
10941,4.43,3.91
10942,4.44,3.91
10943,4.44,3.91
10944,4.43,3.91
10946,4.43,3.91
10947,4.43,3.91
10948,4.44,3.91
10949,4.43,3.91
10950,4.43,3.91
10951,4.43,3.91
10953,4.43,3.91
10954,4.43,3.91
10955,4.44,3.91
10956,4.43,3.91
10957,4.43,3.91
10959,4.43,3.91
10960,4.43,3.91
10961,4.43,3.91
10962,4.43,3.91
10963,4.43,3.91
10964,4.43,3.91
10967,4.43,3.91
10968,4.43,3.91
10969,4.43,3.91
10970,4.43,3.91
10971,4.43,3.91
10973,4.43,3.91
10974,4.43,3.91
10975,4.43,3.91
10976,4.43,3.92
10977,4.43,3.92
10978,4.43,3.92
10980,4.43,3.92
10981,4.43,3.92
10982,4.43,3.92
10983,4.43,3.92
10984,4.43,3.92
10986,4.43,3.92
10987,4.43,3.92
10988,4.43,3.92
10989,4.43,3.92
10990,4.43,3.92
10991,4.43,3.92
10993,4.43,3.92
10994,4.43,3.92
10995,4.43,3.92
10996,4.43,3.92
10997,4.43,3.92
10998,4.43,3.92
11000,4.43,3.92
11001,4.43,3.92
11002,4.43,3.92
11003,4.43,3.92
11004,4.43,3.92
11006,4.43,3.92
11008,4.43,3.92
11009,4.43,3.92
11010,4.43,3.92
11011,4.43,3.93
11012,4.43,3.93
11014,4.43,3.92
11015,4.43,3.92
11016,4.43,3.92
11017,4.43,3.93
11018,4.43,3.93
11020,4.43,3.93
11021,4.43,3.93
11022,4.43,3.93
11023,4.43,3.93
11024,4.43,3.93
11025,4.43,3.93
11027,4.43,3.93
11028,4.43,3.93
11029,4.43,3.93
11030,4.43,3.93
11031,4.43,3.93
11033,4.43,3.93
11034,4.43,3.93
11035,4.43,3.93
11036,4.43,3.93
11037,4.43,3.93
11038,4.43,3.93
11040,4.43,3.93
11041,4.43,3.93
11042,4.43,3.93
11043,4.43,3.93
11044,4.43,3.93
11046,4.43,3.93
11047,4.43,3.93
11048,4.43,3.93
11049,4.43,3.93
11051,4.43,3.93
11052,4.43,3.93
11054,4.43,3.93
11055,4.43,3.93
11056,4.43,3.93
11057,4.43,3.93
11058,4.43,3.93
11059,4.43,3.93
11061,4.43,3.93
11062,4.43,3.93
11063,4.43,3.93
11064,4.43,3.93
11065,4.43,3.93
11067,4.43,3.93
11068,4.43,3.93
11069,4.43,3.93
11070,4.43,3.93
11071,4.43,3.93
11072,4.43,3.93
11074,4.43,3.93
11075,4.43,3.93
11076,4.43,3.94
11077,4.43,3.94
11078,4.43,3.94
11080,4.43,3.94
11081,4.44,3.94
11082,4.44,3.94
11083,4.44,3.94
11084,4.44,3.94
11085,4.44,3.94
11087,4.44,3.94
11088,4.44,3.94
11089,4.44,3.95
11090,4.44,3.95
11091,4.44,3.95
11094,4.44,3.95
11095,4.44,3.95
11096,4.44,3.95
11097,4.44,3.95
11098,4.44,3.95
11099,4.45,3.95
11101,4.45,3.96
11102,4.45,3.96
11103,4.45,3.96
11104,4.45,3.96
11105,4.45,3.96
11107,4.45,3.96
11108,4.45,3.96
11109,4.45,3.96
11110,4.45,3.96
11111,4.45,3.97
11112,4.45,3.97
11114,4.45,3.97
11115,4.45,3.97
11116,4.45,3.97
11117,4.45,3.97
11118,4.45,3.97
11119,4.45,3.97
11121,4.45,3.97
11122,4.45,3.97
11123,4.45,3.97
11124,4.45,3.97
11125,4.45,3.97
11127,4.45,3.97
11128,4.45,3.97
11129,4.45,3.98
11130,4.45,3.98
11131,4.45,3.98
11132,4.45,3.98
11134,4.45,3.98
11136,4.45,3.98
11137,4.45,3.98
11138,4.45,3.98
11139,4.45,3.98
11141,4.45,3.98
11142,4.45,3.98
11143,4.45,3.98
11144,4.45,3.98
11145,4.45,3.98
11146,4.45,3.98
11148,4.45,3.98
11149,4.45,3.98
11150,4.45,3.98
11151,4.45,3.98
11152,4.45,3.98
11154,4.45,3.98
11155,4.45,3.98
11156,4.45,3.98
11157,4.45,3.98
11158,4.45,3.98
11159,4.45,3.98
11161,4.45,3.98
11162,4.45,3.98
11163,4.45,3.98
11164,4.45,3.98
11165,4.45,3.98
11167,4.45,3.98
11168,4.45,3.98
11169,4.45,3.98
11170,4.45,3.98
11171,4.45,3.98
11172,4.45,3.98
11174,4.45,3.98
11175,4.45,3.98
11176,4.45,3.98
11177,4.45,3.98
11179,4.45,3.98
11181,4.45,3.98
11182,4.45,3.98
11183,4.45,3.98
11184,4.45,3.98
11185,4.45,3.99
11186,4.45,3.98
11188,4.45,3.98
11189,4.45,3.98
11190,4.45,3.98
11191,4.45,3.98
11192,4.45,3.98
11193,4.45,3.98
11195,4.45,3.98
11196,4.45,3.98
11197,4.45,3.99
11198,4.45,3.98
11199,4.45,3.99
11201,4.45,3.98
11202,4.45,3.98
11203,4.45,3.98
11204,4.45,3.98
11205,4.45,3.98
11206,4.45,3.98
11208,4.45,3.99
11209,4.45,3.99
11210,4.45,3.99
11211,4.45,3.98
11212,4.45,3.98
11213,4.45,3.99
11215,4.45,3.98
11216,4.45,3.98
11217,4.45,3.99
11218,4.45,3.98
11219,4.45,3.98
11220,4.45,3.98
11223,4.45,3.98
11224,4.45,3.99
11225,4.45,3.98
11226,4.45,3.99
11227,4.45,3.98
11229,4.45,3.99
11230,4.45,3.98
11231,4.45,3.98
11232,4.45,3.99
11233,4.45,3.98
11234,4.45,3.98
11236,4.45,3.98
11237,4.45,3.98
11238,4.45,3.99
11239,4.45,3.99
11240,4.45,3.98
11241,4.45,3.99
11243,4.45,3.98
11244,4.45,3.98
11245,4.45,3.98
11246,4.45,3.98
11247,4.45,3.98
11249,4.45,3.99
11250,4.45,3.98
11251,4.45,3.99
11252,4.45,3.98
11253,4.45,3.98
11254,4.45,3.98
11256,4.45,3.98
11257,4.45,3.98
11258,4.45,3.98
11259,4.45,3.98
11260,4.45,3.98
11261,4.45,3.98
11264,4.45,3.99
11265,4.45,3.98
11266,4.45,3.99
11267,4.45,3.98
11268,4.45,3.98
11270,4.45,3.99
11271,4.45,3.99
11272,4.45,3.99
11273,4.45,3.98
11274,4.45,3.99
11275,4.45,3.98
11277,4.45,3.98
11278,4.45,3.99
11279,4.45,3.99
11280,4.45,3.99
11281,4.45,3.99
11282,4.45,3.99
11284,4.45,3.99
11285,4.45,3.99
11286,4.45,3.99
11287,4.45,3.99
11288,4.45,3.99
11290,4.45,3.99
11291,4.45,3.99
11292,4.45,3.99
11293,4.45,3.99
11294,4.45,3.98
11295,4.45,3.99
11297,4.45,3.99
11298,4.45,3.99
11299,4.45,3.99
11300,4.45,3.99
11301,4.45,3.99
11303,4.45,3.99
11304,4.45,3.99
11305,4.45,3.99
11307,4.45,3.99
11308,4.45,3.99
11309,4.45,3.99
11311,4.45,3.99
11312,4.45,3.99
11313,4.45,3.99
11314,4.45,3.99
11315,4.45,3.99
11317,4.45,3.99
11318,4.45,3.99
11319,4.45,3.99
11320,4.45,3.99
11321,4.45,3.99
11322,4.45,3.99
11324,4.45,3.99
11325,4.45,3.99
11326,4.45,3.99
11327,4.45,3.99
11328,4.45,3.99
11330,4.45,3.99
11331,4.45,3.99
11332,4.45,3.99
11333,4.45,3.99
11334,4.45,3.99
11335,4.45,3.99
11337,4.45,3.99
11338,4.45,3.99
11339,4.45,3.99
11340,4.45,3.99
11341,4.45,3.99
11343,4.45,3.99
11344,4.45,3.99
11345,4.45,3.99
11346,4.45,3.99
11347,4.45,3.99
11348,4.45,3.99
11351,4.45,3.99
11352,4.45,3.99
11353,4.45,3.99
11354,4.45,3.99
11355,4.45,3.99
11357,4.45,3.99
11358,4.45,3.99
11359,4.45,3.99
11360,4.45,3.99
11361,4.45,3.99
11362,4.45,3.99
11364,4.45,3.99
11365,4.45,3.99
11366,4.45,3.99
11367,4.45,3.99
11368,4.45,3.99
11369,4.45,3.99
11371,4.45,3.99
11372,4.45,3.99
11373,4.45,3.99
11374,4.45,3.99
11375,4.45,3.99
11377,4.45,3.99
11378,4.45,3.99
11379,4.45,3.99
11380,4.45,3.99
11381,4.45,3.99
11382,4.45,3.99
11384,4.45,3.99
11385,4.45,3.99
11386,4.45,3.99
11387,4.45,3.99
11388,4.45,3.99
11389,4.45,3.99
11392,4.45,3.99
11393,4.45,3.99
11394,4.45,3.99
11395,4.45,3.99
11396,4.45,3.99
11397,4.45,3.99
11399,4.45,3.99
11400,4.45,3.99
11401,4.45,3.99
11402,4.45,3.99
11403,4.45,3.99
11405,4.45,3.99
11406,4.45,3.99
11407,4.45,3.99
11408,4.45,3.99
11409,4.45,3.99
11410,4.45,3.99
11412,4.45,3.99
11413,4.45,3.99
11414,4.45,3.99
11415,4.45,3.99
11416,4.45,3.99
11417,4.45,3.99
11419,4.45,3.99
11420,4.45,3.99
11421,4.45,3.99
11422,4.45,3.99
11423,4.45,3.99
11425,4.45,3.99
11426,4.45,3.99
11427,4.45,3.99
11428,4.45,3.99
11429,4.45,3.99
11430,4.45,3.99
11432,4.45,3.99
11433,4.45,3.99
11435,4.45,3.99
11436,4.45,3.99
11437,4.45,3.99
11438,4.45,3.99
11440,4.45,3.99
11441,4.45,3.99
11442,4.45,3.99
11443,4.45,3.99
11444,4.45,3.99
11446,4.45,3.99
11447,4.45,3.99
11448,4.45,3.99
11449,4.45,3.99
11450,4.45,3.99
11451,4.45,3.99
11453,4.45,3.99
11454,4.45,3.99
11455,4.45,3.99
11456,4.45,3.99
11457,4.45,3.99
11458,4.45,3.99
11460,4.45,3.99
11461,4.45,4.00
11462,4.45,4.00
11463,4.45,3.99
11464,4.45,4.00
11466,4.45,3.99
11467,4.45,3.99
11468,4.45,4.00
11469,4.45,4.00
11470,4.45,4.00
11471,4.45,4.00
11473,4.45,4.00
11474,4.45,4.00
11475,4.45,4.00
11476,4.45,4.00
11478,4.45,4.00
11479,4.45,4.00
11481,4.45,4.00
11482,4.45,4.00
11483,4.45,4.00
11484,4.45,4.00
11485,4.45,4.00
11486,4.45,4.00
11488,4.45,4.00
11489,4.45,4.00
11490,4.45,4.00
11491,4.45,4.00
11492,4.45,4.00
11493,4.45,4.00
11495,4.45,4.00
11496,4.45,4.00
11497,4.45,4.00
11498,4.45,4.00
11499,4.45,4.00
11501,4.45,4.00
11502,4.45,4.00
11503,4.45,4.00
11504,4.45,4.00
11505,4.45,4.00
11506,4.45,4.00
11508,4.45,4.00
11509,4.45,4.00
11510,4.45,4.00
11511,4.45,4.00
11512,4.45,4.00
11513,4.45,4.00
11515,4.45,4.00
11516,4.45,4.00
11517,4.45,4.00
11518,4.45,4.00
11520,4.45,4.00
11521,4.45,4.00
11523,4.45,4.00
11524,4.45,4.00
11525,4.45,4.00
11526,4.45,4.00
11527,4.45,4.00
11528,4.45,4.00
11530,4.45,4.00
11531,4.45,4.00
11532,4.45,4.00
11533,4.45,4.00
11534,4.45,4.00
11535,4.45,4.00
11537,4.45,4.00
11538,4.45,4.00
11539,4.45,4.00
11540,4.45,4.00
11541,4.45,4.00
11542,4.45,4.00
11544,4.45,4.00
11545,4.45,4.00
11546,4.45,4.00
11547,4.45,4.00
11548,4.45,4.00
11549,4.45,4.00
11551,4.45,4.00
11552,4.45,4.00
11553,4.45,4.00
11554,4.45,4.00
11555,4.45,4.01
11556,4.45,4.01
11558,4.45,4.00
11559,4.45,4.00
11560,4.45,4.00
11561,4.45,4.00
11563,4.45,4.01
11564,4.45,4.00
11566,4.45,4.01
11567,4.45,4.00
11568,4.45,4.01
11569,4.45,4.01
11570,4.45,4.01
11571,4.45,4.01
11573,4.45,4.00
11574,4.45,4.01
11575,4.45,4.01
11576,4.45,4.01
11577,4.45,4.01
11578,4.45,4.01
11580,4.45,4.01
11581,4.45,4.01
11582,4.45,4.01
11583,4.45,4.01
11584,4.45,4.01
11585,4.45,4.01
11587,4.45,4.01
11588,4.45,4.01
11589,4.45,4.01
11590,4.45,4.01
11591,4.45,4.01
11592,4.45,4.01
11594,4.45,4.01
11595,4.45,4.01
11596,4.45,4.01
11597,4.45,4.01
11598,4.45,4.01
11599,4.45,4.01
11601,4.45,4.01
11602,4.45,4.01
11603,4.45,4.01
11604,4.45,4.01
11606,4.45,4.01
11608,4.45,4.01
11609,4.45,4.01
11610,4.45,4.01
11611,4.45,4.01
11612,4.45,4.01
11613,4.45,4.01
11615,4.45,4.01
11616,4.45,4.01
11617,4.45,4.01
11618,4.45,4.01
11619,4.45,4.01
11620,4.45,4.01
11622,4.45,4.01
11623,4.45,4.01
11624,4.45,4.01
11625,4.45,4.01
11626,4.45,4.01
11627,4.45,4.01
11629,4.45,4.01
11630,4.45,4.01
11631,4.45,4.01
11632,4.45,4.01
11633,4.45,4.01
11634,4.45,4.01
11636,4.45,4.01
11637,4.45,4.01
11638,4.45,4.01
11639,4.45,4.01
11640,4.45,4.01
11642,4.45,4.01
11643,4.45,4.01
11644,4.45,4.01
11645,4.45,4.01
11646,4.45,4.01
11648,4.45,4.01
11650,4.45,4.01
11651,4.45,4.01
11652,4.45,4.01
11653,4.45,4.01
11654,4.45,4.01
11655,4.45,4.01
11657,4.45,4.01
11658,4.45,4.01
11659,4.45,4.01
11660,4.45,4.01
11661,4.45,4.01
11662,4.45,4.01
11664,4.45,4.01
11665,4.45,4.01
11666,4.45,4.01
11667,4.45,4.01
11668,4.45,4.01
11669,4.45,4.01
11671,4.45,4.01
11672,4.45,4.01
11673,4.45,4.01
11674,4.45,4.01
11675,4.45,4.01
11676,4.45,4.01
11678,4.45,4.01
11679,4.45,4.01
11680,4.45,4.01
11681,4.45,4.01
11682,4.45,4.01
11684,4.45,4.01
11685,4.45,4.01
11686,4.45,4.01
11687,4.45,4.01
11688,4.45,4.01
11689,4.45,4.01
11692,4.45,4.01
11693,4.45,4.01
11694,4.45,4.01
11695,4.45,4.01
11696,4.45,4.01
11697,4.45,4.01
11699,4.45,4.01
11700,4.45,4.01
11701,4.45,4.01
11702,4.45,4.01
11703,4.45,4.01
11704,4.45,4.01
11706,4.45,4.01
11707,4.45,4.01
11708,4.45,4.01
11709,4.45,4.01
11710,4.45,4.01
11711,4.45,4.01
11713,4.45,4.01
11714,4.45,4.01
11715,4.45,4.01
11716,4.45,4.01
11717,4.45,4.01
11718,4.45,4.01
11720,4.45,4.01
11721,4.45,4.01
11722,4.45,4.01
11723,4.45,4.01
11724,4.45,4.01
11726,4.45,4.01
11727,4.45,4.01
11728,4.45,4.01
11729,4.45,4.01
11730,4.45,4.01
11731,4.45,4.01
11734,4.45,4.02
11735,4.45,4.01
11736,4.45,4.01
11737,4.45,4.01
11738,4.45,4.01
11739,4.45,4.01
11741,4.45,4.01
11742,4.45,4.01
11743,4.45,4.01
11744,4.45,4.01
11745,4.45,4.01
11746,4.45,4.02
11748,4.45,4.02
11749,4.45,4.01
11750,4.45,4.02
11751,4.45,4.01
11752,4.45,4.01
11753,4.45,4.01
11755,4.45,4.01
11756,4.45,4.01
11757,4.45,4.01
11758,4.45,4.02
11759,4.45,4.02
11761,4.45,4.02
11762,4.45,4.01
11763,4.45,4.01
11764,4.45,4.02
11765,4.45,4.02
11766,4.45,4.02
11768,4.45,4.02
11769,4.45,4.02
11770,4.45,4.02
11771,4.45,4.02
11772,4.45,4.02
11773,4.45,4.02
11776,4.45,4.02
11777,4.45,4.01
11778,4.45,4.02
11779,4.45,4.02
11780,4.45,4.02
11781,4.45,4.02
11783,4.46,4.01
11784,4.45,4.02
11785,4.45,4.01
11786,4.45,4.02
11787,4.45,4.02
11788,4.45,4.02
11790,4.45,4.02
11791,4.45,4.02
11792,4.45,4.02
11793,4.45,4.02
11794,4.45,4.01
11795,4.45,4.02
11797,4.45,4.02
11798,4.45,4.02
11799,4.45,4.02
11800,4.45,4.02
11801,4.45,4.02
11803,4.45,4.02
11804,4.45,4.02
11805,4.45,4.02
11806,4.45,4.01
11807,4.45,4.02
11808,4.45,4.02
11810,4.45,4.02
11811,4.45,4.02
11812,4.45,4.02
11813,4.45,4.02
11814,4.45,4.02
11815,4.45,4.02
11817,4.45,4.02
11819,4.45,4.01
11820,4.45,4.02
11821,4.45,4.02
11822,4.45,4.02
11823,4.45,4.02
11825,4.45,4.02
11826,4.45,4.02
11827,4.45,4.02
11828,4.45,4.02
11829,4.45,4.02
11830,4.45,4.02
11832,4.45,4.02
11833,4.45,4.02
11834,4.45,4.02
11835,4.45,4.02
11836,4.45,4.02
11837,4.45,4.02
11839,4.45,4.02
11840,4.45,4.02
11841,4.45,4.02
11842,4.45,4.02
11843,4.45,4.02
11845,4.45,4.02
11846,4.45,4.02
11847,4.45,4.02
11848,4.45,4.02
11849,4.45,4.02
11850,4.45,4.02
11852,4.45,4.02
11853,4.45,4.02
11854,4.45,4.02
11855,4.45,4.02
11856,4.45,4.02
11857,4.45,4.02
11859,4.45,4.02
11860,4.45,4.02
11862,4.45,4.02
11863,4.45,4.02
11864,4.45,4.02
11865,4.45,4.02
11867,4.45,4.02
11868,4.45,4.02
11869,4.45,4.02
11870,4.45,4.02
11871,4.45,4.02
11872,4.45,4.02
11874,4.45,4.02
11875,4.45,4.02
11876,4.45,4.02
11877,4.45,4.02
11878,4.45,4.02
11880,4.45,4.02
11881,4.45,4.02
11882,4.45,4.02
11883,4.45,4.02
11884,4.45,4.02
11885,4.45,4.02
11887,4.45,4.02
11888,4.45,4.02
11889,4.45,4.02
11890,4.45,4.02
11891,4.45,4.02
11892,4.45,4.02
11894,4.45,4.02
11895,4.45,4.02
11896,4.45,4.02
11897,4.45,4.02
11898,4.45,4.02
11899,4.45,4.02
11901,4.45,4.02
11902,4.45,4.02
11904,4.45,4.02
11905,4.45,4.02
11906,4.45,4.02
11907,4.45,4.02
11909,4.45,4.02
11910,4.45,4.02
11911,4.45,4.02
11912,4.45,4.02
11913,4.45,4.02
11914,4.45,4.02
11916,4.45,4.02
11917,4.45,4.02
11918,4.45,4.02
11919,4.45,4.02
11920,4.45,4.02
11922,4.45,4.02
11923,4.45,4.02
11924,4.45,4.02
11925,4.45,4.02
11926,4.45,4.02
11927,4.45,4.02
11929,4.45,4.02
11930,4.45,4.02
11931,4.45,4.02
11932,4.45,4.02
11933,4.45,4.02
11934,4.45,4.02
11936,4.45,4.02
11937,4.45,4.02
11938,4.45,4.02
11939,4.45,4.02
11940,4.45,4.02
11941,4.45,4.02
11943,4.45,4.02
11944,4.45,4.02
11945,4.45,4.02
11947,4.45,4.02
11948,4.45,4.02
11949,4.45,4.02
11951,4.45,4.02
11952,4.45,4.02
11953,4.45,4.02
11954,4.45,4.02
11955,4.45,4.02
11956,4.45,4.02
11958,4.45,4.02
11959,4.45,4.02
11960,4.45,4.02
11961,4.45,4.02
11962,4.45,4.02
11964,4.45,4.02
11965,4.45,4.02
11966,4.45,4.02
11967,4.45,4.02
11968,4.45,4.02
11969,4.45,4.02
11971,4.45,4.02
11972,4.45,4.02
11973,4.45,4.02
11974,4.45,4.02
11975,4.45,4.02
11976,4.45,4.02
11978,4.45,4.02
11979,4.45,4.02
11980,4.45,4.02
11981,4.45,4.02
11982,4.45,4.02
11983,4.45,4.02
11985,4.45,4.02
11986,4.45,4.02
11987,4.45,4.02
11988,4.45,4.02
11990,4.45,4.02
11991,4.45,4.02
11993,4.45,4.02
11994,4.45,4.02
11995,4.45,4.02
11996,4.45,4.02
11997,4.45,4.02
11999,4.45,4.02
12000,4.45,4.02
12001,4.45,4.02
12002,4.45,4.02
12003,4.45,4.02
12004,4.45,4.02
12006,4.45,4.02
12007,4.45,4.02
12008,4.45,4.02
12009,4.45,4.02
12010,4.45,4.02
12011,4.45,4.02
12013,4.45,4.02
12014,4.45,4.02
12015,4.45,4.02
12016,4.45,4.02
12017,4.45,4.02
12018,4.45,4.02
12020,4.45,4.02
12021,4.45,4.02
12022,4.45,4.02
12023,4.45,4.02
12024,4.45,4.02
12025,4.45,4.02
12027,4.45,4.02
12028,4.45,4.02
12029,4.45,4.02
12030,4.45,4.02
12032,4.45,4.02
12033,4.45,4.02
12035,4.45,4.02
12036,4.45,4.02
12037,4.45,4.02
12038,4.45,4.02
12039,4.45,4.02
12041,4.45,4.02
12042,4.45,4.02
12043,4.45,4.02
12044,4.45,4.02
12045,4.45,4.02
12046,4.45,4.02
12048,4.45,4.02
12049,4.45,4.02
12050,4.45,4.02
12051,4.45,4.02
12052,4.45,4.02
12053,4.45,4.02
12055,4.45,4.02
12056,4.45,4.02
12057,4.45,4.02
12058,4.45,4.02
12059,4.45,4.02
12060,4.45,4.02
12062,4.45,4.02
12063,4.45,4.02
12064,4.45,4.02
12065,4.45,4.02
12066,4.45,4.02
12067,4.45,4.02
12069,4.45,4.02
12070,4.45,4.02
12071,4.45,4.02
12072,4.45,4.02
12073,4.45,4.02
12075,4.45,4.02
12077,4.45,4.02
12078,4.45,4.02
12079,4.45,4.02
12080,4.45,4.02
12081,4.45,4.02
12083,4.45,4.02
12084,4.45,4.02
12085,4.45,4.02
12086,4.45,4.02
12087,4.45,4.02
12088,4.45,4.02
12090,4.45,4.02
12091,4.45,4.02
12092,4.45,4.02
12093,4.45,4.02
12094,4.45,4.02
12095,4.45,4.02
12097,4.45,4.02
12098,4.45,4.02
12099,4.45,4.02
12100,4.45,4.02
12101,4.45,4.02
12102,4.45,4.02
12104,4.45,4.02
12105,4.45,4.02
12106,4.45,4.02
12107,4.45,4.02
12108,4.45,4.02
12109,4.45,4.02
12111,4.45,4.02
12112,4.45,4.02
12113,4.45,4.02
12114,4.45,4.02
12115,4.45,4.02
12118,4.45,4.02
12119,4.45,4.02
12120,4.45,4.02
12121,4.45,4.02
12122,4.45,4.02
12123,4.45,4.02
12125,4.45,4.02
12126,4.45,4.02
12127,4.45,4.02
12128,4.45,4.02
12129,4.45,4.02
12130,4.45,4.02
12132,4.45,4.02
12133,4.45,4.02
12134,4.45,4.02
12135,4.45,4.02
12136,4.45,4.02
12137,4.45,4.02
12139,4.45,4.02
12140,4.45,4.02
12141,4.45,4.02
12142,4.45,4.02
12143,4.45,4.02
12144,4.45,4.02
12146,4.45,4.02
12147,4.45,4.02
12148,4.45,4.02
12149,4.45,4.02
12150,4.45,4.03
12151,4.45,4.02
12153,4.45,4.02
12154,4.45,4.02
12155,4.45,4.02
12156,4.45,4.02
12157,4.45,4.02
12160,4.45,4.03
12161,4.45,4.03
12162,4.45,4.02
12163,4.45,4.02
12164,4.45,4.02
12165,4.45,4.03
12167,4.45,4.02
12168,4.45,4.02
12169,4.45,4.03
12170,4.45,4.03
12171,4.44,4.02
12172,4.45,4.03
12174,4.45,4.03
12175,4.44,4.03
12176,4.45,4.02
12177,4.44,4.03
12178,4.44,4.03
12179,4.44,4.02
12181,4.45,4.03
12182,4.44,4.03
12183,4.44,4.03
12184,4.44,4.03
12185,4.44,4.03
12187,4.44,4.03
12188,4.44,4.02
12189,4.44,4.03
12190,4.44,4.02
12191,4.44,4.03
12192,4.45,4.03
12194,4.44,4.02
12195,4.44,4.03
12196,4.44,4.02
12197,4.44,4.02
12198,4.44,4.02
12199,4.44,4.02
12201,4.44,4.02
12203,4.44,4.02
12204,4.44,4.03
12205,4.44,4.02
12206,4.44,4.02
12207,4.44,4.02
12209,4.44,4.03
12210,4.44,4.02
12211,4.44,4.02
12212,4.44,4.03
12213,4.45,4.02
12215,4.44,4.02
12216,4.44,4.02
12217,4.45,4.02
12218,4.45,4.02
12219,4.45,4.02
12220,4.45,4.02
12222,4.45,4.02
12223,4.45,4.02
12224,4.45,4.02
12225,4.45,4.02
12226,4.45,4.02
12227,4.45,4.03
12229,4.45,4.02
12230,4.44,4.02
12231,4.44,4.02
12232,4.44,4.03
12233,4.44,4.03
12234,4.44,4.03
12236,4.44,4.03
12237,4.44,4.03
12238,4.44,4.03
12239,4.44,4.03
12240,4.44,4.03
12242,4.44,4.03
12243,4.44,4.03
12244,4.44,4.02
12246,4.44,4.03
12247,4.44,4.02
12248,4.44,4.03
12250,4.44,4.03
12251,4.44,4.03
12252,4.44,4.03
12253,4.44,4.02
12254,4.44,4.02
12255,4.44,4.02
12257,4.44,4.03
12258,4.44,4.02
12259,4.44,4.02
12260,4.44,4.02
12261,4.44,4.03
12262,4.44,4.02
12264,4.44,4.02
12265,4.44,4.03
12266,4.44,4.02
12267,4.44,4.02
12268,4.44,4.03
12270,4.44,4.03
12271,4.44,4.02
12272,4.44,4.02
12273,4.44,4.02
12274,4.44,4.02
12275,4.44,4.02
12277,4.44,4.02
12278,4.44,4.02
12279,4.44,4.02
12280,4.44,4.02
12281,4.44,4.03
12282,4.44,4.02
12284,4.44,4.02
12285,4.44,4.02
12286,4.44,4.02
12288,4.44,4.02
12289,4.44,4.02
12290,4.44,4.02
12292,4.44,4.02
12293,4.44,4.02
12294,4.44,4.02
12295,4.44,4.02
12296,4.44,4.02
12297,4.44,4.02
12299,4.44,4.02
12300,4.44,4.02
12301,4.44,4.02
12302,4.44,4.02
12303,4.43,4.02
12304,4.43,4.00
12306,4.40,3.98
12307,4.36,3.95
12308,4.32,3.93
12309,4.28,3.91
12310,4.26,3.90
12312,4.24,3.89
12313,4.23,3.89
12314,4.22,3.89
12315,4.23,3.89
12316,4.23,3.89
12317,4.22,3.89
12319,4.20,3.87
12320,4.17,3.85
12321,4.14,3.85
12322,4.12,3.83
12323,4.09,3.81
12325,4.05,3.78
12326,4.02,3.77
12327,4.01,3.77
12328,4.01,3.77
12329,4.02,3.78
12331,4.02,3.78
12333,4.04,3.80
12334,4.05,3.81
12335,4.06,3.83
12336,4.08,3.85
12337,4.10,3.87
12338,4.12,3.90
12340,4.13,3.90
12341,4.12,3.89
12342,4.10,3.88
12343,4.09,3.88
12344,4.10,3.88
12345,4.10,3.88
12347,4.11,3.88
12348,4.13,3.89
12349,4.14,3.90
12350,4.16,3.91
12351,4.19,3.92
12353,4.21,3.93
12354,4.23,3.96
12355,4.26,3.97
12356,4.27,3.97
12357,4.26,3.96
12358,4.24,3.95
12360,4.24,3.95
12361,4.24,3.95
12362,4.24,3.95
12363,4.25,3.95
12364,4.26,3.95
12366,4.27,3.95
12367,4.28,3.95
12368,4.29,3.96
12369,4.30,3.96
12370,4.31,3.96
12371,4.32,3.97
12374,4.33,3.97
12375,4.34,3.97
12376,4.35,3.98
12377,4.35,3.98
12378,4.36,3.98
12380,4.37,3.98
12381,4.37,3.98
12382,4.38,3.98
12383,4.39,3.99
12384,4.39,3.99
12385,4.40,3.99
12387,4.40,3.99
12388,4.41,3.99
12389,4.41,3.99
12390,4.41,3.99
12391,4.42,3.99
12393,4.42,3.99
12394,4.42,4.00
12395,4.42,4.00
12396,4.42,4.00
12397,4.43,4.00
12398,4.43,4.00
12400,4.43,4.00
12401,4.43,4.00
12402,4.43,4.00
12403,4.43,4.00
12404,4.44,4.00
12405,4.43,4.00
12407,4.43,4.00
12408,4.43,4.00
12409,4.43,4.00
12410,4.43,4.00
12411,4.43,4.00
12412,4.43,4.00
12414,4.43,4.00
12416,4.43,4.00
12417,4.43,4.00
12418,4.43,4.00
12419,4.43,4.00
12420,4.43,4.00
12422,4.43,4.00
12423,4.43,4.00
12424,4.43,4.00
12425,4.43,4.00
12426,4.43,4.00
12427,4.42,4.00
12429,4.42,4.00
12430,4.42,4.00
12431,4.42,3.99
12432,4.42,4.00
12433,4.42,4.00
12435,4.42,4.00
12436,4.42,4.00
12437,4.42,4.00
12438,4.42,4.00
12439,4.42,4.00
12440,4.42,4.00
12442,4.42,4.00
12443,4.41,4.00
12444,4.42,4.00
12445,4.42,4.00
12446,4.42,4.00
12447,4.41,4.00
12449,4.41,4.00
12450,4.41,4.00
12451,4.41,3.99
12452,4.41,4.00
12453,4.41,4.00
12454,4.41,4.00
12456,4.41,4.00
12457,4.41,4.00
12459,4.41,4.00
12460,4.41,3.99
12461,4.41,3.99
12462,4.42,4.00
12464,4.41,4.00
12465,4.41,4.00
12466,4.42,4.00
12467,4.41,4.00
12468,4.41,4.00
12470,4.41,4.00
12471,4.41,4.00
12472,4.41,4.00
12473,4.41,4.00
12474,4.42,4.00
12475,4.41,4.00
12477,4.42,4.00
12478,4.42,4.00
12479,4.41,4.00
12480,4.42,4.00
12481,4.42,4.00
12482,4.42,4.00
12484,4.42,4.00
12485,4.42,4.00
12486,4.42,4.00
12487,4.42,4.00
12488,4.42,4.00
12489,4.42,4.00
12491,4.42,4.00
12492,4.42,4.00
12493,4.42,4.00
12494,4.42,4.00
12495,4.42,4.00
12496,4.42,4.00
12498,4.42,4.00
12499,4.42,4.00
12500,4.42,4.00
12502,4.42,4.00
12503,4.41,4.00
12505,4.41,4.00
12506,4.42,4.00
12507,4.42,4.00
12508,4.42,4.00
12509,4.41,4.00
12510,4.41,4.00
12512,4.41,4.00
12513,4.41,4.00
12514,4.41,4.00
12515,4.41,4.00
12516,4.41,4.00
12517,4.41,4.00
12519,4.41,4.00
12520,4.41,4.00
12521,4.41,4.00
12522,4.41,4.00
12523,4.41,4.00
12524,4.41,4.00
12526,4.41,4.00
12527,4.41,4.00
12528,4.41,4.00
12529,4.41,4.00
12530,4.41,4.00
12531,4.41,4.00
12533,4.41,4.00
12534,4.41,4.00
12535,4.41,4.00
12536,4.41,4.00
12537,4.41,4.00
12538,4.41,4.00
12540,4.42,4.00
12541,4.42,4.00
12542,4.41,4.00
12544,4.42,4.00
12545,4.41,4.00
12547,4.41,4.00
12548,4.41,4.00
12549,4.41,4.00
12550,4.41,4.00
12551,4.41,4.00
12552,4.41,4.00
12554,4.41,4.00
12555,4.41,4.00
12556,4.41,4.00
12557,4.41,4.00
12558,4.41,4.00
12559,4.41,4.00
12561,4.41,4.00
12562,4.41,4.00
12563,4.41,4.00
12564,4.41,4.00
12565,4.41,4.00
12566,4.41,4.00
12568,4.41,4.00
12569,4.41,4.00
12570,4.41,4.00
12571,4.41,4.00
12572,4.41,4.00
12573,4.41,4.00
12575,4.41,4.00
12576,4.41,4.00
12577,4.41,4.00
12578,4.41,4.00
12579,4.41,4.00
12580,4.41,4.00
12582,4.41,4.00
12583,4.41,4.00
12584,4.41,4.00
12585,4.41,4.00
12587,4.41,4.00
12589,4.41,4.00
12590,4.41,4.00
12591,4.41,4.00
12592,4.41,4.00
12593,4.41,4.00
12594,4.41,4.00
12596,4.41,4.00
12597,4.41,4.00
12598,4.41,4.00
12599,4.41,4.00
12600,4.41,4.00
12601,4.41,4.00
12603,4.41,4.00
12604,4.41,4.00
12605,4.41,4.00
12606,4.41,4.00
12607,4.41,4.00
12608,4.41,4.00
12610,4.41,4.00
12611,4.41,4.00
12612,4.41,4.00
12613,4.41,4.00
12614,4.41,4.00
12615,4.41,4.00
12617,4.41,4.00
12618,4.41,4.00
12619,4.41,4.00
12620,4.41,4.00
12621,4.41,4.00
12623,4.41,4.00
12624,4.41,4.00
12625,4.41,4.00
12626,4.41,4.00
12627,4.41,4.00
12628,4.41,4.00
12631,4.41,4.00
12632,4.41,4.00
12633,4.41,4.00
12634,4.41,4.00
12635,4.41,4.00
12636,4.41,4.00
12638,4.41,4.00
12639,4.41,4.00
12640,4.41,4.00
12641,4.41,4.00
12642,4.41,4.00
12643,4.41,4.00
12645,4.41,4.00
12646,4.41,3.99
12647,4.41,3.99
12648,4.41,4.00
12649,4.41,4.00
12650,4.41,3.99
12652,4.41,3.99
12653,4.41,4.00
12654,4.41,4.00
12655,4.41,4.00
12656,4.41,4.00
12658,4.41,4.00
12659,4.41,4.00
12660,4.41,4.00
12661,4.41,4.00
12662,4.41,4.00
12663,4.41,4.00
12665,4.41,4.00
12666,4.41,4.00
12667,4.41,4.00
12668,4.41,4.00
12669,4.41,4.00
12670,4.41,4.00
12673,4.41,4.00
12674,4.41,4.00
12675,4.41,4.00
12676,4.41,4.00
12677,4.41,4.00
12678,4.41,4.00
12680,4.41,4.00
12681,4.41,4.00
12682,4.41,4.00
12683,4.41,4.00
12684,4.41,4.00
12685,4.41,4.00
12687,4.41,4.00
12688,4.41,4.00
12689,4.41,4.00
12690,4.41,4.00
12691,4.41,4.01
12693,4.41,4.01
12694,4.41,4.01
12695,4.41,4.01
12696,4.41,4.01
12697,4.41,4.01
12698,4.41,4.01
12700,4.41,4.01
12701,4.41,4.01
12702,4.41,4.01
12703,4.41,4.01
12704,4.41,4.01
12705,4.41,4.01
12707,4.41,4.01
12708,4.41,4.01
12709,4.41,4.01
12710,4.41,4.01
12711,4.41,4.01
12713,4.41,4.01
12715,4.41,4.01
12716,4.41,4.01
12717,4.41,4.01
12718,4.41,4.01
12719,4.41,4.02
12721,4.41,4.02
12722,4.41,4.02
12723,4.41,4.01
12724,4.41,4.02
12725,4.41,4.02
12726,4.41,4.02
12728,4.41,4.02
12729,4.41,4.02
12730,4.41,4.02
12731,4.41,4.02
12732,4.41,4.02
12733,4.41,4.02
12735,4.41,4.02
12736,4.41,4.02
12737,4.41,4.02
12738,4.41,4.02
12739,4.41,4.02
12740,4.41,4.02
12742,4.41,4.02
12743,4.41,4.02
12744,4.41,4.02
12745,4.41,4.02
12746,4.41,4.02
12748,4.41,4.02
12749,4.41,4.02
12750,4.41,4.02
12751,4.41,4.02
12752,4.41,4.02
12753,4.41,4.02
12755,4.41,4.02
12756,4.41,4.02
12758,4.41,4.02
12759,4.41,4.02
12760,4.41,4.02
12761,4.41,4.02
12763,4.41,4.02
12764,4.41,4.02
12765,4.41,4.02
12766,4.41,4.02
12767,4.41,4.02
12768,4.41,4.02
12770,4.41,4.02
12771,4.41,4.02
12772,4.40,4.02
12773,4.41,4.02
12774,4.41,4.02
12776,4.41,4.02
12777,4.41,4.02
12778,4.41,4.02
12779,4.41,4.02
12780,4.41,4.03
12781,4.41,4.02
12783,4.41,4.02
12784,4.41,4.02
12785,4.41,4.03
12786,4.41,4.02
12787,4.41,4.02
12788,4.41,4.03
12790,4.41,4.03
12791,4.41,4.03
12792,4.41,4.03
12793,4.41,4.03
12794,4.41,4.03
12796,4.41,4.03
12797,4.41,4.03
12798,4.40,4.03
12800,4.40,4.03
12801,4.40,4.03
12802,4.40,4.03
12804,4.40,4.03
12805,4.40,4.03
12806,4.40,4.03
12807,4.40,4.03
12808,4.40,4.03
12809,4.40,4.03
12811,4.40,4.03
12812,4.40,4.03
12813,4.40,4.03
12814,4.40,4.03
12815,4.40,4.03
12816,4.40,4.03
12818,4.40,4.03
12819,4.40,4.03
12820,4.40,4.03
12821,4.40,4.03
12822,4.40,4.03
12824,4.40,4.03
12825,4.40,4.03
12826,4.40,4.03
12827,4.40,4.03
12828,4.40,4.03
12829,4.40,4.03
12831,4.40,4.03
12832,4.40,4.03
12833,4.40,4.03
12834,4.40,4.03
12835,4.40,4.03
12836,4.40,4.03
12838,4.40,4.03
12839,4.40,4.03
12840,4.40,4.03
12841,4.40,4.03
12843,4.40,4.03
12844,4.40,4.03
12846,4.40,4.03
12847,4.40,4.03
12848,4.40,4.03
12849,4.40,4.03
12850,4.40,4.03
12851,4.40,4.03
12853,4.40,4.03
12854,4.40,4.03
12855,4.40,4.03
12856,4.40,4.03
12857,4.40,4.03
12858,4.40,4.03
12859,4.40,4.03
12861,4.40,4.03
12862,4.40,4.03
12863,4.40,4.03
12864,4.40,4.03
12865,4.40,4.03
12866,4.40,4.03
12868,4.40,4.03
12869,4.40,4.03
12870,4.40,4.04
12871,4.40,4.03
12872,4.40,4.03
12873,4.40,4.03
12875,4.40,4.03
12876,4.40,4.03
12877,4.40,4.03
12878,4.40,4.04
12879,4.40,4.03
12880,4.40,4.04
12882,4.40,4.04
12883,4.40,4.04
12884,4.40,4.04
12886,4.40,4.04
12887,4.40,4.04
12888,4.40,4.04
12890,4.40,4.04
12891,4.40,4.04
12892,4.40,4.04
12893,4.40,4.04
12894,4.40,4.03
12896,4.40,4.03
12897,4.40,4.03
12898,4.40,4.04
12899,4.40,4.03
12900,4.40,4.04
12901,4.40,4.04
12903,4.40,4.04
12904,4.40,4.04
12905,4.40,4.04
12906,4.40,4.04
12907,4.40,4.04
12908,4.40,4.04
12910,4.40,4.04
12911,4.40,4.04
12912,4.40,4.04
12913,4.40,4.03
12914,4.40,4.03
12915,4.40,4.04
12917,4.40,4.04
12918,4.40,4.03
12919,4.40,4.04
12920,4.40,4.03
12921,4.40,4.04
12922,4.40,4.03
12924,4.40,4.03
12925,4.40,4.03
12926,4.40,4.03
12928,4.40,4.03
12929,4.40,4.03
12930,4.40,4.04
12932,4.40,4.03
12933,4.40,4.04
12934,4.40,4.03
12935,4.40,4.03
12936,4.40,4.03
12937,4.40,4.03
12939,4.40,4.03
12940,4.40,4.03
12941,4.40,4.03
12942,4.40,4.03
12943,4.40,4.03
12944,4.40,4.03
12946,4.40,4.03
12947,4.40,4.03
12948,4.40,4.03
12949,4.40,4.03
12950,4.40,4.03
12951,4.40,4.03
12953,4.40,4.04
12954,4.40,4.03
12955,4.40,4.03
12956,4.40,4.04
12957,4.40,4.03
12958,4.40,4.03
12960,4.40,4.03
12961,4.40,4.03
12962,4.40,4.03
12963,4.40,4.03
12964,4.40,4.03
12965,4.40,4.03
12967,4.40,4.03
12968,4.40,4.03
12969,4.40,4.03
12971,4.40,4.03
12972,4.40,4.03
12973,4.40,4.03
12975,4.40,4.03
12976,4.40,4.03
12977,4.40,4.03
12978,4.40,4.03
12979,4.40,4.03
12980,4.40,4.03
12982,4.40,4.03
12983,4.40,4.03
12984,4.40,4.03
12985,4.40,4.03
12986,4.40,4.02
12987,4.40,4.02
12989,4.40,4.03
12990,4.40,4.02
12991,4.40,4.02
12992,4.40,4.02
12993,4.40,4.02
12994,4.40,4.02
12996,4.40,4.02
12997,4.40,4.02
12998,4.40,4.02
12999,4.40,4.02
13000,4.40,4.02
13001,4.40,4.02
13003,4.40,4.01
13004,4.40,4.01
13005,4.40,4.01
13006,4.40,4.01
13007,4.40,4.01
13008,4.40,4.01
13010,4.40,4.01
13011,4.40,4.01
13012,4.40,4.00
13014,4.40,4.00
13015,4.40,4.00
13016,4.40,4.00
13018,4.40,4.00
13019,4.40,4.00
13020,4.40,4.00
13021,4.40,4.00
13022,4.40,3.99
13023,4.40,3.99
13025,4.40,3.99
13026,4.40,3.99
13027,4.40,3.99
13028,4.40,3.99
13029,4.40,3.99
13030,4.40,3.98
13032,4.40,3.98
13033,4.40,3.98
13034,4.40,3.98
13035,4.40,3.98
13036,4.40,3.98
13038,4.40,3.98
13039,4.40,3.97
13040,4.40,3.97
13041,4.40,3.97
13042,4.40,3.97
13043,4.40,3.97
13045,4.40,3.97
13046,4.40,3.97
13047,4.40,3.96
13048,4.40,3.96
13049,4.40,3.96
13050,4.40,3.96
13052,4.40,3.96
13053,4.40,3.96
13054,4.40,3.96
13056,4.40,3.95
13057,4.40,3.95
13058,4.40,3.95
13060,4.40,3.95
13061,4.40,3.95
13062,4.40,3.95
13063,4.40,3.95
13064,4.40,3.94
13065,4.40,3.94
13067,4.40,3.94
13068,4.40,3.94
13069,4.40,3.94
13070,4.40,3.94
13071,4.40,3.94
13072,4.40,3.94
13074,4.40,3.93
13075,4.40,3.93
13076,4.40,3.93
13077,4.40,3.93
13078,4.40,3.93
13080,4.40,3.93
13081,4.40,3.93
13082,4.40,3.93
13083,4.40,3.93
13084,4.40,3.92
13085,4.40,3.92
13087,4.40,3.92
13088,4.40,3.92
13089,4.40,3.92
13090,4.40,3.92
13091,4.40,3.92
13092,4.40,3.92
13094,4.40,3.91
13095,4.40,3.91
13096,4.40,3.91
13097,4.40,3.91
13099,4.40,3.91
13100,4.40,3.91
13102,4.40,3.91
13103,4.40,3.91
13104,4.40,3.91
13105,4.40,3.91
13106,4.40,3.91
13107,4.40,3.91
13109,4.40,3.91
13110,4.40,3.91
13111,4.40,3.91
13112,4.40,3.91
13113,4.40,3.91
13115,4.40,3.91
13116,4.40,3.91
13117,4.40,3.91
13118,4.40,3.91
13119,4.40,3.90
13120,4.40,3.90
13122,4.40,3.90
13123,4.40,3.90
13124,4.40,3.90
13125,4.40,3.90
13126,4.40,3.90
13127,4.40,3.90
13129,4.40,3.90
13130,4.40,3.90
13131,4.40,3.90
13132,4.40,3.90
13133,4.40,3.90
13134,4.40,3.90
13136,4.40,3.90
13137,4.40,3.90
13138,4.40,3.90
13139,4.40,3.90
13140,4.40,3.90
13143,4.40,3.90
13144,4.40,3.90
13145,4.40,3.90
13146,4.40,3.90
13147,4.40,3.90
13148,4.40,3.90
13150,4.40,3.89
13151,4.40,3.89
13152,4.40,3.89
13153,4.40,3.89
13154,4.40,3.89
13155,4.40,3.89
13157,4.40,3.89
13158,4.40,3.89
13159,4.40,3.89
13160,4.40,3.89
13161,4.40,3.89
13162,4.40,3.89
13164,4.40,3.89
13165,4.40,3.89
13166,4.40,3.89
13167,4.40,3.89
13168,4.40,3.89
13169,4.40,3.89
13171,4.40,3.89
13172,4.40,3.89
13173,4.40,3.89
13174,4.40,3.89
13175,4.40,3.89
13177,4.40,3.89
13178,4.40,3.89
13179,4.40,3.89
13180,4.40,3.89
13181,4.40,3.89
13182,4.40,3.89
13185,4.40,3.89
13186,4.40,3.89
13187,4.40,3.89
13188,4.40,3.89
13189,4.40,3.89
13190,4.40,3.89
13192,4.40,3.89
13193,4.40,3.89
13194,4.40,3.89
13195,4.40,3.89
13196,4.40,3.89
13197,4.40,3.89
13199,4.40,3.89
13200,4.40,3.89
13201,4.40,3.89
13202,4.40,3.89
13203,4.40,3.89
13204,4.40,3.89
13206,4.40,3.89
13207,4.40,3.89
13208,4.40,3.89
13209,4.40,3.90
13210,4.40,3.90
13211,4.40,3.90
13213,4.40,3.90
13214,4.40,3.90
13215,4.40,3.90
13216,4.40,3.90
13217,4.40,3.90
13219,4.40,3.90
13220,4.40,3.90
13221,4.40,3.90
13222,4.40,3.90
13223,4.40,3.90
13224,4.40,3.90
13227,4.40,3.90
13228,4.40,3.90
13229,4.40,3.90
13230,4.40,3.90
13231,4.40,3.90
13232,4.40,3.90
13234,4.40,3.90
13235,4.40,3.90
13236,4.40,3.90
13237,4.40,3.90
13238,4.40,3.90
13239,4.40,3.90
13241,4.40,3.90
13242,4.40,3.90
13243,4.40,3.90
13244,4.40,3.90
13245,4.40,3.90
13246,4.40,3.90
13248,4.40,3.90
13249,4.40,3.90
13250,4.40,3.90
13251,4.40,3.90
13252,4.40,3.90
13253,4.40,3.90
13255,4.40,3.90
13256,4.40,3.90
13257,4.40,3.90
13258,4.40,3.90
13259,4.40,3.90
13260,4.40,3.90
13262,4.40,3.90
13263,4.40,3.90
13264,4.40,3.90
13265,4.40,3.90
13266,4.40,3.90
13267,4.40,3.90
13270,4.40,3.91
13271,4.40,3.90
13272,4.40,3.91
13273,4.40,3.91
13274,4.40,3.91
13276,4.40,3.91
13277,4.40,3.91
13278,4.40,3.91
13279,4.40,3.91
13280,4.40,3.91
13281,4.40,3.91
13283,4.40,3.91
13284,4.40,3.91
13285,4.40,3.91
13286,4.40,3.91
13287,4.40,3.91
13289,4.40,3.91
13290,4.40,3.91
13291,4.40,3.91
13292,4.40,3.91
13293,4.40,3.91
13294,4.40,3.91
13296,4.40,3.91
13297,4.40,3.91
13298,4.40,3.91
13299,4.40,3.91
13300,4.40,3.91
13302,4.40,3.91
13303,4.40,3.91
13304,4.40,3.91
13305,4.40,3.91
13306,4.40,3.91
13307,4.40,3.91
13309,4.40,3.91
13310,4.40,3.91
13312,4.40,3.92
13313,4.40,3.92
13314,4.40,3.92
13315,4.40,3.92
13317,4.40,3.92
13318,4.40,3.92
13319,4.40,3.92
13320,4.40,3.92
13321,4.40,3.92
13322,4.40,3.92
13324,4.40,3.92
13325,4.40,3.93
13326,4.40,3.93
13327,4.40,3.93
13328,4.40,3.93
13329,4.40,3.93
13331,4.40,3.93
13332,4.40,3.93
13333,4.40,3.93
13334,4.40,3.93
13335,4.40,3.93
13337,4.40,3.94
13338,4.40,3.94
13339,4.40,3.94
13340,4.40,3.94
13341,4.40,3.94
13342,4.40,3.94
13344,4.40,3.94
13345,4.40,3.94
13346,4.40,3.94
13347,4.40,3.94
13348,4.40,3.94
13349,4.40,3.94
13351,4.40,3.94
13352,4.40,3.94
13353,4.40,3.94
13355,4.40,3.95
13356,4.40,3.95
13357,4.40,3.95
13359,4.40,3.95
13360,4.40,3.95
13361,4.40,3.95
13362,4.40,3.95
13363,4.40,3.95
13364,4.40,3.95
13366,4.40,3.95
13367,4.40,3.96
13368,4.40,3.96
13369,4.40,3.96
13370,4.40,3.96
13371,4.40,3.96
13373,4.40,3.96
13374,4.40,3.96
13375,4.40,3.96
13376,4.40,3.96
13377,4.40,3.96
13379,4.40,3.96
13380,4.40,3.96
13381,4.40,3.96
13382,4.40,3.96
13383,4.40,3.96
13384,4.40,3.97
13386,4.40,3.97
13387,4.40,3.97
13388,4.40,3.97
13389,4.40,3.97
13390,4.40,3.97
13391,4.40,3.97
13393,4.40,3.97
13394,4.40,3.97
13395,4.40,3.97
13396,4.40,3.97
13398,4.40,3.98
13399,4.40,3.98
13401,4.40,3.98
13402,4.40,3.98
13403,4.40,3.98
13404,4.40,3.98
13405,4.40,3.98
13406,4.40,3.98
13408,4.40,3.99
13409,4.40,3.99
13410,4.40,3.99
13411,4.40,3.99
13412,4.40,3.99
13414,4.40,3.99
13415,4.40,3.99
13416,4.40,3.99
13417,4.40,4.00
13418,4.40,4.00
13419,4.40,4.00
13421,4.40,4.00
13422,4.40,4.00
13423,4.40,4.01
13424,4.40,4.01
13425,4.40,4.01
13426,4.40,4.01
13428,4.40,4.02
13429,4.40,4.02
13430,4.40,4.02
13431,4.40,4.02
13432,4.40,4.02
13433,4.40,4.03
13435,4.40,4.03
13436,4.40,4.03
13437,4.40,4.03
13438,4.40,4.03
13440,4.40,4.04
13441,4.40,4.04
13443,4.40,4.04
13444,4.39,4.04
13445,4.40,4.04
13446,4.40,4.04
13447,4.40,4.05
13448,4.40,4.05
13450,4.40,4.05
13451,4.40,4.05
13452,4.39,4.05
13453,4.40,4.05
13454,4.40,4.06
13455,4.39,4.06
13457,4.40,4.06
13458,4.39,4.06
13459,4.39,4.06
13460,4.39,4.06
13461,4.39,4.06
13463,4.40,4.06
13464,4.39,4.06
13465,4.40,4.06
13466,4.40,4.06
13467,4.39,4.06
13468,4.40,4.06
13470,4.39,4.06
13471,4.39,4.06
13472,4.39,4.06
13473,4.39,4.06
13474,4.39,4.06
13475,4.39,4.06
13477,4.40,4.06
13478,4.39,4.06
13479,4.39,4.06
13480,4.39,4.06
13481,4.39,4.06
13483,4.39,4.06
13485,4.39,4.05
13486,4.39,4.05
13487,4.39,4.05
13488,4.39,4.05
13489,4.39,4.05
13491,4.39,4.05
13492,4.39,4.05
13493,4.39,4.05
13494,4.39,4.05
13495,4.39,4.04
13496,4.40,4.04
13498,4.40,4.04
13499,4.40,4.04
13500,4.40,4.04
13501,4.40,4.04
13502,4.40,4.04
13503,4.40,4.03
13505,4.40,4.03
13506,4.40,4.03
13507,4.40,4.03
13508,4.40,4.03
13509,4.40,4.03
13511,4.40,4.02
13512,4.40,4.02
13513,4.40,4.02
13514,4.40,4.02
13515,4.40,4.02
13516,4.40,4.01
13518,4.40,4.01
13519,4.40,4.01
13520,4.40,4.01
13521,4.40,4.00
13522,4.40,4.00
13523,4.40,4.00
13526,4.40,4.00
13527,4.40,4.00
13528,4.40,3.99
13529,4.40,3.99
13530,4.40,3.99
13531,4.40,3.99
13533,4.40,3.99
13534,4.40,3.99
13535,4.40,3.98
13536,4.40,3.98
13537,4.40,3.98
13538,4.40,3.98
13540,4.40,3.98
13541,4.40,3.97
13542,4.40,3.97
13543,4.40,3.97
13544,4.40,3.97
13545,4.40,3.97
13547,4.40,3.97
13548,4.40,3.96
13549,4.40,3.96
13550,4.40,3.96
13551,4.40,3.96
13552,4.40,3.96
13554,4.40,3.96
13555,4.40,3.96
13556,4.40,3.95
13557,4.40,3.95
13558,4.40,3.95
13560,4.40,3.95
13561,4.40,3.95
13562,4.40,3.95
13563,4.40,3.95
13564,4.40,3.95
13565,4.40,3.95
13568,4.40,3.95
13569,4.40,3.95
13570,4.40,3.94
13571,4.40,3.94
13572,4.40,3.94
13573,4.40,3.94
13575,4.40,3.94
13576,4.40,3.94
13577,4.40,3.94
13578,4.40,3.94
13579,4.40,3.94
13580,4.40,3.94
13582,4.40,3.94
13583,4.40,3.94
13584,4.40,3.94
13585,4.40,3.94
13586,4.40,3.94
13587,4.40,3.93
13589,4.40,3.93
13590,4.40,3.93
13591,4.40,3.93
13592,4.40,3.93
13593,4.40,3.93
13594,4.40,3.93
13596,4.40,3.93
13597,4.40,3.93
13598,4.40,3.93
13599,4.40,3.93
13600,4.40,3.93
13602,4.40,3.93
13603,4.40,3.93
13604,4.40,3.93
13605,4.40,3.93
13606,4.40,3.93
13607,4.40,3.93
13609,4.40,3.93
13611,4.40,3.93
13612,4.40,3.93
13613,4.40,3.93
13614,4.40,3.93
13615,4.40,3.93
13617,4.40,3.93
13618,4.40,3.93
13619,4.40,3.93
13620,4.40,3.93
13621,4.40,3.93
13622,4.40,3.93
13624,4.40,3.92
13625,4.40,3.93
13626,4.41,3.93
13627,4.40,3.93
13628,4.40,3.93
13629,4.40,3.92
13631,4.40,3.93
13632,4.40,3.93
13633,4.40,3.93
13634,4.40,3.93
13635,4.40,3.93
13637,4.40,3.93
13638,4.40,3.93
13639,4.40,3.93
13640,4.40,3.93
13641,4.41,3.93
13642,4.40,3.93
13644,4.40,3.93
13645,4.41,3.93
13646,4.40,3.93
13647,4.40,3.93
13648,4.40,3.93
13649,4.40,3.93
13651,4.40,3.93
13652,4.40,3.93
13654,4.40,3.93
13655,4.41,3.93
13656,4.41,3.93
13657,4.41,3.93
13659,4.40,3.93
13660,4.40,3.93
13661,4.40,3.93
13662,4.40,3.93
13663,4.40,3.93
13665,4.40,3.93
13666,4.40,3.93
13667,4.40,3.93
13668,4.40,3.93
13669,4.40,3.93
13670,4.40,3.93
13672,4.40,3.93
13673,4.40,3.93
13674,4.40,3.93
13675,4.40,3.93
13676,4.40,3.93
13677,4.41,3.93
13679,4.40,3.93
13680,4.40,3.93
13681,4.40,3.93
13682,4.41,3.93
13683,4.40,3.93
13684,4.40,3.93
13686,4.40,3.93
13687,4.41,3.93
13688,4.40,3.93
13689,4.40,3.93
13690,4.41,3.93
13691,4.41,3.93
13693,4.41,3.93
13694,4.41,3.93
13696,4.41,3.93
13697,4.41,3.93
13698,4.41,3.93
13700,4.41,3.93
13701,4.41,3.93
13702,4.41,3.93
13703,4.41,3.93
13704,4.41,3.93
13705,4.41,3.93
13707,4.41,3.93
13708,4.41,3.93
13709,4.41,3.93
13710,4.41,3.93
13711,4.41,3.93
13713,4.41,3.93
13714,4.41,3.93
13715,4.41,3.93
13716,4.41,3.93
13717,4.41,3.93
13718,4.41,3.93
13720,4.41,3.93
13721,4.41,3.93
13722,4.41,3.93
13723,4.41,3.93
13724,4.41,3.93
13726,4.41,3.93
13727,4.41,3.93
13728,4.40,3.93
13729,4.41,3.93
13730,4.41,3.93
13731,4.41,3.93
13733,4.41,3.93
13734,4.40,3.93
13735,4.41,3.93
13736,4.40,3.93
13737,4.40,3.93
13739,4.40,3.93
13741,4.40,3.93
13742,4.41,3.93
13743,4.40,3.93
13744,4.40,3.93
13745,4.41,3.93
13747,4.40,3.93
13748,4.41,3.94
13749,4.41,3.93
13750,4.41,3.94
13751,4.41,3.93
13752,4.41,3.94
13754,4.41,3.94
13755,4.41,3.94
13756,4.41,3.94
13757,4.41,3.93
13758,4.41,3.94
13759,4.41,3.93
13761,4.41,3.94
13762,4.41,3.94
13763,4.40,3.94
13764,4.41,3.94
13765,4.41,3.94
13767,4.41,3.94
13768,4.41,3.94
13769,4.40,3.94
13770,4.41,3.94
13771,4.41,3.94
13772,4.41,3.94
13774,4.41,3.94
13775,4.41,3.94
13776,4.41,3.94
13777,4.41,3.94
13778,4.41,3.94
13780,4.41,3.94
13782,4.41,3.94
13783,4.41,3.94
13784,4.41,3.94
13785,4.41,3.94
13786,4.41,3.94
13788,4.41,3.94
13789,4.41,3.94
13790,4.41,3.94
13791,4.41,3.94
13792,4.41,3.94
13794,4.41,3.94
13795,4.41,3.94
13796,4.41,3.94
13797,4.41,3.94
13798,4.41,3.94
13799,4.41,3.94
13801,4.41,3.94
13802,4.41,3.94
13803,4.41,3.94
13804,4.41,3.94
13805,4.41,3.94
13806,4.41,3.94
13808,4.40,3.94
13809,4.41,3.94
13810,4.41,3.94
13811,4.41,3.94
13812,4.41,3.94
13814,4.41,3.94
13815,4.41,3.94
13816,4.41,3.94
13817,4.41,3.94
13818,4.41,3.94
13819,4.41,3.94
13821,4.41,3.94
13822,4.41,3.94
13824,4.41,3.94
13825,4.41,3.94
13826,4.41,3.94
13828,4.41,3.94
13829,4.41,3.94
13830,4.41,3.94
13831,4.41,3.94
13832,4.41,3.94
13833,4.41,3.94
13835,4.41,3.94
13836,4.40,3.94
13837,4.40,3.94
13838,4.40,3.94
13839,4.40,3.94
13840,4.40,3.94
13842,4.40,3.94
13843,4.40,3.94
13844,4.40,3.94
13845,4.40,3.94
13846,4.40,3.94
13848,4.40,3.94
13849,4.40,3.94
13850,4.40,3.94
13851,4.40,3.94
13852,4.40,3.94
13853,4.40,3.94
13855,4.40,3.94
13856,4.40,3.94
13857,4.40,3.94
13858,4.40,3.94
13859,4.40,3.94
13860,4.41,3.94
13862,4.40,3.94
13863,4.41,3.94
13864,4.40,3.94
13865,4.40,3.94
13867,4.40,3.94
13868,4.40,3.94
13870,4.40,3.94
13871,4.41,3.94
13872,4.41,3.94
13873,4.41,3.94
13874,4.41,3.94
13876,4.41,3.94
13877,4.41,3.94
13878,4.41,3.94
13879,4.41,3.94
13880,4.40,3.94
13881,4.41,3.94
13883,4.41,3.94
13884,4.41,3.94
13885,4.41,3.94
13886,4.41,3.94
13887,4.41,3.94
13888,4.41,3.94
13890,4.41,3.94
13891,4.41,3.94
13892,4.41,3.94
13893,4.41,3.94
13894,4.41,3.94
13896,4.41,3.94
13897,4.41,3.94
13898,4.41,3.94
13899,4.41,3.94
13900,4.41,3.94
13901,4.41,3.94
13903,4.41,3.94
13904,4.41,3.94
13905,4.41,3.94
13906,4.41,3.95
13907,4.41,3.95
13910,4.40,3.95
13911,4.41,3.95
13912,4.41,3.95
13913,4.41,3.95
13914,4.41,3.95
13915,4.40,3.95
13917,4.40,3.95
13918,4.41,3.95
13919,4.40,3.95
13920,4.40,3.95
13921,4.40,3.95
13922,4.40,3.95
13924,4.40,3.95
13925,4.40,3.95
13926,4.40,3.95
13927,4.40,3.95
13928,4.40,3.95
13929,4.40,3.95
13931,4.40,3.95
13932,4.40,3.95
13933,4.40,3.95
13934,4.40,3.95
13935,4.41,3.95
13937,4.40,3.95
13938,4.41,3.95
13939,4.41,3.95
13940,4.40,3.95
13941,4.41,3.95
13942,4.40,3.95
13944,4.40,3.95
13945,4.41,3.95
13946,4.40,3.95
13947,4.41,3.95
13948,4.40,3.95
13949,4.40,3.95
13952,4.41,3.95
13953,4.41,3.95
13954,4.41,3.95
13955,4.41,3.95
13956,4.41,3.95
13958,4.41,3.95
13959,4.41,3.95
13960,4.41,3.95
13961,4.41,3.95
13962,4.40,3.95
13963,4.41,3.95
13965,4.41,3.95
13966,4.41,3.95
13967,4.41,3.95
13968,4.41,3.95
13969,4.41,3.95
13971,4.41,3.95
13972,4.41,3.95
13973,4.41,3.95
13974,4.41,3.95
13975,4.41,3.95
13976,4.41,3.95
13978,4.41,3.95
13979,4.41,3.95
13980,4.41,3.95
13981,4.41,3.95
13982,4.41,3.95
13983,4.41,3.95
13985,4.41,3.95
13986,4.41,3.95
13987,4.41,3.96
13988,4.41,3.96
13989,4.41,3.96
13991,4.40,3.96
13992,4.41,3.96
13993,4.40,3.96
13995,4.40,3.96
13996,4.40,3.96
13997,4.40,3.96
13999,4.40,3.96
14000,4.40,3.96
14001,4.40,3.96
14002,4.40,3.96
14003,4.40,3.96
14004,4.40,3.96
14006,4.40,3.96
14007,4.40,3.96
14008,4.40,3.96
14009,4.40,3.96
14010,4.40,3.96
14011,4.40,3.96
14013,4.40,3.96
14014,4.40,3.96
14015,4.40,3.96
14016,4.40,3.96
14017,4.40,3.96
14019,4.40,3.96
14020,4.40,3.96
14021,4.40,3.96
14022,4.40,3.96
14023,4.40,3.96
14024,4.40,3.96
14026,4.40,3.96
14027,4.40,3.96
14028,4.40,3.96
14029,4.40,3.96
14030,4.40,3.96
14031,4.40,3.96
14033,4.40,3.96
14034,4.40,3.96
14035,4.40,3.96
14036,4.40,3.96
14038,4.41,3.96
14039,4.40,3.96
14041,4.40,3.96
14042,4.40,3.96
14043,4.40,3.96
14044,4.40,3.96
14045,4.40,3.96
14046,4.40,3.96
14048,4.40,3.96
14049,4.40,3.96
14050,4.40,3.96
14051,4.40,3.96
14052,4.40,3.96
14053,4.40,3.96
14055,4.40,3.96
14056,4.40,3.96
14057,4.40,3.96
14058,4.40,3.96
14059,4.40,3.96
14061,4.40,3.96
14062,4.40,3.96
14063,4.40,3.96
14064,4.40,3.96
14065,4.40,3.96
14066,4.40,3.96
14068,4.40,3.96
14069,4.40,3.96
14070,4.40,3.96
14071,4.40,3.96
14072,4.40,3.97
14073,4.40,3.96
14075,4.40,3.96
14076,4.40,3.96
14077,4.40,3.96
14078,4.40,3.97
14080,4.40,3.96
14081,4.40,3.96
14083,4.40,3.96
14084,4.40,3.96
14085,4.40,3.96
14086,4.40,3.96
14087,4.40,3.96
14088,4.40,3.96
14090,4.40,3.96
14091,4.40,3.96
14092,4.40,3.96
14093,4.40,3.96
14094,4.40,3.96
14096,4.40,3.96
14097,4.40,3.96
14098,4.40,3.96
14099,4.40,3.96
14100,4.40,3.96
14101,4.40,3.96
14103,4.40,3.96
14104,4.40,3.96
14105,4.40,3.96
14106,4.40,3.96
14107,4.40,3.96
14108,4.40,3.96
14110,4.40,3.96
14111,4.40,3.96
14112,4.40,3.96
14113,4.40,3.96
14114,4.40,3.96
14115,4.40,3.96
14117,4.40,3.96
14118,4.40,3.96
14119,4.40,3.96
14120,4.40,3.96
14121,4.40,3.96
14123,4.40,3.96
14125,4.40,3.96
14126,4.40,3.96
14127,4.40,3.96
14128,4.40,3.96
14129,4.40,3.96
14130,4.40,3.96
14132,4.40,3.96
14133,4.40,3.96
14134,4.40,3.96
14135,4.40,3.96
14136,4.40,3.96
14138,4.40,3.96
14139,4.40,3.96
14140,4.40,3.96
14141,4.40,3.96
14142,4.40,3.96
14143,4.40,3.96
14145,4.40,3.96
14146,4.40,3.96
14147,4.40,3.96
14148,4.40,3.96
14149,4.40,3.96
14150,4.40,3.96
14152,4.40,3.96
14153,4.40,3.96
14154,4.40,3.96
14155,4.40,3.96
14156,4.40,3.96
14157,4.40,3.96
14159,4.40,3.96
14160,4.40,3.96
14161,4.40,3.96
14162,4.40,3.96
14163,4.40,3.96
14164,4.40,3.96
14167,4.40,3.96
14168,4.40,3.96
14169,4.40,3.96
14170,4.40,3.96
14171,4.40,3.96
14172,4.40,3.96
14174,4.40,3.96
14175,4.41,3.96
14176,4.41,3.96
14177,4.41,3.96
14178,4.41,3.96
14180,4.41,3.96
14181,4.40,3.96
14182,4.40,3.96
14183,4.40,3.95
14184,4.40,3.94
14185,4.37,3.92
14187,4.34,3.90
14188,4.29,3.87
14189,4.24,3.84
14190,4.18,3.81
14191,4.14,3.80
14192,4.12,3.79
14194,4.11,3.78
14195,4.10,3.78
14196,4.10,3.78
14197,4.11,3.79
14198,4.10,3.78
14200,4.09,3.76
14201,4.05,3.74
14202,4.02,3.72
14203,3.97,3.69
14204,3.93,3.67
14205,3.89,3.64
14208,3.85,3.62
14209,3.82,3.61
14210,3.82,3.62
14211,3.82,3.62
14212,3.83,3.63
14214,3.84,3.64
14215,3.86,3.66
14216,3.87,3.66
14217,3.86,3.65
14218,3.84,3.63
14219,3.82,3.61
14221,3.79,3.59
14222,3.76,3.57
14223,3.73,3.55
14224,3.70,3.54
14225,3.70,3.54
14227,3.71,3.55
14228,3.72,3.56
14229,3.75,3.58
14230,3.77,3.60
14231,3.80,3.61
14232,3.81,3.61
14234,3.80,3.59
14235,3.79,3.58
14236,3.77,3.57
14237,3.75,3.55
14238,3.72,3.53
14239,3.70,3.52
14241,3.68,3.52
14242,3.69,3.52
14243,3.70,3.53
14244,3.72,3.55
14245,3.74,3.57
14247,3.78,3.59
14248,3.80,3.60
14249,3.81,3.59
14251,3.80,3.59
14252,3.78,3.57
14253,3.76,3.56
14255,3.74,3.54
14256,3.72,3.52
14257,3.70,3.51
14258,3.69,3.51
14259,3.69,3.52
14261,3.70,3.53
14262,3.73,3.55
14263,3.76,3.57
14264,3.79,3.59
14265,3.81,3.60
14266,3.81,3.59
14268,3.80,3.58
14269,3.79,3.57
14270,3.77,3.55
14271,3.75,3.54
14272,3.73,3.53
14273,3.70,3.52
14275,3.70,3.52
14276,3.70,3.53
14277,3.72,3.54
14278,3.74,3.56
14279,3.77,3.58
14281,3.80,3.60
14282,3.82,3.59
14283,3.82,3.59
14284,3.81,3.58
14285,3.79,3.56
14286,3.77,3.56
14288,3.75,3.54
14289,3.72,3.52
14290,3.70,3.52
14291,3.70,3.52
14292,3.70,3.52
14295,3.72,3.54
14296,3.75,3.56
14297,3.78,3.58
14298,3.81,3.59
14299,3.82,3.60
14300,3.82,3.59
14302,3.81,3.58
14303,3.79,3.57
14304,3.77,3.56
14305,3.75,3.54
14306,3.73,3.53
14307,3.71,3.52
14309,3.70,3.52
14310,3.71,3.53
14311,3.74,3.55
14312,3.76,3.56
14313,3.79,3.59
14315,3.82,3.60
14316,3.83,3.60
14317,3.83,3.59
14318,3.81,3.58
14319,3.80,3.57
14320,3.78,3.56
14322,3.75,3.54
14323,3.73,3.53
14324,3.71,3.52
14325,3.71,3.53
14326,3.72,3.54
14328,3.75,3.55
14329,3.77,3.57
14330,3.80,3.59
14331,3.83,3.60
14332,3.83,3.60
14333,3.82,3.58
14336,3.81,3.57
14337,3.79,3.56
14338,3.77,3.55
14339,3.74,3.53
14340,3.72,3.52
14341,3.70,3.52
14343,3.70,3.53
14344,3.72,3.53
14345,3.74,3.56
14346,3.77,3.57
14347,3.80,3.59
14349,3.82,3.59
14350,3.82,3.59
14351,3.81,3.58
14352,3.80,3.57
14353,3.78,3.56
14354,3.76,3.54
14356,3.73,3.53
14357,3.71,3.52
14358,3.70,3.52
14359,3.70,3.52
14360,3.72,3.54
14362,3.74,3.55
14363,3.77,3.57
14364,3.80,3.59
14365,3.82,3.59
14366,3.82,3.59
14367,3.81,3.57
14369,3.79,3.57
14370,3.77,3.55
14371,3.75,3.54
14372,3.73,3.52
14373,3.70,3.52
14374,3.70,3.52
14376,3.70,3.52
14377,3.72,3.54
14379,3.75,3.55
14380,3.78,3.57
14381,3.81,3.59
14383,3.82,3.59
14384,3.81,3.58
14385,3.80,3.57
14386,3.78,3.56
14387,3.76,3.55
14388,3.74,3.53
14390,3.72,3.52
14391,3.70,3.51
14392,3.70,3.51
14393,3.70,3.52
14394,3.72,3.54
14396,3.75,3.56
14397,3.78,3.58
14398,3.81,3.60
14399,3.82,3.59
14400,3.81,3.58
14401,3.80,3.57
14403,3.78,3.56
14404,3.76,3.54
14405,3.74,3.53
14406,3.71,3.52
14407,3.70,3.51
14409,3.70,3.52
14410,3.71,3.53
14411,3.73,3.54
14412,3.76,3.56
14413,3.79,3.58
14414,3.81,3.59
14416,3.82,3.59
14417,3.81,3.58
14418,3.79,3.56
14419,3.78,3.55
14420,3.75,3.54
14423,3.73,3.53
14424,3.71,3.51
14425,3.70,3.51
14426,3.70,3.52
14427,3.71,3.53
14428,3.74,3.55
14430,3.77,3.57
14431,3.80,3.59
14432,3.81,3.58
14433,3.82,3.58
14434,3.81,3.57
14435,3.79,3.56
14437,3.77,3.55
14438,3.75,3.54
14439,3.73,3.52
14440,3.70,3.51
14441,3.70,3.51
14443,3.70,3.52
14444,3.72,3.53
14445,3.74,3.55
14446,3.77,3.57
14447,3.80,3.59
14448,3.81,3.58
14450,3.81,3.58
14451,3.80,3.57
14452,3.79,3.56
14453,3.77,3.55
14454,3.75,3.53
14456,3.72,3.52
14457,3.70,3.51
14458,3.70,3.51
14459,3.70,3.52
14460,3.72,3.54
14461,3.75,3.55
14464,3.78,3.57
14465,3.81,3.59
14466,3.82,3.59
14467,3.81,3.58
14468,3.80,3.57
14469,3.78,3.56
14471,3.76,3.54
14472,3.74,3.53
14473,3.72,3.51
14474,3.70,3.51
14475,3.70,3.51
14477,3.71,3.52
14478,3.73,3.54
14479,3.75,3.56
14480,3.79,3.58
14481,3.81,3.59
14482,3.82,3.58
14484,3.81,3.57
14485,3.80,3.56
14486,3.78,3.55
14487,3.76,3.54
14488,3.73,3.53
14490,3.71,3.52
14491,3.70,3.51
14492,3.70,3.52
14493,3.71,3.52
14494,3.73,3.54
14495,3.76,3.56
14497,3.79,3.58
14498,3.81,3.59
14499,3.82,3.58
14500,3.81,3.57
14501,3.79,3.56
14503,3.78,3.55
14504,3.75,3.54
14505,3.73,3.52
14507,3.71,3.51
14508,3.70,3.51
14509,3.70,3.52
14511,3.71,3.53
14512,3.74,3.55
14513,3.77,3.57
14514,3.80,3.59
14515,3.82,3.59
14516,3.82,3.58
14518,3.81,3.57
14519,3.79,3.56
14520,3.77,3.55
14521,3.75,3.54
14522,3.73,3.52
14524,3.71,3.51
14525,3.70,3.52
14526,3.70,3.52
14527,3.72,3.53
14528,3.75,3.55
14529,3.78,3.57
14531,3.81,3.59
14532,3.82,3.59
14533,3.81,3.58
14534,3.81,3.57
14535,3.79,3.55
14537,3.77,3.55
14538,3.74,3.53
14539,3.72,3.52
14540,3.70,3.51
14541,3.70,3.51
14542,3.70,3.52
14544,3.72,3.53
14545,3.75,3.55
14546,3.78,3.58
14547,3.81,3.59
14548,3.82,3.59
14551,3.81,3.58
14552,3.80,3.57
14553,3.79,3.56
14554,3.76,3.55
14555,3.74,3.53
14556,3.72,3.52
14558,3.70,3.51
14559,3.70,3.52
14560,3.71,3.52
14561,3.73,3.54
14562,3.76,3.56
14563,3.79,3.58
14565,3.81,3.59
14566,3.82,3.58
14567,3.81,3.58
14568,3.80,3.57
14569,3.78,3.55
14571,3.76,3.54
14572,3.74,3.53
14573,3.71,3.52
14574,3.70,3.51
14575,3.70,3.52
14576,3.71,3.53
14578,3.73,3.54
14579,3.76,3.56
14580,3.80,3.58
14581,3.82,3.59
14582,3.82,3.58
14584,3.81,3.57
14585,3.80,3.56
14586,3.78,3.55
14587,3.75,3.54
14588,3.73,3.52
14589,3.71,3.51
14592,3.70,3.51
14593,3.70,3.52
14594,3.71,3.53
14595,3.74,3.55
14596,3.77,3.57
14597,3.80,3.59
14599,3.82,3.59
14600,3.82,3.58
14601,3.81,3.57
14602,3.80,3.57
14603,3.78,3.55
14605,3.75,3.54
14606,3.73,3.52
14607,3.71,3.51
14608,3.70,3.52
14609,3.71,3.52
14610,3.72,3.53
14612,3.75,3.55
14613,3.78,3.57
14614,3.81,3.59
14615,3.82,3.59
14616,3.82,3.58
14618,3.81,3.57
14619,3.79,3.56
14620,3.77,3.55
14621,3.75,3.53
14622,3.73,3.52
14623,3.70,3.52
14625,3.70,3.52
14626,3.71,3.52
14627,3.73,3.53
14628,3.75,3.55
14629,3.78,3.58
14630,3.81,3.59
14632,3.82,3.59
14633,3.81,3.58
14635,3.80,3.57
14636,3.79,3.56
14637,3.76,3.54
14639,3.74,3.53
14640,3.72,3.52
14641,3.70,3.51
14642,3.70,3.52
14643,3.71,3.52
14644,3.73,3.54
14646,3.76,3.56
14647,3.79,3.58
14648,3.81,3.59
14649,3.82,3.59
14650,3.81,3.58
14652,3.80,3.57
14653,3.78,3.56
14654,3.76,3.54
14655,3.74,3.53
14656,3.71,3.52
14657,3.70,3.52
14659,3.70,3.52
14660,3.71,3.53
14661,3.74,3.55
14662,3.77,3.56
14663,3.80,3.58
14664,3.82,3.59
14666,3.82,3.59
14667,3.81,3.58
14668,3.80,3.57
14669,3.78,3.56
14670,3.76,3.54
14672,3.73,3.53
14673,3.71,3.52
14674,3.70,3.51
14675,3.70,3.52
14676,3.72,3.53
14678,3.74,3.55
14680,3.77,3.57
14681,3.80,3.58
14682,3.82,3.59
14683,3.82,3.58
14684,3.81,3.57
14686,3.79,3.56
14687,3.77,3.54
14688,3.75,3.54
14689,3.73,3.52
14690,3.70,3.51
14691,3.70,3.51
14693,3.70,3.52
14694,3.72,3.53
14695,3.75,3.55
14696,3.78,3.57
14697,3.81,3.59
14699,3.82,3.59
14700,3.82,3.58
14701,3.81,3.57
14702,3.79,3.56
14703,3.77,3.55
14704,3.75,3.53
14706,3.72,3.52
14707,3.70,3.51
14708,3.70,3.51
14709,3.71,3.52
14710,3.73,3.53
14711,3.75,3.55
14713,3.78,3.58
14714,3.81,3.59
14715,3.82,3.58
14716,3.82,3.58
14717,3.80,3.57
14720,3.79,3.56
14721,3.76,3.54
14722,3.74,3.53
14723,3.72,3.52
14724,3.70,3.51
14725,3.70,3.52
14727,3.71,3.52
14728,3.73,3.54
14729,3.76,3.56
14730,3.79,3.58
14731,3.81,3.59
14733,3.82,3.59
14734,3.81,3.58
14735,3.80,3.57
14736,3.78,3.55
14737,3.76,3.54
14738,3.74,3.53
14740,3.71,3.51
14741,3.70,3.51
14742,3.70,3.52
14743,3.71,3.53
14744,3.74,3.54
14745,3.76,3.56
14747,3.80,3.58
14748,3.82,3.59
14749,3.82,3.58
14750,3.81,3.57
14751,3.80,3.56
14753,3.78,3.55
14754,3.76,3.53
14755,3.73,3.52
14756,3.71,3.51
14757,3.70,3.51
14758,3.70,3.52
14760,3.72,3.53
14761,3.74,3.54
14763,3.77,3.57
14764,3.80,3.58
14765,3.82,3.59
14766,3.82,3.58
14768,3.81,3.57
14769,3.79,3.56
14770,3.77,3.55
14771,3.75,3.53
14772,3.73,3.52
14774,3.71,3.51
14775,3.70,3.51
14776,3.70,3.52
14777,3.72,3.53
14778,3.75,3.55
14779,3.78,3.57
14781,3.81,3.59
14782,3.82,3.59
14783,3.82,3.58
14784,3.81,3.57
14785,3.79,3.56
14787,3.77,3.55
14788,3.75,3.53
14789,3.72,3.52
14790,3.70,3.51
14791,3.70,3.51
14792,3.71,3.52
14794,3.73,3.54
14795,3.75,3.55
14796,3.78,3.58
14797,3.81,3.58
14798,3.82,3.59
14800,3.82,3.58
14801,3.80,3.57
14802,3.79,3.55
14803,3.76,3.54
14804,3.74,3.53
14806,3.72,3.52
14808,3.70,3.51
14809,3.70,3.52
14810,3.71,3.52
14811,3.73,3.54
14812,3.76,3.56
14813,3.79,3.58
14815,3.81,3.58
14816,3.82,3.58
14817,3.81,3.58
14818,3.80,3.57
14819,3.78,3.55
14821,3.76,3.54
14822,3.74,3.53
14823,3.71,3.52
14824,3.70,3.51
14825,3.70,3.52
14826,3.71,3.53
14828,3.74,3.54
14829,3.77,3.56
14830,3.80,3.58
14831,3.82,3.59
14832,3.82,3.58
14834,3.81,3.57
14835,3.80,3.56
14836,3.78,3.55
14837,3.76,3.54
14838,3.73,3.52
14839,3.71,3.51
14841,3.70,3.51
14842,3.70,3.52
14843,3.72,3.53
14844,3.74,3.55
14845,3.77,3.57
14846,3.80,3.59
14849,3.82,3.59
14850,3.82,3.58
14851,3.81,3.57
14852,3.80,3.56
14853,3.77,3.55
14855,3.75,3.54
14856,3.73,3.52
14857,3.70,3.51
14858,3.70,3.51
14859,3.70,3.52
14860,3.72,3.53
14862,3.75,3.55
14863,3.78,3.57
14864,3.81,3.59
14865,3.82,3.59
14866,3.82,3.58
14868,3.81,3.57
14869,3.79,3.56
14870,3.77,3.55
14871,3.75,3.53
14872,3.72,3.52
14873,3.70,3.51
14875,3.70,3.51
14876,3.71,3.52
14877,3.73,3.53
14878,3.75,3.55
14879,3.78,3.58
14880,3.81,3.59
14882,3.82,3.59
14883,3.82,3.58
14884,3.80,3.56
14885,3.79,3.56
14886,3.76,3.54
14888,3.74,3.53
14889,3.72,3.52
14891,3.70,3.51
14892,3.70,3.52
14893,3.71,3.53
14894,3.73,3.54
14896,3.76,3.56
14897,3.79,3.58
14898,3.81,3.59
14899,3.82,3.58
14900,3.81,3.57
14902,3.80,3.56
14903,3.78,3.55
14904,3.76,3.54
14905,3.74,3.53
14906,3.71,3.51
14907,3.70,3.51
14909,3.70,3.52
14910,3.71,3.52
14911,3.74,3.54
14912,3.76,3.56
14913,3.80,3.58
14914,3.82,3.59
14916,3.82,3.58
14917,3.81,3.57
14918,3.80,3.56
14919,3.78,3.55
14920,3.76,3.54
14922,3.73,3.52
14923,3.71,3.51
14924,3.70,3.51
14925,3.70,3.51
14926,3.72,3.53
14927,3.74,3.55
14929,3.77,3.57
14930,3.80,3.59
14931,3.82,3.59
14932,3.82,3.58
14934,3.81,3.57
14936,3.79,3.56
14937,3.77,3.55
14938,3.75,3.54
14939,3.73,3.52
14940,3.71,3.51
14941,3.70,3.51
14943,3.70,3.51
14944,3.72,3.53
14945,3.75,3.55
14946,3.78,3.57
14947,3.81,3.59
14948,3.82,3.58
14950,3.82,3.58
14951,3.81,3.57
14952,3.79,3.56
14953,3.77,3.55
14954,3.75,3.53
14956,3.73,3.52
14957,3.70,3.51
14958,3.70,3.51
14959,3.71,3.52
14960,3.73,3.54
14961,3.75,3.55
14963,3.79,3.57
14964,3.81,3.59
14965,3.82,3.59
14966,3.82,3.58
14967,3.80,3.57
14969,3.79,3.56
14970,3.77,3.54
14971,3.74,3.53
14972,3.72,3.52
14973,3.70,3.51
14974,3.70,3.52
14977,3.71,3.52
14978,3.74,3.54
14979,3.76,3.56
14980,3.80,3.58
14981,3.82,3.59
14983,3.82,3.58
14984,3.82,3.57
14985,3.80,3.56
14986,3.78,3.55
14987,3.76,3.54
14988,3.74,3.53
14990,3.71,3.52
14991,3.70,3.51
14992,3.70,3.52
14993,3.71,3.53
14994,3.74,3.54
14995,3.77,3.56
14997,3.80,3.58
14998,3.82,3.59
14999,3.82,3.58
15000,3.81,3.57
15001,3.80,3.56
15003,3.78,3.55
15004,3.76,3.54
15005,3.73,3.52
15006,3.71,3.51
15007,3.70,3.51
15008,3.70,3.52
15010,3.72,3.53
15011,3.75,3.54
15012,3.77,3.56
15013,3.81,3.58
15014,3.82,3.59
15015,3.82,3.58
15017,3.81,3.57
15019,3.80,3.56
15020,3.78,3.55
15021,3.76,3.53
15022,3.73,3.52
15024,3.71,3.51
15025,3.70,3.51
15026,3.71,3.52
15027,3.73,3.53
15028,3.75,3.55
15029,3.78,3.57
15031,3.81,3.59
15032,3.82,3.59
15033,3.82,3.58
15034,3.81,3.57
15035,3.79,3.56
15037,3.77,3.55
15038,3.75,3.53
15039,3.73,3.52
15040,3.70,3.51
15041,3.70,3.52
15042,3.71,3.52
15044,3.73,3.53
15045,3.76,3.55
15046,3.79,3.58
15047,3.81,3.59
15048,3.82,3.59
15050,3.82,3.58
15051,3.81,3.57
15052,3.79,3.56
15053,3.77,3.55
15054,3.75,3.53
15055,3.72,3.52
15057,3.71,3.52
15058,3.70,3.51
15059,3.72,3.53
15060,3.74,3.54
15062,3.77,3.56
15064,3.80,3.58
15065,3.82,3.59
15066,3.83,3.59
15067,3.82,3.58
15068,3.81,3.57
15069,3.79,3.56
15071,3.77,3.55
15072,3.75,3.53
15073,3.72,3.52
15074,3.71,3.52
15075,3.71,3.52
15076,3.72,3.53
15078,3.75,3.55
15079,3.78,3.57
15080,3.81,3.59
15081,3.83,3.59
15082,3.83,3.59
15084,3.82,3.58
15085,3.80,3.57
15086,3.79,3.55
15087,3.76,3.54
15088,3.74,3.53
15089,3.71,3.52
15091,3.70,3.52
15092,3.71,3.52
15093,3.73,3.53
15094,3.75,3.55
15095,3.78,3.57
15097,3.81,3.59
15098,3.83,3.59
15099,3.83,3.58
15100,3.81,3.57
15101,3.80,3.56
15102,3.78,3.55
15105,3.76,3.54
15106,3.73,3.53
15107,3.71,3.52
15108,3.70,3.52
15109,3.71,3.52
15111,3.73,3.53
15112,3.75,3.55
15113,3.79,3.58
15114,3.82,3.59
15115,3.83,3.59
15116,3.83,3.59
15118,3.81,3.57
15119,3.80,3.56
15120,3.78,3.55
15121,3.75,3.53
15122,3.73,3.52
15123,3.71,3.51
15125,3.71,3.52
15126,3.72,3.53
15127,3.74,3.54
15128,3.77,3.56
15129,3.80,3.58
15131,3.83,3.60
15132,3.83,3.59
15133,3.83,3.58
15134,3.81,3.57
15135,3.80,3.56
15136,3.77,3.55
15138,3.75,3.53
15139,3.73,3.52
15140,3.71,3.52
15141,3.71,3.52
15142,3.72,3.53
15144,3.75,3.54
15145,3.77,3.56
15147,3.81,3.59
15148,3.83,3.60
15149,3.84,3.60
15150,3.83,3.59
15152,3.82,3.57
15153,3.80,3.57
15154,3.78,3.55
15155,3.76,3.54
15156,3.73,3.53
15157,3.72,3.53
15159,3.73,3.53
15160,3.74,3.54
15161,3.76,3.56
15162,3.79,3.58
15163,3.82,3.60
15165,3.86,3.63
15166,3.88,3.64
15167,3.89,3.64
15168,3.88,3.64
15169,3.88,3.65
15170,3.89,3.65
15172,3.88,3.64
15173,3.86,3.64
15174,3.86,3.64
15175,3.87,3.65
15176,3.89,3.66
15178,3.91,3.67
15179,3.93,3.68
15180,3.96,3.70
15181,3.99,3.71
15182,4.00,3.71
15183,3.99,3.70
15185,3.97,3.70
15186,3.97,3.70
15187,3.96,3.70
15188,3.93,3.68
15190,3.91,3.67
15192,3.91,3.67
15193,3.91,3.68
15194,3.93,3.68
15195,3.95,3.69
15196,3.97,3.70
15197,3.99,3.72
15199,4.02,3.74
15200,4.03,3.74
15201,4.03,3.73
15202,4.02,3.74
15203,4.02,3.75
15204,4.01,3.74
15206,3.99,3.73
15207,3.97,3.72
15208,3.97,3.72
15209,3.98,3.72
15210,3.99,3.73
15212,4.01,3.74
15213,4.02,3.74
15214,4.05,3.76
15215,4.07,3.77
15216,4.10,3.79
15217,4.13,3.82
15219,4.15,3.85
15220,4.18,3.87
15221,4.19,3.87
15222,4.18,3.87
15223,4.17,3.87
15224,4.18,3.87
15226,4.18,3.87
15227,4.20,3.88
15228,4.21,3.88
15229,4.22,3.88
15230,4.24,3.89
15233,4.25,3.89
15234,4.27,3.90
15235,4.28,3.90
15236,4.29,3.90
15237,4.31,3.91
15239,4.32,3.91
15240,4.33,3.91
15241,4.34,3.92
15242,4.35,3.92
15243,4.36,3.92
15244,4.37,3.92
15246,4.38,3.93
15247,4.38,3.93
15248,4.39,3.93
15249,4.40,3.94
15250,4.40,3.94
15251,4.41,3.94
15253,4.41,3.94
15254,4.42,3.95
15255,4.42,3.95
15256,4.42,3.95
15257,4.43,3.95
15259,4.43,3.95
15260,4.43,3.95
15261,4.43,3.95
15262,4.43,3.95
15263,4.44,3.95
15264,4.44,3.96
15266,4.44,3.96
15267,4.44,3.95
15268,4.44,3.96
15269,4.44,3.96
15270,4.44,3.96
15272,4.44,3.96
15273,4.44,3.95
15275,4.44,3.95
15276,4.44,3.95
15277,4.43,3.95
15278,4.44,3.95
15280,4.43,3.95
15281,4.43,3.95
15282,4.43,3.95
15283,4.43,3.95
15284,4.43,3.95
15286,4.43,3.95
15287,4.43,3.95
15288,4.43,3.95
15289,4.43,3.95
15290,4.42,3.95
15291,4.42,3.95
15293,4.42,3.95
15294,4.42,3.95
15295,4.42,3.95
15296,4.42,3.95
15297,4.42,3.95
15298,4.42,3.95
15300,4.42,3.95
15301,4.42,3.95
15302,4.42,3.95
15303,4.42,3.95
15304,4.42,3.95
15306,4.42,3.95
15307,4.42,3.95
15308,4.41,3.95
15309,4.41,3.95
15310,4.41,3.95
15311,4.41,3.95
15313,4.41,3.95
15314,4.41,3.95
15315,4.41,3.95
15316,4.41,3.95
15318,4.41,3.95
15320,4.41,3.95
15321,4.41,3.95
15322,4.41,3.95
15323,4.41,3.95
15324,4.41,3.95
15325,4.41,3.95
15327,4.41,3.95
15328,4.41,3.95
15329,4.41,3.95
15330,4.41,3.95
15331,4.41,3.95
15333,4.41,3.95
15334,4.41,3.95
15335,4.41,3.95
15336,4.41,3.95
15337,4.41,3.95
15338,4.41,3.95
15340,4.41,3.95
15341,4.41,3.95
15342,4.41,3.95
15343,4.41,3.95
15344,4.41,3.95
15346,4.41,3.95
15347,4.42,3.95
15348,4.42,3.95
15349,4.42,3.95
15350,4.42,3.95
15351,4.42,3.95
15353,4.42,3.95
15354,4.42,3.95
15355,4.42,3.95
15356,4.42,3.95
15357,4.42,3.95
15358,4.42,3.95
15361,4.42,3.95
15362,4.42,3.95
15363,4.42,3.95
15364,4.42,3.95
15365,4.42,3.95
15367,4.42,3.95
15368,4.42,3.95
15369,4.42,3.95
15370,4.42,3.95
15371,4.42,3.95
15372,4.42,3.95
15374,4.42,3.95
15375,4.42,3.95
15376,4.42,3.95
15377,4.42,3.95
15378,4.42,3.95
15380,4.42,3.95
15381,4.42,3.95
15382,4.42,3.95
15383,4.42,3.95
15384,4.42,3.95
15385,4.42,3.95
15387,4.42,3.95
15388,4.42,3.95
15389,4.41,3.95
15390,4.42,3.95
15391,4.42,3.95
15393,4.42,3.95
15394,4.42,3.95
15395,4.42,3.95
15396,4.42,3.95
15397,4.42,3.95
15398,4.42,3.95
15400,4.42,3.95
15401,4.41,3.95
15403,4.42,3.95
15404,4.42,3.95
15405,4.42,3.95
15407,4.42,3.95
15408,4.42,3.95
15409,4.42,3.95
15410,4.42,3.95
15411,4.42,3.95
15412,4.42,3.95
15414,4.42,3.95
15415,4.42,3.95
15416,4.42,3.95
15417,4.42,3.95
15418,4.42,3.95
15419,4.42,3.95
15421,4.42,3.95
15422,4.42,3.95
15423,4.42,3.95
15424,4.42,3.95
15425,4.42,3.95
15427,4.42,3.95
15428,4.42,3.95
15429,4.42,3.95
15430,4.42,3.95
15431,4.42,3.95
15432,4.42,3.95
15434,4.42,3.95
15435,4.42,3.95
15436,4.42,3.95
15437,4.42,3.95
15438,4.42,3.95
15440,4.42,3.95
15441,4.42,3.95
15442,4.42,3.95
15443,4.42,3.95
15444,4.42,3.95
15446,4.42,3.95
15448,4.42,3.94
15449,4.42,3.95
15450,4.42,3.95
15451,4.42,3.95
15452,4.42,3.94
15454,4.42,3.95
15455,4.42,3.95
15456,4.42,3.95
15457,4.42,3.95
15458,4.42,3.95
15459,4.42,3.95
15461,4.42,3.95
15462,4.42,3.95
15463,4.42,3.94
15464,4.42,3.95
15465,4.42,3.95
15467,4.42,3.94
15468,4.42,3.94
15469,4.42,3.94
15470,4.42,3.94
15471,4.42,3.94
15472,4.42,3.94
15474,4.42,3.94
15475,4.42,3.94
15476,4.42,3.94
15477,4.42,3.94
15478,4.42,3.95
15479,4.42,3.94
15481,4.42,3.94
15482,4.42,3.94
15483,4.42,3.94
15484,4.42,3.94
15485,4.42,3.95
15488,4.42,3.94
15489,4.42,3.94
15490,4.42,3.94
15491,4.42,3.94
15492,4.42,3.94
15493,4.41,3.95
15495,4.42,3.94
15496,4.42,3.94
15497,4.42,3.95
15498,4.42,3.95
15499,4.42,3.95
15501,4.42,3.95
15502,4.42,3.95
15503,4.41,3.95
15504,4.42,3.94
15505,4.42,3.95
15506,4.42,3.95
