time_ms,ch1_v,ch2_v
63,2.55,3.59
64,2.55,3.59
65,2.55,3.59
66,2.55,3.59
67,2.55,3.59
68,2.55,3.59
69,2.55,3.59
70,2.55,3.59
71,2.55,3.59
72,2.55,3.59
73,2.55,3.59
74,2.55,3.59
75,2.55,3.59
76,2.55,3.59
77,2.55,3.59
78,2.55,3.59
79,2.55,3.59
80,2.55,3.59
81,2.55,3.59
82,2.55,3.59
83,2.55,3.59
84,2.55,3.59
86,2.55,3.59
87,2.55,3.59
88,2.55,3.59
89,2.55,3.59
90,2.55,3.59
91,2.55,3.59
92,2.55,3.59
93,2.55,3.59
94,2.55,3.59
95,2.55,3.59
96,2.55,3.59
97,2.55,3.59
98,2.55,3.59
99,2.55,3.59
100,2.55,3.59
101,2.55,3.59
103,2.55,3.59
104,2.55,3.59
105,2.55,3.59
106,2.55,3.59
107,2.55,3.59
108,2.55,3.59
109,2.55,3.59
110,2.55,3.59
111,2.55,3.59
112,2.55,3.59
113,2.55,3.59
114,2.55,3.59
115,2.55,3.59
116,2.55,3.59
117,2.55,3.59
118,2.55,3.59
119,2.55,3.59
120,2.55,3.59
121,2.55,3.59
123,2.55,3.59
124,2.55,3.59
125,2.55,3.59
126,2.55,3.59
128,2.55,3.59
129,2.55,3.59
130,2.55,3.59
131,2.55,3.59
132,2.55,3.59
133,2.55,3.59
134,2.55,3.59
135,2.55,3.59
136,2.55,3.59
137,2.55,3.59
138,2.55,3.59
139,2.55,3.59
140,2.55,3.59
141,2.55,3.59
142,2.55,3.59
144,2.55,3.59
145,2.55,3.59
146,2.55,3.59
147,2.55,3.59
148,2.55,3.59
149,2.55,3.59
150,2.55,3.59
151,2.55,3.59
152,2.55,3.59
153,2.55,3.59
154,2.55,3.59
155,2.55,3.59
156,2.55,3.59
157,2.55,3.59
158,2.55,3.59
159,2.55,3.59
160,2.55,3.59
161,2.55,3.59
162,2.55,3.59
164,2.55,3.59
165,2.55,3.59
166,2.55,3.59
167,2.55,3.59
168,2.55,3.59
169,2.55,3.59
171,2.55,3.59
172,2.55,3.59
173,2.55,3.59
174,2.55,3.59
175,2.55,3.59
176,2.55,3.59
177,2.55,3.59
178,2.55,3.59
179,2.55,3.59
180,2.55,3.59
181,2.55,3.59
182,2.55,3.59
184,2.55,3.59
185,2.55,3.59
186,2.55,3.59
187,2.55,3.59
188,2.55,3.59
189,2.55,3.59
190,2.55,3.59
191,2.55,3.59
192,2.55,3.59
193,2.55,3.59
194,2.55,3.59
195,2.55,3.59
196,2.55,3.59
197,2.55,3.59
198,2.55,3.59
199,2.55,3.59
200,2.55,3.59
201,2.55,3.59
202,2.55,3.59
204,2.55,3.59
205,2.55,3.59
206,2.55,3.59
207,2.55,3.59
208,2.55,3.59
209,2.55,3.59
210,2.55,3.59
211,2.55,3.59
212,2.55,3.59
214,2.55,3.59
215,2.55,3.59
216,2.55,3.59
217,2.55,3.59
218,2.55,3.59
219,2.55,3.59
220,2.55,3.59
221,2.55,3.59
222,2.55,3.59
223,2.55,3.59
225,2.55,3.59
226,2.55,3.59
227,2.55,3.59
228,2.55,3.59
229,2.55,3.59
230,2.55,3.59
231,2.55,3.59
232,2.55,3.59
233,2.55,3.59
234,2.55,3.59
235,2.55,3.59
236,2.55,3.59
237,2.55,3.59
238,2.55,3.59
239,2.55,3.59
240,2.55,3.59
241,2.55,3.59
242,2.55,3.59
243,2.55,3.59
245,2.55,3.59
246,2.55,3.59
247,2.55,3.59
248,2.55,3.59
249,2.55,3.59
250,2.55,3.59
251,2.55,3.59
252,2.55,3.59
253,2.55,3.59
254,2.55,3.59
256,2.55,3.59
257,2.55,3.59
258,2.55,3.59
259,2.55,3.59
260,2.55,3.59
261,2.55,3.59
262,2.55,3.59
263,2.55,3.59
265,2.55,3.59
266,2.55,3.59
267,2.55,3.59
268,2.55,3.59
269,2.55,3.59
270,2.55,3.59
271,2.55,3.59
272,2.55,3.59
273,2.55,3.59
274,2.55,3.59
275,2.55,3.59
276,2.55,3.59
277,2.55,3.59
278,2.55,3.59
279,2.55,3.59
280,2.55,3.59
281,2.55,3.59
282,2.55,3.59
283,2.55,3.59
285,2.55,3.59
286,2.55,3.59
287,2.55,3.59
288,2.55,3.59
289,2.55,3.59
290,2.55,3.59
291,2.55,3.59
292,2.55,3.59
293,2.55,3.59
294,2.55,3.59
295,2.55,3.59
296,2.55,3.59
297,2.55,3.59
299,2.55,3.59
300,2.55,3.59
301,2.55,3.59
302,2.55,3.59
303,2.55,3.59
304,2.55,3.59
306,2.55,3.59
307,2.55,3.59
308,2.55,3.59
309,2.55,3.59
310,2.55,3.59
311,2.55,3.59
312,2.55,3.59
313,2.55,3.59
314,2.55,3.59
315,2.55,3.59
316,2.55,3.59
317,2.55,3.59
318,2.55,3.59
319,2.55,3.59
320,2.55,3.59
321,2.55,3.59
322,2.55,3.59
323,2.55,3.59
325,2.55,3.59
326,2.55,3.59
327,2.55,3.59
328,2.55,3.59
329,2.55,3.59
330,2.55,3.59
331,2.55,3.59
332,2.55,3.59
333,2.55,3.59
334,2.55,3.59
335,2.55,3.59
336,2.55,3.59
337,2.55,3.59
338,2.55,3.59
339,2.55,3.59
340,2.55,3.59
342,2.55,3.59
343,2.55,3.59
344,2.55,3.59
346,2.55,3.59
347,2.55,3.59
348,2.55,3.59
349,2.55,3.59
350,2.55,3.59
351,2.55,3.59
352,2.55,3.59
353,2.55,3.59
354,2.55,3.59
355,2.55,3.59
356,2.55,3.59
357,2.55,3.59
358,2.55,3.59
359,2.55,3.59
360,2.55,3.59
361,2.55,3.59
362,2.55,3.59
363,2.55,3.59
365,2.55,3.59
366,2.55,3.59
367,2.55,3.59
368,2.55,3.59
369,2.55,3.59
370,2.55,3.59
371,2.55,3.59
372,2.55,3.59
373,2.55,3.59
374,2.55,3.59
375,2.55,3.59
376,2.55,3.59
377,2.55,3.59
378,2.55,3.59
379,2.55,3.59
380,2.55,3.59
381,2.55,3.59
382,2.55,3.59
384,2.55,3.59
386,2.55,3.59
387,2.55,3.59
388,2.55,3.59
389,2.55,3.59
390,2.55,3.59
391,2.55,3.59
392,2.55,3.59
393,2.55,3.59
394,2.55,3.59
395,2.55,3.59
396,2.55,3.59
397,2.55,3.59
398,2.55,3.59
399,2.55,3.59
400,2.55,3.59
401,2.55,3.59
402,2.55,3.59
403,2.55,3.59
405,2.55,3.59
406,2.55,3.59
407,2.55,3.59
408,2.55,3.59
409,2.55,3.59
410,2.55,3.59
411,2.55,3.59
412,2.55,3.59
413,2.55,3.59
414,2.55,3.59
415,2.55,3.59
416,2.55,3.59
417,2.55,3.59
418,2.55,3.59
419,2.55,3.59
420,2.55,3.59
421,2.55,3.59
422,2.55,3.59
423,2.55,3.59
425,2.55,3.59
427,2.55,3.59
428,2.55,3.59
429,2.55,3.59
430,2.55,3.59
431,2.55,3.59
432,2.55,3.59
433,2.55,3.59
434,2.55,3.59
435,2.55,3.59
436,2.55,3.59
437,2.55,3.59
438,2.55,3.59
439,2.55,3.59
440,2.55,3.59
441,2.55,3.59
442,2.55,3.59
443,2.55,3.59
444,2.55,3.59
446,2.55,3.59
447,2.55,3.59
448,2.55,3.59
449,2.55,3.59
450,2.55,3.59
451,2.55,3.59
452,2.55,3.59
453,2.55,3.59
454,2.55,3.59
455,2.55,3.59
456,2.55,3.59
457,2.55,3.59
458,2.55,3.59
459,2.55,3.59
460,2.55,3.59
461,2.55,3.59
462,2.55,3.59
463,2.55,3.59
464,2.55,3.59
466,2.55,3.59
467,2.55,3.58
468,2.55,3.58
470,2.55,3.59
471,2.55,3.59
472,2.55,3.59
473,2.55,3.59
474,2.55,3.58
475,2.55,3.59
476,2.55,3.59
477,2.55,3.59
478,2.55,3.59
479,2.55,3.58
480,2.55,3.58
481,2.55,3.59
482,2.55,3.59
483,2.55,3.59
484,2.55,3.59
486,2.55,3.59
487,2.55,3.59
488,2.55,3.59
489,2.55,3.59
490,2.55,3.59
491,2.55,3.59
492,2.55,3.59
493,2.55,3.59
494,2.55,3.58
495,2.55,3.59
496,2.55,3.59
497,2.55,3.59
498,2.55,3.59
499,2.55,3.59
500,2.55,3.59
501,2.55,3.59
502,2.55,3.59
503,2.55,3.59
504,2.55,3.59
506,2.55,3.59
507,2.55,3.59
508,2.55,3.58
509,2.55,3.59
510,2.55,3.59
512,2.55,3.59
513,2.55,3.59
514,2.55,3.59
515,2.55,3.59
516,2.55,3.59
517,2.55,3.59
518,2.55,3.59
519,2.55,3.59
520,2.55,3.59
521,2.55,3.58
522,2.55,3.59
523,2.55,3.59
524,2.55,3.58
525,2.55,3.59
527,2.55,3.58
528,2.55,3.59
529,2.55,3.59
530,2.55,3.59
531,2.55,3.59
532,2.55,3.59
533,2.55,3.59
534,2.55,3.58
535,2.55,3.58
536,2.55,3.59
537,2.55,3.58
538,2.55,3.59
539,2.55,3.59
540,2.55,3.58
541,2.55,3.59
542,2.55,3.58
543,2.55,3.59
544,2.55,3.59
545,2.55,3.59
547,2.55,3.59
548,2.55,3.59
549,2.55,3.58
550,2.55,3.59
551,2.55,3.59
552,2.55,3.59
553,2.55,3.59
555,2.55,3.59
556,2.55,3.59
557,2.55,3.59
558,2.55,3.59
559,2.55,3.58
560,2.55,3.59
561,2.55,3.59
562,2.55,3.58
563,2.55,3.59
564,2.55,3.59
565,2.55,3.59
566,2.55,3.59
568,2.55,3.58
569,2.55,3.58
570,2.55,3.58
571,2.55,3.58
572,2.55,3.58
573,2.55,3.58
574,2.55,3.59
575,2.55,3.58
576,2.55,3.58
577,2.55,3.58
578,2.55,3.58
579,2.55,3.58
580,2.55,3.59
581,2.55,3.58
582,2.55,3.58
583,2.55,3.58
584,2.55,3.59
585,2.55,3.59
587,2.55,3.58
588,2.55,3.58
589,2.55,3.58
590,2.55,3.58
591,2.55,3.58
592,2.55,3.58
593,2.55,3.58
594,2.55,3.59
595,2.55,3.58
596,2.55,3.59
598,2.55,3.58
599,2.55,3.58
600,2.55,3.58
601,2.55,3.58
602,2.55,3.58
603,2.55,3.58
604,2.55,3.58
605,2.55,3.59
606,2.55,3.59
608,2.55,3.58
609,2.55,3.59
610,2.55,3.58
611,2.55,3.59
612,2.55,3.58
613,2.55,3.59
614,2.55,3.59
615,2.55,3.59
616,2.55,3.58
617,2.55,3.58
618,2.55,3.58
619,2.55,3.59
620,2.55,3.58
621,2.55,3.59
622,2.55,3.59
623,2.55,3.58
624,2.55,3.58
625,2.55,3.58
626,2.55,3.59
628,2.55,3.58
629,2.55,3.58
630,2.55,3.58
631,2.55,3.58
632,2.55,3.58
633,2.55,3.58
634,2.55,3.58
635,2.55,3.59
636,2.55,3.58
637,2.55,3.58
638,2.55,3.58
640,2.55,3.58
641,2.55,3.58
642,2.55,3.58
643,2.55,3.58
644,2.55,3.58
645,2.55,3.58
646,2.55,3.58
647,2.55,3.59
649,2.55,3.59
650,2.55,3.59
651,2.55,3.58
652,2.55,3.59
653,2.55,3.59
654,2.55,3.58
655,2.55,3.58
656,2.55,3.58
657,2.55,3.58
658,2.55,3.58
659,2.55,3.58
660,2.55,3.58
661,2.55,3.58
662,2.55,3.59
663,2.55,3.58
664,2.55,3.58
665,2.55,3.58
666,2.55,3.58
668,2.55,3.58
669,2.55,3.58
670,2.55,3.59
671,2.55,3.58
672,2.55,3.58
673,2.55,3.58
674,2.55,3.58
675,2.55,3.58
676,2.55,3.58
677,2.55,3.58
678,2.55,3.58
679,2.55,3.58
680,2.55,3.59
681,2.55,3.58
683,2.55,3.59
684,2.55,3.58
685,2.55,3.58
686,2.55,3.58
687,2.55,3.58
689,2.55,3.58
690,2.55,3.58
691,2.55,3.58
692,2.55,3.58
693,2.55,3.58
694,2.55,3.58
695,2.55,3.59
696,2.55,3.58
697,2.55,3.58
698,2.55,3.58
699,2.55,3.58
700,2.55,3.58
701,2.55,3.58
702,2.55,3.58
703,2.55,3.58
704,2.55,3.58
705,2.55,3.58
706,2.55,3.58
707,2.55,3.58
709,2.55,3.58
710,2.55,3.58
711,2.55,3.58
712,2.55,3.58
713,2.55,3.58
714,2.55,3.58
715,2.55,3.58
716,2.55,3.58
717,2.55,3.58
718,2.55,3.58
719,2.55,3.58
720,2.55,3.58
721,2.55,3.58
722,2.55,3.58
723,2.55,3.58
724,2.55,3.58
726,2.55,3.58
727,2.55,3.58
728,2.55,3.58
730,2.55,3.58
731,2.55,3.58
732,2.55,3.58
733,2.55,3.58
734,2.55,3.58
735,2.55,3.58
736,2.55,3.58
737,2.55,3.58
738,2.55,3.58
739,2.55,3.58
740,2.55,3.58
741,2.55,3.58
742,2.55,3.58
743,2.55,3.58
744,2.55,3.59
745,2.55,3.58
746,2.55,3.58
747,2.55,3.58
748,2.55,3.58
750,2.55,3.58
751,2.55,3.58
752,2.55,3.58
753,2.55,3.58
754,2.55,3.58
755,2.55,3.58
756,2.55,3.58
757,2.55,3.58
758,2.55,3.58
759,2.55,3.58
760,2.55,3.58
761,2.55,3.58
762,2.55,3.58
763,2.55,3.58
764,2.55,3.58
765,2.55,3.58
766,2.55,3.58
768,2.55,3.58
770,2.55,3.58
771,2.55,3.58
772,2.55,3.58
773,2.55,3.58
774,2.55,3.58
775,2.55,3.58
776,2.55,3.58
777,2.55,3.58
778,2.55,3.58
779,2.55,3.58
780,2.55,3.58
781,2.55,3.58
782,2.55,3.58
783,2.55,3.58
784,2.55,3.58
785,2.55,3.58
786,2.55,3.58
787,2.55,3.58
788,2.55,3.58
790,2.55,3.58
791,2.55,3.58
792,2.55,3.58
793,2.55,3.58
794,2.55,3.58
795,2.55,3.58
796,2.55,3.58
797,2.55,3.58
798,2.55,3.58
799,2.55,3.58
800,2.55,3.58
801,2.55,3.58
802,2.55,3.58
803,2.55,3.58
804,2.55,3.58
805,2.55,3.58
806,2.55,3.58
807,2.55,3.58
808,2.55,3.58
811,2.55,3.58
812,2.55,3.58
813,2.55,3.58
814,2.55,3.58
815,2.55,3.58
816,2.55,3.58
817,2.55,3.58
818,2.55,3.58
819,2.55,3.58
820,2.55,3.58
821,2.55,3.58
822,2.55,3.58
823,2.55,3.58
824,2.55,3.58
825,2.55,3.58
826,2.55,3.58
827,2.55,3.58
828,2.55,3.58
829,2.55,3.58
831,2.55,3.58
832,2.55,3.58
833,2.55,3.58
834,2.55,3.58
835,2.55,3.58
836,2.55,3.58
837,2.55,3.58
838,2.55,3.58
839,2.55,3.58
840,2.55,3.58
841,2.55,3.58
842,2.55,3.58
843,2.55,3.58
844,2.55,3.58
845,2.55,3.58
846,2.55,3.58
847,2.55,3.58
848,2.55,3.58
849,2.55,3.58
851,2.55,3.58
852,2.55,3.58
854,2.55,3.58
855,2.55,3.58
856,2.55,3.58
857,2.55,3.58
858,2.55,3.58
859,2.55,3.58
860,2.55,3.58
861,2.55,3.58
862,2.55,3.58
863,2.55,3.58
864,2.55,3.58
865,2.55,3.58
866,2.55,3.58
867,2.55,3.58
868,2.55,3.58
869,2.55,3.58
871,2.55,3.58
872,2.55,3.58
873,2.55,3.58
874,2.55,3.58
875,2.55,3.58
876,2.55,3.58
877,2.55,3.58
878,2.55,3.58
879,2.55,3.58
880,2.55,3.58
881,2.55,3.58
882,2.55,3.58
883,2.55,3.58
884,2.55,3.58
885,2.55,3.58
886,2.55,3.58
887,2.55,3.58
888,2.55,3.58
889,2.55,3.58
891,2.55,3.58
892,2.55,3.58
893,2.55,3.58
894,2.55,3.58
896,2.55,3.58
897,2.55,3.58
898,2.55,3.58
899,2.55,3.58
900,2.55,3.58
901,2.55,3.58
902,2.55,3.58
903,2.55,3.58
904,2.55,3.58
905,2.55,3.58
906,2.55,3.58
907,2.55,3.58
908,2.55,3.58
909,2.55,3.58
910,2.55,3.58
912,2.55,3.58
913,2.55,3.58
914,2.55,3.58
915,2.55,3.58
916,2.55,3.58
917,2.55,3.58
918,2.55,3.58
919,2.55,3.58
920,2.55,3.58
921,2.55,3.58
922,2.55,3.58
923,2.55,3.58
924,2.55,3.58
925,2.55,3.58
926,2.55,3.58
927,2.55,3.58
928,2.55,3.58
929,2.55,3.58
930,2.55,3.58
932,2.55,3.58
933,2.55,3.58
934,2.55,3.58
935,2.55,3.58
936,2.55,3.58
937,2.55,3.58
939,2.55,3.58
940,2.55,3.58
941,2.55,3.58
942,2.55,3.58
943,2.55,3.58
944,2.55,3.58
945,2.55,3.58
946,2.55,3.58
947,2.55,3.58
948,2.55,3.58
949,2.55,3.58
950,2.55,3.58
951,2.55,3.58
953,2.55,3.58
954,2.55,3.58
955,2.55,3.58
956,2.55,3.58
957,2.55,3.58
958,2.55,3.58
959,2.55,3.58
960,2.55,3.58
961,2.55,3.58
962,2.55,3.58
963,2.55,3.58
964,2.55,3.58
965,2.55,3.58
966,2.55,3.58
967,2.55,3.58
968,2.55,3.58
969,2.55,3.58
970,2.55,3.58
972,2.55,3.58
973,2.55,3.58
974,2.55,3.58
975,2.55,3.58
976,2.55,3.58
977,2.55,3.58
978,2.55,3.58
979,2.55,3.58
980,2.55,3.58
982,2.55,3.58
983,2.55,3.58
984,2.55,3.58
985,2.55,3.58
986,2.55,3.58
987,2.55,3.58
988,2.55,3.58
989,2.55,3.58
990,2.55,3.58
991,2.55,3.58
993,2.55,3.58
994,2.55,3.58
995,2.55,3.58
996,2.55,3.58
997,2.55,3.58
998,2.55,3.58
999,2.55,3.58
1000,2.55,3.58
1001,2.55,3.58
1002,2.55,3.58
1003,2.56,3.58
1004,2.55,3.58
1005,2.55,3.58
1007,2.55,3.58
1008,2.55,3.58
1009,2.55,3.58
1010,2.55,3.58
1011,2.55,3.58
1012,2.55,3.58
1013,2.55,3.58
1014,2.55,3.58
1015,2.55,3.58
1017,2.55,3.58
1018,2.56,3.58
1019,2.55,3.58
1020,2.55,3.58
1021,2.55,3.58
1022,2.55,3.59
1024,2.56,3.58
1025,2.55,3.58
1026,2.55,3.58
1027,2.56,3.58
1029,2.55,3.58
1030,2.55,3.58
1031,2.56,3.58
1032,2.55,3.58
1033,2.55,3.58
1034,2.55,3.58
1035,2.56,3.58
1036,2.55,3.58
1037,2.56,3.58
1039,2.56,3.58
1040,2.55,3.58
1041,2.55,3.58
1042,2.55,3.58
1043,2.55,3.58
1044,2.55,3.58
1045,2.56,3.58
1046,2.55,3.58
1047,2.55,3.58
1049,2.56,3.58
1050,2.55,3.58
1051,2.55,3.58
1052,2.55,3.58
1053,2.55,3.58
1054,2.55,3.58
1055,2.56,3.58
1056,2.56,3.58
1057,2.55,3.58
1059,2.55,3.58
1060,2.55,3.58
1061,2.55,3.58
1062,2.56,3.58
1063,2.56,3.58
1064,2.55,3.58
1065,2.56,3.58
1067,2.55,3.58
1068,2.55,3.58
1069,2.55,3.58
1071,2.55,3.58
1072,2.56,3.58
1073,2.55,3.58
1074,2.56,3.58
1075,2.56,3.58
1076,2.56,3.58
1077,2.56,3.58
1078,2.55,3.58
1079,2.56,3.58
1081,2.56,3.58
1082,2.55,3.58
1083,2.55,3.58
1084,2.55,3.58
1085,2.56,3.58
1086,2.55,3.58
1087,2.56,3.58
1088,2.56,3.58
1089,2.56,3.58
1091,2.55,3.58
1092,2.56,3.58
1093,2.56,3.58
1094,2.56,3.58
1095,2.56,3.58
1096,2.55,3.58
1097,2.56,3.58
1098,2.56,3.58
1099,2.56,3.58
1101,2.56,3.58
1102,2.56,3.58
1103,2.56,3.58
1104,2.56,3.58
1105,2.56,3.58
1106,2.56,3.58
1107,2.56,3.58
1108,2.56,3.58
1110,2.56,3.58
1111,2.56,3.58
1113,2.56,3.58
1114,2.56,3.58
1115,2.56,3.58
1116,2.56,3.58
1117,2.56,3.58
1118,2.56,3.58
1119,2.56,3.58
1120,2.56,3.58
1121,2.56,3.58
1123,2.56,3.58
1124,2.56,3.58
1125,2.56,3.58
1126,2.56,3.58
1127,2.56,3.58
1128,2.56,3.58
1129,2.56,3.58
1130,2.56,3.58
1131,2.56,3.58
1133,2.56,3.58
1134,2.56,3.58
1135,2.56,3.58
1136,2.56,3.58
1137,2.56,3.58
1138,2.56,3.58
1139,2.56,3.58
1140,2.56,3.58
1141,2.56,3.58
1143,2.56,3.58
1144,2.56,3.58
1145,2.56,3.58
1146,2.56,3.58
1147,2.56,3.58
1148,2.56,3.58
1149,2.56,3.58
1150,2.56,3.58
1152,2.56,3.58
1153,2.56,3.58
1155,2.56,3.58
1156,2.56,3.58
1157,2.56,3.58
1158,2.56,3.58
1159,2.56,3.58
1160,2.56,3.58
1161,2.56,3.58
1162,2.56,3.58
1163,2.56,3.58
1165,2.56,3.58
1166,2.56,3.58
1167,2.56,3.58
1168,2.56,3.58
1169,2.56,3.58
1170,2.56,3.58
1171,2.56,3.58
1172,2.56,3.58
1173,2.56,3.58
1175,2.56,3.58
1176,2.56,3.58
1177,2.56,3.58
1178,2.56,3.58
1179,2.56,3.58
1180,2.56,3.58
1181,2.56,3.58
1182,2.56,3.58
1183,2.56,3.58
1185,2.56,3.58
1186,2.56,3.58
1187,2.56,3.58
1188,2.56,3.58
1189,2.56,3.58
1190,2.56,3.58
1191,2.56,3.58
1192,2.56,3.58
1193,2.56,3.58
1196,2.56,3.58
1197,2.56,3.58
1198,2.56,3.58
1199,2.56,3.58
1200,2.56,3.58
1201,2.56,3.58
1202,2.56,3.58
1203,2.56,3.58
1204,2.56,3.58
1205,2.56,3.58
1207,2.56,3.58
1208,2.56,3.58
1209,2.56,3.58
1210,2.56,3.58
1211,2.56,3.58
1212,2.56,3.58
1213,2.56,3.58
1214,2.56,3.58
1215,2.56,3.58
1217,2.56,3.58
1218,2.56,3.58
1219,2.56,3.58
1220,2.56,3.58
1221,2.56,3.58
1222,2.56,3.58
1223,2.56,3.58
1224,2.56,3.58
1225,2.56,3.58
1227,2.56,3.58
1228,2.56,3.58
1229,2.56,3.58
1230,2.56,3.58
1231,2.56,3.58
1232,2.56,3.58
1233,2.56,3.58
1234,2.56,3.58
1235,2.56,3.58
1238,2.56,3.58
1239,2.56,3.58
1240,2.56,3.58
1241,2.56,3.58
1242,2.56,3.58
1243,2.56,3.58
1244,2.56,3.58
1245,2.56,3.58
1246,2.56,3.58
1247,2.56,3.58
1249,2.56,3.58
1250,2.56,3.58
1251,2.56,3.58
1252,2.56,3.58
1253,2.56,3.58
1254,2.56,3.58
1255,2.56,3.58
1256,2.56,3.58
1257,2.56,3.58
1259,2.56,3.58
1260,2.56,3.58
1261,2.56,3.58
1262,2.56,3.58
1263,2.56,3.58
1264,2.56,3.58
1265,2.56,3.58
1266,2.56,3.58
1267,2.56,3.58
1269,2.56,3.58
1270,2.56,3.58
1271,2.56,3.58
1272,2.56,3.58
1273,2.56,3.58
1274,2.56,3.58
1275,2.56,3.58
1276,2.56,3.58
1277,2.56,3.58
1280,2.56,3.58
1281,2.56,3.58
1282,2.56,3.58
1283,2.56,3.58
1284,2.56,3.58
1285,2.56,3.58
1286,2.56,3.58
1287,2.56,3.58
1288,2.56,3.58
1290,2.56,3.58
1291,2.56,3.58
1292,2.56,3.58
1293,2.56,3.58
1294,2.56,3.58
1295,2.56,3.58
1296,2.56,3.58
1297,2.56,3.58
1298,2.56,3.58
1299,2.56,3.58
1301,2.56,3.58
1302,2.56,3.58
1303,2.56,3.58
1304,2.56,3.58
1305,2.56,3.58
1306,2.56,3.58
1307,2.56,3.58
1308,2.56,3.58
1309,2.56,3.58
1311,2.56,3.58
1312,2.56,3.58
1313,2.56,3.58
1314,2.56,3.58
1315,2.56,3.58
1316,2.56,3.58
1317,2.56,3.58
1318,2.56,3.58
1319,2.56,3.58
1321,2.56,3.58
1323,2.56,3.58
1324,2.56,3.58
1325,2.56,3.58
1326,2.56,3.58
1327,2.56,3.58
1328,2.56,3.58
1329,2.56,3.58
1330,2.56,3.58
1332,2.56,3.58
1333,2.56,3.58
1334,2.56,3.58
1335,2.56,3.58
1336,2.56,3.58
1337,2.56,3.58
1338,2.56,3.58
1339,2.56,3.58
1340,2.56,3.58
1341,2.56,3.58
1343,2.56,3.58
1344,2.56,3.58
1345,2.56,3.58
1346,2.56,3.58
1347,2.56,3.58
1348,2.56,3.58
1349,2.56,3.58
1350,2.56,3.58
1351,2.56,3.58
1353,2.56,3.58
1354,2.56,3.58
1355,2.56,3.58
1356,2.56,3.58
1357,2.56,3.58
1358,2.56,3.58
1359,2.56,3.58
1360,2.56,3.58
1361,2.56,3.58
1363,2.56,3.58
1364,2.56,3.58
1366,2.56,3.58
1367,2.56,3.58
1368,2.56,3.58
1369,2.56,3.58
1370,2.56,3.58
1371,2.56,3.58
1372,2.56,3.58
1374,2.56,3.58
1375,2.56,3.58
1376,2.56,3.58
1377,2.56,3.58
1378,2.56,3.58
1379,2.56,3.58
1380,2.56,3.58
1381,2.56,3.58
1382,2.56,3.58
1384,2.56,3.58
1385,2.56,3.58
1386,2.56,3.58
1387,2.56,3.58
1388,2.56,3.58
1389,2.56,3.58
1390,2.56,3.58
1391,2.56,3.58
1392,2.56,3.58
1393,2.56,3.58
1395,2.56,3.58
1396,2.56,3.58
1397,2.56,3.58
1398,2.56,3.58
1399,2.56,3.58
1400,2.56,3.58
1401,2.56,3.58
1402,2.56,3.58
1403,2.56,3.58
1405,2.56,3.58
1406,2.56,3.58
1408,2.56,3.58
1409,2.56,3.58
1410,2.56,3.58
1411,2.56,3.58
1412,2.56,3.58
1413,2.56,3.58
1414,2.56,3.58
1416,2.56,3.58
1417,2.56,3.58
1418,2.56,3.58
1419,2.56,3.58
1420,2.56,3.58
1421,2.56,3.58
1422,2.56,3.58
1423,2.56,3.58
1424,2.56,3.58
1426,2.56,3.58
1427,2.56,3.58
1428,2.56,3.58
1429,2.56,3.58
1430,2.56,3.58
1431,2.56,3.58
1432,2.56,3.58
1433,2.56,3.58
1434,2.56,3.58
1435,2.56,3.58
1437,2.56,3.58
1438,2.56,3.58
1439,2.56,3.58
1440,2.56,3.58
1441,2.56,3.58
1442,2.56,3.58
1443,2.56,3.58
1444,2.56,3.58
1445,2.56,3.58
1447,2.56,3.58
1448,2.56,3.58
1449,2.56,3.58
1451,2.56,3.58
1452,2.56,3.58
1453,2.56,3.58
1454,2.56,3.58
1455,2.56,3.58
1456,2.56,3.58
1458,2.56,3.58
1459,2.56,3.58
1460,2.56,3.58
1461,2.56,3.58
1462,2.56,3.58
1463,2.56,3.58
1464,2.56,3.58
1465,2.56,3.58
1466,2.56,3.58
1468,2.56,3.58
1469,2.56,3.58
1470,2.56,3.58
1471,2.56,3.58
1472,2.56,3.58
1473,2.56,3.58
1474,2.56,3.58
1475,2.56,3.58
1476,2.56,3.58
1477,2.56,3.58
1479,2.56,3.58
1480,2.56,3.58
1481,2.56,3.58
1482,2.56,3.58
1483,2.56,3.58
1484,2.56,3.58
1485,2.56,3.58
1486,2.56,3.58
1487,2.56,3.58
1489,2.56,3.58
1490,2.56,3.58
1491,2.56,3.58
1492,2.56,3.58
1494,2.56,3.58
1495,2.56,3.58
1496,2.56,3.58
1497,2.56,3.58
1498,2.56,3.58
1500,2.56,3.58
1501,2.56,3.58
1502,2.56,3.58
1503,2.56,3.58
1504,2.56,3.58
1505,2.56,3.58
1506,2.56,3.58
1507,2.56,3.58
1508,2.56,3.58
1510,2.56,3.58
1511,2.56,3.59
1512,2.56,3.59
1513,2.56,3.59
1514,2.56,3.59
1515,2.56,3.59
1516,2.56,3.59
1517,2.56,3.59
1518,2.56,3.59
1519,2.56,3.59
1521,2.56,3.59
1522,2.56,3.59
1523,2.56,3.59
1524,2.56,3.59
1525,2.56,3.59
1526,2.56,3.59
1527,2.56,3.59
1528,2.56,3.59
1529,2.56,3.59
1531,2.56,3.59
1532,2.56,3.59
1533,2.56,3.59
1534,2.56,3.59
1536,2.56,3.59
1537,2.56,3.59
1538,2.56,3.59
1539,2.56,3.59
1540,2.56,3.59
1542,2.56,3.59
1543,2.56,3.59
1544,2.56,3.59
1545,2.56,3.59
1546,2.56,3.59
1547,2.56,3.59
1548,2.56,3.59
1549,2.56,3.59
1550,2.56,3.59
1552,2.56,3.59
1553,2.56,3.59
1554,2.56,3.59
1555,2.56,3.59
1556,2.56,3.59
1557,2.56,3.59
1558,2.56,3.59
1559,2.56,3.59
1560,2.56,3.59
1562,2.56,3.59
1563,2.56,3.59
1564,2.56,3.59
1565,2.56,3.59
1566,2.56,3.59
1567,2.56,3.59
1568,2.56,3.59
1569,2.56,3.59
1570,2.56,3.59
1571,2.56,3.59
1573,2.56,3.59
1574,2.56,3.59
1575,2.56,3.59
1576,2.56,3.59
1577,2.56,3.59
1579,2.56,3.59
1580,2.56,3.59
1581,2.56,3.59
1582,2.56,3.59
1584,2.56,3.59
1585,2.56,3.58
1586,2.56,3.58
1587,2.56,3.59
1588,2.56,3.59
1589,2.56,3.59
1590,2.56,3.59
1591,2.56,3.58
1592,2.56,3.58
1594,2.56,3.58
1595,2.56,3.58
1596,2.56,3.58
1597,2.56,3.58
1598,2.56,3.58
1599,2.56,3.58
1600,2.56,3.58
1601,2.56,3.58
1602,2.56,3.58
1604,2.56,3.58
1605,2.56,3.58
1606,2.56,3.58
1607,2.56,3.58
1608,2.56,3.58
1609,2.56,3.58
1610,2.56,3.58
1611,2.56,3.58
1612,2.56,3.58
1613,2.56,3.58
1615,2.56,3.58
1616,2.56,3.58
1617,2.56,3.58
1618,2.56,3.58
1619,2.56,3.58
1620,2.56,3.58
1622,2.56,3.58
1623,2.56,3.58
1624,2.56,3.58
1626,2.56,3.58
1627,2.56,3.57
1628,2.55,3.57
1629,2.55,3.57
1630,2.55,3.57
1631,2.55,3.57
1632,2.55,3.57
1633,2.55,3.57
1634,2.55,3.57
1636,2.55,3.57
1637,2.55,3.57
1638,2.55,3.57
1639,2.55,3.57
1640,2.55,3.57
1641,2.55,3.57
1642,2.55,3.57
1643,2.55,3.57
1644,2.55,3.57
1646,2.55,3.57
1647,2.55,3.57
1648,2.55,3.56
1649,2.55,3.56
1650,2.55,3.56
1651,2.55,3.56
1652,2.54,3.56
1653,2.54,3.56
1654,2.54,3.56
1655,2.54,3.56
1657,2.54,3.56
1658,2.54,3.56
1659,2.54,3.56
1660,2.54,3.56
1661,2.54,3.56
1662,2.54,3.56
1664,2.54,3.56
1665,2.54,3.55
1666,2.53,3.55
1668,2.53,3.55
1669,2.53,3.55
1670,2.53,3.55
1671,2.53,3.55
1672,2.53,3.55
1673,2.53,3.55
1674,2.53,3.55
1675,2.53,3.55
1676,2.53,3.55
1678,2.53,3.55
1679,2.53,3.55
1680,2.53,3.55
1681,2.53,3.55
1682,2.53,3.55
1683,2.53,3.55
1684,2.53,3.55
1685,2.53,3.55
1686,2.53,3.55
1688,2.53,3.55
1689,2.53,3.55
1690,2.53,3.55
1691,2.53,3.54
1692,2.53,3.54
1693,2.53,3.54
1694,2.53,3.54
1695,2.53,3.54
1696,2.53,3.54
1697,2.53,3.54
1699,2.53,3.54
1700,2.53,3.54
1701,2.53,3.54
1702,2.53,3.54
1703,2.53,3.54
1704,2.53,3.54
1705,2.53,3.54
1707,2.53,3.54
1708,2.53,3.54
1710,2.53,3.54
1711,2.53,3.54
1712,2.53,3.54
1713,2.53,3.54
1714,2.53,3.54
1715,2.53,3.54
1716,2.53,3.54
1717,2.53,3.54
1718,2.53,3.54
1720,2.53,3.54
1721,2.53,3.54
1722,2.53,3.54
1723,2.53,3.54
1724,2.53,3.54
1725,2.53,3.54
1726,2.53,3.54
1727,2.53,3.54
1728,2.53,3.54
1730,2.53,3.54
1731,2.53,3.54
1732,2.53,3.54
1733,2.53,3.54
1734,2.53,3.54
1735,2.53,3.54
1736,2.53,3.54
1737,2.53,3.54
1738,2.53,3.54
1739,2.53,3.54
1741,2.53,3.54
1742,2.53,3.54
1743,2.53,3.54
1744,2.53,3.54
1745,2.53,3.54
1746,2.53,3.54
1747,2.53,3.54
1748,2.53,3.54
1750,2.53,3.54
1752,2.53,3.54
1753,2.53,3.54
1754,2.53,3.54
1755,2.53,3.54
1756,2.53,3.54
1757,2.53,3.54
1758,2.53,3.54
1759,2.53,3.54
1760,2.53,3.54
1762,2.53,3.54
1763,2.53,3.54
1764,2.53,3.54
1765,2.53,3.54
1766,2.53,3.54
1767,2.53,3.54
1768,2.53,3.54
1769,2.53,3.54
1770,2.53,3.54
1772,2.53,3.54
1773,2.53,3.54
1774,2.53,3.54
1775,2.53,3.54
1776,2.53,3.54
1777,2.53,3.54
1778,2.53,3.53
1779,2.53,3.54
1780,2.53,3.54
1781,2.53,3.54
1783,2.53,3.54
1784,2.53,3.54
1785,2.53,3.53
1786,2.53,3.54
1787,2.53,3.53
1788,2.53,3.53
1789,2.53,3.53
1790,2.53,3.53
1792,2.53,3.53
1794,2.53,3.53
1795,2.53,3.53
1796,2.53,3.53
1797,2.53,3.53
1798,2.53,3.53
1799,2.53,3.53
1800,2.53,3.53
1801,2.53,3.53
1802,2.53,3.53
1804,2.53,3.53
1805,2.53,3.53
1806,2.53,3.53
1807,2.53,3.53
1808,2.53,3.53
1809,2.53,3.53
1810,2.53,3.53
1811,2.53,3.53
1812,2.53,3.53
1814,2.53,3.53
1815,2.53,3.53
1816,2.53,3.53
1817,2.53,3.53
1818,2.53,3.53
1819,2.53,3.53
1820,2.53,3.53
1821,2.53,3.53
1822,2.53,3.53
1823,2.53,3.53
1825,2.53,3.53
1826,2.53,3.53
1827,2.53,3.53
1828,2.53,3.53
1829,2.53,3.53
1830,2.53,3.53
1831,2.53,3.53
1832,2.53,3.53
1833,2.53,3.53
1836,2.53,3.53
1837,2.53,3.53
1838,2.53,3.53
1839,2.53,3.53
1840,2.53,3.53
1841,2.53,3.53
1842,2.53,3.54
1843,2.53,3.53
1844,2.53,3.53
1846,2.53,3.54
1847,2.53,3.53
1848,2.53,3.54
1849,2.53,3.54
1850,2.53,3.54
1851,2.53,3.54
1852,2.53,3.54
1853,2.53,3.54
1854,2.53,3.54
1856,2.53,3.54
1857,2.53,3.54
1858,2.53,3.54
1859,2.53,3.54
1860,2.53,3.54
1861,2.53,3.54
1862,2.53,3.54
1863,2.53,3.54
1864,2.53,3.54
1865,2.53,3.54
1867,2.54,3.54
1868,2.53,3.54
1869,2.53,3.54
1870,2.53,3.54
1871,2.53,3.54
1872,2.54,3.54
1873,2.53,3.54
1874,2.54,3.54
1875,2.54,3.54
1878,2.54,3.54
1879,2.54,3.54
1880,2.54,3.55
1881,2.54,3.55
1882,2.54,3.55
1883,2.54,3.55
1884,2.54,3.55
1885,2.54,3.55
1886,2.54,3.55
1888,2.54,3.55
1889,2.54,3.55
1890,2.54,3.55
1891,2.54,3.55
1892,2.54,3.55
1893,2.54,3.55
1894,2.54,3.55
1895,2.54,3.55
1896,2.54,3.55
1898,2.54,3.55
1899,2.54,3.55
1900,2.54,3.55
1901,2.54,3.55
1902,2.54,3.55
1903,2.54,3.55
1904,2.54,3.55
1905,2.54,3.55
1906,2.54,3.55
1907,2.54,3.55
1909,2.54,3.55
1910,2.54,3.56
1911,2.54,3.55
1912,2.54,3.56
1913,2.54,3.56
1914,2.54,3.56
1915,2.54,3.56
1916,2.54,3.56
1917,2.54,3.56
1920,2.54,3.56
1921,2.54,3.56
1922,2.54,3.56
1923,2.54,3.56
1924,2.54,3.56
1925,2.54,3.56
1926,2.54,3.56
1927,2.54,3.56
1928,2.54,3.56
1930,2.54,3.56
1931,2.54,3.56
1932,2.54,3.56
1933,2.54,3.56
1934,2.54,3.56
1935,2.54,3.56
1936,2.54,3.57
1937,2.54,3.57
1938,2.54,3.57
1940,2.54,3.57
1941,2.54,3.57
1942,2.54,3.57
1943,2.54,3.57
1944,2.54,3.57
1945,2.54,3.57
1946,2.54,3.57
1947,2.54,3.57
1948,2.54,3.57
1949,2.54,3.57
1951,2.54,3.58
1952,2.54,3.58
1953,2.54,3.58
1954,2.54,3.58
1955,2.54,3.58
1956,2.54,3.58
1957,2.55,3.58
1958,2.55,3.58
1959,2.54,3.58
1961,2.55,3.58
1963,2.55,3.58
1964,2.55,3.58
1965,2.55,3.59
1966,2.55,3.59
1967,2.55,3.59
1968,2.55,3.59
1969,2.55,3.59
1970,2.55,3.59
1972,2.55,3.59
1973,2.55,3.59
1974,2.55,3.59
1975,2.55,3.59
1976,2.55,3.59
1977,2.55,3.60
1978,2.55,3.60
1979,2.55,3.60
1980,2.55,3.60
1981,2.55,3.60
1983,2.55,3.60
1984,2.55,3.60
1985,2.55,3.60
1986,2.55,3.60
1987,2.55,3.60
1988,2.55,3.60
1989,2.55,3.61
1990,2.55,3.61
1991,2.55,3.61
1993,2.55,3.61
1994,2.55,3.61
1995,2.55,3.61
1996,2.55,3.62
1997,2.55,3.62
1998,2.55,3.62
1999,2.55,3.62
2000,2.55,3.62
2001,2.55,3.62
2002,2.55,3.62
2004,2.55,3.62
2006,2.55,3.62
2007,2.55,3.63
2008,2.55,3.63
2009,2.56,3.63
2010,2.56,3.63
2011,2.56,3.63
2012,2.56,3.63
2013,2.56,3.63
2015,2.56,3.63
2016,2.56,3.64
2017,2.56,3.64
2018,2.56,3.64
2019,2.56,3.64
2020,2.56,3.64
2021,2.56,3.64
2022,2.56,3.65
2023,2.56,3.65
2025,2.56,3.65
2026,2.56,3.65
2027,2.56,3.65
2028,2.56,3.65
2029,2.56,3.65
2030,2.56,3.66
2031,2.56,3.66
2032,2.56,3.66
2033,2.56,3.66
2035,2.56,3.66
2036,2.56,3.67
2037,2.56,3.67
2038,2.56,3.67
2039,2.56,3.67
2040,2.56,3.67
2041,2.56,3.67
2042,2.56,3.68
2043,2.56,3.68
2044,2.56,3.68
2046,2.56,3.68
2048,2.56,3.68
2049,2.56,3.69
2050,2.56,3.69
2051,2.56,3.69
2052,2.56,3.69
2053,2.56,3.70
2054,2.56,3.70
2055,2.56,3.70
2057,2.57,3.70
2058,2.57,3.70
2059,2.57,3.71
2060,2.57,3.71
2061,2.57,3.71
2062,2.57,3.72
2063,2.57,3.72
2064,2.57,3.73
2065,2.57,3.73
2067,2.57,3.74
2068,2.57,3.75
2069,2.57,3.75
2070,2.57,3.77
2071,2.57,3.78
2072,2.57,3.80
2073,2.58,3.82
2074,2.58,3.84
2075,2.58,3.86
2076,2.58,3.89
2078,2.59,3.91
2079,2.59,3.93
2080,2.60,3.95
2081,2.60,3.98
2082,2.61,4.00
2083,2.61,4.03
2084,2.62,4.05
2085,2.62,4.07
2086,2.63,4.10
2088,2.64,4.12
2089,2.65,4.14
2091,2.65,4.16
2092,2.66,4.19
2093,2.67,4.21
2094,2.68,4.23
2095,2.69,4.25
2096,2.69,4.27
2097,2.70,4.29
2098,2.71,4.31
2100,2.72,4.33
2101,2.72,4.35
2102,2.73,4.37
2103,2.73,4.39
2104,2.74,4.40
2105,2.74,4.42
2106,2.75,4.44
2107,2.75,4.46
2108,2.76,4.47
2110,2.76,4.49
2111,2.76,4.50
2112,2.77,4.52
2113,2.77,4.53
2114,2.77,4.54
2115,2.77,4.56
2116,2.77,4.57
2117,2.77,4.58
2118,2.77,4.59
2120,2.77,4.60
2121,2.77,4.61
2122,2.77,4.62
2123,2.77,4.63
2124,2.77,4.64
2125,2.77,4.65
2126,2.77,4.66
2127,2.77,4.67
2128,2.76,4.68
2130,2.76,4.68
2131,2.76,4.69
2132,2.76,4.70
2134,2.75,4.71
2135,2.75,4.71
2136,2.75,4.72
2137,2.74,4.73
2138,2.74,4.73
2139,2.74,4.73
2140,2.73,4.74
2142,2.73,4.75
2143,2.73,4.75
2144,2.72,4.76
2145,2.72,4.76
2146,2.71,4.77
2147,2.71,4.77
2148,2.71,4.77
2149,2.70,4.78
2150,2.70,4.78
2152,2.70,4.78
2153,2.69,4.79
2154,2.69,4.79
2155,2.68,4.79
2156,2.68,4.79
2157,2.68,4.80
2158,2.67,4.80
2159,2.67,4.80
2160,2.67,4.81
2161,2.66,4.81
2163,2.66,4.81
2164,2.65,4.81
2165,2.65,4.82
2166,2.65,4.82
2167,2.65,4.82
2168,2.64,4.82
2169,2.64,4.82
2170,2.64,4.83
2171,2.63,4.83
2173,2.63,4.83
2174,2.63,4.83
2176,2.63,4.83
2177,2.62,4.83
2178,2.62,4.84
2179,2.62,4.84
2180,2.62,4.84
2181,2.61,4.84
2182,2.61,4.84
2184,2.61,4.84
2185,2.61,4.85
2186,2.61,4.85
2187,2.61,4.85
2188,2.61,4.85
2189,2.61,4.85
2190,2.60,4.85
2191,2.60,4.85
2192,2.60,4.85
2194,2.60,4.85
2195,2.60,4.85
2196,2.60,4.85
2197,2.59,4.86
2198,2.59,4.85
2199,2.59,4.86
2200,2.59,4.86
2201,2.59,4.86
2202,2.59,4.86
2203,2.59,4.86
2205,2.58,4.86
2206,2.58,4.86
2207,2.58,4.86
2208,2.58,4.86
2209,2.58,4.86
2210,2.58,4.86
2211,2.58,4.86
2212,2.58,4.86
2213,2.58,4.86
2215,2.58,4.86
2216,2.58,4.87
2217,2.57,4.87
2219,2.57,4.87
2220,2.57,4.87
2221,2.57,4.87
2222,2.57,4.87
2223,2.57,4.87
2224,2.57,4.87
2226,2.57,4.87
2227,2.57,4.87
2228,2.57,4.87
2229,2.57,4.87
2230,2.57,4.87
2231,2.57,4.87
2232,2.57,4.87
2233,2.57,4.87
2234,2.57,4.87
2235,2.57,4.87
2237,2.57,4.87
2238,2.57,4.87
2239,2.57,4.87
2240,2.56,4.87
2241,2.56,4.87
2242,2.56,4.87
2243,2.56,4.87
2244,2.56,4.87
2245,2.56,4.87
2247,2.56,4.87
2248,2.56,4.87
2249,2.56,4.87
2250,2.56,4.87
2251,2.56,4.87
2252,2.56,4.87
2253,2.56,4.87
2254,2.56,4.87
2255,2.56,4.87
2257,2.56,4.87
2258,2.56,4.87
2259,2.56,4.87
2260,2.56,4.87
2262,2.56,4.87
2263,2.56,4.87
2264,2.56,4.87
2265,2.56,4.87
2266,2.56,4.87
2268,2.56,4.87
2269,2.56,4.87
2270,2.56,4.87
2271,2.56,4.87
2272,2.56,4.87
2273,2.56,4.87
2274,2.56,4.87
2275,2.56,4.88
2276,2.56,4.87
2278,2.56,4.87
2279,2.56,4.87
2280,2.56,4.88
2281,2.56,4.88
2282,2.56,4.87
2283,2.56,4.88
2284,2.56,4.87
2285,2.56,4.87
2286,2.56,4.87
2287,2.56,4.87
2289,2.56,4.88
2290,2.56,4.87
2291,2.56,4.87
2292,2.56,4.87
2293,2.56,4.88
2294,2.56,4.88
2295,2.56,4.88
2296,2.56,4.87
2297,2.56,4.87
2299,2.56,4.87
2300,2.56,4.87
2301,2.56,4.88
2302,2.56,4.87
2304,2.56,4.87
2305,2.56,4.87
2306,2.55,4.87
2307,2.55,4.87
2308,2.56,4.87
2310,2.55,4.87
2311,2.55,4.86
2312,2.56,4.86
2313,2.55,4.86
2314,2.55,4.86
2315,2.55,4.85
2316,2.55,4.85
2317,2.55,4.85
2318,2.55,4.84
2320,2.55,4.84
2321,2.55,4.84
2322,2.55,4.83
2323,2.55,4.83
2324,2.55,4.82
2325,2.55,4.81
2326,2.55,4.81
2327,2.54,4.80
2328,2.54,4.79
2329,2.54,4.78
2331,2.54,4.77
2332,2.54,4.76
2333,2.53,4.75
2334,2.53,4.73
2335,2.53,4.72
2336,2.53,4.70
2337,2.52,4.68
2338,2.52,4.66
2339,2.51,4.64
2341,2.51,4.62
2342,2.50,4.59
2343,2.50,4.56
2344,2.49,4.53
2345,2.49,4.50
2347,2.48,4.46
2348,2.48,4.43
2349,2.47,4.40
2350,2.46,4.37
2352,2.45,4.35
2353,2.44,4.32
2354,2.43,4.31
2355,2.43,4.30
2356,2.42,4.31
2357,2.41,4.32
2358,2.40,4.33
2359,2.39,4.34
2360,2.39,4.35
2361,2.39,4.37
2363,2.39,4.39
2364,2.38,4.41
2365,2.38,4.43
2366,2.39,4.44
2367,2.39,4.47
2368,2.39,4.49
2369,2.39,4.51
2370,2.40,4.52
2371,2.41,4.54
2373,2.42,4.56
2374,2.43,4.57
2375,2.44,4.58
2376,2.46,4.59
2377,2.47,4.61
2378,2.48,4.62
2379,2.49,4.63
2380,2.51,4.64
2381,2.52,4.65
2383,2.53,4.66
2384,2.54,4.67
2385,2.55,4.68
2386,2.56,4.69
2387,2.57,4.70
2388,2.58,4.71
2390,2.59,4.72
2391,2.60,4.72
2392,2.61,4.73
2394,2.61,4.73
2395,2.62,4.74
2396,2.62,4.75
2397,2.63,4.75
2398,2.63,4.76
2399,2.63,4.76
2400,2.64,4.77
2401,2.64,4.77
2402,2.64,4.78
2403,2.64,4.78
2405,2.65,4.78
2406,2.65,4.79
2407,2.65,4.79
2408,2.65,4.79
2409,2.65,4.80
2410,2.65,4.80
2411,2.65,4.80
2412,2.65,4.81
2413,2.65,4.81
2415,2.64,4.81
2416,2.64,4.81
2417,2.64,4.82
2418,2.64,4.82
2419,2.64,4.82
2420,2.64,4.82
2421,2.63,4.83
2422,2.63,4.83
2423,2.63,4.83
2425,2.63,4.83
2426,2.63,4.83
2427,2.62,4.84
2428,2.62,4.84
2429,2.62,4.84
2430,2.62,4.84
2432,2.62,4.84
2433,2.61,4.84
2434,2.61,4.85
2435,2.61,4.85
2437,2.61,4.85
2438,2.61,4.85
2439,2.61,4.85
2440,2.61,4.85
2441,2.61,4.85
2442,2.60,4.85
2443,2.60,4.85
2444,2.60,4.86
2445,2.60,4.86
2447,2.60,4.86
2448,2.60,4.86
2449,2.60,4.86
2450,2.59,4.86
2451,2.59,4.86
2452,2.59,4.86
2453,2.59,4.86
2454,2.59,4.86
2455,2.59,4.86
2457,2.58,4.86
2458,2.58,4.87
2459,2.58,4.86
2460,2.58,4.87
2461,2.58,4.87
2462,2.58,4.87
2463,2.58,4.87
2464,2.58,4.87
2465,2.58,4.87
2466,2.57,4.86
2468,2.57,4.86
2469,2.57,4.86
2470,2.57,4.86
2471,2.57,4.86
2472,2.57,4.85
2473,2.57,4.85
2475,2.57,4.85
2476,2.57,4.84
2477,2.56,4.84
2479,2.56,4.83
2480,2.56,4.83
2481,2.56,4.83
2482,2.56,4.82
2483,2.56,4.82
2484,2.56,4.82
2485,2.55,4.81
2486,2.55,4.81
2487,2.55,4.81
2489,2.55,4.81
2490,2.55,4.81
2491,2.54,4.81
2492,2.54,4.81
2493,2.54,4.81
2494,2.54,4.80
2495,2.54,4.81
2496,2.54,4.81
2497,2.54,4.81
2499,2.53,4.81
2500,2.53,4.81
2501,2.53,4.82
2502,2.53,4.82
2503,2.53,4.82
2504,2.53,4.83
2505,2.53,4.83
2506,2.53,4.83
2507,2.54,4.83
2508,2.54,4.83
2510,2.54,4.84
2511,2.54,4.84
2512,2.54,4.84
2513,2.54,4.84
2514,2.54,4.84
2515,2.54,4.84
2516,2.55,4.84
2518,2.55,4.85
2519,2.55,4.85
2521,2.55,4.85
2522,2.55,4.85
2523,2.55,4.85
2524,2.55,4.85
2525,2.55,4.85
2526,2.56,4.86
2527,2.56,4.86
2528,2.56,4.86
2529,2.56,4.86
2531,2.56,4.86
2532,2.56,4.86
2533,2.56,4.86
2534,2.56,4.86
2535,2.56,4.86
2536,2.56,4.86
2537,2.56,4.86
2538,2.56,4.86
2539,2.56,4.87
2541,2.56,4.86
2542,2.56,4.86
2543,2.56,4.87
2544,2.56,4.87
2545,2.56,4.87
2546,2.56,4.87
2547,2.56,4.87
2548,2.56,4.87
2549,2.56,4.87
2550,2.56,4.87
2552,2.56,4.87
2553,2.56,4.87
2554,2.56,4.87
2555,2.56,4.87
2556,2.56,4.87
2557,2.56,4.87
2558,2.56,4.87
2560,2.56,4.87
2561,2.56,4.87
2563,2.56,4.87
2564,2.56,4.87
2565,2.56,4.87
2566,2.56,4.87
2567,2.56,4.87
2568,2.56,4.87
2569,2.56,4.87
2570,2.56,4.87
2571,2.56,4.87
2573,2.56,4.87
2574,2.56,4.88
2575,2.56,4.87
2576,2.56,4.87
2577,2.56,4.88
2578,2.56,4.88
2579,2.56,4.88
2580,2.56,4.88
2581,2.56,4.87
2583,2.56,4.88
2584,2.56,4.87
2585,2.56,4.87
2586,2.56,4.88
2587,2.56,4.87
2588,2.56,4.88
2589,2.56,4.88
2590,2.56,4.88
2591,2.55,4.88
2593,2.56,4.88
2594,2.55,4.88
2595,2.55,4.88
2596,2.55,4.88
2597,2.55,4.88
2598,2.55,4.88
2599,2.55,4.88
2600,2.55,4.87
2601,2.55,4.88
2603,2.55,4.88
2605,2.55,4.88
2606,2.55,4.88
2607,2.55,4.88
2608,2.55,4.88
2609,2.55,4.88
2610,2.55,4.88
2611,2.55,4.88
2612,2.55,4.88
2613,2.55,4.88
2615,2.55,4.88
2616,2.55,4.88
2617,2.55,4.88
2618,2.55,4.88
2619,2.55,4.88
2620,2.55,4.88
2621,2.55,4.88
2622,2.55,4.88
2623,2.55,4.88
2625,2.55,4.88
2626,2.55,4.88
2627,2.55,4.88
2628,2.55,4.88
2629,2.55,4.88
2630,2.55,4.88
2631,2.55,4.88
2632,2.55,4.88
2633,2.55,4.88
2635,2.55,4.88
2636,2.55,4.88
2637,2.55,4.88
2638,2.55,4.88
2639,2.55,4.88
2640,2.55,4.88
2641,2.55,4.88
2642,2.55,4.88
2643,2.55,4.88
2644,2.55,4.88
2647,2.55,4.88
2648,2.55,4.88
2649,2.55,4.88
2650,2.55,4.88
2651,2.55,4.88
2652,2.55,4.88
2653,2.55,4.88
2654,2.55,4.88
2655,2.55,4.88
2657,2.55,4.88
2658,2.55,4.88
2659,2.55,4.88
2660,2.55,4.88
2661,2.55,4.88
2662,2.55,4.88
2663,2.55,4.88
2664,2.55,4.88
2665,2.55,4.88
2667,2.55,4.88
2668,2.55,4.88
2669,2.55,4.88
2670,2.55,4.88
2671,2.55,4.88
2672,2.55,4.88
2673,2.55,4.88
2674,2.55,4.88
2675,2.55,4.88
2677,2.55,4.88
2678,2.55,4.88
2679,2.55,4.88
2680,2.55,4.88
2681,2.55,4.88
2682,2.55,4.88
2683,2.55,4.88
2684,2.55,4.88
2685,2.55,4.88
2686,2.55,4.88
2689,2.55,4.88
2690,2.55,4.88
2691,2.55,4.88
2692,2.55,4.88
2693,2.55,4.88
2694,2.55,4.88
2695,2.55,4.88
2696,2.55,4.88
2697,2.55,4.88
2699,2.55,4.88
2700,2.55,4.88
2701,2.55,4.88
2702,2.55,4.88
2703,2.55,4.88
2704,2.55,4.88
2705,2.55,4.88
2706,2.55,4.88
2707,2.55,4.88
2709,2.55,4.88
2710,2.55,4.88
2711,2.55,4.88
2712,2.55,4.88
2713,2.55,4.88
2714,2.55,4.88
2715,2.55,4.88
2716,2.55,4.88
2717,2.55,4.88
2719,2.55,4.88
2720,2.55,4.88
2721,2.55,4.88
2722,2.55,4.88
2723,2.55,4.88
2724,2.55,4.88
2725,2.55,4.88
2726,2.55,4.88
2727,2.55,4.88
2728,2.55,4.88
2731,2.55,4.88
2732,2.55,4.88
2733,2.55,4.88
2734,2.55,4.88
2735,2.55,4.88
2736,2.55,4.88
2737,2.55,4.88
2738,2.55,4.88
2739,2.55,4.88
2741,2.55,4.88
2742,2.55,4.88
2743,2.55,4.88
2744,2.55,4.88
2745,2.55,4.88
2746,2.55,4.88
2747,2.55,4.88
2748,2.55,4.88
2749,2.55,4.88
2751,2.55,4.88
2752,2.55,4.88
2753,2.55,4.88
2754,2.55,4.88
2755,2.55,4.88
2756,2.55,4.88
2757,2.55,4.88
2758,2.55,4.88
2759,2.55,4.88
2761,2.55,4.88
2762,2.55,4.88
2763,2.55,4.88
2764,2.55,4.88
2765,2.55,4.88
2766,2.55,4.88
2767,2.55,4.88
2768,2.55,4.88
2769,2.55,4.88
2770,2.55,4.88
2772,2.55,4.88
2774,2.55,4.88
2775,2.55,4.88
2776,2.55,4.88
2777,2.55,4.88
2778,2.55,4.88
2779,2.55,4.88
2780,2.55,4.88
2781,2.55,4.88
2783,2.55,4.88
2784,2.55,4.88
2785,2.55,4.88
2786,2.55,4.88
2787,2.55,4.88
2788,2.55,4.88
2789,2.55,4.88
2790,2.55,4.88
2791,2.55,4.88
2793,2.55,4.88
2794,2.55,4.88
2795,2.55,4.88
2796,2.55,4.88
2797,2.55,4.88
2798,2.55,4.88
2799,2.55,4.88
2800,2.55,4.88
2801,2.55,4.88
2803,2.55,4.88
2804,2.55,4.88
2805,2.55,4.88
2806,2.55,4.88
2807,2.55,4.88
2808,2.55,4.88
2809,2.55,4.88
2810,2.55,4.88
2811,2.55,4.88
2813,2.55,4.88
2814,2.55,4.88
2816,2.55,4.88
2817,2.55,4.88
2818,2.55,4.88
2819,2.55,4.88
2820,2.55,4.88
2821,2.55,4.88
2822,2.55,4.88
2823,2.55,4.88
2825,2.55,4.88
2826,2.55,4.88
2827,2.55,4.88
2828,2.55,4.88
2829,2.55,4.88
2830,2.55,4.88
2831,2.55,4.88
2832,2.55,4.88
2833,2.55,4.88
2835,2.55,4.88
2836,2.55,4.88
2837,2.55,4.88
2838,2.55,4.88
2839,2.55,4.88
2840,2.55,4.88
2841,2.55,4.88
2842,2.55,4.88
2843,2.55,4.88
2845,2.55,4.88
2846,2.55,4.88
2847,2.55,4.88
2848,2.55,4.88
2849,2.55,4.88
2850,2.55,4.88
2851,2.55,4.88
2852,2.55,4.88
2853,2.55,4.88
2855,2.55,4.88
2856,2.55,4.88
2857,2.55,4.88
2859,2.55,4.88
2860,2.55,4.88
2861,2.55,4.88
2862,2.55,4.88
2863,2.55,4.88
2864,2.55,4.88
2865,2.55,4.88
2867,2.55,4.88
2868,2.55,4.88
2869,2.55,4.88
2870,2.55,4.88
2871,2.55,4.88
2872,2.55,4.88
2873,2.55,4.88
2874,2.55,4.88
2875,2.55,4.88
2877,2.55,4.88
2878,2.55,4.88
2879,2.55,4.88
2880,2.55,4.88
2881,2.55,4.88
2882,2.55,4.88
2883,2.55,4.88
2884,2.55,4.88
2885,2.55,4.88
2887,2.54,4.88
2888,2.55,4.88
2889,2.55,4.88
2890,2.55,4.88
2891,2.55,4.88
2892,2.55,4.88
2893,2.55,4.88
2894,2.55,4.88
2895,2.55,4.88
2897,2.55,4.88
2898,2.55,4.88
2899,2.55,4.88
2900,2.55,4.88
2902,2.55,4.88
2903,2.54,4.88
2904,2.54,4.88
2905,2.55,4.88
2906,2.54,4.88
2907,2.54,4.88
2909,2.54,4.88
2910,2.54,4.88
2911,2.54,4.88
2912,2.54,4.88
2913,2.54,4.88
2914,2.54,4.88
2915,2.54,4.88
2916,2.54,4.88
2917,2.54,4.88
2919,2.54,4.88
2920,2.54,4.88
2921,2.54,4.88
2922,2.54,4.88
2923,2.54,4.88
2924,2.54,4.88
2925,2.54,4.88
2926,2.54,4.88
2927,2.54,4.88
2929,2.54,4.88
2930,2.54,4.88
2931,2.54,4.88
2932,2.54,4.88
2933,2.54,4.88
2934,2.54,4.88
2935,2.54,4.88
2936,2.54,4.88
2937,2.54,4.88
2939,2.54,4.88
2940,2.54,4.88
2941,2.54,4.88
2942,2.54,4.88
2944,2.54,4.88
2945,2.54,4.88
2946,2.54,4.88
2947,2.54,4.88
2948,2.54,4.88
2949,2.54,4.88
2951,2.54,4.88
2952,2.54,4.88
2953,2.54,4.88
2954,2.54,4.88
2955,2.54,4.88
2956,2.54,4.88
2957,2.54,4.88
2958,2.54,4.88
2959,2.54,4.88
2961,2.54,4.88
2962,2.54,4.88
2963,2.54,4.88
2964,2.54,4.88
2965,2.54,4.88
2966,2.54,4.88
2967,2.54,4.88
2968,2.54,4.88
2969,2.54,4.88
2971,2.54,4.88
2972,2.54,4.88
2973,2.54,4.88
2974,2.54,4.88
2975,2.54,4.88
2976,2.54,4.88
2977,2.54,4.88
2978,2.54,4.88
2979,2.54,4.88
2981,2.54,4.88
2982,2.54,4.88
2983,2.54,4.88
2984,2.54,4.88
2985,2.54,4.88
2987,2.54,4.88
2988,2.54,4.88
2989,2.54,4.88
2990,2.54,4.88
2991,2.54,4.88
2993,2.54,4.88
2994,2.54,4.88
2995,2.54,4.87
2996,2.54,4.88
2997,2.54,4.87
2998,2.54,4.87
2999,2.54,4.87
3000,2.54,4.85
3001,2.54,4.83
3003,2.54,4.80
3004,2.54,4.77
3005,2.53,4.73
3006,2.53,4.69
3007,2.53,4.64
3008,2.52,4.60
3009,2.52,4.56
3010,2.51,4.52
3011,2.50,4.47
3013,2.49,4.43
3014,2.48,4.39
3015,2.47,4.35
3016,2.46,4.31
3017,2.44,4.27
3018,2.43,4.24
3019,2.42,4.20
3020,2.41,4.16
3021,2.39,4.13
3022,2.39,4.10
3024,2.37,4.06
3025,2.36,4.03
3026,2.35,4.00
3027,2.33,3.97
3028,2.32,3.94
3030,2.31,3.91
3031,2.30,3.89
3032,2.29,3.87
3033,2.28,3.84
3035,2.27,3.82
3036,2.26,3.79
3037,2.25,3.77
3038,2.24,3.75
3039,2.24,3.73
3040,2.23,3.71
3041,2.22,3.69
3042,2.22,3.68
3043,2.21,3.66
3045,2.21,3.64
3046,2.21,3.63
3047,2.20,3.61
3048,2.20,3.60
3049,2.20,3.59
3050,2.20,3.57
3051,2.20,3.56
3052,2.20,3.55
3053,2.20,3.54
3054,2.21,3.53
3056,2.21,3.53
3057,2.21,3.52
3058,2.22,3.51
3059,2.22,3.51
3060,2.23,3.50
3061,2.23,3.50
3062,2.24,3.49
3063,2.24,3.49
3064,2.25,3.48
3066,2.26,3.48
3067,2.26,3.48
3068,2.27,3.48
3069,2.28,3.48
3070,2.28,3.48
3072,2.29,3.48
3073,2.30,3.48
3074,2.31,3.48
3075,2.32,3.48
3077,2.33,3.48
3078,2.33,3.48
3079,2.34,3.48
3080,2.35,3.48
3081,2.36,3.48
3082,2.37,3.48
3083,2.38,3.49
3084,2.38,3.49
3085,2.39,3.49
3086,2.39,3.49
3088,2.40,3.49
3089,2.41,3.49
3090,2.42,3.50
3091,2.42,3.50
3092,2.43,3.50
3093,2.44,3.51
3094,2.44,3.51
3095,2.45,3.51
3096,2.46,3.51
3098,2.46,3.51
3099,2.47,3.52
3100,2.47,3.52
3101,2.48,3.52
3102,2.48,3.52
3103,2.49,3.52
3104,2.49,3.53
3105,2.50,3.53
3106,2.50,3.53
3108,2.50,3.53
3109,2.51,3.54
3110,2.51,3.54
3111,2.52,3.54
3112,2.52,3.54
3113,2.52,3.54
3115,2.52,3.54
3116,2.53,3.55
3117,2.53,3.55
3118,2.53,3.55
3120,2.53,3.55
3121,2.53,3.55
3122,2.54,3.55
3123,2.54,3.55
3124,2.54,3.55
3125,2.54,3.55
3126,2.54,3.56
3127,2.54,3.56
3128,2.54,3.56
3130,2.54,3.56
3131,2.54,3.56
3132,2.54,3.56
3133,2.54,3.56
3134,2.55,3.56
3135,2.54,3.56
3136,2.54,3.56
3137,2.55,3.56
3138,2.55,3.56
3140,2.54,3.56
3141,2.55,3.56
3142,2.55,3.56
3143,2.55,3.56
3144,2.54,3.56
3145,2.54,3.56
3146,2.54,3.56
3147,2.54,3.56
3148,2.54,3.56
3150,2.54,3.56
3151,2.54,3.56
3152,2.54,3.56
3153,2.54,3.56
3154,2.54,3.56
3155,2.54,3.56
3156,2.54,3.56
3158,2.54,3.56
3159,2.54,3.56
3160,2.54,3.56
3162,2.54,3.56
3163,2.54,3.56
3164,2.54,3.56
3165,2.54,3.56
3166,2.54,3.56
3167,2.54,3.56
3168,2.54,3.56
3169,2.54,3.55
3170,2.54,3.55
3172,2.54,3.55
3173,2.53,3.55
3174,2.53,3.55
3175,2.53,3.55
3176,2.53,3.55
3177,2.53,3.55
3178,2.53,3.55
3179,2.53,3.55
3180,2.53,3.55
3182,2.53,3.55
3183,2.53,3.55
3184,2.53,3.55
3185,2.53,3.55
3186,2.53,3.55
3187,2.53,3.55
3188,2.53,3.55
3189,2.53,3.55
3190,2.53,3.55
3192,2.53,3.54
3193,2.53,3.54
3194,2.53,3.54
3195,2.53,3.54
3196,2.53,3.54
3197,2.53,3.54
3198,2.53,3.54
3200,2.53,3.54
3201,2.53,3.54
3202,2.53,3.54
3204,2.53,3.54
3205,2.53,3.54
3206,2.53,3.54
3207,2.53,3.54
3208,2.53,3.54
3209,2.53,3.54
3210,2.53,3.54
3211,2.53,3.54
3212,2.53,3.54
3214,2.53,3.54
3215,2.53,3.54
3216,2.53,3.54
3217,2.53,3.54
3218,2.53,3.54
3219,2.53,3.54
3220,2.53,3.54
3221,2.53,3.54
3222,2.53,3.54
3224,2.53,3.54
3225,2.53,3.54
3226,2.53,3.54
3227,2.53,3.54
3228,2.53,3.55
3229,2.53,3.55
3230,2.53,3.55
3231,2.53,3.55
3232,2.53,3.55
3234,2.53,3.55
3235,2.53,3.55
3236,2.53,3.55
3237,2.53,3.55
3238,2.53,3.55
3239,2.53,3.55
3240,2.53,3.55
3241,2.53,3.55
3243,2.53,3.55
3244,2.53,3.55
3246,2.54,3.55
3247,2.53,3.55
3248,2.53,3.55
3249,2.54,3.55
3250,2.54,3.55
3251,2.54,3.55
3252,2.54,3.55
3253,2.54,3.55
3254,2.54,3.55
3256,2.54,3.55
3257,2.54,3.55
3258,2.54,3.55
3259,2.54,3.55
3260,2.54,3.55
3261,2.54,3.55
3262,2.54,3.55
3263,2.54,3.55
3264,2.54,3.55
3266,2.54,3.55
3267,2.54,3.55
3268,2.54,3.56
3269,2.54,3.55
3270,2.54,3.55
3271,2.54,3.55
3272,2.54,3.55
3273,2.54,3.55
3274,2.54,3.55
3276,2.54,3.55
3277,2.54,3.55
3278,2.54,3.55
3279,2.54,3.55
3280,2.54,3.55
3281,2.54,3.55
3282,2.54,3.55
3283,2.54,3.55
3284,2.54,3.55
3287,2.54,3.55
3288,2.54,3.55
3289,2.54,3.55
3290,2.54,3.55
3291,2.54,3.55
3292,2.54,3.55
3293,2.54,3.55
3294,2.54,3.55
3295,2.54,3.55
3296,2.54,3.55
3298,2.54,3.55
3299,2.54,3.55
3300,2.54,3.55
3301,2.54,3.55
3302,2.54,3.55
3303,2.54,3.55
3304,2.54,3.55
3305,2.54,3.55
3306,2.54,3.55
3308,2.54,3.55
3309,2.54,3.55
3310,2.54,3.55
3311,2.54,3.55
3312,2.54,3.55
3313,2.54,3.55
3314,2.54,3.55
3315,2.53,3.55
3316,2.54,3.55
3318,2.54,3.55
3319,2.54,3.55
3320,2.54,3.55
3321,2.54,3.55
3322,2.53,3.55
3323,2.54,3.55
3324,2.53,3.55
3325,2.54,3.55
3326,2.54,3.55
3329,2.54,3.55
3330,2.54,3.55
3331,2.54,3.55
3332,2.54,3.55
3333,2.54,3.55
3334,2.54,3.55
3335,2.54,3.55
3336,2.53,3.55
3337,2.54,3.55
3339,2.54,3.54
3340,2.53,3.54
3341,2.53,3.54
3342,2.53,3.54
3343,2.53,3.54
3344,2.53,3.54
3345,2.53,3.54
3346,2.53,3.54
3347,2.54,3.54
3348,2.53,3.54
3350,2.54,3.54
3351,2.54,3.54
3352,2.54,3.54
3353,2.53,3.54
3354,2.54,3.54
3355,2.54,3.54
3356,2.54,3.54
3357,2.54,3.54
3358,2.54,3.54
3360,2.54,3.54
3361,2.54,3.54
3362,2.54,3.54
3363,2.54,3.54
3364,2.54,3.54
3365,2.54,3.54
3366,2.54,3.54
3367,2.54,3.54
3368,2.54,3.54
3371,2.54,3.54
3372,2.54,3.54
3373,2.54,3.54
3374,2.54,3.54
3375,2.54,3.54
3376,2.55,3.54
3377,2.55,3.55
3378,2.55,3.55
3379,2.55,3.55
3381,2.55,3.55
3382,2.55,3.55
3383,2.55,3.55
3384,2.55,3.55
3385,2.55,3.55
3386,2.55,3.55
3387,2.55,3.55
3388,2.56,3.55
3389,2.56,3.55
3391,2.56,3.55
3392,2.56,3.55
3393,2.56,3.55
3394,2.56,3.55
3395,2.56,3.55
3396,2.56,3.55
3397,2.56,3.55
3398,2.56,3.55
3399,2.56,3.55
3400,2.56,3.55
3402,2.56,3.56
3403,2.56,3.56
3404,2.56,3.56
3405,2.57,3.56
3406,2.57,3.56
3407,2.57,3.56
3408,2.57,3.56
3409,2.57,3.56
3410,2.57,3.56
3412,2.57,3.56
3414,2.57,3.56
3415,2.57,3.56
3416,2.57,3.56
3417,2.57,3.56
3418,2.57,3.56
3419,2.57,3.56
3420,2.57,3.56
3421,2.57,3.56
3423,2.57,3.56
3424,2.57,3.56
3425,2.57,3.56
3426,2.57,3.56
3427,2.57,3.56
3428,2.57,3.56
3429,2.57,3.56
3430,2.57,3.56
3431,2.57,3.56
3433,2.57,3.56
3434,2.57,3.56
3435,2.57,3.56
3436,2.57,3.57
3437,2.57,3.57
3438,2.57,3.57
3439,2.57,3.56
3440,2.57,3.57
3441,2.57,3.57
3442,2.57,3.57
3444,2.57,3.57
3445,2.57,3.57
3446,2.57,3.57
3447,2.57,3.57
3448,2.57,3.57
3449,2.57,3.57
3450,2.57,3.57
3451,2.57,3.57
3452,2.57,3.57
3454,2.58,3.57
3456,2.57,3.57
3457,2.57,3.57
3458,2.57,3.57
3459,2.57,3.57
3460,2.57,3.57
3461,2.57,3.57
3462,2.57,3.57
3463,2.57,3.57
3465,2.57,3.57
3466,2.57,3.57
3467,2.57,3.57
3468,2.57,3.57
3469,2.57,3.57
3470,2.57,3.57
3471,2.58,3.57
3472,2.57,3.57
3473,2.57,3.57
3475,2.58,3.57
3476,2.57,3.57
3477,2.57,3.57
3478,2.57,3.57
3479,2.57,3.57
3480,2.57,3.57
3481,2.57,3.57
3482,2.58,3.57
3483,2.57,3.57
3485,2.57,3.57
3486,2.57,3.57
3487,2.58,3.58
3488,2.57,3.57
3489,2.57,3.57
3490,2.57,3.58
3491,2.57,3.57
3492,2.57,3.58
3493,2.57,3.57
3494,2.57,3.58
3496,2.57,3.58
3497,2.57,3.57
3499,2.57,3.58
3500,2.57,3.57
3501,2.57,3.58
3502,2.57,3.57
3503,2.57,3.57
3504,2.57,3.58
3505,2.57,3.58
3507,2.57,3.58
3508,2.57,3.58
3509,2.57,3.57
3510,2.57,3.58
3511,2.57,3.58
3512,2.57,3.58
3513,2.57,3.58
3514,2.57,3.58
3515,2.57,3.58
3517,2.57,3.58
3518,2.57,3.58
3519,2.57,3.58
3520,2.57,3.58
3521,2.57,3.58
3522,2.57,3.58
3523,2.57,3.58
3524,2.57,3.58
3525,2.57,3.58
3527,2.57,3.58
3528,2.57,3.58
3529,2.57,3.58
3530,2.57,3.58
3531,2.57,3.58
3532,2.57,3.58
3533,2.57,3.58
3534,2.57,3.58
3535,2.57,3.58
3536,2.57,3.58
3538,2.57,3.58
3539,2.57,3.58
3540,2.57,3.58
3542,2.57,3.58
3543,2.57,3.58
3544,2.57,3.58
3545,2.57,3.58
3546,2.57,3.58
3547,2.57,3.58
3549,2.57,3.58
3550,2.57,3.58
3551,2.57,3.58
3552,2.57,3.58
3553,2.57,3.58
3554,2.57,3.58
3555,2.57,3.58
3556,2.57,3.58
3557,2.57,3.58
3559,2.57,3.58
3560,2.57,3.58
3561,2.57,3.58
3562,2.57,3.58
3563,2.57,3.58
3564,2.57,3.58
3565,2.57,3.58
3566,2.57,3.58
3567,2.57,3.58
3569,2.57,3.58
3570,2.57,3.58
3571,2.57,3.58
3572,2.57,3.58
3573,2.57,3.58
3574,2.57,3.58
3575,2.57,3.58
3576,2.57,3.58
3577,2.57,3.58
3579,2.57,3.58
3580,2.57,3.58
3581,2.57,3.58
3582,2.57,3.58
3584,2.57,3.58
3585,2.57,3.58
3586,2.57,3.58
3587,2.57,3.58
3588,2.57,3.58
3589,2.57,3.58
3591,2.57,3.58
3592,2.57,3.58
3593,2.57,3.58
3594,2.57,3.58
3595,2.57,3.58
3596,2.57,3.58
3597,2.57,3.58
3598,2.57,3.58
3599,2.57,3.58
3601,2.57,3.58
3602,2.57,3.58
3603,2.57,3.58
3604,2.57,3.58
3605,2.57,3.58
3606,2.57,3.58
3607,2.57,3.58
3608,2.57,3.58
3609,2.57,3.58
3611,2.57,3.58
3612,2.57,3.58
3613,2.57,3.58
3614,2.57,3.58
3615,2.57,3.58
3616,2.57,3.58
3617,2.57,3.58
3618,2.57,3.58
3619,2.57,3.58
3621,2.57,3.58
3622,2.57,3.58
3623,2.57,3.58
3624,2.57,3.58
3625,2.57,3.58
3627,2.57,3.58
3628,2.57,3.58
3629,2.57,3.58
3630,2.57,3.58
3631,2.57,3.58
3633,2.57,3.58
3634,2.57,3.58
3635,2.57,3.58
3636,2.57,3.58
3637,2.57,3.58
3638,2.57,3.58
3639,2.57,3.58
3640,2.57,3.58
3641,2.57,3.58
3643,2.57,3.58
3644,2.57,3.58
3645,2.57,3.58
3646,2.57,3.58
3647,2.57,3.58
3648,2.57,3.58
3649,2.57,3.58
3650,2.57,3.58
3651,2.57,3.58
3653,2.57,3.58
3654,2.57,3.58
3655,2.57,3.58
3656,2.57,3.58
3657,2.57,3.58
3658,2.57,3.58
3659,2.57,3.58
3660,2.57,3.58
3661,2.57,3.58
3663,2.57,3.58
3664,2.57,3.58
3665,2.57,3.58
3666,2.57,3.58
3667,2.57,3.58
3668,2.57,3.58
3670,2.57,3.58
3671,2.57,3.58
3672,2.57,3.58
3674,2.57,3.58
3675,2.57,3.58
3676,2.57,3.58
3677,2.57,3.58
3678,2.57,3.58
3679,2.57,3.58
3680,2.57,3.58
3681,2.57,3.58
3682,2.57,3.58
3683,2.57,3.58
3685,2.57,3.58
3686,2.57,3.58
3687,2.57,3.58
3688,2.57,3.58
3689,2.57,3.58
3690,2.57,3.58
3691,2.57,3.58
3692,2.57,3.58
3693,2.57,3.58
3695,2.57,3.58
3696,2.57,3.58
3697,2.57,3.58
3698,2.57,3.58
3699,2.57,3.58
3700,2.57,3.58
3701,2.57,3.58
3702,2.57,3.58
3703,2.57,3.58
3705,2.57,3.58
3706,2.57,3.58
3707,2.57,3.58
3708,2.57,3.58
3709,2.57,3.58
3710,2.57,3.58
3712,2.57,3.58
3713,2.57,3.58
3714,2.57,3.58
3716,2.57,3.58
3717,2.57,3.58
3718,2.57,3.58
3719,2.57,3.58
3720,2.57,3.58
3721,2.57,3.58
3722,2.57,3.58
3723,2.57,3.58
3724,2.57,3.58
3725,2.57,3.58
3727,2.57,3.58
3728,2.57,3.58
3729,2.57,3.58
3730,2.57,3.58
3731,2.57,3.58
3732,2.57,3.58
3733,2.57,3.58
3734,2.57,3.58
3735,2.57,3.58
3737,2.57,3.58
3738,2.57,3.58
3739,2.57,3.58
3740,2.57,3.58
3741,2.57,3.58
3742,2.57,3.58
3743,2.57,3.58
3744,2.57,3.58
3745,2.57,3.58
3747,2.57,3.58
3748,2.57,3.58
3749,2.57,3.58
3750,2.57,3.58
3751,2.57,3.58
3752,2.57,3.58
3753,2.57,3.58
3755,2.57,3.58
3756,2.57,3.58
3758,2.57,3.58
3759,2.57,3.58
3760,2.57,3.58
3761,2.57,3.58
3762,2.57,3.58
3763,2.57,3.58
3764,2.57,3.58
3765,2.57,3.58
3766,2.57,3.58
3768,2.57,3.58
3769,2.57,3.58
3770,2.57,3.58
3771,2.57,3.58
3772,2.57,3.58
3773,2.57,3.58
3774,2.57,3.58
3775,2.57,3.58
3776,2.57,3.58
3777,2.57,3.58
3779,2.57,3.59
3780,2.57,3.59
3781,2.57,3.58
3782,2.57,3.58
3783,2.57,3.59
3784,2.57,3.58
3785,2.57,3.59
3786,2.57,3.59
3787,2.57,3.59
3789,2.57,3.58
3790,2.57,3.58
3791,2.57,3.59
3792,2.57,3.59
3793,2.57,3.59
3794,2.57,3.59
3795,2.57,3.59
3796,2.57,3.59
3798,2.57,3.58
3800,2.57,3.59
3801,2.57,3.59
3802,2.57,3.59
3803,2.57,3.59
3804,2.57,3.59
3805,2.57,3.59
3806,2.57,3.59
3807,2.57,3.59
3808,2.57,3.59
3810,2.57,3.59
3811,2.57,3.59
3812,2.57,3.59
3813,2.57,3.59
3814,2.57,3.59
3815,2.57,3.59
3816,2.57,3.59
3817,2.57,3.59
3818,2.57,3.59
3820,2.57,3.59
3821,2.57,3.59
3822,2.57,3.59
3823,2.57,3.59
3824,2.57,3.59
3825,2.57,3.59
3826,2.57,3.59
3827,2.57,3.59
3828,2.57,3.59
3829,2.57,3.59
3831,2.57,3.59
3832,2.57,3.59
3833,2.57,3.59
3834,2.57,3.59
3835,2.57,3.59
3836,2.57,3.59
3837,2.57,3.59
3838,2.57,3.59
3840,2.57,3.59
3842,2.57,3.59
3843,2.57,3.59
3844,2.57,3.59
3845,2.57,3.59
3846,2.57,3.59
3847,2.57,3.59
3848,2.57,3.59
3849,2.57,3.59
3850,2.57,3.59
3852,2.57,3.59
3853,2.57,3.59
3854,2.57,3.59
3855,2.57,3.59
3856,2.57,3.59
3857,2.57,3.59
3858,2.57,3.59
3859,2.57,3.59
3860,2.57,3.59
3862,2.57,3.59
3863,2.57,3.59
3864,2.57,3.59
3865,2.57,3.59
3866,2.57,3.59
3867,2.57,3.59
3868,2.57,3.59
3869,2.57,3.59
3870,2.57,3.59
3871,2.57,3.59
3873,2.57,3.59
3874,2.57,3.59
3875,2.57,3.59
3876,2.57,3.59
3877,2.57,3.59
3878,2.57,3.59
3879,2.57,3.59
3880,2.57,3.59
3881,2.57,3.59
3884,2.57,3.59
3885,2.57,3.59
3886,2.57,3.59
3887,2.57,3.59
3888,2.57,3.59
3889,2.57,3.59
3890,2.57,3.59
3891,2.57,3.59
3892,2.57,3.59
3894,2.57,3.59
3895,2.57,3.59
3896,2.57,3.59
3897,2.57,3.59
3898,2.57,3.59
3899,2.57,3.59
3900,2.57,3.59
3901,2.57,3.59
3902,2.57,3.59
3904,2.57,3.59
3905,2.57,3.59
3906,2.57,3.59
3907,2.57,3.59
3908,2.57,3.59
3909,2.57,3.59
3910,2.57,3.59
3911,2.57,3.59
3912,2.57,3.59
3914,2.57,3.59
3915,2.57,3.59
3916,2.57,3.59
3917,2.57,3.59
3918,2.57,3.59
3919,2.57,3.59
3920,2.57,3.59
3921,2.57,3.59
3922,2.57,3.59
3923,2.57,3.59
3926,2.57,3.59
3927,2.57,3.59
3928,2.57,3.59
3929,2.57,3.59
3930,2.57,3.59
3931,2.57,3.59
3932,2.57,3.59
3933,2.57,3.59
3934,2.57,3.59
3936,2.57,3.59
3937,2.57,3.59
3938,2.57,3.59
3939,2.57,3.59
3940,2.57,3.59
3941,2.57,3.59
3942,2.57,3.59
3943,2.57,3.59
3944,2.57,3.59
3946,2.57,3.59
3947,2.57,3.59
3948,2.57,3.59
3949,2.57,3.59
3950,2.57,3.59
3951,2.57,3.59
3952,2.57,3.59
3953,2.57,3.59
3954,2.57,3.59
3956,2.57,3.59
3957,2.57,3.59
3958,2.57,3.59
3959,2.57,3.59
3960,2.57,3.59
3961,2.57,3.59
3962,2.57,3.59
3963,2.57,3.59
3964,2.57,3.59
3966,2.57,3.59
3968,2.57,3.59
3969,2.57,3.59
3970,2.57,3.59
3971,2.57,3.59
3972,2.57,3.59
3973,2.57,3.59
3974,2.57,3.59
3975,2.57,3.59
3976,2.57,3.59
3978,2.57,3.59
3979,2.57,3.59
3980,2.57,3.59
3981,2.57,3.59
3982,2.57,3.59
3983,2.57,3.59
3984,2.57,3.59
3985,2.57,3.59
3986,2.57,3.59
3988,2.57,3.59
3989,2.57,3.59
3990,2.57,3.60
3991,2.57,3.59
3992,2.57,3.60
3993,2.57,3.59
3994,2.57,3.60
3995,2.57,3.59
3996,2.57,3.59
3998,2.57,3.60
3999,2.57,3.59
4000,2.57,3.60
4001,2.57,3.60
4002,2.57,3.60
4003,2.57,3.60
4004,2.57,3.60
4005,2.57,3.60
4006,2.57,3.59
4007,2.57,3.59
4009,2.57,3.59
4011,2.57,3.60
4012,2.57,3.60
4013,2.57,3.60
4014,2.57,3.60
4015,2.57,3.60
4016,2.57,3.59
4017,2.57,3.59
4018,2.57,3.60
4019,2.57,3.60
4021,2.57,3.59
4022,2.57,3.60
4023,2.57,3.60
4024,2.57,3.60
4025,2.57,3.59
4026,2.57,3.60
4027,2.57,3.60
4028,2.57,3.60
4029,2.57,3.60
4031,2.57,3.60
4032,2.57,3.60
4033,2.57,3.60
4034,2.57,3.60
4035,2.57,3.60
4036,2.57,3.60
4037,2.57,3.60
4038,2.57,3.60
4039,2.57,3.60
4040,2.57,3.60
4042,2.57,3.60
4043,2.57,3.60
4044,2.57,3.60
4045,2.57,3.60
4046,2.57,3.60
4047,2.57,3.60
4048,2.57,3.60
4049,2.57,3.60
4050,2.57,3.60
4051,2.57,3.60
4054,2.57,3.60
4055,2.57,3.60
4056,2.57,3.60
4057,2.57,3.60
4058,2.57,3.60
4059,2.57,3.60
4060,2.57,3.60
4061,2.57,3.60
4062,2.57,3.60
4063,2.57,3.60
4065,2.57,3.60
4066,2.57,3.60
4067,2.57,3.60
4068,2.57,3.60
4069,2.57,3.60
4070,2.57,3.60
4071,2.57,3.60
4072,2.57,3.60
4073,2.57,3.60
4074,2.57,3.60
4076,2.57,3.60
4077,2.57,3.60
4078,2.57,3.60
4079,2.57,3.60
4080,2.57,3.60
4081,2.57,3.60
4082,2.57,3.60
4083,2.57,3.60
4084,2.57,3.60
4085,2.57,3.60
4087,2.57,3.60
4088,2.57,3.60
4089,2.57,3.60
4090,2.57,3.60
4091,2.57,3.60
4092,2.57,3.60
4093,2.57,3.60
4094,2.57,3.60
4096,2.57,3.60
4097,2.57,3.60
4099,2.57,3.60
4100,2.57,3.60
4101,2.57,3.60
4102,2.57,3.60
4103,2.57,3.60
4104,2.57,3.60
4105,2.57,3.60
4106,2.57,3.60
4107,2.57,3.60
4109,2.57,3.60
4110,2.57,3.60
4111,2.57,3.60
4112,2.57,3.60
4113,2.57,3.60
4114,2.57,3.60
4115,2.57,3.60
4116,2.57,3.60
4117,2.57,3.60
4118,2.57,3.60
4120,2.57,3.60
4121,2.57,3.60
4122,2.57,3.60
4123,2.57,3.60
4124,2.57,3.60
4125,2.57,3.60
4126,2.57,3.60
4127,2.57,3.60
4128,2.57,3.60
4129,2.57,3.60
4131,2.57,3.60
4132,2.57,3.60
4133,2.57,3.60
4134,2.57,3.60
4135,2.57,3.60
4136,2.57,3.60
4137,2.57,3.60
4139,2.57,3.60
4140,2.57,3.60
4141,2.57,3.60
4143,2.57,3.60
4144,2.57,3.60
4145,2.57,3.60
4146,2.57,3.60
4147,2.57,3.60
4148,2.57,3.60
4149,2.57,3.60
4150,2.57,3.60
4151,2.57,3.60
4152,2.57,3.60
4154,2.57,3.60
4155,2.57,3.60
4156,2.57,3.60
4157,2.57,3.60
4158,2.57,3.60
4159,2.57,3.60
4160,2.57,3.60
4161,2.57,3.60
4162,2.57,3.60
4163,2.57,3.60
4165,2.57,3.60
4166,2.57,3.60
4167,2.57,3.60
4168,2.57,3.60
4169,2.57,3.60
4170,2.57,3.60
4171,2.57,3.60
4172,2.57,3.60
4173,2.57,3.60
4174,2.57,3.60
4176,2.57,3.60
4177,2.57,3.60
4178,2.57,3.60
4179,2.57,3.60
4180,2.57,3.60
4182,2.57,3.60
4183,2.57,3.60
4184,2.57,3.60
4185,2.58,3.60
4186,2.57,3.60
4188,2.57,3.60
4189,2.57,3.60
4190,2.57,3.60
4191,2.57,3.60
4192,2.57,3.60
4193,2.57,3.60
4194,2.57,3.60
4195,2.57,3.60
4196,2.57,3.60
4197,2.57,3.60
4199,2.57,3.60
4200,2.57,3.60
4201,2.57,3.60
4202,2.57,3.60
4203,2.57,3.60
4204,2.57,3.60
4205,2.57,3.60
4206,2.57,3.60
4207,2.57,3.60
4208,2.57,3.60
4210,2.57,3.60
4211,2.57,3.60
4212,2.57,3.60
4213,2.57,3.60
4214,2.57,3.60
4215,2.57,3.60
4216,2.57,3.60
4217,2.57,3.60
4218,2.57,3.60
4219,2.57,3.60
4221,2.57,3.60
4222,2.57,3.60
4224,2.57,3.60
4225,2.57,3.60
4226,2.57,3.60
4227,2.57,3.60
4228,2.57,3.60
4229,2.57,3.60
4230,2.57,3.60
4231,2.57,3.60
4233,2.57,3.60
4234,2.57,3.60
4235,2.57,3.60
4236,2.57,3.60
4237,2.57,3.60
4238,2.57,3.60
4239,2.57,3.60
4240,2.57,3.60
4241,2.57,3.60
4242,2.58,3.60
4244,2.57,3.60
4245,2.57,3.60
4246,2.57,3.60
4247,2.57,3.60
4248,2.57,3.60
4249,2.57,3.60
4250,2.57,3.60
4251,2.57,3.60
4252,2.57,3.60
4253,2.57,3.60
4255,2.57,3.60
4256,2.57,3.60
4257,2.57,3.60
4258,2.57,3.60
4259,2.57,3.60
4260,2.57,3.60
4261,2.57,3.60
4262,2.57,3.60
4263,2.57,3.60
4264,2.58,3.60
4267,2.57,3.60
4268,2.57,3.60
4269,2.57,3.60
4270,2.57,3.60
4271,2.57,3.60
4272,2.57,3.60
4273,2.57,3.60
4274,2.57,3.60
4275,2.58,3.60
4276,2.57,3.60
4278,2.57,3.60
4279,2.58,3.60
4280,2.58,3.60
4281,2.58,3.60
4282,2.57,3.60
4283,2.57,3.60
4284,2.57,3.60
4285,2.58,3.60
4286,2.57,3.60
4288,2.57,3.60
4289,2.57,3.60
4290,2.58,3.60
4291,2.57,3.60
4292,2.58,3.60
4293,2.57,3.60
4294,2.57,3.60
4295,2.57,3.60
4296,2.57,3.60
4297,2.58,3.60
4299,2.57,3.60
4300,2.57,3.61
4301,2.58,3.60
4302,2.58,3.60
4303,2.58,3.61
4304,2.57,3.60
4305,2.58,3.60
4306,2.58,3.60
4307,2.57,3.60
4308,2.58,3.60
4311,2.57,3.60
4312,2.58,3.60
4313,2.58,3.61
4314,2.58,3.60
4315,2.57,3.60
4316,2.58,3.60
4317,2.57,3.60
4318,2.57,3.61
4319,2.57,3.61
4320,2.58,3.61
4322,2.58,3.61
4323,2.58,3.60
4324,2.58,3.60
4325,2.57,3.61
4326,2.57,3.60
4327,2.58,3.60
4328,2.58,3.60
4329,2.57,3.60
4330,2.58,3.61
4332,2.58,3.61
4333,2.58,3.61
4334,2.57,3.60
4335,2.58,3.60
4336,2.57,3.61
4337,2.58,3.61
4338,2.58,3.61
4339,2.57,3.61
4340,2.58,3.60
4341,2.57,3.61
4343,2.57,3.61
4344,2.58,3.61
4345,2.58,3.61
4346,2.58,3.61
4347,2.58,3.61
4348,2.58,3.61
4349,2.58,3.61
4350,2.58,3.61
4352,2.58,3.61
4354,2.58,3.61
4355,2.58,3.61
4356,2.58,3.61
4357,2.57,3.61
4358,2.58,3.61
4359,2.58,3.61
4360,2.57,3.61
4361,2.58,3.61
4362,2.58,3.61
4364,2.58,3.61
4365,2.58,3.61
4366,2.58,3.61
4367,2.58,3.61
4368,2.58,3.61
4369,2.58,3.61
4370,2.58,3.61
4371,2.58,3.61
4372,2.58,3.61
4374,2.58,3.61
4375,2.58,3.61
4376,2.58,3.61
4377,2.58,3.61
4378,2.58,3.61
4379,2.58,3.61
4380,2.58,3.61
4381,2.58,3.61
4382,2.58,3.61
4384,2.58,3.61
4385,2.58,3.61
4386,2.58,3.61
4387,2.58,3.61
4388,2.58,3.61
4389,2.58,3.61
4390,2.58,3.61
4391,2.58,3.61
4392,2.58,3.61
4393,2.58,3.61
4396,2.58,3.61
4397,2.58,3.61
4398,2.58,3.61
4399,2.58,3.61
4400,2.58,3.61
4401,2.58,3.61
4402,2.58,3.61
4403,2.58,3.61
4404,2.58,3.61
4406,2.58,3.61
4407,2.58,3.61
4408,2.58,3.61
4409,2.58,3.61
4410,2.58,3.61
4411,2.58,3.61
4412,2.58,3.61
4413,2.58,3.61
4414,2.58,3.61
4416,2.58,3.61
4417,2.58,3.61
4418,2.58,3.61
4419,2.58,3.61
4420,2.58,3.61
4421,2.58,3.61
4422,2.58,3.61
4423,2.58,3.61
4424,2.58,3.61
4426,2.58,3.61
4427,2.58,3.61
4428,2.58,3.61
4429,2.58,3.61
4430,2.58,3.61
4431,2.58,3.61
4432,2.58,3.61
4433,2.58,3.61
4434,2.58,3.61
4436,2.58,3.61
4438,2.58,3.61
4439,2.58,3.61
4440,2.58,3.61
4441,2.58,3.61
4442,2.58,3.61
4443,2.58,3.61
4444,2.58,3.61
4445,2.58,3.61
4446,2.58,3.61
4448,2.58,3.61
4449,2.58,3.61
4450,2.58,3.61
4451,2.58,3.61
4452,2.58,3.61
4453,2.58,3.61
4454,2.58,3.61
4455,2.58,3.61
4456,2.58,3.61
4458,2.58,3.61
4459,2.58,3.61
4460,2.58,3.61
4461,2.58,3.61
4462,2.58,3.61
4463,2.58,3.61
4464,2.58,3.61
4465,2.58,3.61
4466,2.58,3.61
4468,2.58,3.61
4469,2.58,3.61
4470,2.58,3.61
4471,2.58,3.61
4472,2.58,3.61
4473,2.58,3.61
4474,2.58,3.61
4475,2.58,3.61
4476,2.58,3.61
4478,2.58,3.61
4480,2.58,3.61
4481,2.58,3.61
4482,2.58,3.61
4483,2.58,3.61
4484,2.58,3.61
4485,2.58,3.61
4486,2.58,3.61
4487,2.58,3.61
4489,2.58,3.61
4490,2.58,3.61
4491,2.58,3.61
4492,2.58,3.61
4493,2.58,3.61
4494,2.58,3.61
4495,2.58,3.61
4496,2.58,3.61
4497,2.58,3.61
4498,2.58,3.61
4500,2.58,3.61
4501,2.58,3.61
4502,2.58,3.61
4503,2.58,3.61
4504,2.58,3.61
4505,2.58,3.61
4506,2.58,3.61
4507,2.58,3.61
4508,2.58,3.61
4510,2.58,3.61
4511,2.58,3.61
4512,2.58,3.61
4513,2.58,3.61
4514,2.58,3.61
4515,2.58,3.61
4516,2.58,3.61
4517,2.58,3.61
4518,2.58,3.61
4520,2.58,3.61
4521,2.58,3.61
4523,2.58,3.61
4524,2.58,3.61
4525,2.58,3.61
4526,2.58,3.61
4527,2.58,3.61
4528,2.58,3.61
4529,2.58,3.61
4531,2.58,3.61
4532,2.58,3.61
4533,2.58,3.61
4534,2.58,3.61
4535,2.58,3.61
4536,2.58,3.61
4537,2.58,3.61
4538,2.58,3.61
4539,2.58,3.61
4541,2.58,3.61
4542,2.58,3.61
4543,2.58,3.61
4544,2.58,3.61
4545,2.58,3.61
4546,2.58,3.61
4547,2.58,3.61
4548,2.58,3.61
4549,2.58,3.61
4550,2.58,3.61
4552,2.58,3.61
4553,2.58,3.61
4554,2.58,3.61
4555,2.58,3.61
4556,2.58,3.61
4557,2.58,3.61
4558,2.58,3.61
4559,2.58,3.61
4560,2.58,3.61
4562,2.58,3.61
4563,2.58,3.61
4564,2.58,3.61
4566,2.58,3.61
4567,2.58,3.61
4568,2.58,3.61
4569,2.58,3.61
4570,2.58,3.61
4571,2.58,3.61
4573,2.58,3.61
4574,2.58,3.61
4575,2.58,3.61
4576,2.58,3.61
4577,2.58,3.61
4578,2.58,3.61
4579,2.58,3.61
4580,2.58,3.61
4581,2.58,3.61
4583,2.58,3.61
4584,2.58,3.61
4585,2.58,3.61
4586,2.58,3.61
4587,2.58,3.61
4588,2.58,3.61
4589,2.58,3.61
4590,2.58,3.61
4591,2.58,3.61
4592,2.58,3.61
4594,2.58,3.61
4595,2.58,3.61
4596,2.58,3.61
4597,2.58,3.61
4598,2.58,3.61
4599,2.58,3.61
4600,2.58,3.61
4601,2.58,3.61
4602,2.58,3.61
4604,2.58,3.61
4605,2.58,3.61
4606,2.58,3.61
4608,2.58,3.61
4609,2.58,3.61
4610,2.58,3.61
4611,2.58,3.61
4612,2.58,3.61
4613,2.58,3.61
4615,2.58,3.61
4616,2.58,3.61
4617,2.58,3.61
4618,2.58,3.61
4619,2.58,3.61
4620,2.58,3.61
4621,2.58,3.61
4622,2.58,3.61
4623,2.58,3.61
4625,2.58,3.61
4626,2.58,3.61
4627,2.58,3.61
4628,2.58,3.61
4629,2.58,3.61
4630,2.58,3.61
4631,2.58,3.61
4632,2.58,3.61
4633,2.58,3.61
4635,2.58,3.61
4636,2.58,3.61
4637,2.58,3.61
4638,2.58,3.61
4639,2.58,3.61
4640,2.58,3.61
4641,2.58,3.61
4642,2.58,3.61
4643,2.58,3.61
4644,2.58,3.61
4646,2.58,3.61
4647,2.58,3.61
4648,2.58,3.61
4649,2.58,3.61
4651,2.58,3.61
4652,2.58,3.61
4653,2.58,3.61
4654,2.58,3.61
4655,2.58,3.61
4657,2.58,3.61
4658,2.58,3.61
4659,2.58,3.61
4660,2.58,3.61
4661,2.58,3.61
4662,2.58,3.61
4663,2.58,3.61
4664,2.58,3.61
4665,2.58,3.61
4667,2.58,3.61
4668,2.58,3.61
4669,2.58,3.61
4670,2.58,3.61
4671,2.58,3.61
4672,2.58,3.61
4673,2.58,3.61
4674,2.58,3.61
4675,2.58,3.61
4677,2.58,3.61
4678,2.58,3.61
4679,2.58,3.61
4680,2.58,3.61
4681,2.58,3.61
4682,2.58,3.61
4683,2.58,3.61
4684,2.58,3.61
4685,2.58,3.61
4686,2.58,3.61
4688,2.58,3.61
4689,2.58,3.61
4690,2.58,3.61
4691,2.58,3.61
4692,2.58,3.61
4694,2.58,3.61
4695,2.58,3.61
4696,2.58,3.61
4697,2.58,3.61
4699,2.58,3.61
4700,2.58,3.61
4701,2.58,3.61
4702,2.58,3.61
4703,2.58,3.61
4704,2.58,3.61
4705,2.58,3.61
4706,2.58,3.61
4707,2.58,3.61
4709,2.58,3.61
4710,2.58,3.61
4711,2.58,3.61
4712,2.58,3.61
4713,2.58,3.61
4714,2.58,3.61
4715,2.58,3.61
4716,2.58,3.61
4717,2.58,3.61
4719,2.58,3.61
4720,2.58,3.61
4721,2.58,3.61
4722,2.58,3.61
4723,2.58,3.61
4724,2.58,3.61
4725,2.58,3.61
4726,2.58,3.61
4727,2.58,3.61
4729,2.58,3.61
4730,2.58,3.61
4731,2.58,3.61
4732,2.58,3.61
4733,2.58,3.61
4734,2.58,3.61
4736,2.58,3.61
4737,2.58,3.61
4738,2.58,3.61
4739,2.58,3.61
4741,2.58,3.61
4742,2.58,3.61
4743,2.58,3.61
4744,2.58,3.61
4745,2.58,3.61
4746,2.58,3.61
4747,2.58,3.61
4748,2.58,3.61
4749,2.58,3.61
4751,2.58,3.61
4752,2.58,3.61
4753,2.58,3.61
4754,2.58,3.61
4755,2.58,3.61
4756,2.58,3.61
4757,2.58,3.61
4758,2.58,3.61
4759,2.58,3.61
4761,2.58,3.61
4762,2.58,3.61
4763,2.58,3.61
4764,2.58,3.61
4765,2.58,3.61
4766,2.58,3.61
4767,2.58,3.61
4768,2.58,3.61
4769,2.58,3.61
4771,2.58,3.61
4772,2.58,3.61
4773,2.58,3.61
4774,2.58,3.61
4775,2.58,3.61
4776,2.58,3.61
4777,2.58,3.61
4779,2.58,3.61
4780,2.58,3.61
4781,2.58,3.61
4783,2.58,3.61
4784,2.58,3.61
4785,2.58,3.61
4786,2.58,3.61
4787,2.58,3.61
4788,2.58,3.61
4789,2.58,3.61
4790,2.58,3.61
4791,2.58,3.61
4793,2.58,3.61
4794,2.58,3.61
4795,2.58,3.61
4796,2.58,3.61
4797,2.58,3.61
4798,2.58,3.61
4799,2.58,3.61
4800,2.58,3.61
4801,2.58,3.61
4803,2.58,3.61
4804,2.58,3.61
4805,2.58,3.61
4806,2.58,3.61
4807,2.58,3.61
4808,2.58,3.61
4809,2.58,3.61
4810,2.58,3.61
4811,2.58,3.61
4813,2.58,3.61
4814,2.58,3.61
4815,2.58,3.61
4816,2.58,3.61
4817,2.58,3.61
4818,2.58,3.61
4819,2.58,3.61
4820,2.58,3.61
4822,2.58,3.61
4824,2.58,3.61
4825,2.58,3.61
4826,2.58,3.61
4827,2.58,3.61
4828,2.58,3.61
4829,2.58,3.61
4830,2.58,3.61
4831,2.58,3.61
4832,2.58,3.61
4833,2.58,3.61
4835,2.58,3.61
4836,2.58,3.61
4837,2.58,3.61
4838,2.58,3.61
4839,2.58,3.61
4840,2.58,3.61
4841,2.58,3.61
4842,2.58,3.61
4843,2.58,3.61
4845,2.58,3.61
4846,2.58,3.61
4847,2.58,3.61
4848,2.58,3.61
4849,2.58,3.61
4850,2.58,3.61
4851,2.58,3.61
4852,2.58,3.61
4853,2.58,3.61
4855,2.58,3.61
4856,2.58,3.61
4857,2.58,3.61
4858,2.58,3.61
4859,2.58,3.61
4860,2.58,3.61
4861,2.58,3.61
4862,2.58,3.61
4864,2.58,3.61
4866,2.58,3.61
4867,2.58,3.61
4868,2.58,3.61
4869,2.58,3.61
4870,2.58,3.61
4871,2.58,3.61
4872,2.58,3.61
4873,2.58,3.61
4874,2.58,3.61
4876,2.58,3.61
4877,2.58,3.61
4878,2.58,3.61
4879,2.58,3.61
4880,2.58,3.61
4881,2.58,3.61
4882,2.58,3.61
4883,2.58,3.61
4884,2.58,3.61
4885,2.58,3.61
4887,2.58,3.61
4888,2.58,3.61
4889,2.58,3.61
4890,2.58,3.61
4891,2.58,3.61
4892,2.58,3.61
4893,2.58,3.61
4894,2.58,3.61
4895,2.58,3.61
4897,2.58,3.61
4898,2.58,3.61
4899,2.58,3.61
4900,2.58,3.61
4901,2.58,3.61
4902,2.58,3.61
4903,2.58,3.61
4904,2.58,3.61
4905,2.58,3.61
4908,2.58,3.62
4909,2.58,3.61
4910,2.58,3.61
4911,2.58,3.61
4912,2.58,3.61
4913,2.58,3.61
4914,2.58,3.61
4915,2.58,3.61
4916,2.58,3.61
4918,2.58,3.61
4919,2.58,3.61
4920,2.58,3.61
4921,2.58,3.61
4922,2.58,3.61
4923,2.58,3.61
4924,2.58,3.61
4925,2.58,3.61
4926,2.58,3.61
4927,2.58,3.61
4929,2.58,3.61
4930,2.58,3.61
4931,2.58,3.61
4932,2.58,3.61
4933,2.58,3.61
4934,2.58,3.61
4935,2.58,3.61
4936,2.58,3.61
4937,2.58,3.61
4939,2.58,3.61
4940,2.58,3.61
4941,2.58,3.61
4942,2.58,3.61
4943,2.58,3.61
4944,2.58,3.61
4945,2.58,3.61
4946,2.58,3.61
4947,2.58,3.62
4950,2.58,3.62
4951,2.58,3.61
4952,2.58,3.61
4953,2.58,3.61
4954,2.58,3.61
4955,2.58,3.61
4956,2.58,3.62
4957,2.58,3.61
4958,2.58,3.61
4960,2.58,3.61
4961,2.58,3.61
4962,2.58,3.61
4963,2.58,3.61
4964,2.58,3.61
4965,2.58,3.61
4966,2.58,3.62
4967,2.58,3.61
4968,2.58,3.61
4970,2.58,3.61
4971,2.58,3.61
4972,2.58,3.62
4973,2.58,3.61
4974,2.58,3.61
4975,2.58,3.61
4976,2.58,3.61
4977,2.58,3.61
4978,2.58,3.62
4979,2.58,3.62
4981,2.58,3.61
4982,2.58,3.62
4983,2.58,3.61
4984,2.58,3.61
4985,2.58,3.61
4986,2.58,3.61
4987,2.58,3.62
4988,2.58,3.62
4989,2.58,3.62
4992,2.58,3.61
4993,2.58,3.62
4994,2.58,3.61
4995,2.58,3.61
4996,2.58,3.62
4997,2.58,3.62
4998,2.58,3.61
4999,2.58,3.61
5000,2.58,3.62
5002,2.58,3.62
5003,2.58,3.61
5004,2.58,3.62
5005,2.58,3.62
5006,2.58,3.61
5007,2.58,3.62
5008,2.58,3.62
5009,2.58,3.61
5010,2.58,3.62
5012,2.58,3.62
5013,2.58,3.61
5014,2.58,3.62
5015,2.58,3.62
5016,2.58,3.62
5017,2.58,3.62
5018,2.58,3.61
5019,2.58,3.62
5020,2.58,3.62
5021,2.58,3.62
5023,2.58,3.62
5024,2.58,3.62
5025,2.58,3.61
5026,2.58,3.61
5027,2.58,3.62
5028,2.58,3.61
5029,2.58,3.62
5030,2.58,3.61
5031,2.58,3.62
5033,2.58,3.62
5035,2.58,3.62
5036,2.58,3.62
5037,2.58,3.61
5038,2.58,3.62
5039,2.58,3.62
5040,2.58,3.61
5041,2.58,3.61
5042,2.58,3.62
5044,2.58,3.61
5045,2.58,3.61
5046,2.58,3.61
5047,2.58,3.62
5048,2.58,3.61
5049,2.58,3.61
5050,2.58,3.61
5051,2.58,3.61
5052,2.58,3.61
5054,2.58,3.61
5055,2.58,3.61
5056,2.58,3.61
5057,2.58,3.61
5058,2.58,3.61
5059,2.58,3.61
5060,2.58,3.61
5061,2.58,3.61
5062,2.58,3.61
5064,2.58,3.61
5065,2.58,3.61
5066,2.58,3.61
5067,2.58,3.61
5068,2.58,3.61
5069,2.58,3.61
5070,2.58,3.61
5071,2.58,3.61
5072,2.58,3.61
5073,2.58,3.61
5075,2.58,3.61
5076,2.58,3.61
5078,2.58,3.61
5079,2.58,3.61
5080,2.58,3.61
5081,2.58,3.61
5082,2.58,3.61
5083,2.58,3.61
5084,2.58,3.60
5086,2.58,3.60
5087,2.58,3.60
5088,2.58,3.60
5089,2.58,3.60
5090,2.58,3.60
5091,2.58,3.60
5092,2.58,3.60
5093,2.57,3.60
5094,2.57,3.60
5095,2.57,3.60
5097,2.57,3.60
5098,2.57,3.60
5099,2.57,3.60
5100,2.57,3.60
5101,2.57,3.60
5102,2.57,3.59
5103,2.57,3.59
5104,2.57,3.59
5105,2.57,3.59
5107,2.57,3.59
5108,2.57,3.59
5109,2.57,3.59
5110,2.57,3.59
5111,2.57,3.59
5112,2.57,3.59
5113,2.57,3.59
5114,2.57,3.59
5115,2.57,3.59
5117,2.56,3.58
5118,2.56,3.58
5120,2.56,3.58
5121,2.56,3.58
5122,2.56,3.58
5123,2.56,3.58
5124,2.56,3.58
5125,2.56,3.58
5126,2.56,3.57
5127,2.56,3.57
5129,2.56,3.57
5130,2.55,3.57
5131,2.56,3.57
5132,2.56,3.57
5133,2.55,3.57
5134,2.55,3.57
5135,2.55,3.57
5136,2.55,3.57
5137,2.55,3.56
5139,2.55,3.56
5140,2.55,3.56
5141,2.55,3.56
5142,2.55,3.56
5143,2.55,3.56
5144,2.55,3.56
5145,2.55,3.56
5146,2.55,3.56
5147,2.55,3.56
5149,2.55,3.55
5150,2.54,3.55
5151,2.54,3.55
5152,2.54,3.55
5153,2.54,3.55
5154,2.54,3.55
5155,2.54,3.55
5156,2.54,3.55
5157,2.54,3.55
5159,2.54,3.55
5160,2.54,3.55
5161,2.54,3.55
5163,2.54,3.55
5164,2.54,3.55
5165,2.54,3.54
5166,2.54,3.54
5167,2.54,3.54
5168,2.54,3.54
5169,2.54,3.54
5171,2.54,3.54
5172,2.54,3.54
5173,2.54,3.54
5174,2.54,3.54
5175,2.54,3.54
5176,2.54,3.54
5177,2.54,3.54
5178,2.54,3.54
5179,2.54,3.54
5181,2.54,3.54
5182,2.54,3.54
5183,2.54,3.54
5184,2.54,3.54
5185,2.54,3.54
5186,2.54,3.54
5187,2.54,3.54
5188,2.54,3.54
5189,2.54,3.54
5191,2.54,3.54
5192,2.54,3.54
5193,2.54,3.54
5194,2.54,3.54
5195,2.54,3.54
5196,2.54,3.54
5197,2.54,3.54
5198,2.54,3.54
5199,2.54,3.54
5201,2.55,3.54
5202,2.55,3.54
5203,2.54,3.53
5204,2.54,3.53
5206,2.55,3.53
5207,2.54,3.53
5208,2.55,3.53
5209,2.55,3.53
5210,2.55,3.54
5212,2.55,3.53
5213,2.55,3.54
5214,2.55,3.53
5215,2.55,3.53
5216,2.55,3.54
5217,2.55,3.54
5218,2.55,3.54
5219,2.55,3.53
5220,2.55,3.53
5221,2.55,3.54
5223,2.55,3.54
5224,2.55,3.54
5225,2.55,3.53
5226,2.55,3.53
5227,2.55,3.54
5228,2.55,3.53
5229,2.55,3.54
5230,2.55,3.53
5231,2.55,3.53
5233,2.55,3.54
5234,2.55,3.54
5235,2.55,3.53
5236,2.55,3.53
5237,2.55,3.53
5238,2.55,3.54
5239,2.55,3.53
5240,2.55,3.53
5241,2.55,3.54
5243,2.55,3.54
5244,2.55,3.53
5245,2.55,3.53
5246,2.55,3.53
5248,2.55,3.53
5249,2.55,3.53
5250,2.55,3.54
5251,2.55,3.54
5252,2.55,3.53
5254,2.55,3.53
5255,2.55,3.53
5256,2.55,3.53
5257,2.55,3.53
5258,2.55,3.53
5259,2.55,3.53
5260,2.55,3.53
5261,2.55,3.53
5262,2.55,3.53
5263,2.55,3.54
5265,2.55,3.53
5266,2.55,3.53
5267,2.55,3.53
5268,2.55,3.54
5269,2.55,3.53
5270,2.55,3.54
5271,2.55,3.54
5272,2.55,3.54
5273,2.55,3.54
5275,2.55,3.54
5276,2.55,3.54
5277,2.55,3.54
5278,2.55,3.54
5279,2.55,3.54
5280,2.55,3.54
5281,2.55,3.54
5282,2.55,3.54
5283,2.55,3.54
5285,2.55,3.54
5286,2.55,3.54
5287,2.55,3.54
5288,2.55,3.54
5289,2.55,3.54
5291,2.55,3.54
5292,2.55,3.55
5293,2.55,3.54
5294,2.55,3.54
5296,2.56,3.54
5297,2.55,3.55
5298,2.55,3.55
5299,2.56,3.55
5300,2.56,3.55
5301,2.56,3.55
5302,2.56,3.55
5303,2.56,3.55
5304,2.56,3.55
5306,2.56,3.55
5307,2.56,3.55
5308,2.56,3.55
5309,2.56,3.55
5310,2.56,3.55
5311,2.56,3.55
5312,2.56,3.56
5313,2.56,3.56
5314,2.56,3.56
5315,2.56,3.56
5317,2.56,3.56
5318,2.56,3.56
5319,2.56,3.56
5320,2.56,3.56
5321,2.56,3.56
5322,2.56,3.56
5323,2.56,3.56
5324,2.56,3.56
5325,2.56,3.56
5327,2.56,3.56
5328,2.56,3.56
5329,2.56,3.57
5330,2.56,3.57
5331,2.56,3.57
5332,2.56,3.57
5334,2.56,3.57
5335,2.56,3.57
5336,2.56,3.57
5338,2.56,3.57
5339,2.56,3.57
5340,2.56,3.57
5341,2.56,3.57
5342,2.56,3.58
5343,2.56,3.58
5344,2.56,3.58
5345,2.56,3.58
5346,2.56,3.58
5348,2.56,3.58
5349,2.56,3.58
5350,2.56,3.58
5351,2.56,3.58
5352,2.56,3.58
5353,2.56,3.58
5354,2.56,3.58
5355,2.56,3.58
5356,2.56,3.59
5357,2.56,3.59
5359,2.56,3.59
5360,2.56,3.59
5361,2.56,3.59
5362,2.56,3.59
5363,2.56,3.59
5364,2.56,3.59
5365,2.56,3.59
5366,2.57,3.59
5367,2.57,3.59
5369,2.57,3.60
5370,2.57,3.60
5371,2.57,3.60
5372,2.57,3.60
5373,2.57,3.60
5374,2.57,3.60
5376,2.57,3.60
5377,2.57,3.60
5378,2.57,3.60
5380,2.57,3.60
5381,2.57,3.61
5382,2.57,3.61
5383,2.57,3.61
5384,2.57,3.61
5385,2.57,3.61
5386,2.57,3.61
5387,2.57,3.61
5388,2.57,3.61
5390,2.57,3.61
5391,2.57,3.61
5392,2.57,3.62
5393,2.57,3.62
5394,2.57,3.62
5395,2.57,3.62
5396,2.57,3.62
5397,2.57,3.62
5398,2.57,3.62
5399,2.57,3.62
5401,2.57,3.62
5402,2.57,3.62
5403,2.57,3.62
5404,2.57,3.63
5405,2.57,3.63
5406,2.57,3.63
5407,2.57,3.63
5408,2.57,3.63
5409,2.57,3.63
5411,2.57,3.63
5412,2.57,3.63
5413,2.57,3.63
5414,2.57,3.64
5415,2.57,3.64
5416,2.57,3.64
5417,2.57,3.64
5419,2.57,3.64
5420,2.57,3.64
5422,2.57,3.64
5423,2.57,3.64
5424,2.57,3.64
5425,2.57,3.65
5426,2.57,3.65
5427,2.57,3.65
5428,2.57,3.65
5429,2.57,3.65
5430,2.57,3.65
5432,2.57,3.65
5433,2.57,3.66
5434,2.57,3.66
5435,2.57,3.66
5436,2.57,3.66
5437,2.57,3.66
5438,2.57,3.66
5439,2.57,3.66
5440,2.57,3.67
5441,2.57,3.67
5443,2.57,3.67
5444,2.57,3.67
5445,2.57,3.67
5446,2.57,3.67
5447,2.57,3.67
5448,2.57,3.68
5449,2.58,3.68
5450,2.58,3.68
5451,2.58,3.68
5453,2.58,3.69
5454,2.58,3.69
5455,2.58,3.69
5456,2.58,3.70
5457,2.58,3.70
5458,2.58,3.70
5459,2.58,3.70
5460,2.58,3.71
5462,2.58,3.71
5464,2.58,3.72
5465,2.58,3.72
5466,2.58,3.73
5467,2.58,3.74
5468,2.58,3.75
5469,2.59,3.76
5470,2.59,3.77
5471,2.59,3.79
5472,2.59,3.81
5473,2.59,3.83
5475,2.59,3.85
5476,2.60,3.87
5477,2.60,3.90
5478,2.61,3.91
5479,2.61,3.94
5480,2.61,3.96
5481,2.62,3.99
5482,2.62,4.01
5483,2.63,4.03
5485,2.64,4.06
5486,2.64,4.08
5487,2.65,4.10
5488,2.66,4.12
5489,2.67,4.14
5490,2.67,4.16
5491,2.68,4.18
5492,2.69,4.20
5493,2.70,4.22
5495,2.70,4.24
5496,2.71,4.26
5497,2.72,4.28
5498,2.72,4.30
5499,2.73,4.32
5500,2.74,4.34
5501,2.74,4.35
5502,2.75,4.37
5504,2.75,4.39
5505,2.76,4.41
5507,2.76,4.42
5508,2.77,4.44
5509,2.77,4.45
5510,2.77,4.46
5511,2.77,4.48
5512,2.78,4.49
5513,2.78,4.50
5514,2.78,4.52
5515,2.78,4.53
5517,2.78,4.54
5518,2.78,4.56
5519,2.78,4.57
5520,2.78,4.57
5521,2.78,4.58
5522,2.78,4.60
5523,2.78,4.61
5524,2.78,4.62
5525,2.78,4.63
5527,2.78,4.64
5528,2.77,4.65
5529,2.77,4.65
5530,2.77,4.66
5531,2.77,4.67
5532,2.76,4.68
5533,2.76,4.69
5534,2.76,4.69
5535,2.76,4.70
5536,2.75,4.71
5538,2.75,4.71
5539,2.75,4.72
5540,2.74,4.73
5541,2.74,4.73
5542,2.74,4.74
5543,2.73,4.75
5544,2.73,4.75
5545,2.73,4.75
5547,2.73,4.76
5549,2.72,4.76
5550,2.72,4.77
5551,2.72,4.77
5552,2.71,4.78
5553,2.71,4.78
5554,2.70,4.78
5555,2.70,4.78
5556,2.70,4.78
5557,2.69,4.78
5559,2.69,4.79
5560,2.69,4.79
5561,2.68,4.79
5562,2.68,4.79
5563,2.68,4.79
5564,2.67,4.79
5565,2.67,4.80
5566,2.67,4.80
5567,2.66,4.80
5568,2.66,4.80
5570,2.66,4.80
5571,2.65,4.80
5572,2.65,4.80
5573,2.65,4.80
5574,2.64,4.80
5575,2.64,4.80
5576,2.64,4.80
5577,2.63,4.79
5578,2.63,4.79
5580,2.63,4.79
5581,2.63,4.79
5582,2.62,4.79
5583,2.62,4.79
5584,2.62,4.79
5585,2.61,4.79
5586,2.61,4.79
5587,2.61,4.79
5588,2.61,4.78
5590,2.61,4.78
5592,2.60,4.78
5593,2.60,4.78
5594,2.60,4.78
5595,2.60,4.78
5596,2.59,4.78
5597,2.59,4.78
5598,2.59,4.78
5599,2.59,4.78
5600,2.59,4.77
5602,2.58,4.77
5603,2.58,4.77
5604,2.58,4.77
5605,2.58,4.77
5606,2.58,4.77
5607,2.58,4.77
5608,2.57,4.77
5609,2.57,4.76
5610,2.57,4.76
5612,2.57,4.76
5613,2.57,4.76
5614,2.57,4.76
5615,2.57,4.76
5616,2.57,4.76
5617,2.57,4.76
5618,2.56,4.76
5619,2.56,4.76
5620,2.56,4.76
5622,2.56,4.76
5623,2.56,4.76
5624,2.56,4.76
5625,2.56,4.75
5626,2.56,4.75
5627,2.56,4.76
5628,2.56,4.75
5629,2.56,4.75
5630,2.56,4.75
5633,2.56,4.75
5634,2.56,4.75
5635,2.56,4.75
5636,2.56,4.75
5637,2.56,4.75
5638,2.56,4.75
5639,2.56,4.75
5640,2.56,4.75
5641,2.56,4.75
5642,2.56,4.75
5644,2.56,4.75
5645,2.56,4.75
5646,2.56,4.75
5647,2.56,4.75
5648,2.56,4.75
5649,2.56,4.75
5650,2.56,4.75
5651,2.56,4.75
5652,2.56,4.75
5654,2.56,4.75
5655,2.56,4.75
5656,2.56,4.75
5657,2.56,4.75
5658,2.56,4.75
5659,2.56,4.75
5660,2.56,4.75
5661,2.56,4.75
5662,2.56,4.74
5664,2.56,4.74
5665,2.56,4.74
5666,2.57,4.74
5667,2.57,4.74
5668,2.57,4.75
5669,2.57,4.75
5670,2.57,4.75
5671,2.57,4.74
5672,2.57,4.74
5675,2.57,4.74
5676,2.57,4.74
5677,2.57,4.74
5678,2.57,4.74
5679,2.57,4.74
5680,2.57,4.74
5681,2.57,4.74
5682,2.57,4.74
5683,2.57,4.73
5685,2.57,4.73
5686,2.57,4.73
5687,2.57,4.73
5688,2.57,4.72
5689,2.56,4.72
5690,2.56,4.71
5691,2.56,4.71
5692,2.56,4.70
5693,2.56,4.69
5694,2.56,4.69
5696,2.56,4.68
5697,2.56,4.67
5698,2.56,4.66
5699,2.55,4.66
5700,2.55,4.65
5701,2.55,4.64
5702,2.55,4.63
5703,2.55,4.63
5704,2.54,4.62
5706,2.54,4.61
5707,2.54,4.60
5708,2.54,4.58
5709,2.53,4.57
5710,2.53,4.57
5711,2.53,4.56
5712,2.52,4.54
5713,2.52,4.53
5714,2.52,4.52
5716,2.51,4.51
5718,2.51,4.49
5719,2.51,4.48
5720,2.50,4.47
5721,2.50,4.47
5722,2.50,4.46
5723,2.49,4.45
5724,2.49,4.44
5725,2.48,4.43
5726,2.48,4.42
5728,2.48,4.42
5729,2.48,4.43
5730,2.47,4.44
5731,2.47,4.45
5732,2.47,4.47
5733,2.47,4.48
5734,2.47,4.50
5735,2.47,4.51
5736,2.47,4.53
5738,2.48,4.54
5739,2.48,4.56
5740,2.49,4.57
5741,2.49,4.58
5742,2.50,4.60
5743,2.51,4.61
5744,2.51,4.62
5745,2.52,4.63
5746,2.53,4.64
5748,2.54,4.65
5749,2.55,4.66
5750,2.56,4.67
5751,2.56,4.68
5752,2.57,4.69
5753,2.58,4.70
5754,2.59,4.71
5755,2.60,4.72
5756,2.60,4.72
5757,2.61,4.73
5760,2.61,4.74
5761,2.62,4.74
5762,2.62,4.75
5763,2.63,4.76
5764,2.63,4.76
5765,2.63,4.76
5766,2.64,4.77
5767,2.64,4.77
5768,2.64,4.78
5770,2.64,4.78
5771,2.65,4.78
5772,2.65,4.79
5773,2.65,4.79
5774,2.65,4.80
5775,2.65,4.80
5776,2.65,4.80
5777,2.65,4.80
5778,2.65,4.81
5780,2.65,4.81
5781,2.65,4.81
5782,2.65,4.82
5783,2.65,4.82
5784,2.65,4.82
5785,2.65,4.82
5786,2.64,4.83
5787,2.64,4.83
5788,2.64,4.83
5790,2.64,4.83
5791,2.64,4.83
5792,2.64,4.84
5793,2.63,4.84
5794,2.63,4.84
5795,2.63,4.84
5796,2.63,4.84
5797,2.63,4.84
5798,2.63,4.84
5799,2.62,4.85
5801,2.62,4.85
5803,2.62,4.85
5804,2.62,4.85
5805,2.62,4.85
5806,2.62,4.85
5807,2.61,4.85
5808,2.61,4.85
5809,2.61,4.86
5810,2.61,4.86
5812,2.61,4.86
5813,2.61,4.86
5814,2.61,4.86
5815,2.61,4.86
5816,2.61,4.86
5817,2.61,4.86
5818,2.60,4.86
5819,2.60,4.86
5820,2.60,4.86
5822,2.60,4.86
5823,2.60,4.87
5824,2.60,4.86
5825,2.60,4.87
5826,2.59,4.87
5827,2.59,4.87
5828,2.59,4.87
5829,2.59,4.87
5830,2.59,4.87
5831,2.59,4.87
5833,2.59,4.87
5834,2.59,4.87
5835,2.59,4.87
5836,2.59,4.87
5837,2.58,4.87
5838,2.58,4.87
5839,2.58,4.87
5840,2.58,4.87
5841,2.58,4.87
5843,2.58,4.87
5844,2.58,4.87
5846,2.58,4.87
5847,2.58,4.87
5848,2.58,4.87
5849,2.58,4.87
5850,2.58,4.87
5851,2.58,4.87
5852,2.58,4.88
5854,2.58,4.88
5855,2.58,4.87
5856,2.57,4.87
5857,2.57,4.87
5858,2.57,4.87
5859,2.57,4.88
5860,2.57,4.88
5861,2.57,4.88
5862,2.57,4.88
5864,2.57,4.88
5865,2.57,4.88
5866,2.57,4.88
5867,2.57,4.88
5868,2.57,4.88
5869,2.57,4.88
5870,2.57,4.88
5871,2.57,4.88
5872,2.57,4.88
5873,2.57,4.88
5875,2.57,4.88
5876,2.57,4.88
5877,2.57,4.88
5878,2.57,4.88
5879,2.57,4.88
5880,2.57,4.88
5881,2.57,4.88
5882,2.57,4.88
5883,2.57,4.88
5885,2.57,4.88
5886,2.57,4.88
5888,2.57,4.88
5889,2.57,4.88
5890,2.57,4.88
5891,2.57,4.87
5892,2.57,4.88
5893,2.57,4.88
5894,2.57,4.88
5896,2.57,4.88
5897,2.56,4.88
5898,2.57,4.88
5899,2.57,4.88
5900,2.57,4.88
5901,2.56,4.88
5902,2.56,4.88
5903,2.56,4.88
5904,2.57,4.88
5906,2.56,4.88
5907,2.56,4.88
5908,2.56,4.88
5909,2.56,4.88
5910,2.56,4.88
5911,2.56,4.88
5912,2.56,4.88
5913,2.56,4.88
5914,2.56,4.88
5915,2.56,4.88
5917,2.56,4.88
5918,2.56,4.88
5919,2.56,4.88
5920,2.56,4.88
5921,2.56,4.88
5922,2.56,4.88
5923,2.56,4.88
5924,2.56,4.88
5925,2.56,4.88
5927,2.56,4.88
5928,2.56,4.88
5929,2.56,4.88
5931,2.56,4.88
5932,2.56,4.88
5933,2.56,4.88
5934,2.56,4.88
5935,2.56,4.88
5936,2.56,4.88
5938,2.56,4.88
5939,2.56,4.88
5940,2.56,4.88
5941,2.56,4.88
5942,2.56,4.88
5943,2.56,4.88
5944,2.56,4.88
5945,2.56,4.88
5946,2.56,4.88
5948,2.56,4.88
5949,2.56,4.88
5950,2.56,4.88
5951,2.56,4.88
5952,2.56,4.88
5953,2.56,4.88
5954,2.56,4.88
5955,2.56,4.88
5956,2.56,4.88
5958,2.56,4.88
5959,2.56,4.88
5960,2.56,4.88
5961,2.56,4.88
5962,2.56,4.88
5963,2.56,4.88
5964,2.56,4.88
5965,2.56,4.88
5966,2.56,4.88
5967,2.56,4.88
5969,2.56,4.88
5970,2.56,4.88
5971,2.56,4.88
5972,2.56,4.88
5974,2.56,4.88
5975,2.56,4.88
5976,2.56,4.88
5977,2.56,4.88
5978,2.56,4.88
5980,2.56,4.88
5981,2.56,4.88
5982,2.56,4.88
5983,2.56,4.88
5984,2.56,4.88
5985,2.56,4.88
5986,2.56,4.88
5987,2.56,4.88
5988,2.56,4.88
5990,2.56,4.88
5991,2.56,4.88
5992,2.56,4.88
5993,2.56,4.88
5994,2.56,4.88
5995,2.56,4.88
5996,2.56,4.88
5997,2.56,4.88
5998,2.56,4.88
6000,2.56,4.88
6001,2.56,4.88
6002,2.56,4.88
6003,2.56,4.88
6004,2.57,4.88
6005,2.56,4.88
6006,2.56,4.88
6007,2.56,4.88
6008,2.56,4.88
6010,2.56,4.88
6011,2.56,4.88
6012,2.56,4.88
6013,2.56,4.88
6014,2.56,4.88
6016,2.56,4.88
6017,2.56,4.88
6018,2.56,4.88
6019,2.56,4.88
6020,2.56,4.88
6022,2.56,4.88
6023,2.56,4.88
6024,2.56,4.88
6025,2.57,4.88
6026,2.56,4.88
6027,2.56,4.88
6028,2.56,4.88
6029,2.56,4.88
6030,2.56,4.88
6032,2.56,4.88
6033,2.56,4.88
6034,2.56,4.88
6035,2.56,4.88
6036,2.56,4.88
6037,2.56,4.88
6038,2.56,4.88
6039,2.56,4.88
6040,2.56,4.88
6042,2.56,4.88
6043,2.56,4.88
6044,2.56,4.88
6045,2.56,4.88
6046,2.56,4.88
6047,2.56,4.88
6048,2.56,4.88
6049,2.56,4.88
6050,2.56,4.88
6052,2.56,4.88
6053,2.56,4.88
6054,2.56,4.88
6055,2.56,4.88
6056,2.56,4.88
6057,2.56,4.88
6059,2.56,4.88
6060,2.56,4.88
6061,2.56,4.88
6062,2.56,4.88
6064,2.56,4.88
6065,2.56,4.88
6066,2.56,4.88
6067,2.56,4.88
6068,2.56,4.88
6069,2.56,4.88
6070,2.56,4.88
6071,2.56,4.88
6072,2.56,4.88
6074,2.56,4.88
6075,2.56,4.88
6076,2.56,4.88
6077,2.56,4.88
6078,2.56,4.88
6079,2.56,4.88
6080,2.56,4.88
6081,2.56,4.88
6082,2.56,4.88
6084,2.56,4.88
6085,2.56,4.88
6086,2.56,4.88
6087,2.56,4.88
6088,2.56,4.88
6089,2.56,4.88
6090,2.56,4.88
6091,2.56,4.88
6092,2.56,4.88
6094,2.56,4.88
6095,2.56,4.88
6096,2.56,4.88
6097,2.56,4.88
6098,2.56,4.88
6099,2.56,4.88
6100,2.56,4.88
6102,2.56,4.88
6103,2.56,4.88
6105,2.56,4.88
6106,2.56,4.88
6107,2.56,4.88
6108,2.56,4.88
6109,2.56,4.88
6110,2.56,4.88
6111,2.56,4.88
6112,2.56,4.88
6113,2.56,4.88
6114,2.56,4.88
6116,2.56,4.88
6117,2.56,4.88
6118,2.56,4.88
6119,2.56,4.88
6120,2.56,4.88
6121,2.56,4.88
6122,2.56,4.88
6123,2.56,4.88
6124,2.56,4.88
6126,2.56,4.88
6127,2.56,4.88
6128,2.56,4.88
6129,2.56,4.88
6130,2.56,4.88
6131,2.56,4.88
6132,2.56,4.88
6133,2.56,4.88
6134,2.56,4.88
6136,2.56,4.88
6137,2.56,4.88
6138,2.56,4.88
6139,2.56,4.88
6140,2.56,4.88
6141,2.56,4.88
6142,2.56,4.88
6144,2.56,4.88
6145,2.56,4.88
6147,2.56,4.88
6148,2.56,4.88
6149,2.56,4.88
6150,2.56,4.88
6151,2.56,4.88
6152,2.56,4.88
6153,2.56,4.88
6154,2.56,4.88
6155,2.56,4.88
6157,2.56,4.88
6158,2.56,4.88
6159,2.56,4.88
6160,2.56,4.88
6161,2.56,4.88
6162,2.56,4.88
6163,2.56,4.88
6164,2.56,4.88
6165,2.56,4.88
6166,2.56,4.88
6168,2.56,4.88
6169,2.56,4.88
6170,2.56,4.88
6171,2.56,4.88
6172,2.56,4.88
6173,2.56,4.88
6174,2.56,4.88
6175,2.56,4.88
6176,2.56,4.88
6178,2.56,4.88
6179,2.56,4.88
6180,2.56,4.88
6181,2.56,4.88
6182,2.56,4.88
6183,2.56,4.88
6184,2.56,4.88
6185,2.56,4.88
6187,2.56,4.88
6189,2.56,4.88
6190,2.56,4.88
6191,2.56,4.88
6192,2.56,4.88
6193,2.56,4.88
6194,2.56,4.88
6195,2.56,4.88
6196,2.56,4.88
6197,2.56,4.88
6199,2.56,4.88
6200,2.56,4.88
6201,2.56,4.88
6202,2.56,4.88
6203,2.56,4.88
6204,2.56,4.88
6205,2.56,4.88
6206,2.56,4.88
6207,2.56,4.88
6208,2.56,4.88
6210,2.56,4.88
6211,2.56,4.88
6212,2.56,4.88
6213,2.56,4.88
6214,2.56,4.88
6215,2.56,4.88
6216,2.56,4.88
6217,2.56,4.88
6218,2.56,4.88
6220,2.56,4.88
6221,2.56,4.88
6222,2.56,4.88
6223,2.56,4.88
6224,2.56,4.88
6225,2.56,4.88
6226,2.55,4.88
6227,2.55,4.88
6228,2.55,4.88
6231,2.55,4.88
6232,2.55,4.88
6233,2.56,4.88
6234,2.55,4.88
6235,2.55,4.87
6236,2.55,4.86
6237,2.55,4.83
6238,2.55,4.80
6239,2.55,4.76
6241,2.55,4.72
6242,2.55,4.68
6243,2.54,4.63
6244,2.54,4.59
6245,2.53,4.55
6246,2.52,4.51
6247,2.51,4.46
6248,2.50,4.42
6249,2.49,4.38
6251,2.48,4.35
6252,2.47,4.31
6253,2.46,4.27
6254,2.45,4.23
6255,2.43,4.20
6256,2.42,4.16
6257,2.41,4.13
6258,2.40,4.10
6259,2.39,4.06
6260,2.38,4.04
6262,2.36,4.01
6263,2.35,3.97
6264,2.34,3.95
6265,2.33,3.92
6266,2.32,3.90
6267,2.31,3.87
6268,2.30,3.85
6269,2.29,3.82
6270,2.28,3.80
6273,2.27,3.78
6274,2.26,3.76
6275,2.26,3.74
6276,2.25,3.72
6277,2.24,3.70
6278,2.24,3.69
6279,2.24,3.67
6280,2.23,3.66
6281,2.23,3.64
6283,2.23,3.63
6284,2.23,3.61
6285,2.22,3.61
6286,2.23,3.59
6287,2.22,3.58
6288,2.23,3.57
6289,2.23,3.57
6290,2.23,3.56
6291,2.23,3.55
6292,2.24,3.54
6294,2.24,3.54
6295,2.25,3.53
6296,2.25,3.53
6297,2.26,3.52
6298,2.26,3.52
6299,2.27,3.51
6300,2.28,3.51
6301,2.28,3.51
6302,2.29,3.51
6304,2.30,3.51
6305,2.30,3.51
6306,2.31,3.51
6307,2.32,3.51
6308,2.33,3.50
6309,2.34,3.50
6310,2.34,3.51
6311,2.35,3.51
6312,2.36,3.51
6315,2.37,3.51
6316,2.38,3.51
6317,2.38,3.51
6318,2.39,3.51
6319,2.39,3.51
6320,2.40,3.51
6321,2.41,3.52
6322,2.42,3.52
6323,2.43,3.52
6325,2.43,3.52
6326,2.44,3.53
6327,2.45,3.53
6328,2.45,3.53
6329,2.46,3.53
6330,2.46,3.54
6331,2.47,3.54
6332,2.48,3.54
6333,2.48,3.54
6335,2.49,3.54
6336,2.49,3.55
6337,2.50,3.55
6338,2.50,3.55
6339,2.51,3.55
6340,2.51,3.56
6341,2.52,3.56
6342,2.52,3.56
6343,2.52,3.56
6344,2.53,3.57
6346,2.53,3.57
6347,2.53,3.57
6348,2.54,3.57
6349,2.54,3.57
6350,2.54,3.57
6351,2.54,3.58
6352,2.54,3.58
6353,2.55,3.58
6354,2.55,3.58
6356,2.55,3.58
6358,2.55,3.58
6359,2.55,3.59
6360,2.56,3.59
6361,2.56,3.59
6362,2.56,3.59
6363,2.56,3.59
6364,2.56,3.59
6365,2.56,3.59
6367,2.56,3.59
6368,2.56,3.60
6369,2.56,3.60
6370,2.56,3.60
6371,2.56,3.60
6372,2.56,3.60
6373,2.56,3.60
6374,2.56,3.60
6375,2.56,3.60
6376,2.56,3.60
6378,2.56,3.60
6379,2.56,3.60
6380,2.56,3.60
6381,2.56,3.60
6382,2.56,3.60
6383,2.56,3.60
6384,2.56,3.60
6385,2.56,3.60
6386,2.56,3.60
6387,2.56,3.60
6389,2.56,3.61
6390,2.56,3.60
6391,2.56,3.60
6392,2.56,3.60
6393,2.56,3.60
6394,2.56,3.61
6395,2.56,3.60
6396,2.56,3.61
6397,2.56,3.60
6400,2.56,3.61
6401,2.56,3.61
6402,2.56,3.60
6403,2.56,3.61
6404,2.56,3.61
6405,2.56,3.60
6406,2.56,3.60
6407,2.56,3.60
6408,2.56,3.60
6409,2.56,3.60
6411,2.55,3.60
6412,2.55,3.60
6413,2.55,3.60
6414,2.55,3.60
6415,2.55,3.60
6416,2.55,3.60
6417,2.55,3.60
6418,2.55,3.60
6419,2.55,3.60
6420,2.55,3.60
6422,2.55,3.60
6423,2.55,3.60
6424,2.55,3.60
6425,2.55,3.60
6426,2.55,3.60
6427,2.55,3.60
6428,2.55,3.60
6429,2.55,3.60
6430,2.55,3.60
6431,2.55,3.60
6433,2.55,3.60
6434,2.55,3.60
6435,2.55,3.60
6436,2.55,3.60
6437,2.55,3.60
6438,2.55,3.60
6439,2.55,3.60
6440,2.55,3.60
6441,2.55,3.60
6444,2.55,3.60
6445,2.55,3.60
6446,2.55,3.60
6447,2.55,3.60
6448,2.55,3.60
6449,2.55,3.60
6450,2.55,3.60
6451,2.55,3.60
6452,2.55,3.60
6453,2.55,3.60
6455,2.55,3.60
6456,2.55,3.60
6457,2.55,3.60
6458,2.55,3.60
6459,2.55,3.60
6460,2.55,3.60
6461,2.55,3.60
6462,2.55,3.60
6463,2.55,3.60
6464,2.55,3.60
6466,2.55,3.60
6467,2.55,3.60
6468,2.55,3.60
6469,2.55,3.60
6470,2.55,3.60
6471,2.55,3.60
6472,2.55,3.60
6473,2.55,3.60
6474,2.55,3.60
6475,2.55,3.60
6477,2.55,3.60
6478,2.55,3.60
6479,2.55,3.60
6480,2.55,3.60
6481,2.55,3.60
6482,2.55,3.60
6483,2.55,3.60
6484,2.55,3.60
6486,2.55,3.60
6487,2.55,3.60
6489,2.55,3.60
6490,2.55,3.60
6491,2.55,3.60
6492,2.55,3.60
6493,2.55,3.60
6494,2.55,3.60
6495,2.55,3.60
6496,2.55,3.60
6497,2.55,3.60
6498,2.55,3.60
6500,2.55,3.60
6501,2.55,3.60
6502,2.55,3.60
6503,2.55,3.60
6504,2.55,3.60
6505,2.55,3.60
6506,2.55,3.60
6507,2.55,3.60
6508,2.55,3.60
6509,2.55,3.60
6511,2.55,3.60
6512,2.55,3.60
6513,2.55,3.60
6514,2.55,3.60
6515,2.55,3.60
6516,2.55,3.60
6517,2.55,3.60
6518,2.55,3.60
6519,2.56,3.61
6520,2.56,3.61
6522,2.56,3.61
6523,2.56,3.61
6524,2.56,3.61
6525,2.56,3.61
6526,2.56,3.61
6528,2.56,3.61
6529,2.56,3.61
6530,2.56,3.61
6531,2.56,3.61
6533,2.56,3.61
6534,2.56,3.61
6535,2.56,3.61
6536,2.57,3.61
6537,2.57,3.61
6538,2.57,3.61
6539,2.57,3.62
6540,2.57,3.62
6541,2.57,3.61
6543,2.57,3.62
6544,2.57,3.62
6545,2.57,3.62
6546,2.57,3.62
6547,2.57,3.62
6548,2.58,3.62
6549,2.58,3.62
6550,2.58,3.62
6551,2.58,3.62
6553,2.58,3.62
6554,2.58,3.62
6555,2.58,3.62
6556,2.58,3.62
6557,2.58,3.62
6558,2.58,3.62
6559,2.58,3.63
6560,2.58,3.63
6561,2.58,3.63
6562,2.58,3.63
6564,2.58,3.63
6565,2.58,3.63
6566,2.58,3.63
6567,2.58,3.63
6568,2.58,3.63
6569,2.58,3.63
6571,2.58,3.63
6572,2.58,3.63
6573,2.58,3.63
6575,2.58,3.63
6576,2.58,3.63
6577,2.58,3.63
6578,2.58,3.63
6579,2.58,3.63
6580,2.58,3.63
6581,2.59,3.63
6582,2.59,3.63
6583,2.59,3.63
6585,2.59,3.63
6586,2.59,3.64
6587,2.59,3.64
6588,2.59,3.64
6589,2.59,3.64
6590,2.59,3.64
6591,2.59,3.64
6592,2.59,3.64
6593,2.59,3.64
6595,2.59,3.64
6596,2.59,3.64
6597,2.59,3.64
6598,2.59,3.64
6599,2.59,3.64
6600,2.59,3.64
6601,2.59,3.64
6602,2.59,3.64
6603,2.59,3.64
6605,2.59,3.64
6606,2.59,3.64
6607,2.59,3.64
6608,2.59,3.64
6609,2.59,3.64
6610,2.59,3.64
6611,2.59,3.64
6612,2.59,3.64
6614,2.59,3.64
6615,2.59,3.64
6617,2.59,3.64
6618,2.59,3.64
6619,2.59,3.64
6620,2.59,3.64
6621,2.59,3.64
6622,2.59,3.64
6623,2.58,3.64
6624,2.59,3.64
6625,2.59,3.64
6627,2.58,3.64
6628,2.58,3.64
6629,2.58,3.64
6630,2.58,3.64
6631,2.58,3.65
6632,2.59,3.64
6633,2.59,3.65
6634,2.58,3.65
6635,2.58,3.65
6637,2.58,3.65
6638,2.58,3.65
6639,2.58,3.65
6640,2.58,3.65
6641,2.58,3.65
6642,2.58,3.65
6643,2.58,3.65
6644,2.58,3.65
6645,2.58,3.65
6647,2.58,3.65
6648,2.58,3.65
6649,2.58,3.65
6650,2.58,3.65
6651,2.58,3.65
6652,2.58,3.65
6653,2.58,3.65
6654,2.58,3.65
6656,2.58,3.65
6657,2.58,3.65
6659,2.58,3.65
6660,2.58,3.65
6661,2.58,3.65
6662,2.58,3.65
6663,2.58,3.65
6664,2.58,3.65
6665,2.58,3.65
6666,2.58,3.65
6667,2.58,3.65
6669,2.58,3.65
6670,2.58,3.65
6671,2.58,3.65
6672,2.58,3.65
6673,2.58,3.65
6674,2.58,3.65
6675,2.58,3.65
6676,2.58,3.65
6677,2.58,3.65
6679,2.58,3.65
6680,2.58,3.65
6681,2.58,3.65
6682,2.58,3.65
6683,2.58,3.65
6684,2.58,3.65
6685,2.58,3.65
6686,2.58,3.65
6687,2.58,3.65
6689,2.58,3.65
6690,2.58,3.65
6691,2.58,3.65
6692,2.58,3.65
6693,2.58,3.65
6694,2.58,3.65
6695,2.58,3.65
6696,2.58,3.65
6697,2.58,3.65
6700,2.58,3.65
6701,2.58,3.65
6702,2.58,3.65
6703,2.58,3.65
6704,2.58,3.65
6705,2.58,3.65
6706,2.58,3.65
6707,2.58,3.65
6708,2.58,3.65
6709,2.58,3.65
6711,2.58,3.65
6712,2.58,3.65
6713,2.58,3.65
6714,2.58,3.65
6715,2.58,3.65
6716,2.58,3.65
6717,2.58,3.65
6718,2.58,3.65
6719,2.58,3.65
6721,2.58,3.65
6722,2.58,3.65
6723,2.58,3.65
6724,2.58,3.65
6725,2.58,3.65
6726,2.58,3.65
6727,2.58,3.65
6728,2.58,3.65
6729,2.58,3.65
6731,2.58,3.65
6732,2.58,3.65
6733,2.58,3.65
6734,2.58,3.65
6735,2.58,3.65
6736,2.58,3.65
6737,2.58,3.65
6738,2.58,3.65
6739,2.58,3.65
6742,2.58,3.65
6743,2.58,3.65
6744,2.58,3.65
6745,2.58,3.65
6746,2.58,3.65
6747,2.58,3.65
6748,2.58,3.65
6749,2.58,3.65
6750,2.58,3.65
6751,2.58,3.65
6753,2.58,3.65
6754,2.58,3.65
6755,2.58,3.65
6756,2.58,3.65
6757,2.58,3.65
6758,2.58,3.65
6759,2.58,3.65
6760,2.58,3.65
6761,2.58,3.65
6763,2.58,3.65
6764,2.58,3.65
6765,2.58,3.65
6766,2.58,3.65
6767,2.58,3.65
6768,2.58,3.65
6769,2.58,3.65
6770,2.58,3.65
6771,2.58,3.65
6773,2.58,3.65
6774,2.58,3.65
6775,2.58,3.65
6776,2.58,3.65
6777,2.58,3.65
6778,2.58,3.65
6779,2.58,3.65
6780,2.58,3.65
6781,2.58,3.65
6784,2.58,3.65
6785,2.58,3.65
6786,2.58,3.65
6787,2.58,3.65
6788,2.58,3.65
6789,2.58,3.65
6790,2.58,3.65
6791,2.58,3.65
6792,2.58,3.65
6793,2.58,3.65
6795,2.58,3.65
6796,2.58,3.65
6797,2.58,3.65
6798,2.58,3.65
6799,2.58,3.65
6800,2.58,3.65
6801,2.58,3.65
6802,2.58,3.65
6803,2.58,3.65
6805,2.58,3.65
6806,2.58,3.65
6807,2.58,3.65
6808,2.58,3.65
6809,2.58,3.65
6810,2.58,3.65
6811,2.58,3.65
6812,2.58,3.65
6813,2.58,3.65
6815,2.58,3.65
6816,2.58,3.65
6817,2.58,3.65
6818,2.58,3.65
6819,2.58,3.65
6820,2.58,3.65
6821,2.58,3.65
6822,2.58,3.65
6823,2.58,3.65
6825,2.58,3.65
6827,2.58,3.65
6828,2.58,3.65
6829,2.58,3.65
6830,2.58,3.65
6831,2.58,3.65
6832,2.58,3.65
6833,2.58,3.65
6834,2.58,3.65
6836,2.58,3.65
6837,2.58,3.65
6838,2.58,3.65
6839,2.58,3.65
6840,2.58,3.65
6841,2.58,3.65
6842,2.58,3.65
6843,2.58,3.65
6844,2.58,3.65
6845,2.58,3.65
6847,2.58,3.65
6848,2.58,3.65
6849,2.58,3.65
6850,2.58,3.65
6851,2.58,3.65
6852,2.58,3.65
6853,2.58,3.65
6854,2.58,3.65
6855,2.58,3.65
6857,2.58,3.65
6858,2.58,3.65
6859,2.58,3.65
6860,2.58,3.65
6861,2.58,3.65
6862,2.58,3.65
6863,2.58,3.65
6864,2.58,3.65
6865,2.58,3.65
6867,2.58,3.65
6868,2.58,3.65
6870,2.58,3.65
6871,2.58,3.65
6872,2.58,3.65
6873,2.58,3.65
6874,2.58,3.65
6875,2.58,3.65
6876,2.58,3.65
6878,2.58,3.65
6879,2.58,3.65
6880,2.58,3.65
6881,2.58,3.65
6882,2.58,3.65
6883,2.58,3.65
6884,2.58,3.65
6885,2.58,3.65
6886,2.58,3.65
6887,2.58,3.65
6889,2.58,3.65
6890,2.58,3.65
6891,2.58,3.65
6892,2.58,3.65
6893,2.58,3.65
6894,2.58,3.65
6895,2.58,3.65
6896,2.58,3.65
6897,2.58,3.65
6899,2.58,3.65
6900,2.58,3.65
6901,2.58,3.65
6902,2.58,3.65
6903,2.58,3.65
6904,2.58,3.65
6905,2.58,3.65
6906,2.58,3.65
6907,2.58,3.65
6909,2.58,3.65
6910,2.58,3.65
6912,2.58,3.65
6913,2.58,3.65
6914,2.58,3.65
6915,2.58,3.65
6916,2.58,3.65
6917,2.58,3.65
6918,2.58,3.65
6920,2.58,3.65
6921,2.58,3.65
6922,2.58,3.65
6923,2.58,3.65
6924,2.58,3.65
6925,2.58,3.65
6926,2.58,3.65
6927,2.58,3.65
6928,2.58,3.65
6930,2.58,3.65
6931,2.58,3.65
6932,2.58,3.65
6933,2.58,3.65
6934,2.58,3.65
6935,2.58,3.65
6936,2.58,3.65
6937,2.58,3.65
6938,2.58,3.65
6939,2.58,3.65
6941,2.58,3.65
6942,2.58,3.65
6943,2.58,3.65
6944,2.58,3.65
6945,2.58,3.65
6946,2.58,3.65
6947,2.58,3.65
6948,2.58,3.65
6949,2.58,3.65
6951,2.58,3.65
6952,2.58,3.65
6953,2.58,3.65
6955,2.58,3.65
6956,2.58,3.65
6957,2.58,3.65
6958,2.58,3.65
6959,2.58,3.65
6960,2.58,3.65
6962,2.58,3.65
6963,2.58,3.65
6964,2.58,3.65
6965,2.58,3.65
6966,2.58,3.65
6967,2.58,3.65
6968,2.58,3.65
6969,2.58,3.65
6970,2.58,3.65
6972,2.58,3.65
6973,2.58,3.65
6974,2.58,3.65
6975,2.58,3.65
6976,2.58,3.65
6977,2.58,3.65
6978,2.58,3.65
6979,2.58,3.65
6980,2.58,3.65
6982,2.58,3.65
6983,2.58,3.65
6984,2.58,3.65
6985,2.58,3.65
6986,2.58,3.65
6987,2.58,3.65
6988,2.58,3.65
6989,2.58,3.65
6990,2.58,3.65
6991,2.58,3.65
6993,2.58,3.65
6994,2.58,3.65
6995,2.58,3.65
6996,2.58,3.65
6998,2.58,3.65
6999,2.58,3.65
7000,2.58,3.65
7001,2.58,3.65
7002,2.58,3.65
7004,2.58,3.65
7005,2.58,3.65
7006,2.58,3.65
7007,2.58,3.65
7008,2.58,3.65
7009,2.58,3.65
7010,2.58,3.65
7011,2.58,3.65
7012,2.58,3.65
7014,2.58,3.65
7015,2.58,3.65
7016,2.58,3.65
7017,2.58,3.65
7018,2.58,3.65
7019,2.58,3.65
7020,2.58,3.65
7021,2.58,3.65
7022,2.58,3.65
7024,2.58,3.65
7025,2.58,3.65
7026,2.58,3.65
7027,2.58,3.65
7028,2.58,3.65
7029,2.58,3.65
7030,2.58,3.65
7031,2.58,3.65
7032,2.58,3.65
7033,2.58,3.65
7035,2.58,3.65
7036,2.58,3.65
7037,2.58,3.65
7038,2.58,3.65
7040,2.58,3.65
7041,2.58,3.65
7042,2.58,3.65
7043,2.58,3.65
7044,2.58,3.65
7046,2.58,3.65
7047,2.58,3.65
7048,2.58,3.65
7049,2.58,3.65
7050,2.58,3.65
7051,2.58,3.65
7052,2.58,3.65
7053,2.58,3.65
7054,2.58,3.65
7056,2.58,3.65
7057,2.58,3.65
7058,2.58,3.65
7059,2.58,3.65
7060,2.58,3.65
7061,2.58,3.65
7062,2.58,3.65
7063,2.58,3.65
7064,2.58,3.65
7066,2.58,3.65
7067,2.58,3.65
7068,2.58,3.65
7069,2.58,3.65
7070,2.58,3.65
7071,2.58,3.65
7072,2.58,3.65
7073,2.58,3.65
7074,2.58,3.65
7076,2.58,3.65
7077,2.58,3.65
7078,2.58,3.65
7079,2.58,3.65
7080,2.58,3.65
7081,2.58,3.65
7083,2.58,3.65
7084,2.58,3.65
7085,2.58,3.65
7086,2.58,3.65
7088,2.58,3.65
7089,2.58,3.65
7090,2.58,3.65
7091,2.58,3.65
7092,2.58,3.65
7093,2.58,3.65
7094,2.58,3.65
7095,2.58,3.65
7096,2.58,3.65
7098,2.58,3.65
7099,2.58,3.65
7100,2.58,3.65
7101,2.58,3.65
7102,2.58,3.65
7103,2.58,3.65
7104,2.58,3.65
7105,2.58,3.65
7106,2.58,3.65
7108,2.58,3.65
7109,2.58,3.65
7110,2.58,3.65
7111,2.58,3.65
7112,2.58,3.65
7113,2.58,3.65
7114,2.58,3.65
7115,2.58,3.65
7116,2.58,3.65
7118,2.58,3.65
7119,2.58,3.65
7120,2.58,3.65
7121,2.58,3.65
7122,2.58,3.65
7123,2.58,3.65
7124,2.58,3.65
7126,2.58,3.65
7127,2.58,3.65
7128,2.58,3.65
7130,2.58,3.65
7131,2.58,3.65
7132,2.58,3.65
7133,2.58,3.65
7134,2.58,3.65
7135,2.58,3.65
7136,2.58,3.65
7137,2.58,3.65
7138,2.58,3.65
7140,2.58,3.65
7141,2.58,3.65
7142,2.58,3.65
7143,2.58,3.65
7144,2.58,3.65
7145,2.58,3.65
7146,2.58,3.65
7147,2.58,3.65
7148,2.58,3.65
7150,2.58,3.65
7151,2.58,3.65
7152,2.58,3.65
7153,2.58,3.65
7154,2.58,3.65
7155,2.58,3.65
7156,2.58,3.65
7157,2.58,3.65
7158,2.58,3.65
7160,2.58,3.65
7161,2.58,3.65
7162,2.58,3.65
7163,2.58,3.65
7164,2.58,3.65
7165,2.58,3.65
7166,2.58,3.65
7168,2.58,3.65
7169,2.58,3.65
7171,2.58,3.65
7172,2.58,3.65
7173,2.58,3.65
7174,2.58,3.65
7175,2.58,3.65
7176,2.58,3.65
7177,2.58,3.65
7178,2.58,3.65
7179,2.58,3.65
7180,2.58,3.65
7182,2.58,3.65
7183,2.58,3.65
7184,2.58,3.65
7185,2.58,3.65
7186,2.58,3.65
7187,2.58,3.65
7188,2.58,3.65
7189,2.58,3.65
7190,2.58,3.65
7192,2.58,3.65
7193,2.58,3.65
7194,2.58,3.65
7195,2.58,3.65
7196,2.58,3.65
7197,2.58,3.65
7198,2.58,3.65
7199,2.58,3.65
7200,2.58,3.65
7202,2.58,3.65
7203,2.58,3.65
7204,2.58,3.65
7205,2.58,3.65
7206,2.58,3.65
7207,2.58,3.65
7208,2.58,3.65
7209,2.58,3.65
7211,2.58,3.65
7213,2.58,3.65
7214,2.58,3.65
7215,2.58,3.65
7216,2.58,3.65
7217,2.58,3.65
7218,2.58,3.65
7219,2.58,3.65
7220,2.58,3.65
7221,2.58,3.65
7223,2.58,3.65
7224,2.58,3.65
7225,2.58,3.65
7226,2.58,3.65
7227,2.58,3.65
7228,2.58,3.65
7229,2.58,3.65
7230,2.58,3.65
7231,2.58,3.65
7232,2.58,3.65
7234,2.58,3.65
7235,2.58,3.65
7236,2.58,3.65
7237,2.58,3.65
7238,2.58,3.65
7239,2.58,3.65
7240,2.58,3.65
7241,2.58,3.65
7242,2.58,3.65
7244,2.58,3.65
7245,2.58,3.65
7246,2.58,3.65
7247,2.58,3.65
7248,2.58,3.65
7249,2.58,3.65
7250,2.58,3.65
7251,2.58,3.65
7252,2.58,3.65
7255,2.58,3.65
7256,2.58,3.65
7257,2.58,3.65
7258,2.58,3.65
7259,2.58,3.65
7260,2.58,3.65
7261,2.58,3.65
7262,2.58,3.65
7263,2.58,3.65
7265,2.58,3.65
7266,2.58,3.65
7267,2.58,3.65
7268,2.58,3.65
7269,2.58,3.65
7270,2.58,3.65
7271,2.58,3.65
7272,2.58,3.65
7273,2.58,3.65
7274,2.58,3.65
7276,2.58,3.65
7277,2.58,3.65
7278,2.58,3.65
7279,2.58,3.65
7280,2.58,3.65
7281,2.58,3.65
7282,2.58,3.65
7283,2.58,3.65
7284,2.58,3.65
7286,2.58,3.65
7287,2.58,3.65
7288,2.58,3.65
7289,2.58,3.65
7290,2.58,3.65
7291,2.58,3.65
7292,2.58,3.65
7293,2.58,3.65
7294,2.58,3.65
7297,2.58,3.65
7298,2.58,3.65
7299,2.58,3.65
7300,2.58,3.65
7301,2.58,3.65
7302,2.58,3.65
7303,2.58,3.65
7304,2.58,3.65
7305,2.58,3.65
7307,2.58,3.65
7308,2.58,3.65
7309,2.58,3.65
7310,2.58,3.65
7311,2.58,3.65
7312,2.58,3.65
7313,2.58,3.65
7314,2.58,3.65
7315,2.58,3.65
7317,2.58,3.65
7318,2.58,3.65
7319,2.58,3.65
7320,2.58,3.65
7321,2.58,3.65
7322,2.58,3.65
7323,2.58,3.65
7324,2.58,3.65
7325,2.58,3.65
7326,2.58,3.65
7328,2.58,3.65
7329,2.58,3.65
7330,2.58,3.65
7331,2.58,3.65
7332,2.58,3.65
7333,2.58,3.65
7334,2.58,3.65
7335,2.58,3.65
7336,2.58,3.65
7339,2.58,3.65
7340,2.58,3.65
7341,2.58,3.65
7342,2.58,3.65
7343,2.58,3.65
7344,2.58,3.65
7345,2.58,3.65
7346,2.58,3.65
7347,2.58,3.65
7349,2.58,3.65
7350,2.58,3.65
7351,2.58,3.65
7352,2.58,3.65
7353,2.58,3.65
7354,2.58,3.65
7355,2.58,3.65
7356,2.58,3.65
7357,2.58,3.65
7359,2.58,3.65
7360,2.58,3.65
7361,2.58,3.65
7362,2.58,3.65
7363,2.58,3.65
7364,2.58,3.65
7365,2.58,3.65
7366,2.58,3.65
7367,2.58,3.65
7368,2.58,3.65
7370,2.58,3.65
7371,2.58,3.65
7372,2.58,3.65
7373,2.58,3.65
7374,2.58,3.65
7375,2.58,3.65
7376,2.58,3.65
7377,2.58,3.65
7378,2.58,3.65
7380,2.58,3.65
7382,2.58,3.65
7383,2.58,3.65
7384,2.58,3.65
7385,2.58,3.65
7386,2.58,3.65
7387,2.58,3.65
7388,2.58,3.65
7389,2.58,3.65
7391,2.58,3.65
7392,2.58,3.65
7393,2.58,3.65
7394,2.58,3.65
7395,2.58,3.65
7396,2.59,3.65
7397,2.58,3.65
7398,2.58,3.65
7399,2.58,3.65
7401,2.58,3.65
7402,2.58,3.65
7403,2.58,3.65
7404,2.58,3.65
7405,2.58,3.65
7406,2.58,3.65
7407,2.58,3.65
7408,2.58,3.65
7409,2.58,3.65
7411,2.59,3.65
7412,2.58,3.65
7413,2.58,3.65
7414,2.58,3.65
7415,2.58,3.65
7416,2.58,3.65
7417,2.58,3.65
7418,2.58,3.65
7419,2.58,3.65
7420,2.58,3.65
7422,2.58,3.65
7424,2.58,3.65
7425,2.58,3.65
7426,2.58,3.65
7427,2.58,3.65
7428,2.58,3.65
7429,2.58,3.65
7430,2.58,3.65
7431,2.59,3.65
7433,2.58,3.65
7434,2.58,3.65
7435,2.58,3.65
7436,2.58,3.65
7437,2.58,3.65
7438,2.58,3.65
7439,2.58,3.65
7440,2.58,3.65
7441,2.58,3.65
7443,2.58,3.65
7444,2.58,3.65
7445,2.58,3.65
7446,2.58,3.65
7447,2.58,3.65
7448,2.58,3.65
7449,2.58,3.65
7450,2.58,3.65
7451,2.59,3.65
7453,2.58,3.65
7454,2.58,3.65
7455,2.58,3.65
7456,2.58,3.65
7457,2.58,3.65
7458,2.58,3.65
7459,2.58,3.65
7460,2.58,3.65
7461,2.58,3.65
7462,2.59,3.65
7464,2.58,3.65
7465,2.59,3.65
7467,2.58,3.65
7468,2.58,3.65
7469,2.58,3.65
7470,2.58,3.65
7471,2.59,3.65
7472,2.59,3.65
7473,2.58,3.65
7475,2.58,3.65
7476,2.58,3.65
7477,2.59,3.65
7478,2.59,3.65
7479,2.58,3.65
7480,2.58,3.65
7481,2.58,3.65
7482,2.59,3.65
7483,2.58,3.65
7485,2.59,3.65
7486,2.59,3.65
7487,2.58,3.65
7488,2.58,3.65
7489,2.58,3.65
7490,2.58,3.65
7491,2.58,3.65
7492,2.58,3.65
7493,2.59,3.65
7495,2.59,3.65
7496,2.58,3.65
7497,2.59,3.65
7498,2.59,3.65
7499,2.59,3.65
7500,2.59,3.65
7501,2.59,3.65
7502,2.59,3.65
7503,2.58,3.65
7505,2.59,3.65
7506,2.59,3.65
7507,2.59,3.65
7508,2.59,3.65
7510,2.58,3.65
7511,2.59,3.65
7512,2.59,3.65
7513,2.59,3.65
7514,2.58,3.65
7516,2.59,3.65
7517,2.59,3.65
7518,2.59,3.65
7519,2.59,3.65
7520,2.59,3.65
7521,2.59,3.65
7522,2.58,3.65
7523,2.58,3.65
7524,2.59,3.65
7525,2.58,3.65
7527,2.59,3.65
7528,2.59,3.65
7529,2.58,3.65
7530,2.58,3.65
7531,2.58,3.65
7532,2.58,3.65
7533,2.58,3.65
7534,2.59,3.65
7535,2.58,3.65
7537,2.58,3.65
7538,2.59,3.65
7539,2.58,3.65
7540,2.58,3.65
7541,2.59,3.65
7542,2.59,3.65
7543,2.59,3.65
7544,2.58,3.65
7545,2.59,3.65
7547,2.59,3.65
7548,2.58,3.65
7549,2.58,3.65
7550,2.59,3.65
7552,2.59,3.65
7553,2.59,3.65
7554,2.58,3.65
7555,2.58,3.65
7556,2.59,3.65
7558,2.59,3.65
7559,2.59,3.65
7560,2.59,3.65
7561,2.59,3.65
7562,2.59,3.65
7563,2.58,3.65
7564,2.58,3.65
7565,2.58,3.65
7566,2.59,3.65
7568,2.59,3.65
7569,2.59,3.65
7570,2.59,3.64
7571,2.58,3.65
7572,2.59,3.65
7573,2.59,3.65
7574,2.58,3.65
7575,2.59,3.64
7576,2.59,3.65
7577,2.59,3.64
7579,2.58,3.65
7580,2.58,3.65
7581,2.59,3.64
7582,2.58,3.65
7583,2.59,3.65
7584,2.59,3.65
7585,2.59,3.64
7586,2.58,3.65
7587,2.59,3.65
7589,2.59,3.65
7590,2.59,3.64
7591,2.59,3.64
7592,2.59,3.64
7593,2.59,3.65
7595,2.59,3.64
7596,2.58,3.65
7597,2.59,3.65
7598,2.59,3.64
7600,2.58,3.65
7601,2.59,3.65
7602,2.59,3.64
7603,2.59,3.64
7604,2.59,3.65
7605,2.59,3.64
7606,2.59,3.64
7607,2.58,3.64
7608,2.58,3.64
7610,2.59,3.64
7611,2.59,3.64
7612,2.59,3.64
7613,2.58,3.64
7614,2.58,3.64
7615,2.59,3.65
7616,2.59,3.64
7617,2.59,3.64
7618,2.59,3.64
7620,2.58,3.64
7621,2.58,3.64
7622,2.58,3.64
7623,2.59,3.64
7624,2.59,3.64
7625,2.59,3.65
7626,2.59,3.64
7627,2.58,3.64
7628,2.59,3.64
7629,2.59,3.64
7631,2.59,3.64
7632,2.59,3.64
7633,2.59,3.65
7634,2.59,3.64
7635,2.59,3.64
7636,2.59,3.64
7638,2.58,3.64
7639,2.59,3.64
7640,2.59,3.65
7642,2.59,3.64
7643,2.59,3.65
7644,2.59,3.64
7645,2.59,3.64
7646,2.59,3.64
7647,2.59,3.64
7648,2.59,3.64
7649,2.59,3.64
7650,2.59,3.65
7652,2.59,3.65
7653,2.59,3.64
7654,2.59,3.65
7655,2.59,3.64
7656,2.59,3.64
7657,2.59,3.64
7658,2.59,3.64
7659,2.59,3.64
7660,2.59,3.64
7662,2.59,3.64
7663,2.59,3.64
7664,2.59,3.64
7665,2.59,3.64
7666,2.59,3.65
7667,2.59,3.64
7668,2.59,3.64
7669,2.59,3.64
7670,2.59,3.64
7672,2.59,3.64
7673,2.59,3.65
7674,2.59,3.64
7675,2.59,3.64
7676,2.59,3.65
7677,2.59,3.65
7678,2.59,3.64
7680,2.59,3.65
7681,2.59,3.64
7682,2.59,3.65
7684,2.59,3.64
7685,2.59,3.65
7686,2.59,3.64
7687,2.59,3.64
7688,2.58,3.65
7689,2.59,3.64
7690,2.59,3.65
7691,2.59,3.64
7692,2.59,3.64
7694,2.58,3.65
7695,2.59,3.64
7696,2.59,3.65
7697,2.59,3.64
7698,2.59,3.64
7699,2.58,3.65
7700,2.59,3.64
7701,2.59,3.65
7702,2.59,3.64
7704,2.59,3.64
7705,2.59,3.65
7706,2.59,3.64
7707,2.59,3.65
7708,2.59,3.64
7709,2.59,3.64
7710,2.59,3.65
7711,2.59,3.64
7712,2.59,3.65
7714,2.59,3.65
7715,2.59,3.65
7716,2.59,3.65
7717,2.59,3.64
7718,2.59,3.64
7719,2.59,3.64
7720,2.59,3.64
7721,2.59,3.64
7723,2.59,3.64
7725,2.59,3.64
7726,2.59,3.64
7727,2.59,3.65
7728,2.59,3.64
7729,2.59,3.64
7730,2.59,3.64
7731,2.59,3.64
7732,2.59,3.65
7733,2.59,3.65
7734,2.59,3.64
7736,2.59,3.64
7737,2.59,3.64
7738,2.59,3.64
7739,2.59,3.64
7740,2.59,3.65
7741,2.59,3.64
7742,2.59,3.64
7743,2.59,3.65
7744,2.59,3.64
7746,2.59,3.64
7747,2.59,3.64
7748,2.59,3.64
7749,2.59,3.64
7750,2.59,3.64
7751,2.59,3.65
7752,2.59,3.64
7753,2.59,3.64
7754,2.59,3.64
7756,2.59,3.64
7757,2.59,3.64
7758,2.59,3.64
7759,2.59,3.64
7760,2.59,3.65
7761,2.59,3.64
7762,2.59,3.64
7763,2.59,3.65
7764,2.59,3.64
7767,2.59,3.65
7768,2.59,3.65
7769,2.59,3.64
7770,2.59,3.64
7771,2.59,3.64
7772,2.59,3.65
7773,2.59,3.64
7774,2.59,3.65
7775,2.59,3.65
7777,2.59,3.65
7778,2.59,3.65
7779,2.59,3.64
7780,2.59,3.65
7781,2.59,3.64
7782,2.59,3.65
7783,2.59,3.65
7784,2.59,3.64
7785,2.59,3.65
7786,2.59,3.64
7788,2.59,3.64
7789,2.59,3.65
7790,2.59,3.64
7791,2.59,3.65
7792,2.59,3.65
7793,2.59,3.65
7794,2.59,3.64
7795,2.59,3.65
7796,2.59,3.65
7798,2.59,3.64
7799,2.59,3.65
7800,2.59,3.64
7801,2.59,3.64
7802,2.59,3.65
7803,2.59,3.64
7804,2.59,3.64
7805,2.59,3.64
7806,2.59,3.64
7809,2.59,3.65
7810,2.59,3.64
7811,2.59,3.64
7812,2.59,3.64
7813,2.59,3.64
7814,2.59,3.64
7815,2.59,3.64
7816,2.59,3.65
7817,2.59,3.65
7819,2.59,3.64
7820,2.59,3.64
7821,2.59,3.64
7822,2.59,3.64
7823,2.59,3.64
7824,2.59,3.64
7825,2.59,3.64
7826,2.59,3.64
7827,2.59,3.64
7829,2.59,3.64
7830,2.59,3.65
7831,2.59,3.64
7832,2.59,3.64
7833,2.59,3.64
7834,2.59,3.64
7835,2.59,3.64
7836,2.59,3.64
7837,2.59,3.64
7838,2.59,3.64
7840,2.59,3.64
7841,2.59,3.64
7842,2.59,3.64
7843,2.58,3.64
7844,2.59,3.64
7845,2.58,3.64
7846,2.59,3.64
7847,2.59,3.64
7848,2.59,3.64
7851,2.59,3.64
7852,2.59,3.64
7853,2.59,3.64
7854,2.59,3.64
7855,2.58,3.64
7856,2.58,3.64
7857,2.59,3.64
7858,2.59,3.64
7859,2.59,3.64
7861,2.59,3.64
7862,2.59,3.64
7863,2.59,3.64
7864,2.59,3.64
7865,2.59,3.64
7866,2.59,3.64
7867,2.59,3.64
7868,2.59,3.64
7869,2.59,3.64
7871,2.59,3.64
7872,2.59,3.64
7873,2.59,3.64
7874,2.59,3.64
7875,2.59,3.64
7876,2.59,3.64
7877,2.59,3.64
7878,2.59,3.64
7879,2.59,3.64
7881,2.59,3.64
7882,2.59,3.64
7883,2.59,3.64
7884,2.59,3.64
7885,2.59,3.64
7886,2.59,3.64
7887,2.59,3.64
7888,2.59,3.64
7889,2.59,3.64
7890,2.59,3.64
7892,2.59,3.64
7894,2.59,3.64
7895,2.59,3.64
7896,2.59,3.64
7897,2.59,3.64
7898,2.59,3.64
7899,2.59,3.64
7900,2.59,3.64
7901,2.59,3.64
7903,2.59,3.64
7904,2.59,3.64
7905,2.59,3.64
7906,2.59,3.64
7907,2.59,3.64
7908,2.59,3.64
7909,2.59,3.64
7910,2.59,3.64
7911,2.59,3.64
7913,2.59,3.64
7914,2.59,3.64
7915,2.59,3.64
7916,2.59,3.64
7917,2.59,3.64
7918,2.59,3.64
7919,2.59,3.64
7920,2.59,3.64
7921,2.59,3.64
7923,2.59,3.64
7924,2.59,3.64
7925,2.59,3.64
7926,2.59,3.64
7927,2.59,3.64
7928,2.59,3.64
7929,2.59,3.64
7930,2.59,3.64
7931,2.59,3.64
7932,2.59,3.64
7934,2.59,3.64
7936,2.59,3.64
7937,2.59,3.64
7938,2.59,3.64
7939,2.59,3.64
7940,2.59,3.64
7941,2.59,3.64
7942,2.59,3.64
7943,2.59,3.64
7945,2.59,3.64
7946,2.59,3.64
7947,2.59,3.64
7948,2.59,3.64
7949,2.59,3.64
7950,2.59,3.64
7951,2.59,3.64
7952,2.59,3.64
7953,2.59,3.64
7955,2.59,3.64
7956,2.59,3.64
7957,2.59,3.64
7958,2.59,3.64
7959,2.59,3.64
7960,2.59,3.64
7961,2.59,3.64
7962,2.59,3.64
7963,2.59,3.64
7965,2.59,3.64
7966,2.59,3.64
7967,2.59,3.64
7968,2.59,3.64
7969,2.59,3.64
7970,2.59,3.64
7971,2.59,3.64
7972,2.59,3.64
7973,2.59,3.64
7975,2.59,3.64
7976,2.59,3.64
7977,2.59,3.64
7979,2.59,3.64
7980,2.59,3.64
7981,2.59,3.64
7982,2.59,3.64
7983,2.59,3.64
7984,2.59,3.64
7985,2.59,3.64
7987,2.59,3.64
7988,2.59,3.64
7989,2.59,3.64
7990,2.59,3.64
7991,2.59,3.64
7992,2.59,3.64
7993,2.59,3.64
7994,2.59,3.64
7995,2.59,3.64
7997,2.59,3.64
7998,2.59,3.64
7999,2.59,3.64
8000,2.59,3.64
8001,2.59,3.64
8002,2.59,3.64
8003,2.59,3.64
8004,2.59,3.64
8005,2.59,3.64
8007,2.59,3.64
8008,2.59,3.64
8009,2.59,3.64
8010,2.59,3.64
8011,2.59,3.64
8012,2.59,3.64
8013,2.59,3.64
8014,2.59,3.64
8015,2.59,3.64
8017,2.59,3.64
8018,2.59,3.64
8019,2.59,3.64
8020,2.59,3.64
8022,2.59,3.64
8023,2.59,3.64
8024,2.59,3.64
8025,2.59,3.64
8026,2.59,3.64
8027,2.59,3.64
8029,2.59,3.64
8030,2.59,3.64
8031,2.59,3.64
8032,2.59,3.64
8033,2.59,3.64
8034,2.59,3.64
8035,2.59,3.64
8036,2.59,3.64
8037,2.59,3.64
8039,2.59,3.64
8040,2.59,3.64
8041,2.59,3.64
8042,2.59,3.64
8043,2.59,3.64
8044,2.59,3.64
8045,2.59,3.64
8046,2.59,3.64
8047,2.59,3.64
8049,2.59,3.64
8050,2.59,3.64
8051,2.59,3.64
8052,2.59,3.64
8053,2.59,3.64
8054,2.59,3.64
8055,2.59,3.64
8056,2.59,3.64
8057,2.59,3.64
8059,2.59,3.64
8060,2.59,3.64
8061,2.59,3.64
8062,2.59,3.64
8064,2.59,3.64
8065,2.59,3.64
8066,2.59,3.64
8067,2.59,3.64
8068,2.59,3.64
8070,2.59,3.64
8071,2.59,3.64
8072,2.59,3.64
8073,2.59,3.64
8074,2.59,3.64
8075,2.59,3.64
8076,2.59,3.64
8077,2.59,3.64
8078,2.59,3.64
8079,2.59,3.64
8081,2.59,3.64
8082,2.59,3.64
8083,2.59,3.64
8084,2.59,3.64
8085,2.59,3.64
8086,2.59,3.64
8087,2.59,3.64
8088,2.59,3.64
8089,2.59,3.64
8091,2.59,3.64
8092,2.59,3.64
8093,2.59,3.64
8094,2.59,3.64
8095,2.59,3.64
8096,2.59,3.64
8097,2.59,3.64
8098,2.59,3.64
8099,2.59,3.64
8101,2.59,3.64
8102,2.59,3.64
8103,2.59,3.64
8104,2.59,3.64
8105,2.59,3.64
8107,2.59,3.64
8108,2.59,3.64
8109,2.59,3.64
8110,2.59,3.64
8112,2.59,3.64
8113,2.59,3.64
8114,2.59,3.64
8115,2.59,3.64
8116,2.59,3.64
8117,2.59,3.64
8118,2.59,3.64
8119,2.59,3.64
8120,2.59,3.64
8122,2.59,3.64
8123,2.59,3.64
8124,2.59,3.64
8125,2.59,3.64
8126,2.59,3.64
8127,2.59,3.64
8128,2.59,3.64
8129,2.59,3.64
8130,2.59,3.64
8131,2.59,3.64
8133,2.59,3.64
8134,2.59,3.64
8135,2.59,3.64
8136,2.59,3.64
8137,2.59,3.64
8138,2.59,3.64
8139,2.59,3.64
8140,2.59,3.64
8141,2.59,3.64
8143,2.59,3.64
8144,2.59,3.64
8145,2.59,3.64
8146,2.59,3.64
8147,2.59,3.64
8148,2.59,3.64
8150,2.59,3.64
8151,2.59,3.64
8152,2.59,3.64
8154,2.59,3.64
8155,2.59,3.64
8156,2.59,3.64
8157,2.59,3.64
8158,2.59,3.64
8159,2.59,3.64
8160,2.59,3.64
8161,2.59,3.64
8162,2.59,3.64
8164,2.59,3.64
8165,2.59,3.64
8166,2.59,3.64
8167,2.59,3.64
8168,2.59,3.64
8169,2.59,3.64
8170,2.59,3.64
8171,2.59,3.64
8172,2.59,3.64
8173,2.59,3.64
8175,2.59,3.64
8176,2.59,3.64
8177,2.59,3.64
8178,2.59,3.64
8179,2.59,3.64
8180,2.59,3.64
8181,2.59,3.64
8182,2.59,3.64
8183,2.59,3.64
8185,2.59,3.64
8186,2.59,3.64
8187,2.59,3.64
8188,2.59,3.64
8189,2.59,3.64
8190,2.59,3.64
8192,2.59,3.64
8193,2.59,3.64
8194,2.59,3.64
8196,2.59,3.64
8197,2.59,3.64
8198,2.59,3.64
8199,2.59,3.64
8200,2.59,3.64
8201,2.59,3.64
8202,2.59,3.64
8203,2.59,3.64
8204,2.59,3.64
8206,2.59,3.64
8207,2.59,3.64
8208,2.59,3.64
8209,2.59,3.64
8210,2.59,3.64
8211,2.59,3.64
8212,2.59,3.64
8213,2.59,3.64
8214,2.59,3.64
8216,2.59,3.64
8217,2.59,3.64
8218,2.59,3.64
8219,2.59,3.64
8220,2.59,3.64
8221,2.59,3.64
8222,2.59,3.64
8223,2.59,3.64
8224,2.59,3.64
8225,2.59,3.64
8227,2.59,3.64
8228,2.59,3.64
8229,2.59,3.64
8230,2.59,3.64
8231,2.59,3.64
8232,2.59,3.64
8233,2.59,3.64
8235,2.59,3.64
8236,2.59,3.64
8238,2.59,3.64
8239,2.59,3.64
8240,2.59,3.64
8241,2.59,3.64
8242,2.59,3.64
8243,2.59,3.64
8244,2.59,3.64
8245,2.59,3.64
8246,2.59,3.64
8248,2.59,3.64
8249,2.59,3.64
8250,2.59,3.64
8251,2.59,3.64
8252,2.59,3.64
8253,2.59,3.64
8254,2.59,3.64
8255,2.59,3.64
8256,2.59,3.64
8258,2.59,3.64
8259,2.59,3.64
8260,2.59,3.64
8261,2.59,3.64
8262,2.59,3.64
8263,2.59,3.64
8264,2.59,3.64
8265,2.59,3.64
8266,2.59,3.64
8267,2.59,3.64
8269,2.59,3.64
8270,2.59,3.64
8271,2.59,3.64
8272,2.59,3.64
8273,2.59,3.64
8274,2.59,3.64
8275,2.59,3.64
8276,2.59,3.64
8278,2.59,3.64
8280,2.59,3.64
8281,2.59,3.64
8282,2.59,3.64
8283,2.59,3.64
8284,2.59,3.64
8285,2.59,3.64
8286,2.59,3.64
8287,2.59,3.64
8288,2.59,3.64
8290,2.59,3.64
8291,2.59,3.64
8292,2.59,3.64
8293,2.59,3.64
8294,2.59,3.64
8295,2.59,3.64
8296,2.59,3.64
8297,2.59,3.64
8298,2.59,3.64
8300,2.59,3.64
8301,2.59,3.64
8302,2.59,3.64
8303,2.59,3.64
8304,2.59,3.64
8305,2.59,3.64
8306,2.59,3.64
8307,2.59,3.64
8308,2.59,3.64
8310,2.59,3.64
8311,2.59,3.64
8312,2.59,3.64
8313,2.59,3.64
8314,2.59,3.64
8315,2.59,3.64
8316,2.59,3.64
8317,2.59,3.64
8318,2.59,3.64
8320,2.59,3.64
8322,2.59,3.64
8323,2.59,3.64
8324,2.59,3.64
8325,2.59,3.64
8326,2.59,3.64
8327,2.59,3.64
8328,2.59,3.64
8329,2.59,3.64
8330,2.59,3.64
8332,2.59,3.64
8333,2.59,3.64
8334,2.59,3.64
8335,2.59,3.64
8336,2.59,3.64
8337,2.59,3.64
8338,2.59,3.64
8339,2.59,3.64
8340,2.59,3.64
8342,2.59,3.64
8343,2.59,3.64
8344,2.59,3.64
8345,2.59,3.64
8346,2.59,3.64
8347,2.59,3.64
8348,2.59,3.64
8349,2.59,3.64
8350,2.59,3.64
8352,2.59,3.64
8353,2.59,3.64
8354,2.59,3.64
8355,2.59,3.64
8356,2.59,3.64
8357,2.59,3.64
8358,2.59,3.64
8359,2.59,3.64
8360,2.59,3.64
8361,2.59,3.64
8364,2.59,3.64
8365,2.59,3.64
8366,2.59,3.64
8367,2.59,3.64
8368,2.59,3.64
8369,2.59,3.64
8370,2.59,3.64
8371,2.59,3.64
8372,2.59,3.64
8374,2.59,3.64
8375,2.59,3.64
8376,2.59,3.64
8377,2.59,3.64
8378,2.59,3.64
8379,2.59,3.64
8380,2.59,3.64
8381,2.59,3.64
8382,2.59,3.64
8384,2.59,3.64
8385,2.59,3.64
8386,2.59,3.64
8387,2.59,3.64
8388,2.59,3.64
8389,2.59,3.64
8390,2.59,3.64
8391,2.59,3.64
8392,2.59,3.64
8394,2.59,3.64
8395,2.59,3.64
8396,2.59,3.64
8397,2.59,3.64
8398,2.59,3.64
8399,2.59,3.64
8400,2.59,3.64
8401,2.59,3.64
8402,2.59,3.64
8404,2.59,3.64
8406,2.59,3.64
8407,2.59,3.64
8408,2.59,3.64
8409,2.59,3.64
8410,2.59,3.64
8411,2.59,3.64
8412,2.59,3.64
8413,2.59,3.64
8414,2.59,3.64
8416,2.59,3.64
8417,2.59,3.64
8418,2.59,3.64
8419,2.59,3.64
8420,2.59,3.64
8421,2.59,3.64
8422,2.59,3.64
8423,2.59,3.64
8424,2.59,3.64
8426,2.59,3.64
8427,2.59,3.64
8428,2.59,3.64
8429,2.59,3.64
8430,2.59,3.64
8431,2.59,3.64
8432,2.59,3.64
8433,2.59,3.64
8434,2.59,3.64
8436,2.59,3.64
8437,2.59,3.64
8438,2.59,3.64
8439,2.59,3.64
8440,2.59,3.64
8441,2.59,3.64
8442,2.59,3.64
8443,2.59,3.64
8444,2.59,3.64
8446,2.59,3.64
8448,2.59,3.64
8449,2.59,3.64
8450,2.59,3.64
8451,2.59,3.64
8452,2.59,3.64
8453,2.59,3.64
8454,2.59,3.64
8455,2.59,3.64
8456,2.59,3.64
8458,2.59,3.64
8459,2.59,3.64
8460,2.59,3.64
8461,2.59,3.64
8462,2.59,3.64
8463,2.59,3.64
8464,2.59,3.64
8465,2.59,3.64
8466,2.59,3.64
8468,2.59,3.64
8469,2.59,3.64
8470,2.59,3.64
8471,2.59,3.64
8472,2.59,3.64
8473,2.59,3.64
8474,2.59,3.64
8475,2.59,3.64
8476,2.59,3.64
8478,2.59,3.64
8479,2.59,3.64
8480,2.59,3.64
8481,2.59,3.64
8482,2.59,3.64
8483,2.59,3.64
8484,2.59,3.64
8485,2.59,3.64
8486,2.59,3.64
8488,2.59,3.64
8489,2.59,3.64
8491,2.59,3.64
8492,2.59,3.64
8493,2.59,3.64
8494,2.59,3.64
8495,2.59,3.64
8496,2.59,3.64
8497,2.59,3.64
8499,2.59,3.64
8500,2.59,3.64
8501,2.59,3.64
8502,2.59,3.64
8503,2.59,3.64
8504,2.59,3.64
8505,2.59,3.64
8506,2.59,3.64
8507,2.59,3.64
8508,2.59,3.64
8510,2.59,3.64
8511,2.59,3.64
8512,2.59,3.64
8513,2.59,3.64
8514,2.59,3.64
8515,2.59,3.64
8516,2.59,3.64
8517,2.59,3.64
8518,2.59,3.64
8520,2.59,3.64
8521,2.59,3.64
8522,2.59,3.64
8523,2.59,3.64
8524,2.59,3.64
8525,2.59,3.64
8526,2.59,3.64
8527,2.59,3.64
8528,2.59,3.64
8530,2.59,3.64
8531,2.59,3.64
8532,2.59,3.64
8534,2.59,3.64
8535,2.59,3.64
8536,2.59,3.64
8537,2.59,3.64
8538,2.59,3.64
8539,2.59,3.64
8541,2.59,3.64
8542,2.59,3.64
8543,2.59,3.64
8544,2.59,3.64
8545,2.59,3.64
8546,2.59,3.64
8547,2.59,3.64
8548,2.59,3.64
8549,2.59,3.64
8550,2.59,3.64
8552,2.59,3.64
8553,2.59,3.64
8554,2.59,3.64
8555,2.59,3.64
8556,2.59,3.64
8557,2.59,3.64
8558,2.59,3.64
8559,2.59,3.64
8560,2.59,3.64
8562,2.59,3.64
8563,2.59,3.64
8564,2.59,3.64
8565,2.59,3.64
8566,2.59,3.64
8567,2.59,3.64
8568,2.59,3.64
8569,2.59,3.64
8570,2.59,3.64
8572,2.59,3.64
8573,2.59,3.64
8574,2.59,3.64
8576,2.59,3.64
8577,2.59,3.64
8578,2.59,3.64
8579,2.59,3.64
8580,2.59,3.64
8581,2.59,3.64
8583,2.59,3.64
8584,2.59,3.64
8585,2.59,3.64
8586,2.59,3.64
8587,2.59,3.64
8588,2.59,3.64
8589,2.59,3.64
8590,2.59,3.64
8591,2.59,3.64
8593,2.59,3.64
8594,2.59,3.64
8595,2.59,3.64
8596,2.59,3.64
8597,2.59,3.64
8598,2.59,3.64
8599,2.59,3.64
8600,2.59,3.64
8601,2.59,3.64
8602,2.59,3.64
8604,2.59,3.64
8605,2.59,3.64
8606,2.59,3.64
8607,2.59,3.64
8608,2.59,3.64
8609,2.59,3.64
8610,2.59,3.64
8611,2.59,3.64
8612,2.59,3.64
8614,2.59,3.64
8615,2.59,3.64
8616,2.59,3.64
8617,2.59,3.64
8619,2.59,3.64
8620,2.59,3.64
8621,2.59,3.64
8622,2.59,3.64
8623,2.59,3.64
8625,2.59,3.64
8626,2.59,3.64
8627,2.59,3.64
8628,2.59,3.64
8629,2.59,3.64
8630,2.59,3.64
8631,2.59,3.64
8632,2.59,3.64
8633,2.59,3.64
8635,2.59,3.64
8636,2.59,3.64
8637,2.59,3.64
8638,2.59,3.64
8639,2.59,3.64
8640,2.59,3.64
8641,2.59,3.64
8642,2.59,3.64
8643,2.59,3.64
8644,2.59,3.64
8646,2.59,3.64
8647,2.59,3.64
8648,2.59,3.64
8649,2.59,3.64
8650,2.59,3.64
8651,2.59,3.64
8652,2.59,3.64
8653,2.59,3.64
8654,2.59,3.64
8656,2.59,3.64
8657,2.59,3.64
8658,2.59,3.64
8659,2.59,3.64
8660,2.59,3.64
8662,2.59,3.64
8663,2.59,3.64
8664,2.59,3.64
8665,2.59,3.64
8667,2.59,3.64
8668,2.59,3.64
8669,2.59,3.64
8670,2.59,3.64
8671,2.59,3.64
8672,2.59,3.64
8673,2.59,3.64
8674,2.59,3.64
8675,2.59,3.64
8677,2.59,3.64
8678,2.59,3.64
8679,2.59,3.64
8680,2.59,3.64
8681,2.59,3.64
8682,2.59,3.64
8683,2.59,3.64
8684,2.59,3.64
8685,2.59,3.64
8687,2.59,3.64
8688,2.59,3.64
8689,2.59,3.64
8690,2.59,3.64
8691,2.59,3.64
8692,2.59,3.64
8693,2.59,3.64
8694,2.59,3.64
8695,2.59,3.64
8696,2.59,3.64
8698,2.59,3.64
8699,2.59,3.64
8700,2.59,3.64
8701,2.59,3.64
8702,2.59,3.64
8704,2.59,3.64
8705,2.59,3.64
8706,2.59,3.64
8707,2.59,3.64
8709,2.59,3.64
8710,2.59,3.64
8711,2.59,3.64
8712,2.59,3.64
8713,2.59,3.64
8714,2.59,3.64
8715,2.59,3.64
8716,2.59,3.64
8717,2.59,3.64
8719,2.59,3.64
8720,2.59,3.64
8721,2.59,3.64
8722,2.59,3.64
8723,2.59,3.64
8724,2.59,3.64
8725,2.59,3.64
8726,2.59,3.64
8727,2.59,3.64
8729,2.59,3.64
8730,2.59,3.64
8731,2.59,3.64
8732,2.59,3.64
8733,2.59,3.64
8734,2.59,3.64
8735,2.59,3.64
8736,2.59,3.64
8737,2.59,3.64
8739,2.59,3.64
8740,2.59,3.64
8741,2.59,3.64
8742,2.59,3.64
8743,2.59,3.64
8744,2.59,3.64
8745,2.59,3.64
8747,2.59,3.64
8748,2.59,3.64
8749,2.59,3.64
8751,2.59,3.64
8752,2.59,3.64
8753,2.59,3.64
8754,2.59,3.64
8755,2.59,3.65
8756,2.59,3.64
8757,2.59,3.64
8758,2.59,3.64
8759,2.59,3.64
8761,2.59,3.64
8762,2.59,3.64
8763,2.59,3.64
8764,2.59,3.64
8765,2.59,3.64
8766,2.59,3.64
8767,2.59,3.64
8768,2.59,3.64
8769,2.59,3.64
8771,2.59,3.64
8772,2.59,3.64
8773,2.59,3.64
8774,2.59,3.64
8775,2.59,3.64
8776,2.59,3.64
8777,2.59,3.64
8778,2.59,3.64
8779,2.59,3.64
8781,2.59,3.64
8782,2.59,3.64
8783,2.59,3.64
8784,2.59,3.64
8785,2.59,3.64
8786,2.59,3.64
8787,2.59,3.64
8788,2.59,3.64
8790,2.59,3.64
8791,2.59,3.65
8793,2.59,3.64
8794,2.59,3.64
8795,2.59,3.64
8796,2.59,3.65
8797,2.59,3.64
8798,2.59,3.64
8799,2.59,3.65
8800,2.59,3.64
8801,2.59,3.65
8803,2.59,3.64
8804,2.59,3.64
8805,2.59,3.64
8806,2.59,3.64
8807,2.59,3.64
8808,2.59,3.64
8809,2.59,3.64
8810,2.59,3.64
8811,2.59,3.64
8813,2.59,3.64
8814,2.59,3.64
8815,2.59,3.64
8816,2.59,3.65
8817,2.59,3.64
8818,2.59,3.64
8819,2.59,3.64
8820,2.59,3.64
8821,2.59,3.64
8823,2.59,3.64
8824,2.59,3.64
8825,2.59,3.64
8826,2.59,3.64
8827,2.59,3.64
8828,2.59,3.64
8829,2.59,3.64
8830,2.59,3.64
8832,2.59,3.64
8834,2.59,3.64
8835,2.59,3.64
8836,2.59,3.65
8837,2.59,3.64
8838,2.59,3.65
8839,2.59,3.64
8840,2.59,3.64
8841,2.59,3.64
8842,2.59,3.64
8843,2.59,3.64
8845,2.59,3.64
8846,2.59,3.64
8847,2.59,3.64
8848,2.59,3.64
8849,2.59,3.64
8850,2.59,3.64
8851,2.59,3.64
8852,2.59,3.64
8853,2.59,3.64
8855,2.59,3.64
8856,2.59,3.64
8857,2.59,3.64
8858,2.59,3.64
8859,2.59,3.64
8860,2.59,3.64
8861,2.59,3.64
8862,2.59,3.64
8863,2.59,3.64
8865,2.59,3.64
8866,2.59,3.64
8867,2.59,3.64
8868,2.59,3.64
8869,2.59,3.65
8870,2.59,3.64
8871,2.59,3.64
8872,2.59,3.64
8873,2.59,3.64
8876,2.59,3.64
8877,2.59,3.65
8878,2.59,3.64
8879,2.59,3.64
8880,2.59,3.64
8881,2.59,3.64
8882,2.59,3.64
8883,2.59,3.64
8884,2.59,3.65
8885,2.59,3.64
8887,2.59,3.64
8888,2.59,3.64
8889,2.59,3.64
8890,2.59,3.64
8891,2.59,3.64
8892,2.59,3.64
8893,2.59,3.64
8894,2.59,3.64
8895,2.59,3.64
8897,2.59,3.64
8898,2.59,3.64
8899,2.59,3.64
8900,2.59,3.64
8901,2.59,3.64
8902,2.59,3.65
8903,2.59,3.64
8904,2.59,3.64
8905,2.59,3.64
8907,2.59,3.64
8908,2.59,3.64
8909,2.59,3.64
8910,2.59,3.65
8911,2.59,3.64
8912,2.59,3.64
8913,2.59,3.64
8914,2.59,3.64
8915,2.59,3.64
8918,2.59,3.64
8919,2.59,3.64
8920,2.59,3.64
8921,2.59,3.64
8922,2.59,3.64
8923,2.59,3.64
8924,2.59,3.64
8925,2.59,3.64
8926,2.59,3.64
8928,2.59,3.64
8929,2.59,3.64
8930,2.59,3.64
8931,2.59,3.65
8932,2.59,3.64
8933,2.59,3.64
8934,2.59,3.64
8935,2.59,3.64
8936,2.59,3.64
8937,2.59,3.64
8939,2.59,3.64
8940,2.59,3.64
8941,2.59,3.64
8942,2.59,3.64
8943,2.59,3.64
8944,2.59,3.64
8945,2.59,3.64
8946,2.59,3.64
8947,2.59,3.64
8949,2.59,3.64
8950,2.59,3.64
8951,2.59,3.64
8952,2.59,3.64
8953,2.59,3.64
8954,2.59,3.64
8955,2.59,3.64
8956,2.59,3.64
8957,2.59,3.65
8960,2.59,3.64
8961,2.59,3.64
8962,2.59,3.64
8963,2.59,3.64
8964,2.59,3.65
8965,2.59,3.64
8966,2.59,3.64
8967,2.59,3.64
8968,2.59,3.64
8970,2.59,3.64
8971,2.59,3.64
8972,2.59,3.65
8973,2.59,3.64
8974,2.59,3.64
8975,2.59,3.64
8976,2.59,3.64
8977,2.59,3.65
8978,2.59,3.64
8979,2.59,3.64
8981,2.59,3.64
8982,2.59,3.64
8983,2.59,3.64
8984,2.59,3.64
8985,2.59,3.64
8986,2.59,3.64
8987,2.59,3.64
8988,2.59,3.64
8989,2.59,3.64
8991,2.59,3.64
8992,2.59,3.65
8993,2.59,3.64
8994,2.59,3.64
8995,2.59,3.64
8996,2.59,3.64
8997,2.59,3.64
8998,2.59,3.64
8999,2.59,3.64
9001,2.59,3.64
9003,2.59,3.64
9004,2.59,3.64
9005,2.59,3.65
9006,2.59,3.64
9007,2.59,3.64
9008,2.59,3.64
9009,2.59,3.64
9010,2.59,3.64
9012,2.59,3.64
9013,2.59,3.64
9014,2.59,3.65
9015,2.59,3.64
9016,2.59,3.64
9017,2.59,3.64
9018,2.59,3.64
9019,2.59,3.64
9020,2.59,3.64
9022,2.59,3.64
9023,2.59,3.64
9024,2.59,3.64
9025,2.59,3.64
9026,2.59,3.65
9027,2.59,3.64
9028,2.59,3.65
9029,2.59,3.65
9030,2.59,3.64
9031,2.59,3.64
9033,2.59,3.64
9034,2.59,3.64
9035,2.59,3.64
9036,2.59,3.64
9037,2.59,3.65
9038,2.59,3.64
9039,2.59,3.64
9040,2.59,3.64
9041,2.59,3.64
9043,2.59,3.64
9044,2.59,3.65
9046,2.59,3.65
9047,2.59,3.64
9048,2.59,3.64
9049,2.59,3.64
9050,2.59,3.64
9051,2.59,3.64
9052,2.59,3.64
9054,2.59,3.64
9055,2.59,3.64
9056,2.59,3.64
9057,2.59,3.64
9058,2.59,3.64
9059,2.59,3.64
9060,2.59,3.64
9061,2.59,3.65
9062,2.59,3.64
9064,2.59,3.64
9065,2.59,3.64
9066,2.59,3.64
9067,2.59,3.64
9068,2.59,3.64
9069,2.59,3.64
9070,2.59,3.64
9071,2.59,3.64
9072,2.59,3.64
9074,2.59,3.64
9075,2.59,3.64
9076,2.59,3.64
9077,2.59,3.64
9078,2.59,3.64
9079,2.59,3.64
9080,2.59,3.64
9081,2.59,3.64
9082,2.59,3.64
9083,2.59,3.64
9085,2.59,3.64
9086,2.59,3.64
9088,2.59,3.64
9089,2.59,3.64
9090,2.59,3.64
9091,2.59,3.64
9092,2.59,3.64
9093,2.59,3.64
9094,2.59,3.64
9096,2.59,3.64
9097,2.59,3.64
9098,2.59,3.64
9099,2.59,3.64
9100,2.59,3.64
9101,2.59,3.64
9102,2.59,3.64
9103,2.59,3.64
9104,2.59,3.64
9106,2.59,3.64
9107,2.59,3.64
9108,2.59,3.64
9109,2.59,3.64
9110,2.59,3.64
9111,2.59,3.64
9112,2.59,3.65
9113,2.59,3.64
9114,2.59,3.65
9116,2.59,3.64
9117,2.59,3.64
9118,2.59,3.64
9119,2.59,3.64
9120,2.59,3.64
9121,2.59,3.64
9122,2.59,3.64
9123,2.59,3.64
9124,2.59,3.64
9125,2.59,3.64
9127,2.59,3.64
9128,2.59,3.64
9129,2.59,3.64
9131,2.59,3.64
9132,2.59,3.64
9133,2.59,3.64
9134,2.59,3.64
9135,2.59,3.64
9136,2.59,3.64
9138,2.59,3.64
9139,2.59,3.64
9140,2.59,3.65
9141,2.59,3.64
9142,2.59,3.64
9143,2.59,3.64
9144,2.59,3.65
9145,2.59,3.64
9146,2.59,3.64
9148,2.59,3.64
9149,2.59,3.64
9150,2.59,3.64
9151,2.59,3.64
9152,2.59,3.64
9153,2.59,3.64
9154,2.59,3.64
9155,2.59,3.64
9156,2.59,3.64
9158,2.59,3.64
9159,2.59,3.64
9160,2.59,3.64
9161,2.59,3.64
9162,2.59,3.64
9163,2.59,3.64
9164,2.59,3.64
9165,2.59,3.64
9166,2.59,3.64
9168,2.59,3.64
9169,2.59,3.64
9170,2.59,3.64
9171,2.59,3.64
9172,2.59,3.64
9174,2.59,3.64
9175,2.59,3.64
9176,2.59,3.64
9177,2.59,3.64
9178,2.59,3.64
9180,2.59,3.64
9181,2.59,3.64
9182,2.59,3.64
9183,2.59,3.64
9184,2.59,3.64
9185,2.59,3.64
9186,2.59,3.64
9187,2.59,3.64
9188,2.59,3.64
9190,2.59,3.64
9191,2.59,3.64
9192,2.59,3.64
9193,2.59,3.64
9194,2.59,3.64
9195,2.59,3.64
9196,2.59,3.64
9197,2.59,3.64
9198,2.59,3.64
9200,2.59,3.64
9201,2.59,3.64
9202,2.59,3.64
9203,2.59,3.64
9204,2.59,3.64
9205,2.59,3.64
9206,2.59,3.64
9207,2.59,3.64
9208,2.59,3.64
9210,2.59,3.64
9211,2.59,3.64
9212,2.59,3.64
9213,2.59,3.64
9214,2.59,3.64
9216,2.59,3.64
9217,2.59,3.64
9218,2.59,3.64
9219,2.59,3.64
9221,2.59,3.64
9222,2.59,3.64
9223,2.59,3.64
9224,2.59,3.64
9225,2.59,3.64
9226,2.59,3.64
9227,2.59,3.64
9228,2.59,3.64
9229,2.59,3.64
9230,2.59,3.64
9232,2.59,3.64
9233,2.59,3.64
9234,2.59,3.64
9235,2.59,3.64
9236,2.59,3.64
9237,2.59,3.64
9238,2.59,3.64
9239,2.59,3.64
9240,2.59,3.64
9242,2.59,3.64
9243,2.59,3.64
9244,2.59,3.64
9245,2.59,3.64
9246,2.59,3.64
9247,2.59,3.64
9248,2.59,3.64
9249,2.59,3.63
9250,2.59,3.63
9252,2.59,3.63
9253,2.59,3.63
9254,2.59,3.63
9255,2.59,3.63
9256,2.59,3.63
9257,2.59,3.63
9259,2.59,3.63
9260,2.59,3.63
9261,2.59,3.63
9263,2.59,3.63
9264,2.59,3.63
9265,2.59,3.63
9266,2.59,3.63
9267,2.58,3.63
9268,2.58,3.63
9269,2.58,3.62
9270,2.58,3.63
9271,2.58,3.62
9272,2.58,3.62
9274,2.58,3.62
9275,2.58,3.62
9276,2.58,3.62
9277,2.58,3.62
9278,2.58,3.62
9279,2.58,3.62
9280,2.58,3.62
9281,2.58,3.62
9282,2.58,3.62
9284,2.58,3.62
9285,2.58,3.62
9286,2.58,3.61
9287,2.58,3.61
9288,2.58,3.61
9289,2.58,3.61
9290,2.57,3.61
9291,2.57,3.61
9292,2.57,3.61
9294,2.57,3.61
9295,2.57,3.61
9296,2.57,3.61
9297,2.57,3.61
9298,2.57,3.61
9299,2.57,3.60
9300,2.57,3.60
9302,2.57,3.60
9303,2.57,3.60
9305,2.57,3.60
9306,2.56,3.60
9307,2.56,3.60
9308,2.56,3.60
9309,2.56,3.60
9310,2.56,3.60
9311,2.56,3.60
9312,2.56,3.60
9313,2.56,3.60
9314,2.56,3.60
9316,2.56,3.60
9317,2.56,3.60
9318,2.56,3.60
9319,2.56,3.60
9320,2.56,3.60
9321,2.56,3.60
9322,2.56,3.60
9323,2.56,3.60
9324,2.56,3.60
9325,2.56,3.60
9327,2.56,3.60
9328,2.56,3.60
9329,2.56,3.60
9330,2.56,3.60
9331,2.56,3.60
9332,2.56,3.60
9333,2.56,3.60
9334,2.56,3.60
9335,2.56,3.60
9337,2.56,3.60
9338,2.56,3.60
9339,2.56,3.60
9340,2.56,3.60
9341,2.56,3.60
9342,2.56,3.60
9344,2.56,3.60
9345,2.56,3.60
9346,2.56,3.60
9348,2.56,3.60
9349,2.56,3.60
9350,2.56,3.60
9351,2.56,3.60
9352,2.56,3.60
9353,2.56,3.60
9354,2.56,3.60
9355,2.56,3.60
9356,2.56,3.60
9357,2.56,3.60
9359,2.56,3.60
9360,2.56,3.60
9361,2.56,3.61
9362,2.56,3.61
9363,2.56,3.61
9364,2.56,3.61
9365,2.56,3.61
9366,2.56,3.61
9367,2.56,3.61
9368,2.57,3.61
9370,2.57,3.61
9371,2.57,3.61
9372,2.57,3.61
9373,2.57,3.61
9374,2.57,3.61
9375,2.57,3.61
9376,2.57,3.61
9377,2.57,3.61
9378,2.57,3.61
9380,2.57,3.61
9381,2.57,3.61
9382,2.57,3.61
9383,2.57,3.61
9384,2.57,3.61
9385,2.57,3.61
9387,2.57,3.61
9388,2.57,3.61
9389,2.57,3.61
9391,2.57,3.61
9392,2.57,3.61
9393,2.57,3.61
9394,2.57,3.61
9395,2.57,3.61
9396,2.57,3.61
9397,2.57,3.61
9398,2.57,3.61
9399,2.57,3.61
9401,2.57,3.61
9402,2.57,3.61
9403,2.56,3.61
9404,2.57,3.61
9405,2.57,3.61
9406,2.57,3.61
9407,2.57,3.61
9408,2.57,3.62
9409,2.57,3.61
9411,2.56,3.62
9412,2.57,3.61
9413,2.56,3.62
9414,2.56,3.62
9415,2.57,3.62
9416,2.57,3.62
9417,2.57,3.62
9418,2.57,3.62
9419,2.56,3.62
9421,2.57,3.62
9422,2.57,3.62
9423,2.57,3.62
9424,2.56,3.62
9425,2.57,3.62
9426,2.56,3.62
9427,2.56,3.62
9428,2.56,3.62
9430,2.56,3.62
9431,2.56,3.62
9433,2.56,3.62
9434,2.56,3.62
9435,2.56,3.62
9436,2.56,3.62
9437,2.56,3.62
9438,2.56,3.62
9439,2.56,3.62
9440,2.56,3.62
9441,2.56,3.62
9443,2.56,3.62
9444,2.56,3.62
9445,2.56,3.62
9446,2.56,3.62
9447,2.56,3.62
9448,2.56,3.62
9449,2.56,3.62
9450,2.56,3.62
9451,2.57,3.62
9453,2.56,3.62
9454,2.56,3.62
9455,2.56,3.62
9456,2.56,3.62
9457,2.56,3.62
9458,2.56,3.62
9459,2.56,3.62
9460,2.56,3.62
9461,2.57,3.62
9463,2.56,3.62
9464,2.56,3.62
9465,2.56,3.62
9466,2.56,3.62
9467,2.56,3.62
9468,2.56,3.62
9469,2.56,3.62
9470,2.56,3.62
9472,2.57,3.62
9474,2.56,3.62
9475,2.56,3.62
9476,2.56,3.62
9477,2.56,3.62
9478,2.56,3.62
9479,2.56,3.62
9480,2.57,3.62
9481,2.57,3.62
9482,2.57,3.62
9483,2.57,3.62
9485,2.56,3.62
9486,2.57,3.62
9487,2.57,3.62
9488,2.57,3.63
9489,2.57,3.63
9490,2.57,3.63
9491,2.57,3.63
9492,2.57,3.63
9493,2.57,3.63
9495,2.57,3.63
9496,2.57,3.63
9497,2.57,3.63
9498,2.57,3.63
9499,2.57,3.63
9500,2.57,3.63
9501,2.57,3.63
9502,2.57,3.63
9503,2.57,3.63
9505,2.57,3.63
9506,2.57,3.64
9507,2.57,3.64
9508,2.57,3.64
9509,2.57,3.64
9510,2.57,3.64
9511,2.57,3.64
9512,2.57,3.64
9513,2.57,3.64
9516,2.57,3.64
9517,2.57,3.64
9518,2.57,3.64
9519,2.57,3.64
9520,2.57,3.65
9521,2.57,3.65
9522,2.57,3.65
9523,2.57,3.65
9524,2.57,3.65
9526,2.57,3.65
9527,2.57,3.65
9528,2.57,3.65
9529,2.57,3.65
9530,2.57,3.65
9531,2.57,3.65
9532,2.57,3.66
9533,2.58,3.66
9534,2.58,3.66
9535,2.57,3.66
9537,2.57,3.66
9538,2.57,3.66
9539,2.58,3.66
9540,2.58,3.66
9541,2.58,3.66
9542,2.58,3.66
9543,2.58,3.66
9544,2.58,3.67
9545,2.58,3.67
9547,2.58,3.67
9548,2.58,3.67
9549,2.58,3.67
9550,2.58,3.67
9551,2.58,3.67
9552,2.58,3.67
9553,2.58,3.68
9554,2.58,3.68
9555,2.58,3.68
9558,2.58,3.68
9559,2.58,3.68
9560,2.58,3.68
9561,2.58,3.68
9562,2.58,3.69
9563,2.58,3.69
9564,2.58,3.69
9565,2.58,3.69
9566,2.58,3.69
9568,2.58,3.70
9569,2.58,3.70
9570,2.58,3.70
9571,2.58,3.70
9572,2.58,3.70
9573,2.58,3.70
9574,2.58,3.70
9575,2.58,3.71
9576,2.58,3.71
9578,2.58,3.71
9579,2.58,3.72
9580,2.58,3.72
9581,2.58,3.72
9582,2.58,3.73
9583,2.58,3.73
9584,2.59,3.74
9585,2.59,3.74
9586,2.59,3.75
9588,2.59,3.76
9589,2.59,3.76
9590,2.59,3.77
9591,2.59,3.79
9592,2.59,3.80
9593,2.59,3.82
9594,2.60,3.85
9595,2.60,3.87
9596,2.60,3.89
9597,2.61,3.91
9600,2.61,3.93
9601,2.61,3.96
9602,2.62,3.99
9603,2.62,4.01
9604,2.63,4.04
9605,2.64,4.06
9606,2.64,4.09
9607,2.65,4.11
9608,2.66,4.13
9610,2.67,4.15
9611,2.67,4.18
9612,2.68,4.20
9613,2.69,4.23
9614,2.70,4.25
9615,2.71,4.27
9616,2.72,4.30
9617,2.72,4.32
9618,2.73,4.34
9619,2.74,4.36
9621,2.75,4.38
9622,2.75,4.40
9623,2.76,4.41
9624,2.77,4.44
9625,2.77,4.45
9626,2.78,4.47
9627,2.78,4.48
9628,2.78,4.50
9629,2.79,4.52
9631,2.79,4.53
9632,2.80,4.55
9633,2.80,4.56
9634,2.80,4.57
9635,2.80,4.58
9636,2.80,4.59
9637,2.80,4.61
9638,2.80,4.62
9639,2.80,4.63
9640,2.80,4.64
9643,2.80,4.65
9644,2.80,4.66
9645,2.80,4.66
9646,2.80,4.67
9647,2.80,4.68
9648,2.79,4.69
9649,2.79,4.70
9650,2.79,4.70
9651,2.79,4.71
9653,2.78,4.72
9654,2.78,4.72
9655,2.77,4.73
9656,2.77,4.74
9657,2.77,4.74
9658,2.76,4.75
9659,2.76,4.75
9660,2.76,4.76
9661,2.75,4.76
9662,2.75,4.77
9664,2.74,4.77
9665,2.74,4.77
9666,2.73,4.78
9667,2.73,4.78
9668,2.73,4.78
9669,2.72,4.79
9670,2.72,4.79
9671,2.71,4.79
9672,2.71,4.80
9674,2.71,4.80
9675,2.70,4.80
9676,2.70,4.80
9677,2.69,4.81
9678,2.69,4.80
9679,2.69,4.81
9680,2.68,4.81
9681,2.68,4.82
9682,2.68,4.82
9684,2.67,4.82
9686,2.67,4.82
9687,2.67,4.82
9688,2.66,4.82
9689,2.66,4.83
9690,2.66,4.83
9691,2.65,4.83
9692,2.65,4.83
9693,2.65,4.83
9695,2.65,4.84
9696,2.64,4.84
9697,2.64,4.84
9698,2.64,4.84
9699,2.63,4.84
9700,2.63,4.84
9701,2.63,4.85
9702,2.63,4.85
9703,2.63,4.84
9704,2.62,4.85
9706,2.62,4.85
9707,2.62,4.85
9708,2.62,4.85
9709,2.62,4.85
9710,2.62,4.85
9711,2.61,4.85
9712,2.61,4.85
9713,2.61,4.86
9714,2.61,4.86
9716,2.61,4.86
9717,2.61,4.86
9718,2.61,4.86
9719,2.61,4.86
9720,2.61,4.86
9721,2.61,4.86
9722,2.61,4.86
9723,2.60,4.86
9724,2.60,4.87
9726,2.60,4.86
9728,2.60,4.86
9729,2.60,4.86
9730,2.60,4.87
9731,2.60,4.87
9732,2.60,4.87
9733,2.60,4.87
9734,2.60,4.87
9735,2.60,4.87
9736,2.60,4.87
9738,2.60,4.86
9739,2.59,4.87
9740,2.59,4.87
9741,2.59,4.87
9742,2.59,4.87
9743,2.59,4.87
9744,2.59,4.87
9745,2.59,4.87
9746,2.59,4.87
9748,2.59,4.87
9749,2.59,4.87
9750,2.59,4.87
9751,2.59,4.87
9752,2.59,4.87
9753,2.59,4.87
9754,2.59,4.87
9755,2.59,4.87
9756,2.59,4.87
9758,2.59,4.87
9759,2.58,4.87
9760,2.58,4.87
9761,2.58,4.87
9762,2.58,4.87
9763,2.58,4.87
9764,2.58,4.87
9765,2.58,4.87
9766,2.58,4.87
9767,2.58,4.87
9769,2.58,4.87
9771,2.58,4.87
9772,2.58,4.88
9773,2.58,4.87
9774,2.58,4.88
9775,2.58,4.88
9776,2.58,4.88
9777,2.58,4.88
9778,2.58,4.88
9780,2.58,4.87
9781,2.58,4.88
9782,2.58,4.88
9783,2.58,4.88
9784,2.58,4.88
9785,2.58,4.88
9786,2.58,4.88
9787,2.58,4.88
9788,2.58,4.88
9790,2.58,4.88
9791,2.58,4.88
9792,2.58,4.88
9793,2.58,4.88
9794,2.58,4.88
9795,2.58,4.87
9796,2.58,4.88
9797,2.58,4.88
9798,2.58,4.88
9800,2.58,4.88
9801,2.58,4.88
9802,2.58,4.88
9803,2.58,4.88
9804,2.58,4.87
9805,2.58,4.88
9806,2.58,4.88
9807,2.58,4.88
9808,2.58,4.88
9810,2.58,4.88
9811,2.58,4.88
9812,2.58,4.88
9814,2.58,4.88
9815,2.58,4.88
9816,2.58,4.88
9817,2.58,4.88
9818,2.58,4.88
9819,2.58,4.88
9820,2.58,4.88
9822,2.58,4.88
9823,2.58,4.88
9824,2.58,4.88
9825,2.58,4.88
9826,2.58,4.88
9827,2.58,4.88
9828,2.58,4.88
9829,2.58,4.87
9830,2.58,4.88
9832,2.58,4.88
9833,2.58,4.88
9834,2.58,4.88
9835,2.58,4.88
9836,2.58,4.88
9837,2.58,4.88
9838,2.58,4.87
9839,2.58,4.88
9840,2.58,4.87
9842,2.58,4.87
9843,2.58,4.87
9844,2.57,4.87
9845,2.58,4.87
9846,2.57,4.86
9847,2.57,4.86
9848,2.57,4.86
9849,2.57,4.86
9850,2.57,4.85
9852,2.57,4.85
9853,2.57,4.84
9854,2.57,4.84
9856,2.57,4.84
9857,2.57,4.83
9858,2.57,4.82
9859,2.57,4.82
9860,2.56,4.81
9861,2.56,4.80
9862,2.56,4.80
9864,2.56,4.79
9865,2.56,4.78
9866,2.56,4.78
9867,2.55,4.77
9868,2.55,4.76
9869,2.55,4.75
9870,2.55,4.75
9871,2.54,4.74
9872,2.54,4.74
9874,2.54,4.73
9875,2.54,4.73
9876,2.53,4.72
9877,2.53,4.71
9878,2.53,4.71
9879,2.53,4.70
9880,2.52,4.70
9881,2.52,4.69
9882,2.52,4.69
9884,2.52,4.68
9885,2.52,4.68
9886,2.52,4.67
9887,2.51,4.67
9888,2.51,4.66
9889,2.51,4.65
9890,2.51,4.64
9891,2.51,4.64
9892,2.51,4.64
9893,2.51,4.64
9895,2.51,4.64
9896,2.51,4.65
9897,2.50,4.66
9899,2.51,4.67
9900,2.51,4.68
9901,2.51,4.69
9902,2.51,4.70
9903,2.51,4.71
9904,2.51,4.71
9906,2.52,4.72
9907,2.52,4.73
9908,2.52,4.74
9909,2.53,4.74
9910,2.53,4.75
9911,2.54,4.76
9912,2.54,4.76
9913,2.55,4.77
9914,2.55,4.77
9916,2.56,4.78
9917,2.56,4.78
9918,2.57,4.78
9919,2.57,4.79
9920,2.58,4.79
9921,2.58,4.79
9922,2.59,4.80
9923,2.59,4.80
9924,2.59,4.80
9926,2.60,4.81
9927,2.60,4.81
9928,2.60,4.81
9929,2.61,4.82
9930,2.61,4.82
9931,2.61,4.82
9932,2.61,4.82
9933,2.61,4.83
9934,2.61,4.83
9935,2.61,4.83
9937,2.61,4.83
9938,2.61,4.83
9939,2.61,4.84
9940,2.61,4.84
9942,2.61,4.84
9943,2.61,4.84
9944,2.61,4.84
9945,2.61,4.84
9946,2.61,4.85
9948,2.61,4.85
9949,2.61,4.85
9950,2.61,4.85
9951,2.61,4.85
9952,2.61,4.85
9953,2.61,4.85
9954,2.61,4.86
9955,2.61,4.85
9956,2.61,4.86
9958,2.61,4.86
9959,2.61,4.86
9960,2.61,4.86
9961,2.61,4.86
9962,2.61,4.86
9963,2.61,4.86
9964,2.61,4.86
9965,2.60,4.86
9966,2.60,4.87
9967,2.60,4.87
9969,2.60,4.87
9970,2.60,4.87
9971,2.60,4.87
9972,2.60,4.87
9973,2.60,4.87
9974,2.60,4.87
9975,2.59,4.87
9976,2.59,4.87
9977,2.59,4.87
9979,2.59,4.87
9980,2.59,4.87
9981,2.59,4.87
9982,2.59,4.87
9984,2.59,4.87
9985,2.59,4.87
9986,2.59,4.87
9987,2.59,4.87
9988,2.59,4.87
9990,2.59,4.87
9991,2.59,4.87
9992,2.58,4.87
9993,2.58,4.87
9994,2.58,4.88
9995,2.58,4.88
9996,2.58,4.87
9997,2.58,4.88
9998,2.58,4.88
10000,2.58,4.88
10001,2.58,4.88
10002,2.58,4.88
10003,2.58,4.88
10004,2.58,4.88
10005,2.58,4.88
10006,2.58,4.88
10008,2.58,4.88
10009,2.58,4.88
10010,2.58,4.88
10011,2.58,4.88
10012,2.58,4.88
10013,2.58,4.88
10014,2.58,4.88
10016,2.57,4.88
10017,2.57,4.88
10018,2.57,4.88
10019,2.57,4.88
10020,2.57,4.88
10021,2.57,4.88
10022,2.57,4.88
10024,2.57,4.88
10025,2.57,4.88
10027,2.57,4.88
10028,2.57,4.88
10029,2.57,4.88
10030,2.57,4.88
10031,2.57,4.88
10033,2.57,4.88
10034,2.57,4.88
10035,2.57,4.88
10036,2.57,4.88
10037,2.57,4.88
10038,2.57,4.88
10040,2.57,4.88
10041,2.57,4.88
10042,2.57,4.88
10043,2.57,4.88
10044,2.57,4.88
10045,2.57,4.88
10046,2.57,4.88
10048,2.57,4.88
10049,2.57,4.88
10050,2.57,4.88
10051,2.57,4.88
10052,2.57,4.88
10053,2.57,4.88
10054,2.57,4.88
10056,2.57,4.88
10057,2.57,4.88
10058,2.57,4.88
10059,2.57,4.88
10060,2.57,4.88
10061,2.57,4.88
10062,2.57,4.88
10064,2.57,4.88
10065,2.57,4.88
10066,2.57,4.88
10067,2.57,4.88
10068,2.57,4.88
10070,2.57,4.88
10072,2.57,4.88
10073,2.57,4.88
10074,2.57,4.88
10075,2.57,4.88
10076,2.57,4.88
10077,2.57,4.88
10078,2.57,4.88
10080,2.57,4.88
10081,2.57,4.88
10082,2.57,4.88
10083,2.57,4.88
10084,2.57,4.88
10085,2.57,4.88
10086,2.57,4.88
10088,2.57,4.88
10089,2.57,4.88
10090,2.57,4.88
10091,2.57,4.88
10092,2.57,4.88
10093,2.57,4.88
10095,2.57,4.88
10096,2.57,4.88
10097,2.57,4.88
10098,2.57,4.88
10099,2.57,4.88
10100,2.57,4.88
10101,2.57,4.88
10103,2.57,4.88
10104,2.57,4.88
10105,2.57,4.88
10106,2.57,4.88
10107,2.57,4.88
10108,2.57,4.88
10109,2.57,4.88
10112,2.57,4.88
10113,2.57,4.88
10114,2.57,4.88
10115,2.57,4.88
10116,2.57,4.88
10117,2.57,4.88
10118,2.57,4.88
10120,2.57,4.88
10121,2.57,4.88
10122,2.57,4.88
10123,2.57,4.88
10124,2.57,4.88
10125,2.57,4.88
10127,2.57,4.88
10128,2.57,4.88
10129,2.57,4.88
10130,2.57,4.88
10131,2.57,4.88
10132,2.57,4.88
10133,2.57,4.88
10135,2.57,4.88
10136,2.57,4.88
10137,2.57,4.88
10138,2.57,4.88
10139,2.57,4.88
10140,2.57,4.88
10141,2.57,4.88
10143,2.57,4.88
10144,2.57,4.88
10145,2.57,4.88
10146,2.57,4.88
10147,2.57,4.88
10148,2.57,4.88
10149,2.57,4.88
10151,2.57,4.88
10152,2.57,4.88
10153,2.57,4.88
10155,2.57,4.88
10156,2.57,4.88
10157,2.57,4.88
10159,2.57,4.88
10160,2.57,4.88
10161,2.57,4.88
10162,2.57,4.88
10163,2.57,4.88
10164,2.57,4.88
10165,2.57,4.88
10167,2.57,4.88
10168,2.57,4.88
10169,2.57,4.88
10170,2.57,4.88
10171,2.57,4.88
10172,2.57,4.88
10173,2.57,4.88
10175,2.57,4.88
10176,2.57,4.88
10177,2.57,4.88
10178,2.57,4.88
10179,2.57,4.88
10180,2.57,4.88
10181,2.57,4.88
10183,2.57,4.88
10184,2.57,4.88
10185,2.57,4.88
10186,2.57,4.88
10187,2.57,4.88
10188,2.57,4.88
10190,2.57,4.88
10191,2.57,4.88
10192,2.57,4.88
10193,2.57,4.88
10194,2.57,4.88
10195,2.57,4.88
10196,2.57,4.88
10199,2.57,4.88
10200,2.57,4.88
10201,2.57,4.88
10202,2.57,4.88
10203,2.57,4.88
10204,2.57,4.88
10205,2.57,4.88
10207,2.57,4.88
10208,2.57,4.88
10209,2.57,4.88
10210,2.57,4.88
10211,2.57,4.88
10212,2.57,4.88
10213,2.57,4.88
10215,2.57,4.88
10216,2.57,4.88
10217,2.57,4.88
10218,2.57,4.88
10219,2.57,4.88
10220,2.57,4.88
10222,2.57,4.88
10223,2.57,4.88
10224,2.57,4.88
10225,2.57,4.88
10226,2.57,4.88
10227,2.57,4.88
10228,2.57,4.88
10230,2.57,4.88
10231,2.57,4.88
10232,2.57,4.88
10233,2.57,4.88
10234,2.57,4.88
10235,2.57,4.88
10236,2.57,4.88
10238,2.57,4.88
10240,2.57,4.88
10241,2.57,4.88
10242,2.57,4.88
10243,2.57,4.88
10244,2.57,4.88
10246,2.57,4.88
10247,2.57,4.88
10248,2.57,4.88
10249,2.57,4.88
10250,2.57,4.88
10251,2.57,4.88
10252,2.57,4.88
10254,2.57,4.88
10255,2.57,4.88
10256,2.57,4.88
10257,2.57,4.88
10258,2.57,4.88
10259,2.57,4.88
10260,2.57,4.88
10262,2.57,4.88
10263,2.57,4.88
10264,2.57,4.88
10265,2.57,4.88
10266,2.57,4.88
10267,2.57,4.88
10268,2.57,4.88
10270,2.57,4.88
10271,2.57,4.88
10272,2.57,4.88
10273,2.57,4.88
10274,2.57,4.88
10275,2.57,4.88
10276,2.57,4.88
10278,2.57,4.88
10279,2.57,4.88
10280,2.57,4.88
10281,2.57,4.88
10283,2.57,4.88
10284,2.57,4.88
10286,2.57,4.88
10287,2.57,4.88
10288,2.57,4.88
10289,2.57,4.88
10290,2.57,4.88
10291,2.57,4.88
10292,2.57,4.88
10294,2.57,4.88
10295,2.57,4.88
10296,2.57,4.88
10297,2.57,4.88
10298,2.57,4.88
10299,2.57,4.88
10300,2.57,4.88
10302,2.57,4.88
10303,2.57,4.88
10304,2.57,4.88
10305,2.56,4.88
10306,2.56,4.88
10307,2.56,4.88
10308,2.57,4.88
10310,2.57,4.88
10311,2.57,4.88
10312,2.56,4.88
10313,2.57,4.88
10314,2.57,4.88
10315,2.56,4.88
10317,2.56,4.88
10318,2.56,4.88
10319,2.56,4.88
10320,2.56,4.88
10321,2.56,4.88
10322,2.56,4.88
10323,2.56,4.88
10326,2.56,4.88
10327,2.56,4.88
10328,2.56,4.88
10329,2.56,4.88
10330,2.56,4.88
10331,2.56,4.88
10332,2.56,4.88
10334,2.56,4.88
10335,2.56,4.88
10336,2.56,4.88
10337,2.56,4.88
10338,2.56,4.88
10339,2.56,4.88
10340,2.56,4.88
10342,2.56,4.88
10343,2.56,4.88
10344,2.56,4.88
10345,2.56,4.88
10346,2.56,4.88
10347,2.56,4.88
10349,2.56,4.88
10350,2.56,4.88
10351,2.56,4.88
10352,2.56,4.88
10353,2.56,4.88
10354,2.56,4.88
10355,2.56,4.88
10357,2.56,4.88
10358,2.56,4.88
10359,2.56,4.88
10360,2.56,4.88
10361,2.56,4.88
10362,2.56,4.88
10363,2.56,4.88
10365,2.56,4.88
10366,2.56,4.88
10368,2.56,4.88
10369,2.56,4.88
10370,2.56,4.88
10371,2.56,4.88
10372,2.56,4.88
10374,2.56,4.88
10375,2.56,4.88
10376,2.56,4.88
10377,2.56,4.88
10378,2.56,4.88
10379,2.56,4.88
10381,2.56,4.88
10382,2.56,4.88
10383,2.56,4.88
10384,2.56,4.88
10385,2.56,4.88
10386,2.56,4.88
10387,2.56,4.88
10389,2.56,4.88
10390,2.56,4.88
10391,2.56,4.88
10392,2.56,4.88
10393,2.56,4.88
10394,2.56,4.88
10395,2.56,4.88
10397,2.56,4.88
10398,2.56,4.88
10399,2.56,4.88
10400,2.56,4.88
10401,2.56,4.88
10402,2.56,4.88
10403,2.56,4.88
10405,2.56,4.88
10406,2.56,4.88
10407,2.56,4.88
10408,2.56,4.88
10409,2.56,4.88
10411,2.56,4.88
10412,2.56,4.88
10414,2.56,4.88
10415,2.56,4.88
10416,2.56,4.88
10417,2.56,4.88
10418,2.56,4.88
10419,2.56,4.88
10421,2.56,4.88
10422,2.56,4.88
10423,2.56,4.88
10424,2.56,4.88
10425,2.56,4.88
10426,2.56,4.88
10427,2.56,4.88
10429,2.56,4.88
10430,2.56,4.88
10431,2.56,4.88
10432,2.56,4.88
10433,2.56,4.88
10434,2.56,4.88
10435,2.56,4.88
10437,2.56,4.88
10438,2.56,4.88
10439,2.56,4.88
10440,2.56,4.88
10441,2.56,4.88
10442,2.56,4.88
10443,2.56,4.88
10445,2.56,4.88
10446,2.56,4.88
10447,2.56,4.88
10448,2.56,4.88
10449,2.56,4.88
10450,2.56,4.88
10452,2.56,4.88
10454,2.56,4.88
10455,2.56,4.88
10456,2.56,4.88
10457,2.56,4.88
10458,2.56,4.88
10459,2.56,4.88
10461,2.56,4.88
10462,2.56,4.88
10463,2.56,4.87
10464,2.56,4.86
10465,2.56,4.84
10466,2.56,4.80
10467,2.55,4.77
10469,2.55,4.73
10470,2.55,4.68
10471,2.54,4.64
10472,2.54,4.59
10473,2.53,4.55
10474,2.52,4.51
10475,2.52,4.46
10477,2.50,4.42
10478,2.49,4.38
10479,2.48,4.34
10480,2.47,4.30
10481,2.46,4.27
10482,2.45,4.23
10484,2.43,4.19
10485,2.42,4.15
10486,2.41,4.12
10487,2.39,4.09
10488,2.39,4.05
10489,2.37,4.02
10490,2.36,3.99
10492,2.35,3.96
10493,2.34,3.93
10494,2.33,3.91
10496,2.32,3.88
10497,2.31,3.85
10498,2.30,3.83
10499,2.29,3.80
10501,2.28,3.78
10502,2.27,3.76
10503,2.26,3.74
10504,2.26,3.72
10505,2.25,3.70
10506,2.25,3.68
10508,2.24,3.66
10509,2.24,3.65
10510,2.23,3.63
10511,2.23,3.62
10512,2.23,3.60
10513,2.23,3.59
10514,2.23,3.58
10516,2.23,3.56
10517,2.23,3.55
10518,2.23,3.54
10519,2.23,3.53
10520,2.23,3.52
10521,2.24,3.52
10522,2.24,3.51
10524,2.25,3.50
10525,2.25,3.50
10526,2.26,3.49
10527,2.26,3.49
10528,2.27,3.48
10529,2.27,3.48
10531,2.28,3.48
10532,2.29,3.48
10533,2.30,3.48
10534,2.30,3.48
10535,2.31,3.48
10536,2.32,3.47
10537,2.33,3.47
10540,2.34,3.47
10541,2.34,3.48
10542,2.35,3.48
10543,2.36,3.48
10544,2.37,3.48
10545,2.38,3.48
10547,2.39,3.48
10548,2.39,3.48
10549,2.40,3.48
10550,2.40,3.48
10551,2.41,3.48
10552,2.42,3.48
10553,2.43,3.48
10555,2.43,3.49
10556,2.44,3.49
10557,2.45,3.49
10558,2.46,3.49
10559,2.46,3.50
10560,2.47,3.50
10561,2.47,3.50
10563,2.48,3.50
10564,2.49,3.50
10565,2.49,3.51
10566,2.50,3.51
10567,2.50,3.51
10568,2.50,3.51
10569,2.51,3.51
10571,2.51,3.51
10572,2.52,3.52
10573,2.52,3.52
10574,2.53,3.52
10575,2.53,3.52
10576,2.53,3.52
10578,2.53,3.52
10579,2.54,3.53
10580,2.54,3.53
10582,2.54,3.53
10583,2.54,3.53
10584,2.54,3.53
10585,2.55,3.53
10587,2.55,3.53
10588,2.55,3.54
10589,2.55,3.54
10590,2.55,3.54
10591,2.55,3.54
10592,2.56,3.54
10593,2.56,3.54
10595,2.56,3.54
10596,2.56,3.54
10597,2.56,3.54
10598,2.56,3.54
10599,2.56,3.54
10600,2.56,3.54
10602,2.56,3.54
10603,2.56,3.55
10604,2.56,3.55
10605,2.56,3.55
10606,2.56,3.55
10607,2.56,3.55
10608,2.56,3.55
10610,2.56,3.55
10611,2.56,3.55
10612,2.56,3.55
10613,2.56,3.55
10614,2.56,3.55
10615,2.56,3.55
10617,2.56,3.55
10618,2.56,3.55
10619,2.56,3.55
10620,2.56,3.55
10621,2.56,3.55
10622,2.56,3.55
10624,2.56,3.55
10626,2.56,3.55
10627,2.56,3.55
10628,2.56,3.55
10629,2.56,3.55
10630,2.56,3.55
10631,2.56,3.55
10632,2.56,3.55
10634,2.56,3.55
10635,2.56,3.55
10636,2.56,3.55
10637,2.55,3.55
10638,2.55,3.55
10639,2.55,3.55
10640,2.55,3.55
10642,2.55,3.55
10643,2.55,3.55
10644,2.55,3.55
10645,2.55,3.55
10646,2.55,3.55
10647,2.55,3.55
10649,2.55,3.55
10650,2.55,3.55
10651,2.55,3.55
10652,2.55,3.55
10653,2.55,3.55
10654,2.55,3.55
10655,2.55,3.55
10657,2.55,3.55
10658,2.55,3.55
10659,2.55,3.55
10660,2.55,3.55
10661,2.55,3.55
10662,2.55,3.55
10663,2.55,3.55
10665,2.55,3.55
10667,2.55,3.55
10668,2.55,3.55
10669,2.55,3.55
10670,2.55,3.55
10671,2.55,3.55
10672,2.55,3.55
10674,2.55,3.55
10675,2.55,3.55
10676,2.55,3.55
10677,2.55,3.55
10678,2.55,3.55
10679,2.55,3.55
10681,2.55,3.55
10682,2.55,3.55
10683,2.55,3.55
10684,2.55,3.55
10685,2.55,3.55
10686,2.55,3.55
10687,2.55,3.55
10689,2.55,3.55
10690,2.55,3.55
10691,2.55,3.55
10692,2.55,3.55
10693,2.55,3.55
10694,2.55,3.55
10695,2.55,3.55
10697,2.55,3.55
10698,2.55,3.55
10699,2.55,3.55
10700,2.55,3.55
10701,2.55,3.55
10702,2.55,3.54
10703,2.55,3.55
10705,2.55,3.54
10706,2.55,3.55
10707,2.55,3.55
10708,2.55,3.55
10710,2.55,3.55
10711,2.55,3.55
10713,2.55,3.55
10714,2.55,3.55
10715,2.55,3.55
10716,2.55,3.55
10717,2.55,3.55
10718,2.55,3.55
10720,2.55,3.55
10721,2.55,3.55
10722,2.55,3.55
10723,2.55,3.55
10724,2.55,3.55
10725,2.55,3.55
10726,2.55,3.55
10728,2.55,3.55
10729,2.55,3.55
10730,2.55,3.55
10731,2.55,3.55
10732,2.55,3.55
10733,2.55,3.55
10734,2.55,3.55
10736,2.55,3.55
10737,2.55,3.55
10738,2.55,3.55
10739,2.55,3.55
10740,2.55,3.55
10741,2.55,3.55
10742,2.55,3.55
10744,2.55,3.55
10745,2.55,3.55
10746,2.55,3.55
10747,2.55,3.55
10748,2.55,3.55
10749,2.55,3.55
10752,2.55,3.55
10753,2.55,3.55
10754,2.55,3.55
10755,2.55,3.55
10756,2.55,3.55
10757,2.55,3.56
10758,2.55,3.56
10760,2.55,3.56
10761,2.55,3.56
10762,2.55,3.56
10763,2.55,3.56
10764,2.55,3.56
10765,2.55,3.56
10766,2.55,3.56
10768,2.55,3.56
10769,2.55,3.56
10770,2.55,3.56
10771,2.55,3.56
10772,2.55,3.56
10773,2.55,3.56
10774,2.55,3.56
10776,2.56,3.56
10777,2.55,3.56
10778,2.55,3.56
10779,2.55,3.56
10780,2.55,3.56
10781,2.55,3.56
10783,2.55,3.56
10784,2.55,3.56
10785,2.55,3.56
10786,2.55,3.56
10787,2.55,3.56
10788,2.56,3.56
10789,2.55,3.56
10791,2.55,3.56
10792,2.55,3.56
10793,2.55,3.56
10795,2.55,3.56
10796,2.55,3.56
10797,2.55,3.56
10798,2.55,3.56
10800,2.55,3.56
10801,2.55,3.56
10802,2.55,3.56
10803,2.55,3.56
10804,2.55,3.56
10805,2.56,3.56
10807,2.55,3.56
10808,2.55,3.56
10809,2.55,3.56
10810,2.55,3.56
10811,2.55,3.56
10812,2.55,3.56
10813,2.55,3.56
10815,2.55,3.56
10816,2.55,3.56
10817,2.55,3.56
10818,2.55,3.56
10819,2.55,3.56
10820,2.55,3.56
10821,2.55,3.56
10823,2.55,3.56
10824,2.55,3.56
10825,2.55,3.56
10826,2.55,3.56
10827,2.55,3.56
10828,2.55,3.56
10829,2.55,3.56
10831,2.55,3.56
10832,2.55,3.56
10833,2.55,3.56
10834,2.55,3.56
10835,2.55,3.56
10836,2.55,3.56
10839,2.56,3.56
10840,2.55,3.56
10841,2.55,3.56
10842,2.55,3.56
10843,2.55,3.56
10844,2.56,3.56
10845,2.55,3.56
10847,2.56,3.56
10848,2.55,3.56
10849,2.56,3.56
10850,2.56,3.56
10851,2.56,3.56
10852,2.56,3.56
10854,2.56,3.56
10855,2.56,3.56
10856,2.56,3.56
10857,2.56,3.56
10858,2.56,3.56
10859,2.56,3.56
10860,2.56,3.56
10862,2.56,3.56
10863,2.56,3.56
10864,2.56,3.56
10865,2.56,3.56
10866,2.56,3.56
10867,2.56,3.56
10869,2.56,3.56
10870,2.56,3.56
10871,2.56,3.56
10872,2.56,3.56
10873,2.56,3.56
10874,2.56,3.56
10875,2.56,3.56
10877,2.56,3.56
10878,2.56,3.56
10880,2.56,3.56
10881,2.56,3.56
10882,2.56,3.56
10883,2.56,3.56
10885,2.56,3.56
10886,2.56,3.56
10887,2.56,3.56
10888,2.56,3.56
10889,2.56,3.56
10890,2.56,3.56
10891,2.56,3.56
10893,2.56,3.56
10894,2.56,3.56
10895,2.56,3.56
10896,2.56,3.56
10897,2.56,3.56
10898,2.56,3.56
10899,2.56,3.56
10901,2.56,3.56
10902,2.56,3.56
10903,2.57,3.56
10904,2.57,3.56
10905,2.57,3.56
10906,2.57,3.56
10907,2.57,3.56
10909,2.57,3.56
10910,2.57,3.56
10911,2.57,3.56
10912,2.57,3.56
10913,2.57,3.56
10914,2.57,3.56
10916,2.57,3.56
10917,2.57,3.56
10918,2.57,3.56
10919,2.57,3.56
10920,2.57,3.57
10921,2.57,3.56
10923,2.57,3.57
10925,2.57,3.57
10926,2.57,3.57
10927,2.57,3.57
10928,2.57,3.57
10929,2.57,3.57
10930,2.57,3.57
10931,2.57,3.57
10933,2.57,3.57
10934,2.57,3.57
10935,2.57,3.57
10936,2.57,3.57
10937,2.57,3.57
10938,2.57,3.57
10939,2.58,3.57
10941,2.58,3.57
10942,2.58,3.57
10943,2.58,3.57
10944,2.58,3.57
10945,2.58,3.57
10946,2.58,3.57
10948,2.58,3.57
10949,2.58,3.57
10950,2.58,3.57
10951,2.58,3.57
10952,2.58,3.58
10953,2.58,3.57
10954,2.58,3.58
10956,2.58,3.58
10957,2.58,3.58
10958,2.58,3.58
10959,2.58,3.58
10960,2.58,3.58
10961,2.58,3.58
10962,2.58,3.58
10964,2.58,3.58
10966,2.58,3.58
10967,2.58,3.58
10968,2.58,3.58
10969,2.58,3.58
10970,2.58,3.58
10972,2.58,3.58
10973,2.58,3.58
10974,2.58,3.58
10975,2.58,3.58
10976,2.58,3.58
10977,2.58,3.58
10978,2.58,3.58
10980,2.58,3.58
10981,2.58,3.58
10982,2.58,3.58
10983,2.58,3.58
10984,2.58,3.58
10985,2.58,3.58
10986,2.58,3.58
10988,2.58,3.58
10989,2.58,3.58
10990,2.58,3.58
10991,2.58,3.58
10992,2.58,3.58
10993,2.58,3.58
10994,2.58,3.58
10996,2.58,3.58
10997,2.58,3.58
10998,2.58,3.58
10999,2.58,3.58
11000,2.58,3.58
11001,2.58,3.58
11002,2.58,3.58
11004,2.58,3.58
11005,2.58,3.58
11006,2.58,3.58
11008,2.58,3.58
11009,2.58,3.58
11010,2.58,3.58
11012,2.58,3.58
11013,2.58,3.59
11014,2.58,3.58
11015,2.58,3.58
11016,2.58,3.58
11017,2.58,3.59
11018,2.58,3.59
11020,2.58,3.58
11021,2.58,3.59
11022,2.58,3.59
11023,2.58,3.59
11024,2.58,3.59
11025,2.58,3.59
11026,2.58,3.59
11028,2.58,3.59
11029,2.58,3.59
11030,2.58,3.59
11031,2.58,3.59
11032,2.58,3.59
11033,2.58,3.59
11034,2.58,3.59
11036,2.58,3.59
11037,2.58,3.59
11038,2.58,3.59
11039,2.58,3.59
11040,2.58,3.59
11041,2.58,3.59
11043,2.58,3.59
11044,2.58,3.59
11045,2.58,3.59
11046,2.58,3.59
11047,2.58,3.59
11048,2.58,3.59
11049,2.58,3.59
11052,2.58,3.59
11053,2.58,3.59
11054,2.58,3.59
11055,2.58,3.59
11056,2.58,3.59
11057,2.58,3.59
11058,2.58,3.59
11060,2.58,3.59
11061,2.58,3.59
11062,2.58,3.59
11063,2.58,3.59
11064,2.58,3.59
11065,2.58,3.59
11066,2.58,3.59
11068,2.58,3.59
11069,2.58,3.59
11070,2.58,3.59
11071,2.58,3.59
11072,2.58,3.59
11073,2.58,3.59
11075,2.58,3.59
11076,2.58,3.59
11077,2.58,3.59
11078,2.58,3.59
11079,2.58,3.59
11080,2.58,3.59
11081,2.58,3.59
11083,2.58,3.59
11084,2.58,3.59
11085,2.58,3.59
11086,2.58,3.59
11087,2.58,3.59
11088,2.58,3.59
11089,2.58,3.59
11091,2.58,3.59
11092,2.58,3.59
11094,2.58,3.59
11095,2.58,3.59
11096,2.58,3.59
11097,2.58,3.59
11098,2.58,3.59
11100,2.58,3.59
11101,2.58,3.59
11102,2.58,3.59
11103,2.58,3.59
11104,2.58,3.59
11105,2.58,3.59
11107,2.58,3.59
11108,2.58,3.59
11109,2.58,3.59
11110,2.58,3.59
11111,2.58,3.59
11112,2.58,3.59
11113,2.58,3.59
11115,2.58,3.59
11116,2.58,3.59
11117,2.58,3.59
11118,2.58,3.59
11119,2.58,3.59
11120,2.58,3.59
11121,2.58,3.59
11123,2.58,3.59
11124,2.58,3.59
11125,2.58,3.59
11126,2.58,3.59
11127,2.58,3.59
11128,2.58,3.59
11129,2.58,3.59
11131,2.58,3.59
11132,2.58,3.59
11133,2.58,3.59
11134,2.58,3.59
11136,2.58,3.59
11137,2.58,3.59
11139,2.58,3.59
11140,2.58,3.59
11141,2.58,3.59
11142,2.58,3.59
11143,2.58,3.59
11144,2.58,3.59
11145,2.58,3.59
11147,2.58,3.59
11148,2.58,3.59
11149,2.58,3.59
11150,2.58,3.59
11151,2.58,3.59
11152,2.58,3.59
11153,2.58,3.59
11155,2.58,3.59
11156,2.58,3.59
11157,2.58,3.59
11158,2.58,3.59
11159,2.58,3.59
11160,2.58,3.59
11161,2.58,3.59
11163,2.58,3.59
11164,2.58,3.59
11165,2.58,3.59
11166,2.58,3.59
11167,2.58,3.59
11168,2.58,3.59
11170,2.58,3.59
11171,2.58,3.59
11172,2.58,3.59
11173,2.58,3.59
11174,2.58,3.59
11175,2.58,3.59
11176,2.58,3.59
11179,2.58,3.59
11180,2.58,3.59
11181,2.58,3.59
11182,2.58,3.59
11183,2.58,3.59
11184,2.58,3.59
11185,2.58,3.59
11187,2.58,3.59
11188,2.58,3.59
11189,2.58,3.59
11190,2.58,3.59
11191,2.58,3.59
11192,2.58,3.59
11193,2.58,3.59
11195,2.58,3.59
11196,2.58,3.59
11197,2.58,3.59
11198,2.58,3.59
11199,2.58,3.59
11200,2.58,3.59
11202,2.58,3.59
11203,2.58,3.59
11204,2.58,3.59
11205,2.58,3.59
11206,2.58,3.59
11207,2.58,3.59
11208,2.58,3.59
11210,2.58,3.59
11211,2.58,3.59
11212,2.58,3.59
11213,2.58,3.59
11214,2.58,3.59
11215,2.58,3.59
11216,2.58,3.59
11218,2.58,3.59
11219,2.58,3.59
11220,2.58,3.59
11222,2.58,3.59
11223,2.58,3.59
11224,2.58,3.59
11225,2.58,3.59
11227,2.58,3.59
11228,2.58,3.59
11229,2.58,3.59
11230,2.58,3.59
11231,2.58,3.59
11232,2.58,3.59
11233,2.58,3.59
11235,2.58,3.59
11236,2.58,3.59
11237,2.58,3.59
11238,2.58,3.59
11239,2.58,3.59
11240,2.58,3.59
11242,2.58,3.59
11243,2.58,3.59
11244,2.58,3.59
11245,2.58,3.59
11246,2.58,3.59
11247,2.58,3.59
11248,2.58,3.59
11250,2.58,3.59
11251,2.58,3.59
11252,2.58,3.59
11253,2.58,3.59
11254,2.58,3.59
11255,2.58,3.59
11256,2.58,3.59
11258,2.58,3.59
11259,2.58,3.60
11260,2.58,3.59
11261,2.58,3.60
11262,2.58,3.59
11264,2.58,3.60
11265,2.58,3.59
11267,2.58,3.59
11268,2.58,3.59
11269,2.58,3.59
11270,2.58,3.59
11271,2.58,3.59
11272,2.58,3.60
11274,2.58,3.59
11275,2.58,3.59
11276,2.58,3.59
11277,2.58,3.59
11278,2.58,3.59
11279,2.58,3.60
11280,2.58,3.59
11282,2.58,3.60
11283,2.58,3.59
11284,2.58,3.59
11285,2.58,3.59
11286,2.58,3.60
11287,2.58,3.59
11288,2.58,3.59
11290,2.58,3.59
11291,2.58,3.60
11292,2.58,3.59
11293,2.58,3.59
11294,2.58,3.59
11295,2.58,3.59
11296,2.58,3.60
11298,2.58,3.59
11299,2.58,3.59
11300,2.58,3.59
11301,2.58,3.59
11302,2.58,3.59
11303,2.58,3.59
11305,2.58,3.59
11307,2.58,3.59
11308,2.58,3.59
11309,2.58,3.59
11310,2.58,3.60
11311,2.58,3.60
11312,2.58,3.59
11314,2.58,3.59
11315,2.58,3.59
11316,2.58,3.60
11317,2.58,3.60
11318,2.58,3.60
11319,2.58,3.59
11320,2.58,3.59
11322,2.58,3.60
11323,2.58,3.60
11324,2.58,3.60
11325,2.58,3.60
11326,2.58,3.60
11327,2.58,3.60
11328,2.58,3.60
11330,2.58,3.60
11331,2.58,3.60
11332,2.58,3.60
11333,2.58,3.60
11334,2.58,3.60
11335,2.58,3.60
11337,2.58,3.60
11338,2.58,3.60
11339,2.58,3.60
11340,2.58,3.60
11341,2.58,3.60
11342,2.58,3.60
11343,2.58,3.60
11345,2.58,3.60
11346,2.58,3.60
11347,2.58,3.60
11348,2.58,3.60
11350,2.58,3.60
11351,2.58,3.60
11352,2.58,3.60
11354,2.58,3.60
11355,2.58,3.60
11356,2.58,3.60
11357,2.58,3.60
11358,2.58,3.60
11359,2.58,3.60
11360,2.58,3.60
11362,2.58,3.60
11363,2.58,3.60
11364,2.58,3.60
11365,2.58,3.60
11366,2.58,3.60
11367,2.58,3.60
11369,2.58,3.60
11370,2.58,3.60
11371,2.58,3.60
11372,2.58,3.60
11373,2.58,3.60
11374,2.58,3.60
11375,2.58,3.60
11377,2.58,3.60
11378,2.58,3.60
11379,2.58,3.60
11380,2.58,3.60
11381,2.58,3.60
11382,2.58,3.60
11383,2.58,3.60
11385,2.58,3.60
11386,2.58,3.60
11387,2.58,3.60
11388,2.58,3.60
11389,2.58,3.60
11390,2.58,3.60
11392,2.58,3.60
11394,2.58,3.60
11395,2.58,3.60
11396,2.58,3.60
11397,2.58,3.60
11398,2.58,3.60
11399,2.58,3.60
11400,2.58,3.60
11402,2.58,3.60
11403,2.58,3.60
11404,2.58,3.60
11405,2.58,3.60
11406,2.58,3.60
11407,2.58,3.60
11409,2.58,3.60
11410,2.58,3.60
11411,2.58,3.60
11412,2.58,3.60
11413,2.58,3.60
11414,2.58,3.60
11415,2.58,3.60
11417,2.58,3.60
11418,2.58,3.60
11419,2.58,3.60
11420,2.58,3.60
11421,2.58,3.60
11422,2.58,3.60
11423,2.58,3.60
11425,2.58,3.60
11426,2.58,3.60
11427,2.58,3.60
11428,2.58,3.60
11429,2.58,3.60
11430,2.58,3.60
11431,2.58,3.60
11433,2.58,3.60
11435,2.58,3.60
11436,2.58,3.60
11437,2.58,3.60
11438,2.58,3.60
11439,2.58,3.60
11441,2.58,3.60
11442,2.58,3.60
11443,2.58,3.60
11444,2.58,3.60
11445,2.58,3.60
11446,2.58,3.60
11447,2.58,3.60
11449,2.58,3.60
11450,2.58,3.60
11451,2.58,3.60
11452,2.58,3.60
11453,2.58,3.60
11454,2.58,3.60
11455,2.58,3.60
11457,2.58,3.60
11458,2.58,3.60
11459,2.58,3.60
11460,2.58,3.60
11461,2.58,3.60
11462,2.58,3.60
11463,2.58,3.60
11465,2.58,3.60
11466,2.58,3.60
11467,2.58,3.60
11468,2.58,3.60
11469,2.58,3.60
11470,2.58,3.60
11472,2.58,3.60
11473,2.58,3.60
11474,2.58,3.60
11475,2.58,3.60
11476,2.58,3.60
11478,2.58,3.60
11479,2.58,3.60
11481,2.58,3.60
11482,2.58,3.60
11483,2.58,3.60
11484,2.58,3.60
11485,2.58,3.60
11486,2.58,3.60
11487,2.58,3.60
11489,2.58,3.60
11490,2.58,3.60
11491,2.58,3.60
11492,2.58,3.60
11493,2.58,3.60
11494,2.58,3.60
11495,2.58,3.60
11497,2.58,3.60
11498,2.58,3.60
11499,2.58,3.60
11500,2.58,3.60
11501,2.58,3.60
11502,2.58,3.60
11504,2.58,3.60
11505,2.58,3.60
11506,2.58,3.60
11507,2.58,3.60
11508,2.58,3.60
11509,2.58,3.60
11510,2.58,3.60
11512,2.58,3.60
11513,2.58,3.60
11514,2.58,3.60
11515,2.58,3.60
11516,2.58,3.60
11517,2.58,3.60
11518,2.58,3.60
11521,2.58,3.60
11522,2.58,3.60
11523,2.58,3.60
11524,2.58,3.60
11525,2.58,3.60
11526,2.58,3.60
11527,2.58,3.60
11529,2.58,3.60
11530,2.58,3.60
11531,2.58,3.60
11532,2.58,3.60
11533,2.58,3.60
11534,2.58,3.60
11535,2.58,3.60
11537,2.58,3.60
11538,2.58,3.60
11539,2.58,3.60
11540,2.58,3.60
11541,2.58,3.60
11542,2.58,3.60
11543,2.58,3.60
11545,2.58,3.60
11546,2.58,3.60
11547,2.58,3.60
11548,2.58,3.60
11549,2.58,3.60
11550,2.58,3.60
11552,2.58,3.60
11553,2.58,3.60
11554,2.58,3.60
11555,2.58,3.60
11556,2.58,3.60
11557,2.58,3.60
11558,2.58,3.60
11560,2.58,3.60
11561,2.58,3.60
11563,2.58,3.60
11564,2.58,3.60
11565,2.58,3.60
11566,2.58,3.60
11567,2.58,3.60
11569,2.58,3.60
11570,2.58,3.60
11571,2.58,3.60
11572,2.58,3.60
11573,2.58,3.60
11574,2.58,3.60
11575,2.58,3.60
11577,2.58,3.60
11578,2.58,3.60
11579,2.58,3.60
11580,2.58,3.60
11581,2.58,3.60
11582,2.58,3.60
11584,2.58,3.60
11585,2.58,3.60
11586,2.58,3.60
11587,2.58,3.60
11588,2.58,3.60
11589,2.58,3.60
11590,2.58,3.60
11592,2.58,3.60
11593,2.58,3.60
11594,2.58,3.60
11595,2.58,3.60
11596,2.58,3.60
11597,2.58,3.60
11598,2.58,3.60
11600,2.58,3.60
11601,2.58,3.60
11602,2.58,3.60
11603,2.58,3.60
11604,2.58,3.60
11606,2.58,3.60
11607,2.58,3.60
11609,2.58,3.60
11610,2.58,3.60
11611,2.58,3.60
11612,2.58,3.60
11613,2.58,3.60
11614,2.58,3.60
11615,2.58,3.60
11617,2.58,3.60
11618,2.58,3.60
11619,2.58,3.60
11620,2.58,3.60
11621,2.58,3.60
11622,2.58,3.60
11624,2.58,3.60
11625,2.58,3.60
11626,2.58,3.60
11627,2.58,3.60
11628,2.58,3.60
11629,2.58,3.60
11630,2.58,3.60
11632,2.58,3.60
11633,2.58,3.60
11634,2.58,3.60
11635,2.58,3.60
11636,2.58,3.60
11637,2.58,3.60
11638,2.58,3.60
11640,2.58,3.60
11641,2.58,3.60
11642,2.58,3.60
11643,2.58,3.60
11644,2.58,3.61
11645,2.58,3.60
11646,2.58,3.60
11649,2.58,3.60
11650,2.58,3.60
11651,2.58,3.60
11652,2.58,3.60
11653,2.58,3.60
11654,2.58,3.60
11656,2.58,3.60
11657,2.58,3.60
11658,2.58,3.60
11659,2.58,3.60
11660,2.58,3.60
11661,2.58,3.60
11662,2.58,3.60
11664,2.58,3.60
11665,2.58,3.60
11666,2.58,3.60
11667,2.58,3.60
11668,2.58,3.60
11669,2.58,3.60
11670,2.58,3.60
11672,2.58,3.60
11673,2.58,3.60
11674,2.58,3.60
11675,2.58,3.60
11676,2.58,3.60
11677,2.58,3.60
11678,2.58,3.60
11680,2.58,3.60
11681,2.58,3.60
11682,2.58,3.60
11683,2.58,3.60
11684,2.58,3.60
11685,2.58,3.60
11686,2.58,3.60
11688,2.58,3.60
11689,2.58,3.60
11691,2.58,3.60
11692,2.58,3.60
11693,2.58,3.60
11694,2.58,3.60
11696,2.58,3.60
11697,2.58,3.60
11698,2.58,3.60
11699,2.58,3.60
11700,2.58,3.60
11701,2.58,3.60
11702,2.58,3.60
11704,2.58,3.60
11705,2.58,3.60
11706,2.58,3.60
11707,2.58,3.60
11708,2.58,3.60
11709,2.58,3.60
11710,2.58,3.60
11712,2.58,3.60
11713,2.58,3.61
11714,2.58,3.60
11715,2.58,3.60
11716,2.58,3.60
11717,2.58,3.60
11718,2.58,3.60
11720,2.58,3.60
11721,2.58,3.60
11722,2.58,3.60
11723,2.58,3.60
11724,2.58,3.60
11725,2.58,3.60
11727,2.58,3.60
11728,2.58,3.60
11729,2.58,3.60
11730,2.58,3.60
11731,2.58,3.60
11732,2.58,3.60
11734,2.58,3.60
11736,2.58,3.60
11737,2.58,3.60
11738,2.58,3.60
11739,2.58,3.60
11740,2.58,3.61
11741,2.58,3.60
11742,2.58,3.60
11744,2.58,3.61
11745,2.58,3.60
11746,2.58,3.60
11747,2.58,3.61
11748,2.58,3.60
11749,2.58,3.61
11750,2.58,3.60
11752,2.58,3.60
11753,2.58,3.60
11754,2.58,3.60
11755,2.58,3.61
11756,2.58,3.61
11757,2.58,3.61
11759,2.58,3.61
11760,2.58,3.60
11761,2.58,3.60
11762,2.58,3.60
11763,2.58,3.61
11764,2.58,3.61
11765,2.58,3.60
11767,2.58,3.61
11768,2.58,3.61
11769,2.58,3.61
11770,2.58,3.61
11771,2.58,3.61
11772,2.58,3.61
11773,2.58,3.60
11776,2.58,3.61
11777,2.58,3.61
11778,2.58,3.61
11779,2.58,3.61
11780,2.58,3.61
11781,2.58,3.60
11783,2.58,3.61
11784,2.58,3.61
11785,2.58,3.61
11786,2.58,3.61
11787,2.58,3.61
11788,2.58,3.61
11789,2.58,3.61
11791,2.58,3.61
11792,2.58,3.61
11793,2.58,3.61
11794,2.58,3.61
11795,2.58,3.61
11796,2.58,3.61
11798,2.58,3.61
11799,2.58,3.61
11800,2.58,3.61
11801,2.58,3.61
11802,2.58,3.61
11803,2.58,3.61
11804,2.58,3.61
11806,2.58,3.61
11807,2.58,3.61
11808,2.58,3.61
11809,2.58,3.61
11810,2.58,3.61
11811,2.58,3.61
11813,2.58,3.61
11814,2.58,3.61
11815,2.58,3.61
11816,2.58,3.61
11817,2.58,3.61
11819,2.58,3.61
11820,2.58,3.61
11822,2.58,3.61
11823,2.58,3.61
11824,2.58,3.61
11825,2.58,3.61
11826,2.58,3.61
11827,2.58,3.61
11829,2.58,3.61
11830,2.58,3.61
11831,2.58,3.61
11832,2.58,3.61
11833,2.58,3.61
11834,2.58,3.61
11835,2.58,3.61
11837,2.58,3.61
11838,2.58,3.61
11839,2.58,3.61
11840,2.58,3.61
11841,2.58,3.61
11842,2.58,3.61
11844,2.58,3.61
11845,2.58,3.61
11846,2.58,3.61
11847,2.58,3.61
11848,2.58,3.61
11849,2.58,3.61
11850,2.58,3.61
11852,2.58,3.61
11853,2.58,3.61
11854,2.58,3.61
11855,2.58,3.61
11856,2.58,3.61
11857,2.58,3.61
11858,2.58,3.61
11860,2.58,3.61
11862,2.58,3.61
11863,2.58,3.61
11864,2.58,3.61
11865,2.58,3.61
11866,2.58,3.61
11868,2.58,3.61
11869,2.58,3.61
11870,2.58,3.61
11871,2.58,3.61
11872,2.58,3.61
11873,2.58,3.61
11874,2.58,3.61
11876,2.58,3.61
11877,2.58,3.61
11878,2.58,3.61
11879,2.58,3.61
11880,2.58,3.61
11881,2.58,3.61
11882,2.58,3.61
11884,2.58,3.61
11885,2.58,3.61
11886,2.58,3.61
11887,2.58,3.61
11888,2.58,3.61
11889,2.58,3.61
11891,2.58,3.61
11892,2.58,3.61
11893,2.58,3.61
11894,2.58,3.61
11895,2.58,3.61
11896,2.58,3.61
11897,2.58,3.61
11899,2.58,3.61
11900,2.58,3.61
11901,2.58,3.61
11902,2.58,3.61
11904,2.58,3.61
11905,2.58,3.61
11907,2.58,3.61
11908,2.58,3.61
11909,2.58,3.61
11910,2.58,3.61
11911,2.58,3.61
11912,2.58,3.61
11913,2.58,3.61
11915,2.58,3.61
11916,2.58,3.61
11917,2.58,3.61
11918,2.58,3.61
11919,2.58,3.61
11920,2.58,3.61
11922,2.58,3.61
11923,2.58,3.61
11924,2.58,3.61
11925,2.58,3.61
11926,2.58,3.61
11927,2.58,3.61
11928,2.58,3.61
11930,2.58,3.61
11931,2.58,3.61
11932,2.58,3.61
11933,2.58,3.61
11934,2.58,3.61
11935,2.58,3.61
11937,2.58,3.61
11938,2.58,3.61
11939,2.58,3.61
11940,2.58,3.61
11941,2.58,3.61
11942,2.58,3.61
11943,2.58,3.61
11945,2.58,3.61
11947,2.58,3.61
11948,2.58,3.61
11949,2.58,3.61
11950,2.58,3.61
11951,2.58,3.61
11953,2.58,3.61
11954,2.58,3.61
11955,2.58,3.61
11956,2.58,3.61
11957,2.58,3.61
11958,2.58,3.61
11960,2.58,3.61
11961,2.58,3.61
11962,2.58,3.61
11963,2.58,3.61
11964,2.58,3.61
11965,2.58,3.61
11966,2.58,3.61
11968,2.58,3.61
11969,2.58,3.61
11970,2.58,3.61
11971,2.58,3.61
11972,2.58,3.61
11973,2.58,3.61
11975,2.58,3.61
11976,2.58,3.61
11977,2.58,3.61
11978,2.58,3.61
11979,2.58,3.61
11980,2.58,3.61
11981,2.58,3.61
11983,2.58,3.61
11984,2.58,3.61
11985,2.58,3.61
11986,2.58,3.61
11987,2.58,3.61
11988,2.58,3.61
11991,2.58,3.61
11992,2.58,3.61
11993,2.58,3.61
11994,2.58,3.61
11995,2.58,3.61
11996,2.58,3.61
11997,2.58,3.61
11999,2.58,3.61
12000,2.58,3.61
12001,2.59,3.61
12002,2.58,3.61
12003,2.58,3.61
12004,2.58,3.61
12006,2.58,3.61
12007,2.58,3.61
12008,2.58,3.61
12009,2.58,3.61
12010,2.58,3.61
12011,2.58,3.61
12012,2.58,3.61
12014,2.58,3.61
12015,2.58,3.61
12016,2.58,3.61
12017,2.58,3.61
12018,2.58,3.61
12019,2.58,3.61
12020,2.58,3.61
12022,2.58,3.61
12023,2.58,3.61
12024,2.58,3.61
12025,2.59,3.61
12026,2.58,3.61
12027,2.58,3.61
12029,2.58,3.61
12030,2.58,3.61
12032,2.58,3.61
12033,2.58,3.61
12034,2.59,3.61
12035,2.58,3.61
12036,2.58,3.61
12038,2.58,3.61
12039,2.58,3.61
12040,2.58,3.61
12041,2.58,3.61
12042,2.58,3.61
12043,2.58,3.61
12044,2.58,3.61
12046,2.58,3.61
12047,2.58,3.61
12048,2.58,3.61
12049,2.58,3.61
12050,2.58,3.61
12051,2.58,3.61
12053,2.59,3.61
12054,2.58,3.61
12055,2.58,3.61
12056,2.58,3.61
12057,2.58,3.61
12058,2.58,3.61
12059,2.58,3.61
12061,2.58,3.61
12062,2.58,3.61
12063,2.58,3.61
12064,2.58,3.61
12065,2.59,3.61
12066,2.58,3.61
12067,2.58,3.61
12069,2.58,3.61
12070,2.58,3.61
12071,2.58,3.61
12072,2.58,3.61
12073,2.58,3.61
12075,2.58,3.61
12077,2.58,3.61
12078,2.58,3.61
12079,2.58,3.61
12080,2.58,3.61
12081,2.58,3.61
12082,2.58,3.61
12083,2.58,3.61
12085,2.58,3.61
12086,2.58,3.61
12087,2.58,3.61
12088,2.58,3.61
12089,2.58,3.61
12090,2.59,3.61
12091,2.58,3.61
12093,2.58,3.61
12094,2.58,3.61
12095,2.58,3.61
12096,2.58,3.61
12097,2.58,3.61
12098,2.58,3.61
12100,2.58,3.61
12101,2.58,3.61
12102,2.58,3.61
12103,2.58,3.61
12104,2.58,3.61
12105,2.58,3.61
12106,2.58,3.61
12108,2.58,3.61
12109,2.58,3.61
12110,2.58,3.61
12111,2.58,3.61
12112,2.58,3.61
12113,2.58,3.61
12114,2.58,3.61
12116,2.58,3.61
12118,2.59,3.61
12119,2.58,3.61
12120,2.59,3.61
12121,2.58,3.61
12122,2.58,3.61
12124,2.58,3.61
12125,2.58,3.61
12126,2.58,3.61
12127,2.58,3.61
12128,2.58,3.61
12129,2.59,3.61
12130,2.58,3.61
12132,2.58,3.61
12133,2.58,3.61
12134,2.58,3.61
12135,2.58,3.61
12136,2.58,3.61
12137,2.58,3.61
12139,2.58,3.61
12140,2.58,3.61
12141,2.58,3.61
12142,2.58,3.61
12143,2.58,3.61
12144,2.58,3.61
12145,2.58,3.61
12147,2.58,3.61
12148,2.58,3.61
12149,2.58,3.61
12150,2.58,3.61
12151,2.58,3.61
12152,2.58,3.61
12153,2.58,3.61
12155,2.58,3.61
12156,2.58,3.61
12157,2.58,3.61
12158,2.58,3.61
12160,2.58,3.61
12161,2.58,3.61
12163,2.58,3.61
12164,2.58,3.61
12165,2.58,3.61
12166,2.58,3.61
12167,2.58,3.61
12168,2.58,3.61
12169,2.58,3.61
12171,2.58,3.61
12172,2.58,3.61
12173,2.58,3.61
12174,2.58,3.61
12175,2.58,3.61
12176,2.58,3.61
12177,2.58,3.61
12179,2.58,3.61
12180,2.58,3.61
12181,2.58,3.61
12182,2.58,3.61
12183,2.58,3.61
12184,2.58,3.61
12185,2.58,3.61
12187,2.58,3.61
12188,2.58,3.61
12189,2.59,3.61
12190,2.58,3.61
12191,2.58,3.61
12192,2.58,3.61
12194,2.58,3.61
12195,2.58,3.61
12196,2.58,3.61
12197,2.58,3.61
12198,2.58,3.61
12199,2.58,3.61
12200,2.58,3.61
12203,2.58,3.61
12204,2.58,3.61
12205,2.58,3.61
12206,2.58,3.61
12207,2.58,3.61
12208,2.58,3.61
12209,2.58,3.61
12211,2.58,3.61
12212,2.58,3.61
12213,2.58,3.61
12214,2.58,3.61
12215,2.58,3.61
12216,2.58,3.61
12218,2.58,3.61
12219,2.58,3.61
12220,2.58,3.61
12221,2.58,3.61
12222,2.58,3.61
12223,2.58,3.61
12224,2.58,3.61
12226,2.58,3.61
12227,2.58,3.61
12228,2.58,3.61
12229,2.58,3.61
12230,2.58,3.61
12231,2.58,3.61
12232,2.58,3.61
12234,2.58,3.61
12235,2.58,3.61
12236,2.58,3.61
12237,2.58,3.61
12238,2.58,3.61
12239,2.58,3.61
12240,2.58,3.61
12242,2.58,3.61
12243,2.58,3.61
12244,2.58,3.61
12246,2.58,3.61
12247,2.58,3.61
12248,2.58,3.61
12250,2.58,3.61
12251,2.58,3.61
12252,2.58,3.61
12253,2.58,3.61
12254,2.58,3.61
12255,2.58,3.61
12256,2.59,3.61
12258,2.58,3.61
12259,2.59,3.61
12260,2.58,3.61
12261,2.58,3.61
12262,2.58,3.61
12263,2.58,3.61
12264,2.58,3.61
12266,2.58,3.61
12267,2.58,3.61
12268,2.58,3.61
12269,2.58,3.61
12270,2.58,3.61
12271,2.58,3.61
12272,2.58,3.61
12274,2.58,3.61
12275,2.58,3.61
12276,2.58,3.61
12277,2.58,3.61
12278,2.58,3.61
12279,2.58,3.61
12281,2.58,3.61
12282,2.58,3.61
12283,2.59,3.61
12284,2.58,3.61
12285,2.58,3.61
12286,2.58,3.61
12288,2.58,3.61
12290,2.58,3.61
12291,2.58,3.61
12292,2.59,3.61
12293,2.58,3.61
12294,2.58,3.61
12295,2.58,3.61
12296,2.58,3.61
12298,2.58,3.61
12299,2.58,3.61
12300,2.58,3.61
12301,2.58,3.61
12302,2.58,3.61
12303,2.58,3.61
12305,2.58,3.61
12306,2.58,3.61
12307,2.58,3.61
12308,2.58,3.61
12309,2.58,3.61
12310,2.59,3.61
12311,2.58,3.61
12313,2.58,3.61
12314,2.58,3.61
12315,2.58,3.61
12316,2.58,3.61
12317,2.58,3.61
12318,2.59,3.61
12319,2.58,3.61
12321,2.58,3.61
12322,2.58,3.61
12323,2.58,3.61
12324,2.58,3.61
12325,2.58,3.61
12326,2.58,3.61
12327,2.58,3.61
12329,2.58,3.61
12331,2.58,3.61
12332,2.58,3.61
12333,2.58,3.61
12334,2.58,3.61
12335,2.58,3.61
12337,2.58,3.61
12338,2.58,3.61
12339,2.58,3.61
12340,2.58,3.61
12341,2.58,3.61
12342,2.58,3.61
12343,2.58,3.61
12345,2.58,3.61
12346,2.58,3.61
12347,2.58,3.61
12348,2.58,3.61
12349,2.59,3.61
12350,2.58,3.61
12351,2.58,3.61
12353,2.58,3.61
12354,2.58,3.61
12355,2.58,3.61
12356,2.58,3.61
12357,2.58,3.61
12358,2.58,3.61
12360,2.58,3.61
12361,2.58,3.61
12362,2.58,3.61
12363,2.58,3.61
12364,2.58,3.61
12365,2.58,3.61
12366,2.58,3.61
12368,2.58,3.61
12369,2.58,3.61
12370,2.58,3.61
12371,2.58,3.61
12372,2.58,3.61
12374,2.58,3.61
12375,2.58,3.61
12377,2.58,3.61
12378,2.58,3.61
12379,2.58,3.61
12380,2.58,3.61
12381,2.58,3.61
12382,2.58,3.61
12383,2.58,3.61
12385,2.58,3.61
12386,2.58,3.61
12387,2.58,3.61
12388,2.58,3.61
12389,2.58,3.61
12390,2.58,3.61
12392,2.58,3.61
12393,2.58,3.61
12394,2.58,3.61
12395,2.58,3.61
12396,2.58,3.61
12397,2.58,3.61
12398,2.58,3.61
12400,2.58,3.61
12401,2.58,3.61
12402,2.58,3.61
12403,2.58,3.61
12404,2.58,3.61
12405,2.58,3.61
12406,2.58,3.61
12408,2.58,3.61
12409,2.58,3.61
12410,2.58,3.61
12411,2.58,3.61
12412,2.58,3.61
12413,2.58,3.61
12414,2.58,3.61
12417,2.58,3.61
12418,2.58,3.61
12419,2.58,3.61
12420,2.58,3.61
12421,2.58,3.61
12422,2.58,3.61
12424,2.58,3.61
12425,2.58,3.61
12426,2.58,3.61
12427,2.58,3.61
12428,2.58,3.61
12429,2.58,3.61
12430,2.59,3.61
12432,2.58,3.61
12433,2.58,3.61
12434,2.58,3.61
12435,2.58,3.61
12436,2.58,3.61
12437,2.58,3.61
12438,2.58,3.61
12440,2.58,3.61
12441,2.58,3.61
12442,2.58,3.61
12443,2.58,3.61
12444,2.58,3.61
12445,2.58,3.61
12447,2.58,3.61
12448,2.58,3.61
12449,2.58,3.61
12450,2.58,3.61
12451,2.58,3.61
12452,2.58,3.61
12453,2.58,3.61
12455,2.58,3.61
12456,2.58,3.61
12457,2.58,3.61
12459,2.58,3.61
12460,2.58,3.61
12461,2.58,3.61
12462,2.58,3.61
12464,2.59,3.61
12465,2.58,3.61
12466,2.59,3.61
12467,2.58,3.61
12468,2.58,3.61
12469,2.58,3.61
12470,2.58,3.61
12472,2.58,3.61
12473,2.58,3.61
12474,2.58,3.61
12475,2.58,3.61
12476,2.59,3.61
12477,2.58,3.61
12479,2.59,3.61
12480,2.58,3.61
12481,2.58,3.61
12482,2.58,3.61
12483,2.58,3.61
12484,2.58,3.61
12485,2.58,3.61
12487,2.58,3.61
12488,2.58,3.61
12489,2.58,3.61
12490,2.58,3.61
12491,2.58,3.61
12492,2.58,3.61
12493,2.58,3.61
12495,2.58,3.61
12496,2.59,3.61
12497,2.58,3.61
12498,2.58,3.61
12499,2.58,3.61
12500,2.58,3.61
12503,2.58,3.61
12504,2.58,3.61
12505,2.58,3.61
12506,2.58,3.61
12507,2.58,3.61
12508,2.58,3.61
12509,2.58,3.61
12511,2.58,3.61
12512,2.58,3.61
12513,2.58,3.61
12514,2.58,3.61
12515,2.58,3.61
12516,2.58,3.61
12517,2.58,3.61
12519,2.58,3.61
12520,2.58,3.61
12521,2.58,3.61
12522,2.59,3.61
12523,2.58,3.61
12524,2.58,3.61
12525,2.58,3.61
12527,2.58,3.61
12528,2.58,3.61
12529,2.58,3.61
12530,2.58,3.61
12531,2.58,3.61
12532,2.58,3.61
12534,2.58,3.61
12535,2.58,3.61
12536,2.58,3.61
12537,2.58,3.61
12538,2.59,3.61
12539,2.58,3.61
12540,2.58,3.61
12542,2.58,3.61
12544,2.58,3.61
12545,2.58,3.61
12546,2.58,3.61
12547,2.58,3.61
12548,2.58,3.61
12549,2.58,3.61
12551,2.58,3.61
12552,2.58,3.61
12553,2.58,3.61
12554,2.58,3.61
12555,2.59,3.61
12556,2.58,3.61
12558,2.58,3.61
12559,2.58,3.61
12560,2.58,3.61
12561,2.58,3.61
12562,2.58,3.61
12563,2.58,3.61
12564,2.58,3.61
12566,2.58,3.61
12567,2.58,3.61
12568,2.58,3.61
12569,2.58,3.61
12570,2.58,3.61
12571,2.58,3.61
12572,2.58,3.61
12574,2.58,3.61
12575,2.58,3.61
12576,2.58,3.61
12577,2.58,3.61
12578,2.58,3.61
12579,2.58,3.61
12580,2.58,3.61
12582,2.58,3.61
12583,2.58,3.61
12584,2.58,3.61
12585,2.58,3.61
12587,2.58,3.61
12588,2.58,3.61
12590,2.58,3.61
12591,2.58,3.61
12592,2.58,3.61
12593,2.58,3.61
12594,2.58,3.61
12595,2.58,3.61
12596,2.58,3.61
12598,2.58,3.61
12599,2.59,3.61
12600,2.58,3.61
12601,2.58,3.61
12602,2.59,3.61
12603,2.58,3.61
12604,2.58,3.61
12606,2.58,3.61
12607,2.58,3.61
12608,2.58,3.61
12609,2.58,3.61
12610,2.58,3.61
12611,2.58,3.61
12613,2.58,3.61
12614,2.58,3.61
12615,2.59,3.61
12616,2.58,3.61
12617,2.59,3.61
12618,2.58,3.61
12619,2.58,3.61
12621,2.58,3.61
12622,2.58,3.61
12623,2.59,3.61
12624,2.58,3.61
12625,2.58,3.61
12626,2.58,3.61
12627,2.58,3.61
12630,2.59,3.61
12631,2.58,3.61
12632,2.58,3.61
12633,2.59,3.61
12634,2.58,3.61
12635,2.59,3.62
12637,2.58,3.61
12638,2.59,3.61
12639,2.58,3.61
12640,2.58,3.61
12641,2.58,3.61
12642,2.59,3.61
12643,2.58,3.61
12645,2.59,3.61
12646,2.58,3.61
12647,2.59,3.61
12648,2.58,3.61
12649,2.58,3.61
12650,2.58,3.61
12651,2.58,3.61
12653,2.58,3.61
12654,2.58,3.61
12655,2.59,3.61
12656,2.58,3.61
12657,2.58,3.61
12658,2.58,3.61
12660,2.58,3.62
12661,2.59,3.61
12662,2.58,3.61
12663,2.58,3.61
12664,2.59,3.61
12665,2.58,3.62
12666,2.58,3.61
12668,2.59,3.62
12669,2.58,3.62
12670,2.58,3.61
12672,2.58,3.61
12673,2.58,3.61
12674,2.58,3.61
12675,2.58,3.61
12677,2.59,3.61
12678,2.58,3.61
12679,2.58,3.61
12680,2.59,3.62
12681,2.58,3.62
12682,2.59,3.62
12684,2.58,3.62
12685,2.59,3.61
12686,2.58,3.62
12687,2.59,3.61
12688,2.58,3.62
12689,2.59,3.62
12690,2.58,3.62
12692,2.59,3.62
12693,2.58,3.62
12694,2.59,3.61
12695,2.58,3.62
12696,2.59,3.62
12697,2.58,3.61
12699,2.59,3.61
12700,2.58,3.62
12701,2.59,3.62
12702,2.58,3.62
12703,2.59,3.61
12704,2.58,3.61
12705,2.58,3.61
12707,2.59,3.62
12708,2.58,3.61
12709,2.59,3.62
12710,2.58,3.61
12711,2.58,3.62
12712,2.59,3.62
12713,2.58,3.62
12716,2.59,3.62
12717,2.58,3.61
12718,2.58,3.61
12719,2.59,3.61
12720,2.58,3.61
12721,2.59,3.61
12723,2.59,3.61
12724,2.58,3.61
12725,2.58,3.61
12726,2.58,3.61
12727,2.58,3.61
12728,2.59,3.61
12729,2.58,3.62
12731,2.59,3.61
12732,2.58,3.62
12733,2.58,3.61
12734,2.59,3.61
12735,2.58,3.62
12736,2.59,3.61
12738,2.58,3.61
12739,2.58,3.61
12740,2.59,3.62
12741,2.58,3.62
12742,2.59,3.61
12743,2.58,3.61
12744,2.59,3.61
12746,2.58,3.62
12747,2.59,3.61
12748,2.58,3.62
12749,2.59,3.61
12750,2.58,3.61
12751,2.59,3.61
12752,2.58,3.61
12754,2.59,3.61
12755,2.58,3.61
12756,2.59,3.61
12758,2.58,3.61
12759,2.59,3.61
12760,2.58,3.61
12762,2.59,3.61
12763,2.58,3.62
12764,2.58,3.61
12765,2.58,3.61
12766,2.59,3.61
12767,2.58,3.61
12768,2.58,3.61
12770,2.59,3.61
12771,2.58,3.61
12772,2.59,3.61
12773,2.58,3.61
12774,2.58,3.61
12775,2.59,3.61
12777,2.58,3.61
12778,2.59,3.61
12779,2.58,3.61
12780,2.59,3.61
12781,2.58,3.61
12782,2.59,3.61
12783,2.58,3.61
12785,2.59,3.61
12786,2.58,3.61
12787,2.59,3.61
12788,2.58,3.61
12789,2.59,3.61
12790,2.58,3.61
12791,2.59,3.61
12793,2.59,3.61
12794,2.58,3.61
12795,2.59,3.61
12796,2.58,3.61
12797,2.59,3.61
12798,2.58,3.61
12801,2.58,3.61
12802,2.58,3.61
12803,2.58,3.61
12804,2.58,3.61
12805,2.58,3.61
12806,2.58,3.61
12807,2.58,3.61
12809,2.58,3.61
12810,2.58,3.61
12811,2.58,3.61
12812,2.58,3.61
12813,2.58,3.61
12814,2.58,3.61
12815,2.58,3.61
12817,2.58,3.61
12818,2.58,3.61
12819,2.58,3.61
12820,2.58,3.61
12821,2.58,3.61
12822,2.58,3.61
12824,2.58,3.61
12825,2.58,3.61
12826,2.58,3.61
12827,2.58,3.61
12828,2.58,3.61
12829,2.58,3.61
12830,2.58,3.61
12832,2.58,3.61
12833,2.58,3.61
12834,2.58,3.61
12835,2.58,3.61
12836,2.58,3.61
12837,2.58,3.61
12838,2.58,3.61
12840,2.58,3.61
12841,2.58,3.61
12843,2.58,3.61
12844,2.58,3.61
12845,2.58,3.61
12846,2.58,3.61
12847,2.58,3.61
12849,2.58,3.60
12850,2.58,3.60
12851,2.58,3.60
12852,2.58,3.60
12853,2.58,3.60
12854,2.58,3.60
12856,2.58,3.60
12857,2.58,3.60
12858,2.58,3.60
12859,2.58,3.60
12860,2.58,3.60
12861,2.57,3.60
12862,2.57,3.60
12864,2.57,3.60
12865,2.57,3.60
12866,2.57,3.60
12867,2.57,3.60
12868,2.57,3.60
12869,2.57,3.59
12870,2.57,3.59
12872,2.57,3.59
12873,2.57,3.59
12874,2.57,3.59
12875,2.57,3.59
12876,2.56,3.59
12877,2.57,3.59
12878,2.56,3.59
12880,2.56,3.59
12881,2.56,3.59
12882,2.56,3.59
12883,2.56,3.59
12884,2.56,3.59
12886,2.56,3.59
12888,2.56,3.59
12889,2.56,3.59
12890,2.56,3.59
12891,2.56,3.59
12892,2.56,3.59
12893,2.56,3.59
12894,2.56,3.59
12896,2.56,3.58
12897,2.56,3.59
12898,2.56,3.58
12899,2.56,3.59
12900,2.56,3.58
12901,2.56,3.59
12902,2.56,3.58
12904,2.56,3.58
12905,2.56,3.58
12906,2.56,3.58
12907,2.56,3.58
12908,2.56,3.58
12909,2.56,3.58
12910,2.56,3.58
12912,2.56,3.58
12913,2.56,3.58
12914,2.56,3.58
12915,2.56,3.58
12916,2.56,3.58
12917,2.56,3.58
12919,2.56,3.58
12920,2.56,3.58
12921,2.56,3.58
12922,2.56,3.58
12923,2.56,3.58
12924,2.56,3.58
12925,2.56,3.58
12928,2.56,3.58
12929,2.56,3.58
12930,2.56,3.58
12931,2.56,3.58
12932,2.56,3.58
12933,2.56,3.58
12934,2.56,3.58
12936,2.56,3.58
12937,2.56,3.58
12938,2.56,3.58
12939,2.56,3.58
12940,2.56,3.58
12941,2.56,3.58
12942,2.56,3.58
12944,2.56,3.58
12945,2.56,3.58
12946,2.56,3.58
12947,2.56,3.58
12948,2.56,3.58
12949,2.56,3.59
12951,2.56,3.59
12952,2.56,3.59
12953,2.56,3.59
12954,2.56,3.59
12955,2.56,3.58
12956,2.56,3.58
12957,2.56,3.59
12959,2.56,3.59
12960,2.56,3.59
12961,2.56,3.59
12962,2.56,3.59
12963,2.56,3.59
12964,2.56,3.59
12965,2.56,3.59
12967,2.56,3.59
12968,2.56,3.59
12969,2.56,3.59
12971,2.56,3.59
12972,2.56,3.59
12973,2.56,3.59
12975,2.56,3.59
12976,2.56,3.59
12977,2.56,3.59
12978,2.56,3.59
12979,2.56,3.59
12980,2.56,3.59
12981,2.56,3.59
12983,2.56,3.59
12984,2.56,3.59
12985,2.56,3.59
12986,2.56,3.59
12987,2.56,3.59
12988,2.56,3.59
12989,2.56,3.59
12991,2.56,3.59
12992,2.56,3.59
12993,2.56,3.59
12994,2.56,3.59
12995,2.56,3.59
12996,2.56,3.59
12997,2.56,3.59
12999,2.56,3.59
13000,2.56,3.59
13001,2.56,3.59
13002,2.56,3.59
13003,2.56,3.59
13004,2.56,3.59
13006,2.56,3.59
13007,2.56,3.59
13008,2.56,3.60
13009,2.56,3.59
13010,2.56,3.60
13011,2.56,3.60
13012,2.56,3.59
13015,2.56,3.59
13016,2.56,3.59
13017,2.56,3.60
13018,2.56,3.60
13019,2.56,3.59
13020,2.56,3.60
13021,2.56,3.59
13023,2.56,3.60
13024,2.56,3.60
13025,2.56,3.60
13026,2.56,3.60
13027,2.56,3.60
13028,2.56,3.60
13029,2.56,3.60
13031,2.56,3.60
13032,2.56,3.60
13033,2.56,3.60
13034,2.56,3.60
13035,2.56,3.60
13036,2.56,3.60
13038,2.56,3.60
13039,2.56,3.60
13040,2.56,3.60
13041,2.56,3.60
13042,2.56,3.60
13043,2.56,3.60
13044,2.56,3.60
13046,2.56,3.60
13047,2.56,3.60
13048,2.56,3.60
13049,2.56,3.60
13050,2.56,3.60
13051,2.56,3.60
13052,2.56,3.60
13054,2.56,3.60
13056,2.56,3.60
13057,2.56,3.60
13058,2.56,3.60
13059,2.56,3.60
13060,2.56,3.60
13061,2.56,3.60
13063,2.56,3.60
13064,2.56,3.60
13065,2.56,3.60
13066,2.56,3.60
13067,2.56,3.60
13068,2.56,3.60
13070,2.56,3.60
13071,2.56,3.60
13072,2.56,3.60
13073,2.56,3.60
13074,2.56,3.60
13075,2.56,3.60
13076,2.56,3.60
13078,2.56,3.60
13079,2.56,3.60
13080,2.56,3.60
13081,2.56,3.60
13082,2.56,3.60
13083,2.56,3.60
13084,2.56,3.60
13086,2.56,3.60
13087,2.56,3.60
13088,2.56,3.60
13089,2.56,3.61
13090,2.56,3.61
13091,2.56,3.61
13092,2.56,3.61
13094,2.56,3.61
13095,2.56,3.61
13096,2.56,3.61
13097,2.56,3.61
13099,2.56,3.61
13100,2.56,3.61
13102,2.56,3.61
13103,2.56,3.61
13104,2.56,3.61
13105,2.56,3.61
13106,2.56,3.61
13107,2.56,3.61
13109,2.56,3.61
13110,2.56,3.61
13111,2.56,3.61
13112,2.56,3.61
13113,2.56,3.61
13114,2.56,3.61
13115,2.56,3.61
13117,2.56,3.61
13118,2.57,3.61
13119,2.56,3.61
13120,2.56,3.61
13121,2.56,3.61
13122,2.56,3.61
13123,2.56,3.61
13125,2.56,3.61
13126,2.56,3.62
13127,2.56,3.62
13128,2.56,3.62
13129,2.56,3.62
13130,2.56,3.62
13132,2.56,3.62
13133,2.56,3.62
13134,2.57,3.62
13135,2.56,3.62
13136,2.57,3.62
13137,2.56,3.62
13138,2.57,3.62
13140,2.56,3.62
13142,2.57,3.62
13143,2.57,3.62
13144,2.56,3.62
13145,2.57,3.62
13146,2.57,3.62
13147,2.57,3.62
13149,2.57,3.62
13150,2.57,3.62
13151,2.57,3.63
13152,2.57,3.63
13153,2.57,3.63
13154,2.57,3.63
13156,2.57,3.63
13157,2.57,3.63
13158,2.57,3.63
13159,2.57,3.63
13160,2.57,3.63
13161,2.57,3.63
13163,2.57,3.63
13164,2.57,3.63
13165,2.57,3.63
13166,2.57,3.63
13167,2.57,3.63
13168,2.57,3.63
13169,2.57,3.63
13171,2.57,3.64
13172,2.57,3.64
13173,2.57,3.64
13174,2.57,3.64
13175,2.57,3.64
13176,2.57,3.64
13178,2.57,3.64
13179,2.57,3.64
13180,2.57,3.64
13181,2.57,3.64
13182,2.57,3.64
13184,2.57,3.65
13185,2.57,3.65
13187,2.57,3.65
13188,2.57,3.65
13189,2.57,3.65
13190,2.57,3.65
13191,2.57,3.65
13192,2.57,3.65
13194,2.57,3.65
13195,2.57,3.65
13196,2.57,3.65
13197,2.57,3.66
13198,2.57,3.66
13199,2.57,3.66
13200,2.57,3.66
13202,2.57,3.66
13203,2.57,3.66
13204,2.57,3.66
13205,2.57,3.66
13206,2.57,3.66
13207,2.57,3.66
13208,2.57,3.66
13210,2.57,3.67
13211,2.57,3.67
13212,2.57,3.67
13213,2.57,3.67
13214,2.57,3.67
13215,2.57,3.67
13217,2.57,3.67
13218,2.57,3.67
13219,2.57,3.67
13220,2.57,3.68
13221,2.58,3.68
13222,2.57,3.68
13223,2.57,3.68
13225,2.58,3.68
13227,2.57,3.68
13228,2.57,3.68
13229,2.57,3.69
13230,2.58,3.69
13231,2.57,3.69
13233,2.58,3.69
13234,2.57,3.69
13235,2.58,3.69
13236,2.58,3.70
13237,2.58,3.70
13238,2.58,3.70
13239,2.58,3.70
13241,2.58,3.70
13242,2.58,3.70
13243,2.58,3.70
13244,2.58,3.70
13245,2.58,3.71
13246,2.58,3.71
13247,2.58,3.71
13249,2.58,3.71
13250,2.58,3.72
13251,2.58,3.72
13252,2.58,3.72
13253,2.58,3.73
13254,2.58,3.73
13256,2.58,3.73
13257,2.58,3.74
13258,2.58,3.74
13259,2.58,3.75
13260,2.58,3.75
13261,2.58,3.76
13262,2.59,3.76
13264,2.59,3.77
13265,2.59,3.78
13266,2.59,3.79
13267,2.59,3.81
13268,2.59,3.83
13270,2.60,3.86
13271,2.60,3.88
13273,2.60,3.90
13274,2.60,3.92
13275,2.61,3.95
13276,2.61,3.98
13277,2.61,4.00
13278,2.62,4.03
13279,2.63,4.06
13281,2.63,4.09
13282,2.64,4.11
13283,2.65,4.14
13284,2.66,4.16
13285,2.67,4.19
13286,2.68,4.22
13288,2.69,4.24
13289,2.70,4.27
13290,2.71,4.30
13291,2.71,4.32
13292,2.72,4.34
13293,2.73,4.36
13294,2.74,4.38
13296,2.75,4.41
13297,2.75,4.43
13298,2.76,4.44
13299,2.77,4.46
13300,2.78,4.49
13301,2.78,4.50
13302,2.79,4.52
13304,2.79,4.53
13305,2.80,4.55
13306,2.80,4.56
13307,2.80,4.57
13308,2.80,4.58
13309,2.81,4.60
13310,2.81,4.61
13313,2.81,4.62
13314,2.81,4.63
13315,2.81,4.64
13316,2.81,4.65
13317,2.80,4.66
13318,2.80,4.67
13320,2.80,4.68
13321,2.80,4.69
13322,2.80,4.70
13323,2.79,4.70
13324,2.79,4.71
13325,2.79,4.72
13326,2.78,4.72
13328,2.78,4.73
13329,2.78,4.74
13330,2.77,4.74
13331,2.77,4.75
13332,2.76,4.75
13333,2.76,4.76
13334,2.75,4.76
13336,2.75,4.77
13337,2.74,4.77
13338,2.74,4.77
13339,2.74,4.78
13340,2.73,4.78
13341,2.73,4.79
13343,2.72,4.79
13344,2.72,4.79
13345,2.71,4.79
13346,2.71,4.80
13347,2.70,4.80
13348,2.70,4.80
13349,2.70,4.81
13351,2.69,4.81
13352,2.69,4.81
13353,2.68,4.82
13355,2.68,4.82
13356,2.68,4.82
13357,2.67,4.82
13358,2.67,4.82
13360,2.66,4.83
13361,2.66,4.83
13362,2.66,4.83
13363,2.65,4.83
13364,2.65,4.83
13365,2.65,4.84
13366,2.65,4.84
13368,2.64,4.84
13369,2.64,4.84
13370,2.64,4.84
13371,2.63,4.84
13372,2.63,4.84
13373,2.63,4.85
13375,2.63,4.85
13376,2.63,4.85
13377,2.62,4.85
13378,2.62,4.85
13379,2.62,4.85
13380,2.62,4.85
13381,2.62,4.85
13383,2.61,4.85
13384,2.61,4.86
13385,2.61,4.86
13386,2.61,4.86
13387,2.61,4.86
13388,2.61,4.86
13389,2.61,4.86
13391,2.61,4.86
13392,2.61,4.86
13393,2.60,4.86
13394,2.60,4.86
13395,2.60,4.86
13396,2.60,4.86
13399,2.60,4.86
13400,2.60,4.87
13401,2.60,4.87
13402,2.60,4.87
13403,2.60,4.87
13404,2.60,4.87
13405,2.59,4.87
13407,2.59,4.87
13408,2.59,4.87
13409,2.59,4.87
13410,2.59,4.87
13411,2.59,4.87
13412,2.59,4.87
13413,2.59,4.87
13415,2.59,4.87
13416,2.59,4.87
13417,2.59,4.87
13418,2.59,4.87
13419,2.59,4.87
13420,2.59,4.87
13421,2.59,4.87
13423,2.59,4.87
13424,2.58,4.87
13425,2.58,4.88
13426,2.58,4.87
13427,2.58,4.87
13428,2.58,4.87
13430,2.58,4.88
13431,2.58,4.88
13432,2.58,4.87
13433,2.58,4.87
13434,2.58,4.88
13435,2.58,4.88
13436,2.58,4.88
13438,2.58,4.87
13440,2.58,4.88
13441,2.58,4.88
13442,2.58,4.88
13443,2.58,4.88
13444,2.58,4.87
13445,2.58,4.88
13447,2.58,4.88
13448,2.58,4.88
13449,2.58,4.88
13450,2.58,4.88
13451,2.58,4.88
13452,2.58,4.88
13453,2.58,4.88
13455,2.58,4.88
13456,2.58,4.88
13457,2.58,4.88
13458,2.58,4.88
13459,2.58,4.88
13460,2.58,4.88
13462,2.58,4.88
13463,2.58,4.88
13464,2.58,4.88
13465,2.58,4.88
13466,2.58,4.88
13467,2.58,4.88
13468,2.58,4.88
13470,2.58,4.88
13471,2.57,4.88
13472,2.57,4.88
13473,2.57,4.88
13474,2.57,4.88
13475,2.57,4.88
13476,2.57,4.88
13478,2.57,4.88
13479,2.57,4.88
13480,2.57,4.88
13481,2.57,4.88
13483,2.57,4.88
13484,2.57,4.88
13485,2.57,4.88
13487,2.57,4.88
13488,2.57,4.88
13489,2.57,4.88
13490,2.57,4.88
13491,2.57,4.88
13492,2.57,4.88
13494,2.57,4.88
13495,2.57,4.88
13496,2.57,4.88
13497,2.57,4.88
13498,2.57,4.88
13499,2.57,4.88
13500,2.57,4.88
13502,2.57,4.88
13503,2.57,4.88
13504,2.57,4.88
13505,2.57,4.88
13506,2.57,4.88
13507,2.57,4.88
13508,2.57,4.88
13510,2.57,4.88
13511,2.57,4.88
13512,2.57,4.88
13513,2.57,4.88
13514,2.57,4.88
13515,2.57,4.88
13516,2.57,4.88
13518,2.57,4.88
13519,2.57,4.88
13520,2.57,4.88
13521,2.57,4.88
13522,2.57,4.88
13523,2.57,4.88
13526,2.57,4.88
13527,2.57,4.88
13528,2.57,4.88
13529,2.57,4.88
13530,2.57,4.88
13531,2.57,4.88
13532,2.57,4.88
13534,2.57,4.88
13535,2.57,4.88
13536,2.57,4.88
13537,2.57,4.88
13538,2.57,4.88
13539,2.57,4.88
13540,2.57,4.88
13542,2.57,4.88
13543,2.57,4.88
13544,2.57,4.88
13545,2.57,4.88
13546,2.57,4.88
13547,2.57,4.88
13548,2.57,4.88
13550,2.57,4.88
13551,2.57,4.88
13552,2.57,4.88
13553,2.57,4.88
13554,2.57,4.88
13555,2.57,4.88
13557,2.57,4.88
13558,2.57,4.88
13559,2.57,4.88
13560,2.57,4.88
13561,2.57,4.88
13562,2.57,4.88
13563,2.57,4.88
13565,2.57,4.88
13566,2.57,4.88
13568,2.57,4.88
13569,2.57,4.88
13570,2.57,4.88
13571,2.57,4.88
13572,2.57,4.88
13574,2.57,4.88
13575,2.57,4.88
13576,2.57,4.88
13577,2.57,4.88
13578,2.57,4.88
13579,2.57,4.88
13580,2.57,4.88
13582,2.57,4.88
13583,2.57,4.88
13584,2.57,4.88
13585,2.57,4.88
13586,2.57,4.88
13587,2.57,4.88
13588,2.57,4.88
13590,2.57,4.88
13591,2.57,4.88
13592,2.57,4.88
13593,2.57,4.88
13594,2.57,4.88
13595,2.57,4.88
13597,2.57,4.88
13598,2.57,4.88
13599,2.57,4.88
13600,2.57,4.88
13601,2.57,4.88
13602,2.57,4.88
13603,2.57,4.88
13605,2.57,4.88
13606,2.57,4.88
13607,2.57,4.88
13608,2.57,4.88
13609,2.57,4.88
13611,2.57,4.88
13612,2.57,4.88
13614,2.57,4.88
13615,2.57,4.88
13616,2.57,4.88
13617,2.57,4.88
13618,2.57,4.88
13619,2.57,4.88
13620,2.57,4.88
13622,2.57,4.88
13623,2.57,4.88
13624,2.57,4.88
13625,2.57,4.88
13626,2.57,4.88
13627,2.57,4.88
13629,2.57,4.88
13630,2.57,4.88
13631,2.57,4.88
13632,2.57,4.88
13633,2.57,4.88
13634,2.57,4.88
13635,2.57,4.88
13637,2.57,4.88
13638,2.57,4.88
13639,2.57,4.88
13640,2.57,4.88
13641,2.57,4.88
13642,2.57,4.88
13643,2.57,4.88
13645,2.57,4.88
13646,2.57,4.88
13647,2.57,4.88
13648,2.57,4.88
13649,2.57,4.88
13650,2.57,4.88
13651,2.57,4.88
13654,2.57,4.88
13655,2.57,4.88
13656,2.57,4.88
13657,2.57,4.88
13658,2.57,4.88
13659,2.57,4.88
13661,2.57,4.88
13662,2.57,4.88
13663,2.57,4.88
13664,2.57,4.88
13665,2.57,4.88
13666,2.57,4.88
13667,2.57,4.88
13669,2.57,4.88
13670,2.57,4.88
13671,2.57,4.88
13672,2.57,4.88
13673,2.57,4.88
13674,2.57,4.88
13675,2.57,4.88
13677,2.57,4.88
13678,2.57,4.88
13679,2.57,4.88
13680,2.57,4.88
13681,2.57,4.88
13682,2.57,4.88
13683,2.57,4.88
13685,2.57,4.88
13686,2.57,4.88
13687,2.57,4.88
13688,2.57,4.88
13689,2.57,4.88
13690,2.57,4.88
13692,2.57,4.88
13693,2.57,4.88
13694,2.57,4.88
13696,2.57,4.88
13697,2.57,4.88
13698,2.57,4.88
13699,2.57,4.88
13701,2.57,4.88
13702,2.57,4.88
13703,2.57,4.88
13704,2.57,4.88
13705,2.57,4.88
13706,2.57,4.88
13707,2.57,4.88
13709,2.57,4.88
13710,2.57,4.88
13711,2.57,4.88
13712,2.57,4.88
13713,2.57,4.88
13714,2.57,4.88
13715,2.57,4.88
13717,2.57,4.88
13718,2.57,4.88
13719,2.57,4.88
13720,2.57,4.88
13721,2.57,4.88
13722,2.57,4.88
13723,2.57,4.88
13725,2.57,4.88
13726,2.57,4.88
13727,2.57,4.88
13728,2.57,4.88
13729,2.57,4.88
13730,2.57,4.88
13732,2.57,4.88
13733,2.57,4.88
13734,2.57,4.88
13735,2.57,4.88
13736,2.57,4.88
13737,2.57,4.88
13739,2.57,4.88
13741,2.57,4.88
13742,2.57,4.88
13743,2.57,4.88
13744,2.57,4.88
13745,2.57,4.88
13746,2.57,4.88
13747,2.57,4.88
13749,2.57,4.88
13750,2.57,4.88
13751,2.57,4.88
13752,2.57,4.88
13753,2.57,4.88
13754,2.57,4.88
13755,2.57,4.88
13757,2.57,4.88
13758,2.57,4.88
13759,2.57,4.88
13760,2.57,4.88
13761,2.57,4.88
13762,2.57,4.88
13764,2.57,4.88
13765,2.57,4.88
13766,2.57,4.88
13767,2.57,4.88
13768,2.57,4.88
13769,2.57,4.88
13770,2.57,4.88
13772,2.57,4.88
13773,2.57,4.88
13774,2.57,4.88
13775,2.57,4.88
13776,2.57,4.88
13777,2.57,4.88
13778,2.57,4.88
13780,2.57,4.88
13782,2.57,4.88
13783,2.57,4.88
13784,2.57,4.88
13785,2.57,4.88
13786,2.57,4.88
13787,2.57,4.88
13789,2.57,4.88
13790,2.57,4.88
13791,2.57,4.88
13792,2.57,4.88
13793,2.57,4.88
13794,2.57,4.88
13796,2.57,4.88
13797,2.57,4.88
13798,2.57,4.88
13799,2.57,4.88
13800,2.57,4.88
13801,2.57,4.88
13802,2.57,4.88
13804,2.57,4.88
13805,2.57,4.88
13806,2.57,4.88
13807,2.57,4.88
13808,2.57,4.88
13809,2.57,4.88
13810,2.57,4.88
13812,2.57,4.88
13813,2.57,4.88
13814,2.57,4.88
13815,2.57,4.88
13816,2.57,4.88
13817,2.57,4.88
13818,2.57,4.88
13820,2.57,4.88
13821,2.57,4.88
13822,2.57,4.88
13824,2.57,4.88
13825,2.57,4.88
13826,2.57,4.88
13828,2.57,4.88
13829,2.57,4.88
13830,2.57,4.88
13831,2.57,4.88
13832,2.57,4.88
13833,2.57,4.88
13834,2.57,4.88
13836,2.57,4.88
13837,2.57,4.88
13838,2.57,4.88
13839,2.57,4.88
13840,2.57,4.88
13841,2.57,4.88
13842,2.57,4.88
13844,2.57,4.88
13845,2.57,4.88
13846,2.57,4.88
13847,2.57,4.88
13848,2.57,4.88
13849,2.57,4.88
13850,2.57,4.88
13852,2.57,4.88
13853,2.57,4.88
13854,2.57,4.88
13855,2.57,4.88
13856,2.57,4.88
13857,2.57,4.88
13859,2.57,4.88
13860,2.57,4.88
13861,2.57,4.88
13862,2.57,4.88
13863,2.57,4.88
13864,2.57,4.88
13865,2.57,4.88
13868,2.57,4.88
13869,2.57,4.88
13870,2.57,4.88
13871,2.57,4.88
13872,2.57,4.88
13873,2.57,4.88
13874,2.57,4.88
13876,2.57,4.88
13877,2.57,4.88
13878,2.57,4.88
13879,2.57,4.88
13880,2.57,4.88
13881,2.57,4.88
13882,2.57,4.88
13884,2.57,4.88
13885,2.57,4.88
13886,2.57,4.88
13887,2.57,4.88
13888,2.57,4.88
13889,2.57,4.88
13891,2.57,4.88
13892,2.57,4.88
13893,2.57,4.88
13894,2.57,4.88
13895,2.57,4.88
13896,2.57,4.88
13897,2.57,4.88
13899,2.57,4.88
13900,2.57,4.88
13901,2.57,4.88
13902,2.57,4.88
13903,2.57,4.88
13904,2.57,4.88
13905,2.57,4.88
13907,2.57,4.88
13908,2.57,4.89
13910,2.57,4.88
13911,2.57,4.88
13912,2.57,4.88
13913,2.57,4.88
13914,2.57,4.88
13916,2.57,4.88
13917,2.57,4.88
13918,2.57,4.88
13919,2.57,4.88
13920,2.57,4.88
13921,2.57,4.88
13923,2.57,4.88
13924,2.57,4.88
13925,2.57,4.88
13926,2.57,4.88
13927,2.57,4.88
13928,2.57,4.88
13929,2.57,4.88
13931,2.57,4.88
13932,2.57,4.88
13933,2.57,4.88
13934,2.57,4.88
13935,2.57,4.88
13936,2.57,4.88
13937,2.57,4.88
13939,2.57,4.88
13940,2.57,4.88
13941,2.57,4.88
13942,2.57,4.88
13943,2.57,4.88
13944,2.57,4.88
13945,2.57,4.88
13947,2.57,4.88
13948,2.57,4.88
13949,2.57,4.88
13950,2.57,4.88
13952,2.57,4.88
13953,2.57,4.88
13955,2.57,4.88
13956,2.57,4.88
13957,2.57,4.88
13958,2.57,4.88
13959,2.57,4.88
13960,2.57,4.88
13961,2.57,4.88
13963,2.57,4.88
13964,2.57,4.88
13965,2.57,4.88
13966,2.57,4.88
13967,2.57,4.88
13968,2.57,4.88
13969,2.57,4.88
13971,2.57,4.88
13972,2.57,4.88
13973,2.57,4.88
13974,2.57,4.88
13975,2.57,4.88
13976,2.57,4.88
13977,2.57,4.88
13979,2.57,4.88
13980,2.57,4.88
13981,2.57,4.88
13982,2.57,4.88
13983,2.57,4.88
13984,2.57,4.88
13986,2.57,4.88
13987,2.57,4.88
13988,2.57,4.88
13989,2.57,4.88
13990,2.57,4.88
13991,2.57,4.88
13992,2.57,4.88
13995,2.57,4.88
13996,2.57,4.88
13997,2.57,4.88
13998,2.57,4.88
13999,2.57,4.88
14000,2.57,4.88
14001,2.57,4.88
14003,2.57,4.88
14004,2.57,4.88
14005,2.57,4.88
14006,2.57,4.88
14007,2.57,4.88
14008,2.57,4.88
14010,2.57,4.88
14011,2.57,4.88
14012,2.57,4.88
14013,2.57,4.88
14014,2.57,4.88
14015,2.57,4.88
14016,2.57,4.88
14018,2.57,4.88
14019,2.57,4.88
14020,2.57,4.88
14021,2.57,4.88
14022,2.57,4.88
14023,2.57,4.88
14024,2.57,4.88
14026,2.57,4.88
14027,2.57,4.88
14028,2.57,4.88
14029,2.57,4.88
14030,2.57,4.88
14031,2.57,4.88
14032,2.57,4.88
14034,2.57,4.88
14035,2.57,4.88
14036,2.57,4.88
14038,2.57,4.88
14039,2.57,4.88
14040,2.57,4.88
14042,2.57,4.88
14043,2.57,4.88
14044,2.57,4.88
14045,2.57,4.88
14046,2.57,4.88
14047,2.57,4.88
14048,2.57,4.88
14050,2.57,4.88
14051,2.57,4.88
14052,2.57,4.88
14053,2.57,4.88
14054,2.57,4.88
14055,2.57,4.88
14056,2.56,4.88
14058,2.57,4.88
14059,2.56,4.88
14060,2.57,4.88
14061,2.57,4.88
14062,2.57,4.88
14063,2.57,4.88
14064,2.56,4.88
14066,2.57,4.88
14067,2.57,4.88
14068,2.57,4.88
14069,2.57,4.88
14070,2.57,4.88
14071,2.57,4.88
14073,2.57,4.88
14074,2.57,4.88
14075,2.56,4.88
14076,2.56,4.88
14077,2.56,4.88
14078,2.56,4.88
14080,2.56,4.88
14082,2.56,4.88
14083,2.56,4.88
14084,2.56,4.88
14085,2.56,4.88
14086,2.56,4.88
14087,2.56,4.88
14088,2.56,4.88
14090,2.56,4.88
14091,2.56,4.88
14092,2.56,4.88
14093,2.56,4.88
14094,2.56,4.88
14095,2.56,4.88
14096,2.56,4.88
14098,2.56,4.88
14099,2.56,4.88
14100,2.56,4.88
14101,2.56,4.88
14102,2.56,4.88
14103,2.56,4.88
14105,2.56,4.88
14106,2.56,4.88
14107,2.56,4.88
14108,2.56,4.88
14109,2.56,4.88
14110,2.56,4.88
14111,2.56,4.88
14113,2.56,4.88
14114,2.56,4.88
14115,2.56,4.88
14116,2.56,4.88
14117,2.56,4.88
14118,2.56,4.88
14119,2.56,4.88
14121,2.56,4.88
14123,2.56,4.88
14124,2.56,4.88
14125,2.56,4.88
14126,2.56,4.88
14127,2.56,4.88
14128,2.56,4.88
14130,2.56,4.88
14131,2.56,4.88
14132,2.56,4.88
14133,2.56,4.88
14134,2.56,4.88
14135,2.56,4.88
14137,2.56,4.88
14138,2.56,4.88
14139,2.56,4.88
14140,2.56,4.88
14141,2.56,4.88
14142,2.56,4.88
14143,2.56,4.88
14145,2.56,4.88
14146,2.56,4.88
14147,2.56,4.88
14148,2.56,4.88
14149,2.56,4.88
14150,2.56,4.88
14151,2.56,4.88
14153,2.56,4.88
14154,2.56,4.88
14155,2.56,4.88
14156,2.56,4.88
14157,2.56,4.88
14158,2.56,4.88
14159,2.56,4.88
14161,2.56,4.88
14162,2.56,4.88
14163,2.56,4.88
14164,2.56,4.88
14166,2.56,4.88
14167,2.56,4.88
14168,2.56,4.88
14170,2.56,4.88
14171,2.56,4.88
14172,2.56,4.88
14173,2.56,4.88
14174,2.56,4.88
14175,2.56,4.88
14177,2.56,4.88
14178,2.56,4.88
14179,2.56,4.88
14180,2.56,4.88
14181,2.56,4.88
14182,2.56,4.88
14183,2.56,4.88
14185,2.56,4.88
14186,2.56,4.88
14187,2.56,4.88
14188,2.56,4.88
14189,2.56,4.88
14190,2.56,4.88
14191,2.56,4.88
14193,2.56,4.88
14194,2.56,4.88
14195,2.56,4.88
14196,2.56,4.88
14197,2.56,4.88
14198,2.56,4.88
14199,2.56,4.88
14201,2.56,4.88
14202,2.56,4.88
14203,2.56,4.88
14204,2.56,4.88
14205,2.56,4.88
14206,2.56,4.88
14209,2.56,4.88
14210,2.56,4.88
14211,2.56,4.88
14212,2.56,4.88
14213,2.56,4.88
14214,2.56,4.88
14215,2.56,4.88
14217,2.56,4.88
14218,2.56,4.88
14219,2.56,4.88
14220,2.56,4.88
14221,2.56,4.88
14222,2.56,4.88
14223,2.56,4.88
14225,2.56,4.88
14226,2.56,4.88
14227,2.56,4.88
14228,2.56,4.88
14229,2.56,4.88
14230,2.56,4.88
14231,2.56,4.88
14233,2.56,4.88
14234,2.56,4.88
14235,2.56,4.88
14236,2.56,4.88
14237,2.56,4.88
14238,2.56,4.88
14240,2.56,4.88
14241,2.56,4.88
14242,2.56,4.88
14243,2.56,4.88
14244,2.56,4.88
14245,2.56,4.88
14246,2.56,4.88
14248,2.56,4.88
14249,2.56,4.88
14251,2.56,4.88
14252,2.56,4.88
14253,2.56,4.88
14254,2.56,4.88
14255,2.56,4.88
14257,2.56,4.88
14258,2.56,4.88
14259,2.56,4.88
14260,2.56,4.88
14261,2.56,4.88
14262,2.56,4.88
14263,2.56,4.88
14265,2.56,4.88
14266,2.56,4.88
14267,2.56,4.88
14268,2.56,4.88
14269,2.56,4.88
14270,2.56,4.88
14272,2.56,4.88
14273,2.56,4.88
14274,2.56,4.88
14275,2.56,4.88
14276,2.56,4.88
14277,2.56,4.88
14278,2.56,4.88
14280,2.56,4.88
14281,2.56,4.88
14282,2.56,4.88
14283,2.56,4.88
14284,2.56,4.88
14285,2.56,4.88
14286,2.56,4.88
14288,2.56,4.88
14289,2.56,4.88
14290,2.56,4.88
14291,2.56,4.88
14292,2.56,4.88
14294,2.56,4.88
14295,2.56,4.88
14297,2.56,4.88
14298,2.56,4.88
14299,2.56,4.88
14300,2.56,4.88
14301,2.56,4.88
14302,2.56,4.88
14304,2.56,4.88
14305,2.56,4.88
14306,2.56,4.88
14307,2.56,4.88
14308,2.56,4.88
14309,2.56,4.88
14310,2.56,4.88
14312,2.56,4.88
14313,2.56,4.88
14314,2.56,4.88
14315,2.56,4.88
14316,2.56,4.88
14317,2.56,4.88
14318,2.56,4.88
14320,2.56,4.88
14321,2.56,4.88
14322,2.55,4.88
14323,2.56,4.88
14324,2.55,4.88
14325,2.55,4.88
14326,2.55,4.88
14328,2.55,4.88
14329,2.55,4.88
14330,2.55,4.88
14331,2.55,4.88
14332,2.55,4.88
14333,2.55,4.88
14336,2.55,4.88
14337,2.55,4.88
14338,2.55,4.88
14339,2.55,4.88
14340,2.55,4.88
14341,2.55,4.88
14342,2.55,4.88
14344,2.55,4.88
14345,2.55,4.88
14346,2.55,4.88
14347,2.55,4.88
14348,2.55,4.88
14349,2.55,4.88
14350,2.55,4.88
14352,2.55,4.88
14353,2.55,4.88
14354,2.55,4.88
14355,2.55,4.88
14356,2.55,4.88
14357,2.55,4.88
14358,2.55,4.88
14360,2.55,4.88
14361,2.55,4.88
14362,2.55,4.88
14363,2.55,4.87
14364,2.55,4.87
14365,2.55,4.86
14367,2.55,4.84
14368,2.55,4.82
14369,2.55,4.79
14370,2.55,4.76
14371,2.54,4.73
14372,2.54,4.69
14373,2.54,4.65
14375,2.53,4.61
14376,2.52,4.57
14377,2.52,4.54
14379,2.51,4.50
14380,2.50,4.46
14381,2.49,4.42
14382,2.48,4.38
14384,2.47,4.35
14385,2.45,4.31
14386,2.44,4.28
14387,2.43,4.24
14388,2.42,4.21
14389,2.41,4.18
14391,2.39,4.14
14392,2.39,4.12
14393,2.38,4.09
14394,2.36,4.06
14395,2.35,4.03
14396,2.34,4.01
14397,2.33,3.98
14399,2.32,3.95
14400,2.31,3.93
14401,2.30,3.91
14402,2.29,3.89
14403,2.29,3.87
14404,2.28,3.85
14405,2.27,3.83
14407,2.27,3.81
14408,2.26,3.79
14409,2.26,3.77
14410,2.25,3.76
14411,2.25,3.74
14412,2.25,3.73
14414,2.24,3.72
14415,2.25,3.70
14416,2.24,3.70
14417,2.24,3.68
14418,2.24,3.67
14419,2.25,3.67
14420,2.25,3.66
14423,2.25,3.65
14424,2.25,3.64
14425,2.26,3.64
14426,2.26,3.63
14427,2.27,3.63
14428,2.27,3.62
14429,2.28,3.62
14431,2.28,3.62
14432,2.29,3.61
14433,2.30,3.61
14434,2.30,3.61
14435,2.31,3.61
14436,2.32,3.61
14438,2.32,3.60
14439,2.33,3.60
14440,2.34,3.61
14441,2.35,3.61
14442,2.36,3.61
14443,2.36,3.61
14444,2.37,3.61
14446,2.38,3.61
14447,2.39,3.61
14448,2.39,3.61
14449,2.40,3.62
14450,2.41,3.62
14451,2.42,3.62
14453,2.42,3.62
14454,2.43,3.62
14455,2.44,3.62
14456,2.45,3.63
14457,2.45,3.63
14458,2.46,3.63
14459,2.47,3.63
14461,2.47,3.64
14462,2.48,3.64
14464,2.48,3.64
14465,2.49,3.64
14466,2.49,3.64
14467,2.50,3.65
14468,2.50,3.65
14470,2.51,3.65
14471,2.51,3.65
14472,2.51,3.65
14473,2.52,3.65
14474,2.52,3.65
14475,2.53,3.66
14477,2.53,3.66
14478,2.53,3.66
14479,2.53,3.66
14480,2.54,3.66
14481,2.54,3.66
14482,2.54,3.66
14483,2.54,3.66
14485,2.54,3.66
14486,2.55,3.66
14487,2.55,3.66
14488,2.55,3.66
14489,2.55,3.66
14490,2.55,3.66
14492,2.55,3.66
14493,2.55,3.66
14494,2.55,3.66
14495,2.55,3.66
14496,2.55,3.66
14497,2.55,3.66
14498,2.55,3.66
14500,2.55,3.66
14501,2.55,3.66
14502,2.55,3.66
14503,2.55,3.66
14504,2.55,3.66
14505,2.55,3.66
14507,2.55,3.66
14509,2.55,3.66
14510,2.55,3.66
14511,2.55,3.65
14512,2.55,3.65
14513,2.55,3.65
14514,2.55,3.65
14516,2.55,3.65
14517,2.55,3.65
14518,2.55,3.65
14519,2.55,3.65
14520,2.55,3.65
14521,2.55,3.65
14522,2.55,3.65
14524,2.55,3.65
14525,2.55,3.65
14526,2.55,3.65
14527,2.55,3.65
14528,2.55,3.64
14529,2.54,3.64
14531,2.54,3.64
14532,2.54,3.64
14533,2.54,3.64
14534,2.54,3.64
14535,2.54,3.64
14536,2.54,3.64
14537,2.54,3.64
14539,2.54,3.64
14540,2.54,3.64
14541,2.54,3.64
14542,2.54,3.64
14543,2.54,3.64
14544,2.54,3.64
14545,2.54,3.63
14547,2.54,3.63
14548,2.54,3.63
14550,2.54,3.63
14551,2.54,3.63
14552,2.54,3.63
14553,2.54,3.63
14555,2.54,3.63
14556,2.54,3.63
14557,2.54,3.63
14558,2.54,3.63
14559,2.54,3.63
14560,2.54,3.63
14561,2.54,3.63
14563,2.54,3.63
14564,2.54,3.63
14565,2.54,3.63
14566,2.54,3.63
14567,2.54,3.63
14568,2.54,3.63
14570,2.54,3.63
14571,2.54,3.63
14572,2.54,3.63
14573,2.54,3.63
14574,2.54,3.63
14575,2.54,3.63
14577,2.54,3.62
14578,2.54,3.63
14579,2.54,3.62
14580,2.54,3.62
14581,2.54,3.62
14582,2.54,3.62
14583,2.54,3.62
14585,2.54,3.62
14586,2.54,3.62
14587,2.54,3.62
14588,2.54,3.62
14589,2.54,3.62
14590,2.54,3.62
14592,2.54,3.62
14594,2.54,3.62
14595,2.54,3.62
14596,2.54,3.62
14597,2.54,3.62
14598,2.54,3.62
14599,2.54,3.62
14600,2.54,3.62
14602,2.54,3.62
14603,2.54,3.62
14604,2.54,3.62
14605,2.54,3.62
14606,2.54,3.62
14607,2.54,3.62
14609,2.54,3.62
14610,2.54,3.62
14611,2.54,3.62
14612,2.54,3.62
14613,2.54,3.62
14614,2.54,3.62
14615,2.54,3.62
14617,2.54,3.62
14618,2.54,3.62
14619,2.54,3.62
14620,2.54,3.62
14621,2.54,3.62
14622,2.54,3.62
14623,2.54,3.62
14625,2.54,3.62
14626,2.54,3.62
14627,2.54,3.62
14628,2.54,3.62
14629,2.54,3.62
14630,2.54,3.62
14632,2.54,3.62
14633,2.54,3.62
14635,2.54,3.62
14636,2.54,3.62
14637,2.54,3.62
14638,2.54,3.62
14640,2.54,3.62
14641,2.54,3.62
14642,2.54,3.62
14643,2.54,3.62
14644,2.54,3.62
14645,2.55,3.62
14646,2.54,3.62
14648,2.54,3.62
14649,2.55,3.62
14650,2.54,3.62
14651,2.54,3.62
14652,2.55,3.62
14653,2.54,3.61
14654,2.54,3.61
14656,2.55,3.61
14657,2.54,3.61
14658,2.54,3.61
14659,2.55,3.61
14660,2.54,3.61
14661,2.55,3.61
14663,2.54,3.61
14664,2.55,3.61
14665,2.54,3.62
14666,2.54,3.61
14667,2.54,3.61
14668,2.55,3.61
14669,2.54,3.61
14671,2.55,3.61
14672,2.54,3.61
14673,2.54,3.61
14674,2.54,3.61
14675,2.54,3.61
14676,2.54,3.61
14679,2.54,3.61
14680,2.54,3.61
14681,2.54,3.61
14682,2.54,3.61
14683,2.54,3.61
14684,2.54,3.61
14685,2.54,3.61
14687,2.54,3.61
14688,2.54,3.61
14689,2.54,3.61
14690,2.54,3.61
14691,2.54,3.61
14692,2.54,3.61
14693,2.54,3.61
14695,2.54,3.61
14696,2.54,3.61
14697,2.54,3.61
14698,2.54,3.61
14699,2.54,3.61
14700,2.54,3.61
14702,2.54,3.61
14703,2.54,3.61
14704,2.54,3.61
14705,2.54,3.61
14706,2.54,3.61
14707,2.54,3.61
14708,2.54,3.61
14710,2.54,3.61
14711,2.54,3.61
14712,2.54,3.61
14713,2.54,3.61
14714,2.54,3.61
14715,2.54,3.61
14717,2.54,3.61
14718,2.55,3.61
14720,2.54,3.61
14721,2.54,3.61
14722,2.54,3.61
14723,2.55,3.61
14724,2.55,3.61
14726,2.54,3.61
14727,2.54,3.61
14728,2.54,3.61
14729,2.54,3.61
14730,2.55,3.61
14731,2.55,3.61
14733,2.55,3.61
14734,2.54,3.61
14735,2.55,3.61
14736,2.55,3.61
14737,2.55,3.61
14738,2.55,3.61
14739,2.55,3.61
14741,2.55,3.61
14742,2.55,3.61
14743,2.55,3.61
14744,2.55,3.61
14745,2.55,3.61
14746,2.55,3.61
14748,2.55,3.61
14749,2.55,3.61
14750,2.55,3.61
14751,2.55,3.61
14752,2.55,3.61
14753,2.55,3.61
14755,2.55,3.61
14756,2.55,3.61
14757,2.55,3.61
14758,2.55,3.61
14759,2.55,3.61
14760,2.55,3.61
14761,2.55,3.61
14764,2.55,3.61
14765,2.55,3.61
14766,2.55,3.61
14767,2.55,3.61
14768,2.55,3.61
14769,2.55,3.61
14771,2.55,3.61
14772,2.55,3.61
14773,2.55,3.61
14774,2.55,3.61
14775,2.55,3.61
14776,2.55,3.61
14777,2.55,3.61
14779,2.55,3.61
14780,2.55,3.61
14781,2.55,3.61
14782,2.55,3.61
14783,2.55,3.61
14784,2.55,3.61
14786,2.55,3.61
14787,2.55,3.61
14788,2.55,3.61
14789,2.55,3.61
14790,2.55,3.61
14791,2.55,3.61
14793,2.55,3.61
14794,2.56,3.61
14795,2.56,3.61
14796,2.56,3.61
14797,2.56,3.61
14798,2.56,3.61
14799,2.56,3.61
14801,2.56,3.61
14802,2.56,3.61
14803,2.56,3.61
14804,2.56,3.61
14806,2.56,3.61
14807,2.56,3.61
14809,2.56,3.61
14810,2.56,3.61
14811,2.56,3.61
14812,2.56,3.61
14813,2.56,3.62
14814,2.56,3.61
14815,2.56,3.61
14817,2.56,3.61
14818,2.56,3.62
14819,2.56,3.62
14820,2.56,3.62
14821,2.56,3.62
14822,2.56,3.62
14823,2.57,3.62
14825,2.57,3.62
14826,2.57,3.62
14827,2.57,3.62
14828,2.57,3.62
14829,2.57,3.62
14830,2.57,3.62
14832,2.57,3.62
14833,2.57,3.62
14834,2.57,3.62
14835,2.57,3.62
14836,2.57,3.62
14837,2.57,3.62
14839,2.57,3.62
14840,2.57,3.62
14841,2.57,3.62
14842,2.57,3.62
14843,2.57,3.62
14844,2.57,3.62
14845,2.57,3.62
14848,2.57,3.62
14849,2.57,3.62
14850,2.57,3.62
14851,2.57,3.62
14852,2.57,3.62
14853,2.57,3.62
14854,2.57,3.62
14856,2.57,3.63
14857,2.57,3.63
14858,2.57,3.63
14859,2.57,3.63
14860,2.57,3.63
14861,2.57,3.63
14863,2.57,3.63
14864,2.57,3.63
14865,2.57,3.63
14866,2.57,3.63
14867,2.57,3.63
14868,2.57,3.63
14869,2.57,3.63
14871,2.57,3.63
14872,2.57,3.63
14873,2.57,3.63
14874,2.57,3.63
14875,2.57,3.63
14876,2.57,3.63
14878,2.57,3.63
14879,2.57,3.63
14880,2.57,3.63
14881,2.57,3.63
14882,2.57,3.63
14883,2.57,3.63
14884,2.57,3.63
14886,2.57,3.63
14887,2.57,3.63
14888,2.57,3.63
14889,2.57,3.63
14891,2.58,3.63
14892,2.57,3.63
14894,2.57,3.63
14895,2.57,3.63
14896,2.57,3.63
14897,2.57,3.63
14898,2.57,3.63
14899,2.58,3.63
14900,2.57,3.63
14902,2.57,3.63
14903,2.58,3.63
14904,2.57,3.63
14905,2.57,3.63
14906,2.57,3.63
14907,2.57,3.63
14908,2.57,3.63
14910,2.58,3.63
14911,2.57,3.63
14912,2.58,3.63
14913,2.57,3.63
14914,2.58,3.63
14915,2.57,3.63
14917,2.58,3.63
14918,2.57,3.63
14919,2.57,3.63
14920,2.57,3.63
14921,2.58,3.63
14922,2.57,3.63
14923,2.57,3.63
14925,2.58,3.63
14926,2.57,3.63
14927,2.57,3.63
14928,2.58,3.63
14929,2.57,3.63
14930,2.58,3.63
14932,2.57,3.63
14934,2.57,3.63
14935,2.57,3.63
14936,2.58,3.63
14937,2.57,3.63
14938,2.58,3.63
14939,2.57,3.63
14941,2.58,3.63
14942,2.57,3.64
14943,2.58,3.64
14944,2.57,3.64
14945,2.58,3.63
14946,2.57,3.64
14948,2.58,3.64
14949,2.58,3.64
14950,2.58,3.64
14951,2.57,3.64
14952,2.58,3.64
14953,2.57,3.64
14954,2.58,3.64
14956,2.57,3.64
14957,2.58,3.64
14958,2.57,3.64
14959,2.57,3.64
14960,2.58,3.64
14961,2.58,3.64
14963,2.58,3.64
14964,2.58,3.64
14965,2.58,3.64
14966,2.58,3.64
14967,2.58,3.64
14968,2.58,3.64
14969,2.58,3.64
14971,2.58,3.64
14972,2.58,3.64
14973,2.58,3.64
14974,2.58,3.64
14976,2.58,3.64
14977,2.58,3.64
14979,2.58,3.64
14980,2.58,3.64
14981,2.58,3.64
14982,2.58,3.64
14983,2.58,3.64
14984,2.58,3.64
14985,2.58,3.64
14987,2.58,3.64
14988,2.58,3.64
14989,2.58,3.64
14990,2.58,3.64
14991,2.58,3.64
14992,2.58,3.64
14994,2.58,3.64
14995,2.58,3.64
14996,2.58,3.64
14997,2.58,3.64
14998,2.58,3.64
14999,2.58,3.64
15000,2.58,3.64
15002,2.58,3.64
15003,2.58,3.64
15004,2.58,3.64
15005,2.58,3.64
15006,2.58,3.64
15007,2.58,3.64
15009,2.58,3.64
15010,2.58,3.64
15011,2.58,3.64
15012,2.58,3.64
15013,2.58,3.64
15014,2.58,3.64
15015,2.58,3.64
15017,2.58,3.64
15019,2.58,3.64
15020,2.58,3.64
15021,2.58,3.64
15022,2.58,3.64
15023,2.58,3.64
15024,2.58,3.64
15026,2.58,3.64
15027,2.58,3.64
15028,2.58,3.64
15029,2.58,3.64
15030,2.58,3.64
15031,2.58,3.64
15033,2.58,3.64
15034,2.58,3.64
15035,2.58,3.64
15036,2.58,3.64
15037,2.58,3.64
15038,2.58,3.64
15039,2.58,3.64
15041,2.58,3.64
15042,2.58,3.64
15043,2.58,3.64
15044,2.58,3.65
15045,2.58,3.65
15046,2.58,3.65
15048,2.58,3.65
15049,2.58,3.65
15050,2.58,3.64
15051,2.58,3.65
15052,2.58,3.65
15053,2.58,3.65
15054,2.58,3.65
15056,2.58,3.65
15057,2.58,3.65
15058,2.58,3.65
15059,2.58,3.65
15060,2.58,3.65
15062,2.58,3.65
15064,2.58,3.65
15065,2.58,3.65
15066,2.58,3.65
15067,2.58,3.65
15068,2.58,3.65
15069,2.58,3.65
15071,2.58,3.65
15072,2.58,3.65
15073,2.58,3.65
15074,2.58,3.65
15075,2.58,3.65
15076,2.58,3.65
15077,2.58,3.65
15079,2.58,3.65
15080,2.58,3.65
15081,2.58,3.65
15082,2.58,3.65
15083,2.58,3.65
15084,2.58,3.65
15086,2.58,3.65
15087,2.58,3.65
15088,2.58,3.65
15089,2.57,3.65
15090,2.58,3.65
15091,2.58,3.65
15092,2.58,3.65
15094,2.58,3.65
15095,2.58,3.65
15096,2.58,3.65
15097,2.58,3.65
15098,2.58,3.65
15099,2.58,3.65
15101,2.58,3.65
15102,2.58,3.65
15104,2.58,3.65
15105,2.58,3.65
15106,2.58,3.65
15107,2.58,3.65
15108,2.58,3.65
15110,2.58,3.65
15111,2.58,3.65
15112,2.58,3.65
15113,2.58,3.65
15114,2.58,3.65
15115,2.58,3.65
15117,2.58,3.65
15118,2.58,3.65
15119,2.58,3.65
15120,2.58,3.65
15121,2.58,3.65
15122,2.58,3.65
15124,2.58,3.65
15125,2.58,3.65
15126,2.58,3.65
15127,2.58,3.65
15128,2.58,3.65
15129,2.58,3.65
15130,2.58,3.65
15132,2.58,3.65
15133,2.58,3.65
15134,2.58,3.65
15135,2.58,3.65
15136,2.58,3.65
15137,2.58,3.65
15139,2.58,3.65
15140,2.58,3.65
15141,2.58,3.65
15142,2.58,3.65
15143,2.58,3.65
15144,2.58,3.65
15145,2.58,3.65
15148,2.58,3.65
15149,2.58,3.65
15150,2.58,3.65
15151,2.58,3.65
15152,2.58,3.65
15153,2.58,3.65
15155,2.58,3.65
15156,2.58,3.65
15157,2.58,3.65
15158,2.58,3.65
15159,2.58,3.65
15160,2.58,3.65
15161,2.58,3.65
15163,2.58,3.65
15164,2.58,3.65
15165,2.58,3.65
15166,2.58,3.65
15167,2.58,3.65
15168,2.58,3.65
15170,2.58,3.65
15171,2.58,3.65
15172,2.58,3.65
15173,2.58,3.65
15174,2.58,3.65
15175,2.58,3.65
15177,2.58,3.65
15178,2.58,3.65
15179,2.58,3.65
15180,2.58,3.65
15181,2.58,3.65
15182,2.58,3.65
15183,2.58,3.65
15185,2.58,3.65
15186,2.58,3.65
15187,2.58,3.65
15188,2.58,3.65
15190,2.58,3.65
15191,2.58,3.65
15193,2.58,3.65
15194,2.58,3.65
15195,2.58,3.65
15196,2.58,3.65
15197,2.58,3.65
15198,2.58,3.65
15199,2.58,3.65
15201,2.58,3.65
15202,2.58,3.65
15203,2.58,3.65
15204,2.58,3.65
15205,2.58,3.65
15206,2.58,3.65
15208,2.58,3.66
15209,2.58,3.65
15210,2.58,3.66
15211,2.58,3.65
15212,2.58,3.65
15213,2.58,3.65
15214,2.58,3.66
15216,2.58,3.66
15217,2.58,3.65
15218,2.58,3.66
15219,2.58,3.65
15220,2.58,3.66
15221,2.58,3.65
15222,2.58,3.66
15224,2.58,3.65
15225,2.58,3.66
15226,2.58,3.66
15227,2.58,3.66
15228,2.58,3.66
15229,2.58,3.66
15232,2.58,3.66
15233,2.58,3.66
15234,2.58,3.66
15235,2.58,3.66
15236,2.58,3.66
15237,2.58,3.66
15239,2.58,3.66
15240,2.58,3.66
15241,2.58,3.66
15242,2.58,3.66
15243,2.58,3.66
15244,2.58,3.66
15245,2.58,3.66
15247,2.58,3.66
15248,2.58,3.66
15249,2.58,3.66
15250,2.58,3.66
15251,2.58,3.66
15252,2.58,3.66
15254,2.58,3.66
15255,2.58,3.66
15256,2.58,3.66
15257,2.58,3.66
15258,2.58,3.66
15259,2.58,3.66
15260,2.58,3.66
15262,2.58,3.66
15263,2.58,3.66
15264,2.58,3.66
15265,2.58,3.66
15266,2.58,3.66
15267,2.58,3.66
15269,2.58,3.66
15270,2.58,3.66
15271,2.58,3.66
15272,2.58,3.66
15273,2.58,3.66
15275,2.58,3.66
15276,2.58,3.66
15278,2.58,3.66
15279,2.58,3.66
15280,2.58,3.66
15281,2.58,3.66
15282,2.58,3.66
15283,2.58,3.66
15285,2.58,3.66
15286,2.58,3.66
15287,2.58,3.66
15288,2.58,3.66
15289,2.58,3.66
15290,2.58,3.66
15292,2.58,3.66
15293,2.58,3.66
15294,2.58,3.66
15295,2.58,3.66
15296,2.58,3.66
15297,2.58,3.66
15298,2.58,3.66
15300,2.58,3.66
15301,2.58,3.66
15302,2.58,3.66
15303,2.58,3.66
15304,2.58,3.66
15305,2.58,3.66
15307,2.58,3.66
15308,2.58,3.66
15309,2.58,3.66
15310,2.58,3.66
15311,2.58,3.66
15312,2.58,3.66
15313,2.58,3.66
15315,2.58,3.66
15316,2.58,3.66
15318,2.58,3.66
15319,2.58,3.66
15320,2.58,3.66
15321,2.58,3.66
15323,2.58,3.66
15324,2.58,3.66
15325,2.58,3.66
15326,2.58,3.66
15327,2.58,3.66
15328,2.58,3.66
15330,2.58,3.66
15331,2.58,3.66
15332,2.58,3.66
15333,2.58,3.66
15334,2.58,3.66
15335,2.58,3.66
15336,2.58,3.66
15338,2.58,3.66
15339,2.58,3.66
15340,2.58,3.66
15341,2.58,3.66
15342,2.58,3.66
15343,2.58,3.66
15345,2.58,3.66
15346,2.58,3.66
15347,2.58,3.66
15348,2.58,3.66
15349,2.58,3.66
15350,2.58,3.66
15351,2.58,3.66
15353,2.58,3.66
15354,2.58,3.66
15355,2.58,3.66
15356,2.58,3.66
15357,2.58,3.66
15358,2.58,3.66
15361,2.58,3.66
15362,2.58,3.66
15363,2.58,3.66
15364,2.58,3.66
15365,2.58,3.66
15366,2.58,3.66
15367,2.58,3.66
15369,2.58,3.66
15370,2.58,3.66
15371,2.58,3.66
15372,2.58,3.66
15373,2.58,3.66
15374,2.58,3.66
15375,2.58,3.66
15377,2.58,3.66
15378,2.58,3.66
15379,2.58,3.66
15380,2.58,3.66
15381,2.58,3.66
15382,2.58,3.66
15384,2.58,3.66
15385,2.58,3.66
15386,2.58,3.66
15387,2.58,3.66
15388,2.58,3.66
15389,2.58,3.66
15390,2.58,3.66
15392,2.58,3.66
15393,2.58,3.66
15394,2.58,3.66
15395,2.58,3.66
15396,2.58,3.66
15397,2.58,3.66
15398,2.58,3.66
15400,2.58,3.66
15401,2.58,3.66
15403,2.58,3.66
15404,2.58,3.66
15405,2.58,3.66
15406,2.58,3.66
15407,2.58,3.66
15409,2.58,3.66
15410,2.58,3.66
15411,2.58,3.66
15412,2.58,3.66
15413,2.58,3.66
15414,2.58,3.66
15416,2.58,3.66
15417,2.58,3.66
15418,2.58,3.66
15419,2.58,3.66
15420,2.58,3.66
15421,2.58,3.66
15422,2.58,3.66
15424,2.58,3.66
15425,2.58,3.66
15426,2.58,3.66
15427,2.58,3.66
15428,2.58,3.66
15429,2.58,3.66
15430,2.58,3.66
15432,2.58,3.66
15433,2.58,3.66
15434,2.58,3.66
15435,2.58,3.66
15436,2.58,3.66
15437,2.58,3.66
15439,2.58,3.66
15440,2.58,3.66
15441,2.58,3.66
15442,2.58,3.66
15443,2.58,3.66
15444,2.58,3.66
15446,2.58,3.66
15448,2.58,3.66
15449,2.58,3.66
15450,2.58,3.66
15451,2.58,3.66
15452,2.58,3.66
15453,2.58,3.66
15454,2.58,3.66
15456,2.58,3.66
15457,2.58,3.66
15458,2.58,3.66
15459,2.58,3.66
15460,2.58,3.67
15461,2.58,3.67
15462,2.58,3.66
15464,2.58,3.67
15465,2.58,3.66
15466,2.58,3.66
15467,2.58,3.66
15468,2.58,3.66
15469,2.58,3.66
15471,2.58,3.66
15472,2.58,3.67
15473,2.58,3.66
15474,2.58,3.66
15475,2.58,3.67
15476,2.58,3.66
15477,2.58,3.66
15479,2.58,3.67
15480,2.58,3.67
15481,2.58,3.67
15482,2.58,3.67
15483,2.58,3.67
15484,2.58,3.67
15486,2.58,3.67
15488,2.58,3.66
15489,2.58,3.67
15490,2.58,3.67
15491,2.58,3.66
15492,2.58,3.67
15493,2.58,3.67
15495,2.58,3.66
15496,2.58,3.67
15497,2.58,3.67
15498,2.58,3.66
15499,2.58,3.67
15500,2.58,3.67
15502,2.58,3.67
15503,2.58,3.67
15504,2.58,3.67
15505,2.58,3.67
15506,2.58,3.67
15507,2.58,3.67
